OFF
13036 39829 0
0.000 25.759 0.000
0.000 25.759 5.970
0.000 25.759 9.990
0.000 25.759 13.990
0.000 25.759 17.990
0.000 25.759 22.280
0.453 24.238 0.000
0.453 24.238 5.970
0.453 24.238 9.990
0.453 24.238 13.990
0.786 23.080 5.970
0.786 23.080 9.990
0.786 23.080 13.990
0.903 22.687 5.970
0.903 22.687 9.990
0.903 22.687 13.990
0.912 24.375 0.000
0.912 24.375 5.970
0.912 24.375 9.990
0.912 24.375 13.990
1.118 26.092 0.000
1.118 26.092 5.970
1.118 26.092 9.990
1.118 26.092 13.990
1.118 26.092 17.990
1.118 26.092 22.280
1.180 25.884 0.000
1.180 25.884 5.970
1.180 25.884 9.990
1.180 25.884 13.990
1.180 25.884 17.990
1.180 25.884 22.280
1.254 21.541 5.970
1.254 21.541 9.990
1.254 21.541 13.990
1.257 23.220 5.970
1.257 23.220 9.990
1.257 23.220 13.990
1.359 21.187 5.970
1.359 21.187 9.990
1.359 21.187 13.990
1.374 22.827 5.970
1.374 22.827 9.990
1.374 22.827 13.990
1.643 19.395 0.000
1.643 19.395 5.970
1.643 19.395 9.990
1.643 19.395 13.990
1.643 19.395 17.990
1.643 19.395 22.280
1.699 20.020 0.000
1.699 20.020 5.970
1.699 20.020 9.990
1.699 20.020 13.990
1.712 26.042 0.000
1.712 26.042 5.970
1.716 21.679 5.970
1.716 21.679 9.990
1.716 21.679 13.990
1.821 21.324 5.970
1.821 21.324 9.990
1.821 21.324 13.990
1.866 19.462 0.000
1.866 19.462 5.970
1.866 19.462 9.990
1.866 19.462 13.990
1.876 19.464 13.990
1.876 19.464 17.990
1.876 19.464 22.280
1.943 26.111 5.970
1.943 26.111 9.990
1.943 26.111 13.990
1.943 26.111 17.990
1.943 26.111 22.280
1.948 26.096 5.970
1.948 26.096 9.990
1.948 26.096 13.990
1.948 26.096 17.990
1.948 26.096 22.280
1.950 25.243 0.000
1.950 25.243 5.970
2.111 17.826 0.000
2.111 17.826 5.970
2.111 17.826 9.990
2.111 17.826 13.990
2.111 17.826 17.990
2.111 17.826 22.280
2.168 20.160 0.000
2.168 20.160 5.970
2.168 20.160 9.990
2.168 20.160 13.990
2.360 17.901 0.000
2.360 17.901 5.970
2.360 17.901 9.990
2.360 17.901 13.990
2.360 17.901 17.990
2.360 17.901 22.280
2.561 17.227 0.000
2.561 17.227 5.970
2.561 17.227 9.990
2.561 17.227 13.990
2.561 17.227 17.990
2.561 17.227 22.280
2.623 17.245 0.000
2.623 17.245 5.970
2.623 17.245 9.990
2.623 17.245 13.990
2.623 17.245 17.990
2.623 17.245 22.280
2.698 16.991 0.000
2.698 16.991 5.970
2.698 16.991 9.990
2.698 16.991 13.990
3.018 15.899 0.000
3.018 15.899 5.970
3.018 15.899 9.990
3.018 15.899 13.990
3.095 15.639 0.000
3.095 15.639 5.970
3.095 15.639 9.990
3.095 15.639 13.990
3.127 26.465 5.970
3.127 26.465 9.990
3.127 26.465 13.990
3.127 26.465 17.990
3.127 26.465 22.280
3.132 26.448 5.970
3.132 26.448 9.990
3.132 26.448 13.990
3.132 26.448 17.990
3.132 26.448 22.280
3.177 17.134 0.000
3.177 17.134 5.970
3.177 17.134 9.990
3.177 17.134 13.990
3.354 26.533 0.000
3.354 26.533 5.970
3.390 13.549 0.000
3.390 13.549 5.970
3.390 13.549 9.990
3.390 13.549 13.990
3.390 13.549 17.990
3.390 13.549 22.280
3.409 14.270 0.000
3.409 14.270 5.970
3.409 14.270 9.990
3.409 14.270 13.990
3.409 14.270 17.990
3.409 14.270 22.280
3.421 14.551 0.000
3.421 14.551 5.970
3.421 14.551 9.990
3.421 14.551 13.990
3.497 14.296 0.000
3.497 14.296 5.970
3.497 14.296 9.990
3.497 14.296 13.990
3.501 14.297 13.990
3.501 14.297 17.990
3.501 14.297 22.280
3.502 16.043 0.000
3.502 16.043 5.970
3.502 16.043 9.990
3.502 16.043 13.990
3.579 15.783 0.000
3.579 15.783 5.970
3.579 15.783 9.990
3.579 15.783 13.990
3.592 25.732 0.000
3.592 25.732 5.970
3.605 13.613 0.000
3.605 13.613 5.970
3.605 13.613 9.990
3.605 13.613 13.990
3.605 13.613 17.990
3.605 13.613 22.280
3.806 26.913 0.000
3.806 26.913 5.970
3.806 26.913 9.990
3.806 26.913 13.990
3.806 26.913 17.990
3.806 26.913 22.280
3.862 11.965 0.000
3.862 11.965 5.970
3.862 11.965 9.990
3.862 11.965 13.990
3.862 11.965 17.990
3.862 11.965 22.280
3.873 26.687 0.000
3.873 26.687 5.970
3.873 26.687 9.990
3.873 26.687 13.990
3.873 26.687 17.990
3.873 26.687 22.280
3.903 14.695 0.000
3.903 14.695 5.970
3.903 14.695 9.990
3.903 14.695 13.990
4.104 12.036 0.000
4.104 12.036 5.970
4.104 12.036 9.990
4.104 12.036 13.990
4.114 12.040 13.990
4.114 12.040 17.990
4.114 12.040 22.280
4.268 11.483 0.000
4.268 11.483 5.970
4.268 11.483 9.990
4.268 11.483 13.990
4.594 11.581 0.000
4.594 11.581 5.970
4.594 11.581 9.990
4.594 11.581 13.990
4.615 10.332 0.000
4.615 10.332 5.970
4.615 10.332 9.990
4.615 10.332 13.990
4.726 9.960 0.000
4.726 9.960 5.970
4.726 9.960 9.990
4.726 9.960 13.990
4.938 10.428 0.000
4.938 10.428 5.970
4.938 10.428 9.990
4.938 10.428 13.990
4.958 27.257 0.000
4.958 27.257 5.970
4.958 27.257 9.990
4.958 27.257 13.990
4.958 27.257 17.990
4.958 27.257 22.280
5.048 10.056 0.000
5.048 10.056 5.970
5.048 10.056 9.990
5.048 10.056 13.990
5.077 8.811 0.000
5.077 8.811 5.970
5.077 8.811 9.990
5.077 8.811 13.990
5.093 26.804 0.000
5.093 26.804 5.970
5.093 26.804 9.990
5.093 26.804 13.990
5.093 26.804 17.990
5.093 26.804 22.280
5.189 8.435 0.000
5.189 8.435 5.970
5.189 8.435 9.990
5.189 8.435 13.990
5.289 26.862 0.000
5.289 26.862 5.970
5.289 26.862 9.990
5.289 26.862 13.990
5.289 26.862 17.990
5.289 26.862 22.280
5.293 26.847 0.000
5.293 26.847 5.970
5.293 26.847 9.990
5.293 26.847 13.990
5.293 26.847 17.990
5.293 26.847 22.280
5.392 8.905 0.000
5.392 8.905 5.970
5.392 8.905 9.990
5.392 8.905 13.990
5.441 24.287 26.280
5.441 24.287 30.280
5.441 24.287 34.280
5.441 24.287 38.780
5.442 24.153 26.280
5.442 24.153 30.280
5.442 24.153 34.280
5.442 24.153 38.780
5.453 24.420 26.280
5.453 24.420 30.280
5.453 24.420 34.280
5.453 24.420 38.780
5.454 24.020 26.280
5.454 24.020 30.280
5.454 24.020 34.280
5.454 24.020 38.780
5.476 24.552 26.280
5.476 24.552 30.280
5.476 24.552 34.280
5.476 24.552 38.780
5.478 23.888 26.280
5.478 23.888 30.280
5.478 23.888 34.280
5.478 23.888 38.780
5.503 8.529 0.000
5.503 8.529 5.970
5.503 8.529 9.990
5.503 8.529 13.990
5.510 24.681 26.280
5.510 24.681 30.280
5.510 24.681 34.280
5.510 24.681 38.780
5.514 23.759 26.280
5.514 23.759 30.280
5.514 23.759 34.280
5.514 23.759 38.780
5.531 7.285 0.000
5.531 7.285 5.970
5.531 7.285 9.990
5.531 7.285 13.990
5.556 24.807 26.280
5.556 24.807 30.280
5.556 24.807 34.280
5.556 24.807 38.780
5.560 23.634 26.280
5.560 23.634 30.280
5.560 23.634 34.280
5.560 23.634 38.780
5.613 24.928 26.280
5.613 24.928 30.280
5.613 24.928 34.280
5.613 24.928 38.780
5.680 25.044 26.280
5.680 25.044 30.280
5.680 25.044 34.280
5.680 25.044 38.780
5.757 25.153 26.280
5.757 25.153 30.280
5.757 25.153 34.280
5.757 25.153 38.780
5.844 25.255 26.280
5.844 25.255 30.280
5.844 25.255 34.280
5.844 25.255 38.780
5.846 7.379 0.000
5.846 7.379 5.970
5.846 7.379 9.990
5.846 7.379 13.990
5.939 25.349 26.280
5.939 25.349 30.280
5.939 25.349 34.280
5.939 25.349 38.780
5.991 5.740 0.000
5.991 5.740 5.970
5.991 5.740 9.990
5.991 5.740 13.990
5.991 5.740 17.990
5.991 5.740 22.280
6.042 25.434 26.280
6.042 25.434 30.280
6.042 25.434 34.280
6.042 25.434 38.780
6.152 25.510 26.280
6.152 25.510 30.280
6.152 25.510 34.280
6.152 25.510 38.780
6.269 25.576 26.280
6.269 25.576 30.280
6.269 25.576 34.280
6.269 25.576 38.780
6.293 5.830 0.000
6.293 5.830 5.970
6.293 5.830 9.990
6.293 5.830 13.990
6.293 5.830 17.990
6.293 5.830 22.280
6.374 27.186 0.000
6.374 27.186 5.970
6.374 27.186 9.990
6.374 27.186 13.990
6.374 27.186 17.990
6.374 27.186 22.280
6.379 27.170 0.000
6.379 27.170 5.970
6.379 27.170 9.990
6.379 27.170 13.990
6.379 27.170 17.990
6.379 27.170 22.280
6.391 25.631 26.280
6.391 25.631 30.280
6.391 25.631 34.280
6.391 25.631 38.780
6.517 25.675 26.280
6.517 25.675 30.280
6.517 25.675 34.280
6.517 25.675 38.780
6.562 24.436 22.280
6.562 24.436 26.280
6.617 4.745 0.000
6.617 4.745 5.970
6.617 4.745 9.990
6.617 4.745 13.990
6.617 4.745 17.990
6.617 4.745 22.280
6.748 27.297 0.000
6.748 27.297 5.970
6.748 27.297 9.990
6.748 27.297 13.990
6.748 27.297 17.990
6.748 27.297 22.280
6.753 27.280 0.000
6.753 27.280 5.970
6.753 27.280 9.990
6.753 27.280 13.990
6.753 27.280 17.990
6.753 27.280 22.280
6.953 4.845 0.000
6.953 4.845 5.970
6.953 4.845 9.990
6.953 4.845 13.990
6.953 4.845 17.990
6.953 4.845 22.280
7.076 4.316 0.000
7.076 4.316 5.970
7.076 4.316 9.990
7.076 4.316 13.990
7.076 4.316 17.990
7.076 4.316 22.280
7.088 4.341 0.000
7.088 4.341 5.970
7.088 4.341 9.990
7.088 4.341 13.990
7.088 4.341 17.990
7.088 4.341 22.280
7.094 4.321 0.000
7.094 4.321 5.970
7.094 4.321 9.990
7.094 4.321 13.990
7.094 4.321 17.990
7.094 4.321 22.280
7.101 4.345 0.000
7.101 4.345 5.970
7.101 4.345 9.990
7.101 4.345 13.990
7.101 4.345 17.990
7.101 4.345 22.280
7.156 4.049 0.000
7.156 4.049 5.970
7.156 4.049 9.990
7.156 4.049 13.990
7.435 3.166 5.970
7.435 3.166 9.990
7.435 3.166 13.990
7.513 2.904 5.970
7.513 2.904 9.990
7.513 2.904 13.990
7.706 1.144 0.000
7.706 1.144 5.970
7.706 1.144 9.990
7.706 1.144 13.990
7.706 1.144 17.990
7.706 1.144 22.280
7.747 4.225 0.000
7.747 4.225 5.970
7.747 4.225 9.990
7.747 4.225 13.990
7.748 2.024 0.000
7.748 2.024 5.970
7.748 2.024 9.990
7.748 2.024 13.990
7.832 1.742 0.000
7.832 1.742 5.970
7.832 1.742 9.990
7.832 1.742 13.990
7.842 1.745 13.990
7.842 1.745 17.990
7.842 1.745 22.280
7.852 27.628 0.000
7.852 27.628 5.970
7.852 27.628 9.990
7.852 27.628 13.990
7.852 27.628 17.990
7.852 27.628 22.280
7.857 27.609 0.000
7.857 27.609 5.970
7.857 27.609 9.990
7.857 27.609 13.990
7.857 27.609 17.990
7.857 27.609 22.280
7.879 1.756 0.000
7.879 1.756 5.970
7.879 1.756 9.990
7.879 1.756 13.990
7.879 1.756 17.990
7.879 1.756 22.280
7.895 28.135 0.000
7.895 28.135 5.970
7.895 28.135 9.990
7.895 28.135 13.990
7.895 28.135 17.990
7.960 27.916 17.990
7.960 27.916 22.280
8.011 3.338 5.970
8.011 3.338 9.990
8.011 3.338 13.990
8.030 27.681 0.000
8.030 27.681 5.970
8.030 27.681 9.990
8.030 27.681 13.990
8.030 27.681 17.990
8.030 27.681 22.280
8.033 1.241 0.000
8.033 1.241 5.970
8.033 1.241 9.990
8.033 1.241 13.990
8.033 1.241 17.990
8.033 1.241 22.280
8.047 0.000 0.000
8.047 0.000 5.970
8.047 0.000 9.990
8.047 0.000 13.990
8.047 0.000 17.990
8.047 0.000 22.280
8.090 3.076 5.970
8.090 3.076 9.990
8.090 3.076 13.990
8.350 2.203 0.000
8.350 2.203 5.970
8.350 2.203 9.990
8.350 2.203 13.990
8.748 25.620 22.280
8.748 25.620 26.280
8.749 25.591 22.280
8.749 25.591 26.280
8.749 25.650 22.280
8.749 25.650 26.280
8.753 25.562 22.280
8.753 25.562 26.280
8.753 25.679 22.280
8.753 25.679 26.280
8.759 25.533 22.280
8.759 25.533 26.280
8.760 25.708 22.280
8.760 25.708 26.280
8.768 25.505 22.280
8.768 25.505 26.280
8.769 25.735 22.280
8.769 25.735 26.280
8.779 25.478 22.280
8.779 25.478 26.280
8.780 25.762 22.280
8.780 25.762 26.280
8.793 25.452 22.280
8.793 25.452 26.280
8.794 25.788 22.280
8.794 25.788 26.280
8.809 25.428 22.280
8.809 25.428 26.280
8.810 25.813 22.280
8.810 25.813 26.280
8.827 25.404 22.280
8.827 25.404 26.280
8.828 25.836 22.280
8.828 25.836 26.280
8.847 25.383 22.280
8.847 25.383 26.280
8.848 25.857 22.280
8.848 25.857 26.280
8.868 25.363 22.280
8.868 25.363 26.280
8.870 25.877 22.280
8.870 25.877 26.280
8.892 25.346 22.280
8.892 25.346 26.280
8.894 25.895 22.280
8.894 25.895 26.280
8.917 25.330 22.280
8.917 25.330 26.280
8.919 25.910 22.280
8.919 25.910 26.280
8.943 25.317 22.280
8.943 25.317 26.280
8.945 25.923 22.280
8.945 25.923 26.280
8.970 25.306 22.280
8.970 25.306 26.280
8.998 25.297 22.280
8.998 25.297 26.280
9.027 25.291 22.280
9.027 25.291 26.280
9.050 28.479 0.000
9.050 28.479 5.970
9.050 28.479 9.990
9.050 28.479 13.990
9.050 28.479 17.990
9.056 25.288 22.280
9.056 25.288 26.280
9.086 25.287 22.280
9.086 25.287 26.280
9.115 25.289 22.280
9.115 25.289 26.280
9.115 28.260 17.990
9.115 28.260 22.280
9.184 28.028 0.000
9.184 28.028 5.970
9.184 28.028 9.990
9.184 28.028 13.990
9.184 28.028 17.990
9.184 28.028 22.280
9.375 28.085 0.000
9.375 28.085 5.970
9.375 28.085 9.990
9.375 28.085 13.990
9.375 28.085 17.990
9.375 28.085 22.280
9.377 26.054 22.280
9.377 26.054 26.280
9.381 28.064 0.000
9.381 28.064 5.970
9.381 28.064 9.990
9.381 28.064 13.990
9.381 28.064 17.990
9.381 28.064 22.280
9.405 26.059 22.280
9.405 26.059 26.280
9.434 26.062 22.280
9.434 26.062 26.280
9.462 26.063 22.280
9.462 26.063 26.280
9.491 26.061 22.280
9.491 26.061 26.280
9.520 26.057 22.280
9.520 26.057 26.280
9.547 26.050 22.280
9.547 26.050 26.280
9.575 26.040 22.280
9.575 26.040 26.280
9.601 26.029 22.280
9.601 26.029 26.280
9.614 25.443 22.280
9.614 25.443 26.280
9.626 26.015 22.280
9.626 26.015 26.280
9.639 25.458 22.280
9.639 25.458 26.280
9.650 25.999 22.280
9.650 25.999 26.280
9.662 25.475 22.280
9.662 25.475 26.280
9.672 25.981 22.280
9.672 25.981 26.280
9.683 25.494 22.280
9.683 25.494 26.280
9.693 25.961 22.280
9.693 25.961 26.280
9.703 25.515 22.280
9.703 25.515 26.280
9.712 25.939 22.280
9.712 25.939 26.280
9.721 25.537 22.280
9.721 25.537 26.280
9.729 25.916 22.280
9.729 25.916 26.280
9.737 25.561 22.280
9.737 25.561 26.280
9.744 25.891 22.280
9.744 25.891 26.280
9.751 25.587 22.280
9.751 25.587 26.280
9.757 25.865 22.280
9.757 25.865 26.280
9.762 25.613 22.280
9.762 25.613 26.280
9.767 25.839 22.280
9.767 25.839 26.280
9.771 25.640 22.280
9.771 25.640 26.280
9.775 25.811 22.280
9.775 25.811 26.280
9.778 25.668 22.280
9.778 25.668 26.280
9.781 25.783 22.280
9.781 25.783 26.280
9.783 25.697 22.280
9.783 25.697 26.280
9.784 25.725 22.280
9.784 25.725 26.280
9.784 25.754 22.280
9.784 25.754 26.280
10.464 28.409 0.000
10.464 28.409 5.970
10.464 28.409 9.990
10.464 28.409 13.990
10.464 28.409 17.990
10.464 28.409 22.280
10.470 28.389 0.000
10.470 28.389 5.970
10.470 28.389 9.990
10.470 28.389 13.990
10.470 28.389 17.990
10.470 28.389 22.280
10.837 28.520 0.000
10.837 28.520 5.970
10.837 28.520 9.990
10.837 28.520 13.990
10.837 28.520 17.990
10.837 28.520 22.280
10.842 28.504 0.000
10.842 28.504 5.970
10.842 28.504 9.990
10.842 28.504 13.990
10.842 28.504 17.990
10.842 28.504 22.280
11.181 4.819 26.280
11.181 4.819 30.280
11.181 4.819 34.280
11.181 4.819 38.780
11.239 4.703 26.280
11.239 4.703 30.280
11.239 4.703 34.280
11.239 4.703 38.780
11.307 4.592 26.280
11.307 4.592 30.280
11.307 4.592 34.280
11.307 4.592 38.780
11.385 4.487 26.280
11.385 4.487 30.280
11.385 4.487 34.280
11.385 4.487 38.780
11.471 4.389 26.280
11.471 4.389 30.280
11.471 4.389 34.280
11.471 4.389 38.780
11.565 4.298 26.280
11.565 4.298 30.280
11.565 4.298 34.280
11.565 4.298 38.780
11.666 4.217 26.280
11.666 4.217 30.280
11.666 4.217 34.280
11.666 4.217 38.780
11.774 4.144 26.280
11.774 4.144 30.280
11.774 4.144 34.280
11.774 4.144 38.780
11.888 4.080 26.280
11.888 4.080 30.280
11.888 4.080 34.280
11.888 4.080 38.780
11.941 28.850 0.000
11.941 28.850 5.970
11.941 28.850 9.990
11.941 28.850 13.990
11.941 28.850 17.990
11.941 28.850 22.280
11.946 28.833 0.000
11.946 28.833 5.970
11.946 28.833 9.990
11.946 28.833 13.990
11.946 28.833 17.990
11.946 28.833 22.280
12.000 29.362 0.000
12.000 29.362 5.970
12.000 29.362 9.990
12.000 29.362 13.990
12.000 29.362 17.990
12.007 4.027 26.280
12.007 4.027 30.280
12.007 4.027 34.280
12.007 4.027 38.780
12.066 29.140 17.990
12.066 29.140 22.280
12.070 1.370 0.000
12.070 1.370 5.970
12.117 1.213 0.000
12.117 1.213 5.970
12.130 3.984 26.280
12.130 3.984 30.280
12.130 3.984 34.280
12.130 3.984 38.780
12.135 28.908 0.000
12.135 28.908 5.970
12.135 28.908 9.990
12.135 28.908 13.990
12.135 28.908 17.990
12.135 28.908 22.280
12.257 3.951 26.280
12.257 3.951 30.280
12.257 3.951 34.280
12.257 3.951 38.780
12.385 3.930 26.280
12.385 3.930 30.280
12.385 3.930 34.280
12.385 3.930 38.780
12.515 3.919 26.280
12.515 3.919 30.280
12.515 3.919 34.280
12.515 3.919 38.780
12.548 4.397 22.280
12.548 4.397 26.280
12.646 3.920 26.280
12.646 3.920 30.280
12.646 3.920 34.280
12.646 3.920 38.780
12.776 3.932 26.280
12.776 3.932 30.280
12.776 3.932 34.280
12.776 3.932 38.780
12.904 1.618 0.000
12.904 1.618 5.970
12.904 3.955 26.280
12.904 3.955 30.280
12.904 3.955 34.280
12.904 3.955 38.780
12.951 1.461 0.000
12.951 1.461 5.970
13.030 3.989 26.280
13.030 3.989 30.280
13.030 3.989 34.280
13.030 3.989 38.780
13.110 1.680 0.000
13.110 1.680 5.970
13.138 29.700 0.000
13.138 29.700 5.970
13.138 29.700 9.990
13.138 29.700 13.990
13.138 29.700 17.990
13.157 1.522 0.000
13.157 1.522 5.970
13.204 29.479 17.990
13.204 29.479 22.280
13.273 29.246 0.000
13.273 29.246 5.970
13.273 29.246 9.990
13.273 29.246 13.990
13.273 29.246 17.990
13.273 29.246 22.280
13.465 29.303 0.000
13.465 29.303 5.970
13.465 29.303 9.990
13.465 29.303 13.990
13.465 29.303 17.990
13.465 29.303 22.280
13.471 29.284 0.000
13.471 29.284 5.970
13.471 29.284 9.990
13.471 29.284 13.990
13.471 29.284 17.990
13.471 29.284 22.280
13.944 1.928 0.000
13.944 1.928 5.970
13.991 1.771 0.000
13.991 1.771 5.970
14.552 29.629 0.000
14.552 29.629 5.970
14.552 29.629 9.990
14.552 29.629 13.990
14.552 29.629 17.990
14.552 29.629 22.280
14.555 2.449 5.970
14.555 2.449 9.990
14.555 2.449 13.990
14.558 29.608 0.000
14.558 29.608 5.970
14.558 29.608 9.990
14.558 29.608 13.990
14.558 29.608 17.990
14.558 29.608 22.280
14.648 2.138 0.000
14.648 2.138 5.970
14.695 1.980 0.000
14.695 1.980 5.970
14.695 1.980 9.990
14.695 1.980 13.990
14.926 29.740 0.000
14.926 29.740 5.970
14.926 29.740 9.990
14.926 29.740 13.990
14.926 29.740 17.990
14.926 29.740 22.280
14.932 29.719 0.000
14.932 29.719 5.970
14.932 29.719 9.990
14.932 29.719 13.990
14.932 29.719 17.990
14.932 29.719 22.280
15.386 2.697 5.970
15.386 2.697 9.990
15.386 2.697 13.990
15.479 2.386 0.000
15.479 2.386 5.970
15.526 2.229 0.000
15.526 2.229 5.970
15.526 2.229 9.990
15.526 2.229 13.990
15.629 2.259 13.990
15.629 2.259 17.990
15.629 2.259 22.280
15.629 2.260 0.000
15.629 2.260 5.970
15.629 2.260 9.990
15.629 2.260 13.990
15.692 2.049 0.000
15.692 2.049 5.970
15.692 2.049 9.990
15.692 2.049 13.990
15.692 2.049 17.990
15.692 2.049 22.280
16.030 30.070 0.000
16.030 30.070 5.970
16.030 30.070 9.990
16.030 30.070 13.990
16.030 30.070 17.990
16.030 30.070 22.280
16.036 30.048 0.000
16.036 30.048 5.970
16.036 30.048 9.990
16.036 30.048 13.990
16.036 30.048 17.990
16.036 30.048 22.280
16.089 30.575 0.000
16.089 30.575 5.970
16.089 30.575 9.990
16.089 30.575 13.990
16.089 30.575 17.990
16.154 30.357 17.990
16.154 30.357 22.280
16.222 30.127 0.000
16.222 30.127 5.970
16.222 30.127 9.990
16.222 30.127 13.990
16.222 30.127 17.990
16.222 30.127 22.280
16.775 2.608 13.990
16.775 2.608 17.990
16.775 2.608 22.280
16.776 2.606 0.000
16.776 2.606 5.970
16.776 2.606 9.990
16.776 2.606 13.990
16.840 2.391 0.000
16.840 2.391 5.970
16.840 2.391 9.990
16.840 2.391 13.990
16.840 2.391 17.990
16.840 2.391 22.280
16.900 3.133 0.000
16.900 3.133 5.970
16.900 3.133 9.990
16.900 3.133 13.990
16.925 28.059 22.280
16.925 28.059 26.280
16.927 28.029 22.280
16.927 28.029 26.280
16.927 28.088 22.280
16.927 28.088 26.280
16.930 28.000 22.280
16.930 28.000 26.280
16.931 28.117 22.280
16.931 28.117 26.280
16.937 27.972 22.280
16.937 27.972 26.280
16.937 28.146 22.280
16.937 28.146 26.280
16.946 27.944 22.280
16.946 27.944 26.280
16.946 28.174 22.280
16.946 28.174 26.280
16.957 27.917 22.280
16.957 27.917 26.280
16.958 28.201 22.280
16.958 28.201 26.280
16.971 27.891 22.280
16.971 27.891 26.280
16.972 28.227 22.280
16.972 28.227 26.280
16.986 27.866 22.280
16.986 27.866 26.280
16.988 28.251 22.280
16.988 28.251 26.280
17.004 27.843 22.280
17.004 27.843 26.280
17.006 28.274 22.280
17.006 28.274 26.280
17.024 27.821 22.280
17.024 27.821 26.280
17.026 28.296 22.280
17.026 28.296 26.280
17.034 2.683 0.000
17.034 2.683 5.970
17.034 2.683 9.990
17.034 2.683 13.990
17.046 27.801 22.280
17.046 27.801 26.280
17.048 28.315 22.280
17.048 28.315 26.280
17.070 27.784 22.280
17.070 27.784 26.280
17.071 28.333 22.280
17.071 28.333 26.280
17.094 27.768 22.280
17.094 27.768 26.280
17.096 28.348 22.280
17.096 28.348 26.280
17.121 27.755 22.280
17.121 27.755 26.280
17.123 28.361 22.280
17.123 28.361 26.280
17.148 27.744 22.280
17.148 27.744 26.280
17.176 27.736 22.280
17.176 27.736 26.280
17.205 27.730 22.280
17.205 27.730 26.280
17.223 30.913 0.000
17.223 30.913 5.970
17.223 30.913 9.990
17.223 30.913 13.990
17.223 30.913 17.990
17.234 27.726 22.280
17.234 27.726 26.280
17.263 27.725 22.280
17.263 27.725 26.280
17.287 30.695 17.990
17.287 30.695 22.280
17.293 27.727 22.280
17.293 27.727 26.280
17.355 30.470 0.000
17.355 30.470 5.970
17.355 30.470 9.990
17.355 30.470 13.990
17.355 30.470 17.990
17.355 30.470 22.280
17.554 30.529 0.000
17.554 30.529 5.970
17.554 30.529 9.990
17.554 30.529 13.990
17.554 30.529 17.990
17.554 30.529 22.280
17.555 28.492 22.280
17.555 28.492 26.280
17.559 30.510 0.000
17.559 30.510 5.970
17.559 30.510 9.990
17.559 30.510 13.990
17.559 30.510 17.990
17.559 30.510 22.280
17.583 28.498 22.280
17.583 28.498 26.280
17.611 28.501 22.280
17.611 28.501 26.280
17.640 28.501 22.280
17.640 28.501 26.280
17.669 28.499 22.280
17.669 28.499 26.280
17.697 28.495 22.280
17.697 28.495 26.280
17.725 28.488 22.280
17.725 28.488 26.280
17.752 28.479 22.280
17.752 28.479 26.280
17.779 28.467 22.280
17.779 28.467 26.280
17.792 27.881 22.280
17.792 27.881 26.280
17.804 28.453 22.280
17.804 28.453 26.280
17.816 27.896 22.280
17.816 27.896 26.280
17.828 28.437 22.280
17.828 28.437 26.280
17.839 27.913 22.280
17.839 27.913 26.280
17.850 28.419 22.280
17.850 28.419 26.280
17.861 27.932 22.280
17.861 27.932 26.280
17.871 28.399 22.280
17.871 28.399 26.280
17.881 27.953 22.280
17.881 27.953 26.280
17.890 28.377 22.280
17.890 28.377 26.280
17.899 27.976 22.280
17.899 27.976 26.280
17.907 28.354 22.280
17.907 28.354 26.280
17.915 28.000 22.280
17.915 28.000 26.280
17.922 28.329 22.280
17.922 28.329 26.280
17.928 28.025 22.280
17.928 28.025 26.280
17.934 28.304 22.280
17.934 28.304 26.280
17.940 28.051 22.280
17.940 28.051 26.280
17.945 28.277 22.280
17.945 28.277 26.280
17.949 28.078 22.280
17.949 28.078 26.280
17.953 28.249 22.280
17.953 28.249 26.280
17.956 28.106 22.280
17.956 28.106 26.280
17.958 28.221 22.280
17.958 28.221 26.280
17.960 28.135 22.280
17.960 28.135 26.280
17.962 28.164 22.280
17.962 28.164 26.280
17.962 28.192 22.280
17.962 28.192 26.280
17.986 3.456 0.000
17.986 3.456 5.970
17.986 3.456 9.990
17.986 3.456 13.990
18.121 3.004 0.000
18.121 3.004 5.970
18.121 3.004 9.990
18.121 3.004 13.990
18.226 3.541 0.000
18.226 3.541 5.970
18.226 3.541 9.990
18.226 3.541 13.990
18.365 3.077 0.000
18.365 3.077 5.970
18.365 3.077 9.990
18.365 3.077 13.990
18.642 30.850 0.000
18.642 30.850 5.970
18.642 30.850 9.990
18.642 30.850 13.990
18.642 30.850 17.990
18.642 30.850 22.280
18.647 30.834 0.000
18.647 30.834 5.970
18.647 30.834 9.990
18.647 30.834 13.990
18.647 30.834 17.990
18.647 30.834 22.280
19.015 30.961 0.000
19.015 30.961 5.970
19.015 30.961 9.990
19.015 30.961 13.990
19.015 30.961 17.990
19.015 30.961 22.280
19.019 30.947 0.000
19.019 30.947 5.970
19.019 30.947 9.990
19.019 30.947 13.990
19.019 30.947 17.990
19.019 30.947 22.280
19.335 3.872 0.000
19.335 3.872 5.970
19.335 3.872 9.990
19.335 3.872 13.990
19.472 3.411 0.000
19.472 3.411 5.970
19.472 3.411 9.990
19.472 3.411 13.990
19.721 3.485 0.000
19.721 3.485 5.970
19.721 3.485 9.990
19.721 3.485 13.990
19.721 3.485 17.990
19.721 3.485 22.280
19.786 3.268 0.000
19.786 3.268 5.970
19.786 3.268 9.990
19.786 3.268 13.990
19.786 3.268 17.990
19.786 3.268 22.280
20.117 31.292 0.000
20.117 31.292 5.970
20.117 31.292 9.990
20.117 31.292 13.990
20.117 31.292 17.990
20.117 31.292 22.280
20.122 31.275 0.000
20.122 31.275 5.970
20.122 31.275 9.990
20.122 31.275 13.990
20.122 31.275 17.990
20.122 31.275 22.280
20.179 31.800 0.000
20.179 31.800 5.970
20.179 31.800 9.990
20.179 31.800 13.990
20.179 31.800 17.990
20.245 31.576 17.990
20.245 31.576 22.280
20.313 31.350 0.000
20.313 31.350 5.970
20.313 31.350 9.990
20.313 31.350 13.990
20.313 31.350 17.990
20.313 31.350 22.280
20.790 17.342 0.000
20.790 17.342 4.000
20.790 17.342 5.970
20.790 17.342 8.020
20.790 17.342 9.990
20.790 17.342 13.990
20.790 17.342 17.990
20.790 17.342 22.280
20.867 3.827 13.990
20.867 3.827 17.990
20.867 3.827 22.280
20.867 3.829 0.000
20.867 3.829 5.970
20.867 3.829 9.990
20.867 3.829 13.990
20.932 3.610 0.000
20.932 3.610 5.970
20.932 3.610 9.990
20.932 3.610 13.990
20.932 3.610 17.990
20.932 3.610 22.280
20.943 4.350 0.000
20.943 4.350 5.970
20.943 4.350 9.990
20.943 4.350 13.990
21.079 3.892 0.000
21.079 3.892 5.970
21.079 3.892 9.990
21.079 3.892 13.990
21.318 32.140 0.000
21.318 32.140 5.970
21.318 32.140 9.990
21.318 32.140 13.990
21.318 32.140 17.990
21.385 31.916 17.990
21.385 31.916 22.280
21.453 31.687 0.000
21.453 31.687 5.970
21.453 31.687 9.990
21.453 31.687 13.990
21.453 31.687 17.990
21.453 31.687 22.280
21.643 31.744 0.000
21.643 31.744 5.970
21.643 31.744 9.990
21.643 31.744 13.990
21.643 31.744 17.990
21.643 31.744 22.280
21.647 31.728 0.000
21.647 31.728 5.970
21.647 31.728 9.990
21.647 31.728 13.990
21.647 31.728 17.990
21.647 31.728 22.280
22.096 4.694 0.000
22.096 4.694 5.970
22.096 4.694 9.990
22.096 4.694 13.990
22.233 4.234 0.000
22.233 4.234 5.970
22.233 4.234 9.990
22.233 4.234 13.990
22.534 25.524 38.780
22.534 25.524 42.780
22.534 25.524 45.540
22.538 25.654 38.780
22.538 25.654 42.780
22.538 25.654 45.540
22.541 25.394 38.780
22.541 25.394 42.780
22.541 25.394 45.540
22.554 25.783 38.780
22.554 25.783 42.780
22.554 25.783 45.540
22.559 25.265 38.780
22.559 25.265 42.780
22.559 25.265 45.540
22.580 25.910 38.780
22.580 25.910 42.780
22.580 25.910 45.540
22.588 25.139 38.780
22.588 25.139 42.780
22.588 25.139 45.540
22.617 26.035 38.780
22.617 26.035 42.780
22.617 26.035 45.540
22.627 25.015 38.780
22.627 25.015 42.780
22.627 25.015 45.540
22.665 26.155 38.780
22.665 26.155 42.780
22.665 26.155 45.540
22.723 26.272 38.780
22.723 26.272 42.780
22.723 26.272 45.540
22.746 32.076 0.000
22.746 32.076 5.970
22.746 32.076 9.990
22.746 32.076 13.990
22.746 32.076 17.990
22.746 32.076 22.280
22.752 32.057 0.000
22.752 32.057 5.970
22.752 32.057 9.990
22.752 32.057 13.990
22.752 32.057 17.990
22.752 32.057 22.280
22.791 26.383 38.780
22.791 26.383 42.780
22.791 26.383 45.540
22.868 26.487 38.780
22.868 26.487 42.780
22.868 26.487 45.540
22.953 26.585 38.780
22.953 26.585 42.780
22.953 26.585 45.540
23.047 26.675 38.780
23.047 26.675 42.780
23.047 26.675 45.540
23.120 32.188 0.000
23.120 32.188 5.970
23.120 32.188 9.990
23.120 32.188 13.990
23.120 32.188 17.990
23.120 32.188 22.280
23.125 32.172 0.000
23.125 32.172 5.970
23.125 32.172 9.990
23.125 32.172 13.990
23.125 32.172 17.990
23.125 32.172 22.280
23.148 26.757 38.780
23.148 26.757 42.780
23.148 26.757 45.540
23.256 26.829 38.780
23.256 26.829 42.780
23.256 26.829 45.540
23.369 26.893 38.780
23.369 26.893 42.780
23.369 26.893 45.540
23.488 26.946 38.780
23.488 26.946 42.780
23.488 26.946 45.540
23.611 26.989 38.780
23.611 26.989 42.780
23.611 26.989 45.540
24.207 32.512 0.000
24.207 32.512 5.970
24.207 32.512 9.990
24.207 32.512 13.990
24.207 32.512 17.990
24.207 32.512 22.280
24.212 32.495 0.000
24.212 32.495 5.970
24.212 32.495 9.990
24.212 32.495 13.990
24.212 32.495 17.990
24.212 32.495 22.280
24.271 33.023 0.000
24.271 33.023 5.970
24.271 33.023 9.990
24.271 33.023 13.990
24.271 33.023 17.990
24.292 29.551 42.780
24.292 29.551 45.540
24.292 29.551 115.880
24.315 29.474 42.780
24.315 29.474 45.540
24.315 29.474 115.880
24.339 32.796 17.990
24.339 32.796 22.280
24.345 5.409 0.000
24.345 5.409 4.000
24.345 5.409 8.020
24.345 5.409 13.990
24.345 5.409 17.990
24.345 5.409 22.280
24.356 30.202 42.780
24.356 30.202 45.540
24.356 30.202 48.300
24.356 30.202 51.060
24.356 30.202 53.820
24.356 30.202 56.580
24.356 30.202 59.340
24.356 30.202 62.100
24.356 30.202 64.860
24.356 30.202 68.010
24.356 30.202 70.770
24.356 30.202 73.530
24.356 30.202 76.290
24.356 30.202 79.050
24.356 30.202 81.810
24.356 30.202 84.570
24.356 30.202 87.330
24.356 30.202 90.090
24.356 30.202 92.850
24.356 30.202 96.170
24.356 30.202 99.320
24.356 30.202 102.080
24.356 30.202 104.840
24.356 30.202 107.600
24.356 30.202 110.360
24.356 30.202 113.120
24.356 30.202 115.880
24.356 30.202 118.640
24.356 30.202 121.400
24.356 30.202 124.550
24.356 30.202 127.310
24.356 30.202 130.070
24.356 30.202 132.830
24.356 30.202 135.590
24.356 30.202 138.350
24.356 30.202 141.110
24.356 30.202 143.870
24.356 30.202 146.630
24.356 30.202 149.390
24.356 30.202 152.150
24.356 30.202 154.910
24.356 30.202 157.670
24.356 30.202 160.820
24.356 30.202 163.530
24.356 30.202 166.290
24.356 30.202 169.390
24.356 30.202 172.750
24.356 30.202 176.250
24.356 30.202 180.000
24.357 30.292 42.780
24.357 30.292 45.540
24.357 30.292 48.300
24.357 30.292 51.060
24.357 30.292 53.820
24.357 30.292 56.580
24.357 30.292 59.340
24.357 30.292 62.100
24.357 30.292 64.860
24.357 30.292 68.010
24.357 30.292 70.770
24.357 30.292 73.530
24.357 30.292 76.290
24.357 30.292 79.050
24.357 30.292 81.810
24.357 30.292 84.570
24.357 30.292 87.330
24.357 30.292 90.090
24.357 30.292 92.850
24.357 30.292 96.170
24.357 30.292 99.320
24.357 30.292 102.080
24.357 30.292 104.840
24.357 30.292 107.600
24.357 30.292 110.360
24.357 30.292 113.120
24.357 30.292 115.880
24.357 30.292 118.640
24.357 30.292 121.400
24.357 30.292 124.550
24.357 30.292 127.310
24.357 30.292 130.070
24.357 30.292 132.830
24.357 30.292 135.590
24.357 30.292 138.350
24.357 30.292 141.110
24.357 30.292 143.870
24.357 30.292 146.630
24.357 30.292 149.390
24.357 30.292 152.150
24.357 30.292 154.910
24.357 30.292 157.670
24.357 30.292 160.820
24.357 30.292 163.530
24.357 30.292 166.290
24.357 30.292 169.390
24.357 30.292 172.750
24.357 30.292 176.250
24.357 30.292 180.000
24.363 30.112 42.780
24.363 30.112 45.540
24.363 30.112 48.300
24.363 30.112 51.060
24.363 30.112 53.820
24.363 30.112 56.580
24.363 30.112 59.340
24.363 30.112 62.100
24.363 30.112 64.860
24.363 30.112 68.010
24.363 30.112 70.770
24.363 30.112 73.530
24.363 30.112 76.290
24.363 30.112 79.050
24.363 30.112 81.810
24.363 30.112 84.570
24.363 30.112 87.330
24.363 30.112 90.090
24.363 30.112 92.850
24.363 30.112 96.170
24.363 30.112 99.320
24.363 30.112 102.080
24.363 30.112 104.840
24.363 30.112 107.600
24.363 30.112 110.360
24.363 30.112 113.120
24.363 30.112 115.880
24.363 30.112 118.640
24.363 30.112 121.400
24.363 30.112 124.550
24.363 30.112 127.310
24.363 30.112 130.070
24.363 30.112 132.830
24.363 30.112 135.590
24.363 30.112 138.350
24.363 30.112 141.110
24.363 30.112 143.870
24.363 30.112 146.630
24.363 30.112 149.390
24.363 30.112 152.150
24.363 30.112 154.910
24.363 30.112 157.670
24.363 30.112 160.820
24.363 30.112 163.530
24.363 30.112 166.290
24.363 30.112 169.390
24.363 30.112 172.750
24.363 30.112 176.250
24.363 30.112 180.000
24.365 30.381 42.780
24.365 30.381 45.540
24.365 30.381 48.300
24.365 30.381 51.060
24.365 30.381 53.820
24.365 30.381 56.580
24.365 30.381 59.340
24.365 30.381 62.100
24.365 30.381 64.860
24.365 30.381 68.010
24.365 30.381 70.770
24.365 30.381 73.530
24.365 30.381 76.290
24.365 30.381 79.050
24.365 30.381 81.810
24.365 30.381 84.570
24.365 30.381 87.330
24.365 30.381 90.090
24.365 30.381 92.850
24.365 30.381 96.170
24.365 30.381 99.320
24.365 30.381 102.080
24.365 30.381 104.840
24.365 30.381 107.600
24.365 30.381 110.360
24.365 30.381 113.120
24.365 30.381 115.880
24.365 30.381 118.640
24.365 30.381 121.400
24.365 30.381 124.550
24.365 30.381 127.310
24.365 30.381 130.070
24.365 30.381 132.830
24.365 30.381 135.590
24.365 30.381 138.350
24.365 30.381 141.110
24.365 30.381 143.870
24.365 30.381 146.630
24.365 30.381 149.390
24.365 30.381 152.150
24.365 30.381 154.910
24.365 30.381 157.670
24.365 30.381 160.820
24.365 30.381 163.530
24.365 30.381 166.290
24.365 30.381 169.390
24.365 30.381 172.750
24.365 30.381 176.250
24.365 30.381 180.000
24.378 30.024 42.780
24.378 30.024 45.540
24.378 30.024 48.300
24.378 30.024 51.060
24.378 30.024 53.820
24.378 30.024 56.580
24.378 30.024 59.340
24.378 30.024 62.100
24.378 30.024 64.860
24.378 30.024 68.010
24.378 30.024 70.770
24.378 30.024 73.530
24.378 30.024 76.290
24.378 30.024 79.050
24.378 30.024 81.810
24.378 30.024 84.570
24.378 30.024 87.330
24.378 30.024 90.090
24.378 30.024 92.850
24.378 30.024 96.170
24.378 30.024 99.320
24.378 30.024 102.080
24.378 30.024 104.840
24.378 30.024 107.600
24.378 30.024 110.360
24.378 30.024 113.120
24.378 30.024 115.880
24.378 30.024 118.640
24.378 30.024 121.400
24.378 30.024 124.550
24.378 30.024 127.310
24.378 30.024 130.070
24.378 30.024 132.830
24.378 30.024 135.590
24.378 30.024 138.350
24.378 30.024 141.110
24.378 30.024 143.870
24.378 30.024 146.630
24.378 30.024 149.390
24.378 30.024 152.150
24.378 30.024 154.910
24.378 30.024 157.670
24.378 30.024 160.820
24.378 30.024 163.530
24.378 30.024 166.290
24.378 30.024 169.390
24.378 30.024 172.750
24.378 30.024 176.250
24.378 30.024 180.000
24.382 30.469 42.780
24.382 30.469 45.540
24.382 30.469 48.300
24.382 30.469 51.060
24.382 30.469 53.820
24.382 30.469 56.580
24.382 30.469 59.340
24.382 30.469 62.100
24.382 30.469 64.860
24.382 30.469 68.010
24.382 30.469 70.770
24.382 30.469 73.530
24.382 30.469 76.290
24.382 30.469 79.050
24.382 30.469 81.810
24.382 30.469 84.570
24.382 30.469 87.330
24.382 30.469 90.090
24.382 30.469 92.850
24.382 30.469 96.170
24.382 30.469 99.320
24.382 30.469 102.080
24.382 30.469 104.840
24.382 30.469 107.600
24.382 30.469 110.360
24.382 30.469 113.120
24.382 30.469 115.880
24.382 30.469 118.640
24.382 30.469 121.400
24.382 30.469 124.550
24.382 30.469 127.310
24.382 30.469 130.070
24.382 30.469 132.830
24.382 30.469 135.590
24.382 30.469 138.350
24.382 30.469 141.110
24.382 30.469 143.870
24.382 30.469 146.630
24.382 30.469 149.390
24.382 30.469 152.150
24.382 30.469 154.910
24.382 30.469 157.670
24.382 30.469 160.820
24.382 30.469 163.530
24.382 30.469 166.290
24.382 30.469 169.390
24.382 30.469 172.750
24.382 30.469 176.250
24.382 30.469 180.000
24.400 29.937 42.780
24.400 29.937 45.540
24.400 29.937 48.300
24.400 29.937 51.060
24.400 29.937 53.820
24.400 29.937 56.580
24.400 29.937 59.340
24.400 29.937 62.100
24.400 29.937 64.860
24.400 29.937 68.010
24.400 29.937 70.770
24.400 29.937 73.530
24.400 29.937 76.290
24.400 29.937 79.050
24.400 29.937 81.810
24.400 29.937 84.570
24.400 29.937 87.330
24.400 29.937 90.090
24.400 29.937 92.850
24.400 29.937 96.170
24.400 29.937 99.320
24.400 29.937 102.080
24.400 29.937 104.840
24.400 29.937 107.600
24.400 29.937 110.360
24.400 29.937 113.120
24.400 29.937 115.880
24.400 29.937 118.640
24.400 29.937 121.400
24.400 29.937 124.550
24.400 29.937 127.310
24.400 29.937 130.070
24.400 29.937 132.830
24.400 29.937 135.590
24.400 29.937 138.350
24.400 29.937 141.110
24.400 29.937 143.870
24.400 29.937 146.630
24.400 29.937 149.390
24.400 29.937 152.150
24.400 29.937 154.910
24.400 29.937 157.670
24.400 29.937 160.820
24.400 29.937 163.530
24.400 29.937 166.290
24.400 29.937 169.390
24.400 29.937 172.750
24.400 29.937 176.250
24.400 29.937 180.000
24.406 30.556 42.780
24.406 30.556 45.540
24.406 30.556 48.300
24.406 30.556 51.060
24.406 30.556 53.820
24.406 30.556 56.580
24.406 30.556 59.340
24.406 30.556 62.100
24.406 30.556 64.860
24.406 30.556 68.010
24.406 30.556 70.770
24.406 30.556 73.530
24.406 30.556 76.290
24.406 30.556 79.050
24.406 30.556 81.810
24.406 30.556 84.570
24.406 30.556 87.330
24.406 30.556 90.090
24.406 30.556 92.850
24.406 30.556 96.170
24.406 30.556 99.320
24.406 30.556 102.080
24.406 30.556 104.840
24.406 30.556 107.600
24.406 30.556 110.360
24.406 30.556 113.120
24.406 30.556 115.880
24.406 30.556 118.640
24.406 30.556 121.400
24.406 30.556 124.550
24.406 30.556 127.310
24.406 30.556 130.070
24.406 30.556 132.830
24.406 30.556 135.590
24.406 30.556 138.350
24.406 30.556 141.110
24.406 30.556 143.870
24.406 30.556 146.630
24.406 30.556 149.390
24.406 30.556 152.150
24.406 30.556 154.910
24.406 30.556 157.670
24.406 30.556 160.820
24.406 30.556 163.530
24.406 30.556 166.290
24.406 30.556 169.390
24.406 30.556 172.750
24.406 30.556 176.250
24.406 30.556 180.000
24.406 32.571 0.000
24.406 32.571 5.970
24.406 32.571 9.990
24.406 32.571 13.990
24.406 32.571 17.990
24.406 32.571 22.280
24.437 30.640 42.780
24.437 30.640 45.540
24.437 30.640 48.300
24.437 30.640 51.060
24.437 30.640 53.820
24.437 30.640 56.580
24.437 30.640 59.340
24.437 30.640 62.100
24.437 30.640 64.860
24.437 30.640 68.010
24.437 30.640 70.770
24.437 30.640 73.530
24.437 30.640 76.290
24.437 30.640 79.050
24.437 30.640 81.810
24.437 30.640 84.570
24.437 30.640 87.330
24.437 30.640 90.090
24.437 30.640 92.850
24.437 30.640 96.170
24.437 30.640 99.320
24.437 30.640 102.080
24.437 30.640 104.840
24.437 30.640 107.600
24.437 30.640 110.360
24.437 30.640 113.120
24.437 30.640 115.880
24.437 30.640 118.640
24.437 30.640 121.400
24.437 30.640 124.550
24.437 30.640 127.310
24.437 30.640 130.070
24.437 30.640 132.830
24.437 30.640 135.590
24.437 30.640 138.350
24.437 30.640 141.110
24.437 30.640 143.870
24.437 30.640 146.630
24.437 30.640 149.390
24.437 30.640 152.150
24.437 30.640 154.910
24.437 30.640 157.670
24.437 30.640 160.820
24.437 30.640 163.530
24.437 30.640 166.290
24.437 30.640 169.390
24.437 30.640 172.750
24.437 30.640 176.250
24.437 30.640 180.000
24.476 30.721 42.780
24.476 30.721 45.540
24.476 30.721 48.300
24.476 30.721 51.060
24.476 30.721 53.820
24.476 30.721 56.580
24.476 30.721 59.340
24.476 30.721 62.100
24.476 30.721 64.860
24.476 30.721 68.010
24.476 30.721 70.770
24.476 30.721 73.530
24.476 30.721 76.290
24.476 30.721 79.050
24.476 30.721 81.810
24.476 30.721 84.570
24.476 30.721 87.330
24.476 30.721 90.090
24.476 30.721 92.850
24.476 30.721 96.170
24.476 30.721 99.320
24.476 30.721 102.080
24.476 30.721 104.840
24.476 30.721 107.600
24.476 30.721 110.360
24.476 30.721 113.120
24.476 30.721 115.880
24.476 30.721 118.640
24.476 30.721 121.400
24.476 30.721 124.550
24.476 30.721 127.310
24.476 30.721 130.070
24.476 30.721 132.830
24.476 30.721 135.590
24.476 30.721 138.350
24.476 30.721 141.110
24.476 30.721 143.870
24.476 30.721 146.630
24.476 30.721 149.390
24.476 30.721 152.150
24.476 30.721 154.910
24.476 30.721 157.670
24.476 30.721 160.820
24.476 30.721 163.530
24.476 30.721 166.290
24.476 30.721 169.390
24.476 30.721 172.750
24.476 30.721 176.250
24.476 30.721 180.000
24.495 4.908 0.000
24.495 4.908 5.970
24.495 4.908 9.990
24.495 4.908 13.990
24.495 4.908 17.990
24.495 4.908 22.280
24.497 29.612 42.780
24.497 29.612 45.540
24.497 29.612 115.880
24.520 29.535 42.780
24.520 29.535 45.540
24.520 29.535 115.880
24.521 30.799 42.780
24.521 30.799 45.540
24.521 30.799 48.300
24.521 30.799 51.060
24.521 30.799 53.820
24.521 30.799 56.580
24.521 30.799 59.340
24.521 30.799 62.100
24.521 30.799 64.860
24.521 30.799 68.010
24.521 30.799 70.770
24.521 30.799 73.530
24.521 30.799 76.290
24.521 30.799 79.050
24.521 30.799 81.810
24.521 30.799 84.570
24.521 30.799 87.330
24.521 30.799 90.090
24.521 30.799 92.850
24.521 30.799 96.170
24.521 30.799 99.320
24.521 30.799 102.080
24.521 30.799 104.840
24.521 30.799 107.600
24.521 30.799 110.360
24.521 30.799 113.120
24.521 30.799 115.880
24.521 30.799 118.640
24.521 30.799 121.400
24.521 30.799 124.550
24.521 30.799 127.310
24.521 30.799 130.070
24.521 30.799 132.830
24.521 30.799 135.590
24.521 30.799 138.350
24.521 30.799 141.110
24.521 30.799 143.870
24.521 30.799 146.630
24.521 30.799 149.390
24.521 30.799 152.150
24.521 30.799 154.910
24.521 30.799 157.670
24.521 30.799 160.820
24.521 30.799 163.530
24.521 30.799 166.290
24.521 30.799 169.390
24.521 30.799 172.750
24.521 30.799 176.250
24.521 30.799 180.000
24.573 30.872 42.780
24.573 30.872 45.540
24.573 30.872 48.300
24.573 30.872 51.060
24.573 30.872 53.820
24.573 30.872 56.580
24.573 30.872 59.340
24.573 30.872 62.100
24.573 30.872 64.860
24.573 30.872 68.010
24.573 30.872 70.770
24.573 30.872 73.530
24.573 30.872 76.290
24.573 30.872 79.050
24.573 30.872 81.810
24.573 30.872 84.570
24.573 30.872 87.330
24.573 30.872 90.090
24.573 30.872 92.850
24.573 30.872 96.170
24.573 30.872 99.320
24.573 30.872 102.080
24.573 30.872 104.840
24.573 30.872 107.600
24.573 30.872 110.360
24.573 30.872 113.120
24.573 30.872 115.880
24.573 30.872 118.640
24.573 30.872 121.400
24.573 30.872 124.550
24.573 30.872 127.310
24.573 30.872 130.070
24.573 30.872 132.830
24.573 30.872 135.590
24.573 30.872 138.350
24.573 30.872 141.110
24.573 30.872 143.870
24.573 30.872 146.630
24.573 30.872 149.390
24.573 30.872 152.150
24.573 30.872 154.910
24.573 30.872 157.670
24.573 30.872 160.820
24.573 30.872 163.530
24.573 30.872 166.290
24.573 30.872 169.390
24.573 30.872 172.750
24.573 30.872 176.250
24.573 30.872 180.000
24.584 30.209 176.250
24.584 30.209 180.000
24.584 30.279 176.250
24.584 30.279 180.000
24.589 30.140 176.250
24.589 30.140 180.000
24.591 30.349 176.250
24.591 30.349 180.000
24.601 30.071 176.250
24.601 30.071 180.000
24.604 30.418 176.250
24.604 30.418 180.000
24.610 28.488 42.780
24.610 28.488 45.540
24.610 28.488 115.880
24.618 30.002 176.250
24.618 30.002 180.000
24.618 30.003 176.250
24.618 30.003 180.000
24.622 30.485 176.250
24.622 30.485 180.000
24.631 30.940 42.780
24.631 30.940 45.540
24.631 30.940 48.300
24.631 30.940 51.060
24.631 30.940 53.820
24.631 30.940 56.580
24.631 30.940 59.340
24.631 30.940 62.100
24.631 30.940 64.860
24.631 30.940 68.010
24.631 30.940 70.770
24.631 30.940 73.530
24.631 30.940 76.290
24.631 30.940 79.050
24.631 30.940 81.810
24.631 30.940 84.570
24.631 30.940 87.330
24.631 30.940 90.090
24.631 30.940 92.850
24.631 30.940 96.170
24.631 30.940 99.320
24.631 30.940 102.080
24.631 30.940 104.840
24.631 30.940 107.600
24.631 30.940 110.360
24.631 30.940 113.120
24.631 30.940 115.880
24.631 30.940 118.640
24.631 30.940 121.400
24.631 30.940 124.550
24.631 30.940 127.310
24.631 30.940 130.070
24.631 30.940 132.830
24.631 30.940 135.590
24.631 30.940 138.350
24.631 30.940 141.110
24.631 30.940 143.870
24.631 30.940 146.630
24.631 30.940 149.390
24.631 30.940 152.150
24.631 30.940 154.910
24.631 30.940 157.670
24.631 30.940 160.820
24.631 30.940 163.530
24.631 30.940 166.290
24.631 30.940 169.390
24.631 30.940 172.750
24.631 30.940 176.250
24.631 30.940 180.000
24.633 28.411 42.780
24.633 28.411 45.540
24.633 28.411 115.880
24.647 30.551 176.250
24.647 30.551 180.000
24.677 30.614 176.250
24.677 30.614 180.000
24.695 31.004 42.780
24.695 31.004 45.540
24.695 31.004 48.300
24.695 31.004 51.060
24.695 31.004 53.820
24.695 31.004 56.580
24.695 31.004 59.340
24.695 31.004 62.100
24.695 31.004 64.860
24.695 31.004 68.010
24.695 31.004 70.770
24.695 31.004 73.530
24.695 31.004 76.290
24.695 31.004 79.050
24.695 31.004 81.810
24.695 31.004 84.570
24.695 31.004 87.330
24.695 31.004 90.090
24.695 31.004 92.850
24.695 31.004 96.170
24.695 31.004 99.320
24.695 31.004 102.080
24.695 31.004 104.840
24.695 31.004 107.600
24.695 31.004 110.360
24.695 31.004 113.120
24.695 31.004 115.880
24.695 31.004 118.640
24.695 31.004 121.400
24.695 31.004 124.550
24.695 31.004 127.310
24.695 31.004 130.070
24.695 31.004 132.830
24.695 31.004 135.590
24.695 31.004 138.350
24.695 31.004 141.110
24.695 31.004 143.870
24.695 31.004 146.630
24.695 31.004 149.390
24.695 31.004 152.150
24.695 31.004 154.910
24.695 31.004 157.670
24.695 31.004 160.820
24.695 31.004 163.530
24.695 31.004 166.290
24.695 31.004 169.390
24.695 31.004 172.750
24.695 31.004 176.250
24.695 31.004 180.000
24.712 30.674 176.250
24.712 30.674 180.000
24.753 30.732 176.250
24.753 30.732 180.000
24.764 30.401 22.280
24.764 30.401 26.280
24.764 30.401 38.780
24.764 30.401 42.780
24.764 31.061 42.780
24.764 31.061 45.540
24.764 31.061 48.300
24.764 31.061 51.060
24.764 31.061 53.820
24.764 31.061 56.580
24.764 31.061 59.340
24.764 31.061 62.100
24.764 31.061 64.860
24.764 31.061 68.010
24.764 31.061 70.770
24.764 31.061 73.530
24.764 31.061 76.290
24.764 31.061 79.050
24.764 31.061 81.810
24.764 31.061 84.570
24.764 31.061 87.330
24.764 31.061 90.090
24.764 31.061 92.850
24.764 31.061 96.170
24.764 31.061 99.320
24.764 31.061 102.080
24.764 31.061 104.840
24.764 31.061 107.600
24.764 31.061 110.360
24.764 31.061 113.120
24.764 31.061 115.880
24.764 31.061 118.640
24.764 31.061 121.400
24.764 31.061 124.550
24.764 31.061 127.310
24.764 31.061 130.070
24.764 31.061 132.830
24.764 31.061 135.590
24.764 31.061 138.350
24.764 31.061 141.110
24.764 31.061 143.870
24.764 31.061 146.630
24.764 31.061 149.390
24.764 31.061 152.150
24.764 31.061 154.910
24.764 31.061 157.670
24.764 31.061 160.820
24.764 31.061 163.530
24.764 31.061 166.290
24.764 31.061 169.390
24.764 31.061 172.750
24.764 31.061 176.250
24.764 31.061 180.000
24.765 30.372 22.280
24.765 30.372 26.280
24.765 30.372 38.780
24.765 30.372 42.780
24.765 30.430 22.280
24.765 30.430 26.280
24.765 30.430 38.780
24.765 30.430 42.780
24.769 30.343 22.280
24.769 30.343 26.280
24.769 30.343 38.780
24.769 30.343 42.780
24.769 30.460 22.280
24.769 30.460 26.280
24.769 30.460 38.780
24.769 30.460 42.780
24.775 30.314 22.280
24.775 30.314 26.280
24.775 30.314 38.780
24.775 30.314 42.780
24.776 30.488 22.280
24.776 30.488 26.280
24.776 30.488 38.780
24.776 30.488 42.780
24.784 30.286 22.280
24.784 30.286 26.280
24.784 30.286 38.780
24.784 30.286 42.780
24.785 30.516 22.280
24.785 30.516 26.280
24.785 30.516 38.780
24.785 30.516 42.780
24.795 30.259 22.280
24.795 30.259 26.280
24.795 30.259 38.780
24.795 30.259 42.780
24.796 30.543 22.280
24.796 30.543 26.280
24.796 30.543 38.780
24.796 30.543 42.780
24.798 30.785 176.250
24.798 30.785 180.000
24.809 30.233 22.280
24.809 30.233 26.280
24.809 30.233 38.780
24.809 30.233 42.780
24.810 30.569 22.280
24.810 30.569 26.280
24.810 30.569 38.780
24.810 30.569 42.780
24.815 28.549 42.780
24.815 28.549 45.540
24.815 28.549 115.880
24.825 30.208 22.280
24.825 30.208 26.280
24.825 30.208 38.780
24.825 30.208 42.780
24.826 30.594 22.280
24.826 30.594 26.280
24.826 30.594 38.780
24.826 30.594 42.780
24.838 28.472 42.780
24.838 28.472 45.540
24.838 28.472 115.880
24.838 31.112 42.780
24.838 31.112 45.540
24.838 31.112 48.300
24.838 31.112 51.060
24.838 31.112 53.820
24.838 31.112 56.580
24.838 31.112 59.340
24.838 31.112 62.100
24.838 31.112 64.860
24.838 31.112 68.010
24.838 31.112 70.770
24.838 31.112 73.530
24.838 31.112 76.290
24.838 31.112 79.050
24.838 31.112 81.810
24.838 31.112 84.570
24.838 31.112 87.330
24.838 31.112 90.090
24.838 31.112 92.850
24.838 31.112 96.170
24.838 31.112 99.320
24.838 31.112 102.080
24.838 31.112 104.840
24.838 31.112 107.600
24.838 31.112 110.360
24.838 31.112 113.120
24.838 31.112 115.880
24.838 31.112 118.640
24.838 31.112 121.400
24.838 31.112 124.550
24.838 31.112 127.310
24.838 31.112 130.070
24.838 31.112 132.830
24.838 31.112 135.590
24.838 31.112 138.350
24.838 31.112 141.110
24.838 31.112 143.870
24.838 31.112 146.630
24.838 31.112 149.390
24.838 31.112 152.150
24.838 31.112 154.910
24.838 31.112 157.670
24.838 31.112 160.820
24.838 31.112 163.530
24.838 31.112 166.290
24.838 31.112 169.390
24.838 31.112 172.750
24.838 31.112 176.250
24.838 31.112 180.000
24.843 30.185 22.280
24.843 30.185 26.280
24.843 30.185 38.780
24.843 30.185 42.780
24.844 30.617 22.280
24.844 30.617 26.280
24.844 30.617 38.780
24.844 30.617 42.780
24.848 30.834 176.250
24.848 30.834 180.000
24.863 30.164 22.280
24.863 30.164 26.280
24.863 30.164 38.780
24.863 30.164 42.780
24.864 30.638 22.280
24.864 30.638 26.280
24.864 30.638 38.780
24.864 30.638 42.780
24.885 30.144 22.280
24.885 30.144 26.280
24.885 30.144 38.780
24.885 30.144 42.780
24.886 30.658 22.280
24.886 30.658 26.280
24.886 30.658 38.780
24.886 30.658 42.780
24.901 30.879 176.250
24.901 30.879 180.000
24.908 30.126 22.280
24.908 30.126 26.280
24.908 30.126 38.780
24.908 30.126 42.780
24.910 30.675 22.280
24.910 30.675 26.280
24.910 30.675 38.780
24.910 30.675 42.780
24.916 31.157 42.780
24.916 31.157 45.540
24.916 31.157 48.300
24.916 31.157 51.060
24.916 31.157 53.820
24.916 31.157 56.580
24.916 31.157 59.340
24.916 31.157 62.100
24.916 31.157 64.860
24.916 31.157 68.010
24.916 31.157 70.770
24.916 31.157 73.530
24.916 31.157 76.290
24.916 31.157 79.050
24.916 31.157 81.810
24.916 31.157 84.570
24.916 31.157 87.330
24.916 31.157 90.090
24.916 31.157 92.850
24.916 31.157 96.170
24.916 31.157 99.320
24.916 31.157 102.080
24.916 31.157 104.840
24.916 31.157 107.600
24.916 31.157 110.360
24.916 31.157 113.120
24.916 31.157 115.880
24.916 31.157 118.640
24.916 31.157 121.400
24.916 31.157 124.550
24.916 31.157 127.310
24.916 31.157 130.070
24.916 31.157 132.830
24.916 31.157 135.590
24.916 31.157 138.350
24.916 31.157 141.110
24.916 31.157 143.870
24.916 31.157 146.630
24.916 31.157 149.390
24.916 31.157 152.150
24.916 31.157 154.910
24.916 31.157 157.670
24.916 31.157 160.820
24.916 31.157 163.530
24.916 31.157 166.290
24.916 31.157 169.390
24.916 31.157 172.750
24.916 31.157 176.250
24.916 31.157 180.000
24.933 30.111 22.280
24.933 30.111 26.280
24.933 30.111 38.780
24.933 30.111 42.780
24.935 30.691 22.280
24.935 30.691 26.280
24.935 30.691 38.780
24.935 30.691 42.780
24.959 30.097 22.280
24.959 30.097 26.280
24.959 30.097 38.780
24.959 30.097 42.780
24.959 30.919 176.250
24.959 30.919 180.000
24.961 30.704 22.280
24.961 30.704 26.280
24.961 30.704 38.780
24.961 30.704 42.780
24.970 27.431 45.540
24.970 27.431 115.880
24.986 30.086 22.280
24.986 30.086 26.280
24.986 30.086 38.780
24.986 30.086 42.780
24.990 27.366 45.540
24.990 27.366 115.880
24.998 31.194 42.780
24.998 31.194 45.540
24.998 31.194 48.300
24.998 31.194 51.060
24.998 31.194 53.820
24.998 31.194 56.580
24.998 31.194 59.340
24.998 31.194 62.100
24.998 31.194 64.860
24.998 31.194 68.010
24.998 31.194 70.770
24.998 31.194 73.530
24.998 31.194 76.290
24.998 31.194 79.050
24.998 31.194 81.810
24.998 31.194 84.570
24.998 31.194 87.330
24.998 31.194 90.090
24.998 31.194 92.850
24.998 31.194 96.170
24.998 31.194 99.320
24.998 31.194 102.080
24.998 31.194 104.840
24.998 31.194 107.600
24.998 31.194 110.360
24.998 31.194 113.120
24.998 31.194 115.880
24.998 31.194 118.640
24.998 31.194 121.400
24.998 31.194 124.550
24.998 31.194 127.310
24.998 31.194 130.070
24.998 31.194 132.830
24.998 31.194 135.590
24.998 31.194 138.350
24.998 31.194 141.110
24.998 31.194 143.870
24.998 31.194 146.630
24.998 31.194 149.390
24.998 31.194 152.150
24.998 31.194 154.910
24.998 31.194 157.670
24.998 31.194 160.820
24.998 31.194 163.530
24.998 31.194 166.290
24.998 31.194 169.390
24.998 31.194 172.750
24.998 31.194 176.250
24.998 31.194 180.000
25.014 30.078 22.280
25.014 30.078 26.280
25.014 30.078 38.780
25.014 30.078 42.780
25.020 30.953 176.250
25.020 30.953 180.000
25.037 31.412 42.780
25.037 31.412 45.540
25.037 31.412 115.880
25.043 30.072 22.280
25.043 30.072 26.280
25.043 30.072 38.780
25.043 30.072 42.780
25.072 30.069 22.280
25.072 30.069 26.280
25.072 30.069 38.780
25.072 30.069 42.780
25.082 31.225 42.780
25.082 31.225 45.540
25.082 31.225 48.300
25.082 31.225 51.060
25.082 31.225 53.820
25.082 31.225 56.580
25.082 31.225 59.340
25.082 31.225 62.100
25.082 31.225 64.860
25.082 31.225 68.010
25.082 31.225 70.770
25.082 31.225 73.530
25.082 31.225 76.290
25.082 31.225 79.050
25.082 31.225 81.810
25.082 31.225 84.570
25.082 31.225 87.330
25.082 31.225 90.090
25.082 31.225 92.850
25.082 31.225 96.170
25.082 31.225 99.320
25.082 31.225 102.080
25.082 31.225 104.840
25.082 31.225 107.600
25.082 31.225 110.360
25.082 31.225 113.120
25.082 31.225 115.880
25.082 31.225 118.640
25.082 31.225 121.400
25.082 31.225 124.550
25.082 31.225 127.310
25.082 31.225 130.070
25.082 31.225 132.830
25.082 31.225 135.590
25.082 31.225 138.350
25.082 31.225 141.110
25.082 31.225 143.870
25.082 31.225 146.630
25.082 31.225 149.390
25.082 31.225 152.150
25.082 31.225 154.910
25.082 31.225 157.670
25.082 31.225 160.820
25.082 31.225 163.530
25.082 31.225 166.290
25.082 31.225 169.390
25.082 31.225 172.750
25.082 31.225 176.250
25.082 31.225 180.000
25.083 30.983 176.250
25.083 30.983 180.000
25.083 31.224 42.780
25.083 31.224 45.540
25.083 31.224 48.300
25.083 31.224 51.060
25.083 31.224 53.820
25.083 31.224 56.580
25.083 31.224 59.340
25.083 31.224 62.100
25.083 31.224 64.860
25.083 31.224 68.010
25.083 31.224 70.770
25.083 31.224 73.530
25.083 31.224 76.290
25.083 31.224 79.050
25.083 31.224 81.810
25.083 31.224 84.570
25.083 31.224 87.330
25.083 31.224 90.090
25.083 31.224 92.850
25.083 31.224 96.170
25.083 31.224 99.320
25.083 31.224 102.080
25.083 31.224 104.840
25.083 31.224 107.600
25.083 31.224 110.360
25.083 31.224 113.120
25.083 31.224 115.880
25.083 31.224 118.640
25.083 31.224 121.400
25.083 31.224 124.550
25.083 31.224 127.310
25.083 31.224 130.070
25.083 31.224 132.830
25.083 31.224 135.590
25.083 31.224 138.350
25.083 31.224 141.110
25.083 31.224 143.870
25.083 31.224 146.630
25.083 31.224 149.390
25.083 31.224 152.150
25.083 31.224 154.910
25.083 31.224 157.670
25.083 31.224 160.820
25.083 31.224 163.530
25.083 31.224 166.290
25.083 31.224 169.390
25.083 31.224 172.750
25.083 31.224 176.250
25.083 31.224 180.000
25.092 31.226 42.780
25.092 31.226 45.540
25.092 31.226 115.880
25.102 30.068 22.280
25.102 30.068 26.280
25.102 30.068 38.780
25.102 30.068 42.780
25.109 31.434 42.780
25.109 31.434 45.540
25.109 31.434 115.880
25.131 30.070 22.280
25.131 30.070 26.280
25.131 30.070 38.780
25.131 30.070 42.780
25.134 27.480 45.540
25.134 27.480 115.880
25.144 27.447 42.780
25.144 27.447 45.540
25.149 31.007 176.250
25.149 31.007 180.000
25.153 27.415 45.540
25.153 27.415 115.880
25.165 31.248 42.780
25.165 31.248 45.540
25.165 31.248 115.880
25.286 26.373 45.540
25.286 26.373 115.880
25.306 26.308 45.540
25.306 26.308 115.880
25.393 30.835 22.280
25.393 30.835 26.280
25.393 30.835 38.780
25.393 30.835 42.780
25.401 33.360 0.000
25.401 33.360 5.970
25.401 33.360 9.990
25.401 33.360 13.990
25.401 33.360 17.990
25.421 30.840 22.280
25.421 30.840 26.280
25.421 30.840 38.780
25.421 30.840 42.780
25.450 26.422 45.540
25.450 26.422 115.880
25.450 30.843 22.280
25.450 30.843 26.280
25.450 30.843 38.780
25.450 30.843 42.780
25.469 26.357 45.540
25.469 26.357 115.880
25.469 33.132 17.990
25.469 33.132 22.280
25.479 30.844 22.280
25.479 30.844 26.280
25.479 30.844 38.780
25.479 30.844 42.780
25.491 30.105 38.780
25.491 30.105 42.780
25.507 30.842 22.280
25.507 30.842 26.280
25.507 30.842 38.780
25.507 30.842 42.780
25.516 32.974 0.000
25.516 32.974 5.970
25.516 32.974 9.990
25.516 32.974 13.990
25.516 32.974 17.990
25.516 32.974 22.280
25.535 32.909 0.000
25.535 32.909 5.970
25.535 32.909 9.990
25.535 32.909 13.990
25.535 32.909 17.990
25.535 32.909 22.280
25.536 30.837 22.280
25.536 30.837 26.280
25.536 30.837 38.780
25.536 30.837 42.780
25.564 30.830 22.280
25.564 30.830 26.280
25.564 30.830 38.780
25.564 30.830 42.780
25.591 30.821 22.280
25.591 30.821 26.280
25.591 30.821 38.780
25.591 30.821 42.780
25.603 25.311 45.540
25.603 25.311 115.880
25.617 30.809 22.280
25.617 30.809 26.280
25.617 30.809 38.780
25.617 30.809 42.780
25.623 25.246 45.540
25.623 25.246 115.880
25.630 30.224 22.280
25.630 30.224 26.280
25.630 30.224 38.780
25.630 30.224 42.780
25.642 30.795 22.280
25.642 30.795 26.280
25.642 30.795 38.780
25.642 30.795 42.780
25.655 30.239 22.280
25.655 30.239 26.280
25.655 30.239 38.780
25.655 30.239 42.780
25.666 30.779 22.280
25.666 30.779 26.280
25.666 30.779 38.780
25.666 30.779 42.780
25.678 30.256 22.280
25.678 30.256 26.280
25.678 30.256 38.780
25.678 30.256 42.780
25.689 30.761 22.280
25.689 30.761 26.280
25.689 30.761 38.780
25.689 30.761 42.780
25.699 30.275 22.280
25.699 30.275 26.280
25.699 30.275 38.780
25.699 30.275 42.780
25.709 30.741 22.280
25.709 30.741 26.280
25.709 30.741 38.780
25.709 30.741 42.780
25.719 30.296 22.280
25.719 30.296 26.280
25.719 30.296 38.780
25.719 30.296 42.780
25.728 30.720 22.280
25.728 30.720 26.280
25.728 30.720 38.780
25.728 30.720 42.780
25.733 32.968 0.000
25.733 32.968 5.970
25.733 32.968 9.990
25.733 32.968 13.990
25.733 32.968 17.990
25.733 32.968 22.280
25.737 30.318 22.280
25.737 30.318 26.280
25.737 30.318 38.780
25.737 30.318 42.780
25.738 32.948 0.000
25.738 32.948 5.970
25.738 32.948 9.990
25.738 32.948 13.990
25.738 32.948 17.990
25.738 32.948 22.280
25.745 30.696 22.280
25.745 30.696 26.280
25.745 30.696 38.780
25.745 30.696 42.780
25.753 30.342 22.280
25.753 30.342 26.280
25.753 30.342 38.780
25.753 30.342 42.780
25.760 30.672 22.280
25.760 30.672 26.280
25.760 30.672 38.780
25.760 30.672 42.780
25.767 25.360 45.540
25.767 25.360 115.880
25.767 30.367 22.280
25.767 30.367 26.280
25.767 30.367 38.780
25.767 30.367 42.780
25.773 30.646 22.280
25.773 30.646 26.280
25.773 30.646 38.780
25.773 30.646 42.780
25.778 30.394 22.280
25.778 30.394 26.280
25.778 30.394 38.780
25.778 30.394 42.780
25.783 30.619 22.280
25.783 30.619 26.280
25.783 30.619 38.780
25.783 30.619 42.780
25.787 25.295 45.540
25.787 25.295 115.880
25.788 30.421 22.280
25.788 30.421 26.280
25.788 30.421 38.780
25.788 30.421 42.780
25.791 30.592 22.280
25.791 30.592 26.280
25.791 30.592 38.780
25.791 30.592 42.780
25.794 30.449 22.280
25.794 30.449 26.280
25.794 30.449 38.780
25.794 30.449 42.780
25.797 30.563 22.280
25.797 30.563 26.280
25.797 30.563 38.780
25.797 30.563 42.780
25.799 30.477 22.280
25.799 30.477 26.280
25.799 30.477 38.780
25.799 30.477 42.780
25.800 30.535 22.280
25.800 30.535 26.280
25.800 30.535 38.780
25.800 30.535 42.780
25.801 30.506 22.280
25.801 30.506 26.280
25.801 30.506 38.780
25.801 30.506 42.780
25.920 24.251 45.540
25.920 24.251 163.530
25.920 24.251 169.390
25.920 24.251 176.250
25.921 13.987 38.780
25.921 13.987 42.780
25.921 13.987 45.540
25.939 24.186 45.540
25.939 24.186 163.530
25.939 24.186 169.390
25.939 24.186 176.250
25.986 13.867 38.780
25.986 13.867 42.780
25.986 13.867 45.540
26.061 13.753 38.780
26.061 13.753 42.780
26.061 13.753 45.540
26.084 24.300 45.540
26.084 24.300 163.530
26.084 24.300 169.390
26.084 24.300 176.250
26.103 24.235 45.540
26.103 24.235 163.530
26.103 24.235 169.390
26.103 24.235 176.250
26.145 13.646 38.780
26.145 13.646 42.780
26.145 13.646 45.540
26.191 27.759 38.780
26.191 27.759 42.780
26.237 23.189 45.540
26.237 23.189 163.530
26.237 23.189 169.390
26.237 23.189 176.250
26.239 13.547 38.780
26.239 13.547 42.780
26.239 13.547 45.540
26.257 23.124 45.540
26.257 23.124 163.530
26.257 23.124 169.390
26.257 23.124 176.250
26.341 13.457 38.780
26.341 13.457 42.780
26.341 13.457 45.540
26.401 23.238 45.540
26.401 23.238 163.530
26.401 23.238 169.390
26.401 23.238 176.250
26.421 23.173 45.540
26.421 23.173 163.530
26.421 23.173 169.390
26.421 23.173 176.250
26.451 13.377 38.780
26.451 13.377 42.780
26.451 13.377 45.540
26.464 31.839 42.780
26.464 31.839 45.540
26.464 31.839 115.880
26.520 31.653 42.780
26.520 31.653 45.540
26.520 31.653 115.880
26.537 31.860 42.780
26.537 31.860 45.540
26.537 31.860 115.880
26.556 22.123 45.540
26.556 22.123 163.530
26.556 22.123 169.390
26.556 22.123 176.250
26.567 13.307 38.780
26.567 13.307 42.780
26.567 13.307 45.540
26.575 22.058 45.540
26.575 22.058 163.530
26.575 22.058 169.390
26.575 22.058 176.250
26.593 31.674 42.780
26.593 31.674 45.540
26.593 31.674 115.880
26.608 6.083 0.000
26.608 6.083 4.000
26.608 6.083 8.020
26.608 6.083 13.990
26.608 6.083 17.990
26.608 6.083 22.280
26.690 13.247 38.780
26.690 13.247 42.780
26.690 13.247 45.540
26.719 22.172 45.540
26.719 22.172 163.530
26.719 22.172 169.390
26.719 22.172 176.250
26.739 22.107 45.540
26.739 22.107 163.530
26.739 22.107 169.390
26.739 22.107 176.250
26.743 5.632 0.000
26.743 5.632 4.000
26.743 5.632 8.020
26.743 5.632 13.990
26.743 5.632 17.990
26.743 5.632 22.280
26.817 13.198 38.780
26.817 13.198 42.780
26.817 13.198 45.540
26.835 33.301 0.000
26.835 33.301 5.970
26.835 33.301 9.990
26.835 33.301 13.990
26.835 33.301 17.990
26.835 33.301 22.280
26.842 33.277 0.000
26.842 33.277 5.970
26.842 33.277 9.990
26.842 33.277 13.990
26.842 33.277 17.990
26.842 33.277 22.280
26.870 21.069 45.540
26.870 21.069 163.530
26.870 21.069 169.390
26.870 21.069 176.250
26.890 21.004 45.540
26.890 21.004 163.530
26.890 21.004 169.390
26.890 21.004 176.250
26.948 13.161 38.780
26.948 13.161 42.780
26.948 13.161 45.540
27.034 21.118 45.540
27.034 21.118 163.530
27.034 21.118 169.390
27.034 21.118 176.250
27.054 21.053 45.540
27.054 21.053 163.530
27.054 21.053 169.390
27.054 21.053 176.250
27.082 13.136 38.780
27.082 13.136 42.780
27.082 13.136 45.540
27.188 20.005 45.540
27.188 20.005 163.530
27.188 20.005 169.390
27.188 20.005 176.250
27.208 19.940 45.540
27.208 19.940 163.530
27.208 19.940 169.390
27.208 19.940 176.250
27.208 33.412 0.000
27.208 33.412 5.970
27.208 33.412 9.990
27.208 33.412 13.990
27.208 33.412 17.990
27.208 33.412 22.280
27.213 33.393 0.000
27.213 33.393 5.970
27.213 33.393 9.990
27.213 33.393 13.990
27.213 33.393 17.990
27.213 33.393 22.280
27.217 13.123 38.780
27.217 13.123 42.780
27.217 13.123 45.540
27.352 20.054 45.540
27.352 20.054 163.530
27.352 20.054 169.390
27.352 20.054 176.250
27.353 13.122 38.780
27.353 13.122 42.780
27.353 13.122 45.540
27.372 19.989 45.540
27.372 19.989 163.530
27.372 19.989 169.390
27.372 19.989 176.250
27.489 13.133 38.780
27.489 13.133 42.780
27.489 13.133 45.540
27.506 18.942 45.540
27.506 18.942 163.530
27.506 18.942 169.390
27.506 18.942 176.250
27.525 18.877 45.540
27.525 18.877 163.530
27.525 18.877 169.390
27.525 18.877 176.250
27.623 13.156 38.780
27.623 13.156 42.780
27.623 13.156 45.540
27.670 18.991 45.540
27.670 18.991 163.530
27.670 18.991 169.390
27.670 18.991 176.250
27.689 18.926 45.540
27.689 18.926 163.530
27.689 18.926 169.390
27.689 18.926 176.250
27.755 13.191 38.780
27.755 13.191 42.780
27.755 13.191 45.540
27.824 17.878 45.540
27.824 17.878 163.530
27.824 17.878 169.390
27.824 17.878 176.250
27.843 17.814 45.540
27.843 17.814 163.530
27.843 17.814 169.390
27.843 17.814 176.250
27.860 32.256 42.780
27.860 32.256 45.540
27.860 32.256 115.880
27.916 32.070 42.780
27.916 32.070 45.540
27.916 32.070 115.880
27.933 32.277 42.780
27.933 32.277 45.540
27.933 32.277 115.880
27.987 17.927 45.540
27.987 17.927 163.530
27.987 17.927 169.390
27.987 17.927 176.250
27.989 32.091 42.780
27.989 32.091 45.540
27.989 32.091 115.880
28.007 17.863 45.540
28.007 17.863 163.530
28.007 17.863 169.390
28.007 17.863 176.250
28.141 16.817 45.540
28.141 16.817 163.530
28.141 16.817 169.390
28.141 16.817 176.250
28.160 16.752 45.540
28.160 16.752 163.530
28.160 16.752 169.390
28.160 16.752 176.250
28.296 33.734 0.000
28.296 33.734 5.970
28.296 33.734 9.990
28.296 33.734 13.990
28.296 33.734 17.990
28.296 33.734 22.280
28.301 33.718 0.000
28.301 33.718 5.970
28.301 33.718 9.990
28.301 33.718 13.990
28.301 33.718 17.990
28.301 33.718 22.280
28.304 16.866 45.540
28.304 16.866 163.530
28.304 16.866 169.390
28.304 16.866 176.250
28.324 16.801 45.540
28.324 16.801 163.530
28.324 16.801 169.390
28.324 16.801 176.250
28.361 34.248 0.000
28.361 34.248 5.970
28.361 34.248 9.990
28.361 34.248 13.990
28.361 34.248 17.990
28.430 34.014 17.990
28.430 34.014 22.280
28.456 15.761 45.540
28.456 15.761 163.530
28.456 15.761 169.390
28.456 15.761 176.250
28.475 15.696 45.540
28.475 15.696 163.530
28.475 15.696 169.390
28.475 15.696 176.250
28.496 33.794 0.000
28.496 33.794 5.970
28.496 33.794 9.990
28.496 33.794 13.990
28.496 33.794 17.990
28.496 33.794 22.280
28.620 15.810 45.540
28.620 15.810 163.530
28.620 15.810 169.390
28.620 15.810 176.250
28.639 15.745 45.540
28.639 15.745 163.530
28.639 15.745 169.390
28.639 15.745 176.250
28.791 14.668 45.540
28.791 14.668 163.530
28.791 14.668 169.390
28.791 14.668 176.250
28.810 14.604 45.540
28.810 14.604 163.530
28.810 14.604 169.390
28.810 14.604 176.250
28.947 14.715 45.540
28.947 14.715 163.530
28.947 14.715 169.390
28.947 14.715 176.250
28.961 14.668 45.540
28.961 14.668 48.300
28.961 14.668 51.060
28.961 14.668 53.820
28.961 14.668 56.580
28.961 14.668 59.340
28.961 14.668 62.100
28.961 14.668 64.860
28.961 14.668 68.010
28.961 14.668 70.770
28.961 14.668 73.530
28.961 14.668 76.290
28.961 14.668 79.050
28.961 14.668 81.810
28.961 14.668 84.570
28.961 14.668 87.330
28.961 14.668 90.090
28.961 14.668 92.850
28.961 14.668 96.170
28.961 14.668 99.320
28.961 14.668 102.080
28.961 14.668 104.840
28.961 14.668 107.600
28.961 14.668 110.360
28.961 14.668 113.120
28.961 14.668 115.880
28.961 14.668 118.640
28.961 14.668 121.400
28.961 14.668 124.550
28.961 14.668 127.310
28.961 14.668 130.070
28.961 14.668 132.830
28.961 14.668 135.590
28.961 14.668 138.350
28.961 14.668 141.110
28.961 14.668 143.870
28.961 14.668 146.630
28.961 14.668 149.390
28.961 14.668 152.150
28.961 14.668 154.910
28.961 14.668 157.670
28.961 14.668 160.820
28.961 14.668 163.530
28.961 14.668 166.290
28.961 14.668 169.390
28.961 14.668 172.750
28.961 14.668 176.250
28.961 14.668 180.000
28.966 14.651 45.540
28.966 14.651 163.530
28.966 14.651 169.390
28.966 14.651 176.250
28.988 14.580 45.540
28.988 14.580 48.300
28.988 14.580 51.060
28.988 14.580 53.820
28.988 14.580 56.580
28.988 14.580 59.340
28.988 14.580 62.100
28.988 14.580 64.860
28.988 14.580 68.010
28.988 14.580 70.770
28.988 14.580 73.530
28.988 14.580 76.290
28.988 14.580 79.050
28.988 14.580 81.810
28.988 14.580 84.570
28.988 14.580 87.330
28.988 14.580 90.090
28.988 14.580 92.850
28.988 14.580 96.170
28.988 14.580 99.320
28.988 14.580 102.080
28.988 14.580 104.840
28.988 14.580 107.600
28.988 14.580 110.360
28.988 14.580 113.120
28.988 14.580 115.880
28.988 14.580 118.640
28.988 14.580 121.400
28.988 14.580 124.550
28.988 14.580 127.310
28.988 14.580 130.070
28.988 14.580 132.830
28.988 14.580 135.590
28.988 14.580 138.350
28.988 14.580 141.110
28.988 14.580 143.870
28.988 14.580 146.630
28.988 14.580 149.390
28.988 14.580 152.150
28.988 14.580 154.910
28.988 14.580 157.670
28.988 14.580 160.820
28.988 14.580 163.530
28.988 14.580 166.290
28.988 14.580 169.390
28.988 14.580 172.750
28.988 14.580 176.250
28.988 14.580 180.000
29.023 14.494 45.540
29.023 14.494 48.300
29.023 14.494 51.060
29.023 14.494 53.820
29.023 14.494 56.580
29.023 14.494 59.340
29.023 14.494 62.100
29.023 14.494 64.860
29.023 14.494 68.010
29.023 14.494 70.770
29.023 14.494 73.530
29.023 14.494 76.290
29.023 14.494 79.050
29.023 14.494 81.810
29.023 14.494 84.570
29.023 14.494 87.330
29.023 14.494 90.090
29.023 14.494 92.850
29.023 14.494 96.170
29.023 14.494 99.320
29.023 14.494 102.080
29.023 14.494 104.840
29.023 14.494 107.600
29.023 14.494 110.360
29.023 14.494 113.120
29.023 14.494 115.880
29.023 14.494 118.640
29.023 14.494 121.400
29.023 14.494 124.550
29.023 14.494 127.310
29.023 14.494 130.070
29.023 14.494 132.830
29.023 14.494 135.590
29.023 14.494 138.350
29.023 14.494 141.110
29.023 14.494 143.870
29.023 14.494 146.630
29.023 14.494 149.390
29.023 14.494 152.150
29.023 14.494 154.910
29.023 14.494 157.670
29.023 14.494 160.820
29.023 14.494 163.530
29.023 14.494 166.290
29.023 14.494 169.390
29.023 14.494 172.750
29.023 14.494 176.250
29.023 14.494 180.000
29.065 14.413 45.540
29.065 14.413 48.300
29.065 14.413 51.060
29.065 14.413 53.820
29.065 14.413 56.580
29.065 14.413 59.340
29.065 14.413 62.100
29.065 14.413 64.860
29.065 14.413 68.010
29.065 14.413 70.770
29.065 14.413 73.530
29.065 14.413 76.290
29.065 14.413 79.050
29.065 14.413 81.810
29.065 14.413 84.570
29.065 14.413 87.330
29.065 14.413 90.090
29.065 14.413 92.850
29.065 14.413 96.170
29.065 14.413 99.320
29.065 14.413 102.080
29.065 14.413 104.840
29.065 14.413 107.600
29.065 14.413 110.360
29.065 14.413 113.120
29.065 14.413 115.880
29.065 14.413 118.640
29.065 14.413 121.400
29.065 14.413 124.550
29.065 14.413 127.310
29.065 14.413 130.070
29.065 14.413 132.830
29.065 14.413 135.590
29.065 14.413 138.350
29.065 14.413 141.110
29.065 14.413 143.870
29.065 14.413 146.630
29.065 14.413 149.390
29.065 14.413 152.150
29.065 14.413 154.910
29.065 14.413 157.670
29.065 14.413 160.820
29.065 14.413 163.530
29.065 14.413 166.290
29.065 14.413 169.390
29.065 14.413 172.750
29.065 14.413 176.250
29.065 14.413 180.000
29.114 14.335 45.540
29.114 14.335 48.300
29.114 14.335 51.060
29.114 14.335 53.820
29.114 14.335 56.580
29.114 14.335 59.340
29.114 14.335 62.100
29.114 14.335 64.860
29.114 14.335 68.010
29.114 14.335 70.770
29.114 14.335 73.530
29.114 14.335 76.290
29.114 14.335 79.050
29.114 14.335 81.810
29.114 14.335 84.570
29.114 14.335 87.330
29.114 14.335 90.090
29.114 14.335 92.850
29.114 14.335 96.170
29.114 14.335 99.320
29.114 14.335 102.080
29.114 14.335 104.840
29.114 14.335 107.600
29.114 14.335 110.360
29.114 14.335 113.120
29.114 14.335 115.880
29.114 14.335 118.640
29.114 14.335 121.400
29.114 14.335 124.550
29.114 14.335 127.310
29.114 14.335 130.070
29.114 14.335 132.830
29.114 14.335 135.590
29.114 14.335 138.350
29.114 14.335 141.110
29.114 14.335 143.870
29.114 14.335 146.630
29.114 14.335 149.390
29.114 14.335 152.150
29.114 14.335 154.910
29.114 14.335 157.670
29.114 14.335 160.820
29.114 14.335 163.530
29.114 14.335 166.290
29.114 14.335 169.390
29.114 14.335 172.750
29.114 14.335 176.250
29.114 14.335 180.000
29.171 14.262 45.540
29.171 14.262 48.300
29.171 14.262 51.060
29.171 14.262 53.820
29.171 14.262 56.580
29.171 14.262 59.340
29.171 14.262 62.100
29.171 14.262 64.860
29.171 14.262 68.010
29.171 14.262 70.770
29.171 14.262 73.530
29.171 14.262 76.290
29.171 14.262 79.050
29.171 14.262 81.810
29.171 14.262 84.570
29.171 14.262 87.330
29.171 14.262 90.090
29.171 14.262 92.850
29.171 14.262 96.170
29.171 14.262 99.320
29.171 14.262 102.080
29.171 14.262 104.840
29.171 14.262 107.600
29.171 14.262 110.360
29.171 14.262 113.120
29.171 14.262 115.880
29.171 14.262 118.640
29.171 14.262 121.400
29.171 14.262 124.550
29.171 14.262 127.310
29.171 14.262 130.070
29.171 14.262 132.830
29.171 14.262 135.590
29.171 14.262 138.350
29.171 14.262 141.110
29.171 14.262 143.870
29.171 14.262 146.630
29.171 14.262 149.390
29.171 14.262 152.150
29.171 14.262 154.910
29.171 14.262 157.670
29.171 14.262 160.820
29.171 14.262 163.530
29.171 14.262 166.290
29.171 14.262 169.390
29.171 14.262 172.750
29.171 14.262 176.250
29.171 14.262 180.000
29.181 14.729 176.250
29.181 14.729 180.000
29.182 14.725 176.250
29.182 14.725 180.000
29.203 14.656 176.250
29.203 14.656 180.000
29.230 14.590 176.250
29.230 14.590 180.000
29.233 14.194 45.540
29.233 14.194 48.300
29.233 14.194 51.060
29.233 14.194 53.820
29.233 14.194 56.580
29.233 14.194 59.340
29.233 14.194 62.100
29.233 14.194 64.860
29.233 14.194 68.010
29.233 14.194 70.770
29.233 14.194 73.530
29.233 14.194 76.290
29.233 14.194 79.050
29.233 14.194 81.810
29.233 14.194 84.570
29.233 14.194 87.330
29.233 14.194 90.090
29.233 14.194 92.850
29.233 14.194 96.170
29.233 14.194 99.320
29.233 14.194 102.080
29.233 14.194 104.840
29.233 14.194 107.600
29.233 14.194 110.360
29.233 14.194 113.120
29.233 14.194 115.880
29.233 14.194 118.640
29.233 14.194 121.400
29.233 14.194 124.550
29.233 14.194 127.310
29.233 14.194 130.070
29.233 14.194 132.830
29.233 14.194 135.590
29.233 14.194 138.350
29.233 14.194 141.110
29.233 14.194 143.870
29.233 14.194 146.630
29.233 14.194 149.390
29.233 14.194 152.150
29.233 14.194 154.910
29.233 14.194 157.670
29.233 14.194 160.820
29.233 14.194 163.530
29.233 14.194 166.290
29.233 14.194 169.390
29.233 14.194 172.750
29.233 14.194 176.250
29.233 14.194 180.000
29.251 32.671 42.780
29.251 32.671 45.540
29.251 32.671 115.880
29.263 14.526 176.250
29.263 14.526 180.000
29.301 14.132 45.540
29.301 14.132 48.300
29.301 14.132 51.060
29.301 14.132 53.820
29.301 14.132 56.580
29.301 14.132 59.340
29.301 14.132 62.100
29.301 14.132 64.860
29.301 14.132 68.010
29.301 14.132 70.770
29.301 14.132 73.530
29.301 14.132 76.290
29.301 14.132 79.050
29.301 14.132 81.810
29.301 14.132 84.570
29.301 14.132 87.330
29.301 14.132 90.090
29.301 14.132 92.850
29.301 14.132 96.170
29.301 14.132 99.320
29.301 14.132 102.080
29.301 14.132 104.840
29.301 14.132 107.600
29.301 14.132 110.360
29.301 14.132 113.120
29.301 14.132 115.880
29.301 14.132 118.640
29.301 14.132 121.400
29.301 14.132 124.550
29.301 14.132 127.310
29.301 14.132 130.070
29.301 14.132 132.830
29.301 14.132 135.590
29.301 14.132 138.350
29.301 14.132 141.110
29.301 14.132 143.870
29.301 14.132 146.630
29.301 14.132 149.390
29.301 14.132 152.150
29.301 14.132 154.910
29.301 14.132 157.670
29.301 14.132 160.820
29.301 14.132 163.530
29.301 14.132 166.290
29.301 14.132 169.390
29.301 14.132 172.750
29.301 14.132 176.250
29.301 14.132 180.000
29.301 14.465 176.250
29.301 14.465 180.000
29.306 32.485 42.780
29.306 32.485 45.540
29.306 32.485 115.880
29.324 32.693 42.780
29.324 32.693 45.540
29.324 32.693 115.880
29.345 14.408 176.250
29.345 14.408 180.000
29.375 14.076 45.540
29.375 14.076 48.300
29.375 14.076 51.060
29.375 14.076 53.820
29.375 14.076 56.580
29.375 14.076 59.340
29.375 14.076 62.100
29.375 14.076 64.860
29.375 14.076 68.010
29.375 14.076 70.770
29.375 14.076 73.530
29.375 14.076 76.290
29.375 14.076 79.050
29.375 14.076 81.810
29.375 14.076 84.570
29.375 14.076 87.330
29.375 14.076 90.090
29.375 14.076 92.850
29.375 14.076 96.170
29.375 14.076 99.320
29.375 14.076 102.080
29.375 14.076 104.840
29.375 14.076 107.600
29.375 14.076 110.360
29.375 14.076 113.120
29.375 14.076 115.880
29.375 14.076 118.640
29.375 14.076 121.400
29.375 14.076 124.550
29.375 14.076 127.310
29.375 14.076 130.070
29.375 14.076 132.830
29.375 14.076 135.590
29.375 14.076 138.350
29.375 14.076 141.110
29.375 14.076 143.870
29.375 14.076 146.630
29.375 14.076 149.390
29.375 14.076 152.150
29.375 14.076 154.910
29.375 14.076 157.670
29.375 14.076 160.820
29.375 14.076 163.530
29.375 14.076 166.290
29.375 14.076 169.390
29.375 14.076 172.750
29.375 14.076 176.250
29.375 14.076 180.000
29.379 32.507 42.780
29.379 32.507 45.540
29.379 32.507 115.880
29.394 14.356 176.250
29.394 14.356 180.000
29.405 6.596 0.000
29.405 6.596 4.000
29.447 14.307 176.250
29.447 14.307 180.000
29.452 6.439 0.000
29.452 6.439 4.000
29.453 14.027 45.540
29.453 14.027 48.300
29.453 14.027 51.060
29.453 14.027 53.820
29.453 14.027 56.580
29.453 14.027 59.340
29.453 14.027 62.100
29.453 14.027 64.860
29.453 14.027 68.010
29.453 14.027 70.770
29.453 14.027 73.530
29.453 14.027 76.290
29.453 14.027 79.050
29.453 14.027 81.810
29.453 14.027 84.570
29.453 14.027 87.330
29.453 14.027 90.090
29.453 14.027 92.850
29.453 14.027 96.170
29.453 14.027 99.320
29.453 14.027 102.080
29.453 14.027 104.840
29.453 14.027 107.600
29.453 14.027 110.360
29.453 14.027 113.120
29.453 14.027 115.880
29.453 14.027 118.640
29.453 14.027 121.400
29.453 14.027 124.550
29.453 14.027 127.310
29.453 14.027 130.070
29.453 14.027 132.830
29.453 14.027 135.590
29.453 14.027 138.350
29.453 14.027 141.110
29.453 14.027 143.870
29.453 14.027 146.630
29.453 14.027 149.390
29.453 14.027 152.150
29.453 14.027 154.910
29.453 14.027 157.670
29.453 14.027 160.820
29.453 14.027 163.530
29.453 14.027 166.290
29.453 14.027 169.390
29.453 14.027 172.750
29.453 14.027 176.250
29.453 14.027 180.000
29.490 34.585 0.000
29.490 34.585 5.970
29.490 34.585 9.990
29.490 34.585 13.990
29.490 34.585 17.990
29.504 14.264 176.250
29.504 14.264 180.000
29.535 13.986 45.540
29.535 13.986 48.300
29.535 13.986 51.060
29.535 13.986 53.820
29.535 13.986 56.580
29.535 13.986 59.340
29.535 13.986 62.100
29.535 13.986 64.860
29.535 13.986 68.010
29.535 13.986 70.770
29.535 13.986 73.530
29.535 13.986 76.290
29.535 13.986 79.050
29.535 13.986 81.810
29.535 13.986 84.570
29.535 13.986 87.330
29.535 13.986 90.090
29.535 13.986 92.850
29.535 13.986 96.170
29.535 13.986 99.320
29.535 13.986 102.080
29.535 13.986 104.840
29.535 13.986 107.600
29.535 13.986 110.360
29.535 13.986 113.120
29.535 13.986 115.880
29.535 13.986 118.640
29.535 13.986 121.400
29.535 13.986 124.550
29.535 13.986 127.310
29.535 13.986 130.070
29.535 13.986 132.830
29.535 13.986 135.590
29.535 13.986 138.350
29.535 13.986 141.110
29.535 13.986 143.870
29.535 13.986 146.630
29.535 13.986 149.390
29.535 13.986 152.150
29.535 13.986 154.910
29.535 13.986 157.670
29.535 13.986 160.820
29.535 13.986 163.530
29.535 13.986 166.290
29.535 13.986 169.390
29.535 13.986 172.750
29.535 13.986 176.250
29.535 13.986 180.000
29.560 34.351 17.990
29.560 34.351 22.280
29.565 14.226 176.250
29.565 14.226 180.000
29.621 13.952 45.540
29.621 13.952 48.300
29.621 13.952 51.060
29.621 13.952 53.820
29.621 13.952 56.580
29.621 13.952 59.340
29.621 13.952 62.100
29.621 13.952 64.860
29.621 13.952 68.010
29.621 13.952 70.770
29.621 13.952 73.530
29.621 13.952 76.290
29.621 13.952 79.050
29.621 13.952 81.810
29.621 13.952 84.570
29.621 13.952 87.330
29.621 13.952 90.090
29.621 13.952 92.850
29.621 13.952 96.170
29.621 13.952 99.320
29.621 13.952 102.080
29.621 13.952 104.840
29.621 13.952 107.600
29.621 13.952 110.360
29.621 13.952 113.120
29.621 13.952 115.880
29.621 13.952 118.640
29.621 13.952 121.400
29.621 13.952 124.550
29.621 13.952 127.310
29.621 13.952 130.070
29.621 13.952 132.830
29.621 13.952 135.590
29.621 13.952 138.350
29.621 13.952 141.110
29.621 13.952 143.870
29.621 13.952 146.630
29.621 13.952 149.390
29.621 13.952 152.150
29.621 13.952 154.910
29.621 13.952 157.670
29.621 13.952 160.820
29.621 13.952 163.530
29.621 13.952 166.290
29.621 13.952 169.390
29.621 13.952 172.750
29.621 13.952 176.250
29.621 13.952 180.000
29.625 34.131 0.000
29.625 34.131 5.970
29.625 34.131 9.990
29.625 34.131 13.990
29.625 34.131 17.990
29.625 34.131 22.280
29.629 14.194 176.250
29.629 14.194 180.000
29.696 14.167 176.250
29.696 14.167 180.000
29.709 13.925 45.540
29.709 13.925 48.300
29.709 13.925 51.060
29.709 13.925 53.820
29.709 13.925 56.580
29.709 13.925 59.340
29.709 13.925 62.100
29.709 13.925 64.860
29.709 13.925 68.010
29.709 13.925 70.770
29.709 13.925 73.530
29.709 13.925 76.290
29.709 13.925 79.050
29.709 13.925 81.810
29.709 13.925 84.570
29.709 13.925 87.330
29.709 13.925 90.090
29.709 13.925 92.850
29.709 13.925 96.170
29.709 13.925 99.320
29.709 13.925 102.080
29.709 13.925 104.840
29.709 13.925 107.600
29.709 13.925 110.360
29.709 13.925 113.120
29.709 13.925 115.880
29.709 13.925 118.640
29.709 13.925 121.400
29.709 13.925 124.550
29.709 13.925 127.310
29.709 13.925 130.070
29.709 13.925 132.830
29.709 13.925 135.590
29.709 13.925 138.350
29.709 13.925 141.110
29.709 13.925 143.870
29.709 13.925 146.630
29.709 13.925 149.390
29.709 13.925 152.150
29.709 13.925 154.910
29.709 13.925 157.670
29.709 13.925 160.820
29.709 13.925 163.530
29.709 13.925 166.290
29.709 13.925 169.390
29.709 13.925 172.750
29.709 13.925 176.250
29.709 13.925 180.000
29.764 14.146 176.250
29.764 14.146 180.000
29.799 13.907 45.540
29.799 13.907 48.300
29.799 13.907 51.060
29.799 13.907 53.820
29.799 13.907 56.580
29.799 13.907 59.340
29.799 13.907 62.100
29.799 13.907 64.860
29.799 13.907 68.010
29.799 13.907 70.770
29.799 13.907 73.530
29.799 13.907 76.290
29.799 13.907 79.050
29.799 13.907 81.810
29.799 13.907 84.570
29.799 13.907 87.330
29.799 13.907 90.090
29.799 13.907 92.850
29.799 13.907 96.170
29.799 13.907 99.320
29.799 13.907 102.080
29.799 13.907 104.840
29.799 13.907 107.600
29.799 13.907 110.360
29.799 13.907 113.120
29.799 13.907 115.880
29.799 13.907 118.640
29.799 13.907 121.400
29.799 13.907 124.550
29.799 13.907 127.310
29.799 13.907 130.070
29.799 13.907 132.830
29.799 13.907 135.590
29.799 13.907 138.350
29.799 13.907 141.110
29.799 13.907 143.870
29.799 13.907 146.630
29.799 13.907 149.390
29.799 13.907 152.150
29.799 13.907 154.910
29.799 13.907 157.670
29.799 13.907 160.820
29.799 13.907 163.530
29.799 13.907 166.290
29.799 13.907 169.390
29.799 13.907 172.750
29.799 13.907 176.250
29.799 13.907 180.000
29.822 34.190 0.000
29.822 34.190 5.970
29.822 34.190 9.990
29.822 34.190 13.990
29.822 34.190 17.990
29.822 34.190 22.280
29.827 34.174 0.000
29.827 34.174 5.970
29.827 34.174 9.990
29.827 34.174 13.990
29.827 34.174 17.990
29.827 34.174 22.280
29.835 14.132 176.250
29.835 14.132 180.000
29.891 13.897 45.540
29.891 13.897 48.300
29.891 13.897 51.060
29.891 13.897 53.820
29.891 13.897 56.580
29.891 13.897 59.340
29.891 13.897 62.100
29.891 13.897 64.860
29.891 13.897 68.010
29.891 13.897 70.770
29.891 13.897 73.530
29.891 13.897 76.290
29.891 13.897 79.050
29.891 13.897 81.810
29.891 13.897 84.570
29.891 13.897 87.330
29.891 13.897 90.090
29.891 13.897 92.850
29.891 13.897 96.170
29.891 13.897 99.320
29.891 13.897 102.080
29.891 13.897 104.840
29.891 13.897 107.600
29.891 13.897 110.360
29.891 13.897 113.120
29.891 13.897 115.880
29.891 13.897 118.640
29.891 13.897 121.400
29.891 13.897 124.550
29.891 13.897 127.310
29.891 13.897 130.070
29.891 13.897 132.830
29.891 13.897 135.590
29.891 13.897 138.350
29.891 13.897 141.110
29.891 13.897 143.870
29.891 13.897 146.630
29.891 13.897 149.390
29.891 13.897 152.150
29.891 13.897 154.910
29.891 13.897 157.670
29.891 13.897 160.820
29.891 13.897 163.530
29.891 13.897 166.290
29.891 13.897 169.390
29.891 13.897 172.750
29.891 13.897 176.250
29.891 13.897 180.000
29.906 14.124 176.250
29.906 14.124 180.000
29.978 14.123 176.250
29.978 14.123 180.000
29.983 13.895 45.540
29.983 13.895 48.300
29.983 13.895 51.060
29.983 13.895 53.820
29.983 13.895 56.580
29.983 13.895 59.340
29.983 13.895 62.100
29.983 13.895 64.860
29.983 13.895 68.010
29.983 13.895 70.770
29.983 13.895 73.530
29.983 13.895 76.290
29.983 13.895 79.050
29.983 13.895 81.810
29.983 13.895 84.570
29.983 13.895 87.330
29.983 13.895 90.090
29.983 13.895 92.850
29.983 13.895 96.170
29.983 13.895 99.320
29.983 13.895 102.080
29.983 13.895 104.840
29.983 13.895 107.600
29.983 13.895 110.360
29.983 13.895 113.120
29.983 13.895 115.880
29.983 13.895 118.640
29.983 13.895 121.400
29.983 13.895 124.550
29.983 13.895 127.310
29.983 13.895 130.070
29.983 13.895 132.830
29.983 13.895 135.590
29.983 13.895 138.350
29.983 13.895 141.110
29.983 13.895 143.870
29.983 13.895 146.630
29.983 13.895 149.390
29.983 13.895 152.150
29.983 13.895 154.910
29.983 13.895 157.670
29.983 13.895 160.820
29.983 13.895 163.530
29.983 13.895 166.290
29.983 13.895 169.390
29.983 13.895 172.750
29.983 13.895 176.250
29.983 13.895 180.000
30.050 14.127 176.250
30.050 14.127 180.000
30.075 13.901 45.540
30.075 13.901 48.300
30.075 13.901 51.060
30.075 13.901 53.820
30.075 13.901 56.580
30.075 13.901 59.340
30.075 13.901 62.100
30.075 13.901 64.860
30.075 13.901 68.010
30.075 13.901 70.770
30.075 13.901 73.530
30.075 13.901 76.290
30.075 13.901 79.050
30.075 13.901 81.810
30.075 13.901 84.570
30.075 13.901 87.330
30.075 13.901 90.090
30.075 13.901 92.850
30.075 13.901 96.170
30.075 13.901 99.320
30.075 13.901 102.080
30.075 13.901 104.840
30.075 13.901 107.600
30.075 13.901 110.360
30.075 13.901 113.120
30.075 13.901 115.880
30.075 13.901 118.640
30.075 13.901 121.400
30.075 13.901 124.550
30.075 13.901 127.310
30.075 13.901 130.070
30.075 13.901 132.830
30.075 13.901 135.590
30.075 13.901 138.350
30.075 13.901 141.110
30.075 13.901 143.870
30.075 13.901 146.630
30.075 13.901 149.390
30.075 13.901 152.150
30.075 13.901 154.910
30.075 13.901 157.670
30.075 13.901 160.820
30.075 13.901 163.530
30.075 13.901 166.290
30.075 13.901 169.390
30.075 13.901 172.750
30.075 13.901 176.250
30.075 13.901 180.000
30.120 14.139 176.250
30.120 14.139 180.000
30.166 13.915 45.540
30.166 13.915 48.300
30.166 13.915 51.060
30.166 13.915 53.820
30.166 13.915 56.580
30.166 13.915 59.340
30.166 13.915 62.100
30.166 13.915 64.860
30.166 13.915 68.010
30.166 13.915 70.770
30.166 13.915 73.530
30.166 13.915 76.290
30.166 13.915 79.050
30.166 13.915 81.810
30.166 13.915 84.570
30.166 13.915 87.330
30.166 13.915 90.090
30.166 13.915 92.850
30.166 13.915 96.170
30.166 13.915 99.320
30.166 13.915 102.080
30.166 13.915 104.840
30.166 13.915 107.600
30.166 13.915 110.360
30.166 13.915 113.120
30.166 13.915 115.880
30.166 13.915 118.640
30.166 13.915 121.400
30.166 13.915 124.550
30.166 13.915 127.310
30.166 13.915 130.070
30.166 13.915 132.830
30.166 13.915 135.590
30.166 13.915 138.350
30.166 13.915 141.110
30.166 13.915 143.870
30.166 13.915 146.630
30.166 13.915 149.390
30.166 13.915 152.150
30.166 13.915 154.910
30.166 13.915 157.670
30.166 13.915 160.820
30.166 13.915 163.530
30.166 13.915 166.290
30.166 13.915 169.390
30.166 13.915 172.750
30.166 13.915 176.250
30.166 13.915 180.000
30.190 14.156 176.250
30.190 14.156 180.000
30.250 14.174 176.250
30.250 14.174 180.000
30.255 13.938 42.780
30.255 13.938 45.540
30.255 13.938 48.300
30.255 13.938 51.060
30.255 13.938 53.820
30.255 13.938 56.580
30.255 13.938 59.340
30.255 13.938 62.100
30.255 13.938 64.860
30.255 13.938 68.010
30.255 13.938 70.770
30.255 13.938 73.530
30.255 13.938 76.290
30.255 13.938 79.050
30.255 13.938 81.810
30.255 13.938 84.570
30.255 13.938 87.330
30.255 13.938 90.090
30.255 13.938 92.850
30.255 13.938 96.170
30.255 13.938 99.320
30.255 13.938 102.080
30.255 13.938 104.840
30.255 13.938 107.600
30.255 13.938 110.360
30.255 13.938 113.120
30.255 13.938 115.880
30.255 13.938 118.640
30.255 13.938 121.400
30.255 13.938 124.550
30.255 13.938 127.310
30.255 13.938 130.070
30.255 13.938 132.830
30.255 13.938 135.590
30.255 13.938 138.350
30.255 13.938 141.110
30.255 13.938 143.870
30.255 13.938 146.630
30.255 13.938 149.390
30.255 13.938 152.150
30.255 13.938 154.910
30.255 13.938 157.670
30.255 13.938 160.820
30.255 13.938 163.530
30.255 13.938 166.290
30.255 13.938 169.390
30.255 13.938 172.750
30.255 13.938 176.250
30.255 13.938 180.000
30.311 13.752 42.780
30.311 13.752 45.540
30.311 13.752 163.530
30.311 13.752 169.390
30.311 13.752 176.250
30.315 13.955 45.540
30.315 13.955 48.300
30.315 13.955 51.060
30.315 13.955 53.820
30.315 13.955 56.580
30.315 13.955 59.340
30.315 13.955 62.100
30.315 13.955 64.860
30.315 13.955 68.010
30.315 13.955 70.770
30.315 13.955 73.530
30.315 13.955 76.290
30.315 13.955 79.050
30.315 13.955 81.810
30.315 13.955 84.570
30.315 13.955 87.330
30.315 13.955 90.090
30.315 13.955 92.850
30.315 13.955 96.170
30.315 13.955 99.320
30.315 13.955 102.080
30.315 13.955 104.840
30.315 13.955 107.600
30.315 13.955 110.360
30.315 13.955 113.120
30.315 13.955 115.880
30.315 13.955 118.640
30.315 13.955 121.400
30.315 13.955 124.550
30.315 13.955 127.310
30.315 13.955 130.070
30.315 13.955 132.830
30.315 13.955 135.590
30.315 13.955 138.350
30.315 13.955 141.110
30.315 13.955 143.870
30.315 13.955 146.630
30.315 13.955 149.390
30.315 13.955 152.150
30.315 13.955 154.910
30.315 13.955 157.670
30.315 13.955 160.820
30.315 13.955 163.530
30.315 13.955 166.290
30.315 13.955 169.390
30.315 13.955 172.750
30.315 13.955 176.250
30.315 13.955 180.000
30.328 13.959 42.780
30.328 13.959 45.540
30.328 13.959 163.530
30.328 13.959 169.390
30.328 13.959 176.250
30.329 32.062 22.280
30.329 32.062 26.280
30.329 32.062 38.780
30.329 32.062 42.780
30.330 32.033 22.280
30.330 32.033 26.280
30.330 32.033 38.780
30.330 32.033 42.780
30.330 32.091 22.280
30.330 32.091 26.280
30.330 32.091 38.780
30.330 32.091 42.780
30.334 32.004 22.280
30.334 32.004 26.280
30.334 32.004 38.780
30.334 32.004 42.780
30.334 32.121 22.280
30.334 32.121 26.280
30.334 32.121 38.780
30.334 32.121 42.780
30.340 31.975 22.280
30.340 31.975 26.280
30.340 31.975 38.780
30.340 31.975 42.780
30.341 32.149 22.280
30.341 32.149 26.280
30.341 32.149 38.780
30.341 32.149 42.780
30.349 31.947 22.280
30.349 31.947 26.280
30.349 31.947 38.780
30.349 31.947 42.780
30.350 32.177 22.280
30.350 32.177 26.280
30.350 32.177 38.780
30.350 32.177 42.780
30.360 31.920 22.280
30.360 31.920 26.280
30.360 31.920 38.780
30.360 31.920 42.780
30.361 32.204 22.280
30.361 32.204 26.280
30.361 32.204 38.780
30.361 32.204 42.780
30.374 31.894 22.280
30.374 31.894 26.280
30.374 31.894 38.780
30.374 31.894 42.780
30.375 32.230 22.280
30.375 32.230 26.280
30.375 32.230 38.780
30.375 32.230 42.780
30.384 13.773 42.780
30.384 13.773 45.540
30.384 13.773 163.530
30.384 13.773 169.390
30.384 13.773 176.250
30.390 31.869 22.280
30.390 31.869 26.280
30.390 31.869 38.780
30.390 31.869 42.780
30.391 32.255 22.280
30.391 32.255 26.280
30.391 32.255 38.780
30.391 32.255 42.780
30.408 31.846 22.280
30.408 31.846 26.280
30.408 31.846 38.780
30.408 31.846 42.780
30.409 32.278 22.280
30.409 32.278 26.280
30.409 32.278 38.780
30.409 32.278 42.780
30.428 31.825 22.280
30.428 31.825 26.280
30.428 31.825 38.780
30.428 31.825 42.780
30.429 32.299 22.280
30.429 32.299 26.280
30.429 32.299 38.780
30.429 32.299 42.780
30.449 31.805 22.280
30.449 31.805 26.280
30.449 31.805 38.780
30.449 31.805 42.780
30.451 32.319 22.280
30.451 32.319 26.280
30.451 32.319 38.780
30.451 32.319 42.780
30.473 31.787 22.280
30.473 31.787 26.280
30.473 31.787 38.780
30.473 31.787 42.780
30.475 32.336 22.280
30.475 32.336 26.280
30.475 32.336 38.780
30.475 32.336 42.780
30.498 31.772 22.280
30.498 31.772 26.280
30.498 31.772 38.780
30.498 31.772 42.780
30.500 32.351 22.280
30.500 32.351 26.280
30.500 32.351 38.780
30.500 32.351 42.780
30.524 31.758 22.280
30.524 31.758 26.280
30.524 31.758 38.780
30.524 31.758 42.780
30.526 32.365 22.280
30.526 32.365 26.280
30.526 32.365 38.780
30.526 32.365 42.780
30.551 31.747 22.280
30.551 31.747 26.280
30.551 31.747 38.780
30.551 31.747 42.780
30.579 31.739 22.280
30.579 31.739 26.280
30.579 31.739 38.780
30.579 31.739 42.780
30.608 31.733 22.280
30.608 31.733 26.280
30.608 31.733 38.780
30.608 31.733 42.780
30.637 31.730 22.280
30.637 31.730 26.280
30.637 31.730 38.780
30.637 31.730 42.780
30.648 33.088 42.780
30.648 33.088 45.540
30.648 33.088 115.880
30.666 31.729 22.280
30.666 31.729 26.280
30.666 31.729 38.780
30.666 31.729 42.780
30.696 31.731 22.280
30.696 31.731 26.280
30.696 31.731 38.780
30.696 31.731 42.780
30.703 32.902 42.780
30.703 32.902 45.540
30.703 32.902 115.880
30.721 33.110 42.780
30.721 33.110 45.540
30.721 33.110 115.880
30.776 32.924 42.780
30.776 32.924 45.540
30.776 32.924 115.880
30.924 34.519 0.000
30.924 34.519 5.970
30.924 34.519 9.990
30.924 34.519 13.990
30.924 34.519 17.990
30.924 34.519 22.280
30.929 34.502 0.000
30.929 34.502 5.970
30.929 34.502 9.990
30.929 34.502 13.990
30.929 34.502 17.990
30.929 34.502 22.280
30.958 32.496 22.280
30.958 32.496 26.280
30.958 32.496 38.780
30.958 32.496 42.780
30.986 32.501 22.280
30.986 32.501 26.280
30.986 32.501 38.780
30.986 32.501 42.780
31.015 32.504 22.280
31.015 32.504 26.280
31.015 32.504 38.780
31.015 32.504 42.780
31.043 32.505 22.280
31.043 32.505 26.280
31.043 32.505 38.780
31.043 32.505 42.780
31.072 32.503 22.280
31.072 32.503 26.280
31.072 32.503 38.780
31.072 32.503 42.780
31.100 32.498 22.280
31.100 32.498 26.280
31.100 32.498 38.780
31.100 32.498 42.780
31.128 32.491 22.280
31.128 32.491 26.280
31.128 32.491 38.780
31.128 32.491 42.780
31.156 32.482 22.280
31.156 32.482 26.280
31.156 32.482 38.780
31.156 32.482 42.780
31.182 32.470 22.280
31.182 32.470 26.280
31.182 32.470 38.780
31.182 32.470 42.780
31.195 31.885 22.280
31.195 31.885 26.280
31.195 31.885 38.780
31.195 31.885 42.780
31.207 32.456 22.280
31.207 32.456 26.280
31.207 32.456 38.780
31.207 32.456 42.780
31.219 31.900 22.280
31.219 31.900 26.280
31.219 31.900 38.780
31.219 31.900 42.780
31.231 32.440 22.280
31.231 32.440 26.280
31.231 32.440 38.780
31.231 32.440 42.780
31.243 31.917 22.280
31.243 31.917 26.280
31.243 31.917 38.780
31.243 31.917 42.780
31.253 32.422 22.280
31.253 32.422 26.280
31.253 32.422 38.780
31.253 32.422 42.780
31.264 31.936 22.280
31.264 31.936 26.280
31.264 31.936 38.780
31.264 31.936 42.780
31.274 32.402 22.280
31.274 32.402 26.280
31.274 32.402 38.780
31.274 32.402 42.780
31.284 31.957 22.280
31.284 31.957 26.280
31.284 31.957 38.780
31.284 31.957 42.780
31.293 32.381 22.280
31.293 32.381 26.280
31.293 32.381 38.780
31.293 32.381 42.780
31.298 34.630 0.000
31.298 34.630 5.970
31.298 34.630 9.990
31.298 34.630 13.990
31.298 34.630 17.990
31.298 34.630 22.280
31.302 31.979 22.280
31.302 31.979 26.280
31.302 31.979 38.780
31.302 31.979 42.780
31.303 34.614 0.000
31.303 34.614 5.970
31.303 34.614 9.990
31.303 34.614 13.990
31.303 34.614 17.990
31.303 34.614 22.280
31.310 32.357 22.280
31.310 32.357 26.280
31.310 32.357 38.780
31.310 32.357 42.780
31.318 32.003 22.280
31.318 32.003 26.280
31.318 32.003 38.780
31.318 32.003 42.780
31.325 32.333 22.280
31.325 32.333 26.280
31.325 32.333 38.780
31.325 32.333 42.780
31.332 32.028 22.280
31.332 32.028 26.280
31.332 32.028 38.780
31.332 32.028 42.780
31.338 32.307 22.280
31.338 32.307 26.280
31.338 32.307 38.780
31.338 32.307 42.780
31.343 32.055 22.280
31.343 32.055 26.280
31.343 32.055 38.780
31.343 32.055 42.780
31.348 32.280 22.280
31.348 32.280 26.280
31.348 32.280 38.780
31.348 32.280 42.780
31.352 32.082 22.280
31.352 32.082 26.280
31.352 32.082 38.780
31.352 32.082 42.780
31.356 32.253 22.280
31.356 32.253 26.280
31.356 32.253 38.780
31.356 32.253 42.780
31.359 32.110 22.280
31.359 32.110 26.280
31.359 32.110 38.780
31.359 32.110 42.780
31.362 32.224 22.280
31.362 32.224 26.280
31.362 32.224 38.780
31.362 32.224 42.780
31.364 32.138 22.280
31.364 32.138 26.280
31.364 32.138 38.780
31.364 32.138 42.780
31.365 32.167 22.280
31.365 32.167 26.280
31.365 32.167 38.780
31.365 32.167 42.780
31.365 32.196 22.280
31.365 32.196 26.280
31.365 32.196 38.780
31.365 32.196 42.780
31.581 7.244 0.000
31.581 7.244 4.000
31.623 7.103 0.000
31.623 7.103 4.000
31.684 14.364 42.780
31.684 14.364 45.540
31.684 14.364 163.530
31.684 14.364 169.390
31.684 14.364 176.250
31.739 14.178 42.780
31.739 14.178 45.540
31.739 14.178 163.530
31.739 14.178 169.390
31.739 14.178 176.250
31.757 14.386 42.780
31.757 14.386 45.540
31.757 14.386 163.530
31.757 14.386 169.390
31.757 14.386 176.250
31.812 14.200 42.780
31.812 14.200 45.540
31.812 14.200 163.530
31.812 14.200 169.390
31.812 14.200 176.250
31.987 7.426 0.000
31.987 7.426 4.000
32.044 33.505 42.780
32.044 33.505 45.540
32.044 33.505 115.880
32.046 7.229 0.000
32.046 7.229 4.000
32.100 33.319 42.780
32.100 33.319 45.540
32.100 33.319 115.880
32.117 33.527 42.780
32.117 33.527 45.540
32.117 33.527 115.880
32.172 33.341 42.780
32.172 33.341 45.540
32.172 33.341 115.880
32.385 34.954 0.000
32.385 34.954 5.970
32.385 34.954 9.990
32.385 34.954 13.990
32.385 34.954 17.990
32.385 34.954 22.280
32.390 34.937 0.000
32.390 34.937 5.970
32.390 34.937 9.990
32.390 34.937 13.990
32.390 34.937 17.990
32.390 34.937 22.280
32.444 35.470 0.000
32.444 35.470 5.970
32.444 35.470 9.990
32.444 35.470 13.990
32.444 35.470 17.990
32.515 35.231 17.990
32.515 35.231 22.280
32.580 35.013 0.000
32.580 35.013 5.970
32.580 35.013 9.990
32.580 35.013 13.990
32.580 35.013 17.990
32.580 35.013 22.280
32.593 9.836 4.000
32.593 9.836 8.020
32.593 9.836 13.990
32.593 9.836 17.990
32.593 9.836 22.280
32.921 7.704 0.000
32.921 7.704 4.000
32.987 7.479 0.000
32.987 7.479 4.000
33.080 14.781 42.780
33.080 14.781 45.540
33.080 14.781 163.530
33.080 14.781 169.390
33.080 14.781 176.250
33.136 14.595 42.780
33.136 14.595 45.540
33.136 14.595 163.530
33.136 14.595 169.390
33.136 14.595 176.250
33.153 14.803 42.780
33.153 14.803 45.540
33.153 14.803 45.740
33.153 14.803 46.740
33.153 14.803 48.300
33.153 14.803 48.500
33.153 14.803 49.500
33.153 14.803 51.060
33.153 14.803 51.260
33.153 14.803 52.260
33.153 14.803 53.820
33.153 14.803 54.020
33.153 14.803 55.020
33.153 14.803 56.580
33.153 14.803 56.780
33.153 14.803 57.780
33.153 14.803 59.340
33.153 14.803 59.540
33.153 14.803 60.540
33.153 14.803 62.100
33.153 14.803 62.300
33.153 14.803 63.300
33.153 14.803 64.860
33.153 14.803 65.060
33.153 14.803 66.060
33.153 14.803 68.010
33.153 14.803 68.210
33.153 14.803 69.210
33.153 14.803 70.770
33.153 14.803 70.970
33.153 14.803 71.970
33.153 14.803 73.530
33.153 14.803 73.730
33.153 14.803 74.730
33.153 14.803 76.290
33.153 14.803 76.490
33.153 14.803 77.490
33.153 14.803 79.050
33.153 14.803 79.250
33.153 14.803 80.250
33.153 14.803 81.810
33.153 14.803 82.010
33.153 14.803 83.010
33.153 14.803 84.570
33.153 14.803 84.770
33.153 14.803 85.770
33.153 14.803 87.330
33.153 14.803 87.530
33.153 14.803 88.530
33.153 14.803 90.090
33.153 14.803 90.290
33.153 14.803 91.290
33.153 14.803 92.850
33.153 14.803 93.050
33.153 14.803 94.050
33.153 14.803 96.170
33.153 14.803 96.370
33.153 14.803 97.370
33.153 14.803 99.320
33.153 14.803 99.520
33.153 14.803 100.520
33.153 14.803 102.080
33.153 14.803 102.280
33.153 14.803 103.280
33.153 14.803 104.840
33.153 14.803 105.040
33.153 14.803 106.040
33.153 14.803 107.600
33.153 14.803 107.800
33.153 14.803 108.800
33.153 14.803 110.360
33.153 14.803 110.560
33.153 14.803 111.560
33.153 14.803 113.120
33.153 14.803 113.320
33.153 14.803 114.320
33.153 14.803 115.880
33.153 14.803 116.080
33.153 14.803 117.080
33.153 14.803 118.640
33.153 14.803 118.840
33.153 14.803 119.840
33.153 14.803 121.400
33.153 14.803 121.600
33.153 14.803 122.600
33.153 14.803 124.550
33.153 14.803 124.750
33.153 14.803 125.750
33.153 14.803 127.310
33.153 14.803 127.510
33.153 14.803 128.510
33.153 14.803 130.070
33.153 14.803 130.270
33.153 14.803 131.270
33.153 14.803 132.830
33.153 14.803 133.030
33.153 14.803 134.030
33.153 14.803 135.590
33.153 14.803 135.790
33.153 14.803 136.790
33.153 14.803 138.350
33.153 14.803 138.550
33.153 14.803 139.550
33.153 14.803 141.110
33.153 14.803 141.310
33.153 14.803 142.310
33.153 14.803 143.870
33.153 14.803 144.070
33.153 14.803 145.070
33.153 14.803 146.630
33.153 14.803 146.830
33.153 14.803 147.830
33.153 14.803 149.390
33.153 14.803 149.590
33.153 14.803 150.590
33.153 14.803 152.150
33.153 14.803 152.350
33.153 14.803 153.350
33.153 14.803 154.910
33.153 14.803 155.110
33.153 14.803 156.110
33.153 14.803 157.670
33.153 14.803 157.870
33.153 14.803 158.870
33.153 14.803 160.820
33.153 14.803 161.020
33.153 14.803 162.020
33.153 14.803 163.530
33.153 14.803 163.730
33.153 14.803 164.730
33.153 14.803 166.290
33.153 14.803 166.490
33.153 14.803 167.490
33.153 14.803 169.390
33.153 14.803 176.250
33.209 14.617 42.780
33.209 14.617 45.540
33.209 14.617 163.530
33.209 14.617 169.390
33.209 14.617 176.250
33.249 14.832 45.740
33.249 14.832 46.740
33.249 14.832 48.500
33.249 14.832 49.500
33.249 14.832 51.260
33.249 14.832 52.260
33.249 14.832 54.020
33.249 14.832 55.020
33.249 14.832 56.780
33.249 14.832 57.780
33.249 14.832 59.540
33.249 14.832 60.540
33.249 14.832 62.300
33.249 14.832 63.300
33.249 14.832 65.060
33.249 14.832 66.060
33.249 14.832 68.210
33.249 14.832 69.210
33.249 14.832 70.970
33.249 14.832 71.970
33.249 14.832 73.730
33.249 14.832 74.730
33.249 14.832 76.490
33.249 14.832 77.490
33.249 14.832 79.250
33.249 14.832 80.250
33.249 14.832 82.010
33.249 14.832 83.010
33.249 14.832 84.770
33.249 14.832 85.770
33.249 14.832 87.530
33.249 14.832 88.530
33.249 14.832 90.290
33.249 14.832 91.290
33.249 14.832 93.050
33.249 14.832 94.050
33.249 14.832 96.370
33.249 14.832 97.370
33.249 14.832 99.520
33.249 14.832 100.520
33.249 14.832 102.280
33.249 14.832 103.280
33.249 14.832 105.040
33.249 14.832 106.040
33.249 14.832 107.800
33.249 14.832 108.800
33.249 14.832 110.560
33.249 14.832 111.560
33.249 14.832 113.320
33.249 14.832 114.320
33.249 14.832 116.080
33.249 14.832 117.080
33.249 14.832 118.840
33.249 14.832 119.840
33.249 14.832 121.600
33.249 14.832 122.600
33.249 14.832 124.750
33.249 14.832 125.750
33.249 14.832 127.510
33.249 14.832 128.510
33.249 14.832 130.270
33.249 14.832 131.270
33.249 14.832 133.030
33.249 14.832 134.030
33.249 14.832 135.790
33.249 14.832 136.790
33.249 14.832 138.550
33.249 14.832 139.550
33.249 14.832 141.310
33.249 14.832 142.310
33.249 14.832 144.070
33.249 14.832 145.070
33.249 14.832 146.830
33.249 14.832 147.830
33.249 14.832 149.590
33.249 14.832 150.590
33.249 14.832 152.350
33.249 14.832 153.350
33.249 14.832 155.110
33.249 14.832 156.110
33.249 14.832 157.870
33.249 14.832 158.870
33.249 14.832 161.020
33.249 14.832 162.020
33.249 14.832 163.730
33.249 14.832 164.730
33.249 14.832 166.490
33.249 14.832 167.490
33.267 7.575 4.000
33.267 7.575 8.020
33.267 7.575 13.990
33.267 7.575 17.990
33.267 7.575 22.280
33.439 33.922 42.780
33.439 33.922 45.540
33.439 33.922 115.880
33.450 10.091 4.000
33.450 10.091 13.990
33.450 10.091 17.990
33.450 10.091 22.280
33.495 33.736 42.780
33.495 33.736 45.540
33.495 33.736 115.880
33.508 9.897 4.000
33.508 9.897 13.990
33.508 9.897 17.990
33.508 9.897 22.280
33.512 33.944 42.780
33.512 33.944 45.540
33.512 33.944 115.880
33.530 10.115 4.000
33.530 10.115 13.990
33.530 10.115 17.990
33.530 10.115 22.280
33.567 33.757 42.780
33.567 33.757 45.540
33.567 33.757 115.880
33.573 35.806 0.000
33.573 35.806 5.970
33.573 35.806 9.990
33.573 35.806 13.990
33.573 35.806 17.990
33.588 9.921 4.000
33.588 9.921 13.990
33.588 9.921 17.990
33.588 9.921 22.280
33.644 35.568 17.990
33.644 35.568 22.280
33.680 13.041 45.540
33.680 13.041 45.740
33.680 13.041 46.740
33.680 13.041 48.300
33.680 13.041 48.500
33.680 13.041 49.500
33.680 13.041 51.060
33.680 13.041 51.260
33.680 13.041 52.260
33.680 13.041 53.820
33.680 13.041 54.020
33.680 13.041 55.020
33.680 13.041 56.580
33.680 13.041 56.780
33.680 13.041 57.780
33.680 13.041 59.340
33.680 13.041 59.540
33.680 13.041 60.540
33.680 13.041 62.100
33.680 13.041 62.300
33.680 13.041 63.300
33.680 13.041 64.860
33.680 13.041 65.060
33.680 13.041 66.060
33.680 13.041 68.010
33.680 13.041 68.210
33.680 13.041 69.210
33.680 13.041 70.770
33.680 13.041 70.970
33.680 13.041 71.970
33.680 13.041 73.530
33.680 13.041 73.730
33.680 13.041 74.730
33.680 13.041 76.290
33.680 13.041 76.490
33.680 13.041 77.490
33.680 13.041 79.050
33.680 13.041 79.250
33.680 13.041 80.250
33.680 13.041 81.810
33.680 13.041 82.010
33.680 13.041 83.010
33.680 13.041 84.570
33.680 13.041 84.770
33.680 13.041 85.770
33.680 13.041 87.330
33.680 13.041 87.530
33.680 13.041 88.530
33.680 13.041 90.090
33.680 13.041 90.290
33.680 13.041 91.290
33.680 13.041 92.850
33.680 13.041 93.050
33.680 13.041 94.050
33.680 13.041 96.170
33.680 13.041 96.370
33.680 13.041 97.370
33.680 13.041 99.320
33.680 13.041 99.520
33.680 13.041 100.520
33.680 13.041 102.080
33.680 13.041 102.280
33.680 13.041 103.280
33.680 13.041 104.840
33.680 13.041 105.040
33.680 13.041 106.040
33.680 13.041 107.600
33.680 13.041 107.800
33.680 13.041 108.800
33.680 13.041 110.360
33.680 13.041 110.560
33.680 13.041 111.560
33.680 13.041 113.120
33.680 13.041 113.320
33.680 13.041 114.320
33.680 13.041 115.880
33.680 13.041 116.080
33.680 13.041 117.080
33.680 13.041 118.640
33.680 13.041 118.840
33.680 13.041 119.840
33.680 13.041 121.400
33.680 13.041 121.600
33.680 13.041 122.600
33.680 13.041 124.550
33.680 13.041 124.750
33.680 13.041 125.750
33.680 13.041 127.310
33.680 13.041 127.510
33.680 13.041 128.510
33.680 13.041 130.070
33.680 13.041 130.270
33.680 13.041 131.270
33.680 13.041 132.830
33.680 13.041 133.030
33.680 13.041 134.030
33.680 13.041 135.590
33.680 13.041 135.790
33.680 13.041 136.790
33.680 13.041 138.350
33.680 13.041 138.550
33.680 13.041 139.550
33.680 13.041 141.110
33.680 13.041 141.310
33.680 13.041 142.310
33.680 13.041 143.870
33.680 13.041 144.070
33.680 13.041 145.070
33.680 13.041 146.630
33.680 13.041 146.830
33.680 13.041 147.830
33.680 13.041 149.390
33.680 13.041 149.590
33.680 13.041 150.590
33.680 13.041 152.150
33.680 13.041 152.350
33.680 13.041 153.350
33.680 13.041 154.910
33.680 13.041 155.110
33.680 13.041 156.110
33.680 13.041 157.670
33.680 13.041 157.870
33.680 13.041 158.870
33.680 13.041 160.820
33.680 13.041 161.020
33.680 13.041 162.020
33.680 13.041 163.530
33.680 13.041 163.730
33.680 13.041 164.730
33.680 13.041 166.290
33.680 13.041 166.490
33.680 13.041 167.490
33.709 35.349 0.000
33.709 35.349 5.970
33.709 35.349 9.990
33.709 35.349 13.990
33.709 35.349 17.990
33.709 35.349 22.280
33.747 13.165 45.740
33.747 13.165 46.740
33.747 13.165 48.500
33.747 13.165 49.500
33.747 13.165 51.260
33.747 13.165 52.260
33.747 13.165 54.020
33.747 13.165 55.020
33.747 13.165 56.780
33.747 13.165 57.780
33.747 13.165 59.540
33.747 13.165 60.540
33.747 13.165 62.300
33.747 13.165 63.300
33.747 13.165 65.060
33.747 13.165 66.060
33.747 13.165 68.210
33.747 13.165 69.210
33.747 13.165 70.970
33.747 13.165 71.970
33.747 13.165 73.730
33.747 13.165 74.730
33.747 13.165 76.490
33.747 13.165 77.490
33.747 13.165 79.250
33.747 13.165 80.250
33.747 13.165 82.010
33.747 13.165 83.010
33.747 13.165 84.770
33.747 13.165 85.770
33.747 13.165 87.530
33.747 13.165 88.530
33.747 13.165 90.290
33.747 13.165 91.290
33.747 13.165 93.050
33.747 13.165 94.050
33.747 13.165 96.370
33.747 13.165 97.370
33.747 13.165 99.520
33.747 13.165 100.520
33.747 13.165 102.280
33.747 13.165 103.280
33.747 13.165 105.040
33.747 13.165 106.040
33.747 13.165 107.800
33.747 13.165 108.800
33.747 13.165 110.560
33.747 13.165 111.560
33.747 13.165 113.320
33.747 13.165 114.320
33.747 13.165 116.080
33.747 13.165 117.080
33.747 13.165 118.840
33.747 13.165 119.840
33.747 13.165 121.600
33.747 13.165 122.600
33.747 13.165 124.750
33.747 13.165 125.750
33.747 13.165 127.510
33.747 13.165 128.510
33.747 13.165 130.270
33.747 13.165 131.270
33.747 13.165 133.030
33.747 13.165 134.030
33.747 13.165 135.790
33.747 13.165 136.790
33.747 13.165 138.550
33.747 13.165 139.550
33.747 13.165 141.310
33.747 13.165 142.310
33.747 13.165 144.070
33.747 13.165 145.070
33.747 13.165 146.830
33.747 13.165 147.830
33.747 13.165 149.590
33.747 13.165 150.590
33.747 13.165 152.350
33.747 13.165 153.350
33.747 13.165 155.110
33.747 13.165 156.110
33.747 13.165 157.870
33.747 13.165 158.870
33.747 13.165 161.020
33.747 13.165 162.020
33.747 13.165 163.730
33.747 13.165 164.730
33.747 13.165 166.490
33.747 13.165 167.490
33.909 35.408 0.000
33.909 35.408 5.970
33.909 35.408 9.990
33.909 35.408 13.990
33.909 35.408 17.990
33.909 35.408 22.280
33.914 35.394 0.000
33.914 35.394 5.970
33.914 35.394 9.990
33.914 35.394 13.990
33.914 35.394 17.990
33.914 35.394 22.280
33.940 29.040 176.250
33.940 29.040 180.000
33.942 28.936 176.250
33.942 28.936 180.000
33.946 29.144 176.250
33.946 29.144 180.000
33.954 28.833 176.250
33.954 28.833 180.000
33.961 29.246 176.250
33.961 29.246 180.000
33.974 28.731 176.250
33.974 28.731 180.000
33.985 29.347 176.250
33.985 29.347 180.000
34.003 28.631 176.250
34.003 28.631 180.000
34.017 29.446 176.250
34.017 29.446 180.000
34.058 29.542 176.250
34.058 29.542 180.000
34.107 29.633 176.250
34.107 29.633 180.000
34.116 8.229 0.000
34.116 8.229 4.000
34.124 7.831 4.000
34.124 7.831 8.020
34.163 29.721 176.250
34.163 29.721 180.000
34.182 7.636 4.000
34.182 7.636 8.020
34.205 7.855 4.000
34.205 7.855 8.020
34.227 29.803 176.250
34.227 29.803 180.000
34.229 7.849 0.000
34.229 7.849 4.000
34.263 7.660 4.000
34.263 7.660 8.020
34.297 29.879 176.250
34.297 29.879 180.000
34.374 29.949 176.250
34.374 29.949 180.000
34.456 30.012 176.250
34.456 30.012 180.000
34.474 15.198 42.780
34.474 15.198 45.540
34.474 15.198 163.530
34.474 15.198 169.390
34.474 15.198 176.250
34.529 15.012 42.780
34.529 15.012 45.540
34.529 15.012 163.530
34.529 15.012 169.390
34.529 15.012 176.250
34.544 30.068 176.250
34.544 30.068 180.000
34.547 15.219 42.780
34.547 15.219 45.540
34.547 15.219 163.530
34.547 15.219 169.390
34.547 15.219 176.250
34.602 15.033 42.780
34.602 15.033 45.540
34.602 15.033 163.530
34.602 15.033 169.390
34.602 15.033 176.250
34.636 30.116 176.250
34.636 30.116 180.000
34.731 30.157 176.250
34.731 30.157 180.000
34.830 30.188 176.250
34.830 30.188 180.000
34.834 34.338 42.780
34.834 34.338 45.540
34.834 34.338 115.880
34.878 10.517 4.000
34.878 10.517 13.990
34.878 10.517 17.990
34.878 10.517 22.280
34.889 34.152 42.780
34.889 34.152 45.540
34.889 34.152 115.880
34.907 34.360 42.780
34.907 34.360 45.540
34.907 34.360 115.880
34.936 10.323 4.000
34.936 10.323 13.990
34.936 10.323 17.990
34.936 10.323 22.280
34.962 34.174 42.780
34.962 34.174 45.540
34.962 34.174 115.880
34.975 10.546 4.000
34.975 10.546 13.990
34.975 10.546 17.990
34.975 10.546 22.280
35.013 35.740 0.000
35.013 35.740 5.970
35.013 35.740 9.990
35.013 35.740 13.990
35.013 35.740 17.990
35.013 35.740 22.280
35.018 35.722 0.000
35.018 35.722 5.970
35.018 35.722 9.990
35.018 35.722 13.990
35.018 35.722 17.990
35.018 35.722 22.280
35.032 10.352 4.000
35.032 10.352 13.990
35.032 10.352 17.990
35.032 10.352 22.280
35.386 35.851 0.000
35.386 35.851 5.970
35.386 35.851 9.990
35.386 35.851 13.990
35.386 35.851 17.990
35.386 35.851 22.280
35.391 35.835 0.000
35.391 35.835 5.970
35.391 35.835 9.990
35.391 35.835 13.990
35.391 35.835 17.990
35.391 35.835 22.280
35.555 8.257 4.000
35.555 8.257 8.020
35.613 8.063 4.000
35.613 8.063 8.020
35.635 8.281 4.000
35.635 8.281 8.020
35.693 8.087 4.000
35.693 8.087 8.020
35.870 15.614 42.780
35.870 15.614 45.540
35.870 15.614 163.530
35.870 15.614 169.390
35.870 15.614 176.250
35.925 15.428 42.780
35.925 15.428 45.540
35.925 15.428 163.530
35.925 15.428 169.390
35.925 15.428 176.250
35.942 15.636 42.780
35.942 15.636 45.540
35.942 15.636 163.530
35.942 15.636 169.390
35.942 15.636 176.250
35.961 22.076 176.250
35.961 22.076 180.000
35.998 15.450 42.780
35.998 15.450 45.540
35.998 15.450 163.530
35.998 15.450 169.390
35.998 15.450 176.250
36.152 25.768 180.000
36.152 25.768 186.000
36.154 25.679 180.000
36.154 25.679 186.000
36.158 25.858 180.000
36.158 25.858 186.000
36.164 25.589 180.000
36.164 25.589 186.000
36.171 15.704 45.740
36.171 15.704 46.740
36.171 15.704 48.500
36.171 15.704 49.500
36.171 15.704 51.260
36.171 15.704 52.260
36.171 15.704 54.020
36.171 15.704 55.020
36.171 15.704 56.780
36.171 15.704 57.780
36.171 15.704 59.540
36.171 15.704 60.540
36.171 15.704 62.300
36.171 15.704 63.300
36.171 15.704 65.060
36.171 15.704 66.060
36.171 15.704 68.210
36.171 15.704 69.210
36.171 15.704 70.970
36.171 15.704 71.970
36.171 15.704 73.730
36.171 15.704 74.730
36.171 15.704 76.490
36.171 15.704 77.490
36.171 15.704 79.250
36.171 15.704 80.250
36.171 15.704 82.010
36.171 15.704 83.010
36.171 15.704 84.770
36.171 15.704 85.770
36.171 15.704 87.530
36.171 15.704 88.530
36.171 15.704 90.290
36.171 15.704 91.290
36.171 15.704 93.050
36.171 15.704 94.050
36.171 15.704 96.370
36.171 15.704 97.370
36.171 15.704 99.520
36.171 15.704 100.520
36.171 15.704 102.280
36.171 15.704 103.280
36.171 15.704 105.040
36.171 15.704 106.040
36.171 15.704 107.800
36.171 15.704 108.800
36.171 15.704 110.560
36.171 15.704 111.560
36.171 15.704 113.320
36.171 15.704 114.320
36.171 15.704 116.080
36.171 15.704 117.080
36.171 15.704 118.840
36.171 15.704 119.840
36.171 15.704 121.600
36.171 15.704 122.600
36.171 15.704 124.750
36.171 15.704 125.750
36.171 15.704 127.510
36.171 15.704 128.510
36.171 15.704 130.270
36.171 15.704 131.270
36.171 15.704 133.030
36.171 15.704 134.030
36.171 15.704 135.790
36.171 15.704 136.790
36.171 15.704 138.550
36.171 15.704 139.550
36.171 15.704 141.310
36.171 15.704 142.310
36.171 15.704 144.070
36.171 15.704 145.070
36.171 15.704 146.830
36.171 15.704 147.830
36.171 15.704 149.590
36.171 15.704 150.590
36.171 15.704 152.350
36.171 15.704 153.350
36.171 15.704 155.110
36.171 15.704 156.110
36.171 15.704 157.870
36.171 15.704 158.870
36.171 15.704 161.020
36.171 15.704 162.020
36.171 15.704 163.730
36.171 15.704 164.730
36.171 15.704 166.490
36.171 15.704 167.490
36.172 25.946 180.000
36.172 25.946 186.000
36.181 25.501 180.000
36.181 25.501 186.000
36.194 26.033 180.000
36.194 26.033 186.000
36.223 34.753 42.780
36.223 34.753 45.540
36.223 34.753 115.880
36.224 26.118 180.000
36.224 26.118 186.000
36.260 26.200 180.000
36.260 26.200 186.000
36.266 15.733 45.540
36.266 15.733 45.740
36.266 15.733 46.740
36.266 15.733 48.300
36.266 15.733 48.500
36.266 15.733 49.500
36.266 15.733 51.060
36.266 15.733 51.260
36.266 15.733 52.260
36.266 15.733 53.820
36.266 15.733 54.020
36.266 15.733 55.020
36.266 15.733 56.580
36.266 15.733 56.780
36.266 15.733 57.780
36.266 15.733 59.340
36.266 15.733 59.540
36.266 15.733 60.540
36.266 15.733 62.100
36.266 15.733 62.300
36.266 15.733 63.300
36.266 15.733 64.860
36.266 15.733 65.060
36.266 15.733 66.060
36.266 15.733 68.010
36.266 15.733 68.210
36.266 15.733 69.210
36.266 15.733 70.770
36.266 15.733 70.970
36.266 15.733 71.970
36.266 15.733 73.530
36.266 15.733 73.730
36.266 15.733 74.730
36.266 15.733 76.290
36.266 15.733 76.490
36.266 15.733 77.490
36.266 15.733 79.050
36.266 15.733 79.250
36.266 15.733 80.250
36.266 15.733 81.810
36.266 15.733 82.010
36.266 15.733 83.010
36.266 15.733 84.570
36.266 15.733 84.770
36.266 15.733 85.770
36.266 15.733 87.330
36.266 15.733 87.530
36.266 15.733 88.530
36.266 15.733 90.090
36.266 15.733 90.290
36.266 15.733 91.290
36.266 15.733 92.850
36.266 15.733 93.050
36.266 15.733 94.050
36.266 15.733 96.170
36.266 15.733 96.370
36.266 15.733 97.370
36.266 15.733 99.320
36.266 15.733 99.520
36.266 15.733 100.520
36.266 15.733 102.080
36.266 15.733 102.280
36.266 15.733 103.280
36.266 15.733 104.840
36.266 15.733 105.040
36.266 15.733 106.040
36.266 15.733 107.600
36.266 15.733 107.800
36.266 15.733 108.800
36.266 15.733 110.360
36.266 15.733 110.560
36.266 15.733 111.560
36.266 15.733 113.120
36.266 15.733 113.320
36.266 15.733 114.320
36.266 15.733 115.880
36.266 15.733 116.080
36.266 15.733 117.080
36.266 15.733 118.640
36.266 15.733 118.840
36.266 15.733 119.840
36.266 15.733 121.400
36.266 15.733 121.600
36.266 15.733 122.600
36.266 15.733 124.550
36.266 15.733 124.750
36.266 15.733 125.750
36.266 15.733 127.310
36.266 15.733 127.510
36.266 15.733 128.510
36.266 15.733 130.070
36.266 15.733 130.270
36.266 15.733 131.270
36.266 15.733 132.830
36.266 15.733 133.030
36.266 15.733 134.030
36.266 15.733 135.590
36.266 15.733 135.790
36.266 15.733 136.790
36.266 15.733 138.350
36.266 15.733 138.550
36.266 15.733 139.550
36.266 15.733 141.110
36.266 15.733 141.310
36.266 15.733 142.310
36.266 15.733 143.870
36.266 15.733 144.070
36.266 15.733 145.070
36.266 15.733 146.630
36.266 15.733 146.830
36.266 15.733 147.830
36.266 15.733 149.390
36.266 15.733 149.590
36.266 15.733 150.590
36.266 15.733 152.150
36.266 15.733 152.350
36.266 15.733 153.350
36.266 15.733 154.910
36.266 15.733 155.110
36.266 15.733 156.110
36.266 15.733 157.670
36.266 15.733 157.870
36.266 15.733 158.870
36.266 15.733 160.820
36.266 15.733 161.020
36.266 15.733 162.020
36.266 15.733 163.530
36.266 15.733 163.730
36.266 15.733 164.730
36.266 15.733 166.290
36.266 15.733 166.490
36.266 15.733 167.490
36.270 33.835 22.280
36.270 33.835 26.280
36.270 33.835 38.780
36.270 33.835 42.780
36.271 33.806 22.280
36.271 33.806 26.280
36.271 33.806 38.780
36.271 33.806 42.780
36.271 33.864 22.280
36.271 33.864 26.280
36.271 33.864 38.780
36.271 33.864 42.780
36.275 33.777 22.280
36.275 33.777 26.280
36.275 33.777 38.780
36.275 33.777 42.780
36.275 33.893 22.280
36.275 33.893 26.280
36.275 33.893 38.780
36.275 33.893 42.780
36.278 34.567 42.780
36.278 34.567 45.540
36.278 34.567 115.880
36.281 33.748 22.280
36.281 33.748 26.280
36.281 33.748 38.780
36.281 33.748 42.780
36.282 33.922 22.280
36.282 33.922 26.280
36.282 33.922 38.780
36.282 33.922 42.780
36.290 33.720 22.280
36.290 33.720 26.280
36.290 33.720 38.780
36.290 33.720 42.780
36.291 33.950 22.280
36.291 33.950 26.280
36.291 33.950 38.780
36.291 33.950 42.780
36.296 34.775 42.780
36.296 34.775 45.540
36.296 34.775 115.880
36.301 33.693 22.280
36.301 33.693 26.280
36.301 33.693 38.780
36.301 33.693 42.780
36.302 33.977 22.280
36.302 33.977 26.280
36.302 33.977 38.780
36.302 33.977 42.780
36.304 26.278 180.000
36.304 26.278 186.000
36.315 33.667 22.280
36.315 33.667 26.280
36.315 33.667 38.780
36.315 33.667 42.780
36.316 34.003 22.280
36.316 34.003 26.280
36.316 34.003 38.780
36.316 34.003 42.780
36.323 10.947 4.000
36.323 10.947 13.990
36.323 10.947 17.990
36.323 10.947 22.280
36.331 33.642 22.280
36.331 33.642 26.280
36.331 33.642 38.780
36.331 33.642 42.780
36.332 34.027 22.280
36.332 34.027 26.280
36.332 34.027 38.780
36.332 34.027 42.780
36.349 33.619 22.280
36.349 33.619 26.280
36.349 33.619 38.780
36.349 33.619 42.780
36.350 34.050 22.280
36.350 34.050 26.280
36.350 34.050 38.780
36.350 34.050 42.780
36.351 34.589 42.780
36.351 34.589 45.540
36.351 34.589 115.880
36.354 26.353 180.000
36.354 26.353 186.000
36.369 33.597 22.280
36.369 33.597 26.280
36.369 33.597 38.780
36.369 33.597 42.780
36.370 34.072 22.280
36.370 34.072 26.280
36.370 34.072 38.780
36.370 34.072 42.780
36.381 10.754 4.000
36.381 10.754 13.990
36.381 10.754 17.990
36.381 10.754 22.280
36.391 33.578 22.280
36.391 33.578 26.280
36.391 33.578 38.780
36.391 33.578 42.780
36.392 34.091 22.280
36.392 34.091 26.280
36.392 34.091 38.780
36.392 34.091 42.780
36.402 10.971 4.000
36.402 10.971 13.990
36.402 10.971 17.990
36.402 10.971 22.280
36.411 26.422 180.000
36.411 26.422 186.000
36.414 33.560 22.280
36.414 33.560 26.280
36.414 33.560 38.780
36.414 33.560 42.780
36.416 34.109 22.280
36.416 34.109 26.280
36.416 34.109 38.780
36.416 34.109 42.780
36.439 33.544 22.280
36.439 33.544 26.280
36.439 33.544 38.780
36.439 33.544 42.780
36.441 34.124 22.280
36.441 34.124 26.280
36.441 34.124 38.780
36.441 34.124 42.780
36.460 10.778 4.000
36.460 10.778 13.990
36.460 10.778 17.990
36.460 10.778 22.280
36.465 33.531 22.280
36.465 33.531 26.280
36.465 33.531 38.780
36.465 33.531 42.780
36.467 34.137 22.280
36.467 34.137 26.280
36.467 34.137 38.780
36.467 34.137 42.780
36.472 36.176 0.000
36.472 36.176 5.970
36.472 36.176 9.990
36.472 36.176 13.990
36.472 36.176 17.990
36.472 36.176 22.280
36.474 26.486 180.000
36.474 26.486 186.000
36.478 36.158 0.000
36.478 36.158 5.970
36.478 36.158 9.990
36.478 36.158 13.990
36.478 36.158 17.990
36.478 36.158 22.280
36.492 33.520 22.280
36.492 33.520 26.280
36.492 33.520 38.780
36.492 33.520 42.780
36.521 33.512 22.280
36.521 33.512 26.280
36.521 33.512 38.780
36.521 33.512 42.780
36.532 36.686 0.000
36.532 36.686 5.970
36.532 36.686 9.990
36.532 36.686 13.990
36.532 36.686 17.990
36.542 26.545 180.000
36.542 26.545 186.000
36.549 33.506 22.280
36.549 33.506 26.280
36.549 33.506 38.780
36.549 33.506 42.780
36.578 33.502 22.280
36.578 33.502 26.280
36.578 33.502 38.780
36.578 33.502 42.780
36.603 36.449 17.990
36.603 36.449 22.280
36.608 33.502 22.280
36.608 33.502 26.280
36.608 33.502 38.780
36.608 33.502 42.780
36.615 26.597 180.000
36.615 26.597 186.000
36.637 33.503 22.280
36.637 33.503 26.280
36.637 33.503 38.780
36.637 33.503 42.780
36.667 36.234 0.000
36.667 36.234 5.970
36.667 36.234 9.990
36.667 36.234 13.990
36.667 36.234 17.990
36.667 36.234 22.280
36.668 14.038 45.740
36.668 14.038 46.740
36.668 14.038 48.500
36.668 14.038 49.500
36.668 14.038 51.260
36.668 14.038 52.260
36.668 14.038 54.020
36.668 14.038 55.020
36.668 14.038 56.780
36.668 14.038 57.780
36.668 14.038 59.540
36.668 14.038 60.540
36.668 14.038 62.300
36.668 14.038 63.300
36.668 14.038 65.060
36.668 14.038 66.060
36.668 14.038 68.210
36.668 14.038 69.210
36.668 14.038 70.970
36.668 14.038 71.970
36.668 14.038 73.730
36.668 14.038 74.730
36.668 14.038 76.490
36.668 14.038 77.490
36.668 14.038 79.250
36.668 14.038 80.250
36.668 14.038 82.010
36.668 14.038 83.010
36.668 14.038 84.770
36.668 14.038 85.770
36.668 14.038 87.530
36.668 14.038 88.530
36.668 14.038 90.290
36.668 14.038 91.290
36.668 14.038 93.050
36.668 14.038 94.050
36.668 14.038 96.370
36.668 14.038 97.370
36.668 14.038 99.520
36.668 14.038 100.520
36.668 14.038 102.280
36.668 14.038 103.280
36.668 14.038 105.040
36.668 14.038 106.040
36.668 14.038 107.800
36.668 14.038 108.800
36.668 14.038 110.560
36.668 14.038 111.560
36.668 14.038 113.320
36.668 14.038 114.320
36.668 14.038 116.080
36.668 14.038 117.080
36.668 14.038 118.840
36.668 14.038 119.840
36.668 14.038 121.600
36.668 14.038 122.600
36.668 14.038 124.750
36.668 14.038 125.750
36.668 14.038 127.510
36.668 14.038 128.510
36.668 14.038 130.270
36.668 14.038 131.270
36.668 14.038 133.030
36.668 14.038 134.030
36.668 14.038 135.790
36.668 14.038 136.790
36.668 14.038 138.550
36.668 14.038 139.550
36.668 14.038 141.310
36.668 14.038 142.310
36.668 14.038 144.070
36.668 14.038 145.070
36.668 14.038 146.830
36.668 14.038 147.830
36.668 14.038 149.590
36.668 14.038 150.590
36.668 14.038 152.350
36.668 14.038 153.350
36.668 14.038 155.110
36.668 14.038 156.110
36.668 14.038 157.870
36.668 14.038 158.870
36.668 14.038 161.020
36.668 14.038 162.020
36.668 14.038 163.730
36.668 14.038 164.730
36.668 14.038 166.490
36.668 14.038 167.490
36.692 26.643 180.000
36.692 26.643 186.000
36.757 22.313 176.250
36.757 22.313 180.000
36.773 26.681 180.000
36.773 26.681 186.000
36.793 13.971 45.540
36.793 13.971 45.740
36.793 13.971 46.740
36.793 13.971 48.300
36.793 13.971 48.500
36.793 13.971 49.500
36.793 13.971 51.060
36.793 13.971 51.260
36.793 13.971 52.260
36.793 13.971 53.820
36.793 13.971 54.020
36.793 13.971 55.020
36.793 13.971 56.580
36.793 13.971 56.780
36.793 13.971 57.780
36.793 13.971 59.340
36.793 13.971 59.540
36.793 13.971 60.540
36.793 13.971 62.100
36.793 13.971 62.300
36.793 13.971 63.300
36.793 13.971 64.860
36.793 13.971 65.060
36.793 13.971 66.060
36.793 13.971 68.010
36.793 13.971 68.210
36.793 13.971 69.210
36.793 13.971 70.770
36.793 13.971 70.970
36.793 13.971 71.970
36.793 13.971 73.530
36.793 13.971 73.730
36.793 13.971 74.730
36.793 13.971 76.290
36.793 13.971 76.490
36.793 13.971 77.490
36.793 13.971 79.050
36.793 13.971 79.250
36.793 13.971 80.250
36.793 13.971 81.810
36.793 13.971 82.010
36.793 13.971 83.010
36.793 13.971 84.570
36.793 13.971 84.770
36.793 13.971 85.770
36.793 13.971 87.330
36.793 13.971 87.530
36.793 13.971 88.530
36.793 13.971 90.090
36.793 13.971 90.290
36.793 13.971 91.290
36.793 13.971 92.850
36.793 13.971 93.050
36.793 13.971 94.050
36.793 13.971 96.170
36.793 13.971 96.370
36.793 13.971 97.370
36.793 13.971 99.320
36.793 13.971 99.520
36.793 13.971 100.520
36.793 13.971 102.080
36.793 13.971 102.280
36.793 13.971 103.280
36.793 13.971 104.840
36.793 13.971 105.040
36.793 13.971 106.040
36.793 13.971 107.600
36.793 13.971 107.800
36.793 13.971 108.800
36.793 13.971 110.360
36.793 13.971 110.560
36.793 13.971 111.560
36.793 13.971 113.120
36.793 13.971 113.320
36.793 13.971 114.320
36.793 13.971 115.880
36.793 13.971 116.080
36.793 13.971 117.080
36.793 13.971 118.640
36.793 13.971 118.840
36.793 13.971 119.840
36.793 13.971 121.400
36.793 13.971 121.600
36.793 13.971 122.600
36.793 13.971 124.550
36.793 13.971 124.750
36.793 13.971 125.750
36.793 13.971 127.310
36.793 13.971 127.510
36.793 13.971 128.510
36.793 13.971 130.070
36.793 13.971 130.270
36.793 13.971 131.270
36.793 13.971 132.830
36.793 13.971 133.030
36.793 13.971 134.030
36.793 13.971 135.590
36.793 13.971 135.790
36.793 13.971 136.790
36.793 13.971 138.350
36.793 13.971 138.550
36.793 13.971 139.550
36.793 13.971 141.110
36.793 13.971 141.310
36.793 13.971 142.310
36.793 13.971 143.870
36.793 13.971 144.070
36.793 13.971 145.070
36.793 13.971 146.630
36.793 13.971 146.830
36.793 13.971 147.830
36.793 13.971 149.390
36.793 13.971 149.590
36.793 13.971 150.590
36.793 13.971 152.150
36.793 13.971 152.350
36.793 13.971 153.350
36.793 13.971 154.910
36.793 13.971 155.110
36.793 13.971 156.110
36.793 13.971 157.670
36.793 13.971 157.870
36.793 13.971 158.870
36.793 13.971 160.820
36.793 13.971 161.020
36.793 13.971 162.020
36.793 13.971 163.530
36.793 13.971 163.730
36.793 13.971 164.730
36.793 13.971 166.290
36.793 13.971 166.490
36.793 13.971 167.490
36.857 26.713 180.000
36.857 26.713 186.000
36.899 34.268 22.280
36.899 34.268 26.280
36.899 34.268 38.780
36.899 34.268 42.780
36.927 34.274 22.280
36.927 34.274 26.280
36.927 34.274 38.780
36.927 34.274 42.780
36.956 34.277 22.280
36.956 34.277 26.280
36.956 34.277 38.780
36.956 34.277 42.780
36.985 34.277 22.280
36.985 34.277 26.280
36.985 34.277 38.780
36.985 34.277 42.780
36.999 8.687 4.000
36.999 8.687 8.020
37.013 34.275 22.280
37.013 34.275 26.280
37.013 34.275 38.780
37.013 34.275 42.780
37.042 34.271 22.280
37.042 34.271 26.280
37.042 34.271 38.780
37.042 34.271 42.780
37.057 8.493 4.000
37.057 8.493 8.020
37.070 34.264 22.280
37.070 34.264 26.280
37.070 34.264 38.780
37.070 34.264 42.780
37.080 8.711 4.000
37.080 8.711 8.020
37.097 34.255 22.280
37.097 34.255 26.280
37.097 34.255 38.780
37.097 34.255 42.780
37.123 34.243 22.280
37.123 34.243 26.280
37.123 34.243 38.780
37.123 34.243 42.780
37.136 33.657 22.280
37.136 33.657 26.280
37.136 33.657 38.780
37.136 33.657 42.780
37.138 8.517 4.000
37.138 8.517 8.020
37.148 34.229 22.280
37.148 34.229 26.280
37.148 34.229 38.780
37.148 34.229 42.780
37.161 33.672 22.280
37.161 33.672 26.280
37.161 33.672 38.780
37.161 33.672 42.780
37.172 34.213 22.280
37.172 34.213 26.280
37.172 34.213 38.780
37.172 34.213 42.780
37.174 9.140 0.000
37.174 9.140 4.000
37.184 33.690 22.280
37.184 33.690 26.280
37.184 33.690 38.780
37.184 33.690 42.780
37.195 34.195 22.280
37.195 34.195 26.280
37.195 34.195 38.780
37.195 34.195 42.780
37.205 33.709 22.280
37.205 33.709 26.280
37.205 33.709 38.780
37.205 33.709 42.780
37.215 34.175 22.280
37.215 34.175 26.280
37.215 34.175 38.780
37.215 34.175 42.780
37.225 33.729 22.280
37.225 33.729 26.280
37.225 33.729 38.780
37.225 33.729 42.780
37.234 34.153 22.280
37.234 34.153 26.280
37.234 34.153 38.780
37.234 34.153 42.780
37.243 33.752 22.280
37.243 33.752 26.280
37.243 33.752 38.780
37.243 33.752 42.780
37.251 34.130 22.280
37.251 34.130 26.280
37.251 34.130 38.780
37.251 34.130 42.780
37.259 33.776 22.280
37.259 33.776 26.280
37.259 33.776 38.780
37.259 33.776 42.780
37.265 16.031 42.780
37.265 16.031 45.540
37.265 16.031 163.530
37.265 16.031 169.390
37.265 16.031 176.250
37.266 34.106 22.280
37.266 34.106 26.280
37.266 34.106 38.780
37.266 34.106 42.780
37.273 33.801 22.280
37.273 33.801 26.280
37.273 33.801 38.780
37.273 33.801 42.780
37.279 34.080 22.280
37.279 34.080 26.280
37.279 34.080 38.780
37.279 34.080 42.780
37.280 8.785 0.000
37.280 8.785 4.000
37.285 33.827 22.280
37.285 33.827 26.280
37.285 33.827 38.780
37.285 33.827 42.780
37.289 34.053 22.280
37.289 34.053 26.280
37.289 34.053 38.780
37.289 34.053 42.780
37.294 33.855 22.280
37.294 33.855 26.280
37.294 33.855 38.780
37.294 33.855 42.780
37.297 34.025 22.280
37.297 34.025 26.280
37.297 34.025 38.780
37.297 34.025 42.780
37.301 33.883 22.280
37.301 33.883 26.280
37.301 33.883 38.780
37.301 33.883 42.780
37.303 33.997 22.280
37.303 33.997 26.280
37.303 33.997 38.780
37.303 33.997 42.780
37.305 33.911 22.280
37.305 33.911 26.280
37.305 33.911 38.780
37.305 33.911 42.780
37.306 33.969 22.280
37.306 33.969 26.280
37.306 33.969 38.780
37.306 33.969 42.780
37.307 33.940 22.280
37.307 33.940 26.280
37.307 33.940 38.780
37.307 33.940 42.780
37.320 15.845 42.780
37.320 15.845 45.540
37.320 15.845 163.530
37.320 15.845 169.390
37.320 15.845 176.250
37.335 20.378 176.250
37.335 20.378 180.000
37.338 16.053 42.780
37.338 16.053 45.540
37.338 16.053 163.530
37.338 16.053 169.390
37.338 16.053 176.250
37.393 15.867 42.780
37.393 15.867 45.540
37.393 15.867 163.530
37.393 15.867 169.390
37.393 15.867 176.250
37.620 35.171 42.780
37.620 35.171 45.540
37.620 35.171 115.880
37.676 34.985 42.780
37.676 34.985 45.540
37.676 34.985 115.880
37.681 20.481 176.250
37.681 20.481 180.000
37.681 20.481 186.000
37.686 37.030 0.000
37.686 37.030 5.970
37.686 37.030 9.990
37.686 37.030 13.990
37.686 37.030 17.990
37.693 35.192 42.780
37.693 35.192 45.540
37.693 35.192 115.880
37.708 20.399 176.250
37.708 20.399 180.000
37.708 20.399 186.000
37.742 20.319 176.250
37.742 20.319 180.000
37.742 20.319 186.000
37.748 35.006 42.780
37.748 35.006 45.540
37.748 35.006 115.880
37.757 36.793 17.990
37.757 36.793 22.280
37.767 11.377 4.000
37.767 11.377 13.990
37.767 11.377 17.990
37.767 11.377 22.280
37.784 20.242 176.250
37.784 20.242 180.000
37.784 20.242 186.000
37.802 36.643 0.000
37.802 36.643 5.970
37.802 36.643 9.990
37.802 36.643 13.990
37.802 36.643 17.990
37.802 36.643 22.280
37.821 36.578 0.000
37.821 36.578 5.970
37.821 36.578 9.990
37.821 36.578 13.990
37.821 36.578 17.990
37.821 36.578 22.280
37.824 11.184 4.000
37.824 11.184 13.990
37.824 11.184 17.990
37.824 11.184 22.280
37.832 20.170 176.250
37.832 20.170 180.000
37.832 20.170 186.000
37.846 11.401 4.000
37.846 11.401 13.990
37.846 11.401 17.990
37.846 11.401 22.280
37.886 20.102 176.250
37.886 20.102 180.000
37.886 20.102 186.000
37.903 11.208 4.000
37.903 11.208 13.990
37.903 11.208 17.990
37.903 11.208 22.280
37.946 20.039 176.250
37.946 20.039 180.000
37.946 20.039 186.000
38.011 19.982 176.250
38.011 19.982 180.000
38.011 19.982 186.000
38.081 19.930 176.250
38.081 19.930 180.000
38.081 19.930 186.000
38.156 19.885 176.250
38.156 19.885 180.000
38.156 19.885 186.000
38.234 19.847 176.250
38.234 19.847 180.000
38.234 19.847 186.000
38.315 19.816 176.250
38.315 19.816 180.000
38.315 19.816 186.000
38.399 19.792 176.250
38.399 19.792 180.000
38.399 19.792 186.000
38.440 9.116 4.000
38.440 9.116 8.020
38.484 19.776 176.250
38.484 19.776 180.000
38.484 19.776 186.000
38.498 8.922 4.000
38.498 8.922 8.020
38.520 9.140 4.000
38.520 9.140 8.020
38.571 19.767 176.250
38.571 19.767 180.000
38.571 19.767 186.000
38.578 8.946 4.000
38.578 8.946 8.020
38.658 16.447 42.780
38.658 16.447 45.540
38.658 16.447 163.530
38.658 16.447 169.390
38.658 16.447 176.250
38.658 19.766 176.250
38.658 19.766 180.000
38.658 19.766 186.000
38.713 16.261 42.780
38.713 16.261 45.540
38.713 16.261 163.530
38.713 16.261 169.390
38.713 16.261 176.250
38.731 16.469 42.780
38.731 16.469 45.540
38.731 16.469 163.530
38.731 16.469 169.390
38.731 16.469 176.250
38.745 19.773 176.250
38.745 19.773 180.000
38.745 19.773 186.000
38.786 16.283 42.780
38.786 16.283 45.540
38.786 16.283 163.530
38.786 16.283 169.390
38.786 16.283 176.250
38.830 19.787 176.250
38.830 19.787 180.000
38.830 19.787 186.000
39.014 35.587 42.780
39.014 35.587 45.540
39.014 35.587 163.530
39.014 35.587 169.390
39.014 35.587 176.250
39.069 35.401 42.780
39.069 35.401 45.540
39.069 35.401 163.530
39.069 35.401 169.390
39.069 35.401 176.250
39.087 35.609 42.780
39.087 35.609 45.540
39.087 35.609 163.530
39.087 35.609 169.390
39.087 35.609 176.250
39.142 35.423 42.780
39.142 35.423 45.540
39.142 35.423 163.530
39.142 35.423 169.390
39.142 35.423 176.250
39.195 11.802 4.000
39.195 11.802 13.990
39.195 11.802 17.990
39.195 11.802 22.280
39.251 11.614 4.000
39.251 11.614 13.990
39.251 11.614 17.990
39.251 11.614 22.280
39.291 11.831 4.000
39.291 11.831 13.990
39.291 11.831 17.990
39.291 11.831 22.280
39.348 11.642 4.000
39.348 11.642 13.990
39.348 11.642 17.990
39.348 11.642 22.280
39.817 10.086 0.000
39.817 10.086 4.000
39.870 9.543 4.000
39.870 9.543 8.020
39.928 9.348 4.000
39.928 9.348 8.020
39.951 9.567 4.000
39.951 9.567 8.020
39.966 9.586 0.000
39.966 9.586 4.000
40.009 9.372 4.000
40.009 9.372 8.020
40.049 16.863 42.780
40.049 16.863 45.540
40.049 16.863 163.530
40.049 16.863 169.390
40.049 16.863 176.250
40.104 16.677 42.780
40.104 16.677 45.540
40.104 16.677 163.530
40.104 16.677 169.390
40.104 16.677 176.250
40.122 16.884 42.780
40.122 16.884 45.540
40.122 16.884 163.530
40.122 16.884 169.390
40.122 16.884 176.250
40.167 29.842 180.000
40.167 29.842 186.765
40.167 29.928 180.000
40.167 29.928 186.765
40.174 29.758 180.000
40.174 29.758 186.765
40.175 30.012 180.000
40.175 30.012 186.765
40.177 16.698 42.780
40.177 16.698 45.540
40.177 16.698 163.530
40.177 16.698 169.390
40.177 16.698 176.250
40.188 29.674 180.000
40.188 29.674 186.765
40.190 30.096 180.000
40.190 30.096 186.765
40.210 29.591 180.000
40.210 29.591 186.765
40.213 30.178 180.000
40.213 30.178 186.765
40.242 30.258 180.000
40.242 30.258 186.765
40.278 30.335 180.000
40.278 30.335 186.765
40.321 30.409 180.000
40.321 30.409 186.765
40.370 30.479 180.000
40.370 30.479 186.765
40.404 36.002 42.780
40.404 36.002 45.540
40.404 36.002 163.530
40.404 36.002 169.390
40.404 36.002 176.250
40.424 30.544 180.000
40.424 30.544 186.765
40.460 35.816 42.780
40.460 35.816 45.540
40.460 35.816 163.530
40.460 35.816 169.390
40.460 35.816 176.250
40.477 36.024 42.780
40.477 36.024 45.540
40.477 36.024 163.530
40.477 36.024 169.390
40.477 36.024 176.250
40.485 30.604 180.000
40.485 30.604 186.765
40.533 35.838 42.780
40.533 35.838 45.540
40.533 35.838 163.530
40.533 35.838 169.390
40.533 35.838 176.250
40.550 30.659 180.000
40.550 30.659 186.765
40.619 30.708 180.000
40.619 30.708 186.765
40.638 37.911 0.000
40.638 37.911 5.970
40.638 37.911 9.990
40.638 37.911 13.990
40.638 37.911 17.990
40.638 37.911 22.280
40.639 12.233 4.000
40.639 12.233 13.990
40.639 12.233 17.990
40.639 12.233 22.280
40.693 30.751 180.000
40.693 30.751 186.765
40.696 12.043 4.000
40.696 12.043 13.990
40.696 12.043 17.990
40.696 12.043 22.280
40.719 12.257 4.000
40.719 12.257 13.990
40.719 12.257 17.990
40.719 12.257 22.280
40.724 27.868 180.000
40.724 27.868 186.000
40.770 30.787 180.000
40.770 30.787 186.765
40.773 37.457 0.000
40.773 37.457 5.970
40.773 37.457 9.990
40.773 37.457 13.990
40.773 37.457 17.990
40.773 37.457 22.280
40.776 12.067 4.000
40.776 12.067 13.990
40.776 12.067 17.990
40.776 12.067 22.280
40.850 30.817 180.000
40.850 30.817 186.765
41.313 9.972 4.000
41.313 9.972 8.020
41.371 9.778 4.000
41.371 9.778 8.020
41.394 9.996 4.000
41.394 9.996 8.020
41.444 17.279 42.780
41.444 17.279 45.540
41.444 17.279 163.530
41.444 17.279 169.390
41.444 17.279 176.250
41.452 9.802 4.000
41.452 9.802 8.020
41.499 17.093 42.780
41.499 17.093 45.540
41.499 17.093 163.530
41.499 17.093 169.390
41.499 17.093 176.250
41.517 17.301 42.780
41.517 17.301 45.540
41.517 17.301 163.530
41.517 17.301 169.390
41.517 17.301 176.250
41.572 17.115 42.780
41.572 17.115 45.540
41.572 17.115 163.530
41.572 17.115 169.390
41.572 17.115 176.250
41.788 24.306 180.000
41.788 24.306 186.000
41.788 24.306 186.765
41.789 38.254 0.000
41.789 38.254 5.970
41.789 38.254 9.990
41.789 38.254 13.990
41.789 38.254 17.990
41.789 38.254 22.280
41.804 36.420 42.780
41.804 36.420 45.540
41.804 36.420 163.530
41.804 36.420 169.390
41.804 36.420 176.250
41.820 24.223 180.000
41.820 24.223 186.000
41.820 24.223 186.765
41.858 24.143 180.000
41.858 24.143 186.000
41.858 24.143 186.765
41.859 36.234 42.780
41.859 36.234 45.540
41.859 36.234 163.530
41.859 36.234 169.390
41.859 36.234 176.250
41.877 36.442 42.780
41.877 36.442 45.540
41.877 36.442 163.530
41.877 36.442 169.390
41.877 36.442 176.250
41.888 37.920 0.000
41.888 37.920 5.970
41.888 37.920 9.990
41.888 37.920 13.990
41.888 37.920 17.990
41.888 37.920 22.280
41.903 24.066 180.000
41.903 24.066 186.000
41.903 24.066 186.765
41.932 36.256 42.780
41.932 36.256 45.540
41.932 36.256 163.530
41.932 36.256 169.390
41.932 36.256 176.250
41.954 23.994 180.000
41.954 23.994 186.000
41.954 23.994 186.765
42.011 23.926 180.000
42.011 23.926 186.000
42.011 23.926 186.765
42.074 23.863 180.000
42.074 23.863 186.000
42.074 23.863 186.765
42.083 12.663 4.000
42.083 12.663 13.990
42.083 12.663 17.990
42.083 12.663 22.280
42.138 12.476 4.000
42.138 12.476 13.990
42.138 12.476 17.990
42.138 12.476 22.280
42.142 23.806 180.000
42.142 23.806 186.000
42.142 23.806 186.765
42.163 12.687 4.000
42.163 12.687 13.990
42.163 12.687 17.990
42.163 12.687 22.280
42.214 23.755 180.000
42.214 23.755 186.000
42.214 23.755 186.765
42.219 12.499 4.000
42.219 12.499 13.990
42.219 12.499 17.990
42.219 12.499 22.280
42.291 23.710 180.000
42.291 23.710 186.000
42.291 23.710 186.765
42.371 23.672 180.000
42.371 23.672 186.000
42.371 23.672 186.765
42.454 23.640 180.000
42.454 23.640 186.000
42.454 23.640 186.765
42.539 23.616 180.000
42.539 23.616 186.000
42.539 23.616 186.765
42.556 10.902 0.000
42.556 10.902 4.000
42.627 23.599 180.000
42.627 23.599 186.000
42.627 23.599 186.765
42.653 38.148 0.000
42.653 38.148 5.970
42.653 38.148 9.990
42.653 38.148 13.990
42.653 38.148 17.990
42.653 38.148 22.280
42.660 38.124 0.000
42.660 38.124 5.970
42.660 38.124 9.990
42.660 38.124 13.990
42.660 38.124 17.990
42.660 38.124 22.280
42.703 10.411 0.000
42.703 10.411 4.000
42.715 23.590 180.000
42.715 23.590 186.000
42.715 23.590 186.765
42.757 10.402 4.000
42.757 10.402 8.020
42.804 23.588 180.000
42.804 23.588 186.000
42.804 23.588 186.765
42.815 10.208 4.000
42.815 10.208 8.020
42.837 10.427 4.000
42.837 10.427 8.020
42.839 17.696 42.780
42.839 17.696 45.540
42.839 17.696 163.530
42.839 17.696 169.390
42.839 17.696 176.250
42.892 23.594 180.000
42.892 23.594 186.000
42.892 23.594 186.765
42.894 17.510 42.780
42.894 17.510 45.540
42.894 17.510 163.530
42.894 17.510 169.390
42.894 17.510 176.250
42.895 10.232 4.000
42.895 10.232 8.020
42.912 17.718 42.780
42.912 17.718 45.540
42.912 17.718 163.530
42.912 17.718 169.390
42.912 17.718 176.250
42.967 17.532 42.780
42.967 17.532 45.540
42.967 17.532 163.530
42.967 17.532 169.390
42.967 17.532 176.250
42.980 23.607 180.000
42.980 23.607 186.000
42.980 23.607 186.765
43.200 36.837 42.780
43.200 36.837 45.540
43.200 36.837 163.530
43.200 36.837 169.390
43.200 36.837 176.250
43.255 36.651 42.780
43.255 36.651 45.540
43.255 36.651 163.530
43.255 36.651 169.390
43.255 36.651 176.250
43.273 36.859 42.780
43.273 36.859 45.540
43.273 36.859 163.530
43.273 36.859 169.390
43.273 36.859 176.250
43.328 36.673 42.780
43.328 36.673 45.540
43.328 36.673 163.530
43.328 36.673 169.390
43.328 36.673 176.250
43.369 35.955 22.280
43.369 35.955 26.280
43.369 35.955 38.780
43.369 35.955 42.780
43.370 21.143 180.000
43.370 21.143 186.000
43.370 35.926 22.280
43.370 35.926 26.280
43.370 35.926 38.780
43.370 35.926 42.780
43.370 35.985 22.280
43.370 35.985 26.280
43.370 35.985 38.780
43.370 35.985 42.780
43.374 35.897 22.280
43.374 35.897 26.280
43.374 35.897 38.780
43.374 35.897 42.780
43.374 36.014 22.280
43.374 36.014 26.280
43.374 36.014 38.780
43.374 36.014 42.780
43.380 35.868 22.280
43.380 35.868 26.280
43.380 35.868 38.780
43.380 35.868 42.780
43.381 36.042 22.280
43.381 36.042 26.280
43.381 36.042 38.780
43.381 36.042 42.780
43.389 35.840 22.280
43.389 35.840 26.280
43.389 35.840 38.780
43.389 35.840 42.780
43.390 36.070 22.280
43.390 36.070 26.280
43.390 36.070 38.780
43.390 36.070 42.780
43.400 35.813 22.280
43.400 35.813 26.280
43.400 35.813 38.780
43.400 35.813 42.780
43.401 36.097 22.280
43.401 36.097 26.280
43.401 36.097 38.780
43.401 36.097 42.780
43.414 35.787 22.280
43.414 35.787 26.280
43.414 35.787 38.780
43.414 35.787 42.780
43.415 36.123 22.280
43.415 36.123 26.280
43.415 36.123 38.780
43.415 36.123 42.780
43.430 35.762 22.280
43.430 35.762 26.280
43.430 35.762 38.780
43.430 35.762 42.780
43.431 36.148 22.280
43.431 36.148 26.280
43.431 36.148 38.780
43.431 36.148 42.780
43.448 35.739 22.280
43.448 35.739 26.280
43.448 35.739 38.780
43.448 35.739 42.780
43.449 36.171 22.280
43.449 36.171 26.280
43.449 36.171 38.780
43.449 36.171 42.780
43.452 21.185 180.000
43.452 21.185 186.000
43.468 35.718 22.280
43.468 35.718 26.280
43.468 35.718 38.780
43.468 35.718 42.780
43.469 36.192 22.280
43.469 36.192 26.280
43.469 36.192 38.780
43.469 36.192 42.780
43.489 35.698 22.280
43.489 35.698 26.280
43.489 35.698 38.780
43.489 35.698 42.780
43.491 36.212 22.280
43.491 36.212 26.280
43.491 36.212 38.780
43.491 36.212 42.780
43.503 23.763 180.000
43.503 23.763 186.000
43.512 13.089 4.000
43.512 13.089 13.990
43.512 13.089 17.990
43.512 13.089 22.280
43.513 35.680 22.280
43.513 35.680 26.280
43.513 35.680 38.780
43.513 35.680 42.780
43.515 36.229 22.280
43.515 36.229 26.280
43.515 36.229 38.780
43.515 36.229 42.780
43.529 21.233 180.000
43.529 21.233 186.000
43.538 35.665 22.280
43.538 35.665 26.280
43.538 35.665 38.780
43.538 35.665 42.780
43.540 36.245 22.280
43.540 36.245 26.280
43.540 36.245 38.780
43.540 36.245 42.780
43.564 35.651 22.280
43.564 35.651 26.280
43.564 35.651 38.780
43.564 35.651 42.780
43.566 36.258 22.280
43.566 36.258 26.280
43.566 36.258 38.780
43.566 36.258 42.780
43.568 12.902 4.000
43.568 12.902 13.990
43.568 12.902 17.990
43.568 12.902 22.280
43.590 13.112 4.000
43.590 13.112 13.990
43.590 13.112 17.990
43.590 13.112 22.280
43.591 35.641 22.280
43.591 35.641 26.280
43.591 35.641 38.780
43.591 35.641 42.780
43.601 21.288 180.000
43.601 21.288 186.000
43.619 35.632 22.280
43.619 35.632 26.280
43.619 35.632 38.780
43.619 35.632 42.780
43.646 12.925 4.000
43.646 12.925 13.990
43.646 12.925 17.990
43.646 12.925 22.280
43.648 35.626 22.280
43.648 35.626 26.280
43.648 35.626 38.780
43.648 35.626 42.780
43.669 21.349 180.000
43.669 21.349 186.000
43.677 35.623 22.280
43.677 35.623 26.280
43.677 35.623 38.780
43.677 35.623 42.780
43.706 35.622 22.280
43.706 35.622 26.280
43.706 35.622 38.780
43.706 35.622 42.780
43.730 21.416 180.000
43.730 21.416 186.000
43.736 35.624 22.280
43.736 35.624 26.280
43.736 35.624 38.780
43.736 35.624 42.780
43.786 21.489 180.000
43.786 21.489 186.000
43.834 21.566 180.000
43.834 21.566 186.000
43.835 38.496 0.000
43.835 38.496 5.970
43.835 38.496 9.990
43.835 38.496 13.990
43.835 38.496 17.990
43.835 38.496 22.280
43.841 38.476 0.000
43.841 38.476 5.970
43.841 38.476 9.990
43.841 38.476 13.990
43.841 38.476 17.990
43.841 38.476 22.280
43.876 21.647 180.000
43.876 21.647 186.000
43.910 21.731 180.000
43.910 21.731 186.000
43.937 21.818 180.000
43.937 21.818 186.000
43.950 22.270 180.000
43.950 22.270 186.000
43.955 21.907 180.000
43.955 21.907 186.000
43.963 22.180 180.000
43.963 22.180 186.000
43.966 21.998 180.000
43.966 21.998 186.000
43.969 22.089 180.000
43.969 22.089 186.000
43.998 36.389 22.280
43.998 36.389 26.280
43.998 36.389 38.780
43.998 36.389 42.780
44.026 36.394 22.280
44.026 36.394 26.280
44.026 36.394 38.780
44.026 36.394 42.780
44.048 36.885 26.280
44.048 36.885 30.280
44.048 36.885 34.280
44.048 36.885 38.780
44.055 36.397 22.280
44.055 36.397 26.280
44.055 36.397 38.780
44.055 36.397 42.780
44.083 36.398 22.280
44.083 36.398 26.280
44.083 36.398 38.780
44.083 36.398 42.780
44.112 36.396 22.280
44.112 36.396 26.280
44.112 36.396 38.780
44.112 36.396 42.780
44.140 36.391 22.280
44.140 36.391 26.280
44.140 36.391 38.780
44.140 36.391 42.780
44.153 36.891 26.280
44.153 36.891 30.280
44.153 36.891 34.280
44.153 36.891 38.780
44.168 36.384 22.280
44.168 36.384 26.280
44.168 36.384 38.780
44.168 36.384 42.780
44.190 10.829 4.000
44.190 10.829 8.020
44.196 36.375 22.280
44.196 36.375 26.280
44.196 36.375 38.780
44.196 36.375 42.780
44.222 36.363 22.280
44.222 36.363 26.280
44.222 36.363 38.780
44.222 36.363 42.780
44.228 18.111 42.780
44.228 18.111 45.540
44.228 18.111 163.530
44.228 18.111 169.390
44.228 18.111 176.250
44.235 35.778 22.280
44.235 35.778 26.280
44.235 35.778 38.780
44.235 35.778 42.780
44.247 36.349 22.280
44.247 36.349 26.280
44.247 36.349 38.780
44.247 36.349 42.780
44.248 10.635 4.000
44.248 10.635 8.020
44.258 36.888 26.280
44.258 36.888 30.280
44.258 36.888 34.280
44.258 36.888 38.780
44.259 35.793 22.280
44.259 35.793 26.280
44.259 35.793 38.780
44.259 35.793 42.780
44.263 11.716 0.000
44.263 11.716 4.000
44.270 10.853 4.000
44.270 10.853 8.020
44.271 36.333 22.280
44.271 36.333 26.280
44.271 36.333 38.780
44.271 36.333 42.780
44.283 35.810 22.280
44.283 35.810 26.280
44.283 35.810 38.780
44.283 35.810 42.780
44.284 17.925 42.780
44.284 17.925 45.540
44.284 17.925 163.530
44.284 17.925 169.390
44.284 17.925 176.250
44.293 36.315 22.280
44.293 36.315 26.280
44.293 36.315 38.780
44.293 36.315 42.780
44.301 18.133 42.780
44.301 18.133 45.540
44.301 18.133 163.530
44.301 18.133 169.390
44.301 18.133 176.250
44.304 35.829 22.280
44.304 35.829 26.280
44.304 35.829 38.780
44.304 35.829 42.780
44.314 36.295 22.280
44.314 36.295 26.280
44.314 36.295 38.780
44.314 36.295 42.780
44.324 35.850 22.280
44.324 35.850 26.280
44.324 35.850 38.780
44.324 35.850 42.780
44.328 10.659 4.000
44.328 10.659 8.020
44.333 36.274 22.280
44.333 36.274 26.280
44.333 36.274 38.780
44.333 36.274 42.780
44.342 35.872 22.280
44.342 35.872 26.280
44.342 35.872 38.780
44.342 35.872 42.780
44.350 36.250 22.280
44.350 36.250 26.280
44.350 36.250 38.780
44.350 36.250 42.780
44.357 17.947 42.780
44.357 17.947 45.540
44.357 17.947 163.530
44.357 17.947 169.390
44.357 17.947 176.250
44.358 35.896 22.280
44.358 35.896 26.280
44.358 35.896 38.780
44.358 35.896 42.780
44.362 36.876 26.280
44.362 36.876 30.280
44.362 36.876 34.280
44.362 36.876 38.780
44.365 36.226 22.280
44.365 36.226 26.280
44.365 36.226 38.780
44.365 36.226 42.780
44.372 35.921 22.280
44.372 35.921 26.280
44.372 35.921 38.780
44.372 35.921 42.780
44.378 36.200 22.280
44.378 36.200 26.280
44.378 36.200 38.780
44.378 36.200 42.780
44.383 35.948 22.280
44.383 35.948 26.280
44.383 35.948 38.780
44.383 35.948 42.780
44.388 36.173 22.280
44.388 36.173 26.280
44.388 36.173 38.780
44.388 36.173 42.780
44.392 35.975 22.280
44.392 35.975 26.280
44.392 35.975 38.780
44.392 35.975 42.780
44.396 36.146 22.280
44.396 36.146 26.280
44.396 36.146 38.780
44.396 36.146 42.780
44.399 36.003 22.280
44.399 36.003 26.280
44.399 36.003 38.780
44.399 36.003 42.780
44.402 36.117 22.280
44.402 36.117 26.280
44.402 36.117 38.780
44.402 36.117 42.780
44.404 36.031 22.280
44.404 36.031 26.280
44.404 36.031 38.780
44.404 36.031 42.780
44.405 36.089 22.280
44.405 36.089 26.280
44.405 36.089 38.780
44.405 36.089 42.780
44.406 36.060 22.280
44.406 36.060 26.280
44.406 36.060 38.780
44.406 36.060 42.780
44.465 36.855 26.280
44.465 36.855 30.280
44.465 36.855 34.280
44.465 36.855 38.780
44.493 10.944 0.000
44.493 10.944 4.000
44.500 39.064 0.000
44.500 39.064 5.970
44.500 39.064 9.990
44.500 39.064 13.990
44.500 39.064 17.990
44.500 39.064 22.280
44.566 36.826 26.280
44.566 36.826 30.280
44.566 36.826 34.280
44.566 36.826 38.780
44.593 37.253 42.780
44.593 37.253 45.540
44.593 37.253 163.530
44.593 37.253 169.390
44.593 37.253 176.250
44.601 38.725 0.000
44.601 38.725 5.970
44.601 38.725 9.990
44.601 38.725 13.990
44.601 38.725 17.990
44.601 38.725 22.280
44.649 37.067 42.780
44.649 37.067 45.540
44.649 37.067 163.530
44.649 37.067 169.390
44.649 37.067 176.250
44.664 36.788 26.280
44.664 36.788 30.280
44.664 36.788 34.280
44.664 36.788 38.780
44.666 37.275 42.780
44.666 37.275 45.540
44.666 37.275 163.530
44.666 37.275 169.390
44.666 37.275 176.250
44.722 37.089 42.780
44.722 37.089 45.540
44.722 37.089 163.530
44.722 37.089 169.390
44.722 37.089 176.250
44.758 36.743 26.280
44.758 36.743 30.280
44.758 36.743 34.280
44.758 36.743 38.780
44.848 36.689 26.280
44.848 36.689 30.280
44.848 36.689 34.280
44.848 36.689 38.780
44.933 36.628 26.280
44.933 36.628 30.280
44.933 36.628 34.280
44.933 36.628 38.780
44.955 13.519 4.000
44.955 13.519 13.990
44.955 13.519 17.990
44.955 13.519 22.280
45.010 13.335 4.000
45.010 13.335 13.990
45.010 13.335 17.990
45.010 13.335 22.280
45.013 36.560 26.280
45.013 36.560 30.280
45.013 36.560 34.280
45.013 36.560 38.780
45.035 13.543 4.000
45.035 13.543 13.990
45.035 13.543 17.990
45.035 13.543 22.280
45.087 36.486 26.280
45.087 36.486 30.280
45.087 36.486 34.280
45.087 36.486 38.780
45.090 13.359 4.000
45.090 13.359 13.990
45.090 13.359 17.990
45.090 13.359 22.280
45.154 36.405 26.280
45.154 36.405 30.280
45.154 36.405 34.280
45.154 36.405 38.780
45.214 36.319 26.280
45.214 36.319 30.280
45.214 36.319 34.280
45.214 36.319 38.780
45.267 36.229 26.280
45.267 36.229 30.280
45.267 36.229 34.280
45.267 36.229 38.780
45.312 36.134 26.280
45.312 36.134 30.280
45.312 36.134 34.280
45.312 36.134 38.780
45.349 36.036 26.280
45.349 36.036 30.280
45.349 36.036 34.280
45.349 36.036 38.780
45.625 39.399 0.000
45.625 39.399 5.970
45.625 39.399 9.990
45.625 39.399 13.990
45.625 39.399 17.990
45.625 39.399 22.280
45.630 18.529 42.780
45.630 18.529 45.540
45.630 18.529 163.530
45.630 18.529 169.390
45.630 18.529 176.250
45.635 11.260 4.000
45.635 11.260 8.020
45.685 18.343 42.780
45.685 18.343 45.540
45.685 18.343 163.530
45.685 18.343 169.390
45.685 18.343 176.250
45.693 11.065 4.000
45.693 11.065 8.020
45.703 18.551 42.780
45.703 18.551 45.540
45.703 18.551 163.530
45.703 18.551 169.390
45.703 18.551 176.250
45.716 11.284 4.000
45.716 11.284 8.020
45.758 18.365 42.780
45.758 18.365 45.540
45.758 18.365 163.530
45.758 18.365 169.390
45.758 18.365 176.250
45.773 11.089 4.000
45.773 11.089 8.020
45.990 37.670 42.780
45.990 37.670 45.540
45.990 37.670 163.530
45.990 37.670 169.390
45.990 37.670 176.250
46.046 37.484 42.780
46.046 37.484 45.540
46.046 37.484 163.530
46.046 37.484 169.390
46.046 37.484 176.250
46.063 37.692 42.780
46.063 37.692 45.540
46.063 37.692 163.530
46.063 37.692 169.390
46.063 37.692 176.250
46.119 37.506 42.780
46.119 37.506 45.540
46.119 37.506 163.530
46.119 37.506 169.390
46.119 37.506 176.250
46.385 13.945 4.000
46.385 13.945 13.990
46.385 13.945 17.990
46.385 13.945 22.280
46.440 13.759 4.000
46.440 13.759 13.990
46.440 13.759 17.990
46.440 13.759 22.280
46.481 13.973 4.000
46.481 13.973 13.990
46.481 13.973 17.990
46.481 13.973 22.280
46.527 36.374 0.000
46.527 36.374 4.000
46.527 36.374 8.020
46.527 36.374 13.990
46.527 36.374 17.990
46.527 36.374 22.280
46.537 13.787 4.000
46.537 13.787 13.990
46.537 13.787 17.990
46.537 13.787 22.280
47.022 18.945 42.780
47.022 18.945 45.540
47.022 18.945 163.530
47.022 18.945 169.390
47.022 18.945 176.250
47.060 11.685 4.000
47.060 11.685 8.020
47.077 18.759 42.780
47.077 18.759 45.540
47.077 18.759 163.530
47.077 18.759 169.390
47.077 18.759 176.250
47.094 18.967 42.780
47.094 18.967 45.540
47.094 18.967 163.530
47.094 18.967 169.390
47.094 18.967 176.250
47.118 11.490 4.000
47.118 11.490 8.020
47.141 11.709 4.000
47.141 11.709 8.020
47.150 18.781 42.780
47.150 18.781 45.540
47.150 18.781 163.530
47.150 18.781 169.390
47.150 18.781 176.250
47.199 11.514 4.000
47.199 11.514 8.020
47.391 38.089 42.780
47.391 38.089 45.540
47.391 38.089 163.530
47.391 38.089 169.390
47.391 38.089 176.250
47.447 37.903 42.780
47.447 37.903 45.540
47.447 37.903 163.530
47.447 37.903 169.390
47.447 37.903 176.250
47.464 38.110 42.780
47.464 38.110 45.540
47.464 38.110 163.530
47.464 38.110 169.390
47.464 38.110 176.250
47.519 37.924 42.780
47.519 37.924 45.540
47.519 37.924 163.530
47.519 37.924 169.390
47.519 37.924 176.250
47.827 14.374 4.000
47.827 14.374 13.990
47.827 14.374 17.990
47.827 14.374 22.280
47.881 14.191 4.000
47.881 14.191 13.990
47.881 14.191 17.990
47.881 14.191 22.280
47.907 14.398 4.000
47.907 14.398 13.990
47.907 14.398 17.990
47.907 14.398 22.280
47.961 14.215 4.000
47.961 14.215 13.990
47.961 14.215 17.990
47.961 14.215 22.280
48.057 12.846 0.000
48.057 12.846 4.000
48.280 12.096 0.000
48.280 12.096 4.000
48.421 19.363 42.780
48.421 19.363 45.540
48.421 19.363 163.530
48.421 19.363 169.390
48.421 19.363 176.250
48.477 19.177 42.780
48.477 19.177 45.540
48.477 19.177 163.530
48.477 19.177 169.390
48.477 19.177 176.250
48.494 19.385 42.780
48.494 19.385 45.540
48.494 19.385 163.530
48.494 19.385 169.390
48.494 19.385 176.250
48.507 12.115 4.000
48.507 12.115 8.020
48.550 19.199 42.780
48.550 19.199 45.540
48.550 19.199 163.530
48.550 19.199 169.390
48.550 19.199 176.250
48.565 11.921 4.000
48.565 11.921 8.020
48.587 12.139 4.000
48.587 12.139 8.020
48.645 11.945 4.000
48.645 11.945 8.020
48.663 38.269 30.280
48.663 38.269 34.280
48.663 38.269 38.780
48.663 38.269 42.780
48.666 38.260 22.280
48.666 38.260 26.280
48.667 38.260 4.000
48.667 38.260 8.020
48.667 38.260 13.990
48.667 38.260 17.990
48.667 38.260 22.280
48.780 38.504 42.780
48.780 38.504 45.540
48.780 38.504 163.530
48.780 38.504 169.390
48.780 38.504 176.250
48.782 38.511 4.000
48.782 38.511 13.990
48.782 38.511 17.990
48.782 38.511 22.280
48.782 38.511 30.280
48.782 38.511 38.780
48.782 38.511 42.780
48.834 38.335 4.000
48.834 38.335 8.020
48.834 38.335 13.990
48.834 38.335 17.990
48.834 38.335 22.280
48.834 38.335 30.280
48.834 38.335 38.780
48.834 38.335 42.780
48.834 38.346 30.280
48.834 38.346 34.280
48.834 38.346 38.780
48.834 38.346 42.780
48.836 38.318 42.780
48.836 38.318 45.540
48.836 38.318 163.530
48.836 38.318 169.390
48.836 38.318 176.250
48.841 38.312 4.000
48.841 38.312 8.020
48.841 38.312 13.990
48.841 38.312 17.990
48.841 38.312 22.280
48.842 38.322 30.280
48.842 38.322 34.280
48.842 38.322 38.780
48.842 38.322 42.780
48.853 38.525 42.780
48.853 38.525 45.540
48.853 38.525 163.530
48.853 38.525 169.390
48.853 38.525 176.250
48.862 38.535 4.000
48.862 38.535 13.990
48.862 38.535 17.990
48.862 38.535 22.280
48.862 38.535 30.280
48.862 38.535 38.780
48.862 38.535 42.780
48.908 38.339 42.780
48.908 38.339 45.540
48.908 38.339 163.530
48.908 38.339 169.390
48.908 38.339 176.250
48.915 38.359 4.000
48.915 38.359 13.990
48.915 38.359 17.990
48.915 38.359 22.280
48.915 38.359 30.280
48.915 38.359 38.780
48.915 38.359 42.780
49.004 37.127 30.280
49.004 37.127 34.280
49.004 37.127 38.780
49.004 37.127 42.780
49.009 37.113 4.000
49.009 37.113 8.020
49.009 37.113 13.990
49.009 37.113 17.990
49.009 37.113 22.280
49.009 37.113 26.280
49.207 38.457 30.280
49.207 38.457 34.280
49.207 38.457 38.780
49.207 38.457 42.780
49.215 38.431 30.280
49.215 38.431 34.280
49.215 38.431 38.780
49.215 38.431 42.780
49.275 14.806 4.000
49.275 14.806 13.990
49.275 14.806 17.990
49.275 14.806 22.280
49.330 14.622 4.000
49.330 14.622 13.990
49.330 14.622 17.990
49.330 14.622 22.280
49.353 14.829 4.000
49.353 14.829 13.990
49.353 14.829 17.990
49.353 14.829 22.280
49.407 14.645 4.000
49.407 14.645 13.990
49.407 14.645 17.990
49.407 14.645 22.280
49.637 25.935 0.000
49.637 25.935 4.000
49.637 25.935 5.970
49.637 25.935 8.020
49.637 25.935 9.990
49.637 25.935 13.990
49.637 25.935 17.990
49.637 25.935 22.280
49.756 33.477 180.000
49.756 33.477 186.765
49.816 19.780 42.780
49.816 19.780 45.540
49.816 19.780 163.530
49.816 19.780 169.390
49.816 19.780 176.250
49.839 33.495 180.000
49.839 33.495 186.765
49.871 19.594 42.780
49.871 19.594 45.540
49.871 19.594 163.530
49.871 19.594 169.390
49.871 19.594 176.250
49.889 19.801 42.780
49.889 19.801 45.540
49.889 19.801 163.530
49.889 19.801 169.390
49.889 19.801 176.250
49.924 33.506 180.000
49.924 33.506 186.765
49.944 19.615 42.780
49.944 19.615 45.540
49.944 19.615 163.530
49.944 19.615 169.390
49.944 19.615 176.250
49.950 12.545 4.000
49.950 12.545 8.020
50.008 12.351 4.000
50.008 12.351 8.020
50.009 33.509 180.000
50.009 33.509 186.765
50.031 12.569 4.000
50.031 12.569 8.020
50.035 38.693 0.000
50.035 38.693 4.000
50.089 12.375 4.000
50.089 12.375 8.020
50.094 33.506 180.000
50.094 33.506 186.765
50.177 38.921 42.780
50.177 38.921 45.540
50.177 38.921 163.530
50.177 38.921 169.390
50.177 38.921 176.250
50.177 38.927 4.000
50.177 38.927 13.990
50.177 38.927 17.990
50.177 38.927 22.280
50.177 38.927 30.280
50.177 38.927 38.780
50.177 38.927 42.780
50.178 33.495 180.000
50.178 33.495 186.765
50.229 38.751 4.000
50.229 38.751 13.990
50.229 38.751 17.990
50.229 38.751 22.280
50.229 38.751 30.280
50.229 38.751 38.780
50.229 38.751 42.780
50.232 38.735 42.780
50.232 38.735 45.540
50.232 38.735 163.530
50.232 38.735 169.390
50.232 38.735 176.250
50.250 38.942 42.780
50.250 38.942 45.540
50.250 38.942 163.530
50.250 38.942 169.390
50.250 38.942 176.250
50.257 38.951 4.000
50.257 38.951 13.990
50.257 38.951 17.990
50.257 38.951 22.280
50.257 38.951 30.280
50.257 38.951 38.780
50.257 38.951 42.780
50.262 33.477 180.000
50.262 33.477 186.765
50.305 38.756 42.780
50.305 38.756 45.540
50.305 38.756 163.530
50.305 38.756 169.390
50.305 38.756 176.250
50.310 38.775 4.000
50.310 38.775 13.990
50.310 38.775 17.990
50.310 38.775 22.280
50.310 38.775 30.280
50.310 38.775 38.780
50.310 38.775 42.780
50.343 33.451 180.000
50.343 33.451 186.765
50.384 37.523 0.000
50.384 37.523 4.000
50.422 33.419 180.000
50.422 33.419 186.765
50.498 33.380 180.000
50.498 33.380 186.765
50.570 33.335 180.000
50.570 33.335 186.765
50.638 33.284 180.000
50.638 33.284 186.765
50.700 15.230 4.000
50.700 15.230 13.990
50.700 15.230 17.990
50.700 15.230 22.280
50.702 33.227 180.000
50.702 33.227 186.765
50.754 15.049 4.000
50.754 15.049 13.990
50.754 15.049 17.990
50.754 15.049 22.280
50.760 33.165 180.000
50.760 33.165 186.765
50.780 15.254 4.000
50.780 15.254 13.990
50.780 15.254 17.990
50.780 15.254 22.280
50.813 33.098 180.000
50.813 33.098 186.765
50.834 15.073 4.000
50.834 15.073 13.990
50.834 15.073 17.990
50.834 15.073 22.280
50.860 33.026 180.000
50.860 33.026 186.765
50.900 32.951 180.000
50.900 32.951 186.765
50.934 32.873 180.000
50.934 32.873 186.765
51.208 20.196 42.780
51.208 20.196 45.540
51.208 20.196 163.530
51.208 20.196 169.390
51.208 20.196 176.250
51.264 20.010 42.780
51.264 20.010 45.540
51.264 20.010 163.530
51.264 20.010 169.390
51.264 20.010 176.250
51.281 20.217 42.780
51.281 20.217 45.540
51.281 20.217 163.530
51.281 20.217 169.390
51.281 20.217 176.250
51.336 20.031 42.780
51.336 20.031 45.540
51.336 20.031 163.530
51.336 20.031 169.390
51.336 20.031 176.250
51.377 12.971 4.000
51.377 12.971 8.020
51.435 12.776 4.000
51.435 12.776 8.020
51.458 12.995 4.000
51.458 12.995 8.020
51.516 12.800 4.000
51.516 12.800 8.020
51.569 39.336 42.780
51.569 39.336 45.540
51.569 39.336 163.530
51.569 39.336 169.390
51.569 39.336 176.250
51.571 39.342 4.000
51.571 39.342 13.990
51.571 39.342 17.990
51.571 39.342 22.280
51.571 39.342 30.280
51.571 39.342 38.780
51.571 39.342 42.780
51.623 39.166 4.000
51.623 39.166 13.990
51.623 39.166 17.990
51.623 39.166 22.280
51.623 39.166 30.280
51.623 39.166 38.780
51.623 39.166 42.780
51.624 39.150 42.780
51.624 39.150 45.540
51.624 39.150 163.530
51.624 39.150 169.390
51.624 39.150 176.250
51.642 39.358 42.780
51.642 39.358 45.540
51.642 39.358 163.530
51.642 39.358 169.390
51.642 39.358 176.250
51.651 39.366 4.000
51.651 39.366 13.990
51.651 39.366 17.990
51.651 39.366 22.280
51.651 39.366 30.280
51.651 39.366 38.780
51.651 39.366 42.780
51.697 39.172 42.780
51.697 39.172 45.540
51.697 39.172 163.530
51.697 39.172 169.390
51.697 39.172 176.250
51.703 39.190 4.000
51.703 39.190 13.990
51.703 39.190 17.990
51.703 39.190 22.280
51.703 39.190 30.280
51.703 39.190 38.780
51.703 39.190 42.780
51.936 39.567 163.530
51.936 39.567 166.290
51.936 39.567 169.390
51.939 26.282 180.000
51.939 26.282 186.765
51.939 39.672 163.530
51.939 39.672 166.290
51.939 39.672 169.390
51.942 39.462 163.530
51.942 39.462 166.290
51.942 39.462 169.390
51.951 39.776 163.530
51.951 39.776 166.290
51.951 39.776 169.390
51.957 39.359 163.530
51.957 39.359 166.290
51.957 39.359 169.390
51.972 39.878 163.530
51.972 39.878 166.290
51.972 39.878 169.390
51.980 39.257 163.530
51.980 39.257 166.290
51.980 39.257 169.390
52.001 39.979 163.530
52.001 39.979 166.290
52.001 39.979 169.390
52.017 26.315 180.000
52.017 26.315 186.765
52.039 40.077 163.530
52.039 40.077 166.290
52.039 40.077 169.390
52.085 40.171 163.530
52.085 40.171 166.290
52.085 40.171 169.390
52.092 26.354 180.000
52.092 26.354 186.765
52.139 40.261 163.530
52.139 40.261 166.290
52.139 40.261 169.390
52.146 15.661 4.000
52.146 15.661 13.990
52.146 15.661 17.990
52.146 15.661 22.280
52.163 26.400 180.000
52.163 26.400 186.765
52.200 15.480 4.000
52.200 15.480 13.990
52.200 15.480 17.990
52.200 15.480 22.280
52.200 40.345 163.530
52.200 40.345 166.290
52.200 40.345 169.390
52.224 15.684 4.000
52.224 15.684 13.990
52.224 15.684 17.990
52.224 15.684 22.280
52.231 26.451 180.000
52.231 26.451 186.765
52.269 40.425 163.530
52.269 40.425 166.290
52.269 40.425 169.390
52.278 15.503 4.000
52.278 15.503 13.990
52.278 15.503 17.990
52.278 15.503 22.280
52.293 26.509 180.000
52.293 26.509 186.765
52.344 40.498 163.530
52.344 40.498 166.290
52.344 40.498 169.390
52.351 26.571 180.000
52.351 26.571 186.765
52.403 26.638 180.000
52.403 26.638 186.765
52.424 40.565 163.530
52.424 40.565 166.290
52.424 40.565 169.390
52.449 26.709 180.000
52.449 26.709 186.765
52.489 26.784 180.000
52.489 26.784 186.765
52.510 40.625 163.530
52.510 40.625 166.290
52.510 40.625 169.390
52.522 26.862 180.000
52.522 26.862 186.765
52.548 26.943 180.000
52.548 26.943 186.765
52.555 27.446 180.000
52.555 27.446 186.765
52.567 27.025 180.000
52.567 27.025 186.765
52.572 27.363 180.000
52.572 27.363 186.765
52.579 27.109 180.000
52.579 27.109 186.765
52.582 27.278 180.000
52.582 27.278 186.765
52.584 27.194 180.000
52.584 27.194 186.765
52.601 40.677 163.530
52.601 40.677 166.290
52.601 40.677 169.390
52.604 20.612 42.780
52.604 20.612 45.540
52.604 20.612 163.530
52.604 20.612 169.390
52.604 20.612 176.250
52.659 20.426 42.780
52.659 20.426 45.540
52.659 20.426 163.530
52.659 20.426 169.390
52.659 20.426 176.250
52.677 20.634 42.780
52.677 20.634 45.540
52.677 20.634 163.530
52.677 20.634 169.390
52.677 20.634 176.250
52.696 40.721 163.530
52.696 40.721 166.290
52.696 40.721 169.390
52.732 20.448 42.780
52.732 20.448 45.540
52.732 20.448 163.530
52.732 20.448 169.390
52.732 20.448 176.250
52.795 40.757 163.530
52.795 40.757 166.290
52.795 40.757 169.390
52.822 13.401 4.000
52.822 13.401 8.020
52.880 13.206 4.000
52.880 13.206 8.020
52.903 13.425 4.000
52.903 13.425 8.020
52.961 13.230 4.000
52.961 13.230 8.020
52.961 39.752 42.780
52.961 39.752 45.540
52.961 39.752 163.530
52.961 39.752 169.390
52.961 39.752 176.250
52.969 39.758 4.000
52.969 39.758 13.990
52.969 39.758 17.990
52.969 39.758 22.280
52.969 39.758 30.280
52.969 39.758 38.780
52.969 39.758 42.780
53.017 39.566 42.780
53.017 39.566 45.540
53.017 39.566 163.530
53.017 39.566 169.390
53.017 39.566 176.250
53.021 39.583 4.000
53.021 39.583 13.990
53.021 39.583 17.990
53.021 39.583 22.280
53.021 39.583 30.280
53.021 39.583 38.780
53.021 39.583 42.780
53.034 39.774 42.780
53.034 39.774 45.540
53.034 39.774 163.530
53.034 39.774 169.390
53.034 39.774 176.250
53.049 39.782 4.000
53.049 39.782 13.990
53.049 39.782 17.990
53.049 39.782 22.280
53.049 39.782 30.280
53.049 39.782 38.780
53.049 39.782 42.780
53.090 39.588 42.780
53.090 39.588 45.540
53.090 39.588 163.530
53.090 39.588 169.390
53.090 39.588 176.250
53.102 39.607 4.000
53.102 39.607 13.990
53.102 39.607 17.990
53.102 39.607 22.280
53.102 39.607 30.280
53.102 39.607 38.780
53.102 39.607 42.780
53.590 16.091 4.000
53.590 16.091 13.990
53.590 16.091 17.990
53.590 16.091 22.280
53.643 15.911 4.000
53.643 15.911 13.990
53.643 15.911 17.990
53.643 15.911 22.280
53.668 16.114 4.000
53.668 16.114 13.990
53.668 16.114 17.990
53.668 16.114 22.280
53.722 15.934 4.000
53.722 15.934 13.990
53.722 15.934 17.990
53.722 15.934 22.280
53.877 41.765 45.540
53.877 41.765 45.740
53.877 41.765 46.740
53.877 41.765 48.300
53.877 41.765 48.500
53.877 41.765 49.500
53.877 41.765 51.060
53.877 41.765 51.260
53.877 41.765 52.260
53.877 41.765 53.820
53.877 41.765 54.020
53.877 41.765 55.020
53.877 41.765 56.580
53.877 41.765 56.780
53.877 41.765 57.780
53.877 41.765 59.340
53.877 41.765 59.540
53.877 41.765 60.540
53.877 41.765 62.100
53.877 41.765 62.300
53.877 41.765 63.300
53.877 41.765 64.860
53.877 41.765 65.060
53.877 41.765 66.060
53.877 41.765 68.010
53.877 41.765 68.210
53.877 41.765 69.210
53.877 41.765 70.770
53.877 41.765 70.970
53.877 41.765 71.970
53.877 41.765 73.530
53.877 41.765 73.730
53.877 41.765 74.730
53.877 41.765 76.290
53.877 41.765 76.490
53.877 41.765 77.490
53.877 41.765 79.050
53.877 41.765 79.250
53.877 41.765 80.250
53.877 41.765 81.810
53.877 41.765 82.010
53.877 41.765 83.010
53.877 41.765 84.570
53.877 41.765 84.770
53.877 41.765 85.770
53.877 41.765 87.330
53.877 41.765 87.530
53.877 41.765 88.530
53.877 41.765 90.090
53.877 41.765 90.290
53.877 41.765 91.290
53.877 41.765 92.850
53.877 41.765 93.050
53.877 41.765 94.050
53.877 41.765 96.170
53.877 41.765 96.370
53.877 41.765 97.370
53.877 41.765 99.320
53.877 41.765 99.520
53.877 41.765 100.520
53.877 41.765 102.080
53.877 41.765 102.280
53.877 41.765 103.280
53.877 41.765 104.840
53.877 41.765 105.040
53.877 41.765 106.040
53.877 41.765 107.600
53.877 41.765 107.800
53.877 41.765 108.800
53.877 41.765 110.360
53.877 41.765 110.560
53.877 41.765 111.560
53.877 41.765 113.120
53.877 41.765 113.320
53.877 41.765 114.320
53.877 41.765 115.880
53.877 41.765 116.080
53.877 41.765 117.080
53.877 41.765 118.640
53.877 41.765 118.840
53.877 41.765 119.840
53.877 41.765 121.400
53.877 41.765 121.600
53.877 41.765 122.600
53.877 41.765 124.550
53.877 41.765 124.750
53.877 41.765 125.750
53.877 41.765 127.310
53.877 41.765 127.510
53.877 41.765 128.510
53.877 41.765 130.070
53.877 41.765 130.270
53.877 41.765 131.270
53.877 41.765 132.830
53.877 41.765 133.030
53.877 41.765 134.030
53.877 41.765 135.590
53.877 41.765 135.790
53.877 41.765 136.790
53.877 41.765 138.350
53.877 41.765 138.550
53.877 41.765 139.550
53.877 41.765 141.110
53.877 41.765 141.310
53.877 41.765 142.310
53.877 41.765 143.870
53.877 41.765 144.070
53.877 41.765 145.070
53.877 41.765 146.630
53.877 41.765 146.830
53.877 41.765 147.830
53.877 41.765 149.390
53.877 41.765 149.590
53.877 41.765 150.590
53.877 41.765 152.150
53.877 41.765 152.350
53.877 41.765 153.350
53.877 41.765 154.910
53.877 41.765 155.110
53.877 41.765 156.110
53.877 41.765 157.670
53.877 41.765 157.870
53.877 41.765 158.870
53.999 21.029 42.780
53.999 21.029 45.540
53.999 21.029 115.880
54.001 41.698 45.740
54.001 41.698 46.740
54.001 41.698 48.500
54.001 41.698 49.500
54.001 41.698 51.260
54.001 41.698 52.260
54.001 41.698 54.020
54.001 41.698 55.020
54.001 41.698 56.780
54.001 41.698 57.780
54.001 41.698 59.540
54.001 41.698 60.540
54.001 41.698 62.300
54.001 41.698 63.300
54.001 41.698 65.060
54.001 41.698 66.060
54.001 41.698 68.210
54.001 41.698 69.210
54.001 41.698 70.970
54.001 41.698 71.970
54.001 41.698 73.730
54.001 41.698 74.730
54.001 41.698 76.490
54.001 41.698 77.490
54.001 41.698 79.250
54.001 41.698 80.250
54.001 41.698 82.010
54.001 41.698 83.010
54.001 41.698 84.770
54.001 41.698 85.770
54.001 41.698 87.530
54.001 41.698 88.530
54.001 41.698 90.290
54.001 41.698 91.290
54.001 41.698 93.050
54.001 41.698 94.050
54.001 41.698 96.370
54.001 41.698 97.370
54.001 41.698 99.520
54.001 41.698 100.520
54.001 41.698 102.280
54.001 41.698 103.280
54.001 41.698 105.040
54.001 41.698 106.040
54.001 41.698 107.800
54.001 41.698 108.800
54.001 41.698 110.560
54.001 41.698 111.560
54.001 41.698 113.320
54.001 41.698 114.320
54.001 41.698 116.080
54.001 41.698 117.080
54.001 41.698 118.840
54.001 41.698 119.840
54.001 41.698 121.600
54.001 41.698 122.600
54.001 41.698 124.750
54.001 41.698 125.750
54.001 41.698 127.510
54.001 41.698 128.510
54.001 41.698 130.270
54.001 41.698 131.270
54.001 41.698 133.030
54.001 41.698 134.030
54.001 41.698 135.790
54.001 41.698 136.790
54.001 41.698 138.550
54.001 41.698 139.550
54.001 41.698 141.310
54.001 41.698 142.310
54.001 41.698 144.070
54.001 41.698 145.070
54.001 41.698 146.830
54.001 41.698 147.830
54.001 41.698 149.590
54.001 41.698 150.590
54.001 41.698 152.350
54.001 41.698 153.350
54.001 41.698 155.110
54.001 41.698 156.110
54.001 41.698 157.870
54.001 41.698 158.870
54.054 20.843 42.780
54.054 20.843 45.540
54.054 20.843 115.880
54.072 21.051 42.780
54.072 21.051 45.540
54.072 21.051 115.880
54.127 20.865 42.780
54.127 20.865 45.540
54.127 20.865 115.880
54.263 13.830 4.000
54.263 13.830 8.020
54.321 13.636 4.000
54.321 13.636 8.020
54.344 13.854 4.000
54.344 13.854 8.020
54.354 40.168 42.780
54.354 40.168 45.540
54.354 40.168 163.530
54.354 40.168 169.390
54.354 40.168 176.250
54.367 40.175 4.000
54.367 40.175 13.990
54.367 40.175 17.990
54.367 40.175 22.280
54.367 40.175 30.280
54.367 40.175 38.780
54.367 40.175 42.780
54.402 13.660 4.000
54.402 13.660 8.020
54.409 39.982 42.780
54.409 39.982 45.540
54.409 39.982 45.740
54.409 39.982 46.740
54.409 39.982 48.300
54.409 39.982 48.500
54.409 39.982 49.500
54.409 39.982 51.060
54.409 39.982 51.260
54.409 39.982 52.260
54.409 39.982 53.820
54.409 39.982 54.020
54.409 39.982 55.020
54.409 39.982 56.580
54.409 39.982 56.780
54.409 39.982 57.780
54.409 39.982 59.340
54.409 39.982 59.540
54.409 39.982 60.540
54.409 39.982 62.100
54.409 39.982 62.300
54.409 39.982 63.300
54.409 39.982 64.860
54.409 39.982 65.060
54.409 39.982 66.060
54.409 39.982 68.010
54.409 39.982 68.210
54.409 39.982 69.210
54.409 39.982 70.770
54.409 39.982 70.970
54.409 39.982 71.970
54.409 39.982 73.530
54.409 39.982 73.730
54.409 39.982 74.730
54.409 39.982 76.290
54.409 39.982 76.490
54.409 39.982 77.490
54.409 39.982 79.050
54.409 39.982 79.250
54.409 39.982 80.250
54.409 39.982 81.810
54.409 39.982 82.010
54.409 39.982 83.010
54.409 39.982 84.570
54.409 39.982 84.770
54.409 39.982 85.770
54.409 39.982 87.330
54.409 39.982 87.530
54.409 39.982 88.530
54.409 39.982 90.090
54.409 39.982 90.290
54.409 39.982 91.290
54.409 39.982 92.850
54.409 39.982 93.050
54.409 39.982 94.050
54.409 39.982 96.170
54.409 39.982 96.370
54.409 39.982 97.370
54.409 39.982 99.320
54.409 39.982 99.520
54.409 39.982 100.520
54.409 39.982 102.080
54.409 39.982 102.280
54.409 39.982 103.280
54.409 39.982 104.840
54.409 39.982 105.040
54.409 39.982 106.040
54.409 39.982 107.600
54.409 39.982 107.800
54.409 39.982 108.800
54.409 39.982 110.360
54.409 39.982 110.560
54.409 39.982 111.560
54.409 39.982 113.120
54.409 39.982 113.320
54.409 39.982 114.320
54.409 39.982 115.880
54.409 39.982 116.080
54.409 39.982 117.080
54.409 39.982 118.640
54.409 39.982 118.840
54.409 39.982 119.840
54.409 39.982 121.400
54.409 39.982 121.600
54.409 39.982 122.600
54.409 39.982 124.550
54.409 39.982 124.750
54.409 39.982 125.750
54.409 39.982 127.310
54.409 39.982 127.510
54.409 39.982 128.510
54.409 39.982 130.070
54.409 39.982 130.270
54.409 39.982 131.270
54.409 39.982 132.830
54.409 39.982 133.030
54.409 39.982 134.030
54.409 39.982 135.590
54.409 39.982 135.790
54.409 39.982 136.790
54.409 39.982 138.350
54.409 39.982 138.550
54.409 39.982 139.550
54.409 39.982 141.110
54.409 39.982 141.310
54.409 39.982 142.310
54.409 39.982 143.870
54.409 39.982 144.070
54.409 39.982 145.070
54.409 39.982 146.630
54.409 39.982 146.830
54.409 39.982 147.830
54.409 39.982 149.390
54.409 39.982 149.590
54.409 39.982 150.590
54.409 39.982 152.150
54.409 39.982 152.350
54.409 39.982 153.350
54.409 39.982 154.910
54.409 39.982 155.110
54.409 39.982 156.110
54.409 39.982 157.670
54.409 39.982 157.870
54.409 39.982 158.870
54.409 39.982 163.530
54.409 39.982 169.390
54.409 39.982 176.250
54.419 39.999 4.000
54.419 39.999 13.990
54.419 39.999 17.990
54.419 39.999 22.280
54.419 39.999 30.280
54.419 39.999 38.780
54.419 39.999 42.780
54.427 40.190 42.780
54.427 40.190 45.540
54.427 40.190 163.530
54.427 40.190 169.390
54.427 40.190 176.250
54.447 40.199 4.000
54.447 40.199 13.990
54.447 40.199 17.990
54.447 40.199 22.280
54.447 40.199 30.280
54.447 40.199 38.780
54.447 40.199 42.780
54.482 40.004 42.780
54.482 40.004 45.540
54.482 40.004 163.530
54.482 40.004 169.390
54.482 40.004 176.250
54.500 40.023 4.000
54.500 40.023 13.990
54.500 40.023 17.990
54.500 40.023 22.280
54.500 40.023 30.280
54.500 40.023 38.780
54.500 40.023 42.780
54.505 40.011 45.740
54.505 40.011 46.740
54.505 40.011 48.500
54.505 40.011 49.500
54.505 40.011 51.260
54.505 40.011 52.260
54.505 40.011 54.020
54.505 40.011 55.020
54.505 40.011 56.780
54.505 40.011 57.780
54.505 40.011 59.540
54.505 40.011 60.540
54.505 40.011 62.300
54.505 40.011 63.300
54.505 40.011 65.060
54.505 40.011 66.060
54.505 40.011 68.210
54.505 40.011 69.210
54.505 40.011 70.970
54.505 40.011 71.970
54.505 40.011 73.730
54.505 40.011 74.730
54.505 40.011 76.490
54.505 40.011 77.490
54.505 40.011 79.250
54.505 40.011 80.250
54.505 40.011 82.010
54.505 40.011 83.010
54.505 40.011 84.770
54.505 40.011 85.770
54.505 40.011 87.530
54.505 40.011 88.530
54.505 40.011 90.290
54.505 40.011 91.290
54.505 40.011 93.050
54.505 40.011 94.050
54.505 40.011 96.370
54.505 40.011 97.370
54.505 40.011 99.520
54.505 40.011 100.520
54.505 40.011 102.280
54.505 40.011 103.280
54.505 40.011 105.040
54.505 40.011 106.040
54.505 40.011 107.800
54.505 40.011 108.800
54.505 40.011 110.560
54.505 40.011 111.560
54.505 40.011 113.320
54.505 40.011 114.320
54.505 40.011 116.080
54.505 40.011 117.080
54.505 40.011 118.840
54.505 40.011 119.840
54.505 40.011 121.600
54.505 40.011 122.600
54.505 40.011 124.750
54.505 40.011 125.750
54.505 40.011 127.510
54.505 40.011 128.510
54.505 40.011 130.270
54.505 40.011 131.270
54.505 40.011 133.030
54.505 40.011 134.030
54.505 40.011 135.790
54.505 40.011 136.790
54.505 40.011 138.550
54.505 40.011 139.550
54.505 40.011 141.310
54.505 40.011 142.310
54.505 40.011 144.070
54.505 40.011 145.070
54.505 40.011 146.830
54.505 40.011 147.830
54.505 40.011 149.590
54.505 40.011 150.590
54.505 40.011 152.350
54.505 40.011 153.350
54.505 40.011 155.110
54.505 40.011 156.110
54.505 40.011 157.870
54.505 40.011 158.870
55.017 16.516 4.000
55.017 16.516 13.990
55.017 16.516 17.990
55.017 16.516 22.280
55.070 16.338 4.000
55.070 16.338 13.990
55.070 16.338 17.990
55.070 16.338 22.280
55.097 16.540 4.000
55.097 16.540 13.990
55.097 16.540 17.990
55.097 16.540 22.280
55.150 16.362 4.000
55.150 16.362 13.990
55.150 16.362 17.990
55.150 16.362 22.280
55.395 21.446 42.780
55.395 21.446 45.540
55.395 21.446 115.880
55.451 21.260 42.780
55.451 21.260 45.540
55.451 21.260 115.880
55.468 21.468 42.780
55.468 21.468 45.540
55.468 21.468 115.880
55.523 21.282 42.780
55.523 21.282 45.540
55.523 21.282 115.880
55.691 14.256 4.000
55.691 14.256 8.020
55.749 14.061 4.000
55.749 14.061 8.020
55.752 40.586 42.780
55.752 40.586 45.540
55.752 40.586 163.530
55.752 40.586 169.390
55.752 40.586 176.250
55.761 40.590 4.000
55.761 40.590 13.990
55.761 40.590 17.990
55.761 40.590 22.280
55.761 40.590 30.280
55.761 40.590 38.780
55.761 40.590 42.780
55.772 14.280 4.000
55.772 14.280 8.020
55.807 40.400 42.780
55.807 40.400 45.540
55.807 40.400 163.530
55.807 40.400 169.390
55.807 40.400 176.250
55.813 40.414 4.000
55.813 40.414 13.990
55.813 40.414 17.990
55.813 40.414 22.280
55.813 40.414 30.280
55.813 40.414 38.780
55.813 40.414 42.780
55.825 40.607 42.780
55.825 40.607 45.540
55.825 40.607 163.530
55.825 40.607 169.390
55.825 40.607 176.250
55.830 14.085 4.000
55.830 14.085 8.020
55.841 40.614 4.000
55.841 40.614 13.990
55.841 40.614 17.990
55.841 40.614 22.280
55.841 40.614 30.280
55.841 40.614 38.780
55.841 40.614 42.780
55.880 40.421 42.780
55.880 40.421 45.540
55.880 40.421 163.530
55.880 40.421 169.390
55.880 40.421 176.250
55.894 40.438 4.000
55.894 40.438 13.990
55.894 40.438 17.990
55.894 40.438 22.280
55.894 40.438 30.280
55.894 40.438 38.780
55.894 40.438 42.780
56.462 16.947 4.000
56.462 16.947 13.990
56.462 16.947 17.990
56.462 16.947 22.280
56.516 16.768 4.000
56.516 16.768 13.990
56.516 16.768 17.990
56.516 16.768 22.280
56.539 16.969 4.000
56.539 16.969 13.990
56.539 16.969 17.990
56.539 16.969 22.280
56.592 16.791 4.000
56.592 16.791 13.990
56.592 16.791 17.990
56.592 16.791 22.280
56.793 21.864 42.780
56.793 21.864 45.540
56.793 21.864 115.880
56.848 21.677 42.780
56.848 21.677 45.540
56.848 21.677 115.880
56.866 21.885 42.780
56.866 21.885 45.540
56.866 21.885 115.880
56.921 21.699 42.780
56.921 21.699 45.540
56.921 21.699 115.880
56.987 42.590 45.740
56.987 42.590 46.740
56.987 42.590 48.500
56.987 42.590 49.500
56.987 42.590 51.260
56.987 42.590 52.260
56.987 42.590 54.020
56.987 42.590 55.020
56.987 42.590 56.780
56.987 42.590 57.780
56.987 42.590 59.540
56.987 42.590 60.540
56.987 42.590 62.300
56.987 42.590 63.300
56.987 42.590 65.060
56.987 42.590 66.060
56.987 42.590 68.210
56.987 42.590 69.210
56.987 42.590 70.970
56.987 42.590 71.970
56.987 42.590 73.730
56.987 42.590 74.730
56.987 42.590 76.490
56.987 42.590 77.490
56.987 42.590 79.250
56.987 42.590 80.250
56.987 42.590 82.010
56.987 42.590 83.010
56.987 42.590 84.770
56.987 42.590 85.770
56.987 42.590 87.530
56.987 42.590 88.530
56.987 42.590 90.290
56.987 42.590 91.290
56.987 42.590 93.050
56.987 42.590 94.050
56.987 42.590 96.370
56.987 42.590 97.370
56.987 42.590 99.520
56.987 42.590 100.520
56.987 42.590 102.280
56.987 42.590 103.280
56.987 42.590 105.040
56.987 42.590 106.040
56.987 42.590 107.800
56.987 42.590 108.800
56.987 42.590 110.560
56.987 42.590 111.560
56.987 42.590 113.320
56.987 42.590 114.320
56.987 42.590 116.080
56.987 42.590 117.080
56.987 42.590 118.840
56.987 42.590 119.840
56.987 42.590 121.600
56.987 42.590 122.600
56.987 42.590 124.750
56.987 42.590 125.750
56.987 42.590 127.510
56.987 42.590 128.510
56.987 42.590 130.270
56.987 42.590 131.270
56.987 42.590 133.030
56.987 42.590 134.030
56.987 42.590 135.790
56.987 42.590 136.790
56.987 42.590 138.550
56.987 42.590 139.550
56.987 42.590 141.310
56.987 42.590 142.310
56.987 42.590 144.070
56.987 42.590 145.070
56.987 42.590 146.830
56.987 42.590 147.830
56.987 42.590 149.590
56.987 42.590 150.590
56.987 42.590 152.350
56.987 42.590 153.350
56.987 42.590 155.110
56.987 42.590 156.110
56.987 42.590 157.870
56.987 42.590 158.870
57.054 42.714 45.540
57.054 42.714 45.740
57.054 42.714 46.740
57.054 42.714 48.300
57.054 42.714 48.500
57.054 42.714 49.500
57.054 42.714 51.060
57.054 42.714 51.260
57.054 42.714 52.260
57.054 42.714 53.820
57.054 42.714 54.020
57.054 42.714 55.020
57.054 42.714 56.580
57.054 42.714 56.780
57.054 42.714 57.780
57.054 42.714 59.340
57.054 42.714 59.540
57.054 42.714 60.540
57.054 42.714 62.100
57.054 42.714 62.300
57.054 42.714 63.300
57.054 42.714 64.860
57.054 42.714 65.060
57.054 42.714 66.060
57.054 42.714 68.010
57.054 42.714 68.210
57.054 42.714 69.210
57.054 42.714 70.770
57.054 42.714 70.970
57.054 42.714 71.970
57.054 42.714 73.530
57.054 42.714 73.730
57.054 42.714 74.730
57.054 42.714 76.290
57.054 42.714 76.490
57.054 42.714 77.490
57.054 42.714 79.050
57.054 42.714 79.250
57.054 42.714 80.250
57.054 42.714 81.810
57.054 42.714 82.010
57.054 42.714 83.010
57.054 42.714 84.570
57.054 42.714 84.770
57.054 42.714 85.770
57.054 42.714 87.330
57.054 42.714 87.530
57.054 42.714 88.530
57.054 42.714 90.090
57.054 42.714 90.290
57.054 42.714 91.290
57.054 42.714 92.850
57.054 42.714 93.050
57.054 42.714 94.050
57.054 42.714 96.170
57.054 42.714 96.370
57.054 42.714 97.370
57.054 42.714 99.320
57.054 42.714 99.520
57.054 42.714 100.520
57.054 42.714 102.080
57.054 42.714 102.280
57.054 42.714 103.280
57.054 42.714 104.840
57.054 42.714 105.040
57.054 42.714 106.040
57.054 42.714 107.600
57.054 42.714 107.800
57.054 42.714 108.800
57.054 42.714 110.360
57.054 42.714 110.560
57.054 42.714 111.560
57.054 42.714 113.120
57.054 42.714 113.320
57.054 42.714 114.320
57.054 42.714 115.880
57.054 42.714 116.080
57.054 42.714 117.080
57.054 42.714 118.640
57.054 42.714 118.840
57.054 42.714 119.840
57.054 42.714 121.400
57.054 42.714 121.600
57.054 42.714 122.600
57.054 42.714 124.550
57.054 42.714 124.750
57.054 42.714 125.750
57.054 42.714 127.310
57.054 42.714 127.510
57.054 42.714 128.510
57.054 42.714 130.070
57.054 42.714 130.270
57.054 42.714 131.270
57.054 42.714 132.830
57.054 42.714 133.030
57.054 42.714 134.030
57.054 42.714 135.590
57.054 42.714 135.790
57.054 42.714 136.790
57.054 42.714 138.350
57.054 42.714 138.550
57.054 42.714 139.550
57.054 42.714 141.110
57.054 42.714 141.310
57.054 42.714 142.310
57.054 42.714 143.870
57.054 42.714 144.070
57.054 42.714 145.070
57.054 42.714 146.630
57.054 42.714 146.830
57.054 42.714 147.830
57.054 42.714 149.390
57.054 42.714 149.590
57.054 42.714 150.590
57.054 42.714 152.150
57.054 42.714 152.350
57.054 42.714 153.350
57.054 42.714 154.910
57.054 42.714 155.110
57.054 42.714 156.110
57.054 42.714 157.670
57.054 42.714 157.870
57.054 42.714 158.870
57.135 14.686 4.000
57.135 14.686 8.020
57.146 41.002 42.780
57.146 41.002 45.540
57.146 41.002 163.530
57.146 41.002 169.390
57.146 41.002 176.250
57.156 41.006 4.000
57.156 41.006 13.990
57.156 41.006 17.990
57.156 41.006 22.280
57.156 41.006 30.280
57.156 41.006 38.780
57.156 41.006 42.780
57.193 14.491 4.000
57.193 14.491 8.020
57.202 40.816 42.780
57.202 40.816 45.540
57.202 40.816 163.530
57.202 40.816 169.390
57.202 40.816 176.250
57.204 40.848 30.280
57.204 40.848 34.280
57.204 40.848 38.780
57.204 40.848 42.780
57.204 40.848 45.540
57.204 40.848 45.740
57.204 40.848 48.300
57.204 40.848 48.500
57.204 40.848 51.060
57.204 40.848 51.260
57.204 40.848 53.820
57.204 40.848 54.020
57.204 40.848 56.580
57.204 40.848 56.780
57.204 40.848 59.340
57.204 40.848 59.540
57.204 40.848 62.100
57.204 40.848 62.300
57.204 40.848 64.860
57.204 40.848 65.060
57.204 40.848 68.010
57.204 40.848 68.210
57.204 40.848 70.770
57.204 40.848 70.970
57.204 40.848 73.530
57.204 40.848 73.730
57.204 40.848 76.290
57.204 40.848 76.490
57.204 40.848 79.050
57.204 40.848 79.250
57.204 40.848 81.810
57.204 40.848 82.010
57.204 40.848 84.570
57.204 40.848 84.770
57.204 40.848 87.330
57.204 40.848 87.530
57.204 40.848 90.090
57.204 40.848 90.290
57.204 40.848 92.850
57.204 40.848 93.050
57.204 40.848 96.170
57.204 40.848 96.370
57.204 40.848 99.320
57.204 40.848 99.520
57.204 40.848 102.080
57.204 40.848 102.280
57.204 40.848 104.840
57.204 40.848 105.040
57.204 40.848 107.600
57.204 40.848 107.800
57.204 40.848 110.360
57.204 40.848 110.560
57.204 40.848 113.120
57.204 40.848 113.320
57.204 40.848 115.880
57.204 40.848 116.080
57.204 40.848 118.640
57.204 40.848 118.840
57.204 40.848 121.400
57.204 40.848 121.600
57.204 40.848 124.550
57.204 40.848 124.750
57.204 40.848 127.310
57.204 40.848 127.510
57.204 40.848 130.070
57.204 40.848 130.270
57.204 40.848 132.830
57.204 40.848 133.030
57.204 40.848 135.590
57.204 40.848 135.790
57.204 40.848 138.350
57.204 40.848 138.550
57.204 40.848 141.110
57.204 40.848 141.310
57.204 40.848 143.870
57.204 40.848 144.070
57.204 40.848 146.630
57.204 40.848 146.830
57.204 40.848 149.390
57.204 40.848 149.590
57.204 40.848 152.150
57.204 40.848 152.350
57.204 40.848 154.910
57.204 40.848 155.110
57.204 40.848 157.670
57.204 40.848 157.870
57.204 40.848 160.820
57.204 40.848 163.530
57.204 40.848 169.390
57.204 40.848 172.750
57.204 40.848 176.250
57.204 40.848 180.000
57.209 40.830 4.000
57.209 40.830 13.990
57.209 40.830 17.990
57.209 40.830 22.280
57.209 40.830 30.280
57.209 40.830 38.780
57.209 40.830 42.780
57.213 40.819 30.280
57.213 40.819 34.280
57.213 40.819 38.780
57.213 40.819 42.780
57.213 40.819 45.540
57.213 40.819 45.740
57.213 40.819 48.300
57.213 40.819 48.500
57.213 40.819 51.060
57.213 40.819 51.260
57.213 40.819 53.820
57.213 40.819 54.020
57.213 40.819 56.580
57.213 40.819 56.780
57.213 40.819 59.340
57.213 40.819 59.540
57.213 40.819 62.100
57.213 40.819 62.300
57.213 40.819 64.860
57.213 40.819 65.060
57.213 40.819 68.010
57.213 40.819 68.210
57.213 40.819 70.770
57.213 40.819 70.970
57.213 40.819 73.530
57.213 40.819 73.730
57.213 40.819 76.290
57.213 40.819 76.490
57.213 40.819 79.050
57.213 40.819 79.250
57.213 40.819 81.810
57.213 40.819 82.010
57.213 40.819 84.570
57.213 40.819 84.770
57.213 40.819 87.330
57.213 40.819 87.530
57.213 40.819 90.090
57.213 40.819 90.290
57.213 40.819 92.850
57.213 40.819 93.050
57.213 40.819 96.170
57.213 40.819 96.370
57.213 40.819 99.320
57.213 40.819 99.520
57.213 40.819 102.080
57.213 40.819 102.280
57.213 40.819 104.840
57.213 40.819 105.040
57.213 40.819 107.600
57.213 40.819 107.800
57.213 40.819 110.360
57.213 40.819 110.560
57.213 40.819 113.120
57.213 40.819 113.320
57.213 40.819 115.880
57.213 40.819 116.080
57.213 40.819 118.640
57.213 40.819 118.840
57.213 40.819 121.400
57.213 40.819 121.600
57.213 40.819 124.550
57.213 40.819 124.750
57.213 40.819 127.310
57.213 40.819 127.510
57.213 40.819 130.070
57.213 40.819 130.270
57.213 40.819 132.830
57.213 40.819 133.030
57.213 40.819 135.590
57.213 40.819 135.790
57.213 40.819 138.350
57.213 40.819 138.550
57.213 40.819 141.110
57.213 40.819 141.310
57.213 40.819 143.870
57.213 40.819 144.070
57.213 40.819 146.630
57.213 40.819 146.830
57.213 40.819 149.390
57.213 40.819 149.590
57.213 40.819 152.150
57.213 40.819 152.350
57.213 40.819 154.910
57.213 40.819 155.110
57.213 40.819 157.670
57.213 40.819 157.870
57.213 40.819 160.820
57.213 40.819 163.530
57.213 40.819 169.390
57.213 40.819 172.750
57.213 40.819 176.250
57.213 40.819 180.000
57.216 14.710 4.000
57.216 14.710 8.020
57.219 41.024 42.780
57.219 41.024 45.540
57.219 41.024 163.530
57.219 41.024 169.390
57.219 41.024 176.250
57.237 41.030 4.000
57.237 41.030 13.990
57.237 41.030 17.990
57.237 41.030 22.280
57.237 41.030 30.280
57.237 41.030 38.780
57.237 41.030 42.780
57.274 14.515 4.000
57.274 14.515 8.020
57.275 40.838 42.780
57.275 40.838 45.540
57.275 40.838 163.530
57.275 40.838 169.390
57.275 40.838 176.250
57.289 40.854 4.000
57.289 40.854 13.990
57.289 40.854 17.990
57.289 40.854 22.280
57.289 40.854 30.280
57.289 40.854 38.780
57.289 40.854 42.780
57.434 40.646 176.250
57.434 40.646 180.000
57.434 40.647 176.250
57.434 40.647 180.000
57.482 36.954 176.250
57.482 36.954 180.000
57.482 40.932 45.740
57.482 40.932 46.740
57.482 40.932 48.500
57.482 40.932 49.500
57.482 40.932 51.260
57.482 40.932 52.260
57.482 40.932 54.020
57.482 40.932 55.020
57.482 40.932 56.780
57.482 40.932 57.780
57.482 40.932 59.540
57.482 40.932 60.540
57.482 40.932 62.300
57.482 40.932 63.300
57.482 40.932 65.060
57.482 40.932 66.060
57.482 40.932 68.210
57.482 40.932 69.210
57.482 40.932 70.970
57.482 40.932 71.970
57.482 40.932 73.730
57.482 40.932 74.730
57.482 40.932 76.490
57.482 40.932 77.490
57.482 40.932 79.250
57.482 40.932 80.250
57.482 40.932 82.010
57.482 40.932 83.010
57.482 40.932 84.770
57.482 40.932 85.770
57.482 40.932 87.530
57.482 40.932 88.530
57.482 40.932 90.290
57.482 40.932 91.290
57.482 40.932 93.050
57.482 40.932 94.050
57.482 40.932 96.370
57.482 40.932 97.370
57.482 40.932 99.520
57.482 40.932 100.520
57.482 40.932 102.280
57.482 40.932 103.280
57.482 40.932 105.040
57.482 40.932 106.040
57.482 40.932 107.800
57.482 40.932 108.800
57.482 40.932 110.560
57.482 40.932 111.560
57.482 40.932 113.320
57.482 40.932 114.320
57.482 40.932 116.080
57.482 40.932 117.080
57.482 40.932 118.840
57.482 40.932 119.840
57.482 40.932 121.600
57.482 40.932 122.600
57.482 40.932 124.750
57.482 40.932 125.750
57.482 40.932 127.510
57.482 40.932 128.510
57.482 40.932 130.270
57.482 40.932 131.270
57.482 40.932 133.030
57.482 40.932 134.030
57.482 40.932 135.790
57.482 40.932 136.790
57.482 40.932 138.550
57.482 40.932 139.550
57.482 40.932 141.310
57.482 40.932 142.310
57.482 40.932 144.070
57.482 40.932 145.070
57.482 40.932 146.830
57.482 40.932 147.830
57.482 40.932 149.590
57.482 40.932 150.590
57.482 40.932 152.350
57.482 40.932 153.350
57.482 40.932 155.110
57.482 40.932 156.110
57.482 40.932 157.870
57.482 40.932 158.870
57.573 36.965 176.250
57.573 36.965 180.000
57.578 40.960 30.280
57.578 40.960 34.280
57.578 40.960 38.780
57.578 40.960 42.780
57.578 40.960 45.540
57.578 40.960 45.740
57.578 40.960 46.740
57.578 40.960 48.300
57.578 40.960 48.500
57.578 40.960 49.500
57.578 40.960 51.060
57.578 40.960 51.260
57.578 40.960 52.260
57.578 40.960 53.820
57.578 40.960 54.020
57.578 40.960 55.020
57.578 40.960 56.580
57.578 40.960 56.780
57.578 40.960 57.780
57.578 40.960 59.340
57.578 40.960 59.540
57.578 40.960 60.540
57.578 40.960 62.100
57.578 40.960 62.300
57.578 40.960 63.300
57.578 40.960 64.860
57.578 40.960 65.060
57.578 40.960 66.060
57.578 40.960 68.010
57.578 40.960 68.210
57.578 40.960 69.210
57.578 40.960 70.770
57.578 40.960 70.970
57.578 40.960 71.970
57.578 40.960 73.530
57.578 40.960 73.730
57.578 40.960 74.730
57.578 40.960 76.290
57.578 40.960 76.490
57.578 40.960 77.490
57.578 40.960 79.050
57.578 40.960 79.250
57.578 40.960 80.250
57.578 40.960 81.810
57.578 40.960 82.010
57.578 40.960 83.010
57.578 40.960 84.570
57.578 40.960 84.770
57.578 40.960 85.770
57.578 40.960 87.330
57.578 40.960 87.530
57.578 40.960 88.530
57.578 40.960 90.090
57.578 40.960 90.290
57.578 40.960 91.290
57.578 40.960 92.850
57.578 40.960 93.050
57.578 40.960 94.050
57.578 40.960 96.170
57.578 40.960 96.370
57.578 40.960 97.370
57.578 40.960 99.320
57.578 40.960 99.520
57.578 40.960 100.520
57.578 40.960 102.080
57.578 40.960 102.280
57.578 40.960 103.280
57.578 40.960 104.840
57.578 40.960 105.040
57.578 40.960 106.040
57.578 40.960 107.600
57.578 40.960 107.800
57.578 40.960 108.800
57.578 40.960 110.360
57.578 40.960 110.560
57.578 40.960 111.560
57.578 40.960 113.120
57.578 40.960 113.320
57.578 40.960 114.320
57.578 40.960 115.880
57.578 40.960 116.080
57.578 40.960 117.080
57.578 40.960 118.640
57.578 40.960 118.840
57.578 40.960 119.840
57.578 40.960 121.400
57.578 40.960 121.600
57.578 40.960 122.600
57.578 40.960 124.550
57.578 40.960 124.750
57.578 40.960 125.750
57.578 40.960 127.310
57.578 40.960 127.510
57.578 40.960 128.510
57.578 40.960 130.070
57.578 40.960 130.270
57.578 40.960 131.270
57.578 40.960 132.830
57.578 40.960 133.030
57.578 40.960 134.030
57.578 40.960 135.590
57.578 40.960 135.790
57.578 40.960 136.790
57.578 40.960 138.350
57.578 40.960 138.550
57.578 40.960 139.550
57.578 40.960 141.110
57.578 40.960 141.310
57.578 40.960 142.310
57.578 40.960 143.870
57.578 40.960 144.070
57.578 40.960 145.070
57.578 40.960 146.630
57.578 40.960 146.830
57.578 40.960 147.830
57.578 40.960 149.390
57.578 40.960 149.590
57.578 40.960 150.590
57.578 40.960 152.150
57.578 40.960 152.350
57.578 40.960 153.350
57.578 40.960 154.910
57.578 40.960 155.110
57.578 40.960 156.110
57.578 40.960 157.670
57.578 40.960 157.870
57.578 40.960 158.870
57.578 40.960 160.820
57.578 40.960 163.530
57.578 40.960 169.390
57.578 40.960 172.750
57.578 40.960 176.250
57.578 40.960 180.000
57.587 40.930 30.280
57.587 40.930 34.280
57.587 40.930 38.780
57.587 40.930 42.780
57.587 40.930 45.540
57.587 40.930 48.300
57.587 40.930 51.060
57.587 40.930 53.820
57.587 40.930 56.580
57.587 40.930 59.340
57.587 40.930 62.100
57.587 40.930 64.860
57.587 40.930 68.010
57.587 40.930 70.770
57.587 40.930 73.530
57.587 40.930 76.290
57.587 40.930 79.050
57.587 40.930 81.810
57.587 40.930 84.570
57.587 40.930 87.330
57.587 40.930 90.090
57.587 40.930 92.850
57.587 40.930 96.170
57.587 40.930 99.320
57.587 40.930 102.080
57.587 40.930 104.840
57.587 40.930 107.600
57.587 40.930 110.360
57.587 40.930 113.120
57.587 40.930 115.880
57.587 40.930 118.640
57.587 40.930 121.400
57.587 40.930 124.550
57.587 40.930 127.310
57.587 40.930 130.070
57.587 40.930 132.830
57.587 40.930 135.590
57.587 40.930 138.350
57.587 40.930 141.110
57.587 40.930 143.870
57.587 40.930 146.630
57.587 40.930 149.390
57.587 40.930 152.150
57.587 40.930 154.910
57.587 40.930 157.670
57.587 40.930 160.820
57.587 40.930 163.530
57.587 40.930 169.390
57.587 40.930 172.750
57.587 40.930 176.250
57.587 40.930 180.000
57.664 36.969 176.250
57.664 36.969 180.000
57.755 36.965 176.250
57.755 36.965 180.000
57.791 40.985 22.280
57.791 40.985 26.280
57.798 40.993 30.280
57.798 40.993 34.280
57.798 40.993 38.780
57.798 40.993 42.780
57.846 36.952 176.250
57.846 36.952 180.000
57.890 17.372 4.000
57.890 17.372 13.990
57.890 17.372 17.990
57.890 17.372 22.280
57.935 36.932 176.250
57.935 36.932 180.000
57.942 17.196 4.000
57.942 17.196 13.990
57.942 17.196 17.990
57.942 17.196 22.280
57.986 17.400 4.000
57.986 17.400 13.990
57.986 17.400 17.990
57.986 17.400 22.280
58.022 36.904 176.250
58.022 36.904 180.000
58.038 17.224 4.000
58.038 17.224 13.990
58.038 17.224 17.990
58.038 17.224 22.280
58.106 36.869 176.250
58.106 36.869 180.000
58.136 39.830 22.280
58.136 39.830 26.280
58.137 39.855 30.280
58.137 39.855 34.280
58.137 39.855 38.780
58.137 39.855 42.780
58.186 22.280 42.780
58.186 22.280 45.540
58.186 22.280 115.880
58.187 36.827 176.250
58.187 36.827 180.000
58.242 22.094 42.780
58.242 22.094 45.540
58.242 22.094 115.880
58.259 22.301 42.780
58.259 22.301 45.540
58.259 22.301 115.880
58.263 36.777 176.250
58.263 36.777 180.000
58.315 22.115 42.780
58.315 22.115 45.540
58.315 22.115 115.880
58.336 36.721 176.250
58.336 36.721 180.000
58.403 36.659 176.250
58.403 36.659 180.000
58.464 36.591 176.250
58.464 36.591 180.000
58.519 36.519 176.250
58.519 36.519 180.000
58.544 41.418 42.780
58.544 41.418 45.540
58.544 41.418 163.530
58.544 41.418 169.390
58.544 41.418 176.250
58.553 41.422 4.000
58.553 41.422 13.990
58.553 41.422 17.990
58.553 41.422 22.280
58.565 15.112 4.000
58.565 15.112 8.020
58.568 36.441 176.250
58.568 36.441 180.000
58.599 41.232 42.780
58.599 41.232 45.540
58.599 41.232 163.530
58.599 41.232 169.390
58.599 41.232 176.250
58.605 41.246 4.000
58.605 41.246 13.990
58.605 41.246 17.990
58.605 41.246 22.280
58.609 36.360 176.250
58.609 36.360 180.000
58.617 41.440 42.780
58.617 41.440 45.540
58.617 41.440 163.530
58.617 41.440 169.390
58.617 41.440 176.250
58.623 14.917 4.000
58.623 14.917 8.020
58.633 41.446 4.000
58.633 41.446 13.990
58.633 41.446 17.990
58.633 41.446 22.280
58.646 15.136 4.000
58.646 15.136 8.020
58.672 41.254 42.780
58.672 41.254 45.540
58.672 41.254 163.530
58.672 41.254 169.390
58.672 41.254 176.250
58.686 41.270 4.000
58.686 41.270 13.990
58.686 41.270 17.990
58.686 41.270 22.280
58.704 14.941 4.000
58.704 14.941 8.020
59.333 17.802 4.000
59.333 17.802 13.990
59.333 17.802 17.990
59.333 17.802 22.280
59.386 17.627 4.000
59.386 17.627 13.990
59.386 17.627 17.990
59.386 17.627 22.280
59.411 17.825 4.000
59.411 17.825 13.990
59.411 17.825 17.990
59.411 17.825 22.280
59.463 17.650 4.000
59.463 17.650 13.990
59.463 17.650 17.990
59.463 17.650 22.280
59.488 40.584 26.280
59.488 40.584 30.280
59.488 40.584 34.280
59.488 40.584 38.780
59.491 40.689 26.280
59.491 40.689 30.280
59.491 40.689 34.280
59.491 40.689 38.780
59.494 40.479 26.280
59.494 40.479 30.280
59.494 40.479 34.280
59.494 40.479 38.780
59.503 40.794 26.280
59.503 40.794 30.280
59.503 40.794 34.280
59.503 40.794 38.780
59.510 40.375 26.280
59.510 40.375 30.280
59.510 40.375 34.280
59.510 40.375 38.780
59.524 40.897 26.280
59.524 40.897 30.280
59.524 40.897 34.280
59.524 40.897 38.780
59.534 40.272 26.280
59.534 40.272 30.280
59.534 40.272 34.280
59.534 40.272 38.780
59.554 40.998 26.280
59.554 40.998 30.280
59.554 40.998 34.280
59.554 40.998 38.780
59.579 22.695 42.780
59.579 22.695 45.540
59.579 22.695 115.880
59.593 41.095 26.280
59.593 41.095 30.280
59.593 41.095 34.280
59.593 41.095 38.780
59.634 22.509 42.780
59.634 22.509 45.540
59.634 22.509 115.880
59.640 41.189 26.280
59.640 41.189 30.280
59.640 41.189 34.280
59.640 41.189 38.780
59.651 22.717 42.780
59.651 22.717 45.540
59.651 22.717 115.880
59.696 41.279 26.280
59.696 41.279 30.280
59.696 41.279 34.280
59.696 41.279 38.780
59.707 22.531 42.780
59.707 22.531 45.540
59.707 22.531 115.880
59.759 41.363 26.280
59.759 41.363 30.280
59.759 41.363 34.280
59.759 41.363 38.780
59.829 41.442 26.280
59.829 41.442 30.280
59.829 41.442 34.280
59.829 41.442 38.780
59.906 41.513 26.280
59.906 41.513 30.280
59.906 41.513 34.280
59.906 41.513 38.780
59.937 41.834 42.780
59.937 41.834 45.540
59.937 41.834 163.530
59.937 41.834 169.390
59.937 41.834 176.250
59.980 41.847 4.000
59.980 41.847 13.990
59.980 41.847 17.990
59.980 41.847 22.280
59.989 41.578 26.280
59.989 41.578 30.280
59.989 41.578 34.280
59.989 41.578 38.780
59.992 41.648 42.780
59.992 41.648 45.540
59.992 41.648 163.530
59.992 41.648 169.390
59.992 41.648 176.250
60.010 41.856 42.780
60.010 41.856 45.540
60.010 41.856 163.530
60.010 41.856 169.390
60.010 41.856 176.250
60.011 15.542 4.000
60.011 15.542 8.020
60.033 41.671 4.000
60.033 41.671 13.990
60.033 41.671 17.990
60.033 41.671 22.280
60.061 41.871 4.000
60.061 41.871 13.990
60.061 41.871 17.990
60.061 41.871 22.280
60.065 41.670 42.780
60.065 41.670 45.540
60.065 41.670 163.530
60.065 41.670 169.390
60.065 41.670 176.250
60.069 15.348 4.000
60.069 15.348 8.020
60.070 41.682 0.000
60.070 41.682 4.000
60.077 41.636 26.280
60.077 41.636 30.280
60.077 41.636 34.280
60.077 41.636 38.780
60.091 15.566 4.000
60.091 15.566 8.020
60.113 41.695 4.000
60.113 41.695 13.990
60.113 41.695 17.990
60.113 41.695 22.280
60.149 15.372 4.000
60.149 15.372 8.020
60.170 41.685 26.280
60.170 41.685 30.280
60.170 41.685 34.280
60.170 41.685 38.780
60.258 41.728 42.780
60.258 41.728 45.540
60.258 41.728 48.300
60.258 41.728 51.060
60.258 41.728 53.820
60.258 41.728 56.580
60.258 41.728 59.340
60.258 41.728 62.100
60.258 41.728 64.860
60.258 41.728 68.010
60.258 41.728 70.770
60.258 41.728 73.530
60.258 41.728 76.290
60.258 41.728 79.050
60.258 41.728 81.810
60.258 41.728 84.570
60.258 41.728 87.330
60.258 41.728 90.090
60.258 41.728 92.850
60.258 41.728 96.170
60.258 41.728 99.320
60.258 41.728 102.080
60.258 41.728 104.840
60.258 41.728 107.600
60.258 41.728 110.360
60.258 41.728 113.120
60.258 41.728 115.880
60.258 41.728 118.640
60.258 41.728 121.400
60.258 41.728 124.550
60.258 41.728 127.310
60.258 41.728 130.070
60.258 41.728 132.830
60.258 41.728 135.590
60.258 41.728 138.350
60.258 41.728 141.110
60.258 41.728 143.870
60.258 41.728 146.630
60.258 41.728 149.390
60.258 41.728 152.150
60.258 41.728 154.910
60.258 41.728 157.670
60.258 41.728 160.820
60.258 41.728 163.530
60.258 41.728 169.390
60.258 41.728 172.750
60.258 41.728 176.250
60.258 41.728 180.000
60.267 41.726 26.280
60.267 41.726 30.280
60.267 41.726 34.280
60.267 41.726 38.780
60.277 16.193 0.000
60.277 16.193 4.000
60.334 41.512 176.250
60.334 41.512 180.000
60.339 41.033 38.780
60.339 41.033 42.780
60.341 41.004 38.780
60.341 41.004 42.780
60.341 41.063 38.780
60.341 41.063 42.780
60.343 41.516 176.250
60.343 41.516 180.000
60.344 40.975 38.780
60.344 40.975 42.780
60.345 41.092 38.780
60.345 41.092 42.780
60.349 41.759 42.780
60.349 41.759 45.540
60.349 41.759 48.300
60.349 41.759 51.060
60.349 41.759 53.820
60.349 41.759 56.580
60.349 41.759 59.340
60.349 41.759 62.100
60.349 41.759 64.860
60.349 41.759 68.010
60.349 41.759 70.770
60.349 41.759 73.530
60.349 41.759 76.290
60.349 41.759 79.050
60.349 41.759 81.810
60.349 41.759 84.570
60.349 41.759 87.330
60.349 41.759 90.090
60.349 41.759 92.850
60.349 41.759 96.170
60.349 41.759 99.320
60.349 41.759 102.080
60.349 41.759 104.840
60.349 41.759 107.600
60.349 41.759 110.360
60.349 41.759 113.120
60.349 41.759 115.880
60.349 41.759 118.640
60.349 41.759 121.400
60.349 41.759 124.550
60.349 41.759 127.310
60.349 41.759 130.070
60.349 41.759 132.830
60.349 41.759 135.590
60.349 41.759 138.350
60.349 41.759 141.110
60.349 41.759 143.870
60.349 41.759 146.630
60.349 41.759 149.390
60.349 41.759 152.150
60.349 41.759 154.910
60.349 41.759 157.670
60.349 41.759 160.820
60.349 41.759 163.530
60.349 41.759 169.390
60.349 41.759 172.750
60.349 41.759 176.250
60.349 41.759 180.000
60.351 40.946 38.780
60.351 40.946 42.780
60.351 41.120 38.780
60.351 41.120 42.780
60.360 40.918 38.780
60.360 40.918 42.780
60.360 41.148 38.780
60.360 41.148 42.780
60.367 41.759 26.280
60.367 41.759 30.280
60.367 41.759 34.280
60.367 41.759 38.780
60.371 40.891 38.780
60.371 40.891 42.780
60.372 41.175 38.780
60.372 41.175 42.780
60.384 40.865 38.780
60.384 40.865 42.780
60.386 41.201 38.780
60.386 41.201 42.780
60.400 40.840 38.780
60.400 40.840 42.780
60.402 41.226 38.780
60.402 41.226 42.780
60.415 41.541 176.250
60.415 41.541 180.000
60.418 40.817 38.780
60.418 40.817 42.780
60.420 15.713 0.000
60.420 15.713 4.000
60.420 41.249 38.780
60.420 41.249 42.780
60.438 40.796 38.780
60.438 40.796 42.780
60.440 41.270 38.780
60.440 41.270 42.780
60.442 41.783 42.780
60.442 41.783 45.540
60.442 41.783 48.300
60.442 41.783 51.060
60.442 41.783 53.820
60.442 41.783 56.580
60.442 41.783 59.340
60.442 41.783 62.100
60.442 41.783 64.860
60.442 41.783 68.010
60.442 41.783 70.770
60.442 41.783 73.530
60.442 41.783 76.290
60.442 41.783 79.050
60.442 41.783 81.810
60.442 41.783 84.570
60.442 41.783 87.330
60.442 41.783 90.090
60.442 41.783 92.850
60.442 41.783 96.170
60.442 41.783 99.320
60.442 41.783 102.080
60.442 41.783 104.840
60.442 41.783 107.600
60.442 41.783 110.360
60.442 41.783 113.120
60.442 41.783 115.880
60.442 41.783 118.640
60.442 41.783 121.400
60.442 41.783 124.550
60.442 41.783 127.310
60.442 41.783 130.070
60.442 41.783 132.830
60.442 41.783 135.590
60.442 41.783 138.350
60.442 41.783 141.110
60.442 41.783 143.870
60.442 41.783 146.630
60.442 41.783 149.390
60.442 41.783 152.150
60.442 41.783 154.910
60.442 41.783 157.670
60.442 41.783 160.820
60.442 41.783 163.530
60.442 41.783 169.390
60.442 41.783 172.750
60.442 41.783 176.250
60.442 41.783 180.000
60.460 40.776 38.780
60.460 40.776 42.780
60.462 41.290 38.780
60.462 41.290 42.780
60.484 40.758 38.780
60.484 40.758 42.780
60.485 26.255 176.250
60.485 26.255 180.000
60.485 41.307 38.780
60.485 41.307 42.780
60.489 41.560 176.250
60.489 41.560 180.000
60.508 40.743 38.780
60.508 40.743 42.780
60.510 41.323 38.780
60.510 41.323 42.780
60.535 40.729 38.780
60.535 40.729 42.780
60.537 41.336 38.780
60.537 41.336 42.780
60.537 41.799 42.780
60.537 41.799 45.540
60.537 41.799 48.300
60.537 41.799 51.060
60.537 41.799 53.820
60.537 41.799 56.580
60.537 41.799 59.340
60.537 41.799 62.100
60.537 41.799 64.860
60.537 41.799 68.010
60.537 41.799 70.770
60.537 41.799 73.530
60.537 41.799 76.290
60.537 41.799 79.050
60.537 41.799 81.810
60.537 41.799 84.570
60.537 41.799 87.330
60.537 41.799 90.090
60.537 41.799 92.850
60.537 41.799 96.170
60.537 41.799 99.320
60.537 41.799 102.080
60.537 41.799 104.840
60.537 41.799 107.600
60.537 41.799 110.360
60.537 41.799 113.120
60.537 41.799 115.880
60.537 41.799 118.640
60.537 41.799 121.400
60.537 41.799 124.550
60.537 41.799 127.310
60.537 41.799 130.070
60.537 41.799 132.830
60.537 41.799 135.590
60.537 41.799 138.350
60.537 41.799 141.110
60.537 41.799 143.870
60.537 41.799 146.630
60.537 41.799 149.390
60.537 41.799 152.150
60.537 41.799 154.910
60.537 41.799 157.670
60.537 41.799 160.820
60.537 41.799 163.530
60.537 41.799 169.390
60.537 41.799 172.750
60.537 41.799 176.250
60.537 41.799 180.000
60.562 40.719 38.780
60.562 40.719 42.780
60.564 41.573 176.250
60.564 41.573 180.000
60.575 26.282 176.250
60.575 26.282 180.000
60.590 40.710 38.780
60.590 40.710 42.780
60.619 40.704 38.780
60.619 40.704 42.780
60.633 41.806 42.780
60.633 41.806 45.540
60.633 41.806 48.300
60.633 41.806 51.060
60.633 41.806 53.820
60.633 41.806 56.580
60.633 41.806 59.340
60.633 41.806 62.100
60.633 41.806 64.860
60.633 41.806 68.010
60.633 41.806 70.770
60.633 41.806 73.530
60.633 41.806 76.290
60.633 41.806 79.050
60.633 41.806 81.810
60.633 41.806 84.570
60.633 41.806 87.330
60.633 41.806 90.090
60.633 41.806 92.850
60.633 41.806 96.170
60.633 41.806 99.320
60.633 41.806 102.080
60.633 41.806 104.840
60.633 41.806 107.600
60.633 41.806 110.360
60.633 41.806 113.120
60.633 41.806 115.880
60.633 41.806 118.640
60.633 41.806 121.400
60.633 41.806 124.550
60.633 41.806 127.310
60.633 41.806 130.070
60.633 41.806 132.830
60.633 41.806 135.590
60.633 41.806 138.350
60.633 41.806 141.110
60.633 41.806 143.870
60.633 41.806 146.630
60.633 41.806 149.390
60.633 41.806 152.150
60.633 41.806 154.910
60.633 41.806 157.670
60.633 41.806 160.820
60.633 41.806 163.530
60.633 41.806 169.390
60.633 41.806 172.750
60.633 41.806 176.250
60.633 41.806 180.000
60.640 41.578 176.250
60.640 41.578 180.000
60.648 40.701 38.780
60.648 40.701 42.780
60.662 26.317 176.250
60.662 26.317 180.000
60.677 40.700 38.780
60.677 40.700 42.780
60.707 40.702 38.780
60.707 40.702 42.780
60.717 41.578 176.250
60.717 41.578 180.000
60.729 41.805 42.780
60.729 41.805 45.540
60.729 41.805 48.300
60.729 41.805 51.060
60.729 41.805 53.820
60.729 41.805 56.580
60.729 41.805 59.340
60.729 41.805 62.100
60.729 41.805 64.860
60.729 41.805 68.010
60.729 41.805 70.770
60.729 41.805 73.530
60.729 41.805 76.290
60.729 41.805 79.050
60.729 41.805 81.810
60.729 41.805 84.570
60.729 41.805 87.330
60.729 41.805 90.090
60.729 41.805 92.850
60.729 41.805 96.170
60.729 41.805 99.320
60.729 41.805 102.080
60.729 41.805 104.840
60.729 41.805 107.600
60.729 41.805 110.360
60.729 41.805 113.120
60.729 41.805 115.880
60.729 41.805 118.640
60.729 41.805 121.400
60.729 41.805 124.550
60.729 41.805 127.310
60.729 41.805 130.070
60.729 41.805 132.830
60.729 41.805 135.590
60.729 41.805 138.350
60.729 41.805 141.110
60.729 41.805 143.870
60.729 41.805 146.630
60.729 41.805 149.390
60.729 41.805 152.150
60.729 41.805 154.910
60.729 41.805 157.670
60.729 41.805 160.820
60.729 41.805 163.530
60.729 41.805 169.390
60.729 41.805 172.750
60.729 41.805 176.250
60.729 41.805 180.000
60.731 43.127 163.530
60.731 43.127 166.290
60.731 43.127 169.390
60.746 26.360 176.250
60.746 26.360 180.000
60.779 18.232 4.000
60.779 18.232 13.990
60.779 18.232 17.990
60.779 18.232 22.280
60.792 41.570 176.250
60.792 41.570 180.000
60.825 41.796 42.780
60.825 41.796 45.540
60.825 41.796 48.300
60.825 41.796 51.060
60.825 41.796 53.820
60.825 41.796 56.580
60.825 41.796 59.340
60.825 41.796 62.100
60.825 41.796 64.860
60.825 41.796 68.010
60.825 41.796 70.770
60.825 41.796 73.530
60.825 41.796 76.290
60.825 41.796 79.050
60.825 41.796 81.810
60.825 41.796 84.570
60.825 41.796 87.330
60.825 41.796 90.090
60.825 41.796 92.850
60.825 41.796 96.170
60.825 41.796 99.320
60.825 41.796 102.080
60.825 41.796 104.840
60.825 41.796 107.600
60.825 41.796 110.360
60.825 41.796 113.120
60.825 41.796 115.880
60.825 41.796 118.640
60.825 41.796 121.400
60.825 41.796 124.550
60.825 41.796 127.310
60.825 41.796 130.070
60.825 41.796 132.830
60.825 41.796 135.590
60.825 41.796 138.350
60.825 41.796 141.110
60.825 41.796 143.870
60.825 41.796 146.630
60.825 41.796 149.390
60.825 41.796 152.150
60.825 41.796 154.910
60.825 41.796 157.670
60.825 41.796 160.820
60.825 41.796 163.530
60.825 41.796 169.390
60.825 41.796 172.750
60.825 41.796 176.250
60.825 41.796 180.000
60.826 26.410 176.250
60.826 26.410 180.000
60.831 18.059 4.000
60.831 18.059 13.990
60.831 18.059 17.990
60.831 18.059 22.280
60.860 43.160 163.530
60.860 43.160 166.290
60.860 43.160 169.390
60.862 18.257 4.000
60.862 18.257 13.990
60.862 18.257 17.990
60.862 18.257 22.280
60.867 41.556 176.250
60.867 41.556 180.000
60.901 26.467 176.250
60.901 26.467 180.000
60.913 18.083 4.000
60.913 18.083 13.990
60.913 18.083 17.990
60.913 18.083 22.280
60.919 41.778 42.780
60.919 41.778 45.540
60.919 41.778 48.300
60.919 41.778 51.060
60.919 41.778 53.820
60.919 41.778 56.580
60.919 41.778 59.340
60.919 41.778 62.100
60.919 41.778 64.860
60.919 41.778 68.010
60.919 41.778 70.770
60.919 41.778 73.530
60.919 41.778 76.290
60.919 41.778 79.050
60.919 41.778 81.810
60.919 41.778 84.570
60.919 41.778 87.330
60.919 41.778 90.090
60.919 41.778 92.850
60.919 41.778 96.170
60.919 41.778 99.320
60.919 41.778 102.080
60.919 41.778 104.840
60.919 41.778 107.600
60.919 41.778 110.360
60.919 41.778 113.120
60.919 41.778 115.880
60.919 41.778 118.640
60.919 41.778 121.400
60.919 41.778 124.550
60.919 41.778 127.310
60.919 41.778 130.070
60.919 41.778 132.830
60.919 41.778 135.590
60.919 41.778 138.350
60.919 41.778 141.110
60.919 41.778 143.870
60.919 41.778 146.630
60.919 41.778 149.390
60.919 41.778 152.150
60.919 41.778 154.910
60.919 41.778 157.670
60.919 41.778 160.820
60.919 41.778 163.530
60.919 41.778 169.390
60.919 41.778 172.750
60.919 41.778 176.250
60.919 41.778 180.000
60.941 41.536 176.250
60.941 41.536 180.000
60.968 23.110 42.780
60.968 23.110 45.540
60.968 23.110 115.880
60.968 41.467 38.780
60.968 41.467 42.780
60.971 26.530 176.250
60.971 26.530 180.000
60.991 43.182 163.530
60.991 43.182 166.290
60.991 43.182 169.390
60.997 41.472 38.780
60.997 41.472 42.780
61.012 41.509 176.250
61.012 41.509 180.000
61.012 41.752 42.780
61.012 41.752 45.540
61.012 41.752 48.300
61.012 41.752 51.060
61.012 41.752 53.820
61.012 41.752 56.580
61.012 41.752 59.340
61.012 41.752 62.100
61.012 41.752 64.860
61.012 41.752 68.010
61.012 41.752 70.770
61.012 41.752 73.530
61.012 41.752 76.290
61.012 41.752 79.050
61.012 41.752 81.810
61.012 41.752 84.570
61.012 41.752 87.330
61.012 41.752 90.090
61.012 41.752 92.850
61.012 41.752 96.170
61.012 41.752 99.320
61.012 41.752 102.080
61.012 41.752 104.840
61.012 41.752 107.600
61.012 41.752 110.360
61.012 41.752 113.120
61.012 41.752 115.880
61.012 41.752 118.640
61.012 41.752 121.400
61.012 41.752 124.550
61.012 41.752 127.310
61.012 41.752 130.070
61.012 41.752 132.830
61.012 41.752 135.590
61.012 41.752 138.350
61.012 41.752 141.110
61.012 41.752 143.870
61.012 41.752 146.630
61.012 41.752 149.390
61.012 41.752 152.150
61.012 41.752 154.910
61.012 41.752 157.670
61.012 41.752 160.820
61.012 41.752 163.530
61.012 41.752 169.390
61.012 41.752 172.750
61.012 41.752 176.250
61.012 41.752 180.000
61.023 22.924 42.780
61.023 22.924 45.540
61.023 22.924 115.880
61.025 41.475 38.780
61.025 41.475 42.780
61.035 26.600 176.250
61.035 26.600 180.000
61.040 23.132 42.780
61.040 23.132 45.540
61.040 23.132 115.880
61.054 41.476 38.780
61.054 41.476 42.780
61.081 41.476 176.250
61.081 41.476 180.000
61.083 41.474 38.780
61.083 41.474 42.780
61.092 26.675 176.250
61.092 26.675 180.000
61.096 22.946 42.780
61.096 22.946 45.540
61.096 22.946 115.880
61.102 41.719 42.780
61.102 41.719 45.540
61.102 41.719 48.300
61.102 41.719 51.060
61.102 41.719 53.820
61.102 41.719 56.580
61.102 41.719 59.340
61.102 41.719 62.100
61.102 41.719 64.860
61.102 41.719 68.010
61.102 41.719 70.770
61.102 41.719 73.530
61.102 41.719 76.290
61.102 41.719 79.050
61.102 41.719 81.810
61.102 41.719 84.570
61.102 41.719 87.330
61.102 41.719 90.090
61.102 41.719 92.850
61.102 41.719 96.170
61.102 41.719 99.320
61.102 41.719 102.080
61.102 41.719 104.840
61.102 41.719 107.600
61.102 41.719 110.360
61.102 41.719 113.120
61.102 41.719 115.880
61.102 41.719 118.640
61.102 41.719 121.400
61.102 41.719 124.550
61.102 41.719 127.310
61.102 41.719 130.070
61.102 41.719 132.830
61.102 41.719 135.590
61.102 41.719 138.350
61.102 41.719 141.110
61.102 41.719 143.870
61.102 41.719 146.630
61.102 41.719 149.390
61.102 41.719 152.150
61.102 41.719 154.910
61.102 41.719 157.670
61.102 41.719 160.820
61.102 41.719 163.530
61.102 41.719 169.390
61.102 41.719 172.750
61.102 41.719 176.250
61.102 41.719 180.000
61.111 41.469 38.780
61.111 41.469 42.780
61.123 43.192 163.530
61.123 43.192 166.290
61.123 43.192 169.390
61.139 41.462 38.780
61.139 41.462 42.780
61.143 26.754 176.250
61.143 26.754 180.000
61.147 41.437 176.250
61.147 41.437 180.000
61.166 41.453 38.780
61.166 41.453 42.780
61.186 26.838 176.250
61.186 26.838 180.000
61.188 41.677 42.780
61.188 41.677 45.540
61.188 41.677 48.300
61.188 41.677 51.060
61.188 41.677 53.820
61.188 41.677 56.580
61.188 41.677 59.340
61.188 41.677 62.100
61.188 41.677 64.860
61.188 41.677 68.010
61.188 41.677 70.770
61.188 41.677 73.530
61.188 41.677 76.290
61.188 41.677 79.050
61.188 41.677 81.810
61.188 41.677 84.570
61.188 41.677 87.330
61.188 41.677 90.090
61.188 41.677 92.850
61.188 41.677 96.170
61.188 41.677 99.320
61.188 41.677 102.080
61.188 41.677 104.840
61.188 41.677 107.600
61.188 41.677 110.360
61.188 41.677 113.120
61.188 41.677 115.880
61.188 41.677 118.640
61.188 41.677 121.400
61.188 41.677 124.550
61.188 41.677 127.310
61.188 41.677 130.070
61.188 41.677 132.830
61.188 41.677 135.590
61.188 41.677 138.350
61.188 41.677 141.110
61.188 41.677 143.870
61.188 41.677 146.630
61.188 41.677 149.390
61.188 41.677 152.150
61.188 41.677 154.910
61.188 41.677 157.670
61.188 41.677 160.820
61.188 41.677 163.530
61.188 41.677 169.390
61.188 41.677 172.750
61.188 41.677 176.250
61.188 41.677 180.000
61.193 41.441 38.780
61.193 41.441 42.780
61.206 40.856 38.780
61.206 40.856 42.780
61.209 41.393 176.250
61.209 41.393 180.000
61.218 41.427 38.780
61.218 41.427 42.780
61.221 26.926 176.250
61.221 26.926 180.000
61.230 40.871 38.780
61.230 40.871 42.780
61.242 41.411 38.780
61.242 41.411 42.780
61.248 27.016 176.250
61.248 27.016 180.000
61.253 40.888 38.780
61.253 40.888 42.780
61.256 43.191 163.530
61.256 43.191 166.290
61.256 43.191 169.390
61.261 27.483 176.250
61.261 27.483 180.000
61.264 41.393 38.780
61.264 41.393 42.780
61.267 41.343 176.250
61.267 41.343 180.000
61.268 27.108 176.250
61.268 27.108 180.000
61.271 41.628 42.780
61.271 41.628 45.540
61.271 41.628 48.300
61.271 41.628 51.060
61.271 41.628 53.820
61.271 41.628 56.580
61.271 41.628 59.340
61.271 41.628 62.100
61.271 41.628 64.860
61.271 41.628 68.010
61.271 41.628 70.770
61.271 41.628 73.530
61.271 41.628 76.290
61.271 41.628 79.050
61.271 41.628 81.810
61.271 41.628 84.570
61.271 41.628 87.330
61.271 41.628 90.090
61.271 41.628 92.850
61.271 41.628 96.170
61.271 41.628 99.320
61.271 41.628 102.080
61.271 41.628 104.840
61.271 41.628 107.600
61.271 41.628 110.360
61.271 41.628 113.120
61.271 41.628 115.880
61.271 41.628 118.640
61.271 41.628 121.400
61.271 41.628 124.550
61.271 41.628 127.310
61.271 41.628 130.070
61.271 41.628 132.830
61.271 41.628 135.590
61.271 41.628 138.350
61.271 41.628 141.110
61.271 41.628 143.870
61.271 41.628 146.630
61.271 41.628 149.390
61.271 41.628 152.150
61.271 41.628 154.910
61.271 41.628 157.670
61.271 41.628 160.820
61.271 41.628 163.530
61.271 41.628 169.390
61.271 41.628 172.750
61.271 41.628 176.250
61.271 41.628 180.000
61.275 27.390 176.250
61.275 27.390 180.000
61.275 40.907 38.780
61.275 40.907 42.780
61.278 27.202 176.250
61.278 27.202 180.000
61.281 27.296 176.250
61.281 27.296 180.000
61.285 41.373 38.780
61.285 41.373 42.780
61.286 16.494 0.000
61.286 16.494 4.000
61.287 31.635 0.000
61.287 31.635 4.000
61.295 40.928 38.780
61.295 40.928 42.780
61.304 41.352 38.780
61.304 41.352 42.780
61.313 40.950 38.780
61.313 40.950 42.780
61.320 41.289 176.250
61.320 41.289 180.000
61.321 41.329 38.780
61.321 41.329 42.780
61.329 40.974 38.780
61.329 40.974 42.780
61.336 41.304 38.780
61.336 41.304 42.780
61.342 40.999 38.780
61.342 40.999 42.780
61.348 41.278 38.780
61.348 41.278 42.780
61.349 41.573 42.780
61.349 41.573 45.540
61.349 41.573 48.300
61.349 41.573 51.060
61.349 41.573 53.820
61.349 41.573 56.580
61.349 41.573 59.340
61.349 41.573 62.100
61.349 41.573 64.860
61.349 41.573 68.010
61.349 41.573 70.770
61.349 41.573 73.530
61.349 41.573 76.290
61.349 41.573 79.050
61.349 41.573 81.810
61.349 41.573 84.570
61.349 41.573 87.330
61.349 41.573 90.090
61.349 41.573 92.850
61.349 41.573 96.170
61.349 41.573 99.320
61.349 41.573 102.080
61.349 41.573 104.840
61.349 41.573 107.600
61.349 41.573 110.360
61.349 41.573 113.120
61.349 41.573 115.880
61.349 41.573 118.640
61.349 41.573 121.400
61.349 41.573 124.550
61.349 41.573 127.310
61.349 41.573 130.070
61.349 41.573 132.830
61.349 41.573 135.590
61.349 41.573 138.350
61.349 41.573 141.110
61.349 41.573 143.870
61.349 41.573 146.630
61.349 41.573 149.390
61.349 41.573 152.150
61.349 41.573 154.910
61.349 41.573 157.670
61.349 41.573 160.820
61.349 41.573 163.530
61.349 41.573 169.390
61.349 41.573 172.750
61.349 41.573 176.250
61.349 41.573 180.000
61.354 41.026 38.780
61.354 41.026 42.780
61.359 41.251 38.780
61.359 41.251 42.780
61.363 41.053 38.780
61.363 41.053 42.780
61.367 41.224 38.780
61.367 41.224 42.780
61.369 41.230 176.250
61.369 41.230 180.000
61.370 41.081 38.780
61.370 41.081 42.780
61.372 41.195 38.780
61.372 41.195 42.780
61.374 41.109 38.780
61.374 41.109 42.780
61.376 41.138 38.780
61.376 41.138 42.780
61.376 41.167 38.780
61.376 41.167 42.780
61.388 43.178 163.530
61.388 43.178 166.290
61.388 43.178 169.390
61.407 42.272 4.000
61.407 42.272 13.990
61.407 42.272 17.990
61.407 42.272 22.280
61.412 41.167 176.250
61.412 41.167 180.000
61.422 16.037 0.000
61.422 16.037 4.000
61.422 41.510 42.780
61.422 41.510 45.540
61.422 41.510 48.300
61.422 41.510 51.060
61.422 41.510 53.820
61.422 41.510 56.580
61.422 41.510 59.340
61.422 41.510 62.100
61.422 41.510 64.860
61.422 41.510 68.010
61.422 41.510 70.770
61.422 41.510 73.530
61.422 41.510 76.290
61.422 41.510 79.050
61.422 41.510 81.810
61.422 41.510 84.570
61.422 41.510 87.330
61.422 41.510 90.090
61.422 41.510 92.850
61.422 41.510 96.170
61.422 41.510 99.320
61.422 41.510 102.080
61.422 41.510 104.840
61.422 41.510 107.600
61.422 41.510 110.360
61.422 41.510 113.120
61.422 41.510 115.880
61.422 41.510 118.640
61.422 41.510 121.400
61.422 41.510 124.550
61.422 41.510 127.310
61.422 41.510 130.070
61.422 41.510 132.830
61.422 41.510 135.590
61.422 41.510 138.350
61.422 41.510 141.110
61.422 41.510 143.870
61.422 41.510 146.630
61.422 41.510 149.390
61.422 41.510 152.150
61.422 41.510 154.910
61.422 41.510 157.670
61.422 41.510 160.820
61.422 41.510 163.530
61.422 41.510 169.390
61.422 41.510 172.750
61.422 41.510 176.250
61.422 41.510 180.000
61.450 41.101 176.250
61.450 41.101 180.000
61.452 15.972 4.000
61.452 15.972 8.020
61.460 42.096 4.000
61.460 42.096 13.990
61.460 42.096 17.990
61.460 42.096 22.280
61.481 41.032 176.250
61.481 41.032 180.000
61.488 42.296 4.000
61.488 42.296 13.990
61.488 42.296 17.990
61.488 42.296 22.280
61.490 41.442 42.780
61.490 41.442 45.540
61.490 41.442 48.300
61.490 41.442 51.060
61.490 41.442 53.820
61.490 41.442 56.580
61.490 41.442 59.340
61.490 41.442 62.100
61.490 41.442 64.860
61.490 41.442 68.010
61.490 41.442 70.770
61.490 41.442 73.530
61.490 41.442 76.290
61.490 41.442 79.050
61.490 41.442 81.810
61.490 41.442 84.570
61.490 41.442 87.330
61.490 41.442 90.090
61.490 41.442 92.850
61.490 41.442 96.170
61.490 41.442 99.320
61.490 41.442 102.080
61.490 41.442 104.840
61.490 41.442 107.600
61.490 41.442 110.360
61.490 41.442 113.120
61.490 41.442 115.880
61.490 41.442 118.640
61.490 41.442 121.400
61.490 41.442 124.550
61.490 41.442 127.310
61.490 41.442 130.070
61.490 41.442 132.830
61.490 41.442 135.590
61.490 41.442 138.350
61.490 41.442 141.110
61.490 41.442 143.870
61.490 41.442 146.630
61.490 41.442 149.390
61.490 41.442 152.150
61.490 41.442 154.910
61.490 41.442 157.670
61.490 41.442 160.820
61.490 41.442 163.530
61.490 41.442 169.390
61.490 41.442 172.750
61.490 41.442 176.250
61.490 41.442 180.000
61.507 40.960 176.250
61.507 40.960 180.000
61.510 15.777 4.000
61.510 15.777 8.020
61.519 43.153 163.530
61.519 43.153 166.290
61.519 43.153 169.390
61.526 40.886 176.250
61.526 40.886 180.000
61.528 40.877 176.250
61.528 40.877 180.000
61.533 15.996 4.000
61.533 15.996 8.020
61.540 42.120 4.000
61.540 42.120 13.990
61.540 42.120 17.990
61.540 42.120 22.280
61.551 41.368 42.780
61.551 41.368 45.540
61.551 41.368 48.300
61.551 41.368 51.060
61.551 41.368 53.820
61.551 41.368 56.580
61.551 41.368 59.340
61.551 41.368 62.100
61.551 41.368 64.860
61.551 41.368 68.010
61.551 41.368 70.770
61.551 41.368 73.530
61.551 41.368 76.290
61.551 41.368 79.050
61.551 41.368 81.810
61.551 41.368 84.570
61.551 41.368 87.330
61.551 41.368 90.090
61.551 41.368 92.850
61.551 41.368 96.170
61.551 41.368 99.320
61.551 41.368 102.080
61.551 41.368 104.840
61.551 41.368 107.600
61.551 41.368 110.360
61.551 41.368 113.120
61.551 41.368 115.880
61.551 41.368 118.640
61.551 41.368 121.400
61.551 41.368 124.550
61.551 41.368 127.310
61.551 41.368 130.070
61.551 41.368 132.830
61.551 41.368 135.590
61.551 41.368 138.350
61.551 41.368 141.110
61.551 41.368 143.870
61.551 41.368 146.630
61.551 41.368 149.390
61.551 41.368 152.150
61.551 41.368 154.910
61.551 41.368 157.670
61.551 41.368 160.820
61.551 41.368 163.530
61.551 41.368 169.390
61.551 41.368 172.750
61.551 41.368 176.250
61.551 41.368 180.000
61.591 15.801 4.000
61.591 15.801 8.020
61.605 41.288 42.780
61.605 41.288 45.540
61.605 41.288 48.300
61.605 41.288 51.060
61.605 41.288 53.820
61.605 41.288 56.580
61.605 41.288 59.340
61.605 41.288 62.100
61.605 41.288 64.860
61.605 41.288 68.010
61.605 41.288 70.770
61.605 41.288 73.530
61.605 41.288 76.290
61.605 41.288 79.050
61.605 41.288 81.810
61.605 41.288 84.570
61.605 41.288 87.330
61.605 41.288 90.090
61.605 41.288 92.850
61.605 41.288 96.170
61.605 41.288 99.320
61.605 41.288 102.080
61.605 41.288 104.840
61.605 41.288 107.600
61.605 41.288 110.360
61.605 41.288 113.120
61.605 41.288 115.880
61.605 41.288 118.640
61.605 41.288 121.400
61.605 41.288 124.550
61.605 41.288 127.310
61.605 41.288 130.070
61.605 41.288 132.830
61.605 41.288 135.590
61.605 41.288 138.350
61.605 41.288 141.110
61.605 41.288 143.870
61.605 41.288 146.630
61.605 41.288 149.390
61.605 41.288 152.150
61.605 41.288 154.910
61.605 41.288 157.670
61.605 41.288 160.820
61.605 41.288 163.530
61.605 41.288 169.390
61.605 41.288 172.750
61.605 41.288 176.250
61.605 41.288 180.000
61.647 43.116 163.530
61.647 43.116 166.290
61.647 43.116 169.390
61.653 41.205 42.780
61.653 41.205 45.540
61.653 41.205 48.300
61.653 41.205 51.060
61.653 41.205 53.820
61.653 41.205 56.580
61.653 41.205 59.340
61.653 41.205 62.100
61.653 41.205 64.860
61.653 41.205 68.010
61.653 41.205 70.770
61.653 41.205 73.530
61.653 41.205 76.290
61.653 41.205 79.050
61.653 41.205 81.810
61.653 41.205 84.570
61.653 41.205 87.330
61.653 41.205 90.090
61.653 41.205 92.850
61.653 41.205 96.170
61.653 41.205 99.320
61.653 41.205 102.080
61.653 41.205 104.840
61.653 41.205 107.600
61.653 41.205 110.360
61.653 41.205 113.120
61.653 41.205 115.880
61.653 41.205 118.640
61.653 41.205 121.400
61.653 41.205 124.550
61.653 41.205 127.310
61.653 41.205 130.070
61.653 41.205 132.830
61.653 41.205 135.590
61.653 41.205 138.350
61.653 41.205 141.110
61.653 41.205 143.870
61.653 41.205 146.630
61.653 41.205 149.390
61.653 41.205 152.150
61.653 41.205 154.910
61.653 41.205 157.670
61.653 41.205 160.820
61.653 41.205 163.530
61.653 41.205 169.390
61.653 41.205 172.750
61.653 41.205 176.250
61.653 41.205 180.000
61.693 41.117 42.780
61.693 41.117 45.540
61.693 41.117 48.300
61.693 41.117 51.060
61.693 41.117 53.820
61.693 41.117 56.580
61.693 41.117 59.340
61.693 41.117 62.100
61.693 41.117 64.860
61.693 41.117 68.010
61.693 41.117 70.770
61.693 41.117 73.530
61.693 41.117 76.290
61.693 41.117 79.050
61.693 41.117 81.810
61.693 41.117 84.570
61.693 41.117 87.330
61.693 41.117 90.090
61.693 41.117 92.850
61.693 41.117 96.170
61.693 41.117 99.320
61.693 41.117 102.080
61.693 41.117 104.840
61.693 41.117 107.600
61.693 41.117 110.360
61.693 41.117 113.120
61.693 41.117 115.880
61.693 41.117 118.640
61.693 41.117 121.400
61.693 41.117 124.550
61.693 41.117 127.310
61.693 41.117 130.070
61.693 41.117 132.830
61.693 41.117 135.590
61.693 41.117 138.350
61.693 41.117 141.110
61.693 41.117 143.870
61.693 41.117 146.630
61.693 41.117 149.390
61.693 41.117 152.150
61.693 41.117 154.910
61.693 41.117 157.670
61.693 41.117 160.820
61.693 41.117 163.530
61.693 41.117 169.390
61.693 41.117 172.750
61.693 41.117 176.250
61.693 41.117 180.000
61.722 16.624 0.000
61.722 16.624 4.000
61.725 41.027 42.780
61.725 41.027 45.540
61.725 41.027 48.300
61.725 41.027 51.060
61.725 41.027 53.820
61.725 41.027 56.580
61.725 41.027 59.340
61.725 41.027 62.100
61.725 41.027 64.860
61.725 41.027 68.010
61.725 41.027 70.770
61.725 41.027 73.530
61.725 41.027 76.290
61.725 41.027 79.050
61.725 41.027 81.810
61.725 41.027 84.570
61.725 41.027 87.330
61.725 41.027 90.090
61.725 41.027 92.850
61.725 41.027 96.170
61.725 41.027 99.320
61.725 41.027 102.080
61.725 41.027 104.840
61.725 41.027 107.600
61.725 41.027 110.360
61.725 41.027 113.120
61.725 41.027 115.880
61.725 41.027 118.640
61.725 41.027 121.400
61.725 41.027 124.550
61.725 41.027 127.310
61.725 41.027 130.070
61.725 41.027 132.830
61.725 41.027 135.590
61.725 41.027 138.350
61.725 41.027 141.110
61.725 41.027 143.870
61.725 41.027 146.630
61.725 41.027 149.390
61.725 41.027 152.150
61.725 41.027 154.910
61.725 41.027 157.670
61.725 41.027 160.820
61.725 41.027 163.530
61.725 41.027 169.390
61.725 41.027 172.750
61.725 41.027 176.250
61.725 41.027 180.000
61.749 40.934 38.780
61.749 40.934 42.780
61.749 40.934 45.540
61.749 40.934 48.300
61.749 40.934 51.060
61.749 40.934 53.820
61.749 40.934 56.580
61.749 40.934 59.340
61.749 40.934 62.100
61.749 40.934 64.860
61.749 40.934 68.010
61.749 40.934 70.770
61.749 40.934 73.530
61.749 40.934 76.290
61.749 40.934 79.050
61.749 40.934 81.810
61.749 40.934 84.570
61.749 40.934 87.330
61.749 40.934 90.090
61.749 40.934 92.850
61.749 40.934 96.170
61.749 40.934 99.320
61.749 40.934 102.080
61.749 40.934 104.840
61.749 40.934 107.600
61.749 40.934 110.360
61.749 40.934 113.120
61.749 40.934 115.880
61.749 40.934 118.640
61.749 40.934 121.400
61.749 40.934 124.550
61.749 40.934 127.310
61.749 40.934 130.070
61.749 40.934 132.830
61.749 40.934 135.590
61.749 40.934 138.350
61.749 40.934 141.110
61.749 40.934 143.870
61.749 40.934 146.630
61.749 40.934 149.390
61.749 40.934 152.150
61.749 40.934 154.910
61.749 40.934 157.670
61.749 40.934 160.820
61.749 40.934 163.530
61.749 40.934 169.390
61.749 40.934 172.750
61.749 40.934 176.250
61.749 40.934 180.000
61.771 43.069 163.530
61.771 43.069 166.290
61.771 43.069 169.390
61.802 29.905 0.000
61.802 29.905 4.000
61.804 40.749 42.780
61.804 40.749 45.540
61.804 40.749 163.530
61.804 40.749 169.390
61.804 40.749 176.250
61.809 29.113 0.000
61.809 29.113 4.000
61.824 40.684 42.780
61.824 40.684 45.540
61.824 40.684 163.530
61.824 40.684 169.390
61.824 40.684 176.250
61.858 16.167 0.000
61.858 16.167 4.000
61.890 43.011 163.530
61.890 43.011 166.290
61.890 43.011 169.390
61.968 40.798 42.780
61.968 40.798 45.540
61.968 40.798 163.530
61.968 40.798 169.390
61.968 40.798 176.250
61.987 40.733 42.780
61.987 40.733 45.540
61.987 40.733 163.530
61.987 40.733 169.390
61.987 40.733 176.250
62.004 42.942 163.530
62.004 42.942 166.290
62.004 42.942 169.390
62.109 29.996 0.000
62.109 29.996 4.000
62.111 42.864 163.530
62.111 42.864 166.290
62.111 42.864 169.390
62.123 39.682 42.780
62.123 39.682 45.540
62.123 39.682 163.530
62.123 39.682 169.390
62.123 39.682 176.250
62.142 39.617 42.780
62.142 39.617 45.540
62.142 39.617 163.530
62.142 39.617 169.390
62.142 39.617 176.250
62.207 18.658 4.000
62.207 18.658 13.990
62.207 18.658 17.990
62.207 18.658 22.280
62.211 42.776 163.530
62.211 42.776 166.290
62.211 42.776 169.390
62.255 29.506 0.000
62.255 29.506 4.000
62.259 18.483 4.000
62.259 18.483 13.990
62.259 18.483 17.990
62.259 18.483 22.280
62.287 39.731 42.780
62.287 39.731 45.540
62.287 39.731 163.530
62.287 39.731 169.390
62.287 39.731 176.250
62.288 18.682 4.000
62.288 18.682 13.990
62.288 18.682 17.990
62.288 18.682 22.280
62.303 42.681 163.530
62.303 42.681 166.290
62.303 42.681 169.390
62.306 39.666 42.780
62.306 39.666 45.540
62.306 39.666 163.530
62.306 39.666 169.390
62.306 39.666 176.250
62.340 18.507 4.000
62.340 18.507 13.990
62.340 18.507 17.990
62.340 18.507 22.280
62.360 23.526 42.780
62.360 23.526 45.540
62.360 23.526 115.880
62.386 42.577 163.530
62.386 42.577 166.290
62.386 42.577 169.390
62.416 23.340 42.780
62.416 23.340 45.540
62.416 23.340 115.880
62.433 23.548 42.780
62.433 23.548 45.540
62.433 23.548 115.880
62.440 38.622 42.780
62.440 38.622 45.540
62.440 38.622 163.530
62.440 38.622 169.390
62.440 38.622 176.250
62.449 29.564 0.000
62.449 29.564 4.000
62.459 38.557 42.780
62.459 38.557 45.540
62.459 38.557 163.530
62.459 38.557 169.390
62.459 38.557 176.250
62.460 42.466 163.530
62.460 42.466 166.290
62.460 42.466 169.390
62.488 23.362 42.780
62.488 23.362 45.540
62.488 23.362 115.880
62.520 29.325 0.000
62.520 29.325 4.000
62.524 23.183 0.000
62.524 23.183 4.000
62.524 42.350 163.530
62.524 42.350 166.290
62.524 42.350 169.390
62.577 42.228 163.530
62.577 42.228 166.290
62.577 42.228 169.390
62.604 38.671 42.780
62.604 38.671 45.540
62.604 38.671 163.530
62.604 38.671 169.390
62.604 38.671 176.250
62.619 42.102 163.530
62.619 42.102 166.290
62.619 42.102 169.390
62.623 38.606 42.780
62.623 38.606 45.540
62.623 38.606 163.530
62.623 38.606 169.390
62.623 38.606 176.250
62.721 16.921 0.000
62.721 16.921 4.000
62.756 37.564 42.780
62.756 37.564 45.540
62.756 37.564 163.530
62.756 37.564 169.390
62.756 37.564 176.250
62.775 37.499 42.780
62.775 37.499 45.540
62.775 37.499 163.530
62.775 37.499 169.390
62.775 37.499 176.250
62.853 42.703 4.000
62.853 42.703 13.990
62.853 42.703 17.990
62.853 42.703 22.280
62.857 16.464 0.000
62.857 16.464 4.000
62.883 16.398 4.000
62.883 16.398 8.020
62.906 42.527 4.000
62.906 42.527 13.990
62.906 42.527 17.990
62.906 42.527 22.280
62.919 32.121 0.000
62.919 32.121 4.000
62.920 37.613 42.780
62.920 37.613 45.540
62.920 37.613 163.530
62.920 37.613 169.390
62.920 37.613 176.250
62.934 42.727 4.000
62.934 42.727 13.990
62.934 42.727 17.990
62.934 42.727 22.280
62.939 37.548 42.780
62.939 37.548 45.540
62.939 37.548 163.530
62.939 37.548 169.390
62.939 37.548 176.250
62.941 16.203 4.000
62.941 16.203 8.020
62.963 16.422 4.000
62.963 16.422 8.020
62.986 42.551 4.000
62.986 42.551 13.990
62.986 42.551 17.990
62.986 42.551 22.280
62.987 36.789 163.530
62.987 36.789 166.290
62.987 36.789 169.390
63.021 16.227 4.000
63.021 16.227 8.020
63.073 36.502 42.780
63.073 36.502 45.540
63.073 36.502 163.530
63.073 36.502 169.390
63.073 36.502 176.250
63.084 36.826 163.530
63.084 36.826 166.290
63.084 36.826 169.390
63.092 36.437 42.780
63.092 36.437 45.540
63.092 36.437 163.530
63.092 36.437 169.390
63.092 36.437 176.250
63.178 36.872 163.530
63.178 36.872 166.290
63.178 36.872 169.390
63.237 36.551 42.780
63.237 36.551 45.540
63.237 36.551 163.530
63.237 36.551 169.390
63.237 36.551 176.250
63.256 36.486 42.780
63.256 36.486 45.540
63.256 36.486 163.530
63.256 36.486 169.390
63.256 36.486 176.250
63.267 36.926 163.530
63.267 36.926 166.290
63.267 36.926 169.390
63.348 23.948 0.000
63.348 23.948 4.000
63.351 36.987 163.530
63.351 36.987 166.290
63.351 36.987 169.390
63.390 35.442 42.780
63.390 35.442 45.540
63.390 35.442 163.530
63.390 35.442 169.390
63.390 35.442 176.250
63.409 35.377 42.780
63.409 35.377 45.540
63.409 35.377 163.530
63.409 35.377 169.390
63.409 35.377 176.250
63.430 37.055 163.530
63.430 37.055 166.290
63.430 37.055 169.390
63.503 37.129 163.530
63.503 37.129 166.290
63.503 37.129 169.390
63.553 35.491 42.780
63.553 35.491 45.540
63.553 35.491 163.530
63.553 35.491 169.390
63.553 35.491 176.250
63.569 37.210 163.530
63.569 37.210 166.290
63.569 37.210 169.390
63.573 35.426 42.780
63.573 35.426 45.540
63.573 35.426 163.530
63.573 35.426 169.390
63.573 35.426 176.250
63.628 37.296 163.530
63.628 37.296 166.290
63.628 37.296 169.390
63.650 19.088 4.000
63.650 19.088 13.990
63.650 19.088 17.990
63.650 19.088 22.280
63.679 37.387 163.530
63.679 37.387 166.290
63.679 37.387 169.390
63.702 18.913 4.000
63.702 18.913 13.990
63.702 18.913 17.990
63.702 18.913 22.280
63.707 34.379 42.780
63.707 34.379 45.540
63.707 34.379 163.530
63.707 34.379 169.390
63.707 34.379 176.250
63.722 37.481 163.530
63.722 37.481 166.290
63.722 37.481 169.390
63.726 34.314 42.780
63.726 34.314 45.540
63.726 34.314 163.530
63.726 34.314 169.390
63.726 34.314 176.250
63.730 19.112 4.000
63.730 19.112 13.990
63.730 19.112 17.990
63.730 19.112 22.280
63.755 23.943 42.780
63.755 23.943 45.540
63.755 23.943 115.880
63.755 38.298 163.530
63.755 38.298 166.290
63.755 38.298 169.390
63.757 37.580 163.530
63.757 37.580 166.290
63.757 37.580 169.390
63.782 18.937 4.000
63.782 18.937 13.990
63.782 18.937 17.990
63.782 18.937 22.280
63.782 38.197 163.530
63.782 38.197 166.290
63.782 38.197 169.390
63.783 37.680 163.530
63.783 37.680 166.290
63.783 37.680 169.390
63.800 38.095 163.530
63.800 38.095 166.290
63.800 38.095 169.390
63.801 37.783 163.530
63.801 37.783 166.290
63.801 37.783 169.390
63.809 37.991 163.530
63.809 37.991 166.290
63.809 37.991 169.390
63.810 23.757 42.780
63.810 23.757 45.540
63.810 23.757 115.880
63.810 37.887 163.530
63.810 37.887 166.290
63.810 37.887 169.390
63.828 23.965 42.780
63.828 23.965 45.540
63.828 23.965 115.880
63.871 34.428 42.780
63.871 34.428 45.540
63.871 34.428 163.530
63.871 34.428 169.390
63.871 34.428 176.250
63.883 23.778 42.780
63.883 23.778 45.540
63.883 23.778 115.880
63.890 34.363 42.780
63.890 34.363 45.540
63.890 34.363 163.530
63.890 34.363 169.390
63.890 34.363 176.250
64.025 33.314 42.780
64.025 33.314 45.540
64.025 33.314 163.530
64.025 33.314 169.390
64.025 33.314 176.250
64.044 33.249 42.780
64.044 33.249 45.540
64.044 33.249 163.530
64.044 33.249 169.390
64.044 33.249 176.250
64.189 33.363 42.780
64.189 33.363 45.540
64.189 33.363 163.530
64.189 33.363 169.390
64.189 33.363 176.250
64.208 33.298 42.780
64.208 33.298 45.540
64.208 33.298 163.530
64.208 33.298 169.390
64.208 33.298 176.250
64.247 17.401 0.000
64.247 17.401 4.000
64.283 43.129 4.000
64.283 43.129 13.990
64.283 43.129 17.990
64.283 43.129 22.280
64.325 16.828 4.000
64.325 16.828 8.020
64.335 42.953 4.000
64.335 42.953 13.990
64.335 42.953 17.990
64.335 42.953 22.280
64.340 32.260 42.780
64.340 32.260 45.540
64.340 32.260 163.530
64.340 32.260 169.390
64.340 32.260 176.250
64.359 32.195 42.780
64.359 32.195 45.540
64.359 32.195 163.530
64.359 32.195 169.390
64.359 32.195 176.250
64.363 43.153 4.000
64.363 43.153 13.990
64.363 43.153 17.990
64.363 43.153 22.280
64.383 16.633 4.000
64.383 16.633 8.020
64.406 16.852 4.000
64.406 16.852 8.020
64.416 42.977 4.000
64.416 42.977 13.990
64.416 42.977 17.990
64.416 42.977 22.280
64.463 16.657 4.000
64.463 16.657 8.020
64.504 32.309 42.780
64.504 32.309 45.540
64.504 32.309 163.530
64.504 32.309 169.390
64.504 32.309 176.250
64.523 32.244 42.780
64.523 32.244 45.540
64.523 32.244 163.530
64.523 32.244 169.390
64.523 32.244 176.250
64.640 24.333 0.000
64.640 24.333 4.000
64.658 31.196 42.780
64.658 31.196 45.540
64.658 31.196 163.530
64.658 31.196 169.390
64.658 31.196 176.250
64.677 31.131 42.780
64.677 31.131 45.540
64.677 31.131 163.530
64.677 31.131 169.390
64.677 31.131 176.250
64.782 23.856 0.000
64.782 23.856 4.000
64.822 31.245 42.780
64.822 31.245 45.540
64.822 31.245 163.530
64.822 31.245 169.390
64.822 31.245 176.250
64.841 31.180 42.780
64.841 31.180 45.540
64.841 31.180 163.530
64.841 31.180 169.390
64.841 31.180 176.250
64.975 30.133 42.780
64.975 30.133 45.540
64.975 30.133 163.530
64.975 30.133 169.390
64.975 30.133 176.250
64.995 30.068 42.780
64.995 30.068 45.540
64.995 30.068 163.530
64.995 30.068 169.390
64.995 30.068 176.250
65.095 19.518 4.000
65.095 19.518 13.990
65.095 19.518 17.990
65.095 19.518 22.280
65.139 30.181 42.780
65.139 30.181 45.540
65.139 30.181 163.530
65.139 30.181 169.390
65.139 30.181 176.250
65.146 19.347 4.000
65.146 19.347 13.990
65.146 19.347 17.990
65.146 19.347 22.280
65.155 24.361 42.780
65.155 24.361 45.540
65.155 24.361 115.880
65.159 30.116 42.780
65.159 30.116 45.540
65.159 30.116 163.530
65.159 30.116 169.390
65.159 30.116 176.250
65.176 19.542 4.000
65.176 19.542 13.990
65.176 19.542 17.990
65.176 19.542 22.280
65.210 24.175 42.780
65.210 24.175 45.540
65.210 24.175 115.880
65.227 19.371 4.000
65.227 19.371 13.990
65.227 19.371 17.990
65.227 19.371 22.280
65.228 24.383 42.780
65.228 24.383 45.540
65.228 24.383 115.880
65.283 24.197 42.780
65.283 24.197 45.540
65.283 24.197 115.880
65.293 29.069 42.780
65.293 29.069 45.540
65.293 29.069 115.880
65.312 29.004 42.780
65.312 29.004 45.540
65.312 29.004 115.880
65.366 24.662 176.250
65.366 24.662 180.000
65.380 24.664 176.250
65.380 24.664 180.000
65.417 24.439 38.780
65.417 24.439 42.780
65.417 24.439 45.540
65.417 24.439 48.300
65.417 24.439 51.060
65.417 24.439 53.820
65.417 24.439 56.580
65.417 24.439 59.340
65.417 24.439 62.100
65.417 24.439 64.860
65.417 24.439 68.010
65.417 24.439 70.770
65.417 24.439 73.530
65.417 24.439 76.290
65.417 24.439 79.050
65.417 24.439 81.810
65.417 24.439 84.570
65.417 24.439 87.330
65.417 24.439 90.090
65.417 24.439 92.850
65.417 24.439 96.170
65.417 24.439 99.320
65.417 24.439 102.080
65.417 24.439 104.840
65.417 24.439 107.600
65.417 24.439 110.360
65.417 24.439 113.120
65.417 24.439 115.880
65.417 24.439 118.640
65.417 24.439 121.400
65.417 24.439 124.550
65.417 24.439 127.310
65.417 24.439 130.070
65.417 24.439 132.830
65.417 24.439 135.590
65.417 24.439 138.350
65.417 24.439 141.110
65.417 24.439 143.870
65.417 24.439 146.630
65.417 24.439 149.390
65.417 24.439 152.150
65.417 24.439 154.910
65.417 24.439 157.670
65.417 24.439 160.820
65.417 24.439 163.530
65.417 24.439 166.290
65.417 24.439 169.390
65.417 24.439 172.750
65.417 24.439 176.250
65.417 24.439 180.000
65.453 24.679 176.250
65.453 24.679 180.000
65.457 29.118 42.780
65.457 29.118 45.540
65.457 29.118 115.880
65.476 29.053 42.780
65.476 29.053 45.540
65.476 29.053 115.880
65.509 24.459 38.780
65.509 24.459 42.780
65.509 24.459 45.540
65.509 24.459 48.300
65.509 24.459 51.060
65.509 24.459 53.820
65.509 24.459 56.580
65.509 24.459 59.340
65.509 24.459 62.100
65.509 24.459 64.860
65.509 24.459 68.010
65.509 24.459 70.770
65.509 24.459 73.530
65.509 24.459 76.290
65.509 24.459 79.050
65.509 24.459 81.810
65.509 24.459 84.570
65.509 24.459 87.330
65.509 24.459 90.090
65.509 24.459 92.850
65.509 24.459 96.170
65.509 24.459 99.320
65.509 24.459 102.080
65.509 24.459 104.840
65.509 24.459 107.600
65.509 24.459 110.360
65.509 24.459 113.120
65.509 24.459 115.880
65.509 24.459 118.640
65.509 24.459 121.400
65.509 24.459 124.550
65.509 24.459 127.310
65.509 24.459 130.070
65.509 24.459 132.830
65.509 24.459 135.590
65.509 24.459 138.350
65.509 24.459 141.110
65.509 24.459 143.870
65.509 24.459 146.630
65.509 24.459 149.390
65.509 24.459 152.150
65.509 24.459 154.910
65.509 24.459 157.670
65.509 24.459 160.820
65.509 24.459 163.530
65.509 24.459 166.290
65.509 24.459 169.390
65.509 24.459 172.750
65.509 24.459 176.250
65.509 24.459 180.000
65.523 24.701 176.250
65.523 24.701 180.000
65.592 24.728 176.250
65.592 24.728 180.000
65.599 24.486 38.780
65.599 24.486 42.780
65.599 24.486 45.540
65.599 24.486 48.300
65.599 24.486 51.060
65.599 24.486 53.820
65.599 24.486 56.580
65.599 24.486 59.340
65.599 24.486 62.100
65.599 24.486 64.860
65.599 24.486 68.010
65.599 24.486 70.770
65.599 24.486 73.530
65.599 24.486 76.290
65.599 24.486 79.050
65.599 24.486 81.810
65.599 24.486 84.570
65.599 24.486 87.330
65.599 24.486 90.090
65.599 24.486 92.850
65.599 24.486 96.170
65.599 24.486 99.320
65.599 24.486 102.080
65.599 24.486 104.840
65.599 24.486 107.600
65.599 24.486 110.360
65.599 24.486 113.120
65.599 24.486 115.880
65.599 24.486 118.640
65.599 24.486 121.400
65.599 24.486 124.550
65.599 24.486 127.310
65.599 24.486 130.070
65.599 24.486 132.830
65.599 24.486 135.590
65.599 24.486 138.350
65.599 24.486 141.110
65.599 24.486 143.870
65.599 24.486 146.630
65.599 24.486 149.390
65.599 24.486 152.150
65.599 24.486 154.910
65.599 24.486 157.670
65.599 24.486 160.820
65.599 24.486 163.530
65.599 24.486 166.290
65.599 24.486 169.390
65.599 24.486 172.750
65.599 24.486 176.250
65.599 24.486 180.000
65.610 28.008 42.780
65.610 28.008 45.540
65.610 28.008 115.880
65.630 27.943 42.780
65.630 27.943 45.540
65.630 27.943 115.880
65.658 24.761 176.250
65.658 24.761 180.000
65.686 24.520 38.780
65.686 24.520 42.780
65.686 24.520 45.540
65.686 24.520 48.300
65.686 24.520 51.060
65.686 24.520 53.820
65.686 24.520 56.580
65.686 24.520 59.340
65.686 24.520 62.100
65.686 24.520 64.860
65.686 24.520 68.010
65.686 24.520 70.770
65.686 24.520 73.530
65.686 24.520 76.290
65.686 24.520 79.050
65.686 24.520 81.810
65.686 24.520 84.570
65.686 24.520 87.330
65.686 24.520 90.090
65.686 24.520 92.850
65.686 24.520 96.170
65.686 24.520 99.320
65.686 24.520 102.080
65.686 24.520 104.840
65.686 24.520 107.600
65.686 24.520 110.360
65.686 24.520 113.120
65.686 24.520 115.880
65.686 24.520 118.640
65.686 24.520 121.400
65.686 24.520 124.550
65.686 24.520 127.310
65.686 24.520 130.070
65.686 24.520 132.830
65.686 24.520 135.590
65.686 24.520 138.350
65.686 24.520 141.110
65.686 24.520 143.870
65.686 24.520 146.630
65.686 24.520 149.390
65.686 24.520 152.150
65.686 24.520 154.910
65.686 24.520 157.670
65.686 24.520 160.820
65.686 24.520 163.530
65.686 24.520 166.290
65.686 24.520 169.390
65.686 24.520 172.750
65.686 24.520 176.250
65.686 24.520 180.000
65.721 24.800 176.250
65.721 24.800 180.000
65.725 43.558 4.000
65.725 43.558 13.990
65.725 43.558 17.990
65.725 43.558 22.280
65.769 24.562 38.780
65.769 24.562 42.780
65.769 24.562 45.540
65.769 24.562 48.300
65.769 24.562 51.060
65.769 24.562 53.820
65.769 24.562 56.580
65.769 24.562 59.340
65.769 24.562 62.100
65.769 24.562 64.860
65.769 24.562 68.010
65.769 24.562 70.770
65.769 24.562 73.530
65.769 24.562 76.290
65.769 24.562 79.050
65.769 24.562 81.810
65.769 24.562 84.570
65.769 24.562 87.330
65.769 24.562 90.090
65.769 24.562 92.850
65.769 24.562 96.170
65.769 24.562 99.320
65.769 24.562 102.080
65.769 24.562 104.840
65.769 24.562 107.600
65.769 24.562 110.360
65.769 24.562 113.120
65.769 24.562 115.880
65.769 24.562 118.640
65.769 24.562 121.400
65.769 24.562 124.550
65.769 24.562 127.310
65.769 24.562 130.070
65.769 24.562 132.830
65.769 24.562 135.590
65.769 24.562 138.350
65.769 24.562 141.110
65.769 24.562 143.870
65.769 24.562 146.630
65.769 24.562 149.390
65.769 24.562 152.150
65.769 24.562 154.910
65.769 24.562 157.670
65.769 24.562 160.820
65.769 24.562 163.530
65.769 24.562 166.290
65.769 24.562 169.390
65.769 24.562 172.750
65.769 24.562 176.250
65.769 24.562 180.000
65.772 17.259 4.000
65.772 17.259 8.020
65.774 28.057 42.780
65.774 28.057 45.540
65.774 28.057 115.880
65.777 43.383 4.000
65.777 43.383 13.990
65.777 43.383 17.990
65.777 43.383 22.280
65.780 24.844 176.250
65.780 24.844 180.000
65.793 27.992 42.780
65.793 27.992 45.540
65.793 27.992 115.880
65.806 43.582 4.000
65.806 43.582 13.990
65.806 43.582 17.990
65.806 43.582 22.280
65.830 17.064 4.000
65.830 17.064 8.020
65.835 24.893 176.250
65.835 24.893 180.000
65.849 24.612 38.780
65.849 24.612 42.780
65.849 24.612 45.540
65.849 24.612 48.300
65.849 24.612 51.060
65.849 24.612 53.820
65.849 24.612 56.580
65.849 24.612 59.340
65.849 24.612 62.100
65.849 24.612 64.860
65.849 24.612 68.010
65.849 24.612 70.770
65.849 24.612 73.530
65.849 24.612 76.290
65.849 24.612 79.050
65.849 24.612 81.810
65.849 24.612 84.570
65.849 24.612 87.330
65.849 24.612 90.090
65.849 24.612 92.850
65.849 24.612 96.170
65.849 24.612 99.320
65.849 24.612 102.080
65.849 24.612 104.840
65.849 24.612 107.600
65.849 24.612 110.360
65.849 24.612 113.120
65.849 24.612 115.880
65.849 24.612 118.640
65.849 24.612 121.400
65.849 24.612 124.550
65.849 24.612 127.310
65.849 24.612 130.070
65.849 24.612 132.830
65.849 24.612 135.590
65.849 24.612 138.350
65.849 24.612 141.110
65.849 24.612 143.870
65.849 24.612 146.630
65.849 24.612 149.390
65.849 24.612 152.150
65.849 24.612 154.910
65.849 24.612 157.670
65.849 24.612 160.820
65.849 24.612 163.530
65.849 24.612 166.290
65.849 24.612 169.390
65.849 24.612 172.750
65.849 24.612 176.250
65.849 24.612 180.000
65.853 17.283 4.000
65.853 17.283 8.020
65.858 43.407 4.000
65.858 43.407 13.990
65.858 43.407 17.990
65.858 43.407 22.280
65.886 24.947 176.250
65.886 24.947 180.000
65.911 17.088 4.000
65.911 17.088 8.020
65.924 24.668 38.780
65.924 24.668 42.780
65.924 24.668 45.540
65.924 24.668 48.300
65.924 24.668 51.060
65.924 24.668 53.820
65.924 24.668 56.580
65.924 24.668 59.340
65.924 24.668 62.100
65.924 24.668 64.860
65.924 24.668 68.010
65.924 24.668 70.770
65.924 24.668 73.530
65.924 24.668 76.290
65.924 24.668 79.050
65.924 24.668 81.810
65.924 24.668 84.570
65.924 24.668 87.330
65.924 24.668 90.090
65.924 24.668 92.850
65.924 24.668 96.170
65.924 24.668 99.320
65.924 24.668 102.080
65.924 24.668 104.840
65.924 24.668 107.600
65.924 24.668 110.360
65.924 24.668 113.120
65.924 24.668 115.880
65.924 24.668 118.640
65.924 24.668 121.400
65.924 24.668 124.550
65.924 24.668 127.310
65.924 24.668 130.070
65.924 24.668 132.830
65.924 24.668 135.590
65.924 24.668 138.350
65.924 24.668 141.110
65.924 24.668 143.870
65.924 24.668 146.630
65.924 24.668 149.390
65.924 24.668 152.150
65.924 24.668 154.910
65.924 24.668 157.670
65.924 24.668 160.820
65.924 24.668 163.530
65.924 24.668 166.290
65.924 24.668 169.390
65.924 24.668 172.750
65.924 24.668 176.250
65.924 24.668 180.000
65.926 26.952 42.780
65.926 26.952 45.540
65.926 26.952 115.880
65.931 25.005 176.250
65.931 25.005 180.000
65.945 26.887 42.780
65.945 26.887 45.540
65.945 26.887 115.880
65.972 25.067 176.250
65.972 25.067 180.000
65.994 24.730 38.780
65.994 24.730 42.780
65.994 24.730 45.540
65.994 24.730 48.300
65.994 24.730 51.060
65.994 24.730 53.820
65.994 24.730 56.580
65.994 24.730 59.340
65.994 24.730 62.100
65.994 24.730 64.860
65.994 24.730 68.010
65.994 24.730 70.770
65.994 24.730 73.530
65.994 24.730 76.290
65.994 24.730 79.050
65.994 24.730 81.810
65.994 24.730 84.570
65.994 24.730 87.330
65.994 24.730 90.090
65.994 24.730 92.850
65.994 24.730 96.170
65.994 24.730 99.320
65.994 24.730 102.080
65.994 24.730 104.840
65.994 24.730 107.600
65.994 24.730 110.360
65.994 24.730 113.120
65.994 24.730 115.880
65.994 24.730 118.640
65.994 24.730 121.400
65.994 24.730 124.550
65.994 24.730 127.310
65.994 24.730 130.070
65.994 24.730 132.830
65.994 24.730 135.590
65.994 24.730 138.350
65.994 24.730 141.110
65.994 24.730 143.870
65.994 24.730 146.630
65.994 24.730 149.390
65.994 24.730 152.150
65.994 24.730 154.910
65.994 24.730 157.670
65.994 24.730 160.820
65.994 24.730 163.530
65.994 24.730 166.290
65.994 24.730 169.390
65.994 24.730 172.750
65.994 24.730 176.250
65.994 24.730 180.000
66.007 25.131 176.250
66.007 25.131 180.000
66.014 25.860 176.250
66.014 25.860 180.000
66.020 25.847 176.250
66.020 25.847 180.000
66.036 25.199 176.250
66.036 25.199 180.000
66.047 25.778 176.250
66.047 25.778 180.000
66.058 24.798 38.780
66.058 24.798 42.780
66.058 24.798 45.540
66.058 24.798 48.300
66.058 24.798 51.060
66.058 24.798 53.820
66.058 24.798 56.580
66.058 24.798 59.340
66.058 24.798 62.100
66.058 24.798 64.860
66.058 24.798 68.010
66.058 24.798 70.770
66.058 24.798 73.530
66.058 24.798 76.290
66.058 24.798 79.050
66.058 24.798 81.810
66.058 24.798 84.570
66.058 24.798 87.330
66.058 24.798 90.090
66.058 24.798 92.850
66.058 24.798 96.170
66.058 24.798 99.320
66.058 24.798 102.080
66.058 24.798 104.840
66.058 24.798 107.600
66.058 24.798 110.360
66.058 24.798 113.120
66.058 24.798 115.880
66.058 24.798 118.640
66.058 24.798 121.400
66.058 24.798 124.550
66.058 24.798 127.310
66.058 24.798 130.070
66.058 24.798 132.830
66.058 24.798 135.590
66.058 24.798 138.350
66.058 24.798 141.110
66.058 24.798 143.870
66.058 24.798 146.630
66.058 24.798 149.390
66.058 24.798 152.150
66.058 24.798 154.910
66.058 24.798 157.670
66.058 24.798 160.820
66.058 24.798 163.530
66.058 24.798 166.290
66.058 24.798 169.390
66.058 24.798 172.750
66.058 24.798 176.250
66.058 24.798 180.000
66.060 25.269 176.250
66.060 25.269 180.000
66.067 25.707 176.250
66.067 25.707 180.000
66.077 25.341 176.250
66.077 25.341 180.000
66.082 25.635 176.250
66.082 25.635 180.000
66.088 25.414 176.250
66.088 25.414 180.000
66.089 27.001 42.780
66.089 27.001 45.540
66.089 27.001 115.880
66.090 25.561 176.250
66.090 25.561 180.000
66.092 25.488 176.250
66.092 25.488 180.000
66.109 26.936 42.780
66.109 26.936 45.540
66.109 26.936 115.880
66.116 24.871 38.780
66.116 24.871 42.780
66.116 24.871 45.540
66.116 24.871 48.300
66.116 24.871 51.060
66.116 24.871 53.820
66.116 24.871 56.580
66.116 24.871 59.340
66.116 24.871 62.100
66.116 24.871 64.860
66.116 24.871 68.010
66.116 24.871 70.770
66.116 24.871 73.530
66.116 24.871 76.290
66.116 24.871 79.050
66.116 24.871 81.810
66.116 24.871 84.570
66.116 24.871 87.330
66.116 24.871 90.090
66.116 24.871 92.850
66.116 24.871 96.170
66.116 24.871 99.320
66.116 24.871 102.080
66.116 24.871 104.840
66.116 24.871 107.600
66.116 24.871 110.360
66.116 24.871 113.120
66.116 24.871 115.880
66.116 24.871 118.640
66.116 24.871 121.400
66.116 24.871 124.550
66.116 24.871 127.310
66.116 24.871 130.070
66.116 24.871 132.830
66.116 24.871 135.590
66.116 24.871 138.350
66.116 24.871 141.110
66.116 24.871 143.870
66.116 24.871 146.630
66.116 24.871 149.390
66.116 24.871 152.150
66.116 24.871 154.910
66.116 24.871 157.670
66.116 24.871 160.820
66.116 24.871 163.530
66.116 24.871 166.290
66.116 24.871 169.390
66.116 24.871 172.750
66.116 24.871 176.250
66.116 24.871 180.000
66.168 24.950 38.780
66.168 24.950 42.780
66.168 24.950 45.540
66.168 24.950 48.300
66.168 24.950 51.060
66.168 24.950 53.820
66.168 24.950 56.580
66.168 24.950 59.340
66.168 24.950 62.100
66.168 24.950 64.860
66.168 24.950 68.010
66.168 24.950 70.770
66.168 24.950 73.530
66.168 24.950 76.290
66.168 24.950 79.050
66.168 24.950 81.810
66.168 24.950 84.570
66.168 24.950 87.330
66.168 24.950 90.090
66.168 24.950 92.850
66.168 24.950 96.170
66.168 24.950 99.320
66.168 24.950 102.080
66.168 24.950 104.840
66.168 24.950 107.600
66.168 24.950 110.360
66.168 24.950 113.120
66.168 24.950 115.880
66.168 24.950 118.640
66.168 24.950 121.400
66.168 24.950 124.550
66.168 24.950 127.310
66.168 24.950 130.070
66.168 24.950 132.830
66.168 24.950 135.590
66.168 24.950 138.350
66.168 24.950 141.110
66.168 24.950 143.870
66.168 24.950 146.630
66.168 24.950 149.390
66.168 24.950 152.150
66.168 24.950 154.910
66.168 24.950 157.670
66.168 24.950 160.820
66.168 24.950 163.530
66.168 24.950 166.290
66.168 24.950 169.390
66.168 24.950 172.750
66.168 24.950 176.250
66.168 24.950 180.000
66.212 25.032 38.780
66.212 25.032 42.780
66.212 25.032 45.540
66.212 25.032 48.300
66.212 25.032 51.060
66.212 25.032 53.820
66.212 25.032 56.580
66.212 25.032 59.340
66.212 25.032 62.100
66.212 25.032 64.860
66.212 25.032 68.010
66.212 25.032 70.770
66.212 25.032 73.530
66.212 25.032 76.290
66.212 25.032 79.050
66.212 25.032 81.810
66.212 25.032 84.570
66.212 25.032 87.330
66.212 25.032 90.090
66.212 25.032 92.850
66.212 25.032 96.170
66.212 25.032 99.320
66.212 25.032 102.080
66.212 25.032 104.840
66.212 25.032 107.600
66.212 25.032 110.360
66.212 25.032 113.120
66.212 25.032 115.880
66.212 25.032 118.640
66.212 25.032 121.400
66.212 25.032 124.550
66.212 25.032 127.310
66.212 25.032 130.070
66.212 25.032 132.830
66.212 25.032 135.590
66.212 25.032 138.350
66.212 25.032 141.110
66.212 25.032 143.870
66.212 25.032 146.630
66.212 25.032 149.390
66.212 25.032 152.150
66.212 25.032 154.910
66.212 25.032 157.670
66.212 25.032 160.820
66.212 25.032 163.530
66.212 25.032 166.290
66.212 25.032 169.390
66.212 25.032 172.750
66.212 25.032 176.250
66.212 25.032 180.000
66.228 25.939 38.780
66.228 25.939 42.780
66.228 25.939 45.540
66.228 25.939 48.300
66.228 25.939 51.060
66.228 25.939 53.820
66.228 25.939 56.580
66.228 25.939 59.340
66.228 25.939 62.100
66.228 25.939 64.860
66.228 25.939 68.010
66.228 25.939 70.770
66.228 25.939 73.530
66.228 25.939 76.290
66.228 25.939 79.050
66.228 25.939 81.810
66.228 25.939 84.570
66.228 25.939 87.330
66.228 25.939 90.090
66.228 25.939 92.850
66.228 25.939 96.170
66.228 25.939 99.320
66.228 25.939 102.080
66.228 25.939 104.840
66.228 25.939 107.600
66.228 25.939 110.360
66.228 25.939 113.120
66.228 25.939 115.880
66.228 25.939 118.640
66.228 25.939 121.400
66.228 25.939 124.550
66.228 25.939 127.310
66.228 25.939 130.070
66.228 25.939 132.830
66.228 25.939 135.590
66.228 25.939 138.350
66.228 25.939 141.110
66.228 25.939 143.870
66.228 25.939 146.630
66.228 25.939 149.390
66.228 25.939 152.150
66.228 25.939 154.910
66.228 25.939 157.670
66.228 25.939 160.820
66.228 25.939 163.530
66.228 25.939 166.290
66.228 25.939 169.390
66.228 25.939 172.750
66.228 25.939 176.250
66.228 25.939 180.000
66.249 25.118 38.780
66.249 25.118 42.780
66.249 25.118 45.540
66.249 25.118 48.300
66.249 25.118 51.060
66.249 25.118 53.820
66.249 25.118 56.580
66.249 25.118 59.340
66.249 25.118 62.100
66.249 25.118 64.860
66.249 25.118 68.010
66.249 25.118 70.770
66.249 25.118 73.530
66.249 25.118 76.290
66.249 25.118 79.050
66.249 25.118 81.810
66.249 25.118 84.570
66.249 25.118 87.330
66.249 25.118 90.090
66.249 25.118 92.850
66.249 25.118 96.170
66.249 25.118 99.320
66.249 25.118 102.080
66.249 25.118 104.840
66.249 25.118 107.600
66.249 25.118 110.360
66.249 25.118 113.120
66.249 25.118 115.880
66.249 25.118 118.640
66.249 25.118 121.400
66.249 25.118 124.550
66.249 25.118 127.310
66.249 25.118 130.070
66.249 25.118 132.830
66.249 25.118 135.590
66.249 25.118 138.350
66.249 25.118 141.110
66.249 25.118 143.870
66.249 25.118 146.630
66.249 25.118 149.390
66.249 25.118 152.150
66.249 25.118 154.910
66.249 25.118 157.670
66.249 25.118 160.820
66.249 25.118 163.530
66.249 25.118 166.290
66.249 25.118 169.390
66.249 25.118 172.750
66.249 25.118 176.250
66.249 25.118 180.000
66.260 25.859 42.780
66.260 25.859 45.540
66.260 25.859 115.880
66.262 25.852 38.780
66.262 25.852 42.780
66.262 25.852 45.540
66.262 25.852 48.300
66.262 25.852 51.060
66.262 25.852 53.820
66.262 25.852 56.580
66.262 25.852 59.340
66.262 25.852 62.100
66.262 25.852 64.860
66.262 25.852 68.010
66.262 25.852 70.770
66.262 25.852 73.530
66.262 25.852 76.290
66.262 25.852 79.050
66.262 25.852 81.810
66.262 25.852 84.570
66.262 25.852 87.330
66.262 25.852 90.090
66.262 25.852 92.850
66.262 25.852 96.170
66.262 25.852 99.320
66.262 25.852 102.080
66.262 25.852 104.840
66.262 25.852 107.600
66.262 25.852 110.360
66.262 25.852 113.120
66.262 25.852 115.880
66.262 25.852 118.640
66.262 25.852 121.400
66.262 25.852 124.550
66.262 25.852 127.310
66.262 25.852 130.070
66.262 25.852 132.830
66.262 25.852 135.590
66.262 25.852 138.350
66.262 25.852 141.110
66.262 25.852 143.870
66.262 25.852 146.630
66.262 25.852 149.390
66.262 25.852 152.150
66.262 25.852 154.910
66.262 25.852 157.670
66.262 25.852 160.820
66.262 25.852 163.530
66.262 25.852 166.290
66.262 25.852 169.390
66.262 25.852 172.750
66.262 25.852 176.250
66.262 25.852 180.000
66.279 25.207 38.780
66.279 25.207 42.780
66.279 25.207 45.540
66.279 25.207 48.300
66.279 25.207 51.060
66.279 25.207 53.820
66.279 25.207 56.580
66.279 25.207 59.340
66.279 25.207 62.100
66.279 25.207 64.860
66.279 25.207 68.010
66.279 25.207 70.770
66.279 25.207 73.530
66.279 25.207 76.290
66.279 25.207 79.050
66.279 25.207 81.810
66.279 25.207 84.570
66.279 25.207 87.330
66.279 25.207 90.090
66.279 25.207 92.850
66.279 25.207 96.170
66.279 25.207 99.320
66.279 25.207 102.080
66.279 25.207 104.840
66.279 25.207 107.600
66.279 25.207 110.360
66.279 25.207 113.120
66.279 25.207 115.880
66.279 25.207 118.640
66.279 25.207 121.400
66.279 25.207 124.550
66.279 25.207 127.310
66.279 25.207 130.070
66.279 25.207 132.830
66.279 25.207 135.590
66.279 25.207 138.350
66.279 25.207 141.110
66.279 25.207 143.870
66.279 25.207 146.630
66.279 25.207 149.390
66.279 25.207 152.150
66.279 25.207 154.910
66.279 25.207 157.670
66.279 25.207 160.820
66.279 25.207 163.530
66.279 25.207 166.290
66.279 25.207 169.390
66.279 25.207 172.750
66.279 25.207 176.250
66.279 25.207 180.000
66.279 25.795 42.780
66.279 25.795 45.540
66.279 25.795 115.880
66.289 25.762 38.780
66.289 25.762 42.780
66.289 25.762 45.540
66.289 25.762 48.300
66.289 25.762 51.060
66.289 25.762 53.820
66.289 25.762 56.580
66.289 25.762 59.340
66.289 25.762 62.100
66.289 25.762 64.860
66.289 25.762 68.010
66.289 25.762 70.770
66.289 25.762 73.530
66.289 25.762 76.290
66.289 25.762 79.050
66.289 25.762 81.810
66.289 25.762 84.570
66.289 25.762 87.330
66.289 25.762 90.090
66.289 25.762 92.850
66.289 25.762 96.170
66.289 25.762 99.320
66.289 25.762 102.080
66.289 25.762 104.840
66.289 25.762 107.600
66.289 25.762 110.360
66.289 25.762 113.120
66.289 25.762 115.880
66.289 25.762 118.640
66.289 25.762 121.400
66.289 25.762 124.550
66.289 25.762 127.310
66.289 25.762 130.070
66.289 25.762 132.830
66.289 25.762 135.590
66.289 25.762 138.350
66.289 25.762 141.110
66.289 25.762 143.870
66.289 25.762 146.630
66.289 25.762 149.390
66.289 25.762 152.150
66.289 25.762 154.910
66.289 25.762 157.670
66.289 25.762 160.820
66.289 25.762 163.530
66.289 25.762 166.290
66.289 25.762 169.390
66.289 25.762 172.750
66.289 25.762 176.250
66.289 25.762 180.000
66.301 25.298 38.780
66.301 25.298 42.780
66.301 25.298 45.540
66.301 25.298 48.300
66.301 25.298 51.060
66.301 25.298 53.820
66.301 25.298 56.580
66.301 25.298 59.340
66.301 25.298 62.100
66.301 25.298 64.860
66.301 25.298 68.010
66.301 25.298 70.770
66.301 25.298 73.530
66.301 25.298 76.290
66.301 25.298 79.050
66.301 25.298 81.810
66.301 25.298 84.570
66.301 25.298 87.330
66.301 25.298 90.090
66.301 25.298 92.850
66.301 25.298 96.170
66.301 25.298 99.320
66.301 25.298 102.080
66.301 25.298 104.840
66.301 25.298 107.600
66.301 25.298 110.360
66.301 25.298 113.120
66.301 25.298 115.880
66.301 25.298 118.640
66.301 25.298 121.400
66.301 25.298 124.550
66.301 25.298 127.310
66.301 25.298 130.070
66.301 25.298 132.830
66.301 25.298 135.590
66.301 25.298 138.350
66.301 25.298 141.110
66.301 25.298 143.870
66.301 25.298 146.630
66.301 25.298 149.390
66.301 25.298 152.150
66.301 25.298 154.910
66.301 25.298 157.670
66.301 25.298 160.820
66.301 25.298 163.530
66.301 25.298 166.290
66.301 25.298 169.390
66.301 25.298 172.750
66.301 25.298 176.250
66.301 25.298 180.000
66.307 25.670 38.780
66.307 25.670 42.780
66.307 25.670 45.540
66.307 25.670 48.300
66.307 25.670 51.060
66.307 25.670 53.820
66.307 25.670 56.580
66.307 25.670 59.340
66.307 25.670 62.100
66.307 25.670 64.860
66.307 25.670 68.010
66.307 25.670 70.770
66.307 25.670 73.530
66.307 25.670 76.290
66.307 25.670 79.050
66.307 25.670 81.810
66.307 25.670 84.570
66.307 25.670 87.330
66.307 25.670 90.090
66.307 25.670 92.850
66.307 25.670 96.170
66.307 25.670 99.320
66.307 25.670 102.080
66.307 25.670 104.840
66.307 25.670 107.600
66.307 25.670 110.360
66.307 25.670 113.120
66.307 25.670 115.880
66.307 25.670 118.640
66.307 25.670 121.400
66.307 25.670 124.550
66.307 25.670 127.310
66.307 25.670 130.070
66.307 25.670 132.830
66.307 25.670 135.590
66.307 25.670 138.350
66.307 25.670 141.110
66.307 25.670 143.870
66.307 25.670 146.630
66.307 25.670 149.390
66.307 25.670 152.150
66.307 25.670 154.910
66.307 25.670 157.670
66.307 25.670 160.820
66.307 25.670 163.530
66.307 25.670 166.290
66.307 25.670 169.390
66.307 25.670 172.750
66.307 25.670 176.250
66.307 25.670 180.000
66.315 25.390 38.780
66.315 25.390 42.780
66.315 25.390 45.540
66.315 25.390 48.300
66.315 25.390 51.060
66.315 25.390 53.820
66.315 25.390 56.580
66.315 25.390 59.340
66.315 25.390 62.100
66.315 25.390 64.860
66.315 25.390 68.010
66.315 25.390 70.770
66.315 25.390 73.530
66.315 25.390 76.290
66.315 25.390 79.050
66.315 25.390 81.810
66.315 25.390 84.570
66.315 25.390 87.330
66.315 25.390 90.090
66.315 25.390 92.850
66.315 25.390 96.170
66.315 25.390 99.320
66.315 25.390 102.080
66.315 25.390 104.840
66.315 25.390 107.600
66.315 25.390 110.360
66.315 25.390 113.120
66.315 25.390 115.880
66.315 25.390 118.640
66.315 25.390 121.400
66.315 25.390 124.550
66.315 25.390 127.310
66.315 25.390 130.070
66.315 25.390 132.830
66.315 25.390 135.590
66.315 25.390 138.350
66.315 25.390 141.110
66.315 25.390 143.870
66.315 25.390 146.630
66.315 25.390 149.390
66.315 25.390 152.150
66.315 25.390 154.910
66.315 25.390 157.670
66.315 25.390 160.820
66.315 25.390 163.530
66.315 25.390 166.290
66.315 25.390 169.390
66.315 25.390 172.750
66.315 25.390 176.250
66.315 25.390 180.000
66.318 25.577 38.780
66.318 25.577 42.780
66.318 25.577 45.540
66.318 25.577 48.300
66.318 25.577 51.060
66.318 25.577 53.820
66.318 25.577 56.580
66.318 25.577 59.340
66.318 25.577 62.100
66.318 25.577 64.860
66.318 25.577 68.010
66.318 25.577 70.770
66.318 25.577 73.530
66.318 25.577 76.290
66.318 25.577 79.050
66.318 25.577 81.810
66.318 25.577 84.570
66.318 25.577 87.330
66.318 25.577 90.090
66.318 25.577 92.850
66.318 25.577 96.170
66.318 25.577 99.320
66.318 25.577 102.080
66.318 25.577 104.840
66.318 25.577 107.600
66.318 25.577 110.360
66.318 25.577 113.120
66.318 25.577 115.880
66.318 25.577 118.640
66.318 25.577 121.400
66.318 25.577 124.550
66.318 25.577 127.310
66.318 25.577 130.070
66.318 25.577 132.830
66.318 25.577 135.590
66.318 25.577 138.350
66.318 25.577 141.110
66.318 25.577 143.870
66.318 25.577 146.630
66.318 25.577 149.390
66.318 25.577 152.150
66.318 25.577 154.910
66.318 25.577 157.670
66.318 25.577 160.820
66.318 25.577 163.530
66.318 25.577 166.290
66.318 25.577 169.390
66.318 25.577 172.750
66.318 25.577 176.250
66.318 25.577 180.000
66.320 25.484 38.780
66.320 25.484 42.780
66.320 25.484 45.540
66.320 25.484 48.300
66.320 25.484 51.060
66.320 25.484 53.820
66.320 25.484 56.580
66.320 25.484 59.340
66.320 25.484 62.100
66.320 25.484 64.860
66.320 25.484 68.010
66.320 25.484 70.770
66.320 25.484 73.530
66.320 25.484 76.290
66.320 25.484 79.050
66.320 25.484 81.810
66.320 25.484 84.570
66.320 25.484 87.330
66.320 25.484 90.090
66.320 25.484 92.850
66.320 25.484 96.170
66.320 25.484 99.320
66.320 25.484 102.080
66.320 25.484 104.840
66.320 25.484 107.600
66.320 25.484 110.360
66.320 25.484 113.120
66.320 25.484 115.880
66.320 25.484 118.640
66.320 25.484 121.400
66.320 25.484 124.550
66.320 25.484 127.310
66.320 25.484 130.070
66.320 25.484 132.830
66.320 25.484 135.590
66.320 25.484 138.350
66.320 25.484 141.110
66.320 25.484 143.870
66.320 25.484 146.630
66.320 25.484 149.390
66.320 25.484 152.150
66.320 25.484 154.910
66.320 25.484 157.670
66.320 25.484 160.820
66.320 25.484 163.530
66.320 25.484 166.290
66.320 25.484 169.390
66.320 25.484 172.750
66.320 25.484 176.250
66.320 25.484 180.000
66.416 25.905 42.780
66.416 25.905 45.540
66.416 25.905 115.880
66.435 25.841 42.780
66.435 25.841 45.540
66.435 25.841 115.880
66.523 19.944 4.000
66.523 19.944 13.990
66.523 19.944 17.990
66.523 19.944 22.280
66.574 19.774 4.000
66.574 19.774 13.990
66.574 19.774 17.990
66.574 19.774 22.280
66.602 19.967 4.000
66.602 19.967 13.990
66.602 19.967 17.990
66.602 19.967 22.280
66.653 19.798 4.000
66.653 19.798 13.990
66.653 19.798 17.990
66.653 19.798 22.280
67.170 43.989 4.000
67.170 43.989 13.990
67.170 43.989 17.990
67.170 43.989 22.280
67.198 17.683 4.000
67.198 17.683 8.020
67.222 43.813 4.000
67.222 43.813 13.990
67.222 43.813 17.990
67.222 43.813 22.280
67.251 44.013 4.000
67.251 44.013 13.990
67.251 44.013 17.990
67.251 44.013 22.280
67.256 17.489 4.000
67.256 17.489 8.020
67.278 17.707 4.000
67.278 17.707 8.020
67.303 43.837 4.000
67.303 43.837 13.990
67.303 43.837 17.990
67.303 43.837 22.280
67.336 17.513 4.000
67.336 17.513 8.020
67.970 20.375 4.000
67.970 20.375 13.990
67.970 20.375 17.990
67.970 20.375 22.280
67.987 20.380 4.000
67.987 20.380 8.020
68.020 20.204 4.000
68.020 20.204 13.990
68.020 20.204 17.990
68.020 20.204 22.280
68.049 20.398 4.000
68.049 20.398 13.990
68.049 20.398 17.990
68.049 20.398 22.280
68.099 20.228 4.000
68.099 20.228 13.990
68.099 20.228 17.990
68.099 20.228 22.280
68.508 18.671 0.000
68.508 18.671 4.000
68.603 44.416 4.000
68.603 44.416 13.990
68.603 44.416 17.990
68.603 44.416 22.280
68.651 18.190 0.000
68.651 18.190 4.000
68.655 44.240 4.000
68.655 44.240 13.990
68.655 44.240 17.990
68.655 44.240 22.280
68.661 18.119 4.000
68.661 18.119 8.020
68.683 44.440 4.000
68.683 44.440 13.990
68.683 44.440 17.990
68.683 44.440 22.280
68.736 44.264 4.000
68.736 44.264 13.990
68.736 44.264 17.990
68.736 44.264 22.280
69.283 44.421 26.280
69.283 44.421 30.280
69.283 44.421 34.280
69.283 44.421 38.780
69.397 20.800 4.000
69.397 20.800 13.990
69.397 20.800 17.990
69.397 20.800 22.280
69.418 44.430 26.280
69.418 44.430 30.280
69.418 44.430 34.280
69.418 44.430 38.780
69.447 20.631 4.000
69.447 20.631 13.990
69.447 20.631 17.990
69.447 20.631 22.280
69.491 20.828 4.000
69.491 20.828 13.990
69.491 20.828 17.990
69.491 20.828 22.280
69.541 20.659 4.000
69.541 20.659 13.990
69.541 20.659 17.990
69.541 20.659 22.280
69.553 44.427 26.280
69.553 44.427 30.280
69.553 44.427 34.280
69.553 44.427 38.780
69.688 44.413 26.280
69.688 44.413 30.280
69.688 44.413 34.280
69.688 44.413 38.780
69.710 43.287 22.280
69.710 43.287 26.280
69.821 44.387 26.280
69.821 44.387 30.280
69.821 44.387 34.280
69.821 44.387 38.780
69.915 44.806 4.000
69.915 44.806 13.990
69.915 44.806 17.990
69.915 44.806 22.280
69.951 44.350 26.280
69.951 44.350 30.280
69.951 44.350 34.280
69.951 44.350 38.780
69.967 44.631 4.000
69.967 44.631 13.990
69.967 44.631 17.990
69.967 44.631 22.280
69.995 44.831 4.000
69.995 44.831 13.990
69.995 44.831 17.990
69.995 44.831 22.280
70.048 44.655 4.000
70.048 44.655 13.990
70.048 44.655 17.990
70.048 44.655 22.280
70.077 44.302 26.280
70.077 44.302 30.280
70.077 44.302 34.280
70.077 44.302 38.780
70.199 44.243 26.280
70.199 44.243 30.280
70.199 44.243 34.280
70.199 44.243 38.780
70.316 44.174 26.280
70.316 44.174 30.280
70.316 44.174 34.280
70.316 44.174 38.780
70.426 44.095 26.280
70.426 44.095 30.280
70.426 44.095 34.280
70.426 44.095 38.780
70.529 44.007 26.280
70.529 44.007 30.280
70.529 44.007 34.280
70.529 44.007 38.780
70.624 43.910 26.280
70.624 43.910 30.280
70.624 43.910 34.280
70.624 43.910 38.780
70.710 43.806 26.280
70.710 43.806 30.280
70.710 43.806 34.280
70.710 43.806 38.780
70.787 43.695 26.280
70.787 43.695 30.280
70.787 43.695 34.280
70.787 43.695 38.780
70.841 21.230 4.000
70.841 21.230 13.990
70.841 21.230 17.990
70.841 21.230 22.280
70.855 43.577 26.280
70.855 43.577 30.280
70.855 43.577 34.280
70.855 43.577 38.780
70.892 21.060 4.000
70.892 21.060 13.990
70.892 21.060 17.990
70.892 21.060 22.280
70.911 43.454 26.280
70.911 43.454 30.280
70.911 43.454 34.280
70.911 43.454 38.780
70.921 21.254 4.000
70.921 21.254 13.990
70.921 21.254 17.990
70.921 21.254 22.280
70.958 43.327 26.280
70.958 43.327 30.280
70.958 43.327 34.280
70.958 43.327 38.780
70.972 21.084 4.000
70.972 21.084 13.990
70.972 21.084 17.990
70.972 21.084 22.280
70.993 43.196 26.280
70.993 43.196 30.280
70.993 43.196 34.280
70.993 43.196 38.780
71.017 43.063 26.280
71.017 43.063 30.280
71.017 43.063 34.280
71.017 43.063 38.780
71.227 45.211 4.000
71.227 45.211 13.990
71.227 45.211 17.990
71.227 45.211 22.280
71.274 45.052 4.000
71.274 45.052 8.020
71.274 45.052 13.990
71.274 45.052 17.990
71.274 45.052 22.280
71.282 45.023 4.000
71.282 45.023 8.020
71.282 45.023 13.990
71.282 45.023 17.990
71.282 45.023 22.280
71.322 45.240 4.000
71.322 45.240 13.990
71.322 45.240 17.990
71.322 45.240 22.280
71.369 45.080 4.000
71.369 45.080 13.990
71.369 45.080 17.990
71.369 45.080 22.280
71.611 45.153 4.000
71.611 45.153 8.020
71.611 45.153 13.990
71.611 45.153 17.990
71.611 45.153 22.280
71.743 45.187 4.000
71.743 45.187 8.020
71.743 45.187 13.990
71.743 45.187 17.990
71.743 45.187 22.280
71.877 45.210 4.000
71.877 45.210 8.020
71.877 45.210 13.990
71.877 45.210 17.990
71.877 45.210 22.280
72.012 45.220 4.000
72.012 45.220 8.020
72.012 45.220 13.990
72.012 45.220 17.990
72.012 45.220 22.280
72.019 42.247 0.000
72.019 42.247 4.000
72.148 45.219 4.000
72.148 45.219 8.020
72.148 45.219 13.990
72.148 45.219 17.990
72.148 45.219 22.280
72.283 45.206 4.000
72.283 45.206 8.020
72.283 45.206 13.990
72.283 45.206 17.990
72.283 45.206 22.280
72.287 21.661 4.000
72.287 21.661 13.990
72.287 21.661 17.990
72.287 21.661 22.280
72.338 21.492 4.000
72.338 21.492 13.990
72.338 21.492 17.990
72.338 21.492 22.280
72.365 21.684 4.000
72.365 21.684 13.990
72.365 21.684 17.990
72.365 21.684 22.280
72.415 21.515 4.000
72.415 21.515 13.990
72.415 21.515 17.990
72.415 21.515 22.280
72.417 45.181 4.000
72.417 45.181 8.020
72.417 45.181 13.990
72.417 45.181 17.990
72.417 45.181 22.280
72.548 45.145 4.000
72.548 45.145 8.020
72.548 45.145 13.990
72.548 45.145 17.990
72.548 45.145 22.280
72.675 45.097 4.000
72.675 45.097 8.020
72.675 45.097 13.990
72.675 45.097 17.990
72.675 45.097 22.280
72.691 39.997 0.000
72.691 39.997 4.000
72.797 45.038 4.000
72.797 45.038 8.020
72.797 45.038 13.990
72.797 45.038 17.990
72.797 45.038 22.280
72.914 44.969 4.000
72.914 44.969 8.020
72.914 44.969 13.990
72.914 44.969 17.990
72.914 44.969 22.280
73.024 44.890 4.000
73.024 44.890 8.020
73.024 44.890 13.990
73.024 44.890 17.990
73.024 44.890 22.280
73.127 44.801 4.000
73.127 44.801 8.020
73.127 44.801 13.990
73.127 44.801 17.990
73.127 44.801 22.280
73.187 42.596 0.000
73.187 42.596 4.000
73.222 44.704 4.000
73.222 44.704 8.020
73.222 44.704 13.990
73.222 44.704 17.990
73.222 44.704 22.280
73.308 44.599 4.000
73.308 44.599 8.020
73.308 44.599 13.990
73.308 44.599 17.990
73.308 44.599 22.280
73.355 37.774 0.000
73.355 37.774 4.000
73.384 44.486 4.000
73.384 44.486 8.020
73.384 44.486 13.990
73.384 44.486 17.990
73.384 44.486 22.280
73.450 44.368 4.000
73.450 44.368 8.020
73.450 44.368 13.990
73.450 44.368 17.990
73.450 44.368 22.280
73.506 44.244 4.000
73.506 44.244 8.020
73.506 44.244 13.990
73.506 44.244 17.990
73.506 44.244 22.280
73.639 43.795 4.000
73.639 43.795 13.990
73.639 43.795 17.990
73.639 43.795 22.280
73.663 43.715 4.000
73.663 43.715 13.990
73.663 43.715 17.990
73.663 43.715 22.280
73.715 22.086 4.000
73.715 22.086 13.990
73.715 22.086 17.990
73.715 22.086 22.280
73.765 21.919 4.000
73.765 21.919 13.990
73.765 21.919 17.990
73.765 21.919 22.280
73.795 22.110 4.000
73.795 22.110 13.990
73.795 22.110 17.990
73.795 22.110 22.280
73.820 43.849 4.000
73.820 43.849 13.990
73.820 43.849 17.990
73.820 43.849 22.280
73.844 43.768 4.000
73.844 43.768 13.990
73.844 43.768 17.990
73.844 43.768 22.280
73.845 21.943 4.000
73.845 21.943 13.990
73.845 21.943 17.990
73.845 21.943 22.280
73.859 40.345 0.000
73.859 40.345 4.000
74.021 42.514 4.000
74.021 42.514 13.990
74.021 42.514 17.990
74.021 42.514 22.280
74.045 42.434 4.000
74.045 42.434 13.990
74.045 42.434 17.990
74.045 42.434 22.280
74.201 42.568 4.000
74.201 42.568 13.990
74.201 42.568 17.990
74.201 42.568 22.280
74.225 42.488 4.000
74.225 42.488 13.990
74.225 42.488 17.990
74.225 42.488 22.280
74.452 41.069 4.000
74.452 41.069 13.990
74.452 41.069 17.990
74.452 41.069 22.280
74.475 34.025 0.000
74.475 34.025 4.000
74.476 40.989 4.000
74.476 40.989 13.990
74.476 40.989 17.990
74.476 40.989 22.280
74.522 38.122 0.000
74.522 38.122 4.000
74.632 41.123 4.000
74.632 41.123 13.990
74.632 41.123 17.990
74.632 41.123 22.280
74.656 41.043 4.000
74.656 41.043 13.990
74.656 41.043 17.990
74.656 41.043 22.280
74.883 39.622 4.000
74.883 39.622 13.990
74.883 39.622 17.990
74.883 39.622 22.280
74.907 39.541 4.000
74.907 39.541 13.990
74.907 39.541 17.990
74.907 39.541 22.280
75.058 22.486 4.000
75.058 22.486 13.990
75.058 22.486 17.990
75.058 22.486 22.280
75.063 39.675 4.000
75.063 39.675 13.990
75.063 39.675 17.990
75.063 39.675 22.280
75.087 39.595 4.000
75.087 39.595 13.990
75.087 39.595 17.990
75.087 39.595 22.280
75.107 22.320 4.000
75.107 22.320 13.990
75.107 22.320 17.990
75.107 22.320 22.280
75.137 22.510 4.000
75.137 22.510 13.990
75.137 22.510 17.990
75.137 22.510 22.280
75.187 22.344 4.000
75.187 22.344 13.990
75.187 22.344 17.990
75.187 22.344 22.280
75.307 38.197 4.000
75.307 38.197 13.990
75.307 38.197 17.990
75.307 38.197 22.280
75.331 38.117 4.000
75.331 38.117 13.990
75.331 38.117 17.990
75.331 38.117 22.280
75.487 38.251 4.000
75.487 38.251 13.990
75.487 38.251 17.990
75.487 38.251 22.280
75.511 38.171 4.000
75.511 38.171 13.990
75.511 38.171 17.990
75.511 38.171 22.280
75.641 34.374 0.000
75.641 34.374 4.000
75.682 29.986 0.000
75.682 29.986 4.000
75.694 23.256 22.280
75.694 23.256 26.280
75.738 36.753 4.000
75.738 36.753 13.990
75.738 36.753 17.990
75.738 36.753 22.280
75.754 22.722 26.280
75.754 22.722 30.280
75.754 22.722 34.280
75.754 22.722 38.780
75.761 36.673 4.000
75.761 36.673 13.990
75.761 36.673 17.990
75.761 36.673 22.280
75.874 22.786 26.280
75.874 22.786 30.280
75.874 22.786 34.280
75.874 22.786 38.780
75.918 36.807 4.000
75.918 36.807 13.990
75.918 36.807 17.990
75.918 36.807 22.280
75.942 36.727 4.000
75.942 36.727 13.990
75.942 36.727 17.990
75.942 36.727 22.280
75.987 22.861 26.280
75.987 22.861 30.280
75.987 22.861 34.280
75.987 22.861 38.780
76.094 22.946 26.280
76.094 22.946 30.280
76.094 22.946 34.280
76.094 22.946 38.780
76.164 35.323 4.000
76.164 35.323 13.990
76.164 35.323 17.990
76.164 35.323 22.280
76.188 35.242 4.000
76.188 35.242 13.990
76.188 35.242 17.990
76.188 35.242 22.280
76.192 23.039 26.280
76.192 23.039 30.280
76.192 23.039 34.280
76.192 23.039 38.780
76.282 23.142 26.280
76.282 23.142 30.280
76.282 23.142 34.280
76.282 23.142 38.780
76.344 35.376 4.000
76.344 35.376 13.990
76.344 35.376 17.990
76.344 35.376 22.280
76.362 23.251 26.280
76.362 23.251 30.280
76.362 23.251 34.280
76.362 23.251 38.780
76.368 35.296 4.000
76.368 35.296 13.990
76.368 35.296 17.990
76.368 35.296 22.280
76.394 22.884 4.000
76.394 22.884 13.990
76.394 22.884 17.990
76.394 22.884 22.280
76.432 23.368 26.280
76.432 23.368 30.280
76.432 23.368 34.280
76.432 23.368 38.780
76.443 22.717 4.000
76.443 22.717 13.990
76.443 22.717 17.990
76.443 22.717 22.280
76.487 22.912 4.000
76.487 22.912 13.990
76.487 22.912 17.990
76.487 22.912 22.280
76.492 23.490 26.280
76.492 23.490 30.280
76.492 23.490 34.280
76.492 23.490 38.780
76.537 22.745 4.000
76.537 22.745 13.990
76.537 22.745 17.990
76.537 22.745 22.280
76.540 23.617 26.280
76.540 23.617 30.280
76.540 23.617 34.280
76.540 23.617 38.780
76.546 24.553 26.280
76.546 24.553 30.280
76.546 24.553 34.280
76.546 24.553 38.780
76.551 27.079 0.000
76.551 27.079 4.000
76.577 23.748 26.280
76.577 23.748 30.280
76.577 23.748 34.280
76.577 23.748 38.780
76.581 24.422 26.280
76.581 24.422 30.280
76.581 24.422 34.280
76.581 24.422 38.780
76.593 33.881 4.000
76.593 33.881 13.990
76.593 33.881 17.990
76.593 33.881 22.280
76.602 23.881 26.280
76.602 23.881 30.280
76.602 23.881 34.280
76.602 23.881 38.780
76.604 24.288 26.280
76.604 24.288 30.280
76.604 24.288 34.280
76.604 24.288 38.780
76.615 24.016 26.280
76.615 24.016 30.280
76.615 24.016 34.280
76.615 24.016 38.780
76.615 24.152 26.280
76.615 24.152 30.280
76.615 24.152 34.280
76.615 24.152 38.780
76.617 33.800 4.000
76.617 33.800 13.990
76.617 33.800 17.990
76.617 33.800 22.280
76.774 33.934 4.000
76.774 33.934 13.990
76.774 33.934 17.990
76.774 33.934 22.280
76.798 33.854 4.000
76.798 33.854 13.990
76.798 33.854 17.990
76.798 33.854 22.280
76.854 30.336 0.000
76.854 30.336 4.000
77.024 32.435 4.000
77.024 32.435 13.990
77.024 32.435 17.990
77.024 32.435 22.280
77.048 32.355 4.000
77.048 32.355 13.990
77.048 32.355 17.990
77.048 32.355 22.280
77.204 32.489 4.000
77.204 32.489 13.990
77.204 32.489 17.990
77.204 32.489 22.280
77.228 32.409 4.000
77.228 32.409 13.990
77.228 32.409 17.990
77.228 32.409 22.280
77.450 31.004 4.000
77.450 31.004 13.990
77.450 31.004 17.990
77.450 31.004 22.280
77.474 30.924 4.000
77.474 30.924 13.990
77.474 30.924 17.990
77.474 30.924 22.280
77.631 31.058 4.000
77.631 31.058 13.990
77.631 31.058 17.990
77.631 31.058 22.280
77.655 30.978 4.000
77.655 30.978 13.990
77.655 30.978 17.990
77.655 30.978 22.280
77.722 27.429 0.000
77.722 27.429 4.000
77.747 23.287 4.000
77.747 23.287 13.990
77.747 23.287 17.990
77.747 23.287 22.280
77.796 23.124 4.000
77.796 23.124 13.990
77.796 23.124 17.990
77.796 23.124 22.280
77.815 23.307 4.000
77.815 23.307 13.990
77.815 23.307 17.990
77.815 23.307 22.280
77.863 23.144 4.000
77.863 23.144 13.990
77.863 23.144 17.990
77.863 23.144 22.280
77.880 29.564 4.000
77.880 29.564 13.990
77.880 29.564 17.990
77.880 29.564 22.280
77.903 29.484 4.000
77.903 29.484 13.990
77.903 29.484 17.990
77.903 29.484 22.280
78.060 29.618 4.000
78.060 29.618 13.990
78.060 29.618 17.990
78.060 29.618 22.280
78.084 29.537 4.000
78.084 29.537 13.990
78.084 29.537 17.990
78.084 29.537 22.280
78.106 23.394 4.000
78.106 23.394 8.020
78.106 23.394 13.990
78.106 23.394 17.990
78.106 23.394 22.280
78.236 23.439 4.000
78.236 23.439 8.020
78.236 23.439 13.990
78.236 23.439 17.990
78.236 23.439 22.280
78.305 28.135 4.000
78.305 28.135 13.990
78.305 28.135 17.990
78.305 28.135 22.280
78.329 28.055 4.000
78.329 28.055 13.990
78.329 28.055 17.990
78.329 28.055 22.280
78.363 23.496 4.000
78.363 23.496 8.020
78.363 23.496 13.990
78.363 23.496 17.990
78.363 23.496 22.280
78.483 23.563 4.000
78.483 23.563 8.020
78.483 23.563 13.990
78.483 23.563 17.990
78.483 23.563 22.280
78.485 28.189 4.000
78.485 28.189 13.990
78.485 28.189 17.990
78.485 28.189 22.280
78.509 28.108 4.000
78.509 28.108 13.990
78.509 28.108 17.990
78.509 28.108 22.280
78.598 23.640 4.000
78.598 23.640 8.020
78.598 23.640 13.990
78.598 23.640 17.990
78.598 23.640 22.280
78.705 23.728 4.000
78.705 23.728 8.020
78.705 23.728 13.990
78.705 23.728 17.990
78.705 23.728 22.280
78.740 26.675 4.000
78.740 26.675 13.990
78.740 26.675 17.990
78.740 26.675 22.280
78.764 26.595 4.000
78.764 26.595 13.990
78.764 26.595 17.990
78.764 26.595 22.280
78.804 23.824 4.000
78.804 23.824 8.020
78.804 23.824 13.990
78.804 23.824 17.990
78.804 23.824 22.280
78.894 23.929 4.000
78.894 23.929 8.020
78.894 23.929 13.990
78.894 23.929 17.990
78.894 23.929 22.280
78.920 26.729 4.000
78.920 26.729 13.990
78.920 26.729 17.990
78.920 26.729 22.280
78.944 26.649 4.000
78.944 26.649 13.990
78.944 26.649 17.990
78.944 26.649 22.280
78.974 24.041 4.000
78.974 24.041 8.020
78.974 24.041 13.990
78.974 24.041 17.990
78.974 24.041 22.280
79.034 25.689 4.000
79.034 25.689 8.020
79.034 25.689 13.990
79.034 25.689 17.990
79.034 25.689 22.280
79.045 24.160 4.000
79.045 24.160 8.020
79.045 24.160 13.990
79.045 24.160 17.990
79.045 24.160 22.280
79.059 25.697 4.000
79.059 25.697 8.020
79.059 25.697 13.990
79.059 25.697 17.990
79.059 25.697 22.280
79.104 24.285 4.000
79.104 24.285 8.020
79.104 24.285 13.990
79.104 24.285 17.990
79.104 24.285 22.280
79.147 25.400 4.000
79.147 25.400 13.990
79.147 25.400 17.990
79.147 25.400 22.280
79.152 24.415 4.000
79.152 24.415 8.020
79.152 24.415 13.990
79.152 24.415 17.990
79.152 24.415 22.280
79.157 25.367 4.000
79.157 25.367 8.020
79.157 25.367 13.990
79.157 25.367 17.990
79.157 25.367 22.280
79.171 25.320 4.000
79.171 25.320 13.990
79.171 25.320 17.990
79.171 25.320 22.280
79.189 24.548 4.000
79.189 24.548 8.020
79.189 24.548 13.990
79.189 24.548 17.990
79.189 24.548 22.280
79.193 25.234 4.000
79.193 25.234 8.020
79.193 25.234 13.990
79.193 25.234 17.990
79.193 25.234 22.280
79.214 24.684 4.000
79.214 24.684 8.020
79.214 24.684 13.990
79.214 24.684 17.990
79.214 24.684 22.280
79.216 25.097 4.000
79.216 25.097 8.020
79.216 25.097 13.990
79.216 25.097 17.990
79.216 25.097 22.280
79.227 24.821 4.000
79.227 24.821 8.020
79.227 24.821 13.990
79.227 24.821 17.990
79.227 24.821 22.280
79.228 24.960 4.000
79.228 24.960 8.020
79.228 24.960 13.990
79.228 24.960 17.990
79.228 24.960 22.280
79.327 25.454 4.000
79.327 25.454 13.990
79.327 25.454 17.990
79.327 25.454 22.280
79.351 25.374 4.000
79.351 25.374 13.990
79.351 25.374 17.990
79.351 25.374 22.280
3 1 21 27
3 7 1 27
3 17 7 27
3 35 17 27
3 13 10 35
3 41 13 35
3 56 41 35
3 38 32 56
3 59 38 56
3 63 51 88
3 82 45 63
3 92 82 63
3 104 98 92
3 132 110 104
3 118 114 161
3 165 118 161
3 195 165 161
3 154 150 195
3 171 144 154
3 183 138 171
3 199 183 171
3 210 206 199
3 218 214 222
3 232 218 222
3 262 232 222
3 246 236 262
3 290 246 262
3 330 290 262
3 338 302 330
3 356 338 330
3 384 356 330
3 402 384 330
3 420 414 426
3 432 408 420
3 448 432 420
3 438 435 487
3 508 438 487
3 456 452 512
3 475 456 512
3 497 475 512
3 503 442 497
3 856 503 497
3 844 856 497
3 871 844 497
3 884 877 871
3 926 888 884
3 922 926 884
3 932 974 922
3 1111 1103 1099
3 1107 1111 1099
3 1147 1143 1139
3 1199 1153 1147
3 1195 1199 1147
3 1205 1209 1195
3 1857 1242 1238
3 1185 1857 1238
3 6945 7225 1185
3 6864 6849 6945
3 6639 6633 6864
3 6331 6393 6399
3 6237 6304 6331
3 6261 6237 6331
3 5557 5997 6023
3 5584 5557 6023
3 5543 5535 5584
3 5097 5113 5119
3 5103 5097 5119
3 4895 4989 4995
3 4463 4752 4895
3 4470 4463 4895
3 4451 4470 4895
3 4457 4451 4895
3 4251 4339 4349
3 4257 4251 4349
3 3783 4257 4349
3 3669 3777 3783
3 3003 3562 3669
3 3018 3003 3669
3 2989 2983 3018
3 2854 2896 2902
3 2860 2854 2902
3 2608 2674 2684
3 1342 2573 2602
3 1753 1342 2602
3 1336 1330 1753
3 1279 1303 1309
3 1285 1279 1309
3 1220 1226 1232
3 1171 1213 1220
3 1178 1171 1220
3 1159 1178 1220
3 1165 1159 1220
3 1115 1127 1133
3 1121 1115 1133
3 1013 1019 1027
3 906 1000 1013
3 913 906 1013
3 900 894 913
3 839 860 866
3 848 839 866
3 829 848 866
3 817 823 829
3 747 808 817
3 766 747 817
3 735 766 817
3 741 735 817
3 675 687 693
3 681 675 693
3 589 595 603
3 481 576 589
3 491 481 589
3 469 463 491
3 362 390 396
3 368 362 396
3 256 368 396
3 240 250 256
3 177 226 240
3 189 177 240
3 121 189 240
3 126 121 240
3 74 126 240
3 27 69 74
3 35 27 74
3 56 35 74
3 59 56 74
3 88 59 74
3 92 63 88
3 104 92 88
3 132 104 88
3 171 154 195
3 199 171 195
3 210 199 195
3 222 210 195
3 262 222 195
3 330 262 195
3 402 330 195
3 448 420 426
3 508 487 448
3 512 508 448
3 871 497 512
3 922 884 871
3 932 922 871
3 1099 932 871
3 1107 1099 871
3 1139 1107 871
3 1195 1147 1139
3 1205 1195 1139
3 1238 1205 1139
3 1185 1238 1139
3 6864 6945 1185
3 6639 6864 1185
3 6399 6639 1185
3 6331 6399 1185
3 6261 6331 1185
3 6029 6261 1185
3 6023 6029 1185
3 5584 6023 1185
3 5543 5584 1185
3 5119 5543 1185
3 5103 5119 1185
3 4995 5103 1185
3 4895 4995 1185
3 4457 4895 1185
3 4349 4457 1185
3 3783 4349 1185
3 3669 3783 1185
3 3018 3669 1185
3 2989 3018 1185
3 2902 2989 1185
3 2860 2902 1185
3 2684 2860 1185
3 2608 2684 1185
3 2602 2608 1185
3 1753 2602 1185
3 1336 1753 1185
3 1309 1336 1185
3 1285 1309 1185
3 1232 1285 1185
3 1220 1232 1185
3 1165 1220 1185
3 1133 1165 1185
3 1121 1133 1185
3 1027 1121 1185
3 1013 1027 1185
3 913 1013 1185
3 900 913 1185
3 866 900 1185
3 829 866 1185
3 817 829 1185
3 741 817 1185
3 693 741 1185
3 681 693 1185
3 603 681 1185
3 589 603 1185
3 491 589 1185
3 469 491 1185
3 396 469 1185
3 256 396 1185
3 240 256 1185
3 74 240 1185
3 88 74 1185
3 132 88 1185
3 161 132 1185
3 195 161 1185
3 402 195 1185
3 426 402 1185
3 448 426 1185
3 512 448 1185
3 871 512 1185
3 1139 871 1185
3 12888 12883 4475
3 12901 12888 4475
3 12906 12901 4475
3 12919 12906 4475
3 12924 12919 4475
3 12937 12924 4475
3 12942 12937 4475
3 12955 12942 4475
3 12965 12955 4475
3 12975 12965 4475
3 12984 12975 4475
3 12998 12984 4475
3 13008 12998 4475
3 13018 13008 4475
3 13023 13018 4475
3 13013 13023 4475
3 13003 13013 4475
3 12989 13003 4475
3 12970 12989 4475
3 12960 12970 4475
3 12552 12960 4475
3 12547 12552 4475
3 12542 12547 4475
3 12535 12542 4475
3 12530 12535 4475
3 12523 12530 4475
3 12518 12523 4475
3 12513 12518 4475
3 12508 12513 4475
3 12501 12508 4475
3 12496 12501 4475
3 12491 12496 4475
3 12470 12491 4475
3 12465 12470 4475
3 12458 12465 4475
3 12453 12458 4475
3 12448 12453 4475
3 12443 12448 4475
3 12430 12425 12443
3 7156 7139 12430
3 7193 7122 7156
3 7224 7011 7193
3 1355 1184 7224
3 2828 1355 7224
3 2845 2828 7224
3 4475 4722 2845
3 12443 4475 2845
3 12430 12443 2845
3 7193 7156 12430
3 7224 7193 12430
3 2845 7224 12430
3 4722 4475 12259
3 12285 4722 12259
3 5028 5024 5030
3 5036 5028 5030
3 5126 5124 5128
3 5130 5126 5128
3 5843 5833 5849
3 5863 5843 5849
3 6078 6073 6080
3 6085 6078 6080
3 6156 6154 6158
3 6162 6156 6158
3 6274 6272 6276
3 6283 6274 6276
3 6414 6409 6416
3 6431 6414 6416
3 6719 6696 6731
3 6767 6719 6731
3 6962 6955 6969
3 6976 6962 6969
3 7037 7025 7039
3 7046 7037 7039
3 7110 7103 7112
3 7114 7110 7112
3 7259 7257 7263
3 7267 7259 7263
3 7385 7383 7387
3 7389 7385 7387
3 7570 7568 7572
3 7574 7570 7572
3 7859 7857 7861
3 7875 7859 7861
3 8147 8145 8161
3 8180 8147 8161
3 8448 8434 8646
3 8660 8448 8646
3 9041 9021 9047
3 9058 9041 9047
3 9182 9167 9190
3 9196 9182 9190
3 10212 10150 10221
3 10275 10212 10221
3 10700 10678 10702
3 10711 10700 10702
3 10903 10883 10905
3 10911 10903 10905
3 11299 11281 11353
3 11361 11299 11353
3 12245 12235 12247
3 12253 12245 12247
3 7223 7010 7325
3 1354 1183 7223
3 2827 1354 7223
3 2844 2827 7223
3 3507 3511 2844
3 4439 4412 4410
3 4434 4439 4410
3 5034 4482 4480
3 5022 5034 4480
3 6160 5932 5877
3 6152 6160 5877
3 6846 6404 6387
3 6729 6846 6387
3 9346 7086 7084
3 9254 9346 7084
3 9999 9254 7084
3 10540 10098 9999
3 10424 10540 9999
3 12279 10676 10660
3 12273 12279 10660
3 10877 12273 10660
3 10639 10877 10660
3 10923 10935 10639
3 10742 10923 10639
3 10533 10742 10639
3 10624 10637 10533
3 10580 10624 10533
3 10558 10580 10533
3 10526 10558 10533
3 10001 10526 10533
3 9184 10684 10001
3 7265 9184 10001
3 7325 7265 10001
3 7223 7325 10001
3 2844 7223 10001
3 3507 2844 10001
3 4410 3507 10001
3 4434 4410 10001
3 4480 4434 10001
3 5022 4480 10001
3 5877 5022 10001
3 6152 5877 10001
3 6387 6152 10001
3 6729 6387 10001
3 7084 6729 10001
3 9999 7084 10001
3 10424 9999 10001
3 10660 10424 10001
3 10639 10660 10001
3 10533 10639 10001
3 759 502 441
3 757 759 441
3 793 757 441
3 812 799 793
3 805 812 793
3 855 836 834
3 853 855 834
3 883 876 874
3 925 887 883
3 921 925 883
3 931 973 921
3 1110 1102 1098
3 1106 1110 1098
3 1146 1142 1138
3 1198 1152 1146
3 1194 1198 1146
3 1204 1208 1194
3 1856 1241 1237
3 1183 1856 1237
3 6944 7223 1183
3 6863 6848 6944
3 6638 6632 6863
3 6330 6392 6398
3 6236 6303 6330
3 6260 6236 6330
3 5556 5996 6022
3 5583 5556 6022
3 5542 5534 5583
3 5096 5112 5118
3 5102 5096 5118
3 4894 4988 4994
3 4462 4751 4894
3 4469 4462 4894
3 4450 4469 4894
3 4456 4450 4894
3 4250 4338 4348
3 4256 4250 4348
3 3782 4256 4348
3 3668 3776 3782
3 3002 3561 3668
3 3017 3002 3668
3 2988 2982 3017
3 2853 2895 2901
3 2859 2853 2901
3 2607 2673 2683
3 1341 2572 2601
3 1752 1341 2601
3 1335 1329 1752
3 1278 1302 1308
3 1284 1278 1308
3 1219 1225 1231
3 1170 1212 1219
3 1177 1170 1219
3 1158 1177 1219
3 1164 1158 1219
3 1114 1126 1132
3 1120 1114 1132
3 1012 1018 1026
3 905 999 1012
3 912 905 1012
3 899 893 912
3 838 859 865
3 847 838 865
3 828 847 865
3 816 822 828
3 746 807 816
3 765 746 816
3 734 765 816
3 740 734 816
3 674 686 692
3 680 674 692
3 588 594 602
3 480 575 588
3 490 480 588
3 468 462 490
3 361 389 395
3 367 361 395
3 255 367 395
3 239 249 255
3 176 225 239
3 188 176 239
3 135 188 239
3 168 135 239
3 26 54 79
3 0 20 26
3 6 0 26
3 62 50 87
3 81 44 62
3 91 81 62
3 103 97 91
3 131 109 103
3 117 113 160
3 164 117 160
3 194 164 160
3 153 149 194
3 170 143 153
3 182 137 170
3 198 182 170
3 209 205 198
3 217 213 221
3 231 217 221
3 261 231 221
3 245 235 261
3 289 245 261
3 329 289 261
3 337 301 329
3 355 337 329
3 383 355 329
3 401 383 329
3 419 413 425
3 431 407 419
3 447 431 419
3 455 451 511
3 474 455 511
3 496 474 511
3 793 441 496
3 805 793 496
3 834 805 496
3 853 834 496
3 874 853 496
3 921 883 874
3 931 921 874
3 1106 1098 931
3 1194 1146 1138
3 1204 1194 1138
3 1237 1204 1138
3 1183 1237 1138
3 6863 6944 1183
3 6638 6863 1183
3 6398 6638 1183
3 6330 6398 1183
3 6260 6330 1183
3 6028 6260 1183
3 6022 6028 1183
3 5583 6022 1183
3 5542 5583 1183
3 5118 5542 1183
3 5102 5118 1183
3 4994 5102 1183
3 4894 4994 1183
3 4456 4894 1183
3 4348 4456 1183
3 3782 4348 1183
3 3668 3782 1183
3 3017 3668 1183
3 2988 3017 1183
3 2901 2988 1183
3 2859 2901 1183
3 2683 2859 1183
3 2607 2683 1183
3 2601 2607 1183
3 1752 2601 1183
3 1335 1752 1183
3 1308 1335 1183
3 1284 1308 1183
3 1231 1284 1183
3 1219 1231 1183
3 1164 1219 1183
3 1132 1164 1183
3 1120 1132 1183
3 1026 1120 1183
3 1012 1026 1183
3 912 1012 1183
3 899 912 1183
3 865 899 1183
3 828 865 1183
3 816 828 1183
3 740 816 1183
3 692 740 1183
3 680 692 1183
3 602 680 1183
3 588 602 1183
3 490 588 1183
3 468 490 1183
3 395 468 1183
3 255 395 1183
3 239 255 1183
3 168 239 1183
3 79 168 1183
3 6 26 79
3 91 62 87
3 103 91 87
3 131 103 87
3 170 153 194
3 198 170 194
3 209 198 194
3 221 209 194
3 261 221 194
3 329 261 194
3 401 329 194
3 447 419 425
3 874 496 511
3 931 874 511
3 1106 931 511
3 1138 1106 511
3 1183 1138 511
3 79 1183 511
3 131 87 16
3 401 194 160
3 447 425 401
3 79 511 447
3 401 160 131
3 447 401 131
3 79 447 131
3 79 131 16
3 6 79 16
3 16 6 16
3 12528 12589 12506
3 12463 12528 12506
3 12617 12675 12611
3 12540 12617 12611
3 12815 12849 12773
3 12677 12815 12773
3 12890 12885 4477
3 12903 12890 4477
3 12908 12903 4477
3 12921 12908 4477
3 12926 12921 4477
3 12939 12926 4477
3 12944 12939 4477
3 12957 12944 4477
3 12967 12957 4477
3 12977 12967 4477
3 12986 12977 4477
3 13000 12986 4477
3 13010 13000 4477
3 13020 13010 4477
3 13025 13020 4477
3 13015 13025 4477
3 13005 13015 4477
3 12991 13005 4477
3 12972 12991 4477
3 12962 12972 4477
3 12554 12962 4477
3 12549 12554 4477
3 12544 12549 4477
3 12537 12544 4477
3 12532 12537 4477
3 12525 12532 4477
3 12520 12525 4477
3 12515 12520 4477
3 12510 12515 4477
3 12503 12510 4477
3 12498 12503 4477
3 12493 12498 4477
3 12472 12493 4477
3 12467 12472 4477
3 12460 12467 4477
3 12455 12460 4477
3 12450 12455 4477
3 12445 12450 4477
3 12432 12427 12445
3 7158 7141 12432
3 7195 7124 7158
3 7228 7013 7195
3 1357 1188 7228
3 2830 1357 7228
3 2847 2830 7228
3 4477 4724 2847
3 12445 4477 2847
3 12432 12445 2847
3 7195 7158 12432
3 7228 7195 12432
3 2847 7228 12432
3 4738 4731 4745
3 4757 4738 4745
3 5086 5076 5093
3 5109 5086 5093
3 5489 5456 5501
3 5523 5489 5501
3 6035 6016 6042
3 6049 6035 6042
3 6141 6137 6145
3 6149 6141 6145
3 6249 6243 6253
3 6267 6249 6253
3 6358 6354 6365
3 6372 6358 6365
3 6587 6557 6591
3 6605 6587 6591
3 6905 6901 6913
3 6921 6905 6913
3 7003 6999 7007
3 7017 7003 7007
3 7073 7069 7077
3 7081 7073 7077
3 7212 7208 7216
3 7220 7212 7216
3 7342 7336 7348
3 7354 7342 7348
3 7485 7479 7492
3 7501 7485 7492
3 7629 7625 7633
3 7637 7629 7633
3 8122 8118 8126
3 8130 8122 8126
3 8206 8202 8210
3 8214 8206 8210
3 8967 8961 8971
3 8977 8967 8971
3 9065 9061 9069
3 9073 9065 9069
3 9650 9594 9657
3 9665 9650 9657
3 10787 10780 10804
3 10817 10787 10804
3 10967 10958 10979
3 10986 10967 10979
3 12220 12216 12224
3 12228 12220 12224
3 12262 12256 12266
3 12270 12262 12266
3 12308 12300 12312
3 12316 12308 12312
3 12394 12386 12402
3 12410 12394 12402
3 12480 12476 12484
3 12488 12480 12484
3 12570 12566 12574
3 12586 12570 12574
3 12648 12636 12652
3 12656 12648 12652
3 12750 12742 12754
3 12762 12750 12754
3 12856 12852 12860
3 12864 12856 12860
3 10583 10574 10592
3 10604 10583 10592
3 7183 7141 7133
3 7171 7183 7133
3 7317 7286 7277
3 7303 7317 7277
3 7433 7404 7397
3 7421 7433 7397
3 7618 7594 7582
3 7606 7618 7582
3 8029 8005 7869
3 8017 8029 7869
3 8195 8169 8155
3 8183 8195 8155
3 8668 8548 8442
3 8654 8668 8442
3 9055 9031 9018
3 9044 9055 9018
3 9193 9170 9150
3 9174 9193 9150
3 10224 10153 10093
3 10159 10224 10093
3 10705 10681 10673
3 10692 10705 10673
3 10908 10886 10880
3 10900 10908 10880
3 11356 11287 11228
3 11296 11356 11228
3 12250 12238 12232
3 12242 12250 12232
3 12292 12282 12276
3 12288 12292 12276
3 12350 12342 12334
3 12346 12350 12334
3 12440 12427 12422
3 12436 12440 12422
3 12562 12558 12578
3 12582 12562 12578
3 12596 12592 12600
3 12604 12596 12600
3 12614 12608 12620
3 12624 12614 12620
3 12632 12628 12640
3 12644 12632 12640
3 12664 12660 12668
3 12672 12664 12668
3 12690 12682 12698
3 12702 12690 12698
3 12718 12714 12730
3 12738 12718 12730
3 12804 12784 12808
3 12812 12804 12808
3 12822 12818 12826
3 12830 12822 12826
3 12838 12834 12842
3 12846 12838 12842
3 12872 12868 12876
3 12880 12872 12876
3 12898 12894 12912
3 12916 12898 12912
3 12934 12930 12948
3 12952 12934 12948
3 12995 12981 13029
3 13033 12995 13029
3 6947 7228 1188
3 6866 6851 6947
3 6641 6635 6866
3 6333 6395 6401
3 6239 6306 6333
3 6263 6239 6333
3 5559 5999 6025
3 5586 5559 6025
3 5545 5537 5586
3 5099 5115 5121
3 5105 5099 5121
3 4897 4991 4997
3 4465 4754 4897
3 4472 4465 4897
3 4453 4472 4897
3 4459 4453 4897
3 4253 4341 4351
3 4259 4253 4351
3 3785 4259 4351
3 3671 3779 3785
3 3005 3564 3671
3 3020 3005 3671
3 2991 2985 3020
3 2856 2898 2904
3 2862 2856 2904
3 2610 2676 2686
3 1344 2575 2604
3 1755 1344 2604
3 1338 1332 1755
3 1281 1305 1311
3 1287 1281 1311
3 1222 1228 1234
3 1173 1215 1222
3 1180 1173 1222
3 1161 1180 1222
3 1167 1161 1222
3 1117 1129 1135
3 1123 1117 1135
3 1015 1021 1029
3 908 1002 1015
3 915 908 1015
3 902 896 915
3 841 862 868
3 850 841 868
3 831 850 868
3 819 825 831
3 749 810 819
3 768 749 819
3 737 768 819
3 743 737 819
3 677 689 695
3 683 677 695
3 591 597 605
3 483 578 591
3 493 483 591
3 471 465 493
3 364 392 398
3 370 364 398
3 258 370 398
3 242 252 258
3 179 228 242
3 191 179 242
3 123 191 242
3 128 123 242
3 76 128 242
3 29 71 76
3 3 23 29
3 66 3 29
3 84 47 66
3 94 84 66
3 106 100 94
3 173 146 157
3 185 140 173
3 202 185 173
3 358 340 202
3 422 416 428
3 459 410 422
3 477 459 422
3 505 444 499
3 880 505 499
3 928 890 880
3 918 928 880
3 1201 1155 1149
3 1191 1201 1149
3 1188 1859 1191
3 6866 6947 1188
3 6641 6866 1188
3 6401 6641 1188
3 6333 6401 1188
3 6263 6333 1188
3 6031 6263 1188
3 6025 6031 1188
3 5586 6025 1188
3 5545 5586 1188
3 5121 5545 1188
3 5105 5121 1188
3 4997 5105 1188
3 4897 4997 1188
3 4459 4897 1188
3 4351 4459 1188
3 3785 4351 1188
3 3671 3785 1188
3 3020 3671 1188
3 2991 3020 1188
3 2904 2991 1188
3 2862 2904 1188
3 2686 2862 1188
3 2610 2686 1188
3 2604 2610 1188
3 1755 2604 1188
3 1338 1755 1188
3 1311 1338 1188
3 1287 1311 1188
3 1234 1287 1188
3 1222 1234 1188
3 1167 1222 1188
3 1135 1167 1188
3 1123 1135 1188
3 1029 1123 1188
3 1015 1029 1188
3 915 1015 1188
3 902 915 1188
3 868 902 1188
3 831 868 1188
3 819 831 1188
3 743 819 1188
3 695 743 1188
3 683 695 1188
3 605 683 1188
3 591 605 1188
3 493 591 1188
3 471 493 1188
3 398 471 1188
3 258 398 1188
3 242 258 1188
3 76 242 1188
3 29 76 1188
3 66 29 1188
3 94 66 1188
3 106 94 1188
3 157 106 1188
3 173 157 1188
3 202 173 1188
3 358 202 1188
3 386 358 1188
3 477 422 428
3 880 499 477
3 918 880 477
3 1149 918 477
3 1191 1149 477
3 1188 1191 477
3 477 428 404
3 1188 477 404
3 386 1188 404
3 12891 12886 4478
3 12904 12891 4478
3 12909 12904 4478
3 12922 12909 4478
3 12927 12922 4478
3 12940 12927 4478
3 12945 12940 4478
3 12958 12945 4478
3 12968 12958 4478
3 12978 12968 4478
3 12987 12978 4478
3 13001 12987 4478
3 13011 13001 4478
3 13021 13011 4478
3 13026 13021 4478
3 13016 13026 4478
3 13006 13016 4478
3 12992 13006 4478
3 12973 12992 4478
3 12963 12973 4478
3 12555 12963 4478
3 12550 12555 4478
3 12545 12550 4478
3 12538 12545 4478
3 12533 12538 4478
3 12526 12533 4478
3 12521 12526 4478
3 12516 12521 4478
3 12511 12516 4478
3 12504 12511 4478
3 12499 12504 4478
3 12494 12499 4478
3 12473 12494 4478
3 12468 12473 4478
3 12461 12468 4478
3 12456 12461 4478
3 12451 12456 4478
3 12446 12451 4478
3 12433 12428 12446
3 7159 7142 12433
3 7196 7125 7159
3 7229 7014 7196
3 1358 1189 7229
3 2831 1358 7229
3 2848 2831 7229
3 4478 4725 2848
3 12446 4478 2848
3 12433 12446 2848
3 7196 7159 12433
3 7229 7196 12433
3 2848 7229 12433
3 4739 4732 4746
3 4758 4739 4746
3 5087 5077 5094
3 5110 5087 5094
3 5490 5457 5502
3 5524 5490 5502
3 6036 6017 6043
3 6050 6036 6043
3 6142 6138 6146
3 6150 6142 6146
3 6250 6244 6254
3 6268 6250 6254
3 6359 6355 6366
3 6373 6359 6366
3 6588 6558 6592
3 6606 6588 6592
3 6906 6902 6914
3 6922 6906 6914
3 7004 7000 7008
3 7018 7004 7008
3 7074 7070 7078
3 7082 7074 7078
3 7213 7209 7217
3 7221 7213 7217
3 7343 7337 7349
3 7355 7343 7349
3 7486 7480 7493
3 7502 7486 7493
3 7630 7626 7634
3 7638 7630 7634
3 8123 8119 8127
3 8131 8123 8127
3 8207 8203 8211
3 8215 8207 8211
3 8968 8962 8972
3 8978 8968 8972
3 9066 9062 9070
3 9074 9066 9070
3 9651 9595 9658
3 9666 9651 9658
3 10788 10781 10805
3 10818 10788 10805
3 10968 10959 10980
3 10987 10968 10980
3 12221 12217 12225
3 12229 12221 12225
3 12263 12257 12267
3 12271 12263 12267
3 12309 12301 12313
3 12317 12309 12313
3 12395 12387 12403
3 12411 12395 12403
3 12481 12477 12485
3 12489 12481 12485
3 12571 12567 12575
3 12587 12571 12575
3 12649 12637 12653
3 12657 12649 12653
3 12751 12743 12755
3 12763 12751 12755
3 12857 12853 12861
3 12865 12857 12861
3 10584 10575 10593
3 10605 10584 10593
3 7186 7144 7136
3 7174 7186 7136
3 7320 7289 7280
3 7306 7320 7280
3 7436 7407 7400
3 7424 7436 7400
3 7621 7597 7585
3 7609 7621 7585
3 8032 8008 7872
3 8020 8032 7872
3 8198 8172 8158
3 8186 8198 8158
3 8671 8551 8445
3 8657 8671 8445
3 9056 9032 9019
3 9045 9056 9019
3 9194 9171 9151
3 9175 9194 9151
3 10225 10154 10094
3 10160 10225 10094
3 10706 10682 10674
3 10693 10706 10674
3 10909 10887 10881
3 10901 10909 10881
3 11357 11288 11229
3 11297 11357 11229
3 12251 12239 12233
3 12243 12251 12233
3 12293 12283 12277
3 12289 12293 12277
3 12351 12343 12335
3 12347 12351 12335
3 12441 12428 12423
3 12437 12441 12423
3 12563 12559 12579
3 12583 12563 12579
3 12597 12593 12601
3 12605 12597 12601
3 12615 12609 12621
3 12625 12615 12621
3 12633 12629 12641
3 12645 12633 12641
3 12665 12661 12669
3 12673 12665 12669
3 12691 12683 12699
3 12703 12691 12699
3 12719 12715 12731
3 12739 12719 12731
3 12805 12785 12809
3 12813 12805 12809
3 12823 12819 12827
3 12831 12823 12827
3 12839 12835 12843
3 12847 12839 12843
3 12873 12869 12877
3 12881 12873 12877
3 12899 12895 12913
3 12917 12899 12913
3 12935 12931 12949
3 12953 12935 12949
3 12996 12982 13030
3 13034 12996 13030
3 929 891 881
3 919 929 881
3 1202 1156 1150
3 1192 1202 1150
3 1189 1860 1192
3 6948 7229 1189
3 6867 6852 6948
3 6642 6636 6867
3 6334 6396 6402
3 6240 6307 6334
3 6264 6240 6334
3 5587 5571 6013
3 5546 5538 5587
3 5100 5116 5122
3 5106 5100 5122
3 4898 4992 4998
3 4467 4760 4898
3 4473 4467 4898
3 4454 4473 4898
3 4460 4454 4898
3 4254 4342 4352
3 4260 4254 4352
3 3786 4260 4352
3 3672 3780 3786
3 3007 3616 3672
3 3021 3007 3672
3 2992 2986 3021
3 2857 2899 2905
3 2863 2857 2905
3 2611 2677 2687
3 1352 2589 2605
3 1756 1352 2605
3 1339 1333 1756
3 1282 1306 1312
3 1288 1282 1312
3 1223 1229 1235
3 1175 1217 1223
3 1181 1175 1223
3 1162 1181 1223
3 1168 1162 1223
3 1118 1130 1136
3 1124 1118 1136
3 1016 1022 1030
3 910 1008 1016
3 916 910 1016
3 903 897 916
3 842 863 869
3 851 842 869
3 832 851 869
3 820 826 832
3 755 814 820
3 769 755 820
3 738 769 820
3 744 738 820
3 678 690 696
3 684 678 696
3 592 598 606
3 485 586 592
3 494 485 592
3 472 466 494
3 365 393 399
3 371 365 399
3 259 371 399
3 243 253 259
3 180 229 243
3 192 180 243
3 124 192 243
3 129 124 243
3 77 129 243
3 30 72 77
3 4 24 30
3 67 4 30
3 85 48 67
3 95 85 67
3 107 101 95
3 174 147 158
3 186 141 174
3 203 186 174
3 359 341 203
3 423 417 429
3 460 411 423
3 478 460 423
3 506 445 500
3 881 506 500
3 919 881 500
3 1150 919 500
3 1192 1150 500
3 1189 1192 500
3 6867 6948 1189
3 6642 6867 1189
3 6402 6642 1189
3 6334 6402 1189
3 6264 6334 1189
3 6032 6264 1189
3 6026 6032 1189
3 5106 5122 5546
3 4460 4898 4998
3 3021 3672 3786
3 2992 3021 3786
3 2863 2905 2992
3 1756 2605 2611
3 1339 1756 2611
3 1288 1312 1339
3 1168 1223 1235
3 1136 1168 1235
3 1124 1136 1235
3 916 1016 1030
3 903 916 1030
3 832 869 903
3 744 820 832
3 696 744 832
3 684 696 832
3 494 592 606
3 472 494 606
3 77 243 259
3 30 77 259
3 67 30 259
3 95 67 259
3 107 95 259
3 158 107 259
3 174 158 259
3 203 174 259
3 359 203 259
3 387 359 259
3 478 423 429
3 1189 500 478
3 4460 4998 5106
3 2992 3786 4352
3 2863 2992 4352
3 1339 2611 2687
3 1288 1339 2687
3 1124 1235 1288
3 903 1030 1124
3 684 832 903
3 472 606 684
3 387 259 399
3 478 429 405
3 1189 478 405
3 6026 1189 405
3 4460 5106 5546
3 2863 4352 4460
3 1288 2687 2863
3 903 1124 1288
3 472 684 903
3 387 399 472
3 2863 4460 5546
3 903 1288 2863
3 387 472 903
3 387 903 2863
3 387 2863 5546
3 387 5546 5587
3 387 5587 6013
3 6013 6026 405
3 387 6013 405
3 12679 783 381
3 8982 12327 12679
3 7120 8952 8982
3 7197 7120 8982
3 381 7197 8982
3 12679 381 8982
3 624 584 582
3 628 624 582
3 632 628 582
3 636 632 582
3 640 636 582
3 644 640 582
3 648 644 582
3 652 648 582
3 656 652 582
3 660 656 582
3 664 660 582
3 668 664 582
3 670 668 582
3 672 670 582
3 666 672 582
3 662 666 582
3 658 662 582
3 654 658 582
3 650 654 582
3 646 650 582
3 642 646 582
3 638 642 582
3 634 638 582
3 630 634 582
3 626 630 582
3 622 626 582
3 620 622 582
3 618 620 582
3 616 618 582
3 614 616 582
3 612 614 582
3 610 612 582
3 608 610 582
3 600 608 582
3 567 600 582
3 563 567 582
3 559 563 582
3 555 559 582
3 551 555 582
3 547 551 582
3 543 547 582
3 539 543 582
3 535 539 582
3 531 535 582
3 527 531 582
3 523 527 582
3 519 523 582
3 515 519 582
3 517 515 582
3 521 517 582
3 525 521 582
3 529 525 582
3 533 529 582
3 537 533 582
3 541 537 582
3 545 541 582
3 549 545 582
3 553 549 582
3 557 553 582
3 561 557 582
3 565 561 582
3 569 565 582
3 571 569 582
3 573 571 582
3 580 573 582
3 1048 1010 1006
3 1052 1048 1006
3 1056 1052 1006
3 1060 1056 1006
3 1064 1060 1006
3 1068 1064 1006
3 1072 1068 1006
3 1076 1072 1006
3 1080 1076 1006
3 1084 1080 1006
3 1088 1084 1006
3 1092 1088 1006
3 1094 1092 1006
3 1096 1094 1006
3 1090 1096 1006
3 1086 1090 1006
3 1082 1086 1006
3 1078 1082 1006
3 1074 1078 1006
3 1070 1074 1006
3 1066 1070 1006
3 1062 1066 1006
3 1058 1062 1006
3 1054 1058 1006
3 1050 1054 1006
3 1046 1050 1006
3 1044 1046 1006
3 1042 1044 1006
3 1040 1042 1006
3 1038 1040 1006
3 1036 1038 1006
3 1034 1036 1006
3 1032 1034 1006
3 1024 1032 1006
3 991 1024 1006
3 987 991 1006
3 983 987 1006
3 979 983 1006
3 971 979 1006
3 967 971 1006
3 963 967 1006
3 959 963 1006
3 955 959 1006
3 951 955 1006
3 947 951 1006
3 943 947 1006
3 939 943 1006
3 935 939 1006
3 937 935 1006
3 941 937 1006
3 945 941 1006
3 949 945 1006
3 953 949 1006
3 957 953 1006
3 961 957 1006
3 965 961 1006
3 969 965 1006
3 977 969 1006
3 981 977 1006
3 985 981 1006
3 989 985 1006
3 993 989 1006
3 995 993 1006
3 997 995 1006
3 1004 997 1006
3 2633 2549 2542
3 2641 2633 2542
3 2649 2641 2542
3 2657 2649 2542
3 2665 2657 2542
3 2679 2665 2542
3 2693 2679 2542
3 2703 2693 2542
3 2711 2703 2542
3 2721 2711 2542
3 2729 2721 2542
3 2737 2729 2542
3 2745 2737 2542
3 2741 2745 2542
3 2733 2741 2542
3 2725 2733 2542
3 2715 2725 2542
3 2707 2715 2542
3 2697 2707 2542
3 2689 2697 2542
3 2669 2689 2542
3 2661 2669 2542
3 2653 2661 2542
3 2645 2653 2542
3 2637 2645 2542
3 2627 2637 2542
3 2621 2627 2542
3 2617 2621 2542
3 2613 2617 2542
3 2597 2613 2542
3 2591 2597 2542
3 2583 2591 2542
3 2577 2583 2542
3 2568 2577 2542
3 2361 2568 2542
3 2351 2361 2542
3 2294 2351 2542
3 2284 2294 2542
3 2276 2284 2542
3 2266 2276 2542
3 2206 2266 2542
3 2195 2206 2542
3 2185 2195 2542
3 2177 2185 2542
3 2169 2177 2542
3 2161 2169 2542
3 2153 2161 2542
3 2096 2153 2542
3 2149 2096 2542
3 2157 2149 2542
3 2165 2157 2542
3 2173 2165 2542
3 2181 2173 2542
3 2191 2181 2542
3 2202 2191 2542
3 2262 2202 2542
3 2272 2262 2542
3 2280 2272 2542
3 2290 2280 2542
3 2347 2290 2542
3 2355 2347 2542
3 2367 2355 2542
3 2422 2367 2542
3 2431 2422 2542
3 2435 2431 2542
3 4298 4237 4233
3 4306 4298 4233
3 4314 4306 4233
3 4322 4314 4233
3 4330 4322 4233
3 4344 4330 4233
3 4358 4344 4233
3 4366 4358 4233
3 4374 4366 4233
3 4382 4374 4233
3 4390 4382 4233
3 4398 4390 4233
3 4402 4398 4233
3 4406 4402 4233
3 4394 4406 4233
3 4386 4394 4233
3 4378 4386 4233
3 4370 4378 4233
3 4362 4370 4233
3 4354 4362 4233
3 4334 4354 4233
3 4326 4334 4233
3 4318 4326 4233
3 4310 4318 4233
3 4302 4310 4233
3 4294 4302 4233
3 4290 4294 4233
3 4286 4290 4233
3 4282 4286 4233
3 4278 4282 4233
3 4274 4278 4233
3 4270 4274 4233
3 4266 4270 4233
3 4262 4266 4233
3 4210 4262 4233
3 4202 4210 4233
3 4194 4202 4233
3 4186 4194 4233
3 4178 4186 4233
3 4170 4178 4233
3 4162 4170 4233
3 4149 4162 4233
3 4141 4149 4233
3 4133 4141 4233
3 4125 4133 4233
3 4117 4125 4233
3 4109 4117 4233
3 4101 4109 4233
3 4105 4101 4233
3 4113 4105 4233
3 4121 4113 4233
3 4129 4121 4233
3 4137 4129 4233
3 4145 4137 4233
3 4158 4145 4233
3 4166 4158 4233
3 4174 4166 4233
3 4182 4174 4233
3 4190 4182 4233
3 4198 4190 4233
3 4206 4198 4233
3 4214 4206 4233
3 4218 4214 4233
3 4222 4218 4233
3 4226 4222 4233
3 5859 5579 5573
3 5869 5859 5573
3 5879 5869 5573
3 5887 5879 5573
3 5895 5887 5573
3 5903 5895 5573
3 5911 5903 5573
3 5924 5911 5573
3 5934 5924 5573
3 5942 5934 5573
3 5950 5942 5573
3 5958 5950 5573
3 5966 5958 5573
3 5962 5966 5573
3 5954 5962 5573
3 5946 5954 5573
3 5938 5946 5573
3 5928 5938 5573
3 5920 5928 5573
3 5907 5920 5573
3 5899 5907 5573
3 5891 5899 5573
3 5883 5891 5573
3 5873 5883 5573
3 5865 5873 5573
3 5855 5865 5573
3 5851 5855 5573
3 5845 5851 5573
3 5839 5845 5573
3 5835 5839 5573
3 5829 5835 5573
3 5825 5829 5573
3 5821 5825 5573
3 5817 5821 5573
3 5530 5817 5573
3 5518 5530 5573
3 5510 5518 5573
3 5496 5510 5573
3 5484 5496 5573
3 5471 5484 5573
3 5463 5471 5573
3 5451 5463 5573
3 5441 5451 5573
3 5430 5441 5573
3 5422 5430 5573
3 5411 5422 5573
3 5403 5411 5573
3 5395 5403 5573
3 5399 5395 5573
3 5407 5399 5573
3 5418 5407 5573
3 5426 5418 5573
3 5437 5426 5573
3 5447 5437 5573
3 5459 5447 5573
3 5467 5459 5573
3 5480 5467 5573
3 5492 5480 5573
3 5506 5492 5573
3 5514 5506 5573
3 5526 5514 5573
3 5548 5526 5573
3 5552 5548 5573
3 5563 5552 5573
3 5567 5563 5573
3 6711 6624 6618
3 6725 6711 6618
3 6737 6725 6618
3 6755 6737 6618
3 6763 6755 6618
3 6773 6763 6618
3 6786 6773 6618
3 6798 6786 6618
3 6806 6798 6618
3 6814 6806 6618
3 6822 6814 6618
3 6830 6822 6618
3 6838 6830 6618
3 6834 6838 6618
3 6826 6834 6618
3 6818 6826 6618
3 6810 6818 6618
3 6802 6810 6618
3 6794 6802 6618
3 6777 6794 6618
3 6769 6777 6618
3 6759 6769 6618
3 6746 6759 6618
3 6733 6746 6618
3 6715 6733 6618
3 6702 6715 6618
3 6698 6702 6618
3 6692 6698 6618
3 6684 6692 6618
3 6680 6684 6618
3 6676 6680 6618
3 6672 6676 6618
3 6664 6672 6618
3 6660 6664 6618
3 6582 6660 6618
3 6574 6582 6618
3 6564 6574 6618
3 6550 6564 6618
3 6542 6550 6618
3 6532 6542 6618
3 6524 6532 6618
3 6516 6524 6618
3 6508 6516 6618
3 6500 6508 6618
3 6492 6500 6618
3 6484 6492 6618
3 6476 6484 6618
3 6466 6476 6618
3 6472 6466 6618
3 6480 6472 6618
3 6488 6480 6618
3 6496 6488 6618
3 6504 6496 6618
3 6512 6504 6618
3 6520 6512 6618
3 6528 6520 6618
3 6538 6528 6618
3 6546 6538 6618
3 6560 6546 6618
3 6570 6560 6618
3 6578 6570 6618
3 6594 6578 6618
3 6600 6594 6618
3 6608 6600 6618
3 6614 6608 6618
3 12705 12693 12685
3 12709 12705 12685
3 12721 12709 12685
3 12725 12721 12685
3 12733 12725 12685
3 12745 12733 12685
3 12757 12745 12685
3 12765 12757 12685
3 12775 12765 12685
3 12787 12775 12685
3 12795 12787 12685
3 12799 12795 12685
3 12791 12799 12685
3 12779 12791 12685
3 12405 12413 12417
3 12397 12405 12417
3 12389 12397 12417
3 12381 12389 12417
3 12377 12381 12417
3 12373 12377 12417
3 12369 12373 12417
3 12365 12369 12417
3 12361 12365 12417
3 12357 12361 12417
3 12353 12357 12417
3 12337 12353 12417
3 12329 12337 12417
3 12323 12329 12417
3 12319 12323 12417
3 12303 12319 12417
3 12295 12303 12417
3 9198 9250 9326
3 9186 9198 9326
3 9153 9186 9326
3 9140 9153 9326
3 9136 9140 9326
3 9132 9136 9326
3 9125 9132 9326
3 9118 9125 9326
3 9111 9118 9326
3 9104 9111 9326
3 9096 9104 9326
3 9088 9096 9326
3 9080 9088 9326
3 9076 9080 9326
3 9084 9076 9326
3 9092 9084 9326
3 6932 6936 6940
3 6928 6932 6940
3 6924 6928 6940
3 6916 6924 6940
3 6908 6916 6940
3 6896 6908 6940
3 6892 6896 6940
3 6888 6892 6940
3 6874 6888 6940
3 6854 6874 6940
3 6842 6854 6940
3 6790 6842 6940
3 6721 6790 6940
3 6688 6721 6940
3 6668 6688 6940
3 377 6668 6940
3 373 377 6940
3 351 373 6940
3 347 351 6940
3 343 347 6940
3 333 343 6940
3 325 333 6940
3 321 325 6940
3 317 321 6940
3 313 317 6940
3 305 313 6940
3 293 305 6940
3 281 293 6940
3 273 281 6940
3 265 273 6940
3 269 265 6940
3 277 269 6940
3 285 277 6940
3 297 285 6940
3 309 297 6940
3 698 309 6940
3 702 698 6940
3 706 702 6940
3 710 706 6940
3 714 710 6940
3 718 714 6940
3 722 718 6940
3 726 722 6940
3 730 726 6940
3 751 730 6940
3 761 751 6940
3 771 761 6940
3 775 771 6940
3 779 775 6940
3 785 779 6940
3 789 785 6940
3 795 789 6940
3 801 795 6940
3 12295 12417 12769
3 801 6940 9100
3 9100 9092 9326
3 12685 801 9100
3 12779 12685 9100
3 12769 12779 9100
3 12295 12769 9100
3 9326 12295 9100
3 8984 7189 7116
3 8897 8954 8984
3 8455 8764 8897
3 8554 8455 8897
3 7203 8554 8897
3 7147 7199 7203
3 7161 7147 7203
3 7116 7161 7203
3 8984 7116 7203
3 8897 8984 7203
3 7187 7145 7137
3 7175 7187 7137
3 7321 7290 7281
3 7307 7321 7281
3 7437 7408 7401
3 7425 7437 7401
3 7622 7598 7586
3 7610 7622 7586
3 8033 8009 7873
3 8021 8033 7873
3 8199 8173 8159
3 8187 8199 8159
3 8672 8552 8446
3 8658 8672 8446
3 11005 2943 2932
3 11117 11063 11005
3 11175 11117 11005
3 11231 11175 11005
3 11303 11231 11005
3 11363 11303 11005
3 11423 11363 11005
3 11483 11423 11005
3 11553 11483 11005
3 11603 11553 11005
3 11653 11603 11005
3 11753 11653 11005
3 11856 11753 11005
3 11959 11856 11005
3 12059 11959 11005
3 12159 12059 11005
3 12109 12159 11005
3 12009 12109 11005
3 11909 12009 11005
3 11806 11909 11005
3 11703 11806 11005
3 10474 11703 11005
3 8986 10474 11005
3 8899 8956 8986
3 8457 8766 8899
3 8556 8457 8899
3 7205 8556 8899
3 7149 7201 7205
3 7163 7149 7205
3 7118 7163 7205
3 2777 2595 7191
3 1323 1326 2777
3 1320 1323 2777
3 1317 1320 2777
3 1314 1317 2777
3 1299 1314 2777
3 1296 1299 2777
3 1293 1296 2777
3 1290 1293 2777
3 1275 1290 2777
3 1272 1275 2777
3 1266 1272 2777
3 1260 1266 2777
3 1254 1260 2777
3 1248 1254 2777
3 1245 1248 2777
3 1251 1245 2777
3 1257 1251 2777
3 1263 1257 2777
3 1269 1263 2777
3 2753 1269 2777
3 2760 2753 2777
3 2763 2760 2777
3 2774 2763 2777
3 2783 2774 2777
3 2790 2783 2777
3 2801 2790 2777
3 2817 2801 2777
3 2833 2817 2777
3 2850 2833 2777
3 2873 2850 2777
3 2884 2873 2777
3 2907 2884 2777
3 2914 2907 2777
3 2921 2914 2777
3 2932 2921 2777
3 11005 2932 2777
3 8986 11005 2777
3 7205 8899 8986
3 7118 7205 8986
3 8986 2777 7191
3 7118 8986 7191
3 2635 2551 2544
3 2643 2635 2544
3 2651 2643 2544
3 2659 2651 2544
3 2667 2659 2544
3 2681 2667 2544
3 2695 2681 2544
3 2705 2695 2544
3 2713 2705 2544
3 2723 2713 2544
3 2731 2723 2544
3 2739 2731 2544
3 2747 2739 2544
3 2743 2747 2544
3 2735 2743 2544
3 2727 2735 2544
3 2717 2727 2544
3 2709 2717 2544
3 2699 2709 2544
3 2691 2699 2544
3 2671 2691 2544
3 2663 2671 2544
3 2655 2663 2544
3 2647 2655 2544
3 2639 2647 2544
3 2629 2639 2544
3 2623 2629 2544
3 2619 2623 2544
3 2615 2619 2544
3 2599 2615 2544
3 2593 2599 2544
3 2585 2593 2544
3 2579 2585 2544
3 2570 2579 2544
3 2363 2570 2544
3 2353 2363 2544
3 2296 2353 2544
3 2286 2296 2544
3 2278 2286 2544
3 2268 2278 2544
3 2208 2268 2544
3 2197 2208 2544
3 2187 2197 2544
3 2179 2187 2544
3 2171 2179 2544
3 2163 2171 2544
3 2155 2163 2544
3 2098 2155 2544
3 2151 2098 2544
3 2159 2151 2544
3 2167 2159 2544
3 2175 2167 2544
3 2183 2175 2544
3 2193 2183 2544
3 2204 2193 2544
3 2264 2204 2544
3 2274 2264 2544
3 2282 2274 2544
3 2292 2282 2544
3 2349 2292 2544
3 2357 2349 2544
3 2369 2357 2544
3 2424 2369 2544
3 2433 2424 2544
3 2437 2433 2544
3 4300 4239 4235
3 4308 4300 4235
3 4316 4308 4235
3 4324 4316 4235
3 4332 4324 4235
3 4346 4332 4235
3 4360 4346 4235
3 4368 4360 4235
3 4376 4368 4235
3 4384 4376 4235
3 4392 4384 4235
3 4400 4392 4235
3 4404 4400 4235
3 4408 4404 4235
3 4396 4408 4235
3 4388 4396 4235
3 4380 4388 4235
3 4372 4380 4235
3 4364 4372 4235
3 4356 4364 4235
3 4336 4356 4235
3 4328 4336 4235
3 4320 4328 4235
3 4312 4320 4235
3 4304 4312 4235
3 4296 4304 4235
3 4292 4296 4235
3 4288 4292 4235
3 4284 4288 4235
3 4280 4284 4235
3 4276 4280 4235
3 4272 4276 4235
3 4268 4272 4235
3 4264 4268 4235
3 4212 4264 4235
3 4204 4212 4235
3 4196 4204 4235
3 4188 4196 4235
3 4180 4188 4235
3 4172 4180 4235
3 4164 4172 4235
3 4151 4164 4235
3 4143 4151 4235
3 4135 4143 4235
3 4127 4135 4235
3 4119 4127 4235
3 4111 4119 4235
3 4103 4111 4235
3 4107 4103 4235
3 4115 4107 4235
3 4123 4115 4235
3 4131 4123 4235
3 4139 4131 4235
3 4147 4139 4235
3 4160 4147 4235
3 4168 4160 4235
3 4176 4168 4235
3 4184 4176 4235
3 4192 4184 4235
3 4200 4192 4235
3 4208 4200 4235
3 4216 4208 4235
3 4220 4216 4235
3 4224 4220 4235
3 4228 4224 4235
3 6713 6626 6620
3 6727 6713 6620
3 6739 6727 6620
3 6757 6739 6620
3 6765 6757 6620
3 6775 6765 6620
3 6788 6775 6620
3 6800 6788 6620
3 6808 6800 6620
3 6816 6808 6620
3 6824 6816 6620
3 6832 6824 6620
3 6840 6832 6620
3 6836 6840 6620
3 6828 6836 6620
3 6820 6828 6620
3 6812 6820 6620
3 6804 6812 6620
3 6796 6804 6620
3 6779 6796 6620
3 6771 6779 6620
3 6761 6771 6620
3 6748 6761 6620
3 6735 6748 6620
3 6717 6735 6620
3 6704 6717 6620
3 6700 6704 6620
3 6694 6700 6620
3 6686 6694 6620
3 6682 6686 6620
3 6678 6682 6620
3 6674 6678 6620
3 6666 6674 6620
3 6662 6666 6620
3 6584 6662 6620
3 6576 6584 6620
3 6566 6576 6620
3 6552 6566 6620
3 6544 6552 6620
3 6534 6544 6620
3 6526 6534 6620
3 6518 6526 6620
3 6510 6518 6620
3 6502 6510 6620
3 6494 6502 6620
3 6486 6494 6620
3 6478 6486 6620
3 6468 6478 6620
3 6474 6468 6620
3 6482 6474 6620
3 6490 6482 6620
3 6498 6490 6620
3 6506 6498 6620
3 6514 6506 6620
3 6522 6514 6620
3 6530 6522 6620
3 6540 6530 6620
3 6548 6540 6620
3 6562 6548 6620
3 6572 6562 6620
3 6580 6572 6620
3 6596 6580 6620
3 6602 6596 6620
3 6610 6602 6620
3 6616 6610 6620
3 5861 5581 5575
3 5871 5861 5575
3 5881 5871 5575
3 5889 5881 5575
3 5897 5889 5575
3 5905 5897 5575
3 5913 5905 5575
3 5926 5913 5575
3 5936 5926 5575
3 5944 5936 5575
3 5952 5944 5575
3 5960 5952 5575
3 5968 5960 5575
3 5964 5968 5575
3 5956 5964 5575
3 5948 5956 5575
3 5940 5948 5575
3 5930 5940 5575
3 5922 5930 5575
3 5909 5922 5575
3 5901 5909 5575
3 5893 5901 5575
3 5885 5893 5575
3 5875 5885 5575
3 5867 5875 5575
3 5857 5867 5575
3 5853 5857 5575
3 5847 5853 5575
3 5841 5847 5575
3 5837 5841 5575
3 5831 5837 5575
3 5827 5831 5575
3 5823 5827 5575
3 5819 5823 5575
3 5532 5819 5575
3 5520 5532 5575
3 5512 5520 5575
3 5498 5512 5575
3 5486 5498 5575
3 5473 5486 5575
3 5465 5473 5575
3 5453 5465 5575
3 5443 5453 5575
3 5432 5443 5575
3 5424 5432 5575
3 5413 5424 5575
3 5405 5413 5575
3 5397 5405 5575
3 5401 5397 5575
3 5409 5401 5575
3 5420 5409 5575
3 5428 5420 5575
3 5439 5428 5575
3 5449 5439 5575
3 5461 5449 5575
3 5469 5461 5575
3 5482 5469 5575
3 5494 5482 5575
3 5508 5494 5575
3 5516 5508 5575
3 5528 5516 5575
3 5550 5528 5575
3 5554 5550 5575
3 5565 5554 5575
3 5569 5565 5575
3 9914 9536 9534
3 9922 9914 9534
3 9928 9922 9534
3 9991 9928 9534
3 10003 9991 9534
3 10007 10003 9534
3 10013 10007 9534
3 10017 10013 9534
3 10069 10017 9534
3 10073 10069 9534
3 10079 10073 9534
3 10083 10079 9534
3 10085 10083 9534
3 10087 10085 9534
3 10081 10087 9534
3 10075 10081 9534
3 10071 10075 9534
3 10019 10071 9534
3 10015 10019 9534
3 10011 10015 9534
3 10005 10011 9534
3 9997 10005 9534
3 9935 9997 9534
3 9924 9935 9534
3 9918 9924 9534
3 9912 9918 9534
3 9860 9912 9534
3 9854 9860 9534
3 9849 9854 9534
3 9794 9849 9534
3 9790 9794 9534
3 9783 9790 9534
3 9728 9783 9534
3 9721 9728 9534
3 9420 9721 9534
3 9416 9420 9534
3 9410 9416 9534
3 9404 9410 9534
3 9352 9404 9534
3 9348 9352 9534
3 9340 9348 9534
3 9336 9340 9534
3 9332 9336 9534
3 9324 9332 9534
3 9320 9324 9534
3 9268 9320 9534
3 9262 9268 9534
3 9258 9262 9534
3 9260 9258 9534
3 9266 9260 9534
3 9318 9266 9534
3 9322 9318 9534
3 9330 9322 9534
3 9334 9330 9534
3 9338 9334 9534
3 9344 9338 9534
3 9350 9344 9534
3 9402 9350 9534
3 9406 9402 9534
3 9414 9406 9534
3 9418 9414 9534
3 9470 9418 9534
3 9476 9470 9534
3 9478 9476 9534
3 9530 9478 9534
3 2555 1654 1556
3 1324 1327 2555
3 1321 1324 2555
3 1318 1321 2555
3 1315 1318 2555
3 1300 1315 2555
3 1297 1300 2555
3 1294 1297 2555
3 1291 1294 2555
3 1276 1291 2555
3 1273 1276 2555
3 1267 1273 2555
3 1261 1267 2555
3 1255 1261 2555
3 1249 1255 2555
3 1246 1249 2555
3 1252 1246 2555
3 1258 1252 2555
3 1264 1258 2555
3 1270 1264 2555
3 2754 1270 2555
3 2761 2754 2555
3 2764 2761 2555
3 2775 2764 2555
3 2784 2775 2555
3 2791 2784 2555
3 2802 2791 2555
3 2818 2802 2555
3 2834 2818 2555
3 2851 2834 2555
3 2874 2851 2555
3 2885 2874 2555
3 2908 2885 2555
3 2915 2908 2555
3 2922 2915 2555
3 2933 2922 2555
3 2944 2933 2555
3 11006 2944 2555
3 11064 11006 2555
3 11118 11064 2555
3 11176 11118 2555
3 11232 11176 2555
3 11304 11232 2555
3 11364 11304 2555
3 11424 11364 2555
3 11484 11424 2555
3 11554 11484 2555
3 11604 11554 2555
3 11654 11604 2555
3 11754 11654 2555
3 11857 11754 2555
3 11960 11857 2555
3 12060 11960 2555
3 12160 12060 2555
3 12110 12160 2555
3 12010 12110 2555
3 11910 12010 2555
3 11807 11910 2555
3 11704 11807 2555
3 10376 10426 10475
3 10328 10376 10475
3 10277 10328 10475
3 10227 10277 10475
3 10162 10227 10475
3 10100 10162 10475
3 10021 10100 10475
3 9941 10021 10475
3 9864 9941 10475
3 9801 9864 10475
3 9732 9801 10475
3 9668 9732 10475
3 9599 9668 10475
3 9540 9599 10475
3 9480 9540 10475
3 9422 9480 10475
3 9354 9422 10475
3 9270 9354 10475
3 8458 8767 8900
3 8557 8458 8900
3 2490 8557 8900
3 2373 2490 8900
3 2298 2373 8900
3 2213 2298 8900
3 2100 2213 8900
3 2043 2100 8900
3 1987 2043 8900
3 1917 1987 8900
3 1868 1917 8900
3 1807 1868 8900
3 1758 1807 8900
3 1703 1758 8900
3 1605 1703 8900
3 1507 1605 8900
3 1409 1507 8900
3 1360 1409 8900
3 1458 1360 8900
3 1556 1458 8900
3 2555 1556 8900
3 11704 2555 8900
3 11704 8900 9202
3 9202 9270 10475
3 11704 9202 10475
3 2561 2539 2428
3 2546 2561 2428
3 2824 2807 2804
3 2810 2824 2804
3 2967 2957 2954
3 2960 2967 2954
3 3502 3446 3391
3 3449 3502 3391
3 4247 4241 4230
3 4244 4247 4230
3 4447 4441 4436
3 4444 4447 4436
3 4748 4734 4727
3 4741 4748 4727
3 5089 5079 5072
3 5082 5089 5072
3 5475 5415 5256
3 5434 5475 5256
3 6010 5990 5987
3 6001 6010 5987
3 6131 6121 6116
3 6126 6131 6116
3 6227 6215 6208
3 6220 6227 6208
3 6339 6320 6309
3 6325 6339 6309
3 6461 6451 6446
3 6456 6461 6446
3 6883 6869 6858
3 6878 6883 6858
3 6993 6983 6978
3 6988 6993 6978
3 7063 7053 7048
3 7058 7063 7048
3 7177 7151 7127
3 7165 7177 7127
3 7311 7292 7271
3 7297 7311 7271
3 7427 7410 7391
3 7415 7427 7391
3 7612 7588 7576
3 7600 7612 7576
3 8023 7877 7863
3 8011 8023 7863
3 8189 8163 8149
3 8175 8189 8149
3 8662 8450 8436
3 8648 8662 8436
3 9049 9025 9012
3 9036 9049 9012
3 9177 9157 9144
3 9162 9177 9144
3 4153 4043 3994
3 4096 4153 3994
3 4429 4419 4414
3 4424 4429 4414
3 4629 4489 4484
3 4494 4629 4484
3 5061 5049 5044
3 5056 5061 5044
3 5149 5137 5132
3 5142 5149 5132
3 5982 5970 5915
3 5977 5982 5915
3 6108 6095 6087
3 6100 6108 6087
3 6187 6169 6164
3 6174 6187 6164
3 6295 6285 6278
3 6290 6295 6278
3 6438 6426 6418
3 6433 6438 6418
3 6781 6741 6706
3 6750 6781 6706
3 6971 6957 6950
3 6964 6971 6950
3 7041 7027 7020
3 7032 7041 7020
3 7105 7093 7088
3 7098 7105 7088
3 7252 7240 7233
3 7245 7252 7233
3 7378 7368 7363
3 7373 7378 7363
3 7560 7547 7542
3 7552 7560 7542
3 7854 7848 7763
3 7851 7854 7763
3 8142 8136 8133
3 8139 8142 8133
3 8226 8220 8217
3 8223 8226 8217
3 9001 8993 8988
3 8996 9001 8988
3 9129 9115 9108
3 9122 9129 9108
3 9798 9780 9718
3 9787 9798 9718
3 10634 10613 10607
3 10616 10634 10607
3 10849 10835 10807
3 10841 10849 10807
3 10992 10982 10970
3 10989 10992 10970
3 12209 12212 11906
3 11803 12209 11906
3 11543 11550 11418
3 11413 11543 11418
3 11283 11292 11170
3 11167 11283 11170
3 11057 11060 10998
3 10995 11057 10998
3 10961 10973 10952
3 10947 10961 10952
3 10937 10942 10930
3 10925 10937 10930
3 10913 10918 10894
3 10889 10913 10894
3 10867 10872 10862
3 10857 10867 10862
3 10844 10852 10798
3 10790 10844 10798
3 10763 10771 10752
3 10747 10763 10752
3 10729 10734 10721
3 10713 10729 10721
3 10686 10695 10667
3 10662 10686 10667
3 10647 10655 10626
3 10619 10647 10626
3 10586 10598 10568
3 10563 10586 10568
3 10545 10550 10535
3 10528 10545 10535
3 1862 1865 1349
3 1346 1862 1349
3 2199 2210 2036
3 1978 2199 2036
3 2562 2540 2429
3 2547 2562 2429
3 2825 2808 2805
3 2811 2825 2805
3 2968 2958 2955
3 2961 2968 2955
3 3503 3447 3392
3 3450 3503 3392
3 4248 4242 4231
3 4245 4248 4231
3 4448 4442 4437
3 4445 4448 4437
3 4749 4735 4728
3 4742 4749 4728
3 5090 5080 5073
3 5083 5090 5073
3 5476 5416 5257
3 5435 5476 5257
3 6011 5991 5988
3 6002 6011 5988
3 6132 6122 6117
3 6127 6132 6117
3 6228 6216 6209
3 6221 6228 6209
3 6340 6321 6310
3 6326 6340 6310
3 6462 6452 6447
3 6457 6462 6447
3 6884 6870 6859
3 6879 6884 6859
3 6994 6984 6979
3 6989 6994 6979
3 7064 7054 7049
3 7059 7064 7049
3 7178 7152 7128
3 7166 7178 7128
3 7312 7293 7272
3 7298 7312 7272
3 7428 7411 7392
3 7416 7428 7392
3 7613 7589 7577
3 7601 7613 7577
3 8024 7878 7864
3 8012 8024 7864
3 8190 8164 8150
3 8176 8190 8150
3 8663 8451 8437
3 8649 8663 8437
3 9050 9026 9013
3 9037 9050 9013
3 9178 9158 9145
3 9163 9178 9145
3 4154 4044 3995
3 4097 4154 3995
3 4430 4420 4415
3 4425 4430 4415
3 4630 4490 4485
3 4495 4630 4485
3 5062 5050 5045
3 5057 5062 5045
3 5150 5138 5133
3 5143 5150 5133
3 5983 5971 5916
3 5978 5983 5916
3 6109 6096 6088
3 6101 6109 6088
3 6188 6170 6165
3 6175 6188 6165
3 6296 6286 6279
3 6291 6296 6279
3 6439 6427 6419
3 6434 6439 6419
3 6782 6742 6707
3 6751 6782 6707
3 6972 6958 6951
3 6965 6972 6951
3 7042 7028 7021
3 7033 7042 7021
3 7106 7094 7089
3 7099 7106 7089
3 7253 7241 7234
3 7246 7253 7234
3 7379 7369 7364
3 7374 7379 7364
3 7561 7548 7543
3 7553 7561 7543
3 7855 7849 7764
3 7852 7855 7764
3 8143 8137 8134
3 8140 8143 8134
3 8227 8221 8218
3 8224 8227 8218
3 9002 8994 8989
3 8997 9002 8989
3 9130 9116 9109
3 9123 9130 9109
3 9799 9781 9719
3 9788 9799 9719
3 10635 10614 10608
3 10617 10635 10608
3 10850 10836 10808
3 10842 10850 10808
3 10993 10983 10971
3 10990 10993 10971
3 12210 12213 11907
3 11804 12210 11907
3 11544 11551 11419
3 11414 11544 11419
3 11284 11293 11171
3 11168 11284 11171
3 11058 11061 10999
3 10996 11058 10999
3 10962 10974 10953
3 10948 10962 10953
3 10938 10943 10931
3 10926 10938 10931
3 10914 10919 10895
3 10890 10914 10895
3 10868 10873 10863
3 10858 10868 10863
3 10845 10853 10799
3 10791 10845 10799
3 10764 10772 10753
3 10748 10764 10753
3 10730 10735 10722
3 10714 10730 10722
3 10687 10696 10668
3 10663 10687 10668
3 10648 10656 10627
3 10620 10648 10627
3 10587 10599 10569
3 10564 10587 10569
3 10546 10551 10536
3 10529 10546 10536
3 1863 1866 1350
3 1347 1863 1350
3 2200 2211 2037
3 1979 2200 2037
3 4048 3995 3942
3 11007 4048 3942
3 11119 11065 11007
3 11177 11119 11007
3 11233 11177 11007
3 11305 11233 11007
3 11365 11305 11007
3 11425 11365 11007
3 11485 11425 11007
3 11555 11485 11007
3 11605 11555 11007
3 11655 11605 11007
3 11755 11655 11007
3 11858 11755 11007
3 11961 11858 11007
3 12061 11961 11007
3 12161 12061 11007
3 12111 12161 11007
3 12011 12111 11007
3 11911 12011 11007
3 11808 11911 11007
3 11705 11808 11007
3 10377 10427 10476
3 10329 10377 10476
3 10278 10329 10476
3 10228 10278 10476
3 10163 10228 10476
3 10101 10163 10476
3 10022 10101 10476
3 9942 10022 10476
3 9865 9942 10476
3 9802 9865 10476
3 9733 9802 10476
3 9669 9733 10476
3 9600 9669 10476
3 9541 9600 10476
3 9481 9541 10476
3 9423 9481 10476
3 9355 9423 10476
3 9271 9355 10476
3 8459 8768 8901
3 8558 8459 8901
3 2491 8558 8901
3 2374 2491 8901
3 2299 2374 8901
3 2214 2299 8901
3 2101 2214 8901
3 2044 2101 8901
3 1988 2044 8901
3 1918 1988 8901
3 1869 1918 8901
3 1808 1869 8901
3 1759 1808 8901
3 1704 1759 8901
3 1606 1704 8901
3 1508 1606 8901
3 1410 1508 8901
3 1361 1410 8901
3 1459 1361 8901
3 1557 1459 8901
3 1655 1557 8901
3 3143 3095 3043
3 3191 3143 3043
3 3239 3191 3043
3 3287 3239 3043
3 3343 3287 3043
3 3396 3343 3043
3 3454 3396 3043
3 3513 3454 3043
3 3568 3513 3043
3 3620 3568 3043
3 3678 3620 3043
3 3728 3678 3043
3 3790 3728 3043
3 3842 3790 3043
3 3892 3842 3043
3 3942 3892 3043
3 11007 3942 3043
3 11705 11007 3043
3 1655 8901 9203
3 9203 9271 10476
3 1655 9203 10476
3 3043 1655 10476
3 11705 3043 10476
3 3091 3035 3031
3 3039 3091 3031
3 3027 3013 3009
3 3023 3027 3009
3 2998 2978 2974
3 2994 2998 2974
3 2970 2950 2946
3 2963 2970 2946
3 2939 2928 2924
3 2935 2939 2924
3 2917 2891 2887
3 2910 2917 2887
3 2880 2869 2865
3 2876 2880 2865
3 2840 2820 2813
3 2836 2840 2813
3 2797 2786 2779
3 2793 2797 2779
3 2770 2756 2749
3 2766 2770 2749
3 2719 2631 2625
3 2701 2719 2625
3 2587 2566 2564
3 2581 2587 2564
3 2559 2371 2365
3 2553 2559 2365
3 10726 10718 10708
3 10739 10726 10708
3 10744 10739 10708
3 10757 10744 10708
3 10760 10757 10708
3 10768 10760 10708
3 10776 10768 10708
3 10783 10776 10708
3 10795 10783 10708
3 10813 10795 10708
3 10823 10813 10708
3 10829 10823 10708
3 10838 10829 10708
3 10832 10838 10708
3 10826 10832 10708
3 10820 10826 10708
3 10641 10644 10652
3 10631 10641 10652
3 10610 10631 10652
3 10595 10610 10652
3 10577 10595 10652
3 10560 10577 10652
3 10555 10560 10652
3 10542 10555 10652
3 10523 10542 10652
3 10325 10523 10652
3 10214 10325 10652
3 10089 10214 10652
3 9930 10089 10652
3 9851 9930 10652
3 9725 9851 10652
3 9653 9725 10652
3 7539 7557 7565
3 7520 7539 7565
3 7513 7520 7565
3 7506 7513 7565
3 7497 7506 7565
3 7488 7497 7565
3 7475 7488 7565
3 7470 7475 7565
3 7467 7470 7565
3 7462 7467 7565
3 7456 7462 7565
3 7450 7456 7565
3 7444 7450 7565
3 7439 7444 7565
3 7447 7439 7565
3 7453 7447 7565
3 2416 2533 7459
3 2341 2416 7459
3 2256 2341 7459
3 2143 2256 7459
3 2086 2143 7459
3 2030 2086 7459
3 1960 2030 7459
3 1911 1960 7459
3 1850 1911 7459
3 1801 1850 7459
3 1746 1801 7459
3 1648 1746 7459
3 1550 1648 7459
3 1452 1550 7459
3 1403 1452 7459
3 1501 1403 7459
3 1599 1501 7459
3 1697 1599 7459
3 3185 3137 3085
3 3233 3185 3085
3 3281 3233 3085
3 3329 3281 3085
3 3385 3329 3085
3 3438 3385 3085
3 3496 3438 3085
3 3555 3496 3085
3 3610 3555 3085
3 3662 3610 3085
3 3720 3662 3085
3 3770 3720 3085
3 3832 3770 3085
3 3884 3832 3085
3 3934 3884 3085
3 3984 3934 3085
3 11161 11107 11049
3 11219 11161 11049
3 11275 11219 11049
3 11347 11275 11049
3 11407 11347 11049
3 11467 11407 11049
3 11527 11467 11049
3 11597 11527 11049
3 11647 11597 11049
3 11697 11647 11049
3 11797 11697 11049
3 11900 11797 11049
3 12003 11900 11049
3 12103 12003 11049
3 12203 12103 11049
3 12153 12203 11049
3 12053 12153 11049
3 11953 12053 11049
3 11850 11953 11049
3 11747 11850 11049
3 11747 11049 4090
3 11747 4090 4037
3 4037 3984 3085
3 11747 4037 3085
3 10708 11747 3085
3 10820 10708 3085
3 10810 10820 3085
3 10652 10810 3085
3 9653 10652 3085
3 9588 9653 3085
3 7453 7565 9588
3 7459 7453 9588
3 3085 1697 7459
3 9588 3085 7459
3 502 441 496
3 759 502 496
3 757 759 496
3 793 757 496
3 812 799 793
3 805 812 793
3 855 836 834
3 853 855 834
3 883 876 874
3 925 887 883
3 921 925 883
3 931 973 921
3 1110 1102 1098
3 1106 1110 1098
3 1146 1142 1138
3 1198 1152 1146
3 1194 1198 1146
3 1204 1208 1194
3 1856 1241 1237
3 1183 1856 1237
3 6944 7223 1183
3 6863 6848 6944
3 6638 6632 6863
3 6330 6392 6398
3 6236 6303 6330
3 6260 6236 6330
3 5556 5996 6022
3 5583 5556 6022
3 5542 5534 5583
3 5096 5112 5118
3 5102 5096 5118
3 4894 4988 4994
3 4462 4751 4894
3 4469 4462 4894
3 4450 4469 4894
3 4456 4450 4894
3 4250 4338 4348
3 4256 4250 4348
3 3782 4256 4348
3 3668 3776 3782
3 3002 3561 3668
3 3017 3002 3668
3 2988 2982 3017
3 2853 2895 2901
3 2859 2853 2901
3 2607 2673 2683
3 1341 2572 2601
3 1752 1341 2601
3 1335 1329 1752
3 1278 1302 1308
3 1284 1278 1308
3 1219 1225 1231
3 1170 1212 1219
3 1177 1170 1219
3 1158 1177 1219
3 1164 1158 1219
3 1114 1126 1132
3 1120 1114 1132
3 1012 1018 1026
3 905 999 1012
3 912 905 1012
3 899 893 912
3 838 859 865
3 847 838 865
3 828 847 865
3 816 822 828
3 746 807 816
3 765 746 816
3 734 765 816
3 740 734 816
3 674 686 692
3 680 674 692
3 588 594 602
3 480 575 588
3 490 480 588
3 468 462 490
3 361 389 395
3 367 361 395
3 255 367 395
3 239 249 255
3 176 225 239
3 188 176 239
3 135 188 239
3 168 135 239
3 26 54 79
3 0 20 26
3 6 0 26
3 16 6 26
3 87 16 26
3 62 50 87
3 81 44 62
3 91 81 62
3 103 97 91
3 131 109 103
3 117 113 160
3 164 117 160
3 194 164 160
3 153 149 194
3 170 143 153
3 182 137 170
3 198 182 170
3 209 205 198
3 217 213 221
3 231 217 221
3 261 231 221
3 245 235 261
3 289 245 261
3 329 289 261
3 337 301 329
3 355 337 329
3 383 355 329
3 401 383 329
3 419 413 425
3 431 407 419
3 447 431 419
3 455 451 511
3 474 455 511
3 496 474 511
3 793 496 511
3 805 793 511
3 834 805 511
3 853 834 511
3 874 853 511
3 921 883 874
3 931 921 874
3 1106 1098 931
3 1194 1146 1138
3 1204 1194 1138
3 1237 1204 1138
3 1183 1237 1138
3 6863 6944 1183
3 6638 6863 1183
3 6398 6638 1183
3 6330 6398 1183
3 6260 6330 1183
3 6028 6260 1183
3 6022 6028 1183
3 5583 6022 1183
3 5542 5583 1183
3 5118 5542 1183
3 5102 5118 1183
3 4994 5102 1183
3 4894 4994 1183
3 4456 4894 1183
3 4348 4456 1183
3 3782 4348 1183
3 3668 3782 1183
3 3017 3668 1183
3 2988 3017 1183
3 2901 2988 1183
3 2859 2901 1183
3 2683 2859 1183
3 2607 2683 1183
3 2601 2607 1183
3 1752 2601 1183
3 1335 1752 1183
3 1308 1335 1183
3 1284 1308 1183
3 1231 1284 1183
3 1219 1231 1183
3 1164 1219 1183
3 1132 1164 1183
3 1120 1132 1183
3 1026 1120 1183
3 1012 1026 1183
3 912 1012 1183
3 899 912 1183
3 865 899 1183
3 828 865 1183
3 816 828 1183
3 740 816 1183
3 692 740 1183
3 680 692 1183
3 602 680 1183
3 588 602 1183
3 490 588 1183
3 468 490 1183
3 395 468 1183
3 255 395 1183
3 239 255 1183
3 168 239 1183
3 79 168 1183
3 87 26 79
3 91 62 87
3 103 91 87
3 131 103 87
3 170 153 194
3 198 170 194
3 209 198 194
3 221 209 194
3 261 221 194
3 329 261 194
3 401 329 194
3 447 419 425
3 874 511 447
3 931 874 447
3 1106 931 447
3 1138 1106 447
3 1183 1138 447
3 79 1183 447
3 87 79 447
3 131 87 447
3 160 131 447
3 194 160 447
3 401 194 447
3 425 401 447
3 760 503 502
3 760 502 759
3 758 760 759
3 758 759 757
3 794 758 757
3 794 757 793
3 794 793 799
3 800 794 799
3 813 800 799
3 813 799 812
3 806 813 812
3 806 812 805
3 835 806 805
3 835 805 834
3 835 834 836
3 837 835 836
3 856 837 836
3 856 836 855
3 854 856 855
3 854 855 853
3 875 854 853
3 875 853 874
3 875 874 876
3 877 875 876
3 884 877 876
3 884 876 883
3 884 883 887
3 888 884 887
3 926 888 887
3 926 887 925
3 922 926 925
3 922 925 921
3 974 922 921
3 974 921 973
3 932 974 973
3 932 973 931
3 1099 932 931
3 1099 931 1098
3 1099 1098 1102
3 1103 1099 1102
3 1111 1103 1102
3 1111 1102 1110
3 1107 1111 1110
3 1107 1110 1106
3 1139 1107 1106
3 1139 1106 1138
3 1139 1138 1142
3 1143 1139 1142
3 1147 1143 1142
3 1147 1142 1146
3 1147 1146 1152
3 1153 1147 1152
3 1199 1153 1152
3 1199 1152 1198
3 1195 1199 1198
3 1195 1198 1194
3 1209 1195 1194
3 1209 1194 1208
3 1205 1209 1208
3 1205 1208 1204
3 1238 1205 1204
3 1238 1204 1237
3 1238 1237 1241
3 1242 1238 1241
3 1857 1242 1241
3 1857 1241 1856
3 1185 1857 1856
3 1185 1856 1183
3 7225 1185 1183
3 7225 1183 7223
3 6945 7225 7223
3 6945 7223 6944
3 6945 6944 6848
3 6849 6945 6848
3 6849 6848 6863
3 6864 6849 6863
3 6864 6863 6632
3 6633 6864 6632
3 6633 6632 6638
3 6639 6633 6638
3 6639 6638 6398
3 6399 6639 6398
3 6393 6399 6398
3 6393 6398 6392
3 6393 6392 6330
3 6331 6393 6330
3 6304 6331 6330
3 6304 6330 6303
3 6304 6303 6236
3 6237 6304 6236
3 6237 6236 6260
3 6261 6237 6260
3 6261 6260 6028
3 6029 6261 6028
3 6023 6029 6028
3 6023 6028 6022
3 5997 6023 6022
3 5997 6022 5996
3 5997 5996 5556
3 5557 5997 5556
3 5557 5556 5583
3 5584 5557 5583
3 5584 5583 5534
3 5535 5584 5534
3 5535 5534 5542
3 5543 5535 5542
3 5543 5542 5118
3 5119 5543 5118
3 5113 5119 5118
3 5113 5118 5112
3 5113 5112 5096
3 5097 5113 5096
3 5097 5096 5102
3 5103 5097 5102
3 5103 5102 4994
3 4995 5103 4994
3 4989 4995 4994
3 4989 4994 4988
3 4989 4988 4894
3 4895 4989 4894
3 4752 4895 4894
3 4752 4894 4751
3 4752 4751 4462
3 4463 4752 4462
3 4463 4462 4469
3 4470 4463 4469
3 4470 4469 4450
3 4451 4470 4450
3 4451 4450 4456
3 4457 4451 4456
3 4457 4456 4348
3 4349 4457 4348
3 4339 4349 4348
3 4339 4348 4338
3 4339 4338 4250
3 4251 4339 4250
3 4251 4250 4256
3 4257 4251 4256
3 4257 4256 3782
3 3783 4257 3782
3 3777 3783 3782
3 3777 3782 3776
3 3777 3776 3668
3 3669 3777 3668
3 3562 3669 3668
3 3562 3668 3561
3 3562 3561 3002
3 3003 3562 3002
3 3003 3002 3017
3 3018 3003 3017
3 3018 3017 2982
3 2983 3018 2982
3 2983 2982 2988
3 2989 2983 2988
3 2989 2988 2901
3 2902 2989 2901
3 2896 2902 2901
3 2896 2901 2895
3 2896 2895 2853
3 2854 2896 2853
3 2854 2853 2859
3 2860 2854 2859
3 2860 2859 2683
3 2684 2860 2683
3 2674 2684 2683
3 2674 2683 2673
3 2674 2673 2607
3 2608 2674 2607
3 2602 2608 2607
3 2602 2607 2601
3 2573 2602 2601
3 2573 2601 2572
3 2573 2572 1341
3 1342 2573 1341
3 1342 1341 1752
3 1753 1342 1752
3 1753 1752 1329
3 1330 1753 1329
3 1330 1329 1335
3 1336 1330 1335
3 1336 1335 1308
3 1309 1336 1308
3 1303 1309 1308
3 1303 1308 1302
3 1303 1302 1278
3 1279 1303 1278
3 1279 1278 1284
3 1285 1279 1284
3 1285 1284 1231
3 1232 1285 1231
3 1226 1232 1231
3 1226 1231 1225
3 1226 1225 1219
3 1220 1226 1219
3 1213 1220 1219
3 1213 1219 1212
3 1213 1212 1170
3 1171 1213 1170
3 1171 1170 1177
3 1178 1171 1177
3 1178 1177 1158
3 1159 1178 1158
3 1159 1158 1164
3 1165 1159 1164
3 1165 1164 1132
3 1133 1165 1132
3 1127 1133 1132
3 1127 1132 1126
3 1127 1126 1114
3 1115 1127 1114
3 1115 1114 1120
3 1121 1115 1120
3 1121 1120 1026
3 1027 1121 1026
3 1019 1027 1026
3 1019 1026 1018
3 1019 1018 1012
3 1013 1019 1012
3 1000 1013 1012
3 1000 1012 999
3 1000 999 905
3 906 1000 905
3 906 905 912
3 913 906 912
3 913 912 893
3 894 913 893
3 894 893 899
3 900 894 899
3 900 899 865
3 866 900 865
3 860 866 865
3 860 865 859
3 860 859 838
3 839 860 838
3 839 838 847
3 848 839 847
3 848 847 828
3 829 848 828
3 823 829 828
3 823 828 822
3 823 822 816
3 817 823 816
3 808 817 816
3 808 816 807
3 808 807 746
3 747 808 746
3 747 746 765
3 766 747 765
3 766 765 734
3 735 766 734
3 735 734 740
3 741 735 740
3 741 740 692
3 693 741 692
3 687 693 692
3 687 692 686
3 687 686 674
3 675 687 674
3 675 674 680
3 681 675 680
3 681 680 602
3 603 681 602
3 595 603 602
3 595 602 594
3 595 594 588
3 589 595 588
3 576 589 588
3 576 588 575
3 576 575 480
3 481 576 480
3 481 480 490
3 491 481 490
3 491 490 462
3 463 491 462
3 463 462 468
3 469 463 468
3 469 468 395
3 396 469 395
3 390 396 395
3 390 395 389
3 390 389 361
3 362 390 361
3 362 361 367
3 368 362 367
3 368 367 255
3 256 368 255
3 250 256 255
3 250 255 249
3 250 249 239
3 240 250 239
3 226 240 239
3 226 239 225
3 226 225 176
3 177 226 176
3 177 176 188
3 189 177 188
3 189 188 135
3 136 189 135
3 136 135 168
3 169 136 168
3 169 168 79
3 80 169 79
3 55 80 79
3 55 79 54
3 55 54 26
3 27 55 26
3 21 27 26
3 21 26 20
3 21 20 0
3 1 21 0
3 1 0 6
3 7 1 6
3 17 7 6
3 17 6 16
3 17 16 87
3 88 17 87
3 88 87 50
3 51 88 50
3 51 50 62
3 63 51 62
3 63 62 44
3 45 63 44
3 45 44 81
3 82 45 81
3 92 82 81
3 92 81 91
3 92 91 97
3 98 92 97
3 104 98 97
3 104 97 103
3 104 103 109
3 110 104 109
3 132 110 109
3 132 109 131
3 132 131 160
3 161 132 160
3 161 160 113
3 114 161 113
3 114 113 117
3 118 114 117
3 165 118 117
3 165 117 164
3 165 164 194
3 195 165 194
3 195 194 149
3 150 195 149
3 150 149 153
3 154 150 153
3 154 153 143
3 144 154 143
3 144 143 170
3 171 144 170
3 171 170 137
3 138 171 137
3 138 137 182
3 183 138 182
3 199 183 182
3 199 182 198
3 199 198 205
3 206 199 205
3 210 206 205
3 210 205 209
3 210 209 221
3 222 210 221
3 222 221 213
3 214 222 213
3 214 213 217
3 218 214 217
3 232 218 217
3 232 217 231
3 232 231 261
3 262 232 261
3 262 261 235
3 236 262 235
3 236 235 245
3 246 236 245
3 290 246 245
3 290 245 289
3 290 289 329
3 330 290 329
3 330 329 301
3 302 330 301
3 302 301 337
3 338 302 337
3 356 338 337
3 356 337 355
3 356 355 383
3 384 356 383
3 402 384 383
3 402 383 401
3 402 401 425
3 426 402 425
3 426 425 413
3 414 426 413
3 414 413 419
3 420 414 419
3 420 419 407
3 408 420 407
3 408 407 431
3 432 408 431
3 448 432 431
3 448 431 447
3 448 447 511
3 512 448 511
3 512 511 451
3 452 512 451
3 452 451 455
3 456 452 455
3 475 456 455
3 475 455 474
3 475 474 496
3 497 475 496
3 497 496 441
3 442 497 441
3 442 441 502
3 503 442 502
3 503 442 497
3 760 503 497
3 758 760 497
3 794 758 497
3 813 800 794
3 806 813 794
3 856 837 835
3 854 856 835
3 884 877 875
3 926 888 884
3 922 926 884
3 932 974 922
3 1111 1103 1099
3 1107 1111 1099
3 1147 1143 1139
3 1199 1153 1147
3 1195 1199 1147
3 1205 1209 1195
3 1857 1242 1238
3 1185 1857 1238
3 6945 7225 1185
3 6864 6849 6945
3 6639 6633 6864
3 6331 6393 6399
3 6237 6304 6331
3 6261 6237 6331
3 5557 5997 6023
3 5584 5557 6023
3 5543 5535 5584
3 5097 5113 5119
3 5103 5097 5119
3 4895 4989 4995
3 4463 4752 4895
3 4470 4463 4895
3 4451 4470 4895
3 4457 4451 4895
3 4251 4339 4349
3 4257 4251 4349
3 3783 4257 4349
3 3669 3777 3783
3 3003 3562 3669
3 3018 3003 3669
3 2989 2983 3018
3 2854 2896 2902
3 2860 2854 2902
3 2608 2674 2684
3 1342 2573 2602
3 1753 1342 2602
3 1336 1330 1753
3 1279 1303 1309
3 1285 1279 1309
3 1220 1226 1232
3 1171 1213 1220
3 1178 1171 1220
3 1159 1178 1220
3 1165 1159 1220
3 1115 1127 1133
3 1121 1115 1133
3 1013 1019 1027
3 906 1000 1013
3 913 906 1013
3 900 894 913
3 839 860 866
3 848 839 866
3 829 848 866
3 817 823 829
3 747 808 817
3 766 747 817
3 735 766 817
3 741 735 817
3 675 687 693
3 681 675 693
3 589 595 603
3 481 576 589
3 491 481 589
3 469 463 491
3 362 390 396
3 368 362 396
3 256 368 396
3 240 250 256
3 177 226 240
3 189 177 240
3 136 189 240
3 169 136 240
3 27 55 80
3 1 21 27
3 7 1 27
3 17 7 27
3 88 17 27
3 63 51 88
3 82 45 63
3 92 82 63
3 104 98 92
3 132 110 104
3 118 114 161
3 165 118 161
3 195 165 161
3 154 150 195
3 171 144 154
3 183 138 171
3 199 183 171
3 210 206 199
3 218 214 222
3 232 218 222
3 262 232 222
3 246 236 262
3 290 246 262
3 330 290 262
3 338 302 330
3 356 338 330
3 384 356 330
3 402 384 330
3 420 414 426
3 432 408 420
3 448 432 420
3 456 452 512
3 475 456 512
3 497 475 512
3 794 497 512
3 806 794 512
3 835 806 512
3 854 835 512
3 875 854 512
3 922 884 875
3 932 922 875
3 1107 1099 932
3 1195 1147 1139
3 1205 1195 1139
3 1238 1205 1139
3 1185 1238 1139
3 6864 6945 1185
3 6639 6864 1185
3 6399 6639 1185
3 6331 6399 1185
3 6261 6331 1185
3 6029 6261 1185
3 6023 6029 1185
3 5584 6023 1185
3 5543 5584 1185
3 5119 5543 1185
3 5103 5119 1185
3 4995 5103 1185
3 4895 4995 1185
3 4457 4895 1185
3 4349 4457 1185
3 3783 4349 1185
3 3669 3783 1185
3 3018 3669 1185
3 2989 3018 1185
3 2902 2989 1185
3 2860 2902 1185
3 2684 2860 1185
3 2608 2684 1185
3 2602 2608 1185
3 1753 2602 1185
3 1336 1753 1185
3 1309 1336 1185
3 1285 1309 1185
3 1232 1285 1185
3 1220 1232 1185
3 1165 1220 1185
3 1133 1165 1185
3 1121 1133 1185
3 1027 1121 1185
3 1013 1027 1185
3 913 1013 1185
3 900 913 1185
3 866 900 1185
3 829 866 1185
3 817 829 1185
3 741 817 1185
3 693 741 1185
3 681 693 1185
3 603 681 1185
3 589 603 1185
3 491 589 1185
3 469 491 1185
3 396 469 1185
3 256 396 1185
3 240 256 1185
3 169 240 1185
3 80 169 1185
3 88 27 80
3 92 63 88
3 104 92 88
3 132 104 88
3 171 154 195
3 199 171 195
3 210 199 195
3 222 210 195
3 262 222 195
3 330 262 195
3 402 330 195
3 448 420 426
3 875 512 448
3 932 875 448
3 1107 932 448
3 1139 1107 448
3 1185 1139 448
3 80 1185 448
3 88 80 448
3 132 88 448
3 161 132 448
3 195 161 448
3 402 195 448
3 426 402 448
3 7223 7010 7325
3 7325 7265 9184
3 7223 7325 9184
3 1354 1183 7223
3 2827 1354 7223
3 2844 2827 7223
3 3507 3511 2844
3 4439 4412 4410
3 4434 4439 4410
3 5034 4482 4480
3 5022 5034 4480
3 6160 5932 5877
3 6152 6160 5877
3 6846 6404 6387
3 6729 6846 6387
3 9346 7086 7084
3 9254 9346 7084
3 9999 9254 7084
3 10540 10098 9999
3 10424 10540 9999
3 12279 10676 10660
3 12273 12279 10660
3 10877 12273 10660
3 10639 10877 10660
3 10923 10935 10639
3 10742 10923 10639
3 10533 10742 10639
3 10624 10637 10533
3 10580 10624 10533
3 10558 10580 10533
3 10526 10558 10533
3 10001 10526 10533
3 9184 10684 10001
3 7223 9184 10001
3 2844 7223 10001
3 3507 2844 10001
3 4410 3507 10001
3 4434 4410 10001
3 4480 4434 10001
3 5022 4480 10001
3 5877 5022 10001
3 6152 5877 10001
3 6387 6152 10001
3 6729 6387 10001
3 7084 6729 10001
3 9999 7084 10001
3 10424 9999 10001
3 10660 10424 10001
3 10639 10660 10001
3 10533 10639 10001
3 7011 7010 7223
3 7224 7011 7223
3 7224 7223 1183
3 1184 7224 1183
3 1184 1183 1354
3 1355 1184 1354
3 2828 1355 1354
3 2828 1354 2827
3 2828 2827 2844
3 2845 2828 2844
3 3512 2845 2844
3 3512 2844 3511
3 3508 3512 3511
3 3508 3511 3507
3 4411 3508 3507
3 4411 3507 4410
3 4411 4410 4412
3 4413 4411 4412
3 4440 4413 4412
3 4440 4412 4439
3 4435 4440 4439
3 4435 4439 4434
3 4481 4435 4434
3 4481 4434 4480
3 4481 4480 4482
3 4483 4481 4482
3 5035 4483 4482
3 5035 4482 5034
3 5023 5035 5034
3 5023 5034 5022
3 5878 5023 5022
3 5878 5022 5877
3 5878 5877 5932
3 5933 5878 5932
3 6161 5933 5932
3 6161 5932 6160
3 6153 6161 6160
3 6153 6160 6152
3 6388 6153 6152
3 6388 6152 6387
3 6388 6387 6404
3 6405 6388 6404
3 6847 6405 6404
3 6847 6404 6846
3 6730 6847 6846
3 6730 6846 6729
3 7085 6730 6729
3 7085 6729 7084
3 7085 7084 7086
3 7087 7085 7086
3 9347 7087 7086
3 9347 7086 9346
3 9255 9347 9346
3 9255 9346 9254
3 10000 9255 9254
3 10000 9254 9999
3 10000 9999 10098
3 10099 10000 10098
3 10541 10099 10098
3 10541 10098 10540
3 10425 10541 10540
3 10425 10540 10424
3 10661 10425 10424
3 10661 10424 10660
3 10661 10660 10676
3 10677 10661 10676
3 12280 10677 10676
3 12280 10676 12279
3 12274 12280 12279
3 12274 12279 12273
3 12274 12273 10877
3 10878 12274 10877
3 10640 10878 10877
3 10640 10877 10639
3 10936 10640 10639
3 10936 10639 10935
3 10924 10936 10935
3 10924 10935 10923
3 10924 10923 10742
3 10743 10924 10742
3 10534 10743 10742
3 10534 10742 10533
3 10638 10534 10533
3 10638 10533 10637
3 10625 10638 10637
3 10625 10637 10624
3 10625 10624 10580
3 10581 10625 10580
3 10559 10581 10580
3 10559 10580 10558
3 10559 10558 10526
3 10527 10559 10526
3 10002 10527 10526
3 10002 10526 10001
3 10685 10002 10001
3 10685 10001 10684
3 9185 10685 10684
3 9185 10684 9184
3 9185 9184 7265
3 7266 9185 7265
3 7266 7265 7325
3 7326 7266 7325
3 7326 7325 7010
3 7011 7326 7010
3 7224 7011 7326
3 7326 7266 9185
3 7224 7326 9185
3 1355 1184 7224
3 2828 1355 7224
3 2845 2828 7224
3 3508 3512 2845
3 4440 4413 4411
3 4435 4440 4411
3 5035 4483 4481
3 5023 5035 4481
3 6161 5933 5878
3 6153 6161 5878
3 6847 6405 6388
3 6730 6847 6388
3 9347 7087 7085
3 9255 9347 7085
3 10000 9255 7085
3 10541 10099 10000
3 10425 10541 10000
3 12280 10677 10661
3 12274 12280 10661
3 10878 12274 10661
3 10640 10878 10661
3 10924 10936 10640
3 10743 10924 10640
3 10534 10743 10640
3 10625 10638 10534
3 10581 10625 10534
3 10559 10581 10534
3 10527 10559 10534
3 10002 10527 10534
3 9185 10685 10002
3 7224 9185 10002
3 2845 7224 10002
3 3508 2845 10002
3 4411 3508 10002
3 4435 4411 10002
3 4481 4435 10002
3 5023 4481 10002
3 5878 5023 10002
3 6153 5878 10002
3 6388 6153 10002
3 6730 6388 10002
3 7085 6730 10002
3 10000 7085 10002
3 10425 10000 10002
3 10661 10425 10002
3 10640 10661 10002
3 10534 10640 10002
3 12528 12589 12506
3 12463 12528 12506
3 12529 12590 12589
3 12529 12589 12528
3 12529 12528 12463
3 12464 12529 12463
3 12464 12463 12506
3 12507 12464 12506
3 12590 12507 12506
3 12590 12506 12589
3 12529 12590 12507
3 12464 12529 12507
3 12617 12675 12611
3 12540 12617 12611
3 12618 12676 12675
3 12618 12675 12617
3 12618 12617 12540
3 12541 12618 12540
3 12541 12540 12611
3 12612 12541 12611
3 12676 12612 12611
3 12676 12611 12675
3 12618 12676 12612
3 12541 12618 12612
3 12815 12849 12773
3 12677 12815 12773
3 12816 12850 12849
3 12816 12849 12815
3 12816 12815 12677
3 12678 12816 12677
3 12678 12677 12773
3 12774 12678 12773
3 12850 12774 12773
3 12850 12773 12849
3 12816 12850 12774
3 12678 12816 12774
3 1 21 27
3 7 1 27
3 17 7 27
3 35 17 27
3 13 10 35
3 41 13 35
3 56 41 35
3 38 32 56
3 59 38 56
3 63 51 88
3 82 45 63
3 92 82 63
3 104 98 92
3 132 110 104
3 118 114 161
3 165 118 161
3 195 165 161
3 154 150 195
3 171 144 154
3 183 138 171
3 199 183 171
3 210 206 199
3 218 214 222
3 232 218 222
3 262 232 222
3 246 236 262
3 290 246 262
3 330 290 262
3 338 302 330
3 356 338 330
3 384 356 330
3 402 384 330
3 420 414 426
3 432 408 420
3 448 432 420
3 438 435 487
3 508 438 487
3 456 452 512
3 475 456 512
3 497 475 512
3 503 442 497
3 856 503 497
3 844 856 497
3 871 844 497
3 884 877 871
3 926 888 884
3 922 926 884
3 932 974 922
3 1111 1103 1099
3 1107 1111 1099
3 1147 1143 1139
3 1199 1153 1147
3 1195 1199 1147
3 1205 1209 1195
3 1857 1242 1238
3 1185 1857 1238
3 6945 7225 1185
3 6864 6849 6945
3 6639 6633 6864
3 6331 6393 6399
3 6237 6304 6331
3 6261 6237 6331
3 5557 5997 6023
3 5584 5557 6023
3 5543 5535 5584
3 5097 5113 5119
3 5103 5097 5119
3 4895 4989 4995
3 4463 4752 4895
3 4470 4463 4895
3 4451 4470 4895
3 4457 4451 4895
3 4251 4339 4349
3 4257 4251 4349
3 3783 4257 4349
3 3669 3777 3783
3 3003 3562 3669
3 3018 3003 3669
3 2989 2983 3018
3 2854 2896 2902
3 2860 2854 2902
3 2608 2674 2684
3 1342 2573 2602
3 1753 1342 2602
3 1336 1330 1753
3 1279 1303 1309
3 1285 1279 1309
3 1220 1226 1232
3 1171 1213 1220
3 1178 1171 1220
3 1159 1178 1220
3 1165 1159 1220
3 1115 1127 1133
3 1121 1115 1133
3 1013 1019 1027
3 906 1000 1013
3 913 906 1013
3 900 894 913
3 839 860 866
3 848 839 866
3 829 848 866
3 817 823 829
3 747 808 817
3 766 747 817
3 735 766 817
3 741 735 817
3 675 687 693
3 681 675 693
3 589 595 603
3 481 576 589
3 491 481 589
3 469 463 491
3 362 390 396
3 368 362 396
3 256 368 396
3 240 250 256
3 177 226 240
3 189 177 240
3 121 189 240
3 126 121 240
3 74 126 240
3 27 69 74
3 35 27 74
3 56 35 74
3 59 56 74
3 88 59 74
3 92 63 88
3 104 92 88
3 132 104 88
3 171 154 195
3 199 171 195
3 210 199 195
3 222 210 195
3 262 222 195
3 330 262 195
3 402 330 195
3 448 420 426
3 508 487 448
3 512 508 448
3 871 497 512
3 922 884 871
3 932 922 871
3 1099 932 871
3 1107 1099 871
3 1139 1107 871
3 1195 1147 1139
3 1205 1195 1139
3 1238 1205 1139
3 1185 1238 1139
3 6864 6945 1185
3 6639 6864 1185
3 6399 6639 1185
3 6331 6399 1185
3 6261 6331 1185
3 6029 6261 1185
3 6023 6029 1185
3 5584 6023 1185
3 5543 5584 1185
3 5119 5543 1185
3 5103 5119 1185
3 4995 5103 1185
3 4895 4995 1185
3 4457 4895 1185
3 4349 4457 1185
3 3783 4349 1185
3 3669 3783 1185
3 3018 3669 1185
3 2989 3018 1185
3 2902 2989 1185
3 2860 2902 1185
3 2684 2860 1185
3 2608 2684 1185
3 2602 2608 1185
3 1753 2602 1185
3 1336 1753 1185
3 1309 1336 1185
3 1285 1309 1185
3 1232 1285 1185
3 1220 1232 1185
3 1165 1220 1185
3 1133 1165 1185
3 1121 1133 1185
3 1027 1121 1185
3 1013 1027 1185
3 913 1013 1185
3 900 913 1185
3 866 900 1185
3 829 866 1185
3 817 829 1185
3 741 817 1185
3 693 741 1185
3 681 693 1185
3 603 681 1185
3 589 603 1185
3 491 589 1185
3 469 491 1185
3 396 469 1185
3 256 396 1185
3 240 256 1185
3 74 240 1185
3 88 74 1185
3 132 88 1185
3 161 132 1185
3 195 161 1185
3 402 195 1185
3 426 402 1185
3 448 426 1185
3 512 448 1185
3 871 512 1185
3 1139 871 1185
3 22 28 27
3 22 27 21
3 22 21 1
3 2 22 1
3 2 1 7
3 8 2 7
3 18 8 7
3 18 7 17
3 18 17 35
3 36 18 35
3 36 35 10
3 11 36 10
3 11 10 13
3 14 11 13
3 42 14 13
3 42 13 41
3 42 41 56
3 57 42 56
3 57 56 32
3 33 57 32
3 33 32 38
3 39 33 38
3 60 39 38
3 60 38 59
3 60 59 88
3 89 60 88
3 89 88 51
3 52 89 51
3 52 51 63
3 64 52 63
3 64 63 45
3 46 64 45
3 46 45 82
3 83 46 82
3 93 83 82
3 93 82 92
3 93 92 98
3 99 93 98
3 105 99 98
3 105 98 104
3 105 104 110
3 111 105 110
3 133 111 110
3 133 110 132
3 133 132 161
3 162 133 161
3 162 161 114
3 115 162 114
3 115 114 118
3 119 115 118
3 166 119 118
3 166 118 165
3 166 165 195
3 196 166 195
3 196 195 150
3 151 196 150
3 151 150 154
3 155 151 154
3 155 154 144
3 145 155 144
3 145 144 171
3 172 145 171
3 172 171 138
3 139 172 138
3 139 138 183
3 184 139 183
3 200 184 183
3 200 183 199
3 200 199 206
3 207 200 206
3 211 207 206
3 211 206 210
3 211 210 222
3 223 211 222
3 223 222 214
3 215 223 214
3 215 214 218
3 219 215 218
3 233 219 218
3 233 218 232
3 233 232 262
3 263 233 262
3 263 262 236
3 237 263 236
3 237 236 246
3 247 237 246
3 291 247 246
3 291 246 290
3 291 290 330
3 331 291 330
3 331 330 302
3 303 331 302
3 303 302 338
3 339 303 338
3 357 339 338
3 357 338 356
3 357 356 384
3 385 357 384
3 403 385 384
3 403 384 402
3 403 402 426
3 427 403 426
3 427 426 414
3 415 427 414
3 415 414 420
3 421 415 420
3 421 420 408
3 409 421 408
3 409 408 432
3 433 409 432
3 449 433 432
3 449 432 448
3 449 448 487
3 488 449 487
3 488 487 435
3 436 488 435
3 436 435 438
3 439 436 438
3 509 439 438
3 509 438 508
3 509 508 512
3 513 509 512
3 513 512 452
3 453 513 452
3 453 452 456
3 457 453 456
3 476 457 456
3 476 456 475
3 476 475 497
3 498 476 497
3 498 497 442
3 443 498 442
3 443 442 503
3 504 443 503
3 857 504 503
3 857 503 856
3 845 857 856
3 845 856 844
3 872 845 844
3 872 844 871
3 872 871 877
3 878 872 877
3 885 878 877
3 885 877 884
3 885 884 888
3 889 885 888
3 927 889 888
3 927 888 926
3 923 927 926
3 923 926 922
3 975 923 922
3 975 922 974
3 933 975 974
3 933 974 932
3 1100 933 932
3 1100 932 1099
3 1100 1099 1103
3 1104 1100 1103
3 1112 1104 1103
3 1112 1103 1111
3 1108 1112 1111
3 1108 1111 1107
3 1140 1108 1107
3 1140 1107 1139
3 1140 1139 1143
3 1144 1140 1143
3 1148 1144 1143
3 1148 1143 1147
3 1148 1147 1153
3 1154 1148 1153
3 1200 1154 1153
3 1200 1153 1199
3 1196 1200 1199
3 1196 1199 1195
3 1210 1196 1195
3 1210 1195 1209
3 1206 1210 1209
3 1206 1209 1205
3 1239 1206 1205
3 1239 1205 1238
3 1239 1238 1242
3 1243 1239 1242
3 1858 1243 1242
3 1858 1242 1857
3 1187 1858 1857
3 1187 1857 1185
3 7227 1187 1185
3 7227 1185 7225
3 6946 7227 7225
3 6946 7225 6945
3 6946 6945 6849
3 6850 6946 6849
3 6850 6849 6864
3 6865 6850 6864
3 6865 6864 6633
3 6634 6865 6633
3 6634 6633 6639
3 6640 6634 6639
3 6640 6639 6399
3 6400 6640 6399
3 6394 6400 6399
3 6394 6399 6393
3 6394 6393 6331
3 6332 6394 6331
3 6305 6332 6331
3 6305 6331 6304
3 6305 6304 6237
3 6238 6305 6237
3 6238 6237 6261
3 6262 6238 6261
3 6262 6261 6029
3 6030 6262 6029
3 6024 6030 6029
3 6024 6029 6023
3 5998 6024 6023
3 5998 6023 5997
3 5998 5997 5557
3 5558 5998 5557
3 5558 5557 5584
3 5585 5558 5584
3 5585 5584 5535
3 5536 5585 5535
3 5536 5535 5543
3 5544 5536 5543
3 5544 5543 5119
3 5120 5544 5119
3 5114 5120 5119
3 5114 5119 5113
3 5114 5113 5097
3 5098 5114 5097
3 5098 5097 5103
3 5104 5098 5103
3 5104 5103 4995
3 4996 5104 4995
3 4990 4996 4995
3 4990 4995 4989
3 4990 4989 4895
3 4896 4990 4895
3 4753 4896 4895
3 4753 4895 4752
3 4753 4752 4463
3 4464 4753 4463
3 4464 4463 4470
3 4471 4464 4470
3 4471 4470 4451
3 4452 4471 4451
3 4452 4451 4457
3 4458 4452 4457
3 4458 4457 4349
3 4350 4458 4349
3 4340 4350 4349
3 4340 4349 4339
3 4340 4339 4251
3 4252 4340 4251
3 4252 4251 4257
3 4258 4252 4257
3 4258 4257 3783
3 3784 4258 3783
3 3778 3784 3783
3 3778 3783 3777
3 3778 3777 3669
3 3670 3778 3669
3 3563 3670 3669
3 3563 3669 3562
3 3563 3562 3003
3 3004 3563 3003
3 3004 3003 3018
3 3019 3004 3018
3 3019 3018 2983
3 2984 3019 2983
3 2984 2983 2989
3 2990 2984 2989
3 2990 2989 2902
3 2903 2990 2902
3 2897 2903 2902
3 2897 2902 2896
3 2897 2896 2854
3 2855 2897 2854
3 2855 2854 2860
3 2861 2855 2860
3 2861 2860 2684
3 2685 2861 2684
3 2675 2685 2684
3 2675 2684 2674
3 2675 2674 2608
3 2609 2675 2608
3 2603 2609 2608
3 2603 2608 2602
3 2574 2603 2602
3 2574 2602 2573
3 2574 2573 1342
3 1343 2574 1342
3 1343 1342 1753
3 1754 1343 1753
3 1754 1753 1330
3 1331 1754 1330
3 1331 1330 1336
3 1337 1331 1336
3 1337 1336 1309
3 1310 1337 1309
3 1304 1310 1309
3 1304 1309 1303
3 1304 1303 1279
3 1280 1304 1279
3 1280 1279 1285
3 1286 1280 1285
3 1286 1285 1232
3 1233 1286 1232
3 1227 1233 1232
3 1227 1232 1226
3 1227 1226 1220
3 1221 1227 1220
3 1214 1221 1220
3 1214 1220 1213
3 1214 1213 1171
3 1172 1214 1171
3 1172 1171 1178
3 1179 1172 1178
3 1179 1178 1159
3 1160 1179 1159
3 1160 1159 1165
3 1166 1160 1165
3 1166 1165 1133
3 1134 1166 1133
3 1128 1134 1133
3 1128 1133 1127
3 1128 1127 1115
3 1116 1128 1115
3 1116 1115 1121
3 1122 1116 1121
3 1122 1121 1027
3 1028 1122 1027
3 1020 1028 1027
3 1020 1027 1019
3 1020 1019 1013
3 1014 1020 1013
3 1001 1014 1013
3 1001 1013 1000
3 1001 1000 906
3 907 1001 906
3 907 906 913
3 914 907 913
3 914 913 894
3 895 914 894
3 895 894 900
3 901 895 900
3 901 900 866
3 867 901 866
3 861 867 866
3 861 866 860
3 861 860 839
3 840 861 839
3 840 839 848
3 849 840 848
3 849 848 829
3 830 849 829
3 824 830 829
3 824 829 823
3 824 823 817
3 818 824 817
3 809 818 817
3 809 817 808
3 809 808 747
3 748 809 747
3 748 747 766
3 767 748 766
3 767 766 735
3 736 767 735
3 736 735 741
3 742 736 741
3 742 741 693
3 694 742 693
3 688 694 693
3 688 693 687
3 688 687 675
3 676 688 675
3 676 675 681
3 682 676 681
3 682 681 603
3 604 682 603
3 596 604 603
3 596 603 595
3 596 595 589
3 590 596 589
3 577 590 589
3 577 589 576
3 577 576 481
3 482 577 481
3 482 481 491
3 492 482 491
3 492 491 463
3 464 492 463
3 464 463 469
3 470 464 469
3 470 469 396
3 397 470 396
3 391 397 396
3 391 396 390
3 391 390 362
3 363 391 362
3 363 362 368
3 369 363 368
3 369 368 256
3 257 369 256
3 251 257 256
3 251 256 250
3 251 250 240
3 241 251 240
3 227 241 240
3 227 240 226
3 227 226 177
3 178 227 177
3 178 177 189
3 190 178 189
3 190 189 121
3 122 190 121
3 122 121 126
3 127 122 126
3 127 126 74
3 75 127 74
3 70 75 74
3 70 74 69
3 70 69 27
3 28 70 27
3 2 22 28
3 8 2 28
3 18 8 28
3 36 18 28
3 14 11 36
3 42 14 36
3 57 42 36
3 39 33 57
3 60 39 57
3 64 52 89
3 83 46 64
3 93 83 64
3 105 99 93
3 133 111 105
3 119 115 162
3 166 119 162
3 196 166 162
3 155 151 196
3 172 145 155
3 184 139 172
3 200 184 172
3 211 207 200
3 219 215 223
3 233 219 223
3 263 233 223
3 247 237 263
3 291 247 263
3 331 291 263
3 339 303 331
3 357 339 331
3 385 357 331
3 403 385 331
3 421 415 427
3 433 409 421
3 449 433 421
3 439 436 488
3 509 439 488
3 457 453 513
3 476 457 513
3 498 476 513
3 504 443 498
3 857 504 498
3 845 857 498
3 872 845 498
3 885 878 872
3 927 889 885
3 923 927 885
3 933 975 923
3 1112 1104 1100
3 1108 1112 1100
3 1148 1144 1140
3 1200 1154 1148
3 1196 1200 1148
3 1206 1210 1196
3 1858 1243 1239
3 1187 1858 1239
3 6946 7227 1187
3 6865 6850 6946
3 6640 6634 6865
3 6332 6394 6400
3 6238 6305 6332
3 6262 6238 6332
3 5558 5998 6024
3 5585 5558 6024
3 5544 5536 5585
3 5098 5114 5120
3 5104 5098 5120
3 4896 4990 4996
3 4464 4753 4896
3 4471 4464 4896
3 4452 4471 4896
3 4458 4452 4896
3 4252 4340 4350
3 4258 4252 4350
3 3784 4258 4350
3 3670 3778 3784
3 3004 3563 3670
3 3019 3004 3670
3 2990 2984 3019
3 2855 2897 2903
3 2861 2855 2903
3 2609 2675 2685
3 1343 2574 2603
3 1754 1343 2603
3 1337 1331 1754
3 1280 1304 1310
3 1286 1280 1310
3 1221 1227 1233
3 1172 1214 1221
3 1179 1172 1221
3 1160 1179 1221
3 1166 1160 1221
3 1116 1128 1134
3 1122 1116 1134
3 1014 1020 1028
3 907 1001 1014
3 914 907 1014
3 901 895 914
3 840 861 867
3 849 840 867
3 830 849 867
3 818 824 830
3 748 809 818
3 767 748 818
3 736 767 818
3 742 736 818
3 676 688 694
3 682 676 694
3 590 596 604
3 482 577 590
3 492 482 590
3 470 464 492
3 363 391 397
3 369 363 397
3 257 369 397
3 241 251 257
3 178 227 241
3 190 178 241
3 122 190 241
3 127 122 241
3 75 127 241
3 28 70 75
3 36 28 75
3 57 36 75
3 60 57 75
3 89 60 75
3 93 64 89
3 105 93 89
3 133 105 89
3 172 155 196
3 200 172 196
3 211 200 196
3 223 211 196
3 263 223 196
3 331 263 196
3 403 331 196
3 449 421 427
3 509 488 449
3 513 509 449
3 872 498 513
3 923 885 872
3 933 923 872
3 1100 933 872
3 1108 1100 872
3 1140 1108 872
3 1196 1148 1140
3 1206 1196 1140
3 1239 1206 1140
3 1187 1239 1140
3 6865 6946 1187
3 6640 6865 1187
3 6400 6640 1187
3 6332 6400 1187
3 6262 6332 1187
3 6030 6262 1187
3 6024 6030 1187
3 5585 6024 1187
3 5544 5585 1187
3 5120 5544 1187
3 5104 5120 1187
3 4996 5104 1187
3 4896 4996 1187
3 4458 4896 1187
3 4350 4458 1187
3 3784 4350 1187
3 3670 3784 1187
3 3019 3670 1187
3 2990 3019 1187
3 2903 2990 1187
3 2861 2903 1187
3 2685 2861 1187
3 2609 2685 1187
3 2603 2609 1187
3 1754 2603 1187
3 1337 1754 1187
3 1310 1337 1187
3 1286 1310 1187
3 1233 1286 1187
3 1221 1233 1187
3 1166 1221 1187
3 1134 1166 1187
3 1122 1134 1187
3 1028 1122 1187
3 1014 1028 1187
3 914 1014 1187
3 901 914 1187
3 867 901 1187
3 830 867 1187
3 818 830 1187
3 742 818 1187
3 694 742 1187
3 682 694 1187
3 604 682 1187
3 590 604 1187
3 492 590 1187
3 470 492 1187
3 397 470 1187
3 257 397 1187
3 241 257 1187
3 75 241 1187
3 89 75 1187
3 133 89 1187
3 162 133 1187
3 196 162 1187
3 403 196 1187
3 427 403 1187
3 449 427 1187
3 513 449 1187
3 872 513 1187
3 1140 872 1187
3 2 22 28
3 8 2 28
3 18 8 28
3 36 18 28
3 14 11 36
3 42 14 36
3 57 42 36
3 39 33 57
3 60 39 57
3 64 52 89
3 83 46 64
3 93 83 64
3 105 99 93
3 133 111 105
3 119 115 162
3 166 119 162
3 196 166 162
3 155 151 196
3 172 145 155
3 184 139 172
3 200 184 172
3 211 207 200
3 219 215 223
3 233 219 223
3 263 233 223
3 247 237 263
3 291 247 263
3 331 291 263
3 339 303 331
3 357 339 331
3 385 357 331
3 403 385 331
3 421 415 427
3 433 409 421
3 449 433 421
3 439 436 488
3 509 439 488
3 457 453 513
3 476 457 513
3 498 476 513
3 504 443 498
3 857 504 498
3 845 857 498
3 872 845 498
3 885 878 872
3 927 889 885
3 923 927 885
3 933 975 923
3 1112 1104 1100
3 1108 1112 1100
3 1148 1144 1140
3 1200 1154 1148
3 1196 1200 1148
3 1206 1210 1196
3 1858 1243 1239
3 1187 1858 1239
3 6946 7227 1187
3 6865 6850 6946
3 6640 6634 6865
3 6332 6394 6400
3 6238 6305 6332
3 6262 6238 6332
3 5558 5998 6024
3 5585 5558 6024
3 5544 5536 5585
3 5098 5114 5120
3 5104 5098 5120
3 4896 4990 4996
3 4464 4753 4896
3 4471 4464 4896
3 4452 4471 4896
3 4458 4452 4896
3 4252 4340 4350
3 4258 4252 4350
3 3784 4258 4350
3 3670 3778 3784
3 3004 3563 3670
3 3019 3004 3670
3 2990 2984 3019
3 2855 2897 2903
3 2861 2855 2903
3 2609 2675 2685
3 1343 2574 2603
3 1754 1343 2603
3 1337 1331 1754
3 1280 1304 1310
3 1286 1280 1310
3 1221 1227 1233
3 1172 1214 1221
3 1179 1172 1221
3 1160 1179 1221
3 1166 1160 1221
3 1116 1128 1134
3 1122 1116 1134
3 1014 1020 1028
3 907 1001 1014
3 914 907 1014
3 901 895 914
3 840 861 867
3 849 840 867
3 830 849 867
3 818 824 830
3 748 809 818
3 767 748 818
3 736 767 818
3 742 736 818
3 676 688 694
3 682 676 694
3 590 596 604
3 482 577 590
3 492 482 590
3 470 464 492
3 363 391 397
3 369 363 397
3 257 369 397
3 241 251 257
3 178 227 241
3 190 178 241
3 122 190 241
3 127 122 241
3 75 127 241
3 28 70 75
3 36 28 75
3 57 36 75
3 60 57 75
3 89 60 75
3 93 64 89
3 105 93 89
3 133 105 89
3 172 155 196
3 200 172 196
3 211 200 196
3 223 211 196
3 263 223 196
3 331 263 196
3 403 331 196
3 449 421 427
3 509 488 449
3 513 509 449
3 872 498 513
3 923 885 872
3 933 923 872
3 1100 933 872
3 1108 1100 872
3 1140 1108 872
3 1196 1148 1140
3 1206 1196 1140
3 1239 1206 1140
3 1187 1239 1140
3 6865 6946 1187
3 6640 6865 1187
3 6400 6640 1187
3 6332 6400 1187
3 6262 6332 1187
3 6030 6262 1187
3 6024 6030 1187
3 5585 6024 1187
3 5544 5585 1187
3 5120 5544 1187
3 5104 5120 1187
3 4996 5104 1187
3 4896 4996 1187
3 4458 4896 1187
3 4350 4458 1187
3 3784 4350 1187
3 3670 3784 1187
3 3019 3670 1187
3 2990 3019 1187
3 2903 2990 1187
3 2861 2903 1187
3 2685 2861 1187
3 2609 2685 1187
3 2603 2609 1187
3 1754 2603 1187
3 1337 1754 1187
3 1310 1337 1187
3 1286 1310 1187
3 1233 1286 1187
3 1221 1233 1187
3 1166 1221 1187
3 1134 1166 1187
3 1122 1134 1187
3 1028 1122 1187
3 1014 1028 1187
3 914 1014 1187
3 901 914 1187
3 867 901 1187
3 830 867 1187
3 818 830 1187
3 742 818 1187
3 694 742 1187
3 682 694 1187
3 604 682 1187
3 590 604 1187
3 492 590 1187
3 470 492 1187
3 397 470 1187
3 257 397 1187
3 241 257 1187
3 75 241 1187
3 89 75 1187
3 133 89 1187
3 162 133 1187
3 196 162 1187
3 403 196 1187
3 427 403 1187
3 449 427 1187
3 513 449 1187
3 872 513 1187
3 1140 872 1187
3 23 29 28
3 23 28 22
3 23 22 2
3 3 23 2
3 3 2 8
3 9 3 8
3 19 9 8
3 19 8 18
3 19 18 36
3 37 19 36
3 37 36 11
3 12 37 11
3 12 11 14
3 15 12 14
3 43 15 14
3 43 14 42
3 43 42 57
3 58 43 57
3 58 57 33
3 34 58 33
3 34 33 39
3 40 34 39
3 61 40 39
3 61 39 60
3 61 60 89
3 90 61 89
3 90 89 52
3 53 90 52
3 53 52 64
3 65 53 64
3 65 64 46
3 47 65 46
3 47 46 83
3 84 47 83
3 94 84 83
3 94 83 93
3 94 93 99
3 100 94 99
3 106 100 99
3 106 99 105
3 106 105 111
3 112 106 111
3 134 112 111
3 134 111 133
3 134 133 162
3 163 134 162
3 163 162 115
3 116 163 115
3 116 115 119
3 120 116 119
3 167 120 119
3 167 119 166
3 167 166 196
3 197 167 196
3 197 196 151
3 152 197 151
3 152 151 155
3 156 152 155
3 156 155 145
3 146 156 145
3 146 145 172
3 173 146 172
3 173 172 139
3 140 173 139
3 140 139 184
3 185 140 184
3 201 185 184
3 201 184 200
3 201 200 207
3 208 201 207
3 212 208 207
3 212 207 211
3 212 211 223
3 224 212 223
3 224 223 215
3 216 224 215
3 216 215 219
3 220 216 219
3 234 220 219
3 234 219 233
3 234 233 263
3 264 234 263
3 264 263 237
3 238 264 237
3 238 237 247
3 248 238 247
3 292 248 247
3 292 247 291
3 292 291 331
3 332 292 331
3 332 331 303
3 304 332 303
3 304 303 339
3 340 304 339
3 358 340 339
3 358 339 357
3 358 357 385
3 386 358 385
3 404 386 385
3 404 385 403
3 404 403 427
3 428 404 427
3 428 427 415
3 416 428 415
3 416 415 421
3 422 416 421
3 422 421 409
3 410 422 409
3 410 409 433
3 434 410 433
3 450 434 433
3 450 433 449
3 450 449 488
3 489 450 488
3 489 488 436
3 437 489 436
3 437 436 439
3 440 437 439
3 510 440 439
3 510 439 509
3 510 509 513
3 514 510 513
3 514 513 453
3 454 514 453
3 454 453 457
3 458 454 457
3 477 458 457
3 477 457 476
3 477 476 498
3 499 477 498
3 499 498 443
3 444 499 443
3 444 443 504
3 505 444 504
3 858 505 504
3 858 504 857
3 846 858 857
3 846 857 845
3 873 846 845
3 873 845 872
3 873 872 878
3 879 873 878
3 886 879 878
3 886 878 885
3 886 885 889
3 890 886 889
3 928 890 889
3 928 889 927
3 924 928 927
3 924 927 923
3 976 924 923
3 976 923 975
3 934 976 975
3 934 975 933
3 1101 934 933
3 1101 933 1100
3 1101 1100 1104
3 1105 1101 1104
3 1113 1105 1104
3 1113 1104 1112
3 1109 1113 1112
3 1109 1112 1108
3 1141 1109 1108
3 1141 1108 1140
3 1141 1140 1144
3 1145 1141 1144
3 1149 1145 1144
3 1149 1144 1148
3 1149 1148 1154
3 1155 1149 1154
3 1201 1155 1154
3 1201 1154 1200
3 1197 1201 1200
3 1197 1200 1196
3 1211 1197 1196
3 1211 1196 1210
3 1207 1211 1210
3 1207 1210 1206
3 1240 1207 1206
3 1240 1206 1239
3 1240 1239 1243
3 1244 1240 1243
3 1859 1244 1243
3 1859 1243 1858
3 1188 1859 1858
3 1188 1858 1187
3 7228 1188 1187
3 7228 1187 7227
3 6947 7228 7227
3 6947 7227 6946
3 6947 6946 6850
3 6851 6947 6850
3 6851 6850 6865
3 6866 6851 6865
3 6866 6865 6634
3 6635 6866 6634
3 6635 6634 6640
3 6641 6635 6640
3 6641 6640 6400
3 6401 6641 6400
3 6395 6401 6400
3 6395 6400 6394
3 6395 6394 6332
3 6333 6395 6332
3 6306 6333 6332
3 6306 6332 6305
3 6306 6305 6238
3 6239 6306 6238
3 6239 6238 6262
3 6263 6239 6262
3 6263 6262 6030
3 6031 6263 6030
3 6025 6031 6030
3 6025 6030 6024
3 5999 6025 6024
3 5999 6024 5998
3 5999 5998 5558
3 5559 5999 5558
3 5559 5558 5585
3 5586 5559 5585
3 5586 5585 5536
3 5537 5586 5536
3 5537 5536 5544
3 5545 5537 5544
3 5545 5544 5120
3 5121 5545 5120
3 5115 5121 5120
3 5115 5120 5114
3 5115 5114 5098
3 5099 5115 5098
3 5099 5098 5104
3 5105 5099 5104
3 5105 5104 4996
3 4997 5105 4996
3 4991 4997 4996
3 4991 4996 4990
3 4991 4990 4896
3 4897 4991 4896
3 4754 4897 4896
3 4754 4896 4753
3 4754 4753 4464
3 4465 4754 4464
3 4465 4464 4471
3 4472 4465 4471
3 4472 4471 4452
3 4453 4472 4452
3 4453 4452 4458
3 4459 4453 4458
3 4459 4458 4350
3 4351 4459 4350
3 4341 4351 4350
3 4341 4350 4340
3 4341 4340 4252
3 4253 4341 4252
3 4253 4252 4258
3 4259 4253 4258
3 4259 4258 3784
3 3785 4259 3784
3 3779 3785 3784
3 3779 3784 3778
3 3779 3778 3670
3 3671 3779 3670
3 3564 3671 3670
3 3564 3670 3563
3 3564 3563 3004
3 3005 3564 3004
3 3005 3004 3019
3 3020 3005 3019
3 3020 3019 2984
3 2985 3020 2984
3 2985 2984 2990
3 2991 2985 2990
3 2991 2990 2903
3 2904 2991 2903
3 2898 2904 2903
3 2898 2903 2897
3 2898 2897 2855
3 2856 2898 2855
3 2856 2855 2861
3 2862 2856 2861
3 2862 2861 2685
3 2686 2862 2685
3 2676 2686 2685
3 2676 2685 2675
3 2676 2675 2609
3 2610 2676 2609
3 2604 2610 2609
3 2604 2609 2603
3 2575 2604 2603
3 2575 2603 2574
3 2575 2574 1343
3 1344 2575 1343
3 1344 1343 1754
3 1755 1344 1754
3 1755 1754 1331
3 1332 1755 1331
3 1332 1331 1337
3 1338 1332 1337
3 1338 1337 1310
3 1311 1338 1310
3 1305 1311 1310
3 1305 1310 1304
3 1305 1304 1280
3 1281 1305 1280
3 1281 1280 1286
3 1287 1281 1286
3 1287 1286 1233
3 1234 1287 1233
3 1228 1234 1233
3 1228 1233 1227
3 1228 1227 1221
3 1222 1228 1221
3 1215 1222 1221
3 1215 1221 1214
3 1215 1214 1172
3 1173 1215 1172
3 1173 1172 1179
3 1180 1173 1179
3 1180 1179 1160
3 1161 1180 1160
3 1161 1160 1166
3 1167 1161 1166
3 1167 1166 1134
3 1135 1167 1134
3 1129 1135 1134
3 1129 1134 1128
3 1129 1128 1116
3 1117 1129 1116
3 1117 1116 1122
3 1123 1117 1122
3 1123 1122 1028
3 1029 1123 1028
3 1021 1029 1028
3 1021 1028 1020
3 1021 1020 1014
3 1015 1021 1014
3 1002 1015 1014
3 1002 1014 1001
3 1002 1001 907
3 908 1002 907
3 908 907 914
3 915 908 914
3 915 914 895
3 896 915 895
3 896 895 901
3 902 896 901
3 902 901 867
3 868 902 867
3 862 868 867
3 862 867 861
3 862 861 840
3 841 862 840
3 841 840 849
3 850 841 849
3 850 849 830
3 831 850 830
3 825 831 830
3 825 830 824
3 825 824 818
3 819 825 818
3 810 819 818
3 810 818 809
3 810 809 748
3 749 810 748
3 749 748 767
3 768 749 767
3 768 767 736
3 737 768 736
3 737 736 742
3 743 737 742
3 743 742 694
3 695 743 694
3 689 695 694
3 689 694 688
3 689 688 676
3 677 689 676
3 677 676 682
3 683 677 682
3 683 682 604
3 605 683 604
3 597 605 604
3 597 604 596
3 597 596 590
3 591 597 590
3 578 591 590
3 578 590 577
3 578 577 482
3 483 578 482
3 483 482 492
3 493 483 492
3 493 492 464
3 465 493 464
3 465 464 470
3 471 465 470
3 471 470 397
3 398 471 397
3 392 398 397
3 392 397 391
3 392 391 363
3 364 392 363
3 364 363 369
3 370 364 369
3 370 369 257
3 258 370 257
3 252 258 257
3 252 257 251
3 252 251 241
3 242 252 241
3 228 242 241
3 228 241 227
3 228 227 178
3 179 228 178
3 179 178 190
3 191 179 190
3 191 190 122
3 123 191 122
3 123 122 127
3 128 123 127
3 128 127 75
3 76 128 75
3 71 76 75
3 71 75 70
3 71 70 28
3 29 71 28
3 3 23 29
3 9 3 29
3 19 9 29
3 37 19 29
3 15 12 37
3 43 15 37
3 58 43 37
3 40 34 58
3 61 40 58
3 65 53 90
3 84 47 65
3 94 84 65
3 106 100 94
3 134 112 106
3 120 116 163
3 167 120 163
3 197 167 163
3 156 152 197
3 173 146 156
3 185 140 173
3 201 185 173
3 212 208 201
3 220 216 224
3 234 220 224
3 264 234 224
3 248 238 264
3 292 248 264
3 332 292 264
3 340 304 332
3 358 340 332
3 386 358 332
3 404 386 332
3 422 416 428
3 434 410 422
3 450 434 422
3 440 437 489
3 510 440 489
3 458 454 514
3 477 458 514
3 499 477 514
3 505 444 499
3 858 505 499
3 846 858 499
3 873 846 499
3 886 879 873
3 928 890 886
3 924 928 886
3 934 976 924
3 1113 1105 1101
3 1109 1113 1101
3 1149 1145 1141
3 1201 1155 1149
3 1197 1201 1149
3 1207 1211 1197
3 1859 1244 1240
3 1188 1859 1240
3 6947 7228 1188
3 6866 6851 6947
3 6641 6635 6866
3 6333 6395 6401
3 6239 6306 6333
3 6263 6239 6333
3 5559 5999 6025
3 5586 5559 6025
3 5545 5537 5586
3 5099 5115 5121
3 5105 5099 5121
3 4897 4991 4997
3 4465 4754 4897
3 4472 4465 4897
3 4453 4472 4897
3 4459 4453 4897
3 4253 4341 4351
3 4259 4253 4351
3 3785 4259 4351
3 3671 3779 3785
3 3005 3564 3671
3 3020 3005 3671
3 2991 2985 3020
3 2856 2898 2904
3 2862 2856 2904
3 2610 2676 2686
3 1344 2575 2604
3 1755 1344 2604
3 1338 1332 1755
3 1281 1305 1311
3 1287 1281 1311
3 1222 1228 1234
3 1173 1215 1222
3 1180 1173 1222
3 1161 1180 1222
3 1167 1161 1222
3 1117 1129 1135
3 1123 1117 1135
3 1015 1021 1029
3 908 1002 1015
3 915 908 1015
3 902 896 915
3 841 862 868
3 850 841 868
3 831 850 868
3 819 825 831
3 749 810 819
3 768 749 819
3 737 768 819
3 743 737 819
3 677 689 695
3 683 677 695
3 591 597 605
3 483 578 591
3 493 483 591
3 471 465 493
3 364 392 398
3 370 364 398
3 258 370 398
3 242 252 258
3 179 228 242
3 191 179 242
3 123 191 242
3 128 123 242
3 76 128 242
3 29 71 76
3 37 29 76
3 58 37 76
3 61 58 76
3 90 61 76
3 94 65 90
3 106 94 90
3 134 106 90
3 173 156 197
3 201 173 197
3 212 201 197
3 224 212 197
3 264 224 197
3 332 264 197
3 404 332 197
3 450 422 428
3 510 489 450
3 514 510 450
3 873 499 514
3 924 886 873
3 934 924 873
3 1101 934 873
3 1109 1101 873
3 1141 1109 873
3 1197 1149 1141
3 1207 1197 1141
3 1240 1207 1141
3 1188 1240 1141
3 6866 6947 1188
3 6641 6866 1188
3 6401 6641 1188
3 6333 6401 1188
3 6263 6333 1188
3 6031 6263 1188
3 6025 6031 1188
3 5586 6025 1188
3 5545 5586 1188
3 5121 5545 1188
3 5105 5121 1188
3 4997 5105 1188
3 4897 4997 1188
3 4459 4897 1188
3 4351 4459 1188
3 3785 4351 1188
3 3671 3785 1188
3 3020 3671 1188
3 2991 3020 1188
3 2904 2991 1188
3 2862 2904 1188
3 2686 2862 1188
3 2610 2686 1188
3 2604 2610 1188
3 1755 2604 1188
3 1338 1755 1188
3 1311 1338 1188
3 1287 1311 1188
3 1234 1287 1188
3 1222 1234 1188
3 1167 1222 1188
3 1135 1167 1188
3 1123 1135 1188
3 1029 1123 1188
3 1015 1029 1188
3 915 1015 1188
3 902 915 1188
3 868 902 1188
3 831 868 1188
3 819 831 1188
3 743 819 1188
3 695 743 1188
3 683 695 1188
3 605 683 1188
3 591 605 1188
3 493 591 1188
3 471 493 1188
3 398 471 1188
3 258 398 1188
3 242 258 1188
3 76 242 1188
3 90 76 1188
3 134 90 1188
3 163 134 1188
3 197 163 1188
3 404 197 1188
3 428 404 1188
3 450 428 1188
3 514 450 1188
3 873 514 1188
3 1141 873 1188
3 5028 5024 5030
3 5036 5028 5030
3 5025 5024 5028
3 5029 5025 5028
3 5037 5029 5028
3 5037 5028 5036
3 5031 5037 5036
3 5031 5036 5030
3 5031 5030 5024
3 5025 5031 5024
3 5029 5025 5031
3 5037 5029 5031
3 5126 5124 5128
3 5130 5126 5128
3 5125 5124 5126
3 5127 5125 5126
3 5131 5127 5126
3 5131 5126 5130
3 5129 5131 5130
3 5129 5130 5128
3 5129 5128 5124
3 5125 5129 5124
3 5127 5125 5129
3 5131 5127 5129
3 5843 5833 5849
3 5863 5843 5849
3 5834 5833 5843
3 5844 5834 5843
3 5864 5844 5843
3 5864 5843 5863
3 5850 5864 5863
3 5850 5863 5849
3 5850 5849 5833
3 5834 5850 5833
3 5844 5834 5850
3 5864 5844 5850
3 6078 6073 6080
3 6085 6078 6080
3 6074 6073 6078
3 6079 6074 6078
3 6086 6079 6078
3 6086 6078 6085
3 6081 6086 6085
3 6081 6085 6080
3 6081 6080 6073
3 6074 6081 6073
3 6079 6074 6081
3 6086 6079 6081
3 6156 6154 6158
3 6162 6156 6158
3 6155 6154 6156
3 6157 6155 6156
3 6163 6157 6156
3 6163 6156 6162
3 6159 6163 6162
3 6159 6162 6158
3 6159 6158 6154
3 6155 6159 6154
3 6157 6155 6159
3 6163 6157 6159
3 6274 6272 6276
3 6283 6274 6276
3 6273 6272 6274
3 6275 6273 6274
3 6284 6275 6274
3 6284 6274 6283
3 6277 6284 6283
3 6277 6283 6276
3 6277 6276 6272
3 6273 6277 6272
3 6275 6273 6277
3 6284 6275 6277
3 6414 6409 6416
3 6431 6414 6416
3 6410 6409 6414
3 6415 6410 6414
3 6432 6415 6414
3 6432 6414 6431
3 6417 6432 6431
3 6417 6431 6416
3 6417 6416 6409
3 6410 6417 6409
3 6415 6410 6417
3 6432 6415 6417
3 6719 6696 6731
3 6767 6719 6731
3 6697 6696 6719
3 6720 6697 6719
3 6768 6720 6719
3 6768 6719 6767
3 6732 6768 6767
3 6732 6767 6731
3 6732 6731 6696
3 6697 6732 6696
3 6720 6697 6732
3 6768 6720 6732
3 6962 6955 6969
3 6976 6962 6969
3 6956 6955 6962
3 6963 6956 6962
3 6977 6963 6962
3 6977 6962 6976
3 6970 6977 6976
3 6970 6976 6969
3 6970 6969 6955
3 6956 6970 6955
3 6963 6956 6970
3 6977 6963 6970
3 7037 7025 7039
3 7046 7037 7039
3 7026 7025 7037
3 7038 7026 7037
3 7047 7038 7037
3 7047 7037 7046
3 7040 7047 7046
3 7040 7046 7039
3 7040 7039 7025
3 7026 7040 7025
3 7038 7026 7040
3 7047 7038 7040
3 7110 7103 7112
3 7114 7110 7112
3 7104 7103 7110
3 7111 7104 7110
3 7115 7111 7110
3 7115 7110 7114
3 7113 7115 7114
3 7113 7114 7112
3 7113 7112 7103
3 7104 7113 7103
3 7111 7104 7113
3 7115 7111 7113
3 7259 7257 7263
3 7267 7259 7263
3 7258 7257 7259
3 7260 7258 7259
3 7268 7260 7259
3 7268 7259 7267
3 7264 7268 7267
3 7264 7267 7263
3 7264 7263 7257
3 7258 7264 7257
3 7260 7258 7264
3 7268 7260 7264
3 7385 7383 7387
3 7389 7385 7387
3 7384 7383 7385
3 7386 7384 7385
3 7390 7386 7385
3 7390 7385 7389
3 7388 7390 7389
3 7388 7389 7387
3 7388 7387 7383
3 7384 7388 7383
3 7386 7384 7388
3 7390 7386 7388
3 7570 7568 7572
3 7574 7570 7572
3 7569 7568 7570
3 7571 7569 7570
3 7575 7571 7570
3 7575 7570 7574
3 7573 7575 7574
3 7573 7574 7572
3 7573 7572 7568
3 7569 7573 7568
3 7571 7569 7573
3 7575 7571 7573
3 7859 7857 7861
3 7875 7859 7861
3 7858 7857 7859
3 7860 7858 7859
3 7876 7860 7859
3 7876 7859 7875
3 7862 7876 7875
3 7862 7875 7861
3 7862 7861 7857
3 7858 7862 7857
3 7860 7858 7862
3 7876 7860 7862
3 8147 8145 8161
3 8180 8147 8161
3 8146 8145 8147
3 8148 8146 8147
3 8181 8148 8147
3 8181 8147 8180
3 8162 8181 8180
3 8162 8180 8161
3 8162 8161 8145
3 8146 8162 8145
3 8148 8146 8162
3 8181 8148 8162
3 8448 8434 8646
3 8660 8448 8646
3 8435 8434 8448
3 8449 8435 8448
3 8661 8449 8448
3 8661 8448 8660
3 8647 8661 8660
3 8647 8660 8646
3 8647 8646 8434
3 8435 8647 8434
3 8449 8435 8647
3 8661 8449 8647
3 9041 9021 9047
3 9058 9041 9047
3 9022 9021 9041
3 9042 9022 9041
3 9059 9042 9041
3 9059 9041 9058
3 9048 9059 9058
3 9048 9058 9047
3 9048 9047 9021
3 9022 9048 9021
3 9042 9022 9048
3 9059 9042 9048
3 9182 9167 9190
3 9196 9182 9190
3 9168 9167 9182
3 9183 9168 9182
3 9197 9183 9182
3 9197 9182 9196
3 9191 9197 9196
3 9191 9196 9190
3 9191 9190 9167
3 9168 9191 9167
3 9183 9168 9191
3 9197 9183 9191
3 10212 10150 10221
3 10275 10212 10221
3 10151 10150 10212
3 10213 10151 10212
3 10276 10213 10212
3 10276 10212 10275
3 10222 10276 10275
3 10222 10275 10221
3 10222 10221 10150
3 10151 10222 10150
3 10213 10151 10222
3 10276 10213 10222
3 10700 10678 10702
3 10711 10700 10702
3 10679 10678 10700
3 10701 10679 10700
3 10712 10701 10700
3 10712 10700 10711
3 10703 10712 10711
3 10703 10711 10702
3 10703 10702 10678
3 10679 10703 10678
3 10701 10679 10703
3 10712 10701 10703
3 10903 10883 10905
3 10911 10903 10905
3 10884 10883 10903
3 10904 10884 10903
3 10912 10904 10903
3 10912 10903 10911
3 10906 10912 10911
3 10906 10911 10905
3 10906 10905 10883
3 10884 10906 10883
3 10904 10884 10906
3 10912 10904 10906
3 11299 11281 11353
3 11361 11299 11353
3 11282 11281 11299
3 11300 11282 11299
3 11362 11300 11299
3 11362 11299 11361
3 11354 11362 11361
3 11354 11361 11353
3 11354 11353 11281
3 11282 11354 11281
3 11300 11282 11354
3 11362 11300 11354
3 12245 12235 12247
3 12253 12245 12247
3 12236 12235 12245
3 12246 12236 12245
3 12254 12246 12245
3 12254 12245 12253
3 12248 12254 12253
3 12248 12253 12247
3 12248 12247 12235
3 12236 12248 12235
3 12246 12236 12248
3 12254 12246 12248
3 4722 4475 12259
3 12285 4722 12259
3 4476 4475 4722
3 4723 4476 4722
3 12286 4723 4722
3 12286 4722 12285
3 12260 12286 12285
3 12260 12285 12259
3 12260 12259 4475
3 4476 12260 4475
3 4723 4476 12260
3 12286 4723 12260
3 12888 12883 4475
3 12901 12888 4475
3 12906 12901 4475
3 12919 12906 4475
3 12924 12919 4475
3 12937 12924 4475
3 12942 12937 4475
3 12955 12942 4475
3 12965 12955 4475
3 12975 12965 4475
3 12984 12975 4475
3 12998 12984 4475
3 13008 12998 4475
3 13018 13008 4475
3 13023 13018 4475
3 13013 13023 4475
3 13003 13013 4475
3 12542 12547 12552
3 12535 12542 12552
3 12530 12535 12552
3 12523 12530 12552
3 12518 12523 12552
3 12513 12518 12552
3 12508 12513 12552
3 12501 12508 12552
3 12496 12501 12552
3 12491 12496 12552
3 12470 12491 12552
3 12465 12470 12552
3 12458 12465 12552
3 12453 12458 12552
3 12448 12453 12552
3 12448 12552 12960
3 12443 12448 12960
3 12425 12443 12960
3 12430 12425 12960
3 7139 12430 12960
3 7156 7139 12960
3 7122 7156 12960
3 7193 7122 12960
3 7011 7193 12960
3 7224 7011 12960
3 1184 7224 12960
3 2828 1355 1184
3 4722 2845 2828
3 4475 4722 2828
3 12989 13003 4475
3 12970 12989 4475
3 12960 12970 4475
3 1184 12960 4475
3 2828 1184 4475
3 12889 12884 12883
3 12889 12883 12888
3 12902 12889 12888
3 12902 12888 12901
3 12907 12902 12901
3 12907 12901 12906
3 12920 12907 12906
3 12920 12906 12919
3 12925 12920 12919
3 12925 12919 12924
3 12938 12925 12924
3 12938 12924 12937
3 12943 12938 12937
3 12943 12937 12942
3 12956 12943 12942
3 12956 12942 12955
3 12966 12956 12955
3 12966 12955 12965
3 12976 12966 12965
3 12976 12965 12975
3 12985 12976 12975
3 12985 12975 12984
3 12999 12985 12984
3 12999 12984 12998
3 13009 12999 12998
3 13009 12998 13008
3 13019 13009 13008
3 13019 13008 13018
3 13024 13019 13018
3 13024 13018 13023
3 13014 13024 13023
3 13014 13023 13013
3 13004 13014 13013
3 13004 13013 13003
3 12990 13004 13003
3 12990 13003 12989
3 12971 12990 12989
3 12971 12989 12970
3 12971 12970 12960
3 12961 12971 12960
3 12553 12961 12960
3 12553 12960 12552
3 12548 12553 12552
3 12548 12552 12547
3 12543 12548 12547
3 12543 12547 12542
3 12536 12543 12542
3 12536 12542 12535
3 12531 12536 12535
3 12531 12535 12530
3 12524 12531 12530
3 12524 12530 12523
3 12524 12523 12518
3 12519 12524 12518
3 12519 12518 12513
3 12514 12519 12513
3 12514 12513 12508
3 12509 12514 12508
3 12509 12508 12501
3 12502 12509 12501
3 12502 12501 12496
3 12497 12502 12496
3 12497 12496 12491
3 12492 12497 12491
3 12492 12491 12470
3 12471 12492 12470
3 12471 12470 12465
3 12466 12471 12465
3 12466 12465 12458
3 12459 12466 12458
3 12459 12458 12453
3 12454 12459 12453
3 12454 12453 12448
3 12449 12454 12448
3 12449 12448 12443
3 12444 12449 12443
3 12444 12443 12425
3 12426 12444 12425
3 12426 12425 12430
3 12431 12426 12430
3 12431 12430 7139
3 7140 12431 7139
3 7140 7139 7156
3 7157 7140 7156
3 7157 7156 7122
3 7123 7157 7122
3 7123 7122 7193
3 7194 7123 7193
3 7194 7193 7011
3 7012 7194 7011
3 7012 7011 7224
3 7226 7012 7224
3 7226 7224 1184
3 1186 7226 1184
3 1186 1184 1355
3 1356 1186 1355
3 2829 1356 1355
3 2829 1355 2828
3 2829 2828 2845
3 2846 2829 2845
3 4723 2846 2845
3 4723 2845 4722
3 4476 4723 4722
3 4476 4722 4475
3 12884 4476 4475
3 12884 4475 12883
3 12889 12884 4476
3 12902 12889 4476
3 12907 12902 4476
3 12920 12907 4476
3 12925 12920 4476
3 12938 12925 4476
3 12943 12938 4476
3 12956 12943 4476
3 12966 12956 4476
3 12976 12966 4476
3 12985 12976 4476
3 12999 12985 4476
3 13009 12999 4476
3 13019 13009 4476
3 13024 13019 4476
3 13014 13024 4476
3 13004 13014 4476
3 12543 12548 12553
3 12536 12543 12553
3 12531 12536 12553
3 12524 12531 12553
3 12519 12524 12553
3 12514 12519 12553
3 12509 12514 12553
3 12502 12509 12553
3 12497 12502 12553
3 12492 12497 12553
3 12471 12492 12553
3 12466 12471 12553
3 12459 12466 12553
3 12454 12459 12553
3 12449 12454 12553
3 12449 12553 12961
3 12444 12449 12961
3 12426 12444 12961
3 12431 12426 12961
3 7140 12431 12961
3 7157 7140 12961
3 7123 7157 12961
3 7194 7123 12961
3 7012 7194 12961
3 7226 7012 12961
3 1186 7226 12961
3 2829 1356 1186
3 4723 2846 2829
3 4476 4723 2829
3 12990 13004 4476
3 12971 12990 4476
3 12961 12971 4476
3 1186 12961 4476
3 2829 1186 4476
3 12902 12889 12884
3 12907 12902 12884
3 12920 12907 12884
3 12925 12920 12884
3 12938 12925 12884
3 12943 12938 12884
3 12956 12943 12884
3 12966 12956 12884
3 12976 12966 12884
3 12985 12976 12884
3 12999 12985 12884
3 13009 12999 12884
3 13019 13009 12884
3 13024 13019 12884
3 13014 13024 12884
3 13004 13014 12884
3 12543 12548 12553
3 12536 12543 12553
3 12531 12536 12553
3 12524 12531 12553
3 12519 12524 12553
3 12514 12519 12553
3 12509 12514 12553
3 12502 12509 12553
3 12497 12502 12553
3 12492 12497 12553
3 12471 12492 12553
3 12466 12471 12553
3 12459 12466 12553
3 12454 12459 12553
3 12449 12454 12553
3 12449 12553 12961
3 12444 12449 12961
3 12426 12444 12961
3 12431 12426 12961
3 7140 12431 12961
3 7157 7140 12961
3 7123 7157 12961
3 7194 7123 12961
3 7012 7194 12961
3 7226 7012 12961
3 1186 7226 12961
3 2829 1356 1186
3 4723 2846 2829
3 4476 4723 2829
3 13004 12884 4476
3 12990 13004 4476
3 12971 12990 4476
3 12961 12971 4476
3 1186 12961 4476
3 2829 1186 4476
3 12885 4477 4476
3 12885 4476 12884
3 12890 12885 12884
3 12890 12884 12889
3 12903 12890 12889
3 12903 12889 12902
3 12908 12903 12902
3 12908 12902 12907
3 12921 12908 12907
3 12921 12907 12920
3 12926 12921 12920
3 12926 12920 12925
3 12939 12926 12925
3 12939 12925 12938
3 12944 12939 12938
3 12944 12938 12943
3 12957 12944 12943
3 12957 12943 12956
3 12967 12957 12956
3 12967 12956 12966
3 12977 12967 12966
3 12977 12966 12976
3 12986 12977 12976
3 12986 12976 12985
3 13000 12986 12985
3 13000 12985 12999
3 13010 13000 12999
3 13010 12999 13009
3 13020 13010 13009
3 13020 13009 13019
3 13025 13020 13019
3 13025 13019 13024
3 13015 13025 13024
3 13015 13024 13014
3 13005 13015 13014
3 13005 13014 13004
3 12991 13005 13004
3 12991 13004 12990
3 12972 12991 12990
3 12972 12990 12971
3 12972 12971 12961
3 12962 12972 12961
3 12554 12962 12961
3 12554 12961 12553
3 12549 12554 12553
3 12549 12553 12548
3 12544 12549 12548
3 12544 12548 12543
3 12537 12544 12543
3 12537 12543 12536
3 12532 12537 12536
3 12532 12536 12531
3 12525 12532 12531
3 12525 12531 12524
3 12525 12524 12519
3 12520 12525 12519
3 12520 12519 12514
3 12515 12520 12514
3 12515 12514 12509
3 12510 12515 12509
3 12510 12509 12502
3 12503 12510 12502
3 12503 12502 12497
3 12498 12503 12497
3 12498 12497 12492
3 12493 12498 12492
3 12493 12492 12471
3 12472 12493 12471
3 12472 12471 12466
3 12467 12472 12466
3 12467 12466 12459
3 12460 12467 12459
3 12460 12459 12454
3 12455 12460 12454
3 12455 12454 12449
3 12450 12455 12449
3 12450 12449 12444
3 12445 12450 12444
3 12445 12444 12426
3 12427 12445 12426
3 12427 12426 12431
3 12432 12427 12431
3 12432 12431 7140
3 7141 12432 7140
3 7141 7140 7157
3 7158 7141 7157
3 7158 7157 7123
3 7124 7158 7123
3 7124 7123 7194
3 7195 7124 7194
3 7195 7194 7012
3 7013 7195 7012
3 7013 7012 7226
3 7228 7013 7226
3 7228 7226 1186
3 1188 7228 1186
3 1188 1186 1356
3 1357 1188 1356
3 2830 1357 1356
3 2830 1356 2829
3 2830 2829 2846
3 2847 2830 2846
3 4724 2847 2846
3 4724 2846 4723
3 4477 4724 4723
3 4477 4723 4476
3 12903 12890 12885
3 12908 12903 12885
3 12921 12908 12885
3 12926 12921 12885
3 12939 12926 12885
3 12944 12939 12885
3 12957 12944 12885
3 12967 12957 12885
3 12977 12967 12885
3 12986 12977 12885
3 13000 12986 12885
3 13010 13000 12885
3 13020 13010 12885
3 13025 13020 12885
3 13015 13025 12885
3 13005 13015 12885
3 12544 12549 12554
3 12537 12544 12554
3 12532 12537 12554
3 12525 12532 12554
3 12520 12525 12554
3 12515 12520 12554
3 12510 12515 12554
3 12503 12510 12554
3 12498 12503 12554
3 12493 12498 12554
3 12472 12493 12554
3 12467 12472 12554
3 12460 12467 12554
3 12455 12460 12554
3 12450 12455 12554
3 12450 12554 12962
3 12445 12450 12962
3 12427 12445 12962
3 12432 12427 12962
3 7141 12432 12962
3 7158 7141 12962
3 7124 7158 12962
3 7195 7124 12962
3 7013 7195 12962
3 7228 7013 12962
3 1188 7228 12962
3 2830 1357 1188
3 4724 2847 2830
3 4477 4724 2830
3 13005 12885 4477
3 12991 13005 4477
3 12972 12991 4477
3 12962 12972 4477
3 1188 12962 4477
3 2830 1188 4477
3 5085 5075 5092
3 5108 5085 5092
3 5076 5075 5085
3 5086 5076 5085
3 5109 5086 5085
3 5109 5085 5108
3 5093 5109 5108
3 5093 5108 5092
3 5093 5092 5075
3 5076 5093 5075
3 5086 5076 5093
3 5109 5086 5093
3 5488 5455 5500
3 5522 5488 5500
3 5456 5455 5488
3 5489 5456 5488
3 5523 5489 5488
3 5523 5488 5522
3 5501 5523 5522
3 5501 5522 5500
3 5501 5500 5455
3 5456 5501 5455
3 5489 5456 5501
3 5523 5489 5501
3 6034 6015 6041
3 6048 6034 6041
3 6016 6015 6034
3 6035 6016 6034
3 6049 6035 6034
3 6049 6034 6048
3 6042 6049 6048
3 6042 6048 6041
3 6042 6041 6015
3 6016 6042 6015
3 6035 6016 6042
3 6049 6035 6042
3 6140 6136 6144
3 6148 6140 6144
3 6137 6136 6140
3 6141 6137 6140
3 6149 6141 6140
3 6149 6140 6148
3 6145 6149 6148
3 6145 6148 6144
3 6145 6144 6136
3 6137 6145 6136
3 6141 6137 6145
3 6149 6141 6145
3 6248 6242 6252
3 6266 6248 6252
3 6243 6242 6248
3 6249 6243 6248
3 6267 6249 6248
3 6267 6248 6266
3 6253 6267 6266
3 6253 6266 6252
3 6253 6252 6242
3 6243 6253 6242
3 6249 6243 6253
3 6267 6249 6253
3 6357 6353 6364
3 6371 6357 6364
3 6354 6353 6357
3 6358 6354 6357
3 6372 6358 6357
3 6372 6357 6371
3 6365 6372 6371
3 6365 6371 6364
3 6365 6364 6353
3 6354 6365 6353
3 6358 6354 6365
3 6372 6358 6365
3 6586 6556 6590
3 6604 6586 6590
3 6557 6556 6586
3 6587 6557 6586
3 6605 6587 6586
3 6605 6586 6604
3 6591 6605 6604
3 6591 6604 6590
3 6591 6590 6556
3 6557 6591 6556
3 6587 6557 6591
3 6605 6587 6591
3 6904 6900 6912
3 6920 6904 6912
3 6901 6900 6904
3 6905 6901 6904
3 6921 6905 6904
3 6921 6904 6920
3 6913 6921 6920
3 6913 6920 6912
3 6913 6912 6900
3 6901 6913 6900
3 6905 6901 6913
3 6921 6905 6913
3 7002 6998 7006
3 7016 7002 7006
3 6999 6998 7002
3 7003 6999 7002
3 7017 7003 7002
3 7017 7002 7016
3 7007 7017 7016
3 7007 7016 7006
3 7007 7006 6998
3 6999 7007 6998
3 7003 6999 7007
3 7017 7003 7007
3 7072 7068 7076
3 7080 7072 7076
3 7069 7068 7072
3 7073 7069 7072
3 7081 7073 7072
3 7081 7072 7080
3 7077 7081 7080
3 7077 7080 7076
3 7077 7076 7068
3 7069 7077 7068
3 7073 7069 7077
3 7081 7073 7077
3 7211 7207 7215
3 7219 7211 7215
3 7208 7207 7211
3 7212 7208 7211
3 7220 7212 7211
3 7220 7211 7219
3 7216 7220 7219
3 7216 7219 7215
3 7216 7215 7207
3 7208 7216 7207
3 7212 7208 7216
3 7220 7212 7216
3 7341 7335 7347
3 7353 7341 7347
3 7336 7335 7341
3 7342 7336 7341
3 7354 7342 7341
3 7354 7341 7353
3 7348 7354 7353
3 7348 7353 7347
3 7348 7347 7335
3 7336 7348 7335
3 7342 7336 7348
3 7354 7342 7348
3 7484 7478 7491
3 7500 7484 7491
3 7479 7478 7484
3 7485 7479 7484
3 7501 7485 7484
3 7501 7484 7500
3 7492 7501 7500
3 7492 7500 7491
3 7492 7491 7478
3 7479 7492 7478
3 7485 7479 7492
3 7501 7485 7492
3 7628 7624 7632
3 7636 7628 7632
3 7625 7624 7628
3 7629 7625 7628
3 7637 7629 7628
3 7637 7628 7636
3 7633 7637 7636
3 7633 7636 7632
3 7633 7632 7624
3 7625 7633 7624
3 7629 7625 7633
3 7637 7629 7633
3 8121 8117 8125
3 8129 8121 8125
3 8118 8117 8121
3 8122 8118 8121
3 8130 8122 8121
3 8130 8121 8129
3 8126 8130 8129
3 8126 8129 8125
3 8126 8125 8117
3 8118 8126 8117
3 8122 8118 8126
3 8130 8122 8126
3 8205 8201 8209
3 8213 8205 8209
3 8202 8201 8205
3 8206 8202 8205
3 8214 8206 8205
3 8214 8205 8213
3 8210 8214 8213
3 8210 8213 8209
3 8210 8209 8201
3 8202 8210 8201
3 8206 8202 8210
3 8214 8206 8210
3 8966 8960 8970
3 8976 8966 8970
3 8961 8960 8966
3 8967 8961 8966
3 8977 8967 8966
3 8977 8966 8976
3 8971 8977 8976
3 8971 8976 8970
3 8971 8970 8960
3 8961 8971 8960
3 8967 8961 8971
3 8977 8967 8971
3 9064 9060 9068
3 9072 9064 9068
3 9061 9060 9064
3 9065 9061 9064
3 9073 9065 9064
3 9073 9064 9072
3 9069 9073 9072
3 9069 9072 9068
3 9069 9068 9060
3 9061 9069 9060
3 9065 9061 9069
3 9073 9065 9069
3 9649 9593 9656
3 9664 9649 9656
3 9594 9593 9649
3 9650 9594 9649
3 9665 9650 9649
3 9665 9649 9664
3 9657 9665 9664
3 9657 9664 9656
3 9657 9656 9593
3 9594 9657 9593
3 9650 9594 9657
3 9665 9650 9657
3 10786 10779 10803
3 10816 10786 10803
3 10780 10779 10786
3 10787 10780 10786
3 10817 10787 10786
3 10817 10786 10816
3 10804 10817 10816
3 10804 10816 10803
3 10804 10803 10779
3 10780 10804 10779
3 10787 10780 10804
3 10817 10787 10804
3 10966 10957 10978
3 10985 10966 10978
3 10958 10957 10966
3 10967 10958 10966
3 10986 10967 10966
3 10986 10966 10985
3 10979 10986 10985
3 10979 10985 10978
3 10979 10978 10957
3 10958 10979 10957
3 10967 10958 10979
3 10986 10967 10979
3 12219 12215 12223
3 12227 12219 12223
3 12216 12215 12219
3 12220 12216 12219
3 12228 12220 12219
3 12228 12219 12227
3 12224 12228 12227
3 12224 12227 12223
3 12224 12223 12215
3 12216 12224 12215
3 12220 12216 12224
3 12228 12220 12224
3 12261 12255 12265
3 12269 12261 12265
3 12256 12255 12261
3 12262 12256 12261
3 12270 12262 12261
3 12270 12261 12269
3 12266 12270 12269
3 12266 12269 12265
3 12266 12265 12255
3 12256 12266 12255
3 12262 12256 12266
3 12270 12262 12266
3 12307 12299 12311
3 12315 12307 12311
3 12300 12299 12307
3 12308 12300 12307
3 12316 12308 12307
3 12316 12307 12315
3 12312 12316 12315
3 12312 12315 12311
3 12312 12311 12299
3 12300 12312 12299
3 12308 12300 12312
3 12316 12308 12312
3 12393 12385 12401
3 12409 12393 12401
3 12386 12385 12393
3 12394 12386 12393
3 12410 12394 12393
3 12410 12393 12409
3 12402 12410 12409
3 12402 12409 12401
3 12402 12401 12385
3 12386 12402 12385
3 12394 12386 12402
3 12410 12394 12402
3 12479 12475 12483
3 12487 12479 12483
3 12476 12475 12479
3 12480 12476 12479
3 12488 12480 12479
3 12488 12479 12487
3 12484 12488 12487
3 12484 12487 12483
3 12484 12483 12475
3 12476 12484 12475
3 12480 12476 12484
3 12488 12480 12484
3 12569 12565 12573
3 12585 12569 12573
3 12566 12565 12569
3 12570 12566 12569
3 12586 12570 12569
3 12586 12569 12585
3 12574 12586 12585
3 12574 12585 12573
3 12574 12573 12565
3 12566 12574 12565
3 12570 12566 12574
3 12586 12570 12574
3 12647 12635 12651
3 12655 12647 12651
3 12636 12635 12647
3 12648 12636 12647
3 12656 12648 12647
3 12656 12647 12655
3 12652 12656 12655
3 12652 12655 12651
3 12652 12651 12635
3 12636 12652 12635
3 12648 12636 12652
3 12656 12648 12652
3 12749 12741 12753
3 12761 12749 12753
3 12742 12741 12749
3 12750 12742 12749
3 12762 12750 12749
3 12762 12749 12761
3 12754 12762 12761
3 12754 12761 12753
3 12754 12753 12741
3 12742 12754 12741
3 12750 12742 12754
3 12762 12750 12754
3 12855 12851 12859
3 12863 12855 12859
3 12852 12851 12855
3 12856 12852 12855
3 12864 12856 12855
3 12864 12855 12863
3 12860 12864 12863
3 12860 12863 12859
3 12860 12859 12851
3 12852 12860 12851
3 12856 12852 12860
3 12864 12856 12860
3 10582 10573 10591
3 10603 10582 10591
3 10574 10573 10582
3 10583 10574 10582
3 10604 10583 10582
3 10604 10582 10603
3 10592 10604 10603
3 10592 10603 10591
3 10592 10591 10573
3 10574 10592 10573
3 10583 10574 10592
3 10604 10583 10592
3 7182 7139 7132
3 7170 7182 7132
3 7183 7141 7139
3 7183 7139 7182
3 7171 7183 7182
3 7171 7182 7170
3 7171 7170 7132
3 7133 7171 7132
3 7133 7132 7139
3 7141 7133 7139
3 7183 7141 7133
3 7171 7183 7133
3 7316 7285 7276
3 7302 7316 7276
3 7317 7286 7285
3 7317 7285 7316
3 7303 7317 7316
3 7303 7316 7302
3 7303 7302 7276
3 7277 7303 7276
3 7277 7276 7285
3 7286 7277 7285
3 7317 7286 7277
3 7303 7317 7277
3 7432 7403 7396
3 7420 7432 7396
3 7433 7404 7403
3 7433 7403 7432
3 7421 7433 7432
3 7421 7432 7420
3 7421 7420 7396
3 7397 7421 7396
3 7397 7396 7403
3 7404 7397 7403
3 7433 7404 7397
3 7421 7433 7397
3 7617 7593 7581
3 7605 7617 7581
3 7618 7594 7593
3 7618 7593 7617
3 7606 7618 7617
3 7606 7617 7605
3 7606 7605 7581
3 7582 7606 7581
3 7582 7581 7593
3 7594 7582 7593
3 7618 7594 7582
3 7606 7618 7582
3 8028 8004 7868
3 8016 8028 7868
3 8029 8005 8004
3 8029 8004 8028
3 8017 8029 8028
3 8017 8028 8016
3 8017 8016 7868
3 7869 8017 7868
3 7869 7868 8004
3 8005 7869 8004
3 8029 8005 7869
3 8017 8029 7869
3 8194 8168 8154
3 8182 8194 8154
3 8195 8169 8168
3 8195 8168 8194
3 8183 8195 8194
3 8183 8194 8182
3 8183 8182 8154
3 8155 8183 8154
3 8155 8154 8168
3 8169 8155 8168
3 8195 8169 8155
3 8183 8195 8155
3 8667 8547 8441
3 8653 8667 8441
3 8668 8548 8547
3 8668 8547 8667
3 8654 8668 8667
3 8654 8667 8653
3 8654 8653 8441
3 8442 8654 8441
3 8442 8441 8547
3 8548 8442 8547
3 8668 8548 8442
3 8654 8668 8442
3 9054 9030 9017
3 9043 9054 9017
3 9055 9031 9030
3 9055 9030 9054
3 9044 9055 9054
3 9044 9054 9043
3 9044 9043 9017
3 9018 9044 9017
3 9018 9017 9030
3 9031 9018 9030
3 9055 9031 9018
3 9044 9055 9018
3 9192 9169 9149
3 9173 9192 9149
3 9193 9170 9169
3 9193 9169 9192
3 9174 9193 9192
3 9174 9192 9173
3 9174 9173 9149
3 9150 9174 9149
3 9150 9149 9169
3 9170 9150 9169
3 9193 9170 9150
3 9174 9193 9150
3 10223 10152 10092
3 10158 10223 10092
3 10224 10153 10152
3 10224 10152 10223
3 10159 10224 10223
3 10159 10223 10158
3 10159 10158 10092
3 10093 10159 10092
3 10093 10092 10152
3 10153 10093 10152
3 10224 10153 10093
3 10159 10224 10093
3 10704 10680 10672
3 10691 10704 10672
3 10705 10681 10680
3 10705 10680 10704
3 10692 10705 10704
3 10692 10704 10691
3 10692 10691 10672
3 10673 10692 10672
3 10673 10672 10680
3 10681 10673 10680
3 10705 10681 10673
3 10692 10705 10673
3 10907 10885 10879
3 10899 10907 10879
3 10908 10886 10885
3 10908 10885 10907
3 10900 10908 10907
3 10900 10907 10899
3 10900 10899 10879
3 10880 10900 10879
3 10880 10879 10885
3 10886 10880 10885
3 10908 10886 10880
3 10900 10908 10880
3 11355 11286 11227
3 11295 11355 11227
3 11356 11287 11286
3 11356 11286 11355
3 11296 11356 11355
3 11296 11355 11295
3 11296 11295 11227
3 11228 11296 11227
3 11228 11227 11286
3 11287 11228 11286
3 11356 11287 11228
3 11296 11356 11228
3 12249 12237 12231
3 12241 12249 12231
3 12250 12238 12237
3 12250 12237 12249
3 12242 12250 12249
3 12242 12249 12241
3 12242 12241 12231
3 12232 12242 12231
3 12232 12231 12237
3 12238 12232 12237
3 12250 12238 12232
3 12242 12250 12232
3 12291 12281 12275
3 12287 12291 12275
3 12292 12282 12281
3 12292 12281 12291
3 12288 12292 12291
3 12288 12291 12287
3 12288 12287 12275
3 12276 12288 12275
3 12276 12275 12281
3 12282 12276 12281
3 12292 12282 12276
3 12288 12292 12276
3 12349 12341 12333
3 12345 12349 12333
3 12350 12342 12341
3 12350 12341 12349
3 12346 12350 12349
3 12346 12349 12345
3 12346 12345 12333
3 12334 12346 12333
3 12334 12333 12341
3 12342 12334 12341
3 12350 12342 12334
3 12346 12350 12334
3 12439 12425 12421
3 12435 12439 12421
3 12440 12427 12425
3 12440 12425 12439
3 12436 12440 12439
3 12436 12439 12435
3 12436 12435 12421
3 12422 12436 12421
3 12422 12421 12425
3 12427 12422 12425
3 12440 12427 12422
3 12436 12440 12422
3 12561 12557 12577
3 12581 12561 12577
3 12558 12557 12561
3 12562 12558 12561
3 12582 12562 12561
3 12582 12561 12581
3 12578 12582 12581
3 12578 12581 12577
3 12578 12577 12557
3 12558 12578 12557
3 12562 12558 12578
3 12582 12562 12578
3 12595 12591 12599
3 12603 12595 12599
3 12592 12591 12595
3 12596 12592 12595
3 12604 12596 12595
3 12604 12595 12603
3 12600 12604 12603
3 12600 12603 12599
3 12600 12599 12591
3 12592 12600 12591
3 12596 12592 12600
3 12604 12596 12600
3 12613 12607 12619
3 12623 12613 12619
3 12608 12607 12613
3 12614 12608 12613
3 12624 12614 12613
3 12624 12613 12623
3 12620 12624 12623
3 12620 12623 12619
3 12620 12619 12607
3 12608 12620 12607
3 12614 12608 12620
3 12624 12614 12620
3 12631 12627 12639
3 12643 12631 12639
3 12628 12627 12631
3 12632 12628 12631
3 12644 12632 12631
3 12644 12631 12643
3 12640 12644 12643
3 12640 12643 12639
3 12640 12639 12627
3 12628 12640 12627
3 12632 12628 12640
3 12644 12632 12640
3 12663 12659 12667
3 12671 12663 12667
3 12660 12659 12663
3 12664 12660 12663
3 12672 12664 12663
3 12672 12663 12671
3 12668 12672 12671
3 12668 12671 12667
3 12668 12667 12659
3 12660 12668 12659
3 12664 12660 12668
3 12672 12664 12668
3 12689 12681 12697
3 12701 12689 12697
3 12682 12681 12689
3 12690 12682 12689
3 12702 12690 12689
3 12702 12689 12701
3 12698 12702 12701
3 12698 12701 12697
3 12698 12697 12681
3 12682 12698 12681
3 12690 12682 12698
3 12702 12690 12698
3 12717 12713 12729
3 12737 12717 12729
3 12714 12713 12717
3 12718 12714 12717
3 12738 12718 12717
3 12738 12717 12737
3 12730 12738 12737
3 12730 12737 12729
3 12730 12729 12713
3 12714 12730 12713
3 12718 12714 12730
3 12738 12718 12730
3 12803 12783 12807
3 12811 12803 12807
3 12784 12783 12803
3 12804 12784 12803
3 12812 12804 12803
3 12812 12803 12811
3 12808 12812 12811
3 12808 12811 12807
3 12808 12807 12783
3 12784 12808 12783
3 12804 12784 12808
3 12812 12804 12808
3 12821 12817 12825
3 12829 12821 12825
3 12818 12817 12821
3 12822 12818 12821
3 12830 12822 12821
3 12830 12821 12829
3 12826 12830 12829
3 12826 12829 12825
3 12826 12825 12817
3 12818 12826 12817
3 12822 12818 12826
3 12830 12822 12826
3 12837 12833 12841
3 12845 12837 12841
3 12834 12833 12837
3 12838 12834 12837
3 12846 12838 12837
3 12846 12837 12845
3 12842 12846 12845
3 12842 12845 12841
3 12842 12841 12833
3 12834 12842 12833
3 12838 12834 12842
3 12846 12838 12842
3 12871 12867 12875
3 12879 12871 12875
3 12868 12867 12871
3 12872 12868 12871
3 12880 12872 12871
3 12880 12871 12879
3 12876 12880 12879
3 12876 12879 12875
3 12876 12875 12867
3 12868 12876 12867
3 12872 12868 12876
3 12880 12872 12876
3 12897 12893 12911
3 12915 12897 12911
3 12894 12893 12897
3 12898 12894 12897
3 12916 12898 12897
3 12916 12897 12915
3 12912 12916 12915
3 12912 12915 12911
3 12912 12911 12893
3 12894 12912 12893
3 12898 12894 12912
3 12916 12898 12912
3 12933 12929 12947
3 12951 12933 12947
3 12930 12929 12933
3 12934 12930 12933
3 12952 12934 12933
3 12952 12933 12951
3 12948 12952 12951
3 12948 12951 12947
3 12948 12947 12929
3 12930 12948 12929
3 12934 12930 12948
3 12952 12934 12948
3 12994 12980 13028
3 13032 12994 13028
3 12981 12980 12994
3 12995 12981 12994
3 13033 12995 12994
3 13033 12994 13032
3 13029 13033 13032
3 13029 13032 13028
3 13029 13028 12980
3 12981 13029 12980
3 12995 12981 13029
3 13033 12995 13029
3 4737 4730 4744
3 4756 4737 4744
3 4731 4730 4737
3 4738 4731 4737
3 4757 4738 4737
3 4757 4737 4756
3 4745 4757 4756
3 4745 4756 4744
3 4745 4744 4730
3 4731 4745 4730
3 4738 4731 4745
3 4757 4738 4745
3 4738 4731 4745
3 4757 4738 4745
3 4732 4731 4738
3 4739 4732 4738
3 4758 4739 4738
3 4758 4738 4757
3 4746 4758 4757
3 4746 4757 4745
3 4746 4745 4731
3 4732 4746 4731
3 4739 4732 4746
3 4758 4739 4746
3 5086 5076 5093
3 5109 5086 5093
3 5077 5076 5086
3 5087 5077 5086
3 5110 5087 5086
3 5110 5086 5109
3 5094 5110 5109
3 5094 5109 5093
3 5094 5093 5076
3 5077 5094 5076
3 5087 5077 5094
3 5110 5087 5094
3 5489 5456 5501
3 5523 5489 5501
3 5457 5456 5489
3 5490 5457 5489
3 5524 5490 5489
3 5524 5489 5523
3 5502 5524 5523
3 5502 5523 5501
3 5502 5501 5456
3 5457 5502 5456
3 5490 5457 5502
3 5524 5490 5502
3 6035 6016 6042
3 6049 6035 6042
3 6017 6016 6035
3 6036 6017 6035
3 6050 6036 6035
3 6050 6035 6049
3 6043 6050 6049
3 6043 6049 6042
3 6043 6042 6016
3 6017 6043 6016
3 6036 6017 6043
3 6050 6036 6043
3 6141 6137 6145
3 6149 6141 6145
3 6138 6137 6141
3 6142 6138 6141
3 6150 6142 6141
3 6150 6141 6149
3 6146 6150 6149
3 6146 6149 6145
3 6146 6145 6137
3 6138 6146 6137
3 6142 6138 6146
3 6150 6142 6146
3 6249 6243 6253
3 6267 6249 6253
3 6244 6243 6249
3 6250 6244 6249
3 6268 6250 6249
3 6268 6249 6267
3 6254 6268 6267
3 6254 6267 6253
3 6254 6253 6243
3 6244 6254 6243
3 6250 6244 6254
3 6268 6250 6254
3 6358 6354 6365
3 6372 6358 6365
3 6355 6354 6358
3 6359 6355 6358
3 6373 6359 6358
3 6373 6358 6372
3 6366 6373 6372
3 6366 6372 6365
3 6366 6365 6354
3 6355 6366 6354
3 6359 6355 6366
3 6373 6359 6366
3 6587 6557 6591
3 6605 6587 6591
3 6558 6557 6587
3 6588 6558 6587
3 6606 6588 6587
3 6606 6587 6605
3 6592 6606 6605
3 6592 6605 6591
3 6592 6591 6557
3 6558 6592 6557
3 6588 6558 6592
3 6606 6588 6592
3 6905 6901 6913
3 6921 6905 6913
3 6902 6901 6905
3 6906 6902 6905
3 6922 6906 6905
3 6922 6905 6921
3 6914 6922 6921
3 6914 6921 6913
3 6914 6913 6901
3 6902 6914 6901
3 6906 6902 6914
3 6922 6906 6914
3 7003 6999 7007
3 7017 7003 7007
3 7000 6999 7003
3 7004 7000 7003
3 7018 7004 7003
3 7018 7003 7017
3 7008 7018 7017
3 7008 7017 7007
3 7008 7007 6999
3 7000 7008 6999
3 7004 7000 7008
3 7018 7004 7008
3 7073 7069 7077
3 7081 7073 7077
3 7070 7069 7073
3 7074 7070 7073
3 7082 7074 7073
3 7082 7073 7081
3 7078 7082 7081
3 7078 7081 7077
3 7078 7077 7069
3 7070 7078 7069
3 7074 7070 7078
3 7082 7074 7078
3 7212 7208 7216
3 7220 7212 7216
3 7209 7208 7212
3 7213 7209 7212
3 7221 7213 7212
3 7221 7212 7220
3 7217 7221 7220
3 7217 7220 7216
3 7217 7216 7208
3 7209 7217 7208
3 7213 7209 7217
3 7221 7213 7217
3 7342 7336 7348
3 7354 7342 7348
3 7337 7336 7342
3 7343 7337 7342
3 7355 7343 7342
3 7355 7342 7354
3 7349 7355 7354
3 7349 7354 7348
3 7349 7348 7336
3 7337 7349 7336
3 7343 7337 7349
3 7355 7343 7349
3 7485 7479 7492
3 7501 7485 7492
3 7480 7479 7485
3 7486 7480 7485
3 7502 7486 7485
3 7502 7485 7501
3 7493 7502 7501
3 7493 7501 7492
3 7493 7492 7479
3 7480 7493 7479
3 7486 7480 7493
3 7502 7486 7493
3 7629 7625 7633
3 7637 7629 7633
3 7626 7625 7629
3 7630 7626 7629
3 7638 7630 7629
3 7638 7629 7637
3 7634 7638 7637
3 7634 7637 7633
3 7634 7633 7625
3 7626 7634 7625
3 7630 7626 7634
3 7638 7630 7634
3 8122 8118 8126
3 8130 8122 8126
3 8119 8118 8122
3 8123 8119 8122
3 8131 8123 8122
3 8131 8122 8130
3 8127 8131 8130
3 8127 8130 8126
3 8127 8126 8118
3 8119 8127 8118
3 8123 8119 8127
3 8131 8123 8127
3 8206 8202 8210
3 8214 8206 8210
3 8203 8202 8206
3 8207 8203 8206
3 8215 8207 8206
3 8215 8206 8214
3 8211 8215 8214
3 8211 8214 8210
3 8211 8210 8202
3 8203 8211 8202
3 8207 8203 8211
3 8215 8207 8211
3 8967 8961 8971
3 8977 8967 8971
3 8962 8961 8967
3 8968 8962 8967
3 8978 8968 8967
3 8978 8967 8977
3 8972 8978 8977
3 8972 8977 8971
3 8972 8971 8961
3 8962 8972 8961
3 8968 8962 8972
3 8978 8968 8972
3 9065 9061 9069
3 9073 9065 9069
3 9062 9061 9065
3 9066 9062 9065
3 9074 9066 9065
3 9074 9065 9073
3 9070 9074 9073
3 9070 9073 9069
3 9070 9069 9061
3 9062 9070 9061
3 9066 9062 9070
3 9074 9066 9070
3 9650 9594 9657
3 9665 9650 9657
3 9595 9594 9650
3 9651 9595 9650
3 9666 9651 9650
3 9666 9650 9665
3 9658 9666 9665
3 9658 9665 9657
3 9658 9657 9594
3 9595 9658 9594
3 9651 9595 9658
3 9666 9651 9658
3 10787 10780 10804
3 10817 10787 10804
3 10781 10780 10787
3 10788 10781 10787
3 10818 10788 10787
3 10818 10787 10817
3 10805 10818 10817
3 10805 10817 10804
3 10805 10804 10780
3 10781 10805 10780
3 10788 10781 10805
3 10818 10788 10805
3 10967 10958 10979
3 10986 10967 10979
3 10959 10958 10967
3 10968 10959 10967
3 10987 10968 10967
3 10987 10967 10986
3 10980 10987 10986
3 10980 10986 10979
3 10980 10979 10958
3 10959 10980 10958
3 10968 10959 10980
3 10987 10968 10980
3 12220 12216 12224
3 12228 12220 12224
3 12217 12216 12220
3 12221 12217 12220
3 12229 12221 12220
3 12229 12220 12228
3 12225 12229 12228
3 12225 12228 12224
3 12225 12224 12216
3 12217 12225 12216
3 12221 12217 12225
3 12229 12221 12225
3 12262 12256 12266
3 12270 12262 12266
3 12257 12256 12262
3 12263 12257 12262
3 12271 12263 12262
3 12271 12262 12270
3 12267 12271 12270
3 12267 12270 12266
3 12267 12266 12256
3 12257 12267 12256
3 12263 12257 12267
3 12271 12263 12267
3 12308 12300 12312
3 12316 12308 12312
3 12301 12300 12308
3 12309 12301 12308
3 12317 12309 12308
3 12317 12308 12316
3 12313 12317 12316
3 12313 12316 12312
3 12313 12312 12300
3 12301 12313 12300
3 12309 12301 12313
3 12317 12309 12313
3 12394 12386 12402
3 12410 12394 12402
3 12387 12386 12394
3 12395 12387 12394
3 12411 12395 12394
3 12411 12394 12410
3 12403 12411 12410
3 12403 12410 12402
3 12403 12402 12386
3 12387 12403 12386
3 12395 12387 12403
3 12411 12395 12403
3 12480 12476 12484
3 12488 12480 12484
3 12477 12476 12480
3 12481 12477 12480
3 12489 12481 12480
3 12489 12480 12488
3 12485 12489 12488
3 12485 12488 12484
3 12485 12484 12476
3 12477 12485 12476
3 12481 12477 12485
3 12489 12481 12485
3 12570 12566 12574
3 12586 12570 12574
3 12567 12566 12570
3 12571 12567 12570
3 12587 12571 12570
3 12587 12570 12586
3 12575 12587 12586
3 12575 12586 12574
3 12575 12574 12566
3 12567 12575 12566
3 12571 12567 12575
3 12587 12571 12575
3 12648 12636 12652
3 12656 12648 12652
3 12637 12636 12648
3 12649 12637 12648
3 12657 12649 12648
3 12657 12648 12656
3 12653 12657 12656
3 12653 12656 12652
3 12653 12652 12636
3 12637 12653 12636
3 12649 12637 12653
3 12657 12649 12653
3 12750 12742 12754
3 12762 12750 12754
3 12743 12742 12750
3 12751 12743 12750
3 12763 12751 12750
3 12763 12750 12762
3 12755 12763 12762
3 12755 12762 12754
3 12755 12754 12742
3 12743 12755 12742
3 12751 12743 12755
3 12763 12751 12755
3 12856 12852 12860
3 12864 12856 12860
3 12853 12852 12856
3 12857 12853 12856
3 12865 12857 12856
3 12865 12856 12864
3 12861 12865 12864
3 12861 12864 12860
3 12861 12860 12852
3 12853 12861 12852
3 12857 12853 12861
3 12865 12857 12861
3 10583 10574 10592
3 10604 10583 10592
3 10575 10574 10583
3 10584 10575 10583
3 10605 10584 10583
3 10605 10583 10604
3 10593 10605 10604
3 10593 10604 10592
3 10593 10592 10574
3 10575 10593 10574
3 10584 10575 10593
3 10605 10584 10593
3 7183 7141 7133
3 7171 7183 7133
3 7184 7142 7141
3 7184 7141 7183
3 7172 7184 7183
3 7172 7183 7171
3 7172 7171 7133
3 7134 7172 7133
3 7134 7133 7141
3 7142 7134 7141
3 7184 7142 7134
3 7172 7184 7134
3 7317 7286 7277
3 7303 7317 7277
3 7318 7287 7286
3 7318 7286 7317
3 7304 7318 7317
3 7304 7317 7303
3 7304 7303 7277
3 7278 7304 7277
3 7278 7277 7286
3 7287 7278 7286
3 7318 7287 7278
3 7304 7318 7278
3 7433 7404 7397
3 7421 7433 7397
3 7434 7405 7404
3 7434 7404 7433
3 7422 7434 7433
3 7422 7433 7421
3 7422 7421 7397
3 7398 7422 7397
3 7398 7397 7404
3 7405 7398 7404
3 7434 7405 7398
3 7422 7434 7398
3 7618 7594 7582
3 7606 7618 7582
3 7619 7595 7594
3 7619 7594 7618
3 7607 7619 7618
3 7607 7618 7606
3 7607 7606 7582
3 7583 7607 7582
3 7583 7582 7594
3 7595 7583 7594
3 7619 7595 7583
3 7607 7619 7583
3 8029 8005 7869
3 8017 8029 7869
3 8030 8006 8005
3 8030 8005 8029
3 8018 8030 8029
3 8018 8029 8017
3 8018 8017 7869
3 7870 8018 7869
3 7870 7869 8005
3 8006 7870 8005
3 8030 8006 7870
3 8018 8030 7870
3 8195 8169 8155
3 8183 8195 8155
3 8196 8170 8169
3 8196 8169 8195
3 8184 8196 8195
3 8184 8195 8183
3 8184 8183 8155
3 8156 8184 8155
3 8156 8155 8169
3 8170 8156 8169
3 8196 8170 8156
3 8184 8196 8156
3 8668 8548 8442
3 8654 8668 8442
3 8669 8549 8548
3 8669 8548 8668
3 8655 8669 8668
3 8655 8668 8654
3 8655 8654 8442
3 8443 8655 8442
3 8443 8442 8548
3 8549 8443 8548
3 8669 8549 8443
3 8655 8669 8443
3 9055 9031 9018
3 9044 9055 9018
3 9056 9032 9031
3 9056 9031 9055
3 9045 9056 9055
3 9045 9055 9044
3 9045 9044 9018
3 9019 9045 9018
3 9019 9018 9031
3 9032 9019 9031
3 9056 9032 9019
3 9045 9056 9019
3 9193 9170 9150
3 9174 9193 9150
3 9194 9171 9170
3 9194 9170 9193
3 9175 9194 9193
3 9175 9193 9174
3 9175 9174 9150
3 9151 9175 9150
3 9151 9150 9170
3 9171 9151 9170
3 9194 9171 9151
3 9175 9194 9151
3 10224 10153 10093
3 10159 10224 10093
3 10225 10154 10153
3 10225 10153 10224
3 10160 10225 10224
3 10160 10224 10159
3 10160 10159 10093
3 10094 10160 10093
3 10094 10093 10153
3 10154 10094 10153
3 10225 10154 10094
3 10160 10225 10094
3 10705 10681 10673
3 10692 10705 10673
3 10706 10682 10681
3 10706 10681 10705
3 10693 10706 10705
3 10693 10705 10692
3 10693 10692 10673
3 10674 10693 10673
3 10674 10673 10681
3 10682 10674 10681
3 10706 10682 10674
3 10693 10706 10674
3 10908 10886 10880
3 10900 10908 10880
3 10909 10887 10886
3 10909 10886 10908
3 10901 10909 10908
3 10901 10908 10900
3 10901 10900 10880
3 10881 10901 10880
3 10881 10880 10886
3 10887 10881 10886
3 10909 10887 10881
3 10901 10909 10881
3 11356 11287 11228
3 11296 11356 11228
3 11357 11288 11287
3 11357 11287 11356
3 11297 11357 11356
3 11297 11356 11296
3 11297 11296 11228
3 11229 11297 11228
3 11229 11228 11287
3 11288 11229 11287
3 11357 11288 11229
3 11297 11357 11229
3 12250 12238 12232
3 12242 12250 12232
3 12251 12239 12238
3 12251 12238 12250
3 12243 12251 12250
3 12243 12250 12242
3 12243 12242 12232
3 12233 12243 12232
3 12233 12232 12238
3 12239 12233 12238
3 12251 12239 12233
3 12243 12251 12233
3 12292 12282 12276
3 12288 12292 12276
3 12293 12283 12282
3 12293 12282 12292
3 12289 12293 12292
3 12289 12292 12288
3 12289 12288 12276
3 12277 12289 12276
3 12277 12276 12282
3 12283 12277 12282
3 12293 12283 12277
3 12289 12293 12277
3 12350 12342 12334
3 12346 12350 12334
3 12351 12343 12342
3 12351 12342 12350
3 12347 12351 12350
3 12347 12350 12346
3 12347 12346 12334
3 12335 12347 12334
3 12335 12334 12342
3 12343 12335 12342
3 12351 12343 12335
3 12347 12351 12335
3 12440 12427 12422
3 12436 12440 12422
3 12441 12428 12427
3 12441 12427 12440
3 12437 12441 12440
3 12437 12440 12436
3 12437 12436 12422
3 12423 12437 12422
3 12423 12422 12427
3 12428 12423 12427
3 12441 12428 12423
3 12437 12441 12423
3 12562 12558 12578
3 12582 12562 12578
3 12559 12558 12562
3 12563 12559 12562
3 12583 12563 12562
3 12583 12562 12582
3 12579 12583 12582
3 12579 12582 12578
3 12579 12578 12558
3 12559 12579 12558
3 12563 12559 12579
3 12583 12563 12579
3 12596 12592 12600
3 12604 12596 12600
3 12593 12592 12596
3 12597 12593 12596
3 12605 12597 12596
3 12605 12596 12604
3 12601 12605 12604
3 12601 12604 12600
3 12601 12600 12592
3 12593 12601 12592
3 12597 12593 12601
3 12605 12597 12601
3 12614 12608 12620
3 12624 12614 12620
3 12609 12608 12614
3 12615 12609 12614
3 12625 12615 12614
3 12625 12614 12624
3 12621 12625 12624
3 12621 12624 12620
3 12621 12620 12608
3 12609 12621 12608
3 12615 12609 12621
3 12625 12615 12621
3 12632 12628 12640
3 12644 12632 12640
3 12629 12628 12632
3 12633 12629 12632
3 12645 12633 12632
3 12645 12632 12644
3 12641 12645 12644
3 12641 12644 12640
3 12641 12640 12628
3 12629 12641 12628
3 12633 12629 12641
3 12645 12633 12641
3 12664 12660 12668
3 12672 12664 12668
3 12661 12660 12664
3 12665 12661 12664
3 12673 12665 12664
3 12673 12664 12672
3 12669 12673 12672
3 12669 12672 12668
3 12669 12668 12660
3 12661 12669 12660
3 12665 12661 12669
3 12673 12665 12669
3 12690 12682 12698
3 12702 12690 12698
3 12683 12682 12690
3 12691 12683 12690
3 12703 12691 12690
3 12703 12690 12702
3 12699 12703 12702
3 12699 12702 12698
3 12699 12698 12682
3 12683 12699 12682
3 12691 12683 12699
3 12703 12691 12699
3 12718 12714 12730
3 12738 12718 12730
3 12715 12714 12718
3 12719 12715 12718
3 12739 12719 12718
3 12739 12718 12738
3 12731 12739 12738
3 12731 12738 12730
3 12731 12730 12714
3 12715 12731 12714
3 12719 12715 12731
3 12739 12719 12731
3 12804 12784 12808
3 12812 12804 12808
3 12785 12784 12804
3 12805 12785 12804
3 12813 12805 12804
3 12813 12804 12812
3 12809 12813 12812
3 12809 12812 12808
3 12809 12808 12784
3 12785 12809 12784
3 12805 12785 12809
3 12813 12805 12809
3 12822 12818 12826
3 12830 12822 12826
3 12819 12818 12822
3 12823 12819 12822
3 12831 12823 12822
3 12831 12822 12830
3 12827 12831 12830
3 12827 12830 12826
3 12827 12826 12818
3 12819 12827 12818
3 12823 12819 12827
3 12831 12823 12827
3 12838 12834 12842
3 12846 12838 12842
3 12835 12834 12838
3 12839 12835 12838
3 12847 12839 12838
3 12847 12838 12846
3 12843 12847 12846
3 12843 12846 12842
3 12843 12842 12834
3 12835 12843 12834
3 12839 12835 12843
3 12847 12839 12843
3 12872 12868 12876
3 12880 12872 12876
3 12869 12868 12872
3 12873 12869 12872
3 12881 12873 12872
3 12881 12872 12880
3 12877 12881 12880
3 12877 12880 12876
3 12877 12876 12868
3 12869 12877 12868
3 12873 12869 12877
3 12881 12873 12877
3 12898 12894 12912
3 12916 12898 12912
3 12895 12894 12898
3 12899 12895 12898
3 12917 12899 12898
3 12917 12898 12916
3 12913 12917 12916
3 12913 12916 12912
3 12913 12912 12894
3 12895 12913 12894
3 12899 12895 12913
3 12917 12899 12913
3 12934 12930 12948
3 12952 12934 12948
3 12931 12930 12934
3 12935 12931 12934
3 12953 12935 12934
3 12953 12934 12952
3 12949 12953 12952
3 12949 12952 12948
3 12949 12948 12930
3 12931 12949 12930
3 12935 12931 12949
3 12953 12935 12949
3 12995 12981 13029
3 13033 12995 13029
3 12982 12981 12995
3 12996 12982 12995
3 13034 12996 12995
3 13034 12995 13033
3 13030 13034 13033
3 13030 13033 13029
3 13030 13029 12981
3 12982 13030 12981
3 12996 12982 13030
3 13034 12996 13030
3 1188 1859 1191
3 6947 7228 1188
3 6866 6851 6947
3 6641 6635 6866
3 6333 6395 6401
3 6239 6306 6333
3 6263 6239 6333
3 5559 5999 6025
3 5586 5559 6025
3 5545 5537 5586
3 5099 5115 5121
3 5105 5099 5121
3 4897 4991 4997
3 4465 4754 4897
3 4472 4465 4897
3 4453 4472 4897
3 4459 4453 4897
3 4253 4341 4351
3 4259 4253 4351
3 3785 4259 4351
3 3671 3779 3785
3 3005 3564 3671
3 3020 3005 3671
3 2991 2985 3020
3 2856 2898 2904
3 2862 2856 2904
3 2610 2676 2686
3 1344 2575 2604
3 1755 1344 2604
3 1338 1332 1755
3 1281 1305 1311
3 1287 1281 1311
3 1222 1228 1234
3 1173 1215 1222
3 1180 1173 1222
3 1161 1180 1222
3 1167 1161 1222
3 1117 1129 1135
3 1123 1117 1135
3 1015 1021 1029
3 908 1002 1015
3 915 908 1015
3 902 896 915
3 841 862 868
3 850 841 868
3 831 850 868
3 819 825 831
3 749 810 819
3 768 749 819
3 737 768 819
3 743 737 819
3 677 689 695
3 683 677 695
3 591 597 605
3 483 578 591
3 493 483 591
3 471 465 493
3 364 392 398
3 370 364 398
3 258 370 398
3 242 252 258
3 179 228 242
3 191 179 242
3 123 191 242
3 128 123 242
3 76 128 242
3 29 71 76
3 3 23 29
3 66 3 29
3 84 47 66
3 94 84 66
3 106 100 94
3 173 146 157
3 185 140 173
3 202 185 173
3 358 340 202
3 404 386 358
3 422 416 428
3 459 410 422
3 477 459 422
3 505 444 499
3 880 505 499
3 928 890 880
3 918 928 880
3 1201 1155 1149
3 1191 1201 1149
3 1188 1191 1149
3 6866 6947 1188
3 6641 6866 1188
3 6401 6641 1188
3 6333 6401 1188
3 6263 6333 1188
3 6031 6263 1188
3 6025 6031 1188
3 5586 6025 1188
3 5545 5586 1188
3 5121 5545 1188
3 5105 5121 1188
3 4997 5105 1188
3 4897 4997 1188
3 4459 4897 1188
3 4351 4459 1188
3 3785 4351 1188
3 3671 3785 1188
3 3020 3671 1188
3 2991 3020 1188
3 2904 2991 1188
3 2862 2904 1188
3 2686 2862 1188
3 2610 2686 1188
3 2604 2610 1188
3 1755 2604 1188
3 1338 1755 1188
3 1311 1338 1188
3 1287 1311 1188
3 1234 1287 1188
3 1222 1234 1188
3 1167 1222 1188
3 1135 1167 1188
3 1123 1135 1188
3 1029 1123 1188
3 1015 1029 1188
3 915 1015 1188
3 902 915 1188
3 868 902 1188
3 831 868 1188
3 819 831 1188
3 743 819 1188
3 695 743 1188
3 683 695 1188
3 605 683 1188
3 591 605 1188
3 493 591 1188
3 471 493 1188
3 398 471 1188
3 258 398 1188
3 242 258 1188
3 76 242 1188
3 29 76 1188
3 66 29 1188
3 94 66 1188
3 106 94 1188
3 157 106 1188
3 173 157 1188
3 202 173 1188
3 358 202 1188
3 404 358 1188
3 428 404 1188
3 422 428 1188
3 477 422 1188
3 499 477 1188
3 880 499 1188
3 918 880 1188
3 1149 918 1188
3 7229 1189 1188
3 7229 1188 7228
3 6948 7229 7228
3 6948 7228 6947
3 6948 6947 6851
3 6852 6948 6851
3 6852 6851 6866
3 6867 6852 6866
3 6867 6866 6635
3 6636 6867 6635
3 6636 6635 6641
3 6642 6636 6641
3 6642 6641 6401
3 6402 6642 6401
3 6396 6402 6401
3 6396 6401 6395
3 6396 6395 6333
3 6334 6396 6333
3 6307 6334 6333
3 6307 6333 6306
3 6307 6306 6239
3 6240 6307 6239
3 6240 6239 6263
3 6264 6240 6263
3 6264 6263 6031
3 6032 6264 6031
3 6026 6032 6031
3 6026 6031 6025
3 6000 6026 6025
3 6000 6025 5999
3 6000 5999 5559
3 5560 6000 5559
3 5560 5559 5586
3 5587 5560 5586
3 5587 5586 5537
3 5538 5587 5537
3 5538 5537 5545
3 5546 5538 5545
3 5546 5545 5121
3 5122 5546 5121
3 5116 5122 5121
3 5116 5121 5115
3 5116 5115 5099
3 5100 5116 5099
3 5100 5099 5105
3 5106 5100 5105
3 5106 5105 4997
3 4998 5106 4997
3 4992 4998 4997
3 4992 4997 4991
3 4992 4991 4897
3 4898 4992 4897
3 4755 4898 4897
3 4755 4897 4754
3 4755 4754 4465
3 4466 4755 4465
3 4466 4465 4472
3 4473 4466 4472
3 4473 4472 4453
3 4454 4473 4453
3 4454 4453 4459
3 4460 4454 4459
3 4460 4459 4351
3 4352 4460 4351
3 4342 4352 4351
3 4342 4351 4341
3 4342 4341 4253
3 4254 4342 4253
3 4254 4253 4259
3 4260 4254 4259
3 4260 4259 3785
3 3786 4260 3785
3 3780 3786 3785
3 3780 3785 3779
3 3780 3779 3671
3 3672 3780 3671
3 3565 3672 3671
3 3565 3671 3564
3 3565 3564 3005
3 3006 3565 3005
3 3006 3005 3020
3 3021 3006 3020
3 3021 3020 2985
3 2986 3021 2985
3 2986 2985 2991
3 2992 2986 2991
3 2992 2991 2904
3 2905 2992 2904
3 2899 2905 2904
3 2899 2904 2898
3 2899 2898 2856
3 2857 2899 2856
3 2857 2856 2862
3 2863 2857 2862
3 2863 2862 2686
3 2687 2863 2686
3 2677 2687 2686
3 2677 2686 2676
3 2677 2676 2610
3 2611 2677 2610
3 2605 2611 2610
3 2605 2610 2604
3 2576 2605 2604
3 2576 2604 2575
3 2576 2575 1344
3 1345 2576 1344
3 1345 1344 1755
3 1756 1345 1755
3 1756 1755 1332
3 1333 1756 1332
3 1333 1332 1338
3 1339 1333 1338
3 1339 1338 1311
3 1312 1339 1311
3 1306 1312 1311
3 1306 1311 1305
3 1306 1305 1281
3 1282 1306 1281
3 1282 1281 1287
3 1288 1282 1287
3 1288 1287 1234
3 1235 1288 1234
3 1229 1235 1234
3 1229 1234 1228
3 1229 1228 1222
3 1223 1229 1222
3 1216 1223 1222
3 1216 1222 1215
3 1216 1215 1173
3 1174 1216 1173
3 1174 1173 1180
3 1181 1174 1180
3 1181 1180 1161
3 1162 1181 1161
3 1162 1161 1167
3 1168 1162 1167
3 1168 1167 1135
3 1136 1168 1135
3 1130 1136 1135
3 1130 1135 1129
3 1130 1129 1117
3 1118 1130 1117
3 1118 1117 1123
3 1124 1118 1123
3 1124 1123 1029
3 1030 1124 1029
3 1022 1030 1029
3 1022 1029 1021
3 1022 1021 1015
3 1016 1022 1015
3 1003 1016 1015
3 1003 1015 1002
3 1003 1002 908
3 909 1003 908
3 909 908 915
3 916 909 915
3 916 915 896
3 897 916 896
3 897 896 902
3 903 897 902
3 903 902 868
3 869 903 868
3 863 869 868
3 863 868 862
3 863 862 841
3 842 863 841
3 842 841 850
3 851 842 850
3 851 850 831
3 832 851 831
3 826 832 831
3 826 831 825
3 826 825 819
3 820 826 819
3 811 820 819
3 811 819 810
3 811 810 749
3 750 811 749
3 750 749 768
3 769 750 768
3 769 768 737
3 738 769 737
3 738 737 743
3 744 738 743
3 744 743 695
3 696 744 695
3 690 696 695
3 690 695 689
3 690 689 677
3 678 690 677
3 678 677 683
3 684 678 683
3 684 683 605
3 606 684 605
3 598 606 605
3 598 605 597
3 598 597 591
3 592 598 591
3 579 592 591
3 579 591 578
3 579 578 483
3 484 579 483
3 484 483 493
3 494 484 493
3 494 493 465
3 466 494 465
3 466 465 471
3 472 466 471
3 472 471 398
3 399 472 398
3 393 399 398
3 393 398 392
3 393 392 364
3 365 393 364
3 365 364 370
3 371 365 370
3 371 370 258
3 259 371 258
3 253 259 258
3 253 258 252
3 253 252 242
3 243 253 242
3 229 243 242
3 229 242 228
3 229 228 179
3 180 229 179
3 180 179 191
3 192 180 191
3 192 191 123
3 124 192 123
3 124 123 128
3 129 124 128
3 129 128 76
3 77 129 76
3 72 77 76
3 72 76 71
3 72 71 29
3 30 72 29
3 24 30 29
3 24 29 23
3 24 23 3
3 4 24 3
3 4 3 66
3 67 4 66
3 67 66 47
3 48 67 47
3 48 47 84
3 85 48 84
3 95 85 84
3 95 84 94
3 95 94 100
3 101 95 100
3 107 101 100
3 107 100 106
3 107 106 157
3 158 107 157
3 158 157 146
3 147 158 146
3 147 146 173
3 174 147 173
3 174 173 140
3 141 174 140
3 141 140 185
3 186 141 185
3 203 186 185
3 203 185 202
3 203 202 340
3 341 203 340
3 359 341 340
3 359 340 358
3 359 358 386
3 387 359 386
3 405 387 386
3 405 386 404
3 405 404 428
3 429 405 428
3 429 428 416
3 417 429 416
3 417 416 422
3 423 417 422
3 423 422 410
3 411 423 410
3 411 410 459
3 460 411 459
3 478 460 459
3 478 459 477
3 478 477 499
3 500 478 499
3 500 499 444
3 445 500 444
3 445 444 505
3 506 445 505
3 881 506 505
3 881 505 880
3 881 880 890
3 891 881 890
3 929 891 890
3 929 890 928
3 919 929 928
3 919 928 918
3 1150 919 918
3 1150 918 1149
3 1150 1149 1155
3 1156 1150 1155
3 1202 1156 1155
3 1202 1155 1201
3 1192 1202 1201
3 1192 1201 1191
3 1860 1192 1191
3 1860 1191 1859
3 1189 1860 1859
3 1189 1859 1188
3 1189 1860 1192
3 6948 7229 1189
3 6867 6852 6948
3 6642 6636 6867
3 6334 6396 6402
3 6240 6307 6334
3 6264 6240 6334
3 5560 6000 6026
3 5587 5560 6026
3 5546 5538 5587
3 5100 5116 5122
3 5106 5100 5122
3 4898 4992 4998
3 4466 4755 4898
3 4473 4466 4898
3 4454 4473 4898
3 4460 4454 4898
3 4254 4342 4352
3 4260 4254 4352
3 3786 4260 4352
3 3672 3780 3786
3 3006 3565 3672
3 3021 3006 3672
3 2992 2986 3021
3 2857 2899 2905
3 2863 2857 2905
3 2611 2677 2687
3 1345 2576 2605
3 1756 1345 2605
3 1339 1333 1756
3 1282 1306 1312
3 1288 1282 1312
3 1223 1229 1235
3 1174 1216 1223
3 1181 1174 1223
3 1162 1181 1223
3 1168 1162 1223
3 1118 1130 1136
3 1124 1118 1136
3 1016 1022 1030
3 909 1003 1016
3 916 909 1016
3 903 897 916
3 842 863 869
3 851 842 869
3 832 851 869
3 820 826 832
3 750 811 820
3 769 750 820
3 738 769 820
3 744 738 820
3 678 690 696
3 684 678 696
3 592 598 606
3 484 579 592
3 494 484 592
3 472 466 494
3 365 393 399
3 371 365 399
3 259 371 399
3 243 253 259
3 180 229 243
3 192 180 243
3 124 192 243
3 129 124 243
3 77 129 243
3 30 72 77
3 4 24 30
3 67 4 30
3 85 48 67
3 95 85 67
3 107 101 95
3 174 147 158
3 186 141 174
3 203 186 174
3 359 341 203
3 405 387 359
3 423 417 429
3 460 411 423
3 478 460 423
3 506 445 500
3 881 506 500
3 929 891 881
3 919 929 881
3 1202 1156 1150
3 1192 1202 1150
3 1189 1192 1150
3 6867 6948 1189
3 6642 6867 1189
3 6402 6642 1189
3 6334 6402 1189
3 6264 6334 1189
3 6032 6264 1189
3 6026 6032 1189
3 5587 6026 1189
3 5546 5587 1189
3 5122 5546 1189
3 5106 5122 1189
3 4998 5106 1189
3 4898 4998 1189
3 4460 4898 1189
3 4352 4460 1189
3 3786 4352 1189
3 3672 3786 1189
3 3021 3672 1189
3 2992 3021 1189
3 2905 2992 1189
3 2863 2905 1189
3 2687 2863 1189
3 2611 2687 1189
3 2605 2611 1189
3 1756 2605 1189
3 1339 1756 1189
3 1312 1339 1189
3 1288 1312 1189
3 1235 1288 1189
3 1223 1235 1189
3 1168 1223 1189
3 1136 1168 1189
3 1124 1136 1189
3 1030 1124 1189
3 1016 1030 1189
3 916 1016 1189
3 903 916 1189
3 869 903 1189
3 832 869 1189
3 820 832 1189
3 744 820 1189
3 696 744 1189
3 684 696 1189
3 606 684 1189
3 592 606 1189
3 494 592 1189
3 472 494 1189
3 399 472 1189
3 259 399 1189
3 243 259 1189
3 77 243 1189
3 30 77 1189
3 67 30 1189
3 95 67 1189
3 107 95 1189
3 158 107 1189
3 174 158 1189
3 203 174 1189
3 359 203 1189
3 405 359 1189
3 429 405 1189
3 423 429 1189
3 478 423 1189
3 500 478 1189
3 881 500 1189
3 919 881 1189
3 1150 919 1189
3 12890 12885 4477
3 12903 12890 4477
3 12908 12903 4477
3 12921 12908 4477
3 12926 12921 4477
3 12939 12926 4477
3 12944 12939 4477
3 12957 12944 4477
3 12967 12957 4477
3 12977 12967 4477
3 12986 12977 4477
3 13000 12986 4477
3 13010 13000 4477
3 13020 13010 4477
3 13025 13020 4477
3 13015 13025 4477
3 13005 13015 4477
3 12544 12549 12554
3 12537 12544 12554
3 12532 12537 12554
3 12525 12532 12554
3 12520 12525 12554
3 12515 12520 12554
3 12510 12515 12554
3 12503 12510 12554
3 12498 12503 12554
3 12493 12498 12554
3 12472 12493 12554
3 12467 12472 12554
3 12460 12467 12554
3 12455 12460 12554
3 12450 12455 12554
3 12450 12554 12962
3 12445 12450 12962
3 12427 12445 12962
3 12432 12427 12962
3 7141 12432 12962
3 7158 7141 12962
3 7124 7158 12962
3 7195 7124 12962
3 7013 7195 12962
3 7228 7013 12962
3 1188 7228 12962
3 2830 1357 1188
3 4724 2847 2830
3 4477 4724 2830
3 12991 13005 4477
3 12972 12991 4477
3 12962 12972 4477
3 1188 12962 4477
3 2830 1188 4477
3 12891 12886 12885
3 12891 12885 12890
3 12904 12891 12890
3 12904 12890 12903
3 12909 12904 12903
3 12909 12903 12908
3 12922 12909 12908
3 12922 12908 12921
3 12927 12922 12921
3 12927 12921 12926
3 12940 12927 12926
3 12940 12926 12939
3 12945 12940 12939
3 12945 12939 12944
3 12958 12945 12944
3 12958 12944 12957
3 12968 12958 12957
3 12968 12957 12967
3 12978 12968 12967
3 12978 12967 12977
3 12987 12978 12977
3 12987 12977 12986
3 13001 12987 12986
3 13001 12986 13000
3 13011 13001 13000
3 13011 13000 13010
3 13021 13011 13010
3 13021 13010 13020
3 13026 13021 13020
3 13026 13020 13025
3 13016 13026 13025
3 13016 13025 13015
3 13006 13016 13015
3 13006 13015 13005
3 12992 13006 13005
3 12992 13005 12991
3 12973 12992 12991
3 12973 12991 12972
3 12973 12972 12962
3 12963 12973 12962
3 12555 12963 12962
3 12555 12962 12554
3 12550 12555 12554
3 12550 12554 12549
3 12545 12550 12549
3 12545 12549 12544
3 12538 12545 12544
3 12538 12544 12537
3 12533 12538 12537
3 12533 12537 12532
3 12526 12533 12532
3 12526 12532 12525
3 12526 12525 12520
3 12521 12526 12520
3 12521 12520 12515
3 12516 12521 12515
3 12516 12515 12510
3 12511 12516 12510
3 12511 12510 12503
3 12504 12511 12503
3 12504 12503 12498
3 12499 12504 12498
3 12499 12498 12493
3 12494 12499 12493
3 12494 12493 12472
3 12473 12494 12472
3 12473 12472 12467
3 12468 12473 12467
3 12468 12467 12460
3 12461 12468 12460
3 12461 12460 12455
3 12456 12461 12455
3 12456 12455 12450
3 12451 12456 12450
3 12451 12450 12445
3 12446 12451 12445
3 12446 12445 12427
3 12428 12446 12427
3 12428 12427 12432
3 12433 12428 12432
3 12433 12432 7141
3 7142 12433 7141
3 7142 7141 7158
3 7159 7142 7158
3 7159 7158 7124
3 7125 7159 7124
3 7125 7124 7195
3 7196 7125 7195
3 7196 7195 7013
3 7014 7196 7013
3 7014 7013 7228
3 7229 7014 7228
3 7229 7228 1188
3 1189 7229 1188
3 1189 1188 1357
3 1358 1189 1357
3 2831 1358 1357
3 2831 1357 2830
3 2831 2830 2847
3 2848 2831 2847
3 4725 2848 2847
3 4725 2847 4724
3 4478 4725 4724
3 4478 4724 4477
3 12886 4478 4477
3 12886 4477 12885
3 12891 12886 4478
3 12904 12891 4478
3 12909 12904 4478
3 12922 12909 4478
3 12927 12922 4478
3 12940 12927 4478
3 12945 12940 4478
3 12958 12945 4478
3 12968 12958 4478
3 12978 12968 4478
3 12987 12978 4478
3 13001 12987 4478
3 13011 13001 4478
3 13021 13011 4478
3 13026 13021 4478
3 13016 13026 4478
3 13006 13016 4478
3 12545 12550 12555
3 12538 12545 12555
3 12533 12538 12555
3 12526 12533 12555
3 12521 12526 12555
3 12516 12521 12555
3 12511 12516 12555
3 12504 12511 12555
3 12499 12504 12555
3 12494 12499 12555
3 12473 12494 12555
3 12468 12473 12555
3 12461 12468 12555
3 12456 12461 12555
3 12451 12456 12555
3 12451 12555 12963
3 12446 12451 12963
3 12428 12446 12963
3 12433 12428 12963
3 7142 12433 12963
3 7159 7142 12963
3 7125 7159 12963
3 7196 7125 12963
3 7014 7196 12963
3 7229 7014 12963
3 1189 7229 12963
3 2831 1358 1189
3 4725 2848 2831
3 4478 4725 2831
3 12992 13006 4478
3 12973 12992 4478
3 12963 12973 4478
3 1189 12963 4478
3 2831 1189 4478
3 4739 4732 4746
3 4758 4739 4746
3 4733 4732 4739
3 4740 4733 4739
3 4759 4740 4739
3 4759 4739 4758
3 4747 4759 4758
3 4747 4758 4746
3 4747 4746 4732
3 4733 4747 4732
3 4740 4733 4747
3 4759 4740 4747
3 5087 5077 5094
3 5110 5087 5094
3 5078 5077 5087
3 5088 5078 5087
3 5111 5088 5087
3 5111 5087 5110
3 5095 5111 5110
3 5095 5110 5094
3 5095 5094 5077
3 5078 5095 5077
3 5088 5078 5095
3 5111 5088 5095
3 5490 5457 5502
3 5524 5490 5502
3 5458 5457 5490
3 5491 5458 5490
3 5525 5491 5490
3 5525 5490 5524
3 5503 5525 5524
3 5503 5524 5502
3 5503 5502 5457
3 5458 5503 5457
3 5491 5458 5503
3 5525 5491 5503
3 6036 6017 6043
3 6050 6036 6043
3 6018 6017 6036
3 6037 6018 6036
3 6051 6037 6036
3 6051 6036 6050
3 6044 6051 6050
3 6044 6050 6043
3 6044 6043 6017
3 6018 6044 6017
3 6037 6018 6044
3 6051 6037 6044
3 6142 6138 6146
3 6150 6142 6146
3 6139 6138 6142
3 6143 6139 6142
3 6151 6143 6142
3 6151 6142 6150
3 6147 6151 6150
3 6147 6150 6146
3 6147 6146 6138
3 6139 6147 6138
3 6143 6139 6147
3 6151 6143 6147
3 6250 6244 6254
3 6268 6250 6254
3 6245 6244 6250
3 6251 6245 6250
3 6269 6251 6250
3 6269 6250 6268
3 6255 6269 6268
3 6255 6268 6254
3 6255 6254 6244
3 6245 6255 6244
3 6251 6245 6255
3 6269 6251 6255
3 6359 6355 6366
3 6373 6359 6366
3 6356 6355 6359
3 6360 6356 6359
3 6374 6360 6359
3 6374 6359 6373
3 6367 6374 6373
3 6367 6373 6366
3 6367 6366 6355
3 6356 6367 6355
3 6360 6356 6367
3 6374 6360 6367
3 6588 6558 6592
3 6606 6588 6592
3 6559 6558 6588
3 6589 6559 6588
3 6607 6589 6588
3 6607 6588 6606
3 6593 6607 6606
3 6593 6606 6592
3 6593 6592 6558
3 6559 6593 6558
3 6589 6559 6593
3 6607 6589 6593
3 6906 6902 6914
3 6922 6906 6914
3 6903 6902 6906
3 6907 6903 6906
3 6923 6907 6906
3 6923 6906 6922
3 6915 6923 6922
3 6915 6922 6914
3 6915 6914 6902
3 6903 6915 6902
3 6907 6903 6915
3 6923 6907 6915
3 7004 7000 7008
3 7018 7004 7008
3 7001 7000 7004
3 7005 7001 7004
3 7019 7005 7004
3 7019 7004 7018
3 7009 7019 7018
3 7009 7018 7008
3 7009 7008 7000
3 7001 7009 7000
3 7005 7001 7009
3 7019 7005 7009
3 7074 7070 7078
3 7082 7074 7078
3 7071 7070 7074
3 7075 7071 7074
3 7083 7075 7074
3 7083 7074 7082
3 7079 7083 7082
3 7079 7082 7078
3 7079 7078 7070
3 7071 7079 7070
3 7075 7071 7079
3 7083 7075 7079
3 7213 7209 7217
3 7221 7213 7217
3 7210 7209 7213
3 7214 7210 7213
3 7222 7214 7213
3 7222 7213 7221
3 7218 7222 7221
3 7218 7221 7217
3 7218 7217 7209
3 7210 7218 7209
3 7214 7210 7218
3 7222 7214 7218
3 7343 7337 7349
3 7355 7343 7349
3 7338 7337 7343
3 7344 7338 7343
3 7356 7344 7343
3 7356 7343 7355
3 7350 7356 7355
3 7350 7355 7349
3 7350 7349 7337
3 7338 7350 7337
3 7344 7338 7350
3 7356 7344 7350
3 7486 7480 7493
3 7502 7486 7493
3 7481 7480 7486
3 7487 7481 7486
3 7503 7487 7486
3 7503 7486 7502
3 7494 7503 7502
3 7494 7502 7493
3 7494 7493 7480
3 7481 7494 7480
3 7487 7481 7494
3 7503 7487 7494
3 7630 7626 7634
3 7638 7630 7634
3 7627 7626 7630
3 7631 7627 7630
3 7639 7631 7630
3 7639 7630 7638
3 7635 7639 7638
3 7635 7638 7634
3 7635 7634 7626
3 7627 7635 7626
3 7631 7627 7635
3 7639 7631 7635
3 8123 8119 8127
3 8131 8123 8127
3 8120 8119 8123
3 8124 8120 8123
3 8132 8124 8123
3 8132 8123 8131
3 8128 8132 8131
3 8128 8131 8127
3 8128 8127 8119
3 8120 8128 8119
3 8124 8120 8128
3 8132 8124 8128
3 8207 8203 8211
3 8215 8207 8211
3 8204 8203 8207
3 8208 8204 8207
3 8216 8208 8207
3 8216 8207 8215
3 8212 8216 8215
3 8212 8215 8211
3 8212 8211 8203
3 8204 8212 8203
3 8208 8204 8212
3 8216 8208 8212
3 8968 8962 8972
3 8978 8968 8972
3 8963 8962 8968
3 8969 8963 8968
3 8979 8969 8968
3 8979 8968 8978
3 8973 8979 8978
3 8973 8978 8972
3 8973 8972 8962
3 8963 8973 8962
3 8969 8963 8973
3 8979 8969 8973
3 9066 9062 9070
3 9074 9066 9070
3 9063 9062 9066
3 9067 9063 9066
3 9075 9067 9066
3 9075 9066 9074
3 9071 9075 9074
3 9071 9074 9070
3 9071 9070 9062
3 9063 9071 9062
3 9067 9063 9071
3 9075 9067 9071
3 9651 9595 9658
3 9666 9651 9658
3 9596 9595 9651
3 9652 9596 9651
3 9667 9652 9651
3 9667 9651 9666
3 9659 9667 9666
3 9659 9666 9658
3 9659 9658 9595
3 9596 9659 9595
3 9652 9596 9659
3 9667 9652 9659
3 10788 10781 10805
3 10818 10788 10805
3 10782 10781 10788
3 10789 10782 10788
3 10819 10789 10788
3 10819 10788 10818
3 10806 10819 10818
3 10806 10818 10805
3 10806 10805 10781
3 10782 10806 10781
3 10789 10782 10806
3 10819 10789 10806
3 10968 10959 10980
3 10987 10968 10980
3 10960 10959 10968
3 10969 10960 10968
3 10988 10969 10968
3 10988 10968 10987
3 10981 10988 10987
3 10981 10987 10980
3 10981 10980 10959
3 10960 10981 10959
3 10969 10960 10981
3 10988 10969 10981
3 12221 12217 12225
3 12229 12221 12225
3 12218 12217 12221
3 12222 12218 12221
3 12230 12222 12221
3 12230 12221 12229
3 12226 12230 12229
3 12226 12229 12225
3 12226 12225 12217
3 12218 12226 12217
3 12222 12218 12226
3 12230 12222 12226
3 12263 12257 12267
3 12271 12263 12267
3 12258 12257 12263
3 12264 12258 12263
3 12272 12264 12263
3 12272 12263 12271
3 12268 12272 12271
3 12268 12271 12267
3 12268 12267 12257
3 12258 12268 12257
3 12264 12258 12268
3 12272 12264 12268
3 12309 12301 12313
3 12317 12309 12313
3 12302 12301 12309
3 12310 12302 12309
3 12318 12310 12309
3 12318 12309 12317
3 12314 12318 12317
3 12314 12317 12313
3 12314 12313 12301
3 12302 12314 12301
3 12310 12302 12314
3 12318 12310 12314
3 12395 12387 12403
3 12411 12395 12403
3 12388 12387 12395
3 12396 12388 12395
3 12412 12396 12395
3 12412 12395 12411
3 12404 12412 12411
3 12404 12411 12403
3 12404 12403 12387
3 12388 12404 12387
3 12396 12388 12404
3 12412 12396 12404
3 12481 12477 12485
3 12489 12481 12485
3 12478 12477 12481
3 12482 12478 12481
3 12490 12482 12481
3 12490 12481 12489
3 12486 12490 12489
3 12486 12489 12485
3 12486 12485 12477
3 12478 12486 12477
3 12482 12478 12486
3 12490 12482 12486
3 12571 12567 12575
3 12587 12571 12575
3 12568 12567 12571
3 12572 12568 12571
3 12588 12572 12571
3 12588 12571 12587
3 12576 12588 12587
3 12576 12587 12575
3 12576 12575 12567
3 12568 12576 12567
3 12572 12568 12576
3 12588 12572 12576
3 12649 12637 12653
3 12657 12649 12653
3 12638 12637 12649
3 12650 12638 12649
3 12658 12650 12649
3 12658 12649 12657
3 12654 12658 12657
3 12654 12657 12653
3 12654 12653 12637
3 12638 12654 12637
3 12650 12638 12654
3 12658 12650 12654
3 12751 12743 12755
3 12763 12751 12755
3 12744 12743 12751
3 12752 12744 12751
3 12764 12752 12751
3 12764 12751 12763
3 12756 12764 12763
3 12756 12763 12755
3 12756 12755 12743
3 12744 12756 12743
3 12752 12744 12756
3 12764 12752 12756
3 12857 12853 12861
3 12865 12857 12861
3 12854 12853 12857
3 12858 12854 12857
3 12866 12858 12857
3 12866 12857 12865
3 12862 12866 12865
3 12862 12865 12861
3 12862 12861 12853
3 12854 12862 12853
3 12858 12854 12862
3 12866 12858 12862
3 10584 10575 10593
3 10605 10584 10593
3 10576 10575 10584
3 10585 10576 10584
3 10606 10585 10584
3 10606 10584 10605
3 10594 10606 10605
3 10594 10605 10593
3 10594 10593 10575
3 10576 10594 10575
3 10585 10576 10594
3 10606 10585 10594
3 9056 9032 9019
3 9045 9056 9019
3 9057 9033 9032
3 9057 9032 9056
3 9046 9057 9056
3 9046 9056 9045
3 9046 9045 9019
3 9020 9046 9019
3 9020 9019 9032
3 9033 9020 9032
3 9057 9033 9020
3 9046 9057 9020
3 9194 9171 9151
3 9175 9194 9151
3 9195 9172 9171
3 9195 9171 9194
3 9176 9195 9194
3 9176 9194 9175
3 9176 9175 9151
3 9152 9176 9151
3 9152 9151 9171
3 9172 9152 9171
3 9195 9172 9152
3 9176 9195 9152
3 10225 10154 10094
3 10160 10225 10094
3 10226 10155 10154
3 10226 10154 10225
3 10161 10226 10225
3 10161 10225 10160
3 10161 10160 10094
3 10095 10161 10094
3 10095 10094 10154
3 10155 10095 10154
3 10226 10155 10095
3 10161 10226 10095
3 10706 10682 10674
3 10693 10706 10674
3 10707 10683 10682
3 10707 10682 10706
3 10694 10707 10706
3 10694 10706 10693
3 10694 10693 10674
3 10675 10694 10674
3 10675 10674 10682
3 10683 10675 10682
3 10707 10683 10675
3 10694 10707 10675
3 10909 10887 10881
3 10901 10909 10881
3 10910 10888 10887
3 10910 10887 10909
3 10902 10910 10909
3 10902 10909 10901
3 10902 10901 10881
3 10882 10902 10881
3 10882 10881 10887
3 10888 10882 10887
3 10910 10888 10882
3 10902 10910 10882
3 11357 11288 11229
3 11297 11357 11229
3 11358 11289 11288
3 11358 11288 11357
3 11298 11358 11357
3 11298 11357 11297
3 11298 11297 11229
3 11230 11298 11229
3 11230 11229 11288
3 11289 11230 11288
3 11358 11289 11230
3 11298 11358 11230
3 12251 12239 12233
3 12243 12251 12233
3 12252 12240 12239
3 12252 12239 12251
3 12244 12252 12251
3 12244 12251 12243
3 12244 12243 12233
3 12234 12244 12233
3 12234 12233 12239
3 12240 12234 12239
3 12252 12240 12234
3 12244 12252 12234
3 12293 12283 12277
3 12289 12293 12277
3 12294 12284 12283
3 12294 12283 12293
3 12290 12294 12293
3 12290 12293 12289
3 12290 12289 12277
3 12278 12290 12277
3 12278 12277 12283
3 12284 12278 12283
3 12294 12284 12278
3 12290 12294 12278
3 12351 12343 12335
3 12347 12351 12335
3 12352 12344 12343
3 12352 12343 12351
3 12348 12352 12351
3 12348 12351 12347
3 12348 12347 12335
3 12336 12348 12335
3 12336 12335 12343
3 12344 12336 12343
3 12352 12344 12336
3 12348 12352 12336
3 12441 12428 12423
3 12437 12441 12423
3 12442 12429 12428
3 12442 12428 12441
3 12438 12442 12441
3 12438 12441 12437
3 12438 12437 12423
3 12424 12438 12423
3 12424 12423 12428
3 12429 12424 12428
3 12442 12429 12424
3 12438 12442 12424
3 12563 12559 12579
3 12583 12563 12579
3 12560 12559 12563
3 12564 12560 12563
3 12584 12564 12563
3 12584 12563 12583
3 12580 12584 12583
3 12580 12583 12579
3 12580 12579 12559
3 12560 12580 12559
3 12564 12560 12580
3 12584 12564 12580
3 12597 12593 12601
3 12605 12597 12601
3 12594 12593 12597
3 12598 12594 12597
3 12606 12598 12597
3 12606 12597 12605
3 12602 12606 12605
3 12602 12605 12601
3 12602 12601 12593
3 12594 12602 12593
3 12598 12594 12602
3 12606 12598 12602
3 12615 12609 12621
3 12625 12615 12621
3 12610 12609 12615
3 12616 12610 12615
3 12626 12616 12615
3 12626 12615 12625
3 12622 12626 12625
3 12622 12625 12621
3 12622 12621 12609
3 12610 12622 12609
3 12616 12610 12622
3 12626 12616 12622
3 12633 12629 12641
3 12645 12633 12641
3 12630 12629 12633
3 12634 12630 12633
3 12646 12634 12633
3 12646 12633 12645
3 12642 12646 12645
3 12642 12645 12641
3 12642 12641 12629
3 12630 12642 12629
3 12634 12630 12642
3 12646 12634 12642
3 12665 12661 12669
3 12673 12665 12669
3 12662 12661 12665
3 12666 12662 12665
3 12674 12666 12665
3 12674 12665 12673
3 12670 12674 12673
3 12670 12673 12669
3 12670 12669 12661
3 12662 12670 12661
3 12666 12662 12670
3 12674 12666 12670
3 12691 12683 12699
3 12703 12691 12699
3 12684 12683 12691
3 12692 12684 12691
3 12704 12692 12691
3 12704 12691 12703
3 12700 12704 12703
3 12700 12703 12699
3 12700 12699 12683
3 12684 12700 12683
3 12692 12684 12700
3 12704 12692 12700
3 12719 12715 12731
3 12739 12719 12731
3 12716 12715 12719
3 12720 12716 12719
3 12740 12720 12719
3 12740 12719 12739
3 12732 12740 12739
3 12732 12739 12731
3 12732 12731 12715
3 12716 12732 12715
3 12720 12716 12732
3 12740 12720 12732
3 12805 12785 12809
3 12813 12805 12809
3 12786 12785 12805
3 12806 12786 12805
3 12814 12806 12805
3 12814 12805 12813
3 12810 12814 12813
3 12810 12813 12809
3 12810 12809 12785
3 12786 12810 12785
3 12806 12786 12810
3 12814 12806 12810
3 12823 12819 12827
3 12831 12823 12827
3 12820 12819 12823
3 12824 12820 12823
3 12832 12824 12823
3 12832 12823 12831
3 12828 12832 12831
3 12828 12831 12827
3 12828 12827 12819
3 12820 12828 12819
3 12824 12820 12828
3 12832 12824 12828
3 12839 12835 12843
3 12847 12839 12843
3 12836 12835 12839
3 12840 12836 12839
3 12848 12840 12839
3 12848 12839 12847
3 12844 12848 12847
3 12844 12847 12843
3 12844 12843 12835
3 12836 12844 12835
3 12840 12836 12844
3 12848 12840 12844
3 12873 12869 12877
3 12881 12873 12877
3 12870 12869 12873
3 12874 12870 12873
3 12882 12874 12873
3 12882 12873 12881
3 12878 12882 12881
3 12878 12881 12877
3 12878 12877 12869
3 12870 12878 12869
3 12874 12870 12878
3 12882 12874 12878
3 12899 12895 12913
3 12917 12899 12913
3 12896 12895 12899
3 12900 12896 12899
3 12918 12900 12899
3 12918 12899 12917
3 12914 12918 12917
3 12914 12917 12913
3 12914 12913 12895
3 12896 12914 12895
3 12900 12896 12914
3 12918 12900 12914
3 12935 12931 12949
3 12953 12935 12949
3 12932 12931 12935
3 12936 12932 12935
3 12954 12936 12935
3 12954 12935 12953
3 12950 12954 12953
3 12950 12953 12949
3 12950 12949 12931
3 12932 12950 12931
3 12936 12932 12950
3 12954 12936 12950
3 12996 12982 13030
3 13034 12996 13030
3 12983 12982 12996
3 12997 12983 12996
3 13035 12997 12996
3 13035 12996 13034
3 13031 13035 13034
3 13031 13034 13030
3 13031 13030 12982
3 12983 13031 12982
3 12997 12983 13031
3 13035 12997 13031
3 506 445 500
3 881 506 500
3 929 891 881
3 919 929 881
3 1202 1156 1150
3 1192 1202 1150
3 1189 1860 1192
3 6948 7229 1189
3 6867 6852 6948
3 6642 6636 6867
3 6334 6396 6402
3 6240 6307 6334
3 6264 6240 6334
3 5571 6013 6026
3 5587 5571 6026
3 5546 5538 5587
3 5100 5116 5122
3 5106 5100 5122
3 4898 4992 4998
3 4467 4760 4898
3 4473 4467 4898
3 4454 4473 4898
3 4460 4454 4898
3 4254 4342 4352
3 4260 4254 4352
3 3786 4260 4352
3 3672 3780 3786
3 3007 3616 3672
3 3021 3007 3672
3 2992 2986 3021
3 2857 2899 2905
3 2863 2857 2905
3 2611 2677 2687
3 1352 2589 2605
3 1756 1352 2605
3 1339 1333 1756
3 1282 1306 1312
3 1288 1282 1312
3 1223 1229 1235
3 1175 1217 1223
3 1181 1175 1223
3 1162 1181 1223
3 1168 1162 1223
3 1118 1130 1136
3 1124 1118 1136
3 1016 1022 1030
3 910 1008 1016
3 916 910 1016
3 903 897 916
3 842 863 869
3 851 842 869
3 832 851 869
3 820 826 832
3 755 814 820
3 769 755 820
3 738 769 820
3 744 738 820
3 678 690 696
3 684 678 696
3 592 598 606
3 485 586 592
3 494 485 592
3 472 466 494
3 365 393 399
3 371 365 399
3 259 371 399
3 243 253 259
3 180 229 243
3 192 180 243
3 124 192 243
3 129 124 243
3 77 129 243
3 30 72 77
3 4 24 30
3 67 4 30
3 85 48 67
3 95 85 67
3 107 101 95
3 174 147 158
3 186 141 174
3 203 186 174
3 359 341 203
3 405 387 359
3 423 417 429
3 460 411 423
3 478 460 423
3 881 500 478
3 919 881 478
3 1150 919 478
3 1192 1150 478
3 1189 1192 478
3 6867 6948 1189
3 6642 6867 1189
3 6402 6642 1189
3 6334 6402 1189
3 6264 6334 1189
3 6032 6264 1189
3 6026 6032 1189
3 5587 6026 1189
3 5546 5587 1189
3 5122 5546 1189
3 5106 5122 1189
3 4998 5106 1189
3 4898 4998 1189
3 4460 4898 1189
3 4352 4460 1189
3 3786 4352 1189
3 3672 3786 1189
3 3021 3672 1189
3 2992 3021 1189
3 2905 2992 1189
3 2863 2905 1189
3 2687 2863 1189
3 2611 2687 1189
3 2605 2611 1189
3 1756 2605 1189
3 1339 1756 1189
3 1312 1339 1189
3 1288 1312 1189
3 1235 1288 1189
3 1223 1235 1189
3 1168 1223 1189
3 1136 1168 1189
3 1124 1136 1189
3 1030 1124 1189
3 1016 1030 1189
3 916 1016 1189
3 903 916 1189
3 869 903 1189
3 832 869 1189
3 820 832 1189
3 744 820 1189
3 696 744 1189
3 684 696 1189
3 606 684 1189
3 592 606 1189
3 494 592 1189
3 472 494 1189
3 399 472 1189
3 259 399 1189
3 243 259 1189
3 77 243 1189
3 30 77 1189
3 67 30 1189
3 95 67 1189
3 107 95 1189
3 158 107 1189
3 174 158 1189
3 203 174 1189
3 359 203 1189
3 405 359 1189
3 429 405 1189
3 423 429 1189
3 478 423 1189
3 882 881 891
3 892 882 891
3 930 892 891
3 930 891 929
3 920 930 929
3 920 929 919
3 1151 920 919
3 1151 919 1150
3 1151 1150 1156
3 1157 1151 1156
3 1203 1157 1156
3 1203 1156 1202
3 1193 1203 1202
3 1193 1202 1192
3 1861 1193 1192
3 1861 1192 1860
3 1190 1861 1860
3 1190 1860 1189
3 7230 1190 1189
3 7230 1189 7229
3 6949 7230 7229
3 6949 7229 6948
3 6949 6948 6852
3 6853 6949 6852
3 6853 6852 6867
3 6868 6853 6867
3 6868 6867 6636
3 6637 6868 6636
3 6637 6636 6642
3 6643 6637 6642
3 6643 6642 6402
3 6403 6643 6402
3 6397 6403 6402
3 6397 6402 6396
3 6397 6396 6334
3 6335 6397 6334
3 6308 6335 6334
3 6308 6334 6307
3 6308 6307 6240
3 6241 6308 6240
3 6241 6240 6264
3 6265 6241 6264
3 6265 6264 6032
3 6033 6265 6032
3 6027 6033 6032
3 6027 6032 6026
3 6014 6027 6026
3 6014 6026 6013
3 6014 6013 5571
3 5572 6014 5571
3 5572 5571 5587
3 5588 5572 5587
3 5588 5587 5538
3 5539 5588 5538
3 5539 5538 5546
3 5547 5539 5546
3 5547 5546 5122
3 5123 5547 5122
3 5117 5123 5122
3 5117 5122 5116
3 5117 5116 5100
3 5101 5117 5100
3 5101 5100 5106
3 5107 5101 5106
3 5107 5106 4998
3 4999 5107 4998
3 4993 4999 4998
3 4993 4998 4992
3 4993 4992 4898
3 4899 4993 4898
3 4761 4899 4898
3 4761 4898 4760
3 4761 4760 4467
3 4468 4761 4467
3 4468 4467 4473
3 4474 4468 4473
3 4474 4473 4454
3 4455 4474 4454
3 4455 4454 4460
3 4461 4455 4460
3 4461 4460 4352
3 4353 4461 4352
3 4343 4353 4352
3 4343 4352 4342
3 4343 4342 4254
3 4255 4343 4254
3 4255 4254 4260
3 4261 4255 4260
3 4261 4260 3786
3 3787 4261 3786
3 3781 3787 3786
3 3781 3786 3780
3 3781 3780 3672
3 3673 3781 3672
3 3617 3673 3672
3 3617 3672 3616
3 3617 3616 3007
3 3008 3617 3007
3 3008 3007 3021
3 3022 3008 3021
3 3022 3021 2986
3 2987 3022 2986
3 2987 2986 2992
3 2993 2987 2992
3 2993 2992 2905
3 2906 2993 2905
3 2900 2906 2905
3 2900 2905 2899
3 2900 2899 2857
3 2858 2900 2857
3 2858 2857 2863
3 2864 2858 2863
3 2864 2863 2687
3 2688 2864 2687
3 2678 2688 2687
3 2678 2687 2677
3 2678 2677 2611
3 2612 2678 2611
3 2606 2612 2611
3 2606 2611 2605
3 2590 2606 2605
3 2590 2605 2589
3 2590 2589 1352
3 1353 2590 1352
3 1353 1352 1756
3 1757 1353 1756
3 1757 1756 1333
3 1334 1757 1333
3 1334 1333 1339
3 1340 1334 1339
3 1340 1339 1312
3 1313 1340 1312
3 1307 1313 1312
3 1307 1312 1306
3 1307 1306 1282
3 1283 1307 1282
3 1283 1282 1288
3 1289 1283 1288
3 1289 1288 1235
3 1236 1289 1235
3 1230 1236 1235
3 1230 1235 1229
3 1230 1229 1223
3 1224 1230 1223
3 1218 1224 1223
3 1218 1223 1217
3 1218 1217 1175
3 1176 1218 1175
3 1176 1175 1181
3 1182 1176 1181
3 1182 1181 1162
3 1163 1182 1162
3 1163 1162 1168
3 1169 1163 1168
3 1169 1168 1136
3 1137 1169 1136
3 1131 1137 1136
3 1131 1136 1130
3 1131 1130 1118
3 1119 1131 1118
3 1119 1118 1124
3 1125 1119 1124
3 1125 1124 1030
3 1031 1125 1030
3 1023 1031 1030
3 1023 1030 1022
3 1023 1022 1016
3 1017 1023 1016
3 1009 1017 1016
3 1009 1016 1008
3 1009 1008 910
3 911 1009 910
3 911 910 916
3 917 911 916
3 917 916 897
3 898 917 897
3 898 897 903
3 904 898 903
3 904 903 869
3 870 904 869
3 864 870 869
3 864 869 863
3 864 863 842
3 843 864 842
3 843 842 851
3 852 843 851
3 852 851 832
3 833 852 832
3 827 833 832
3 827 832 826
3 827 826 820
3 821 827 820
3 815 821 820
3 815 820 814
3 815 814 755
3 756 815 755
3 756 755 769
3 770 756 769
3 770 769 738
3 739 770 738
3 739 738 744
3 745 739 744
3 745 744 696
3 697 745 696
3 691 697 696
3 691 696 690
3 691 690 678
3 679 691 678
3 679 678 684
3 685 679 684
3 685 684 606
3 607 685 606
3 599 607 606
3 599 606 598
3 599 598 592
3 593 599 592
3 587 593 592
3 587 592 586
3 587 586 485
3 486 587 485
3 486 485 494
3 495 486 494
3 495 494 466
3 467 495 466
3 467 466 472
3 473 467 472
3 473 472 399
3 400 473 399
3 394 400 399
3 394 399 393
3 394 393 365
3 366 394 365
3 366 365 371
3 372 366 371
3 372 371 259
3 260 372 259
3 254 260 259
3 254 259 253
3 254 253 243
3 244 254 243
3 230 244 243
3 230 243 229
3 230 229 180
3 181 230 180
3 181 180 192
3 193 181 192
3 193 192 124
3 125 193 124
3 125 124 129
3 130 125 129
3 130 129 77
3 78 130 77
3 73 78 77
3 73 77 72
3 73 72 30
3 31 73 30
3 25 31 30
3 25 30 24
3 25 24 4
3 5 25 4
3 5 4 67
3 68 5 67
3 68 67 48
3 49 68 48
3 49 48 85
3 86 49 85
3 96 86 85
3 96 85 95
3 96 95 101
3 102 96 101
3 108 102 101
3 108 101 107
3 108 107 158
3 159 108 158
3 159 158 147
3 148 159 147
3 148 147 174
3 175 148 174
3 175 174 141
3 142 175 141
3 142 141 186
3 187 142 186
3 204 187 186
3 204 186 203
3 204 203 341
3 342 204 341
3 360 342 341
3 360 341 359
3 360 359 387
3 388 360 387
3 406 388 387
3 406 387 405
3 406 405 429
3 430 406 429
3 430 429 417
3 418 430 417
3 418 417 423
3 424 418 423
3 424 423 411
3 412 424 411
3 412 411 460
3 461 412 460
3 479 461 460
3 479 460 478
3 479 478 500
3 501 479 500
3 501 500 445
3 446 501 445
3 446 445 506
3 507 446 506
3 882 507 506
3 882 506 881
3 507 446 501
3 882 507 501
3 930 892 882
3 920 930 882
3 1203 1157 1151
3 1193 1203 1151
3 1190 1861 1193
3 6949 7230 1190
3 6868 6853 6949
3 6643 6637 6868
3 6335 6397 6403
3 6241 6308 6335
3 6265 6241 6335
3 5572 6014 6027
3 5588 5572 6027
3 5547 5539 5588
3 5101 5117 5123
3 5107 5101 5123
3 4899 4993 4999
3 4468 4761 4899
3 4474 4468 4899
3 4455 4474 4899
3 4461 4455 4899
3 4255 4343 4353
3 4261 4255 4353
3 3787 4261 4353
3 3673 3781 3787
3 3008 3617 3673
3 3022 3008 3673
3 2993 2987 3022
3 2858 2900 2906
3 2864 2858 2906
3 2612 2678 2688
3 1353 2590 2606
3 1757 1353 2606
3 1340 1334 1757
3 1283 1307 1313
3 1289 1283 1313
3 1224 1230 1236
3 1176 1218 1224
3 1182 1176 1224
3 1163 1182 1224
3 1169 1163 1224
3 1119 1131 1137
3 1125 1119 1137
3 1017 1023 1031
3 911 1009 1017
3 917 911 1017
3 904 898 917
3 843 864 870
3 852 843 870
3 833 852 870
3 821 827 833
3 756 815 821
3 770 756 821
3 739 770 821
3 745 739 821
3 679 691 697
3 685 679 697
3 593 599 607
3 486 587 593
3 495 486 593
3 473 467 495
3 366 394 400
3 372 366 400
3 260 372 400
3 244 254 260
3 181 230 244
3 193 181 244
3 125 193 244
3 130 125 244
3 78 130 244
3 31 73 78
3 5 25 31
3 68 5 31
3 86 49 68
3 96 86 68
3 108 102 96
3 175 148 159
3 187 142 175
3 204 187 175
3 360 342 204
3 406 388 360
3 424 418 430
3 461 412 424
3 479 461 424
3 882 501 479
3 920 882 479
3 1151 920 479
3 1193 1151 479
3 1190 1193 479
3 6868 6949 1190
3 6643 6868 1190
3 6403 6643 1190
3 6335 6403 1190
3 6265 6335 1190
3 6033 6265 1190
3 6027 6033 1190
3 5588 6027 1190
3 5547 5588 1190
3 5123 5547 1190
3 5107 5123 1190
3 4999 5107 1190
3 4899 4999 1190
3 4461 4899 1190
3 4353 4461 1190
3 3787 4353 1190
3 3673 3787 1190
3 3022 3673 1190
3 2993 3022 1190
3 2906 2993 1190
3 2864 2906 1190
3 2688 2864 1190
3 2612 2688 1190
3 2606 2612 1190
3 1757 2606 1190
3 1340 1757 1190
3 1313 1340 1190
3 1289 1313 1190
3 1236 1289 1190
3 1224 1236 1190
3 1169 1224 1190
3 1137 1169 1190
3 1125 1137 1190
3 1031 1125 1190
3 1017 1031 1190
3 917 1017 1190
3 904 917 1190
3 870 904 1190
3 833 870 1190
3 821 833 1190
3 745 821 1190
3 697 745 1190
3 685 697 1190
3 607 685 1190
3 593 607 1190
3 495 593 1190
3 473 495 1190
3 400 473 1190
3 260 400 1190
3 244 260 1190
3 78 244 1190
3 31 78 1190
3 68 31 1190
3 96 68 1190
3 108 96 1190
3 159 108 1190
3 175 159 1190
3 204 175 1190
3 360 204 1190
3 406 360 1190
3 430 406 1190
3 424 430 1190
3 479 424 1190
3 12891 12886 4478
3 12904 12891 4478
3 12909 12904 4478
3 12922 12909 4478
3 12927 12922 4478
3 12940 12927 4478
3 12945 12940 4478
3 12958 12945 4478
3 12968 12958 4478
3 12978 12968 4478
3 12987 12978 4478
3 13001 12987 4478
3 13011 13001 4478
3 13021 13011 4478
3 13026 13021 4478
3 13016 13026 4478
3 13006 13016 4478
3 12545 12550 12555
3 12538 12545 12555
3 12533 12538 12555
3 12526 12533 12555
3 12521 12526 12555
3 12516 12521 12555
3 12511 12516 12555
3 12504 12511 12555
3 12499 12504 12555
3 12494 12499 12555
3 12473 12494 12555
3 12468 12473 12555
3 12461 12468 12555
3 12456 12461 12555
3 12451 12456 12555
3 12451 12555 12963
3 12446 12451 12963
3 12428 12446 12963
3 12433 12428 12963
3 7142 12433 12963
3 7159 7142 12963
3 7125 7159 12963
3 7196 7125 12963
3 7014 7196 12963
3 7229 7014 12963
3 1189 7229 12963
3 2831 1358 1189
3 4725 2848 2831
3 4478 4725 2831
3 12992 13006 4478
3 12973 12992 4478
3 12963 12973 4478
3 1189 12963 4478
3 2831 1189 4478
3 12892 12887 12886
3 12892 12886 12891
3 12905 12892 12891
3 12905 12891 12904
3 12910 12905 12904
3 12910 12904 12909
3 12923 12910 12909
3 12923 12909 12922
3 12928 12923 12922
3 12928 12922 12927
3 12941 12928 12927
3 12941 12927 12940
3 12946 12941 12940
3 12946 12940 12945
3 12959 12946 12945
3 12959 12945 12958
3 12969 12959 12958
3 12969 12958 12968
3 12979 12969 12968
3 12979 12968 12978
3 12988 12979 12978
3 12988 12978 12987
3 13002 12988 12987
3 13002 12987 13001
3 13012 13002 13001
3 13012 13001 13011
3 13022 13012 13011
3 13022 13011 13021
3 13027 13022 13021
3 13027 13021 13026
3 13017 13027 13026
3 13017 13026 13016
3 13007 13017 13016
3 13007 13016 13006
3 12993 13007 13006
3 12993 13006 12992
3 12974 12993 12992
3 12974 12992 12973
3 12974 12973 12963
3 12964 12974 12963
3 12556 12964 12963
3 12556 12963 12555
3 12551 12556 12555
3 12551 12555 12550
3 12546 12551 12550
3 12546 12550 12545
3 12539 12546 12545
3 12539 12545 12538
3 12534 12539 12538
3 12534 12538 12533
3 12527 12534 12533
3 12527 12533 12526
3 12527 12526 12521
3 12522 12527 12521
3 12522 12521 12516
3 12517 12522 12516
3 12517 12516 12511
3 12512 12517 12511
3 12512 12511 12504
3 12505 12512 12504
3 12505 12504 12499
3 12500 12505 12499
3 12500 12499 12494
3 12495 12500 12494
3 12495 12494 12473
3 12474 12495 12473
3 12474 12473 12468
3 12469 12474 12468
3 12469 12468 12461
3 12462 12469 12461
3 12462 12461 12456
3 12457 12462 12456
3 12457 12456 12451
3 12452 12457 12451
3 12452 12451 12446
3 12447 12452 12446
3 12447 12446 12428
3 12429 12447 12428
3 12429 12428 12433
3 12434 12429 12433
3 12434 12433 7142
3 7143 12434 7142
3 7143 7142 7159
3 7160 7143 7159
3 7160 7159 7125
3 7126 7160 7125
3 7126 7125 7196
3 7197 7126 7196
3 7197 7196 7014
3 7015 7197 7014
3 7015 7014 7229
3 7230 7015 7229
3 7230 7229 1189
3 1190 7230 1189
3 1190 1189 1358
3 1359 1190 1358
3 2832 1359 1358
3 2832 1358 2831
3 2832 2831 2848
3 2849 2832 2848
3 4726 2849 2848
3 4726 2848 4725
3 4479 4726 4725
3 4479 4725 4478
3 12887 4479 4478
3 12887 4478 12886
3 12892 12887 4479
3 12905 12892 4479
3 12910 12905 4479
3 12923 12910 4479
3 12928 12923 4479
3 12941 12928 4479
3 12946 12941 4479
3 12959 12946 4479
3 12969 12959 4479
3 12979 12969 4479
3 12988 12979 4479
3 13002 12988 4479
3 13012 13002 4479
3 13022 13012 4479
3 13027 13022 4479
3 13017 13027 4479
3 13007 13017 4479
3 12546 12551 12556
3 12539 12546 12556
3 12534 12539 12556
3 12527 12534 12556
3 12522 12527 12556
3 12517 12522 12556
3 12512 12517 12556
3 12505 12512 12556
3 12500 12505 12556
3 12495 12500 12556
3 12474 12495 12556
3 12469 12474 12556
3 12462 12469 12556
3 12457 12462 12556
3 12452 12457 12556
3 12452 12556 12964
3 12447 12452 12964
3 12429 12447 12964
3 12434 12429 12964
3 7143 12434 12964
3 7160 7143 12964
3 7126 7160 12964
3 7197 7126 12964
3 7015 7197 12964
3 7230 7015 12964
3 1190 7230 12964
3 2832 1359 1190
3 4726 2849 2832
3 4479 4726 2832
3 12993 13007 4479
3 12974 12993 4479
3 12964 12974 4479
3 1190 12964 4479
3 2832 1190 4479
3 632 628 624
3 636 632 624
3 640 636 624
3 644 640 624
3 648 644 624
3 652 648 624
3 656 652 624
3 660 656 624
3 664 660 624
3 668 664 624
3 670 668 624
3 672 670 624
3 666 672 624
3 662 666 624
3 658 662 624
3 654 658 624
3 650 654 624
3 646 650 624
3 642 646 624
3 638 642 624
3 634 638 624
3 630 634 624
3 626 630 624
3 622 626 624
3 620 622 624
3 618 620 624
3 616 618 624
3 614 616 624
3 612 614 624
3 610 612 624
3 608 610 624
3 559 563 567
3 555 559 567
3 551 555 567
3 547 551 567
3 543 547 567
3 539 543 567
3 535 539 567
3 531 535 567
3 527 531 567
3 523 527 567
3 519 523 567
3 515 519 567
3 517 515 567
3 521 517 567
3 525 521 567
3 529 525 567
3 533 529 567
3 537 533 567
3 541 537 567
3 545 541 567
3 549 545 567
3 553 549 567
3 557 553 567
3 561 557 567
3 565 561 567
3 569 565 567
3 571 569 567
3 573 571 567
3 580 573 567
3 582 580 567
3 567 600 608
3 582 567 608
3 584 582 608
3 624 584 608
3 625 585 584
3 625 584 624
3 629 625 624
3 629 624 628
3 633 629 628
3 633 628 632
3 637 633 632
3 637 632 636
3 641 637 636
3 641 636 640
3 645 641 640
3 645 640 644
3 649 645 644
3 649 644 648
3 653 649 648
3 653 648 652
3 657 653 652
3 657 652 656
3 661 657 656
3 661 656 660
3 665 661 660
3 665 660 664
3 669 665 664
3 669 664 668
3 671 669 668
3 671 668 670
3 673 671 670
3 673 670 672
3 667 673 672
3 667 672 666
3 663 667 666
3 663 666 662
3 659 663 662
3 659 662 658
3 655 659 658
3 655 658 654
3 651 655 654
3 651 654 650
3 647 651 650
3 647 650 646
3 643 647 646
3 643 646 642
3 639 643 642
3 639 642 638
3 639 638 634
3 635 639 634
3 635 634 630
3 631 635 630
3 631 630 626
3 627 631 626
3 627 626 622
3 623 627 622
3 623 622 620
3 621 623 620
3 621 620 618
3 619 621 618
3 619 618 616
3 617 619 616
3 617 616 614
3 615 617 614
3 615 614 612
3 613 615 612
3 613 612 610
3 611 613 610
3 611 610 608
3 609 611 608
3 609 608 600
3 601 609 600
3 601 600 567
3 568 601 567
3 568 567 563
3 564 568 563
3 564 563 559
3 560 564 559
3 560 559 555
3 556 560 555
3 556 555 551
3 552 556 551
3 552 551 547
3 548 552 547
3 548 547 543
3 544 548 543
3 544 543 539
3 540 544 539
3 540 539 535
3 536 540 535
3 536 535 531
3 532 536 531
3 532 531 527
3 528 532 527
3 528 527 523
3 524 528 523
3 524 523 519
3 520 524 519
3 520 519 515
3 516 520 515
3 516 515 517
3 518 516 517
3 518 517 521
3 522 518 521
3 522 521 525
3 526 522 525
3 526 525 529
3 530 526 529
3 530 529 533
3 534 530 533
3 534 533 537
3 538 534 537
3 538 537 541
3 542 538 541
3 542 541 545
3 546 542 545
3 546 545 549
3 550 546 549
3 554 550 549
3 554 549 553
3 558 554 553
3 558 553 557
3 562 558 557
3 562 557 561
3 566 562 561
3 566 561 565
3 570 566 565
3 570 565 569
3 572 570 569
3 572 569 571
3 574 572 571
3 574 571 573
3 581 574 573
3 581 573 580
3 583 581 580
3 583 580 582
3 585 583 582
3 585 582 584
3 633 629 625
3 637 633 625
3 641 637 625
3 645 641 625
3 649 645 625
3 653 649 625
3 657 653 625
3 661 657 625
3 665 661 625
3 669 665 625
3 671 669 625
3 673 671 625
3 667 673 625
3 663 667 625
3 659 663 625
3 655 659 625
3 651 655 625
3 647 651 625
3 643 647 625
3 639 643 625
3 635 639 625
3 631 635 625
3 627 631 625
3 623 627 625
3 621 623 625
3 619 621 625
3 617 619 625
3 615 617 625
3 613 615 625
3 611 613 625
3 609 611 625
3 560 564 568
3 556 560 568
3 552 556 568
3 548 552 568
3 544 548 568
3 540 544 568
3 536 540 568
3 532 536 568
3 528 532 568
3 524 528 568
3 520 524 568
3 516 520 568
3 518 516 568
3 522 518 568
3 526 522 568
3 530 526 568
3 534 530 568
3 538 534 568
3 542 538 568
3 546 542 568
3 550 546 568
3 554 550 568
3 558 554 568
3 562 558 568
3 566 562 568
3 570 566 568
3 572 570 568
3 574 572 568
3 581 574 568
3 583 581 568
3 568 601 609
3 583 568 609
3 585 583 609
3 625 585 609
3 1056 1052 1048
3 1060 1056 1048
3 1064 1060 1048
3 1068 1064 1048
3 1072 1068 1048
3 1076 1072 1048
3 1080 1076 1048
3 1084 1080 1048
3 1088 1084 1048
3 1092 1088 1048
3 1094 1092 1048
3 1096 1094 1048
3 1090 1096 1048
3 1086 1090 1048
3 1082 1086 1048
3 1078 1082 1048
3 1074 1078 1048
3 1070 1074 1048
3 1066 1070 1048
3 1062 1066 1048
3 1058 1062 1048
3 1054 1058 1048
3 1050 1054 1048
3 1046 1050 1048
3 1044 1046 1048
3 1042 1044 1048
3 1040 1042 1048
3 1038 1040 1048
3 1036 1038 1048
3 1034 1036 1048
3 1032 1034 1048
3 983 987 991
3 979 983 991
3 971 979 991
3 967 971 991
3 963 967 991
3 959 963 991
3 955 959 991
3 951 955 991
3 947 951 991
3 943 947 991
3 939 943 991
3 935 939 991
3 937 935 991
3 941 937 991
3 945 941 991
3 949 945 991
3 953 949 991
3 957 953 991
3 961 957 991
3 965 961 991
3 969 965 991
3 977 969 991
3 981 977 991
3 985 981 991
3 989 985 991
3 993 989 991
3 995 993 991
3 997 995 991
3 1004 997 991
3 1006 1004 991
3 991 1024 1032
3 1006 991 1032
3 1010 1006 1032
3 1048 1010 1032
3 1049 1011 1010
3 1049 1010 1048
3 1053 1049 1048
3 1053 1048 1052
3 1057 1053 1052
3 1057 1052 1056
3 1061 1057 1056
3 1061 1056 1060
3 1065 1061 1060
3 1065 1060 1064
3 1069 1065 1064
3 1069 1064 1068
3 1073 1069 1068
3 1073 1068 1072
3 1077 1073 1072
3 1077 1072 1076
3 1081 1077 1076
3 1081 1076 1080
3 1085 1081 1080
3 1085 1080 1084
3 1089 1085 1084
3 1089 1084 1088
3 1093 1089 1088
3 1093 1088 1092
3 1095 1093 1092
3 1095 1092 1094
3 1097 1095 1094
3 1097 1094 1096
3 1091 1097 1096
3 1091 1096 1090
3 1087 1091 1090
3 1087 1090 1086
3 1083 1087 1086
3 1083 1086 1082
3 1079 1083 1082
3 1079 1082 1078
3 1075 1079 1078
3 1075 1078 1074
3 1071 1075 1074
3 1071 1074 1070
3 1067 1071 1070
3 1067 1070 1066
3 1063 1067 1066
3 1063 1066 1062
3 1063 1062 1058
3 1059 1063 1058
3 1059 1058 1054
3 1055 1059 1054
3 1055 1054 1050
3 1051 1055 1050
3 1051 1050 1046
3 1047 1051 1046
3 1047 1046 1044
3 1045 1047 1044
3 1045 1044 1042
3 1043 1045 1042
3 1043 1042 1040
3 1041 1043 1040
3 1041 1040 1038
3 1039 1041 1038
3 1039 1038 1036
3 1037 1039 1036
3 1037 1036 1034
3 1035 1037 1034
3 1035 1034 1032
3 1033 1035 1032
3 1033 1032 1024
3 1025 1033 1024
3 1025 1024 991
3 992 1025 991
3 992 991 987
3 988 992 987
3 988 987 983
3 984 988 983
3 984 983 979
3 980 984 979
3 980 979 971
3 972 980 971
3 972 971 967
3 968 972 967
3 968 967 963
3 964 968 963
3 964 963 959
3 960 964 959
3 960 959 955
3 956 960 955
3 956 955 951
3 952 956 951
3 952 951 947
3 948 952 947
3 948 947 943
3 944 948 943
3 944 943 939
3 940 944 939
3 940 939 935
3 936 940 935
3 936 935 937
3 938 936 937
3 938 937 941
3 942 938 941
3 942 941 945
3 946 942 945
3 946 945 949
3 950 946 949
3 950 949 953
3 954 950 953
3 954 953 957
3 958 954 957
3 958 957 961
3 962 958 961
3 962 961 965
3 966 962 965
3 966 965 969
3 970 966 969
3 978 970 969
3 978 969 977
3 982 978 977
3 982 977 981
3 986 982 981
3 986 981 985
3 990 986 985
3 990 985 989
3 994 990 989
3 994 989 993
3 996 994 993
3 996 993 995
3 998 996 995
3 998 995 997
3 1005 998 997
3 1005 997 1004
3 1007 1005 1004
3 1007 1004 1006
3 1011 1007 1006
3 1011 1006 1010
3 1057 1053 1049
3 1061 1057 1049
3 1065 1061 1049
3 1069 1065 1049
3 1073 1069 1049
3 1077 1073 1049
3 1081 1077 1049
3 1085 1081 1049
3 1089 1085 1049
3 1093 1089 1049
3 1095 1093 1049
3 1097 1095 1049
3 1091 1097 1049
3 1087 1091 1049
3 1083 1087 1049
3 1079 1083 1049
3 1075 1079 1049
3 1071 1075 1049
3 1067 1071 1049
3 1063 1067 1049
3 1059 1063 1049
3 1055 1059 1049
3 1051 1055 1049
3 1047 1051 1049
3 1045 1047 1049
3 1043 1045 1049
3 1041 1043 1049
3 1039 1041 1049
3 1037 1039 1049
3 1035 1037 1049
3 1033 1035 1049
3 984 988 992
3 980 984 992
3 972 980 992
3 968 972 992
3 964 968 992
3 960 964 992
3 956 960 992
3 952 956 992
3 948 952 992
3 944 948 992
3 940 944 992
3 936 940 992
3 938 936 992
3 942 938 992
3 946 942 992
3 950 946 992
3 954 950 992
3 958 954 992
3 962 958 992
3 966 962 992
3 970 966 992
3 978 970 992
3 982 978 992
3 986 982 992
3 990 986 992
3 994 990 992
3 996 994 992
3 998 996 992
3 1005 998 992
3 1007 1005 992
3 992 1025 1033
3 1007 992 1033
3 1011 1007 1033
3 1049 1011 1033
3 2649 2641 2633
3 2657 2649 2633
3 2665 2657 2633
3 2679 2665 2633
3 2693 2679 2633
3 2703 2693 2633
3 2711 2703 2633
3 2721 2711 2633
3 2729 2721 2633
3 2737 2729 2633
3 2745 2737 2633
3 2741 2745 2633
3 2733 2741 2633
3 2725 2733 2633
3 2715 2725 2633
3 2707 2715 2633
3 2697 2707 2633
3 2689 2697 2633
3 2669 2689 2633
3 2661 2669 2633
3 2653 2661 2633
3 2645 2653 2633
3 2637 2645 2633
3 2627 2637 2633
3 2621 2627 2633
3 2617 2621 2633
3 2613 2617 2633
3 2597 2613 2633
3 2591 2597 2633
3 2583 2591 2633
3 2577 2583 2633
3 2294 2351 2361
3 2284 2294 2361
3 2276 2284 2361
3 2266 2276 2361
3 2206 2266 2361
3 2195 2206 2361
3 2185 2195 2361
3 2177 2185 2361
3 2169 2177 2361
3 2161 2169 2361
3 2153 2161 2361
3 2096 2153 2361
3 2149 2096 2361
3 2157 2149 2361
3 2165 2157 2361
3 2173 2165 2361
3 2181 2173 2361
3 2191 2181 2361
3 2202 2191 2361
3 2262 2202 2361
3 2272 2262 2361
3 2280 2272 2361
3 2290 2280 2361
3 2347 2290 2361
3 2355 2347 2361
3 2367 2355 2361
3 2422 2367 2361
3 2431 2422 2361
3 2435 2431 2361
3 2542 2435 2361
3 2361 2568 2577
3 2542 2361 2577
3 2549 2542 2577
3 2633 2549 2577
3 2634 2550 2549
3 2634 2549 2633
3 2642 2634 2633
3 2642 2633 2641
3 2650 2642 2641
3 2650 2641 2649
3 2658 2650 2649
3 2658 2649 2657
3 2666 2658 2657
3 2666 2657 2665
3 2680 2666 2665
3 2680 2665 2679
3 2694 2680 2679
3 2694 2679 2693
3 2704 2694 2693
3 2704 2693 2703
3 2712 2704 2703
3 2712 2703 2711
3 2722 2712 2711
3 2722 2711 2721
3 2730 2722 2721
3 2730 2721 2729
3 2738 2730 2729
3 2738 2729 2737
3 2746 2738 2737
3 2746 2737 2745
3 2742 2746 2745
3 2742 2745 2741
3 2734 2742 2741
3 2734 2741 2733
3 2726 2734 2733
3 2726 2733 2725
3 2716 2726 2725
3 2716 2725 2715
3 2708 2716 2715
3 2708 2715 2707
3 2698 2708 2707
3 2698 2707 2697
3 2690 2698 2697
3 2690 2697 2689
3 2670 2690 2689
3 2670 2689 2669
3 2662 2670 2669
3 2662 2669 2661
3 2662 2661 2653
3 2654 2662 2653
3 2654 2653 2645
3 2646 2654 2645
3 2646 2645 2637
3 2638 2646 2637
3 2638 2637 2627
3 2628 2638 2627
3 2628 2627 2621
3 2622 2628 2621
3 2622 2621 2617
3 2618 2622 2617
3 2618 2617 2613
3 2614 2618 2613
3 2614 2613 2597
3 2598 2614 2597
3 2598 2597 2591
3 2592 2598 2591
3 2592 2591 2583
3 2584 2592 2583
3 2584 2583 2577
3 2578 2584 2577
3 2578 2577 2568
3 2569 2578 2568
3 2569 2568 2361
3 2362 2569 2361
3 2362 2361 2351
3 2352 2362 2351
3 2352 2351 2294
3 2295 2352 2294
3 2295 2294 2284
3 2285 2295 2284
3 2285 2284 2276
3 2277 2285 2276
3 2277 2276 2266
3 2267 2277 2266
3 2267 2266 2206
3 2207 2267 2206
3 2207 2206 2195
3 2196 2207 2195
3 2196 2195 2185
3 2186 2196 2185
3 2186 2185 2177
3 2178 2186 2177
3 2178 2177 2169
3 2170 2178 2169
3 2170 2169 2161
3 2162 2170 2161
3 2162 2161 2153
3 2154 2162 2153
3 2154 2153 2096
3 2097 2154 2096
3 2097 2096 2149
3 2150 2097 2149
3 2150 2149 2157
3 2158 2150 2157
3 2158 2157 2165
3 2166 2158 2165
3 2166 2165 2173
3 2174 2166 2173
3 2174 2173 2181
3 2182 2174 2181
3 2182 2181 2191
3 2192 2182 2191
3 2192 2191 2202
3 2203 2192 2202
3 2203 2202 2262
3 2263 2203 2262
3 2263 2262 2272
3 2273 2263 2272
3 2281 2273 2272
3 2281 2272 2280
3 2291 2281 2280
3 2291 2280 2290
3 2348 2291 2290
3 2348 2290 2347
3 2356 2348 2347
3 2356 2347 2355
3 2368 2356 2355
3 2368 2355 2367
3 2423 2368 2367
3 2423 2367 2422
3 2432 2423 2422
3 2432 2422 2431
3 2436 2432 2431
3 2436 2431 2435
3 2543 2436 2435
3 2543 2435 2542
3 2550 2543 2542
3 2550 2542 2549
3 2650 2642 2634
3 2658 2650 2634
3 2666 2658 2634
3 2680 2666 2634
3 2694 2680 2634
3 2704 2694 2634
3 2712 2704 2634
3 2722 2712 2634
3 2730 2722 2634
3 2738 2730 2634
3 2746 2738 2634
3 2742 2746 2634
3 2734 2742 2634
3 2726 2734 2634
3 2716 2726 2634
3 2708 2716 2634
3 2698 2708 2634
3 2690 2698 2634
3 2670 2690 2634
3 2662 2670 2634
3 2654 2662 2634
3 2646 2654 2634
3 2638 2646 2634
3 2628 2638 2634
3 2622 2628 2634
3 2618 2622 2634
3 2614 2618 2634
3 2598 2614 2634
3 2592 2598 2634
3 2584 2592 2634
3 2578 2584 2634
3 2295 2352 2362
3 2285 2295 2362
3 2277 2285 2362
3 2267 2277 2362
3 2207 2267 2362
3 2196 2207 2362
3 2186 2196 2362
3 2178 2186 2362
3 2170 2178 2362
3 2162 2170 2362
3 2154 2162 2362
3 2097 2154 2362
3 2150 2097 2362
3 2158 2150 2362
3 2166 2158 2362
3 2174 2166 2362
3 2182 2174 2362
3 2192 2182 2362
3 2203 2192 2362
3 2263 2203 2362
3 2273 2263 2362
3 2281 2273 2362
3 2291 2281 2362
3 2348 2291 2362
3 2356 2348 2362
3 2368 2356 2362
3 2423 2368 2362
3 2432 2423 2362
3 2436 2432 2362
3 2543 2436 2362
3 2362 2569 2578
3 2543 2362 2578
3 2550 2543 2578
3 2634 2550 2578
3 4314 4306 4298
3 4322 4314 4298
3 4330 4322 4298
3 4344 4330 4298
3 4358 4344 4298
3 4366 4358 4298
3 4374 4366 4298
3 4382 4374 4298
3 4390 4382 4298
3 4398 4390 4298
3 4402 4398 4298
3 4406 4402 4298
3 4394 4406 4298
3 4386 4394 4298
3 4378 4386 4298
3 4370 4378 4298
3 4362 4370 4298
3 4354 4362 4298
3 4334 4354 4298
3 4326 4334 4298
3 4318 4326 4298
3 4310 4318 4298
3 4302 4310 4298
3 4294 4302 4298
3 4290 4294 4298
3 4286 4290 4298
3 4282 4286 4298
3 4278 4282 4298
3 4274 4278 4298
3 4270 4274 4298
3 4266 4270 4298
3 4194 4202 4210
3 4186 4194 4210
3 4178 4186 4210
3 4170 4178 4210
3 4162 4170 4210
3 4149 4162 4210
3 4141 4149 4210
3 4133 4141 4210
3 4125 4133 4210
3 4117 4125 4210
3 4109 4117 4210
3 4101 4109 4210
3 4105 4101 4210
3 4113 4105 4210
3 4121 4113 4210
3 4129 4121 4210
3 4137 4129 4210
3 4145 4137 4210
3 4158 4145 4210
3 4166 4158 4210
3 4174 4166 4210
3 4182 4174 4210
3 4190 4182 4210
3 4198 4190 4210
3 4206 4198 4210
3 4214 4206 4210
3 4218 4214 4210
3 4222 4218 4210
3 4226 4222 4210
3 4233 4226 4210
3 4210 4262 4266
3 4233 4210 4266
3 4237 4233 4266
3 4298 4237 4266
3 4299 4238 4237
3 4299 4237 4298
3 4307 4299 4298
3 4307 4298 4306
3 4315 4307 4306
3 4315 4306 4314
3 4323 4315 4314
3 4323 4314 4322
3 4331 4323 4322
3 4331 4322 4330
3 4345 4331 4330
3 4345 4330 4344
3 4359 4345 4344
3 4359 4344 4358
3 4367 4359 4358
3 4367 4358 4366
3 4375 4367 4366
3 4375 4366 4374
3 4383 4375 4374
3 4383 4374 4382
3 4391 4383 4382
3 4391 4382 4390
3 4399 4391 4390
3 4399 4390 4398
3 4403 4399 4398
3 4403 4398 4402
3 4407 4403 4402
3 4407 4402 4406
3 4395 4407 4406
3 4395 4406 4394
3 4387 4395 4394
3 4387 4394 4386
3 4379 4387 4386
3 4379 4386 4378
3 4371 4379 4378
3 4371 4378 4370
3 4363 4371 4370
3 4363 4370 4362
3 4355 4363 4362
3 4355 4362 4354
3 4335 4355 4354
3 4335 4354 4334
3 4327 4335 4334
3 4327 4334 4326
3 4327 4326 4318
3 4319 4327 4318
3 4319 4318 4310
3 4311 4319 4310
3 4311 4310 4302
3 4303 4311 4302
3 4303 4302 4294
3 4295 4303 4294
3 4295 4294 4290
3 4291 4295 4290
3 4291 4290 4286
3 4287 4291 4286
3 4287 4286 4282
3 4283 4287 4282
3 4283 4282 4278
3 4279 4283 4278
3 4279 4278 4274
3 4275 4279 4274
3 4275 4274 4270
3 4271 4275 4270
3 4271 4270 4266
3 4267 4271 4266
3 4267 4266 4262
3 4263 4267 4262
3 4263 4262 4210
3 4211 4263 4210
3 4211 4210 4202
3 4203 4211 4202
3 4203 4202 4194
3 4195 4203 4194
3 4195 4194 4186
3 4187 4195 4186
3 4187 4186 4178
3 4179 4187 4178
3 4179 4178 4170
3 4171 4179 4170
3 4171 4170 4162
3 4163 4171 4162
3 4163 4162 4149
3 4150 4163 4149
3 4150 4149 4141
3 4142 4150 4141
3 4142 4141 4133
3 4134 4142 4133
3 4134 4133 4125
3 4126 4134 4125
3 4126 4125 4117
3 4118 4126 4117
3 4118 4117 4109
3 4110 4118 4109
3 4110 4109 4101
3 4102 4110 4101
3 4102 4101 4105
3 4106 4102 4105
3 4106 4105 4113
3 4114 4106 4113
3 4114 4113 4121
3 4122 4114 4121
3 4122 4121 4129
3 4130 4122 4129
3 4130 4129 4137
3 4138 4130 4137
3 4138 4137 4145
3 4146 4138 4145
3 4146 4145 4158
3 4159 4146 4158
3 4159 4158 4166
3 4167 4159 4166
3 4167 4166 4174
3 4175 4167 4174
3 4183 4175 4174
3 4183 4174 4182
3 4191 4183 4182
3 4191 4182 4190
3 4199 4191 4190
3 4199 4190 4198
3 4207 4199 4198
3 4207 4198 4206
3 4215 4207 4206
3 4215 4206 4214
3 4219 4215 4214
3 4219 4214 4218
3 4223 4219 4218
3 4223 4218 4222
3 4227 4223 4222
3 4227 4222 4226
3 4234 4227 4226
3 4234 4226 4233
3 4238 4234 4233
3 4238 4233 4237
3 4315 4307 4299
3 4323 4315 4299
3 4331 4323 4299
3 4345 4331 4299
3 4359 4345 4299
3 4367 4359 4299
3 4375 4367 4299
3 4383 4375 4299
3 4391 4383 4299
3 4399 4391 4299
3 4403 4399 4299
3 4407 4403 4299
3 4395 4407 4299
3 4387 4395 4299
3 4379 4387 4299
3 4371 4379 4299
3 4363 4371 4299
3 4355 4363 4299
3 4335 4355 4299
3 4327 4335 4299
3 4319 4327 4299
3 4311 4319 4299
3 4303 4311 4299
3 4295 4303 4299
3 4291 4295 4299
3 4287 4291 4299
3 4283 4287 4299
3 4279 4283 4299
3 4275 4279 4299
3 4271 4275 4299
3 4267 4271 4299
3 4195 4203 4211
3 4187 4195 4211
3 4179 4187 4211
3 4171 4179 4211
3 4163 4171 4211
3 4150 4163 4211
3 4142 4150 4211
3 4134 4142 4211
3 4126 4134 4211
3 4118 4126 4211
3 4110 4118 4211
3 4102 4110 4211
3 4106 4102 4211
3 4114 4106 4211
3 4122 4114 4211
3 4130 4122 4211
3 4138 4130 4211
3 4146 4138 4211
3 4159 4146 4211
3 4167 4159 4211
3 4175 4167 4211
3 4183 4175 4211
3 4191 4183 4211
3 4199 4191 4211
3 4207 4199 4211
3 4215 4207 4211
3 4219 4215 4211
3 4223 4219 4211
3 4227 4223 4211
3 4234 4227 4211
3 4211 4263 4267
3 4234 4211 4267
3 4238 4234 4267
3 4299 4238 4267
3 5879 5869 5859
3 5887 5879 5859
3 5895 5887 5859
3 5903 5895 5859
3 5911 5903 5859
3 5924 5911 5859
3 5934 5924 5859
3 5942 5934 5859
3 5950 5942 5859
3 5958 5950 5859
3 5966 5958 5859
3 5962 5966 5859
3 5954 5962 5859
3 5946 5954 5859
3 5938 5946 5859
3 5928 5938 5859
3 5920 5928 5859
3 5907 5920 5859
3 5899 5907 5859
3 5891 5899 5859
3 5883 5891 5859
3 5873 5883 5859
3 5865 5873 5859
3 5855 5865 5859
3 5851 5855 5859
3 5845 5851 5859
3 5839 5845 5859
3 5835 5839 5859
3 5829 5835 5859
3 5825 5829 5859
3 5821 5825 5859
3 5510 5518 5530
3 5496 5510 5530
3 5484 5496 5530
3 5471 5484 5530
3 5463 5471 5530
3 5451 5463 5530
3 5441 5451 5530
3 5430 5441 5530
3 5422 5430 5530
3 5411 5422 5530
3 5403 5411 5530
3 5395 5403 5530
3 5399 5395 5530
3 5407 5399 5530
3 5418 5407 5530
3 5426 5418 5530
3 5437 5426 5530
3 5447 5437 5530
3 5459 5447 5530
3 5467 5459 5530
3 5480 5467 5530
3 5492 5480 5530
3 5506 5492 5530
3 5514 5506 5530
3 5526 5514 5530
3 5548 5526 5530
3 5552 5548 5530
3 5563 5552 5530
3 5567 5563 5530
3 5573 5567 5530
3 5530 5817 5821
3 5573 5530 5821
3 5579 5573 5821
3 5859 5579 5821
3 5860 5580 5579
3 5860 5579 5859
3 5870 5860 5859
3 5870 5859 5869
3 5880 5870 5869
3 5880 5869 5879
3 5888 5880 5879
3 5888 5879 5887
3 5896 5888 5887
3 5896 5887 5895
3 5904 5896 5895
3 5904 5895 5903
3 5912 5904 5903
3 5912 5903 5911
3 5925 5912 5911
3 5925 5911 5924
3 5935 5925 5924
3 5935 5924 5934
3 5943 5935 5934
3 5943 5934 5942
3 5951 5943 5942
3 5951 5942 5950
3 5959 5951 5950
3 5959 5950 5958
3 5967 5959 5958
3 5967 5958 5966
3 5963 5967 5966
3 5963 5966 5962
3 5955 5963 5962
3 5955 5962 5954
3 5947 5955 5954
3 5947 5954 5946
3 5939 5947 5946
3 5939 5946 5938
3 5929 5939 5938
3 5929 5938 5928
3 5921 5929 5928
3 5921 5928 5920
3 5908 5921 5920
3 5908 5920 5907
3 5900 5908 5907
3 5900 5907 5899
3 5892 5900 5899
3 5892 5899 5891
3 5892 5891 5883
3 5884 5892 5883
3 5884 5883 5873
3 5874 5884 5873
3 5874 5873 5865
3 5866 5874 5865
3 5866 5865 5855
3 5856 5866 5855
3 5856 5855 5851
3 5852 5856 5851
3 5852 5851 5845
3 5846 5852 5845
3 5846 5845 5839
3 5840 5846 5839
3 5840 5839 5835
3 5836 5840 5835
3 5836 5835 5829
3 5830 5836 5829
3 5830 5829 5825
3 5826 5830 5825
3 5826 5825 5821
3 5822 5826 5821
3 5822 5821 5817
3 5818 5822 5817
3 5818 5817 5530
3 5531 5818 5530
3 5531 5530 5518
3 5519 5531 5518
3 5519 5518 5510
3 5511 5519 5510
3 5511 5510 5496
3 5497 5511 5496
3 5497 5496 5484
3 5485 5497 5484
3 5485 5484 5471
3 5472 5485 5471
3 5472 5471 5463
3 5464 5472 5463
3 5464 5463 5451
3 5452 5464 5451
3 5452 5451 5441
3 5442 5452 5441
3 5442 5441 5430
3 5431 5442 5430
3 5431 5430 5422
3 5423 5431 5422
3 5423 5422 5411
3 5412 5423 5411
3 5412 5411 5403
3 5404 5412 5403
3 5404 5403 5395
3 5396 5404 5395
3 5396 5395 5399
3 5400 5396 5399
3 5400 5399 5407
3 5408 5400 5407
3 5408 5407 5418
3 5419 5408 5418
3 5419 5418 5426
3 5427 5419 5426
3 5427 5426 5437
3 5438 5427 5437
3 5438 5437 5447
3 5448 5438 5447
3 5448 5447 5459
3 5460 5448 5459
3 5460 5459 5467
3 5468 5460 5467
3 5468 5467 5480
3 5481 5468 5480
3 5493 5481 5480
3 5493 5480 5492
3 5507 5493 5492
3 5507 5492 5506
3 5515 5507 5506
3 5515 5506 5514
3 5527 5515 5514
3 5527 5514 5526
3 5549 5527 5526
3 5549 5526 5548
3 5553 5549 5548
3 5553 5548 5552
3 5564 5553 5552
3 5564 5552 5563
3 5568 5564 5563
3 5568 5563 5567
3 5574 5568 5567
3 5574 5567 5573
3 5580 5574 5573
3 5580 5573 5579
3 5880 5870 5860
3 5888 5880 5860
3 5896 5888 5860
3 5904 5896 5860
3 5912 5904 5860
3 5925 5912 5860
3 5935 5925 5860
3 5943 5935 5860
3 5951 5943 5860
3 5959 5951 5860
3 5967 5959 5860
3 5963 5967 5860
3 5955 5963 5860
3 5947 5955 5860
3 5939 5947 5860
3 5929 5939 5860
3 5921 5929 5860
3 5908 5921 5860
3 5900 5908 5860
3 5892 5900 5860
3 5884 5892 5860
3 5874 5884 5860
3 5866 5874 5860
3 5856 5866 5860
3 5852 5856 5860
3 5846 5852 5860
3 5840 5846 5860
3 5836 5840 5860
3 5830 5836 5860
3 5826 5830 5860
3 5822 5826 5860
3 5511 5519 5531
3 5497 5511 5531
3 5485 5497 5531
3 5472 5485 5531
3 5464 5472 5531
3 5452 5464 5531
3 5442 5452 5531
3 5431 5442 5531
3 5423 5431 5531
3 5412 5423 5531
3 5404 5412 5531
3 5396 5404 5531
3 5400 5396 5531
3 5408 5400 5531
3 5419 5408 5531
3 5427 5419 5531
3 5438 5427 5531
3 5448 5438 5531
3 5460 5448 5531
3 5468 5460 5531
3 5481 5468 5531
3 5493 5481 5531
3 5507 5493 5531
3 5515 5507 5531
3 5527 5515 5531
3 5549 5527 5531
3 5553 5549 5531
3 5564 5553 5531
3 5568 5564 5531
3 5574 5568 5531
3 5531 5818 5822
3 5574 5531 5822
3 5580 5574 5822
3 5860 5580 5822
3 6737 6725 6711
3 6755 6737 6711
3 6763 6755 6711
3 6773 6763 6711
3 6786 6773 6711
3 6798 6786 6711
3 6806 6798 6711
3 6814 6806 6711
3 6822 6814 6711
3 6830 6822 6711
3 6838 6830 6711
3 6834 6838 6711
3 6826 6834 6711
3 6818 6826 6711
3 6810 6818 6711
3 6802 6810 6711
3 6794 6802 6711
3 6777 6794 6711
3 6769 6777 6711
3 6759 6769 6711
3 6746 6759 6711
3 6733 6746 6711
3 6715 6733 6711
3 6702 6715 6711
3 6698 6702 6711
3 6692 6698 6711
3 6684 6692 6711
3 6680 6684 6711
3 6676 6680 6711
3 6672 6676 6711
3 6664 6672 6711
3 6564 6574 6582
3 6550 6564 6582
3 6542 6550 6582
3 6532 6542 6582
3 6524 6532 6582
3 6516 6524 6582
3 6508 6516 6582
3 6500 6508 6582
3 6492 6500 6582
3 6484 6492 6582
3 6476 6484 6582
3 6466 6476 6582
3 6472 6466 6582
3 6480 6472 6582
3 6488 6480 6582
3 6496 6488 6582
3 6504 6496 6582
3 6512 6504 6582
3 6520 6512 6582
3 6528 6520 6582
3 6538 6528 6582
3 6546 6538 6582
3 6560 6546 6582
3 6570 6560 6582
3 6578 6570 6582
3 6594 6578 6582
3 6600 6594 6582
3 6608 6600 6582
3 6614 6608 6582
3 6618 6614 6582
3 6582 6660 6664
3 6618 6582 6664
3 6624 6618 6664
3 6711 6624 6664
3 6712 6625 6624
3 6712 6624 6711
3 6726 6712 6711
3 6726 6711 6725
3 6738 6726 6725
3 6738 6725 6737
3 6756 6738 6737
3 6756 6737 6755
3 6764 6756 6755
3 6764 6755 6763
3 6774 6764 6763
3 6774 6763 6773
3 6787 6774 6773
3 6787 6773 6786
3 6799 6787 6786
3 6799 6786 6798
3 6807 6799 6798
3 6807 6798 6806
3 6815 6807 6806
3 6815 6806 6814
3 6823 6815 6814
3 6823 6814 6822
3 6831 6823 6822
3 6831 6822 6830
3 6839 6831 6830
3 6839 6830 6838
3 6835 6839 6838
3 6835 6838 6834
3 6827 6835 6834
3 6827 6834 6826
3 6819 6827 6826
3 6819 6826 6818
3 6811 6819 6818
3 6811 6818 6810
3 6803 6811 6810
3 6803 6810 6802
3 6795 6803 6802
3 6795 6802 6794
3 6778 6795 6794
3 6778 6794 6777
3 6770 6778 6777
3 6770 6777 6769
3 6760 6770 6769
3 6760 6769 6759
3 6760 6759 6746
3 6747 6760 6746
3 6747 6746 6733
3 6734 6747 6733
3 6734 6733 6715
3 6716 6734 6715
3 6716 6715 6702
3 6703 6716 6702
3 6703 6702 6698
3 6699 6703 6698
3 6699 6698 6692
3 6693 6699 6692
3 6693 6692 6684
3 6685 6693 6684
3 6685 6684 6680
3 6681 6685 6680
3 6681 6680 6676
3 6677 6681 6676
3 6677 6676 6672
3 6673 6677 6672
3 6673 6672 6664
3 6665 6673 6664
3 6665 6664 6660
3 6661 6665 6660
3 6661 6660 6582
3 6583 6661 6582
3 6583 6582 6574
3 6575 6583 6574
3 6575 6574 6564
3 6565 6575 6564
3 6565 6564 6550
3 6551 6565 6550
3 6551 6550 6542
3 6543 6551 6542
3 6543 6542 6532
3 6533 6543 6532
3 6533 6532 6524
3 6525 6533 6524
3 6525 6524 6516
3 6517 6525 6516
3 6517 6516 6508
3 6509 6517 6508
3 6509 6508 6500
3 6501 6509 6500
3 6501 6500 6492
3 6493 6501 6492
3 6493 6492 6484
3 6485 6493 6484
3 6485 6484 6476
3 6477 6485 6476
3 6477 6476 6466
3 6467 6477 6466
3 6467 6466 6472
3 6473 6467 6472
3 6473 6472 6480
3 6481 6473 6480
3 6481 6480 6488
3 6489 6481 6488
3 6489 6488 6496
3 6497 6489 6496
3 6497 6496 6504
3 6505 6497 6504
3 6505 6504 6512
3 6513 6505 6512
3 6513 6512 6520
3 6521 6513 6520
3 6521 6520 6528
3 6529 6521 6528
3 6529 6528 6538
3 6539 6529 6538
3 6547 6539 6538
3 6547 6538 6546
3 6561 6547 6546
3 6561 6546 6560
3 6571 6561 6560
3 6571 6560 6570
3 6579 6571 6570
3 6579 6570 6578
3 6595 6579 6578
3 6595 6578 6594
3 6601 6595 6594
3 6601 6594 6600
3 6609 6601 6600
3 6609 6600 6608
3 6615 6609 6608
3 6615 6608 6614
3 6619 6615 6614
3 6619 6614 6618
3 6625 6619 6618
3 6625 6618 6624
3 6738 6726 6712
3 6756 6738 6712
3 6764 6756 6712
3 6774 6764 6712
3 6787 6774 6712
3 6799 6787 6712
3 6807 6799 6712
3 6815 6807 6712
3 6823 6815 6712
3 6831 6823 6712
3 6839 6831 6712
3 6835 6839 6712
3 6827 6835 6712
3 6819 6827 6712
3 6811 6819 6712
3 6803 6811 6712
3 6795 6803 6712
3 6778 6795 6712
3 6770 6778 6712
3 6760 6770 6712
3 6747 6760 6712
3 6734 6747 6712
3 6716 6734 6712
3 6703 6716 6712
3 6699 6703 6712
3 6693 6699 6712
3 6685 6693 6712
3 6681 6685 6712
3 6677 6681 6712
3 6673 6677 6712
3 6665 6673 6712
3 6565 6575 6583
3 6551 6565 6583
3 6543 6551 6583
3 6533 6543 6583
3 6525 6533 6583
3 6517 6525 6583
3 6509 6517 6583
3 6501 6509 6583
3 6493 6501 6583
3 6485 6493 6583
3 6477 6485 6583
3 6467 6477 6583
3 6473 6467 6583
3 6481 6473 6583
3 6489 6481 6583
3 6497 6489 6583
3 6505 6497 6583
3 6513 6505 6583
3 6521 6513 6583
3 6529 6521 6583
3 6539 6529 6583
3 6547 6539 6583
3 6561 6547 6583
3 6571 6561 6583
3 6579 6571 6583
3 6595 6579 6583
3 6601 6595 6583
3 6609 6601 6583
3 6615 6609 6583
3 6619 6615 6583
3 6583 6661 6665
3 6619 6583 6665
3 6625 6619 6665
3 6712 6625 6665
3 12679 783 381
3 8982 12327 12679
3 7120 8952 8982
3 7197 7120 8982
3 381 7197 8982
3 12679 381 8982
3 12680 784 783
3 12680 783 12679
3 12328 12680 12679
3 12328 12679 12327
3 12328 12327 8982
3 8983 12328 8982
3 8953 8983 8982
3 8953 8982 8952
3 8953 8952 7120
3 7121 8953 7120
3 7121 7120 7197
3 7198 7121 7197
3 7198 7197 381
3 382 7198 381
3 382 381 783
3 784 382 783
3 12680 784 382
3 8983 12328 12680
3 7121 8953 8983
3 7198 7121 8983
3 382 7198 8983
3 12680 382 8983
3 12705 12693 12685
3 12709 12705 12685
3 12721 12709 12685
3 12725 12721 12685
3 12733 12725 12685
3 12745 12733 12685
3 12757 12745 12685
3 12765 12757 12685
3 12775 12765 12685
3 12787 12775 12685
3 12795 12787 12685
3 12799 12795 12685
3 12791 12799 12685
3 12779 12791 12685
3 12405 12413 12417
3 12397 12405 12417
3 12389 12397 12417
3 12381 12389 12417
3 12377 12381 12417
3 12373 12377 12417
3 12369 12373 12417
3 12365 12369 12417
3 12361 12365 12417
3 12357 12361 12417
3 12353 12357 12417
3 12337 12353 12417
3 12329 12337 12417
3 12323 12329 12417
3 12319 12323 12417
3 12303 12319 12417
3 9198 9250 9326
3 9186 9198 9326
3 9153 9186 9326
3 9140 9153 9326
3 9136 9140 9326
3 9132 9136 9326
3 9125 9132 9326
3 9118 9125 9326
3 9111 9118 9326
3 9104 9111 9326
3 9096 9104 9326
3 9088 9096 9326
3 9080 9088 9326
3 9076 9080 9326
3 9084 9076 9326
3 9092 9084 9326
3 6932 6936 6940
3 6928 6932 6940
3 6924 6928 6940
3 6916 6924 6940
3 6908 6916 6940
3 6896 6908 6940
3 6892 6896 6940
3 6888 6892 6940
3 6874 6888 6940
3 6854 6874 6940
3 6842 6854 6940
3 6790 6842 6940
3 6721 6790 6940
3 6688 6721 6940
3 351 373 377
3 347 351 377
3 343 347 377
3 333 343 377
3 325 333 377
3 321 325 377
3 317 321 377
3 313 317 377
3 305 313 377
3 293 305 377
3 281 293 377
3 273 281 377
3 265 273 377
3 269 265 377
3 277 269 377
3 285 277 377
3 297 285 377
3 706 702 698
3 710 706 698
3 714 710 698
3 718 714 698
3 722 718 698
3 726 722 698
3 730 726 698
3 751 730 698
3 761 751 698
3 771 761 698
3 775 771 698
3 779 775 698
3 785 779 698
3 789 785 698
3 795 789 698
3 801 795 698
3 801 698 309
3 12685 801 309
3 12779 12685 309
3 12769 12779 309
3 12417 12769 309
3 12295 12303 12417
3 9326 12295 12417
3 9092 9326 12417
3 9100 9092 12417
3 6940 9100 12417
3 6668 6688 6940
3 377 6668 6940
3 297 377 6940
3 309 297 6940
3 12417 309 6940
3 12686 802 801
3 12686 801 12685
3 12694 12686 12685
3 12694 12685 12693
3 12706 12694 12693
3 12706 12693 12705
3 12710 12706 12705
3 12710 12705 12709
3 12722 12710 12709
3 12722 12709 12721
3 12726 12722 12721
3 12726 12721 12725
3 12734 12726 12725
3 12734 12725 12733
3 12746 12734 12733
3 12746 12733 12745
3 12758 12746 12745
3 12758 12745 12757
3 12766 12758 12757
3 12766 12757 12765
3 12776 12766 12765
3 12776 12765 12775
3 12788 12776 12775
3 12788 12775 12787
3 12796 12788 12787
3 12796 12787 12795
3 12800 12796 12795
3 12800 12795 12799
3 12792 12800 12799
3 12792 12799 12791
3 12780 12792 12791
3 12780 12791 12779
3 12770 12780 12779
3 12770 12779 12769
3 12418 12770 12769
3 12418 12769 12417
3 12414 12418 12417
3 12414 12417 12413
3 12406 12414 12413
3 12406 12413 12405
3 12398 12406 12405
3 12398 12405 12397
3 12390 12398 12397
3 12390 12397 12389
3 12382 12390 12389
3 12382 12389 12381
3 12378 12382 12381
3 12378 12381 12377
3 12374 12378 12377
3 12374 12377 12373
3 12370 12374 12373
3 12370 12373 12369
3 12370 12369 12365
3 12366 12370 12365
3 12366 12365 12361
3 12362 12366 12361
3 12362 12361 12357
3 12358 12362 12357
3 12358 12357 12353
3 12354 12358 12353
3 12354 12353 12337
3 12338 12354 12337
3 12338 12337 12329
3 12330 12338 12329
3 12330 12329 12323
3 12324 12330 12323
3 12324 12323 12319
3 12320 12324 12319
3 12320 12319 12303
3 12304 12320 12303
3 12304 12303 12295
3 12296 12304 12295
3 12296 12295 9326
3 9327 12296 9326
3 9327 9326 9250
3 9251 9327 9250
3 9251 9250 9198
3 9199 9251 9198
3 9199 9198 9186
3 9187 9199 9186
3 9187 9186 9153
3 9154 9187 9153
3 9154 9153 9140
3 9141 9154 9140
3 9141 9140 9136
3 9137 9141 9136
3 9137 9136 9132
3 9133 9137 9132
3 9133 9132 9125
3 9126 9133 9125
3 9126 9125 9118
3 9119 9126 9118
3 9119 9118 9111
3 9112 9119 9111
3 9112 9111 9104
3 9105 9112 9104
3 9105 9104 9096
3 9097 9105 9096
3 9097 9096 9088
3 9089 9097 9088
3 9089 9088 9080
3 9081 9089 9080
3 9081 9080 9076
3 9077 9081 9076
3 9077 9076 9084
3 9085 9077 9084
3 9085 9084 9092
3 9093 9085 9092
3 9093 9092 9100
3 9101 9093 9100
3 9101 9100 6940
3 6941 9101 6940
3 6937 6941 6940
3 6937 6940 6936
3 6933 6937 6936
3 6933 6936 6932
3 6929 6933 6932
3 6929 6932 6928
3 6925 6929 6928
3 6925 6928 6924
3 6917 6925 6924
3 6917 6924 6916
3 6909 6917 6916
3 6909 6916 6908
3 6909 6908 6896
3 6897 6909 6896
3 6897 6896 6892
3 6893 6897 6892
3 6893 6892 6888
3 6889 6893 6888
3 6889 6888 6874
3 6875 6889 6874
3 6875 6874 6854
3 6855 6875 6854
3 6855 6854 6842
3 6843 6855 6842
3 6843 6842 6790
3 6791 6843 6790
3 6791 6790 6721
3 6722 6791 6721
3 6722 6721 6688
3 6689 6722 6688
3 6689 6688 6668
3 6669 6689 6668
3 6669 6668 377
3 378 6669 377
3 378 377 373
3 374 378 373
3 374 373 351
3 352 374 351
3 352 351 347
3 348 352 347
3 348 347 343
3 344 348 343
3 344 343 333
3 334 344 333
3 334 333 325
3 326 334 325
3 326 325 321
3 322 326 321
3 322 321 317
3 318 322 317
3 318 317 313
3 314 318 313
3 314 313 305
3 306 314 305
3 306 305 293
3 294 306 293
3 294 293 281
3 282 294 281
3 282 281 273
3 274 282 273
3 274 273 265
3 266 274 265
3 266 265 269
3 270 266 269
3 270 269 277
3 278 270 277
3 278 277 285
3 286 278 285
3 286 285 297
3 298 286 297
3 298 297 309
3 310 298 309
3 310 309 698
3 699 310 698
3 699 698 702
3 703 699 702
3 703 702 706
3 707 703 706
3 707 706 710
3 711 707 710
3 711 710 714
3 715 711 714
3 719 715 714
3 719 714 718
3 723 719 718
3 723 718 722
3 727 723 722
3 727 722 726
3 731 727 726
3 731 726 730
3 752 731 730
3 752 730 751
3 762 752 751
3 762 751 761
3 772 762 761
3 772 761 771
3 776 772 771
3 776 771 775
3 780 776 775
3 780 775 779
3 786 780 779
3 786 779 785
3 790 786 785
3 790 785 789
3 796 790 789
3 796 789 795
3 802 796 795
3 802 795 801
3 12706 12694 12686
3 12710 12706 12686
3 12722 12710 12686
3 12726 12722 12686
3 12734 12726 12686
3 12746 12734 12686
3 12758 12746 12686
3 12766 12758 12686
3 12776 12766 12686
3 12788 12776 12686
3 12796 12788 12686
3 12800 12796 12686
3 12792 12800 12686
3 12780 12792 12686
3 12406 12414 12418
3 12398 12406 12418
3 12390 12398 12418
3 12382 12390 12418
3 12378 12382 12418
3 12374 12378 12418
3 12370 12374 12418
3 12366 12370 12418
3 12362 12366 12418
3 12358 12362 12418
3 12354 12358 12418
3 12338 12354 12418
3 12330 12338 12418
3 12324 12330 12418
3 12320 12324 12418
3 12304 12320 12418
3 9199 9251 9327
3 9187 9199 9327
3 9154 9187 9327
3 9141 9154 9327
3 9137 9141 9327
3 9133 9137 9327
3 9126 9133 9327
3 9119 9126 9327
3 9112 9119 9327
3 9105 9112 9327
3 9097 9105 9327
3 9089 9097 9327
3 9081 9089 9327
3 9077 9081 9327
3 9085 9077 9327
3 9093 9085 9327
3 6933 6937 6941
3 6929 6933 6941
3 6925 6929 6941
3 6917 6925 6941
3 6909 6917 6941
3 6897 6909 6941
3 6893 6897 6941
3 6889 6893 6941
3 6875 6889 6941
3 6855 6875 6941
3 6843 6855 6941
3 6791 6843 6941
3 6722 6791 6941
3 6689 6722 6941
3 352 374 378
3 348 352 378
3 344 348 378
3 334 344 378
3 326 334 378
3 322 326 378
3 318 322 378
3 314 318 378
3 306 314 378
3 294 306 378
3 282 294 378
3 274 282 378
3 266 274 378
3 270 266 378
3 278 270 378
3 286 278 378
3 298 286 378
3 707 703 699
3 711 707 699
3 715 711 699
3 719 715 699
3 723 719 699
3 727 723 699
3 731 727 699
3 752 731 699
3 762 752 699
3 772 762 699
3 776 772 699
3 780 776 699
3 786 780 699
3 790 786 699
3 796 790 699
3 802 796 699
3 802 699 310
3 12686 802 310
3 12780 12686 310
3 12770 12780 310
3 12418 12770 310
3 12296 12304 12418
3 9327 12296 12418
3 9093 9327 12418
3 9101 9093 12418
3 6941 9101 12418
3 6669 6689 6941
3 378 6669 6941
3 298 378 6941
3 310 298 6941
3 12418 310 6941
3 12706 12694 12686
3 12710 12706 12686
3 12722 12710 12686
3 12726 12722 12686
3 12734 12726 12686
3 12746 12734 12686
3 12758 12746 12686
3 12766 12758 12686
3 12776 12766 12686
3 12788 12776 12686
3 12796 12788 12686
3 12800 12796 12686
3 12792 12800 12686
3 12780 12792 12686
3 12406 12414 12418
3 12398 12406 12418
3 12390 12398 12418
3 12382 12390 12418
3 12378 12382 12418
3 12374 12378 12418
3 12370 12374 12418
3 12366 12370 12418
3 12362 12366 12418
3 12358 12362 12418
3 12354 12358 12418
3 12338 12354 12418
3 12330 12338 12418
3 12324 12330 12418
3 12320 12324 12418
3 12304 12320 12418
3 9199 9251 9327
3 9187 9199 9327
3 9154 9187 9327
3 9141 9154 9327
3 9137 9141 9327
3 9133 9137 9327
3 9126 9133 9327
3 9119 9126 9327
3 9112 9119 9327
3 9105 9112 9327
3 9097 9105 9327
3 9089 9097 9327
3 9081 9089 9327
3 9077 9081 9327
3 9085 9077 9327
3 9093 9085 9327
3 6933 6937 6941
3 6929 6933 6941
3 6925 6929 6941
3 6917 6925 6941
3 6909 6917 6941
3 6897 6909 6941
3 6893 6897 6941
3 6889 6893 6941
3 6875 6889 6941
3 6855 6875 6941
3 6843 6855 6941
3 6791 6843 6941
3 6722 6791 6941
3 6689 6722 6941
3 352 374 378
3 348 352 378
3 344 348 378
3 334 344 378
3 326 334 378
3 322 326 378
3 318 322 378
3 314 318 378
3 306 314 378
3 294 306 378
3 282 294 378
3 274 282 378
3 266 274 378
3 270 266 378
3 278 270 378
3 286 278 378
3 298 286 378
3 707 703 699
3 711 707 699
3 715 711 699
3 719 715 699
3 723 719 699
3 727 723 699
3 731 727 699
3 752 731 699
3 762 752 699
3 772 762 699
3 776 772 699
3 780 776 699
3 786 780 699
3 790 786 699
3 796 790 699
3 802 796 699
3 802 699 310
3 12686 802 310
3 12780 12686 310
3 12770 12780 310
3 12418 12770 310
3 12296 12304 12418
3 9327 12296 12418
3 9093 9327 12418
3 9101 9093 12418
3 6941 9101 12418
3 6669 6689 6941
3 378 6669 6941
3 298 378 6941
3 310 298 6941
3 12418 310 6941
3 12687 803 802
3 12687 802 12686
3 12695 12687 12686
3 12695 12686 12694
3 12707 12695 12694
3 12707 12694 12706
3 12711 12707 12706
3 12711 12706 12710
3 12723 12711 12710
3 12723 12710 12722
3 12727 12723 12722
3 12727 12722 12726
3 12735 12727 12726
3 12735 12726 12734
3 12747 12735 12734
3 12747 12734 12746
3 12759 12747 12746
3 12759 12746 12758
3 12767 12759 12758
3 12767 12758 12766
3 12777 12767 12766
3 12777 12766 12776
3 12789 12777 12776
3 12789 12776 12788
3 12797 12789 12788
3 12797 12788 12796
3 12801 12797 12796
3 12801 12796 12800
3 12793 12801 12800
3 12793 12800 12792
3 12781 12793 12792
3 12781 12792 12780
3 12771 12781 12780
3 12771 12780 12770
3 12419 12771 12770
3 12419 12770 12418
3 12415 12419 12418
3 12415 12418 12414
3 12407 12415 12414
3 12407 12414 12406
3 12399 12407 12406
3 12399 12406 12398
3 12391 12399 12398
3 12391 12398 12390
3 12383 12391 12390
3 12383 12390 12382
3 12379 12383 12382
3 12379 12382 12378
3 12375 12379 12378
3 12375 12378 12374
3 12371 12375 12374
3 12371 12374 12370
3 12371 12370 12366
3 12367 12371 12366
3 12367 12366 12362
3 12363 12367 12362
3 12363 12362 12358
3 12359 12363 12358
3 12359 12358 12354
3 12355 12359 12354
3 12355 12354 12338
3 12339 12355 12338
3 12339 12338 12330
3 12331 12339 12330
3 12331 12330 12324
3 12325 12331 12324
3 12325 12324 12320
3 12321 12325 12320
3 12321 12320 12304
3 12305 12321 12304
3 12305 12304 12296
3 12297 12305 12296
3 12297 12296 9327
3 9328 12297 9327
3 9328 9327 9251
3 9252 9328 9251
3 9252 9251 9199
3 9200 9252 9199
3 9200 9199 9187
3 9188 9200 9187
3 9188 9187 9154
3 9155 9188 9154
3 9155 9154 9141
3 9142 9155 9141
3 9142 9141 9137
3 9138 9142 9137
3 9138 9137 9133
3 9134 9138 9133
3 9134 9133 9126
3 9127 9134 9126
3 9127 9126 9119
3 9120 9127 9119
3 9120 9119 9112
3 9113 9120 9112
3 9113 9112 9105
3 9106 9113 9105
3 9106 9105 9097
3 9098 9106 9097
3 9098 9097 9089
3 9090 9098 9089
3 9090 9089 9081
3 9082 9090 9081
3 9082 9081 9077
3 9078 9082 9077
3 9078 9077 9085
3 9086 9078 9085
3 9086 9085 9093
3 9094 9086 9093
3 9094 9093 9101
3 9102 9094 9101
3 9102 9101 6941
3 6942 9102 6941
3 6938 6942 6941
3 6938 6941 6937
3 6934 6938 6937
3 6934 6937 6933
3 6930 6934 6933
3 6930 6933 6929
3 6926 6930 6929
3 6926 6929 6925
3 6918 6926 6925
3 6918 6925 6917
3 6910 6918 6917
3 6910 6917 6909
3 6910 6909 6897
3 6898 6910 6897
3 6898 6897 6893
3 6894 6898 6893
3 6894 6893 6889
3 6890 6894 6889
3 6890 6889 6875
3 6876 6890 6875
3 6876 6875 6855
3 6856 6876 6855
3 6856 6855 6843
3 6844 6856 6843
3 6844 6843 6791
3 6792 6844 6791
3 6792 6791 6722
3 6723 6792 6722
3 6723 6722 6689
3 6690 6723 6689
3 6690 6689 6669
3 6670 6690 6669
3 6670 6669 378
3 379 6670 378
3 379 378 374
3 375 379 374
3 375 374 352
3 353 375 352
3 353 352 348
3 349 353 348
3 349 348 344
3 345 349 344
3 345 344 334
3 335 345 334
3 335 334 326
3 327 335 326
3 327 326 322
3 323 327 322
3 323 322 318
3 319 323 318
3 319 318 314
3 315 319 314
3 315 314 306
3 307 315 306
3 307 306 294
3 295 307 294
3 295 294 282
3 283 295 282
3 283 282 274
3 275 283 274
3 275 274 266
3 267 275 266
3 267 266 270
3 271 267 270
3 271 270 278
3 279 271 278
3 279 278 286
3 287 279 286
3 287 286 298
3 299 287 298
3 299 298 310
3 311 299 310
3 311 310 699
3 700 311 699
3 700 699 703
3 704 700 703
3 704 703 707
3 708 704 707
3 708 707 711
3 712 708 711
3 712 711 715
3 716 712 715
3 720 716 715
3 720 715 719
3 724 720 719
3 724 719 723
3 728 724 723
3 728 723 727
3 732 728 727
3 732 727 731
3 753 732 731
3 753 731 752
3 763 753 752
3 763 752 762
3 773 763 762
3 773 762 772
3 777 773 772
3 777 772 776
3 781 777 776
3 781 776 780
3 787 781 780
3 787 780 786
3 791 787 786
3 791 786 790
3 797 791 790
3 797 790 796
3 803 797 796
3 803 796 802
3 12707 12695 12687
3 12711 12707 12687
3 12723 12711 12687
3 12727 12723 12687
3 12735 12727 12687
3 12747 12735 12687
3 12759 12747 12687
3 12767 12759 12687
3 12777 12767 12687
3 12789 12777 12687
3 12797 12789 12687
3 12801 12797 12687
3 12793 12801 12687
3 12781 12793 12687
3 12407 12415 12419
3 12399 12407 12419
3 12391 12399 12419
3 12383 12391 12419
3 12379 12383 12419
3 12375 12379 12419
3 12371 12375 12419
3 12367 12371 12419
3 12363 12367 12419
3 12359 12363 12419
3 12355 12359 12419
3 12339 12355 12419
3 12331 12339 12419
3 12325 12331 12419
3 12321 12325 12419
3 12305 12321 12419
3 9200 9252 9328
3 9188 9200 9328
3 9155 9188 9328
3 9142 9155 9328
3 9138 9142 9328
3 9134 9138 9328
3 9127 9134 9328
3 9120 9127 9328
3 9113 9120 9328
3 9106 9113 9328
3 9098 9106 9328
3 9090 9098 9328
3 9082 9090 9328
3 9078 9082 9328
3 9086 9078 9328
3 9094 9086 9328
3 6934 6938 6942
3 6930 6934 6942
3 6926 6930 6942
3 6918 6926 6942
3 6910 6918 6942
3 6898 6910 6942
3 6894 6898 6942
3 6890 6894 6942
3 6876 6890 6942
3 6856 6876 6942
3 6844 6856 6942
3 6792 6844 6942
3 6723 6792 6942
3 6690 6723 6942
3 353 375 379
3 349 353 379
3 345 349 379
3 335 345 379
3 327 335 379
3 323 327 379
3 319 323 379
3 315 319 379
3 307 315 379
3 295 307 379
3 283 295 379
3 275 283 379
3 267 275 379
3 271 267 379
3 279 271 379
3 287 279 379
3 299 287 379
3 708 704 700
3 712 708 700
3 716 712 700
3 720 716 700
3 724 720 700
3 728 724 700
3 732 728 700
3 753 732 700
3 763 753 700
3 773 763 700
3 777 773 700
3 781 777 700
3 787 781 700
3 791 787 700
3 797 791 700
3 803 797 700
3 803 700 311
3 12687 803 311
3 12781 12687 311
3 12771 12781 311
3 12419 12771 311
3 12297 12305 12419
3 9328 12297 12419
3 9094 9328 12419
3 9102 9094 12419
3 6942 9102 12419
3 6670 6690 6942
3 379 6670 6942
3 299 379 6942
3 311 299 6942
3 12419 311 6942
3 12707 12695 12687
3 12711 12707 12687
3 12723 12711 12687
3 12727 12723 12687
3 12735 12727 12687
3 12747 12735 12687
3 12759 12747 12687
3 12767 12759 12687
3 12777 12767 12687
3 12789 12777 12687
3 12797 12789 12687
3 12801 12797 12687
3 12793 12801 12687
3 12781 12793 12687
3 12407 12415 12419
3 12399 12407 12419
3 12391 12399 12419
3 12383 12391 12419
3 12379 12383 12419
3 12375 12379 12419
3 12371 12375 12419
3 12367 12371 12419
3 12363 12367 12419
3 12359 12363 12419
3 12355 12359 12419
3 12339 12355 12419
3 12331 12339 12419
3 12325 12331 12419
3 12321 12325 12419
3 12305 12321 12419
3 9200 9252 9328
3 9188 9200 9328
3 9155 9188 9328
3 9142 9155 9328
3 9138 9142 9328
3 9134 9138 9328
3 9127 9134 9328
3 9120 9127 9328
3 9113 9120 9328
3 9106 9113 9328
3 9098 9106 9328
3 9090 9098 9328
3 9082 9090 9328
3 9078 9082 9328
3 9086 9078 9328
3 9094 9086 9328
3 6934 6938 6942
3 6930 6934 6942
3 6926 6930 6942
3 6918 6926 6942
3 6910 6918 6942
3 6898 6910 6942
3 6894 6898 6942
3 6890 6894 6942
3 6876 6890 6942
3 6856 6876 6942
3 6844 6856 6942
3 6792 6844 6942
3 6723 6792 6942
3 6690 6723 6942
3 353 375 379
3 349 353 379
3 345 349 379
3 335 345 379
3 327 335 379
3 323 327 379
3 319 323 379
3 315 319 379
3 307 315 379
3 295 307 379
3 283 295 379
3 275 283 379
3 267 275 379
3 271 267 379
3 279 271 379
3 287 279 379
3 299 287 379
3 708 704 700
3 712 708 700
3 716 712 700
3 720 716 700
3 724 720 700
3 728 724 700
3 732 728 700
3 753 732 700
3 763 753 700
3 773 763 700
3 777 773 700
3 781 777 700
3 787 781 700
3 791 787 700
3 797 791 700
3 803 797 700
3 803 700 311
3 12687 803 311
3 12781 12687 311
3 12771 12781 311
3 12419 12771 311
3 12297 12305 12419
3 9328 12297 12419
3 9094 9328 12419
3 9102 9094 12419
3 6942 9102 12419
3 6670 6690 6942
3 379 6670 6942
3 299 379 6942
3 311 299 6942
3 12419 311 6942
3 12688 804 803
3 12688 803 12687
3 12696 12688 12687
3 12696 12687 12695
3 12708 12696 12695
3 12708 12695 12707
3 12712 12708 12707
3 12712 12707 12711
3 12724 12712 12711
3 12724 12711 12723
3 12728 12724 12723
3 12728 12723 12727
3 12736 12728 12727
3 12736 12727 12735
3 12748 12736 12735
3 12748 12735 12747
3 12760 12748 12747
3 12760 12747 12759
3 12768 12760 12759
3 12768 12759 12767
3 12778 12768 12767
3 12778 12767 12777
3 12790 12778 12777
3 12790 12777 12789
3 12798 12790 12789
3 12798 12789 12797
3 12802 12798 12797
3 12802 12797 12801
3 12794 12802 12801
3 12794 12801 12793
3 12782 12794 12793
3 12782 12793 12781
3 12772 12782 12781
3 12772 12781 12771
3 12420 12772 12771
3 12420 12771 12419
3 12416 12420 12419
3 12416 12419 12415
3 12408 12416 12415
3 12408 12415 12407
3 12400 12408 12407
3 12400 12407 12399
3 12392 12400 12399
3 12392 12399 12391
3 12384 12392 12391
3 12384 12391 12383
3 12380 12384 12383
3 12380 12383 12379
3 12376 12380 12379
3 12376 12379 12375
3 12372 12376 12375
3 12372 12375 12371
3 12372 12371 12367
3 12368 12372 12367
3 12368 12367 12363
3 12364 12368 12363
3 12364 12363 12359
3 12360 12364 12359
3 12360 12359 12355
3 12356 12360 12355
3 12356 12355 12339
3 12340 12356 12339
3 12340 12339 12331
3 12332 12340 12331
3 12332 12331 12325
3 12326 12332 12325
3 12326 12325 12321
3 12322 12326 12321
3 12322 12321 12305
3 12306 12322 12305
3 12306 12305 12297
3 12298 12306 12297
3 12298 12297 9328
3 9329 12298 9328
3 9329 9328 9252
3 9253 9329 9252
3 9253 9252 9200
3 9201 9253 9200
3 9201 9200 9188
3 9189 9201 9188
3 9189 9188 9155
3 9156 9189 9155
3 9156 9155 9142
3 9143 9156 9142
3 9143 9142 9138
3 9139 9143 9138
3 9139 9138 9134
3 9135 9139 9134
3 9135 9134 9127
3 9128 9135 9127
3 9128 9127 9120
3 9121 9128 9120
3 9121 9120 9113
3 9114 9121 9113
3 9114 9113 9106
3 9107 9114 9106
3 9107 9106 9098
3 9099 9107 9098
3 9099 9098 9090
3 9091 9099 9090
3 9091 9090 9082
3 9083 9091 9082
3 9083 9082 9078
3 9079 9083 9078
3 9079 9078 9086
3 9087 9079 9086
3 9087 9086 9094
3 9095 9087 9094
3 9095 9094 9102
3 9103 9095 9102
3 9103 9102 6942
3 6943 9103 6942
3 6939 6943 6942
3 6939 6942 6938
3 6935 6939 6938
3 6935 6938 6934
3 6931 6935 6934
3 6931 6934 6930
3 6927 6931 6930
3 6927 6930 6926
3 6919 6927 6926
3 6919 6926 6918
3 6911 6919 6918
3 6911 6918 6910
3 6911 6910 6898
3 6899 6911 6898
3 6899 6898 6894
3 6895 6899 6894
3 6895 6894 6890
3 6891 6895 6890
3 6891 6890 6876
3 6877 6891 6876
3 6877 6876 6856
3 6857 6877 6856
3 6857 6856 6844
3 6845 6857 6844
3 6845 6844 6792
3 6793 6845 6792
3 6793 6792 6723
3 6724 6793 6723
3 6724 6723 6690
3 6691 6724 6690
3 6691 6690 6670
3 6671 6691 6670
3 6671 6670 379
3 380 6671 379
3 380 379 375
3 376 380 375
3 376 375 353
3 354 376 353
3 354 353 349
3 350 354 349
3 350 349 345
3 346 350 345
3 346 345 335
3 336 346 335
3 336 335 327
3 328 336 327
3 328 327 323
3 324 328 323
3 324 323 319
3 320 324 319
3 320 319 315
3 316 320 315
3 316 315 307
3 308 316 307
3 308 307 295
3 296 308 295
3 296 295 283
3 284 296 283
3 284 283 275
3 276 284 275
3 276 275 267
3 268 276 267
3 268 267 271
3 272 268 271
3 272 271 279
3 280 272 279
3 280 279 287
3 288 280 287
3 288 287 299
3 300 288 299
3 300 299 311
3 312 300 311
3 312 311 700
3 701 312 700
3 701 700 704
3 705 701 704
3 705 704 708
3 709 705 708
3 709 708 712
3 713 709 712
3 713 712 716
3 717 713 716
3 721 717 716
3 721 716 720
3 725 721 720
3 725 720 724
3 729 725 724
3 729 724 728
3 733 729 728
3 733 728 732
3 754 733 732
3 754 732 753
3 764 754 753
3 764 753 763
3 774 764 763
3 774 763 773
3 778 774 773
3 778 773 777
3 782 778 777
3 782 777 781
3 788 782 781
3 788 781 787
3 792 788 787
3 792 787 791
3 798 792 791
3 798 791 797
3 804 798 797
3 804 797 803
3 12708 12696 12688
3 12712 12708 12688
3 12724 12712 12688
3 12728 12724 12688
3 12736 12728 12688
3 12748 12736 12688
3 12760 12748 12688
3 12768 12760 12688
3 12778 12768 12688
3 12790 12778 12688
3 12798 12790 12688
3 12802 12798 12688
3 12794 12802 12688
3 12782 12794 12688
3 12408 12416 12420
3 12400 12408 12420
3 12392 12400 12420
3 12384 12392 12420
3 12380 12384 12420
3 12376 12380 12420
3 12372 12376 12420
3 12368 12372 12420
3 12364 12368 12420
3 12360 12364 12420
3 12356 12360 12420
3 12340 12356 12420
3 12332 12340 12420
3 12326 12332 12420
3 12322 12326 12420
3 12306 12322 12420
3 9201 9253 9329
3 9189 9201 9329
3 9156 9189 9329
3 9143 9156 9329
3 9139 9143 9329
3 9135 9139 9329
3 9128 9135 9329
3 9121 9128 9329
3 9114 9121 9329
3 9107 9114 9329
3 9099 9107 9329
3 9091 9099 9329
3 9083 9091 9329
3 9079 9083 9329
3 9087 9079 9329
3 9095 9087 9329
3 6935 6939 6943
3 6931 6935 6943
3 6927 6931 6943
3 6919 6927 6943
3 6911 6919 6943
3 6899 6911 6943
3 6895 6899 6943
3 6891 6895 6943
3 6877 6891 6943
3 6857 6877 6943
3 6845 6857 6943
3 6793 6845 6943
3 6724 6793 6943
3 6691 6724 6943
3 354 376 380
3 350 354 380
3 346 350 380
3 336 346 380
3 328 336 380
3 324 328 380
3 320 324 380
3 316 320 380
3 308 316 380
3 296 308 380
3 284 296 380
3 276 284 380
3 268 276 380
3 272 268 380
3 280 272 380
3 288 280 380
3 300 288 380
3 709 705 701
3 713 709 701
3 717 713 701
3 721 717 701
3 725 721 701
3 729 725 701
3 733 729 701
3 754 733 701
3 764 754 701
3 774 764 701
3 778 774 701
3 782 778 701
3 788 782 701
3 792 788 701
3 798 792 701
3 804 798 701
3 804 701 312
3 12688 804 312
3 12782 12688 312
3 12772 12782 312
3 12420 12772 312
3 12298 12306 12420
3 9329 12298 12420
3 9095 9329 12420
3 9103 9095 12420
3 6943 9103 12420
3 6671 6691 6943
3 380 6671 6943
3 300 380 6943
3 312 300 6943
3 12420 312 6943
3 8984 7189 7116
3 8897 8954 8984
3 8455 8764 8897
3 8554 8455 8897
3 7203 8554 8897
3 7147 7199 7203
3 7161 7147 7203
3 7116 7161 7203
3 8984 7116 7203
3 8897 8984 7203
3 8985 7190 7189
3 8985 7189 8984
3 8955 8985 8984
3 8955 8984 8954
3 8955 8954 8897
3 8898 8955 8897
3 8765 8898 8897
3 8765 8897 8764
3 8765 8764 8455
3 8456 8765 8455
3 8456 8455 8554
3 8555 8456 8554
3 8555 8554 7203
3 7204 8555 7203
3 7200 7204 7203
3 7200 7203 7199
3 7200 7199 7147
3 7148 7200 7147
3 7148 7147 7161
3 7162 7148 7161
3 7162 7161 7116
3 7117 7162 7116
3 7117 7116 7189
3 7190 7117 7189
3 8985 7190 7117
3 8898 8955 8985
3 8456 8765 8898
3 8555 8456 8898
3 7204 8555 8898
3 7148 7200 7204
3 7162 7148 7204
3 7117 7162 7204
3 8985 7117 7204
3 8898 8985 7204
3 8985 7190 7117
3 8898 8955 8985
3 8456 8765 8898
3 8555 8456 8898
3 7204 8555 8898
3 7148 7200 7204
3 7162 7148 7204
3 7117 7162 7204
3 8985 7117 7204
3 8898 8985 7204
3 8986 7191 7190
3 8986 7190 8985
3 8956 8986 8985
3 8956 8985 8955
3 8956 8955 8898
3 8899 8956 8898
3 8766 8899 8898
3 8766 8898 8765
3 8766 8765 8456
3 8457 8766 8456
3 8457 8456 8555
3 8556 8457 8555
3 8556 8555 7204
3 7205 8556 7204
3 7201 7205 7204
3 7201 7204 7200
3 7201 7200 7148
3 7149 7201 7148
3 7149 7148 7162
3 7163 7149 7162
3 7163 7162 7117
3 7118 7163 7117
3 7118 7117 7190
3 7191 7118 7190
3 8986 7191 7118
3 8899 8956 8986
3 8457 8766 8899
3 8556 8457 8899
3 7205 8556 8899
3 7149 7201 7205
3 7163 7149 7205
3 7118 7163 7205
3 8986 7118 7205
3 8899 8986 7205
3 7321 7290 7281
3 7307 7321 7281
3 7322 7291 7290
3 7322 7290 7321
3 7308 7322 7321
3 7308 7321 7307
3 7308 7307 7281
3 7282 7308 7281
3 7282 7281 7290
3 7291 7282 7290
3 7322 7291 7282
3 7308 7322 7282
3 7437 7408 7401
3 7425 7437 7401
3 7438 7409 7408
3 7438 7408 7437
3 7426 7438 7437
3 7426 7437 7425
3 7426 7425 7401
3 7402 7426 7401
3 7402 7401 7408
3 7409 7402 7408
3 7438 7409 7402
3 7426 7438 7402
3 7622 7598 7586
3 7610 7622 7586
3 7623 7599 7598
3 7623 7598 7622
3 7611 7623 7622
3 7611 7622 7610
3 7611 7610 7586
3 7587 7611 7586
3 7587 7586 7598
3 7599 7587 7598
3 7623 7599 7587
3 7611 7623 7587
3 8033 8009 7873
3 8021 8033 7873
3 8034 8010 8009
3 8034 8009 8033
3 8022 8034 8033
3 8022 8033 8021
3 8022 8021 7873
3 7874 8022 7873
3 7874 7873 8009
3 8010 7874 8009
3 8034 8010 7874
3 8022 8034 7874
3 8199 8173 8159
3 8187 8199 8159
3 8200 8174 8173
3 8200 8173 8199
3 8188 8200 8199
3 8188 8199 8187
3 8188 8187 8159
3 8160 8188 8159
3 8160 8159 8173
3 8174 8160 8173
3 8200 8174 8160
3 8188 8200 8160
3 8672 8552 8446
3 8658 8672 8446
3 8673 8553 8552
3 8673 8552 8672
3 8659 8673 8672
3 8659 8672 8658
3 8659 8658 8446
3 8447 8659 8446
3 8447 8446 8552
3 8553 8447 8552
3 8673 8553 8447
3 8659 8673 8447
3 11117 11063 11005
3 11175 11117 11005
3 11231 11175 11005
3 11303 11231 11005
3 11363 11303 11005
3 11423 11363 11005
3 11483 11423 11005
3 11553 11483 11005
3 11603 11553 11005
3 11653 11603 11005
3 11753 11653 11005
3 11856 11753 11005
3 11959 11856 11005
3 12059 11959 11005
3 12159 12059 11005
3 12109 12159 11005
3 12009 12109 11005
3 11909 12009 11005
3 11806 11909 11005
3 1320 1323 1326
3 1317 1320 1326
3 1314 1317 1326
3 1299 1314 1326
3 1296 1299 1326
3 1293 1296 1326
3 1290 1293 1326
3 1275 1290 1326
3 1272 1275 1326
3 1266 1272 1326
3 1260 1266 1326
3 1254 1260 1326
3 1248 1254 1326
3 1245 1248 1326
3 1251 1245 1326
3 1257 1251 1326
3 1263 1257 1326
3 2763 2760 2753
3 2774 2763 2753
3 2783 2774 2753
3 2790 2783 2753
3 2801 2790 2753
3 2817 2801 2753
3 2833 2817 2753
3 2850 2833 2753
3 2873 2850 2753
3 2884 2873 2753
3 2907 2884 2753
3 2914 2907 2753
3 2921 2914 2753
3 2932 2921 2753
3 2932 2753 1269
3 2943 2932 1269
3 11005 2943 1269
3 11806 11005 1269
3 11703 11806 1269
3 10474 11703 1269
3 8986 10474 1269
3 8956 8986 1269
3 8899 8956 1269
3 8766 8899 1269
3 8556 8457 8766
3 7149 7201 7205
3 7163 7149 7205
3 7118 7163 7205
3 7191 7118 7205
3 2777 2595 7191
3 1263 1326 2777
3 1269 1263 2777
3 8556 8766 1269
3 7191 7205 8556
3 1269 2777 7191
3 8556 1269 7191
3 11006 2944 2943
3 11006 2943 11005
3 11064 11006 11005
3 11064 11005 11063
3 11118 11064 11063
3 11118 11063 11117
3 11176 11118 11117
3 11176 11117 11175
3 11232 11176 11175
3 11232 11175 11231
3 11304 11232 11231
3 11304 11231 11303
3 11364 11304 11303
3 11364 11303 11363
3 11424 11364 11363
3 11424 11363 11423
3 11484 11424 11423
3 11484 11423 11483
3 11554 11484 11483
3 11554 11483 11553
3 11604 11554 11553
3 11604 11553 11603
3 11654 11604 11603
3 11654 11603 11653
3 11754 11654 11653
3 11754 11653 11753
3 11857 11754 11753
3 11857 11753 11856
3 11960 11857 11856
3 11960 11856 11959
3 12060 11960 11959
3 12060 11959 12059
3 12160 12060 12059
3 12160 12059 12159
3 12110 12160 12159
3 12110 12159 12109
3 12010 12110 12109
3 12010 12109 12009
3 11910 12010 12009
3 11910 12009 11909
3 11807 11910 11909
3 11807 11909 11806
3 11704 11807 11806
3 11704 11806 11703
3 10475 11704 11703
3 10475 11703 10474
3 10475 10474 8986
3 8987 10475 8986
3 8957 8987 8986
3 8957 8986 8956
3 8957 8956 8899
3 8900 8957 8899
3 8767 8900 8899
3 8767 8899 8766
3 8767 8766 8457
3 8458 8767 8457
3 8458 8457 8556
3 8557 8458 8556
3 8557 8556 7205
3 7206 8557 7205
3 7202 7206 7205
3 7202 7205 7201
3 7202 7201 7149
3 7150 7202 7149
3 7150 7149 7163
3 7164 7150 7163
3 7164 7163 7118
3 7119 7164 7118
3 7119 7118 7191
3 7192 7119 7191
3 7192 7191 2595
3 2596 7192 2595
3 2596 2595 2777
3 2778 2596 2777
3 2778 2777 1326
3 1327 2778 1326
3 1327 1326 1323
3 1324 1327 1323
3 1324 1323 1320
3 1321 1324 1320
3 1321 1320 1317
3 1318 1321 1317
3 1318 1317 1314
3 1315 1318 1314
3 1315 1314 1299
3 1300 1315 1299
3 1300 1299 1296
3 1297 1300 1296
3 1297 1296 1293
3 1294 1297 1293
3 1294 1293 1290
3 1291 1294 1290
3 1291 1290 1275
3 1276 1291 1275
3 1276 1275 1272
3 1273 1276 1272
3 1273 1272 1266
3 1267 1273 1266
3 1267 1266 1260
3 1261 1267 1260
3 1261 1260 1254
3 1255 1261 1254
3 1255 1254 1248
3 1249 1255 1248
3 1249 1248 1245
3 1246 1249 1245
3 1246 1245 1251
3 1252 1246 1251
3 1252 1251 1257
3 1258 1252 1257
3 1258 1257 1263
3 1264 1258 1263
3 1264 1263 1269
3 1270 1264 1269
3 1270 1269 2753
3 2754 1270 2753
3 2754 2753 2760
3 2761 2754 2760
3 2761 2760 2763
3 2764 2761 2763
3 2764 2763 2774
3 2775 2764 2774
3 2775 2774 2783
3 2784 2775 2783
3 2791 2784 2783
3 2791 2783 2790
3 2802 2791 2790
3 2802 2790 2801
3 2818 2802 2801
3 2818 2801 2817
3 2834 2818 2817
3 2834 2817 2833
3 2851 2834 2833
3 2851 2833 2850
3 2874 2851 2850
3 2874 2850 2873
3 2885 2874 2873
3 2885 2873 2884
3 2908 2885 2884
3 2908 2884 2907
3 2915 2908 2907
3 2915 2907 2914
3 2922 2915 2914
3 2922 2914 2921
3 2933 2922 2921
3 2933 2921 2932
3 2944 2933 2932
3 2944 2932 2943
3 11118 11064 11006
3 11176 11118 11006
3 11232 11176 11006
3 11304 11232 11006
3 11364 11304 11006
3 11424 11364 11006
3 11484 11424 11006
3 11554 11484 11006
3 11604 11554 11006
3 11654 11604 11006
3 11754 11654 11006
3 11857 11754 11006
3 11960 11857 11006
3 12060 11960 11006
3 12160 12060 11006
3 12110 12160 11006
3 12010 12110 11006
3 11910 12010 11006
3 11807 11910 11006
3 1321 1324 1327
3 1318 1321 1327
3 1315 1318 1327
3 1300 1315 1327
3 1297 1300 1327
3 1294 1297 1327
3 1291 1294 1327
3 1276 1291 1327
3 1273 1276 1327
3 1267 1273 1327
3 1261 1267 1327
3 1255 1261 1327
3 1249 1255 1327
3 1246 1249 1327
3 1252 1246 1327
3 1258 1252 1327
3 1264 1258 1327
3 2764 2761 2754
3 2775 2764 2754
3 2784 2775 2754
3 2791 2784 2754
3 2802 2791 2754
3 2818 2802 2754
3 2834 2818 2754
3 2851 2834 2754
3 2874 2851 2754
3 2885 2874 2754
3 2908 2885 2754
3 2915 2908 2754
3 2922 2915 2754
3 2933 2922 2754
3 2933 2754 1270
3 2944 2933 1270
3 11006 2944 1270
3 11807 11006 1270
3 11704 11807 1270
3 10475 11704 1270
3 8987 10475 1270
3 8957 8987 1270
3 8900 8957 1270
3 8767 8900 1270
3 8557 8458 8767
3 7150 7202 7206
3 7164 7150 7206
3 7119 7164 7206
3 7192 7119 7206
3 2778 2596 7192
3 1264 1327 2778
3 1270 1264 2778
3 8557 8767 1270
3 7192 7206 8557
3 1270 2778 7192
3 8557 1270 7192
3 2651 2643 2635
3 2659 2651 2635
3 2667 2659 2635
3 2681 2667 2635
3 2695 2681 2635
3 2705 2695 2635
3 2713 2705 2635
3 2723 2713 2635
3 2731 2723 2635
3 2739 2731 2635
3 2747 2739 2635
3 2743 2747 2635
3 2735 2743 2635
3 2727 2735 2635
3 2717 2727 2635
3 2709 2717 2635
3 2699 2709 2635
3 2691 2699 2635
3 2671 2691 2635
3 2663 2671 2635
3 2655 2663 2635
3 2647 2655 2635
3 2639 2647 2635
3 2629 2639 2635
3 2623 2629 2635
3 2619 2623 2635
3 2615 2619 2635
3 2599 2615 2635
3 2593 2599 2635
3 2585 2593 2635
3 2579 2585 2635
3 2296 2353 2363
3 2286 2296 2363
3 2278 2286 2363
3 2268 2278 2363
3 2208 2268 2363
3 2197 2208 2363
3 2187 2197 2363
3 2179 2187 2363
3 2171 2179 2363
3 2163 2171 2363
3 2155 2163 2363
3 2098 2155 2363
3 2151 2098 2363
3 2159 2151 2363
3 2167 2159 2363
3 2175 2167 2363
3 2183 2175 2363
3 2193 2183 2363
3 2204 2193 2363
3 2264 2204 2363
3 2274 2264 2363
3 2282 2274 2363
3 2292 2282 2363
3 2349 2292 2363
3 2357 2349 2363
3 2369 2357 2363
3 2424 2369 2363
3 2433 2424 2363
3 2437 2433 2363
3 2544 2437 2363
3 2363 2570 2579
3 2544 2363 2579
3 2551 2544 2579
3 2635 2551 2579
3 2636 2552 2551
3 2636 2551 2635
3 2644 2636 2635
3 2644 2635 2643
3 2652 2644 2643
3 2652 2643 2651
3 2660 2652 2651
3 2660 2651 2659
3 2668 2660 2659
3 2668 2659 2667
3 2682 2668 2667
3 2682 2667 2681
3 2696 2682 2681
3 2696 2681 2695
3 2706 2696 2695
3 2706 2695 2705
3 2714 2706 2705
3 2714 2705 2713
3 2724 2714 2713
3 2724 2713 2723
3 2732 2724 2723
3 2732 2723 2731
3 2740 2732 2731
3 2740 2731 2739
3 2748 2740 2739
3 2748 2739 2747
3 2744 2748 2747
3 2744 2747 2743
3 2736 2744 2743
3 2736 2743 2735
3 2728 2736 2735
3 2728 2735 2727
3 2718 2728 2727
3 2718 2727 2717
3 2710 2718 2717
3 2710 2717 2709
3 2700 2710 2709
3 2700 2709 2699
3 2692 2700 2699
3 2692 2699 2691
3 2672 2692 2691
3 2672 2691 2671
3 2664 2672 2671
3 2664 2671 2663
3 2664 2663 2655
3 2656 2664 2655
3 2656 2655 2647
3 2648 2656 2647
3 2648 2647 2639
3 2640 2648 2639
3 2640 2639 2629
3 2630 2640 2629
3 2630 2629 2623
3 2624 2630 2623
3 2624 2623 2619
3 2620 2624 2619
3 2620 2619 2615
3 2616 2620 2615
3 2616 2615 2599
3 2600 2616 2599
3 2600 2599 2593
3 2594 2600 2593
3 2594 2593 2585
3 2586 2594 2585
3 2586 2585 2579
3 2580 2586 2579
3 2580 2579 2570
3 2571 2580 2570
3 2571 2570 2363
3 2364 2571 2363
3 2364 2363 2353
3 2354 2364 2353
3 2354 2353 2296
3 2297 2354 2296
3 2297 2296 2286
3 2287 2297 2286
3 2287 2286 2278
3 2279 2287 2278
3 2279 2278 2268
3 2269 2279 2268
3 2269 2268 2208
3 2209 2269 2208
3 2209 2208 2197
3 2198 2209 2197
3 2198 2197 2187
3 2188 2198 2187
3 2188 2187 2179
3 2180 2188 2179
3 2180 2179 2171
3 2172 2180 2171
3 2172 2171 2163
3 2164 2172 2163
3 2164 2163 2155
3 2156 2164 2155
3 2156 2155 2098
3 2099 2156 2098
3 2099 2098 2151
3 2152 2099 2151
3 2152 2151 2159
3 2160 2152 2159
3 2160 2159 2167
3 2168 2160 2167
3 2168 2167 2175
3 2176 2168 2175
3 2176 2175 2183
3 2184 2176 2183
3 2184 2183 2193
3 2194 2184 2193
3 2194 2193 2204
3 2205 2194 2204
3 2205 2204 2264
3 2265 2205 2264
3 2265 2264 2274
3 2275 2265 2274
3 2283 2275 2274
3 2283 2274 2282
3 2293 2283 2282
3 2293 2282 2292
3 2350 2293 2292
3 2350 2292 2349
3 2358 2350 2349
3 2358 2349 2357
3 2370 2358 2357
3 2370 2357 2369
3 2425 2370 2369
3 2425 2369 2424
3 2434 2425 2424
3 2434 2424 2433
3 2438 2434 2433
3 2438 2433 2437
3 2545 2438 2437
3 2545 2437 2544
3 2552 2545 2544
3 2552 2544 2551
3 2652 2644 2636
3 2660 2652 2636
3 2668 2660 2636
3 2682 2668 2636
3 2696 2682 2636
3 2706 2696 2636
3 2714 2706 2636
3 2724 2714 2636
3 2732 2724 2636
3 2740 2732 2636
3 2748 2740 2636
3 2744 2748 2636
3 2736 2744 2636
3 2728 2736 2636
3 2718 2728 2636
3 2710 2718 2636
3 2700 2710 2636
3 2692 2700 2636
3 2672 2692 2636
3 2664 2672 2636
3 2656 2664 2636
3 2648 2656 2636
3 2640 2648 2636
3 2630 2640 2636
3 2624 2630 2636
3 2620 2624 2636
3 2616 2620 2636
3 2600 2616 2636
3 2594 2600 2636
3 2586 2594 2636
3 2580 2586 2636
3 2297 2354 2364
3 2287 2297 2364
3 2279 2287 2364
3 2269 2279 2364
3 2209 2269 2364
3 2198 2209 2364
3 2188 2198 2364
3 2180 2188 2364
3 2172 2180 2364
3 2164 2172 2364
3 2156 2164 2364
3 2099 2156 2364
3 2152 2099 2364
3 2160 2152 2364
3 2168 2160 2364
3 2176 2168 2364
3 2184 2176 2364
3 2194 2184 2364
3 2205 2194 2364
3 2265 2205 2364
3 2275 2265 2364
3 2283 2275 2364
3 2293 2283 2364
3 2350 2293 2364
3 2358 2350 2364
3 2370 2358 2364
3 2425 2370 2364
3 2434 2425 2364
3 2438 2434 2364
3 2545 2438 2364
3 2364 2571 2580
3 2545 2364 2580
3 2552 2545 2580
3 2636 2552 2580
3 4316 4308 4300
3 4324 4316 4300
3 4332 4324 4300
3 4346 4332 4300
3 4360 4346 4300
3 4368 4360 4300
3 4376 4368 4300
3 4384 4376 4300
3 4392 4384 4300
3 4400 4392 4300
3 4404 4400 4300
3 4408 4404 4300
3 4396 4408 4300
3 4388 4396 4300
3 4380 4388 4300
3 4372 4380 4300
3 4364 4372 4300
3 4356 4364 4300
3 4336 4356 4300
3 4328 4336 4300
3 4320 4328 4300
3 4312 4320 4300
3 4304 4312 4300
3 4296 4304 4300
3 4292 4296 4300
3 4288 4292 4300
3 4284 4288 4300
3 4280 4284 4300
3 4276 4280 4300
3 4272 4276 4300
3 4268 4272 4300
3 4196 4204 4212
3 4188 4196 4212
3 4180 4188 4212
3 4172 4180 4212
3 4164 4172 4212
3 4151 4164 4212
3 4143 4151 4212
3 4135 4143 4212
3 4127 4135 4212
3 4119 4127 4212
3 4111 4119 4212
3 4103 4111 4212
3 4107 4103 4212
3 4115 4107 4212
3 4123 4115 4212
3 4131 4123 4212
3 4139 4131 4212
3 4147 4139 4212
3 4160 4147 4212
3 4168 4160 4212
3 4176 4168 4212
3 4184 4176 4212
3 4192 4184 4212
3 4200 4192 4212
3 4208 4200 4212
3 4216 4208 4212
3 4220 4216 4212
3 4224 4220 4212
3 4228 4224 4212
3 4235 4228 4212
3 4212 4264 4268
3 4235 4212 4268
3 4239 4235 4268
3 4300 4239 4268
3 4301 4240 4239
3 4301 4239 4300
3 4309 4301 4300
3 4309 4300 4308
3 4317 4309 4308
3 4317 4308 4316
3 4325 4317 4316
3 4325 4316 4324
3 4333 4325 4324
3 4333 4324 4332
3 4347 4333 4332
3 4347 4332 4346
3 4361 4347 4346
3 4361 4346 4360
3 4369 4361 4360
3 4369 4360 4368
3 4377 4369 4368
3 4377 4368 4376
3 4385 4377 4376
3 4385 4376 4384
3 4393 4385 4384
3 4393 4384 4392
3 4401 4393 4392
3 4401 4392 4400
3 4405 4401 4400
3 4405 4400 4404
3 4409 4405 4404
3 4409 4404 4408
3 4397 4409 4408
3 4397 4408 4396
3 4389 4397 4396
3 4389 4396 4388
3 4381 4389 4388
3 4381 4388 4380
3 4373 4381 4380
3 4373 4380 4372
3 4365 4373 4372
3 4365 4372 4364
3 4357 4365 4364
3 4357 4364 4356
3 4337 4357 4356
3 4337 4356 4336
3 4329 4337 4336
3 4329 4336 4328
3 4329 4328 4320
3 4321 4329 4320
3 4321 4320 4312
3 4313 4321 4312
3 4313 4312 4304
3 4305 4313 4304
3 4305 4304 4296
3 4297 4305 4296
3 4297 4296 4292
3 4293 4297 4292
3 4293 4292 4288
3 4289 4293 4288
3 4289 4288 4284
3 4285 4289 4284
3 4285 4284 4280
3 4281 4285 4280
3 4281 4280 4276
3 4277 4281 4276
3 4277 4276 4272
3 4273 4277 4272
3 4273 4272 4268
3 4269 4273 4268
3 4269 4268 4264
3 4265 4269 4264
3 4265 4264 4212
3 4213 4265 4212
3 4213 4212 4204
3 4205 4213 4204
3 4205 4204 4196
3 4197 4205 4196
3 4197 4196 4188
3 4189 4197 4188
3 4189 4188 4180
3 4181 4189 4180
3 4181 4180 4172
3 4173 4181 4172
3 4173 4172 4164
3 4165 4173 4164
3 4165 4164 4151
3 4152 4165 4151
3 4152 4151 4143
3 4144 4152 4143
3 4144 4143 4135
3 4136 4144 4135
3 4136 4135 4127
3 4128 4136 4127
3 4128 4127 4119
3 4120 4128 4119
3 4120 4119 4111
3 4112 4120 4111
3 4112 4111 4103
3 4104 4112 4103
3 4104 4103 4107
3 4108 4104 4107
3 4108 4107 4115
3 4116 4108 4115
3 4116 4115 4123
3 4124 4116 4123
3 4124 4123 4131
3 4132 4124 4131
3 4132 4131 4139
3 4140 4132 4139
3 4140 4139 4147
3 4148 4140 4147
3 4148 4147 4160
3 4161 4148 4160
3 4161 4160 4168
3 4169 4161 4168
3 4169 4168 4176
3 4177 4169 4176
3 4185 4177 4176
3 4185 4176 4184
3 4193 4185 4184
3 4193 4184 4192
3 4201 4193 4192
3 4201 4192 4200
3 4209 4201 4200
3 4209 4200 4208
3 4217 4209 4208
3 4217 4208 4216
3 4221 4217 4216
3 4221 4216 4220
3 4225 4221 4220
3 4225 4220 4224
3 4229 4225 4224
3 4229 4224 4228
3 4236 4229 4228
3 4236 4228 4235
3 4240 4236 4235
3 4240 4235 4239
3 4317 4309 4301
3 4325 4317 4301
3 4333 4325 4301
3 4347 4333 4301
3 4361 4347 4301
3 4369 4361 4301
3 4377 4369 4301
3 4385 4377 4301
3 4393 4385 4301
3 4401 4393 4301
3 4405 4401 4301
3 4409 4405 4301
3 4397 4409 4301
3 4389 4397 4301
3 4381 4389 4301
3 4373 4381 4301
3 4365 4373 4301
3 4357 4365 4301
3 4337 4357 4301
3 4329 4337 4301
3 4321 4329 4301
3 4313 4321 4301
3 4305 4313 4301
3 4297 4305 4301
3 4293 4297 4301
3 4289 4293 4301
3 4285 4289 4301
3 4281 4285 4301
3 4277 4281 4301
3 4273 4277 4301
3 4269 4273 4301
3 4197 4205 4213
3 4189 4197 4213
3 4181 4189 4213
3 4173 4181 4213
3 4165 4173 4213
3 4152 4165 4213
3 4144 4152 4213
3 4136 4144 4213
3 4128 4136 4213
3 4120 4128 4213
3 4112 4120 4213
3 4104 4112 4213
3 4108 4104 4213
3 4116 4108 4213
3 4124 4116 4213
3 4132 4124 4213
3 4140 4132 4213
3 4148 4140 4213
3 4161 4148 4213
3 4169 4161 4213
3 4177 4169 4213
3 4185 4177 4213
3 4193 4185 4213
3 4201 4193 4213
3 4209 4201 4213
3 4217 4209 4213
3 4221 4217 4213
3 4225 4221 4213
3 4229 4225 4213
3 4236 4229 4213
3 4213 4265 4269
3 4236 4213 4269
3 4240 4236 4269
3 4301 4240 4269
3 6739 6727 6713
3 6757 6739 6713
3 6765 6757 6713
3 6775 6765 6713
3 6788 6775 6713
3 6800 6788 6713
3 6808 6800 6713
3 6816 6808 6713
3 6824 6816 6713
3 6832 6824 6713
3 6840 6832 6713
3 6836 6840 6713
3 6828 6836 6713
3 6820 6828 6713
3 6812 6820 6713
3 6804 6812 6713
3 6796 6804 6713
3 6779 6796 6713
3 6771 6779 6713
3 6761 6771 6713
3 6748 6761 6713
3 6735 6748 6713
3 6717 6735 6713
3 6704 6717 6713
3 6700 6704 6713
3 6694 6700 6713
3 6686 6694 6713
3 6682 6686 6713
3 6678 6682 6713
3 6674 6678 6713
3 6666 6674 6713
3 6566 6576 6584
3 6552 6566 6584
3 6544 6552 6584
3 6534 6544 6584
3 6526 6534 6584
3 6518 6526 6584
3 6510 6518 6584
3 6502 6510 6584
3 6494 6502 6584
3 6486 6494 6584
3 6478 6486 6584
3 6468 6478 6584
3 6474 6468 6584
3 6482 6474 6584
3 6490 6482 6584
3 6498 6490 6584
3 6506 6498 6584
3 6514 6506 6584
3 6522 6514 6584
3 6530 6522 6584
3 6540 6530 6584
3 6548 6540 6584
3 6562 6548 6584
3 6572 6562 6584
3 6580 6572 6584
3 6596 6580 6584
3 6602 6596 6584
3 6610 6602 6584
3 6616 6610 6584
3 6620 6616 6584
3 6584 6662 6666
3 6620 6584 6666
3 6626 6620 6666
3 6713 6626 6666
3 6714 6627 6626
3 6714 6626 6713
3 6728 6714 6713
3 6728 6713 6727
3 6740 6728 6727
3 6740 6727 6739
3 6758 6740 6739
3 6758 6739 6757
3 6766 6758 6757
3 6766 6757 6765
3 6776 6766 6765
3 6776 6765 6775
3 6789 6776 6775
3 6789 6775 6788
3 6801 6789 6788
3 6801 6788 6800
3 6809 6801 6800
3 6809 6800 6808
3 6817 6809 6808
3 6817 6808 6816
3 6825 6817 6816
3 6825 6816 6824
3 6833 6825 6824
3 6833 6824 6832
3 6841 6833 6832
3 6841 6832 6840
3 6837 6841 6840
3 6837 6840 6836
3 6829 6837 6836
3 6829 6836 6828
3 6821 6829 6828
3 6821 6828 6820
3 6813 6821 6820
3 6813 6820 6812
3 6805 6813 6812
3 6805 6812 6804
3 6797 6805 6804
3 6797 6804 6796
3 6780 6797 6796
3 6780 6796 6779
3 6772 6780 6779
3 6772 6779 6771
3 6762 6772 6771
3 6762 6771 6761
3 6762 6761 6748
3 6749 6762 6748
3 6749 6748 6735
3 6736 6749 6735
3 6736 6735 6717
3 6718 6736 6717
3 6718 6717 6704
3 6705 6718 6704
3 6705 6704 6700
3 6701 6705 6700
3 6701 6700 6694
3 6695 6701 6694
3 6695 6694 6686
3 6687 6695 6686
3 6687 6686 6682
3 6683 6687 6682
3 6683 6682 6678
3 6679 6683 6678
3 6679 6678 6674
3 6675 6679 6674
3 6675 6674 6666
3 6667 6675 6666
3 6667 6666 6662
3 6663 6667 6662
3 6663 6662 6584
3 6585 6663 6584
3 6585 6584 6576
3 6577 6585 6576
3 6577 6576 6566
3 6567 6577 6566
3 6567 6566 6552
3 6553 6567 6552
3 6553 6552 6544
3 6545 6553 6544
3 6545 6544 6534
3 6535 6545 6534
3 6535 6534 6526
3 6527 6535 6526
3 6527 6526 6518
3 6519 6527 6518
3 6519 6518 6510
3 6511 6519 6510
3 6511 6510 6502
3 6503 6511 6502
3 6503 6502 6494
3 6495 6503 6494
3 6495 6494 6486
3 6487 6495 6486
3 6487 6486 6478
3 6479 6487 6478
3 6479 6478 6468
3 6469 6479 6468
3 6469 6468 6474
3 6475 6469 6474
3 6475 6474 6482
3 6483 6475 6482
3 6483 6482 6490
3 6491 6483 6490
3 6491 6490 6498
3 6499 6491 6498
3 6499 6498 6506
3 6507 6499 6506
3 6507 6506 6514
3 6515 6507 6514
3 6515 6514 6522
3 6523 6515 6522
3 6523 6522 6530
3 6531 6523 6530
3 6531 6530 6540
3 6541 6531 6540
3 6549 6541 6540
3 6549 6540 6548
3 6563 6549 6548
3 6563 6548 6562
3 6573 6563 6562
3 6573 6562 6572
3 6581 6573 6572
3 6581 6572 6580
3 6597 6581 6580
3 6597 6580 6596
3 6603 6597 6596
3 6603 6596 6602
3 6611 6603 6602
3 6611 6602 6610
3 6617 6611 6610
3 6617 6610 6616
3 6621 6617 6616
3 6621 6616 6620
3 6627 6621 6620
3 6627 6620 6626
3 6740 6728 6714
3 6758 6740 6714
3 6766 6758 6714
3 6776 6766 6714
3 6789 6776 6714
3 6801 6789 6714
3 6809 6801 6714
3 6817 6809 6714
3 6825 6817 6714
3 6833 6825 6714
3 6841 6833 6714
3 6837 6841 6714
3 6829 6837 6714
3 6821 6829 6714
3 6813 6821 6714
3 6805 6813 6714
3 6797 6805 6714
3 6780 6797 6714
3 6772 6780 6714
3 6762 6772 6714
3 6749 6762 6714
3 6736 6749 6714
3 6718 6736 6714
3 6705 6718 6714
3 6701 6705 6714
3 6695 6701 6714
3 6687 6695 6714
3 6683 6687 6714
3 6679 6683 6714
3 6675 6679 6714
3 6667 6675 6714
3 6567 6577 6585
3 6553 6567 6585
3 6545 6553 6585
3 6535 6545 6585
3 6527 6535 6585
3 6519 6527 6585
3 6511 6519 6585
3 6503 6511 6585
3 6495 6503 6585
3 6487 6495 6585
3 6479 6487 6585
3 6469 6479 6585
3 6475 6469 6585
3 6483 6475 6585
3 6491 6483 6585
3 6499 6491 6585
3 6507 6499 6585
3 6515 6507 6585
3 6523 6515 6585
3 6531 6523 6585
3 6541 6531 6585
3 6549 6541 6585
3 6563 6549 6585
3 6573 6563 6585
3 6581 6573 6585
3 6597 6581 6585
3 6603 6597 6585
3 6611 6603 6585
3 6617 6611 6585
3 6621 6617 6585
3 6585 6663 6667
3 6621 6585 6667
3 6627 6621 6667
3 6714 6627 6667
3 5881 5871 5861
3 5889 5881 5861
3 5897 5889 5861
3 5905 5897 5861
3 5913 5905 5861
3 5926 5913 5861
3 5936 5926 5861
3 5944 5936 5861
3 5952 5944 5861
3 5960 5952 5861
3 5968 5960 5861
3 5964 5968 5861
3 5956 5964 5861
3 5948 5956 5861
3 5940 5948 5861
3 5930 5940 5861
3 5922 5930 5861
3 5909 5922 5861
3 5901 5909 5861
3 5893 5901 5861
3 5885 5893 5861
3 5875 5885 5861
3 5867 5875 5861
3 5857 5867 5861
3 5853 5857 5861
3 5847 5853 5861
3 5841 5847 5861
3 5837 5841 5861
3 5831 5837 5861
3 5827 5831 5861
3 5823 5827 5861
3 5512 5520 5532
3 5498 5512 5532
3 5486 5498 5532
3 5473 5486 5532
3 5465 5473 5532
3 5453 5465 5532
3 5443 5453 5532
3 5432 5443 5532
3 5424 5432 5532
3 5413 5424 5532
3 5405 5413 5532
3 5397 5405 5532
3 5401 5397 5532
3 5409 5401 5532
3 5420 5409 5532
3 5428 5420 5532
3 5439 5428 5532
3 5449 5439 5532
3 5461 5449 5532
3 5469 5461 5532
3 5482 5469 5532
3 5494 5482 5532
3 5508 5494 5532
3 5516 5508 5532
3 5528 5516 5532
3 5550 5528 5532
3 5554 5550 5532
3 5565 5554 5532
3 5569 5565 5532
3 5575 5569 5532
3 5532 5819 5823
3 5575 5532 5823
3 5581 5575 5823
3 5861 5581 5823
3 5862 5582 5581
3 5862 5581 5861
3 5872 5862 5861
3 5872 5861 5871
3 5882 5872 5871
3 5882 5871 5881
3 5890 5882 5881
3 5890 5881 5889
3 5898 5890 5889
3 5898 5889 5897
3 5906 5898 5897
3 5906 5897 5905
3 5914 5906 5905
3 5914 5905 5913
3 5927 5914 5913
3 5927 5913 5926
3 5937 5927 5926
3 5937 5926 5936
3 5945 5937 5936
3 5945 5936 5944
3 5953 5945 5944
3 5953 5944 5952
3 5961 5953 5952
3 5961 5952 5960
3 5969 5961 5960
3 5969 5960 5968
3 5965 5969 5968
3 5965 5968 5964
3 5957 5965 5964
3 5957 5964 5956
3 5949 5957 5956
3 5949 5956 5948
3 5941 5949 5948
3 5941 5948 5940
3 5931 5941 5940
3 5931 5940 5930
3 5923 5931 5930
3 5923 5930 5922
3 5910 5923 5922
3 5910 5922 5909
3 5902 5910 5909
3 5902 5909 5901
3 5894 5902 5901
3 5894 5901 5893
3 5894 5893 5885
3 5886 5894 5885
3 5886 5885 5875
3 5876 5886 5875
3 5876 5875 5867
3 5868 5876 5867
3 5868 5867 5857
3 5858 5868 5857
3 5858 5857 5853
3 5854 5858 5853
3 5854 5853 5847
3 5848 5854 5847
3 5848 5847 5841
3 5842 5848 5841
3 5842 5841 5837
3 5838 5842 5837
3 5838 5837 5831
3 5832 5838 5831
3 5832 5831 5827
3 5828 5832 5827
3 5828 5827 5823
3 5824 5828 5823
3 5824 5823 5819
3 5820 5824 5819
3 5820 5819 5532
3 5533 5820 5532
3 5533 5532 5520
3 5521 5533 5520
3 5521 5520 5512
3 5513 5521 5512
3 5513 5512 5498
3 5499 5513 5498
3 5499 5498 5486
3 5487 5499 5486
3 5487 5486 5473
3 5474 5487 5473
3 5474 5473 5465
3 5466 5474 5465
3 5466 5465 5453
3 5454 5466 5453
3 5454 5453 5443
3 5444 5454 5443
3 5444 5443 5432
3 5433 5444 5432
3 5433 5432 5424
3 5425 5433 5424
3 5425 5424 5413
3 5414 5425 5413
3 5414 5413 5405
3 5406 5414 5405
3 5406 5405 5397
3 5398 5406 5397
3 5398 5397 5401
3 5402 5398 5401
3 5402 5401 5409
3 5410 5402 5409
3 5410 5409 5420
3 5421 5410 5420
3 5421 5420 5428
3 5429 5421 5428
3 5429 5428 5439
3 5440 5429 5439
3 5440 5439 5449
3 5450 5440 5449
3 5450 5449 5461
3 5462 5450 5461
3 5462 5461 5469
3 5470 5462 5469
3 5470 5469 5482
3 5483 5470 5482
3 5495 5483 5482
3 5495 5482 5494
3 5509 5495 5494
3 5509 5494 5508
3 5517 5509 5508
3 5517 5508 5516
3 5529 5517 5516
3 5529 5516 5528
3 5551 5529 5528
3 5551 5528 5550
3 5555 5551 5550
3 5555 5550 5554
3 5566 5555 5554
3 5566 5554 5565
3 5570 5566 5565
3 5570 5565 5569
3 5576 5570 5569
3 5576 5569 5575
3 5582 5576 5575
3 5582 5575 5581
3 5882 5872 5862
3 5890 5882 5862
3 5898 5890 5862
3 5906 5898 5862
3 5914 5906 5862
3 5927 5914 5862
3 5937 5927 5862
3 5945 5937 5862
3 5953 5945 5862
3 5961 5953 5862
3 5969 5961 5862
3 5965 5969 5862
3 5957 5965 5862
3 5949 5957 5862
3 5941 5949 5862
3 5931 5941 5862
3 5923 5931 5862
3 5910 5923 5862
3 5902 5910 5862
3 5894 5902 5862
3 5886 5894 5862
3 5876 5886 5862
3 5868 5876 5862
3 5858 5868 5862
3 5854 5858 5862
3 5848 5854 5862
3 5842 5848 5862
3 5838 5842 5862
3 5832 5838 5862
3 5828 5832 5862
3 5824 5828 5862
3 5513 5521 5533
3 5499 5513 5533
3 5487 5499 5533
3 5474 5487 5533
3 5466 5474 5533
3 5454 5466 5533
3 5444 5454 5533
3 5433 5444 5533
3 5425 5433 5533
3 5414 5425 5533
3 5406 5414 5533
3 5398 5406 5533
3 5402 5398 5533
3 5410 5402 5533
3 5421 5410 5533
3 5429 5421 5533
3 5440 5429 5533
3 5450 5440 5533
3 5462 5450 5533
3 5470 5462 5533
3 5483 5470 5533
3 5495 5483 5533
3 5509 5495 5533
3 5517 5509 5533
3 5529 5517 5533
3 5551 5529 5533
3 5555 5551 5533
3 5566 5555 5533
3 5570 5566 5533
3 5576 5570 5533
3 5533 5820 5824
3 5576 5533 5824
3 5582 5576 5824
3 5862 5582 5824
3 9928 9922 9914
3 9991 9928 9914
3 10003 9991 9914
3 10007 10003 9914
3 10013 10007 9914
3 10017 10013 9914
3 10069 10017 9914
3 10073 10069 9914
3 10079 10073 9914
3 10083 10079 9914
3 10085 10083 9914
3 10087 10085 9914
3 10081 10087 9914
3 10075 10081 9914
3 10071 10075 9914
3 10019 10071 9914
3 10015 10019 9914
3 10011 10015 9914
3 10005 10011 9914
3 9997 10005 9914
3 9935 9997 9914
3 9924 9935 9914
3 9918 9924 9914
3 9912 9918 9914
3 9860 9912 9914
3 9854 9860 9914
3 9849 9854 9914
3 9794 9849 9914
3 9790 9794 9914
3 9783 9790 9914
3 9728 9783 9914
3 9410 9416 9420
3 9404 9410 9420
3 9352 9404 9420
3 9348 9352 9420
3 9340 9348 9420
3 9336 9340 9420
3 9332 9336 9420
3 9324 9332 9420
3 9320 9324 9420
3 9268 9320 9420
3 9262 9268 9420
3 9258 9262 9420
3 9260 9258 9420
3 9266 9260 9420
3 9318 9266 9420
3 9322 9318 9420
3 9330 9322 9420
3 9334 9330 9420
3 9338 9334 9420
3 9344 9338 9420
3 9350 9344 9420
3 9402 9350 9420
3 9406 9402 9420
3 9414 9406 9420
3 9418 9414 9420
3 9470 9418 9420
3 9476 9470 9420
3 9478 9476 9420
3 9530 9478 9420
3 9534 9530 9420
3 9420 9721 9728
3 9534 9420 9728
3 9536 9534 9728
3 9914 9536 9728
3 9915 9537 9536
3 9915 9536 9914
3 9923 9915 9914
3 9923 9914 9922
3 9929 9923 9922
3 9929 9922 9928
3 9992 9929 9928
3 9992 9928 9991
3 10004 9992 9991
3 10004 9991 10003
3 10008 10004 10003
3 10008 10003 10007
3 10014 10008 10007
3 10014 10007 10013
3 10018 10014 10013
3 10018 10013 10017
3 10070 10018 10017
3 10070 10017 10069
3 10074 10070 10069
3 10074 10069 10073
3 10080 10074 10073
3 10080 10073 10079
3 10084 10080 10079
3 10084 10079 10083
3 10086 10084 10083
3 10086 10083 10085
3 10088 10086 10085
3 10088 10085 10087
3 10082 10088 10087
3 10082 10087 10081
3 10076 10082 10081
3 10076 10081 10075
3 10072 10076 10075
3 10072 10075 10071
3 10020 10072 10071
3 10020 10071 10019
3 10016 10020 10019
3 10016 10019 10015
3 10012 10016 10015
3 10012 10015 10011
3 10006 10012 10011
3 10006 10011 10005
3 9998 10006 10005
3 9998 10005 9997
3 9998 9997 9935
3 9936 9998 9935
3 9936 9935 9924
3 9925 9936 9924
3 9925 9924 9918
3 9919 9925 9918
3 9919 9918 9912
3 9913 9919 9912
3 9913 9912 9860
3 9861 9913 9860
3 9861 9860 9854
3 9855 9861 9854
3 9855 9854 9849
3 9850 9855 9849
3 9850 9849 9794
3 9795 9850 9794
3 9795 9794 9790
3 9791 9795 9790
3 9791 9790 9783
3 9784 9791 9783
3 9784 9783 9728
3 9729 9784 9728
3 9729 9728 9721
3 9722 9729 9721
3 9722 9721 9420
3 9421 9722 9420
3 9421 9420 9416
3 9417 9421 9416
3 9417 9416 9410
3 9411 9417 9410
3 9411 9410 9404
3 9405 9411 9404
3 9405 9404 9352
3 9353 9405 9352
3 9353 9352 9348
3 9349 9353 9348
3 9349 9348 9340
3 9341 9349 9340
3 9341 9340 9336
3 9337 9341 9336
3 9337 9336 9332
3 9333 9337 9332
3 9333 9332 9324
3 9325 9333 9324
3 9325 9324 9320
3 9321 9325 9320
3 9321 9320 9268
3 9269 9321 9268
3 9269 9268 9262
3 9263 9269 9262
3 9263 9262 9258
3 9259 9263 9258
3 9259 9258 9260
3 9261 9259 9260
3 9261 9260 9266
3 9267 9261 9266
3 9267 9266 9318
3 9319 9267 9318
3 9319 9318 9322
3 9323 9319 9322
3 9323 9322 9330
3 9331 9323 9330
3 9331 9330 9334
3 9335 9331 9334
3 9335 9334 9338
3 9339 9335 9338
3 9339 9338 9344
3 9345 9339 9344
3 9345 9344 9350
3 9351 9345 9350
3 9403 9351 9350
3 9403 9350 9402
3 9407 9403 9402
3 9407 9402 9406
3 9415 9407 9406
3 9415 9406 9414
3 9419 9415 9414
3 9419 9414 9418
3 9471 9419 9418
3 9471 9418 9470
3 9477 9471 9470
3 9477 9470 9476
3 9479 9477 9476
3 9479 9476 9478
3 9531 9479 9478
3 9531 9478 9530
3 9535 9531 9530
3 9535 9530 9534
3 9537 9535 9534
3 9537 9534 9536
3 9929 9923 9915
3 9992 9929 9915
3 10004 9992 9915
3 10008 10004 9915
3 10014 10008 9915
3 10018 10014 9915
3 10070 10018 9915
3 10074 10070 9915
3 10080 10074 9915
3 10084 10080 9915
3 10086 10084 9915
3 10088 10086 9915
3 10082 10088 9915
3 10076 10082 9915
3 10072 10076 9915
3 10020 10072 9915
3 10016 10020 9915
3 10012 10016 9915
3 10006 10012 9915
3 9998 10006 9915
3 9936 9998 9915
3 9925 9936 9915
3 9919 9925 9915
3 9913 9919 9915
3 9861 9913 9915
3 9855 9861 9915
3 9850 9855 9915
3 9795 9850 9915
3 9791 9795 9915
3 9784 9791 9915
3 9729 9784 9915
3 9411 9417 9421
3 9405 9411 9421
3 9353 9405 9421
3 9349 9353 9421
3 9341 9349 9421
3 9337 9341 9421
3 9333 9337 9421
3 9325 9333 9421
3 9321 9325 9421
3 9269 9321 9421
3 9263 9269 9421
3 9259 9263 9421
3 9261 9259 9421
3 9267 9261 9421
3 9319 9267 9421
3 9323 9319 9421
3 9331 9323 9421
3 9335 9331 9421
3 9339 9335 9421
3 9345 9339 9421
3 9351 9345 9421
3 9403 9351 9421
3 9407 9403 9421
3 9415 9407 9421
3 9419 9415 9421
3 9471 9419 9421
3 9477 9471 9421
3 9479 9477 9421
3 9531 9479 9421
3 9535 9531 9421
3 9421 9722 9729
3 9535 9421 9729
3 9537 9535 9729
3 9915 9537 9729
3 7187 7145 7137
3 7175 7187 7137
3 7188 7146 7145
3 7188 7145 7187
3 7176 7188 7187
3 7176 7187 7175
3 7176 7175 7137
3 7138 7176 7137
3 7138 7137 7145
3 7146 7138 7145
3 7188 7146 7138
3 7176 7188 7138
3 7187 7145 7137
3 7175 7187 7137
3 7144 7145 7137
3 7136 7144 7137
3 7136 7137 7175
3 7174 7136 7175
3 7186 7174 7175
3 7186 7175 7187
3 7144 7186 7187
3 7144 7187 7145
3 7186 7144 7136
3 7174 7186 7136
3 7321 7290 7281
3 7307 7321 7281
3 7289 7290 7281
3 7280 7289 7281
3 7280 7281 7307
3 7306 7280 7307
3 7320 7306 7307
3 7320 7307 7321
3 7289 7320 7321
3 7289 7321 7290
3 7320 7289 7280
3 7306 7320 7280
3 7437 7408 7401
3 7425 7437 7401
3 7407 7408 7401
3 7400 7407 7401
3 7400 7401 7425
3 7424 7400 7425
3 7436 7424 7425
3 7436 7425 7437
3 7407 7436 7437
3 7407 7437 7408
3 7436 7407 7400
3 7424 7436 7400
3 7622 7598 7586
3 7610 7622 7586
3 7597 7598 7586
3 7585 7597 7586
3 7585 7586 7610
3 7609 7585 7610
3 7621 7609 7610
3 7621 7610 7622
3 7597 7621 7622
3 7597 7622 7598
3 7621 7597 7585
3 7609 7621 7585
3 8033 8009 7873
3 8021 8033 7873
3 8008 8009 7873
3 7872 8008 7873
3 7872 7873 8021
3 8020 7872 8021
3 8032 8020 8021
3 8032 8021 8033
3 8008 8032 8033
3 8008 8033 8009
3 8032 8008 7872
3 8020 8032 7872
3 8199 8173 8159
3 8187 8199 8159
3 8172 8173 8159
3 8158 8172 8159
3 8158 8159 8187
3 8186 8158 8187
3 8198 8186 8187
3 8198 8187 8199
3 8172 8198 8199
3 8172 8199 8173
3 8198 8172 8158
3 8186 8198 8158
3 8672 8552 8446
3 8658 8672 8446
3 8551 8552 8446
3 8445 8551 8446
3 8445 8446 8658
3 8657 8445 8658
3 8671 8657 8658
3 8671 8658 8672
3 8551 8671 8672
3 8551 8672 8552
3 8671 8551 8445
3 8657 8671 8445
3 7184 7142 7134
3 7172 7184 7134
3 7318 7287 7278
3 7304 7318 7278
3 7434 7405 7398
3 7422 7434 7398
3 7619 7595 7583
3 7607 7619 7583
3 8030 8006 7870
3 8018 8030 7870
3 8196 8170 8156
3 8184 8196 8156
3 8669 8549 8443
3 8655 8669 8443
3 9056 9032 9019
3 9045 9056 9019
3 8669 8549 8443
3 8655 8669 8443
3 8670 8550 8549
3 8670 8549 8669
3 8656 8670 8669
3 8656 8669 8655
3 8656 8655 8443
3 8444 8656 8443
3 8444 8443 8549
3 8550 8444 8549
3 8670 8550 8444
3 8656 8670 8444
3 8196 8170 8156
3 8184 8196 8156
3 8197 8171 8170
3 8197 8170 8196
3 8185 8197 8196
3 8185 8196 8184
3 8185 8184 8156
3 8157 8185 8156
3 8157 8156 8170
3 8171 8157 8170
3 8197 8171 8157
3 8185 8197 8157
3 8030 8006 7870
3 8018 8030 7870
3 8031 8007 8006
3 8031 8006 8030
3 8019 8031 8030
3 8019 8030 8018
3 8019 8018 7870
3 7871 8019 7870
3 7871 7870 8006
3 8007 7871 8006
3 8031 8007 7871
3 8019 8031 7871
3 7619 7595 7583
3 7607 7619 7583
3 7620 7596 7595
3 7620 7595 7619
3 7608 7620 7619
3 7608 7619 7607
3 7608 7607 7583
3 7584 7608 7583
3 7584 7583 7595
3 7596 7584 7595
3 7620 7596 7584
3 7608 7620 7584
3 7434 7405 7398
3 7422 7434 7398
3 7435 7406 7405
3 7435 7405 7434
3 7423 7435 7434
3 7423 7434 7422
3 7423 7422 7398
3 7399 7423 7398
3 7399 7398 7405
3 7406 7399 7405
3 7435 7406 7399
3 7423 7435 7399
3 7318 7287 7278
3 7304 7318 7278
3 7319 7288 7287
3 7319 7287 7318
3 7305 7319 7318
3 7305 7318 7304
3 7305 7304 7278
3 7279 7305 7278
3 7279 7278 7287
3 7288 7279 7287
3 7319 7288 7279
3 7305 7319 7279
3 7184 7142 7134
3 7172 7184 7134
3 7185 7143 7142
3 7185 7142 7184
3 7173 7185 7184
3 7173 7184 7172
3 7173 7172 7134
3 7135 7173 7134
3 7135 7134 7142
3 7143 7135 7142
3 7185 7143 7135
3 7173 7185 7135
3 2561 2539 2428
3 2546 2561 2428
3 2562 2540 2539
3 2562 2539 2561
3 2547 2562 2561
3 2547 2561 2546
3 2547 2546 2428
3 2429 2547 2428
3 2429 2428 2539
3 2540 2429 2539
3 2562 2540 2429
3 2547 2562 2429
3 2824 2807 2804
3 2810 2824 2804
3 2825 2808 2807
3 2825 2807 2824
3 2811 2825 2824
3 2811 2824 2810
3 2811 2810 2804
3 2805 2811 2804
3 2805 2804 2807
3 2808 2805 2807
3 2825 2808 2805
3 2811 2825 2805
3 2967 2957 2954
3 2960 2967 2954
3 2968 2958 2957
3 2968 2957 2967
3 2961 2968 2967
3 2961 2967 2960
3 2961 2960 2954
3 2955 2961 2954
3 2955 2954 2957
3 2958 2955 2957
3 2968 2958 2955
3 2961 2968 2955
3 3502 3446 3391
3 3449 3502 3391
3 3503 3447 3446
3 3503 3446 3502
3 3450 3503 3502
3 3450 3502 3449
3 3450 3449 3391
3 3392 3450 3391
3 3392 3391 3446
3 3447 3392 3446
3 3503 3447 3392
3 3450 3503 3392
3 4247 4241 4230
3 4244 4247 4230
3 4248 4242 4241
3 4248 4241 4247
3 4245 4248 4247
3 4245 4247 4244
3 4245 4244 4230
3 4231 4245 4230
3 4231 4230 4241
3 4242 4231 4241
3 4248 4242 4231
3 4245 4248 4231
3 4447 4441 4436
3 4444 4447 4436
3 4448 4442 4441
3 4448 4441 4447
3 4445 4448 4447
3 4445 4447 4444
3 4445 4444 4436
3 4437 4445 4436
3 4437 4436 4441
3 4442 4437 4441
3 4448 4442 4437
3 4445 4448 4437
3 4748 4734 4727
3 4741 4748 4727
3 4749 4735 4734
3 4749 4734 4748
3 4742 4749 4748
3 4742 4748 4741
3 4742 4741 4727
3 4728 4742 4727
3 4728 4727 4734
3 4735 4728 4734
3 4749 4735 4728
3 4742 4749 4728
3 5089 5079 5072
3 5082 5089 5072
3 5090 5080 5079
3 5090 5079 5089
3 5083 5090 5089
3 5083 5089 5082
3 5083 5082 5072
3 5073 5083 5072
3 5073 5072 5079
3 5080 5073 5079
3 5090 5080 5073
3 5083 5090 5073
3 5475 5415 5256
3 5434 5475 5256
3 5476 5416 5415
3 5476 5415 5475
3 5435 5476 5475
3 5435 5475 5434
3 5435 5434 5256
3 5257 5435 5256
3 5257 5256 5415
3 5416 5257 5415
3 5476 5416 5257
3 5435 5476 5257
3 6010 5990 5987
3 6001 6010 5987
3 6011 5991 5990
3 6011 5990 6010
3 6002 6011 6010
3 6002 6010 6001
3 6002 6001 5987
3 5988 6002 5987
3 5988 5987 5990
3 5991 5988 5990
3 6011 5991 5988
3 6002 6011 5988
3 6131 6121 6116
3 6126 6131 6116
3 6132 6122 6121
3 6132 6121 6131
3 6127 6132 6131
3 6127 6131 6126
3 6127 6126 6116
3 6117 6127 6116
3 6117 6116 6121
3 6122 6117 6121
3 6132 6122 6117
3 6127 6132 6117
3 6227 6215 6208
3 6220 6227 6208
3 6228 6216 6215
3 6228 6215 6227
3 6221 6228 6227
3 6221 6227 6220
3 6221 6220 6208
3 6209 6221 6208
3 6209 6208 6215
3 6216 6209 6215
3 6228 6216 6209
3 6221 6228 6209
3 6339 6320 6309
3 6325 6339 6309
3 6340 6321 6320
3 6340 6320 6339
3 6326 6340 6339
3 6326 6339 6325
3 6326 6325 6309
3 6310 6326 6309
3 6310 6309 6320
3 6321 6310 6320
3 6340 6321 6310
3 6326 6340 6310
3 6461 6451 6446
3 6456 6461 6446
3 6462 6452 6451
3 6462 6451 6461
3 6457 6462 6461
3 6457 6461 6456
3 6457 6456 6446
3 6447 6457 6446
3 6447 6446 6451
3 6452 6447 6451
3 6462 6452 6447
3 6457 6462 6447
3 6883 6869 6858
3 6878 6883 6858
3 6884 6870 6869
3 6884 6869 6883
3 6879 6884 6883
3 6879 6883 6878
3 6879 6878 6858
3 6859 6879 6858
3 6859 6858 6869
3 6870 6859 6869
3 6884 6870 6859
3 6879 6884 6859
3 6993 6983 6978
3 6988 6993 6978
3 6994 6984 6983
3 6994 6983 6993
3 6989 6994 6993
3 6989 6993 6988
3 6989 6988 6978
3 6979 6989 6978
3 6979 6978 6983
3 6984 6979 6983
3 6994 6984 6979
3 6989 6994 6979
3 7063 7053 7048
3 7058 7063 7048
3 7064 7054 7053
3 7064 7053 7063
3 7059 7064 7063
3 7059 7063 7058
3 7059 7058 7048
3 7049 7059 7048
3 7049 7048 7053
3 7054 7049 7053
3 7064 7054 7049
3 7059 7064 7049
3 7177 7151 7127
3 7165 7177 7127
3 7178 7152 7151
3 7178 7151 7177
3 7166 7178 7177
3 7166 7177 7165
3 7166 7165 7127
3 7128 7166 7127
3 7128 7127 7151
3 7152 7128 7151
3 7178 7152 7128
3 7166 7178 7128
3 7311 7292 7271
3 7297 7311 7271
3 7312 7293 7292
3 7312 7292 7311
3 7298 7312 7311
3 7298 7311 7297
3 7298 7297 7271
3 7272 7298 7271
3 7272 7271 7292
3 7293 7272 7292
3 7312 7293 7272
3 7298 7312 7272
3 7427 7410 7391
3 7415 7427 7391
3 7428 7411 7410
3 7428 7410 7427
3 7416 7428 7427
3 7416 7427 7415
3 7416 7415 7391
3 7392 7416 7391
3 7392 7391 7410
3 7411 7392 7410
3 7428 7411 7392
3 7416 7428 7392
3 7612 7588 7576
3 7600 7612 7576
3 7613 7589 7588
3 7613 7588 7612
3 7601 7613 7612
3 7601 7612 7600
3 7601 7600 7576
3 7577 7601 7576
3 7577 7576 7588
3 7589 7577 7588
3 7613 7589 7577
3 7601 7613 7577
3 8023 7877 7863
3 8011 8023 7863
3 8024 7878 7877
3 8024 7877 8023
3 8012 8024 8023
3 8012 8023 8011
3 8012 8011 7863
3 7864 8012 7863
3 7864 7863 7877
3 7878 7864 7877
3 8024 7878 7864
3 8012 8024 7864
3 8189 8163 8149
3 8175 8189 8149
3 8190 8164 8163
3 8190 8163 8189
3 8176 8190 8189
3 8176 8189 8175
3 8176 8175 8149
3 8150 8176 8149
3 8150 8149 8163
3 8164 8150 8163
3 8190 8164 8150
3 8176 8190 8150
3 8662 8450 8436
3 8648 8662 8436
3 8663 8451 8450
3 8663 8450 8662
3 8649 8663 8662
3 8649 8662 8648
3 8649 8648 8436
3 8437 8649 8436
3 8437 8436 8450
3 8451 8437 8450
3 8663 8451 8437
3 8649 8663 8437
3 9049 9025 9012
3 9036 9049 9012
3 9050 9026 9025
3 9050 9025 9049
3 9037 9050 9049
3 9037 9049 9036
3 9037 9036 9012
3 9013 9037 9012
3 9013 9012 9025
3 9026 9013 9025
3 9050 9026 9013
3 9037 9050 9013
3 9177 9157 9144
3 9162 9177 9144
3 9178 9158 9157
3 9178 9157 9177
3 9163 9178 9177
3 9163 9177 9162
3 9163 9162 9144
3 9145 9163 9144
3 9145 9144 9157
3 9158 9145 9157
3 9178 9158 9145
3 9163 9178 9145
3 4153 4043 3994
3 4096 4153 3994
3 4154 4044 4043
3 4154 4043 4153
3 4097 4154 4153
3 4097 4153 4096
3 4097 4096 3994
3 3995 4097 3994
3 3995 3994 4043
3 4044 3995 4043
3 4154 4044 3995
3 4097 4154 3995
3 4429 4419 4414
3 4424 4429 4414
3 4430 4420 4419
3 4430 4419 4429
3 4425 4430 4429
3 4425 4429 4424
3 4425 4424 4414
3 4415 4425 4414
3 4415 4414 4419
3 4420 4415 4419
3 4430 4420 4415
3 4425 4430 4415
3 4629 4489 4484
3 4494 4629 4484
3 4630 4490 4489
3 4630 4489 4629
3 4495 4630 4629
3 4495 4629 4494
3 4495 4494 4484
3 4485 4495 4484
3 4485 4484 4489
3 4490 4485 4489
3 4630 4490 4485
3 4495 4630 4485
3 5061 5049 5044
3 5056 5061 5044
3 5062 5050 5049
3 5062 5049 5061
3 5057 5062 5061
3 5057 5061 5056
3 5057 5056 5044
3 5045 5057 5044
3 5045 5044 5049
3 5050 5045 5049
3 5062 5050 5045
3 5057 5062 5045
3 5149 5137 5132
3 5142 5149 5132
3 5150 5138 5137
3 5150 5137 5149
3 5143 5150 5149
3 5143 5149 5142
3 5143 5142 5132
3 5133 5143 5132
3 5133 5132 5137
3 5138 5133 5137
3 5150 5138 5133
3 5143 5150 5133
3 5982 5970 5915
3 5977 5982 5915
3 5983 5971 5970
3 5983 5970 5982
3 5978 5983 5982
3 5978 5982 5977
3 5978 5977 5915
3 5916 5978 5915
3 5916 5915 5970
3 5971 5916 5970
3 5983 5971 5916
3 5978 5983 5916
3 6108 6095 6087
3 6100 6108 6087
3 6109 6096 6095
3 6109 6095 6108
3 6101 6109 6108
3 6101 6108 6100
3 6101 6100 6087
3 6088 6101 6087
3 6088 6087 6095
3 6096 6088 6095
3 6109 6096 6088
3 6101 6109 6088
3 6187 6169 6164
3 6174 6187 6164
3 6188 6170 6169
3 6188 6169 6187
3 6175 6188 6187
3 6175 6187 6174
3 6175 6174 6164
3 6165 6175 6164
3 6165 6164 6169
3 6170 6165 6169
3 6188 6170 6165
3 6175 6188 6165
3 6295 6285 6278
3 6290 6295 6278
3 6296 6286 6285
3 6296 6285 6295
3 6291 6296 6295
3 6291 6295 6290
3 6291 6290 6278
3 6279 6291 6278
3 6279 6278 6285
3 6286 6279 6285
3 6296 6286 6279
3 6291 6296 6279
3 6438 6426 6418
3 6433 6438 6418
3 6439 6427 6426
3 6439 6426 6438
3 6434 6439 6438
3 6434 6438 6433
3 6434 6433 6418
3 6419 6434 6418
3 6419 6418 6426
3 6427 6419 6426
3 6439 6427 6419
3 6434 6439 6419
3 6781 6741 6706
3 6750 6781 6706
3 6782 6742 6741
3 6782 6741 6781
3 6751 6782 6781
3 6751 6781 6750
3 6751 6750 6706
3 6707 6751 6706
3 6707 6706 6741
3 6742 6707 6741
3 6782 6742 6707
3 6751 6782 6707
3 6971 6957 6950
3 6964 6971 6950
3 6972 6958 6957
3 6972 6957 6971
3 6965 6972 6971
3 6965 6971 6964
3 6965 6964 6950
3 6951 6965 6950
3 6951 6950 6957
3 6958 6951 6957
3 6972 6958 6951
3 6965 6972 6951
3 7041 7027 7020
3 7032 7041 7020
3 7042 7028 7027
3 7042 7027 7041
3 7033 7042 7041
3 7033 7041 7032
3 7033 7032 7020
3 7021 7033 7020
3 7021 7020 7027
3 7028 7021 7027
3 7042 7028 7021
3 7033 7042 7021
3 7105 7093 7088
3 7098 7105 7088
3 7106 7094 7093
3 7106 7093 7105
3 7099 7106 7105
3 7099 7105 7098
3 7099 7098 7088
3 7089 7099 7088
3 7089 7088 7093
3 7094 7089 7093
3 7106 7094 7089
3 7099 7106 7089
3 7252 7240 7233
3 7245 7252 7233
3 7253 7241 7240
3 7253 7240 7252
3 7246 7253 7252
3 7246 7252 7245
3 7246 7245 7233
3 7234 7246 7233
3 7234 7233 7240
3 7241 7234 7240
3 7253 7241 7234
3 7246 7253 7234
3 7378 7368 7363
3 7373 7378 7363
3 7379 7369 7368
3 7379 7368 7378
3 7374 7379 7378
3 7374 7378 7373
3 7374 7373 7363
3 7364 7374 7363
3 7364 7363 7368
3 7369 7364 7368
3 7379 7369 7364
3 7374 7379 7364
3 7560 7547 7542
3 7552 7560 7542
3 7561 7548 7547
3 7561 7547 7560
3 7553 7561 7560
3 7553 7560 7552
3 7553 7552 7542
3 7543 7553 7542
3 7543 7542 7547
3 7548 7543 7547
3 7561 7548 7543
3 7553 7561 7543
3 7854 7848 7763
3 7851 7854 7763
3 7855 7849 7848
3 7855 7848 7854
3 7852 7855 7854
3 7852 7854 7851
3 7852 7851 7763
3 7764 7852 7763
3 7764 7763 7848
3 7849 7764 7848
3 7855 7849 7764
3 7852 7855 7764
3 8142 8136 8133
3 8139 8142 8133
3 8143 8137 8136
3 8143 8136 8142
3 8140 8143 8142
3 8140 8142 8139
3 8140 8139 8133
3 8134 8140 8133
3 8134 8133 8136
3 8137 8134 8136
3 8143 8137 8134
3 8140 8143 8134
3 8226 8220 8217
3 8223 8226 8217
3 8227 8221 8220
3 8227 8220 8226
3 8224 8227 8226
3 8224 8226 8223
3 8224 8223 8217
3 8218 8224 8217
3 8218 8217 8220
3 8221 8218 8220
3 8227 8221 8218
3 8224 8227 8218
3 9001 8993 8988
3 8996 9001 8988
3 9002 8994 8993
3 9002 8993 9001
3 8997 9002 9001
3 8997 9001 8996
3 8997 8996 8988
3 8989 8997 8988
3 8989 8988 8993
3 8994 8989 8993
3 9002 8994 8989
3 8997 9002 8989
3 9129 9115 9108
3 9122 9129 9108
3 9130 9116 9115
3 9130 9115 9129
3 9123 9130 9129
3 9123 9129 9122
3 9123 9122 9108
3 9109 9123 9108
3 9109 9108 9115
3 9116 9109 9115
3 9130 9116 9109
3 9123 9130 9109
3 9798 9780 9718
3 9787 9798 9718
3 9799 9781 9780
3 9799 9780 9798
3 9788 9799 9798
3 9788 9798 9787
3 9788 9787 9718
3 9719 9788 9718
3 9719 9718 9780
3 9781 9719 9780
3 9799 9781 9719
3 9788 9799 9719
3 10634 10613 10607
3 10616 10634 10607
3 10635 10614 10613
3 10635 10613 10634
3 10617 10635 10634
3 10617 10634 10616
3 10617 10616 10607
3 10608 10617 10607
3 10608 10607 10613
3 10614 10608 10613
3 10635 10614 10608
3 10617 10635 10608
3 10849 10835 10807
3 10841 10849 10807
3 10850 10836 10835
3 10850 10835 10849
3 10842 10850 10849
3 10842 10849 10841
3 10842 10841 10807
3 10808 10842 10807
3 10808 10807 10835
3 10836 10808 10835
3 10850 10836 10808
3 10842 10850 10808
3 10992 10982 10970
3 10989 10992 10970
3 10993 10983 10982
3 10993 10982 10992
3 10990 10993 10992
3 10990 10992 10989
3 10990 10989 10970
3 10971 10990 10970
3 10971 10970 10982
3 10983 10971 10982
3 10993 10983 10971
3 10990 10993 10971
3 12209 12212 11906
3 11803 12209 11906
3 12210 12213 12212
3 12210 12212 12209
3 12210 12209 11803
3 11804 12210 11803
3 11804 11803 11906
3 11907 11804 11906
3 12213 11907 11906
3 12213 11906 12212
3 12210 12213 11907
3 11804 12210 11907
3 11543 11550 11418
3 11413 11543 11418
3 11544 11551 11550
3 11544 11550 11543
3 11544 11543 11413
3 11414 11544 11413
3 11414 11413 11418
3 11419 11414 11418
3 11551 11419 11418
3 11551 11418 11550
3 11544 11551 11419
3 11414 11544 11419
3 11283 11292 11170
3 11167 11283 11170
3 11284 11293 11292
3 11284 11292 11283
3 11284 11283 11167
3 11168 11284 11167
3 11168 11167 11170
3 11171 11168 11170
3 11293 11171 11170
3 11293 11170 11292
3 11284 11293 11171
3 11168 11284 11171
3 11057 11060 10998
3 10995 11057 10998
3 11058 11061 11060
3 11058 11060 11057
3 11058 11057 10995
3 10996 11058 10995
3 10996 10995 10998
3 10999 10996 10998
3 11061 10999 10998
3 11061 10998 11060
3 11058 11061 10999
3 10996 11058 10999
3 10961 10973 10952
3 10947 10961 10952
3 10962 10974 10973
3 10962 10973 10961
3 10962 10961 10947
3 10948 10962 10947
3 10948 10947 10952
3 10953 10948 10952
3 10974 10953 10952
3 10974 10952 10973
3 10962 10974 10953
3 10948 10962 10953
3 10937 10942 10930
3 10925 10937 10930
3 10938 10943 10942
3 10938 10942 10937
3 10938 10937 10925
3 10926 10938 10925
3 10926 10925 10930
3 10931 10926 10930
3 10943 10931 10930
3 10943 10930 10942
3 10938 10943 10931
3 10926 10938 10931
3 10913 10918 10894
3 10889 10913 10894
3 10914 10919 10918
3 10914 10918 10913
3 10914 10913 10889
3 10890 10914 10889
3 10890 10889 10894
3 10895 10890 10894
3 10919 10895 10894
3 10919 10894 10918
3 10914 10919 10895
3 10890 10914 10895
3 10867 10872 10862
3 10857 10867 10862
3 10868 10873 10872
3 10868 10872 10867
3 10868 10867 10857
3 10858 10868 10857
3 10858 10857 10862
3 10863 10858 10862
3 10873 10863 10862
3 10873 10862 10872
3 10868 10873 10863
3 10858 10868 10863
3 10844 10852 10798
3 10790 10844 10798
3 10845 10853 10852
3 10845 10852 10844
3 10845 10844 10790
3 10791 10845 10790
3 10791 10790 10798
3 10799 10791 10798
3 10853 10799 10798
3 10853 10798 10852
3 10845 10853 10799
3 10791 10845 10799
3 10763 10771 10752
3 10747 10763 10752
3 10764 10772 10771
3 10764 10771 10763
3 10764 10763 10747
3 10748 10764 10747
3 10748 10747 10752
3 10753 10748 10752
3 10772 10753 10752
3 10772 10752 10771
3 10764 10772 10753
3 10748 10764 10753
3 10729 10734 10721
3 10713 10729 10721
3 10730 10735 10734
3 10730 10734 10729
3 10730 10729 10713
3 10714 10730 10713
3 10714 10713 10721
3 10722 10714 10721
3 10735 10722 10721
3 10735 10721 10734
3 10730 10735 10722
3 10714 10730 10722
3 10686 10695 10667
3 10662 10686 10667
3 10687 10696 10695
3 10687 10695 10686
3 10687 10686 10662
3 10663 10687 10662
3 10663 10662 10667
3 10668 10663 10667
3 10696 10668 10667
3 10696 10667 10695
3 10687 10696 10668
3 10663 10687 10668
3 10647 10655 10626
3 10619 10647 10626
3 10648 10656 10655
3 10648 10655 10647
3 10648 10647 10619
3 10620 10648 10619
3 10620 10619 10626
3 10627 10620 10626
3 10656 10627 10626
3 10656 10626 10655
3 10648 10656 10627
3 10620 10648 10627
3 10586 10598 10568
3 10563 10586 10568
3 10587 10599 10598
3 10587 10598 10586
3 10587 10586 10563
3 10564 10587 10563
3 10564 10563 10568
3 10569 10564 10568
3 10599 10569 10568
3 10599 10568 10598
3 10587 10599 10569
3 10564 10587 10569
3 10545 10550 10535
3 10528 10545 10535
3 10546 10551 10550
3 10546 10550 10545
3 10546 10545 10528
3 10529 10546 10528
3 10529 10528 10535
3 10536 10529 10535
3 10551 10536 10535
3 10551 10535 10550
3 10546 10551 10536
3 10529 10546 10536
3 1862 1865 1349
3 1346 1862 1349
3 1863 1866 1865
3 1863 1865 1862
3 1863 1862 1346
3 1347 1863 1346
3 1347 1346 1349
3 1350 1347 1349
3 1866 1350 1349
3 1866 1349 1865
3 1863 1866 1350
3 1347 1863 1350
3 2199 2210 2036
3 1978 2199 2036
3 2200 2211 2210
3 2200 2210 2199
3 2200 2199 1978
3 1979 2200 1978
3 1979 1978 2036
3 2037 1979 2036
3 2211 2037 2036
3 2211 2036 2210
3 2200 2211 2037
3 1979 2200 2037
3 1321 1324 1327
3 1318 1321 1327
3 1315 1318 1327
3 1300 1315 1327
3 1297 1300 1327
3 1294 1297 1327
3 1291 1294 1327
3 1276 1291 1327
3 1273 1276 1327
3 1267 1273 1327
3 1261 1267 1327
3 1255 1261 1327
3 1249 1255 1327
3 1246 1249 1327
3 1252 1246 1327
3 1258 1252 1327
3 1264 1258 1327
3 2764 2761 2754
3 2775 2764 2754
3 2784 2775 2754
3 2791 2784 2754
3 2802 2791 2754
3 2818 2802 2754
3 2834 2818 2754
3 2851 2834 2754
3 2874 2851 2754
3 2885 2874 2754
3 2908 2885 2754
3 2915 2908 2754
3 2922 2915 2754
3 2933 2922 2754
3 11118 11064 11006
3 11176 11118 11006
3 11232 11176 11006
3 11304 11232 11006
3 11364 11304 11006
3 11424 11364 11006
3 11484 11424 11006
3 11554 11484 11006
3 11604 11554 11006
3 11654 11604 11006
3 11754 11654 11006
3 11857 11754 11006
3 11960 11857 11006
3 12060 11960 11006
3 12160 12060 11006
3 12110 12160 11006
3 12010 12110 11006
3 11910 12010 11006
3 11807 11910 11006
3 10376 10426 10475
3 10328 10376 10475
3 10277 10328 10475
3 10227 10277 10475
3 10162 10227 10475
3 10100 10162 10475
3 10021 10100 10475
3 9941 10021 10475
3 9864 9941 10475
3 9801 9864 10475
3 9732 9801 10475
3 9668 9732 10475
3 9599 9668 10475
3 9540 9599 10475
3 9480 9540 10475
3 9422 9480 10475
3 9354 9422 10475
3 9270 9354 10475
3 2373 2439 2490
3 2298 2373 2490
3 2213 2298 2490
3 2100 2213 2490
3 2043 2100 2490
3 1987 2043 2490
3 1917 1987 2490
3 1868 1917 2490
3 1807 1868 2490
3 1758 1807 2490
3 1703 1758 2490
3 1605 1703 2490
3 1507 1605 2490
3 1409 1507 2490
3 1360 1409 2490
3 1458 1360 2490
3 1556 1458 2490
3 1654 1556 2490
3 1654 2490 8557
3 8557 8458 8767
3 2555 1654 8557
3 1264 1327 2555
3 1270 1264 2555
3 2754 1270 2555
3 2933 2754 2555
3 2944 2933 2555
3 11006 2944 2555
3 11807 11006 2555
3 11704 11807 2555
3 10475 11704 2555
3 9270 10475 2555
3 9202 9270 2555
3 8900 9202 2555
3 8767 8900 2555
3 8557 8767 2555
3 1655 1654 2555
3 2556 1655 2555
3 2556 2555 1327
3 1328 2556 1327
3 1328 1327 1324
3 1325 1328 1324
3 1325 1324 1321
3 1322 1325 1321
3 1322 1321 1318
3 1319 1322 1318
3 1319 1318 1315
3 1316 1319 1315
3 1316 1315 1300
3 1301 1316 1300
3 1301 1300 1297
3 1298 1301 1297
3 1298 1297 1294
3 1295 1298 1294
3 1295 1294 1291
3 1292 1295 1291
3 1292 1291 1276
3 1277 1292 1276
3 1277 1276 1273
3 1274 1277 1273
3 1274 1273 1267
3 1268 1274 1267
3 1268 1267 1261
3 1262 1268 1261
3 1262 1261 1255
3 1256 1262 1255
3 1256 1255 1249
3 1250 1256 1249
3 1250 1249 1246
3 1247 1250 1246
3 1247 1246 1252
3 1253 1247 1252
3 1253 1252 1258
3 1259 1253 1258
3 1259 1258 1264
3 1265 1259 1264
3 1265 1264 1270
3 1271 1265 1270
3 1271 1270 2754
3 2755 1271 2754
3 2755 2754 2761
3 2762 2755 2761
3 2762 2761 2764
3 2765 2762 2764
3 2765 2764 2775
3 2776 2765 2775
3 2776 2775 2784
3 2785 2776 2784
3 2792 2785 2784
3 2792 2784 2791
3 2803 2792 2791
3 2803 2791 2802
3 2819 2803 2802
3 2819 2802 2818
3 2835 2819 2818
3 2835 2818 2834
3 2852 2835 2834
3 2852 2834 2851
3 2875 2852 2851
3 2875 2851 2874
3 2886 2875 2874
3 2886 2874 2885
3 2909 2886 2885
3 2909 2885 2908
3 2916 2909 2908
3 2916 2908 2915
3 2923 2916 2915
3 2923 2915 2922
3 2934 2923 2922
3 2934 2922 2933
3 2945 2934 2933
3 2945 2933 2944
3 11007 2945 2944
3 11007 2944 11006
3 11065 11007 11006
3 11065 11006 11064
3 11119 11065 11064
3 11119 11064 11118
3 11177 11119 11118
3 11177 11118 11176
3 11233 11177 11176
3 11233 11176 11232
3 11305 11233 11232
3 11305 11232 11304
3 11365 11305 11304
3 11365 11304 11364
3 11425 11365 11364
3 11425 11364 11424
3 11485 11425 11424
3 11485 11424 11484
3 11555 11485 11484
3 11555 11484 11554
3 11605 11555 11554
3 11605 11554 11604
3 11655 11605 11604
3 11655 11604 11654
3 11755 11655 11654
3 11755 11654 11754
3 11858 11755 11754
3 11858 11754 11857
3 11961 11858 11857
3 11961 11857 11960
3 12061 11961 11960
3 12061 11960 12060
3 12161 12061 12060
3 12161 12060 12160
3 12111 12161 12160
3 12111 12160 12110
3 12011 12111 12110
3 12011 12110 12010
3 11911 12011 12010
3 11911 12010 11910
3 11808 11911 11910
3 11808 11910 11807
3 11705 11808 11807
3 11705 11807 11704
3 10476 11705 11704
3 10476 11704 10475
3 10427 10476 10475
3 10427 10475 10426
3 10377 10427 10426
3 10377 10426 10376
3 10329 10377 10376
3 10329 10376 10328
3 10278 10329 10328
3 10278 10328 10277
3 10228 10278 10277
3 10228 10277 10227
3 10163 10228 10227
3 10163 10227 10162
3 10101 10163 10162
3 10101 10162 10100
3 10101 10100 10021
3 10022 10101 10021
3 10022 10021 9941
3 9942 10022 9941
3 9942 9941 9864
3 9865 9942 9864
3 9865 9864 9801
3 9802 9865 9801
3 9802 9801 9732
3 9733 9802 9732
3 9733 9732 9668
3 9669 9733 9668
3 9669 9668 9599
3 9600 9669 9599
3 9600 9599 9540
3 9541 9600 9540
3 9541 9540 9480
3 9481 9541 9480
3 9481 9480 9422
3 9423 9481 9422
3 9423 9422 9354
3 9355 9423 9354
3 9355 9354 9270
3 9271 9355 9270
3 9271 9270 9202
3 9203 9271 9202
3 9203 9202 8900
3 8901 9203 8900
3 8768 8901 8900
3 8768 8900 8767
3 8768 8767 8458
3 8459 8768 8458
3 8459 8458 8557
3 8558 8459 8557
3 8558 8557 2490
3 2491 8558 2490
3 2440 2491 2490
3 2440 2490 2439
3 2440 2439 2373
3 2374 2440 2373
3 2374 2373 2298
3 2299 2374 2298
3 2299 2298 2213
3 2214 2299 2213
3 2214 2213 2100
3 2101 2214 2100
3 2101 2100 2043
3 2044 2101 2043
3 2044 2043 1987
3 1988 2044 1987
3 1988 1987 1917
3 1918 1988 1917
3 1918 1917 1868
3 1869 1918 1868
3 1869 1868 1807
3 1808 1869 1807
3 1808 1807 1758
3 1759 1808 1758
3 1759 1758 1703
3 1704 1759 1703
3 1704 1703 1605
3 1606 1704 1605
3 1606 1605 1507
3 1508 1606 1507
3 1508 1507 1409
3 1410 1508 1409
3 1410 1409 1360
3 1361 1410 1360
3 1361 1360 1458
3 1459 1361 1458
3 1459 1458 1556
3 1557 1459 1556
3 1557 1556 1654
3 1655 1557 1654
3 1322 1325 1328
3 1319 1322 1328
3 1316 1319 1328
3 1301 1316 1328
3 1298 1301 1328
3 1295 1298 1328
3 1292 1295 1328
3 1277 1292 1328
3 1274 1277 1328
3 1268 1274 1328
3 1262 1268 1328
3 1256 1262 1328
3 1250 1256 1328
3 1247 1250 1328
3 1253 1247 1328
3 1259 1253 1328
3 1265 1259 1328
3 2765 2762 2755
3 2776 2765 2755
3 2785 2776 2755
3 2792 2785 2755
3 2803 2792 2755
3 2819 2803 2755
3 2835 2819 2755
3 2852 2835 2755
3 2875 2852 2755
3 2886 2875 2755
3 2909 2886 2755
3 2916 2909 2755
3 2923 2916 2755
3 2934 2923 2755
3 11119 11065 11007
3 11177 11119 11007
3 11233 11177 11007
3 11305 11233 11007
3 11365 11305 11007
3 11425 11365 11007
3 11485 11425 11007
3 11555 11485 11007
3 11605 11555 11007
3 11655 11605 11007
3 11755 11655 11007
3 11858 11755 11007
3 11961 11858 11007
3 12061 11961 11007
3 12161 12061 11007
3 12111 12161 11007
3 12011 12111 11007
3 11911 12011 11007
3 11808 11911 11007
3 10377 10427 10476
3 10329 10377 10476
3 10278 10329 10476
3 10228 10278 10476
3 10163 10228 10476
3 10101 10163 10476
3 10022 10101 10476
3 9942 10022 10476
3 9865 9942 10476
3 9802 9865 10476
3 9733 9802 10476
3 9669 9733 10476
3 9600 9669 10476
3 9541 9600 10476
3 9481 9541 10476
3 9423 9481 10476
3 9355 9423 10476
3 9271 9355 10476
3 2374 2440 2491
3 2299 2374 2491
3 2214 2299 2491
3 2101 2214 2491
3 2044 2101 2491
3 1988 2044 2491
3 1918 1988 2491
3 1869 1918 2491
3 1808 1869 2491
3 1759 1808 2491
3 1704 1759 2491
3 1606 1704 2491
3 1508 1606 2491
3 1410 1508 2491
3 1361 1410 2491
3 1459 1361 2491
3 1557 1459 2491
3 1655 1557 2491
3 1655 2491 8558
3 8558 8459 8768
3 2556 1655 8558
3 1265 1328 2556
3 1271 1265 2556
3 2755 1271 2556
3 2934 2755 2556
3 2945 2934 2556
3 11007 2945 2556
3 11808 11007 2556
3 11705 11808 2556
3 10476 11705 2556
3 9271 10476 2556
3 9203 9271 2556
3 8901 9203 2556
3 8768 8901 2556
3 8558 8768 2556
3 11119 11065 11007
3 11177 11119 11007
3 11233 11177 11007
3 11305 11233 11007
3 11365 11305 11007
3 11425 11365 11007
3 11485 11425 11007
3 11555 11485 11007
3 11605 11555 11007
3 11655 11605 11007
3 11755 11655 11007
3 11858 11755 11007
3 11961 11858 11007
3 12061 11961 11007
3 12161 12061 11007
3 12111 12161 11007
3 12011 12111 11007
3 11911 12011 11007
3 11808 11911 11007
3 10377 10427 10476
3 10329 10377 10476
3 10278 10329 10476
3 10228 10278 10476
3 10163 10228 10476
3 10101 10163 10476
3 10022 10101 10476
3 9942 10022 10476
3 9865 9942 10476
3 9802 9865 10476
3 9733 9802 10476
3 9669 9733 10476
3 9600 9669 10476
3 9541 9600 10476
3 9481 9541 10476
3 9423 9481 10476
3 9355 9423 10476
3 9271 9355 10476
3 2374 2440 2491
3 2299 2374 2491
3 2214 2299 2491
3 2101 2214 2491
3 2044 2101 2491
3 1988 2044 2491
3 1918 1988 2491
3 1869 1918 2491
3 1808 1869 2491
3 1759 1808 2491
3 1704 1759 2491
3 1606 1704 2491
3 1508 1606 2491
3 1410 1508 2491
3 1361 1410 2491
3 1459 1361 2491
3 1557 1459 2491
3 3143 3095 3043
3 3191 3143 3043
3 3239 3191 3043
3 3287 3239 3043
3 3343 3287 3043
3 3396 3343 3043
3 3454 3396 3043
3 3513 3454 3043
3 3568 3513 3043
3 3620 3568 3043
3 3678 3620 3043
3 3728 3678 3043
3 3790 3728 3043
3 3842 3790 3043
3 3892 3842 3043
3 3942 3892 3043
3 3995 3942 3043
3 1557 2491 8558
3 8558 8459 8768
3 1655 1557 8558
3 3043 1655 8558
3 3995 3043 8558
3 4048 3995 8558
3 11007 4048 8558
3 11808 11007 8558
3 11705 11808 8558
3 10476 11705 8558
3 9203 9271 10476
3 8901 9203 10476
3 8558 8768 8901
3 10476 8558 8901
3 4049 3996 3995
3 4049 3995 4048
3 11008 4049 4048
3 11008 4048 11007
3 11066 11008 11007
3 11066 11007 11065
3 11120 11066 11065
3 11120 11065 11119
3 11178 11120 11119
3 11178 11119 11177
3 11234 11178 11177
3 11234 11177 11233
3 11306 11234 11233
3 11306 11233 11305
3 11366 11306 11305
3 11366 11305 11365
3 11426 11366 11365
3 11426 11365 11425
3 11486 11426 11425
3 11486 11425 11485
3 11556 11486 11485
3 11556 11485 11555
3 11606 11556 11555
3 11606 11555 11605
3 11656 11606 11605
3 11656 11605 11655
3 11756 11656 11655
3 11756 11655 11755
3 11859 11756 11755
3 11859 11755 11858
3 11962 11859 11858
3 11962 11858 11961
3 12062 11962 11961
3 12062 11961 12061
3 12162 12062 12061
3 12162 12061 12161
3 12112 12162 12161
3 12112 12161 12111
3 12012 12112 12111
3 12012 12111 12011
3 11912 12012 12011
3 11912 12011 11911
3 11809 11912 11911
3 11809 11911 11808
3 11706 11809 11808
3 11706 11808 11705
3 10477 11706 11705
3 10477 11705 10476
3 10428 10477 10476
3 10428 10476 10427
3 10378 10428 10427
3 10378 10427 10377
3 10330 10378 10377
3 10330 10377 10329
3 10279 10330 10329
3 10279 10329 10278
3 10229 10279 10278
3 10229 10278 10228
3 10164 10229 10228
3 10164 10228 10163
3 10102 10164 10163
3 10102 10163 10101
3 10102 10101 10022
3 10023 10102 10022
3 10023 10022 9942
3 9943 10023 9942
3 9943 9942 9865
3 9866 9943 9865
3 9866 9865 9802
3 9803 9866 9802
3 9803 9802 9733
3 9734 9803 9733
3 9734 9733 9669
3 9670 9734 9669
3 9670 9669 9600
3 9601 9670 9600
3 9601 9600 9541
3 9542 9601 9541
3 9542 9541 9481
3 9482 9542 9481
3 9482 9481 9423
3 9424 9482 9423
3 9424 9423 9355
3 9356 9424 9355
3 9356 9355 9271
3 9272 9356 9271
3 9272 9271 9203
3 9204 9272 9203
3 9204 9203 8901
3 8902 9204 8901
3 8771 8902 8901
3 8771 8901 8768
3 8771 8768 8459
3 8461 8771 8459
3 8461 8459 8558
3 8560 8461 8558
3 8560 8558 2491
3 2492 8560 2491
3 2441 2492 2491
3 2441 2491 2440
3 2441 2440 2374
3 2375 2441 2374
3 2375 2374 2299
3 2300 2375 2299
3 2300 2299 2214
3 2215 2300 2214
3 2215 2214 2101
3 2102 2215 2101
3 2102 2101 2044
3 2045 2102 2044
3 2045 2044 1988
3 1989 2045 1988
3 1989 1988 1918
3 1919 1989 1918
3 1919 1918 1869
3 1870 1919 1869
3 1870 1869 1808
3 1809 1870 1808
3 1809 1808 1759
3 1760 1809 1759
3 1760 1759 1704
3 1705 1760 1704
3 1705 1704 1606
3 1607 1705 1606
3 1607 1606 1508
3 1509 1607 1508
3 1509 1508 1410
3 1411 1509 1410
3 1411 1410 1361
3 1362 1411 1361
3 1362 1361 1459
3 1460 1362 1459
3 1460 1459 1557
3 1558 1460 1557
3 1558 1557 1655
3 1656 1558 1655
3 1656 1655 3043
3 3044 1656 3043
3 3044 3043 3095
3 3096 3044 3095
3 3096 3095 3143
3 3144 3096 3143
3 3144 3143 3191
3 3192 3144 3191
3 3192 3191 3239
3 3240 3192 3239
3 3240 3239 3287
3 3288 3240 3287
3 3288 3287 3343
3 3344 3288 3343
3 3397 3344 3343
3 3397 3343 3396
3 3455 3397 3396
3 3455 3396 3454
3 3514 3455 3454
3 3514 3454 3513
3 3569 3514 3513
3 3569 3513 3568
3 3621 3569 3568
3 3621 3568 3620
3 3679 3621 3620
3 3679 3620 3678
3 3729 3679 3678
3 3729 3678 3728
3 3791 3729 3728
3 3791 3728 3790
3 3843 3791 3790
3 3843 3790 3842
3 3893 3843 3842
3 3893 3842 3892
3 3943 3893 3892
3 3943 3892 3942
3 3996 3943 3942
3 3996 3942 3995
3 11120 11066 11008
3 11178 11120 11008
3 11234 11178 11008
3 11306 11234 11008
3 11366 11306 11008
3 11426 11366 11008
3 11486 11426 11008
3 11556 11486 11008
3 11606 11556 11008
3 11656 11606 11008
3 11756 11656 11008
3 11859 11756 11008
3 11962 11859 11008
3 12062 11962 11008
3 12162 12062 11008
3 12112 12162 11008
3 12012 12112 11008
3 11912 12012 11008
3 11809 11912 11008
3 10378 10428 10477
3 10330 10378 10477
3 10279 10330 10477
3 10229 10279 10477
3 10164 10229 10477
3 10102 10164 10477
3 10023 10102 10477
3 9943 10023 10477
3 9866 9943 10477
3 9803 9866 10477
3 9734 9803 10477
3 9670 9734 10477
3 9601 9670 10477
3 9542 9601 10477
3 9482 9542 10477
3 9424 9482 10477
3 9356 9424 10477
3 9272 9356 10477
3 2375 2441 2492
3 2300 2375 2492
3 2215 2300 2492
3 2102 2215 2492
3 2045 2102 2492
3 1989 2045 2492
3 1919 1989 2492
3 1870 1919 2492
3 1809 1870 2492
3 1760 1809 2492
3 1705 1760 2492
3 1607 1705 2492
3 1509 1607 2492
3 1411 1509 2492
3 1362 1411 2492
3 1460 1362 2492
3 1558 1460 2492
3 3144 3096 3044
3 3192 3144 3044
3 3240 3192 3044
3 3288 3240 3044
3 3344 3288 3044
3 3397 3344 3044
3 3455 3397 3044
3 3514 3455 3044
3 3569 3514 3044
3 3621 3569 3044
3 3679 3621 3044
3 3729 3679 3044
3 3791 3729 3044
3 3843 3791 3044
3 3893 3843 3044
3 3943 3893 3044
3 3996 3943 3044
3 1558 2492 8560
3 8560 8461 8771
3 1656 1558 8560
3 3044 1656 8560
3 3996 3044 8560
3 4049 3996 8560
3 11008 4049 8560
3 11809 11008 8560
3 11706 11809 8560
3 10477 11706 8560
3 9204 9272 10477
3 8902 9204 10477
3 8560 8771 8902
3 10477 8560 8902
3 11120 11066 11008
3 11178 11120 11008
3 11234 11178 11008
3 11306 11234 11008
3 11366 11306 11008
3 11426 11366 11008
3 11486 11426 11008
3 11556 11486 11008
3 11606 11556 11008
3 11656 11606 11008
3 11756 11656 11008
3 11859 11756 11008
3 11962 11859 11008
3 12062 11962 11008
3 12162 12062 11008
3 12112 12162 11008
3 12012 12112 11008
3 11912 12012 11008
3 11809 11912 11008
3 10378 10428 10477
3 10330 10378 10477
3 10279 10330 10477
3 10229 10279 10477
3 10164 10229 10477
3 10102 10164 10477
3 10023 10102 10477
3 9943 10023 10477
3 9866 9943 10477
3 9803 9866 10477
3 9734 9803 10477
3 9670 9734 10477
3 9601 9670 10477
3 9542 9601 10477
3 9482 9542 10477
3 9424 9482 10477
3 9356 9424 10477
3 9272 9356 10477
3 2375 2441 2492
3 2300 2375 2492
3 2215 2300 2492
3 2102 2215 2492
3 2045 2102 2492
3 1989 2045 2492
3 1919 1989 2492
3 1870 1919 2492
3 1809 1870 2492
3 1760 1809 2492
3 1705 1760 2492
3 1607 1705 2492
3 1509 1607 2492
3 1411 1509 2492
3 1362 1411 2492
3 1460 1362 2492
3 1558 1460 2492
3 3144 3096 3044
3 3192 3144 3044
3 3240 3192 3044
3 3288 3240 3044
3 3344 3288 3044
3 3397 3344 3044
3 3455 3397 3044
3 3514 3455 3044
3 3569 3514 3044
3 3621 3569 3044
3 3679 3621 3044
3 3729 3679 3044
3 3791 3729 3044
3 3843 3791 3044
3 3893 3843 3044
3 3943 3893 3044
3 3996 3943 3044
3 1558 2492 8560
3 8560 8461 8771
3 1656 1558 8560
3 3044 1656 8560
3 3996 3044 8560
3 4049 3996 8560
3 11008 4049 8560
3 11809 11008 8560
3 11706 11809 8560
3 10477 11706 8560
3 9204 9272 10477
3 8902 9204 10477
3 8560 8771 8902
3 10477 8560 8902
3 4050 3997 3996
3 4050 3996 4049
3 11009 4050 4049
3 11009 4049 11008
3 11067 11009 11008
3 11067 11008 11066
3 11121 11067 11066
3 11121 11066 11120
3 11179 11121 11120
3 11179 11120 11178
3 11235 11179 11178
3 11235 11178 11234
3 11307 11235 11234
3 11307 11234 11306
3 11367 11307 11306
3 11367 11306 11366
3 11427 11367 11366
3 11427 11366 11426
3 11487 11427 11426
3 11487 11426 11486
3 11557 11487 11486
3 11557 11486 11556
3 11607 11557 11556
3 11607 11556 11606
3 11657 11607 11606
3 11657 11606 11656
3 11757 11657 11656
3 11757 11656 11756
3 11860 11757 11756
3 11860 11756 11859
3 11963 11860 11859
3 11963 11859 11962
3 12063 11963 11962
3 12063 11962 12062
3 12163 12063 12062
3 12163 12062 12162
3 12113 12163 12162
3 12113 12162 12112
3 12013 12113 12112
3 12013 12112 12012
3 11913 12013 12012
3 11913 12012 11912
3 11810 11913 11912
3 11810 11912 11809
3 11707 11810 11809
3 11707 11809 11706
3 10478 11707 11706
3 10478 11706 10477
3 10429 10478 10477
3 10429 10477 10428
3 10379 10429 10428
3 10379 10428 10378
3 10331 10379 10378
3 10331 10378 10330
3 10280 10331 10330
3 10280 10330 10279
3 10230 10280 10279
3 10230 10279 10229
3 10165 10230 10229
3 10165 10229 10164
3 10103 10165 10164
3 10103 10164 10102
3 10103 10102 10023
3 10024 10103 10023
3 10024 10023 9943
3 9944 10024 9943
3 9944 9943 9866
3 9867 9944 9866
3 9867 9866 9803
3 9804 9867 9803
3 9804 9803 9734
3 9735 9804 9734
3 9735 9734 9670
3 9671 9735 9670
3 9671 9670 9601
3 9602 9671 9601
3 9602 9601 9542
3 9543 9602 9542
3 9543 9542 9482
3 9483 9543 9482
3 9483 9482 9424
3 9425 9483 9424
3 9425 9424 9356
3 9357 9425 9356
3 9357 9356 9272
3 9273 9357 9272
3 9273 9272 9204
3 9205 9273 9204
3 9205 9204 8902
3 8903 9205 8902
3 8774 8903 8902
3 8774 8902 8771
3 8774 8771 8461
3 8463 8774 8461
3 8463 8461 8560
3 8562 8463 8560
3 8562 8560 2492
3 2493 8562 2492
3 2442 2493 2492
3 2442 2492 2441
3 2442 2441 2375
3 2376 2442 2375
3 2376 2375 2300
3 2301 2376 2300
3 2301 2300 2215
3 2216 2301 2215
3 2216 2215 2102
3 2103 2216 2102
3 2103 2102 2045
3 2046 2103 2045
3 2046 2045 1989
3 1990 2046 1989
3 1990 1989 1919
3 1920 1990 1919
3 1920 1919 1870
3 1871 1920 1870
3 1871 1870 1809
3 1810 1871 1809
3 1810 1809 1760
3 1761 1810 1760
3 1761 1760 1705
3 1706 1761 1705
3 1706 1705 1607
3 1608 1706 1607
3 1608 1607 1509
3 1510 1608 1509
3 1510 1509 1411
3 1412 1510 1411
3 1412 1411 1362
3 1363 1412 1362
3 1363 1362 1460
3 1461 1363 1460
3 1461 1460 1558
3 1559 1461 1558
3 1559 1558 1656
3 1657 1559 1656
3 1657 1656 3044
3 3045 1657 3044
3 3045 3044 3096
3 3097 3045 3096
3 3097 3096 3144
3 3145 3097 3144
3 3145 3144 3192
3 3193 3145 3192
3 3193 3192 3240
3 3241 3193 3240
3 3241 3240 3288
3 3289 3241 3288
3 3289 3288 3344
3 3345 3289 3344
3 3398 3345 3344
3 3398 3344 3397
3 3456 3398 3397
3 3456 3397 3455
3 3515 3456 3455
3 3515 3455 3514
3 3570 3515 3514
3 3570 3514 3569
3 3622 3570 3569
3 3622 3569 3621
3 3680 3622 3621
3 3680 3621 3679
3 3730 3680 3679
3 3730 3679 3729
3 3792 3730 3729
3 3792 3729 3791
3 3844 3792 3791
3 3844 3791 3843
3 3894 3844 3843
3 3894 3843 3893
3 3944 3894 3893
3 3944 3893 3943
3 3997 3944 3943
3 3997 3943 3996
3 11121 11067 11009
3 11179 11121 11009
3 11235 11179 11009
3 11307 11235 11009
3 11367 11307 11009
3 11427 11367 11009
3 11487 11427 11009
3 11557 11487 11009
3 11607 11557 11009
3 11657 11607 11009
3 11757 11657 11009
3 11860 11757 11009
3 11963 11860 11009
3 12063 11963 11009
3 12163 12063 11009
3 12113 12163 11009
3 12013 12113 11009
3 11913 12013 11009
3 11810 11913 11009
3 10379 10429 10478
3 10331 10379 10478
3 10280 10331 10478
3 10230 10280 10478
3 10165 10230 10478
3 10103 10165 10478
3 10024 10103 10478
3 9944 10024 10478
3 9867 9944 10478
3 9804 9867 10478
3 9735 9804 10478
3 9671 9735 10478
3 9602 9671 10478
3 9543 9602 10478
3 9483 9543 10478
3 9425 9483 10478
3 9357 9425 10478
3 9273 9357 10478
3 2376 2442 2493
3 2301 2376 2493
3 2216 2301 2493
3 2103 2216 2493
3 2046 2103 2493
3 1990 2046 2493
3 1920 1990 2493
3 1871 1920 2493
3 1810 1871 2493
3 1761 1810 2493
3 1706 1761 2493
3 1608 1706 2493
3 1510 1608 2493
3 1412 1510 2493
3 1363 1412 2493
3 1461 1363 2493
3 1559 1461 2493
3 3145 3097 3045
3 3193 3145 3045
3 3241 3193 3045
3 3289 3241 3045
3 3345 3289 3045
3 3398 3345 3045
3 3456 3398 3045
3 3515 3456 3045
3 3570 3515 3045
3 3622 3570 3045
3 3680 3622 3045
3 3730 3680 3045
3 3792 3730 3045
3 3844 3792 3045
3 3894 3844 3045
3 3944 3894 3045
3 3997 3944 3045
3 1559 2493 8562
3 8562 8463 8774
3 1657 1559 8562
3 3045 1657 8562
3 3997 3045 8562
3 4050 3997 8562
3 11009 4050 8562
3 11810 11009 8562
3 11707 11810 8562
3 10478 11707 8562
3 9205 9273 10478
3 8903 9205 10478
3 8562 8774 8903
3 10478 8562 8903
3 11121 11067 11009
3 11179 11121 11009
3 11235 11179 11009
3 11307 11235 11009
3 11367 11307 11009
3 11427 11367 11009
3 11487 11427 11009
3 11557 11487 11009
3 11607 11557 11009
3 11657 11607 11009
3 11757 11657 11009
3 11860 11757 11009
3 11963 11860 11009
3 12063 11963 11009
3 12163 12063 11009
3 12113 12163 11009
3 12013 12113 11009
3 11913 12013 11009
3 11810 11913 11009
3 10379 10429 10478
3 10331 10379 10478
3 10280 10331 10478
3 10230 10280 10478
3 10165 10230 10478
3 10103 10165 10478
3 10024 10103 10478
3 9944 10024 10478
3 9867 9944 10478
3 9804 9867 10478
3 9735 9804 10478
3 9671 9735 10478
3 9602 9671 10478
3 9543 9602 10478
3 9483 9543 10478
3 9425 9483 10478
3 9357 9425 10478
3 9273 9357 10478
3 2376 2442 2493
3 2301 2376 2493
3 2216 2301 2493
3 2103 2216 2493
3 2046 2103 2493
3 1990 2046 2493
3 1920 1990 2493
3 1871 1920 2493
3 1810 1871 2493
3 1761 1810 2493
3 1706 1761 2493
3 1608 1706 2493
3 1510 1608 2493
3 1412 1510 2493
3 1363 1412 2493
3 1461 1363 2493
3 1559 1461 2493
3 3145 3097 3045
3 3193 3145 3045
3 3241 3193 3045
3 3289 3241 3045
3 3345 3289 3045
3 3398 3345 3045
3 3456 3398 3045
3 3515 3456 3045
3 3570 3515 3045
3 3622 3570 3045
3 3680 3622 3045
3 3730 3680 3045
3 3792 3730 3045
3 3844 3792 3045
3 3894 3844 3045
3 3944 3894 3045
3 3997 3944 3045
3 1559 2493 8562
3 8562 8463 8774
3 1657 1559 8562
3 3045 1657 8562
3 3997 3045 8562
3 4050 3997 8562
3 11009 4050 8562
3 11810 11009 8562
3 11707 11810 8562
3 10478 11707 8562
3 9205 9273 10478
3 8903 9205 10478
3 8562 8774 8903
3 10478 8562 8903
3 4051 3998 3997
3 4051 3997 4050
3 11010 4051 4050
3 11010 4050 11009
3 11068 11010 11009
3 11068 11009 11067
3 11122 11068 11067
3 11122 11067 11121
3 11180 11122 11121
3 11180 11121 11179
3 11236 11180 11179
3 11236 11179 11235
3 11308 11236 11235
3 11308 11235 11307
3 11368 11308 11307
3 11368 11307 11367
3 11428 11368 11367
3 11428 11367 11427
3 11488 11428 11427
3 11488 11427 11487
3 11558 11488 11487
3 11558 11487 11557
3 11608 11558 11557
3 11608 11557 11607
3 11658 11608 11607
3 11658 11607 11657
3 11758 11658 11657
3 11758 11657 11757
3 11861 11758 11757
3 11861 11757 11860
3 11964 11861 11860
3 11964 11860 11963
3 12064 11964 11963
3 12064 11963 12063
3 12164 12064 12063
3 12164 12063 12163
3 12114 12164 12163
3 12114 12163 12113
3 12014 12114 12113
3 12014 12113 12013
3 11914 12014 12013
3 11914 12013 11913
3 11811 11914 11913
3 11811 11913 11810
3 11708 11811 11810
3 11708 11810 11707
3 10479 11708 11707
3 10479 11707 10478
3 10430 10479 10478
3 10430 10478 10429
3 10380 10430 10429
3 10380 10429 10379
3 10332 10380 10379
3 10332 10379 10331
3 10281 10332 10331
3 10281 10331 10280
3 10231 10281 10280
3 10231 10280 10230
3 10166 10231 10230
3 10166 10230 10165
3 10104 10166 10165
3 10104 10165 10103
3 10104 10103 10024
3 10025 10104 10024
3 10025 10024 9944
3 9945 10025 9944
3 9945 9944 9867
3 9868 9945 9867
3 9868 9867 9804
3 9805 9868 9804
3 9805 9804 9735
3 9736 9805 9735
3 9736 9735 9671
3 9672 9736 9671
3 9672 9671 9602
3 9603 9672 9602
3 9603 9602 9543
3 9544 9603 9543
3 9544 9543 9483
3 9484 9544 9483
3 9484 9483 9425
3 9426 9484 9425
3 9426 9425 9357
3 9358 9426 9357
3 9358 9357 9273
3 9274 9358 9273
3 9274 9273 9205
3 9206 9274 9205
3 9206 9205 8903
3 8904 9206 8903
3 8777 8904 8903
3 8777 8903 8774
3 8777 8774 8463
3 8465 8777 8463
3 8465 8463 8562
3 8564 8465 8562
3 8564 8562 2493
3 2494 8564 2493
3 2443 2494 2493
3 2443 2493 2442
3 2443 2442 2376
3 2377 2443 2376
3 2377 2376 2301
3 2302 2377 2301
3 2302 2301 2216
3 2217 2302 2216
3 2217 2216 2103
3 2104 2217 2103
3 2104 2103 2046
3 2047 2104 2046
3 2047 2046 1990
3 1991 2047 1990
3 1991 1990 1920
3 1921 1991 1920
3 1921 1920 1871
3 1872 1921 1871
3 1872 1871 1810
3 1811 1872 1810
3 1811 1810 1761
3 1762 1811 1761
3 1762 1761 1706
3 1707 1762 1706
3 1707 1706 1608
3 1609 1707 1608
3 1609 1608 1510
3 1511 1609 1510
3 1511 1510 1412
3 1413 1511 1412
3 1413 1412 1363
3 1364 1413 1363
3 1364 1363 1461
3 1462 1364 1461
3 1462 1461 1559
3 1560 1462 1559
3 1560 1559 1657
3 1658 1560 1657
3 1658 1657 3045
3 3046 1658 3045
3 3046 3045 3097
3 3098 3046 3097
3 3098 3097 3145
3 3146 3098 3145
3 3146 3145 3193
3 3194 3146 3193
3 3194 3193 3241
3 3242 3194 3241
3 3242 3241 3289
3 3290 3242 3289
3 3290 3289 3345
3 3346 3290 3345
3 3399 3346 3345
3 3399 3345 3398
3 3457 3399 3398
3 3457 3398 3456
3 3516 3457 3456
3 3516 3456 3515
3 3571 3516 3515
3 3571 3515 3570
3 3623 3571 3570
3 3623 3570 3622
3 3681 3623 3622
3 3681 3622 3680
3 3731 3681 3680
3 3731 3680 3730
3 3793 3731 3730
3 3793 3730 3792
3 3845 3793 3792
3 3845 3792 3844
3 3895 3845 3844
3 3895 3844 3894
3 3945 3895 3894
3 3945 3894 3944
3 3998 3945 3944
3 3998 3944 3997
3 11122 11068 11010
3 11180 11122 11010
3 11236 11180 11010
3 11308 11236 11010
3 11368 11308 11010
3 11428 11368 11010
3 11488 11428 11010
3 11558 11488 11010
3 11608 11558 11010
3 11658 11608 11010
3 11758 11658 11010
3 11861 11758 11010
3 11964 11861 11010
3 12064 11964 11010
3 12164 12064 11010
3 12114 12164 11010
3 12014 12114 11010
3 11914 12014 11010
3 11811 11914 11010
3 10380 10430 10479
3 10332 10380 10479
3 10281 10332 10479
3 10231 10281 10479
3 10166 10231 10479
3 10104 10166 10479
3 10025 10104 10479
3 9945 10025 10479
3 9868 9945 10479
3 9805 9868 10479
3 9736 9805 10479
3 9672 9736 10479
3 9603 9672 10479
3 9544 9603 10479
3 9484 9544 10479
3 9426 9484 10479
3 9358 9426 10479
3 9274 9358 10479
3 2377 2443 2494
3 2302 2377 2494
3 2217 2302 2494
3 2104 2217 2494
3 2047 2104 2494
3 1991 2047 2494
3 1921 1991 2494
3 1872 1921 2494
3 1811 1872 2494
3 1762 1811 2494
3 1707 1762 2494
3 1609 1707 2494
3 1511 1609 2494
3 1413 1511 2494
3 1364 1413 2494
3 1462 1364 2494
3 1560 1462 2494
3 3146 3098 3046
3 3194 3146 3046
3 3242 3194 3046
3 3290 3242 3046
3 3346 3290 3046
3 3399 3346 3046
3 3457 3399 3046
3 3516 3457 3046
3 3571 3516 3046
3 3623 3571 3046
3 3681 3623 3046
3 3731 3681 3046
3 3793 3731 3046
3 3845 3793 3046
3 3895 3845 3046
3 3945 3895 3046
3 3998 3945 3046
3 1560 2494 8564
3 8564 8465 8777
3 1658 1560 8564
3 3046 1658 8564
3 3998 3046 8564
3 4051 3998 8564
3 11010 4051 8564
3 11811 11010 8564
3 11708 11811 8564
3 10479 11708 8564
3 9206 9274 10479
3 8904 9206 10479
3 8564 8777 8904
3 10479 8564 8904
3 11122 11068 11010
3 11180 11122 11010
3 11236 11180 11010
3 11308 11236 11010
3 11368 11308 11010
3 11428 11368 11010
3 11488 11428 11010
3 11558 11488 11010
3 11608 11558 11010
3 11658 11608 11010
3 11758 11658 11010
3 11861 11758 11010
3 11964 11861 11010
3 12064 11964 11010
3 12164 12064 11010
3 12114 12164 11010
3 12014 12114 11010
3 11914 12014 11010
3 11811 11914 11010
3 10380 10430 10479
3 10332 10380 10479
3 10281 10332 10479
3 10231 10281 10479
3 10166 10231 10479
3 10104 10166 10479
3 10025 10104 10479
3 9945 10025 10479
3 9868 9945 10479
3 9805 9868 10479
3 9736 9805 10479
3 9672 9736 10479
3 9603 9672 10479
3 9544 9603 10479
3 9484 9544 10479
3 9426 9484 10479
3 9358 9426 10479
3 9274 9358 10479
3 2377 2443 2494
3 2302 2377 2494
3 2217 2302 2494
3 2104 2217 2494
3 2047 2104 2494
3 1991 2047 2494
3 1921 1991 2494
3 1872 1921 2494
3 1811 1872 2494
3 1762 1811 2494
3 1707 1762 2494
3 1609 1707 2494
3 1511 1609 2494
3 1413 1511 2494
3 1364 1413 2494
3 1462 1364 2494
3 1560 1462 2494
3 3146 3098 3046
3 3194 3146 3046
3 3242 3194 3046
3 3290 3242 3046
3 3346 3290 3046
3 3399 3346 3046
3 3457 3399 3046
3 3516 3457 3046
3 3571 3516 3046
3 3623 3571 3046
3 3681 3623 3046
3 3731 3681 3046
3 3793 3731 3046
3 3845 3793 3046
3 3895 3845 3046
3 3945 3895 3046
3 3998 3945 3046
3 1560 2494 8564
3 8564 8465 8777
3 1658 1560 8564
3 3046 1658 8564
3 3998 3046 8564
3 4051 3998 8564
3 11010 4051 8564
3 11811 11010 8564
3 11708 11811 8564
3 10479 11708 8564
3 9206 9274 10479
3 8904 9206 10479
3 8564 8777 8904
3 10479 8564 8904
3 4052 3999 3998
3 4052 3998 4051
3 11011 4052 4051
3 11011 4051 11010
3 11069 11011 11010
3 11069 11010 11068
3 11123 11069 11068
3 11123 11068 11122
3 11181 11123 11122
3 11181 11122 11180
3 11237 11181 11180
3 11237 11180 11236
3 11309 11237 11236
3 11309 11236 11308
3 11369 11309 11308
3 11369 11308 11368
3 11429 11369 11368
3 11429 11368 11428
3 11489 11429 11428
3 11489 11428 11488
3 11559 11489 11488
3 11559 11488 11558
3 11609 11559 11558
3 11609 11558 11608
3 11659 11609 11608
3 11659 11608 11658
3 11759 11659 11658
3 11759 11658 11758
3 11862 11759 11758
3 11862 11758 11861
3 11965 11862 11861
3 11965 11861 11964
3 12065 11965 11964
3 12065 11964 12064
3 12165 12065 12064
3 12165 12064 12164
3 12115 12165 12164
3 12115 12164 12114
3 12015 12115 12114
3 12015 12114 12014
3 11915 12015 12014
3 11915 12014 11914
3 11812 11915 11914
3 11812 11914 11811
3 11709 11812 11811
3 11709 11811 11708
3 10480 11709 11708
3 10480 11708 10479
3 10431 10480 10479
3 10431 10479 10430
3 10381 10431 10430
3 10381 10430 10380
3 10333 10381 10380
3 10333 10380 10332
3 10282 10333 10332
3 10282 10332 10281
3 10232 10282 10281
3 10232 10281 10231
3 10167 10232 10231
3 10167 10231 10166
3 10105 10167 10166
3 10105 10166 10104
3 10105 10104 10025
3 10026 10105 10025
3 10026 10025 9945
3 9946 10026 9945
3 9946 9945 9868
3 9869 9946 9868
3 9869 9868 9805
3 9806 9869 9805
3 9806 9805 9736
3 9737 9806 9736
3 9737 9736 9672
3 9673 9737 9672
3 9673 9672 9603
3 9604 9673 9603
3 9604 9603 9544
3 9545 9604 9544
3 9545 9544 9484
3 9485 9545 9484
3 9485 9484 9426
3 9427 9485 9426
3 9427 9426 9358
3 9359 9427 9358
3 9359 9358 9274
3 9275 9359 9274
3 9275 9274 9206
3 9207 9275 9206
3 9207 9206 8904
3 8905 9207 8904
3 8780 8905 8904
3 8780 8904 8777
3 8780 8777 8465
3 8467 8780 8465
3 8467 8465 8564
3 8566 8467 8564
3 8566 8564 2494
3 2495 8566 2494
3 2444 2495 2494
3 2444 2494 2443
3 2444 2443 2377
3 2378 2444 2377
3 2378 2377 2302
3 2303 2378 2302
3 2303 2302 2217
3 2218 2303 2217
3 2218 2217 2104
3 2105 2218 2104
3 2105 2104 2047
3 2048 2105 2047
3 2048 2047 1991
3 1992 2048 1991
3 1992 1991 1921
3 1922 1992 1921
3 1922 1921 1872
3 1873 1922 1872
3 1873 1872 1811
3 1812 1873 1811
3 1812 1811 1762
3 1763 1812 1762
3 1763 1762 1707
3 1708 1763 1707
3 1708 1707 1609
3 1610 1708 1609
3 1610 1609 1511
3 1512 1610 1511
3 1512 1511 1413
3 1414 1512 1413
3 1414 1413 1364
3 1365 1414 1364
3 1365 1364 1462
3 1463 1365 1462
3 1463 1462 1560
3 1561 1463 1560
3 1561 1560 1658
3 1659 1561 1658
3 1659 1658 3046
3 3047 1659 3046
3 3047 3046 3098
3 3099 3047 3098
3 3099 3098 3146
3 3147 3099 3146
3 3147 3146 3194
3 3195 3147 3194
3 3195 3194 3242
3 3243 3195 3242
3 3243 3242 3290
3 3291 3243 3290
3 3291 3290 3346
3 3347 3291 3346
3 3400 3347 3346
3 3400 3346 3399
3 3458 3400 3399
3 3458 3399 3457
3 3517 3458 3457
3 3517 3457 3516
3 3572 3517 3516
3 3572 3516 3571
3 3624 3572 3571
3 3624 3571 3623
3 3682 3624 3623
3 3682 3623 3681
3 3732 3682 3681
3 3732 3681 3731
3 3794 3732 3731
3 3794 3731 3793
3 3846 3794 3793
3 3846 3793 3845
3 3896 3846 3845
3 3896 3845 3895
3 3946 3896 3895
3 3946 3895 3945
3 3999 3946 3945
3 3999 3945 3998
3 11123 11069 11011
3 11181 11123 11011
3 11237 11181 11011
3 11309 11237 11011
3 11369 11309 11011
3 11429 11369 11011
3 11489 11429 11011
3 11559 11489 11011
3 11609 11559 11011
3 11659 11609 11011
3 11759 11659 11011
3 11862 11759 11011
3 11965 11862 11011
3 12065 11965 11011
3 12165 12065 11011
3 12115 12165 11011
3 12015 12115 11011
3 11915 12015 11011
3 11812 11915 11011
3 10381 10431 10480
3 10333 10381 10480
3 10282 10333 10480
3 10232 10282 10480
3 10167 10232 10480
3 10105 10167 10480
3 10026 10105 10480
3 9946 10026 10480
3 9869 9946 10480
3 9806 9869 10480
3 9737 9806 10480
3 9673 9737 10480
3 9604 9673 10480
3 9545 9604 10480
3 9485 9545 10480
3 9427 9485 10480
3 9359 9427 10480
3 9275 9359 10480
3 2378 2444 2495
3 2303 2378 2495
3 2218 2303 2495
3 2105 2218 2495
3 2048 2105 2495
3 1992 2048 2495
3 1922 1992 2495
3 1873 1922 2495
3 1812 1873 2495
3 1763 1812 2495
3 1708 1763 2495
3 1610 1708 2495
3 1512 1610 2495
3 1414 1512 2495
3 1365 1414 2495
3 1463 1365 2495
3 1561 1463 2495
3 3147 3099 3047
3 3195 3147 3047
3 3243 3195 3047
3 3291 3243 3047
3 3347 3291 3047
3 3400 3347 3047
3 3458 3400 3047
3 3517 3458 3047
3 3572 3517 3047
3 3624 3572 3047
3 3682 3624 3047
3 3732 3682 3047
3 3794 3732 3047
3 3846 3794 3047
3 3896 3846 3047
3 3946 3896 3047
3 3999 3946 3047
3 1561 2495 8566
3 8566 8467 8780
3 1659 1561 8566
3 3047 1659 8566
3 3999 3047 8566
3 4052 3999 8566
3 11011 4052 8566
3 11812 11011 8566
3 11709 11812 8566
3 10480 11709 8566
3 9207 9275 10480
3 8905 9207 10480
3 8566 8780 8905
3 10480 8566 8905
3 11123 11069 11011
3 11181 11123 11011
3 11237 11181 11011
3 11309 11237 11011
3 11369 11309 11011
3 11429 11369 11011
3 11489 11429 11011
3 11559 11489 11011
3 11609 11559 11011
3 11659 11609 11011
3 11759 11659 11011
3 11862 11759 11011
3 11965 11862 11011
3 12065 11965 11011
3 12165 12065 11011
3 12115 12165 11011
3 12015 12115 11011
3 11915 12015 11011
3 11812 11915 11011
3 10381 10431 10480
3 10333 10381 10480
3 10282 10333 10480
3 10232 10282 10480
3 10167 10232 10480
3 10105 10167 10480
3 10026 10105 10480
3 9946 10026 10480
3 9869 9946 10480
3 9806 9869 10480
3 9737 9806 10480
3 9673 9737 10480
3 9604 9673 10480
3 9545 9604 10480
3 9485 9545 10480
3 9427 9485 10480
3 9359 9427 10480
3 9275 9359 10480
3 2378 2444 2495
3 2303 2378 2495
3 2218 2303 2495
3 2105 2218 2495
3 2048 2105 2495
3 1992 2048 2495
3 1922 1992 2495
3 1873 1922 2495
3 1812 1873 2495
3 1763 1812 2495
3 1708 1763 2495
3 1610 1708 2495
3 1512 1610 2495
3 1414 1512 2495
3 1365 1414 2495
3 1463 1365 2495
3 1561 1463 2495
3 3147 3099 3047
3 3195 3147 3047
3 3243 3195 3047
3 3291 3243 3047
3 3347 3291 3047
3 3400 3347 3047
3 3458 3400 3047
3 3517 3458 3047
3 3572 3517 3047
3 3624 3572 3047
3 3682 3624 3047
3 3732 3682 3047
3 3794 3732 3047
3 3846 3794 3047
3 3896 3846 3047
3 3946 3896 3047
3 3999 3946 3047
3 1561 2495 8566
3 8566 8467 8780
3 1659 1561 8566
3 3047 1659 8566
3 3999 3047 8566
3 4052 3999 8566
3 11011 4052 8566
3 11812 11011 8566
3 11709 11812 8566
3 10480 11709 8566
3 9207 9275 10480
3 8905 9207 10480
3 8566 8780 8905
3 10480 8566 8905
3 4053 4000 3999
3 4053 3999 4052
3 11012 4053 4052
3 11012 4052 11011
3 11070 11012 11011
3 11070 11011 11069
3 11124 11070 11069
3 11124 11069 11123
3 11182 11124 11123
3 11182 11123 11181
3 11238 11182 11181
3 11238 11181 11237
3 11310 11238 11237
3 11310 11237 11309
3 11370 11310 11309
3 11370 11309 11369
3 11430 11370 11369
3 11430 11369 11429
3 11490 11430 11429
3 11490 11429 11489
3 11560 11490 11489
3 11560 11489 11559
3 11610 11560 11559
3 11610 11559 11609
3 11660 11610 11609
3 11660 11609 11659
3 11760 11660 11659
3 11760 11659 11759
3 11863 11760 11759
3 11863 11759 11862
3 11966 11863 11862
3 11966 11862 11965
3 12066 11966 11965
3 12066 11965 12065
3 12166 12066 12065
3 12166 12065 12165
3 12116 12166 12165
3 12116 12165 12115
3 12016 12116 12115
3 12016 12115 12015
3 11916 12016 12015
3 11916 12015 11915
3 11813 11916 11915
3 11813 11915 11812
3 11710 11813 11812
3 11710 11812 11709
3 10481 11710 11709
3 10481 11709 10480
3 10432 10481 10480
3 10432 10480 10431
3 10382 10432 10431
3 10382 10431 10381
3 10334 10382 10381
3 10334 10381 10333
3 10283 10334 10333
3 10283 10333 10282
3 10233 10283 10282
3 10233 10282 10232
3 10168 10233 10232
3 10168 10232 10167
3 10106 10168 10167
3 10106 10167 10105
3 10106 10105 10026
3 10027 10106 10026
3 10027 10026 9946
3 9947 10027 9946
3 9947 9946 9869
3 9870 9947 9869
3 9870 9869 9806
3 9807 9870 9806
3 9807 9806 9737
3 9738 9807 9737
3 9738 9737 9673
3 9674 9738 9673
3 9674 9673 9604
3 9605 9674 9604
3 9605 9604 9545
3 9546 9605 9545
3 9546 9545 9485
3 9486 9546 9485
3 9486 9485 9427
3 9428 9486 9427
3 9428 9427 9359
3 9360 9428 9359
3 9360 9359 9275
3 9276 9360 9275
3 9276 9275 9207
3 9208 9276 9207
3 9208 9207 8905
3 8906 9208 8905
3 8783 8906 8905
3 8783 8905 8780
3 8783 8780 8467
3 8469 8783 8467
3 8469 8467 8566
3 8568 8469 8566
3 8568 8566 2495
3 2496 8568 2495
3 2445 2496 2495
3 2445 2495 2444
3 2445 2444 2378
3 2379 2445 2378
3 2379 2378 2303
3 2304 2379 2303
3 2304 2303 2218
3 2219 2304 2218
3 2219 2218 2105
3 2106 2219 2105
3 2106 2105 2048
3 2049 2106 2048
3 2049 2048 1992
3 1993 2049 1992
3 1993 1992 1922
3 1923 1993 1922
3 1923 1922 1873
3 1874 1923 1873
3 1874 1873 1812
3 1813 1874 1812
3 1813 1812 1763
3 1764 1813 1763
3 1764 1763 1708
3 1709 1764 1708
3 1709 1708 1610
3 1611 1709 1610
3 1611 1610 1512
3 1513 1611 1512
3 1513 1512 1414
3 1415 1513 1414
3 1415 1414 1365
3 1366 1415 1365
3 1366 1365 1463
3 1464 1366 1463
3 1464 1463 1561
3 1562 1464 1561
3 1562 1561 1659
3 1660 1562 1659
3 1660 1659 3047
3 3048 1660 3047
3 3048 3047 3099
3 3100 3048 3099
3 3100 3099 3147
3 3148 3100 3147
3 3148 3147 3195
3 3196 3148 3195
3 3196 3195 3243
3 3244 3196 3243
3 3244 3243 3291
3 3292 3244 3291
3 3292 3291 3347
3 3348 3292 3347
3 3401 3348 3347
3 3401 3347 3400
3 3459 3401 3400
3 3459 3400 3458
3 3518 3459 3458
3 3518 3458 3517
3 3573 3518 3517
3 3573 3517 3572
3 3625 3573 3572
3 3625 3572 3624
3 3683 3625 3624
3 3683 3624 3682
3 3733 3683 3682
3 3733 3682 3732
3 3795 3733 3732
3 3795 3732 3794
3 3847 3795 3794
3 3847 3794 3846
3 3897 3847 3846
3 3897 3846 3896
3 3947 3897 3896
3 3947 3896 3946
3 4000 3947 3946
3 4000 3946 3999
3 11124 11070 11012
3 11182 11124 11012
3 11238 11182 11012
3 11310 11238 11012
3 11370 11310 11012
3 11430 11370 11012
3 11490 11430 11012
3 11560 11490 11012
3 11610 11560 11012
3 11660 11610 11012
3 11760 11660 11012
3 11863 11760 11012
3 11966 11863 11012
3 12066 11966 11012
3 12166 12066 11012
3 12116 12166 11012
3 12016 12116 11012
3 11916 12016 11012
3 11813 11916 11012
3 10382 10432 10481
3 10334 10382 10481
3 10283 10334 10481
3 10233 10283 10481
3 10168 10233 10481
3 10106 10168 10481
3 10027 10106 10481
3 9947 10027 10481
3 9870 9947 10481
3 9807 9870 10481
3 9738 9807 10481
3 9674 9738 10481
3 9605 9674 10481
3 9546 9605 10481
3 9486 9546 10481
3 9428 9486 10481
3 9360 9428 10481
3 9276 9360 10481
3 2379 2445 2496
3 2304 2379 2496
3 2219 2304 2496
3 2106 2219 2496
3 2049 2106 2496
3 1993 2049 2496
3 1923 1993 2496
3 1874 1923 2496
3 1813 1874 2496
3 1764 1813 2496
3 1709 1764 2496
3 1611 1709 2496
3 1513 1611 2496
3 1415 1513 2496
3 1366 1415 2496
3 1464 1366 2496
3 1562 1464 2496
3 3148 3100 3048
3 3196 3148 3048
3 3244 3196 3048
3 3292 3244 3048
3 3348 3292 3048
3 3401 3348 3048
3 3459 3401 3048
3 3518 3459 3048
3 3573 3518 3048
3 3625 3573 3048
3 3683 3625 3048
3 3733 3683 3048
3 3795 3733 3048
3 3847 3795 3048
3 3897 3847 3048
3 3947 3897 3048
3 4000 3947 3048
3 1562 2496 8568
3 8568 8469 8783
3 1660 1562 8568
3 3048 1660 8568
3 4000 3048 8568
3 4053 4000 8568
3 11012 4053 8568
3 11813 11012 8568
3 11710 11813 8568
3 10481 11710 8568
3 9208 9276 10481
3 8906 9208 10481
3 8568 8783 8906
3 10481 8568 8906
3 11124 11070 11012
3 11182 11124 11012
3 11238 11182 11012
3 11310 11238 11012
3 11370 11310 11012
3 11430 11370 11012
3 11490 11430 11012
3 11560 11490 11012
3 11610 11560 11012
3 11660 11610 11012
3 11760 11660 11012
3 11863 11760 11012
3 11966 11863 11012
3 12066 11966 11012
3 12166 12066 11012
3 12116 12166 11012
3 12016 12116 11012
3 11916 12016 11012
3 11813 11916 11012
3 10382 10432 10481
3 10334 10382 10481
3 10283 10334 10481
3 10233 10283 10481
3 10168 10233 10481
3 10106 10168 10481
3 10027 10106 10481
3 9947 10027 10481
3 9870 9947 10481
3 9807 9870 10481
3 9738 9807 10481
3 9674 9738 10481
3 9605 9674 10481
3 9546 9605 10481
3 9486 9546 10481
3 9428 9486 10481
3 9360 9428 10481
3 9276 9360 10481
3 2379 2445 2496
3 2304 2379 2496
3 2219 2304 2496
3 2106 2219 2496
3 2049 2106 2496
3 1993 2049 2496
3 1923 1993 2496
3 1874 1923 2496
3 1813 1874 2496
3 1764 1813 2496
3 1709 1764 2496
3 1611 1709 2496
3 1513 1611 2496
3 1415 1513 2496
3 1366 1415 2496
3 1464 1366 2496
3 1562 1464 2496
3 3148 3100 3048
3 3196 3148 3048
3 3244 3196 3048
3 3292 3244 3048
3 3348 3292 3048
3 3401 3348 3048
3 3459 3401 3048
3 3518 3459 3048
3 3573 3518 3048
3 3625 3573 3048
3 3683 3625 3048
3 3733 3683 3048
3 3795 3733 3048
3 3847 3795 3048
3 3897 3847 3048
3 3947 3897 3048
3 4000 3947 3048
3 1562 2496 8568
3 8568 8469 8783
3 1660 1562 8568
3 3048 1660 8568
3 4000 3048 8568
3 4053 4000 8568
3 11012 4053 8568
3 11813 11012 8568
3 11710 11813 8568
3 10481 11710 8568
3 9208 9276 10481
3 8906 9208 10481
3 8568 8783 8906
3 10481 8568 8906
3 4054 4001 4000
3 4054 4000 4053
3 11013 4054 4053
3 11013 4053 11012
3 11071 11013 11012
3 11071 11012 11070
3 11125 11071 11070
3 11125 11070 11124
3 11183 11125 11124
3 11183 11124 11182
3 11239 11183 11182
3 11239 11182 11238
3 11311 11239 11238
3 11311 11238 11310
3 11371 11311 11310
3 11371 11310 11370
3 11431 11371 11370
3 11431 11370 11430
3 11491 11431 11430
3 11491 11430 11490
3 11561 11491 11490
3 11561 11490 11560
3 11611 11561 11560
3 11611 11560 11610
3 11661 11611 11610
3 11661 11610 11660
3 11761 11661 11660
3 11761 11660 11760
3 11864 11761 11760
3 11864 11760 11863
3 11967 11864 11863
3 11967 11863 11966
3 12067 11967 11966
3 12067 11966 12066
3 12167 12067 12066
3 12167 12066 12166
3 12117 12167 12166
3 12117 12166 12116
3 12017 12117 12116
3 12017 12116 12016
3 11917 12017 12016
3 11917 12016 11916
3 11814 11917 11916
3 11814 11916 11813
3 11711 11814 11813
3 11711 11813 11710
3 10482 11711 11710
3 10482 11710 10481
3 10433 10482 10481
3 10433 10481 10432
3 10383 10433 10432
3 10383 10432 10382
3 10335 10383 10382
3 10335 10382 10334
3 10284 10335 10334
3 10284 10334 10283
3 10234 10284 10283
3 10234 10283 10233
3 10169 10234 10233
3 10169 10233 10168
3 10107 10169 10168
3 10107 10168 10106
3 10107 10106 10027
3 10028 10107 10027
3 10028 10027 9947
3 9948 10028 9947
3 9948 9947 9870
3 9871 9948 9870
3 9871 9870 9807
3 9808 9871 9807
3 9808 9807 9738
3 9739 9808 9738
3 9739 9738 9674
3 9675 9739 9674
3 9675 9674 9605
3 9606 9675 9605
3 9606 9605 9546
3 9547 9606 9546
3 9547 9546 9486
3 9487 9547 9486
3 9487 9486 9428
3 9429 9487 9428
3 9429 9428 9360
3 9361 9429 9360
3 9361 9360 9276
3 9277 9361 9276
3 9277 9276 9208
3 9209 9277 9208
3 9209 9208 8906
3 8907 9209 8906
3 8786 8907 8906
3 8786 8906 8783
3 8786 8783 8469
3 8471 8786 8469
3 8471 8469 8568
3 8570 8471 8568
3 8570 8568 2496
3 2497 8570 2496
3 2446 2497 2496
3 2446 2496 2445
3 2446 2445 2379
3 2380 2446 2379
3 2380 2379 2304
3 2305 2380 2304
3 2305 2304 2219
3 2220 2305 2219
3 2220 2219 2106
3 2107 2220 2106
3 2107 2106 2049
3 2050 2107 2049
3 2050 2049 1993
3 1994 2050 1993
3 1994 1993 1923
3 1924 1994 1923
3 1924 1923 1874
3 1875 1924 1874
3 1875 1874 1813
3 1814 1875 1813
3 1814 1813 1764
3 1765 1814 1764
3 1765 1764 1709
3 1710 1765 1709
3 1710 1709 1611
3 1612 1710 1611
3 1612 1611 1513
3 1514 1612 1513
3 1514 1513 1415
3 1416 1514 1415
3 1416 1415 1366
3 1367 1416 1366
3 1367 1366 1464
3 1465 1367 1464
3 1465 1464 1562
3 1563 1465 1562
3 1563 1562 1660
3 1661 1563 1660
3 1661 1660 3048
3 3049 1661 3048
3 3049 3048 3100
3 3101 3049 3100
3 3101 3100 3148
3 3149 3101 3148
3 3149 3148 3196
3 3197 3149 3196
3 3197 3196 3244
3 3245 3197 3244
3 3245 3244 3292
3 3293 3245 3292
3 3293 3292 3348
3 3349 3293 3348
3 3402 3349 3348
3 3402 3348 3401
3 3460 3402 3401
3 3460 3401 3459
3 3519 3460 3459
3 3519 3459 3518
3 3574 3519 3518
3 3574 3518 3573
3 3626 3574 3573
3 3626 3573 3625
3 3684 3626 3625
3 3684 3625 3683
3 3734 3684 3683
3 3734 3683 3733
3 3796 3734 3733
3 3796 3733 3795
3 3848 3796 3795
3 3848 3795 3847
3 3898 3848 3847
3 3898 3847 3897
3 3948 3898 3897
3 3948 3897 3947
3 4001 3948 3947
3 4001 3947 4000
3 11125 11071 11013
3 11183 11125 11013
3 11239 11183 11013
3 11311 11239 11013
3 11371 11311 11013
3 11431 11371 11013
3 11491 11431 11013
3 11561 11491 11013
3 11611 11561 11013
3 11661 11611 11013
3 11761 11661 11013
3 11864 11761 11013
3 11967 11864 11013
3 12067 11967 11013
3 12167 12067 11013
3 12117 12167 11013
3 12017 12117 11013
3 11917 12017 11013
3 11814 11917 11013
3 10383 10433 10482
3 10335 10383 10482
3 10284 10335 10482
3 10234 10284 10482
3 10169 10234 10482
3 10107 10169 10482
3 10028 10107 10482
3 9948 10028 10482
3 9871 9948 10482
3 9808 9871 10482
3 9739 9808 10482
3 9675 9739 10482
3 9606 9675 10482
3 9547 9606 10482
3 9487 9547 10482
3 9429 9487 10482
3 9361 9429 10482
3 9277 9361 10482
3 2380 2446 2497
3 2305 2380 2497
3 2220 2305 2497
3 2107 2220 2497
3 2050 2107 2497
3 1994 2050 2497
3 1924 1994 2497
3 1875 1924 2497
3 1814 1875 2497
3 1765 1814 2497
3 1710 1765 2497
3 1612 1710 2497
3 1514 1612 2497
3 1416 1514 2497
3 1367 1416 2497
3 1465 1367 2497
3 1563 1465 2497
3 3149 3101 3049
3 3197 3149 3049
3 3245 3197 3049
3 3293 3245 3049
3 3349 3293 3049
3 3402 3349 3049
3 3460 3402 3049
3 3519 3460 3049
3 3574 3519 3049
3 3626 3574 3049
3 3684 3626 3049
3 3734 3684 3049
3 3796 3734 3049
3 3848 3796 3049
3 3898 3848 3049
3 3948 3898 3049
3 4001 3948 3049
3 1563 2497 8570
3 8570 8471 8786
3 1661 1563 8570
3 3049 1661 8570
3 4001 3049 8570
3 4054 4001 8570
3 11013 4054 8570
3 11814 11013 8570
3 11711 11814 8570
3 10482 11711 8570
3 9209 9277 10482
3 8907 9209 10482
3 8570 8786 8907
3 10482 8570 8907
3 11125 11071 11013
3 11183 11125 11013
3 11239 11183 11013
3 11311 11239 11013
3 11371 11311 11013
3 11431 11371 11013
3 11491 11431 11013
3 11561 11491 11013
3 11611 11561 11013
3 11661 11611 11013
3 11761 11661 11013
3 11864 11761 11013
3 11967 11864 11013
3 12067 11967 11013
3 12167 12067 11013
3 12117 12167 11013
3 12017 12117 11013
3 11917 12017 11013
3 11814 11917 11013
3 10383 10433 10482
3 10335 10383 10482
3 10284 10335 10482
3 10234 10284 10482
3 10169 10234 10482
3 10107 10169 10482
3 10028 10107 10482
3 9948 10028 10482
3 9871 9948 10482
3 9808 9871 10482
3 9739 9808 10482
3 9675 9739 10482
3 9606 9675 10482
3 9547 9606 10482
3 9487 9547 10482
3 9429 9487 10482
3 9361 9429 10482
3 9277 9361 10482
3 2380 2446 2497
3 2305 2380 2497
3 2220 2305 2497
3 2107 2220 2497
3 2050 2107 2497
3 1994 2050 2497
3 1924 1994 2497
3 1875 1924 2497
3 1814 1875 2497
3 1765 1814 2497
3 1710 1765 2497
3 1612 1710 2497
3 1514 1612 2497
3 1416 1514 2497
3 1367 1416 2497
3 1465 1367 2497
3 1563 1465 2497
3 3149 3101 3049
3 3197 3149 3049
3 3245 3197 3049
3 3293 3245 3049
3 3349 3293 3049
3 3402 3349 3049
3 3460 3402 3049
3 3519 3460 3049
3 3574 3519 3049
3 3626 3574 3049
3 3684 3626 3049
3 3734 3684 3049
3 3796 3734 3049
3 3848 3796 3049
3 3898 3848 3049
3 3948 3898 3049
3 4001 3948 3049
3 1563 2497 8570
3 8570 8471 8786
3 1661 1563 8570
3 3049 1661 8570
3 4001 3049 8570
3 4054 4001 8570
3 11013 4054 8570
3 11814 11013 8570
3 11711 11814 8570
3 10482 11711 8570
3 9209 9277 10482
3 8907 9209 10482
3 8570 8786 8907
3 10482 8570 8907
3 4055 4002 4001
3 4055 4001 4054
3 11014 4055 4054
3 11014 4054 11013
3 11072 11014 11013
3 11072 11013 11071
3 11126 11072 11071
3 11126 11071 11125
3 11184 11126 11125
3 11184 11125 11183
3 11240 11184 11183
3 11240 11183 11239
3 11312 11240 11239
3 11312 11239 11311
3 11372 11312 11311
3 11372 11311 11371
3 11432 11372 11371
3 11432 11371 11431
3 11492 11432 11431
3 11492 11431 11491
3 11562 11492 11491
3 11562 11491 11561
3 11612 11562 11561
3 11612 11561 11611
3 11662 11612 11611
3 11662 11611 11661
3 11762 11662 11661
3 11762 11661 11761
3 11865 11762 11761
3 11865 11761 11864
3 11968 11865 11864
3 11968 11864 11967
3 12068 11968 11967
3 12068 11967 12067
3 12168 12068 12067
3 12168 12067 12167
3 12118 12168 12167
3 12118 12167 12117
3 12018 12118 12117
3 12018 12117 12017
3 11918 12018 12017
3 11918 12017 11917
3 11815 11918 11917
3 11815 11917 11814
3 11712 11815 11814
3 11712 11814 11711
3 10483 11712 11711
3 10483 11711 10482
3 10434 10483 10482
3 10434 10482 10433
3 10384 10434 10433
3 10384 10433 10383
3 10336 10384 10383
3 10336 10383 10335
3 10285 10336 10335
3 10285 10335 10284
3 10235 10285 10284
3 10235 10284 10234
3 10170 10235 10234
3 10170 10234 10169
3 10108 10170 10169
3 10108 10169 10107
3 10108 10107 10028
3 10029 10108 10028
3 10029 10028 9948
3 9949 10029 9948
3 9949 9948 9871
3 9872 9949 9871
3 9872 9871 9808
3 9809 9872 9808
3 9809 9808 9739
3 9740 9809 9739
3 9740 9739 9675
3 9676 9740 9675
3 9676 9675 9606
3 9607 9676 9606
3 9607 9606 9547
3 9548 9607 9547
3 9548 9547 9487
3 9488 9548 9487
3 9488 9487 9429
3 9430 9488 9429
3 9430 9429 9361
3 9362 9430 9361
3 9362 9361 9277
3 9278 9362 9277
3 9278 9277 9209
3 9210 9278 9209
3 9210 9209 8907
3 8908 9210 8907
3 8789 8908 8907
3 8789 8907 8786
3 8789 8786 8471
3 8473 8789 8471
3 8473 8471 8570
3 8572 8473 8570
3 8572 8570 2497
3 2498 8572 2497
3 2447 2498 2497
3 2447 2497 2446
3 2447 2446 2380
3 2381 2447 2380
3 2381 2380 2305
3 2306 2381 2305
3 2306 2305 2220
3 2221 2306 2220
3 2221 2220 2107
3 2108 2221 2107
3 2108 2107 2050
3 2051 2108 2050
3 2051 2050 1994
3 1995 2051 1994
3 1995 1994 1924
3 1925 1995 1924
3 1925 1924 1875
3 1876 1925 1875
3 1876 1875 1814
3 1815 1876 1814
3 1815 1814 1765
3 1766 1815 1765
3 1766 1765 1710
3 1711 1766 1710
3 1711 1710 1612
3 1613 1711 1612
3 1613 1612 1514
3 1515 1613 1514
3 1515 1514 1416
3 1417 1515 1416
3 1417 1416 1367
3 1368 1417 1367
3 1368 1367 1465
3 1466 1368 1465
3 1466 1465 1563
3 1564 1466 1563
3 1564 1563 1661
3 1662 1564 1661
3 1662 1661 3049
3 3050 1662 3049
3 3050 3049 3101
3 3102 3050 3101
3 3102 3101 3149
3 3150 3102 3149
3 3150 3149 3197
3 3198 3150 3197
3 3198 3197 3245
3 3246 3198 3245
3 3246 3245 3293
3 3294 3246 3293
3 3294 3293 3349
3 3350 3294 3349
3 3403 3350 3349
3 3403 3349 3402
3 3461 3403 3402
3 3461 3402 3460
3 3520 3461 3460
3 3520 3460 3519
3 3575 3520 3519
3 3575 3519 3574
3 3627 3575 3574
3 3627 3574 3626
3 3685 3627 3626
3 3685 3626 3684
3 3735 3685 3684
3 3735 3684 3734
3 3797 3735 3734
3 3797 3734 3796
3 3849 3797 3796
3 3849 3796 3848
3 3899 3849 3848
3 3899 3848 3898
3 3949 3899 3898
3 3949 3898 3948
3 4002 3949 3948
3 4002 3948 4001
3 11126 11072 11014
3 11184 11126 11014
3 11240 11184 11014
3 11312 11240 11014
3 11372 11312 11014
3 11432 11372 11014
3 11492 11432 11014
3 11562 11492 11014
3 11612 11562 11014
3 11662 11612 11014
3 11762 11662 11014
3 11865 11762 11014
3 11968 11865 11014
3 12068 11968 11014
3 12168 12068 11014
3 12118 12168 11014
3 12018 12118 11014
3 11918 12018 11014
3 11815 11918 11014
3 10384 10434 10483
3 10336 10384 10483
3 10285 10336 10483
3 10235 10285 10483
3 10170 10235 10483
3 10108 10170 10483
3 10029 10108 10483
3 9949 10029 10483
3 9872 9949 10483
3 9809 9872 10483
3 9740 9809 10483
3 9676 9740 10483
3 9607 9676 10483
3 9548 9607 10483
3 9488 9548 10483
3 9430 9488 10483
3 9362 9430 10483
3 9278 9362 10483
3 2381 2447 2498
3 2306 2381 2498
3 2221 2306 2498
3 2108 2221 2498
3 2051 2108 2498
3 1995 2051 2498
3 1925 1995 2498
3 1876 1925 2498
3 1815 1876 2498
3 1766 1815 2498
3 1711 1766 2498
3 1613 1711 2498
3 1515 1613 2498
3 1417 1515 2498
3 1368 1417 2498
3 1466 1368 2498
3 1564 1466 2498
3 3150 3102 3050
3 3198 3150 3050
3 3246 3198 3050
3 3294 3246 3050
3 3350 3294 3050
3 3403 3350 3050
3 3461 3403 3050
3 3520 3461 3050
3 3575 3520 3050
3 3627 3575 3050
3 3685 3627 3050
3 3735 3685 3050
3 3797 3735 3050
3 3849 3797 3050
3 3899 3849 3050
3 3949 3899 3050
3 4002 3949 3050
3 1564 2498 8572
3 8572 8473 8789
3 1662 1564 8572
3 3050 1662 8572
3 4002 3050 8572
3 4055 4002 8572
3 11014 4055 8572
3 11815 11014 8572
3 11712 11815 8572
3 10483 11712 8572
3 9210 9278 10483
3 8908 9210 10483
3 8572 8789 8908
3 10483 8572 8908
3 11126 11072 11014
3 11184 11126 11014
3 11240 11184 11014
3 11312 11240 11014
3 11372 11312 11014
3 11432 11372 11014
3 11492 11432 11014
3 11562 11492 11014
3 11612 11562 11014
3 11662 11612 11014
3 11762 11662 11014
3 11865 11762 11014
3 11968 11865 11014
3 12068 11968 11014
3 12168 12068 11014
3 12118 12168 11014
3 12018 12118 11014
3 11918 12018 11014
3 11815 11918 11014
3 10384 10434 10483
3 10336 10384 10483
3 10285 10336 10483
3 10235 10285 10483
3 10170 10235 10483
3 10108 10170 10483
3 10029 10108 10483
3 9949 10029 10483
3 9872 9949 10483
3 9809 9872 10483
3 9740 9809 10483
3 9676 9740 10483
3 9607 9676 10483
3 9548 9607 10483
3 9488 9548 10483
3 9430 9488 10483
3 9362 9430 10483
3 9278 9362 10483
3 2381 2447 2498
3 2306 2381 2498
3 2221 2306 2498
3 2108 2221 2498
3 2051 2108 2498
3 1995 2051 2498
3 1925 1995 2498
3 1876 1925 2498
3 1815 1876 2498
3 1766 1815 2498
3 1711 1766 2498
3 1613 1711 2498
3 1515 1613 2498
3 1417 1515 2498
3 1368 1417 2498
3 1466 1368 2498
3 1564 1466 2498
3 3150 3102 3050
3 3198 3150 3050
3 3246 3198 3050
3 3294 3246 3050
3 3350 3294 3050
3 3403 3350 3050
3 3461 3403 3050
3 3520 3461 3050
3 3575 3520 3050
3 3627 3575 3050
3 3685 3627 3050
3 3735 3685 3050
3 3797 3735 3050
3 3849 3797 3050
3 3899 3849 3050
3 3949 3899 3050
3 4002 3949 3050
3 1564 2498 8572
3 8572 8473 8789
3 1662 1564 8572
3 3050 1662 8572
3 4002 3050 8572
3 4055 4002 8572
3 11014 4055 8572
3 11815 11014 8572
3 11712 11815 8572
3 10483 11712 8572
3 9210 9278 10483
3 8908 9210 10483
3 8572 8789 8908
3 10483 8572 8908
3 4056 4003 4002
3 4056 4002 4055
3 11015 4056 4055
3 11015 4055 11014
3 11073 11015 11014
3 11073 11014 11072
3 11127 11073 11072
3 11127 11072 11126
3 11185 11127 11126
3 11185 11126 11184
3 11241 11185 11184
3 11241 11184 11240
3 11313 11241 11240
3 11313 11240 11312
3 11373 11313 11312
3 11373 11312 11372
3 11433 11373 11372
3 11433 11372 11432
3 11493 11433 11432
3 11493 11432 11492
3 11563 11493 11492
3 11563 11492 11562
3 11613 11563 11562
3 11613 11562 11612
3 11663 11613 11612
3 11663 11612 11662
3 11763 11663 11662
3 11763 11662 11762
3 11866 11763 11762
3 11866 11762 11865
3 11969 11866 11865
3 11969 11865 11968
3 12069 11969 11968
3 12069 11968 12068
3 12169 12069 12068
3 12169 12068 12168
3 12119 12169 12168
3 12119 12168 12118
3 12019 12119 12118
3 12019 12118 12018
3 11919 12019 12018
3 11919 12018 11918
3 11816 11919 11918
3 11816 11918 11815
3 11713 11816 11815
3 11713 11815 11712
3 10484 11713 11712
3 10484 11712 10483
3 10435 10484 10483
3 10435 10483 10434
3 10385 10435 10434
3 10385 10434 10384
3 10337 10385 10384
3 10337 10384 10336
3 10286 10337 10336
3 10286 10336 10285
3 10236 10286 10285
3 10236 10285 10235
3 10171 10236 10235
3 10171 10235 10170
3 10109 10171 10170
3 10109 10170 10108
3 10109 10108 10029
3 10030 10109 10029
3 10030 10029 9949
3 9950 10030 9949
3 9950 9949 9872
3 9873 9950 9872
3 9873 9872 9809
3 9810 9873 9809
3 9810 9809 9740
3 9741 9810 9740
3 9741 9740 9676
3 9677 9741 9676
3 9677 9676 9607
3 9608 9677 9607
3 9608 9607 9548
3 9549 9608 9548
3 9549 9548 9488
3 9489 9549 9488
3 9489 9488 9430
3 9431 9489 9430
3 9431 9430 9362
3 9363 9431 9362
3 9363 9362 9278
3 9279 9363 9278
3 9279 9278 9210
3 9211 9279 9210
3 9211 9210 8908
3 8909 9211 8908
3 8792 8909 8908
3 8792 8908 8789
3 8792 8789 8473
3 8475 8792 8473
3 8475 8473 8572
3 8574 8475 8572
3 8574 8572 2498
3 2499 8574 2498
3 2448 2499 2498
3 2448 2498 2447
3 2448 2447 2381
3 2382 2448 2381
3 2382 2381 2306
3 2307 2382 2306
3 2307 2306 2221
3 2222 2307 2221
3 2222 2221 2108
3 2109 2222 2108
3 2109 2108 2051
3 2052 2109 2051
3 2052 2051 1995
3 1996 2052 1995
3 1996 1995 1925
3 1926 1996 1925
3 1926 1925 1876
3 1877 1926 1876
3 1877 1876 1815
3 1816 1877 1815
3 1816 1815 1766
3 1767 1816 1766
3 1767 1766 1711
3 1712 1767 1711
3 1712 1711 1613
3 1614 1712 1613
3 1614 1613 1515
3 1516 1614 1515
3 1516 1515 1417
3 1418 1516 1417
3 1418 1417 1368
3 1369 1418 1368
3 1369 1368 1466
3 1467 1369 1466
3 1467 1466 1564
3 1565 1467 1564
3 1565 1564 1662
3 1663 1565 1662
3 1663 1662 3050
3 3051 1663 3050
3 3051 3050 3102
3 3103 3051 3102
3 3103 3102 3150
3 3151 3103 3150
3 3151 3150 3198
3 3199 3151 3198
3 3199 3198 3246
3 3247 3199 3246
3 3247 3246 3294
3 3295 3247 3294
3 3295 3294 3350
3 3351 3295 3350
3 3404 3351 3350
3 3404 3350 3403
3 3462 3404 3403
3 3462 3403 3461
3 3521 3462 3461
3 3521 3461 3520
3 3576 3521 3520
3 3576 3520 3575
3 3628 3576 3575
3 3628 3575 3627
3 3686 3628 3627
3 3686 3627 3685
3 3736 3686 3685
3 3736 3685 3735
3 3798 3736 3735
3 3798 3735 3797
3 3850 3798 3797
3 3850 3797 3849
3 3900 3850 3849
3 3900 3849 3899
3 3950 3900 3899
3 3950 3899 3949
3 4003 3950 3949
3 4003 3949 4002
3 11127 11073 11015
3 11185 11127 11015
3 11241 11185 11015
3 11313 11241 11015
3 11373 11313 11015
3 11433 11373 11015
3 11493 11433 11015
3 11563 11493 11015
3 11613 11563 11015
3 11663 11613 11015
3 11763 11663 11015
3 11866 11763 11015
3 11969 11866 11015
3 12069 11969 11015
3 12169 12069 11015
3 12119 12169 11015
3 12019 12119 11015
3 11919 12019 11015
3 11816 11919 11015
3 10385 10435 10484
3 10337 10385 10484
3 10286 10337 10484
3 10236 10286 10484
3 10171 10236 10484
3 10109 10171 10484
3 10030 10109 10484
3 9950 10030 10484
3 9873 9950 10484
3 9810 9873 10484
3 9741 9810 10484
3 9677 9741 10484
3 9608 9677 10484
3 9549 9608 10484
3 9489 9549 10484
3 9431 9489 10484
3 9363 9431 10484
3 9279 9363 10484
3 2382 2448 2499
3 2307 2382 2499
3 2222 2307 2499
3 2109 2222 2499
3 2052 2109 2499
3 1996 2052 2499
3 1926 1996 2499
3 1877 1926 2499
3 1816 1877 2499
3 1767 1816 2499
3 1712 1767 2499
3 1614 1712 2499
3 1516 1614 2499
3 1418 1516 2499
3 1369 1418 2499
3 1467 1369 2499
3 1565 1467 2499
3 3151 3103 3051
3 3199 3151 3051
3 3247 3199 3051
3 3295 3247 3051
3 3351 3295 3051
3 3404 3351 3051
3 3462 3404 3051
3 3521 3462 3051
3 3576 3521 3051
3 3628 3576 3051
3 3686 3628 3051
3 3736 3686 3051
3 3798 3736 3051
3 3850 3798 3051
3 3900 3850 3051
3 3950 3900 3051
3 4003 3950 3051
3 1565 2499 8574
3 8574 8475 8792
3 1663 1565 8574
3 3051 1663 8574
3 4003 3051 8574
3 4056 4003 8574
3 11015 4056 8574
3 11816 11015 8574
3 11713 11816 8574
3 10484 11713 8574
3 9211 9279 10484
3 8909 9211 10484
3 8574 8792 8909
3 10484 8574 8909
3 11127 11073 11015
3 11185 11127 11015
3 11241 11185 11015
3 11313 11241 11015
3 11373 11313 11015
3 11433 11373 11015
3 11493 11433 11015
3 11563 11493 11015
3 11613 11563 11015
3 11663 11613 11015
3 11763 11663 11015
3 11866 11763 11015
3 11969 11866 11015
3 12069 11969 11015
3 12169 12069 11015
3 12119 12169 11015
3 12019 12119 11015
3 11919 12019 11015
3 11816 11919 11015
3 10385 10435 10484
3 10337 10385 10484
3 10286 10337 10484
3 10236 10286 10484
3 10171 10236 10484
3 10109 10171 10484
3 10030 10109 10484
3 9950 10030 10484
3 9873 9950 10484
3 9810 9873 10484
3 9741 9810 10484
3 9677 9741 10484
3 9608 9677 10484
3 9549 9608 10484
3 9489 9549 10484
3 9431 9489 10484
3 9363 9431 10484
3 9279 9363 10484
3 2382 2448 2499
3 2307 2382 2499
3 2222 2307 2499
3 2109 2222 2499
3 2052 2109 2499
3 1996 2052 2499
3 1926 1996 2499
3 1877 1926 2499
3 1816 1877 2499
3 1767 1816 2499
3 1712 1767 2499
3 1614 1712 2499
3 1516 1614 2499
3 1418 1516 2499
3 1369 1418 2499
3 1467 1369 2499
3 1565 1467 2499
3 3151 3103 3051
3 3199 3151 3051
3 3247 3199 3051
3 3295 3247 3051
3 3351 3295 3051
3 3404 3351 3051
3 3462 3404 3051
3 3521 3462 3051
3 3576 3521 3051
3 3628 3576 3051
3 3686 3628 3051
3 3736 3686 3051
3 3798 3736 3051
3 3850 3798 3051
3 3900 3850 3051
3 3950 3900 3051
3 4003 3950 3051
3 1565 2499 8574
3 8574 8475 8792
3 1663 1565 8574
3 3051 1663 8574
3 4003 3051 8574
3 4056 4003 8574
3 11015 4056 8574
3 11816 11015 8574
3 11713 11816 8574
3 10484 11713 8574
3 9211 9279 10484
3 8909 9211 10484
3 8574 8792 8909
3 10484 8574 8909
3 4057 4004 4003
3 4057 4003 4056
3 11016 4057 4056
3 11016 4056 11015
3 11074 11016 11015
3 11074 11015 11073
3 11128 11074 11073
3 11128 11073 11127
3 11186 11128 11127
3 11186 11127 11185
3 11242 11186 11185
3 11242 11185 11241
3 11314 11242 11241
3 11314 11241 11313
3 11374 11314 11313
3 11374 11313 11373
3 11434 11374 11373
3 11434 11373 11433
3 11494 11434 11433
3 11494 11433 11493
3 11564 11494 11493
3 11564 11493 11563
3 11614 11564 11563
3 11614 11563 11613
3 11664 11614 11613
3 11664 11613 11663
3 11764 11664 11663
3 11764 11663 11763
3 11867 11764 11763
3 11867 11763 11866
3 11970 11867 11866
3 11970 11866 11969
3 12070 11970 11969
3 12070 11969 12069
3 12170 12070 12069
3 12170 12069 12169
3 12120 12170 12169
3 12120 12169 12119
3 12020 12120 12119
3 12020 12119 12019
3 11920 12020 12019
3 11920 12019 11919
3 11817 11920 11919
3 11817 11919 11816
3 11714 11817 11816
3 11714 11816 11713
3 10485 11714 11713
3 10485 11713 10484
3 10436 10485 10484
3 10436 10484 10435
3 10386 10436 10435
3 10386 10435 10385
3 10338 10386 10385
3 10338 10385 10337
3 10287 10338 10337
3 10287 10337 10286
3 10237 10287 10286
3 10237 10286 10236
3 10172 10237 10236
3 10172 10236 10171
3 10110 10172 10171
3 10110 10171 10109
3 10110 10109 10030
3 10031 10110 10030
3 10031 10030 9950
3 9951 10031 9950
3 9951 9950 9873
3 9874 9951 9873
3 9874 9873 9810
3 9811 9874 9810
3 9811 9810 9741
3 9742 9811 9741
3 9742 9741 9677
3 9678 9742 9677
3 9678 9677 9608
3 9609 9678 9608
3 9609 9608 9549
3 9550 9609 9549
3 9550 9549 9489
3 9490 9550 9489
3 9490 9489 9431
3 9432 9490 9431
3 9432 9431 9363
3 9364 9432 9363
3 9364 9363 9279
3 9280 9364 9279
3 9280 9279 9211
3 9212 9280 9211
3 9212 9211 8909
3 8910 9212 8909
3 8795 8910 8909
3 8795 8909 8792
3 8795 8792 8475
3 8477 8795 8475
3 8477 8475 8574
3 8576 8477 8574
3 8576 8574 2499
3 2500 8576 2499
3 2449 2500 2499
3 2449 2499 2448
3 2449 2448 2382
3 2383 2449 2382
3 2383 2382 2307
3 2308 2383 2307
3 2308 2307 2222
3 2223 2308 2222
3 2223 2222 2109
3 2110 2223 2109
3 2110 2109 2052
3 2053 2110 2052
3 2053 2052 1996
3 1997 2053 1996
3 1997 1996 1926
3 1927 1997 1926
3 1927 1926 1877
3 1878 1927 1877
3 1878 1877 1816
3 1817 1878 1816
3 1817 1816 1767
3 1768 1817 1767
3 1768 1767 1712
3 1713 1768 1712
3 1713 1712 1614
3 1615 1713 1614
3 1615 1614 1516
3 1517 1615 1516
3 1517 1516 1418
3 1419 1517 1418
3 1419 1418 1369
3 1370 1419 1369
3 1370 1369 1467
3 1468 1370 1467
3 1468 1467 1565
3 1566 1468 1565
3 1566 1565 1663
3 1664 1566 1663
3 1664 1663 3051
3 3052 1664 3051
3 3052 3051 3103
3 3104 3052 3103
3 3104 3103 3151
3 3152 3104 3151
3 3152 3151 3199
3 3200 3152 3199
3 3200 3199 3247
3 3248 3200 3247
3 3248 3247 3295
3 3296 3248 3295
3 3296 3295 3351
3 3352 3296 3351
3 3405 3352 3351
3 3405 3351 3404
3 3463 3405 3404
3 3463 3404 3462
3 3522 3463 3462
3 3522 3462 3521
3 3577 3522 3521
3 3577 3521 3576
3 3629 3577 3576
3 3629 3576 3628
3 3687 3629 3628
3 3687 3628 3686
3 3737 3687 3686
3 3737 3686 3736
3 3799 3737 3736
3 3799 3736 3798
3 3851 3799 3798
3 3851 3798 3850
3 3901 3851 3850
3 3901 3850 3900
3 3951 3901 3900
3 3951 3900 3950
3 4004 3951 3950
3 4004 3950 4003
3 11128 11074 11016
3 11186 11128 11016
3 11242 11186 11016
3 11314 11242 11016
3 11374 11314 11016
3 11434 11374 11016
3 11494 11434 11016
3 11564 11494 11016
3 11614 11564 11016
3 11664 11614 11016
3 11764 11664 11016
3 11867 11764 11016
3 11970 11867 11016
3 12070 11970 11016
3 12170 12070 11016
3 12120 12170 11016
3 12020 12120 11016
3 11920 12020 11016
3 11817 11920 11016
3 10386 10436 10485
3 10338 10386 10485
3 10287 10338 10485
3 10237 10287 10485
3 10172 10237 10485
3 10110 10172 10485
3 10031 10110 10485
3 9951 10031 10485
3 9874 9951 10485
3 9811 9874 10485
3 9742 9811 10485
3 9678 9742 10485
3 9609 9678 10485
3 9550 9609 10485
3 9490 9550 10485
3 9432 9490 10485
3 9364 9432 10485
3 9280 9364 10485
3 2383 2449 2500
3 2308 2383 2500
3 2223 2308 2500
3 2110 2223 2500
3 2053 2110 2500
3 1997 2053 2500
3 1927 1997 2500
3 1878 1927 2500
3 1817 1878 2500
3 1768 1817 2500
3 1713 1768 2500
3 1615 1713 2500
3 1517 1615 2500
3 1419 1517 2500
3 1370 1419 2500
3 1468 1370 2500
3 1566 1468 2500
3 3152 3104 3052
3 3200 3152 3052
3 3248 3200 3052
3 3296 3248 3052
3 3352 3296 3052
3 3405 3352 3052
3 3463 3405 3052
3 3522 3463 3052
3 3577 3522 3052
3 3629 3577 3052
3 3687 3629 3052
3 3737 3687 3052
3 3799 3737 3052
3 3851 3799 3052
3 3901 3851 3052
3 3951 3901 3052
3 4004 3951 3052
3 1566 2500 8576
3 8576 8477 8795
3 1664 1566 8576
3 3052 1664 8576
3 4004 3052 8576
3 4057 4004 8576
3 11016 4057 8576
3 11817 11016 8576
3 11714 11817 8576
3 10485 11714 8576
3 9212 9280 10485
3 8910 9212 10485
3 8576 8795 8910
3 10485 8576 8910
3 11128 11074 11016
3 11186 11128 11016
3 11242 11186 11016
3 11314 11242 11016
3 11374 11314 11016
3 11434 11374 11016
3 11494 11434 11016
3 11564 11494 11016
3 11614 11564 11016
3 11664 11614 11016
3 11764 11664 11016
3 11867 11764 11016
3 11970 11867 11016
3 12070 11970 11016
3 12170 12070 11016
3 12120 12170 11016
3 12020 12120 11016
3 11920 12020 11016
3 11817 11920 11016
3 10386 10436 10485
3 10338 10386 10485
3 10287 10338 10485
3 10237 10287 10485
3 10172 10237 10485
3 10110 10172 10485
3 10031 10110 10485
3 9951 10031 10485
3 9874 9951 10485
3 9811 9874 10485
3 9742 9811 10485
3 9678 9742 10485
3 9609 9678 10485
3 9550 9609 10485
3 9490 9550 10485
3 9432 9490 10485
3 9364 9432 10485
3 9280 9364 10485
3 2383 2449 2500
3 2308 2383 2500
3 2223 2308 2500
3 2110 2223 2500
3 2053 2110 2500
3 1997 2053 2500
3 1927 1997 2500
3 1878 1927 2500
3 1817 1878 2500
3 1768 1817 2500
3 1713 1768 2500
3 1615 1713 2500
3 1517 1615 2500
3 1419 1517 2500
3 1370 1419 2500
3 1468 1370 2500
3 1566 1468 2500
3 3152 3104 3052
3 3200 3152 3052
3 3248 3200 3052
3 3296 3248 3052
3 3352 3296 3052
3 3405 3352 3052
3 3463 3405 3052
3 3522 3463 3052
3 3577 3522 3052
3 3629 3577 3052
3 3687 3629 3052
3 3737 3687 3052
3 3799 3737 3052
3 3851 3799 3052
3 3901 3851 3052
3 3951 3901 3052
3 4004 3951 3052
3 1566 2500 8576
3 8576 8477 8795
3 1664 1566 8576
3 3052 1664 8576
3 4004 3052 8576
3 4057 4004 8576
3 11016 4057 8576
3 11817 11016 8576
3 11714 11817 8576
3 10485 11714 8576
3 9212 9280 10485
3 8910 9212 10485
3 8576 8795 8910
3 10485 8576 8910
3 4058 4005 4004
3 4058 4004 4057
3 11017 4058 4057
3 11017 4057 11016
3 11075 11017 11016
3 11075 11016 11074
3 11129 11075 11074
3 11129 11074 11128
3 11187 11129 11128
3 11187 11128 11186
3 11243 11187 11186
3 11243 11186 11242
3 11315 11243 11242
3 11315 11242 11314
3 11375 11315 11314
3 11375 11314 11374
3 11435 11375 11374
3 11435 11374 11434
3 11495 11435 11434
3 11495 11434 11494
3 11565 11495 11494
3 11565 11494 11564
3 11615 11565 11564
3 11615 11564 11614
3 11665 11615 11614
3 11665 11614 11664
3 11765 11665 11664
3 11765 11664 11764
3 11868 11765 11764
3 11868 11764 11867
3 11971 11868 11867
3 11971 11867 11970
3 12071 11971 11970
3 12071 11970 12070
3 12171 12071 12070
3 12171 12070 12170
3 12121 12171 12170
3 12121 12170 12120
3 12021 12121 12120
3 12021 12120 12020
3 11921 12021 12020
3 11921 12020 11920
3 11818 11921 11920
3 11818 11920 11817
3 11715 11818 11817
3 11715 11817 11714
3 10486 11715 11714
3 10486 11714 10485
3 10437 10486 10485
3 10437 10485 10436
3 10387 10437 10436
3 10387 10436 10386
3 10339 10387 10386
3 10339 10386 10338
3 10288 10339 10338
3 10288 10338 10287
3 10238 10288 10287
3 10238 10287 10237
3 10173 10238 10237
3 10173 10237 10172
3 10111 10173 10172
3 10111 10172 10110
3 10111 10110 10031
3 10032 10111 10031
3 10032 10031 9951
3 9952 10032 9951
3 9952 9951 9874
3 9875 9952 9874
3 9875 9874 9811
3 9812 9875 9811
3 9812 9811 9742
3 9743 9812 9742
3 9743 9742 9678
3 9679 9743 9678
3 9679 9678 9609
3 9610 9679 9609
3 9610 9609 9550
3 9551 9610 9550
3 9551 9550 9490
3 9491 9551 9490
3 9491 9490 9432
3 9433 9491 9432
3 9433 9432 9364
3 9365 9433 9364
3 9365 9364 9280
3 9281 9365 9280
3 9281 9280 9212
3 9213 9281 9212
3 9213 9212 8910
3 8911 9213 8910
3 8798 8911 8910
3 8798 8910 8795
3 8798 8795 8477
3 8479 8798 8477
3 8479 8477 8576
3 8578 8479 8576
3 8578 8576 2500
3 2501 8578 2500
3 2450 2501 2500
3 2450 2500 2449
3 2450 2449 2383
3 2384 2450 2383
3 2384 2383 2308
3 2309 2384 2308
3 2309 2308 2223
3 2224 2309 2223
3 2224 2223 2110
3 2111 2224 2110
3 2111 2110 2053
3 2054 2111 2053
3 2054 2053 1997
3 1998 2054 1997
3 1998 1997 1927
3 1928 1998 1927
3 1928 1927 1878
3 1879 1928 1878
3 1879 1878 1817
3 1818 1879 1817
3 1818 1817 1768
3 1769 1818 1768
3 1769 1768 1713
3 1714 1769 1713
3 1714 1713 1615
3 1616 1714 1615
3 1616 1615 1517
3 1518 1616 1517
3 1518 1517 1419
3 1420 1518 1419
3 1420 1419 1370
3 1371 1420 1370
3 1371 1370 1468
3 1469 1371 1468
3 1469 1468 1566
3 1567 1469 1566
3 1567 1566 1664
3 1665 1567 1664
3 1665 1664 3052
3 3053 1665 3052
3 3053 3052 3104
3 3105 3053 3104
3 3105 3104 3152
3 3153 3105 3152
3 3153 3152 3200
3 3201 3153 3200
3 3201 3200 3248
3 3249 3201 3248
3 3249 3248 3296
3 3297 3249 3296
3 3297 3296 3352
3 3353 3297 3352
3 3406 3353 3352
3 3406 3352 3405
3 3464 3406 3405
3 3464 3405 3463
3 3523 3464 3463
3 3523 3463 3522
3 3578 3523 3522
3 3578 3522 3577
3 3630 3578 3577
3 3630 3577 3629
3 3688 3630 3629
3 3688 3629 3687
3 3738 3688 3687
3 3738 3687 3737
3 3800 3738 3737
3 3800 3737 3799
3 3852 3800 3799
3 3852 3799 3851
3 3902 3852 3851
3 3902 3851 3901
3 3952 3902 3901
3 3952 3901 3951
3 4005 3952 3951
3 4005 3951 4004
3 11129 11075 11017
3 11187 11129 11017
3 11243 11187 11017
3 11315 11243 11017
3 11375 11315 11017
3 11435 11375 11017
3 11495 11435 11017
3 11565 11495 11017
3 11615 11565 11017
3 11665 11615 11017
3 11765 11665 11017
3 11868 11765 11017
3 11971 11868 11017
3 12071 11971 11017
3 12171 12071 11017
3 12121 12171 11017
3 12021 12121 11017
3 11921 12021 11017
3 11818 11921 11017
3 10387 10437 10486
3 10339 10387 10486
3 10288 10339 10486
3 10238 10288 10486
3 10173 10238 10486
3 10111 10173 10486
3 10032 10111 10486
3 9952 10032 10486
3 9875 9952 10486
3 9812 9875 10486
3 9743 9812 10486
3 9679 9743 10486
3 9610 9679 10486
3 9551 9610 10486
3 9491 9551 10486
3 9433 9491 10486
3 9365 9433 10486
3 9281 9365 10486
3 2384 2450 2501
3 2309 2384 2501
3 2224 2309 2501
3 2111 2224 2501
3 2054 2111 2501
3 1998 2054 2501
3 1928 1998 2501
3 1879 1928 2501
3 1818 1879 2501
3 1769 1818 2501
3 1714 1769 2501
3 1616 1714 2501
3 1518 1616 2501
3 1420 1518 2501
3 1371 1420 2501
3 1469 1371 2501
3 1567 1469 2501
3 3153 3105 3053
3 3201 3153 3053
3 3249 3201 3053
3 3297 3249 3053
3 3353 3297 3053
3 3406 3353 3053
3 3464 3406 3053
3 3523 3464 3053
3 3578 3523 3053
3 3630 3578 3053
3 3688 3630 3053
3 3738 3688 3053
3 3800 3738 3053
3 3852 3800 3053
3 3902 3852 3053
3 3952 3902 3053
3 4005 3952 3053
3 1567 2501 8578
3 8578 8479 8798
3 1665 1567 8578
3 3053 1665 8578
3 4005 3053 8578
3 4058 4005 8578
3 11017 4058 8578
3 11818 11017 8578
3 11715 11818 8578
3 10486 11715 8578
3 9213 9281 10486
3 8911 9213 10486
3 8578 8798 8911
3 10486 8578 8911
3 11129 11075 11017
3 11187 11129 11017
3 11243 11187 11017
3 11315 11243 11017
3 11375 11315 11017
3 11435 11375 11017
3 11495 11435 11017
3 11565 11495 11017
3 11615 11565 11017
3 11665 11615 11017
3 11765 11665 11017
3 11868 11765 11017
3 11971 11868 11017
3 12071 11971 11017
3 12171 12071 11017
3 12121 12171 11017
3 12021 12121 11017
3 11921 12021 11017
3 11818 11921 11017
3 10387 10437 10486
3 10339 10387 10486
3 10288 10339 10486
3 10238 10288 10486
3 10173 10238 10486
3 10111 10173 10486
3 10032 10111 10486
3 9952 10032 10486
3 9875 9952 10486
3 9812 9875 10486
3 9743 9812 10486
3 9679 9743 10486
3 9610 9679 10486
3 9551 9610 10486
3 9491 9551 10486
3 9433 9491 10486
3 9365 9433 10486
3 9281 9365 10486
3 2384 2450 2501
3 2309 2384 2501
3 2224 2309 2501
3 2111 2224 2501
3 2054 2111 2501
3 1998 2054 2501
3 1928 1998 2501
3 1879 1928 2501
3 1818 1879 2501
3 1769 1818 2501
3 1714 1769 2501
3 1616 1714 2501
3 1518 1616 2501
3 1420 1518 2501
3 1371 1420 2501
3 1469 1371 2501
3 1567 1469 2501
3 3153 3105 3053
3 3201 3153 3053
3 3249 3201 3053
3 3297 3249 3053
3 3353 3297 3053
3 3406 3353 3053
3 3464 3406 3053
3 3523 3464 3053
3 3578 3523 3053
3 3630 3578 3053
3 3688 3630 3053
3 3738 3688 3053
3 3800 3738 3053
3 3852 3800 3053
3 3902 3852 3053
3 3952 3902 3053
3 4005 3952 3053
3 1567 2501 8578
3 8578 8479 8798
3 1665 1567 8578
3 3053 1665 8578
3 4005 3053 8578
3 4058 4005 8578
3 11017 4058 8578
3 11818 11017 8578
3 11715 11818 8578
3 10486 11715 8578
3 9213 9281 10486
3 8911 9213 10486
3 8578 8798 8911
3 10486 8578 8911
3 4059 4006 4005
3 4059 4005 4058
3 11018 4059 4058
3 11018 4058 11017
3 11076 11018 11017
3 11076 11017 11075
3 11130 11076 11075
3 11130 11075 11129
3 11188 11130 11129
3 11188 11129 11187
3 11244 11188 11187
3 11244 11187 11243
3 11316 11244 11243
3 11316 11243 11315
3 11376 11316 11315
3 11376 11315 11375
3 11436 11376 11375
3 11436 11375 11435
3 11496 11436 11435
3 11496 11435 11495
3 11566 11496 11495
3 11566 11495 11565
3 11616 11566 11565
3 11616 11565 11615
3 11666 11616 11615
3 11666 11615 11665
3 11766 11666 11665
3 11766 11665 11765
3 11869 11766 11765
3 11869 11765 11868
3 11972 11869 11868
3 11972 11868 11971
3 12072 11972 11971
3 12072 11971 12071
3 12172 12072 12071
3 12172 12071 12171
3 12122 12172 12171
3 12122 12171 12121
3 12022 12122 12121
3 12022 12121 12021
3 11922 12022 12021
3 11922 12021 11921
3 11819 11922 11921
3 11819 11921 11818
3 11716 11819 11818
3 11716 11818 11715
3 10487 11716 11715
3 10487 11715 10486
3 10438 10487 10486
3 10438 10486 10437
3 10388 10438 10437
3 10388 10437 10387
3 10340 10388 10387
3 10340 10387 10339
3 10289 10340 10339
3 10289 10339 10288
3 10239 10289 10288
3 10239 10288 10238
3 10174 10239 10238
3 10174 10238 10173
3 10112 10174 10173
3 10112 10173 10111
3 10112 10111 10032
3 10033 10112 10032
3 10033 10032 9952
3 9953 10033 9952
3 9953 9952 9875
3 9876 9953 9875
3 9876 9875 9812
3 9813 9876 9812
3 9813 9812 9743
3 9744 9813 9743
3 9744 9743 9679
3 9680 9744 9679
3 9680 9679 9610
3 9611 9680 9610
3 9611 9610 9551
3 9552 9611 9551
3 9552 9551 9491
3 9492 9552 9491
3 9492 9491 9433
3 9434 9492 9433
3 9434 9433 9365
3 9366 9434 9365
3 9366 9365 9281
3 9282 9366 9281
3 9282 9281 9213
3 9214 9282 9213
3 9214 9213 8911
3 8912 9214 8911
3 8801 8912 8911
3 8801 8911 8798
3 8801 8798 8479
3 8481 8801 8479
3 8481 8479 8578
3 8580 8481 8578
3 8580 8578 2501
3 2502 8580 2501
3 2451 2502 2501
3 2451 2501 2450
3 2451 2450 2384
3 2385 2451 2384
3 2385 2384 2309
3 2310 2385 2309
3 2310 2309 2224
3 2225 2310 2224
3 2225 2224 2111
3 2112 2225 2111
3 2112 2111 2054
3 2055 2112 2054
3 2055 2054 1998
3 1999 2055 1998
3 1999 1998 1928
3 1929 1999 1928
3 1929 1928 1879
3 1880 1929 1879
3 1880 1879 1818
3 1819 1880 1818
3 1819 1818 1769
3 1770 1819 1769
3 1770 1769 1714
3 1715 1770 1714
3 1715 1714 1616
3 1617 1715 1616
3 1617 1616 1518
3 1519 1617 1518
3 1519 1518 1420
3 1421 1519 1420
3 1421 1420 1371
3 1372 1421 1371
3 1372 1371 1469
3 1470 1372 1469
3 1470 1469 1567
3 1568 1470 1567
3 1568 1567 1665
3 1666 1568 1665
3 1666 1665 3053
3 3054 1666 3053
3 3054 3053 3105
3 3106 3054 3105
3 3106 3105 3153
3 3154 3106 3153
3 3154 3153 3201
3 3202 3154 3201
3 3202 3201 3249
3 3250 3202 3249
3 3250 3249 3297
3 3298 3250 3297
3 3298 3297 3353
3 3354 3298 3353
3 3407 3354 3353
3 3407 3353 3406
3 3465 3407 3406
3 3465 3406 3464
3 3524 3465 3464
3 3524 3464 3523
3 3579 3524 3523
3 3579 3523 3578
3 3631 3579 3578
3 3631 3578 3630
3 3689 3631 3630
3 3689 3630 3688
3 3739 3689 3688
3 3739 3688 3738
3 3801 3739 3738
3 3801 3738 3800
3 3853 3801 3800
3 3853 3800 3852
3 3903 3853 3852
3 3903 3852 3902
3 3953 3903 3902
3 3953 3902 3952
3 4006 3953 3952
3 4006 3952 4005
3 11130 11076 11018
3 11188 11130 11018
3 11244 11188 11018
3 11316 11244 11018
3 11376 11316 11018
3 11436 11376 11018
3 11496 11436 11018
3 11566 11496 11018
3 11616 11566 11018
3 11666 11616 11018
3 11766 11666 11018
3 11869 11766 11018
3 11972 11869 11018
3 12072 11972 11018
3 12172 12072 11018
3 12122 12172 11018
3 12022 12122 11018
3 11922 12022 11018
3 11819 11922 11018
3 10388 10438 10487
3 10340 10388 10487
3 10289 10340 10487
3 10239 10289 10487
3 10174 10239 10487
3 10112 10174 10487
3 10033 10112 10487
3 9953 10033 10487
3 9876 9953 10487
3 9813 9876 10487
3 9744 9813 10487
3 9680 9744 10487
3 9611 9680 10487
3 9552 9611 10487
3 9492 9552 10487
3 9434 9492 10487
3 9366 9434 10487
3 9282 9366 10487
3 2385 2451 2502
3 2310 2385 2502
3 2225 2310 2502
3 2112 2225 2502
3 2055 2112 2502
3 1999 2055 2502
3 1929 1999 2502
3 1880 1929 2502
3 1819 1880 2502
3 1770 1819 2502
3 1715 1770 2502
3 1617 1715 2502
3 1519 1617 2502
3 1421 1519 2502
3 1372 1421 2502
3 1470 1372 2502
3 1568 1470 2502
3 3154 3106 3054
3 3202 3154 3054
3 3250 3202 3054
3 3298 3250 3054
3 3354 3298 3054
3 3407 3354 3054
3 3465 3407 3054
3 3524 3465 3054
3 3579 3524 3054
3 3631 3579 3054
3 3689 3631 3054
3 3739 3689 3054
3 3801 3739 3054
3 3853 3801 3054
3 3903 3853 3054
3 3953 3903 3054
3 4006 3953 3054
3 1568 2502 8580
3 8580 8481 8801
3 1666 1568 8580
3 3054 1666 8580
3 4006 3054 8580
3 4059 4006 8580
3 11018 4059 8580
3 11819 11018 8580
3 11716 11819 8580
3 10487 11716 8580
3 9214 9282 10487
3 8912 9214 10487
3 8580 8801 8912
3 10487 8580 8912
3 11130 11076 11018
3 11188 11130 11018
3 11244 11188 11018
3 11316 11244 11018
3 11376 11316 11018
3 11436 11376 11018
3 11496 11436 11018
3 11566 11496 11018
3 11616 11566 11018
3 11666 11616 11018
3 11766 11666 11018
3 11869 11766 11018
3 11972 11869 11018
3 12072 11972 11018
3 12172 12072 11018
3 12122 12172 11018
3 12022 12122 11018
3 11922 12022 11018
3 11819 11922 11018
3 10388 10438 10487
3 10340 10388 10487
3 10289 10340 10487
3 10239 10289 10487
3 10174 10239 10487
3 10112 10174 10487
3 10033 10112 10487
3 9953 10033 10487
3 9876 9953 10487
3 9813 9876 10487
3 9744 9813 10487
3 9680 9744 10487
3 9611 9680 10487
3 9552 9611 10487
3 9492 9552 10487
3 9434 9492 10487
3 9366 9434 10487
3 9282 9366 10487
3 2385 2451 2502
3 2310 2385 2502
3 2225 2310 2502
3 2112 2225 2502
3 2055 2112 2502
3 1999 2055 2502
3 1929 1999 2502
3 1880 1929 2502
3 1819 1880 2502
3 1770 1819 2502
3 1715 1770 2502
3 1617 1715 2502
3 1519 1617 2502
3 1421 1519 2502
3 1372 1421 2502
3 1470 1372 2502
3 1568 1470 2502
3 3154 3106 3054
3 3202 3154 3054
3 3250 3202 3054
3 3298 3250 3054
3 3354 3298 3054
3 3407 3354 3054
3 3465 3407 3054
3 3524 3465 3054
3 3579 3524 3054
3 3631 3579 3054
3 3689 3631 3054
3 3739 3689 3054
3 3801 3739 3054
3 3853 3801 3054
3 3903 3853 3054
3 3953 3903 3054
3 4006 3953 3054
3 1568 2502 8580
3 8580 8481 8801
3 1666 1568 8580
3 3054 1666 8580
3 4006 3054 8580
3 4059 4006 8580
3 11018 4059 8580
3 11819 11018 8580
3 11716 11819 8580
3 10487 11716 8580
3 9214 9282 10487
3 8912 9214 10487
3 8580 8801 8912
3 10487 8580 8912
3 4060 4007 4006
3 4060 4006 4059
3 11019 4060 4059
3 11019 4059 11018
3 11077 11019 11018
3 11077 11018 11076
3 11131 11077 11076
3 11131 11076 11130
3 11189 11131 11130
3 11189 11130 11188
3 11245 11189 11188
3 11245 11188 11244
3 11317 11245 11244
3 11317 11244 11316
3 11377 11317 11316
3 11377 11316 11376
3 11437 11377 11376
3 11437 11376 11436
3 11497 11437 11436
3 11497 11436 11496
3 11567 11497 11496
3 11567 11496 11566
3 11617 11567 11566
3 11617 11566 11616
3 11667 11617 11616
3 11667 11616 11666
3 11767 11667 11666
3 11767 11666 11766
3 11870 11767 11766
3 11870 11766 11869
3 11973 11870 11869
3 11973 11869 11972
3 12073 11973 11972
3 12073 11972 12072
3 12173 12073 12072
3 12173 12072 12172
3 12123 12173 12172
3 12123 12172 12122
3 12023 12123 12122
3 12023 12122 12022
3 11923 12023 12022
3 11923 12022 11922
3 11820 11923 11922
3 11820 11922 11819
3 11717 11820 11819
3 11717 11819 11716
3 10488 11717 11716
3 10488 11716 10487
3 10439 10488 10487
3 10439 10487 10438
3 10389 10439 10438
3 10389 10438 10388
3 10341 10389 10388
3 10341 10388 10340
3 10290 10341 10340
3 10290 10340 10289
3 10240 10290 10289
3 10240 10289 10239
3 10175 10240 10239
3 10175 10239 10174
3 10113 10175 10174
3 10113 10174 10112
3 10113 10112 10033
3 10034 10113 10033
3 10034 10033 9953
3 9954 10034 9953
3 9954 9953 9876
3 9877 9954 9876
3 9877 9876 9813
3 9814 9877 9813
3 9814 9813 9744
3 9745 9814 9744
3 9745 9744 9680
3 9681 9745 9680
3 9681 9680 9611
3 9612 9681 9611
3 9612 9611 9552
3 9553 9612 9552
3 9553 9552 9492
3 9493 9553 9492
3 9493 9492 9434
3 9435 9493 9434
3 9435 9434 9366
3 9367 9435 9366
3 9367 9366 9282
3 9283 9367 9282
3 9283 9282 9214
3 9215 9283 9214
3 9215 9214 8912
3 8913 9215 8912
3 8804 8913 8912
3 8804 8912 8801
3 8804 8801 8481
3 8483 8804 8481
3 8483 8481 8580
3 8582 8483 8580
3 8582 8580 2502
3 2503 8582 2502
3 2452 2503 2502
3 2452 2502 2451
3 2452 2451 2385
3 2386 2452 2385
3 2386 2385 2310
3 2311 2386 2310
3 2311 2310 2225
3 2226 2311 2225
3 2226 2225 2112
3 2113 2226 2112
3 2113 2112 2055
3 2056 2113 2055
3 2056 2055 1999
3 2000 2056 1999
3 2000 1999 1929
3 1930 2000 1929
3 1930 1929 1880
3 1881 1930 1880
3 1881 1880 1819
3 1820 1881 1819
3 1820 1819 1770
3 1771 1820 1770
3 1771 1770 1715
3 1716 1771 1715
3 1716 1715 1617
3 1618 1716 1617
3 1618 1617 1519
3 1520 1618 1519
3 1520 1519 1421
3 1422 1520 1421
3 1422 1421 1372
3 1373 1422 1372
3 1373 1372 1470
3 1471 1373 1470
3 1471 1470 1568
3 1569 1471 1568
3 1569 1568 1666
3 1667 1569 1666
3 1667 1666 3054
3 3055 1667 3054
3 3055 3054 3106
3 3107 3055 3106
3 3107 3106 3154
3 3155 3107 3154
3 3155 3154 3202
3 3203 3155 3202
3 3203 3202 3250
3 3251 3203 3250
3 3251 3250 3298
3 3299 3251 3298
3 3299 3298 3354
3 3355 3299 3354
3 3408 3355 3354
3 3408 3354 3407
3 3466 3408 3407
3 3466 3407 3465
3 3525 3466 3465
3 3525 3465 3524
3 3580 3525 3524
3 3580 3524 3579
3 3632 3580 3579
3 3632 3579 3631
3 3690 3632 3631
3 3690 3631 3689
3 3740 3690 3689
3 3740 3689 3739
3 3802 3740 3739
3 3802 3739 3801
3 3854 3802 3801
3 3854 3801 3853
3 3904 3854 3853
3 3904 3853 3903
3 3954 3904 3903
3 3954 3903 3953
3 4007 3954 3953
3 4007 3953 4006
3 11131 11077 11019
3 11189 11131 11019
3 11245 11189 11019
3 11317 11245 11019
3 11377 11317 11019
3 11437 11377 11019
3 11497 11437 11019
3 11567 11497 11019
3 11617 11567 11019
3 11667 11617 11019
3 11767 11667 11019
3 11870 11767 11019
3 11973 11870 11019
3 12073 11973 11019
3 12173 12073 11019
3 12123 12173 11019
3 12023 12123 11019
3 11923 12023 11019
3 11820 11923 11019
3 10389 10439 10488
3 10341 10389 10488
3 10290 10341 10488
3 10240 10290 10488
3 10175 10240 10488
3 10113 10175 10488
3 10034 10113 10488
3 9954 10034 10488
3 9877 9954 10488
3 9814 9877 10488
3 9745 9814 10488
3 9681 9745 10488
3 9612 9681 10488
3 9553 9612 10488
3 9493 9553 10488
3 9435 9493 10488
3 9367 9435 10488
3 9283 9367 10488
3 2386 2452 2503
3 2311 2386 2503
3 2226 2311 2503
3 2113 2226 2503
3 2056 2113 2503
3 2000 2056 2503
3 1930 2000 2503
3 1881 1930 2503
3 1820 1881 2503
3 1771 1820 2503
3 1716 1771 2503
3 1618 1716 2503
3 1520 1618 2503
3 1422 1520 2503
3 1373 1422 2503
3 1471 1373 2503
3 1569 1471 2503
3 3155 3107 3055
3 3203 3155 3055
3 3251 3203 3055
3 3299 3251 3055
3 3355 3299 3055
3 3408 3355 3055
3 3466 3408 3055
3 3525 3466 3055
3 3580 3525 3055
3 3632 3580 3055
3 3690 3632 3055
3 3740 3690 3055
3 3802 3740 3055
3 3854 3802 3055
3 3904 3854 3055
3 3954 3904 3055
3 4007 3954 3055
3 1569 2503 8582
3 8582 8483 8804
3 1667 1569 8582
3 3055 1667 8582
3 4007 3055 8582
3 4060 4007 8582
3 11019 4060 8582
3 11820 11019 8582
3 11717 11820 8582
3 10488 11717 8582
3 9215 9283 10488
3 8913 9215 10488
3 8582 8804 8913
3 10488 8582 8913
3 11131 11077 11019
3 11189 11131 11019
3 11245 11189 11019
3 11317 11245 11019
3 11377 11317 11019
3 11437 11377 11019
3 11497 11437 11019
3 11567 11497 11019
3 11617 11567 11019
3 11667 11617 11019
3 11767 11667 11019
3 11870 11767 11019
3 11973 11870 11019
3 12073 11973 11019
3 12173 12073 11019
3 12123 12173 11019
3 12023 12123 11019
3 11923 12023 11019
3 11820 11923 11019
3 10389 10439 10488
3 10341 10389 10488
3 10290 10341 10488
3 10240 10290 10488
3 10175 10240 10488
3 10113 10175 10488
3 10034 10113 10488
3 9954 10034 10488
3 9877 9954 10488
3 9814 9877 10488
3 9745 9814 10488
3 9681 9745 10488
3 9612 9681 10488
3 9553 9612 10488
3 9493 9553 10488
3 9435 9493 10488
3 9367 9435 10488
3 9283 9367 10488
3 2386 2452 2503
3 2311 2386 2503
3 2226 2311 2503
3 2113 2226 2503
3 2056 2113 2503
3 2000 2056 2503
3 1930 2000 2503
3 1881 1930 2503
3 1820 1881 2503
3 1771 1820 2503
3 1716 1771 2503
3 1618 1716 2503
3 1520 1618 2503
3 1422 1520 2503
3 1373 1422 2503
3 1471 1373 2503
3 1569 1471 2503
3 3155 3107 3055
3 3203 3155 3055
3 3251 3203 3055
3 3299 3251 3055
3 3355 3299 3055
3 3408 3355 3055
3 3466 3408 3055
3 3525 3466 3055
3 3580 3525 3055
3 3632 3580 3055
3 3690 3632 3055
3 3740 3690 3055
3 3802 3740 3055
3 3854 3802 3055
3 3904 3854 3055
3 3954 3904 3055
3 4007 3954 3055
3 1569 2503 8582
3 8582 8483 8804
3 1667 1569 8582
3 3055 1667 8582
3 4007 3055 8582
3 4060 4007 8582
3 11019 4060 8582
3 11820 11019 8582
3 11717 11820 8582
3 10488 11717 8582
3 9215 9283 10488
3 8913 9215 10488
3 8582 8804 8913
3 10488 8582 8913
3 4061 4008 4007
3 4061 4007 4060
3 11020 4061 4060
3 11020 4060 11019
3 11078 11020 11019
3 11078 11019 11077
3 11132 11078 11077
3 11132 11077 11131
3 11190 11132 11131
3 11190 11131 11189
3 11246 11190 11189
3 11246 11189 11245
3 11318 11246 11245
3 11318 11245 11317
3 11378 11318 11317
3 11378 11317 11377
3 11438 11378 11377
3 11438 11377 11437
3 11498 11438 11437
3 11498 11437 11497
3 11568 11498 11497
3 11568 11497 11567
3 11618 11568 11567
3 11618 11567 11617
3 11668 11618 11617
3 11668 11617 11667
3 11768 11668 11667
3 11768 11667 11767
3 11871 11768 11767
3 11871 11767 11870
3 11974 11871 11870
3 11974 11870 11973
3 12074 11974 11973
3 12074 11973 12073
3 12174 12074 12073
3 12174 12073 12173
3 12124 12174 12173
3 12124 12173 12123
3 12024 12124 12123
3 12024 12123 12023
3 11924 12024 12023
3 11924 12023 11923
3 11821 11924 11923
3 11821 11923 11820
3 11718 11821 11820
3 11718 11820 11717
3 10489 11718 11717
3 10489 11717 10488
3 10440 10489 10488
3 10440 10488 10439
3 10390 10440 10439
3 10390 10439 10389
3 10342 10390 10389
3 10342 10389 10341
3 10291 10342 10341
3 10291 10341 10290
3 10241 10291 10290
3 10241 10290 10240
3 10176 10241 10240
3 10176 10240 10175
3 10114 10176 10175
3 10114 10175 10113
3 10114 10113 10034
3 10035 10114 10034
3 10035 10034 9954
3 9955 10035 9954
3 9955 9954 9877
3 9878 9955 9877
3 9878 9877 9814
3 9815 9878 9814
3 9815 9814 9745
3 9746 9815 9745
3 9746 9745 9681
3 9682 9746 9681
3 9682 9681 9612
3 9613 9682 9612
3 9613 9612 9553
3 9554 9613 9553
3 9554 9553 9493
3 9494 9554 9493
3 9494 9493 9435
3 9436 9494 9435
3 9436 9435 9367
3 9368 9436 9367
3 9368 9367 9283
3 9284 9368 9283
3 9284 9283 9215
3 9216 9284 9215
3 9216 9215 8913
3 8914 9216 8913
3 8807 8914 8913
3 8807 8913 8804
3 8807 8804 8483
3 8485 8807 8483
3 8485 8483 8582
3 8584 8485 8582
3 8584 8582 2503
3 2504 8584 2503
3 2453 2504 2503
3 2453 2503 2452
3 2453 2452 2386
3 2387 2453 2386
3 2387 2386 2311
3 2312 2387 2311
3 2312 2311 2226
3 2227 2312 2226
3 2227 2226 2113
3 2114 2227 2113
3 2114 2113 2056
3 2057 2114 2056
3 2057 2056 2000
3 2001 2057 2000
3 2001 2000 1930
3 1931 2001 1930
3 1931 1930 1881
3 1882 1931 1881
3 1882 1881 1820
3 1821 1882 1820
3 1821 1820 1771
3 1772 1821 1771
3 1772 1771 1716
3 1717 1772 1716
3 1717 1716 1618
3 1619 1717 1618
3 1619 1618 1520
3 1521 1619 1520
3 1521 1520 1422
3 1423 1521 1422
3 1423 1422 1373
3 1374 1423 1373
3 1374 1373 1471
3 1472 1374 1471
3 1472 1471 1569
3 1570 1472 1569
3 1570 1569 1667
3 1668 1570 1667
3 1668 1667 3055
3 3056 1668 3055
3 3056 3055 3107
3 3108 3056 3107
3 3108 3107 3155
3 3156 3108 3155
3 3156 3155 3203
3 3204 3156 3203
3 3204 3203 3251
3 3252 3204 3251
3 3252 3251 3299
3 3300 3252 3299
3 3300 3299 3355
3 3356 3300 3355
3 3409 3356 3355
3 3409 3355 3408
3 3467 3409 3408
3 3467 3408 3466
3 3526 3467 3466
3 3526 3466 3525
3 3581 3526 3525
3 3581 3525 3580
3 3633 3581 3580
3 3633 3580 3632
3 3691 3633 3632
3 3691 3632 3690
3 3741 3691 3690
3 3741 3690 3740
3 3803 3741 3740
3 3803 3740 3802
3 3855 3803 3802
3 3855 3802 3854
3 3905 3855 3854
3 3905 3854 3904
3 3955 3905 3904
3 3955 3904 3954
3 4008 3955 3954
3 4008 3954 4007
3 11132 11078 11020
3 11190 11132 11020
3 11246 11190 11020
3 11318 11246 11020
3 11378 11318 11020
3 11438 11378 11020
3 11498 11438 11020
3 11568 11498 11020
3 11618 11568 11020
3 11668 11618 11020
3 11768 11668 11020
3 11871 11768 11020
3 11974 11871 11020
3 12074 11974 11020
3 12174 12074 11020
3 12124 12174 11020
3 12024 12124 11020
3 11924 12024 11020
3 11821 11924 11020
3 10390 10440 10489
3 10342 10390 10489
3 10291 10342 10489
3 10241 10291 10489
3 10176 10241 10489
3 10114 10176 10489
3 10035 10114 10489
3 9955 10035 10489
3 9878 9955 10489
3 9815 9878 10489
3 9746 9815 10489
3 9682 9746 10489
3 9613 9682 10489
3 9554 9613 10489
3 9494 9554 10489
3 9436 9494 10489
3 9368 9436 10489
3 9284 9368 10489
3 2387 2453 2504
3 2312 2387 2504
3 2227 2312 2504
3 2114 2227 2504
3 2057 2114 2504
3 2001 2057 2504
3 1931 2001 2504
3 1882 1931 2504
3 1821 1882 2504
3 1772 1821 2504
3 1717 1772 2504
3 1619 1717 2504
3 1521 1619 2504
3 1423 1521 2504
3 1374 1423 2504
3 1472 1374 2504
3 1570 1472 2504
3 3156 3108 3056
3 3204 3156 3056
3 3252 3204 3056
3 3300 3252 3056
3 3356 3300 3056
3 3409 3356 3056
3 3467 3409 3056
3 3526 3467 3056
3 3581 3526 3056
3 3633 3581 3056
3 3691 3633 3056
3 3741 3691 3056
3 3803 3741 3056
3 3855 3803 3056
3 3905 3855 3056
3 3955 3905 3056
3 4008 3955 3056
3 1570 2504 8584
3 8584 8485 8807
3 1668 1570 8584
3 3056 1668 8584
3 4008 3056 8584
3 4061 4008 8584
3 11020 4061 8584
3 11821 11020 8584
3 11718 11821 8584
3 10489 11718 8584
3 9216 9284 10489
3 8914 9216 10489
3 8584 8807 8914
3 10489 8584 8914
3 11132 11078 11020
3 11190 11132 11020
3 11246 11190 11020
3 11318 11246 11020
3 11378 11318 11020
3 11438 11378 11020
3 11498 11438 11020
3 11568 11498 11020
3 11618 11568 11020
3 11668 11618 11020
3 11768 11668 11020
3 11871 11768 11020
3 11974 11871 11020
3 12074 11974 11020
3 12174 12074 11020
3 12124 12174 11020
3 12024 12124 11020
3 11924 12024 11020
3 11821 11924 11020
3 10390 10440 10489
3 10342 10390 10489
3 10291 10342 10489
3 10241 10291 10489
3 10176 10241 10489
3 10114 10176 10489
3 10035 10114 10489
3 9955 10035 10489
3 9878 9955 10489
3 9815 9878 10489
3 9746 9815 10489
3 9682 9746 10489
3 9613 9682 10489
3 9554 9613 10489
3 9494 9554 10489
3 9436 9494 10489
3 9368 9436 10489
3 9284 9368 10489
3 2387 2453 2504
3 2312 2387 2504
3 2227 2312 2504
3 2114 2227 2504
3 2057 2114 2504
3 2001 2057 2504
3 1931 2001 2504
3 1882 1931 2504
3 1821 1882 2504
3 1772 1821 2504
3 1717 1772 2504
3 1619 1717 2504
3 1521 1619 2504
3 1423 1521 2504
3 1374 1423 2504
3 1472 1374 2504
3 1570 1472 2504
3 3156 3108 3056
3 3204 3156 3056
3 3252 3204 3056
3 3300 3252 3056
3 3356 3300 3056
3 3409 3356 3056
3 3467 3409 3056
3 3526 3467 3056
3 3581 3526 3056
3 3633 3581 3056
3 3691 3633 3056
3 3741 3691 3056
3 3803 3741 3056
3 3855 3803 3056
3 3905 3855 3056
3 3955 3905 3056
3 4008 3955 3056
3 1570 2504 8584
3 8584 8485 8807
3 1668 1570 8584
3 3056 1668 8584
3 4008 3056 8584
3 4061 4008 8584
3 11020 4061 8584
3 11821 11020 8584
3 11718 11821 8584
3 10489 11718 8584
3 9216 9284 10489
3 8914 9216 10489
3 8584 8807 8914
3 10489 8584 8914
3 4062 4009 4008
3 4062 4008 4061
3 11021 4062 4061
3 11021 4061 11020
3 11079 11021 11020
3 11079 11020 11078
3 11133 11079 11078
3 11133 11078 11132
3 11191 11133 11132
3 11191 11132 11190
3 11247 11191 11190
3 11247 11190 11246
3 11319 11247 11246
3 11319 11246 11318
3 11379 11319 11318
3 11379 11318 11378
3 11439 11379 11378
3 11439 11378 11438
3 11499 11439 11438
3 11499 11438 11498
3 11569 11499 11498
3 11569 11498 11568
3 11619 11569 11568
3 11619 11568 11618
3 11669 11619 11618
3 11669 11618 11668
3 11769 11669 11668
3 11769 11668 11768
3 11872 11769 11768
3 11872 11768 11871
3 11975 11872 11871
3 11975 11871 11974
3 12075 11975 11974
3 12075 11974 12074
3 12175 12075 12074
3 12175 12074 12174
3 12125 12175 12174
3 12125 12174 12124
3 12025 12125 12124
3 12025 12124 12024
3 11925 12025 12024
3 11925 12024 11924
3 11822 11925 11924
3 11822 11924 11821
3 11719 11822 11821
3 11719 11821 11718
3 10490 11719 11718
3 10490 11718 10489
3 10441 10490 10489
3 10441 10489 10440
3 10391 10441 10440
3 10391 10440 10390
3 10343 10391 10390
3 10343 10390 10342
3 10292 10343 10342
3 10292 10342 10291
3 10242 10292 10291
3 10242 10291 10241
3 10177 10242 10241
3 10177 10241 10176
3 10115 10177 10176
3 10115 10176 10114
3 10115 10114 10035
3 10036 10115 10035
3 10036 10035 9955
3 9956 10036 9955
3 9956 9955 9878
3 9879 9956 9878
3 9879 9878 9815
3 9816 9879 9815
3 9816 9815 9746
3 9747 9816 9746
3 9747 9746 9682
3 9683 9747 9682
3 9683 9682 9613
3 9614 9683 9613
3 9614 9613 9554
3 9555 9614 9554
3 9555 9554 9494
3 9495 9555 9494
3 9495 9494 9436
3 9437 9495 9436
3 9437 9436 9368
3 9369 9437 9368
3 9369 9368 9284
3 9285 9369 9284
3 9285 9284 9216
3 9217 9285 9216
3 9217 9216 8914
3 8915 9217 8914
3 8810 8915 8914
3 8810 8914 8807
3 8810 8807 8485
3 8487 8810 8485
3 8487 8485 8584
3 8586 8487 8584
3 8586 8584 2504
3 2505 8586 2504
3 2454 2505 2504
3 2454 2504 2453
3 2454 2453 2387
3 2388 2454 2387
3 2388 2387 2312
3 2313 2388 2312
3 2313 2312 2227
3 2228 2313 2227
3 2228 2227 2114
3 2115 2228 2114
3 2115 2114 2057
3 2058 2115 2057
3 2058 2057 2001
3 2002 2058 2001
3 2002 2001 1931
3 1932 2002 1931
3 1932 1931 1882
3 1883 1932 1882
3 1883 1882 1821
3 1822 1883 1821
3 1822 1821 1772
3 1773 1822 1772
3 1773 1772 1717
3 1718 1773 1717
3 1718 1717 1619
3 1620 1718 1619
3 1620 1619 1521
3 1522 1620 1521
3 1522 1521 1423
3 1424 1522 1423
3 1424 1423 1374
3 1375 1424 1374
3 1375 1374 1472
3 1473 1375 1472
3 1473 1472 1570
3 1571 1473 1570
3 1571 1570 1668
3 1669 1571 1668
3 1669 1668 3056
3 3057 1669 3056
3 3057 3056 3108
3 3109 3057 3108
3 3109 3108 3156
3 3157 3109 3156
3 3157 3156 3204
3 3205 3157 3204
3 3205 3204 3252
3 3253 3205 3252
3 3253 3252 3300
3 3301 3253 3300
3 3301 3300 3356
3 3357 3301 3356
3 3410 3357 3356
3 3410 3356 3409
3 3468 3410 3409
3 3468 3409 3467
3 3527 3468 3467
3 3527 3467 3526
3 3582 3527 3526
3 3582 3526 3581
3 3634 3582 3581
3 3634 3581 3633
3 3692 3634 3633
3 3692 3633 3691
3 3742 3692 3691
3 3742 3691 3741
3 3804 3742 3741
3 3804 3741 3803
3 3856 3804 3803
3 3856 3803 3855
3 3906 3856 3855
3 3906 3855 3905
3 3956 3906 3905
3 3956 3905 3955
3 4009 3956 3955
3 4009 3955 4008
3 11133 11079 11021
3 11191 11133 11021
3 11247 11191 11021
3 11319 11247 11021
3 11379 11319 11021
3 11439 11379 11021
3 11499 11439 11021
3 11569 11499 11021
3 11619 11569 11021
3 11669 11619 11021
3 11769 11669 11021
3 11872 11769 11021
3 11975 11872 11021
3 12075 11975 11021
3 12175 12075 11021
3 12125 12175 11021
3 12025 12125 11021
3 11925 12025 11021
3 11822 11925 11021
3 10391 10441 10490
3 10343 10391 10490
3 10292 10343 10490
3 10242 10292 10490
3 10177 10242 10490
3 10115 10177 10490
3 10036 10115 10490
3 9956 10036 10490
3 9879 9956 10490
3 9816 9879 10490
3 9747 9816 10490
3 9683 9747 10490
3 9614 9683 10490
3 9555 9614 10490
3 9495 9555 10490
3 9437 9495 10490
3 9369 9437 10490
3 9285 9369 10490
3 2388 2454 2505
3 2313 2388 2505
3 2228 2313 2505
3 2115 2228 2505
3 2058 2115 2505
3 2002 2058 2505
3 1932 2002 2505
3 1883 1932 2505
3 1822 1883 2505
3 1773 1822 2505
3 1718 1773 2505
3 1620 1718 2505
3 1522 1620 2505
3 1424 1522 2505
3 1375 1424 2505
3 1473 1375 2505
3 1571 1473 2505
3 3157 3109 3057
3 3205 3157 3057
3 3253 3205 3057
3 3301 3253 3057
3 3357 3301 3057
3 3410 3357 3057
3 3468 3410 3057
3 3527 3468 3057
3 3582 3527 3057
3 3634 3582 3057
3 3692 3634 3057
3 3742 3692 3057
3 3804 3742 3057
3 3856 3804 3057
3 3906 3856 3057
3 3956 3906 3057
3 4009 3956 3057
3 1571 2505 8586
3 8586 8487 8810
3 1669 1571 8586
3 3057 1669 8586
3 4009 3057 8586
3 4062 4009 8586
3 11021 4062 8586
3 11822 11021 8586
3 11719 11822 8586
3 10490 11719 8586
3 9217 9285 10490
3 8915 9217 10490
3 8586 8810 8915
3 10490 8586 8915
3 11133 11079 11021
3 11191 11133 11021
3 11247 11191 11021
3 11319 11247 11021
3 11379 11319 11021
3 11439 11379 11021
3 11499 11439 11021
3 11569 11499 11021
3 11619 11569 11021
3 11669 11619 11021
3 11769 11669 11021
3 11872 11769 11021
3 11975 11872 11021
3 12075 11975 11021
3 12175 12075 11021
3 12125 12175 11021
3 12025 12125 11021
3 11925 12025 11021
3 11822 11925 11021
3 10391 10441 10490
3 10343 10391 10490
3 10292 10343 10490
3 10242 10292 10490
3 10177 10242 10490
3 10115 10177 10490
3 10036 10115 10490
3 9956 10036 10490
3 9879 9956 10490
3 9816 9879 10490
3 9747 9816 10490
3 9683 9747 10490
3 9614 9683 10490
3 9555 9614 10490
3 9495 9555 10490
3 9437 9495 10490
3 9369 9437 10490
3 9285 9369 10490
3 2388 2454 2505
3 2313 2388 2505
3 2228 2313 2505
3 2115 2228 2505
3 2058 2115 2505
3 2002 2058 2505
3 1932 2002 2505
3 1883 1932 2505
3 1822 1883 2505
3 1773 1822 2505
3 1718 1773 2505
3 1620 1718 2505
3 1522 1620 2505
3 1424 1522 2505
3 1375 1424 2505
3 1473 1375 2505
3 1571 1473 2505
3 3157 3109 3057
3 3205 3157 3057
3 3253 3205 3057
3 3301 3253 3057
3 3357 3301 3057
3 3410 3357 3057
3 3468 3410 3057
3 3527 3468 3057
3 3582 3527 3057
3 3634 3582 3057
3 3692 3634 3057
3 3742 3692 3057
3 3804 3742 3057
3 3856 3804 3057
3 3906 3856 3057
3 3956 3906 3057
3 4009 3956 3057
3 1571 2505 8586
3 8586 8487 8810
3 1669 1571 8586
3 3057 1669 8586
3 4009 3057 8586
3 4062 4009 8586
3 11021 4062 8586
3 11822 11021 8586
3 11719 11822 8586
3 10490 11719 8586
3 9217 9285 10490
3 8915 9217 10490
3 8586 8810 8915
3 10490 8586 8915
3 4063 4010 4009
3 4063 4009 4062
3 11022 4063 4062
3 11022 4062 11021
3 11080 11022 11021
3 11080 11021 11079
3 11134 11080 11079
3 11134 11079 11133
3 11192 11134 11133
3 11192 11133 11191
3 11248 11192 11191
3 11248 11191 11247
3 11320 11248 11247
3 11320 11247 11319
3 11380 11320 11319
3 11380 11319 11379
3 11440 11380 11379
3 11440 11379 11439
3 11500 11440 11439
3 11500 11439 11499
3 11570 11500 11499
3 11570 11499 11569
3 11620 11570 11569
3 11620 11569 11619
3 11670 11620 11619
3 11670 11619 11669
3 11770 11670 11669
3 11770 11669 11769
3 11873 11770 11769
3 11873 11769 11872
3 11976 11873 11872
3 11976 11872 11975
3 12076 11976 11975
3 12076 11975 12075
3 12176 12076 12075
3 12176 12075 12175
3 12126 12176 12175
3 12126 12175 12125
3 12026 12126 12125
3 12026 12125 12025
3 11926 12026 12025
3 11926 12025 11925
3 11823 11926 11925
3 11823 11925 11822
3 11720 11823 11822
3 11720 11822 11719
3 10491 11720 11719
3 10491 11719 10490
3 10442 10491 10490
3 10442 10490 10441
3 10392 10442 10441
3 10392 10441 10391
3 10344 10392 10391
3 10344 10391 10343
3 10293 10344 10343
3 10293 10343 10292
3 10243 10293 10292
3 10243 10292 10242
3 10178 10243 10242
3 10178 10242 10177
3 10116 10178 10177
3 10116 10177 10115
3 10116 10115 10036
3 10037 10116 10036
3 10037 10036 9956
3 9957 10037 9956
3 9957 9956 9879
3 9880 9957 9879
3 9880 9879 9816
3 9817 9880 9816
3 9817 9816 9747
3 9748 9817 9747
3 9748 9747 9683
3 9684 9748 9683
3 9684 9683 9614
3 9615 9684 9614
3 9615 9614 9555
3 9556 9615 9555
3 9556 9555 9495
3 9496 9556 9495
3 9496 9495 9437
3 9438 9496 9437
3 9438 9437 9369
3 9370 9438 9369
3 9370 9369 9285
3 9286 9370 9285
3 9286 9285 9217
3 9218 9286 9217
3 9218 9217 8915
3 8916 9218 8915
3 8813 8916 8915
3 8813 8915 8810
3 8813 8810 8487
3 8489 8813 8487
3 8489 8487 8586
3 8588 8489 8586
3 8588 8586 2505
3 2506 8588 2505
3 2455 2506 2505
3 2455 2505 2454
3 2455 2454 2388
3 2389 2455 2388
3 2389 2388 2313
3 2314 2389 2313
3 2314 2313 2228
3 2229 2314 2228
3 2229 2228 2115
3 2116 2229 2115
3 2116 2115 2058
3 2059 2116 2058
3 2059 2058 2002
3 2003 2059 2002
3 2003 2002 1932
3 1933 2003 1932
3 1933 1932 1883
3 1884 1933 1883
3 1884 1883 1822
3 1823 1884 1822
3 1823 1822 1773
3 1774 1823 1773
3 1774 1773 1718
3 1719 1774 1718
3 1719 1718 1620
3 1621 1719 1620
3 1621 1620 1522
3 1523 1621 1522
3 1523 1522 1424
3 1425 1523 1424
3 1425 1424 1375
3 1376 1425 1375
3 1376 1375 1473
3 1474 1376 1473
3 1474 1473 1571
3 1572 1474 1571
3 1572 1571 1669
3 1670 1572 1669
3 1670 1669 3057
3 3058 1670 3057
3 3058 3057 3109
3 3110 3058 3109
3 3110 3109 3157
3 3158 3110 3157
3 3158 3157 3205
3 3206 3158 3205
3 3206 3205 3253
3 3254 3206 3253
3 3254 3253 3301
3 3302 3254 3301
3 3302 3301 3357
3 3358 3302 3357
3 3411 3358 3357
3 3411 3357 3410
3 3469 3411 3410
3 3469 3410 3468
3 3528 3469 3468
3 3528 3468 3527
3 3583 3528 3527
3 3583 3527 3582
3 3635 3583 3582
3 3635 3582 3634
3 3693 3635 3634
3 3693 3634 3692
3 3743 3693 3692
3 3743 3692 3742
3 3805 3743 3742
3 3805 3742 3804
3 3857 3805 3804
3 3857 3804 3856
3 3907 3857 3856
3 3907 3856 3906
3 3957 3907 3906
3 3957 3906 3956
3 4010 3957 3956
3 4010 3956 4009
3 11134 11080 11022
3 11192 11134 11022
3 11248 11192 11022
3 11320 11248 11022
3 11380 11320 11022
3 11440 11380 11022
3 11500 11440 11022
3 11570 11500 11022
3 11620 11570 11022
3 11670 11620 11022
3 11770 11670 11022
3 11873 11770 11022
3 11976 11873 11022
3 12076 11976 11022
3 12176 12076 11022
3 12126 12176 11022
3 12026 12126 11022
3 11926 12026 11022
3 11823 11926 11022
3 10392 10442 10491
3 10344 10392 10491
3 10293 10344 10491
3 10243 10293 10491
3 10178 10243 10491
3 10116 10178 10491
3 10037 10116 10491
3 9957 10037 10491
3 9880 9957 10491
3 9817 9880 10491
3 9748 9817 10491
3 9684 9748 10491
3 9615 9684 10491
3 9556 9615 10491
3 9496 9556 10491
3 9438 9496 10491
3 9370 9438 10491
3 9286 9370 10491
3 2389 2455 2506
3 2314 2389 2506
3 2229 2314 2506
3 2116 2229 2506
3 2059 2116 2506
3 2003 2059 2506
3 1933 2003 2506
3 1884 1933 2506
3 1823 1884 2506
3 1774 1823 2506
3 1719 1774 2506
3 1621 1719 2506
3 1523 1621 2506
3 1425 1523 2506
3 1376 1425 2506
3 1474 1376 2506
3 1572 1474 2506
3 3158 3110 3058
3 3206 3158 3058
3 3254 3206 3058
3 3302 3254 3058
3 3358 3302 3058
3 3411 3358 3058
3 3469 3411 3058
3 3528 3469 3058
3 3583 3528 3058
3 3635 3583 3058
3 3693 3635 3058
3 3743 3693 3058
3 3805 3743 3058
3 3857 3805 3058
3 3907 3857 3058
3 3957 3907 3058
3 4010 3957 3058
3 1572 2506 8588
3 8588 8489 8813
3 1670 1572 8588
3 3058 1670 8588
3 4010 3058 8588
3 4063 4010 8588
3 11022 4063 8588
3 11823 11022 8588
3 11720 11823 8588
3 10491 11720 8588
3 9218 9286 10491
3 8916 9218 10491
3 8588 8813 8916
3 10491 8588 8916
3 11134 11080 11022
3 11192 11134 11022
3 11248 11192 11022
3 11320 11248 11022
3 11380 11320 11022
3 11440 11380 11022
3 11500 11440 11022
3 11570 11500 11022
3 11620 11570 11022
3 11670 11620 11022
3 11770 11670 11022
3 11873 11770 11022
3 11976 11873 11022
3 12076 11976 11022
3 12176 12076 11022
3 12126 12176 11022
3 12026 12126 11022
3 11926 12026 11022
3 11823 11926 11022
3 10392 10442 10491
3 10344 10392 10491
3 10293 10344 10491
3 10243 10293 10491
3 10178 10243 10491
3 10116 10178 10491
3 10037 10116 10491
3 9957 10037 10491
3 9880 9957 10491
3 9817 9880 10491
3 9748 9817 10491
3 9684 9748 10491
3 9615 9684 10491
3 9556 9615 10491
3 9496 9556 10491
3 9438 9496 10491
3 9370 9438 10491
3 9286 9370 10491
3 2389 2455 2506
3 2314 2389 2506
3 2229 2314 2506
3 2116 2229 2506
3 2059 2116 2506
3 2003 2059 2506
3 1933 2003 2506
3 1884 1933 2506
3 1823 1884 2506
3 1774 1823 2506
3 1719 1774 2506
3 1621 1719 2506
3 1523 1621 2506
3 1425 1523 2506
3 1376 1425 2506
3 1474 1376 2506
3 1572 1474 2506
3 3158 3110 3058
3 3206 3158 3058
3 3254 3206 3058
3 3302 3254 3058
3 3358 3302 3058
3 3411 3358 3058
3 3469 3411 3058
3 3528 3469 3058
3 3583 3528 3058
3 3635 3583 3058
3 3693 3635 3058
3 3743 3693 3058
3 3805 3743 3058
3 3857 3805 3058
3 3907 3857 3058
3 3957 3907 3058
3 4010 3957 3058
3 1572 2506 8588
3 8588 8489 8813
3 1670 1572 8588
3 3058 1670 8588
3 4010 3058 8588
3 4063 4010 8588
3 11022 4063 8588
3 11823 11022 8588
3 11720 11823 8588
3 10491 11720 8588
3 9218 9286 10491
3 8916 9218 10491
3 8588 8813 8916
3 10491 8588 8916
3 4064 4011 4010
3 4064 4010 4063
3 11023 4064 4063
3 11023 4063 11022
3 11081 11023 11022
3 11081 11022 11080
3 11135 11081 11080
3 11135 11080 11134
3 11193 11135 11134
3 11193 11134 11192
3 11249 11193 11192
3 11249 11192 11248
3 11321 11249 11248
3 11321 11248 11320
3 11381 11321 11320
3 11381 11320 11380
3 11441 11381 11380
3 11441 11380 11440
3 11501 11441 11440
3 11501 11440 11500
3 11571 11501 11500
3 11571 11500 11570
3 11621 11571 11570
3 11621 11570 11620
3 11671 11621 11620
3 11671 11620 11670
3 11771 11671 11670
3 11771 11670 11770
3 11874 11771 11770
3 11874 11770 11873
3 11977 11874 11873
3 11977 11873 11976
3 12077 11977 11976
3 12077 11976 12076
3 12177 12077 12076
3 12177 12076 12176
3 12127 12177 12176
3 12127 12176 12126
3 12027 12127 12126
3 12027 12126 12026
3 11927 12027 12026
3 11927 12026 11926
3 11824 11927 11926
3 11824 11926 11823
3 11721 11824 11823
3 11721 11823 11720
3 10492 11721 11720
3 10492 11720 10491
3 10443 10492 10491
3 10443 10491 10442
3 10393 10443 10442
3 10393 10442 10392
3 10345 10393 10392
3 10345 10392 10344
3 10294 10345 10344
3 10294 10344 10293
3 10244 10294 10293
3 10244 10293 10243
3 10179 10244 10243
3 10179 10243 10178
3 10117 10179 10178
3 10117 10178 10116
3 10117 10116 10037
3 10038 10117 10037
3 10038 10037 9957
3 9958 10038 9957
3 9958 9957 9880
3 9881 9958 9880
3 9881 9880 9817
3 9818 9881 9817
3 9818 9817 9748
3 9749 9818 9748
3 9749 9748 9684
3 9685 9749 9684
3 9685 9684 9615
3 9616 9685 9615
3 9616 9615 9556
3 9557 9616 9556
3 9557 9556 9496
3 9497 9557 9496
3 9497 9496 9438
3 9439 9497 9438
3 9439 9438 9370
3 9371 9439 9370
3 9371 9370 9286
3 9287 9371 9286
3 9287 9286 9218
3 9219 9287 9218
3 9219 9218 8916
3 8917 9219 8916
3 8816 8917 8916
3 8816 8916 8813
3 8816 8813 8489
3 8491 8816 8489
3 8491 8489 8588
3 8590 8491 8588
3 8590 8588 2506
3 2507 8590 2506
3 2456 2507 2506
3 2456 2506 2455
3 2456 2455 2389
3 2390 2456 2389
3 2390 2389 2314
3 2315 2390 2314
3 2315 2314 2229
3 2230 2315 2229
3 2230 2229 2116
3 2117 2230 2116
3 2117 2116 2059
3 2060 2117 2059
3 2060 2059 2003
3 2004 2060 2003
3 2004 2003 1933
3 1934 2004 1933
3 1934 1933 1884
3 1885 1934 1884
3 1885 1884 1823
3 1824 1885 1823
3 1824 1823 1774
3 1775 1824 1774
3 1775 1774 1719
3 1720 1775 1719
3 1720 1719 1621
3 1622 1720 1621
3 1622 1621 1523
3 1524 1622 1523
3 1524 1523 1425
3 1426 1524 1425
3 1426 1425 1376
3 1377 1426 1376
3 1377 1376 1474
3 1475 1377 1474
3 1475 1474 1572
3 1573 1475 1572
3 1573 1572 1670
3 1671 1573 1670
3 1671 1670 3058
3 3059 1671 3058
3 3059 3058 3110
3 3111 3059 3110
3 3111 3110 3158
3 3159 3111 3158
3 3159 3158 3206
3 3207 3159 3206
3 3207 3206 3254
3 3255 3207 3254
3 3255 3254 3302
3 3303 3255 3302
3 3303 3302 3358
3 3359 3303 3358
3 3412 3359 3358
3 3412 3358 3411
3 3470 3412 3411
3 3470 3411 3469
3 3529 3470 3469
3 3529 3469 3528
3 3584 3529 3528
3 3584 3528 3583
3 3636 3584 3583
3 3636 3583 3635
3 3694 3636 3635
3 3694 3635 3693
3 3744 3694 3693
3 3744 3693 3743
3 3806 3744 3743
3 3806 3743 3805
3 3858 3806 3805
3 3858 3805 3857
3 3908 3858 3857
3 3908 3857 3907
3 3958 3908 3907
3 3958 3907 3957
3 4011 3958 3957
3 4011 3957 4010
3 11135 11081 11023
3 11193 11135 11023
3 11249 11193 11023
3 11321 11249 11023
3 11381 11321 11023
3 11441 11381 11023
3 11501 11441 11023
3 11571 11501 11023
3 11621 11571 11023
3 11671 11621 11023
3 11771 11671 11023
3 11874 11771 11023
3 11977 11874 11023
3 12077 11977 11023
3 12177 12077 11023
3 12127 12177 11023
3 12027 12127 11023
3 11927 12027 11023
3 11824 11927 11023
3 10393 10443 10492
3 10345 10393 10492
3 10294 10345 10492
3 10244 10294 10492
3 10179 10244 10492
3 10117 10179 10492
3 10038 10117 10492
3 9958 10038 10492
3 9881 9958 10492
3 9818 9881 10492
3 9749 9818 10492
3 9685 9749 10492
3 9616 9685 10492
3 9557 9616 10492
3 9497 9557 10492
3 9439 9497 10492
3 9371 9439 10492
3 9287 9371 10492
3 2390 2456 2507
3 2315 2390 2507
3 2230 2315 2507
3 2117 2230 2507
3 2060 2117 2507
3 2004 2060 2507
3 1934 2004 2507
3 1885 1934 2507
3 1824 1885 2507
3 1775 1824 2507
3 1720 1775 2507
3 1622 1720 2507
3 1524 1622 2507
3 1426 1524 2507
3 1377 1426 2507
3 1475 1377 2507
3 1573 1475 2507
3 3159 3111 3059
3 3207 3159 3059
3 3255 3207 3059
3 3303 3255 3059
3 3359 3303 3059
3 3412 3359 3059
3 3470 3412 3059
3 3529 3470 3059
3 3584 3529 3059
3 3636 3584 3059
3 3694 3636 3059
3 3744 3694 3059
3 3806 3744 3059
3 3858 3806 3059
3 3908 3858 3059
3 3958 3908 3059
3 4011 3958 3059
3 1573 2507 8590
3 8590 8491 8816
3 1671 1573 8590
3 3059 1671 8590
3 4011 3059 8590
3 4064 4011 8590
3 11023 4064 8590
3 11824 11023 8590
3 11721 11824 8590
3 10492 11721 8590
3 9219 9287 10492
3 8917 9219 10492
3 8590 8816 8917
3 10492 8590 8917
3 11135 11081 11023
3 11193 11135 11023
3 11249 11193 11023
3 11321 11249 11023
3 11381 11321 11023
3 11441 11381 11023
3 11501 11441 11023
3 11571 11501 11023
3 11621 11571 11023
3 11671 11621 11023
3 11771 11671 11023
3 11874 11771 11023
3 11977 11874 11023
3 12077 11977 11023
3 12177 12077 11023
3 12127 12177 11023
3 12027 12127 11023
3 11927 12027 11023
3 11824 11927 11023
3 10393 10443 10492
3 10345 10393 10492
3 10294 10345 10492
3 10244 10294 10492
3 10179 10244 10492
3 10117 10179 10492
3 10038 10117 10492
3 9958 10038 10492
3 9881 9958 10492
3 9818 9881 10492
3 9749 9818 10492
3 9685 9749 10492
3 9616 9685 10492
3 9557 9616 10492
3 9497 9557 10492
3 9439 9497 10492
3 9371 9439 10492
3 9287 9371 10492
3 2390 2456 2507
3 2315 2390 2507
3 2230 2315 2507
3 2117 2230 2507
3 2060 2117 2507
3 2004 2060 2507
3 1934 2004 2507
3 1885 1934 2507
3 1824 1885 2507
3 1775 1824 2507
3 1720 1775 2507
3 1622 1720 2507
3 1524 1622 2507
3 1426 1524 2507
3 1377 1426 2507
3 1475 1377 2507
3 1573 1475 2507
3 3159 3111 3059
3 3207 3159 3059
3 3255 3207 3059
3 3303 3255 3059
3 3359 3303 3059
3 3412 3359 3059
3 3470 3412 3059
3 3529 3470 3059
3 3584 3529 3059
3 3636 3584 3059
3 3694 3636 3059
3 3744 3694 3059
3 3806 3744 3059
3 3858 3806 3059
3 3908 3858 3059
3 3958 3908 3059
3 4011 3958 3059
3 1573 2507 8590
3 8590 8491 8816
3 1671 1573 8590
3 3059 1671 8590
3 4011 3059 8590
3 4064 4011 8590
3 11023 4064 8590
3 11824 11023 8590
3 11721 11824 8590
3 10492 11721 8590
3 9219 9287 10492
3 8917 9219 10492
3 8590 8816 8917
3 10492 8590 8917
3 4065 4012 4011
3 4065 4011 4064
3 11024 4065 4064
3 11024 4064 11023
3 11082 11024 11023
3 11082 11023 11081
3 11136 11082 11081
3 11136 11081 11135
3 11194 11136 11135
3 11194 11135 11193
3 11250 11194 11193
3 11250 11193 11249
3 11322 11250 11249
3 11322 11249 11321
3 11382 11322 11321
3 11382 11321 11381
3 11442 11382 11381
3 11442 11381 11441
3 11502 11442 11441
3 11502 11441 11501
3 11572 11502 11501
3 11572 11501 11571
3 11622 11572 11571
3 11622 11571 11621
3 11672 11622 11621
3 11672 11621 11671
3 11772 11672 11671
3 11772 11671 11771
3 11875 11772 11771
3 11875 11771 11874
3 11978 11875 11874
3 11978 11874 11977
3 12078 11978 11977
3 12078 11977 12077
3 12178 12078 12077
3 12178 12077 12177
3 12128 12178 12177
3 12128 12177 12127
3 12028 12128 12127
3 12028 12127 12027
3 11928 12028 12027
3 11928 12027 11927
3 11825 11928 11927
3 11825 11927 11824
3 11722 11825 11824
3 11722 11824 11721
3 10493 11722 11721
3 10493 11721 10492
3 10444 10493 10492
3 10444 10492 10443
3 10394 10444 10443
3 10394 10443 10393
3 10346 10394 10393
3 10346 10393 10345
3 10295 10346 10345
3 10295 10345 10294
3 10245 10295 10294
3 10245 10294 10244
3 10180 10245 10244
3 10180 10244 10179
3 10118 10180 10179
3 10118 10179 10117
3 10118 10117 10038
3 10039 10118 10038
3 10039 10038 9958
3 9959 10039 9958
3 9959 9958 9881
3 9882 9959 9881
3 9882 9881 9818
3 9819 9882 9818
3 9819 9818 9749
3 9750 9819 9749
3 9750 9749 9685
3 9686 9750 9685
3 9686 9685 9616
3 9617 9686 9616
3 9617 9616 9557
3 9558 9617 9557
3 9558 9557 9497
3 9498 9558 9497
3 9498 9497 9439
3 9440 9498 9439
3 9440 9439 9371
3 9372 9440 9371
3 9372 9371 9287
3 9288 9372 9287
3 9288 9287 9219
3 9220 9288 9219
3 9220 9219 8917
3 8918 9220 8917
3 8819 8918 8917
3 8819 8917 8816
3 8819 8816 8491
3 8493 8819 8491
3 8493 8491 8590
3 8592 8493 8590
3 8592 8590 2507
3 2508 8592 2507
3 2457 2508 2507
3 2457 2507 2456
3 2457 2456 2390
3 2391 2457 2390
3 2391 2390 2315
3 2316 2391 2315
3 2316 2315 2230
3 2231 2316 2230
3 2231 2230 2117
3 2118 2231 2117
3 2118 2117 2060
3 2061 2118 2060
3 2061 2060 2004
3 2005 2061 2004
3 2005 2004 1934
3 1935 2005 1934
3 1935 1934 1885
3 1886 1935 1885
3 1886 1885 1824
3 1825 1886 1824
3 1825 1824 1775
3 1776 1825 1775
3 1776 1775 1720
3 1721 1776 1720
3 1721 1720 1622
3 1623 1721 1622
3 1623 1622 1524
3 1525 1623 1524
3 1525 1524 1426
3 1427 1525 1426
3 1427 1426 1377
3 1378 1427 1377
3 1378 1377 1475
3 1476 1378 1475
3 1476 1475 1573
3 1574 1476 1573
3 1574 1573 1671
3 1672 1574 1671
3 1672 1671 3059
3 3060 1672 3059
3 3060 3059 3111
3 3112 3060 3111
3 3112 3111 3159
3 3160 3112 3159
3 3160 3159 3207
3 3208 3160 3207
3 3208 3207 3255
3 3256 3208 3255
3 3256 3255 3303
3 3304 3256 3303
3 3304 3303 3359
3 3360 3304 3359
3 3413 3360 3359
3 3413 3359 3412
3 3471 3413 3412
3 3471 3412 3470
3 3530 3471 3470
3 3530 3470 3529
3 3585 3530 3529
3 3585 3529 3584
3 3637 3585 3584
3 3637 3584 3636
3 3695 3637 3636
3 3695 3636 3694
3 3745 3695 3694
3 3745 3694 3744
3 3807 3745 3744
3 3807 3744 3806
3 3859 3807 3806
3 3859 3806 3858
3 3909 3859 3858
3 3909 3858 3908
3 3959 3909 3908
3 3959 3908 3958
3 4012 3959 3958
3 4012 3958 4011
3 11136 11082 11024
3 11194 11136 11024
3 11250 11194 11024
3 11322 11250 11024
3 11382 11322 11024
3 11442 11382 11024
3 11502 11442 11024
3 11572 11502 11024
3 11622 11572 11024
3 11672 11622 11024
3 11772 11672 11024
3 11875 11772 11024
3 11978 11875 11024
3 12078 11978 11024
3 12178 12078 11024
3 12128 12178 11024
3 12028 12128 11024
3 11928 12028 11024
3 11825 11928 11024
3 10394 10444 10493
3 10346 10394 10493
3 10295 10346 10493
3 10245 10295 10493
3 10180 10245 10493
3 10118 10180 10493
3 10039 10118 10493
3 9959 10039 10493
3 9882 9959 10493
3 9819 9882 10493
3 9750 9819 10493
3 9686 9750 10493
3 9617 9686 10493
3 9558 9617 10493
3 9498 9558 10493
3 9440 9498 10493
3 9372 9440 10493
3 9288 9372 10493
3 2391 2457 2508
3 2316 2391 2508
3 2231 2316 2508
3 2118 2231 2508
3 2061 2118 2508
3 2005 2061 2508
3 1935 2005 2508
3 1886 1935 2508
3 1825 1886 2508
3 1776 1825 2508
3 1721 1776 2508
3 1623 1721 2508
3 1525 1623 2508
3 1427 1525 2508
3 1378 1427 2508
3 1476 1378 2508
3 1574 1476 2508
3 3160 3112 3060
3 3208 3160 3060
3 3256 3208 3060
3 3304 3256 3060
3 3360 3304 3060
3 3413 3360 3060
3 3471 3413 3060
3 3530 3471 3060
3 3585 3530 3060
3 3637 3585 3060
3 3695 3637 3060
3 3745 3695 3060
3 3807 3745 3060
3 3859 3807 3060
3 3909 3859 3060
3 3959 3909 3060
3 4012 3959 3060
3 1574 2508 8592
3 8592 8493 8819
3 1672 1574 8592
3 3060 1672 8592
3 4012 3060 8592
3 4065 4012 8592
3 11024 4065 8592
3 11825 11024 8592
3 11722 11825 8592
3 10493 11722 8592
3 9220 9288 10493
3 8918 9220 10493
3 8592 8819 8918
3 10493 8592 8918
3 11138 11084 11026
3 11196 11138 11026
3 11252 11196 11026
3 11324 11252 11026
3 11384 11324 11026
3 11444 11384 11026
3 11504 11444 11026
3 11574 11504 11026
3 11624 11574 11026
3 11674 11624 11026
3 11774 11674 11026
3 11877 11774 11026
3 11980 11877 11026
3 12080 11980 11026
3 12180 12080 11026
3 12130 12180 11026
3 12030 12130 11026
3 11930 12030 11026
3 11827 11930 11026
3 10396 10446 10495
3 10348 10396 10495
3 10297 10348 10495
3 10247 10297 10495
3 10182 10247 10495
3 10120 10182 10495
3 10041 10120 10495
3 9961 10041 10495
3 9884 9961 10495
3 9821 9884 10495
3 9752 9821 10495
3 9688 9752 10495
3 9619 9688 10495
3 9560 9619 10495
3 9500 9560 10495
3 9442 9500 10495
3 9374 9442 10495
3 9290 9374 10495
3 2393 2459 2510
3 2318 2393 2510
3 2233 2318 2510
3 2120 2233 2510
3 2063 2120 2510
3 2007 2063 2510
3 1937 2007 2510
3 1888 1937 2510
3 1827 1888 2510
3 1778 1827 2510
3 1723 1778 2510
3 1625 1723 2510
3 1527 1625 2510
3 1429 1527 2510
3 1380 1429 2510
3 1478 1380 2510
3 1576 1478 2510
3 3162 3114 3062
3 3210 3162 3062
3 3258 3210 3062
3 3306 3258 3062
3 3362 3306 3062
3 3415 3362 3062
3 3473 3415 3062
3 3532 3473 3062
3 3587 3532 3062
3 3639 3587 3062
3 3697 3639 3062
3 3747 3697 3062
3 3809 3747 3062
3 3861 3809 3062
3 3911 3861 3062
3 3961 3911 3062
3 4014 3961 3062
3 1576 2510 8596
3 8596 8497 8825
3 1674 1576 8596
3 3062 1674 8596
3 4014 3062 8596
3 4067 4014 8596
3 11026 4067 8596
3 11827 11026 8596
3 11724 11827 8596
3 10495 11724 8596
3 9222 9290 10495
3 8920 9222 10495
3 8596 8825 8920
3 10495 8596 8920
3 4068 4015 4014
3 4068 4014 4067
3 11027 4068 4067
3 11027 4067 11026
3 11085 11027 11026
3 11085 11026 11084
3 11139 11085 11084
3 11139 11084 11138
3 11197 11139 11138
3 11197 11138 11196
3 11253 11197 11196
3 11253 11196 11252
3 11325 11253 11252
3 11325 11252 11324
3 11385 11325 11324
3 11385 11324 11384
3 11445 11385 11384
3 11445 11384 11444
3 11505 11445 11444
3 11505 11444 11504
3 11575 11505 11504
3 11575 11504 11574
3 11625 11575 11574
3 11625 11574 11624
3 11675 11625 11624
3 11675 11624 11674
3 11775 11675 11674
3 11775 11674 11774
3 11878 11775 11774
3 11878 11774 11877
3 11981 11878 11877
3 11981 11877 11980
3 12081 11981 11980
3 12081 11980 12080
3 12181 12081 12080
3 12181 12080 12180
3 12131 12181 12180
3 12131 12180 12130
3 12031 12131 12130
3 12031 12130 12030
3 11931 12031 12030
3 11931 12030 11930
3 11828 11931 11930
3 11828 11930 11827
3 11725 11828 11827
3 11725 11827 11724
3 10496 11725 11724
3 10496 11724 10495
3 10447 10496 10495
3 10447 10495 10446
3 10397 10447 10446
3 10397 10446 10396
3 10349 10397 10396
3 10349 10396 10348
3 10298 10349 10348
3 10298 10348 10297
3 10248 10298 10297
3 10248 10297 10247
3 10183 10248 10247
3 10183 10247 10182
3 10121 10183 10182
3 10121 10182 10120
3 10121 10120 10041
3 10042 10121 10041
3 10042 10041 9961
3 9962 10042 9961
3 9962 9961 9884
3 9885 9962 9884
3 9885 9884 9821
3 9822 9885 9821
3 9822 9821 9752
3 9753 9822 9752
3 9753 9752 9688
3 9689 9753 9688
3 9689 9688 9619
3 9620 9689 9619
3 9620 9619 9560
3 9561 9620 9560
3 9561 9560 9500
3 9501 9561 9500
3 9501 9500 9442
3 9443 9501 9442
3 9443 9442 9374
3 9375 9443 9374
3 9375 9374 9290
3 9291 9375 9290
3 9291 9290 9222
3 9223 9291 9222
3 9223 9222 8920
3 8921 9223 8920
3 8828 8921 8920
3 8828 8920 8825
3 8828 8825 8497
3 8499 8828 8497
3 8499 8497 8596
3 8598 8499 8596
3 8598 8596 2510
3 2511 8598 2510
3 2460 2511 2510
3 2460 2510 2459
3 2460 2459 2393
3 2394 2460 2393
3 2394 2393 2318
3 2319 2394 2318
3 2319 2318 2233
3 2234 2319 2233
3 2234 2233 2120
3 2121 2234 2120
3 2121 2120 2063
3 2064 2121 2063
3 2064 2063 2007
3 2008 2064 2007
3 2008 2007 1937
3 1938 2008 1937
3 1938 1937 1888
3 1889 1938 1888
3 1889 1888 1827
3 1828 1889 1827
3 1828 1827 1778
3 1779 1828 1778
3 1779 1778 1723
3 1724 1779 1723
3 1724 1723 1625
3 1626 1724 1625
3 1626 1625 1527
3 1528 1626 1527
3 1528 1527 1429
3 1430 1528 1429
3 1430 1429 1380
3 1381 1430 1380
3 1381 1380 1478
3 1479 1381 1478
3 1479 1478 1576
3 1577 1479 1576
3 1577 1576 1674
3 1675 1577 1674
3 1675 1674 3062
3 3063 1675 3062
3 3063 3062 3114
3 3115 3063 3114
3 3115 3114 3162
3 3163 3115 3162
3 3163 3162 3210
3 3211 3163 3210
3 3211 3210 3258
3 3259 3211 3258
3 3259 3258 3306
3 3307 3259 3306
3 3307 3306 3362
3 3363 3307 3362
3 3416 3363 3362
3 3416 3362 3415
3 3474 3416 3415
3 3474 3415 3473
3 3533 3474 3473
3 3533 3473 3532
3 3588 3533 3532
3 3588 3532 3587
3 3640 3588 3587
3 3640 3587 3639
3 3698 3640 3639
3 3698 3639 3697
3 3748 3698 3697
3 3748 3697 3747
3 3810 3748 3747
3 3810 3747 3809
3 3862 3810 3809
3 3862 3809 3861
3 3912 3862 3861
3 3912 3861 3911
3 3962 3912 3911
3 3962 3911 3961
3 4015 3962 3961
3 4015 3961 4014
3 11139 11085 11027
3 11197 11139 11027
3 11253 11197 11027
3 11325 11253 11027
3 11385 11325 11027
3 11445 11385 11027
3 11505 11445 11027
3 11575 11505 11027
3 11625 11575 11027
3 11675 11625 11027
3 11775 11675 11027
3 11878 11775 11027
3 11981 11878 11027
3 12081 11981 11027
3 12181 12081 11027
3 12131 12181 11027
3 12031 12131 11027
3 11931 12031 11027
3 11828 11931 11027
3 10397 10447 10496
3 10349 10397 10496
3 10298 10349 10496
3 10248 10298 10496
3 10183 10248 10496
3 10121 10183 10496
3 10042 10121 10496
3 9962 10042 10496
3 9885 9962 10496
3 9822 9885 10496
3 9753 9822 10496
3 9689 9753 10496
3 9620 9689 10496
3 9561 9620 10496
3 9501 9561 10496
3 9443 9501 10496
3 9375 9443 10496
3 9291 9375 10496
3 2394 2460 2511
3 2319 2394 2511
3 2234 2319 2511
3 2121 2234 2511
3 2064 2121 2511
3 2008 2064 2511
3 1938 2008 2511
3 1889 1938 2511
3 1828 1889 2511
3 1779 1828 2511
3 1724 1779 2511
3 1626 1724 2511
3 1528 1626 2511
3 1430 1528 2511
3 1381 1430 2511
3 1479 1381 2511
3 1577 1479 2511
3 3163 3115 3063
3 3211 3163 3063
3 3259 3211 3063
3 3307 3259 3063
3 3363 3307 3063
3 3416 3363 3063
3 3474 3416 3063
3 3533 3474 3063
3 3588 3533 3063
3 3640 3588 3063
3 3698 3640 3063
3 3748 3698 3063
3 3810 3748 3063
3 3862 3810 3063
3 3912 3862 3063
3 3962 3912 3063
3 4015 3962 3063
3 1577 2511 8598
3 8598 8499 8828
3 1675 1577 8598
3 3063 1675 8598
3 4015 3063 8598
3 4068 4015 8598
3 11027 4068 8598
3 11828 11027 8598
3 11725 11828 8598
3 10496 11725 8598
3 9223 9291 10496
3 8921 9223 10496
3 8598 8828 8921
3 10496 8598 8921
3 11139 11085 11027
3 11197 11139 11027
3 11253 11197 11027
3 11325 11253 11027
3 11385 11325 11027
3 11445 11385 11027
3 11505 11445 11027
3 11575 11505 11027
3 11625 11575 11027
3 11675 11625 11027
3 11775 11675 11027
3 11878 11775 11027
3 11981 11878 11027
3 12081 11981 11027
3 12181 12081 11027
3 12131 12181 11027
3 12031 12131 11027
3 11931 12031 11027
3 11828 11931 11027
3 10397 10447 10496
3 10349 10397 10496
3 10298 10349 10496
3 10248 10298 10496
3 10183 10248 10496
3 10121 10183 10496
3 10042 10121 10496
3 9962 10042 10496
3 9885 9962 10496
3 9822 9885 10496
3 9753 9822 10496
3 9689 9753 10496
3 9620 9689 10496
3 9561 9620 10496
3 9501 9561 10496
3 9443 9501 10496
3 9375 9443 10496
3 9291 9375 10496
3 2394 2460 2511
3 2319 2394 2511
3 2234 2319 2511
3 2121 2234 2511
3 2064 2121 2511
3 2008 2064 2511
3 1938 2008 2511
3 1889 1938 2511
3 1828 1889 2511
3 1779 1828 2511
3 1724 1779 2511
3 1626 1724 2511
3 1528 1626 2511
3 1430 1528 2511
3 1381 1430 2511
3 1479 1381 2511
3 1577 1479 2511
3 3163 3115 3063
3 3211 3163 3063
3 3259 3211 3063
3 3307 3259 3063
3 3363 3307 3063
3 3416 3363 3063
3 3474 3416 3063
3 3533 3474 3063
3 3588 3533 3063
3 3640 3588 3063
3 3698 3640 3063
3 3748 3698 3063
3 3810 3748 3063
3 3862 3810 3063
3 3912 3862 3063
3 3962 3912 3063
3 4015 3962 3063
3 1577 2511 8598
3 8598 8499 8828
3 1675 1577 8598
3 3063 1675 8598
3 4015 3063 8598
3 4068 4015 8598
3 11027 4068 8598
3 11828 11027 8598
3 11725 11828 8598
3 10496 11725 8598
3 9223 9291 10496
3 8921 9223 10496
3 8598 8828 8921
3 10496 8598 8921
3 4069 4016 4015
3 4069 4015 4068
3 11028 4069 4068
3 11028 4068 11027
3 11086 11028 11027
3 11086 11027 11085
3 11140 11086 11085
3 11140 11085 11139
3 11198 11140 11139
3 11198 11139 11197
3 11254 11198 11197
3 11254 11197 11253
3 11326 11254 11253
3 11326 11253 11325
3 11386 11326 11325
3 11386 11325 11385
3 11446 11386 11385
3 11446 11385 11445
3 11506 11446 11445
3 11506 11445 11505
3 11576 11506 11505
3 11576 11505 11575
3 11626 11576 11575
3 11626 11575 11625
3 11676 11626 11625
3 11676 11625 11675
3 11776 11676 11675
3 11776 11675 11775
3 11879 11776 11775
3 11879 11775 11878
3 11982 11879 11878
3 11982 11878 11981
3 12082 11982 11981
3 12082 11981 12081
3 12182 12082 12081
3 12182 12081 12181
3 12132 12182 12181
3 12132 12181 12131
3 12032 12132 12131
3 12032 12131 12031
3 11932 12032 12031
3 11932 12031 11931
3 11829 11932 11931
3 11829 11931 11828
3 11726 11829 11828
3 11726 11828 11725
3 10497 11726 11725
3 10497 11725 10496
3 10448 10497 10496
3 10448 10496 10447
3 10398 10448 10447
3 10398 10447 10397
3 10350 10398 10397
3 10350 10397 10349
3 10299 10350 10349
3 10299 10349 10298
3 10249 10299 10298
3 10249 10298 10248
3 10184 10249 10248
3 10184 10248 10183
3 10122 10184 10183
3 10122 10183 10121
3 10122 10121 10042
3 10043 10122 10042
3 10043 10042 9962
3 9963 10043 9962
3 9963 9962 9885
3 9886 9963 9885
3 9886 9885 9822
3 9823 9886 9822
3 9823 9822 9753
3 9754 9823 9753
3 9754 9753 9689
3 9690 9754 9689
3 9690 9689 9620
3 9621 9690 9620
3 9621 9620 9561
3 9562 9621 9561
3 9562 9561 9501
3 9502 9562 9501
3 9502 9501 9443
3 9444 9502 9443
3 9444 9443 9375
3 9376 9444 9375
3 9376 9375 9291
3 9292 9376 9291
3 9292 9291 9223
3 9224 9292 9223
3 9224 9223 8921
3 8922 9224 8921
3 8831 8922 8921
3 8831 8921 8828
3 8831 8828 8499
3 8501 8831 8499
3 8501 8499 8598
3 8600 8501 8598
3 8600 8598 2511
3 2512 8600 2511
3 2461 2512 2511
3 2461 2511 2460
3 2461 2460 2394
3 2395 2461 2394
3 2395 2394 2319
3 2320 2395 2319
3 2320 2319 2234
3 2235 2320 2234
3 2235 2234 2121
3 2122 2235 2121
3 2122 2121 2064
3 2065 2122 2064
3 2065 2064 2008
3 2009 2065 2008
3 2009 2008 1938
3 1939 2009 1938
3 1939 1938 1889
3 1890 1939 1889
3 1890 1889 1828
3 1829 1890 1828
3 1829 1828 1779
3 1780 1829 1779
3 1780 1779 1724
3 1725 1780 1724
3 1725 1724 1626
3 1627 1725 1626
3 1627 1626 1528
3 1529 1627 1528
3 1529 1528 1430
3 1431 1529 1430
3 1431 1430 1381
3 1382 1431 1381
3 1382 1381 1479
3 1480 1382 1479
3 1480 1479 1577
3 1578 1480 1577
3 1578 1577 1675
3 1676 1578 1675
3 1676 1675 3063
3 3064 1676 3063
3 3064 3063 3115
3 3116 3064 3115
3 3116 3115 3163
3 3164 3116 3163
3 3164 3163 3211
3 3212 3164 3211
3 3212 3211 3259
3 3260 3212 3259
3 3260 3259 3307
3 3308 3260 3307
3 3308 3307 3363
3 3364 3308 3363
3 3417 3364 3363
3 3417 3363 3416
3 3475 3417 3416
3 3475 3416 3474
3 3534 3475 3474
3 3534 3474 3533
3 3589 3534 3533
3 3589 3533 3588
3 3641 3589 3588
3 3641 3588 3640
3 3699 3641 3640
3 3699 3640 3698
3 3749 3699 3698
3 3749 3698 3748
3 3811 3749 3748
3 3811 3748 3810
3 3863 3811 3810
3 3863 3810 3862
3 3913 3863 3862
3 3913 3862 3912
3 3963 3913 3912
3 3963 3912 3962
3 4016 3963 3962
3 4016 3962 4015
3 11140 11086 11028
3 11198 11140 11028
3 11254 11198 11028
3 11326 11254 11028
3 11386 11326 11028
3 11446 11386 11028
3 11506 11446 11028
3 11576 11506 11028
3 11626 11576 11028
3 11676 11626 11028
3 11776 11676 11028
3 11879 11776 11028
3 11982 11879 11028
3 12082 11982 11028
3 12182 12082 11028
3 12132 12182 11028
3 12032 12132 11028
3 11932 12032 11028
3 11829 11932 11028
3 10398 10448 10497
3 10350 10398 10497
3 10299 10350 10497
3 10249 10299 10497
3 10184 10249 10497
3 10122 10184 10497
3 10043 10122 10497
3 9963 10043 10497
3 9886 9963 10497
3 9823 9886 10497
3 9754 9823 10497
3 9690 9754 10497
3 9621 9690 10497
3 9562 9621 10497
3 9502 9562 10497
3 9444 9502 10497
3 9376 9444 10497
3 9292 9376 10497
3 2395 2461 2512
3 2320 2395 2512
3 2235 2320 2512
3 2122 2235 2512
3 2065 2122 2512
3 2009 2065 2512
3 1939 2009 2512
3 1890 1939 2512
3 1829 1890 2512
3 1780 1829 2512
3 1725 1780 2512
3 1627 1725 2512
3 1529 1627 2512
3 1431 1529 2512
3 1382 1431 2512
3 1480 1382 2512
3 1578 1480 2512
3 3164 3116 3064
3 3212 3164 3064
3 3260 3212 3064
3 3308 3260 3064
3 3364 3308 3064
3 3417 3364 3064
3 3475 3417 3064
3 3534 3475 3064
3 3589 3534 3064
3 3641 3589 3064
3 3699 3641 3064
3 3749 3699 3064
3 3811 3749 3064
3 3863 3811 3064
3 3913 3863 3064
3 3963 3913 3064
3 4016 3963 3064
3 1578 2512 8600
3 8600 8501 8831
3 1676 1578 8600
3 3064 1676 8600
3 4016 3064 8600
3 4069 4016 8600
3 11028 4069 8600
3 11829 11028 8600
3 11726 11829 8600
3 10497 11726 8600
3 9224 9292 10497
3 8922 9224 10497
3 8600 8831 8922
3 10497 8600 8922
3 11140 11086 11028
3 11198 11140 11028
3 11254 11198 11028
3 11326 11254 11028
3 11386 11326 11028
3 11446 11386 11028
3 11506 11446 11028
3 11576 11506 11028
3 11626 11576 11028
3 11676 11626 11028
3 11776 11676 11028
3 11879 11776 11028
3 11982 11879 11028
3 12082 11982 11028
3 12182 12082 11028
3 12132 12182 11028
3 12032 12132 11028
3 11932 12032 11028
3 11829 11932 11028
3 10398 10448 10497
3 10350 10398 10497
3 10299 10350 10497
3 10249 10299 10497
3 10184 10249 10497
3 10122 10184 10497
3 10043 10122 10497
3 9963 10043 10497
3 9886 9963 10497
3 9823 9886 10497
3 9754 9823 10497
3 9690 9754 10497
3 9621 9690 10497
3 9562 9621 10497
3 9502 9562 10497
3 9444 9502 10497
3 9376 9444 10497
3 9292 9376 10497
3 2395 2461 2512
3 2320 2395 2512
3 2235 2320 2512
3 2122 2235 2512
3 2065 2122 2512
3 2009 2065 2512
3 1939 2009 2512
3 1890 1939 2512
3 1829 1890 2512
3 1780 1829 2512
3 1725 1780 2512
3 1627 1725 2512
3 1529 1627 2512
3 1431 1529 2512
3 1382 1431 2512
3 1480 1382 2512
3 1578 1480 2512
3 3164 3116 3064
3 3212 3164 3064
3 3260 3212 3064
3 3308 3260 3064
3 3364 3308 3064
3 3417 3364 3064
3 3475 3417 3064
3 3534 3475 3064
3 3589 3534 3064
3 3641 3589 3064
3 3699 3641 3064
3 3749 3699 3064
3 3811 3749 3064
3 3863 3811 3064
3 3913 3863 3064
3 3963 3913 3064
3 4016 3963 3064
3 1578 2512 8600
3 8600 8501 8831
3 1676 1578 8600
3 3064 1676 8600
3 4016 3064 8600
3 4069 4016 8600
3 11028 4069 8600
3 11829 11028 8600
3 11726 11829 8600
3 10497 11726 8600
3 9224 9292 10497
3 8922 9224 10497
3 8600 8831 8922
3 10497 8600 8922
3 4070 4017 4016
3 4070 4016 4069
3 11029 4070 4069
3 11029 4069 11028
3 11087 11029 11028
3 11087 11028 11086
3 11141 11087 11086
3 11141 11086 11140
3 11199 11141 11140
3 11199 11140 11198
3 11255 11199 11198
3 11255 11198 11254
3 11327 11255 11254
3 11327 11254 11326
3 11387 11327 11326
3 11387 11326 11386
3 11447 11387 11386
3 11447 11386 11446
3 11507 11447 11446
3 11507 11446 11506
3 11577 11507 11506
3 11577 11506 11576
3 11627 11577 11576
3 11627 11576 11626
3 11677 11627 11626
3 11677 11626 11676
3 11777 11677 11676
3 11777 11676 11776
3 11880 11777 11776
3 11880 11776 11879
3 11983 11880 11879
3 11983 11879 11982
3 12083 11983 11982
3 12083 11982 12082
3 12183 12083 12082
3 12183 12082 12182
3 12133 12183 12182
3 12133 12182 12132
3 12033 12133 12132
3 12033 12132 12032
3 11933 12033 12032
3 11933 12032 11932
3 11830 11933 11932
3 11830 11932 11829
3 11727 11830 11829
3 11727 11829 11726
3 10498 11727 11726
3 10498 11726 10497
3 10449 10498 10497
3 10449 10497 10448
3 10399 10449 10448
3 10399 10448 10398
3 10351 10399 10398
3 10351 10398 10350
3 10300 10351 10350
3 10300 10350 10299
3 10250 10300 10299
3 10250 10299 10249
3 10185 10250 10249
3 10185 10249 10184
3 10123 10185 10184
3 10123 10184 10122
3 10123 10122 10043
3 10044 10123 10043
3 10044 10043 9963
3 9964 10044 9963
3 9964 9963 9886
3 9887 9964 9886
3 9887 9886 9823
3 9824 9887 9823
3 9824 9823 9754
3 9755 9824 9754
3 9755 9754 9690
3 9691 9755 9690
3 9691 9690 9621
3 9622 9691 9621
3 9622 9621 9562
3 9563 9622 9562
3 9563 9562 9502
3 9503 9563 9502
3 9503 9502 9444
3 9445 9503 9444
3 9445 9444 9376
3 9377 9445 9376
3 9377 9376 9292
3 9293 9377 9292
3 9293 9292 9224
3 9225 9293 9224
3 9225 9224 8922
3 8923 9225 8922
3 8834 8923 8922
3 8834 8922 8831
3 8834 8831 8501
3 8503 8834 8501
3 8503 8501 8600
3 8602 8503 8600
3 8602 8600 2512
3 2513 8602 2512
3 2462 2513 2512
3 2462 2512 2461
3 2462 2461 2395
3 2396 2462 2395
3 2396 2395 2320
3 2321 2396 2320
3 2321 2320 2235
3 2236 2321 2235
3 2236 2235 2122
3 2123 2236 2122
3 2123 2122 2065
3 2066 2123 2065
3 2066 2065 2009
3 2010 2066 2009
3 2010 2009 1939
3 1940 2010 1939
3 1940 1939 1890
3 1891 1940 1890
3 1891 1890 1829
3 1830 1891 1829
3 1830 1829 1780
3 1781 1830 1780
3 1781 1780 1725
3 1726 1781 1725
3 1726 1725 1627
3 1628 1726 1627
3 1628 1627 1529
3 1530 1628 1529
3 1530 1529 1431
3 1432 1530 1431
3 1432 1431 1382
3 1383 1432 1382
3 1383 1382 1480
3 1481 1383 1480
3 1481 1480 1578
3 1579 1481 1578
3 1579 1578 1676
3 1677 1579 1676
3 1677 1676 3064
3 3065 1677 3064
3 3065 3064 3116
3 3117 3065 3116
3 3117 3116 3164
3 3165 3117 3164
3 3165 3164 3212
3 3213 3165 3212
3 3213 3212 3260
3 3261 3213 3260
3 3261 3260 3308
3 3309 3261 3308
3 3309 3308 3364
3 3365 3309 3364
3 3418 3365 3364
3 3418 3364 3417
3 3476 3418 3417
3 3476 3417 3475
3 3535 3476 3475
3 3535 3475 3534
3 3590 3535 3534
3 3590 3534 3589
3 3642 3590 3589
3 3642 3589 3641
3 3700 3642 3641
3 3700 3641 3699
3 3750 3700 3699
3 3750 3699 3749
3 3812 3750 3749
3 3812 3749 3811
3 3864 3812 3811
3 3864 3811 3863
3 3914 3864 3863
3 3914 3863 3913
3 3964 3914 3913
3 3964 3913 3963
3 4017 3964 3963
3 4017 3963 4016
3 11141 11087 11029
3 11199 11141 11029
3 11255 11199 11029
3 11327 11255 11029
3 11387 11327 11029
3 11447 11387 11029
3 11507 11447 11029
3 11577 11507 11029
3 11627 11577 11029
3 11677 11627 11029
3 11777 11677 11029
3 11880 11777 11029
3 11983 11880 11029
3 12083 11983 11029
3 12183 12083 11029
3 12133 12183 11029
3 12033 12133 11029
3 11933 12033 11029
3 11830 11933 11029
3 10399 10449 10498
3 10351 10399 10498
3 10300 10351 10498
3 10250 10300 10498
3 10185 10250 10498
3 10123 10185 10498
3 10044 10123 10498
3 9964 10044 10498
3 9887 9964 10498
3 9824 9887 10498
3 9755 9824 10498
3 9691 9755 10498
3 9622 9691 10498
3 9563 9622 10498
3 9503 9563 10498
3 9445 9503 10498
3 9377 9445 10498
3 9293 9377 10498
3 2396 2462 2513
3 2321 2396 2513
3 2236 2321 2513
3 2123 2236 2513
3 2066 2123 2513
3 2010 2066 2513
3 1940 2010 2513
3 1891 1940 2513
3 1830 1891 2513
3 1781 1830 2513
3 1726 1781 2513
3 1628 1726 2513
3 1530 1628 2513
3 1432 1530 2513
3 1383 1432 2513
3 1481 1383 2513
3 1579 1481 2513
3 3165 3117 3065
3 3213 3165 3065
3 3261 3213 3065
3 3309 3261 3065
3 3365 3309 3065
3 3418 3365 3065
3 3476 3418 3065
3 3535 3476 3065
3 3590 3535 3065
3 3642 3590 3065
3 3700 3642 3065
3 3750 3700 3065
3 3812 3750 3065
3 3864 3812 3065
3 3914 3864 3065
3 3964 3914 3065
3 4017 3964 3065
3 1579 2513 8602
3 8602 8503 8834
3 1677 1579 8602
3 3065 1677 8602
3 4017 3065 8602
3 4070 4017 8602
3 11029 4070 8602
3 11830 11029 8602
3 11727 11830 8602
3 10498 11727 8602
3 9225 9293 10498
3 8923 9225 10498
3 8602 8834 8923
3 10498 8602 8923
3 11141 11087 11029
3 11199 11141 11029
3 11255 11199 11029
3 11327 11255 11029
3 11387 11327 11029
3 11447 11387 11029
3 11507 11447 11029
3 11577 11507 11029
3 11627 11577 11029
3 11677 11627 11029
3 11777 11677 11029
3 11880 11777 11029
3 11983 11880 11029
3 12083 11983 11029
3 12183 12083 11029
3 12133 12183 11029
3 12033 12133 11029
3 11933 12033 11029
3 11830 11933 11029
3 10399 10449 10498
3 10351 10399 10498
3 10300 10351 10498
3 10250 10300 10498
3 10185 10250 10498
3 10123 10185 10498
3 10044 10123 10498
3 9964 10044 10498
3 9887 9964 10498
3 9824 9887 10498
3 9755 9824 10498
3 9691 9755 10498
3 9622 9691 10498
3 9563 9622 10498
3 9503 9563 10498
3 9445 9503 10498
3 9377 9445 10498
3 9293 9377 10498
3 2396 2462 2513
3 2321 2396 2513
3 2236 2321 2513
3 2123 2236 2513
3 2066 2123 2513
3 2010 2066 2513
3 1940 2010 2513
3 1891 1940 2513
3 1830 1891 2513
3 1781 1830 2513
3 1726 1781 2513
3 1628 1726 2513
3 1530 1628 2513
3 1432 1530 2513
3 1383 1432 2513
3 1481 1383 2513
3 1579 1481 2513
3 3165 3117 3065
3 3213 3165 3065
3 3261 3213 3065
3 3309 3261 3065
3 3365 3309 3065
3 3418 3365 3065
3 3476 3418 3065
3 3535 3476 3065
3 3590 3535 3065
3 3642 3590 3065
3 3700 3642 3065
3 3750 3700 3065
3 3812 3750 3065
3 3864 3812 3065
3 3914 3864 3065
3 3964 3914 3065
3 4017 3964 3065
3 1579 2513 8602
3 8602 8503 8834
3 1677 1579 8602
3 3065 1677 8602
3 4017 3065 8602
3 4070 4017 8602
3 11029 4070 8602
3 11830 11029 8602
3 11727 11830 8602
3 10498 11727 8602
3 9225 9293 10498
3 8923 9225 10498
3 8602 8834 8923
3 10498 8602 8923
3 4071 4018 4017
3 4071 4017 4070
3 11030 4071 4070
3 11030 4070 11029
3 11088 11030 11029
3 11088 11029 11087
3 11142 11088 11087
3 11142 11087 11141
3 11200 11142 11141
3 11200 11141 11199
3 11256 11200 11199
3 11256 11199 11255
3 11328 11256 11255
3 11328 11255 11327
3 11388 11328 11327
3 11388 11327 11387
3 11448 11388 11387
3 11448 11387 11447
3 11508 11448 11447
3 11508 11447 11507
3 11578 11508 11507
3 11578 11507 11577
3 11628 11578 11577
3 11628 11577 11627
3 11678 11628 11627
3 11678 11627 11677
3 11778 11678 11677
3 11778 11677 11777
3 11881 11778 11777
3 11881 11777 11880
3 11984 11881 11880
3 11984 11880 11983
3 12084 11984 11983
3 12084 11983 12083
3 12184 12084 12083
3 12184 12083 12183
3 12134 12184 12183
3 12134 12183 12133
3 12034 12134 12133
3 12034 12133 12033
3 11934 12034 12033
3 11934 12033 11933
3 11831 11934 11933
3 11831 11933 11830
3 11728 11831 11830
3 11728 11830 11727
3 10499 11728 11727
3 10499 11727 10498
3 10450 10499 10498
3 10450 10498 10449
3 10400 10450 10449
3 10400 10449 10399
3 10352 10400 10399
3 10352 10399 10351
3 10301 10352 10351
3 10301 10351 10300
3 10251 10301 10300
3 10251 10300 10250
3 10186 10251 10250
3 10186 10250 10185
3 10124 10186 10185
3 10124 10185 10123
3 10124 10123 10044
3 10045 10124 10044
3 10045 10044 9964
3 9965 10045 9964
3 9965 9964 9887
3 9888 9965 9887
3 9888 9887 9824
3 9825 9888 9824
3 9825 9824 9755
3 9756 9825 9755
3 9756 9755 9691
3 9692 9756 9691
3 9692 9691 9622
3 9623 9692 9622
3 9623 9622 9563
3 9564 9623 9563
3 9564 9563 9503
3 9504 9564 9503
3 9504 9503 9445
3 9446 9504 9445
3 9446 9445 9377
3 9378 9446 9377
3 9378 9377 9293
3 9294 9378 9293
3 9294 9293 9225
3 9226 9294 9225
3 9226 9225 8923
3 8924 9226 8923
3 8837 8924 8923
3 8837 8923 8834
3 8837 8834 8503
3 8505 8837 8503
3 8505 8503 8602
3 8604 8505 8602
3 8604 8602 2513
3 2514 8604 2513
3 2463 2514 2513
3 2463 2513 2462
3 2463 2462 2396
3 2397 2463 2396
3 2397 2396 2321
3 2322 2397 2321
3 2322 2321 2236
3 2237 2322 2236
3 2237 2236 2123
3 2124 2237 2123
3 2124 2123 2066
3 2067 2124 2066
3 2067 2066 2010
3 2011 2067 2010
3 2011 2010 1940
3 1941 2011 1940
3 1941 1940 1891
3 1892 1941 1891
3 1892 1891 1830
3 1831 1892 1830
3 1831 1830 1781
3 1782 1831 1781
3 1782 1781 1726
3 1727 1782 1726
3 1727 1726 1628
3 1629 1727 1628
3 1629 1628 1530
3 1531 1629 1530
3 1531 1530 1432
3 1433 1531 1432
3 1433 1432 1383
3 1384 1433 1383
3 1384 1383 1481
3 1482 1384 1481
3 1482 1481 1579
3 1580 1482 1579
3 1580 1579 1677
3 1678 1580 1677
3 1678 1677 3065
3 3066 1678 3065
3 3066 3065 3117
3 3118 3066 3117
3 3118 3117 3165
3 3166 3118 3165
3 3166 3165 3213
3 3214 3166 3213
3 3214 3213 3261
3 3262 3214 3261
3 3262 3261 3309
3 3310 3262 3309
3 3310 3309 3365
3 3366 3310 3365
3 3419 3366 3365
3 3419 3365 3418
3 3477 3419 3418
3 3477 3418 3476
3 3536 3477 3476
3 3536 3476 3535
3 3591 3536 3535
3 3591 3535 3590
3 3643 3591 3590
3 3643 3590 3642
3 3701 3643 3642
3 3701 3642 3700
3 3751 3701 3700
3 3751 3700 3750
3 3813 3751 3750
3 3813 3750 3812
3 3865 3813 3812
3 3865 3812 3864
3 3915 3865 3864
3 3915 3864 3914
3 3965 3915 3914
3 3965 3914 3964
3 4018 3965 3964
3 4018 3964 4017
3 11142 11088 11030
3 11200 11142 11030
3 11256 11200 11030
3 11328 11256 11030
3 11388 11328 11030
3 11448 11388 11030
3 11508 11448 11030
3 11578 11508 11030
3 11628 11578 11030
3 11678 11628 11030
3 11778 11678 11030
3 11881 11778 11030
3 11984 11881 11030
3 12084 11984 11030
3 12184 12084 11030
3 12134 12184 11030
3 12034 12134 11030
3 11934 12034 11030
3 11831 11934 11030
3 10400 10450 10499
3 10352 10400 10499
3 10301 10352 10499
3 10251 10301 10499
3 10186 10251 10499
3 10124 10186 10499
3 10045 10124 10499
3 9965 10045 10499
3 9888 9965 10499
3 9825 9888 10499
3 9756 9825 10499
3 9692 9756 10499
3 9623 9692 10499
3 9564 9623 10499
3 9504 9564 10499
3 9446 9504 10499
3 9378 9446 10499
3 9294 9378 10499
3 2397 2463 2514
3 2322 2397 2514
3 2237 2322 2514
3 2124 2237 2514
3 2067 2124 2514
3 2011 2067 2514
3 1941 2011 2514
3 1892 1941 2514
3 1831 1892 2514
3 1782 1831 2514
3 1727 1782 2514
3 1629 1727 2514
3 1531 1629 2514
3 1433 1531 2514
3 1384 1433 2514
3 1482 1384 2514
3 1580 1482 2514
3 3166 3118 3066
3 3214 3166 3066
3 3262 3214 3066
3 3310 3262 3066
3 3366 3310 3066
3 3419 3366 3066
3 3477 3419 3066
3 3536 3477 3066
3 3591 3536 3066
3 3643 3591 3066
3 3701 3643 3066
3 3751 3701 3066
3 3813 3751 3066
3 3865 3813 3066
3 3915 3865 3066
3 3965 3915 3066
3 4018 3965 3066
3 1580 2514 8604
3 8604 8505 8837
3 1678 1580 8604
3 3066 1678 8604
3 4018 3066 8604
3 4071 4018 8604
3 11030 4071 8604
3 11831 11030 8604
3 11728 11831 8604
3 10499 11728 8604
3 9226 9294 10499
3 8924 9226 10499
3 8604 8837 8924
3 10499 8604 8924
3 11142 11088 11030
3 11200 11142 11030
3 11256 11200 11030
3 11328 11256 11030
3 11388 11328 11030
3 11448 11388 11030
3 11508 11448 11030
3 11578 11508 11030
3 11628 11578 11030
3 11678 11628 11030
3 11778 11678 11030
3 11881 11778 11030
3 11984 11881 11030
3 12084 11984 11030
3 12184 12084 11030
3 12134 12184 11030
3 12034 12134 11030
3 11934 12034 11030
3 11831 11934 11030
3 10400 10450 10499
3 10352 10400 10499
3 10301 10352 10499
3 10251 10301 10499
3 10186 10251 10499
3 10124 10186 10499
3 10045 10124 10499
3 9965 10045 10499
3 9888 9965 10499
3 9825 9888 10499
3 9756 9825 10499
3 9692 9756 10499
3 9623 9692 10499
3 9564 9623 10499
3 9504 9564 10499
3 9446 9504 10499
3 9378 9446 10499
3 9294 9378 10499
3 2397 2463 2514
3 2322 2397 2514
3 2237 2322 2514
3 2124 2237 2514
3 2067 2124 2514
3 2011 2067 2514
3 1941 2011 2514
3 1892 1941 2514
3 1831 1892 2514
3 1782 1831 2514
3 1727 1782 2514
3 1629 1727 2514
3 1531 1629 2514
3 1433 1531 2514
3 1384 1433 2514
3 1482 1384 2514
3 1580 1482 2514
3 3166 3118 3066
3 3214 3166 3066
3 3262 3214 3066
3 3310 3262 3066
3 3366 3310 3066
3 3419 3366 3066
3 3477 3419 3066
3 3536 3477 3066
3 3591 3536 3066
3 3643 3591 3066
3 3701 3643 3066
3 3751 3701 3066
3 3813 3751 3066
3 3865 3813 3066
3 3915 3865 3066
3 3965 3915 3066
3 4018 3965 3066
3 1580 2514 8604
3 8604 8505 8837
3 1678 1580 8604
3 3066 1678 8604
3 4018 3066 8604
3 4071 4018 8604
3 11030 4071 8604
3 11831 11030 8604
3 11728 11831 8604
3 10499 11728 8604
3 9226 9294 10499
3 8924 9226 10499
3 8604 8837 8924
3 10499 8604 8924
3 4072 4019 4018
3 4072 4018 4071
3 11031 4072 4071
3 11031 4071 11030
3 11089 11031 11030
3 11089 11030 11088
3 11143 11089 11088
3 11143 11088 11142
3 11201 11143 11142
3 11201 11142 11200
3 11257 11201 11200
3 11257 11200 11256
3 11329 11257 11256
3 11329 11256 11328
3 11389 11329 11328
3 11389 11328 11388
3 11449 11389 11388
3 11449 11388 11448
3 11509 11449 11448
3 11509 11448 11508
3 11579 11509 11508
3 11579 11508 11578
3 11629 11579 11578
3 11629 11578 11628
3 11679 11629 11628
3 11679 11628 11678
3 11779 11679 11678
3 11779 11678 11778
3 11882 11779 11778
3 11882 11778 11881
3 11985 11882 11881
3 11985 11881 11984
3 12085 11985 11984
3 12085 11984 12084
3 12185 12085 12084
3 12185 12084 12184
3 12135 12185 12184
3 12135 12184 12134
3 12035 12135 12134
3 12035 12134 12034
3 11935 12035 12034
3 11935 12034 11934
3 11832 11935 11934
3 11832 11934 11831
3 11729 11832 11831
3 11729 11831 11728
3 10500 11729 11728
3 10500 11728 10499
3 10451 10500 10499
3 10451 10499 10450
3 10401 10451 10450
3 10401 10450 10400
3 10353 10401 10400
3 10353 10400 10352
3 10302 10353 10352
3 10302 10352 10301
3 10252 10302 10301
3 10252 10301 10251
3 10187 10252 10251
3 10187 10251 10186
3 10125 10187 10186
3 10125 10186 10124
3 10125 10124 10045
3 10046 10125 10045
3 10046 10045 9965
3 9966 10046 9965
3 9966 9965 9888
3 9889 9966 9888
3 9889 9888 9825
3 9826 9889 9825
3 9826 9825 9756
3 9757 9826 9756
3 9757 9756 9692
3 9693 9757 9692
3 9693 9692 9623
3 9624 9693 9623
3 9624 9623 9564
3 9565 9624 9564
3 9565 9564 9504
3 9505 9565 9504
3 9505 9504 9446
3 9447 9505 9446
3 9447 9446 9378
3 9379 9447 9378
3 9379 9378 9294
3 9295 9379 9294
3 9295 9294 9226
3 9227 9295 9226
3 9227 9226 8924
3 8925 9227 8924
3 8840 8925 8924
3 8840 8924 8837
3 8840 8837 8505
3 8507 8840 8505
3 8507 8505 8604
3 8606 8507 8604
3 8606 8604 2514
3 2515 8606 2514
3 2464 2515 2514
3 2464 2514 2463
3 2464 2463 2397
3 2398 2464 2397
3 2398 2397 2322
3 2323 2398 2322
3 2323 2322 2237
3 2238 2323 2237
3 2238 2237 2124
3 2125 2238 2124
3 2125 2124 2067
3 2068 2125 2067
3 2068 2067 2011
3 2012 2068 2011
3 2012 2011 1941
3 1942 2012 1941
3 1942 1941 1892
3 1893 1942 1892
3 1893 1892 1831
3 1832 1893 1831
3 1832 1831 1782
3 1783 1832 1782
3 1783 1782 1727
3 1728 1783 1727
3 1728 1727 1629
3 1630 1728 1629
3 1630 1629 1531
3 1532 1630 1531
3 1532 1531 1433
3 1434 1532 1433
3 1434 1433 1384
3 1385 1434 1384
3 1385 1384 1482
3 1483 1385 1482
3 1483 1482 1580
3 1581 1483 1580
3 1581 1580 1678
3 1679 1581 1678
3 1679 1678 3066
3 3067 1679 3066
3 3067 3066 3118
3 3119 3067 3118
3 3119 3118 3166
3 3167 3119 3166
3 3167 3166 3214
3 3215 3167 3214
3 3215 3214 3262
3 3263 3215 3262
3 3263 3262 3310
3 3311 3263 3310
3 3311 3310 3366
3 3367 3311 3366
3 3420 3367 3366
3 3420 3366 3419
3 3478 3420 3419
3 3478 3419 3477
3 3537 3478 3477
3 3537 3477 3536
3 3592 3537 3536
3 3592 3536 3591
3 3644 3592 3591
3 3644 3591 3643
3 3702 3644 3643
3 3702 3643 3701
3 3752 3702 3701
3 3752 3701 3751
3 3814 3752 3751
3 3814 3751 3813
3 3866 3814 3813
3 3866 3813 3865
3 3916 3866 3865
3 3916 3865 3915
3 3966 3916 3915
3 3966 3915 3965
3 4019 3966 3965
3 4019 3965 4018
3 11143 11089 11031
3 11201 11143 11031
3 11257 11201 11031
3 11329 11257 11031
3 11389 11329 11031
3 11449 11389 11031
3 11509 11449 11031
3 11579 11509 11031
3 11629 11579 11031
3 11679 11629 11031
3 11779 11679 11031
3 11882 11779 11031
3 11985 11882 11031
3 12085 11985 11031
3 12185 12085 11031
3 12135 12185 11031
3 12035 12135 11031
3 11935 12035 11031
3 11832 11935 11031
3 10401 10451 10500
3 10353 10401 10500
3 10302 10353 10500
3 10252 10302 10500
3 10187 10252 10500
3 10125 10187 10500
3 10046 10125 10500
3 9966 10046 10500
3 9889 9966 10500
3 9826 9889 10500
3 9757 9826 10500
3 9693 9757 10500
3 9624 9693 10500
3 9565 9624 10500
3 9505 9565 10500
3 9447 9505 10500
3 9379 9447 10500
3 9295 9379 10500
3 2398 2464 2515
3 2323 2398 2515
3 2238 2323 2515
3 2125 2238 2515
3 2068 2125 2515
3 2012 2068 2515
3 1942 2012 2515
3 1893 1942 2515
3 1832 1893 2515
3 1783 1832 2515
3 1728 1783 2515
3 1630 1728 2515
3 1532 1630 2515
3 1434 1532 2515
3 1385 1434 2515
3 1483 1385 2515
3 1581 1483 2515
3 3167 3119 3067
3 3215 3167 3067
3 3263 3215 3067
3 3311 3263 3067
3 3367 3311 3067
3 3420 3367 3067
3 3478 3420 3067
3 3537 3478 3067
3 3592 3537 3067
3 3644 3592 3067
3 3702 3644 3067
3 3752 3702 3067
3 3814 3752 3067
3 3866 3814 3067
3 3916 3866 3067
3 3966 3916 3067
3 4019 3966 3067
3 1581 2515 8606
3 8606 8507 8840
3 1679 1581 8606
3 3067 1679 8606
3 4019 3067 8606
3 4072 4019 8606
3 11031 4072 8606
3 11832 11031 8606
3 11729 11832 8606
3 10500 11729 8606
3 9227 9295 10500
3 8925 9227 10500
3 8606 8840 8925
3 10500 8606 8925
3 11143 11089 11031
3 11201 11143 11031
3 11257 11201 11031
3 11329 11257 11031
3 11389 11329 11031
3 11449 11389 11031
3 11509 11449 11031
3 11579 11509 11031
3 11629 11579 11031
3 11679 11629 11031
3 11779 11679 11031
3 11882 11779 11031
3 11985 11882 11031
3 12085 11985 11031
3 12185 12085 11031
3 12135 12185 11031
3 12035 12135 11031
3 11935 12035 11031
3 11832 11935 11031
3 10401 10451 10500
3 10353 10401 10500
3 10302 10353 10500
3 10252 10302 10500
3 10187 10252 10500
3 10125 10187 10500
3 10046 10125 10500
3 9966 10046 10500
3 9889 9966 10500
3 9826 9889 10500
3 9757 9826 10500
3 9693 9757 10500
3 9624 9693 10500
3 9565 9624 10500
3 9505 9565 10500
3 9447 9505 10500
3 9379 9447 10500
3 9295 9379 10500
3 2398 2464 2515
3 2323 2398 2515
3 2238 2323 2515
3 2125 2238 2515
3 2068 2125 2515
3 2012 2068 2515
3 1942 2012 2515
3 1893 1942 2515
3 1832 1893 2515
3 1783 1832 2515
3 1728 1783 2515
3 1630 1728 2515
3 1532 1630 2515
3 1434 1532 2515
3 1385 1434 2515
3 1483 1385 2515
3 1581 1483 2515
3 3167 3119 3067
3 3215 3167 3067
3 3263 3215 3067
3 3311 3263 3067
3 3367 3311 3067
3 3420 3367 3067
3 3478 3420 3067
3 3537 3478 3067
3 3592 3537 3067
3 3644 3592 3067
3 3702 3644 3067
3 3752 3702 3067
3 3814 3752 3067
3 3866 3814 3067
3 3916 3866 3067
3 3966 3916 3067
3 4019 3966 3067
3 1581 2515 8606
3 8606 8507 8840
3 1679 1581 8606
3 3067 1679 8606
3 4019 3067 8606
3 4072 4019 8606
3 11031 4072 8606
3 11832 11031 8606
3 11729 11832 8606
3 10500 11729 8606
3 9227 9295 10500
3 8925 9227 10500
3 8606 8840 8925
3 10500 8606 8925
3 4073 4020 4019
3 4073 4019 4072
3 11032 4073 4072
3 11032 4072 11031
3 11090 11032 11031
3 11090 11031 11089
3 11144 11090 11089
3 11144 11089 11143
3 11202 11144 11143
3 11202 11143 11201
3 11258 11202 11201
3 11258 11201 11257
3 11330 11258 11257
3 11330 11257 11329
3 11390 11330 11329
3 11390 11329 11389
3 11450 11390 11389
3 11450 11389 11449
3 11510 11450 11449
3 11510 11449 11509
3 11580 11510 11509
3 11580 11509 11579
3 11630 11580 11579
3 11630 11579 11629
3 11680 11630 11629
3 11680 11629 11679
3 11780 11680 11679
3 11780 11679 11779
3 11883 11780 11779
3 11883 11779 11882
3 11986 11883 11882
3 11986 11882 11985
3 12086 11986 11985
3 12086 11985 12085
3 12186 12086 12085
3 12186 12085 12185
3 12136 12186 12185
3 12136 12185 12135
3 12036 12136 12135
3 12036 12135 12035
3 11936 12036 12035
3 11936 12035 11935
3 11833 11936 11935
3 11833 11935 11832
3 11730 11833 11832
3 11730 11832 11729
3 10501 11730 11729
3 10501 11729 10500
3 10452 10501 10500
3 10452 10500 10451
3 10402 10452 10451
3 10402 10451 10401
3 10354 10402 10401
3 10354 10401 10353
3 10303 10354 10353
3 10303 10353 10302
3 10253 10303 10302
3 10253 10302 10252
3 10188 10253 10252
3 10188 10252 10187
3 10126 10188 10187
3 10126 10187 10125
3 10126 10125 10046
3 10047 10126 10046
3 10047 10046 9966
3 9967 10047 9966
3 9967 9966 9889
3 9890 9967 9889
3 9890 9889 9826
3 9827 9890 9826
3 9827 9826 9757
3 9758 9827 9757
3 9758 9757 9693
3 9694 9758 9693
3 9694 9693 9624
3 9625 9694 9624
3 9625 9624 9565
3 9566 9625 9565
3 9566 9565 9505
3 9506 9566 9505
3 9506 9505 9447
3 9448 9506 9447
3 9448 9447 9379
3 9380 9448 9379
3 9380 9379 9295
3 9296 9380 9295
3 9296 9295 9227
3 9228 9296 9227
3 9228 9227 8925
3 8926 9228 8925
3 8843 8926 8925
3 8843 8925 8840
3 8843 8840 8507
3 8509 8843 8507
3 8509 8507 8606
3 8608 8509 8606
3 8608 8606 2515
3 2516 8608 2515
3 2465 2516 2515
3 2465 2515 2464
3 2465 2464 2398
3 2399 2465 2398
3 2399 2398 2323
3 2324 2399 2323
3 2324 2323 2238
3 2239 2324 2238
3 2239 2238 2125
3 2126 2239 2125
3 2126 2125 2068
3 2069 2126 2068
3 2069 2068 2012
3 2013 2069 2012
3 2013 2012 1942
3 1943 2013 1942
3 1943 1942 1893
3 1894 1943 1893
3 1894 1893 1832
3 1833 1894 1832
3 1833 1832 1783
3 1784 1833 1783
3 1784 1783 1728
3 1729 1784 1728
3 1729 1728 1630
3 1631 1729 1630
3 1631 1630 1532
3 1533 1631 1532
3 1533 1532 1434
3 1435 1533 1434
3 1435 1434 1385
3 1386 1435 1385
3 1386 1385 1483
3 1484 1386 1483
3 1484 1483 1581
3 1582 1484 1581
3 1582 1581 1679
3 1680 1582 1679
3 1680 1679 3067
3 3068 1680 3067
3 3068 3067 3119
3 3120 3068 3119
3 3120 3119 3167
3 3168 3120 3167
3 3168 3167 3215
3 3216 3168 3215
3 3216 3215 3263
3 3264 3216 3263
3 3264 3263 3311
3 3312 3264 3311
3 3312 3311 3367
3 3368 3312 3367
3 3421 3368 3367
3 3421 3367 3420
3 3479 3421 3420
3 3479 3420 3478
3 3538 3479 3478
3 3538 3478 3537
3 3593 3538 3537
3 3593 3537 3592
3 3645 3593 3592
3 3645 3592 3644
3 3703 3645 3644
3 3703 3644 3702
3 3753 3703 3702
3 3753 3702 3752
3 3815 3753 3752
3 3815 3752 3814
3 3867 3815 3814
3 3867 3814 3866
3 3917 3867 3866
3 3917 3866 3916
3 3967 3917 3916
3 3967 3916 3966
3 4020 3967 3966
3 4020 3966 4019
3 11144 11090 11032
3 11202 11144 11032
3 11258 11202 11032
3 11330 11258 11032
3 11390 11330 11032
3 11450 11390 11032
3 11510 11450 11032
3 11580 11510 11032
3 11630 11580 11032
3 11680 11630 11032
3 11780 11680 11032
3 11883 11780 11032
3 11986 11883 11032
3 12086 11986 11032
3 12186 12086 11032
3 12136 12186 11032
3 12036 12136 11032
3 11936 12036 11032
3 11833 11936 11032
3 10402 10452 10501
3 10354 10402 10501
3 10303 10354 10501
3 10253 10303 10501
3 10188 10253 10501
3 10126 10188 10501
3 10047 10126 10501
3 9967 10047 10501
3 9890 9967 10501
3 9827 9890 10501
3 9758 9827 10501
3 9694 9758 10501
3 9625 9694 10501
3 9566 9625 10501
3 9506 9566 10501
3 9448 9506 10501
3 9380 9448 10501
3 9296 9380 10501
3 2399 2465 2516
3 2324 2399 2516
3 2239 2324 2516
3 2126 2239 2516
3 2069 2126 2516
3 2013 2069 2516
3 1943 2013 2516
3 1894 1943 2516
3 1833 1894 2516
3 1784 1833 2516
3 1729 1784 2516
3 1631 1729 2516
3 1533 1631 2516
3 1435 1533 2516
3 1386 1435 2516
3 1484 1386 2516
3 1582 1484 2516
3 3168 3120 3068
3 3216 3168 3068
3 3264 3216 3068
3 3312 3264 3068
3 3368 3312 3068
3 3421 3368 3068
3 3479 3421 3068
3 3538 3479 3068
3 3593 3538 3068
3 3645 3593 3068
3 3703 3645 3068
3 3753 3703 3068
3 3815 3753 3068
3 3867 3815 3068
3 3917 3867 3068
3 3967 3917 3068
3 4020 3967 3068
3 1582 2516 8608
3 8608 8509 8843
3 1680 1582 8608
3 3068 1680 8608
3 4020 3068 8608
3 4073 4020 8608
3 11032 4073 8608
3 11833 11032 8608
3 11730 11833 8608
3 10501 11730 8608
3 9228 9296 10501
3 8926 9228 10501
3 8608 8843 8926
3 10501 8608 8926
3 11144 11090 11032
3 11202 11144 11032
3 11258 11202 11032
3 11330 11258 11032
3 11390 11330 11032
3 11450 11390 11032
3 11510 11450 11032
3 11580 11510 11032
3 11630 11580 11032
3 11680 11630 11032
3 11780 11680 11032
3 11883 11780 11032
3 11986 11883 11032
3 12086 11986 11032
3 12186 12086 11032
3 12136 12186 11032
3 12036 12136 11032
3 11936 12036 11032
3 11833 11936 11032
3 10402 10452 10501
3 10354 10402 10501
3 10303 10354 10501
3 10253 10303 10501
3 10188 10253 10501
3 10126 10188 10501
3 10047 10126 10501
3 9967 10047 10501
3 9890 9967 10501
3 9827 9890 10501
3 9758 9827 10501
3 9694 9758 10501
3 9625 9694 10501
3 9566 9625 10501
3 9506 9566 10501
3 9448 9506 10501
3 9380 9448 10501
3 9296 9380 10501
3 2399 2465 2516
3 2324 2399 2516
3 2239 2324 2516
3 2126 2239 2516
3 2069 2126 2516
3 2013 2069 2516
3 1943 2013 2516
3 1894 1943 2516
3 1833 1894 2516
3 1784 1833 2516
3 1729 1784 2516
3 1631 1729 2516
3 1533 1631 2516
3 1435 1533 2516
3 1386 1435 2516
3 1484 1386 2516
3 1582 1484 2516
3 3168 3120 3068
3 3216 3168 3068
3 3264 3216 3068
3 3312 3264 3068
3 3368 3312 3068
3 3421 3368 3068
3 3479 3421 3068
3 3538 3479 3068
3 3593 3538 3068
3 3645 3593 3068
3 3703 3645 3068
3 3753 3703 3068
3 3815 3753 3068
3 3867 3815 3068
3 3917 3867 3068
3 3967 3917 3068
3 4020 3967 3068
3 1582 2516 8608
3 8608 8509 8843
3 1680 1582 8608
3 3068 1680 8608
3 4020 3068 8608
3 4073 4020 8608
3 11032 4073 8608
3 11833 11032 8608
3 11730 11833 8608
3 10501 11730 8608
3 9228 9296 10501
3 8926 9228 10501
3 8608 8843 8926
3 10501 8608 8926
3 4074 4021 4020
3 4074 4020 4073
3 11033 4074 4073
3 11033 4073 11032
3 11091 11033 11032
3 11091 11032 11090
3 11145 11091 11090
3 11145 11090 11144
3 11203 11145 11144
3 11203 11144 11202
3 11259 11203 11202
3 11259 11202 11258
3 11331 11259 11258
3 11331 11258 11330
3 11391 11331 11330
3 11391 11330 11390
3 11451 11391 11390
3 11451 11390 11450
3 11511 11451 11450
3 11511 11450 11510
3 11581 11511 11510
3 11581 11510 11580
3 11631 11581 11580
3 11631 11580 11630
3 11681 11631 11630
3 11681 11630 11680
3 11781 11681 11680
3 11781 11680 11780
3 11884 11781 11780
3 11884 11780 11883
3 11987 11884 11883
3 11987 11883 11986
3 12087 11987 11986
3 12087 11986 12086
3 12187 12087 12086
3 12187 12086 12186
3 12137 12187 12186
3 12137 12186 12136
3 12037 12137 12136
3 12037 12136 12036
3 11937 12037 12036
3 11937 12036 11936
3 11834 11937 11936
3 11834 11936 11833
3 11731 11834 11833
3 11731 11833 11730
3 10502 11731 11730
3 10502 11730 10501
3 10453 10502 10501
3 10453 10501 10452
3 10403 10453 10452
3 10403 10452 10402
3 10355 10403 10402
3 10355 10402 10354
3 10304 10355 10354
3 10304 10354 10303
3 10254 10304 10303
3 10254 10303 10253
3 10189 10254 10253
3 10189 10253 10188
3 10127 10189 10188
3 10127 10188 10126
3 10127 10126 10047
3 10048 10127 10047
3 10048 10047 9967
3 9968 10048 9967
3 9968 9967 9890
3 9891 9968 9890
3 9891 9890 9827
3 9828 9891 9827
3 9828 9827 9758
3 9759 9828 9758
3 9759 9758 9694
3 9695 9759 9694
3 9695 9694 9625
3 9626 9695 9625
3 9626 9625 9566
3 9567 9626 9566
3 9567 9566 9506
3 9507 9567 9506
3 9507 9506 9448
3 9449 9507 9448
3 9449 9448 9380
3 9381 9449 9380
3 9381 9380 9296
3 9297 9381 9296
3 9297 9296 9228
3 9229 9297 9228
3 9229 9228 8926
3 8927 9229 8926
3 8846 8927 8926
3 8846 8926 8843
3 8846 8843 8509
3 8511 8846 8509
3 8511 8509 8608
3 8610 8511 8608
3 8610 8608 2516
3 2517 8610 2516
3 2466 2517 2516
3 2466 2516 2465
3 2466 2465 2399
3 2400 2466 2399
3 2400 2399 2324
3 2325 2400 2324
3 2325 2324 2239
3 2240 2325 2239
3 2240 2239 2126
3 2127 2240 2126
3 2127 2126 2069
3 2070 2127 2069
3 2070 2069 2013
3 2014 2070 2013
3 2014 2013 1943
3 1944 2014 1943
3 1944 1943 1894
3 1895 1944 1894
3 1895 1894 1833
3 1834 1895 1833
3 1834 1833 1784
3 1785 1834 1784
3 1785 1784 1729
3 1730 1785 1729
3 1730 1729 1631
3 1632 1730 1631
3 1632 1631 1533
3 1534 1632 1533
3 1534 1533 1435
3 1436 1534 1435
3 1436 1435 1386
3 1387 1436 1386
3 1387 1386 1484
3 1485 1387 1484
3 1485 1484 1582
3 1583 1485 1582
3 1583 1582 1680
3 1681 1583 1680
3 1681 1680 3068
3 3069 1681 3068
3 3069 3068 3120
3 3121 3069 3120
3 3121 3120 3168
3 3169 3121 3168
3 3169 3168 3216
3 3217 3169 3216
3 3217 3216 3264
3 3265 3217 3264
3 3265 3264 3312
3 3313 3265 3312
3 3313 3312 3368
3 3369 3313 3368
3 3422 3369 3368
3 3422 3368 3421
3 3480 3422 3421
3 3480 3421 3479
3 3539 3480 3479
3 3539 3479 3538
3 3594 3539 3538
3 3594 3538 3593
3 3646 3594 3593
3 3646 3593 3645
3 3704 3646 3645
3 3704 3645 3703
3 3754 3704 3703
3 3754 3703 3753
3 3816 3754 3753
3 3816 3753 3815
3 3868 3816 3815
3 3868 3815 3867
3 3918 3868 3867
3 3918 3867 3917
3 3968 3918 3917
3 3968 3917 3967
3 4021 3968 3967
3 4021 3967 4020
3 11145 11091 11033
3 11203 11145 11033
3 11259 11203 11033
3 11331 11259 11033
3 11391 11331 11033
3 11451 11391 11033
3 11511 11451 11033
3 11581 11511 11033
3 11631 11581 11033
3 11681 11631 11033
3 11781 11681 11033
3 11884 11781 11033
3 11987 11884 11033
3 12087 11987 11033
3 12187 12087 11033
3 12137 12187 11033
3 12037 12137 11033
3 11937 12037 11033
3 11834 11937 11033
3 10403 10453 10502
3 10355 10403 10502
3 10304 10355 10502
3 10254 10304 10502
3 10189 10254 10502
3 10127 10189 10502
3 10048 10127 10502
3 9968 10048 10502
3 9891 9968 10502
3 9828 9891 10502
3 9759 9828 10502
3 9695 9759 10502
3 9626 9695 10502
3 9567 9626 10502
3 9507 9567 10502
3 9449 9507 10502
3 9381 9449 10502
3 9297 9381 10502
3 2400 2466 2517
3 2325 2400 2517
3 2240 2325 2517
3 2127 2240 2517
3 2070 2127 2517
3 2014 2070 2517
3 1944 2014 2517
3 1895 1944 2517
3 1834 1895 2517
3 1785 1834 2517
3 1730 1785 2517
3 1632 1730 2517
3 1534 1632 2517
3 1436 1534 2517
3 1387 1436 2517
3 1485 1387 2517
3 1583 1485 2517
3 3169 3121 3069
3 3217 3169 3069
3 3265 3217 3069
3 3313 3265 3069
3 3369 3313 3069
3 3422 3369 3069
3 3480 3422 3069
3 3539 3480 3069
3 3594 3539 3069
3 3646 3594 3069
3 3704 3646 3069
3 3754 3704 3069
3 3816 3754 3069
3 3868 3816 3069
3 3918 3868 3069
3 3968 3918 3069
3 4021 3968 3069
3 1583 2517 8610
3 8610 8511 8846
3 1681 1583 8610
3 3069 1681 8610
3 4021 3069 8610
3 4074 4021 8610
3 11033 4074 8610
3 11834 11033 8610
3 11731 11834 8610
3 10502 11731 8610
3 9229 9297 10502
3 8927 9229 10502
3 8610 8846 8927
3 10502 8610 8927
3 11145 11091 11033
3 11203 11145 11033
3 11259 11203 11033
3 11331 11259 11033
3 11391 11331 11033
3 11451 11391 11033
3 11511 11451 11033
3 11581 11511 11033
3 11631 11581 11033
3 11681 11631 11033
3 11781 11681 11033
3 11884 11781 11033
3 11987 11884 11033
3 12087 11987 11033
3 12187 12087 11033
3 12137 12187 11033
3 12037 12137 11033
3 11937 12037 11033
3 11834 11937 11033
3 10403 10453 10502
3 10355 10403 10502
3 10304 10355 10502
3 10254 10304 10502
3 10189 10254 10502
3 10127 10189 10502
3 10048 10127 10502
3 9968 10048 10502
3 9891 9968 10502
3 9828 9891 10502
3 9759 9828 10502
3 9695 9759 10502
3 9626 9695 10502
3 9567 9626 10502
3 9507 9567 10502
3 9449 9507 10502
3 9381 9449 10502
3 9297 9381 10502
3 2400 2466 2517
3 2325 2400 2517
3 2240 2325 2517
3 2127 2240 2517
3 2070 2127 2517
3 2014 2070 2517
3 1944 2014 2517
3 1895 1944 2517
3 1834 1895 2517
3 1785 1834 2517
3 1730 1785 2517
3 1632 1730 2517
3 1534 1632 2517
3 1436 1534 2517
3 1387 1436 2517
3 1485 1387 2517
3 1583 1485 2517
3 3169 3121 3069
3 3217 3169 3069
3 3265 3217 3069
3 3313 3265 3069
3 3369 3313 3069
3 3422 3369 3069
3 3480 3422 3069
3 3539 3480 3069
3 3594 3539 3069
3 3646 3594 3069
3 3704 3646 3069
3 3754 3704 3069
3 3816 3754 3069
3 3868 3816 3069
3 3918 3868 3069
3 3968 3918 3069
3 4021 3968 3069
3 1583 2517 8610
3 8610 8511 8846
3 1681 1583 8610
3 3069 1681 8610
3 4021 3069 8610
3 4074 4021 8610
3 11033 4074 8610
3 11834 11033 8610
3 11731 11834 8610
3 10502 11731 8610
3 9229 9297 10502
3 8927 9229 10502
3 8610 8846 8927
3 10502 8610 8927
3 4075 4022 4021
3 4075 4021 4074
3 11034 4075 4074
3 11034 4074 11033
3 11092 11034 11033
3 11092 11033 11091
3 11146 11092 11091
3 11146 11091 11145
3 11204 11146 11145
3 11204 11145 11203
3 11260 11204 11203
3 11260 11203 11259
3 11332 11260 11259
3 11332 11259 11331
3 11392 11332 11331
3 11392 11331 11391
3 11452 11392 11391
3 11452 11391 11451
3 11512 11452 11451
3 11512 11451 11511
3 11582 11512 11511
3 11582 11511 11581
3 11632 11582 11581
3 11632 11581 11631
3 11682 11632 11631
3 11682 11631 11681
3 11782 11682 11681
3 11782 11681 11781
3 11885 11782 11781
3 11885 11781 11884
3 11988 11885 11884
3 11988 11884 11987
3 12088 11988 11987
3 12088 11987 12087
3 12188 12088 12087
3 12188 12087 12187
3 12138 12188 12187
3 12138 12187 12137
3 12038 12138 12137
3 12038 12137 12037
3 11938 12038 12037
3 11938 12037 11937
3 11835 11938 11937
3 11835 11937 11834
3 11732 11835 11834
3 11732 11834 11731
3 10503 11732 11731
3 10503 11731 10502
3 10454 10503 10502
3 10454 10502 10453
3 10404 10454 10453
3 10404 10453 10403
3 10356 10404 10403
3 10356 10403 10355
3 10305 10356 10355
3 10305 10355 10304
3 10255 10305 10304
3 10255 10304 10254
3 10190 10255 10254
3 10190 10254 10189
3 10128 10190 10189
3 10128 10189 10127
3 10128 10127 10048
3 10049 10128 10048
3 10049 10048 9968
3 9969 10049 9968
3 9969 9968 9891
3 9892 9969 9891
3 9892 9891 9828
3 9829 9892 9828
3 9829 9828 9759
3 9760 9829 9759
3 9760 9759 9695
3 9696 9760 9695
3 9696 9695 9626
3 9627 9696 9626
3 9627 9626 9567
3 9568 9627 9567
3 9568 9567 9507
3 9508 9568 9507
3 9508 9507 9449
3 9450 9508 9449
3 9450 9449 9381
3 9382 9450 9381
3 9382 9381 9297
3 9298 9382 9297
3 9298 9297 9229
3 9230 9298 9229
3 9230 9229 8927
3 8928 9230 8927
3 8849 8928 8927
3 8849 8927 8846
3 8849 8846 8511
3 8513 8849 8511
3 8513 8511 8610
3 8612 8513 8610
3 8612 8610 2517
3 2518 8612 2517
3 2467 2518 2517
3 2467 2517 2466
3 2467 2466 2400
3 2401 2467 2400
3 2401 2400 2325
3 2326 2401 2325
3 2326 2325 2240
3 2241 2326 2240
3 2241 2240 2127
3 2128 2241 2127
3 2128 2127 2070
3 2071 2128 2070
3 2071 2070 2014
3 2015 2071 2014
3 2015 2014 1944
3 1945 2015 1944
3 1945 1944 1895
3 1896 1945 1895
3 1896 1895 1834
3 1835 1896 1834
3 1835 1834 1785
3 1786 1835 1785
3 1786 1785 1730
3 1731 1786 1730
3 1731 1730 1632
3 1633 1731 1632
3 1633 1632 1534
3 1535 1633 1534
3 1535 1534 1436
3 1437 1535 1436
3 1437 1436 1387
3 1388 1437 1387
3 1388 1387 1485
3 1486 1388 1485
3 1486 1485 1583
3 1584 1486 1583
3 1584 1583 1681
3 1682 1584 1681
3 1682 1681 3069
3 3070 1682 3069
3 3070 3069 3121
3 3122 3070 3121
3 3122 3121 3169
3 3170 3122 3169
3 3170 3169 3217
3 3218 3170 3217
3 3218 3217 3265
3 3266 3218 3265
3 3266 3265 3313
3 3314 3266 3313
3 3314 3313 3369
3 3370 3314 3369
3 3423 3370 3369
3 3423 3369 3422
3 3481 3423 3422
3 3481 3422 3480
3 3540 3481 3480
3 3540 3480 3539
3 3595 3540 3539
3 3595 3539 3594
3 3647 3595 3594
3 3647 3594 3646
3 3705 3647 3646
3 3705 3646 3704
3 3755 3705 3704
3 3755 3704 3754
3 3817 3755 3754
3 3817 3754 3816
3 3869 3817 3816
3 3869 3816 3868
3 3919 3869 3868
3 3919 3868 3918
3 3969 3919 3918
3 3969 3918 3968
3 4022 3969 3968
3 4022 3968 4021
3 11146 11092 11034
3 11204 11146 11034
3 11260 11204 11034
3 11332 11260 11034
3 11392 11332 11034
3 11452 11392 11034
3 11512 11452 11034
3 11582 11512 11034
3 11632 11582 11034
3 11682 11632 11034
3 11782 11682 11034
3 11885 11782 11034
3 11988 11885 11034
3 12088 11988 11034
3 12188 12088 11034
3 12138 12188 11034
3 12038 12138 11034
3 11938 12038 11034
3 11835 11938 11034
3 10404 10454 10503
3 10356 10404 10503
3 10305 10356 10503
3 10255 10305 10503
3 10190 10255 10503
3 10128 10190 10503
3 10049 10128 10503
3 9969 10049 10503
3 9892 9969 10503
3 9829 9892 10503
3 9760 9829 10503
3 9696 9760 10503
3 9627 9696 10503
3 9568 9627 10503
3 9508 9568 10503
3 9450 9508 10503
3 9382 9450 10503
3 9298 9382 10503
3 2401 2467 2518
3 2326 2401 2518
3 2241 2326 2518
3 2128 2241 2518
3 2071 2128 2518
3 2015 2071 2518
3 1945 2015 2518
3 1896 1945 2518
3 1835 1896 2518
3 1786 1835 2518
3 1731 1786 2518
3 1633 1731 2518
3 1535 1633 2518
3 1437 1535 2518
3 1388 1437 2518
3 1486 1388 2518
3 1584 1486 2518
3 3170 3122 3070
3 3218 3170 3070
3 3266 3218 3070
3 3314 3266 3070
3 3370 3314 3070
3 3423 3370 3070
3 3481 3423 3070
3 3540 3481 3070
3 3595 3540 3070
3 3647 3595 3070
3 3705 3647 3070
3 3755 3705 3070
3 3817 3755 3070
3 3869 3817 3070
3 3919 3869 3070
3 3969 3919 3070
3 4022 3969 3070
3 1584 2518 8612
3 8612 8513 8849
3 1682 1584 8612
3 3070 1682 8612
3 4022 3070 8612
3 4075 4022 8612
3 11034 4075 8612
3 11835 11034 8612
3 11732 11835 8612
3 10503 11732 8612
3 9230 9298 10503
3 8928 9230 10503
3 8612 8849 8928
3 10503 8612 8928
3 11146 11092 11034
3 11204 11146 11034
3 11260 11204 11034
3 11332 11260 11034
3 11392 11332 11034
3 11452 11392 11034
3 11512 11452 11034
3 11582 11512 11034
3 11632 11582 11034
3 11682 11632 11034
3 11782 11682 11034
3 11885 11782 11034
3 11988 11885 11034
3 12088 11988 11034
3 12188 12088 11034
3 12138 12188 11034
3 12038 12138 11034
3 11938 12038 11034
3 11835 11938 11034
3 10404 10454 10503
3 10356 10404 10503
3 10305 10356 10503
3 10255 10305 10503
3 10190 10255 10503
3 10128 10190 10503
3 10049 10128 10503
3 9969 10049 10503
3 9892 9969 10503
3 9829 9892 10503
3 9760 9829 10503
3 9696 9760 10503
3 9627 9696 10503
3 9568 9627 10503
3 9508 9568 10503
3 9450 9508 10503
3 9382 9450 10503
3 9298 9382 10503
3 2401 2467 2518
3 2326 2401 2518
3 2241 2326 2518
3 2128 2241 2518
3 2071 2128 2518
3 2015 2071 2518
3 1945 2015 2518
3 1896 1945 2518
3 1835 1896 2518
3 1786 1835 2518
3 1731 1786 2518
3 1633 1731 2518
3 1535 1633 2518
3 1437 1535 2518
3 1388 1437 2518
3 1486 1388 2518
3 1584 1486 2518
3 3170 3122 3070
3 3218 3170 3070
3 3266 3218 3070
3 3314 3266 3070
3 3370 3314 3070
3 3423 3370 3070
3 3481 3423 3070
3 3540 3481 3070
3 3595 3540 3070
3 3647 3595 3070
3 3705 3647 3070
3 3755 3705 3070
3 3817 3755 3070
3 3869 3817 3070
3 3919 3869 3070
3 3969 3919 3070
3 4022 3969 3070
3 1584 2518 8612
3 8612 8513 8849
3 1682 1584 8612
3 3070 1682 8612
3 4022 3070 8612
3 4075 4022 8612
3 11034 4075 8612
3 11835 11034 8612
3 11732 11835 8612
3 10503 11732 8612
3 9230 9298 10503
3 8928 9230 10503
3 8612 8849 8928
3 10503 8612 8928
3 4076 4023 4022
3 4076 4022 4075
3 11035 4076 4075
3 11035 4075 11034
3 11093 11035 11034
3 11093 11034 11092
3 11147 11093 11092
3 11147 11092 11146
3 11205 11147 11146
3 11205 11146 11204
3 11261 11205 11204
3 11261 11204 11260
3 11333 11261 11260
3 11333 11260 11332
3 11393 11333 11332
3 11393 11332 11392
3 11453 11393 11392
3 11453 11392 11452
3 11513 11453 11452
3 11513 11452 11512
3 11583 11513 11512
3 11583 11512 11582
3 11633 11583 11582
3 11633 11582 11632
3 11683 11633 11632
3 11683 11632 11682
3 11783 11683 11682
3 11783 11682 11782
3 11886 11783 11782
3 11886 11782 11885
3 11989 11886 11885
3 11989 11885 11988
3 12089 11989 11988
3 12089 11988 12088
3 12189 12089 12088
3 12189 12088 12188
3 12139 12189 12188
3 12139 12188 12138
3 12039 12139 12138
3 12039 12138 12038
3 11939 12039 12038
3 11939 12038 11938
3 11836 11939 11938
3 11836 11938 11835
3 11733 11836 11835
3 11733 11835 11732
3 10504 11733 11732
3 10504 11732 10503
3 10455 10504 10503
3 10455 10503 10454
3 10405 10455 10454
3 10405 10454 10404
3 10357 10405 10404
3 10357 10404 10356
3 10306 10357 10356
3 10306 10356 10305
3 10256 10306 10305
3 10256 10305 10255
3 10191 10256 10255
3 10191 10255 10190
3 10129 10191 10190
3 10129 10190 10128
3 10129 10128 10049
3 10050 10129 10049
3 10050 10049 9969
3 9970 10050 9969
3 9970 9969 9892
3 9893 9970 9892
3 9893 9892 9829
3 9830 9893 9829
3 9830 9829 9760
3 9761 9830 9760
3 9761 9760 9696
3 9697 9761 9696
3 9697 9696 9627
3 9628 9697 9627
3 9628 9627 9568
3 9569 9628 9568
3 9569 9568 9508
3 9509 9569 9508
3 9509 9508 9450
3 9451 9509 9450
3 9451 9450 9382
3 9383 9451 9382
3 9383 9382 9298
3 9299 9383 9298
3 9299 9298 9230
3 9231 9299 9230
3 9231 9230 8928
3 8929 9231 8928
3 8852 8929 8928
3 8852 8928 8849
3 8852 8849 8513
3 8515 8852 8513
3 8515 8513 8612
3 8614 8515 8612
3 8614 8612 2518
3 2519 8614 2518
3 2468 2519 2518
3 2468 2518 2467
3 2468 2467 2401
3 2402 2468 2401
3 2402 2401 2326
3 2327 2402 2326
3 2327 2326 2241
3 2242 2327 2241
3 2242 2241 2128
3 2129 2242 2128
3 2129 2128 2071
3 2072 2129 2071
3 2072 2071 2015
3 2016 2072 2015
3 2016 2015 1945
3 1946 2016 1945
3 1946 1945 1896
3 1897 1946 1896
3 1897 1896 1835
3 1836 1897 1835
3 1836 1835 1786
3 1787 1836 1786
3 1787 1786 1731
3 1732 1787 1731
3 1732 1731 1633
3 1634 1732 1633
3 1634 1633 1535
3 1536 1634 1535
3 1536 1535 1437
3 1438 1536 1437
3 1438 1437 1388
3 1389 1438 1388
3 1389 1388 1486
3 1487 1389 1486
3 1487 1486 1584
3 1585 1487 1584
3 1585 1584 1682
3 1683 1585 1682
3 1683 1682 3070
3 3071 1683 3070
3 3071 3070 3122
3 3123 3071 3122
3 3123 3122 3170
3 3171 3123 3170
3 3171 3170 3218
3 3219 3171 3218
3 3219 3218 3266
3 3267 3219 3266
3 3267 3266 3314
3 3315 3267 3314
3 3315 3314 3370
3 3371 3315 3370
3 3424 3371 3370
3 3424 3370 3423
3 3482 3424 3423
3 3482 3423 3481
3 3541 3482 3481
3 3541 3481 3540
3 3596 3541 3540
3 3596 3540 3595
3 3648 3596 3595
3 3648 3595 3647
3 3706 3648 3647
3 3706 3647 3705
3 3756 3706 3705
3 3756 3705 3755
3 3818 3756 3755
3 3818 3755 3817
3 3870 3818 3817
3 3870 3817 3869
3 3920 3870 3869
3 3920 3869 3919
3 3970 3920 3919
3 3970 3919 3969
3 4023 3970 3969
3 4023 3969 4022
3 11147 11093 11035
3 11205 11147 11035
3 11261 11205 11035
3 11333 11261 11035
3 11393 11333 11035
3 11453 11393 11035
3 11513 11453 11035
3 11583 11513 11035
3 11633 11583 11035
3 11683 11633 11035
3 11783 11683 11035
3 11886 11783 11035
3 11989 11886 11035
3 12089 11989 11035
3 12189 12089 11035
3 12139 12189 11035
3 12039 12139 11035
3 11939 12039 11035
3 11836 11939 11035
3 10405 10455 10504
3 10357 10405 10504
3 10306 10357 10504
3 10256 10306 10504
3 10191 10256 10504
3 10129 10191 10504
3 10050 10129 10504
3 9970 10050 10504
3 9893 9970 10504
3 9830 9893 10504
3 9761 9830 10504
3 9697 9761 10504
3 9628 9697 10504
3 9569 9628 10504
3 9509 9569 10504
3 9451 9509 10504
3 9383 9451 10504
3 9299 9383 10504
3 2402 2468 2519
3 2327 2402 2519
3 2242 2327 2519
3 2129 2242 2519
3 2072 2129 2519
3 2016 2072 2519
3 1946 2016 2519
3 1897 1946 2519
3 1836 1897 2519
3 1787 1836 2519
3 1732 1787 2519
3 1634 1732 2519
3 1536 1634 2519
3 1438 1536 2519
3 1389 1438 2519
3 1487 1389 2519
3 1585 1487 2519
3 3171 3123 3071
3 3219 3171 3071
3 3267 3219 3071
3 3315 3267 3071
3 3371 3315 3071
3 3424 3371 3071
3 3482 3424 3071
3 3541 3482 3071
3 3596 3541 3071
3 3648 3596 3071
3 3706 3648 3071
3 3756 3706 3071
3 3818 3756 3071
3 3870 3818 3071
3 3920 3870 3071
3 3970 3920 3071
3 4023 3970 3071
3 1585 2519 8614
3 8614 8515 8852
3 1683 1585 8614
3 3071 1683 8614
3 4023 3071 8614
3 4076 4023 8614
3 11035 4076 8614
3 11836 11035 8614
3 11733 11836 8614
3 10504 11733 8614
3 9231 9299 10504
3 8929 9231 10504
3 8614 8852 8929
3 10504 8614 8929
3 11147 11093 11035
3 11205 11147 11035
3 11261 11205 11035
3 11333 11261 11035
3 11393 11333 11035
3 11453 11393 11035
3 11513 11453 11035
3 11583 11513 11035
3 11633 11583 11035
3 11683 11633 11035
3 11783 11683 11035
3 11886 11783 11035
3 11989 11886 11035
3 12089 11989 11035
3 12189 12089 11035
3 12139 12189 11035
3 12039 12139 11035
3 11939 12039 11035
3 11836 11939 11035
3 10405 10455 10504
3 10357 10405 10504
3 10306 10357 10504
3 10256 10306 10504
3 10191 10256 10504
3 10129 10191 10504
3 10050 10129 10504
3 9970 10050 10504
3 9893 9970 10504
3 9830 9893 10504
3 9761 9830 10504
3 9697 9761 10504
3 9628 9697 10504
3 9569 9628 10504
3 9509 9569 10504
3 9451 9509 10504
3 9383 9451 10504
3 9299 9383 10504
3 2402 2468 2519
3 2327 2402 2519
3 2242 2327 2519
3 2129 2242 2519
3 2072 2129 2519
3 2016 2072 2519
3 1946 2016 2519
3 1897 1946 2519
3 1836 1897 2519
3 1787 1836 2519
3 1732 1787 2519
3 1634 1732 2519
3 1536 1634 2519
3 1438 1536 2519
3 1389 1438 2519
3 1487 1389 2519
3 1585 1487 2519
3 3171 3123 3071
3 3219 3171 3071
3 3267 3219 3071
3 3315 3267 3071
3 3371 3315 3071
3 3424 3371 3071
3 3482 3424 3071
3 3541 3482 3071
3 3596 3541 3071
3 3648 3596 3071
3 3706 3648 3071
3 3756 3706 3071
3 3818 3756 3071
3 3870 3818 3071
3 3920 3870 3071
3 3970 3920 3071
3 4023 3970 3071
3 1585 2519 8614
3 8614 8515 8852
3 1683 1585 8614
3 3071 1683 8614
3 4023 3071 8614
3 4076 4023 8614
3 11035 4076 8614
3 11836 11035 8614
3 11733 11836 8614
3 10504 11733 8614
3 9231 9299 10504
3 8929 9231 10504
3 8614 8852 8929
3 10504 8614 8929
3 4077 4024 4023
3 4077 4023 4076
3 11036 4077 4076
3 11036 4076 11035
3 11094 11036 11035
3 11094 11035 11093
3 11148 11094 11093
3 11148 11093 11147
3 11206 11148 11147
3 11206 11147 11205
3 11262 11206 11205
3 11262 11205 11261
3 11334 11262 11261
3 11334 11261 11333
3 11394 11334 11333
3 11394 11333 11393
3 11454 11394 11393
3 11454 11393 11453
3 11514 11454 11453
3 11514 11453 11513
3 11584 11514 11513
3 11584 11513 11583
3 11634 11584 11583
3 11634 11583 11633
3 11684 11634 11633
3 11684 11633 11683
3 11784 11684 11683
3 11784 11683 11783
3 11887 11784 11783
3 11887 11783 11886
3 11990 11887 11886
3 11990 11886 11989
3 12090 11990 11989
3 12090 11989 12089
3 12190 12090 12089
3 12190 12089 12189
3 12140 12190 12189
3 12140 12189 12139
3 12040 12140 12139
3 12040 12139 12039
3 11940 12040 12039
3 11940 12039 11939
3 11837 11940 11939
3 11837 11939 11836
3 11734 11837 11836
3 11734 11836 11733
3 10505 11734 11733
3 10505 11733 10504
3 10456 10505 10504
3 10456 10504 10455
3 10406 10456 10455
3 10406 10455 10405
3 10358 10406 10405
3 10358 10405 10357
3 10307 10358 10357
3 10307 10357 10306
3 10257 10307 10306
3 10257 10306 10256
3 10192 10257 10256
3 10192 10256 10191
3 10130 10192 10191
3 10130 10191 10129
3 10130 10129 10050
3 10051 10130 10050
3 10051 10050 9970
3 9971 10051 9970
3 9971 9970 9893
3 9894 9971 9893
3 9894 9893 9830
3 9831 9894 9830
3 9831 9830 9761
3 9762 9831 9761
3 9762 9761 9697
3 9698 9762 9697
3 9698 9697 9628
3 9629 9698 9628
3 9629 9628 9569
3 9570 9629 9569
3 9570 9569 9509
3 9510 9570 9509
3 9510 9509 9451
3 9452 9510 9451
3 9452 9451 9383
3 9384 9452 9383
3 9384 9383 9299
3 9300 9384 9299
3 9300 9299 9231
3 9232 9300 9231
3 9232 9231 8929
3 8930 9232 8929
3 8855 8930 8929
3 8855 8929 8852
3 8855 8852 8515
3 8517 8855 8515
3 8517 8515 8614
3 8616 8517 8614
3 8616 8614 2519
3 2520 8616 2519
3 2469 2520 2519
3 2469 2519 2468
3 2469 2468 2402
3 2403 2469 2402
3 2403 2402 2327
3 2328 2403 2327
3 2328 2327 2242
3 2243 2328 2242
3 2243 2242 2129
3 2130 2243 2129
3 2130 2129 2072
3 2073 2130 2072
3 2073 2072 2016
3 2017 2073 2016
3 2017 2016 1946
3 1947 2017 1946
3 1947 1946 1897
3 1898 1947 1897
3 1898 1897 1836
3 1837 1898 1836
3 1837 1836 1787
3 1788 1837 1787
3 1788 1787 1732
3 1733 1788 1732
3 1733 1732 1634
3 1635 1733 1634
3 1635 1634 1536
3 1537 1635 1536
3 1537 1536 1438
3 1439 1537 1438
3 1439 1438 1389
3 1390 1439 1389
3 1390 1389 1487
3 1488 1390 1487
3 1488 1487 1585
3 1586 1488 1585
3 1586 1585 1683
3 1684 1586 1683
3 1684 1683 3071
3 3072 1684 3071
3 3072 3071 3123
3 3124 3072 3123
3 3124 3123 3171
3 3172 3124 3171
3 3172 3171 3219
3 3220 3172 3219
3 3220 3219 3267
3 3268 3220 3267
3 3268 3267 3315
3 3316 3268 3315
3 3316 3315 3371
3 3372 3316 3371
3 3425 3372 3371
3 3425 3371 3424
3 3483 3425 3424
3 3483 3424 3482
3 3542 3483 3482
3 3542 3482 3541
3 3597 3542 3541
3 3597 3541 3596
3 3649 3597 3596
3 3649 3596 3648
3 3707 3649 3648
3 3707 3648 3706
3 3757 3707 3706
3 3757 3706 3756
3 3819 3757 3756
3 3819 3756 3818
3 3871 3819 3818
3 3871 3818 3870
3 3921 3871 3870
3 3921 3870 3920
3 3971 3921 3920
3 3971 3920 3970
3 4024 3971 3970
3 4024 3970 4023
3 11148 11094 11036
3 11206 11148 11036
3 11262 11206 11036
3 11334 11262 11036
3 11394 11334 11036
3 11454 11394 11036
3 11514 11454 11036
3 11584 11514 11036
3 11634 11584 11036
3 11684 11634 11036
3 11784 11684 11036
3 11887 11784 11036
3 11990 11887 11036
3 12090 11990 11036
3 12190 12090 11036
3 12140 12190 11036
3 12040 12140 11036
3 11940 12040 11036
3 11837 11940 11036
3 10406 10456 10505
3 10358 10406 10505
3 10307 10358 10505
3 10257 10307 10505
3 10192 10257 10505
3 10130 10192 10505
3 10051 10130 10505
3 9971 10051 10505
3 9894 9971 10505
3 9831 9894 10505
3 9762 9831 10505
3 9698 9762 10505
3 9629 9698 10505
3 9570 9629 10505
3 9510 9570 10505
3 9452 9510 10505
3 9384 9452 10505
3 9300 9384 10505
3 2403 2469 2520
3 2328 2403 2520
3 2243 2328 2520
3 2130 2243 2520
3 2073 2130 2520
3 2017 2073 2520
3 1947 2017 2520
3 1898 1947 2520
3 1837 1898 2520
3 1788 1837 2520
3 1733 1788 2520
3 1635 1733 2520
3 1537 1635 2520
3 1439 1537 2520
3 1390 1439 2520
3 1488 1390 2520
3 1586 1488 2520
3 3172 3124 3072
3 3220 3172 3072
3 3268 3220 3072
3 3316 3268 3072
3 3372 3316 3072
3 3425 3372 3072
3 3483 3425 3072
3 3542 3483 3072
3 3597 3542 3072
3 3649 3597 3072
3 3707 3649 3072
3 3757 3707 3072
3 3819 3757 3072
3 3871 3819 3072
3 3921 3871 3072
3 3971 3921 3072
3 4024 3971 3072
3 1586 2520 8616
3 8616 8517 8855
3 1684 1586 8616
3 3072 1684 8616
3 4024 3072 8616
3 4077 4024 8616
3 11036 4077 8616
3 11837 11036 8616
3 11734 11837 8616
3 10505 11734 8616
3 9232 9300 10505
3 8930 9232 10505
3 8616 8855 8930
3 10505 8616 8930
3 11148 11094 11036
3 11206 11148 11036
3 11262 11206 11036
3 11334 11262 11036
3 11394 11334 11036
3 11454 11394 11036
3 11514 11454 11036
3 11584 11514 11036
3 11634 11584 11036
3 11684 11634 11036
3 11784 11684 11036
3 11887 11784 11036
3 11990 11887 11036
3 12090 11990 11036
3 12190 12090 11036
3 12140 12190 11036
3 12040 12140 11036
3 11940 12040 11036
3 11837 11940 11036
3 10406 10456 10505
3 10358 10406 10505
3 10307 10358 10505
3 10257 10307 10505
3 10192 10257 10505
3 10130 10192 10505
3 10051 10130 10505
3 9971 10051 10505
3 9894 9971 10505
3 9831 9894 10505
3 9762 9831 10505
3 9698 9762 10505
3 9629 9698 10505
3 9570 9629 10505
3 9510 9570 10505
3 9452 9510 10505
3 9384 9452 10505
3 9300 9384 10505
3 2403 2469 2520
3 2328 2403 2520
3 2243 2328 2520
3 2130 2243 2520
3 2073 2130 2520
3 2017 2073 2520
3 1947 2017 2520
3 1898 1947 2520
3 1837 1898 2520
3 1788 1837 2520
3 1733 1788 2520
3 1635 1733 2520
3 1537 1635 2520
3 1439 1537 2520
3 1390 1439 2520
3 1488 1390 2520
3 1586 1488 2520
3 3172 3124 3072
3 3220 3172 3072
3 3268 3220 3072
3 3316 3268 3072
3 3372 3316 3072
3 3425 3372 3072
3 3483 3425 3072
3 3542 3483 3072
3 3597 3542 3072
3 3649 3597 3072
3 3707 3649 3072
3 3757 3707 3072
3 3819 3757 3072
3 3871 3819 3072
3 3921 3871 3072
3 3971 3921 3072
3 4024 3971 3072
3 1586 2520 8616
3 8616 8517 8855
3 1684 1586 8616
3 3072 1684 8616
3 4024 3072 8616
3 4077 4024 8616
3 11036 4077 8616
3 11837 11036 8616
3 11734 11837 8616
3 10505 11734 8616
3 9232 9300 10505
3 8930 9232 10505
3 8616 8855 8930
3 10505 8616 8930
3 4078 4025 4024
3 4078 4024 4077
3 11037 4078 4077
3 11037 4077 11036
3 11095 11037 11036
3 11095 11036 11094
3 11149 11095 11094
3 11149 11094 11148
3 11207 11149 11148
3 11207 11148 11206
3 11263 11207 11206
3 11263 11206 11262
3 11335 11263 11262
3 11335 11262 11334
3 11395 11335 11334
3 11395 11334 11394
3 11455 11395 11394
3 11455 11394 11454
3 11515 11455 11454
3 11515 11454 11514
3 11585 11515 11514
3 11585 11514 11584
3 11635 11585 11584
3 11635 11584 11634
3 11685 11635 11634
3 11685 11634 11684
3 11785 11685 11684
3 11785 11684 11784
3 11888 11785 11784
3 11888 11784 11887
3 11991 11888 11887
3 11991 11887 11990
3 12091 11991 11990
3 12091 11990 12090
3 12191 12091 12090
3 12191 12090 12190
3 12141 12191 12190
3 12141 12190 12140
3 12041 12141 12140
3 12041 12140 12040
3 11941 12041 12040
3 11941 12040 11940
3 11838 11941 11940
3 11838 11940 11837
3 11735 11838 11837
3 11735 11837 11734
3 10506 11735 11734
3 10506 11734 10505
3 10457 10506 10505
3 10457 10505 10456
3 10407 10457 10456
3 10407 10456 10406
3 10359 10407 10406
3 10359 10406 10358
3 10308 10359 10358
3 10308 10358 10307
3 10258 10308 10307
3 10258 10307 10257
3 10193 10258 10257
3 10193 10257 10192
3 10131 10193 10192
3 10131 10192 10130
3 10131 10130 10051
3 10052 10131 10051
3 10052 10051 9971
3 9972 10052 9971
3 9972 9971 9894
3 9895 9972 9894
3 9895 9894 9831
3 9832 9895 9831
3 9832 9831 9762
3 9763 9832 9762
3 9763 9762 9698
3 9699 9763 9698
3 9699 9698 9629
3 9630 9699 9629
3 9630 9629 9570
3 9571 9630 9570
3 9571 9570 9510
3 9511 9571 9510
3 9511 9510 9452
3 9453 9511 9452
3 9453 9452 9384
3 9385 9453 9384
3 9385 9384 9300
3 9301 9385 9300
3 9301 9300 9232
3 9233 9301 9232
3 9233 9232 8930
3 8931 9233 8930
3 8858 8931 8930
3 8858 8930 8855
3 8858 8855 8517
3 8519 8858 8517
3 8519 8517 8616
3 8618 8519 8616
3 8618 8616 2520
3 2521 8618 2520
3 2470 2521 2520
3 2470 2520 2469
3 2470 2469 2403
3 2404 2470 2403
3 2404 2403 2328
3 2329 2404 2328
3 2329 2328 2243
3 2244 2329 2243
3 2244 2243 2130
3 2131 2244 2130
3 2131 2130 2073
3 2074 2131 2073
3 2074 2073 2017
3 2018 2074 2017
3 2018 2017 1947
3 1948 2018 1947
3 1948 1947 1898
3 1899 1948 1898
3 1899 1898 1837
3 1838 1899 1837
3 1838 1837 1788
3 1789 1838 1788
3 1789 1788 1733
3 1734 1789 1733
3 1734 1733 1635
3 1636 1734 1635
3 1636 1635 1537
3 1538 1636 1537
3 1538 1537 1439
3 1440 1538 1439
3 1440 1439 1390
3 1391 1440 1390
3 1391 1390 1488
3 1489 1391 1488
3 1489 1488 1586
3 1587 1489 1586
3 1587 1586 1684
3 1685 1587 1684
3 1685 1684 3072
3 3073 1685 3072
3 3073 3072 3124
3 3125 3073 3124
3 3125 3124 3172
3 3173 3125 3172
3 3173 3172 3220
3 3221 3173 3220
3 3221 3220 3268
3 3269 3221 3268
3 3269 3268 3316
3 3317 3269 3316
3 3317 3316 3372
3 3373 3317 3372
3 3426 3373 3372
3 3426 3372 3425
3 3484 3426 3425
3 3484 3425 3483
3 3543 3484 3483
3 3543 3483 3542
3 3598 3543 3542
3 3598 3542 3597
3 3650 3598 3597
3 3650 3597 3649
3 3708 3650 3649
3 3708 3649 3707
3 3758 3708 3707
3 3758 3707 3757
3 3820 3758 3757
3 3820 3757 3819
3 3872 3820 3819
3 3872 3819 3871
3 3922 3872 3871
3 3922 3871 3921
3 3972 3922 3921
3 3972 3921 3971
3 4025 3972 3971
3 4025 3971 4024
3 11149 11095 11037
3 11207 11149 11037
3 11263 11207 11037
3 11335 11263 11037
3 11395 11335 11037
3 11455 11395 11037
3 11515 11455 11037
3 11585 11515 11037
3 11635 11585 11037
3 11685 11635 11037
3 11785 11685 11037
3 11888 11785 11037
3 11991 11888 11037
3 12091 11991 11037
3 12191 12091 11037
3 12141 12191 11037
3 12041 12141 11037
3 11941 12041 11037
3 11838 11941 11037
3 10407 10457 10506
3 10359 10407 10506
3 10308 10359 10506
3 10258 10308 10506
3 10193 10258 10506
3 10131 10193 10506
3 10052 10131 10506
3 9972 10052 10506
3 9895 9972 10506
3 9832 9895 10506
3 9763 9832 10506
3 9699 9763 10506
3 9630 9699 10506
3 9571 9630 10506
3 9511 9571 10506
3 9453 9511 10506
3 9385 9453 10506
3 9301 9385 10506
3 2404 2470 2521
3 2329 2404 2521
3 2244 2329 2521
3 2131 2244 2521
3 2074 2131 2521
3 2018 2074 2521
3 1948 2018 2521
3 1899 1948 2521
3 1838 1899 2521
3 1789 1838 2521
3 1734 1789 2521
3 1636 1734 2521
3 1538 1636 2521
3 1440 1538 2521
3 1391 1440 2521
3 1489 1391 2521
3 1587 1489 2521
3 3173 3125 3073
3 3221 3173 3073
3 3269 3221 3073
3 3317 3269 3073
3 3373 3317 3073
3 3426 3373 3073
3 3484 3426 3073
3 3543 3484 3073
3 3598 3543 3073
3 3650 3598 3073
3 3708 3650 3073
3 3758 3708 3073
3 3820 3758 3073
3 3872 3820 3073
3 3922 3872 3073
3 3972 3922 3073
3 4025 3972 3073
3 1587 2521 8618
3 8618 8519 8858
3 1685 1587 8618
3 3073 1685 8618
3 4025 3073 8618
3 4078 4025 8618
3 11037 4078 8618
3 11838 11037 8618
3 11735 11838 8618
3 10506 11735 8618
3 9233 9301 10506
3 8931 9233 10506
3 8618 8858 8931
3 10506 8618 8931
3 11149 11095 11037
3 11207 11149 11037
3 11263 11207 11037
3 11335 11263 11037
3 11395 11335 11037
3 11455 11395 11037
3 11515 11455 11037
3 11585 11515 11037
3 11635 11585 11037
3 11685 11635 11037
3 11785 11685 11037
3 11888 11785 11037
3 11991 11888 11037
3 12091 11991 11037
3 12191 12091 11037
3 12141 12191 11037
3 12041 12141 11037
3 11941 12041 11037
3 11838 11941 11037
3 10407 10457 10506
3 10359 10407 10506
3 10308 10359 10506
3 10258 10308 10506
3 10193 10258 10506
3 10131 10193 10506
3 10052 10131 10506
3 9972 10052 10506
3 9895 9972 10506
3 9832 9895 10506
3 9763 9832 10506
3 9699 9763 10506
3 9630 9699 10506
3 9571 9630 10506
3 9511 9571 10506
3 9453 9511 10506
3 9385 9453 10506
3 9301 9385 10506
3 2404 2470 2521
3 2329 2404 2521
3 2244 2329 2521
3 2131 2244 2521
3 2074 2131 2521
3 2018 2074 2521
3 1948 2018 2521
3 1899 1948 2521
3 1838 1899 2521
3 1789 1838 2521
3 1734 1789 2521
3 1636 1734 2521
3 1538 1636 2521
3 1440 1538 2521
3 1391 1440 2521
3 1489 1391 2521
3 1587 1489 2521
3 3173 3125 3073
3 3221 3173 3073
3 3269 3221 3073
3 3317 3269 3073
3 3373 3317 3073
3 3426 3373 3073
3 3484 3426 3073
3 3543 3484 3073
3 3598 3543 3073
3 3650 3598 3073
3 3708 3650 3073
3 3758 3708 3073
3 3820 3758 3073
3 3872 3820 3073
3 3922 3872 3073
3 3972 3922 3073
3 4025 3972 3073
3 1587 2521 8618
3 8618 8519 8858
3 1685 1587 8618
3 3073 1685 8618
3 4025 3073 8618
3 4078 4025 8618
3 11037 4078 8618
3 11838 11037 8618
3 11735 11838 8618
3 10506 11735 8618
3 9233 9301 10506
3 8931 9233 10506
3 8618 8858 8931
3 10506 8618 8931
3 4079 4026 4025
3 4079 4025 4078
3 11038 4079 4078
3 11038 4078 11037
3 11096 11038 11037
3 11096 11037 11095
3 11150 11096 11095
3 11150 11095 11149
3 11208 11150 11149
3 11208 11149 11207
3 11264 11208 11207
3 11264 11207 11263
3 11336 11264 11263
3 11336 11263 11335
3 11396 11336 11335
3 11396 11335 11395
3 11456 11396 11395
3 11456 11395 11455
3 11516 11456 11455
3 11516 11455 11515
3 11586 11516 11515
3 11586 11515 11585
3 11636 11586 11585
3 11636 11585 11635
3 11686 11636 11635
3 11686 11635 11685
3 11786 11686 11685
3 11786 11685 11785
3 11889 11786 11785
3 11889 11785 11888
3 11992 11889 11888
3 11992 11888 11991
3 12092 11992 11991
3 12092 11991 12091
3 12192 12092 12091
3 12192 12091 12191
3 12142 12192 12191
3 12142 12191 12141
3 12042 12142 12141
3 12042 12141 12041
3 11942 12042 12041
3 11942 12041 11941
3 11839 11942 11941
3 11839 11941 11838
3 11736 11839 11838
3 11736 11838 11735
3 10507 11736 11735
3 10507 11735 10506
3 10458 10507 10506
3 10458 10506 10457
3 10408 10458 10457
3 10408 10457 10407
3 10360 10408 10407
3 10360 10407 10359
3 10309 10360 10359
3 10309 10359 10308
3 10259 10309 10308
3 10259 10308 10258
3 10194 10259 10258
3 10194 10258 10193
3 10132 10194 10193
3 10132 10193 10131
3 10132 10131 10052
3 10053 10132 10052
3 10053 10052 9972
3 9973 10053 9972
3 9973 9972 9895
3 9896 9973 9895
3 9896 9895 9832
3 9833 9896 9832
3 9833 9832 9763
3 9764 9833 9763
3 9764 9763 9699
3 9700 9764 9699
3 9700 9699 9630
3 9631 9700 9630
3 9631 9630 9571
3 9572 9631 9571
3 9572 9571 9511
3 9512 9572 9511
3 9512 9511 9453
3 9454 9512 9453
3 9454 9453 9385
3 9386 9454 9385
3 9386 9385 9301
3 9302 9386 9301
3 9302 9301 9233
3 9234 9302 9233
3 9234 9233 8931
3 8932 9234 8931
3 8861 8932 8931
3 8861 8931 8858
3 8861 8858 8519
3 8521 8861 8519
3 8521 8519 8618
3 8620 8521 8618
3 8620 8618 2521
3 2522 8620 2521
3 2471 2522 2521
3 2471 2521 2470
3 2471 2470 2404
3 2405 2471 2404
3 2405 2404 2329
3 2330 2405 2329
3 2330 2329 2244
3 2245 2330 2244
3 2245 2244 2131
3 2132 2245 2131
3 2132 2131 2074
3 2075 2132 2074
3 2075 2074 2018
3 2019 2075 2018
3 2019 2018 1948
3 1949 2019 1948
3 1949 1948 1899
3 1900 1949 1899
3 1900 1899 1838
3 1839 1900 1838
3 1839 1838 1789
3 1790 1839 1789
3 1790 1789 1734
3 1735 1790 1734
3 1735 1734 1636
3 1637 1735 1636
3 1637 1636 1538
3 1539 1637 1538
3 1539 1538 1440
3 1441 1539 1440
3 1441 1440 1391
3 1392 1441 1391
3 1392 1391 1489
3 1490 1392 1489
3 1490 1489 1587
3 1588 1490 1587
3 1588 1587 1685
3 1686 1588 1685
3 1686 1685 3073
3 3074 1686 3073
3 3074 3073 3125
3 3126 3074 3125
3 3126 3125 3173
3 3174 3126 3173
3 3174 3173 3221
3 3222 3174 3221
3 3222 3221 3269
3 3270 3222 3269
3 3270 3269 3317
3 3318 3270 3317
3 3318 3317 3373
3 3374 3318 3373
3 3427 3374 3373
3 3427 3373 3426
3 3485 3427 3426
3 3485 3426 3484
3 3544 3485 3484
3 3544 3484 3543
3 3599 3544 3543
3 3599 3543 3598
3 3651 3599 3598
3 3651 3598 3650
3 3709 3651 3650
3 3709 3650 3708
3 3759 3709 3708
3 3759 3708 3758
3 3821 3759 3758
3 3821 3758 3820
3 3873 3821 3820
3 3873 3820 3872
3 3923 3873 3872
3 3923 3872 3922
3 3973 3923 3922
3 3973 3922 3972
3 4026 3973 3972
3 4026 3972 4025
3 11150 11096 11038
3 11208 11150 11038
3 11264 11208 11038
3 11336 11264 11038
3 11396 11336 11038
3 11456 11396 11038
3 11516 11456 11038
3 11586 11516 11038
3 11636 11586 11038
3 11686 11636 11038
3 11786 11686 11038
3 11889 11786 11038
3 11992 11889 11038
3 12092 11992 11038
3 12192 12092 11038
3 12142 12192 11038
3 12042 12142 11038
3 11942 12042 11038
3 11839 11942 11038
3 10408 10458 10507
3 10360 10408 10507
3 10309 10360 10507
3 10259 10309 10507
3 10194 10259 10507
3 10132 10194 10507
3 10053 10132 10507
3 9973 10053 10507
3 9896 9973 10507
3 9833 9896 10507
3 9764 9833 10507
3 9700 9764 10507
3 9631 9700 10507
3 9572 9631 10507
3 9512 9572 10507
3 9454 9512 10507
3 9386 9454 10507
3 9302 9386 10507
3 2405 2471 2522
3 2330 2405 2522
3 2245 2330 2522
3 2132 2245 2522
3 2075 2132 2522
3 2019 2075 2522
3 1949 2019 2522
3 1900 1949 2522
3 1839 1900 2522
3 1790 1839 2522
3 1735 1790 2522
3 1637 1735 2522
3 1539 1637 2522
3 1441 1539 2522
3 1392 1441 2522
3 1490 1392 2522
3 1588 1490 2522
3 3174 3126 3074
3 3222 3174 3074
3 3270 3222 3074
3 3318 3270 3074
3 3374 3318 3074
3 3427 3374 3074
3 3485 3427 3074
3 3544 3485 3074
3 3599 3544 3074
3 3651 3599 3074
3 3709 3651 3074
3 3759 3709 3074
3 3821 3759 3074
3 3873 3821 3074
3 3923 3873 3074
3 3973 3923 3074
3 4026 3973 3074
3 1588 2522 8620
3 8620 8521 8861
3 1686 1588 8620
3 3074 1686 8620
3 4026 3074 8620
3 4079 4026 8620
3 11038 4079 8620
3 11839 11038 8620
3 11736 11839 8620
3 10507 11736 8620
3 9234 9302 10507
3 8932 9234 10507
3 8620 8861 8932
3 10507 8620 8932
3 11150 11096 11038
3 11208 11150 11038
3 11264 11208 11038
3 11336 11264 11038
3 11396 11336 11038
3 11456 11396 11038
3 11516 11456 11038
3 11586 11516 11038
3 11636 11586 11038
3 11686 11636 11038
3 11786 11686 11038
3 11889 11786 11038
3 11992 11889 11038
3 12092 11992 11038
3 12192 12092 11038
3 12142 12192 11038
3 12042 12142 11038
3 11942 12042 11038
3 11839 11942 11038
3 10408 10458 10507
3 10360 10408 10507
3 10309 10360 10507
3 10259 10309 10507
3 10194 10259 10507
3 10132 10194 10507
3 10053 10132 10507
3 9973 10053 10507
3 9896 9973 10507
3 9833 9896 10507
3 9764 9833 10507
3 9700 9764 10507
3 9631 9700 10507
3 9572 9631 10507
3 9512 9572 10507
3 9454 9512 10507
3 9386 9454 10507
3 9302 9386 10507
3 2405 2471 2522
3 2330 2405 2522
3 2245 2330 2522
3 2132 2245 2522
3 2075 2132 2522
3 2019 2075 2522
3 1949 2019 2522
3 1900 1949 2522
3 1839 1900 2522
3 1790 1839 2522
3 1735 1790 2522
3 1637 1735 2522
3 1539 1637 2522
3 1441 1539 2522
3 1392 1441 2522
3 1490 1392 2522
3 1588 1490 2522
3 3174 3126 3074
3 3222 3174 3074
3 3270 3222 3074
3 3318 3270 3074
3 3374 3318 3074
3 3427 3374 3074
3 3485 3427 3074
3 3544 3485 3074
3 3599 3544 3074
3 3651 3599 3074
3 3709 3651 3074
3 3759 3709 3074
3 3821 3759 3074
3 3873 3821 3074
3 3923 3873 3074
3 3973 3923 3074
3 4026 3973 3074
3 1588 2522 8620
3 8620 8521 8861
3 1686 1588 8620
3 3074 1686 8620
3 4026 3074 8620
3 4079 4026 8620
3 11038 4079 8620
3 11839 11038 8620
3 11736 11839 8620
3 10507 11736 8620
3 9234 9302 10507
3 8932 9234 10507
3 8620 8861 8932
3 10507 8620 8932
3 4080 4027 4026
3 4080 4026 4079
3 11039 4080 4079
3 11039 4079 11038
3 11097 11039 11038
3 11097 11038 11096
3 11151 11097 11096
3 11151 11096 11150
3 11209 11151 11150
3 11209 11150 11208
3 11265 11209 11208
3 11265 11208 11264
3 11337 11265 11264
3 11337 11264 11336
3 11397 11337 11336
3 11397 11336 11396
3 11457 11397 11396
3 11457 11396 11456
3 11517 11457 11456
3 11517 11456 11516
3 11587 11517 11516
3 11587 11516 11586
3 11637 11587 11586
3 11637 11586 11636
3 11687 11637 11636
3 11687 11636 11686
3 11787 11687 11686
3 11787 11686 11786
3 11890 11787 11786
3 11890 11786 11889
3 11993 11890 11889
3 11993 11889 11992
3 12093 11993 11992
3 12093 11992 12092
3 12193 12093 12092
3 12193 12092 12192
3 12143 12193 12192
3 12143 12192 12142
3 12043 12143 12142
3 12043 12142 12042
3 11943 12043 12042
3 11943 12042 11942
3 11840 11943 11942
3 11840 11942 11839
3 11737 11840 11839
3 11737 11839 11736
3 10508 11737 11736
3 10508 11736 10507
3 10459 10508 10507
3 10459 10507 10458
3 10409 10459 10458
3 10409 10458 10408
3 10361 10409 10408
3 10361 10408 10360
3 10310 10361 10360
3 10310 10360 10309
3 10260 10310 10309
3 10260 10309 10259
3 10195 10260 10259
3 10195 10259 10194
3 10133 10195 10194
3 10133 10194 10132
3 10133 10132 10053
3 10054 10133 10053
3 10054 10053 9973
3 9974 10054 9973
3 9974 9973 9896
3 9897 9974 9896
3 9897 9896 9833
3 9834 9897 9833
3 9834 9833 9764
3 9765 9834 9764
3 9765 9764 9700
3 9701 9765 9700
3 9701 9700 9631
3 9632 9701 9631
3 9632 9631 9572
3 9573 9632 9572
3 9573 9572 9512
3 9513 9573 9512
3 9513 9512 9454
3 9455 9513 9454
3 9455 9454 9386
3 9387 9455 9386
3 9387 9386 9302
3 9303 9387 9302
3 9303 9302 9234
3 9235 9303 9234
3 9235 9234 8932
3 8933 9235 8932
3 8864 8933 8932
3 8864 8932 8861
3 8864 8861 8521
3 8523 8864 8521
3 8523 8521 8620
3 8622 8523 8620
3 8622 8620 2522
3 2523 8622 2522
3 2472 2523 2522
3 2472 2522 2471
3 2472 2471 2405
3 2406 2472 2405
3 2406 2405 2330
3 2331 2406 2330
3 2331 2330 2245
3 2246 2331 2245
3 2246 2245 2132
3 2133 2246 2132
3 2133 2132 2075
3 2076 2133 2075
3 2076 2075 2019
3 2020 2076 2019
3 2020 2019 1949
3 1950 2020 1949
3 1950 1949 1900
3 1901 1950 1900
3 1901 1900 1839
3 1840 1901 1839
3 1840 1839 1790
3 1791 1840 1790
3 1791 1790 1735
3 1736 1791 1735
3 1736 1735 1637
3 1638 1736 1637
3 1638 1637 1539
3 1540 1638 1539
3 1540 1539 1441
3 1442 1540 1441
3 1442 1441 1392
3 1393 1442 1392
3 1393 1392 1490
3 1491 1393 1490
3 1491 1490 1588
3 1589 1491 1588
3 1589 1588 1686
3 1687 1589 1686
3 1687 1686 3074
3 3075 1687 3074
3 3075 3074 3126
3 3127 3075 3126
3 3127 3126 3174
3 3175 3127 3174
3 3175 3174 3222
3 3223 3175 3222
3 3223 3222 3270
3 3271 3223 3270
3 3271 3270 3318
3 3319 3271 3318
3 3319 3318 3374
3 3375 3319 3374
3 3428 3375 3374
3 3428 3374 3427
3 3486 3428 3427
3 3486 3427 3485
3 3545 3486 3485
3 3545 3485 3544
3 3600 3545 3544
3 3600 3544 3599
3 3652 3600 3599
3 3652 3599 3651
3 3710 3652 3651
3 3710 3651 3709
3 3760 3710 3709
3 3760 3709 3759
3 3822 3760 3759
3 3822 3759 3821
3 3874 3822 3821
3 3874 3821 3873
3 3924 3874 3873
3 3924 3873 3923
3 3974 3924 3923
3 3974 3923 3973
3 4027 3974 3973
3 4027 3973 4026
3 11151 11097 11039
3 11209 11151 11039
3 11265 11209 11039
3 11337 11265 11039
3 11397 11337 11039
3 11457 11397 11039
3 11517 11457 11039
3 11587 11517 11039
3 11637 11587 11039
3 11687 11637 11039
3 11787 11687 11039
3 11890 11787 11039
3 11993 11890 11039
3 12093 11993 11039
3 12193 12093 11039
3 12143 12193 11039
3 12043 12143 11039
3 11943 12043 11039
3 11840 11943 11039
3 10409 10459 10508
3 10361 10409 10508
3 10310 10361 10508
3 10260 10310 10508
3 10195 10260 10508
3 10133 10195 10508
3 10054 10133 10508
3 9974 10054 10508
3 9897 9974 10508
3 9834 9897 10508
3 9765 9834 10508
3 9701 9765 10508
3 9632 9701 10508
3 9573 9632 10508
3 9513 9573 10508
3 9455 9513 10508
3 9387 9455 10508
3 9303 9387 10508
3 2406 2472 2523
3 2331 2406 2523
3 2246 2331 2523
3 2133 2246 2523
3 2076 2133 2523
3 2020 2076 2523
3 1950 2020 2523
3 1901 1950 2523
3 1840 1901 2523
3 1791 1840 2523
3 1736 1791 2523
3 1638 1736 2523
3 1540 1638 2523
3 1442 1540 2523
3 1393 1442 2523
3 1491 1393 2523
3 1589 1491 2523
3 3175 3127 3075
3 3223 3175 3075
3 3271 3223 3075
3 3319 3271 3075
3 3375 3319 3075
3 3428 3375 3075
3 3486 3428 3075
3 3545 3486 3075
3 3600 3545 3075
3 3652 3600 3075
3 3710 3652 3075
3 3760 3710 3075
3 3822 3760 3075
3 3874 3822 3075
3 3924 3874 3075
3 3974 3924 3075
3 4027 3974 3075
3 1589 2523 8622
3 8622 8523 8864
3 1687 1589 8622
3 3075 1687 8622
3 4027 3075 8622
3 4080 4027 8622
3 11039 4080 8622
3 11840 11039 8622
3 11737 11840 8622
3 10508 11737 8622
3 9235 9303 10508
3 8933 9235 10508
3 8622 8864 8933
3 10508 8622 8933
3 11151 11097 11039
3 11209 11151 11039
3 11265 11209 11039
3 11337 11265 11039
3 11397 11337 11039
3 11457 11397 11039
3 11517 11457 11039
3 11587 11517 11039
3 11637 11587 11039
3 11687 11637 11039
3 11787 11687 11039
3 11890 11787 11039
3 11993 11890 11039
3 12093 11993 11039
3 12193 12093 11039
3 12143 12193 11039
3 12043 12143 11039
3 11943 12043 11039
3 11840 11943 11039
3 10409 10459 10508
3 10361 10409 10508
3 10310 10361 10508
3 10260 10310 10508
3 10195 10260 10508
3 10133 10195 10508
3 10054 10133 10508
3 9974 10054 10508
3 9897 9974 10508
3 9834 9897 10508
3 9765 9834 10508
3 9701 9765 10508
3 9632 9701 10508
3 9573 9632 10508
3 9513 9573 10508
3 9455 9513 10508
3 9387 9455 10508
3 9303 9387 10508
3 2406 2472 2523
3 2331 2406 2523
3 2246 2331 2523
3 2133 2246 2523
3 2076 2133 2523
3 2020 2076 2523
3 1950 2020 2523
3 1901 1950 2523
3 1840 1901 2523
3 1791 1840 2523
3 1736 1791 2523
3 1638 1736 2523
3 1540 1638 2523
3 1442 1540 2523
3 1393 1442 2523
3 1491 1393 2523
3 1589 1491 2523
3 3175 3127 3075
3 3223 3175 3075
3 3271 3223 3075
3 3319 3271 3075
3 3375 3319 3075
3 3428 3375 3075
3 3486 3428 3075
3 3545 3486 3075
3 3600 3545 3075
3 3652 3600 3075
3 3710 3652 3075
3 3760 3710 3075
3 3822 3760 3075
3 3874 3822 3075
3 3924 3874 3075
3 3974 3924 3075
3 4027 3974 3075
3 1589 2523 8622
3 8622 8523 8864
3 1687 1589 8622
3 3075 1687 8622
3 4027 3075 8622
3 4080 4027 8622
3 11039 4080 8622
3 11840 11039 8622
3 11737 11840 8622
3 10508 11737 8622
3 9235 9303 10508
3 8933 9235 10508
3 8622 8864 8933
3 10508 8622 8933
3 4081 4028 4027
3 4081 4027 4080
3 11040 4081 4080
3 11040 4080 11039
3 11098 11040 11039
3 11098 11039 11097
3 11152 11098 11097
3 11152 11097 11151
3 11210 11152 11151
3 11210 11151 11209
3 11266 11210 11209
3 11266 11209 11265
3 11338 11266 11265
3 11338 11265 11337
3 11398 11338 11337
3 11398 11337 11397
3 11458 11398 11397
3 11458 11397 11457
3 11518 11458 11457
3 11518 11457 11517
3 11588 11518 11517
3 11588 11517 11587
3 11638 11588 11587
3 11638 11587 11637
3 11688 11638 11637
3 11688 11637 11687
3 11788 11688 11687
3 11788 11687 11787
3 11891 11788 11787
3 11891 11787 11890
3 11994 11891 11890
3 11994 11890 11993
3 12094 11994 11993
3 12094 11993 12093
3 12194 12094 12093
3 12194 12093 12193
3 12144 12194 12193
3 12144 12193 12143
3 12044 12144 12143
3 12044 12143 12043
3 11944 12044 12043
3 11944 12043 11943
3 11841 11944 11943
3 11841 11943 11840
3 11738 11841 11840
3 11738 11840 11737
3 10509 11738 11737
3 10509 11737 10508
3 10460 10509 10508
3 10460 10508 10459
3 10410 10460 10459
3 10410 10459 10409
3 10362 10410 10409
3 10362 10409 10361
3 10311 10362 10361
3 10311 10361 10310
3 10261 10311 10310
3 10261 10310 10260
3 10196 10261 10260
3 10196 10260 10195
3 10134 10196 10195
3 10134 10195 10133
3 10134 10133 10054
3 10055 10134 10054
3 10055 10054 9974
3 9975 10055 9974
3 9975 9974 9897
3 9898 9975 9897
3 9898 9897 9834
3 9835 9898 9834
3 9835 9834 9765
3 9766 9835 9765
3 9766 9765 9701
3 9702 9766 9701
3 9702 9701 9632
3 9633 9702 9632
3 9633 9632 9573
3 9574 9633 9573
3 9574 9573 9513
3 9514 9574 9513
3 9514 9513 9455
3 9456 9514 9455
3 9456 9455 9387
3 9388 9456 9387
3 9388 9387 9303
3 9304 9388 9303
3 9304 9303 9235
3 9236 9304 9235
3 9236 9235 8933
3 8934 9236 8933
3 8867 8934 8933
3 8867 8933 8864
3 8867 8864 8523
3 8525 8867 8523
3 8525 8523 8622
3 8624 8525 8622
3 8624 8622 2523
3 2524 8624 2523
3 2473 2524 2523
3 2473 2523 2472
3 2473 2472 2406
3 2407 2473 2406
3 2407 2406 2331
3 2332 2407 2331
3 2332 2331 2246
3 2247 2332 2246
3 2247 2246 2133
3 2134 2247 2133
3 2134 2133 2076
3 2077 2134 2076
3 2077 2076 2020
3 2021 2077 2020
3 2021 2020 1950
3 1951 2021 1950
3 1951 1950 1901
3 1902 1951 1901
3 1902 1901 1840
3 1841 1902 1840
3 1841 1840 1791
3 1792 1841 1791
3 1792 1791 1736
3 1737 1792 1736
3 1737 1736 1638
3 1639 1737 1638
3 1639 1638 1540
3 1541 1639 1540
3 1541 1540 1442
3 1443 1541 1442
3 1443 1442 1393
3 1394 1443 1393
3 1394 1393 1491
3 1492 1394 1491
3 1492 1491 1589
3 1590 1492 1589
3 1590 1589 1687
3 1688 1590 1687
3 1688 1687 3075
3 3076 1688 3075
3 3076 3075 3127
3 3128 3076 3127
3 3128 3127 3175
3 3176 3128 3175
3 3176 3175 3223
3 3224 3176 3223
3 3224 3223 3271
3 3272 3224 3271
3 3272 3271 3319
3 3320 3272 3319
3 3320 3319 3375
3 3376 3320 3375
3 3429 3376 3375
3 3429 3375 3428
3 3487 3429 3428
3 3487 3428 3486
3 3546 3487 3486
3 3546 3486 3545
3 3601 3546 3545
3 3601 3545 3600
3 3653 3601 3600
3 3653 3600 3652
3 3711 3653 3652
3 3711 3652 3710
3 3761 3711 3710
3 3761 3710 3760
3 3823 3761 3760
3 3823 3760 3822
3 3875 3823 3822
3 3875 3822 3874
3 3925 3875 3874
3 3925 3874 3924
3 3975 3925 3924
3 3975 3924 3974
3 4028 3975 3974
3 4028 3974 4027
3 11152 11098 11040
3 11210 11152 11040
3 11266 11210 11040
3 11338 11266 11040
3 11398 11338 11040
3 11458 11398 11040
3 11518 11458 11040
3 11588 11518 11040
3 11638 11588 11040
3 11688 11638 11040
3 11788 11688 11040
3 11891 11788 11040
3 11994 11891 11040
3 12094 11994 11040
3 12194 12094 11040
3 12144 12194 11040
3 12044 12144 11040
3 11944 12044 11040
3 11841 11944 11040
3 10410 10460 10509
3 10362 10410 10509
3 10311 10362 10509
3 10261 10311 10509
3 10196 10261 10509
3 10134 10196 10509
3 10055 10134 10509
3 9975 10055 10509
3 9898 9975 10509
3 9835 9898 10509
3 9766 9835 10509
3 9702 9766 10509
3 9633 9702 10509
3 9574 9633 10509
3 9514 9574 10509
3 9456 9514 10509
3 9388 9456 10509
3 9304 9388 10509
3 2407 2473 2524
3 2332 2407 2524
3 2247 2332 2524
3 2134 2247 2524
3 2077 2134 2524
3 2021 2077 2524
3 1951 2021 2524
3 1902 1951 2524
3 1841 1902 2524
3 1792 1841 2524
3 1737 1792 2524
3 1639 1737 2524
3 1541 1639 2524
3 1443 1541 2524
3 1394 1443 2524
3 1492 1394 2524
3 1590 1492 2524
3 3176 3128 3076
3 3224 3176 3076
3 3272 3224 3076
3 3320 3272 3076
3 3376 3320 3076
3 3429 3376 3076
3 3487 3429 3076
3 3546 3487 3076
3 3601 3546 3076
3 3653 3601 3076
3 3711 3653 3076
3 3761 3711 3076
3 3823 3761 3076
3 3875 3823 3076
3 3925 3875 3076
3 3975 3925 3076
3 4028 3975 3076
3 1590 2524 8624
3 8624 8525 8867
3 1688 1590 8624
3 3076 1688 8624
3 4028 3076 8624
3 4081 4028 8624
3 11040 4081 8624
3 11841 11040 8624
3 11738 11841 8624
3 10509 11738 8624
3 9236 9304 10509
3 8934 9236 10509
3 8624 8867 8934
3 10509 8624 8934
3 11152 11098 11040
3 11210 11152 11040
3 11266 11210 11040
3 11338 11266 11040
3 11398 11338 11040
3 11458 11398 11040
3 11518 11458 11040
3 11588 11518 11040
3 11638 11588 11040
3 11688 11638 11040
3 11788 11688 11040
3 11891 11788 11040
3 11994 11891 11040
3 12094 11994 11040
3 12194 12094 11040
3 12144 12194 11040
3 12044 12144 11040
3 11944 12044 11040
3 11841 11944 11040
3 10410 10460 10509
3 10362 10410 10509
3 10311 10362 10509
3 10261 10311 10509
3 10196 10261 10509
3 10134 10196 10509
3 10055 10134 10509
3 9975 10055 10509
3 9898 9975 10509
3 9835 9898 10509
3 9766 9835 10509
3 9702 9766 10509
3 9633 9702 10509
3 9574 9633 10509
3 9514 9574 10509
3 9456 9514 10509
3 9388 9456 10509
3 9304 9388 10509
3 2407 2473 2524
3 2332 2407 2524
3 2247 2332 2524
3 2134 2247 2524
3 2077 2134 2524
3 2021 2077 2524
3 1951 2021 2524
3 1902 1951 2524
3 1841 1902 2524
3 1792 1841 2524
3 1737 1792 2524
3 1639 1737 2524
3 1541 1639 2524
3 1443 1541 2524
3 1394 1443 2524
3 1492 1394 2524
3 1590 1492 2524
3 3176 3128 3076
3 3224 3176 3076
3 3272 3224 3076
3 3320 3272 3076
3 3376 3320 3076
3 3429 3376 3076
3 3487 3429 3076
3 3546 3487 3076
3 3601 3546 3076
3 3653 3601 3076
3 3711 3653 3076
3 3761 3711 3076
3 3823 3761 3076
3 3875 3823 3076
3 3925 3875 3076
3 3975 3925 3076
3 4028 3975 3076
3 1590 2524 8624
3 8624 8525 8867
3 1688 1590 8624
3 3076 1688 8624
3 4028 3076 8624
3 4081 4028 8624
3 11040 4081 8624
3 11841 11040 8624
3 11738 11841 8624
3 10509 11738 8624
3 9236 9304 10509
3 8934 9236 10509
3 8624 8867 8934
3 10509 8624 8934
3 4082 4029 4028
3 4082 4028 4081
3 11041 4082 4081
3 11041 4081 11040
3 11099 11041 11040
3 11099 11040 11098
3 11153 11099 11098
3 11153 11098 11152
3 11211 11153 11152
3 11211 11152 11210
3 11267 11211 11210
3 11267 11210 11266
3 11339 11267 11266
3 11339 11266 11338
3 11399 11339 11338
3 11399 11338 11398
3 11459 11399 11398
3 11459 11398 11458
3 11519 11459 11458
3 11519 11458 11518
3 11589 11519 11518
3 11589 11518 11588
3 11639 11589 11588
3 11639 11588 11638
3 11689 11639 11638
3 11689 11638 11688
3 11789 11689 11688
3 11789 11688 11788
3 11892 11789 11788
3 11892 11788 11891
3 11995 11892 11891
3 11995 11891 11994
3 12095 11995 11994
3 12095 11994 12094
3 12195 12095 12094
3 12195 12094 12194
3 12145 12195 12194
3 12145 12194 12144
3 12045 12145 12144
3 12045 12144 12044
3 11945 12045 12044
3 11945 12044 11944
3 11842 11945 11944
3 11842 11944 11841
3 11739 11842 11841
3 11739 11841 11738
3 10510 11739 11738
3 10510 11738 10509
3 10461 10510 10509
3 10461 10509 10460
3 10411 10461 10460
3 10411 10460 10410
3 10363 10411 10410
3 10363 10410 10362
3 10312 10363 10362
3 10312 10362 10311
3 10262 10312 10311
3 10262 10311 10261
3 10197 10262 10261
3 10197 10261 10196
3 10135 10197 10196
3 10135 10196 10134
3 10135 10134 10055
3 10056 10135 10055
3 10056 10055 9975
3 9976 10056 9975
3 9976 9975 9898
3 9899 9976 9898
3 9899 9898 9835
3 9836 9899 9835
3 9836 9835 9766
3 9767 9836 9766
3 9767 9766 9702
3 9703 9767 9702
3 9703 9702 9633
3 9634 9703 9633
3 9634 9633 9574
3 9575 9634 9574
3 9575 9574 9514
3 9515 9575 9514
3 9515 9514 9456
3 9457 9515 9456
3 9457 9456 9388
3 9389 9457 9388
3 9389 9388 9304
3 9305 9389 9304
3 9305 9304 9236
3 9237 9305 9236
3 9237 9236 8934
3 8935 9237 8934
3 8870 8935 8934
3 8870 8934 8867
3 8870 8867 8525
3 8527 8870 8525
3 8527 8525 8624
3 8626 8527 8624
3 8626 8624 2524
3 2525 8626 2524
3 2474 2525 2524
3 2474 2524 2473
3 2474 2473 2407
3 2408 2474 2407
3 2408 2407 2332
3 2333 2408 2332
3 2333 2332 2247
3 2248 2333 2247
3 2248 2247 2134
3 2135 2248 2134
3 2135 2134 2077
3 2078 2135 2077
3 2078 2077 2021
3 2022 2078 2021
3 2022 2021 1951
3 1952 2022 1951
3 1952 1951 1902
3 1903 1952 1902
3 1903 1902 1841
3 1842 1903 1841
3 1842 1841 1792
3 1793 1842 1792
3 1793 1792 1737
3 1738 1793 1737
3 1738 1737 1639
3 1640 1738 1639
3 1640 1639 1541
3 1542 1640 1541
3 1542 1541 1443
3 1444 1542 1443
3 1444 1443 1394
3 1395 1444 1394
3 1395 1394 1492
3 1493 1395 1492
3 1493 1492 1590
3 1591 1493 1590
3 1591 1590 1688
3 1689 1591 1688
3 1689 1688 3076
3 3077 1689 3076
3 3077 3076 3128
3 3129 3077 3128
3 3129 3128 3176
3 3177 3129 3176
3 3177 3176 3224
3 3225 3177 3224
3 3225 3224 3272
3 3273 3225 3272
3 3273 3272 3320
3 3321 3273 3320
3 3321 3320 3376
3 3377 3321 3376
3 3430 3377 3376
3 3430 3376 3429
3 3488 3430 3429
3 3488 3429 3487
3 3547 3488 3487
3 3547 3487 3546
3 3602 3547 3546
3 3602 3546 3601
3 3654 3602 3601
3 3654 3601 3653
3 3712 3654 3653
3 3712 3653 3711
3 3762 3712 3711
3 3762 3711 3761
3 3824 3762 3761
3 3824 3761 3823
3 3876 3824 3823
3 3876 3823 3875
3 3926 3876 3875
3 3926 3875 3925
3 3976 3926 3925
3 3976 3925 3975
3 4029 3976 3975
3 4029 3975 4028
3 11153 11099 11041
3 11211 11153 11041
3 11267 11211 11041
3 11339 11267 11041
3 11399 11339 11041
3 11459 11399 11041
3 11519 11459 11041
3 11589 11519 11041
3 11639 11589 11041
3 11689 11639 11041
3 11789 11689 11041
3 11892 11789 11041
3 11995 11892 11041
3 12095 11995 11041
3 12195 12095 11041
3 12145 12195 11041
3 12045 12145 11041
3 11945 12045 11041
3 11842 11945 11041
3 10411 10461 10510
3 10363 10411 10510
3 10312 10363 10510
3 10262 10312 10510
3 10197 10262 10510
3 10135 10197 10510
3 10056 10135 10510
3 9976 10056 10510
3 9899 9976 10510
3 9836 9899 10510
3 9767 9836 10510
3 9703 9767 10510
3 9634 9703 10510
3 9575 9634 10510
3 9515 9575 10510
3 9457 9515 10510
3 9389 9457 10510
3 9305 9389 10510
3 2408 2474 2525
3 2333 2408 2525
3 2248 2333 2525
3 2135 2248 2525
3 2078 2135 2525
3 2022 2078 2525
3 1952 2022 2525
3 1903 1952 2525
3 1842 1903 2525
3 1793 1842 2525
3 1738 1793 2525
3 1640 1738 2525
3 1542 1640 2525
3 1444 1542 2525
3 1395 1444 2525
3 1493 1395 2525
3 1591 1493 2525
3 3177 3129 3077
3 3225 3177 3077
3 3273 3225 3077
3 3321 3273 3077
3 3377 3321 3077
3 3430 3377 3077
3 3488 3430 3077
3 3547 3488 3077
3 3602 3547 3077
3 3654 3602 3077
3 3712 3654 3077
3 3762 3712 3077
3 3824 3762 3077
3 3876 3824 3077
3 3926 3876 3077
3 3976 3926 3077
3 4029 3976 3077
3 1591 2525 8626
3 8626 8527 8870
3 1689 1591 8626
3 3077 1689 8626
3 4029 3077 8626
3 4082 4029 8626
3 11041 4082 8626
3 11842 11041 8626
3 11739 11842 8626
3 10510 11739 8626
3 9237 9305 10510
3 8935 9237 10510
3 8626 8870 8935
3 10510 8626 8935
3 11153 11099 11041
3 11211 11153 11041
3 11267 11211 11041
3 11339 11267 11041
3 11399 11339 11041
3 11459 11399 11041
3 11519 11459 11041
3 11589 11519 11041
3 11639 11589 11041
3 11689 11639 11041
3 11789 11689 11041
3 11892 11789 11041
3 11995 11892 11041
3 12095 11995 11041
3 12195 12095 11041
3 12145 12195 11041
3 12045 12145 11041
3 11945 12045 11041
3 11842 11945 11041
3 10411 10461 10510
3 10363 10411 10510
3 10312 10363 10510
3 10262 10312 10510
3 10197 10262 10510
3 10135 10197 10510
3 10056 10135 10510
3 9976 10056 10510
3 9899 9976 10510
3 9836 9899 10510
3 9767 9836 10510
3 9703 9767 10510
3 9634 9703 10510
3 9575 9634 10510
3 9515 9575 10510
3 9457 9515 10510
3 9389 9457 10510
3 9305 9389 10510
3 2408 2474 2525
3 2333 2408 2525
3 2248 2333 2525
3 2135 2248 2525
3 2078 2135 2525
3 2022 2078 2525
3 1952 2022 2525
3 1903 1952 2525
3 1842 1903 2525
3 1793 1842 2525
3 1738 1793 2525
3 1640 1738 2525
3 1542 1640 2525
3 1444 1542 2525
3 1395 1444 2525
3 1493 1395 2525
3 1591 1493 2525
3 3177 3129 3077
3 3225 3177 3077
3 3273 3225 3077
3 3321 3273 3077
3 3377 3321 3077
3 3430 3377 3077
3 3488 3430 3077
3 3547 3488 3077
3 3602 3547 3077
3 3654 3602 3077
3 3712 3654 3077
3 3762 3712 3077
3 3824 3762 3077
3 3876 3824 3077
3 3926 3876 3077
3 3976 3926 3077
3 4029 3976 3077
3 1591 2525 8626
3 8626 8527 8870
3 1689 1591 8626
3 3077 1689 8626
3 4029 3077 8626
3 4082 4029 8626
3 11041 4082 8626
3 11842 11041 8626
3 11739 11842 8626
3 10510 11739 8626
3 9237 9305 10510
3 8935 9237 10510
3 8626 8870 8935
3 10510 8626 8935
3 4083 4030 4029
3 4083 4029 4082
3 11042 4083 4082
3 11042 4082 11041
3 11100 11042 11041
3 11100 11041 11099
3 11154 11100 11099
3 11154 11099 11153
3 11212 11154 11153
3 11212 11153 11211
3 11268 11212 11211
3 11268 11211 11267
3 11340 11268 11267
3 11340 11267 11339
3 11400 11340 11339
3 11400 11339 11399
3 11460 11400 11399
3 11460 11399 11459
3 11520 11460 11459
3 11520 11459 11519
3 11590 11520 11519
3 11590 11519 11589
3 11640 11590 11589
3 11640 11589 11639
3 11690 11640 11639
3 11690 11639 11689
3 11790 11690 11689
3 11790 11689 11789
3 11893 11790 11789
3 11893 11789 11892
3 11996 11893 11892
3 11996 11892 11995
3 12096 11996 11995
3 12096 11995 12095
3 12196 12096 12095
3 12196 12095 12195
3 12146 12196 12195
3 12146 12195 12145
3 12046 12146 12145
3 12046 12145 12045
3 11946 12046 12045
3 11946 12045 11945
3 11843 11946 11945
3 11843 11945 11842
3 11740 11843 11842
3 11740 11842 11739
3 10511 11740 11739
3 10511 11739 10510
3 10462 10511 10510
3 10462 10510 10461
3 10412 10462 10461
3 10412 10461 10411
3 10364 10412 10411
3 10364 10411 10363
3 10313 10364 10363
3 10313 10363 10312
3 10263 10313 10312
3 10263 10312 10262
3 10198 10263 10262
3 10198 10262 10197
3 10136 10198 10197
3 10136 10197 10135
3 10136 10135 10056
3 10057 10136 10056
3 10057 10056 9976
3 9977 10057 9976
3 9977 9976 9899
3 9900 9977 9899
3 9900 9899 9836
3 9837 9900 9836
3 9837 9836 9767
3 9768 9837 9767
3 9768 9767 9703
3 9704 9768 9703
3 9704 9703 9634
3 9635 9704 9634
3 9635 9634 9575
3 9576 9635 9575
3 9576 9575 9515
3 9516 9576 9515
3 9516 9515 9457
3 9458 9516 9457
3 9458 9457 9389
3 9390 9458 9389
3 9390 9389 9305
3 9306 9390 9305
3 9306 9305 9237
3 9238 9306 9237
3 9238 9237 8935
3 8936 9238 8935
3 8873 8936 8935
3 8873 8935 8870
3 8873 8870 8527
3 8529 8873 8527
3 8529 8527 8626
3 8628 8529 8626
3 8628 8626 2525
3 2526 8628 2525
3 2475 2526 2525
3 2475 2525 2474
3 2475 2474 2408
3 2409 2475 2408
3 2409 2408 2333
3 2334 2409 2333
3 2334 2333 2248
3 2249 2334 2248
3 2249 2248 2135
3 2136 2249 2135
3 2136 2135 2078
3 2079 2136 2078
3 2079 2078 2022
3 2023 2079 2022
3 2023 2022 1952
3 1953 2023 1952
3 1953 1952 1903
3 1904 1953 1903
3 1904 1903 1842
3 1843 1904 1842
3 1843 1842 1793
3 1794 1843 1793
3 1794 1793 1738
3 1739 1794 1738
3 1739 1738 1640
3 1641 1739 1640
3 1641 1640 1542
3 1543 1641 1542
3 1543 1542 1444
3 1445 1543 1444
3 1445 1444 1395
3 1396 1445 1395
3 1396 1395 1493
3 1494 1396 1493
3 1494 1493 1591
3 1592 1494 1591
3 1592 1591 1689
3 1690 1592 1689
3 1690 1689 3077
3 3078 1690 3077
3 3078 3077 3129
3 3130 3078 3129
3 3130 3129 3177
3 3178 3130 3177
3 3178 3177 3225
3 3226 3178 3225
3 3226 3225 3273
3 3274 3226 3273
3 3274 3273 3321
3 3322 3274 3321
3 3322 3321 3377
3 3378 3322 3377
3 3431 3378 3377
3 3431 3377 3430
3 3489 3431 3430
3 3489 3430 3488
3 3548 3489 3488
3 3548 3488 3547
3 3603 3548 3547
3 3603 3547 3602
3 3655 3603 3602
3 3655 3602 3654
3 3713 3655 3654
3 3713 3654 3712
3 3763 3713 3712
3 3763 3712 3762
3 3825 3763 3762
3 3825 3762 3824
3 3877 3825 3824
3 3877 3824 3876
3 3927 3877 3876
3 3927 3876 3926
3 3977 3927 3926
3 3977 3926 3976
3 4030 3977 3976
3 4030 3976 4029
3 11154 11100 11042
3 11212 11154 11042
3 11268 11212 11042
3 11340 11268 11042
3 11400 11340 11042
3 11460 11400 11042
3 11520 11460 11042
3 11590 11520 11042
3 11640 11590 11042
3 11690 11640 11042
3 11790 11690 11042
3 11893 11790 11042
3 11996 11893 11042
3 12096 11996 11042
3 12196 12096 11042
3 12146 12196 11042
3 12046 12146 11042
3 11946 12046 11042
3 11843 11946 11042
3 10412 10462 10511
3 10364 10412 10511
3 10313 10364 10511
3 10263 10313 10511
3 10198 10263 10511
3 10136 10198 10511
3 10057 10136 10511
3 9977 10057 10511
3 9900 9977 10511
3 9837 9900 10511
3 9768 9837 10511
3 9704 9768 10511
3 9635 9704 10511
3 9576 9635 10511
3 9516 9576 10511
3 9458 9516 10511
3 9390 9458 10511
3 9306 9390 10511
3 2409 2475 2526
3 2334 2409 2526
3 2249 2334 2526
3 2136 2249 2526
3 2079 2136 2526
3 2023 2079 2526
3 1953 2023 2526
3 1904 1953 2526
3 1843 1904 2526
3 1794 1843 2526
3 1739 1794 2526
3 1641 1739 2526
3 1543 1641 2526
3 1445 1543 2526
3 1396 1445 2526
3 1494 1396 2526
3 1592 1494 2526
3 3178 3130 3078
3 3226 3178 3078
3 3274 3226 3078
3 3322 3274 3078
3 3378 3322 3078
3 3431 3378 3078
3 3489 3431 3078
3 3548 3489 3078
3 3603 3548 3078
3 3655 3603 3078
3 3713 3655 3078
3 3763 3713 3078
3 3825 3763 3078
3 3877 3825 3078
3 3927 3877 3078
3 3977 3927 3078
3 4030 3977 3078
3 1592 2526 8628
3 8628 8529 8873
3 1690 1592 8628
3 3078 1690 8628
3 4030 3078 8628
3 4083 4030 8628
3 11042 4083 8628
3 11843 11042 8628
3 11740 11843 8628
3 10511 11740 8628
3 9238 9306 10511
3 8936 9238 10511
3 8628 8873 8936
3 10511 8628 8936
3 11154 11100 11042
3 11212 11154 11042
3 11268 11212 11042
3 11340 11268 11042
3 11400 11340 11042
3 11460 11400 11042
3 11520 11460 11042
3 11590 11520 11042
3 11640 11590 11042
3 11690 11640 11042
3 11790 11690 11042
3 11893 11790 11042
3 11996 11893 11042
3 12096 11996 11042
3 12196 12096 11042
3 12146 12196 11042
3 12046 12146 11042
3 11946 12046 11042
3 11843 11946 11042
3 10412 10462 10511
3 10364 10412 10511
3 10313 10364 10511
3 10263 10313 10511
3 10198 10263 10511
3 10136 10198 10511
3 10057 10136 10511
3 9977 10057 10511
3 9900 9977 10511
3 9837 9900 10511
3 9768 9837 10511
3 9704 9768 10511
3 9635 9704 10511
3 9576 9635 10511
3 9516 9576 10511
3 9458 9516 10511
3 9390 9458 10511
3 9306 9390 10511
3 2409 2475 2526
3 2334 2409 2526
3 2249 2334 2526
3 2136 2249 2526
3 2079 2136 2526
3 2023 2079 2526
3 1953 2023 2526
3 1904 1953 2526
3 1843 1904 2526
3 1794 1843 2526
3 1739 1794 2526
3 1641 1739 2526
3 1543 1641 2526
3 1445 1543 2526
3 1396 1445 2526
3 1494 1396 2526
3 1592 1494 2526
3 3178 3130 3078
3 3226 3178 3078
3 3274 3226 3078
3 3322 3274 3078
3 3378 3322 3078
3 3431 3378 3078
3 3489 3431 3078
3 3548 3489 3078
3 3603 3548 3078
3 3655 3603 3078
3 3713 3655 3078
3 3763 3713 3078
3 3825 3763 3078
3 3877 3825 3078
3 3927 3877 3078
3 3977 3927 3078
3 4030 3977 3078
3 1592 2526 8628
3 8628 8529 8873
3 1690 1592 8628
3 3078 1690 8628
3 4030 3078 8628
3 4083 4030 8628
3 11042 4083 8628
3 11843 11042 8628
3 11740 11843 8628
3 10511 11740 8628
3 9238 9306 10511
3 8936 9238 10511
3 8628 8873 8936
3 10511 8628 8936
3 4084 4031 4030
3 4084 4030 4083
3 11043 4084 4083
3 11043 4083 11042
3 11101 11043 11042
3 11101 11042 11100
3 11155 11101 11100
3 11155 11100 11154
3 11213 11155 11154
3 11213 11154 11212
3 11269 11213 11212
3 11269 11212 11268
3 11341 11269 11268
3 11341 11268 11340
3 11401 11341 11340
3 11401 11340 11400
3 11461 11401 11400
3 11461 11400 11460
3 11521 11461 11460
3 11521 11460 11520
3 11591 11521 11520
3 11591 11520 11590
3 11641 11591 11590
3 11641 11590 11640
3 11691 11641 11640
3 11691 11640 11690
3 11791 11691 11690
3 11791 11690 11790
3 11894 11791 11790
3 11894 11790 11893
3 11997 11894 11893
3 11997 11893 11996
3 12097 11997 11996
3 12097 11996 12096
3 12197 12097 12096
3 12197 12096 12196
3 12147 12197 12196
3 12147 12196 12146
3 12047 12147 12146
3 12047 12146 12046
3 11947 12047 12046
3 11947 12046 11946
3 11844 11947 11946
3 11844 11946 11843
3 11741 11844 11843
3 11741 11843 11740
3 10512 11741 11740
3 10512 11740 10511
3 10463 10512 10511
3 10463 10511 10462
3 10413 10463 10462
3 10413 10462 10412
3 10365 10413 10412
3 10365 10412 10364
3 10314 10365 10364
3 10314 10364 10313
3 10264 10314 10313
3 10264 10313 10263
3 10199 10264 10263
3 10199 10263 10198
3 10137 10199 10198
3 10137 10198 10136
3 10137 10136 10057
3 10058 10137 10057
3 10058 10057 9977
3 9978 10058 9977
3 9978 9977 9900
3 9901 9978 9900
3 9901 9900 9837
3 9838 9901 9837
3 9838 9837 9768
3 9769 9838 9768
3 9769 9768 9704
3 9705 9769 9704
3 9705 9704 9635
3 9636 9705 9635
3 9636 9635 9576
3 9577 9636 9576
3 9577 9576 9516
3 9517 9577 9516
3 9517 9516 9458
3 9459 9517 9458
3 9459 9458 9390
3 9391 9459 9390
3 9391 9390 9306
3 9307 9391 9306
3 9307 9306 9238
3 9239 9307 9238
3 9239 9238 8936
3 8937 9239 8936
3 8876 8937 8936
3 8876 8936 8873
3 8876 8873 8529
3 8531 8876 8529
3 8531 8529 8628
3 8630 8531 8628
3 8630 8628 2526
3 2527 8630 2526
3 2476 2527 2526
3 2476 2526 2475
3 2476 2475 2409
3 2410 2476 2409
3 2410 2409 2334
3 2335 2410 2334
3 2335 2334 2249
3 2250 2335 2249
3 2250 2249 2136
3 2137 2250 2136
3 2137 2136 2079
3 2080 2137 2079
3 2080 2079 2023
3 2024 2080 2023
3 2024 2023 1953
3 1954 2024 1953
3 1954 1953 1904
3 1905 1954 1904
3 1905 1904 1843
3 1844 1905 1843
3 1844 1843 1794
3 1795 1844 1794
3 1795 1794 1739
3 1740 1795 1739
3 1740 1739 1641
3 1642 1740 1641
3 1642 1641 1543
3 1544 1642 1543
3 1544 1543 1445
3 1446 1544 1445
3 1446 1445 1396
3 1397 1446 1396
3 1397 1396 1494
3 1495 1397 1494
3 1495 1494 1592
3 1593 1495 1592
3 1593 1592 1690
3 1691 1593 1690
3 1691 1690 3078
3 3079 1691 3078
3 3079 3078 3130
3 3131 3079 3130
3 3131 3130 3178
3 3179 3131 3178
3 3179 3178 3226
3 3227 3179 3226
3 3227 3226 3274
3 3275 3227 3274
3 3275 3274 3322
3 3323 3275 3322
3 3323 3322 3378
3 3379 3323 3378
3 3432 3379 3378
3 3432 3378 3431
3 3490 3432 3431
3 3490 3431 3489
3 3549 3490 3489
3 3549 3489 3548
3 3604 3549 3548
3 3604 3548 3603
3 3656 3604 3603
3 3656 3603 3655
3 3714 3656 3655
3 3714 3655 3713
3 3764 3714 3713
3 3764 3713 3763
3 3826 3764 3763
3 3826 3763 3825
3 3878 3826 3825
3 3878 3825 3877
3 3928 3878 3877
3 3928 3877 3927
3 3978 3928 3927
3 3978 3927 3977
3 4031 3978 3977
3 4031 3977 4030
3 11155 11101 11043
3 11213 11155 11043
3 11269 11213 11043
3 11341 11269 11043
3 11401 11341 11043
3 11461 11401 11043
3 11521 11461 11043
3 11591 11521 11043
3 11641 11591 11043
3 11691 11641 11043
3 11791 11691 11043
3 11894 11791 11043
3 11997 11894 11043
3 12097 11997 11043
3 12197 12097 11043
3 12147 12197 11043
3 12047 12147 11043
3 11947 12047 11043
3 11844 11947 11043
3 10413 10463 10512
3 10365 10413 10512
3 10314 10365 10512
3 10264 10314 10512
3 10199 10264 10512
3 10137 10199 10512
3 10058 10137 10512
3 9978 10058 10512
3 9901 9978 10512
3 9838 9901 10512
3 9769 9838 10512
3 9705 9769 10512
3 9636 9705 10512
3 9577 9636 10512
3 9517 9577 10512
3 9459 9517 10512
3 9391 9459 10512
3 9307 9391 10512
3 2410 2476 2527
3 2335 2410 2527
3 2250 2335 2527
3 2137 2250 2527
3 2080 2137 2527
3 2024 2080 2527
3 1954 2024 2527
3 1905 1954 2527
3 1844 1905 2527
3 1795 1844 2527
3 1740 1795 2527
3 1642 1740 2527
3 1544 1642 2527
3 1446 1544 2527
3 1397 1446 2527
3 1495 1397 2527
3 1593 1495 2527
3 3179 3131 3079
3 3227 3179 3079
3 3275 3227 3079
3 3323 3275 3079
3 3379 3323 3079
3 3432 3379 3079
3 3490 3432 3079
3 3549 3490 3079
3 3604 3549 3079
3 3656 3604 3079
3 3714 3656 3079
3 3764 3714 3079
3 3826 3764 3079
3 3878 3826 3079
3 3928 3878 3079
3 3978 3928 3079
3 4031 3978 3079
3 1593 2527 8630
3 8630 8531 8876
3 1691 1593 8630
3 3079 1691 8630
3 4031 3079 8630
3 4084 4031 8630
3 11043 4084 8630
3 11844 11043 8630
3 11741 11844 8630
3 10512 11741 8630
3 9239 9307 10512
3 8937 9239 10512
3 8630 8876 8937
3 10512 8630 8937
3 11155 11101 11043
3 11213 11155 11043
3 11269 11213 11043
3 11341 11269 11043
3 11401 11341 11043
3 11461 11401 11043
3 11521 11461 11043
3 11591 11521 11043
3 11641 11591 11043
3 11691 11641 11043
3 11791 11691 11043
3 11894 11791 11043
3 11997 11894 11043
3 12097 11997 11043
3 12197 12097 11043
3 12147 12197 11043
3 12047 12147 11043
3 11947 12047 11043
3 11844 11947 11043
3 10413 10463 10512
3 10365 10413 10512
3 10314 10365 10512
3 10264 10314 10512
3 10199 10264 10512
3 10137 10199 10512
3 10058 10137 10512
3 9978 10058 10512
3 9901 9978 10512
3 9838 9901 10512
3 9769 9838 10512
3 9705 9769 10512
3 9636 9705 10512
3 9577 9636 10512
3 9517 9577 10512
3 9459 9517 10512
3 9391 9459 10512
3 9307 9391 10512
3 2410 2476 2527
3 2335 2410 2527
3 2250 2335 2527
3 2137 2250 2527
3 2080 2137 2527
3 2024 2080 2527
3 1954 2024 2527
3 1905 1954 2527
3 1844 1905 2527
3 1795 1844 2527
3 1740 1795 2527
3 1642 1740 2527
3 1544 1642 2527
3 1446 1544 2527
3 1397 1446 2527
3 1495 1397 2527
3 1593 1495 2527
3 3179 3131 3079
3 3227 3179 3079
3 3275 3227 3079
3 3323 3275 3079
3 3379 3323 3079
3 3432 3379 3079
3 3490 3432 3079
3 3549 3490 3079
3 3604 3549 3079
3 3656 3604 3079
3 3714 3656 3079
3 3764 3714 3079
3 3826 3764 3079
3 3878 3826 3079
3 3928 3878 3079
3 3978 3928 3079
3 4031 3978 3079
3 1593 2527 8630
3 8630 8531 8876
3 1691 1593 8630
3 3079 1691 8630
3 4031 3079 8630
3 4084 4031 8630
3 11043 4084 8630
3 11844 11043 8630
3 11741 11844 8630
3 10512 11741 8630
3 9239 9307 10512
3 8937 9239 10512
3 8630 8876 8937
3 10512 8630 8937
3 4085 4032 4031
3 4085 4031 4084
3 11044 4085 4084
3 11044 4084 11043
3 11102 11044 11043
3 11102 11043 11101
3 11156 11102 11101
3 11156 11101 11155
3 11214 11156 11155
3 11214 11155 11213
3 11270 11214 11213
3 11270 11213 11269
3 11342 11270 11269
3 11342 11269 11341
3 11402 11342 11341
3 11402 11341 11401
3 11462 11402 11401
3 11462 11401 11461
3 11522 11462 11461
3 11522 11461 11521
3 11592 11522 11521
3 11592 11521 11591
3 11642 11592 11591
3 11642 11591 11641
3 11692 11642 11641
3 11692 11641 11691
3 11792 11692 11691
3 11792 11691 11791
3 11895 11792 11791
3 11895 11791 11894
3 11998 11895 11894
3 11998 11894 11997
3 12098 11998 11997
3 12098 11997 12097
3 12198 12098 12097
3 12198 12097 12197
3 12148 12198 12197
3 12148 12197 12147
3 12048 12148 12147
3 12048 12147 12047
3 11948 12048 12047
3 11948 12047 11947
3 11845 11948 11947
3 11845 11947 11844
3 11742 11845 11844
3 11742 11844 11741
3 10513 11742 11741
3 10513 11741 10512
3 10464 10513 10512
3 10464 10512 10463
3 10414 10464 10463
3 10414 10463 10413
3 10366 10414 10413
3 10366 10413 10365
3 10315 10366 10365
3 10315 10365 10314
3 10265 10315 10314
3 10265 10314 10264
3 10200 10265 10264
3 10200 10264 10199
3 10138 10200 10199
3 10138 10199 10137
3 10138 10137 10058
3 10059 10138 10058
3 10059 10058 9978
3 9979 10059 9978
3 9979 9978 9901
3 9902 9979 9901
3 9902 9901 9838
3 9839 9902 9838
3 9839 9838 9769
3 9770 9839 9769
3 9770 9769 9705
3 9706 9770 9705
3 9706 9705 9636
3 9637 9706 9636
3 9637 9636 9577
3 9578 9637 9577
3 9578 9577 9517
3 9518 9578 9517
3 9518 9517 9459
3 9460 9518 9459
3 9460 9459 9391
3 9392 9460 9391
3 9392 9391 9307
3 9308 9392 9307
3 9308 9307 9239
3 9240 9308 9239
3 9240 9239 8937
3 8938 9240 8937
3 8879 8938 8937
3 8879 8937 8876
3 8879 8876 8531
3 8533 8879 8531
3 8533 8531 8630
3 8632 8533 8630
3 8632 8630 2527
3 2528 8632 2527
3 2477 2528 2527
3 2477 2527 2476
3 2477 2476 2410
3 2411 2477 2410
3 2411 2410 2335
3 2336 2411 2335
3 2336 2335 2250
3 2251 2336 2250
3 2251 2250 2137
3 2138 2251 2137
3 2138 2137 2080
3 2081 2138 2080
3 2081 2080 2024
3 2025 2081 2024
3 2025 2024 1954
3 1955 2025 1954
3 1955 1954 1905
3 1906 1955 1905
3 1906 1905 1844
3 1845 1906 1844
3 1845 1844 1795
3 1796 1845 1795
3 1796 1795 1740
3 1741 1796 1740
3 1741 1740 1642
3 1643 1741 1642
3 1643 1642 1544
3 1545 1643 1544
3 1545 1544 1446
3 1447 1545 1446
3 1447 1446 1397
3 1398 1447 1397
3 1398 1397 1495
3 1496 1398 1495
3 1496 1495 1593
3 1594 1496 1593
3 1594 1593 1691
3 1692 1594 1691
3 1692 1691 3079
3 3080 1692 3079
3 3080 3079 3131
3 3132 3080 3131
3 3132 3131 3179
3 3180 3132 3179
3 3180 3179 3227
3 3228 3180 3227
3 3228 3227 3275
3 3276 3228 3275
3 3276 3275 3323
3 3324 3276 3323
3 3324 3323 3379
3 3380 3324 3379
3 3433 3380 3379
3 3433 3379 3432
3 3491 3433 3432
3 3491 3432 3490
3 3550 3491 3490
3 3550 3490 3549
3 3605 3550 3549
3 3605 3549 3604
3 3657 3605 3604
3 3657 3604 3656
3 3715 3657 3656
3 3715 3656 3714
3 3765 3715 3714
3 3765 3714 3764
3 3827 3765 3764
3 3827 3764 3826
3 3879 3827 3826
3 3879 3826 3878
3 3929 3879 3878
3 3929 3878 3928
3 3979 3929 3928
3 3979 3928 3978
3 4032 3979 3978
3 4032 3978 4031
3 11156 11102 11044
3 11214 11156 11044
3 11270 11214 11044
3 11342 11270 11044
3 11402 11342 11044
3 11462 11402 11044
3 11522 11462 11044
3 11592 11522 11044
3 11642 11592 11044
3 11692 11642 11044
3 11792 11692 11044
3 11895 11792 11044
3 11998 11895 11044
3 12098 11998 11044
3 12198 12098 11044
3 12148 12198 11044
3 12048 12148 11044
3 11948 12048 11044
3 11845 11948 11044
3 10414 10464 10513
3 10366 10414 10513
3 10315 10366 10513
3 10265 10315 10513
3 10200 10265 10513
3 10138 10200 10513
3 10059 10138 10513
3 9979 10059 10513
3 9902 9979 10513
3 9839 9902 10513
3 9770 9839 10513
3 9706 9770 10513
3 9637 9706 10513
3 9578 9637 10513
3 9518 9578 10513
3 9460 9518 10513
3 9392 9460 10513
3 9308 9392 10513
3 2411 2477 2528
3 2336 2411 2528
3 2251 2336 2528
3 2138 2251 2528
3 2081 2138 2528
3 2025 2081 2528
3 1955 2025 2528
3 1906 1955 2528
3 1845 1906 2528
3 1796 1845 2528
3 1741 1796 2528
3 1643 1741 2528
3 1545 1643 2528
3 1447 1545 2528
3 1398 1447 2528
3 1496 1398 2528
3 1594 1496 2528
3 3180 3132 3080
3 3228 3180 3080
3 3276 3228 3080
3 3324 3276 3080
3 3380 3324 3080
3 3433 3380 3080
3 3491 3433 3080
3 3550 3491 3080
3 3605 3550 3080
3 3657 3605 3080
3 3715 3657 3080
3 3765 3715 3080
3 3827 3765 3080
3 3879 3827 3080
3 3929 3879 3080
3 3979 3929 3080
3 4032 3979 3080
3 1594 2528 8632
3 8632 8533 8879
3 1692 1594 8632
3 3080 1692 8632
3 4032 3080 8632
3 4085 4032 8632
3 11044 4085 8632
3 11845 11044 8632
3 11742 11845 8632
3 10513 11742 8632
3 9240 9308 10513
3 8938 9240 10513
3 8632 8879 8938
3 10513 8632 8938
3 11156 11102 11044
3 11214 11156 11044
3 11270 11214 11044
3 11342 11270 11044
3 11402 11342 11044
3 11462 11402 11044
3 11522 11462 11044
3 11592 11522 11044
3 11642 11592 11044
3 11692 11642 11044
3 11792 11692 11044
3 11895 11792 11044
3 11998 11895 11044
3 12098 11998 11044
3 12198 12098 11044
3 12148 12198 11044
3 12048 12148 11044
3 11948 12048 11044
3 11845 11948 11044
3 10414 10464 10513
3 10366 10414 10513
3 10315 10366 10513
3 10265 10315 10513
3 10200 10265 10513
3 10138 10200 10513
3 10059 10138 10513
3 9979 10059 10513
3 9902 9979 10513
3 9839 9902 10513
3 9770 9839 10513
3 9706 9770 10513
3 9637 9706 10513
3 9578 9637 10513
3 9518 9578 10513
3 9460 9518 10513
3 9392 9460 10513
3 9308 9392 10513
3 2411 2477 2528
3 2336 2411 2528
3 2251 2336 2528
3 2138 2251 2528
3 2081 2138 2528
3 2025 2081 2528
3 1955 2025 2528
3 1906 1955 2528
3 1845 1906 2528
3 1796 1845 2528
3 1741 1796 2528
3 1643 1741 2528
3 1545 1643 2528
3 1447 1545 2528
3 1398 1447 2528
3 1496 1398 2528
3 1594 1496 2528
3 3180 3132 3080
3 3228 3180 3080
3 3276 3228 3080
3 3324 3276 3080
3 3380 3324 3080
3 3433 3380 3080
3 3491 3433 3080
3 3550 3491 3080
3 3605 3550 3080
3 3657 3605 3080
3 3715 3657 3080
3 3765 3715 3080
3 3827 3765 3080
3 3879 3827 3080
3 3929 3879 3080
3 3979 3929 3080
3 4032 3979 3080
3 1594 2528 8632
3 8632 8533 8879
3 1692 1594 8632
3 3080 1692 8632
3 4032 3080 8632
3 4085 4032 8632
3 11044 4085 8632
3 11845 11044 8632
3 11742 11845 8632
3 10513 11742 8632
3 9240 9308 10513
3 8938 9240 10513
3 8632 8879 8938
3 10513 8632 8938
3 4086 4033 4032
3 4086 4032 4085
3 11045 4086 4085
3 11045 4085 11044
3 11103 11045 11044
3 11103 11044 11102
3 11157 11103 11102
3 11157 11102 11156
3 11215 11157 11156
3 11215 11156 11214
3 11271 11215 11214
3 11271 11214 11270
3 11343 11271 11270
3 11343 11270 11342
3 11403 11343 11342
3 11403 11342 11402
3 11463 11403 11402
3 11463 11402 11462
3 11523 11463 11462
3 11523 11462 11522
3 11593 11523 11522
3 11593 11522 11592
3 11643 11593 11592
3 11643 11592 11642
3 11693 11643 11642
3 11693 11642 11692
3 11793 11693 11692
3 11793 11692 11792
3 11896 11793 11792
3 11896 11792 11895
3 11999 11896 11895
3 11999 11895 11998
3 12099 11999 11998
3 12099 11998 12098
3 12199 12099 12098
3 12199 12098 12198
3 12149 12199 12198
3 12149 12198 12148
3 12049 12149 12148
3 12049 12148 12048
3 11949 12049 12048
3 11949 12048 11948
3 11846 11949 11948
3 11846 11948 11845
3 11743 11846 11845
3 11743 11845 11742
3 10514 11743 11742
3 10514 11742 10513
3 10465 10514 10513
3 10465 10513 10464
3 10415 10465 10464
3 10415 10464 10414
3 10367 10415 10414
3 10367 10414 10366
3 10316 10367 10366
3 10316 10366 10315
3 10266 10316 10315
3 10266 10315 10265
3 10201 10266 10265
3 10201 10265 10200
3 10139 10201 10200
3 10139 10200 10138
3 10139 10138 10059
3 10060 10139 10059
3 10060 10059 9979
3 9980 10060 9979
3 9980 9979 9902
3 9903 9980 9902
3 9903 9902 9839
3 9840 9903 9839
3 9840 9839 9770
3 9771 9840 9770
3 9771 9770 9706
3 9707 9771 9706
3 9707 9706 9637
3 9638 9707 9637
3 9638 9637 9578
3 9579 9638 9578
3 9579 9578 9518
3 9519 9579 9518
3 9519 9518 9460
3 9461 9519 9460
3 9461 9460 9392
3 9393 9461 9392
3 9393 9392 9308
3 9309 9393 9308
3 9309 9308 9240
3 9241 9309 9240
3 9241 9240 8938
3 8939 9241 8938
3 8882 8939 8938
3 8882 8938 8879
3 8882 8879 8533
3 8535 8882 8533
3 8535 8533 8632
3 8634 8535 8632
3 8634 8632 2528
3 2529 8634 2528
3 2478 2529 2528
3 2478 2528 2477
3 2478 2477 2411
3 2412 2478 2411
3 2412 2411 2336
3 2337 2412 2336
3 2337 2336 2251
3 2252 2337 2251
3 2252 2251 2138
3 2139 2252 2138
3 2139 2138 2081
3 2082 2139 2081
3 2082 2081 2025
3 2026 2082 2025
3 2026 2025 1955
3 1956 2026 1955
3 1956 1955 1906
3 1907 1956 1906
3 1907 1906 1845
3 1846 1907 1845
3 1846 1845 1796
3 1797 1846 1796
3 1797 1796 1741
3 1742 1797 1741
3 1742 1741 1643
3 1644 1742 1643
3 1644 1643 1545
3 1546 1644 1545
3 1546 1545 1447
3 1448 1546 1447
3 1448 1447 1398
3 1399 1448 1398
3 1399 1398 1496
3 1497 1399 1496
3 1497 1496 1594
3 1595 1497 1594
3 1595 1594 1692
3 1693 1595 1692
3 1693 1692 3080
3 3081 1693 3080
3 3081 3080 3132
3 3133 3081 3132
3 3133 3132 3180
3 3181 3133 3180
3 3181 3180 3228
3 3229 3181 3228
3 3229 3228 3276
3 3277 3229 3276
3 3277 3276 3324
3 3325 3277 3324
3 3325 3324 3380
3 3381 3325 3380
3 3434 3381 3380
3 3434 3380 3433
3 3492 3434 3433
3 3492 3433 3491
3 3551 3492 3491
3 3551 3491 3550
3 3606 3551 3550
3 3606 3550 3605
3 3658 3606 3605
3 3658 3605 3657
3 3716 3658 3657
3 3716 3657 3715
3 3766 3716 3715
3 3766 3715 3765
3 3828 3766 3765
3 3828 3765 3827
3 3880 3828 3827
3 3880 3827 3879
3 3930 3880 3879
3 3930 3879 3929
3 3980 3930 3929
3 3980 3929 3979
3 4033 3980 3979
3 4033 3979 4032
3 11157 11103 11045
3 11215 11157 11045
3 11271 11215 11045
3 11343 11271 11045
3 11403 11343 11045
3 11463 11403 11045
3 11523 11463 11045
3 11593 11523 11045
3 11643 11593 11045
3 11693 11643 11045
3 11793 11693 11045
3 11896 11793 11045
3 11999 11896 11045
3 12099 11999 11045
3 12199 12099 11045
3 12149 12199 11045
3 12049 12149 11045
3 11949 12049 11045
3 11846 11949 11045
3 10415 10465 10514
3 10367 10415 10514
3 10316 10367 10514
3 10266 10316 10514
3 10201 10266 10514
3 10139 10201 10514
3 10060 10139 10514
3 9980 10060 10514
3 9903 9980 10514
3 9840 9903 10514
3 9771 9840 10514
3 9707 9771 10514
3 9638 9707 10514
3 9579 9638 10514
3 9519 9579 10514
3 9461 9519 10514
3 9393 9461 10514
3 9309 9393 10514
3 2412 2478 2529
3 2337 2412 2529
3 2252 2337 2529
3 2139 2252 2529
3 2082 2139 2529
3 2026 2082 2529
3 1956 2026 2529
3 1907 1956 2529
3 1846 1907 2529
3 1797 1846 2529
3 1742 1797 2529
3 1644 1742 2529
3 1546 1644 2529
3 1448 1546 2529
3 1399 1448 2529
3 1497 1399 2529
3 1595 1497 2529
3 3181 3133 3081
3 3229 3181 3081
3 3277 3229 3081
3 3325 3277 3081
3 3381 3325 3081
3 3434 3381 3081
3 3492 3434 3081
3 3551 3492 3081
3 3606 3551 3081
3 3658 3606 3081
3 3716 3658 3081
3 3766 3716 3081
3 3828 3766 3081
3 3880 3828 3081
3 3930 3880 3081
3 3980 3930 3081
3 4033 3980 3081
3 1595 2529 8634
3 8634 8535 8882
3 1693 1595 8634
3 3081 1693 8634
3 4033 3081 8634
3 4086 4033 8634
3 11045 4086 8634
3 11846 11045 8634
3 11743 11846 8634
3 10514 11743 8634
3 9241 9309 10514
3 8939 9241 10514
3 8634 8882 8939
3 10514 8634 8939
3 11157 11103 11045
3 11215 11157 11045
3 11271 11215 11045
3 11343 11271 11045
3 11403 11343 11045
3 11463 11403 11045
3 11523 11463 11045
3 11593 11523 11045
3 11643 11593 11045
3 11693 11643 11045
3 11793 11693 11045
3 11896 11793 11045
3 11999 11896 11045
3 12099 11999 11045
3 12199 12099 11045
3 12149 12199 11045
3 12049 12149 11045
3 11949 12049 11045
3 11846 11949 11045
3 10415 10465 10514
3 10367 10415 10514
3 10316 10367 10514
3 10266 10316 10514
3 10201 10266 10514
3 10139 10201 10514
3 10060 10139 10514
3 9980 10060 10514
3 9903 9980 10514
3 9840 9903 10514
3 9771 9840 10514
3 9707 9771 10514
3 9638 9707 10514
3 9579 9638 10514
3 9519 9579 10514
3 9461 9519 10514
3 9393 9461 10514
3 9309 9393 10514
3 2412 2478 2529
3 2337 2412 2529
3 2252 2337 2529
3 2139 2252 2529
3 2082 2139 2529
3 2026 2082 2529
3 1956 2026 2529
3 1907 1956 2529
3 1846 1907 2529
3 1797 1846 2529
3 1742 1797 2529
3 1644 1742 2529
3 1546 1644 2529
3 1448 1546 2529
3 1399 1448 2529
3 1497 1399 2529
3 1595 1497 2529
3 3181 3133 3081
3 3229 3181 3081
3 3277 3229 3081
3 3325 3277 3081
3 3381 3325 3081
3 3434 3381 3081
3 3492 3434 3081
3 3551 3492 3081
3 3606 3551 3081
3 3658 3606 3081
3 3716 3658 3081
3 3766 3716 3081
3 3828 3766 3081
3 3880 3828 3081
3 3930 3880 3081
3 3980 3930 3081
3 4033 3980 3081
3 1595 2529 8634
3 8634 8535 8882
3 1693 1595 8634
3 3081 1693 8634
3 4033 3081 8634
3 4086 4033 8634
3 11045 4086 8634
3 11846 11045 8634
3 11743 11846 8634
3 10514 11743 8634
3 9241 9309 10514
3 8939 9241 10514
3 8634 8882 8939
3 10514 8634 8939
3 4087 4034 4033
3 4087 4033 4086
3 11046 4087 4086
3 11046 4086 11045
3 11104 11046 11045
3 11104 11045 11103
3 11158 11104 11103
3 11158 11103 11157
3 11216 11158 11157
3 11216 11157 11215
3 11272 11216 11215
3 11272 11215 11271
3 11344 11272 11271
3 11344 11271 11343
3 11404 11344 11343
3 11404 11343 11403
3 11464 11404 11403
3 11464 11403 11463
3 11524 11464 11463
3 11524 11463 11523
3 11594 11524 11523
3 11594 11523 11593
3 11644 11594 11593
3 11644 11593 11643
3 11694 11644 11643
3 11694 11643 11693
3 11794 11694 11693
3 11794 11693 11793
3 11897 11794 11793
3 11897 11793 11896
3 12000 11897 11896
3 12000 11896 11999
3 12100 12000 11999
3 12100 11999 12099
3 12200 12100 12099
3 12200 12099 12199
3 12150 12200 12199
3 12150 12199 12149
3 12050 12150 12149
3 12050 12149 12049
3 11950 12050 12049
3 11950 12049 11949
3 11847 11950 11949
3 11847 11949 11846
3 11744 11847 11846
3 11744 11846 11743
3 10515 11744 11743
3 10515 11743 10514
3 10466 10515 10514
3 10466 10514 10465
3 10416 10466 10465
3 10416 10465 10415
3 10368 10416 10415
3 10368 10415 10367
3 10317 10368 10367
3 10317 10367 10316
3 10267 10317 10316
3 10267 10316 10266
3 10202 10267 10266
3 10202 10266 10201
3 10140 10202 10201
3 10140 10201 10139
3 10140 10139 10060
3 10061 10140 10060
3 10061 10060 9980
3 9981 10061 9980
3 9981 9980 9903
3 9904 9981 9903
3 9904 9903 9840
3 9841 9904 9840
3 9841 9840 9771
3 9772 9841 9771
3 9772 9771 9707
3 9708 9772 9707
3 9708 9707 9638
3 9639 9708 9638
3 9639 9638 9579
3 9580 9639 9579
3 9580 9579 9519
3 9520 9580 9519
3 9520 9519 9461
3 9462 9520 9461
3 9462 9461 9393
3 9394 9462 9393
3 9394 9393 9309
3 9310 9394 9309
3 9310 9309 9241
3 9242 9310 9241
3 9242 9241 8939
3 8940 9242 8939
3 8885 8940 8939
3 8885 8939 8882
3 8885 8882 8535
3 8537 8885 8535
3 8537 8535 8634
3 8636 8537 8634
3 8636 8634 2529
3 2530 8636 2529
3 2479 2530 2529
3 2479 2529 2478
3 2479 2478 2412
3 2413 2479 2412
3 2413 2412 2337
3 2338 2413 2337
3 2338 2337 2252
3 2253 2338 2252
3 2253 2252 2139
3 2140 2253 2139
3 2140 2139 2082
3 2083 2140 2082
3 2083 2082 2026
3 2027 2083 2026
3 2027 2026 1956
3 1957 2027 1956
3 1957 1956 1907
3 1908 1957 1907
3 1908 1907 1846
3 1847 1908 1846
3 1847 1846 1797
3 1798 1847 1797
3 1798 1797 1742
3 1743 1798 1742
3 1743 1742 1644
3 1645 1743 1644
3 1645 1644 1546
3 1547 1645 1546
3 1547 1546 1448
3 1449 1547 1448
3 1449 1448 1399
3 1400 1449 1399
3 1400 1399 1497
3 1498 1400 1497
3 1498 1497 1595
3 1596 1498 1595
3 1596 1595 1693
3 1694 1596 1693
3 1694 1693 3081
3 3082 1694 3081
3 3082 3081 3133
3 3134 3082 3133
3 3134 3133 3181
3 3182 3134 3181
3 3182 3181 3229
3 3230 3182 3229
3 3230 3229 3277
3 3278 3230 3277
3 3278 3277 3325
3 3326 3278 3325
3 3326 3325 3381
3 3382 3326 3381
3 3435 3382 3381
3 3435 3381 3434
3 3493 3435 3434
3 3493 3434 3492
3 3552 3493 3492
3 3552 3492 3551
3 3607 3552 3551
3 3607 3551 3606
3 3659 3607 3606
3 3659 3606 3658
3 3717 3659 3658
3 3717 3658 3716
3 3767 3717 3716
3 3767 3716 3766
3 3829 3767 3766
3 3829 3766 3828
3 3881 3829 3828
3 3881 3828 3880
3 3931 3881 3880
3 3931 3880 3930
3 3981 3931 3930
3 3981 3930 3980
3 4034 3981 3980
3 4034 3980 4033
3 11158 11104 11046
3 11216 11158 11046
3 11272 11216 11046
3 11344 11272 11046
3 11404 11344 11046
3 11464 11404 11046
3 11524 11464 11046
3 11594 11524 11046
3 11644 11594 11046
3 11694 11644 11046
3 11794 11694 11046
3 11897 11794 11046
3 12000 11897 11046
3 12100 12000 11046
3 12200 12100 11046
3 12150 12200 11046
3 12050 12150 11046
3 11950 12050 11046
3 11847 11950 11046
3 10416 10466 10515
3 10368 10416 10515
3 10317 10368 10515
3 10267 10317 10515
3 10202 10267 10515
3 10140 10202 10515
3 10061 10140 10515
3 9981 10061 10515
3 9904 9981 10515
3 9841 9904 10515
3 9772 9841 10515
3 9708 9772 10515
3 9639 9708 10515
3 9580 9639 10515
3 9520 9580 10515
3 9462 9520 10515
3 9394 9462 10515
3 9310 9394 10515
3 2413 2479 2530
3 2338 2413 2530
3 2253 2338 2530
3 2140 2253 2530
3 2083 2140 2530
3 2027 2083 2530
3 1957 2027 2530
3 1908 1957 2530
3 1847 1908 2530
3 1798 1847 2530
3 1743 1798 2530
3 1645 1743 2530
3 1547 1645 2530
3 1449 1547 2530
3 1400 1449 2530
3 1498 1400 2530
3 1596 1498 2530
3 3182 3134 3082
3 3230 3182 3082
3 3278 3230 3082
3 3326 3278 3082
3 3382 3326 3082
3 3435 3382 3082
3 3493 3435 3082
3 3552 3493 3082
3 3607 3552 3082
3 3659 3607 3082
3 3717 3659 3082
3 3767 3717 3082
3 3829 3767 3082
3 3881 3829 3082
3 3931 3881 3082
3 3981 3931 3082
3 4034 3981 3082
3 1596 2530 8636
3 8636 8537 8885
3 1694 1596 8636
3 3082 1694 8636
3 4034 3082 8636
3 4087 4034 8636
3 11046 4087 8636
3 11847 11046 8636
3 11744 11847 8636
3 10515 11744 8636
3 9242 9310 10515
3 8940 9242 10515
3 8636 8885 8940
3 10515 8636 8940
3 11158 11104 11046
3 11216 11158 11046
3 11272 11216 11046
3 11344 11272 11046
3 11404 11344 11046
3 11464 11404 11046
3 11524 11464 11046
3 11594 11524 11046
3 11644 11594 11046
3 11694 11644 11046
3 11794 11694 11046
3 11897 11794 11046
3 12000 11897 11046
3 12100 12000 11046
3 12200 12100 11046
3 12150 12200 11046
3 12050 12150 11046
3 11950 12050 11046
3 11847 11950 11046
3 10416 10466 10515
3 10368 10416 10515
3 10317 10368 10515
3 10267 10317 10515
3 10202 10267 10515
3 10140 10202 10515
3 10061 10140 10515
3 9981 10061 10515
3 9904 9981 10515
3 9841 9904 10515
3 9772 9841 10515
3 9708 9772 10515
3 9639 9708 10515
3 9580 9639 10515
3 9520 9580 10515
3 9462 9520 10515
3 9394 9462 10515
3 9310 9394 10515
3 2413 2479 2530
3 2338 2413 2530
3 2253 2338 2530
3 2140 2253 2530
3 2083 2140 2530
3 2027 2083 2530
3 1957 2027 2530
3 1908 1957 2530
3 1847 1908 2530
3 1798 1847 2530
3 1743 1798 2530
3 1645 1743 2530
3 1547 1645 2530
3 1449 1547 2530
3 1400 1449 2530
3 1498 1400 2530
3 1596 1498 2530
3 3182 3134 3082
3 3230 3182 3082
3 3278 3230 3082
3 3326 3278 3082
3 3382 3326 3082
3 3435 3382 3082
3 3493 3435 3082
3 3552 3493 3082
3 3607 3552 3082
3 3659 3607 3082
3 3717 3659 3082
3 3767 3717 3082
3 3829 3767 3082
3 3881 3829 3082
3 3931 3881 3082
3 3981 3931 3082
3 4034 3981 3082
3 1596 2530 8636
3 8636 8537 8885
3 1694 1596 8636
3 3082 1694 8636
3 4034 3082 8636
3 4087 4034 8636
3 11046 4087 8636
3 11847 11046 8636
3 11744 11847 8636
3 10515 11744 8636
3 9242 9310 10515
3 8940 9242 10515
3 8636 8885 8940
3 10515 8636 8940
3 4088 4035 4034
3 4088 4034 4087
3 11047 4088 4087
3 11047 4087 11046
3 11105 11047 11046
3 11105 11046 11104
3 11159 11105 11104
3 11159 11104 11158
3 11217 11159 11158
3 11217 11158 11216
3 11273 11217 11216
3 11273 11216 11272
3 11345 11273 11272
3 11345 11272 11344
3 11405 11345 11344
3 11405 11344 11404
3 11465 11405 11404
3 11465 11404 11464
3 11525 11465 11464
3 11525 11464 11524
3 11595 11525 11524
3 11595 11524 11594
3 11645 11595 11594
3 11645 11594 11644
3 11695 11645 11644
3 11695 11644 11694
3 11795 11695 11694
3 11795 11694 11794
3 11898 11795 11794
3 11898 11794 11897
3 12001 11898 11897
3 12001 11897 12000
3 12101 12001 12000
3 12101 12000 12100
3 12201 12101 12100
3 12201 12100 12200
3 12151 12201 12200
3 12151 12200 12150
3 12051 12151 12150
3 12051 12150 12050
3 11951 12051 12050
3 11951 12050 11950
3 11848 11951 11950
3 11848 11950 11847
3 11745 11848 11847
3 11745 11847 11744
3 10516 11745 11744
3 10516 11744 10515
3 10467 10516 10515
3 10467 10515 10466
3 10417 10467 10466
3 10417 10466 10416
3 10369 10417 10416
3 10369 10416 10368
3 10318 10369 10368
3 10318 10368 10317
3 10268 10318 10317
3 10268 10317 10267
3 10203 10268 10267
3 10203 10267 10202
3 10141 10203 10202
3 10141 10202 10140
3 10141 10140 10061
3 10062 10141 10061
3 10062 10061 9981
3 9982 10062 9981
3 9982 9981 9904
3 9905 9982 9904
3 9905 9904 9841
3 9842 9905 9841
3 9842 9841 9772
3 9773 9842 9772
3 9773 9772 9708
3 9709 9773 9708
3 9709 9708 9639
3 9640 9709 9639
3 9640 9639 9580
3 9581 9640 9580
3 9581 9580 9520
3 9521 9581 9520
3 9521 9520 9462
3 9463 9521 9462
3 9463 9462 9394
3 9395 9463 9394
3 9395 9394 9310
3 9311 9395 9310
3 9311 9310 9242
3 9243 9311 9242
3 9243 9242 8940
3 8941 9243 8940
3 8888 8941 8940
3 8888 8940 8885
3 8888 8885 8537
3 8539 8888 8537
3 8539 8537 8636
3 8638 8539 8636
3 8638 8636 2530
3 2531 8638 2530
3 2480 2531 2530
3 2480 2530 2479
3 2480 2479 2413
3 2414 2480 2413
3 2414 2413 2338
3 2339 2414 2338
3 2339 2338 2253
3 2254 2339 2253
3 2254 2253 2140
3 2141 2254 2140
3 2141 2140 2083
3 2084 2141 2083
3 2084 2083 2027
3 2028 2084 2027
3 2028 2027 1957
3 1958 2028 1957
3 1958 1957 1908
3 1909 1958 1908
3 1909 1908 1847
3 1848 1909 1847
3 1848 1847 1798
3 1799 1848 1798
3 1799 1798 1743
3 1744 1799 1743
3 1744 1743 1645
3 1646 1744 1645
3 1646 1645 1547
3 1548 1646 1547
3 1548 1547 1449
3 1450 1548 1449
3 1450 1449 1400
3 1401 1450 1400
3 1401 1400 1498
3 1499 1401 1498
3 1499 1498 1596
3 1597 1499 1596
3 1597 1596 1694
3 1695 1597 1694
3 1695 1694 3082
3 3083 1695 3082
3 3083 3082 3134
3 3135 3083 3134
3 3135 3134 3182
3 3183 3135 3182
3 3183 3182 3230
3 3231 3183 3230
3 3231 3230 3278
3 3279 3231 3278
3 3279 3278 3326
3 3327 3279 3326
3 3327 3326 3382
3 3383 3327 3382
3 3436 3383 3382
3 3436 3382 3435
3 3494 3436 3435
3 3494 3435 3493
3 3553 3494 3493
3 3553 3493 3552
3 3608 3553 3552
3 3608 3552 3607
3 3660 3608 3607
3 3660 3607 3659
3 3718 3660 3659
3 3718 3659 3717
3 3768 3718 3717
3 3768 3717 3767
3 3830 3768 3767
3 3830 3767 3829
3 3882 3830 3829
3 3882 3829 3881
3 3932 3882 3881
3 3932 3881 3931
3 3982 3932 3931
3 3982 3931 3981
3 4035 3982 3981
3 4035 3981 4034
3 11159 11105 11047
3 11217 11159 11047
3 11273 11217 11047
3 11345 11273 11047
3 11405 11345 11047
3 11465 11405 11047
3 11525 11465 11047
3 11595 11525 11047
3 11645 11595 11047
3 11695 11645 11047
3 11795 11695 11047
3 11898 11795 11047
3 12001 11898 11047
3 12101 12001 11047
3 12201 12101 11047
3 12151 12201 11047
3 12051 12151 11047
3 11951 12051 11047
3 11848 11951 11047
3 10417 10467 10516
3 10369 10417 10516
3 10318 10369 10516
3 10268 10318 10516
3 10203 10268 10516
3 10141 10203 10516
3 10062 10141 10516
3 9982 10062 10516
3 9905 9982 10516
3 9842 9905 10516
3 9773 9842 10516
3 9709 9773 10516
3 9640 9709 10516
3 9581 9640 10516
3 9521 9581 10516
3 9463 9521 10516
3 9395 9463 10516
3 9311 9395 10516
3 2414 2480 2531
3 2339 2414 2531
3 2254 2339 2531
3 2141 2254 2531
3 2084 2141 2531
3 2028 2084 2531
3 1958 2028 2531
3 1909 1958 2531
3 1848 1909 2531
3 1799 1848 2531
3 1744 1799 2531
3 1646 1744 2531
3 1548 1646 2531
3 1450 1548 2531
3 1401 1450 2531
3 1499 1401 2531
3 1597 1499 2531
3 3183 3135 3083
3 3231 3183 3083
3 3279 3231 3083
3 3327 3279 3083
3 3383 3327 3083
3 3436 3383 3083
3 3494 3436 3083
3 3553 3494 3083
3 3608 3553 3083
3 3660 3608 3083
3 3718 3660 3083
3 3768 3718 3083
3 3830 3768 3083
3 3882 3830 3083
3 3932 3882 3083
3 3982 3932 3083
3 4035 3982 3083
3 1597 2531 8638
3 8638 8539 8888
3 1695 1597 8638
3 3083 1695 8638
3 4035 3083 8638
3 4088 4035 8638
3 11047 4088 8638
3 11848 11047 8638
3 11745 11848 8638
3 10516 11745 8638
3 9243 9311 10516
3 8941 9243 10516
3 8638 8888 8941
3 10516 8638 8941
3 11159 11105 11047
3 11217 11159 11047
3 11273 11217 11047
3 11345 11273 11047
3 11405 11345 11047
3 11465 11405 11047
3 11525 11465 11047
3 11595 11525 11047
3 11645 11595 11047
3 11695 11645 11047
3 11795 11695 11047
3 11898 11795 11047
3 12001 11898 11047
3 12101 12001 11047
3 12201 12101 11047
3 12151 12201 11047
3 12051 12151 11047
3 11951 12051 11047
3 11848 11951 11047
3 10417 10467 10516
3 10369 10417 10516
3 10318 10369 10516
3 10268 10318 10516
3 10203 10268 10516
3 10141 10203 10516
3 10062 10141 10516
3 9982 10062 10516
3 9905 9982 10516
3 9842 9905 10516
3 9773 9842 10516
3 9709 9773 10516
3 9640 9709 10516
3 9581 9640 10516
3 9521 9581 10516
3 9463 9521 10516
3 9395 9463 10516
3 9311 9395 10516
3 2414 2480 2531
3 2339 2414 2531
3 2254 2339 2531
3 2141 2254 2531
3 2084 2141 2531
3 2028 2084 2531
3 1958 2028 2531
3 1909 1958 2531
3 1848 1909 2531
3 1799 1848 2531
3 1744 1799 2531
3 1646 1744 2531
3 1548 1646 2531
3 1450 1548 2531
3 1401 1450 2531
3 1499 1401 2531
3 1597 1499 2531
3 3183 3135 3083
3 3231 3183 3083
3 3279 3231 3083
3 3327 3279 3083
3 3383 3327 3083
3 3436 3383 3083
3 3494 3436 3083
3 3553 3494 3083
3 3608 3553 3083
3 3660 3608 3083
3 3718 3660 3083
3 3768 3718 3083
3 3830 3768 3083
3 3882 3830 3083
3 3932 3882 3083
3 3982 3932 3083
3 4035 3982 3083
3 1597 2531 8638
3 8638 8539 8888
3 1695 1597 8638
3 3083 1695 8638
3 4035 3083 8638
3 4088 4035 8638
3 11047 4088 8638
3 11848 11047 8638
3 11745 11848 8638
3 10516 11745 8638
3 9243 9311 10516
3 8941 9243 10516
3 8638 8888 8941
3 10516 8638 8941
3 4089 4036 4035
3 4089 4035 4088
3 11048 4089 4088
3 11048 4088 11047
3 11106 11048 11047
3 11106 11047 11105
3 11160 11106 11105
3 11160 11105 11159
3 11218 11160 11159
3 11218 11159 11217
3 11274 11218 11217
3 11274 11217 11273
3 11346 11274 11273
3 11346 11273 11345
3 11406 11346 11345
3 11406 11345 11405
3 11466 11406 11405
3 11466 11405 11465
3 11526 11466 11465
3 11526 11465 11525
3 11596 11526 11525
3 11596 11525 11595
3 11646 11596 11595
3 11646 11595 11645
3 11696 11646 11645
3 11696 11645 11695
3 11796 11696 11695
3 11796 11695 11795
3 11899 11796 11795
3 11899 11795 11898
3 12002 11899 11898
3 12002 11898 12001
3 12102 12002 12001
3 12102 12001 12101
3 12202 12102 12101
3 12202 12101 12201
3 12152 12202 12201
3 12152 12201 12151
3 12052 12152 12151
3 12052 12151 12051
3 11952 12052 12051
3 11952 12051 11951
3 11849 11952 11951
3 11849 11951 11848
3 11746 11849 11848
3 11746 11848 11745
3 10517 11746 11745
3 10517 11745 10516
3 10468 10517 10516
3 10468 10516 10467
3 10418 10468 10467
3 10418 10467 10417
3 10370 10418 10417
3 10370 10417 10369
3 10319 10370 10369
3 10319 10369 10318
3 10269 10319 10318
3 10269 10318 10268
3 10204 10269 10268
3 10204 10268 10203
3 10142 10204 10203
3 10142 10203 10141
3 10142 10141 10062
3 10063 10142 10062
3 10063 10062 9982
3 9983 10063 9982
3 9983 9982 9905
3 9906 9983 9905
3 9906 9905 9842
3 9843 9906 9842
3 9843 9842 9773
3 9774 9843 9773
3 9774 9773 9709
3 9710 9774 9709
3 9710 9709 9640
3 9641 9710 9640
3 9641 9640 9581
3 9582 9641 9581
3 9582 9581 9521
3 9522 9582 9521
3 9522 9521 9463
3 9464 9522 9463
3 9464 9463 9395
3 9396 9464 9395
3 9396 9395 9311
3 9312 9396 9311
3 9312 9311 9243
3 9244 9312 9243
3 9244 9243 8941
3 8942 9244 8941
3 8891 8942 8941
3 8891 8941 8888
3 8891 8888 8539
3 8541 8891 8539
3 8541 8539 8638
3 8640 8541 8638
3 8640 8638 2531
3 2532 8640 2531
3 2481 2532 2531
3 2481 2531 2480
3 2481 2480 2414
3 2415 2481 2414
3 2415 2414 2339
3 2340 2415 2339
3 2340 2339 2254
3 2255 2340 2254
3 2255 2254 2141
3 2142 2255 2141
3 2142 2141 2084
3 2085 2142 2084
3 2085 2084 2028
3 2029 2085 2028
3 2029 2028 1958
3 1959 2029 1958
3 1959 1958 1909
3 1910 1959 1909
3 1910 1909 1848
3 1849 1910 1848
3 1849 1848 1799
3 1800 1849 1799
3 1800 1799 1744
3 1745 1800 1744
3 1745 1744 1646
3 1647 1745 1646
3 1647 1646 1548
3 1549 1647 1548
3 1549 1548 1450
3 1451 1549 1450
3 1451 1450 1401
3 1402 1451 1401
3 1402 1401 1499
3 1500 1402 1499
3 1500 1499 1597
3 1598 1500 1597
3 1598 1597 1695
3 1696 1598 1695
3 1696 1695 3083
3 3084 1696 3083
3 3084 3083 3135
3 3136 3084 3135
3 3136 3135 3183
3 3184 3136 3183
3 3184 3183 3231
3 3232 3184 3231
3 3232 3231 3279
3 3280 3232 3279
3 3280 3279 3327
3 3328 3280 3327
3 3328 3327 3383
3 3384 3328 3383
3 3437 3384 3383
3 3437 3383 3436
3 3495 3437 3436
3 3495 3436 3494
3 3554 3495 3494
3 3554 3494 3553
3 3609 3554 3553
3 3609 3553 3608
3 3661 3609 3608
3 3661 3608 3660
3 3719 3661 3660
3 3719 3660 3718
3 3769 3719 3718
3 3769 3718 3768
3 3831 3769 3768
3 3831 3768 3830
3 3883 3831 3830
3 3883 3830 3882
3 3933 3883 3882
3 3933 3882 3932
3 3983 3933 3932
3 3983 3932 3982
3 4036 3983 3982
3 4036 3982 4035
3 11160 11106 11048
3 11218 11160 11048
3 11274 11218 11048
3 11346 11274 11048
3 11406 11346 11048
3 11466 11406 11048
3 11526 11466 11048
3 11596 11526 11048
3 11646 11596 11048
3 11696 11646 11048
3 11796 11696 11048
3 11899 11796 11048
3 12002 11899 11048
3 12102 12002 11048
3 12202 12102 11048
3 12152 12202 11048
3 12052 12152 11048
3 11952 12052 11048
3 11849 11952 11048
3 10418 10468 10517
3 10370 10418 10517
3 10319 10370 10517
3 10269 10319 10517
3 10204 10269 10517
3 10142 10204 10517
3 10063 10142 10517
3 9983 10063 10517
3 9906 9983 10517
3 9843 9906 10517
3 9774 9843 10517
3 9710 9774 10517
3 9641 9710 10517
3 9582 9641 10517
3 9522 9582 10517
3 9464 9522 10517
3 9396 9464 10517
3 9312 9396 10517
3 2415 2481 2532
3 2340 2415 2532
3 2255 2340 2532
3 2142 2255 2532
3 2085 2142 2532
3 2029 2085 2532
3 1959 2029 2532
3 1910 1959 2532
3 1849 1910 2532
3 1800 1849 2532
3 1745 1800 2532
3 1647 1745 2532
3 1549 1647 2532
3 1451 1549 2532
3 1402 1451 2532
3 1500 1402 2532
3 1598 1500 2532
3 3184 3136 3084
3 3232 3184 3084
3 3280 3232 3084
3 3328 3280 3084
3 3384 3328 3084
3 3437 3384 3084
3 3495 3437 3084
3 3554 3495 3084
3 3609 3554 3084
3 3661 3609 3084
3 3719 3661 3084
3 3769 3719 3084
3 3831 3769 3084
3 3883 3831 3084
3 3933 3883 3084
3 3983 3933 3084
3 4036 3983 3084
3 1598 2532 8640
3 8640 8541 8891
3 1696 1598 8640
3 3084 1696 8640
3 4036 3084 8640
3 4089 4036 8640
3 11048 4089 8640
3 11849 11048 8640
3 11746 11849 8640
3 10517 11746 8640
3 9244 9312 10517
3 8942 9244 10517
3 8640 8891 8942
3 10517 8640 8942
3 11136 11082 11024
3 11194 11136 11024
3 11250 11194 11024
3 11322 11250 11024
3 11382 11322 11024
3 11442 11382 11024
3 11502 11442 11024
3 11572 11502 11024
3 11622 11572 11024
3 11672 11622 11024
3 11772 11672 11024
3 11875 11772 11024
3 11978 11875 11024
3 12078 11978 11024
3 12178 12078 11024
3 12128 12178 11024
3 12028 12128 11024
3 11928 12028 11024
3 11825 11928 11024
3 10394 10444 10493
3 10346 10394 10493
3 10295 10346 10493
3 10245 10295 10493
3 10180 10245 10493
3 10118 10180 10493
3 10039 10118 10493
3 9959 10039 10493
3 9882 9959 10493
3 9819 9882 10493
3 9750 9819 10493
3 9686 9750 10493
3 9617 9686 10493
3 9558 9617 10493
3 9498 9558 10493
3 9440 9498 10493
3 9372 9440 10493
3 9288 9372 10493
3 2391 2457 2508
3 2316 2391 2508
3 2231 2316 2508
3 2118 2231 2508
3 2061 2118 2508
3 2005 2061 2508
3 1935 2005 2508
3 1886 1935 2508
3 1825 1886 2508
3 1776 1825 2508
3 1721 1776 2508
3 1623 1721 2508
3 1525 1623 2508
3 1427 1525 2508
3 1378 1427 2508
3 1476 1378 2508
3 1574 1476 2508
3 3160 3112 3060
3 3208 3160 3060
3 3256 3208 3060
3 3304 3256 3060
3 3360 3304 3060
3 3413 3360 3060
3 3471 3413 3060
3 3530 3471 3060
3 3585 3530 3060
3 3637 3585 3060
3 3695 3637 3060
3 3745 3695 3060
3 3807 3745 3060
3 3859 3807 3060
3 3909 3859 3060
3 3959 3909 3060
3 4012 3959 3060
3 1574 2508 8592
3 8592 8493 8819
3 1672 1574 8592
3 3060 1672 8592
3 4012 3060 8592
3 4065 4012 8592
3 11024 4065 8592
3 11825 11024 8592
3 11722 11825 8592
3 10493 11722 8592
3 9220 9288 10493
3 8918 9220 10493
3 8592 8819 8918
3 10493 8592 8918
3 4066 4013 4012
3 4066 4012 4065
3 11025 4066 4065
3 11025 4065 11024
3 11083 11025 11024
3 11083 11024 11082
3 11137 11083 11082
3 11137 11082 11136
3 11195 11137 11136
3 11195 11136 11194
3 11251 11195 11194
3 11251 11194 11250
3 11323 11251 11250
3 11323 11250 11322
3 11383 11323 11322
3 11383 11322 11382
3 11443 11383 11382
3 11443 11382 11442
3 11503 11443 11442
3 11503 11442 11502
3 11573 11503 11502
3 11573 11502 11572
3 11623 11573 11572
3 11623 11572 11622
3 11673 11623 11622
3 11673 11622 11672
3 11773 11673 11672
3 11773 11672 11772
3 11876 11773 11772
3 11876 11772 11875
3 11979 11876 11875
3 11979 11875 11978
3 12079 11979 11978
3 12079 11978 12078
3 12179 12079 12078
3 12179 12078 12178
3 12129 12179 12178
3 12129 12178 12128
3 12029 12129 12128
3 12029 12128 12028
3 11929 12029 12028
3 11929 12028 11928
3 11826 11929 11928
3 11826 11928 11825
3 11723 11826 11825
3 11723 11825 11722
3 10494 11723 11722
3 10494 11722 10493
3 10445 10494 10493
3 10445 10493 10444
3 10395 10445 10444
3 10395 10444 10394
3 10347 10395 10394
3 10347 10394 10346
3 10296 10347 10346
3 10296 10346 10295
3 10246 10296 10295
3 10246 10295 10245
3 10181 10246 10245
3 10181 10245 10180
3 10119 10181 10180
3 10119 10180 10118
3 10119 10118 10039
3 10040 10119 10039
3 10040 10039 9959
3 9960 10040 9959
3 9960 9959 9882
3 9883 9960 9882
3 9883 9882 9819
3 9820 9883 9819
3 9820 9819 9750
3 9751 9820 9750
3 9751 9750 9686
3 9687 9751 9686
3 9687 9686 9617
3 9618 9687 9617
3 9618 9617 9558
3 9559 9618 9558
3 9559 9558 9498
3 9499 9559 9498
3 9499 9498 9440
3 9441 9499 9440
3 9441 9440 9372
3 9373 9441 9372
3 9373 9372 9288
3 9289 9373 9288
3 9289 9288 9220
3 9221 9289 9220
3 9221 9220 8918
3 8919 9221 8918
3 8822 8919 8918
3 8822 8918 8819
3 8822 8819 8493
3 8495 8822 8493
3 8495 8493 8592
3 8594 8495 8592
3 8594 8592 2508
3 2509 8594 2508
3 2458 2509 2508
3 2458 2508 2457
3 2458 2457 2391
3 2392 2458 2391
3 2392 2391 2316
3 2317 2392 2316
3 2317 2316 2231
3 2232 2317 2231
3 2232 2231 2118
3 2119 2232 2118
3 2119 2118 2061
3 2062 2119 2061
3 2062 2061 2005
3 2006 2062 2005
3 2006 2005 1935
3 1936 2006 1935
3 1936 1935 1886
3 1887 1936 1886
3 1887 1886 1825
3 1826 1887 1825
3 1826 1825 1776
3 1777 1826 1776
3 1777 1776 1721
3 1722 1777 1721
3 1722 1721 1623
3 1624 1722 1623
3 1624 1623 1525
3 1526 1624 1525
3 1526 1525 1427
3 1428 1526 1427
3 1428 1427 1378
3 1379 1428 1378
3 1379 1378 1476
3 1477 1379 1476
3 1477 1476 1574
3 1575 1477 1574
3 1575 1574 1672
3 1673 1575 1672
3 1673 1672 3060
3 3061 1673 3060
3 3061 3060 3112
3 3113 3061 3112
3 3113 3112 3160
3 3161 3113 3160
3 3161 3160 3208
3 3209 3161 3208
3 3209 3208 3256
3 3257 3209 3256
3 3257 3256 3304
3 3305 3257 3304
3 3305 3304 3360
3 3361 3305 3360
3 3414 3361 3360
3 3414 3360 3413
3 3472 3414 3413
3 3472 3413 3471
3 3531 3472 3471
3 3531 3471 3530
3 3586 3531 3530
3 3586 3530 3585
3 3638 3586 3585
3 3638 3585 3637
3 3696 3638 3637
3 3696 3637 3695
3 3746 3696 3695
3 3746 3695 3745
3 3808 3746 3745
3 3808 3745 3807
3 3860 3808 3807
3 3860 3807 3859
3 3910 3860 3859
3 3910 3859 3909
3 3960 3910 3909
3 3960 3909 3959
3 4013 3960 3959
3 4013 3959 4012
3 11137 11083 11025
3 11195 11137 11025
3 11251 11195 11025
3 11323 11251 11025
3 11383 11323 11025
3 11443 11383 11025
3 11503 11443 11025
3 11573 11503 11025
3 11623 11573 11025
3 11673 11623 11025
3 11773 11673 11025
3 11876 11773 11025
3 11979 11876 11025
3 12079 11979 11025
3 12179 12079 11025
3 12129 12179 11025
3 12029 12129 11025
3 11929 12029 11025
3 11826 11929 11025
3 10395 10445 10494
3 10347 10395 10494
3 10296 10347 10494
3 10246 10296 10494
3 10181 10246 10494
3 10119 10181 10494
3 10040 10119 10494
3 9960 10040 10494
3 9883 9960 10494
3 9820 9883 10494
3 9751 9820 10494
3 9687 9751 10494
3 9618 9687 10494
3 9559 9618 10494
3 9499 9559 10494
3 9441 9499 10494
3 9373 9441 10494
3 9289 9373 10494
3 2392 2458 2509
3 2317 2392 2509
3 2232 2317 2509
3 2119 2232 2509
3 2062 2119 2509
3 2006 2062 2509
3 1936 2006 2509
3 1887 1936 2509
3 1826 1887 2509
3 1777 1826 2509
3 1722 1777 2509
3 1624 1722 2509
3 1526 1624 2509
3 1428 1526 2509
3 1379 1428 2509
3 1477 1379 2509
3 1575 1477 2509
3 3161 3113 3061
3 3209 3161 3061
3 3257 3209 3061
3 3305 3257 3061
3 3361 3305 3061
3 3414 3361 3061
3 3472 3414 3061
3 3531 3472 3061
3 3586 3531 3061
3 3638 3586 3061
3 3696 3638 3061
3 3746 3696 3061
3 3808 3746 3061
3 3860 3808 3061
3 3910 3860 3061
3 3960 3910 3061
3 4013 3960 3061
3 1575 2509 8594
3 8594 8495 8822
3 1673 1575 8594
3 3061 1673 8594
3 4013 3061 8594
3 4066 4013 8594
3 11025 4066 8594
3 11826 11025 8594
3 11723 11826 8594
3 10494 11723 8594
3 9221 9289 10494
3 8919 9221 10494
3 8594 8822 8919
3 10494 8594 8919
3 11137 11083 11025
3 11195 11137 11025
3 11251 11195 11025
3 11323 11251 11025
3 11383 11323 11025
3 11443 11383 11025
3 11503 11443 11025
3 11573 11503 11025
3 11623 11573 11025
3 11673 11623 11025
3 11773 11673 11025
3 11876 11773 11025
3 11979 11876 11025
3 12079 11979 11025
3 12179 12079 11025
3 12129 12179 11025
3 12029 12129 11025
3 11929 12029 11025
3 11826 11929 11025
3 10395 10445 10494
3 10347 10395 10494
3 10296 10347 10494
3 10246 10296 10494
3 10181 10246 10494
3 10119 10181 10494
3 10040 10119 10494
3 9960 10040 10494
3 9883 9960 10494
3 9820 9883 10494
3 9751 9820 10494
3 9687 9751 10494
3 9618 9687 10494
3 9559 9618 10494
3 9499 9559 10494
3 9441 9499 10494
3 9373 9441 10494
3 9289 9373 10494
3 2392 2458 2509
3 2317 2392 2509
3 2232 2317 2509
3 2119 2232 2509
3 2062 2119 2509
3 2006 2062 2509
3 1936 2006 2509
3 1887 1936 2509
3 1826 1887 2509
3 1777 1826 2509
3 1722 1777 2509
3 1624 1722 2509
3 1526 1624 2509
3 1428 1526 2509
3 1379 1428 2509
3 1477 1379 2509
3 1575 1477 2509
3 3161 3113 3061
3 3209 3161 3061
3 3257 3209 3061
3 3305 3257 3061
3 3361 3305 3061
3 3414 3361 3061
3 3472 3414 3061
3 3531 3472 3061
3 3586 3531 3061
3 3638 3586 3061
3 3696 3638 3061
3 3746 3696 3061
3 3808 3746 3061
3 3860 3808 3061
3 3910 3860 3061
3 3960 3910 3061
3 4013 3960 3061
3 1575 2509 8594
3 8594 8495 8822
3 1673 1575 8594
3 3061 1673 8594
3 4013 3061 8594
3 4066 4013 8594
3 11025 4066 8594
3 11826 11025 8594
3 11723 11826 8594
3 10494 11723 8594
3 9221 9289 10494
3 8919 9221 10494
3 8594 8822 8919
3 10494 8594 8919
3 4067 4014 4013
3 4067 4013 4066
3 11026 4067 4066
3 11026 4066 11025
3 11084 11026 11025
3 11084 11025 11083
3 11138 11084 11083
3 11138 11083 11137
3 11196 11138 11137
3 11196 11137 11195
3 11252 11196 11195
3 11252 11195 11251
3 11324 11252 11251
3 11324 11251 11323
3 11384 11324 11323
3 11384 11323 11383
3 11444 11384 11383
3 11444 11383 11443
3 11504 11444 11443
3 11504 11443 11503
3 11574 11504 11503
3 11574 11503 11573
3 11624 11574 11573
3 11624 11573 11623
3 11674 11624 11623
3 11674 11623 11673
3 11774 11674 11673
3 11774 11673 11773
3 11877 11774 11773
3 11877 11773 11876
3 11980 11877 11876
3 11980 11876 11979
3 12080 11980 11979
3 12080 11979 12079
3 12180 12080 12079
3 12180 12079 12179
3 12130 12180 12179
3 12130 12179 12129
3 12030 12130 12129
3 12030 12129 12029
3 11930 12030 12029
3 11930 12029 11929
3 11827 11930 11929
3 11827 11929 11826
3 11724 11827 11826
3 11724 11826 11723
3 10495 11724 11723
3 10495 11723 10494
3 10446 10495 10494
3 10446 10494 10445
3 10396 10446 10445
3 10396 10445 10395
3 10348 10396 10395
3 10348 10395 10347
3 10297 10348 10347
3 10297 10347 10296
3 10247 10297 10296
3 10247 10296 10246
3 10182 10247 10246
3 10182 10246 10181
3 10120 10182 10181
3 10120 10181 10119
3 10120 10119 10040
3 10041 10120 10040
3 10041 10040 9960
3 9961 10041 9960
3 9961 9960 9883
3 9884 9961 9883
3 9884 9883 9820
3 9821 9884 9820
3 9821 9820 9751
3 9752 9821 9751
3 9752 9751 9687
3 9688 9752 9687
3 9688 9687 9618
3 9619 9688 9618
3 9619 9618 9559
3 9560 9619 9559
3 9560 9559 9499
3 9500 9560 9499
3 9500 9499 9441
3 9442 9500 9441
3 9442 9441 9373
3 9374 9442 9373
3 9374 9373 9289
3 9290 9374 9289
3 9290 9289 9221
3 9222 9290 9221
3 9222 9221 8919
3 8920 9222 8919
3 8825 8920 8919
3 8825 8919 8822
3 8825 8822 8495
3 8497 8825 8495
3 8497 8495 8594
3 8596 8497 8594
3 8596 8594 2509
3 2510 8596 2509
3 2459 2510 2509
3 2459 2509 2458
3 2459 2458 2392
3 2393 2459 2392
3 2393 2392 2317
3 2318 2393 2317
3 2318 2317 2232
3 2233 2318 2232
3 2233 2232 2119
3 2120 2233 2119
3 2120 2119 2062
3 2063 2120 2062
3 2063 2062 2006
3 2007 2063 2006
3 2007 2006 1936
3 1937 2007 1936
3 1937 1936 1887
3 1888 1937 1887
3 1888 1887 1826
3 1827 1888 1826
3 1827 1826 1777
3 1778 1827 1777
3 1778 1777 1722
3 1723 1778 1722
3 1723 1722 1624
3 1625 1723 1624
3 1625 1624 1526
3 1527 1625 1526
3 1527 1526 1428
3 1429 1527 1428
3 1429 1428 1379
3 1380 1429 1379
3 1380 1379 1477
3 1478 1380 1477
3 1478 1477 1575
3 1576 1478 1575
3 1576 1575 1673
3 1674 1576 1673
3 1674 1673 3061
3 3062 1674 3061
3 3062 3061 3113
3 3114 3062 3113
3 3114 3113 3161
3 3162 3114 3161
3 3162 3161 3209
3 3210 3162 3209
3 3210 3209 3257
3 3258 3210 3257
3 3258 3257 3305
3 3306 3258 3305
3 3306 3305 3361
3 3362 3306 3361
3 3415 3362 3361
3 3415 3361 3414
3 3473 3415 3414
3 3473 3414 3472
3 3532 3473 3472
3 3532 3472 3531
3 3587 3532 3531
3 3587 3531 3586
3 3639 3587 3586
3 3639 3586 3638
3 3697 3639 3638
3 3697 3638 3696
3 3747 3697 3696
3 3747 3696 3746
3 3809 3747 3746
3 3809 3746 3808
3 3861 3809 3808
3 3861 3808 3860
3 3911 3861 3860
3 3911 3860 3910
3 3961 3911 3910
3 3961 3910 3960
3 4014 3961 3960
3 4014 3960 4013
3 11138 11084 11026
3 11196 11138 11026
3 11252 11196 11026
3 11324 11252 11026
3 11384 11324 11026
3 11444 11384 11026
3 11504 11444 11026
3 11574 11504 11026
3 11624 11574 11026
3 11674 11624 11026
3 11774 11674 11026
3 11877 11774 11026
3 11980 11877 11026
3 12080 11980 11026
3 12180 12080 11026
3 12130 12180 11026
3 12030 12130 11026
3 11930 12030 11026
3 11827 11930 11026
3 10396 10446 10495
3 10348 10396 10495
3 10297 10348 10495
3 10247 10297 10495
3 10182 10247 10495
3 10120 10182 10495
3 10041 10120 10495
3 9961 10041 10495
3 9884 9961 10495
3 9821 9884 10495
3 9752 9821 10495
3 9688 9752 10495
3 9619 9688 10495
3 9560 9619 10495
3 9500 9560 10495
3 9442 9500 10495
3 9374 9442 10495
3 9290 9374 10495
3 2393 2459 2510
3 2318 2393 2510
3 2233 2318 2510
3 2120 2233 2510
3 2063 2120 2510
3 2007 2063 2510
3 1937 2007 2510
3 1888 1937 2510
3 1827 1888 2510
3 1778 1827 2510
3 1723 1778 2510
3 1625 1723 2510
3 1527 1625 2510
3 1429 1527 2510
3 1380 1429 2510
3 1478 1380 2510
3 1576 1478 2510
3 3162 3114 3062
3 3210 3162 3062
3 3258 3210 3062
3 3306 3258 3062
3 3362 3306 3062
3 3415 3362 3062
3 3473 3415 3062
3 3532 3473 3062
3 3587 3532 3062
3 3639 3587 3062
3 3697 3639 3062
3 3747 3697 3062
3 3809 3747 3062
3 3861 3809 3062
3 3911 3861 3062
3 3961 3911 3062
3 4014 3961 3062
3 1576 2510 8596
3 8596 8497 8825
3 1674 1576 8596
3 3062 1674 8596
3 4014 3062 8596
3 4067 4014 8596
3 11026 4067 8596
3 11827 11026 8596
3 11724 11827 8596
3 10495 11724 8596
3 9222 9290 10495
3 8920 9222 10495
3 8596 8825 8920
3 10495 8596 8920
3 11160 11106 11048
3 11218 11160 11048
3 11274 11218 11048
3 11346 11274 11048
3 11406 11346 11048
3 11466 11406 11048
3 11526 11466 11048
3 11596 11526 11048
3 11646 11596 11048
3 11696 11646 11048
3 11796 11696 11048
3 11899 11796 11048
3 12002 11899 11048
3 12102 12002 11048
3 12202 12102 11048
3 12152 12202 11048
3 12052 12152 11048
3 11952 12052 11048
3 11849 11952 11048
3 10418 10468 10517
3 10370 10418 10517
3 10319 10370 10517
3 10269 10319 10517
3 10204 10269 10517
3 10142 10204 10517
3 10063 10142 10517
3 9983 10063 10517
3 9906 9983 10517
3 9843 9906 10517
3 9774 9843 10517
3 9710 9774 10517
3 9641 9710 10517
3 9582 9641 10517
3 9522 9582 10517
3 9464 9522 10517
3 9396 9464 10517
3 9312 9396 10517
3 2415 2481 2532
3 2340 2415 2532
3 2255 2340 2532
3 2142 2255 2532
3 2085 2142 2532
3 2029 2085 2532
3 1959 2029 2532
3 1910 1959 2532
3 1849 1910 2532
3 1800 1849 2532
3 1745 1800 2532
3 1647 1745 2532
3 1549 1647 2532
3 1451 1549 2532
3 1402 1451 2532
3 1500 1402 2532
3 1598 1500 2532
3 3184 3136 3084
3 3232 3184 3084
3 3280 3232 3084
3 3328 3280 3084
3 3384 3328 3084
3 3437 3384 3084
3 3495 3437 3084
3 3554 3495 3084
3 3609 3554 3084
3 3661 3609 3084
3 3719 3661 3084
3 3769 3719 3084
3 3831 3769 3084
3 3883 3831 3084
3 3933 3883 3084
3 3983 3933 3084
3 4036 3983 3084
3 1598 2532 8640
3 8640 8541 8891
3 1696 1598 8640
3 3084 1696 8640
3 4036 3084 8640
3 4089 4036 8640
3 11048 4089 8640
3 11849 11048 8640
3 11746 11849 8640
3 10517 11746 8640
3 9244 9312 10517
3 8942 9244 10517
3 8640 8891 8942
3 10517 8640 8942
3 4090 4037 4036
3 4090 4036 4089
3 11049 4090 4089
3 11049 4089 11048
3 11107 11049 11048
3 11107 11048 11106
3 11161 11107 11106
3 11161 11106 11160
3 11219 11161 11160
3 11219 11160 11218
3 11275 11219 11218
3 11275 11218 11274
3 11347 11275 11274
3 11347 11274 11346
3 11407 11347 11346
3 11407 11346 11406
3 11467 11407 11406
3 11467 11406 11466
3 11527 11467 11466
3 11527 11466 11526
3 11597 11527 11526
3 11597 11526 11596
3 11647 11597 11596
3 11647 11596 11646
3 11697 11647 11646
3 11697 11646 11696
3 11797 11697 11696
3 11797 11696 11796
3 11900 11797 11796
3 11900 11796 11899
3 12003 11900 11899
3 12003 11899 12002
3 12103 12003 12002
3 12103 12002 12102
3 12203 12103 12102
3 12203 12102 12202
3 12153 12203 12202
3 12153 12202 12152
3 12053 12153 12152
3 12053 12152 12052
3 11953 12053 12052
3 11953 12052 11952
3 11850 11953 11952
3 11850 11952 11849
3 11747 11850 11849
3 11747 11849 11746
3 10518 11747 11746
3 10518 11746 10517
3 10469 10518 10517
3 10469 10517 10468
3 10419 10469 10468
3 10419 10468 10418
3 10371 10419 10418
3 10371 10418 10370
3 10320 10371 10370
3 10320 10370 10319
3 10270 10320 10319
3 10270 10319 10269
3 10205 10270 10269
3 10205 10269 10204
3 10143 10205 10204
3 10143 10204 10142
3 10143 10142 10063
3 10064 10143 10063
3 10064 10063 9983
3 9984 10064 9983
3 9984 9983 9906
3 9907 9984 9906
3 9907 9906 9843
3 9844 9907 9843
3 9844 9843 9774
3 9775 9844 9774
3 9775 9774 9710
3 9711 9775 9710
3 9711 9710 9641
3 9642 9711 9641
3 9642 9641 9582
3 9583 9642 9582
3 9583 9582 9522
3 9523 9583 9522
3 9523 9522 9464
3 9465 9523 9464
3 9465 9464 9396
3 9397 9465 9396
3 9397 9396 9312
3 9313 9397 9312
3 9313 9312 9244
3 9245 9313 9244
3 9245 9244 8942
3 8943 9245 8942
3 8892 8943 8942
3 8892 8942 8891
3 8892 8891 8541
3 8542 8892 8541
3 8542 8541 8640
3 8641 8542 8640
3 8641 8640 2532
3 2533 8641 2532
3 2482 2533 2532
3 2482 2532 2481
3 2482 2481 2415
3 2416 2482 2415
3 2416 2415 2340
3 2341 2416 2340
3 2341 2340 2255
3 2256 2341 2255
3 2256 2255 2142
3 2143 2256 2142
3 2143 2142 2085
3 2086 2143 2085
3 2086 2085 2029
3 2030 2086 2029
3 2030 2029 1959
3 1960 2030 1959
3 1960 1959 1910
3 1911 1960 1910
3 1911 1910 1849
3 1850 1911 1849
3 1850 1849 1800
3 1801 1850 1800
3 1801 1800 1745
3 1746 1801 1745
3 1746 1745 1647
3 1648 1746 1647
3 1648 1647 1549
3 1550 1648 1549
3 1550 1549 1451
3 1452 1550 1451
3 1452 1451 1402
3 1403 1452 1402
3 1403 1402 1500
3 1501 1403 1500
3 1501 1500 1598
3 1599 1501 1598
3 1599 1598 1696
3 1697 1599 1696
3 1697 1696 3084
3 3085 1697 3084
3 3085 3084 3136
3 3137 3085 3136
3 3137 3136 3184
3 3185 3137 3184
3 3185 3184 3232
3 3233 3185 3232
3 3233 3232 3280
3 3281 3233 3280
3 3281 3280 3328
3 3329 3281 3328
3 3329 3328 3384
3 3385 3329 3384
3 3438 3385 3384
3 3438 3384 3437
3 3496 3438 3437
3 3496 3437 3495
3 3555 3496 3495
3 3555 3495 3554
3 3610 3555 3554
3 3610 3554 3609
3 3662 3610 3609
3 3662 3609 3661
3 3720 3662 3661
3 3720 3661 3719
3 3770 3720 3719
3 3770 3719 3769
3 3832 3770 3769
3 3832 3769 3831
3 3884 3832 3831
3 3884 3831 3883
3 3934 3884 3883
3 3934 3883 3933
3 3984 3934 3933
3 3984 3933 3983
3 4037 3984 3983
3 4037 3983 4036
3 11161 11107 11049
3 11219 11161 11049
3 11275 11219 11049
3 11347 11275 11049
3 11407 11347 11049
3 11467 11407 11049
3 11527 11467 11049
3 11597 11527 11049
3 11647 11597 11049
3 11697 11647 11049
3 11797 11697 11049
3 11900 11797 11049
3 12003 11900 11049
3 12103 12003 11049
3 12203 12103 11049
3 12153 12203 11049
3 12053 12153 11049
3 11953 12053 11049
3 11850 11953 11049
3 10419 10469 10518
3 10371 10419 10518
3 10320 10371 10518
3 10270 10320 10518
3 10205 10270 10518
3 10143 10205 10518
3 10064 10143 10518
3 9984 10064 10518
3 9907 9984 10518
3 9844 9907 10518
3 9775 9844 10518
3 9711 9775 10518
3 9642 9711 10518
3 9583 9642 10518
3 9523 9583 10518
3 9465 9523 10518
3 9397 9465 10518
3 9313 9397 10518
3 2416 2482 2533
3 2341 2416 2533
3 2256 2341 2533
3 2143 2256 2533
3 2086 2143 2533
3 2030 2086 2533
3 1960 2030 2533
3 1911 1960 2533
3 1850 1911 2533
3 1801 1850 2533
3 1746 1801 2533
3 1648 1746 2533
3 1550 1648 2533
3 1452 1550 2533
3 1403 1452 2533
3 1501 1403 2533
3 1599 1501 2533
3 3185 3137 3085
3 3233 3185 3085
3 3281 3233 3085
3 3329 3281 3085
3 3385 3329 3085
3 3438 3385 3085
3 3496 3438 3085
3 3555 3496 3085
3 3610 3555 3085
3 3662 3610 3085
3 3720 3662 3085
3 3770 3720 3085
3 3832 3770 3085
3 3884 3832 3085
3 3934 3884 3085
3 3984 3934 3085
3 4037 3984 3085
3 1599 2533 8641
3 8641 8542 8892
3 1697 1599 8641
3 3085 1697 8641
3 4037 3085 8641
3 4090 4037 8641
3 11049 4090 8641
3 11850 11049 8641
3 11747 11850 8641
3 10518 11747 8641
3 9245 9313 10518
3 8943 9245 10518
3 8641 8892 8943
3 10518 8641 8943
3 2825 2808 2805
3 2811 2825 2805
3 2826 2809 2808
3 2826 2808 2825
3 2812 2826 2825
3 2812 2825 2811
3 2812 2811 2805
3 2806 2812 2805
3 2806 2805 2808
3 2809 2806 2808
3 2826 2809 2806
3 2812 2826 2806
3 2968 2958 2955
3 2961 2968 2955
3 2969 2959 2958
3 2969 2958 2968
3 2962 2969 2968
3 2962 2968 2961
3 2962 2961 2955
3 2956 2962 2955
3 2956 2955 2958
3 2959 2956 2958
3 2969 2959 2956
3 2962 2969 2956
3 3503 3447 3392
3 3450 3503 3392
3 3504 3448 3447
3 3504 3447 3503
3 3451 3504 3503
3 3451 3503 3450
3 3451 3450 3392
3 3393 3451 3392
3 3393 3392 3447
3 3448 3393 3447
3 3504 3448 3393
3 3451 3504 3393
3 4248 4242 4231
3 4245 4248 4231
3 4249 4243 4242
3 4249 4242 4248
3 4246 4249 4248
3 4246 4248 4245
3 4246 4245 4231
3 4232 4246 4231
3 4232 4231 4242
3 4243 4232 4242
3 4249 4243 4232
3 4246 4249 4232
3 4448 4442 4437
3 4445 4448 4437
3 4449 4443 4442
3 4449 4442 4448
3 4446 4449 4448
3 4446 4448 4445
3 4446 4445 4437
3 4438 4446 4437
3 4438 4437 4442
3 4443 4438 4442
3 4449 4443 4438
3 4446 4449 4438
3 4749 4735 4728
3 4742 4749 4728
3 4750 4736 4735
3 4750 4735 4749
3 4743 4750 4749
3 4743 4749 4742
3 4743 4742 4728
3 4729 4743 4728
3 4729 4728 4735
3 4736 4729 4735
3 4750 4736 4729
3 4743 4750 4729
3 5090 5080 5073
3 5083 5090 5073
3 5091 5081 5080
3 5091 5080 5090
3 5084 5091 5090
3 5084 5090 5083
3 5084 5083 5073
3 5074 5084 5073
3 5074 5073 5080
3 5081 5074 5080
3 5091 5081 5074
3 5084 5091 5074
3 5476 5416 5257
3 5435 5476 5257
3 5477 5417 5416
3 5477 5416 5476
3 5436 5477 5476
3 5436 5476 5435
3 5436 5435 5257
3 5258 5436 5257
3 5258 5257 5416
3 5417 5258 5416
3 5477 5417 5258
3 5436 5477 5258
3 6011 5991 5988
3 6002 6011 5988
3 6012 5992 5991
3 6012 5991 6011
3 6003 6012 6011
3 6003 6011 6002
3 6003 6002 5988
3 5989 6003 5988
3 5989 5988 5991
3 5992 5989 5991
3 6012 5992 5989
3 6003 6012 5989
3 2562 2540 2429
3 2547 2562 2429
3 2563 2541 2540
3 2563 2540 2562
3 2548 2563 2562
3 2548 2562 2547
3 2548 2547 2429
3 2430 2548 2429
3 2430 2429 2540
3 2541 2430 2540
3 2563 2541 2430
3 2548 2563 2430
3 1863 1866 1350
3 1347 1863 1350
3 1864 1867 1866
3 1864 1866 1863
3 1864 1863 1347
3 1348 1864 1347
3 1348 1347 1350
3 1351 1348 1350
3 1867 1351 1350
3 1867 1350 1866
3 1864 1867 1351
3 1348 1864 1351
3 2200 2211 2037
3 1979 2200 2037
3 2201 2212 2211
3 2201 2211 2200
3 2201 2200 1979
3 1980 2201 1979
3 1980 1979 2037
3 2038 1980 2037
3 2212 2038 2037
3 2212 2037 2211
3 2201 2212 2038
3 1980 2201 2038
3 2559 2371 2365
3 2553 2559 2365
3 2560 2372 2371
3 2560 2371 2559
3 2554 2560 2559
3 2554 2559 2553
3 2554 2553 2365
3 2366 2554 2365
3 2366 2365 2371
3 2372 2366 2371
3 2560 2372 2366
3 2554 2560 2366
3 2587 2566 2564
3 2581 2587 2564
3 2588 2567 2566
3 2588 2566 2587
3 2582 2588 2587
3 2582 2587 2581
3 2582 2581 2564
3 2565 2582 2564
3 2565 2564 2566
3 2567 2565 2566
3 2588 2567 2565
3 2582 2588 2565
3 2719 2631 2625
3 2701 2719 2625
3 2720 2632 2631
3 2720 2631 2719
3 2702 2720 2719
3 2702 2719 2701
3 2702 2701 2625
3 2626 2702 2625
3 2626 2625 2631
3 2632 2626 2631
3 2720 2632 2626
3 2702 2720 2626
3 7855 7849 7764
3 7852 7855 7764
3 7856 7850 7849
3 7856 7849 7855
3 7853 7856 7855
3 7853 7855 7852
3 7853 7852 7764
3 7765 7853 7764
3 7765 7764 7849
3 7850 7765 7849
3 7856 7850 7765
3 7853 7856 7765
3 8143 8137 8134
3 8140 8143 8134
3 8144 8138 8137
3 8144 8137 8143
3 8141 8144 8143
3 8141 8143 8140
3 8141 8140 8134
3 8135 8141 8134
3 8135 8134 8137
3 8138 8135 8137
3 8144 8138 8135
3 8141 8144 8135
3 8227 8221 8218
3 8224 8227 8218
3 8228 8222 8221
3 8228 8221 8227
3 8225 8228 8227
3 8225 8227 8224
3 8225 8224 8218
3 8219 8225 8218
3 8219 8218 8221
3 8222 8219 8221
3 8228 8222 8219
3 8225 8228 8219
3 9002 8994 8989
3 8997 9002 8989
3 9003 8995 8994
3 9003 8994 9002
3 8998 9003 9002
3 8998 9002 8997
3 8998 8997 8989
3 8990 8998 8989
3 8990 8989 8994
3 8995 8990 8994
3 9003 8995 8990
3 8998 9003 8990
3 9130 9116 9109
3 9123 9130 9109
3 9131 9117 9116
3 9131 9116 9130
3 9124 9131 9130
3 9124 9130 9123
3 9124 9123 9109
3 9110 9124 9109
3 9110 9109 9116
3 9117 9110 9116
3 9131 9117 9110
3 9124 9131 9110
3 9799 9781 9719
3 9788 9799 9719
3 9800 9782 9781
3 9800 9781 9799
3 9789 9800 9799
3 9789 9799 9788
3 9789 9788 9719
3 9720 9789 9719
3 9720 9719 9781
3 9782 9720 9781
3 9800 9782 9720
3 9789 9800 9720
3 10635 10614 10608
3 10617 10635 10608
3 10636 10615 10614
3 10636 10614 10635
3 10618 10636 10635
3 10618 10635 10617
3 10618 10617 10608
3 10609 10618 10608
3 10609 10608 10614
3 10615 10609 10614
3 10636 10615 10609
3 10618 10636 10609
3 10850 10836 10808
3 10842 10850 10808
3 10851 10837 10836
3 10851 10836 10850
3 10843 10851 10850
3 10843 10850 10842
3 10843 10842 10808
3 10809 10843 10808
3 10809 10808 10836
3 10837 10809 10836
3 10851 10837 10809
3 10843 10851 10809
3 10993 10983 10971
3 10990 10993 10971
3 10994 10984 10983
3 10994 10983 10993
3 10991 10994 10993
3 10991 10993 10990
3 10991 10990 10971
3 10972 10991 10971
3 10972 10971 10983
3 10984 10972 10983
3 10994 10984 10972
3 10991 10994 10972
3 12210 12213 11907
3 11804 12210 11907
3 12211 12214 12213
3 12211 12213 12210
3 12211 12210 11804
3 11805 12211 11804
3 11805 11804 11907
3 11908 11805 11907
3 12214 11908 11907
3 12214 11907 12213
3 12211 12214 11908
3 11805 12211 11908
3 11544 11551 11419
3 11414 11544 11419
3 11545 11552 11551
3 11545 11551 11544
3 11545 11544 11414
3 11415 11545 11414
3 11415 11414 11419
3 11420 11415 11419
3 11552 11420 11419
3 11552 11419 11551
3 11545 11552 11420
3 11415 11545 11420
3 11284 11293 11171
3 11168 11284 11171
3 11285 11294 11293
3 11285 11293 11284
3 11285 11284 11168
3 11169 11285 11168
3 11169 11168 11171
3 11172 11169 11171
3 11294 11172 11171
3 11294 11171 11293
3 11285 11294 11172
3 11169 11285 11172
3 11058 11061 10999
3 10996 11058 10999
3 11059 11062 11061
3 11059 11061 11058
3 11059 11058 10996
3 10997 11059 10996
3 10997 10996 10999
3 11000 10997 10999
3 11062 11000 10999
3 11062 10999 11061
3 11059 11062 11000
3 10997 11059 11000
3 6228 6216 6209
3 6221 6228 6209
3 6229 6217 6216
3 6229 6216 6228
3 6222 6229 6228
3 6222 6228 6221
3 6222 6221 6209
3 6210 6222 6209
3 6210 6209 6216
3 6217 6210 6216
3 6229 6217 6210
3 6222 6229 6210
3 6340 6321 6310
3 6326 6340 6310
3 6341 6322 6321
3 6341 6321 6340
3 6327 6341 6340
3 6327 6340 6326
3 6327 6326 6310
3 6311 6327 6310
3 6311 6310 6321
3 6322 6311 6321
3 6341 6322 6311
3 6327 6341 6311
3 6462 6452 6447
3 6457 6462 6447
3 6463 6453 6452
3 6463 6452 6462
3 6458 6463 6462
3 6458 6462 6457
3 6458 6457 6447
3 6448 6458 6447
3 6448 6447 6452
3 6453 6448 6452
3 6463 6453 6448
3 6458 6463 6448
3 6884 6870 6859
3 6879 6884 6859
3 6885 6871 6870
3 6885 6870 6884
3 6880 6885 6884
3 6880 6884 6879
3 6880 6879 6859
3 6860 6880 6859
3 6860 6859 6870
3 6871 6860 6870
3 6885 6871 6860
3 6880 6885 6860
3 6994 6984 6979
3 6989 6994 6979
3 6995 6985 6984
3 6995 6984 6994
3 6990 6995 6994
3 6990 6994 6989
3 6990 6989 6979
3 6980 6990 6979
3 6980 6979 6984
3 6985 6980 6984
3 6995 6985 6980
3 6990 6995 6980
3 7064 7054 7049
3 7059 7064 7049
3 7065 7055 7054
3 7065 7054 7064
3 7060 7065 7064
3 7060 7064 7059
3 7060 7059 7049
3 7050 7060 7049
3 7050 7049 7054
3 7055 7050 7054
3 7065 7055 7050
3 7060 7065 7050
3 7178 7152 7128
3 7166 7178 7128
3 7179 7153 7152
3 7179 7152 7178
3 7167 7179 7178
3 7167 7178 7166
3 7167 7166 7128
3 7129 7167 7128
3 7129 7128 7152
3 7153 7129 7152
3 7179 7153 7129
3 7167 7179 7129
3 7312 7293 7272
3 7298 7312 7272
3 7313 7294 7293
3 7313 7293 7312
3 7299 7313 7312
3 7299 7312 7298
3 7299 7298 7272
3 7273 7299 7272
3 7273 7272 7293
3 7294 7273 7293
3 7313 7294 7273
3 7299 7313 7273
3 7428 7411 7392
3 7416 7428 7392
3 7429 7412 7411
3 7429 7411 7428
3 7417 7429 7428
3 7417 7428 7416
3 7417 7416 7392
3 7393 7417 7392
3 7393 7392 7411
3 7412 7393 7411
3 7429 7412 7393
3 7417 7429 7393
3 7613 7589 7577
3 7601 7613 7577
3 7614 7590 7589
3 7614 7589 7613
3 7602 7614 7613
3 7602 7613 7601
3 7602 7601 7577
3 7578 7602 7577
3 7578 7577 7589
3 7590 7578 7589
3 7614 7590 7578
3 7602 7614 7578
3 8024 7878 7864
3 8012 8024 7864
3 8025 8001 7878
3 8025 7878 8024
3 8013 8025 8024
3 8013 8024 8012
3 8013 8012 7864
3 7865 8013 7864
3 7865 7864 7878
3 8001 7865 7878
3 8025 8001 7865
3 8013 8025 7865
3 8190 8164 8150
3 8176 8190 8150
3 8191 8165 8164
3 8191 8164 8190
3 8177 8191 8190
3 8177 8190 8176
3 8177 8176 8150
3 8151 8177 8150
3 8151 8150 8164
3 8165 8151 8164
3 8191 8165 8151
3 8177 8191 8151
3 8663 8451 8437
3 8649 8663 8437
3 8664 8452 8451
3 8664 8451 8663
3 8650 8664 8663
3 8650 8663 8649
3 8650 8649 8437
3 8438 8650 8437
3 8438 8437 8451
3 8452 8438 8451
3 8664 8452 8438
3 8650 8664 8438
3 9050 9026 9013
3 9037 9050 9013
3 9051 9027 9026
3 9051 9026 9050
3 9038 9051 9050
3 9038 9050 9037
3 9038 9037 9013
3 9014 9038 9013
3 9014 9013 9026
3 9027 9014 9026
3 9051 9027 9014
3 9038 9051 9014
3 9178 9158 9145
3 9163 9178 9145
3 9179 9159 9158
3 9179 9158 9178
3 9164 9179 9178
3 9164 9178 9163
3 9164 9163 9145
3 9146 9164 9145
3 9146 9145 9158
3 9159 9146 9158
3 9179 9159 9146
3 9164 9179 9146
3 4154 4044 3995
3 4097 4154 3995
3 4155 4045 4044
3 4155 4044 4154
3 4098 4155 4154
3 4098 4154 4097
3 4098 4097 3995
3 4037 4098 3995
3 4037 3995 4044
3 4045 4037 4044
3 4155 4045 4037
3 4098 4155 4037
3 4430 4420 4415
3 4425 4430 4415
3 4431 4421 4420
3 4431 4420 4430
3 4426 4431 4430
3 4426 4430 4425
3 4426 4425 4415
3 4416 4426 4415
3 4416 4415 4420
3 4421 4416 4420
3 4431 4421 4416
3 4426 4431 4416
3 4630 4490 4485
3 4495 4630 4485
3 4631 4491 4490
3 4631 4490 4630
3 4621 4631 4630
3 4621 4630 4495
3 4621 4495 4485
3 4486 4621 4485
3 4486 4485 4490
3 4491 4486 4490
3 4631 4491 4486
3 4621 4631 4486
3 5062 5050 5045
3 5057 5062 5045
3 5063 5051 5050
3 5063 5050 5062
3 5058 5063 5062
3 5058 5062 5057
3 5058 5057 5045
3 5046 5058 5045
3 5046 5045 5050
3 5051 5046 5050
3 5063 5051 5046
3 5058 5063 5046
3 5150 5138 5133
3 5143 5150 5133
3 5151 5139 5138
3 5151 5138 5150
3 5144 5151 5150
3 5144 5150 5143
3 5144 5143 5133
3 5134 5144 5133
3 5134 5133 5138
3 5139 5134 5138
3 5151 5139 5134
3 5144 5151 5134
3 5983 5971 5916
3 5978 5983 5916
3 5984 5972 5971
3 5984 5971 5983
3 5979 5984 5983
3 5979 5983 5978
3 5979 5978 5916
3 5917 5979 5916
3 5917 5916 5971
3 5972 5917 5971
3 5984 5972 5917
3 5979 5984 5917
3 6109 6096 6088
3 6101 6109 6088
3 6110 6097 6096
3 6110 6096 6109
3 6102 6110 6109
3 6102 6109 6101
3 6102 6101 6088
3 6089 6102 6088
3 6089 6088 6096
3 6097 6089 6096
3 6110 6097 6089
3 6102 6110 6089
3 6188 6170 6165
3 6175 6188 6165
3 6189 6171 6170
3 6189 6170 6188
3 6176 6189 6188
3 6176 6188 6175
3 6176 6175 6165
3 6166 6176 6165
3 6166 6165 6170
3 6171 6166 6170
3 6189 6171 6166
3 6176 6189 6166
3 6296 6286 6279
3 6291 6296 6279
3 6297 6287 6286
3 6297 6286 6296
3 6292 6297 6296
3 6292 6296 6291
3 6292 6291 6279
3 6280 6292 6279
3 6280 6279 6286
3 6287 6280 6286
3 6297 6287 6280
3 6292 6297 6280
3 6439 6427 6419
3 6434 6439 6419
3 6440 6428 6427
3 6440 6427 6439
3 6435 6440 6439
3 6435 6439 6434
3 6435 6434 6419
3 6420 6435 6419
3 6420 6419 6427
3 6428 6420 6427
3 6440 6428 6420
3 6435 6440 6420
3 6782 6742 6707
3 6751 6782 6707
3 6783 6743 6742
3 6783 6742 6782
3 6752 6783 6782
3 6752 6782 6751
3 6752 6751 6707
3 6708 6752 6707
3 6708 6707 6742
3 6743 6708 6742
3 6783 6743 6708
3 6752 6783 6708
3 6972 6958 6951
3 6965 6972 6951
3 6973 6959 6958
3 6973 6958 6972
3 6966 6973 6972
3 6966 6972 6965
3 6966 6965 6951
3 6952 6966 6951
3 6952 6951 6958
3 6959 6952 6958
3 6973 6959 6952
3 6966 6973 6952
3 7042 7028 7021
3 7033 7042 7021
3 7043 7029 7028
3 7043 7028 7042
3 7034 7043 7042
3 7034 7042 7033
3 7034 7033 7021
3 7022 7034 7021
3 7022 7021 7028
3 7029 7022 7028
3 7043 7029 7022
3 7034 7043 7022
3 7106 7094 7089
3 7099 7106 7089
3 7107 7095 7094
3 7107 7094 7106
3 7100 7107 7106
3 7100 7106 7099
3 7100 7099 7089
3 7090 7100 7089
3 7090 7089 7094
3 7095 7090 7094
3 7107 7095 7090
3 7100 7107 7090
3 7253 7241 7234
3 7246 7253 7234
3 7254 7242 7241
3 7254 7241 7253
3 7247 7254 7253
3 7247 7253 7246
3 7247 7246 7234
3 7235 7247 7234
3 7235 7234 7241
3 7242 7235 7241
3 7254 7242 7235
3 7247 7254 7235
3 7379 7369 7364
3 7374 7379 7364
3 7380 7370 7369
3 7380 7369 7379
3 7375 7380 7379
3 7375 7379 7374
3 7375 7374 7364
3 7365 7375 7364
3 7365 7364 7369
3 7370 7365 7369
3 7380 7370 7365
3 7375 7380 7365
3 7561 7548 7543
3 7553 7561 7543
3 7562 7549 7548
3 7562 7548 7561
3 7554 7562 7561
3 7554 7561 7553
3 7554 7553 7543
3 7544 7554 7543
3 7544 7543 7548
3 7549 7544 7548
3 7562 7549 7544
3 7554 7562 7544
3 10962 10974 10953
3 10948 10962 10953
3 10963 10975 10974
3 10963 10974 10962
3 10963 10962 10948
3 10949 10963 10948
3 10949 10948 10953
3 10954 10949 10953
3 10975 10954 10953
3 10975 10953 10974
3 10963 10975 10954
3 10949 10963 10954
3 10938 10943 10931
3 10926 10938 10931
3 10939 10944 10943
3 10939 10943 10938
3 10939 10938 10926
3 10927 10939 10926
3 10927 10926 10931
3 10932 10927 10931
3 10944 10932 10931
3 10944 10931 10943
3 10939 10944 10932
3 10927 10939 10932
3 10914 10919 10895
3 10890 10914 10895
3 10915 10920 10919
3 10915 10919 10914
3 10915 10914 10890
3 10891 10915 10890
3 10891 10890 10895
3 10896 10891 10895
3 10920 10896 10895
3 10920 10895 10919
3 10915 10920 10896
3 10891 10915 10896
3 10868 10873 10863
3 10858 10868 10863
3 10869 10874 10873
3 10869 10873 10868
3 10869 10868 10858
3 10859 10869 10858
3 10859 10858 10863
3 10864 10859 10863
3 10874 10864 10863
3 10874 10863 10873
3 10869 10874 10864
3 10859 10869 10864
3 10845 10853 10799
3 10791 10845 10799
3 10846 10854 10853
3 10846 10853 10845
3 10846 10845 10791
3 10792 10846 10791
3 10792 10791 10799
3 10800 10792 10799
3 10854 10800 10799
3 10854 10799 10853
3 10846 10854 10800
3 10792 10846 10800
3 10764 10772 10753
3 10748 10764 10753
3 10765 10773 10772
3 10765 10772 10764
3 10765 10764 10748
3 10749 10765 10748
3 10749 10748 10753
3 10754 10749 10753
3 10773 10754 10753
3 10773 10753 10772
3 10765 10773 10754
3 10749 10765 10754
3 10730 10735 10722
3 10714 10730 10722
3 10731 10736 10735
3 10731 10735 10730
3 10731 10730 10714
3 10715 10731 10714
3 10715 10714 10722
3 10723 10715 10722
3 10736 10723 10722
3 10736 10722 10735
3 10731 10736 10723
3 10715 10731 10723
3 10687 10696 10668
3 10663 10687 10668
3 10688 10697 10696
3 10688 10696 10687
3 10688 10687 10663
3 10664 10688 10663
3 10664 10663 10668
3 10669 10664 10668
3 10697 10669 10668
3 10697 10668 10696
3 10688 10697 10669
3 10664 10688 10669
3 10648 10656 10627
3 10620 10648 10627
3 10649 10657 10656
3 10649 10656 10648
3 10649 10648 10620
3 10621 10649 10620
3 10621 10620 10627
3 10628 10621 10627
3 10657 10628 10627
3 10657 10627 10656
3 10649 10657 10628
3 10621 10649 10628
3 10587 10599 10569
3 10564 10587 10569
3 10588 10600 10599
3 10588 10599 10587
3 10588 10587 10564
3 10565 10588 10564
3 10565 10564 10569
3 10570 10565 10569
3 10600 10570 10569
3 10600 10569 10599
3 10588 10600 10570
3 10565 10588 10570
3 10546 10551 10536
3 10529 10546 10536
3 10547 10552 10551
3 10547 10551 10546
3 10547 10546 10529
3 10530 10547 10529
3 10530 10529 10536
3 10537 10530 10536
3 10552 10537 10536
3 10552 10536 10551
3 10547 10552 10537
3 10530 10547 10537
3 3091 3035 3031
3 3039 3091 3031
3 3092 3036 3035
3 3092 3035 3091
3 3040 3092 3091
3 3040 3091 3039
3 3040 3039 3031
3 3032 3040 3031
3 3032 3031 3035
3 3036 3032 3035
3 3092 3036 3032
3 3040 3092 3032
3 3027 3013 3009
3 3023 3027 3009
3 3028 3014 3013
3 3028 3013 3027
3 3024 3028 3027
3 3024 3027 3023
3 3024 3023 3009
3 3010 3024 3009
3 3010 3009 3013
3 3014 3010 3013
3 3028 3014 3010
3 3024 3028 3010
3 2998 2978 2974
3 2994 2998 2974
3 2999 2979 2978
3 2999 2978 2998
3 2995 2999 2998
3 2995 2998 2994
3 2995 2994 2974
3 2975 2995 2974
3 2975 2974 2978
3 2979 2975 2978
3 2999 2979 2975
3 2995 2999 2975
3 2970 2950 2946
3 2963 2970 2946
3 2971 2951 2950
3 2971 2950 2970
3 2964 2971 2970
3 2964 2970 2963
3 2964 2963 2946
3 2947 2964 2946
3 2947 2946 2950
3 2951 2947 2950
3 2971 2951 2947
3 2964 2971 2947
3 2939 2928 2924
3 2935 2939 2924
3 2940 2929 2928
3 2940 2928 2939
3 2936 2940 2939
3 2936 2939 2935
3 2936 2935 2924
3 2925 2936 2924
3 2925 2924 2928
3 2929 2925 2928
3 2940 2929 2925
3 2936 2940 2925
3 2917 2891 2887
3 2910 2917 2887
3 2918 2892 2891
3 2918 2891 2917
3 2911 2918 2917
3 2911 2917 2910
3 2911 2910 2887
3 2888 2911 2887
3 2888 2887 2891
3 2892 2888 2891
3 2918 2892 2888
3 2911 2918 2888
3 2880 2869 2865
3 2876 2880 2865
3 2881 2870 2869
3 2881 2869 2880
3 2877 2881 2880
3 2877 2880 2876
3 2877 2876 2865
3 2866 2877 2865
3 2866 2865 2869
3 2870 2866 2869
3 2881 2870 2866
3 2877 2881 2866
3 2840 2820 2813
3 2836 2840 2813
3 2841 2821 2820
3 2841 2820 2840
3 2837 2841 2840
3 2837 2840 2836
3 2837 2836 2813
3 2814 2837 2813
3 2814 2813 2820
3 2821 2814 2820
3 2841 2821 2814
3 2837 2841 2814
3 2797 2786 2779
3 2793 2797 2779
3 2798 2787 2786
3 2798 2786 2797
3 2794 2798 2797
3 2794 2797 2793
3 2794 2793 2779
3 2780 2794 2779
3 2780 2779 2786
3 2787 2780 2786
3 2798 2787 2780
3 2794 2798 2780
3 2770 2756 2749
3 2766 2770 2749
3 2771 2757 2756
3 2771 2756 2770
3 2767 2771 2770
3 2767 2770 2766
3 2767 2766 2749
3 2750 2767 2749
3 2750 2749 2756
3 2757 2750 2756
3 2771 2757 2750
3 2767 2771 2750
3 6132 6122 6117
3 6127 6132 6117
3 6133 6123 6122
3 6133 6122 6132
3 6128 6133 6132
3 6128 6132 6127
3 6128 6127 6117
3 6118 6128 6117
3 6118 6117 6122
3 6123 6118 6122
3 6133 6123 6118
3 6128 6133 6118
3 8311 8768 8459
3 7640 8311 8459
3 7878 7640 8459
3 8558 7878 8459
3 8312 8769 8768
3 8312 8768 8311
3 8312 8311 7640
3 7641 8312 7640
3 7641 7640 7878
3 7879 7641 7878
3 8559 7879 7878
3 8559 7878 8558
3 8460 8559 8558
3 8460 8558 8459
3 8769 8460 8459
3 8769 8459 8768
3 8312 8769 8460
3 7641 8312 8460
3 7879 7641 8460
3 8559 7879 8460
3 4762 4495 5263
3 5683 4762 5263
3 4496 4495 4762
3 4763 4496 4762
3 5684 4763 4762
3 5684 4762 5683
3 5264 5684 5683
3 5264 5683 5263
3 5264 5263 4495
3 4496 5264 4495
3 4763 4496 5264
3 5684 4763 5264
3 5589 5162 5264
3 4496 4634 4900
3 4763 4496 4900
3 5684 4763 4900
3 5589 5264 5684
3 4900 5589 5684
3 5163 5162 5589
3 5590 5163 5589
3 5590 5589 4900
3 4901 5590 4900
3 4635 4901 4900
3 4635 4900 4634
3 4635 4634 4496
3 4497 4635 4496
3 4497 4496 4763
3 4764 4497 4763
3 5685 4764 4763
3 5685 4763 5684
3 5265 5685 5684
3 5265 5684 5264
3 5265 5264 5162
3 5163 5265 5162
3 5590 5163 5265
3 4497 4635 4901
3 4764 4497 4901
3 5685 4764 4901
3 5590 5265 5685
3 4901 5590 5685
3 8769 8680 8229
3 8312 8769 8229
3 7641 8312 8229
3 8035 7879 7641
3 7766 8035 7641
3 8229 7766 7641
3 8770 8681 8680
3 8770 8680 8769
3 8313 8770 8769
3 8313 8769 8312
3 8313 8312 7641
3 7642 8313 7641
3 7642 7641 7879
3 7880 7642 7879
3 8036 7880 7879
3 8036 7879 8035
3 7767 8036 8035
3 7767 8035 7766
3 8230 7767 7766
3 8230 7766 8229
3 8230 8229 8680
3 8681 8230 8680
3 8770 8681 8230
3 8313 8770 8230
3 7642 8313 8230
3 8036 7880 7642
3 7767 8036 7642
3 8230 7767 7642
3 8314 8771 8461
3 7643 8314 8461
3 7881 7643 8461
3 8560 7881 8461
3 8315 8772 8771
3 8315 8771 8314
3 8315 8314 7643
3 7644 8315 7643
3 7644 7643 7881
3 7882 7644 7881
3 8561 7882 7881
3 8561 7881 8560
3 8462 8561 8560
3 8462 8560 8461
3 8772 8462 8461
3 8772 8461 8771
3 8315 8772 8462
3 7644 8315 8462
3 7882 7644 8462
3 8561 7882 8462
3 4765 4498 5266
3 5686 4765 5266
3 4499 4498 4765
3 4766 4499 4765
3 5687 4766 4765
3 5687 4765 5686
3 5267 5687 5686
3 5267 5686 5266
3 5267 5266 4498
3 4499 5267 4498
3 4766 4499 5267
3 5687 4766 5267
3 5591 5164 5267
3 4499 4636 4902
3 4766 4499 4902
3 5687 4766 4902
3 5591 5267 5687
3 4902 5591 5687
3 5165 5164 5591
3 5592 5165 5591
3 5592 5591 4902
3 4903 5592 4902
3 4637 4903 4902
3 4637 4902 4636
3 4637 4636 4499
3 4500 4637 4499
3 4500 4499 4766
3 4767 4500 4766
3 5688 4767 4766
3 5688 4766 5687
3 5268 5688 5687
3 5268 5687 5267
3 5268 5267 5164
3 5165 5268 5164
3 5592 5165 5268
3 4500 4637 4903
3 4767 4500 4903
3 5688 4767 4903
3 5592 5268 5688
3 4903 5592 5688
3 8772 8682 8231
3 8315 8772 8231
3 7644 8315 8231
3 8037 7882 7644
3 7768 8037 7644
3 8231 7768 7644
3 8773 8683 8682
3 8773 8682 8772
3 8316 8773 8772
3 8316 8772 8315
3 8316 8315 7644
3 7645 8316 7644
3 7645 7644 7882
3 7883 7645 7882
3 8038 7883 7882
3 8038 7882 8037
3 7769 8038 8037
3 7769 8037 7768
3 8232 7769 7768
3 8232 7768 8231
3 8232 8231 8682
3 8683 8232 8682
3 8773 8683 8232
3 8316 8773 8232
3 7645 8316 8232
3 8038 7883 7645
3 7769 8038 7645
3 8232 7769 7645
3 8317 8774 8463
3 7646 8317 8463
3 7884 7646 8463
3 8562 7884 8463
3 8318 8775 8774
3 8318 8774 8317
3 8318 8317 7646
3 7647 8318 7646
3 7647 7646 7884
3 7885 7647 7884
3 8563 7885 7884
3 8563 7884 8562
3 8464 8563 8562
3 8464 8562 8463
3 8775 8464 8463
3 8775 8463 8774
3 8318 8775 8464
3 7647 8318 8464
3 7885 7647 8464
3 8563 7885 8464
3 4768 4501 5269
3 5689 4768 5269
3 4502 4501 4768
3 4769 4502 4768
3 5690 4769 4768
3 5690 4768 5689
3 5270 5690 5689
3 5270 5689 5269
3 5270 5269 4501
3 4502 5270 4501
3 4769 4502 5270
3 5690 4769 5270
3 5593 5166 5270
3 4502 4638 4904
3 4769 4502 4904
3 5690 4769 4904
3 5593 5270 5690
3 4904 5593 5690
3 5167 5166 5593
3 5594 5167 5593
3 5594 5593 4904
3 4905 5594 4904
3 4639 4905 4904
3 4639 4904 4638
3 4639 4638 4502
3 4503 4639 4502
3 4503 4502 4769
3 4770 4503 4769
3 5691 4770 4769
3 5691 4769 5690
3 5271 5691 5690
3 5271 5690 5270
3 5271 5270 5166
3 5167 5271 5166
3 5594 5167 5271
3 4503 4639 4905
3 4770 4503 4905
3 5691 4770 4905
3 5594 5271 5691
3 4905 5594 5691
3 8775 8684 8233
3 8318 8775 8233
3 7647 8318 8233
3 8039 7885 7647
3 7770 8039 7647
3 8233 7770 7647
3 8776 8685 8684
3 8776 8684 8775
3 8319 8776 8775
3 8319 8775 8318
3 8319 8318 7647
3 7648 8319 7647
3 7648 7647 7885
3 7886 7648 7885
3 8040 7886 7885
3 8040 7885 8039
3 7771 8040 8039
3 7771 8039 7770
3 8234 7771 7770
3 8234 7770 8233
3 8234 8233 8684
3 8685 8234 8684
3 8776 8685 8234
3 8319 8776 8234
3 7648 8319 8234
3 8040 7886 7648
3 7771 8040 7648
3 8234 7771 7648
3 8320 8777 8465
3 7649 8320 8465
3 7887 7649 8465
3 8564 7887 8465
3 8321 8778 8777
3 8321 8777 8320
3 8321 8320 7649
3 7650 8321 7649
3 7650 7649 7887
3 7888 7650 7887
3 8565 7888 7887
3 8565 7887 8564
3 8466 8565 8564
3 8466 8564 8465
3 8778 8466 8465
3 8778 8465 8777
3 8321 8778 8466
3 7650 8321 8466
3 7888 7650 8466
3 8565 7888 8466
3 4771 4504 5272
3 5692 4771 5272
3 4505 4504 4771
3 4772 4505 4771
3 5693 4772 4771
3 5693 4771 5692
3 5273 5693 5692
3 5273 5692 5272
3 5273 5272 4504
3 4505 5273 4504
3 4772 4505 5273
3 5693 4772 5273
3 5595 5168 5273
3 4505 4640 4906
3 4772 4505 4906
3 5693 4772 4906
3 5595 5273 5693
3 4906 5595 5693
3 5169 5168 5595
3 5596 5169 5595
3 5596 5595 4906
3 4907 5596 4906
3 4641 4907 4906
3 4641 4906 4640
3 4641 4640 4505
3 4506 4641 4505
3 4506 4505 4772
3 4773 4506 4772
3 5694 4773 4772
3 5694 4772 5693
3 5274 5694 5693
3 5274 5693 5273
3 5274 5273 5168
3 5169 5274 5168
3 5596 5169 5274
3 4506 4641 4907
3 4773 4506 4907
3 5694 4773 4907
3 5596 5274 5694
3 4907 5596 5694
3 8778 8686 8235
3 8321 8778 8235
3 7650 8321 8235
3 8041 7888 7650
3 7772 8041 7650
3 8235 7772 7650
3 8779 8687 8686
3 8779 8686 8778
3 8322 8779 8778
3 8322 8778 8321
3 8322 8321 7650
3 7651 8322 7650
3 7651 7650 7888
3 7889 7651 7888
3 8042 7889 7888
3 8042 7888 8041
3 7773 8042 8041
3 7773 8041 7772
3 8236 7773 7772
3 8236 7772 8235
3 8236 8235 8686
3 8687 8236 8686
3 8779 8687 8236
3 8322 8779 8236
3 7651 8322 8236
3 8042 7889 7651
3 7773 8042 7651
3 8236 7773 7651
3 8323 8780 8467
3 7652 8323 8467
3 7890 7652 8467
3 8566 7890 8467
3 8324 8781 8780
3 8324 8780 8323
3 8324 8323 7652
3 7653 8324 7652
3 7653 7652 7890
3 7891 7653 7890
3 8567 7891 7890
3 8567 7890 8566
3 8468 8567 8566
3 8468 8566 8467
3 8781 8468 8467
3 8781 8467 8780
3 8324 8781 8468
3 7653 8324 8468
3 7891 7653 8468
3 8567 7891 8468
3 4774 4507 5275
3 5695 4774 5275
3 4508 4507 4774
3 4775 4508 4774
3 5696 4775 4774
3 5696 4774 5695
3 5276 5696 5695
3 5276 5695 5275
3 5276 5275 4507
3 4508 5276 4507
3 4775 4508 5276
3 5696 4775 5276
3 5597 5170 5276
3 4508 4642 4908
3 4775 4508 4908
3 5696 4775 4908
3 5597 5276 5696
3 4908 5597 5696
3 5171 5170 5597
3 5598 5171 5597
3 5598 5597 4908
3 4909 5598 4908
3 4643 4909 4908
3 4643 4908 4642
3 4643 4642 4508
3 4509 4643 4508
3 4509 4508 4775
3 4776 4509 4775
3 5697 4776 4775
3 5697 4775 5696
3 5277 5697 5696
3 5277 5696 5276
3 5277 5276 5170
3 5171 5277 5170
3 5598 5171 5277
3 4509 4643 4909
3 4776 4509 4909
3 5697 4776 4909
3 5598 5277 5697
3 4909 5598 5697
3 8781 8688 8237
3 8324 8781 8237
3 7653 8324 8237
3 8043 7891 7653
3 7774 8043 7653
3 8237 7774 7653
3 8782 8689 8688
3 8782 8688 8781
3 8325 8782 8781
3 8325 8781 8324
3 8325 8324 7653
3 7654 8325 7653
3 7654 7653 7891
3 7892 7654 7891
3 8044 7892 7891
3 8044 7891 8043
3 7775 8044 8043
3 7775 8043 7774
3 8238 7775 7774
3 8238 7774 8237
3 8238 8237 8688
3 8689 8238 8688
3 8782 8689 8238
3 8325 8782 8238
3 7654 8325 8238
3 8044 7892 7654
3 7775 8044 7654
3 8238 7775 7654
3 8326 8783 8469
3 7655 8326 8469
3 7893 7655 8469
3 8568 7893 8469
3 8327 8784 8783
3 8327 8783 8326
3 8327 8326 7655
3 7656 8327 7655
3 7656 7655 7893
3 7894 7656 7893
3 8569 7894 7893
3 8569 7893 8568
3 8470 8569 8568
3 8470 8568 8469
3 8784 8470 8469
3 8784 8469 8783
3 8327 8784 8470
3 7656 8327 8470
3 7894 7656 8470
3 8569 7894 8470
3 4777 4510 5278
3 5698 4777 5278
3 4511 4510 4777
3 4778 4511 4777
3 5699 4778 4777
3 5699 4777 5698
3 5279 5699 5698
3 5279 5698 5278
3 5279 5278 4510
3 4511 5279 4510
3 4778 4511 5279
3 5699 4778 5279
3 5599 5172 5279
3 4511 4644 4910
3 4778 4511 4910
3 5699 4778 4910
3 5599 5279 5699
3 4910 5599 5699
3 5173 5172 5599
3 5600 5173 5599
3 5600 5599 4910
3 4911 5600 4910
3 4645 4911 4910
3 4645 4910 4644
3 4645 4644 4511
3 4512 4645 4511
3 4512 4511 4778
3 4779 4512 4778
3 5700 4779 4778
3 5700 4778 5699
3 5280 5700 5699
3 5280 5699 5279
3 5280 5279 5172
3 5173 5280 5172
3 5600 5173 5280
3 4512 4645 4911
3 4779 4512 4911
3 5700 4779 4911
3 5600 5280 5700
3 4911 5600 5700
3 8784 8690 8239
3 8327 8784 8239
3 7656 8327 8239
3 8045 7894 7656
3 7776 8045 7656
3 8239 7776 7656
3 8785 8691 8690
3 8785 8690 8784
3 8328 8785 8784
3 8328 8784 8327
3 8328 8327 7656
3 7657 8328 7656
3 7657 7656 7894
3 7895 7657 7894
3 8046 7895 7894
3 8046 7894 8045
3 7777 8046 8045
3 7777 8045 7776
3 8240 7777 7776
3 8240 7776 8239
3 8240 8239 8690
3 8691 8240 8690
3 8785 8691 8240
3 8328 8785 8240
3 7657 8328 8240
3 8046 7895 7657
3 7777 8046 7657
3 8240 7777 7657
3 8329 8786 8471
3 7658 8329 8471
3 7896 7658 8471
3 8570 7896 8471
3 8330 8787 8786
3 8330 8786 8329
3 8330 8329 7658
3 7659 8330 7658
3 7659 7658 7896
3 7897 7659 7896
3 8571 7897 7896
3 8571 7896 8570
3 8472 8571 8570
3 8472 8570 8471
3 8787 8472 8471
3 8787 8471 8786
3 8330 8787 8472
3 7659 8330 8472
3 7897 7659 8472
3 8571 7897 8472
3 4780 4513 5281
3 5701 4780 5281
3 4514 4513 4780
3 4781 4514 4780
3 5702 4781 4780
3 5702 4780 5701
3 5282 5702 5701
3 5282 5701 5281
3 5282 5281 4513
3 4514 5282 4513
3 4781 4514 5282
3 5702 4781 5282
3 5601 5174 5282
3 4514 4646 4912
3 4781 4514 4912
3 5702 4781 4912
3 5601 5282 5702
3 4912 5601 5702
3 5175 5174 5601
3 5602 5175 5601
3 5602 5601 4912
3 4913 5602 4912
3 4647 4913 4912
3 4647 4912 4646
3 4647 4646 4514
3 4515 4647 4514
3 4515 4514 4781
3 4782 4515 4781
3 5703 4782 4781
3 5703 4781 5702
3 5283 5703 5702
3 5283 5702 5282
3 5283 5282 5174
3 5175 5283 5174
3 5602 5175 5283
3 4515 4647 4913
3 4782 4515 4913
3 5703 4782 4913
3 5602 5283 5703
3 4913 5602 5703
3 8787 8692 8241
3 8330 8787 8241
3 7659 8330 8241
3 8047 7897 7659
3 7778 8047 7659
3 8241 7778 7659
3 8788 8693 8692
3 8788 8692 8787
3 8331 8788 8787
3 8331 8787 8330
3 8331 8330 7659
3 7660 8331 7659
3 7660 7659 7897
3 7898 7660 7897
3 8048 7898 7897
3 8048 7897 8047
3 7779 8048 8047
3 7779 8047 7778
3 8242 7779 7778
3 8242 7778 8241
3 8242 8241 8692
3 8693 8242 8692
3 8788 8693 8242
3 8331 8788 8242
3 7660 8331 8242
3 8048 7898 7660
3 7779 8048 7660
3 8242 7779 7660
3 8332 8789 8473
3 7661 8332 8473
3 7899 7661 8473
3 8572 7899 8473
3 8333 8790 8789
3 8333 8789 8332
3 8333 8332 7661
3 7662 8333 7661
3 7662 7661 7899
3 7900 7662 7899
3 8573 7900 7899
3 8573 7899 8572
3 8474 8573 8572
3 8474 8572 8473
3 8790 8474 8473
3 8790 8473 8789
3 8333 8790 8474
3 7662 8333 8474
3 7900 7662 8474
3 8573 7900 8474
3 4783 4516 5284
3 5704 4783 5284
3 4517 4516 4783
3 4784 4517 4783
3 5705 4784 4783
3 5705 4783 5704
3 5285 5705 5704
3 5285 5704 5284
3 5285 5284 4516
3 4517 5285 4516
3 4784 4517 5285
3 5705 4784 5285
3 5603 5176 5285
3 4517 4648 4914
3 4784 4517 4914
3 5705 4784 4914
3 5603 5285 5705
3 4914 5603 5705
3 5177 5176 5603
3 5604 5177 5603
3 5604 5603 4914
3 4915 5604 4914
3 4649 4915 4914
3 4649 4914 4648
3 4649 4648 4517
3 4518 4649 4517
3 4518 4517 4784
3 4785 4518 4784
3 5706 4785 4784
3 5706 4784 5705
3 5286 5706 5705
3 5286 5705 5285
3 5286 5285 5176
3 5177 5286 5176
3 5604 5177 5286
3 4518 4649 4915
3 4785 4518 4915
3 5706 4785 4915
3 5604 5286 5706
3 4915 5604 5706
3 8790 8694 8243
3 8333 8790 8243
3 7662 8333 8243
3 8049 7900 7662
3 7780 8049 7662
3 8243 7780 7662
3 8791 8695 8694
3 8791 8694 8790
3 8334 8791 8790
3 8334 8790 8333
3 8334 8333 7662
3 7663 8334 7662
3 7663 7662 7900
3 7901 7663 7900
3 8050 7901 7900
3 8050 7900 8049
3 7781 8050 8049
3 7781 8049 7780
3 8244 7781 7780
3 8244 7780 8243
3 8244 8243 8694
3 8695 8244 8694
3 8791 8695 8244
3 8334 8791 8244
3 7663 8334 8244
3 8050 7901 7663
3 7781 8050 7663
3 8244 7781 7663
3 8335 8792 8475
3 7664 8335 8475
3 7902 7664 8475
3 8574 7902 8475
3 8336 8793 8792
3 8336 8792 8335
3 8336 8335 7664
3 7665 8336 7664
3 7665 7664 7902
3 7903 7665 7902
3 8575 7903 7902
3 8575 7902 8574
3 8476 8575 8574
3 8476 8574 8475
3 8793 8476 8475
3 8793 8475 8792
3 8336 8793 8476
3 7665 8336 8476
3 7903 7665 8476
3 8575 7903 8476
3 4786 4519 5287
3 5707 4786 5287
3 4520 4519 4786
3 4787 4520 4786
3 5708 4787 4786
3 5708 4786 5707
3 5288 5708 5707
3 5288 5707 5287
3 5288 5287 4519
3 4520 5288 4519
3 4787 4520 5288
3 5708 4787 5288
3 5605 5178 5288
3 4520 4650 4916
3 4787 4520 4916
3 5708 4787 4916
3 5605 5288 5708
3 4916 5605 5708
3 5179 5178 5605
3 5606 5179 5605
3 5606 5605 4916
3 4917 5606 4916
3 4651 4917 4916
3 4651 4916 4650
3 4651 4650 4520
3 4521 4651 4520
3 4521 4520 4787
3 4788 4521 4787
3 5709 4788 4787
3 5709 4787 5708
3 5289 5709 5708
3 5289 5708 5288
3 5289 5288 5178
3 5179 5289 5178
3 5606 5179 5289
3 4521 4651 4917
3 4788 4521 4917
3 5709 4788 4917
3 5606 5289 5709
3 4917 5606 5709
3 8793 8696 8245
3 8336 8793 8245
3 7665 8336 8245
3 8051 7903 7665
3 7782 8051 7665
3 8245 7782 7665
3 8794 8697 8696
3 8794 8696 8793
3 8337 8794 8793
3 8337 8793 8336
3 8337 8336 7665
3 7666 8337 7665
3 7666 7665 7903
3 7904 7666 7903
3 8052 7904 7903
3 8052 7903 8051
3 7783 8052 8051
3 7783 8051 7782
3 8246 7783 7782
3 8246 7782 8245
3 8246 8245 8696
3 8697 8246 8696
3 8794 8697 8246
3 8337 8794 8246
3 7666 8337 8246
3 8052 7904 7666
3 7783 8052 7666
3 8246 7783 7666
3 8338 8795 8477
3 7667 8338 8477
3 7905 7667 8477
3 8576 7905 8477
3 8339 8796 8795
3 8339 8795 8338
3 8339 8338 7667
3 7668 8339 7667
3 7668 7667 7905
3 7906 7668 7905
3 8577 7906 7905
3 8577 7905 8576
3 8478 8577 8576
3 8478 8576 8477
3 8796 8478 8477
3 8796 8477 8795
3 8339 8796 8478
3 7668 8339 8478
3 7906 7668 8478
3 8577 7906 8478
3 4789 4522 5290
3 5710 4789 5290
3 4523 4522 4789
3 4790 4523 4789
3 5711 4790 4789
3 5711 4789 5710
3 5291 5711 5710
3 5291 5710 5290
3 5291 5290 4522
3 4523 5291 4522
3 4790 4523 5291
3 5711 4790 5291
3 5607 5180 5291
3 4523 4652 4918
3 4790 4523 4918
3 5711 4790 4918
3 5607 5291 5711
3 4918 5607 5711
3 5181 5180 5607
3 5608 5181 5607
3 5608 5607 4918
3 4919 5608 4918
3 4653 4919 4918
3 4653 4918 4652
3 4653 4652 4523
3 4524 4653 4523
3 4524 4523 4790
3 4791 4524 4790
3 5712 4791 4790
3 5712 4790 5711
3 5292 5712 5711
3 5292 5711 5291
3 5292 5291 5180
3 5181 5292 5180
3 5608 5181 5292
3 4524 4653 4919
3 4791 4524 4919
3 5712 4791 4919
3 5608 5292 5712
3 4919 5608 5712
3 8796 8698 8247
3 8339 8796 8247
3 7668 8339 8247
3 8053 7906 7668
3 7784 8053 7668
3 8247 7784 7668
3 8797 8699 8698
3 8797 8698 8796
3 8340 8797 8796
3 8340 8796 8339
3 8340 8339 7668
3 7669 8340 7668
3 7669 7668 7906
3 7907 7669 7906
3 8054 7907 7906
3 8054 7906 8053
3 7785 8054 8053
3 7785 8053 7784
3 8248 7785 7784
3 8248 7784 8247
3 8248 8247 8698
3 8699 8248 8698
3 8797 8699 8248
3 8340 8797 8248
3 7669 8340 8248
3 8054 7907 7669
3 7785 8054 7669
3 8248 7785 7669
3 8341 8798 8479
3 7670 8341 8479
3 7908 7670 8479
3 8578 7908 8479
3 8342 8799 8798
3 8342 8798 8341
3 8342 8341 7670
3 7671 8342 7670
3 7671 7670 7908
3 7909 7671 7908
3 8579 7909 7908
3 8579 7908 8578
3 8480 8579 8578
3 8480 8578 8479
3 8799 8480 8479
3 8799 8479 8798
3 8342 8799 8480
3 7671 8342 8480
3 7909 7671 8480
3 8579 7909 8480
3 4792 4525 5293
3 5713 4792 5293
3 4526 4525 4792
3 4793 4526 4792
3 5714 4793 4792
3 5714 4792 5713
3 5294 5714 5713
3 5294 5713 5293
3 5294 5293 4525
3 4526 5294 4525
3 4793 4526 5294
3 5714 4793 5294
3 5609 5182 5294
3 4526 4654 4920
3 4793 4526 4920
3 5714 4793 4920
3 5609 5294 5714
3 4920 5609 5714
3 5183 5182 5609
3 5610 5183 5609
3 5610 5609 4920
3 4921 5610 4920
3 4655 4921 4920
3 4655 4920 4654
3 4655 4654 4526
3 4527 4655 4526
3 4527 4526 4793
3 4794 4527 4793
3 5715 4794 4793
3 5715 4793 5714
3 5295 5715 5714
3 5295 5714 5294
3 5295 5294 5182
3 5183 5295 5182
3 5610 5183 5295
3 4527 4655 4921
3 4794 4527 4921
3 5715 4794 4921
3 5610 5295 5715
3 4921 5610 5715
3 8799 8700 8249
3 8342 8799 8249
3 7671 8342 8249
3 8055 7909 7671
3 7786 8055 7671
3 8249 7786 7671
3 8800 8701 8700
3 8800 8700 8799
3 8343 8800 8799
3 8343 8799 8342
3 8343 8342 7671
3 7672 8343 7671
3 7672 7671 7909
3 7910 7672 7909
3 8056 7910 7909
3 8056 7909 8055
3 7787 8056 8055
3 7787 8055 7786
3 8250 7787 7786
3 8250 7786 8249
3 8250 8249 8700
3 8701 8250 8700
3 8800 8701 8250
3 8343 8800 8250
3 7672 8343 8250
3 8056 7910 7672
3 7787 8056 7672
3 8250 7787 7672
3 8344 8801 8481
3 7673 8344 8481
3 7911 7673 8481
3 8580 7911 8481
3 8345 8802 8801
3 8345 8801 8344
3 8345 8344 7673
3 7674 8345 7673
3 7674 7673 7911
3 7912 7674 7911
3 8581 7912 7911
3 8581 7911 8580
3 8482 8581 8580
3 8482 8580 8481
3 8802 8482 8481
3 8802 8481 8801
3 8345 8802 8482
3 7674 8345 8482
3 7912 7674 8482
3 8581 7912 8482
3 4795 4528 5296
3 5716 4795 5296
3 4529 4528 4795
3 4796 4529 4795
3 5717 4796 4795
3 5717 4795 5716
3 5297 5717 5716
3 5297 5716 5296
3 5297 5296 4528
3 4529 5297 4528
3 4796 4529 5297
3 5717 4796 5297
3 5611 5184 5297
3 4529 4656 4922
3 4796 4529 4922
3 5717 4796 4922
3 5611 5297 5717
3 4922 5611 5717
3 5185 5184 5611
3 5612 5185 5611
3 5612 5611 4922
3 4923 5612 4922
3 4657 4923 4922
3 4657 4922 4656
3 4657 4656 4529
3 4530 4657 4529
3 4530 4529 4796
3 4797 4530 4796
3 5718 4797 4796
3 5718 4796 5717
3 5298 5718 5717
3 5298 5717 5297
3 5298 5297 5184
3 5185 5298 5184
3 5612 5185 5298
3 4530 4657 4923
3 4797 4530 4923
3 5718 4797 4923
3 5612 5298 5718
3 4923 5612 5718
3 8802 8702 8251
3 8345 8802 8251
3 7674 8345 8251
3 8057 7912 7674
3 7788 8057 7674
3 8251 7788 7674
3 8803 8703 8702
3 8803 8702 8802
3 8346 8803 8802
3 8346 8802 8345
3 8346 8345 7674
3 7675 8346 7674
3 7675 7674 7912
3 7913 7675 7912
3 8058 7913 7912
3 8058 7912 8057
3 7789 8058 8057
3 7789 8057 7788
3 8252 7789 7788
3 8252 7788 8251
3 8252 8251 8702
3 8703 8252 8702
3 8803 8703 8252
3 8346 8803 8252
3 7675 8346 8252
3 8058 7913 7675
3 7789 8058 7675
3 8252 7789 7675
3 8347 8804 8483
3 7676 8347 8483
3 7914 7676 8483
3 8582 7914 8483
3 8348 8805 8804
3 8348 8804 8347
3 8348 8347 7676
3 7677 8348 7676
3 7677 7676 7914
3 7915 7677 7914
3 8583 7915 7914
3 8583 7914 8582
3 8484 8583 8582
3 8484 8582 8483
3 8805 8484 8483
3 8805 8483 8804
3 8348 8805 8484
3 7677 8348 8484
3 7915 7677 8484
3 8583 7915 8484
3 4798 4531 5299
3 5719 4798 5299
3 4532 4531 4798
3 4799 4532 4798
3 5720 4799 4798
3 5720 4798 5719
3 5300 5720 5719
3 5300 5719 5299
3 5300 5299 4531
3 4532 5300 4531
3 4799 4532 5300
3 5720 4799 5300
3 5613 5186 5300
3 4532 4658 4924
3 4799 4532 4924
3 5720 4799 4924
3 5613 5300 5720
3 4924 5613 5720
3 5187 5186 5613
3 5614 5187 5613
3 5614 5613 4924
3 4925 5614 4924
3 4659 4925 4924
3 4659 4924 4658
3 4659 4658 4532
3 4533 4659 4532
3 4533 4532 4799
3 4800 4533 4799
3 5721 4800 4799
3 5721 4799 5720
3 5301 5721 5720
3 5301 5720 5300
3 5301 5300 5186
3 5187 5301 5186
3 5614 5187 5301
3 4533 4659 4925
3 4800 4533 4925
3 5721 4800 4925
3 5614 5301 5721
3 4925 5614 5721
3 8805 8704 8253
3 8348 8805 8253
3 7677 8348 8253
3 8059 7915 7677
3 7790 8059 7677
3 8253 7790 7677
3 8806 8705 8704
3 8806 8704 8805
3 8349 8806 8805
3 8349 8805 8348
3 8349 8348 7677
3 7678 8349 7677
3 7678 7677 7915
3 7916 7678 7915
3 8060 7916 7915
3 8060 7915 8059
3 7791 8060 8059
3 7791 8059 7790
3 8254 7791 7790
3 8254 7790 8253
3 8254 8253 8704
3 8705 8254 8704
3 8806 8705 8254
3 8349 8806 8254
3 7678 8349 8254
3 8060 7916 7678
3 7791 8060 7678
3 8254 7791 7678
3 8350 8807 8485
3 7679 8350 8485
3 7917 7679 8485
3 8584 7917 8485
3 8351 8808 8807
3 8351 8807 8350
3 8351 8350 7679
3 7680 8351 7679
3 7680 7679 7917
3 7918 7680 7917
3 8585 7918 7917
3 8585 7917 8584
3 8486 8585 8584
3 8486 8584 8485
3 8808 8486 8485
3 8808 8485 8807
3 8351 8808 8486
3 7680 8351 8486
3 7918 7680 8486
3 8585 7918 8486
3 4801 4534 5302
3 5722 4801 5302
3 4535 4534 4801
3 4802 4535 4801
3 5723 4802 4801
3 5723 4801 5722
3 5303 5723 5722
3 5303 5722 5302
3 5303 5302 4534
3 4535 5303 4534
3 4802 4535 5303
3 5723 4802 5303
3 5615 5188 5303
3 4535 4660 4926
3 4802 4535 4926
3 5723 4802 4926
3 5615 5303 5723
3 4926 5615 5723
3 5189 5188 5615
3 5616 5189 5615
3 5616 5615 4926
3 4927 5616 4926
3 4661 4927 4926
3 4661 4926 4660
3 4661 4660 4535
3 4536 4661 4535
3 4536 4535 4802
3 4803 4536 4802
3 5724 4803 4802
3 5724 4802 5723
3 5304 5724 5723
3 5304 5723 5303
3 5304 5303 5188
3 5189 5304 5188
3 5616 5189 5304
3 4536 4661 4927
3 4803 4536 4927
3 5724 4803 4927
3 5616 5304 5724
3 4927 5616 5724
3 8808 8706 8255
3 8351 8808 8255
3 7680 8351 8255
3 8061 7918 7680
3 7792 8061 7680
3 8255 7792 7680
3 8809 8707 8706
3 8809 8706 8808
3 8352 8809 8808
3 8352 8808 8351
3 8352 8351 7680
3 7681 8352 7680
3 7681 7680 7918
3 7919 7681 7918
3 8062 7919 7918
3 8062 7918 8061
3 7793 8062 8061
3 7793 8061 7792
3 8256 7793 7792
3 8256 7792 8255
3 8256 8255 8706
3 8707 8256 8706
3 8809 8707 8256
3 8352 8809 8256
3 7681 8352 8256
3 8062 7919 7681
3 7793 8062 7681
3 8256 7793 7681
3 8353 8810 8487
3 7682 8353 8487
3 7920 7682 8487
3 8586 7920 8487
3 8354 8811 8810
3 8354 8810 8353
3 8354 8353 7682
3 7683 8354 7682
3 7683 7682 7920
3 7921 7683 7920
3 8587 7921 7920
3 8587 7920 8586
3 8488 8587 8586
3 8488 8586 8487
3 8811 8488 8487
3 8811 8487 8810
3 8354 8811 8488
3 7683 8354 8488
3 7921 7683 8488
3 8587 7921 8488
3 4804 4537 5305
3 5725 4804 5305
3 4538 4537 4804
3 4805 4538 4804
3 5726 4805 4804
3 5726 4804 5725
3 5306 5726 5725
3 5306 5725 5305
3 5306 5305 4537
3 4538 5306 4537
3 4805 4538 5306
3 5726 4805 5306
3 5617 5190 5306
3 4538 4662 4928
3 4805 4538 4928
3 5726 4805 4928
3 5617 5306 5726
3 4928 5617 5726
3 5191 5190 5617
3 5618 5191 5617
3 5618 5617 4928
3 4929 5618 4928
3 4663 4929 4928
3 4663 4928 4662
3 4663 4662 4538
3 4539 4663 4538
3 4539 4538 4805
3 4806 4539 4805
3 5727 4806 4805
3 5727 4805 5726
3 5307 5727 5726
3 5307 5726 5306
3 5307 5306 5190
3 5191 5307 5190
3 5618 5191 5307
3 4539 4663 4929
3 4806 4539 4929
3 5727 4806 4929
3 5618 5307 5727
3 4929 5618 5727
3 8811 8708 8257
3 8354 8811 8257
3 7683 8354 8257
3 8063 7921 7683
3 7794 8063 7683
3 8257 7794 7683
3 8812 8709 8708
3 8812 8708 8811
3 8355 8812 8811
3 8355 8811 8354
3 8355 8354 7683
3 7684 8355 7683
3 7684 7683 7921
3 7922 7684 7921
3 8064 7922 7921
3 8064 7921 8063
3 7795 8064 8063
3 7795 8063 7794
3 8258 7795 7794
3 8258 7794 8257
3 8258 8257 8708
3 8709 8258 8708
3 8812 8709 8258
3 8355 8812 8258
3 7684 8355 8258
3 8064 7922 7684
3 7795 8064 7684
3 8258 7795 7684
3 8356 8813 8489
3 7685 8356 8489
3 7923 7685 8489
3 8588 7923 8489
3 8357 8814 8813
3 8357 8813 8356
3 8357 8356 7685
3 7686 8357 7685
3 7686 7685 7923
3 7924 7686 7923
3 8589 7924 7923
3 8589 7923 8588
3 8490 8589 8588
3 8490 8588 8489
3 8814 8490 8489
3 8814 8489 8813
3 8357 8814 8490
3 7686 8357 8490
3 7924 7686 8490
3 8589 7924 8490
3 4807 4540 5308
3 5728 4807 5308
3 4541 4540 4807
3 4808 4541 4807
3 5729 4808 4807
3 5729 4807 5728
3 5309 5729 5728
3 5309 5728 5308
3 5309 5308 4540
3 4541 5309 4540
3 4808 4541 5309
3 5729 4808 5309
3 5619 5192 5309
3 4541 4664 4930
3 4808 4541 4930
3 5729 4808 4930
3 5619 5309 5729
3 4930 5619 5729
3 5193 5192 5619
3 5620 5193 5619
3 5620 5619 4930
3 4931 5620 4930
3 4665 4931 4930
3 4665 4930 4664
3 4665 4664 4541
3 4542 4665 4541
3 4542 4541 4808
3 4809 4542 4808
3 5730 4809 4808
3 5730 4808 5729
3 5310 5730 5729
3 5310 5729 5309
3 5310 5309 5192
3 5193 5310 5192
3 5620 5193 5310
3 4542 4665 4931
3 4809 4542 4931
3 5730 4809 4931
3 5620 5310 5730
3 4931 5620 5730
3 8814 8710 8259
3 8357 8814 8259
3 7686 8357 8259
3 8065 7924 7686
3 7796 8065 7686
3 8259 7796 7686
3 8815 8711 8710
3 8815 8710 8814
3 8358 8815 8814
3 8358 8814 8357
3 8358 8357 7686
3 7687 8358 7686
3 7687 7686 7924
3 7925 7687 7924
3 8066 7925 7924
3 8066 7924 8065
3 7797 8066 8065
3 7797 8065 7796
3 8260 7797 7796
3 8260 7796 8259
3 8260 8259 8710
3 8711 8260 8710
3 8815 8711 8260
3 8358 8815 8260
3 7687 8358 8260
3 8066 7925 7687
3 7797 8066 7687
3 8260 7797 7687
3 8359 8816 8491
3 7688 8359 8491
3 7926 7688 8491
3 8590 7926 8491
3 8360 8817 8816
3 8360 8816 8359
3 8360 8359 7688
3 7689 8360 7688
3 7689 7688 7926
3 7927 7689 7926
3 8591 7927 7926
3 8591 7926 8590
3 8492 8591 8590
3 8492 8590 8491
3 8817 8492 8491
3 8817 8491 8816
3 8360 8817 8492
3 7689 8360 8492
3 7927 7689 8492
3 8591 7927 8492
3 4810 4543 5311
3 5731 4810 5311
3 4544 4543 4810
3 4811 4544 4810
3 5732 4811 4810
3 5732 4810 5731
3 5312 5732 5731
3 5312 5731 5311
3 5312 5311 4543
3 4544 5312 4543
3 4811 4544 5312
3 5732 4811 5312
3 5621 5194 5312
3 4544 4666 4932
3 4811 4544 4932
3 5732 4811 4932
3 5621 5312 5732
3 4932 5621 5732
3 5195 5194 5621
3 5622 5195 5621
3 5622 5621 4932
3 4933 5622 4932
3 4667 4933 4932
3 4667 4932 4666
3 4667 4666 4544
3 4545 4667 4544
3 4545 4544 4811
3 4812 4545 4811
3 5733 4812 4811
3 5733 4811 5732
3 5313 5733 5732
3 5313 5732 5312
3 5313 5312 5194
3 5195 5313 5194
3 5622 5195 5313
3 4545 4667 4933
3 4812 4545 4933
3 5733 4812 4933
3 5622 5313 5733
3 4933 5622 5733
3 8817 8712 8261
3 8360 8817 8261
3 7689 8360 8261
3 8067 7927 7689
3 7798 8067 7689
3 8261 7798 7689
3 8818 8713 8712
3 8818 8712 8817
3 8361 8818 8817
3 8361 8817 8360
3 8361 8360 7689
3 7690 8361 7689
3 7690 7689 7927
3 7928 7690 7927
3 8068 7928 7927
3 8068 7927 8067
3 7799 8068 8067
3 7799 8067 7798
3 8262 7799 7798
3 8262 7798 8261
3 8262 8261 8712
3 8713 8262 8712
3 8818 8713 8262
3 8361 8818 8262
3 7690 8361 8262
3 8068 7928 7690
3 7799 8068 7690
3 8262 7799 7690
3 8362 8819 8493
3 7691 8362 8493
3 7929 7691 8493
3 8592 7929 8493
3 8363 8820 8819
3 8363 8819 8362
3 8363 8362 7691
3 7692 8363 7691
3 7692 7691 7929
3 7930 7692 7929
3 8593 7930 7929
3 8593 7929 8592
3 8494 8593 8592
3 8494 8592 8493
3 8820 8494 8493
3 8820 8493 8819
3 8363 8820 8494
3 7692 8363 8494
3 7930 7692 8494
3 8593 7930 8494
3 4813 4546 5314
3 5734 4813 5314
3 4547 4546 4813
3 4814 4547 4813
3 5735 4814 4813
3 5735 4813 5734
3 5315 5735 5734
3 5315 5734 5314
3 5315 5314 4546
3 4547 5315 4546
3 4814 4547 5315
3 5735 4814 5315
3 5623 5196 5315
3 4547 4668 4934
3 4814 4547 4934
3 5735 4814 4934
3 5623 5315 5735
3 4934 5623 5735
3 5197 5196 5623
3 5624 5197 5623
3 5624 5623 4934
3 4935 5624 4934
3 4669 4935 4934
3 4669 4934 4668
3 4669 4668 4547
3 4548 4669 4547
3 4548 4547 4814
3 4815 4548 4814
3 5736 4815 4814
3 5736 4814 5735
3 5316 5736 5735
3 5316 5735 5315
3 5316 5315 5196
3 5197 5316 5196
3 5624 5197 5316
3 4548 4669 4935
3 4815 4548 4935
3 5736 4815 4935
3 5624 5316 5736
3 4935 5624 5736
3 8820 8714 8263
3 8363 8820 8263
3 7692 8363 8263
3 8069 7930 7692
3 7800 8069 7692
3 8263 7800 7692
3 8821 8715 8714
3 8821 8714 8820
3 8364 8821 8820
3 8364 8820 8363
3 8364 8363 7692
3 7693 8364 7692
3 7693 7692 7930
3 7931 7693 7930
3 8070 7931 7930
3 8070 7930 8069
3 7801 8070 8069
3 7801 8069 7800
3 8264 7801 7800
3 8264 7800 8263
3 8264 8263 8714
3 8715 8264 8714
3 8821 8715 8264
3 8364 8821 8264
3 7693 8364 8264
3 8070 7931 7693
3 7801 8070 7693
3 8264 7801 7693
3 8365 8822 8495
3 7694 8365 8495
3 7932 7694 8495
3 8594 7932 8495
3 8366 8823 8822
3 8366 8822 8365
3 8366 8365 7694
3 7695 8366 7694
3 7695 7694 7932
3 7933 7695 7932
3 8595 7933 7932
3 8595 7932 8594
3 8496 8595 8594
3 8496 8594 8495
3 8823 8496 8495
3 8823 8495 8822
3 8366 8823 8496
3 7695 8366 8496
3 7933 7695 8496
3 8595 7933 8496
3 4816 4549 5317
3 5737 4816 5317
3 4550 4549 4816
3 4817 4550 4816
3 5738 4817 4816
3 5738 4816 5737
3 5318 5738 5737
3 5318 5737 5317
3 5318 5317 4549
3 4550 5318 4549
3 4817 4550 5318
3 5738 4817 5318
3 5625 5198 5318
3 4550 4670 4936
3 4817 4550 4936
3 5738 4817 4936
3 5625 5318 5738
3 4936 5625 5738
3 5199 5198 5625
3 5626 5199 5625
3 5626 5625 4936
3 4937 5626 4936
3 4671 4937 4936
3 4671 4936 4670
3 4671 4670 4550
3 4551 4671 4550
3 4551 4550 4817
3 4818 4551 4817
3 5739 4818 4817
3 5739 4817 5738
3 5319 5739 5738
3 5319 5738 5318
3 5319 5318 5198
3 5199 5319 5198
3 5626 5199 5319
3 4551 4671 4937
3 4818 4551 4937
3 5739 4818 4937
3 5626 5319 5739
3 4937 5626 5739
3 8823 8716 8265
3 8366 8823 8265
3 7695 8366 8265
3 8071 7933 7695
3 7802 8071 7695
3 8265 7802 7695
3 8824 8717 8716
3 8824 8716 8823
3 8367 8824 8823
3 8367 8823 8366
3 8367 8366 7695
3 7696 8367 7695
3 7696 7695 7933
3 7934 7696 7933
3 8072 7934 7933
3 8072 7933 8071
3 7803 8072 8071
3 7803 8071 7802
3 8266 7803 7802
3 8266 7802 8265
3 8266 8265 8716
3 8717 8266 8716
3 8824 8717 8266
3 8367 8824 8266
3 7696 8367 8266
3 8072 7934 7696
3 7803 8072 7696
3 8266 7803 7696
3 8368 8825 8497
3 7697 8368 8497
3 7935 7697 8497
3 8596 7935 8497
3 8369 8826 8825
3 8369 8825 8368
3 8369 8368 7697
3 7698 8369 7697
3 7698 7697 7935
3 7936 7698 7935
3 8597 7936 7935
3 8597 7935 8596
3 8498 8597 8596
3 8498 8596 8497
3 8826 8498 8497
3 8826 8497 8825
3 8369 8826 8498
3 7698 8369 8498
3 7936 7698 8498
3 8597 7936 8498
3 4819 4552 5320
3 5740 4819 5320
3 4553 4552 4819
3 4820 4553 4819
3 5741 4820 4819
3 5741 4819 5740
3 5321 5741 5740
3 5321 5740 5320
3 5321 5320 4552
3 4553 5321 4552
3 4820 4553 5321
3 5741 4820 5321
3 5627 5200 5321
3 4553 4672 4938
3 4820 4553 4938
3 5741 4820 4938
3 5627 5321 5741
3 4938 5627 5741
3 5201 5200 5627
3 5628 5201 5627
3 5628 5627 4938
3 4939 5628 4938
3 4673 4939 4938
3 4673 4938 4672
3 4673 4672 4553
3 4554 4673 4553
3 4554 4553 4820
3 4821 4554 4820
3 5742 4821 4820
3 5742 4820 5741
3 5322 5742 5741
3 5322 5741 5321
3 5322 5321 5200
3 5201 5322 5200
3 5628 5201 5322
3 4554 4673 4939
3 4821 4554 4939
3 5742 4821 4939
3 5628 5322 5742
3 4939 5628 5742
3 8826 8718 8267
3 8369 8826 8267
3 7698 8369 8267
3 8073 7936 7698
3 7804 8073 7698
3 8267 7804 7698
3 8827 8719 8718
3 8827 8718 8826
3 8370 8827 8826
3 8370 8826 8369
3 8370 8369 7698
3 7699 8370 7698
3 7699 7698 7936
3 7937 7699 7936
3 8074 7937 7936
3 8074 7936 8073
3 7805 8074 8073
3 7805 8073 7804
3 8268 7805 7804
3 8268 7804 8267
3 8268 8267 8718
3 8719 8268 8718
3 8827 8719 8268
3 8370 8827 8268
3 7699 8370 8268
3 8074 7937 7699
3 7805 8074 7699
3 8268 7805 7699
3 8371 8828 8499
3 7700 8371 8499
3 7938 7700 8499
3 8598 7938 8499
3 8372 8829 8828
3 8372 8828 8371
3 8372 8371 7700
3 7701 8372 7700
3 7701 7700 7938
3 7939 7701 7938
3 8599 7939 7938
3 8599 7938 8598
3 8500 8599 8598
3 8500 8598 8499
3 8829 8500 8499
3 8829 8499 8828
3 8372 8829 8500
3 7701 8372 8500
3 7939 7701 8500
3 8599 7939 8500
3 4822 4555 5323
3 5743 4822 5323
3 4556 4555 4822
3 4823 4556 4822
3 5744 4823 4822
3 5744 4822 5743
3 5324 5744 5743
3 5324 5743 5323
3 5324 5323 4555
3 4556 5324 4555
3 4823 4556 5324
3 5744 4823 5324
3 5629 5202 5324
3 4556 4674 4940
3 4823 4556 4940
3 5744 4823 4940
3 5629 5324 5744
3 4940 5629 5744
3 5203 5202 5629
3 5630 5203 5629
3 5630 5629 4940
3 4941 5630 4940
3 4675 4941 4940
3 4675 4940 4674
3 4675 4674 4556
3 4557 4675 4556
3 4557 4556 4823
3 4824 4557 4823
3 5745 4824 4823
3 5745 4823 5744
3 5325 5745 5744
3 5325 5744 5324
3 5325 5324 5202
3 5203 5325 5202
3 5630 5203 5325
3 4557 4675 4941
3 4824 4557 4941
3 5745 4824 4941
3 5630 5325 5745
3 4941 5630 5745
3 8829 8720 8269
3 8372 8829 8269
3 7701 8372 8269
3 8075 7939 7701
3 7806 8075 7701
3 8269 7806 7701
3 8830 8721 8720
3 8830 8720 8829
3 8373 8830 8829
3 8373 8829 8372
3 8373 8372 7701
3 7702 8373 7701
3 7702 7701 7939
3 7940 7702 7939
3 8076 7940 7939
3 8076 7939 8075
3 7807 8076 8075
3 7807 8075 7806
3 8270 7807 7806
3 8270 7806 8269
3 8270 8269 8720
3 8721 8270 8720
3 8830 8721 8270
3 8373 8830 8270
3 7702 8373 8270
3 8076 7940 7702
3 7807 8076 7702
3 8270 7807 7702
3 8374 8831 8501
3 7703 8374 8501
3 7941 7703 8501
3 8600 7941 8501
3 8375 8832 8831
3 8375 8831 8374
3 8375 8374 7703
3 7704 8375 7703
3 7704 7703 7941
3 7942 7704 7941
3 8601 7942 7941
3 8601 7941 8600
3 8502 8601 8600
3 8502 8600 8501
3 8832 8502 8501
3 8832 8501 8831
3 8375 8832 8502
3 7704 8375 8502
3 7942 7704 8502
3 8601 7942 8502
3 4825 4558 5326
3 5746 4825 5326
3 4559 4558 4825
3 4826 4559 4825
3 5747 4826 4825
3 5747 4825 5746
3 5327 5747 5746
3 5327 5746 5326
3 5327 5326 4558
3 4559 5327 4558
3 4826 4559 5327
3 5747 4826 5327
3 5631 5204 5327
3 4559 4676 4942
3 4826 4559 4942
3 5747 4826 4942
3 5631 5327 5747
3 4942 5631 5747
3 5205 5204 5631
3 5632 5205 5631
3 5632 5631 4942
3 4943 5632 4942
3 4677 4943 4942
3 4677 4942 4676
3 4677 4676 4559
3 4560 4677 4559
3 4560 4559 4826
3 4827 4560 4826
3 5748 4827 4826
3 5748 4826 5747
3 5328 5748 5747
3 5328 5747 5327
3 5328 5327 5204
3 5205 5328 5204
3 5632 5205 5328
3 4560 4677 4943
3 4827 4560 4943
3 5748 4827 4943
3 5632 5328 5748
3 4943 5632 5748
3 8832 8722 8271
3 8375 8832 8271
3 7704 8375 8271
3 8077 7942 7704
3 7808 8077 7704
3 8271 7808 7704
3 8833 8723 8722
3 8833 8722 8832
3 8376 8833 8832
3 8376 8832 8375
3 8376 8375 7704
3 7705 8376 7704
3 7705 7704 7942
3 7943 7705 7942
3 8078 7943 7942
3 8078 7942 8077
3 7809 8078 8077
3 7809 8077 7808
3 8272 7809 7808
3 8272 7808 8271
3 8272 8271 8722
3 8723 8272 8722
3 8833 8723 8272
3 8376 8833 8272
3 7705 8376 8272
3 8078 7943 7705
3 7809 8078 7705
3 8272 7809 7705
3 8377 8834 8503
3 7706 8377 8503
3 7944 7706 8503
3 8602 7944 8503
3 8378 8835 8834
3 8378 8834 8377
3 8378 8377 7706
3 7707 8378 7706
3 7707 7706 7944
3 7945 7707 7944
3 8603 7945 7944
3 8603 7944 8602
3 8504 8603 8602
3 8504 8602 8503
3 8835 8504 8503
3 8835 8503 8834
3 8378 8835 8504
3 7707 8378 8504
3 7945 7707 8504
3 8603 7945 8504
3 4828 4561 5329
3 5749 4828 5329
3 4562 4561 4828
3 4829 4562 4828
3 5750 4829 4828
3 5750 4828 5749
3 5330 5750 5749
3 5330 5749 5329
3 5330 5329 4561
3 4562 5330 4561
3 4829 4562 5330
3 5750 4829 5330
3 5633 5206 5330
3 4562 4678 4944
3 4829 4562 4944
3 5750 4829 4944
3 5633 5330 5750
3 4944 5633 5750
3 5207 5206 5633
3 5634 5207 5633
3 5634 5633 4944
3 4945 5634 4944
3 4679 4945 4944
3 4679 4944 4678
3 4679 4678 4562
3 4563 4679 4562
3 4563 4562 4829
3 4830 4563 4829
3 5751 4830 4829
3 5751 4829 5750
3 5331 5751 5750
3 5331 5750 5330
3 5331 5330 5206
3 5207 5331 5206
3 5634 5207 5331
3 4563 4679 4945
3 4830 4563 4945
3 5751 4830 4945
3 5634 5331 5751
3 4945 5634 5751
3 8835 8724 8273
3 8378 8835 8273
3 7707 8378 8273
3 8079 7945 7707
3 7810 8079 7707
3 8273 7810 7707
3 8836 8725 8724
3 8836 8724 8835
3 8379 8836 8835
3 8379 8835 8378
3 8379 8378 7707
3 7708 8379 7707
3 7708 7707 7945
3 7946 7708 7945
3 8080 7946 7945
3 8080 7945 8079
3 7811 8080 8079
3 7811 8079 7810
3 8274 7811 7810
3 8274 7810 8273
3 8274 8273 8724
3 8725 8274 8724
3 8836 8725 8274
3 8379 8836 8274
3 7708 8379 8274
3 8080 7946 7708
3 7811 8080 7708
3 8274 7811 7708
3 8380 8837 8505
3 7709 8380 8505
3 7947 7709 8505
3 8604 7947 8505
3 8381 8838 8837
3 8381 8837 8380
3 8381 8380 7709
3 7710 8381 7709
3 7710 7709 7947
3 7948 7710 7947
3 8605 7948 7947
3 8605 7947 8604
3 8506 8605 8604
3 8506 8604 8505
3 8838 8506 8505
3 8838 8505 8837
3 8381 8838 8506
3 7710 8381 8506
3 7948 7710 8506
3 8605 7948 8506
3 4831 4564 5332
3 5752 4831 5332
3 4565 4564 4831
3 4832 4565 4831
3 5753 4832 4831
3 5753 4831 5752
3 5333 5753 5752
3 5333 5752 5332
3 5333 5332 4564
3 4565 5333 4564
3 4832 4565 5333
3 5753 4832 5333
3 5635 5208 5333
3 4565 4680 4946
3 4832 4565 4946
3 5753 4832 4946
3 5635 5333 5753
3 4946 5635 5753
3 5209 5208 5635
3 5636 5209 5635
3 5636 5635 4946
3 4947 5636 4946
3 4681 4947 4946
3 4681 4946 4680
3 4681 4680 4565
3 4566 4681 4565
3 4566 4565 4832
3 4833 4566 4832
3 5754 4833 4832
3 5754 4832 5753
3 5334 5754 5753
3 5334 5753 5333
3 5334 5333 5208
3 5209 5334 5208
3 5636 5209 5334
3 4566 4681 4947
3 4833 4566 4947
3 5754 4833 4947
3 5636 5334 5754
3 4947 5636 5754
3 8838 8726 8275
3 8381 8838 8275
3 7710 8381 8275
3 8081 7948 7710
3 7812 8081 7710
3 8275 7812 7710
3 8839 8727 8726
3 8839 8726 8838
3 8382 8839 8838
3 8382 8838 8381
3 8382 8381 7710
3 7711 8382 7710
3 7711 7710 7948
3 7949 7711 7948
3 8082 7949 7948
3 8082 7948 8081
3 7813 8082 8081
3 7813 8081 7812
3 8276 7813 7812
3 8276 7812 8275
3 8276 8275 8726
3 8727 8276 8726
3 8839 8727 8276
3 8382 8839 8276
3 7711 8382 8276
3 8082 7949 7711
3 7813 8082 7711
3 8276 7813 7711
3 8383 8840 8507
3 7712 8383 8507
3 7950 7712 8507
3 8606 7950 8507
3 8384 8841 8840
3 8384 8840 8383
3 8384 8383 7712
3 7713 8384 7712
3 7713 7712 7950
3 7951 7713 7950
3 8607 7951 7950
3 8607 7950 8606
3 8508 8607 8606
3 8508 8606 8507
3 8841 8508 8507
3 8841 8507 8840
3 8384 8841 8508
3 7713 8384 8508
3 7951 7713 8508
3 8607 7951 8508
3 4834 4567 5335
3 5755 4834 5335
3 4568 4567 4834
3 4835 4568 4834
3 5756 4835 4834
3 5756 4834 5755
3 5336 5756 5755
3 5336 5755 5335
3 5336 5335 4567
3 4568 5336 4567
3 4835 4568 5336
3 5756 4835 5336
3 5637 5210 5336
3 4568 4682 4948
3 4835 4568 4948
3 5756 4835 4948
3 5637 5336 5756
3 4948 5637 5756
3 5211 5210 5637
3 5638 5211 5637
3 5638 5637 4948
3 4949 5638 4948
3 4683 4949 4948
3 4683 4948 4682
3 4683 4682 4568
3 4569 4683 4568
3 4569 4568 4835
3 4836 4569 4835
3 5757 4836 4835
3 5757 4835 5756
3 5337 5757 5756
3 5337 5756 5336
3 5337 5336 5210
3 5211 5337 5210
3 5638 5211 5337
3 4569 4683 4949
3 4836 4569 4949
3 5757 4836 4949
3 5638 5337 5757
3 4949 5638 5757
3 8841 8728 8277
3 8384 8841 8277
3 7713 8384 8277
3 8083 7951 7713
3 7814 8083 7713
3 8277 7814 7713
3 8842 8729 8728
3 8842 8728 8841
3 8385 8842 8841
3 8385 8841 8384
3 8385 8384 7713
3 7714 8385 7713
3 7714 7713 7951
3 7952 7714 7951
3 8084 7952 7951
3 8084 7951 8083
3 7815 8084 8083
3 7815 8083 7814
3 8278 7815 7814
3 8278 7814 8277
3 8278 8277 8728
3 8729 8278 8728
3 8842 8729 8278
3 8385 8842 8278
3 7714 8385 8278
3 8084 7952 7714
3 7815 8084 7714
3 8278 7815 7714
3 8386 8843 8509
3 7715 8386 8509
3 7953 7715 8509
3 8608 7953 8509
3 8387 8844 8843
3 8387 8843 8386
3 8387 8386 7715
3 7716 8387 7715
3 7716 7715 7953
3 7954 7716 7953
3 8609 7954 7953
3 8609 7953 8608
3 8510 8609 8608
3 8510 8608 8509
3 8844 8510 8509
3 8844 8509 8843
3 8387 8844 8510
3 7716 8387 8510
3 7954 7716 8510
3 8609 7954 8510
3 4837 4570 5338
3 5758 4837 5338
3 4571 4570 4837
3 4838 4571 4837
3 5759 4838 4837
3 5759 4837 5758
3 5339 5759 5758
3 5339 5758 5338
3 5339 5338 4570
3 4571 5339 4570
3 4838 4571 5339
3 5759 4838 5339
3 5639 5212 5339
3 4571 4684 4950
3 4838 4571 4950
3 5759 4838 4950
3 5639 5339 5759
3 4950 5639 5759
3 5213 5212 5639
3 5640 5213 5639
3 5640 5639 4950
3 4951 5640 4950
3 4685 4951 4950
3 4685 4950 4684
3 4685 4684 4571
3 4572 4685 4571
3 4572 4571 4838
3 4839 4572 4838
3 5760 4839 4838
3 5760 4838 5759
3 5340 5760 5759
3 5340 5759 5339
3 5340 5339 5212
3 5213 5340 5212
3 5640 5213 5340
3 4572 4685 4951
3 4839 4572 4951
3 5760 4839 4951
3 5640 5340 5760
3 4951 5640 5760
3 8844 8730 8279
3 8387 8844 8279
3 7716 8387 8279
3 8085 7954 7716
3 7816 8085 7716
3 8279 7816 7716
3 8845 8731 8730
3 8845 8730 8844
3 8388 8845 8844
3 8388 8844 8387
3 8388 8387 7716
3 7717 8388 7716
3 7717 7716 7954
3 7955 7717 7954
3 8086 7955 7954
3 8086 7954 8085
3 7817 8086 8085
3 7817 8085 7816
3 8280 7817 7816
3 8280 7816 8279
3 8280 8279 8730
3 8731 8280 8730
3 8845 8731 8280
3 8388 8845 8280
3 7717 8388 8280
3 8086 7955 7717
3 7817 8086 7717
3 8280 7817 7717
3 8389 8846 8511
3 7718 8389 8511
3 7956 7718 8511
3 8610 7956 8511
3 8390 8847 8846
3 8390 8846 8389
3 8390 8389 7718
3 7719 8390 7718
3 7719 7718 7956
3 7957 7719 7956
3 8611 7957 7956
3 8611 7956 8610
3 8512 8611 8610
3 8512 8610 8511
3 8847 8512 8511
3 8847 8511 8846
3 8390 8847 8512
3 7719 8390 8512
3 7957 7719 8512
3 8611 7957 8512
3 4840 4573 5341
3 5761 4840 5341
3 4574 4573 4840
3 4841 4574 4840
3 5762 4841 4840
3 5762 4840 5761
3 5342 5762 5761
3 5342 5761 5341
3 5342 5341 4573
3 4574 5342 4573
3 4841 4574 5342
3 5762 4841 5342
3 5641 5214 5342
3 4574 4686 4952
3 4841 4574 4952
3 5762 4841 4952
3 5641 5342 5762
3 4952 5641 5762
3 5215 5214 5641
3 5642 5215 5641
3 5642 5641 4952
3 4953 5642 4952
3 4687 4953 4952
3 4687 4952 4686
3 4687 4686 4574
3 4575 4687 4574
3 4575 4574 4841
3 4842 4575 4841
3 5763 4842 4841
3 5763 4841 5762
3 5343 5763 5762
3 5343 5762 5342
3 5343 5342 5214
3 5215 5343 5214
3 5642 5215 5343
3 4575 4687 4953
3 4842 4575 4953
3 5763 4842 4953
3 5642 5343 5763
3 4953 5642 5763
3 8847 8732 8281
3 8390 8847 8281
3 7719 8390 8281
3 8087 7957 7719
3 7818 8087 7719
3 8281 7818 7719
3 8848 8733 8732
3 8848 8732 8847
3 8391 8848 8847
3 8391 8847 8390
3 8391 8390 7719
3 7720 8391 7719
3 7720 7719 7957
3 7958 7720 7957
3 8088 7958 7957
3 8088 7957 8087
3 7819 8088 8087
3 7819 8087 7818
3 8282 7819 7818
3 8282 7818 8281
3 8282 8281 8732
3 8733 8282 8732
3 8848 8733 8282
3 8391 8848 8282
3 7720 8391 8282
3 8088 7958 7720
3 7819 8088 7720
3 8282 7819 7720
3 8392 8849 8513
3 7721 8392 8513
3 7959 7721 8513
3 8612 7959 8513
3 8393 8850 8849
3 8393 8849 8392
3 8393 8392 7721
3 7722 8393 7721
3 7722 7721 7959
3 7960 7722 7959
3 8613 7960 7959
3 8613 7959 8612
3 8514 8613 8612
3 8514 8612 8513
3 8850 8514 8513
3 8850 8513 8849
3 8393 8850 8514
3 7722 8393 8514
3 7960 7722 8514
3 8613 7960 8514
3 4843 4576 5344
3 5764 4843 5344
3 4577 4576 4843
3 4844 4577 4843
3 5765 4844 4843
3 5765 4843 5764
3 5345 5765 5764
3 5345 5764 5344
3 5345 5344 4576
3 4577 5345 4576
3 4844 4577 5345
3 5765 4844 5345
3 5643 5216 5345
3 4577 4688 4954
3 4844 4577 4954
3 5765 4844 4954
3 5643 5345 5765
3 4954 5643 5765
3 5217 5216 5643
3 5644 5217 5643
3 5644 5643 4954
3 4955 5644 4954
3 4689 4955 4954
3 4689 4954 4688
3 4689 4688 4577
3 4578 4689 4577
3 4578 4577 4844
3 4845 4578 4844
3 5766 4845 4844
3 5766 4844 5765
3 5346 5766 5765
3 5346 5765 5345
3 5346 5345 5216
3 5217 5346 5216
3 5644 5217 5346
3 4578 4689 4955
3 4845 4578 4955
3 5766 4845 4955
3 5644 5346 5766
3 4955 5644 5766
3 8850 8734 8283
3 8393 8850 8283
3 7722 8393 8283
3 8089 7960 7722
3 7820 8089 7722
3 8283 7820 7722
3 8851 8735 8734
3 8851 8734 8850
3 8394 8851 8850
3 8394 8850 8393
3 8394 8393 7722
3 7723 8394 7722
3 7723 7722 7960
3 7961 7723 7960
3 8090 7961 7960
3 8090 7960 8089
3 7821 8090 8089
3 7821 8089 7820
3 8284 7821 7820
3 8284 7820 8283
3 8284 8283 8734
3 8735 8284 8734
3 8851 8735 8284
3 8394 8851 8284
3 7723 8394 8284
3 8090 7961 7723
3 7821 8090 7723
3 8284 7821 7723
3 8395 8852 8515
3 7724 8395 8515
3 7962 7724 8515
3 8614 7962 8515
3 8396 8853 8852
3 8396 8852 8395
3 8396 8395 7724
3 7725 8396 7724
3 7725 7724 7962
3 7963 7725 7962
3 8615 7963 7962
3 8615 7962 8614
3 8516 8615 8614
3 8516 8614 8515
3 8853 8516 8515
3 8853 8515 8852
3 8396 8853 8516
3 7725 8396 8516
3 7963 7725 8516
3 8615 7963 8516
3 4846 4579 5347
3 5767 4846 5347
3 4580 4579 4846
3 4847 4580 4846
3 5768 4847 4846
3 5768 4846 5767
3 5348 5768 5767
3 5348 5767 5347
3 5348 5347 4579
3 4580 5348 4579
3 4847 4580 5348
3 5768 4847 5348
3 5645 5218 5348
3 4580 4690 4956
3 4847 4580 4956
3 5768 4847 4956
3 5645 5348 5768
3 4956 5645 5768
3 5219 5218 5645
3 5646 5219 5645
3 5646 5645 4956
3 4957 5646 4956
3 4691 4957 4956
3 4691 4956 4690
3 4691 4690 4580
3 4581 4691 4580
3 4581 4580 4847
3 4848 4581 4847
3 5769 4848 4847
3 5769 4847 5768
3 5349 5769 5768
3 5349 5768 5348
3 5349 5348 5218
3 5219 5349 5218
3 5646 5219 5349
3 4581 4691 4957
3 4848 4581 4957
3 5769 4848 4957
3 5646 5349 5769
3 4957 5646 5769
3 8853 8736 8285
3 8396 8853 8285
3 7725 8396 8285
3 8091 7963 7725
3 7822 8091 7725
3 8285 7822 7725
3 8854 8737 8736
3 8854 8736 8853
3 8397 8854 8853
3 8397 8853 8396
3 8397 8396 7725
3 7726 8397 7725
3 7726 7725 7963
3 7964 7726 7963
3 8092 7964 7963
3 8092 7963 8091
3 7823 8092 8091
3 7823 8091 7822
3 8286 7823 7822
3 8286 7822 8285
3 8286 8285 8736
3 8737 8286 8736
3 8854 8737 8286
3 8397 8854 8286
3 7726 8397 8286
3 8092 7964 7726
3 7823 8092 7726
3 8286 7823 7726
3 8398 8855 8517
3 7727 8398 8517
3 7965 7727 8517
3 8616 7965 8517
3 8399 8856 8855
3 8399 8855 8398
3 8399 8398 7727
3 7728 8399 7727
3 7728 7727 7965
3 7966 7728 7965
3 8617 7966 7965
3 8617 7965 8616
3 8518 8617 8616
3 8518 8616 8517
3 8856 8518 8517
3 8856 8517 8855
3 8399 8856 8518
3 7728 8399 8518
3 7966 7728 8518
3 8617 7966 8518
3 4849 4582 5350
3 5770 4849 5350
3 4583 4582 4849
3 4850 4583 4849
3 5771 4850 4849
3 5771 4849 5770
3 5351 5771 5770
3 5351 5770 5350
3 5351 5350 4582
3 4583 5351 4582
3 4850 4583 5351
3 5771 4850 5351
3 5647 5220 5351
3 4583 4692 4958
3 4850 4583 4958
3 5771 4850 4958
3 5647 5351 5771
3 4958 5647 5771
3 5221 5220 5647
3 5648 5221 5647
3 5648 5647 4958
3 4959 5648 4958
3 4693 4959 4958
3 4693 4958 4692
3 4693 4692 4583
3 4584 4693 4583
3 4584 4583 4850
3 4851 4584 4850
3 5772 4851 4850
3 5772 4850 5771
3 5352 5772 5771
3 5352 5771 5351
3 5352 5351 5220
3 5221 5352 5220
3 5648 5221 5352
3 4584 4693 4959
3 4851 4584 4959
3 5772 4851 4959
3 5648 5352 5772
3 4959 5648 5772
3 8856 8738 8287
3 8399 8856 8287
3 7728 8399 8287
3 8093 7966 7728
3 7824 8093 7728
3 8287 7824 7728
3 8857 8739 8738
3 8857 8738 8856
3 8400 8857 8856
3 8400 8856 8399
3 8400 8399 7728
3 7729 8400 7728
3 7729 7728 7966
3 7967 7729 7966
3 8094 7967 7966
3 8094 7966 8093
3 7825 8094 8093
3 7825 8093 7824
3 8288 7825 7824
3 8288 7824 8287
3 8288 8287 8738
3 8739 8288 8738
3 8857 8739 8288
3 8400 8857 8288
3 7729 8400 8288
3 8094 7967 7729
3 7825 8094 7729
3 8288 7825 7729
3 8401 8858 8519
3 7730 8401 8519
3 7968 7730 8519
3 8618 7968 8519
3 8402 8859 8858
3 8402 8858 8401
3 8402 8401 7730
3 7731 8402 7730
3 7731 7730 7968
3 7969 7731 7968
3 8619 7969 7968
3 8619 7968 8618
3 8520 8619 8618
3 8520 8618 8519
3 8859 8520 8519
3 8859 8519 8858
3 8402 8859 8520
3 7731 8402 8520
3 7969 7731 8520
3 8619 7969 8520
3 4852 4585 5353
3 5773 4852 5353
3 4586 4585 4852
3 4853 4586 4852
3 5774 4853 4852
3 5774 4852 5773
3 5354 5774 5773
3 5354 5773 5353
3 5354 5353 4585
3 4586 5354 4585
3 4853 4586 5354
3 5774 4853 5354
3 5649 5222 5354
3 4586 4694 4960
3 4853 4586 4960
3 5774 4853 4960
3 5649 5354 5774
3 4960 5649 5774
3 5223 5222 5649
3 5650 5223 5649
3 5650 5649 4960
3 4961 5650 4960
3 4695 4961 4960
3 4695 4960 4694
3 4695 4694 4586
3 4587 4695 4586
3 4587 4586 4853
3 4854 4587 4853
3 5775 4854 4853
3 5775 4853 5774
3 5355 5775 5774
3 5355 5774 5354
3 5355 5354 5222
3 5223 5355 5222
3 5650 5223 5355
3 4587 4695 4961
3 4854 4587 4961
3 5775 4854 4961
3 5650 5355 5775
3 4961 5650 5775
3 8859 8740 8289
3 8402 8859 8289
3 7731 8402 8289
3 8095 7969 7731
3 7826 8095 7731
3 8289 7826 7731
3 8860 8741 8740
3 8860 8740 8859
3 8403 8860 8859
3 8403 8859 8402
3 8403 8402 7731
3 7732 8403 7731
3 7732 7731 7969
3 7970 7732 7969
3 8096 7970 7969
3 8096 7969 8095
3 7827 8096 8095
3 7827 8095 7826
3 8290 7827 7826
3 8290 7826 8289
3 8290 8289 8740
3 8741 8290 8740
3 8860 8741 8290
3 8403 8860 8290
3 7732 8403 8290
3 8096 7970 7732
3 7827 8096 7732
3 8290 7827 7732
3 8404 8861 8521
3 7733 8404 8521
3 7971 7733 8521
3 8620 7971 8521
3 8405 8862 8861
3 8405 8861 8404
3 8405 8404 7733
3 7734 8405 7733
3 7734 7733 7971
3 7972 7734 7971
3 8621 7972 7971
3 8621 7971 8620
3 8522 8621 8620
3 8522 8620 8521
3 8862 8522 8521
3 8862 8521 8861
3 8405 8862 8522
3 7734 8405 8522
3 7972 7734 8522
3 8621 7972 8522
3 4855 4588 5356
3 5776 4855 5356
3 4589 4588 4855
3 4856 4589 4855
3 5777 4856 4855
3 5777 4855 5776
3 5357 5777 5776
3 5357 5776 5356
3 5357 5356 4588
3 4589 5357 4588
3 4856 4589 5357
3 5777 4856 5357
3 5651 5224 5357
3 4589 4696 4962
3 4856 4589 4962
3 5777 4856 4962
3 5651 5357 5777
3 4962 5651 5777
3 5225 5224 5651
3 5652 5225 5651
3 5652 5651 4962
3 4963 5652 4962
3 4697 4963 4962
3 4697 4962 4696
3 4697 4696 4589
3 4590 4697 4589
3 4590 4589 4856
3 4857 4590 4856
3 5778 4857 4856
3 5778 4856 5777
3 5358 5778 5777
3 5358 5777 5357
3 5358 5357 5224
3 5225 5358 5224
3 5652 5225 5358
3 4590 4697 4963
3 4857 4590 4963
3 5778 4857 4963
3 5652 5358 5778
3 4963 5652 5778
3 8862 8742 8291
3 8405 8862 8291
3 7734 8405 8291
3 8097 7972 7734
3 7828 8097 7734
3 8291 7828 7734
3 8863 8743 8742
3 8863 8742 8862
3 8406 8863 8862
3 8406 8862 8405
3 8406 8405 7734
3 7735 8406 7734
3 7735 7734 7972
3 7973 7735 7972
3 8098 7973 7972
3 8098 7972 8097
3 7829 8098 8097
3 7829 8097 7828
3 8292 7829 7828
3 8292 7828 8291
3 8292 8291 8742
3 8743 8292 8742
3 8863 8743 8292
3 8406 8863 8292
3 7735 8406 8292
3 8098 7973 7735
3 7829 8098 7735
3 8292 7829 7735
3 8407 8864 8523
3 7736 8407 8523
3 7974 7736 8523
3 8622 7974 8523
3 8408 8865 8864
3 8408 8864 8407
3 8408 8407 7736
3 7737 8408 7736
3 7737 7736 7974
3 7975 7737 7974
3 8623 7975 7974
3 8623 7974 8622
3 8524 8623 8622
3 8524 8622 8523
3 8865 8524 8523
3 8865 8523 8864
3 8408 8865 8524
3 7737 8408 8524
3 7975 7737 8524
3 8623 7975 8524
3 4858 4591 5359
3 5779 4858 5359
3 4592 4591 4858
3 4859 4592 4858
3 5780 4859 4858
3 5780 4858 5779
3 5360 5780 5779
3 5360 5779 5359
3 5360 5359 4591
3 4592 5360 4591
3 4859 4592 5360
3 5780 4859 5360
3 5653 5226 5360
3 4592 4698 4964
3 4859 4592 4964
3 5780 4859 4964
3 5653 5360 5780
3 4964 5653 5780
3 5227 5226 5653
3 5654 5227 5653
3 5654 5653 4964
3 4965 5654 4964
3 4699 4965 4964
3 4699 4964 4698
3 4699 4698 4592
3 4593 4699 4592
3 4593 4592 4859
3 4860 4593 4859
3 5781 4860 4859
3 5781 4859 5780
3 5361 5781 5780
3 5361 5780 5360
3 5361 5360 5226
3 5227 5361 5226
3 5654 5227 5361
3 4593 4699 4965
3 4860 4593 4965
3 5781 4860 4965
3 5654 5361 5781
3 4965 5654 5781
3 8865 8744 8293
3 8408 8865 8293
3 7737 8408 8293
3 8099 7975 7737
3 7830 8099 7737
3 8293 7830 7737
3 8866 8745 8744
3 8866 8744 8865
3 8409 8866 8865
3 8409 8865 8408
3 8409 8408 7737
3 7738 8409 7737
3 7738 7737 7975
3 7976 7738 7975
3 8100 7976 7975
3 8100 7975 8099
3 7831 8100 8099
3 7831 8099 7830
3 8294 7831 7830
3 8294 7830 8293
3 8294 8293 8744
3 8745 8294 8744
3 8866 8745 8294
3 8409 8866 8294
3 7738 8409 8294
3 8100 7976 7738
3 7831 8100 7738
3 8294 7831 7738
3 8410 8867 8525
3 7739 8410 8525
3 7977 7739 8525
3 8624 7977 8525
3 8411 8868 8867
3 8411 8867 8410
3 8411 8410 7739
3 7740 8411 7739
3 7740 7739 7977
3 7978 7740 7977
3 8625 7978 7977
3 8625 7977 8624
3 8526 8625 8624
3 8526 8624 8525
3 8868 8526 8525
3 8868 8525 8867
3 8411 8868 8526
3 7740 8411 8526
3 7978 7740 8526
3 8625 7978 8526
3 4861 4594 5362
3 5782 4861 5362
3 4595 4594 4861
3 4862 4595 4861
3 5783 4862 4861
3 5783 4861 5782
3 5363 5783 5782
3 5363 5782 5362
3 5363 5362 4594
3 4595 5363 4594
3 4862 4595 5363
3 5783 4862 5363
3 5655 5228 5363
3 4595 4700 4966
3 4862 4595 4966
3 5783 4862 4966
3 5655 5363 5783
3 4966 5655 5783
3 5229 5228 5655
3 5656 5229 5655
3 5656 5655 4966
3 4967 5656 4966
3 4701 4967 4966
3 4701 4966 4700
3 4701 4700 4595
3 4596 4701 4595
3 4596 4595 4862
3 4863 4596 4862
3 5784 4863 4862
3 5784 4862 5783
3 5364 5784 5783
3 5364 5783 5363
3 5364 5363 5228
3 5229 5364 5228
3 5656 5229 5364
3 4596 4701 4967
3 4863 4596 4967
3 5784 4863 4967
3 5656 5364 5784
3 4967 5656 5784
3 8868 8746 8295
3 8411 8868 8295
3 7740 8411 8295
3 8101 7978 7740
3 7832 8101 7740
3 8295 7832 7740
3 8869 8747 8746
3 8869 8746 8868
3 8412 8869 8868
3 8412 8868 8411
3 8412 8411 7740
3 7741 8412 7740
3 7741 7740 7978
3 7979 7741 7978
3 8102 7979 7978
3 8102 7978 8101
3 7833 8102 8101
3 7833 8101 7832
3 8296 7833 7832
3 8296 7832 8295
3 8296 8295 8746
3 8747 8296 8746
3 8869 8747 8296
3 8412 8869 8296
3 7741 8412 8296
3 8102 7979 7741
3 7833 8102 7741
3 8296 7833 7741
3 8413 8870 8527
3 7742 8413 8527
3 7980 7742 8527
3 8626 7980 8527
3 8414 8871 8870
3 8414 8870 8413
3 8414 8413 7742
3 7743 8414 7742
3 7743 7742 7980
3 7981 7743 7980
3 8627 7981 7980
3 8627 7980 8626
3 8528 8627 8626
3 8528 8626 8527
3 8871 8528 8527
3 8871 8527 8870
3 8414 8871 8528
3 7743 8414 8528
3 7981 7743 8528
3 8627 7981 8528
3 4864 4597 5365
3 5785 4864 5365
3 4598 4597 4864
3 4865 4598 4864
3 5786 4865 4864
3 5786 4864 5785
3 5366 5786 5785
3 5366 5785 5365
3 5366 5365 4597
3 4598 5366 4597
3 4865 4598 5366
3 5786 4865 5366
3 5657 5230 5366
3 4598 4702 4968
3 4865 4598 4968
3 5786 4865 4968
3 5657 5366 5786
3 4968 5657 5786
3 5231 5230 5657
3 5658 5231 5657
3 5658 5657 4968
3 4969 5658 4968
3 4703 4969 4968
3 4703 4968 4702
3 4703 4702 4598
3 4599 4703 4598
3 4599 4598 4865
3 4866 4599 4865
3 5787 4866 4865
3 5787 4865 5786
3 5367 5787 5786
3 5367 5786 5366
3 5367 5366 5230
3 5231 5367 5230
3 5658 5231 5367
3 4599 4703 4969
3 4866 4599 4969
3 5787 4866 4969
3 5658 5367 5787
3 4969 5658 5787
3 8871 8748 8297
3 8414 8871 8297
3 7743 8414 8297
3 8103 7981 7743
3 7834 8103 7743
3 8297 7834 7743
3 8872 8749 8748
3 8872 8748 8871
3 8415 8872 8871
3 8415 8871 8414
3 8415 8414 7743
3 7744 8415 7743
3 7744 7743 7981
3 7982 7744 7981
3 8104 7982 7981
3 8104 7981 8103
3 7835 8104 8103
3 7835 8103 7834
3 8298 7835 7834
3 8298 7834 8297
3 8298 8297 8748
3 8749 8298 8748
3 8872 8749 8298
3 8415 8872 8298
3 7744 8415 8298
3 8104 7982 7744
3 7835 8104 7744
3 8298 7835 7744
3 8416 8873 8529
3 7745 8416 8529
3 7983 7745 8529
3 8628 7983 8529
3 8417 8874 8873
3 8417 8873 8416
3 8417 8416 7745
3 7746 8417 7745
3 7746 7745 7983
3 7984 7746 7983
3 8629 7984 7983
3 8629 7983 8628
3 8530 8629 8628
3 8530 8628 8529
3 8874 8530 8529
3 8874 8529 8873
3 8417 8874 8530
3 7746 8417 8530
3 7984 7746 8530
3 8629 7984 8530
3 4867 4600 5368
3 5788 4867 5368
3 4601 4600 4867
3 4868 4601 4867
3 5789 4868 4867
3 5789 4867 5788
3 5369 5789 5788
3 5369 5788 5368
3 5369 5368 4600
3 4601 5369 4600
3 4868 4601 5369
3 5789 4868 5369
3 5659 5232 5369
3 4601 4704 4970
3 4868 4601 4970
3 5789 4868 4970
3 5659 5369 5789
3 4970 5659 5789
3 5233 5232 5659
3 5660 5233 5659
3 5660 5659 4970
3 4971 5660 4970
3 4705 4971 4970
3 4705 4970 4704
3 4705 4704 4601
3 4602 4705 4601
3 4602 4601 4868
3 4869 4602 4868
3 5790 4869 4868
3 5790 4868 5789
3 5370 5790 5789
3 5370 5789 5369
3 5370 5369 5232
3 5233 5370 5232
3 5660 5233 5370
3 4602 4705 4971
3 4869 4602 4971
3 5790 4869 4971
3 5660 5370 5790
3 4971 5660 5790
3 8874 8750 8299
3 8417 8874 8299
3 7746 8417 8299
3 8105 7984 7746
3 7836 8105 7746
3 8299 7836 7746
3 8875 8751 8750
3 8875 8750 8874
3 8418 8875 8874
3 8418 8874 8417
3 8418 8417 7746
3 7747 8418 7746
3 7747 7746 7984
3 7985 7747 7984
3 8106 7985 7984
3 8106 7984 8105
3 7837 8106 8105
3 7837 8105 7836
3 8300 7837 7836
3 8300 7836 8299
3 8300 8299 8750
3 8751 8300 8750
3 8875 8751 8300
3 8418 8875 8300
3 7747 8418 8300
3 8106 7985 7747
3 7837 8106 7747
3 8300 7837 7747
3 8419 8876 8531
3 7748 8419 8531
3 7986 7748 8531
3 8630 7986 8531
3 8420 8877 8876
3 8420 8876 8419
3 8420 8419 7748
3 7749 8420 7748
3 7749 7748 7986
3 7987 7749 7986
3 8631 7987 7986
3 8631 7986 8630
3 8532 8631 8630
3 8532 8630 8531
3 8877 8532 8531
3 8877 8531 8876
3 8420 8877 8532
3 7749 8420 8532
3 7987 7749 8532
3 8631 7987 8532
3 4870 4603 5371
3 5791 4870 5371
3 4604 4603 4870
3 4871 4604 4870
3 5792 4871 4870
3 5792 4870 5791
3 5372 5792 5791
3 5372 5791 5371
3 5372 5371 4603
3 4604 5372 4603
3 4871 4604 5372
3 5792 4871 5372
3 5661 5234 5372
3 4604 4706 4972
3 4871 4604 4972
3 5792 4871 4972
3 5661 5372 5792
3 4972 5661 5792
3 5235 5234 5661
3 5662 5235 5661
3 5662 5661 4972
3 4973 5662 4972
3 4707 4973 4972
3 4707 4972 4706
3 4707 4706 4604
3 4605 4707 4604
3 4605 4604 4871
3 4872 4605 4871
3 5793 4872 4871
3 5793 4871 5792
3 5373 5793 5792
3 5373 5792 5372
3 5373 5372 5234
3 5235 5373 5234
3 5662 5235 5373
3 4605 4707 4973
3 4872 4605 4973
3 5793 4872 4973
3 5662 5373 5793
3 4973 5662 5793
3 8877 8752 8301
3 8420 8877 8301
3 7749 8420 8301
3 8107 7987 7749
3 7838 8107 7749
3 8301 7838 7749
3 8878 8753 8752
3 8878 8752 8877
3 8421 8878 8877
3 8421 8877 8420
3 8421 8420 7749
3 7750 8421 7749
3 7750 7749 7987
3 7988 7750 7987
3 8108 7988 7987
3 8108 7987 8107
3 7839 8108 8107
3 7839 8107 7838
3 8302 7839 7838
3 8302 7838 8301
3 8302 8301 8752
3 8753 8302 8752
3 8878 8753 8302
3 8421 8878 8302
3 7750 8421 8302
3 8108 7988 7750
3 7839 8108 7750
3 8302 7839 7750
3 8422 8879 8533
3 7751 8422 8533
3 7989 7751 8533
3 8632 7989 8533
3 8423 8880 8879
3 8423 8879 8422
3 8423 8422 7751
3 7752 8423 7751
3 7752 7751 7989
3 7990 7752 7989
3 8633 7990 7989
3 8633 7989 8632
3 8534 8633 8632
3 8534 8632 8533
3 8880 8534 8533
3 8880 8533 8879
3 8423 8880 8534
3 7752 8423 8534
3 7990 7752 8534
3 8633 7990 8534
3 4873 4606 5374
3 5794 4873 5374
3 4607 4606 4873
3 4874 4607 4873
3 5795 4874 4873
3 5795 4873 5794
3 5375 5795 5794
3 5375 5794 5374
3 5375 5374 4606
3 4607 5375 4606
3 4874 4607 5375
3 5795 4874 5375
3 5663 5236 5375
3 4607 4708 4974
3 4874 4607 4974
3 5795 4874 4974
3 5663 5375 5795
3 4974 5663 5795
3 5237 5236 5663
3 5664 5237 5663
3 5664 5663 4974
3 4975 5664 4974
3 4709 4975 4974
3 4709 4974 4708
3 4709 4708 4607
3 4608 4709 4607
3 4608 4607 4874
3 4875 4608 4874
3 5796 4875 4874
3 5796 4874 5795
3 5376 5796 5795
3 5376 5795 5375
3 5376 5375 5236
3 5237 5376 5236
3 5664 5237 5376
3 4608 4709 4975
3 4875 4608 4975
3 5796 4875 4975
3 5664 5376 5796
3 4975 5664 5796
3 8880 8754 8303
3 8423 8880 8303
3 7752 8423 8303
3 8109 7990 7752
3 7840 8109 7752
3 8303 7840 7752
3 8881 8755 8754
3 8881 8754 8880
3 8424 8881 8880
3 8424 8880 8423
3 8424 8423 7752
3 7753 8424 7752
3 7753 7752 7990
3 7991 7753 7990
3 8110 7991 7990
3 8110 7990 8109
3 7841 8110 8109
3 7841 8109 7840
3 8304 7841 7840
3 8304 7840 8303
3 8304 8303 8754
3 8755 8304 8754
3 8881 8755 8304
3 8424 8881 8304
3 7753 8424 8304
3 8110 7991 7753
3 7841 8110 7753
3 8304 7841 7753
3 8425 8882 8535
3 7754 8425 8535
3 7992 7754 8535
3 8634 7992 8535
3 8426 8883 8882
3 8426 8882 8425
3 8426 8425 7754
3 7755 8426 7754
3 7755 7754 7992
3 7993 7755 7992
3 8635 7993 7992
3 8635 7992 8634
3 8536 8635 8634
3 8536 8634 8535
3 8883 8536 8535
3 8883 8535 8882
3 8426 8883 8536
3 7755 8426 8536
3 7993 7755 8536
3 8635 7993 8536
3 4876 4609 5377
3 5797 4876 5377
3 4610 4609 4876
3 4877 4610 4876
3 5798 4877 4876
3 5798 4876 5797
3 5378 5798 5797
3 5378 5797 5377
3 5378 5377 4609
3 4610 5378 4609
3 4877 4610 5378
3 5798 4877 5378
3 5665 5238 5378
3 4610 4710 4976
3 4877 4610 4976
3 5798 4877 4976
3 5665 5378 5798
3 4976 5665 5798
3 5239 5238 5665
3 5666 5239 5665
3 5666 5665 4976
3 4977 5666 4976
3 4711 4977 4976
3 4711 4976 4710
3 4711 4710 4610
3 4611 4711 4610
3 4611 4610 4877
3 4878 4611 4877
3 5799 4878 4877
3 5799 4877 5798
3 5379 5799 5798
3 5379 5798 5378
3 5379 5378 5238
3 5239 5379 5238
3 5666 5239 5379
3 4611 4711 4977
3 4878 4611 4977
3 5799 4878 4977
3 5666 5379 5799
3 4977 5666 5799
3 8883 8756 8305
3 8426 8883 8305
3 7755 8426 8305
3 8111 7993 7755
3 7842 8111 7755
3 8305 7842 7755
3 8884 8757 8756
3 8884 8756 8883
3 8427 8884 8883
3 8427 8883 8426
3 8427 8426 7755
3 7756 8427 7755
3 7756 7755 7993
3 7994 7756 7993
3 8112 7994 7993
3 8112 7993 8111
3 7843 8112 8111
3 7843 8111 7842
3 8306 7843 7842
3 8306 7842 8305
3 8306 8305 8756
3 8757 8306 8756
3 8884 8757 8306
3 8427 8884 8306
3 7756 8427 8306
3 8112 7994 7756
3 7843 8112 7756
3 8306 7843 7756
3 8428 8885 8537
3 7757 8428 8537
3 7995 7757 8537
3 8636 7995 8537
3 8429 8886 8885
3 8429 8885 8428
3 8429 8428 7757
3 7758 8429 7757
3 7758 7757 7995
3 7996 7758 7995
3 8637 7996 7995
3 8637 7995 8636
3 8538 8637 8636
3 8538 8636 8537
3 8886 8538 8537
3 8886 8537 8885
3 8429 8886 8538
3 7758 8429 8538
3 7996 7758 8538
3 8637 7996 8538
3 4879 4612 5380
3 5800 4879 5380
3 4613 4612 4879
3 4880 4613 4879
3 5801 4880 4879
3 5801 4879 5800
3 5381 5801 5800
3 5381 5800 5380
3 5381 5380 4612
3 4613 5381 4612
3 4880 4613 5381
3 5801 4880 5381
3 5667 5240 5381
3 4613 4712 4978
3 4880 4613 4978
3 5801 4880 4978
3 5667 5381 5801
3 4978 5667 5801
3 5241 5240 5667
3 5668 5241 5667
3 5668 5667 4978
3 4979 5668 4978
3 4713 4979 4978
3 4713 4978 4712
3 4713 4712 4613
3 4614 4713 4613
3 4614 4613 4880
3 4881 4614 4880
3 5802 4881 4880
3 5802 4880 5801
3 5382 5802 5801
3 5382 5801 5381
3 5382 5381 5240
3 5241 5382 5240
3 5668 5241 5382
3 4614 4713 4979
3 4881 4614 4979
3 5802 4881 4979
3 5668 5382 5802
3 4979 5668 5802
3 8886 8758 8307
3 8429 8886 8307
3 7758 8429 8307
3 8113 7996 7758
3 7844 8113 7758
3 8307 7844 7758
3 8887 8759 8758
3 8887 8758 8886
3 8430 8887 8886
3 8430 8886 8429
3 8430 8429 7758
3 7759 8430 7758
3 7759 7758 7996
3 7997 7759 7996
3 8114 7997 7996
3 8114 7996 8113
3 7845 8114 8113
3 7845 8113 7844
3 8308 7845 7844
3 8308 7844 8307
3 8308 8307 8758
3 8759 8308 8758
3 8887 8759 8308
3 8430 8887 8308
3 7759 8430 8308
3 8114 7997 7759
3 7845 8114 7759
3 8308 7845 7759
3 8431 8888 8539
3 7760 8431 8539
3 7998 7760 8539
3 8638 7998 8539
3 8432 8889 8888
3 8432 8888 8431
3 8432 8431 7760
3 7761 8432 7760
3 7761 7760 7998
3 7999 7761 7998
3 8639 7999 7998
3 8639 7998 8638
3 8540 8639 8638
3 8540 8638 8539
3 8889 8540 8539
3 8889 8539 8888
3 8432 8889 8540
3 7761 8432 8540
3 7999 7761 8540
3 8639 7999 8540
3 4882 4615 5383
3 5803 4882 5383
3 4616 4615 4882
3 4883 4616 4882
3 5804 4883 4882
3 5804 4882 5803
3 5384 5804 5803
3 5384 5803 5383
3 5384 5383 4615
3 4616 5384 4615
3 4883 4616 5384
3 5804 4883 5384
3 5669 5242 5384
3 4616 4714 4980
3 4883 4616 4980
3 5804 4883 4980
3 5669 5384 5804
3 4980 5669 5804
3 5243 5242 5669
3 5670 5243 5669
3 5670 5669 4980
3 4981 5670 4980
3 4715 4981 4980
3 4715 4980 4714
3 4715 4714 4616
3 4617 4715 4616
3 4617 4616 4883
3 4884 4617 4883
3 5805 4884 4883
3 5805 4883 5804
3 5385 5805 5804
3 5385 5804 5384
3 5385 5384 5242
3 5243 5385 5242
3 5670 5243 5385
3 4617 4715 4981
3 4884 4617 4981
3 5805 4884 4981
3 5670 5385 5805
3 4981 5670 5805
3 8889 8760 8309
3 8432 8889 8309
3 7761 8432 8309
3 8115 7999 7761
3 7846 8115 7761
3 8309 7846 7761
3 8890 8761 8760
3 8890 8760 8889
3 8433 8890 8889
3 8433 8889 8432
3 8433 8432 7761
3 7762 8433 7761
3 7762 7761 7999
3 8000 7762 7999
3 8116 8000 7999
3 8116 7999 8115
3 7847 8116 8115
3 7847 8115 7846
3 8310 7847 7846
3 8310 7846 8309
3 8310 8309 8760
3 8761 8310 8760
3 8890 8761 8310
3 8433 8890 8310
3 7762 8433 8310
3 8116 8000 7762
3 7847 8116 7762
3 8310 7847 7762
3 4885 4618 5386
3 5806 4885 5386
3 4619 4618 4885
3 4886 4619 4885
3 5807 4886 4885
3 5807 4885 5806
3 5387 5807 5806
3 5387 5806 5386
3 5387 5386 4618
3 4619 5387 4618
3 4886 4619 5387
3 5807 4886 5387
3 5671 5244 5387
3 4619 4716 4982
3 4886 4619 4982
3 5807 4886 4982
3 5671 5387 5807
3 4982 5671 5807
3 5245 5244 5671
3 5672 5245 5671
3 5672 5671 4982
3 4983 5672 4982
3 4717 4983 4982
3 4717 4982 4716
3 4717 4716 4619
3 4620 4717 4619
3 4620 4619 4886
3 4887 4620 4886
3 5808 4887 4886
3 5808 4886 5807
3 5388 5808 5807
3 5388 5807 5387
3 5388 5387 5244
3 5245 5388 5244
3 5672 5245 5388
3 4620 4717 4983
3 4887 4620 4983
3 5808 4887 4983
3 5672 5388 5808
3 4983 5672 5808
3 10726 10718 10708
3 10739 10726 10708
3 10744 10739 10708
3 10757 10744 10708
3 10760 10757 10708
3 10768 10760 10708
3 10776 10768 10708
3 10783 10776 10708
3 10795 10783 10708
3 10813 10795 10708
3 10823 10813 10708
3 10829 10823 10708
3 10838 10829 10708
3 10832 10838 10708
3 10826 10832 10708
3 10820 10826 10708
3 10641 10644 10652
3 10631 10641 10652
3 10610 10631 10652
3 10595 10610 10652
3 10577 10595 10652
3 10560 10577 10652
3 10555 10560 10652
3 10542 10555 10652
3 10523 10542 10652
3 10325 10523 10652
3 10214 10325 10652
3 10089 10214 10652
3 9930 10089 10652
3 9851 9930 10652
3 9725 9851 10652
3 9653 9725 10652
3 7539 7557 7565
3 7520 7539 7565
3 7513 7520 7565
3 7506 7513 7565
3 7497 7506 7565
3 7488 7497 7565
3 7475 7488 7565
3 7470 7475 7565
3 7467 7470 7565
3 7462 7467 7565
3 7456 7462 7565
3 7450 7456 7565
3 7444 7450 7565
3 7439 7444 7565
3 7447 7439 7565
3 7453 7447 7565
3 2416 2482 2533
3 2341 2416 2533
3 2256 2341 2533
3 2143 2256 2533
3 2086 2143 2533
3 2030 2086 2533
3 1960 2030 2533
3 1911 1960 2533
3 1850 1911 2533
3 1801 1850 2533
3 1746 1801 2533
3 1648 1746 2533
3 1550 1648 2533
3 1452 1550 2533
3 1403 1452 2533
3 1501 1403 2533
3 1599 1501 2533
3 3185 3137 3085
3 3233 3185 3085
3 3281 3233 3085
3 3329 3281 3085
3 3385 3329 3085
3 3438 3385 3085
3 3496 3438 3085
3 3555 3496 3085
3 3610 3555 3085
3 3662 3610 3085
3 3720 3662 3085
3 3770 3720 3085
3 3832 3770 3085
3 3884 3832 3085
3 3934 3884 3085
3 3984 3934 3085
3 11161 11107 11049
3 11219 11161 11049
3 11275 11219 11049
3 11347 11275 11049
3 11407 11347 11049
3 11467 11407 11049
3 11527 11467 11049
3 11597 11527 11049
3 11647 11597 11049
3 11697 11647 11049
3 11797 11697 11049
3 11900 11797 11049
3 12003 11900 11049
3 12103 12003 11049
3 12203 12103 11049
3 12153 12203 11049
3 12053 12153 11049
3 11953 12053 11049
3 11850 11953 11049
3 11747 11850 11049
3 1599 2533 7459
3 7459 7453 7565
3 1697 1599 7459
3 3085 1697 7459
3 3984 3085 7459
3 4037 3984 7459
3 4090 4037 7459
3 11049 4090 7459
3 11747 11049 7459
3 10708 11747 7459
3 10820 10708 7459
3 10810 10820 7459
3 10652 10810 7459
3 9653 10652 7459
3 9588 9653 7459
3 7565 9588 7459
3 10709 11748 11747
3 10709 11747 10708
3 10719 10709 10708
3 10719 10708 10718
3 10727 10719 10718
3 10727 10718 10726
3 10740 10727 10726
3 10740 10726 10739
3 10745 10740 10739
3 10745 10739 10744
3 10758 10745 10744
3 10758 10744 10757
3 10761 10758 10757
3 10761 10757 10760
3 10769 10761 10760
3 10769 10760 10768
3 10777 10769 10768
3 10777 10768 10776
3 10784 10777 10776
3 10784 10776 10783
3 10796 10784 10783
3 10796 10783 10795
3 10814 10796 10795
3 10814 10795 10813
3 10824 10814 10813
3 10824 10813 10823
3 10830 10824 10823
3 10830 10823 10829
3 10839 10830 10829
3 10839 10829 10838
3 10833 10839 10838
3 10833 10838 10832
3 10827 10833 10832
3 10827 10832 10826
3 10821 10827 10826
3 10821 10826 10820
3 10811 10821 10820
3 10811 10820 10810
3 10653 10811 10810
3 10653 10810 10652
3 10645 10653 10652
3 10645 10652 10644
3 10642 10645 10644
3 10642 10644 10641
3 10632 10642 10641
3 10632 10641 10631
3 10611 10632 10631
3 10611 10631 10610
3 10596 10611 10610
3 10596 10610 10595
3 10578 10596 10595
3 10578 10595 10577
3 10578 10577 10560
3 10561 10578 10560
3 10561 10560 10555
3 10556 10561 10555
3 10556 10555 10542
3 10543 10556 10542
3 10543 10542 10523
3 10524 10543 10523
3 10524 10523 10325
3 10326 10524 10325
3 10326 10325 10214
3 10215 10326 10214
3 10215 10214 10089
3 10090 10215 10089
3 10090 10089 9930
3 9931 10090 9930
3 9931 9930 9851
3 9852 9931 9851
3 9852 9851 9725
3 9726 9852 9725
3 9726 9725 9653
3 9654 9726 9653
3 9654 9653 9588
3 9589 9654 9588
3 9589 9588 7565
3 7566 9589 7565
3 7566 7565 7557
3 7558 7566 7557
3 7558 7557 7539
3 7540 7558 7539
3 7540 7539 7520
3 7521 7540 7520
3 7521 7520 7513
3 7514 7521 7513
3 7514 7513 7506
3 7507 7514 7506
3 7507 7506 7497
3 7498 7507 7497
3 7498 7497 7488
3 7489 7498 7488
3 7489 7488 7475
3 7476 7489 7475
3 7476 7475 7470
3 7471 7476 7470
3 7471 7470 7467
3 7468 7471 7467
3 7468 7467 7462
3 7463 7468 7462
3 7463 7462 7456
3 7457 7463 7456
3 7457 7456 7450
3 7451 7457 7450
3 7451 7450 7444
3 7445 7451 7444
3 7445 7444 7439
3 7440 7445 7439
3 7440 7439 7447
3 7448 7440 7447
3 7448 7447 7453
3 7454 7448 7453
3 7454 7453 7459
3 7460 7454 7459
3 7460 7459 2533
3 2534 7460 2533
3 2483 2534 2533
3 2483 2533 2482
3 2483 2482 2416
3 2417 2483 2416
3 2417 2416 2341
3 2342 2417 2341
3 2342 2341 2256
3 2257 2342 2256
3 2257 2256 2143
3 2144 2257 2143
3 2144 2143 2086
3 2087 2144 2086
3 2087 2086 2030
3 2031 2087 2030
3 2031 2030 1960
3 1961 2031 1960
3 1961 1960 1911
3 1912 1961 1911
3 1912 1911 1850
3 1851 1912 1850
3 1851 1850 1801
3 1802 1851 1801
3 1802 1801 1746
3 1747 1802 1746
3 1747 1746 1648
3 1649 1747 1648
3 1649 1648 1550
3 1551 1649 1550
3 1551 1550 1452
3 1453 1551 1452
3 1453 1452 1403
3 1404 1453 1403
3 1404 1403 1501
3 1502 1404 1501
3 1502 1501 1599
3 1600 1502 1599
3 1600 1599 1697
3 1698 1600 1697
3 1698 1697 3085
3 3086 1698 3085
3 3086 3085 3137
3 3138 3086 3137
3 3138 3137 3185
3 3186 3138 3185
3 3186 3185 3233
3 3234 3186 3233
3 3234 3233 3281
3 3282 3234 3281
3 3282 3281 3329
3 3330 3282 3329
3 3330 3329 3385
3 3386 3330 3385
3 3439 3386 3385
3 3439 3385 3438
3 3497 3439 3438
3 3497 3438 3496
3 3556 3497 3496
3 3556 3496 3555
3 3611 3556 3555
3 3611 3555 3610
3 3663 3611 3610
3 3663 3610 3662
3 3721 3663 3662
3 3721 3662 3720
3 3771 3721 3720
3 3771 3720 3770
3 3833 3771 3770
3 3833 3770 3832
3 3885 3833 3832
3 3885 3832 3884
3 3935 3885 3884
3 3935 3884 3934
3 3985 3935 3934
3 3985 3934 3984
3 4038 3985 3984
3 4038 3984 4037
3 4091 4038 4037
3 4091 4037 4090
3 11050 4091 4090
3 11050 4090 11049
3 11108 11050 11049
3 11108 11049 11107
3 11162 11108 11107
3 11162 11107 11161
3 11220 11162 11161
3 11220 11161 11219
3 11276 11220 11219
3 11276 11219 11275
3 11348 11276 11275
3 11348 11275 11347
3 11408 11348 11347
3 11408 11347 11407
3 11468 11408 11407
3 11468 11407 11467
3 11528 11468 11467
3 11528 11467 11527
3 11598 11528 11527
3 11598 11527 11597
3 11648 11598 11597
3 11648 11597 11647
3 11698 11648 11647
3 11698 11647 11697
3 11798 11698 11697
3 11798 11697 11797
3 11901 11798 11797
3 11901 11797 11900
3 12004 11901 11900
3 12004 11900 12003
3 12104 12004 12003
3 12104 12003 12103
3 12204 12104 12103
3 12204 12103 12203
3 12154 12204 12203
3 12154 12203 12153
3 12054 12154 12153
3 12054 12153 12053
3 11954 12054 12053
3 11954 12053 11953
3 11851 11954 11953
3 11851 11953 11850
3 11748 11851 11850
3 11748 11850 11747
3 10727 10719 10709
3 10740 10727 10709
3 10745 10740 10709
3 10758 10745 10709
3 10761 10758 10709
3 10769 10761 10709
3 10777 10769 10709
3 10784 10777 10709
3 10796 10784 10709
3 10814 10796 10709
3 10824 10814 10709
3 10830 10824 10709
3 10839 10830 10709
3 10833 10839 10709
3 10827 10833 10709
3 10821 10827 10709
3 10642 10645 10653
3 10632 10642 10653
3 10611 10632 10653
3 10596 10611 10653
3 10578 10596 10653
3 10561 10578 10653
3 10556 10561 10653
3 10543 10556 10653
3 10524 10543 10653
3 10326 10524 10653
3 10215 10326 10653
3 10090 10215 10653
3 9931 10090 10653
3 9852 9931 10653
3 9726 9852 10653
3 9654 9726 10653
3 7540 7558 7566
3 7521 7540 7566
3 7514 7521 7566
3 7507 7514 7566
3 7498 7507 7566
3 7489 7498 7566
3 7476 7489 7566
3 7471 7476 7566
3 7468 7471 7566
3 7463 7468 7566
3 7457 7463 7566
3 7451 7457 7566
3 7445 7451 7566
3 7440 7445 7566
3 7448 7440 7566
3 7454 7448 7566
3 2417 2483 2534
3 2342 2417 2534
3 2257 2342 2534
3 2144 2257 2534
3 2087 2144 2534
3 2031 2087 2534
3 1961 2031 2534
3 1912 1961 2534
3 1851 1912 2534
3 1802 1851 2534
3 1747 1802 2534
3 1649 1747 2534
3 1551 1649 2534
3 1453 1551 2534
3 1404 1453 2534
3 1502 1404 2534
3 1600 1502 2534
3 3186 3138 3086
3 3234 3186 3086
3 3282 3234 3086
3 3330 3282 3086
3 3386 3330 3086
3 3439 3386 3086
3 3497 3439 3086
3 3556 3497 3086
3 3611 3556 3086
3 3663 3611 3086
3 3721 3663 3086
3 3771 3721 3086
3 3833 3771 3086
3 3885 3833 3086
3 3935 3885 3086
3 3985 3935 3086
3 11162 11108 11050
3 11220 11162 11050
3 11276 11220 11050
3 11348 11276 11050
3 11408 11348 11050
3 11468 11408 11050
3 11528 11468 11050
3 11598 11528 11050
3 11648 11598 11050
3 11698 11648 11050
3 11798 11698 11050
3 11901 11798 11050
3 12004 11901 11050
3 12104 12004 11050
3 12204 12104 11050
3 12154 12204 11050
3 12054 12154 11050
3 11954 12054 11050
3 11851 11954 11050
3 11748 11851 11050
3 1600 2534 7460
3 7460 7454 7566
3 1698 1600 7460
3 3086 1698 7460
3 3985 3086 7460
3 4038 3985 7460
3 4091 4038 7460
3 11050 4091 7460
3 11748 11050 7460
3 10709 11748 7460
3 10821 10709 7460
3 10811 10821 7460
3 10653 10811 7460
3 9654 10653 7460
3 9589 9654 7460
3 7566 9589 7460
3 10727 10719 10709
3 10740 10727 10709
3 10745 10740 10709
3 10758 10745 10709
3 10761 10758 10709
3 10769 10761 10709
3 10777 10769 10709
3 10784 10777 10709
3 10796 10784 10709
3 10814 10796 10709
3 10824 10814 10709
3 10830 10824 10709
3 10839 10830 10709
3 10833 10839 10709
3 10827 10833 10709
3 10821 10827 10709
3 10642 10645 10653
3 10632 10642 10653
3 10611 10632 10653
3 10596 10611 10653
3 10578 10596 10653
3 10561 10578 10653
3 10556 10561 10653
3 10543 10556 10653
3 10524 10543 10653
3 10326 10524 10653
3 10215 10326 10653
3 10090 10215 10653
3 9931 10090 10653
3 9852 9931 10653
3 9726 9852 10653
3 9654 9726 10653
3 7540 7558 7566
3 7521 7540 7566
3 7514 7521 7566
3 7507 7514 7566
3 7498 7507 7566
3 7489 7498 7566
3 7476 7489 7566
3 7471 7476 7566
3 7468 7471 7566
3 7463 7468 7566
3 7457 7463 7566
3 7451 7457 7566
3 7445 7451 7566
3 7440 7445 7566
3 7448 7440 7566
3 7454 7448 7566
3 2417 2483 2534
3 2342 2417 2534
3 2257 2342 2534
3 2144 2257 2534
3 2087 2144 2534
3 2031 2087 2534
3 1961 2031 2534
3 1912 1961 2534
3 1851 1912 2534
3 1802 1851 2534
3 1747 1802 2534
3 1649 1747 2534
3 1551 1649 2534
3 1453 1551 2534
3 1404 1453 2534
3 1502 1404 2534
3 1600 1502 2534
3 3186 3138 3086
3 3234 3186 3086
3 3282 3234 3086
3 3330 3282 3086
3 3386 3330 3086
3 3439 3386 3086
3 3497 3439 3086
3 3556 3497 3086
3 3611 3556 3086
3 3663 3611 3086
3 3721 3663 3086
3 3771 3721 3086
3 3833 3771 3086
3 3885 3833 3086
3 3935 3885 3086
3 3985 3935 3086
3 11162 11108 11050
3 11220 11162 11050
3 11276 11220 11050
3 11348 11276 11050
3 11408 11348 11050
3 11468 11408 11050
3 11528 11468 11050
3 11598 11528 11050
3 11648 11598 11050
3 11698 11648 11050
3 11798 11698 11050
3 11901 11798 11050
3 12004 11901 11050
3 12104 12004 11050
3 12204 12104 11050
3 12154 12204 11050
3 12054 12154 11050
3 11954 12054 11050
3 11851 11954 11050
3 11748 11851 11050
3 1600 2534 7460
3 7460 7454 7566
3 1698 1600 7460
3 3086 1698 7460
3 3985 3086 7460
3 4038 3985 7460
3 4091 4038 7460
3 11050 4091 7460
3 11748 11050 7460
3 10709 11748 7460
3 10821 10709 7460
3 10811 10821 7460
3 10653 10811 7460
3 9654 10653 7460
3 9589 9654 7460
3 7566 9589 7460
3 10710 11749 11748
3 10710 11748 10709
3 10720 10710 10709
3 10720 10709 10719
3 10728 10720 10719
3 10728 10719 10727
3 10741 10728 10727
3 10741 10727 10740
3 10746 10741 10740
3 10746 10740 10745
3 10759 10746 10745
3 10759 10745 10758
3 10762 10759 10758
3 10762 10758 10761
3 10770 10762 10761
3 10770 10761 10769
3 10778 10770 10769
3 10778 10769 10777
3 10785 10778 10777
3 10785 10777 10784
3 10797 10785 10784
3 10797 10784 10796
3 10815 10797 10796
3 10815 10796 10814
3 10825 10815 10814
3 10825 10814 10824
3 10831 10825 10824
3 10831 10824 10830
3 10840 10831 10830
3 10840 10830 10839
3 10834 10840 10839
3 10834 10839 10833
3 10828 10834 10833
3 10828 10833 10827
3 10822 10828 10827
3 10822 10827 10821
3 10812 10822 10821
3 10812 10821 10811
3 10654 10812 10811
3 10654 10811 10653
3 10646 10654 10653
3 10646 10653 10645
3 10643 10646 10645
3 10643 10645 10642
3 10633 10643 10642
3 10633 10642 10632
3 10612 10633 10632
3 10612 10632 10611
3 10597 10612 10611
3 10597 10611 10596
3 10579 10597 10596
3 10579 10596 10578
3 10579 10578 10561
3 10562 10579 10561
3 10562 10561 10556
3 10557 10562 10556
3 10557 10556 10543
3 10544 10557 10543
3 10544 10543 10524
3 10525 10544 10524
3 10525 10524 10326
3 10327 10525 10326
3 10327 10326 10215
3 10216 10327 10215
3 10216 10215 10090
3 10091 10216 10090
3 10091 10090 9931
3 9932 10091 9931
3 9932 9931 9852
3 9853 9932 9852
3 9853 9852 9726
3 9727 9853 9726
3 9727 9726 9654
3 9655 9727 9654
3 9655 9654 9589
3 9590 9655 9589
3 9590 9589 7566
3 7567 9590 7566
3 7567 7566 7558
3 7559 7567 7558
3 7559 7558 7540
3 7541 7559 7540
3 7541 7540 7521
3 7522 7541 7521
3 7522 7521 7514
3 7515 7522 7514
3 7515 7514 7507
3 7508 7515 7507
3 7508 7507 7498
3 7499 7508 7498
3 7499 7498 7489
3 7490 7499 7489
3 7490 7489 7476
3 7477 7490 7476
3 7477 7476 7471
3 7472 7477 7471
3 7472 7471 7468
3 7469 7472 7468
3 7469 7468 7463
3 7464 7469 7463
3 7464 7463 7457
3 7458 7464 7457
3 7458 7457 7451
3 7452 7458 7451
3 7452 7451 7445
3 7446 7452 7445
3 7446 7445 7440
3 7441 7446 7440
3 7441 7440 7448
3 7449 7441 7448
3 7449 7448 7454
3 7455 7449 7454
3 7455 7454 7460
3 7461 7455 7460
3 7461 7460 2534
3 2535 7461 2534
3 2484 2535 2534
3 2484 2534 2483
3 2484 2483 2417
3 2418 2484 2417
3 2418 2417 2342
3 2343 2418 2342
3 2343 2342 2257
3 2258 2343 2257
3 2258 2257 2144
3 2145 2258 2144
3 2145 2144 2087
3 2088 2145 2087
3 2088 2087 2031
3 2032 2088 2031
3 2032 2031 1961
3 1962 2032 1961
3 1962 1961 1912
3 1913 1962 1912
3 1913 1912 1851
3 1852 1913 1851
3 1852 1851 1802
3 1803 1852 1802
3 1803 1802 1747
3 1748 1803 1747
3 1748 1747 1649
3 1650 1748 1649
3 1650 1649 1551
3 1552 1650 1551
3 1552 1551 1453
3 1454 1552 1453
3 1454 1453 1404
3 1405 1454 1404
3 1405 1404 1502
3 1503 1405 1502
3 1503 1502 1600
3 1601 1503 1600
3 1601 1600 1698
3 1699 1601 1698
3 1699 1698 3086
3 3087 1699 3086
3 3087 3086 3138
3 3139 3087 3138
3 3139 3138 3186
3 3187 3139 3186
3 3187 3186 3234
3 3235 3187 3234
3 3235 3234 3282
3 3283 3235 3282
3 3283 3282 3330
3 3331 3283 3330
3 3331 3330 3386
3 3387 3331 3386
3 3440 3387 3386
3 3440 3386 3439
3 3498 3440 3439
3 3498 3439 3497
3 3557 3498 3497
3 3557 3497 3556
3 3612 3557 3556
3 3612 3556 3611
3 3664 3612 3611
3 3664 3611 3663
3 3722 3664 3663
3 3722 3663 3721
3 3772 3722 3721
3 3772 3721 3771
3 3834 3772 3771
3 3834 3771 3833
3 3886 3834 3833
3 3886 3833 3885
3 3936 3886 3885
3 3936 3885 3935
3 3986 3936 3935
3 3986 3935 3985
3 4039 3986 3985
3 4039 3985 4038
3 4092 4039 4038
3 4092 4038 4091
3 11051 4092 4091
3 11051 4091 11050
3 11109 11051 11050
3 11109 11050 11108
3 11163 11109 11108
3 11163 11108 11162
3 11221 11163 11162
3 11221 11162 11220
3 11277 11221 11220
3 11277 11220 11276
3 11349 11277 11276
3 11349 11276 11348
3 11409 11349 11348
3 11409 11348 11408
3 11469 11409 11408
3 11469 11408 11468
3 11529 11469 11468
3 11529 11468 11528
3 11599 11529 11528
3 11599 11528 11598
3 11649 11599 11598
3 11649 11598 11648
3 11699 11649 11648
3 11699 11648 11698
3 11799 11699 11698
3 11799 11698 11798
3 11902 11799 11798
3 11902 11798 11901
3 12005 11902 11901
3 12005 11901 12004
3 12105 12005 12004
3 12105 12004 12104
3 12205 12105 12104
3 12205 12104 12204
3 12155 12205 12204
3 12155 12204 12154
3 12055 12155 12154
3 12055 12154 12054
3 11955 12055 12054
3 11955 12054 11954
3 11852 11955 11954
3 11852 11954 11851
3 11749 11852 11851
3 11749 11851 11748
3 10728 10720 10710
3 10741 10728 10710
3 10746 10741 10710
3 10759 10746 10710
3 10762 10759 10710
3 10770 10762 10710
3 10778 10770 10710
3 10785 10778 10710
3 10797 10785 10710
3 10815 10797 10710
3 10825 10815 10710
3 10831 10825 10710
3 10840 10831 10710
3 10834 10840 10710
3 10828 10834 10710
3 10822 10828 10710
3 10643 10646 10654
3 10633 10643 10654
3 10612 10633 10654
3 10597 10612 10654
3 10579 10597 10654
3 10562 10579 10654
3 10557 10562 10654
3 10544 10557 10654
3 10525 10544 10654
3 10327 10525 10654
3 10216 10327 10654
3 10091 10216 10654
3 9932 10091 10654
3 9853 9932 10654
3 9727 9853 10654
3 9655 9727 10654
3 7541 7559 7567
3 7522 7541 7567
3 7515 7522 7567
3 7508 7515 7567
3 7499 7508 7567
3 7490 7499 7567
3 7477 7490 7567
3 7472 7477 7567
3 7469 7472 7567
3 7464 7469 7567
3 7458 7464 7567
3 7452 7458 7567
3 7446 7452 7567
3 7441 7446 7567
3 7449 7441 7567
3 7455 7449 7567
3 2418 2484 2535
3 2343 2418 2535
3 2258 2343 2535
3 2145 2258 2535
3 2088 2145 2535
3 2032 2088 2535
3 1962 2032 2535
3 1913 1962 2535
3 1852 1913 2535
3 1803 1852 2535
3 1748 1803 2535
3 1650 1748 2535
3 1552 1650 2535
3 1454 1552 2535
3 1405 1454 2535
3 1503 1405 2535
3 1601 1503 2535
3 3187 3139 3087
3 3235 3187 3087
3 3283 3235 3087
3 3331 3283 3087
3 3387 3331 3087
3 3440 3387 3087
3 3498 3440 3087
3 3557 3498 3087
3 3612 3557 3087
3 3664 3612 3087
3 3722 3664 3087
3 3772 3722 3087
3 3834 3772 3087
3 3886 3834 3087
3 3936 3886 3087
3 3986 3936 3087
3 11163 11109 11051
3 11221 11163 11051
3 11277 11221 11051
3 11349 11277 11051
3 11409 11349 11051
3 11469 11409 11051
3 11529 11469 11051
3 11599 11529 11051
3 11649 11599 11051
3 11699 11649 11051
3 11799 11699 11051
3 11902 11799 11051
3 12005 11902 11051
3 12105 12005 11051
3 12205 12105 11051
3 12155 12205 11051
3 12055 12155 11051
3 11955 12055 11051
3 11852 11955 11051
3 11749 11852 11051
3 1601 2535 7461
3 7461 7455 7567
3 1699 1601 7461
3 3087 1699 7461
3 3986 3087 7461
3 4039 3986 7461
3 4092 4039 7461
3 11051 4092 7461
3 11749 11051 7461
3 10710 11749 7461
3 10822 10710 7461
3 10812 10822 7461
3 10654 10812 7461
3 9655 10654 7461
3 9590 9655 7461
3 7567 9590 7461
3 6133 6123 6118
3 6128 6133 6118
3 6134 6124 6123
3 6134 6123 6133
3 6129 6134 6133
3 6129 6133 6128
3 6129 6128 6118
3 6119 6129 6118
3 6119 6118 6123
3 6124 6119 6123
3 6134 6124 6119
3 6129 6134 6119
3 6229 6217 6210
3 6222 6229 6210
3 6230 6218 6217
3 6230 6217 6229
3 6223 6230 6229
3 6223 6229 6222
3 6223 6222 6210
3 6211 6223 6210
3 6211 6210 6217
3 6218 6211 6217
3 6230 6218 6211
3 6223 6230 6211
3 6341 6322 6311
3 6327 6341 6311
3 6342 6323 6322
3 6342 6322 6341
3 6328 6342 6341
3 6328 6341 6327
3 6328 6327 6311
3 6312 6328 6311
3 6312 6311 6322
3 6323 6312 6322
3 6342 6323 6312
3 6328 6342 6312
3 6463 6453 6448
3 6458 6463 6448
3 6464 6454 6453
3 6464 6453 6463
3 6459 6464 6463
3 6459 6463 6458
3 6459 6458 6448
3 6449 6459 6448
3 6449 6448 6453
3 6454 6449 6453
3 6464 6454 6449
3 6459 6464 6449
3 6885 6871 6860
3 6880 6885 6860
3 6886 6872 6871
3 6886 6871 6885
3 6881 6886 6885
3 6881 6885 6880
3 6881 6880 6860
3 6861 6881 6860
3 6861 6860 6871
3 6872 6861 6871
3 6886 6872 6861
3 6881 6886 6861
3 6995 6985 6980
3 6990 6995 6980
3 6996 6986 6985
3 6996 6985 6995
3 6991 6996 6995
3 6991 6995 6990
3 6991 6990 6980
3 6981 6991 6980
3 6981 6980 6985
3 6986 6981 6985
3 6996 6986 6981
3 6991 6996 6981
3 7065 7055 7050
3 7060 7065 7050
3 7066 7056 7055
3 7066 7055 7065
3 7061 7066 7065
3 7061 7065 7060
3 7061 7060 7050
3 7051 7061 7050
3 7051 7050 7055
3 7056 7051 7055
3 7066 7056 7051
3 7061 7066 7051
3 7179 7153 7129
3 7167 7179 7129
3 7180 7154 7153
3 7180 7153 7179
3 7168 7180 7179
3 7168 7179 7167
3 7168 7167 7129
3 7130 7168 7129
3 7130 7129 7153
3 7154 7130 7153
3 7180 7154 7130
3 7168 7180 7130
3 7313 7294 7273
3 7299 7313 7273
3 7314 7295 7294
3 7314 7294 7313
3 7300 7314 7313
3 7300 7313 7299
3 7300 7299 7273
3 7274 7300 7273
3 7274 7273 7294
3 7295 7274 7294
3 7314 7295 7274
3 7300 7314 7274
3 7429 7412 7393
3 7417 7429 7393
3 7430 7413 7412
3 7430 7412 7429
3 7418 7430 7429
3 7418 7429 7417
3 7418 7417 7393
3 7394 7418 7393
3 7394 7393 7412
3 7413 7394 7412
3 7430 7413 7394
3 7418 7430 7394
3 4155 4045 4037
3 4098 4155 4037
3 4156 4046 4045
3 4156 4045 4155
3 4099 4156 4155
3 4099 4155 4098
3 4099 4098 4037
3 4039 4099 4037
3 4039 4037 4045
3 4046 4039 4045
3 4156 4046 4039
3 4099 4156 4039
3 4431 4421 4416
3 4426 4431 4416
3 4432 4422 4421
3 4432 4421 4431
3 4427 4432 4431
3 4427 4431 4426
3 4427 4426 4416
3 4417 4427 4416
3 4417 4416 4421
3 4422 4417 4421
3 4432 4422 4417
3 4427 4432 4417
3 4631 4491 4486
3 4621 4631 4486
3 4632 4492 4491
3 4632 4491 4631
3 4627 4632 4631
3 4627 4631 4621
3 4627 4621 4486
3 4487 4627 4486
3 4487 4486 4491
3 4492 4487 4491
3 4632 4492 4487
3 4627 4632 4487
3 5063 5051 5046
3 5058 5063 5046
3 5064 5052 5051
3 5064 5051 5063
3 5059 5064 5063
3 5059 5063 5058
3 5059 5058 5046
3 5047 5059 5046
3 5047 5046 5051
3 5052 5047 5051
3 5064 5052 5047
3 5059 5064 5047
3 5151 5139 5134
3 5144 5151 5134
3 5152 5140 5139
3 5152 5139 5151
3 5145 5152 5151
3 5145 5151 5144
3 5145 5144 5134
3 5135 5145 5134
3 5135 5134 5139
3 5140 5135 5139
3 5152 5140 5135
3 5145 5152 5135
3 5984 5972 5917
3 5979 5984 5917
3 5985 5973 5972
3 5985 5972 5984
3 5980 5985 5984
3 5980 5984 5979
3 5980 5979 5917
3 5918 5980 5917
3 5918 5917 5972
3 5973 5918 5972
3 5985 5973 5918
3 5980 5985 5918
3 6110 6097 6089
3 6102 6110 6089
3 6111 6098 6097
3 6111 6097 6110
3 6103 6111 6110
3 6103 6110 6102
3 6103 6102 6089
3 6090 6103 6089
3 6090 6089 6097
3 6098 6090 6097
3 6111 6098 6090
3 6103 6111 6090
3 6189 6171 6166
3 6176 6189 6166
3 6190 6172 6171
3 6190 6171 6189
3 6177 6190 6189
3 6177 6189 6176
3 6177 6176 6166
3 6167 6177 6166
3 6167 6166 6171
3 6172 6167 6171
3 6190 6172 6167
3 6177 6190 6167
3 6297 6287 6280
3 6292 6297 6280
3 6298 6288 6287
3 6298 6287 6297
3 6293 6298 6297
3 6293 6297 6292
3 6293 6292 6280
3 6281 6293 6280
3 6281 6280 6287
3 6288 6281 6287
3 6298 6288 6281
3 6293 6298 6281
3 6440 6428 6420
3 6435 6440 6420
3 6441 6429 6428
3 6441 6428 6440
3 6436 6441 6440
3 6436 6440 6435
3 6436 6435 6420
3 6421 6436 6420
3 6421 6420 6428
3 6429 6421 6428
3 6441 6429 6421
3 6436 6441 6421
3 6783 6743 6708
3 6752 6783 6708
3 6784 6744 6743
3 6784 6743 6783
3 6753 6784 6783
3 6753 6783 6752
3 6753 6752 6708
3 6709 6753 6708
3 6709 6708 6743
3 6744 6709 6743
3 6784 6744 6709
3 6753 6784 6709
3 6973 6959 6952
3 6966 6973 6952
3 6974 6960 6959
3 6974 6959 6973
3 6967 6974 6973
3 6967 6973 6966
3 6967 6966 6952
3 6953 6967 6952
3 6953 6952 6959
3 6960 6953 6959
3 6974 6960 6953
3 6967 6974 6953
3 7043 7029 7022
3 7034 7043 7022
3 7044 7030 7029
3 7044 7029 7043
3 7035 7044 7043
3 7035 7043 7034
3 7035 7034 7022
3 7023 7035 7022
3 7023 7022 7029
3 7030 7023 7029
3 7044 7030 7023
3 7035 7044 7023
3 7107 7095 7090
3 7100 7107 7090
3 7108 7096 7095
3 7108 7095 7107
3 7101 7108 7107
3 7101 7107 7100
3 7101 7100 7090
3 7091 7101 7090
3 7091 7090 7095
3 7096 7091 7095
3 7108 7096 7091
3 7101 7108 7091
3 7254 7242 7235
3 7247 7254 7235
3 7255 7243 7242
3 7255 7242 7254
3 7248 7255 7254
3 7248 7254 7247
3 7248 7247 7235
3 7236 7248 7235
3 7236 7235 7242
3 7243 7236 7242
3 7255 7243 7236
3 7248 7255 7236
3 7380 7370 7365
3 7375 7380 7365
3 7381 7371 7370
3 7381 7370 7380
3 7376 7381 7380
3 7376 7380 7375
3 7376 7375 7365
3 7366 7376 7365
3 7366 7365 7370
3 7371 7366 7370
3 7381 7371 7366
3 7376 7381 7366
3 7562 7549 7544
3 7554 7562 7544
3 7563 7550 7549
3 7563 7549 7562
3 7555 7563 7562
3 7555 7562 7554
3 7555 7554 7544
3 7545 7555 7544
3 7545 7544 7549
3 7550 7545 7549
3 7563 7550 7545
3 7555 7563 7545
3 10963 10975 10954
3 10949 10963 10954
3 10964 10976 10975
3 10964 10975 10963
3 10964 10963 10949
3 10950 10964 10949
3 10950 10949 10954
3 10955 10950 10954
3 10976 10955 10954
3 10976 10954 10975
3 10964 10976 10955
3 10950 10964 10955
3 10939 10944 10932
3 10927 10939 10932
3 10940 10945 10944
3 10940 10944 10939
3 10940 10939 10927
3 10928 10940 10927
3 10928 10927 10932
3 10933 10928 10932
3 10945 10933 10932
3 10945 10932 10944
3 10940 10945 10933
3 10928 10940 10933
3 10915 10920 10896
3 10891 10915 10896
3 10916 10921 10920
3 10916 10920 10915
3 10916 10915 10891
3 10892 10916 10891
3 10892 10891 10896
3 10897 10892 10896
3 10921 10897 10896
3 10921 10896 10920
3 10916 10921 10897
3 10892 10916 10897
3 10869 10874 10864
3 10859 10869 10864
3 10870 10875 10874
3 10870 10874 10869
3 10870 10869 10859
3 10860 10870 10859
3 10860 10859 10864
3 10865 10860 10864
3 10875 10865 10864
3 10875 10864 10874
3 10870 10875 10865
3 10860 10870 10865
3 10846 10854 10800
3 10792 10846 10800
3 10847 10855 10854
3 10847 10854 10846
3 10847 10846 10792
3 10793 10847 10792
3 10793 10792 10800
3 10801 10793 10800
3 10855 10801 10800
3 10855 10800 10854
3 10847 10855 10801
3 10793 10847 10801
3 10765 10773 10754
3 10749 10765 10754
3 10766 10774 10773
3 10766 10773 10765
3 10766 10765 10749
3 10750 10766 10749
3 10750 10749 10754
3 10755 10750 10754
3 10774 10755 10754
3 10774 10754 10773
3 10766 10774 10755
3 10750 10766 10755
3 10731 10736 10723
3 10715 10731 10723
3 10732 10737 10736
3 10732 10736 10731
3 10732 10731 10715
3 10716 10732 10715
3 10716 10715 10723
3 10724 10716 10723
3 10737 10724 10723
3 10737 10723 10736
3 10732 10737 10724
3 10716 10732 10724
3 3092 3036 3032
3 3040 3092 3032
3 3093 3037 3036
3 3093 3036 3092
3 3041 3093 3092
3 3041 3092 3040
3 3041 3040 3032
3 3033 3041 3032
3 3033 3032 3036
3 3037 3033 3036
3 3093 3037 3033
3 3041 3093 3033
3 3028 3014 3010
3 3024 3028 3010
3 3029 3015 3014
3 3029 3014 3028
3 3025 3029 3028
3 3025 3028 3024
3 3025 3024 3010
3 3011 3025 3010
3 3011 3010 3014
3 3015 3011 3014
3 3029 3015 3011
3 3025 3029 3011
3 2999 2979 2975
3 2995 2999 2975
3 3000 2980 2979
3 3000 2979 2999
3 2996 3000 2999
3 2996 2999 2995
3 2996 2995 2975
3 2976 2996 2975
3 2976 2975 2979
3 2980 2976 2979
3 3000 2980 2976
3 2996 3000 2976
3 2971 2951 2947
3 2964 2971 2947
3 2972 2952 2951
3 2972 2951 2971
3 2965 2972 2971
3 2965 2971 2964
3 2965 2964 2947
3 2948 2965 2947
3 2948 2947 2951
3 2952 2948 2951
3 2972 2952 2948
3 2965 2972 2948
3 2940 2929 2925
3 2936 2940 2925
3 2941 2930 2929
3 2941 2929 2940
3 2937 2941 2940
3 2937 2940 2936
3 2937 2936 2925
3 2926 2937 2925
3 2926 2925 2929
3 2930 2926 2929
3 2941 2930 2926
3 2937 2941 2926
3 2918 2892 2888
3 2911 2918 2888
3 2919 2893 2892
3 2919 2892 2918
3 2912 2919 2918
3 2912 2918 2911
3 2912 2911 2888
3 2889 2912 2888
3 2889 2888 2892
3 2893 2889 2892
3 2919 2893 2889
3 2912 2919 2889
3 2881 2870 2866
3 2877 2881 2866
3 2882 2871 2870
3 2882 2870 2881
3 2878 2882 2881
3 2878 2881 2877
3 2878 2877 2866
3 2867 2878 2866
3 2867 2866 2870
3 2871 2867 2870
3 2882 2871 2867
3 2878 2882 2867
3 2841 2821 2814
3 2837 2841 2814
3 2842 2822 2821
3 2842 2821 2841
3 2838 2842 2841
3 2838 2841 2837
3 2838 2837 2814
3 2815 2838 2814
3 2815 2814 2821
3 2822 2815 2821
3 2842 2822 2815
3 2838 2842 2815
3 2798 2787 2780
3 2794 2798 2780
3 2799 2788 2787
3 2799 2787 2798
3 2795 2799 2798
3 2795 2798 2794
3 2795 2794 2780
3 2781 2795 2780
3 2781 2780 2787
3 2788 2781 2787
3 2799 2788 2781
3 2795 2799 2781
3 2771 2757 2750
3 2767 2771 2750
3 2772 2758 2757
3 2772 2757 2771
3 2768 2772 2771
3 2768 2771 2767
3 2768 2767 2750
3 2751 2768 2750
3 2751 2750 2757
3 2758 2751 2757
3 2772 2758 2751
3 2768 2772 2751
3 4888 4621 5389
3 5809 4888 5389
3 4622 4621 4888
3 4889 4622 4888
3 5810 4889 4888
3 5810 4888 5809
3 5390 5810 5809
3 5390 5809 5389
3 5390 5389 4621
3 4622 5390 4621
3 4889 4622 5390
3 5810 4889 5390
3 5673 5246 5390
3 4622 4718 4984
3 4889 4622 4984
3 5810 4889 4984
3 5673 5390 5810
3 4984 5673 5810
3 5247 5246 5673
3 5674 5247 5673
3 5674 5673 4984
3 4985 5674 4984
3 4719 4985 4984
3 4719 4984 4718
3 4719 4718 4622
3 4623 4719 4622
3 4623 4622 4889
3 4890 4623 4889
3 5811 4890 4889
3 5811 4889 5810
3 5391 5811 5810
3 5391 5810 5390
3 5391 5390 5246
3 5247 5391 5246
3 5674 5247 5391
3 4623 4719 4985
3 4890 4623 4985
3 5811 4890 4985
3 5674 5391 5811
3 4985 5674 5811
3 4891 4624 5392
3 5812 4891 5392
3 4625 4624 4891
3 4892 4625 4891
3 5813 4892 4891
3 5813 4891 5812
3 5393 5813 5812
3 5393 5812 5392
3 5393 5392 4624
3 4625 5393 4624
3 4892 4625 5393
3 5813 4892 5393
3 5675 5248 5393
3 4625 4720 4986
3 4892 4625 4986
3 5813 4892 4986
3 5675 5393 5813
3 4986 5675 5813
3 5249 5248 5675
3 5676 5249 5675
3 5676 5675 4986
3 4987 5676 4986
3 4721 4987 4986
3 4721 4986 4720
3 4721 4720 4625
3 4626 4721 4625
3 4626 4625 4892
3 4893 4626 4892
3 5814 4893 4892
3 5814 4892 5813
3 5394 5814 5813
3 5394 5813 5393
3 5394 5393 5248
3 5249 5394 5248
3 5676 5249 5394
3 4626 4721 4987
3 4893 4626 4987
3 5814 4893 4987
3 5676 5394 5814
3 4987 5676 5814
3 4092 4039 3986
3 11051 4092 3986
3 11163 11109 11051
3 11221 11163 11051
3 11277 11221 11051
3 11349 11277 11051
3 11409 11349 11051
3 11469 11409 11051
3 11529 11469 11051
3 11599 11529 11051
3 11649 11599 11051
3 11699 11649 11051
3 11799 11699 11051
3 11902 11799 11051
3 12005 11902 11051
3 12105 12005 11051
3 12205 12105 11051
3 12155 12205 11051
3 12055 12155 11051
3 11955 12055 11051
3 11852 11955 11051
3 11749 11852 11051
3 10420 10470 10519
3 10372 10420 10519
3 10321 10372 10519
3 10271 10321 10519
3 10206 10271 10519
3 10144 10206 10519
3 10065 10144 10519
3 9985 10065 10519
3 9908 9985 10519
3 9845 9908 10519
3 9776 9845 10519
3 9712 9776 10519
3 9643 9712 10519
3 9584 9643 10519
3 9524 9584 10519
3 9466 9524 10519
3 9398 9466 10519
3 9314 9398 10519
3 8543 8893 8944
3 8642 8543 8944
3 2535 8642 8944
3 2418 2535 8944
3 2343 2418 8944
3 2258 2343 8944
3 2145 2258 8944
3 2088 2145 8944
3 2032 2088 8944
3 1962 2032 8944
3 1913 1962 8944
3 1852 1913 8944
3 1803 1852 8944
3 1748 1803 8944
3 1650 1748 8944
3 1552 1650 8944
3 1454 1552 8944
3 1405 1454 8944
3 1503 1405 8944
3 1601 1503 8944
3 1699 1601 8944
3 3187 3139 3087
3 3235 3187 3087
3 3283 3235 3087
3 3331 3283 3087
3 3387 3331 3087
3 3440 3387 3087
3 3498 3440 3087
3 3557 3498 3087
3 3612 3557 3087
3 3664 3612 3087
3 3722 3664 3087
3 3772 3722 3087
3 3834 3772 3087
3 3886 3834 3087
3 3936 3886 3087
3 3986 3936 3087
3 11051 3986 3087
3 11749 11051 3087
3 1699 8944 9246
3 9246 9314 10519
3 1699 9246 10519
3 3087 1699 10519
3 11749 3087 10519
3 11163 11109 11051
3 11221 11163 11051
3 11277 11221 11051
3 11349 11277 11051
3 11409 11349 11051
3 11469 11409 11051
3 11529 11469 11051
3 11599 11529 11051
3 11649 11599 11051
3 11699 11649 11051
3 11799 11699 11051
3 11902 11799 11051
3 12005 11902 11051
3 12105 12005 11051
3 12205 12105 11051
3 12155 12205 11051
3 12055 12155 11051
3 11955 12055 11051
3 11852 11955 11051
3 10420 10470 10519
3 10372 10420 10519
3 10321 10372 10519
3 10271 10321 10519
3 10206 10271 10519
3 10144 10206 10519
3 10065 10144 10519
3 9985 10065 10519
3 9908 9985 10519
3 9845 9908 10519
3 9776 9845 10519
3 9712 9776 10519
3 9643 9712 10519
3 9584 9643 10519
3 9524 9584 10519
3 9466 9524 10519
3 9398 9466 10519
3 9314 9398 10519
3 2418 2484 2535
3 2343 2418 2535
3 2258 2343 2535
3 2145 2258 2535
3 2088 2145 2535
3 2032 2088 2535
3 1962 2032 2535
3 1913 1962 2535
3 1852 1913 2535
3 1803 1852 2535
3 1748 1803 2535
3 1650 1748 2535
3 1552 1650 2535
3 1454 1552 2535
3 1405 1454 2535
3 1503 1405 2535
3 1601 1503 2535
3 3187 3139 3087
3 3235 3187 3087
3 3283 3235 3087
3 3331 3283 3087
3 3387 3331 3087
3 3440 3387 3087
3 3498 3440 3087
3 3557 3498 3087
3 3612 3557 3087
3 3664 3612 3087
3 3722 3664 3087
3 3772 3722 3087
3 3834 3772 3087
3 3886 3834 3087
3 3936 3886 3087
3 3986 3936 3087
3 4039 3986 3087
3 1601 2535 8642
3 8642 8543 8893
3 1699 1601 8642
3 3087 1699 8642
3 4039 3087 8642
3 4092 4039 8642
3 11051 4092 8642
3 11852 11051 8642
3 11749 11852 8642
3 10519 11749 8642
3 9246 9314 10519
3 8944 9246 10519
3 8642 8893 8944
3 10519 8642 8944
3 4093 4040 4039
3 4093 4039 4092
3 11052 4093 4092
3 11052 4092 11051
3 11110 11052 11051
3 11110 11051 11109
3 11164 11110 11109
3 11164 11109 11163
3 11222 11164 11163
3 11222 11163 11221
3 11278 11222 11221
3 11278 11221 11277
3 11350 11278 11277
3 11350 11277 11349
3 11410 11350 11349
3 11410 11349 11409
3 11470 11410 11409
3 11470 11409 11469
3 11530 11470 11469
3 11530 11469 11529
3 11600 11530 11529
3 11600 11529 11599
3 11650 11600 11599
3 11650 11599 11649
3 11700 11650 11649
3 11700 11649 11699
3 11800 11700 11699
3 11800 11699 11799
3 11903 11800 11799
3 11903 11799 11902
3 12006 11903 11902
3 12006 11902 12005
3 12106 12006 12005
3 12106 12005 12105
3 12206 12106 12105
3 12206 12105 12205
3 12156 12206 12205
3 12156 12205 12155
3 12056 12156 12155
3 12056 12155 12055
3 11956 12056 12055
3 11956 12055 11955
3 11853 11956 11955
3 11853 11955 11852
3 11750 11853 11852
3 11750 11852 11749
3 10520 11750 11749
3 10520 11749 10519
3 10471 10520 10519
3 10471 10519 10470
3 10421 10471 10470
3 10421 10470 10420
3 10373 10421 10420
3 10373 10420 10372
3 10322 10373 10372
3 10322 10372 10321
3 10272 10322 10321
3 10272 10321 10271
3 10207 10272 10271
3 10207 10271 10206
3 10145 10207 10206
3 10145 10206 10144
3 10145 10144 10065
3 10066 10145 10065
3 10066 10065 9985
3 9986 10066 9985
3 9986 9985 9908
3 9909 9986 9908
3 9909 9908 9845
3 9846 9909 9845
3 9846 9845 9776
3 9777 9846 9776
3 9777 9776 9712
3 9713 9777 9712
3 9713 9712 9643
3 9644 9713 9643
3 9644 9643 9584
3 9585 9644 9584
3 9585 9584 9524
3 9525 9585 9524
3 9525 9524 9466
3 9467 9525 9466
3 9467 9466 9398
3 9399 9467 9398
3 9399 9398 9314
3 9315 9399 9314
3 9315 9314 9246
3 9247 9315 9246
3 9247 9246 8944
3 8945 9247 8944
3 8894 8945 8944
3 8894 8944 8893
3 8894 8893 8543
3 8544 8894 8543
3 8544 8543 8642
3 8643 8544 8642
3 8643 8642 2535
3 2536 8643 2535
3 2485 2536 2535
3 2485 2535 2484
3 2485 2484 2418
3 2419 2485 2418
3 2419 2418 2343
3 2344 2419 2343
3 2344 2343 2258
3 2259 2344 2258
3 2259 2258 2145
3 2146 2259 2145
3 2146 2145 2088
3 2089 2146 2088
3 2089 2088 2032
3 2033 2089 2032
3 2033 2032 1962
3 1963 2033 1962
3 1963 1962 1913
3 1914 1963 1913
3 1914 1913 1852
3 1853 1914 1852
3 1853 1852 1803
3 1804 1853 1803
3 1804 1803 1748
3 1749 1804 1748
3 1749 1748 1650
3 1651 1749 1650
3 1651 1650 1552
3 1553 1651 1552
3 1553 1552 1454
3 1455 1553 1454
3 1455 1454 1405
3 1406 1455 1405
3 1406 1405 1503
3 1504 1406 1503
3 1504 1503 1601
3 1602 1504 1601
3 1602 1601 1699
3 1700 1602 1699
3 1700 1699 3087
3 3088 1700 3087
3 3088 3087 3139
3 3140 3088 3139
3 3140 3139 3187
3 3188 3140 3187
3 3188 3187 3235
3 3236 3188 3235
3 3236 3235 3283
3 3284 3236 3283
3 3284 3283 3331
3 3332 3284 3331
3 3332 3331 3387
3 3388 3332 3387
3 3441 3388 3387
3 3441 3387 3440
3 3499 3441 3440
3 3499 3440 3498
3 3558 3499 3498
3 3558 3498 3557
3 3613 3558 3557
3 3613 3557 3612
3 3665 3613 3612
3 3665 3612 3664
3 3723 3665 3664
3 3723 3664 3722
3 3773 3723 3722
3 3773 3722 3772
3 3835 3773 3772
3 3835 3772 3834
3 3887 3835 3834
3 3887 3834 3886
3 3937 3887 3886
3 3937 3886 3936
3 3987 3937 3936
3 3987 3936 3986
3 4040 3987 3986
3 4040 3986 4039
3 11164 11110 11052
3 11222 11164 11052
3 11278 11222 11052
3 11350 11278 11052
3 11410 11350 11052
3 11470 11410 11052
3 11530 11470 11052
3 11600 11530 11052
3 11650 11600 11052
3 11700 11650 11052
3 11800 11700 11052
3 11903 11800 11052
3 12006 11903 11052
3 12106 12006 11052
3 12206 12106 11052
3 12156 12206 11052
3 12056 12156 11052
3 11956 12056 11052
3 11853 11956 11052
3 10421 10471 10520
3 10373 10421 10520
3 10322 10373 10520
3 10272 10322 10520
3 10207 10272 10520
3 10145 10207 10520
3 10066 10145 10520
3 9986 10066 10520
3 9909 9986 10520
3 9846 9909 10520
3 9777 9846 10520
3 9713 9777 10520
3 9644 9713 10520
3 9585 9644 10520
3 9525 9585 10520
3 9467 9525 10520
3 9399 9467 10520
3 9315 9399 10520
3 2419 2485 2536
3 2344 2419 2536
3 2259 2344 2536
3 2146 2259 2536
3 2089 2146 2536
3 2033 2089 2536
3 1963 2033 2536
3 1914 1963 2536
3 1853 1914 2536
3 1804 1853 2536
3 1749 1804 2536
3 1651 1749 2536
3 1553 1651 2536
3 1455 1553 2536
3 1406 1455 2536
3 1504 1406 2536
3 1602 1504 2536
3 3188 3140 3088
3 3236 3188 3088
3 3284 3236 3088
3 3332 3284 3088
3 3388 3332 3088
3 3441 3388 3088
3 3499 3441 3088
3 3558 3499 3088
3 3613 3558 3088
3 3665 3613 3088
3 3723 3665 3088
3 3773 3723 3088
3 3835 3773 3088
3 3887 3835 3088
3 3937 3887 3088
3 3987 3937 3088
3 4040 3987 3088
3 1602 2536 8643
3 8643 8544 8894
3 1700 1602 8643
3 3088 1700 8643
3 4040 3088 8643
3 4093 4040 8643
3 11052 4093 8643
3 11853 11052 8643
3 11750 11853 8643
3 10520 11750 8643
3 9247 9315 10520
3 8945 9247 10520
3 8643 8894 8945
3 10520 8643 8945
3 11164 11110 11052
3 11222 11164 11052
3 11278 11222 11052
3 11350 11278 11052
3 11410 11350 11052
3 11470 11410 11052
3 11530 11470 11052
3 11600 11530 11052
3 11650 11600 11052
3 11700 11650 11052
3 11800 11700 11052
3 11903 11800 11052
3 12006 11903 11052
3 12106 12006 11052
3 12206 12106 11052
3 12156 12206 11052
3 12056 12156 11052
3 11956 12056 11052
3 11853 11956 11052
3 10421 10471 10520
3 10373 10421 10520
3 10322 10373 10520
3 10272 10322 10520
3 10207 10272 10520
3 10145 10207 10520
3 10066 10145 10520
3 9986 10066 10520
3 9909 9986 10520
3 9846 9909 10520
3 9777 9846 10520
3 9713 9777 10520
3 9644 9713 10520
3 9585 9644 10520
3 9525 9585 10520
3 9467 9525 10520
3 9399 9467 10520
3 9315 9399 10520
3 2419 2485 2536
3 2344 2419 2536
3 2259 2344 2536
3 2146 2259 2536
3 2089 2146 2536
3 2033 2089 2536
3 1963 2033 2536
3 1914 1963 2536
3 1853 1914 2536
3 1804 1853 2536
3 1749 1804 2536
3 1651 1749 2536
3 1553 1651 2536
3 1455 1553 2536
3 1406 1455 2536
3 1504 1406 2536
3 1602 1504 2536
3 3188 3140 3088
3 3236 3188 3088
3 3284 3236 3088
3 3332 3284 3088
3 3388 3332 3088
3 3441 3388 3088
3 3499 3441 3088
3 3558 3499 3088
3 3613 3558 3088
3 3665 3613 3088
3 3723 3665 3088
3 3773 3723 3088
3 3835 3773 3088
3 3887 3835 3088
3 3937 3887 3088
3 3987 3937 3088
3 4040 3987 3088
3 1602 2536 8643
3 8643 8544 8894
3 1700 1602 8643
3 3088 1700 8643
3 4040 3088 8643
3 4093 4040 8643
3 11052 4093 8643
3 11853 11052 8643
3 11750 11853 8643
3 10520 11750 8643
3 9247 9315 10520
3 8945 9247 10520
3 8643 8894 8945
3 10520 8643 8945
3 4094 4041 4040
3 4094 4040 4093
3 11053 4094 4093
3 11053 4093 11052
3 11111 11053 11052
3 11111 11052 11110
3 11165 11111 11110
3 11165 11110 11164
3 11223 11165 11164
3 11223 11164 11222
3 11279 11223 11222
3 11279 11222 11278
3 11351 11279 11278
3 11351 11278 11350
3 11411 11351 11350
3 11411 11350 11410
3 11471 11411 11410
3 11471 11410 11470
3 11531 11471 11470
3 11531 11470 11530
3 11601 11531 11530
3 11601 11530 11600
3 11651 11601 11600
3 11651 11600 11650
3 11701 11651 11650
3 11701 11650 11700
3 11801 11701 11700
3 11801 11700 11800
3 11904 11801 11800
3 11904 11800 11903
3 12007 11904 11903
3 12007 11903 12006
3 12107 12007 12006
3 12107 12006 12106
3 12207 12107 12106
3 12207 12106 12206
3 12157 12207 12206
3 12157 12206 12156
3 12057 12157 12156
3 12057 12156 12056
3 11957 12057 12056
3 11957 12056 11956
3 11854 11957 11956
3 11854 11956 11853
3 11751 11854 11853
3 11751 11853 11750
3 10521 11751 11750
3 10521 11750 10520
3 10472 10521 10520
3 10472 10520 10471
3 10422 10472 10471
3 10422 10471 10421
3 10374 10422 10421
3 10374 10421 10373
3 10323 10374 10373
3 10323 10373 10322
3 10273 10323 10322
3 10273 10322 10272
3 10208 10273 10272
3 10208 10272 10207
3 10146 10208 10207
3 10146 10207 10145
3 10146 10145 10066
3 10067 10146 10066
3 10067 10066 9986
3 9987 10067 9986
3 9987 9986 9909
3 9910 9987 9909
3 9910 9909 9846
3 9847 9910 9846
3 9847 9846 9777
3 9778 9847 9777
3 9778 9777 9713
3 9714 9778 9713
3 9714 9713 9644
3 9645 9714 9644
3 9645 9644 9585
3 9586 9645 9585
3 9586 9585 9525
3 9526 9586 9525
3 9526 9525 9467
3 9468 9526 9467
3 9468 9467 9399
3 9400 9468 9399
3 9400 9399 9315
3 9316 9400 9315
3 9316 9315 9247
3 9248 9316 9247
3 9248 9247 8945
3 8946 9248 8945
3 8895 8946 8945
3 8895 8945 8894
3 8895 8894 8544
3 8545 8895 8544
3 8545 8544 8643
3 8644 8545 8643
3 8644 8643 2536
3 2537 8644 2536
3 2486 2537 2536
3 2486 2536 2485
3 2486 2485 2419
3 2420 2486 2419
3 2420 2419 2344
3 2345 2420 2344
3 2345 2344 2259
3 2260 2345 2259
3 2260 2259 2146
3 2147 2260 2146
3 2147 2146 2089
3 2090 2147 2089
3 2090 2089 2033
3 2034 2090 2033
3 2034 2033 1963
3 1964 2034 1963
3 1964 1963 1914
3 1915 1964 1914
3 1915 1914 1853
3 1854 1915 1853
3 1854 1853 1804
3 1805 1854 1804
3 1805 1804 1749
3 1750 1805 1749
3 1750 1749 1651
3 1652 1750 1651
3 1652 1651 1553
3 1554 1652 1553
3 1554 1553 1455
3 1456 1554 1455
3 1456 1455 1406
3 1407 1456 1406
3 1407 1406 1504
3 1505 1407 1504
3 1505 1504 1602
3 1603 1505 1602
3 1603 1602 1700
3 1701 1603 1700
3 1701 1700 3088
3 3089 1701 3088
3 3089 3088 3140
3 3141 3089 3140
3 3141 3140 3188
3 3189 3141 3188
3 3189 3188 3236
3 3237 3189 3236
3 3237 3236 3284
3 3285 3237 3284
3 3285 3284 3332
3 3333 3285 3332
3 3333 3332 3388
3 3389 3333 3388
3 3442 3389 3388
3 3442 3388 3441
3 3500 3442 3441
3 3500 3441 3499
3 3559 3500 3499
3 3559 3499 3558
3 3614 3559 3558
3 3614 3558 3613
3 3666 3614 3613
3 3666 3613 3665
3 3724 3666 3665
3 3724 3665 3723
3 3774 3724 3723
3 3774 3723 3773
3 3836 3774 3773
3 3836 3773 3835
3 3888 3836 3835
3 3888 3835 3887
3 3938 3888 3887
3 3938 3887 3937
3 3988 3938 3937
3 3988 3937 3987
3 4041 3988 3987
3 4041 3987 4040
3 11165 11111 11053
3 11223 11165 11053
3 11279 11223 11053
3 11351 11279 11053
3 11411 11351 11053
3 11471 11411 11053
3 11531 11471 11053
3 11601 11531 11053
3 11651 11601 11053
3 11701 11651 11053
3 11801 11701 11053
3 11904 11801 11053
3 12007 11904 11053
3 12107 12007 11053
3 12207 12107 11053
3 12157 12207 11053
3 12057 12157 11053
3 11957 12057 11053
3 11854 11957 11053
3 10422 10472 10521
3 10374 10422 10521
3 10323 10374 10521
3 10273 10323 10521
3 10208 10273 10521
3 10146 10208 10521
3 10067 10146 10521
3 9987 10067 10521
3 9910 9987 10521
3 9847 9910 10521
3 9778 9847 10521
3 9714 9778 10521
3 9645 9714 10521
3 9586 9645 10521
3 9526 9586 10521
3 9468 9526 10521
3 9400 9468 10521
3 9316 9400 10521
3 2420 2486 2537
3 2345 2420 2537
3 2260 2345 2537
3 2147 2260 2537
3 2090 2147 2537
3 2034 2090 2537
3 1964 2034 2537
3 1915 1964 2537
3 1854 1915 2537
3 1805 1854 2537
3 1750 1805 2537
3 1652 1750 2537
3 1554 1652 2537
3 1456 1554 2537
3 1407 1456 2537
3 1505 1407 2537
3 1603 1505 2537
3 3189 3141 3089
3 3237 3189 3089
3 3285 3237 3089
3 3333 3285 3089
3 3389 3333 3089
3 3442 3389 3089
3 3500 3442 3089
3 3559 3500 3089
3 3614 3559 3089
3 3666 3614 3089
3 3724 3666 3089
3 3774 3724 3089
3 3836 3774 3089
3 3888 3836 3089
3 3938 3888 3089
3 3988 3938 3089
3 4041 3988 3089
3 1603 2537 8644
3 8644 8545 8895
3 1701 1603 8644
3 3089 1701 8644
3 4041 3089 8644
3 4094 4041 8644
3 11053 4094 8644
3 11854 11053 8644
3 11751 11854 8644
3 10521 11751 8644
3 9248 9316 10521
3 8946 9248 10521
3 8644 8895 8946
3 10521 8644 8946
3 6230 6218 6211
3 6223 6230 6211
3 6231 6219 6218
3 6231 6218 6230
3 6224 6231 6230
3 6224 6230 6223
3 6224 6223 6211
3 6212 6224 6211
3 6212 6211 6218
3 6219 6212 6218
3 6231 6219 6212
3 6224 6231 6212
3 6342 6323 6312
3 6328 6342 6312
3 6343 6324 6323
3 6343 6323 6342
3 6329 6343 6342
3 6329 6342 6328
3 6329 6328 6312
3 6313 6329 6312
3 6313 6312 6323
3 6324 6313 6323
3 6343 6324 6313
3 6329 6343 6313
3 6464 6454 6449
3 6459 6464 6449
3 6465 6455 6454
3 6465 6454 6464
3 6460 6465 6464
3 6460 6464 6459
3 6460 6459 6449
3 6450 6460 6449
3 6450 6449 6454
3 6455 6450 6454
3 6465 6455 6450
3 6460 6465 6450
3 6886 6872 6861
3 6881 6886 6861
3 6887 6873 6872
3 6887 6872 6886
3 6882 6887 6886
3 6882 6886 6881
3 6882 6881 6861
3 6862 6882 6861
3 6862 6861 6872
3 6873 6862 6872
3 6887 6873 6862
3 6882 6887 6862
3 6996 6986 6981
3 6991 6996 6981
3 6997 6987 6986
3 6997 6986 6996
3 6992 6997 6996
3 6992 6996 6991
3 6992 6991 6981
3 6982 6992 6981
3 6982 6981 6986
3 6987 6982 6986
3 6997 6987 6982
3 6992 6997 6982
3 7066 7056 7051
3 7061 7066 7051
3 7067 7057 7056
3 7067 7056 7066
3 7062 7067 7066
3 7062 7066 7061
3 7062 7061 7051
3 7052 7062 7051
3 7052 7051 7056
3 7057 7052 7056
3 7067 7057 7052
3 7062 7067 7052
3 7180 7154 7130
3 7168 7180 7130
3 7181 7155 7154
3 7181 7154 7180
3 7169 7181 7180
3 7169 7180 7168
3 7169 7168 7130
3 7131 7169 7130
3 7131 7130 7154
3 7155 7131 7154
3 7181 7155 7131
3 7169 7181 7131
3 7314 7295 7274
3 7300 7314 7274
3 7315 7296 7295
3 7315 7295 7314
3 7301 7315 7314
3 7301 7314 7300
3 7301 7300 7274
3 7275 7301 7274
3 7275 7274 7295
3 7296 7275 7295
3 7315 7296 7275
3 7301 7315 7275
3 7430 7413 7394
3 7418 7430 7394
3 7431 7414 7413
3 7431 7413 7430
3 7419 7431 7430
3 7419 7430 7418
3 7419 7418 7394
3 7395 7419 7394
3 7395 7394 7413
3 7414 7395 7413
3 7431 7414 7395
3 7419 7431 7395
3 7615 7591 7579
3 7603 7615 7579
3 7616 7592 7591
3 7616 7591 7615
3 7604 7616 7615
3 7604 7615 7603
3 7604 7603 7579
3 7580 7604 7579
3 7580 7579 7591
3 7592 7580 7591
3 7616 7592 7580
3 7604 7616 7580
3 8026 8002 7866
3 8014 8026 7866
3 8027 8003 8002
3 8027 8002 8026
3 8015 8027 8026
3 8015 8026 8014
3 8015 8014 7866
3 7867 8015 7866
3 7867 7866 8002
3 8003 7867 8002
3 8027 8003 7867
3 8015 8027 7867
3 8192 8166 8152
3 8178 8192 8152
3 8193 8167 8166
3 8193 8166 8192
3 8179 8193 8192
3 8179 8192 8178
3 8179 8178 8152
3 8153 8179 8152
3 8153 8152 8166
3 8167 8153 8166
3 8193 8167 8153
3 8179 8193 8153
3 8665 8453 8439
3 8651 8665 8439
3 8666 8454 8453
3 8666 8453 8665
3 8652 8666 8665
3 8652 8665 8651
3 8652 8651 8439
3 8440 8652 8439
3 8440 8439 8453
3 8454 8440 8453
3 8666 8454 8440
3 8652 8666 8440
3 9052 9028 9015
3 9039 9052 9015
3 9053 9029 9028
3 9053 9028 9052
3 9040 9053 9052
3 9040 9052 9039
3 9040 9039 9015
3 9016 9040 9015
3 9016 9015 9028
3 9029 9016 9028
3 9053 9029 9016
3 9040 9053 9016
3 9180 9160 9147
3 9165 9180 9147
3 9181 9161 9160
3 9181 9160 9180
3 9166 9181 9180
3 9166 9180 9165
3 9166 9165 9147
3 9148 9166 9147
3 9148 9147 9160
3 9161 9148 9160
3 9181 9161 9148
3 9166 9181 9148
3 4156 4046 4039
3 4099 4156 4039
3 4157 4047 4046
3 4157 4046 4156
3 4100 4157 4156
3 4100 4156 4099
3 4100 4099 4039
3 4041 4100 4039
3 4041 4039 4046
3 4047 4041 4046
3 4157 4047 4041
3 4100 4157 4041
3 4432 4422 4417
3 4427 4432 4417
3 4433 4423 4422
3 4433 4422 4432
3 4428 4433 4432
3 4428 4432 4427
3 4428 4427 4417
3 4418 4428 4417
3 4418 4417 4422
3 4423 4418 4422
3 4433 4423 4418
3 4428 4433 4418
3 4632 4492 4487
3 4627 4632 4487
3 4633 4493 4492
3 4633 4492 4632
3 4628 4633 4632
3 4628 4632 4627
3 4628 4627 4487
3 4488 4628 4487
3 4488 4487 4492
3 4493 4488 4492
3 4633 4493 4488
3 4628 4633 4488
3 5064 5052 5047
3 5059 5064 5047
3 5065 5053 5052
3 5065 5052 5064
3 5060 5065 5064
3 5060 5064 5059
3 5060 5059 5047
3 5048 5060 5047
3 5048 5047 5052
3 5053 5048 5052
3 5065 5053 5048
3 5060 5065 5048
3 5152 5140 5135
3 5145 5152 5135
3 5153 5141 5140
3 5153 5140 5152
3 5146 5153 5152
3 5146 5152 5145
3 5146 5145 5135
3 5136 5146 5135
3 5136 5135 5140
3 5141 5136 5140
3 5153 5141 5136
3 5146 5153 5136
3 5985 5973 5918
3 5980 5985 5918
3 5986 5974 5973
3 5986 5973 5985
3 5981 5986 5985
3 5981 5985 5980
3 5981 5980 5918
3 5919 5981 5918
3 5919 5918 5973
3 5974 5919 5973
3 5986 5974 5919
3 5981 5986 5919
3 6111 6098 6090
3 6103 6111 6090
3 6112 6099 6098
3 6112 6098 6111
3 6104 6112 6111
3 6104 6111 6103
3 6104 6103 6090
3 6091 6104 6090
3 6091 6090 6098
3 6099 6091 6098
3 6112 6099 6091
3 6104 6112 6091
3 6190 6172 6167
3 6177 6190 6167
3 6191 6173 6172
3 6191 6172 6190
3 6178 6191 6190
3 6178 6190 6177
3 6178 6177 6167
3 6168 6178 6167
3 6168 6167 6172
3 6173 6168 6172
3 6191 6173 6168
3 6178 6191 6168
3 6298 6288 6281
3 6293 6298 6281
3 6299 6289 6288
3 6299 6288 6298
3 6294 6299 6298
3 6294 6298 6293
3 6294 6293 6281
3 6282 6294 6281
3 6282 6281 6288
3 6289 6282 6288
3 6299 6289 6282
3 6294 6299 6282
3 6441 6429 6421
3 6436 6441 6421
3 6442 6430 6429
3 6442 6429 6441
3 6437 6442 6441
3 6437 6441 6436
3 6437 6436 6421
3 6422 6437 6421
3 6422 6421 6429
3 6430 6422 6429
3 6442 6430 6422
3 6437 6442 6422
3 6784 6744 6709
3 6753 6784 6709
3 6785 6745 6744
3 6785 6744 6784
3 6754 6785 6784
3 6754 6784 6753
3 6754 6753 6709
3 6710 6754 6709
3 6710 6709 6744
3 6745 6710 6744
3 6785 6745 6710
3 6754 6785 6710
3 6974 6960 6953
3 6967 6974 6953
3 6975 6961 6960
3 6975 6960 6974
3 6968 6975 6974
3 6968 6974 6967
3 6968 6967 6953
3 6954 6968 6953
3 6954 6953 6960
3 6961 6954 6960
3 6975 6961 6954
3 6968 6975 6954
3 7044 7030 7023
3 7035 7044 7023
3 7045 7031 7030
3 7045 7030 7044
3 7036 7045 7044
3 7036 7044 7035
3 7036 7035 7023
3 7024 7036 7023
3 7024 7023 7030
3 7031 7024 7030
3 7045 7031 7024
3 7036 7045 7024
3 7108 7096 7091
3 7101 7108 7091
3 7109 7097 7096
3 7109 7096 7108
3 7102 7109 7108
3 7102 7108 7101
3 7102 7101 7091
3 7092 7102 7091
3 7092 7091 7096
3 7097 7092 7096
3 7109 7097 7092
3 7102 7109 7092
3 7255 7243 7236
3 7248 7255 7236
3 7256 7244 7243
3 7256 7243 7255
3 7249 7256 7255
3 7249 7255 7248
3 7249 7248 7236
3 7237 7249 7236
3 7237 7236 7243
3 7244 7237 7243
3 7256 7244 7237
3 7249 7256 7237
3 7381 7371 7366
3 7376 7381 7366
3 7382 7372 7371
3 7382 7371 7381
3 7377 7382 7381
3 7377 7381 7376
3 7377 7376 7366
3 7367 7377 7366
3 7367 7366 7371
3 7372 7367 7371
3 7382 7372 7367
3 7377 7382 7367
3 7563 7550 7545
3 7555 7563 7545
3 7564 7551 7550
3 7564 7550 7563
3 7556 7564 7563
3 7556 7563 7555
3 7556 7555 7545
3 7546 7556 7545
3 7546 7545 7550
3 7551 7546 7550
3 7564 7551 7546
3 7556 7564 7546
3 10964 10976 10955
3 10950 10964 10955
3 10965 10977 10976
3 10965 10976 10964
3 10965 10964 10950
3 10951 10965 10950
3 10951 10950 10955
3 10956 10951 10955
3 10977 10956 10955
3 10977 10955 10976
3 10965 10977 10956
3 10951 10965 10956
3 10940 10945 10933
3 10928 10940 10933
3 10941 10946 10945
3 10941 10945 10940
3 10941 10940 10928
3 10929 10941 10928
3 10929 10928 10933
3 10934 10929 10933
3 10946 10934 10933
3 10946 10933 10945
3 10941 10946 10934
3 10929 10941 10934
3 10916 10921 10897
3 10892 10916 10897
3 10917 10922 10921
3 10917 10921 10916
3 10917 10916 10892
3 10893 10917 10892
3 10893 10892 10897
3 10898 10893 10897
3 10922 10898 10897
3 10922 10897 10921
3 10917 10922 10898
3 10893 10917 10898
3 10870 10875 10865
3 10860 10870 10865
3 10871 10876 10875
3 10871 10875 10870
3 10871 10870 10860
3 10861 10871 10860
3 10861 10860 10865
3 10866 10861 10865
3 10876 10866 10865
3 10876 10865 10875
3 10871 10876 10866
3 10861 10871 10866
3 10847 10855 10801
3 10793 10847 10801
3 10848 10856 10855
3 10848 10855 10847
3 10848 10847 10793
3 10794 10848 10793
3 10794 10793 10801
3 10802 10794 10801
3 10856 10802 10801
3 10856 10801 10855
3 10848 10856 10802
3 10794 10848 10802
3 10766 10774 10755
3 10750 10766 10755
3 10767 10775 10774
3 10767 10774 10766
3 10767 10766 10750
3 10751 10767 10750
3 10751 10750 10755
3 10756 10751 10755
3 10775 10756 10755
3 10775 10755 10774
3 10767 10775 10756
3 10751 10767 10756
3 10732 10737 10724
3 10716 10732 10724
3 10733 10738 10737
3 10733 10737 10732
3 10733 10732 10716
3 10717 10733 10716
3 10717 10716 10724
3 10725 10717 10724
3 10738 10725 10724
3 10738 10724 10737
3 10733 10738 10725
3 10717 10733 10725
3 10689 10698 10670
3 10665 10689 10670
3 10690 10699 10698
3 10690 10698 10689
3 10690 10689 10665
3 10666 10690 10665
3 10666 10665 10670
3 10671 10666 10670
3 10699 10671 10670
3 10699 10670 10698
3 10690 10699 10671
3 10666 10690 10671
3 10650 10658 10629
3 10622 10650 10629
3 10651 10659 10658
3 10651 10658 10650
3 10651 10650 10622
3 10623 10651 10622
3 10623 10622 10629
3 10630 10623 10629
3 10659 10630 10629
3 10659 10629 10658
3 10651 10659 10630
3 10623 10651 10630
3 10589 10601 10571
3 10566 10589 10571
3 10590 10602 10601
3 10590 10601 10589
3 10590 10589 10566
3 10567 10590 10566
3 10567 10566 10571
3 10572 10567 10571
3 10602 10572 10571
3 10602 10571 10601
3 10590 10602 10572
3 10567 10590 10572
3 10548 10553 10538
3 10531 10548 10538
3 10549 10554 10553
3 10549 10553 10548
3 10549 10548 10531
3 10532 10549 10531
3 10532 10531 10538
3 10539 10532 10538
3 10554 10539 10538
3 10554 10538 10553
3 10549 10554 10539
3 10532 10549 10539
3 3093 3037 3033
3 3041 3093 3033
3 3094 3038 3037
3 3094 3037 3093
3 3042 3094 3093
3 3042 3093 3041
3 3042 3041 3033
3 3034 3042 3033
3 3034 3033 3037
3 3038 3034 3037
3 3094 3038 3034
3 3042 3094 3034
3 3029 3015 3011
3 3025 3029 3011
3 3030 3016 3015
3 3030 3015 3029
3 3026 3030 3029
3 3026 3029 3025
3 3026 3025 3011
3 3012 3026 3011
3 3012 3011 3015
3 3016 3012 3015
3 3030 3016 3012
3 3026 3030 3012
3 3000 2980 2976
3 2996 3000 2976
3 3001 2981 2980
3 3001 2980 3000
3 2997 3001 3000
3 2997 3000 2996
3 2997 2996 2976
3 2977 2997 2976
3 2977 2976 2980
3 2981 2977 2980
3 3001 2981 2977
3 2997 3001 2977
3 2972 2952 2948
3 2965 2972 2948
3 2973 2953 2952
3 2973 2952 2972
3 2966 2973 2972
3 2966 2972 2965
3 2966 2965 2948
3 2949 2966 2948
3 2949 2948 2952
3 2953 2949 2952
3 2973 2953 2949
3 2966 2973 2949
3 2941 2930 2926
3 2937 2941 2926
3 2942 2931 2930
3 2942 2930 2941
3 2938 2942 2941
3 2938 2941 2937
3 2938 2937 2926
3 2927 2938 2926
3 2927 2926 2930
3 2931 2927 2930
3 2942 2931 2927
3 2938 2942 2927
3 2919 2893 2889
3 2912 2919 2889
3 2920 2894 2893
3 2920 2893 2919
3 2913 2920 2919
3 2913 2919 2912
3 2913 2912 2889
3 2890 2913 2889
3 2890 2889 2893
3 2894 2890 2893
3 2920 2894 2890
3 2913 2920 2890
3 2882 2871 2867
3 2878 2882 2867
3 2883 2872 2871
3 2883 2871 2882
3 2879 2883 2882
3 2879 2882 2878
3 2879 2878 2867
3 2868 2879 2867
3 2868 2867 2871
3 2872 2868 2871
3 2883 2872 2868
3 2879 2883 2868
3 2842 2822 2815
3 2838 2842 2815
3 2843 2823 2822
3 2843 2822 2842
3 2839 2843 2842
3 2839 2842 2838
3 2839 2838 2815
3 2816 2839 2815
3 2816 2815 2822
3 2823 2816 2822
3 2843 2823 2816
3 2839 2843 2816
3 2799 2788 2781
3 2795 2799 2781
3 2800 2789 2788
3 2800 2788 2799
3 2796 2800 2799
3 2796 2799 2795
3 2796 2795 2781
3 2782 2796 2781
3 2782 2781 2788
3 2789 2782 2788
3 2800 2789 2782
3 2796 2800 2782
3 2772 2758 2751
3 2768 2772 2751
3 2773 2759 2758
3 2773 2758 2772
3 2769 2773 2772
3 2769 2772 2768
3 2769 2768 2751
3 2752 2769 2751
3 2752 2751 2758
3 2759 2752 2758
3 2773 2759 2752
3 2769 2773 2752
3 6134 6124 6119
3 6129 6134 6119
3 6135 6125 6124
3 6135 6124 6134
3 6130 6135 6134
3 6130 6134 6129
3 6130 6129 6119
3 6120 6130 6119
3 6120 6119 6124
3 6125 6120 6124
3 6135 6125 6120
3 6130 6135 6120
3 9474 9408 6113
3 9532 9474 6113
3 9591 9532 6113
3 9647 9591 6113
3 9662 9647 6113
3 9723 9662 6113
3 9785 9723 6113
3 9796 9785 6113
3 9856 9796 6113
3 9862 9856 6113
3 9920 9862 6113
3 9926 9920 6113
3 9939 9926 6113
3 9993 9939 6113
3 9995 9993 6113
3 9989 9995 6113
3 9010 9023 9034
3 9008 9010 9034
3 9006 9008 9034
3 9004 9006 9034
3 8999 9004 9034
3 8991 8999 9034
3 8980 8991 9034
3 8974 8980 9034
3 8964 8974 9034
3 8958 8964 9034
3 8950 8958 9034
3 8948 8950 9034
3 8762 8948 9034
3 5066 5068 5070
3 5054 5066 5070
3 5042 5054 5070
3 5040 5042 5070
3 5038 5040 5070
3 5032 5038 5070
3 5026 5032 5070
3 5020 5026 5070
3 5018 5020 5070
3 5016 5018 5070
3 5012 5016 5070
3 5008 5012 5070
3 5004 5008 5070
3 5000 5004 5070
3 5002 5000 5070
3 5006 5002 5070
3 5010 5006 5070
3 6007 6004 5993
3 6019 6007 5993
3 6038 6019 5993
3 6045 6038 5993
3 6052 6045 5993
3 6055 6052 5993
3 6058 6055 5993
3 6061 6058 5993
3 6064 6061 5993
3 6067 6064 5993
3 6070 6067 5993
3 6075 6070 5993
3 6082 6075 5993
3 6092 6082 5993
3 6105 6092 5993
3 5993 5975 5679
3 6105 5993 5679
3 6113 6105 5679
3 9989 6113 5679
3 9933 9989 5679
3 9034 9933 5679
3 8762 9034 5679
3 8678 8762 5679
3 5070 8678 5679
3 5010 5070 5679
3 5014 5010 5679
3 5147 5014 5679
3 9475 9409 9408
3 9475 9408 9474
3 9533 9475 9474
3 9533 9474 9532
3 9592 9533 9532
3 9592 9532 9591
3 9648 9592 9591
3 9648 9591 9647
3 9663 9648 9647
3 9663 9647 9662
3 9724 9663 9662
3 9724 9662 9723
3 9786 9724 9723
3 9786 9723 9785
3 9797 9786 9785
3 9797 9785 9796
3 9857 9797 9796
3 9857 9796 9856
3 9863 9857 9856
3 9863 9856 9862
3 9921 9863 9862
3 9921 9862 9920
3 9927 9921 9920
3 9927 9920 9926
3 9940 9927 9926
3 9940 9926 9939
3 9994 9940 9939
3 9994 9939 9993
3 9996 9994 9993
3 9996 9993 9995
3 9990 9996 9995
3 9990 9995 9989
3 9934 9990 9989
3 9934 9989 9933
3 9035 9934 9933
3 9035 9933 9034
3 9024 9035 9034
3 9024 9034 9023
3 9011 9024 9023
3 9011 9023 9010
3 9009 9011 9010
3 9009 9010 9008
3 9007 9009 9008
3 9007 9008 9006
3 9007 9006 9004
3 9005 9007 9004
3 9005 9004 8999
3 9000 9005 8999
3 9000 8999 8991
3 8992 9000 8991
3 8992 8991 8980
3 8981 8992 8980
3 8981 8980 8974
3 8975 8981 8974
3 8975 8974 8964
3 8965 8975 8964
3 8965 8964 8958
3 8959 8965 8958
3 8959 8958 8950
3 8951 8959 8950
3 8951 8950 8948
3 8949 8951 8948
3 8949 8948 8762
3 8763 8949 8762
3 8763 8762 8678
3 8679 8763 8678
3 8679 8678 5070
3 5071 8679 5070
3 5071 5070 5068
3 5069 5071 5068
3 5069 5068 5066
3 5067 5069 5066
3 5067 5066 5054
3 5055 5067 5054
3 5055 5054 5042
3 5043 5055 5042
3 5043 5042 5040
3 5041 5043 5040
3 5041 5040 5038
3 5039 5041 5038
3 5039 5038 5032
3 5033 5039 5032
3 5033 5032 5026
3 5027 5033 5026
3 5027 5026 5020
3 5021 5027 5020
3 5021 5020 5018
3 5019 5021 5018
3 5019 5018 5016
3 5017 5019 5016
3 5017 5016 5012
3 5013 5017 5012
3 5013 5012 5008
3 5009 5013 5008
3 5009 5008 5004
3 5005 5009 5004
3 5005 5004 5000
3 5001 5005 5000
3 5001 5000 5002
3 5003 5001 5002
3 5003 5002 5006
3 5007 5003 5006
3 5007 5006 5010
3 5011 5007 5010
3 5011 5010 5014
3 5015 5011 5014
3 5015 5014 5147
3 5148 5015 5147
3 5680 5148 5147
3 5680 5147 5679
3 5680 5679 5975
3 5976 5680 5975
3 5994 5976 5975
3 5994 5975 5993
3 5994 5993 6004
3 6005 5994 6004
3 6005 6004 6007
3 6008 6005 6007
3 6008 6007 6019
3 6020 6008 6019
3 6020 6019 6038
3 6039 6020 6038
3 6039 6038 6045
3 6046 6039 6045
3 6046 6045 6052
3 6053 6046 6052
3 6056 6053 6052
3 6056 6052 6055
3 6059 6056 6055
3 6059 6055 6058
3 6062 6059 6058
3 6062 6058 6061
3 6065 6062 6061
3 6065 6061 6064
3 6068 6065 6064
3 6068 6064 6067
3 6071 6068 6067
3 6071 6067 6070
3 6076 6071 6070
3 6076 6070 6075
3 6083 6076 6075
3 6083 6075 6082
3 6093 6083 6082
3 6093 6082 6092
3 6106 6093 6092
3 6106 6092 6105
3 6114 6106 6105
3 6114 6105 6113
3 9409 6114 6113
3 9409 6113 9408
3 9475 9409 6114
3 9533 9475 6114
3 9592 9533 6114
3 9648 9592 6114
3 9663 9648 6114
3 9724 9663 6114
3 9786 9724 6114
3 9797 9786 6114
3 9857 9797 6114
3 9863 9857 6114
3 9921 9863 6114
3 9927 9921 6114
3 9940 9927 6114
3 9994 9940 6114
3 9996 9994 6114
3 9990 9996 6114
3 9011 9024 9035
3 9009 9011 9035
3 9007 9009 9035
3 9005 9007 9035
3 9000 9005 9035
3 8992 9000 9035
3 8981 8992 9035
3 8975 8981 9035
3 8965 8975 9035
3 8959 8965 9035
3 8951 8959 9035
3 8949 8951 9035
3 8763 8949 9035
3 5067 5069 5071
3 5055 5067 5071
3 5043 5055 5071
3 5041 5043 5071
3 5039 5041 5071
3 5033 5039 5071
3 5027 5033 5071
3 5021 5027 5071
3 5019 5021 5071
3 5017 5019 5071
3 5013 5017 5071
3 5009 5013 5071
3 5005 5009 5071
3 5001 5005 5071
3 5003 5001 5071
3 5007 5003 5071
3 5011 5007 5071
3 6008 6005 5994
3 6020 6008 5994
3 6039 6020 5994
3 6046 6039 5994
3 6053 6046 5994
3 6056 6053 5994
3 6059 6056 5994
3 6062 6059 5994
3 6065 6062 5994
3 6068 6065 5994
3 6071 6068 5994
3 6076 6071 5994
3 6083 6076 5994
3 6093 6083 5994
3 6106 6093 5994
3 5994 5976 5680
3 6106 5994 5680
3 6114 6106 5680
3 9990 6114 5680
3 9934 9990 5680
3 9035 9934 5680
3 8763 9035 5680
3 8679 8763 5680
3 5071 8679 5680
3 5011 5071 5680
3 5015 5011 5680
3 5148 5015 5680
3 11165 11111 11053
3 11223 11165 11053
3 11279 11223 11053
3 11351 11279 11053
3 11411 11351 11053
3 11471 11411 11053
3 11531 11471 11053
3 11601 11531 11053
3 11651 11601 11053
3 11701 11651 11053
3 11801 11701 11053
3 11904 11801 11053
3 12007 11904 11053
3 12107 12007 11053
3 12207 12107 11053
3 12157 12207 11053
3 12057 12157 11053
3 11957 12057 11053
3 11854 11957 11053
3 10422 10472 10521
3 10374 10422 10521
3 10323 10374 10521
3 10273 10323 10521
3 10208 10273 10521
3 10146 10208 10521
3 10067 10146 10521
3 9987 10067 10521
3 9910 9987 10521
3 9847 9910 10521
3 9778 9847 10521
3 9714 9778 10521
3 9645 9714 10521
3 9586 9645 10521
3 9526 9586 10521
3 9468 9526 10521
3 9400 9468 10521
3 9316 9400 10521
3 2420 2486 2537
3 2345 2420 2537
3 2260 2345 2537
3 2147 2260 2537
3 2090 2147 2537
3 2034 2090 2537
3 1964 2034 2537
3 1915 1964 2537
3 1854 1915 2537
3 1805 1854 2537
3 1750 1805 2537
3 1652 1750 2537
3 1554 1652 2537
3 1456 1554 2537
3 1407 1456 2537
3 1505 1407 2537
3 1603 1505 2537
3 3189 3141 3089
3 3237 3189 3089
3 3285 3237 3089
3 3333 3285 3089
3 3389 3333 3089
3 3442 3389 3089
3 3500 3442 3089
3 3559 3500 3089
3 3614 3559 3089
3 3666 3614 3089
3 3724 3666 3089
3 3774 3724 3089
3 3836 3774 3089
3 3888 3836 3089
3 3938 3888 3089
3 3988 3938 3089
3 4041 3988 3089
3 1603 2537 8644
3 8644 8545 8895
3 1701 1603 8644
3 3089 1701 8644
3 4041 3089 8644
3 4094 4041 8644
3 11053 4094 8644
3 11854 11053 8644
3 11751 11854 8644
3 10521 11751 8644
3 9248 9316 10521
3 8946 9248 10521
3 8644 8895 8946
3 10521 8644 8946
3 3940 3990 3992
3 3940 3992 11001
3 11003 11055 11113
3 11003 11113 11115
3 11003 11115 11173
3 11003 11173 11225
3 11003 11225 11290
3 11003 11290 11301
3 11003 11301 11359
3 11003 11359 11416
3 11003 11416 11421
3 11003 11421 11473
3 11003 11473 11479
3 11003 11479 11533
3 11003 11533 11537
3 11003 11537 11541
3 11003 11541 11548
3 11003 11548 11546
3 11003 11546 11539
3 11003 11539 11535
3 11003 11535 11481
3 10217 10210 10156
3 10217 10156 10148
3 10217 10148 10096
3 10217 10096 10077
3 10217 10077 10009
3 10217 10009 9937
3 10217 9937 9916
3 10217 9916 9858
3 10217 9858 9792
3 10217 9792 9730
3 10217 9730 9716
3 10217 9716 9660
3 10217 9660 9597
3 10217 9597 9538
3 10217 9538 9528
3 10217 9528 9472
3 10217 9472 9412
3 10217 9412 9342
3 2557 2488 2426
3 2557 2426 2359
3 2557 2359 2288
3 2557 2288 2270
3 2557 2270 2189
3 2557 2189 2094
3 2557 2094 2092
3 2557 2092 2041
3 2557 2041 2039
3 2557 2039 1985
3 2557 1985 1976
3 2557 1976 1972
3 2557 1972 1968
3 2557 1968 1966
3 2557 1966 1970
3 2557 1970 1974
3 1983 1981 3335
3 3337 3339 3341
3 3337 3341 3394
3 3337 3394 3444
3 3337 3444 3452
3 3337 3452 3505
3 3337 3505 3509
3 3337 3509 3566
3 3337 3566 3618
3 3337 3618 3674
3 3337 3674 3676
3 3337 3676 3726
3 3337 3726 3788
3 3337 3788 3838
3 3337 3838 3840
3 3337 3840 3890
3 3337 3890 3940
3 3337 3940 11001
3 3335 3337 11001
3 11001 11003 11481
3 11001 11481 11477
3 11001 11477 11475
3 11001 11475 10219
3 10219 10217 9342
3 10219 9342 9264
3 10219 9264 9256
3 10219 9256 8674
3 8674 8676 2557
3 8674 2557 1974
3 8674 1974 1983
3 8674 1983 3335
3 8674 3335 11001
3 8674 11001 10219
3 4095 4042 4041
3 4095 4041 4094
3 11054 4095 4094
3 11054 4094 11053
3 11112 11054 11053
3 11112 11053 11111
3 11166 11112 11111
3 11166 11111 11165
3 11224 11166 11165
3 11224 11165 11223
3 11280 11224 11223
3 11280 11223 11279
3 11352 11280 11279
3 11352 11279 11351
3 11412 11352 11351
3 11412 11351 11411
3 11472 11412 11411
3 11472 11411 11471
3 11532 11472 11471
3 11532 11471 11531
3 11602 11532 11531
3 11602 11531 11601
3 11652 11602 11601
3 11652 11601 11651
3 11702 11652 11651
3 11702 11651 11701
3 11802 11702 11701
3 11802 11701 11801
3 11905 11802 11801
3 11905 11801 11904
3 12008 11905 11904
3 12008 11904 12007
3 12108 12008 12007
3 12108 12007 12107
3 12208 12108 12107
3 12208 12107 12207
3 12158 12208 12207
3 12158 12207 12157
3 12058 12158 12157
3 12058 12157 12057
3 11958 12058 12057
3 11958 12057 11957
3 11855 11958 11957
3 11855 11957 11854
3 11752 11855 11854
3 11752 11854 11751
3 10522 11752 11751
3 10522 11751 10521
3 10473 10522 10521
3 10473 10521 10472
3 10423 10473 10472
3 10423 10472 10422
3 10375 10423 10422
3 10375 10422 10374
3 10324 10375 10374
3 10324 10374 10323
3 10274 10324 10323
3 10274 10323 10273
3 10209 10274 10273
3 10209 10273 10208
3 10147 10209 10208
3 10147 10208 10146
3 10147 10146 10067
3 10068 10147 10067
3 10068 10067 9987
3 9988 10068 9987
3 9988 9987 9910
3 9911 9988 9910
3 9911 9910 9847
3 9848 9911 9847
3 9848 9847 9778
3 9779 9848 9778
3 9779 9778 9714
3 9715 9779 9714
3 9715 9714 9645
3 9646 9715 9645
3 9646 9645 9586
3 9587 9646 9586
3 9587 9586 9526
3 9527 9587 9526
3 9527 9526 9468
3 9469 9527 9468
3 9469 9468 9400
3 9401 9469 9400
3 9401 9400 9316
3 9317 9401 9316
3 9317 9316 9248
3 9249 9317 9248
3 9249 9248 8946
3 8947 9249 8946
3 8896 8947 8946
3 8896 8946 8895
3 8896 8895 8545
3 8546 8896 8545
3 8546 8545 8644
3 8645 8546 8644
3 8645 8644 2537
3 2538 8645 2537
3 2487 2538 2537
3 2487 2537 2486
3 2487 2486 2420
3 2421 2487 2420
3 2421 2420 2345
3 2346 2421 2345
3 2346 2345 2260
3 2261 2346 2260
3 2261 2260 2147
3 2148 2261 2147
3 2148 2147 2090
3 2091 2148 2090
3 2091 2090 2034
3 2035 2091 2034
3 2035 2034 1964
3 1965 2035 1964
3 1965 1964 1915
3 1916 1965 1915
3 1916 1915 1854
3 1855 1916 1854
3 1855 1854 1805
3 1806 1855 1805
3 1806 1805 1750
3 1751 1806 1750
3 1751 1750 1652
3 1653 1751 1652
3 1653 1652 1554
3 1555 1653 1554
3 1555 1554 1456
3 1457 1555 1456
3 1457 1456 1407
3 1408 1457 1407
3 1408 1407 1505
3 1506 1408 1505
3 1506 1505 1603
3 1604 1506 1603
3 1604 1603 1701
3 1702 1604 1701
3 1702 1701 3089
3 3090 1702 3089
3 3090 3089 3141
3 3142 3090 3141
3 3142 3141 3189
3 3190 3142 3189
3 3190 3189 3237
3 3238 3190 3237
3 3238 3237 3285
3 3286 3238 3285
3 3286 3285 3333
3 3334 3286 3333
3 3334 3333 3389
3 3390 3334 3389
3 3443 3390 3389
3 3443 3389 3442
3 3501 3443 3442
3 3501 3442 3500
3 3560 3501 3500
3 3560 3500 3559
3 3615 3560 3559
3 3615 3559 3614
3 3667 3615 3614
3 3667 3614 3666
3 3725 3667 3666
3 3725 3666 3724
3 3775 3725 3724
3 3775 3724 3774
3 3837 3775 3774
3 3837 3774 3836
3 3889 3837 3836
3 3889 3836 3888
3 3939 3889 3888
3 3939 3888 3938
3 3989 3939 3938
3 3989 3938 3988
3 4042 3989 3988
3 4042 3988 4041
3 3991 3990 3940
3 3941 3991 3940
3 3941 3940 3890
3 3891 3941 3890
3 3891 3890 3840
3 3841 3891 3840
3 3841 3840 3838
3 3839 3841 3838
3 3839 3838 3788
3 3789 3839 3788
3 3789 3788 3726
3 3727 3789 3726
3 3727 3726 3676
3 3677 3727 3676
3 3677 3676 3674
3 3675 3677 3674
3 3675 3674 3618
3 3619 3675 3618
3 3619 3618 3566
3 3567 3619 3566
3 3567 3566 3509
3 3510 3567 3509
3 3510 3509 3505
3 3506 3510 3505
3 3453 3506 3505
3 3453 3505 3452
3 3445 3453 3452
3 3445 3452 3444
3 3395 3445 3444
3 3395 3444 3394
3 3342 3395 3394
3 3342 3394 3341
3 3340 3342 3341
3 3340 3341 3339
3 3338 3340 3339
3 3338 3339 3337
3 3336 3338 3337
3 3336 3337 3335
3 1982 3336 3335
3 1982 3335 1981
3 1984 1982 1981
3 1984 1981 1983
3 1975 1984 1983
3 1975 1983 1974
3 1971 1975 1974
3 1971 1974 1970
3 1967 1971 1970
3 1967 1970 1966
3 1969 1967 1966
3 1969 1966 1968
3 1973 1969 1968
3 1973 1968 1972
3 1977 1973 1972
3 1977 1972 1976
3 1986 1977 1976
3 1986 1976 1985
3 2040 1986 1985
3 2040 1985 2039
3 2042 2040 2039
3 2042 2039 2041
3 2093 2042 2041
3 2093 2041 2092
3 2095 2093 2092
3 2095 2092 2094
3 2190 2095 2094
3 2190 2094 2189
3 2271 2190 2189
3 2271 2189 2270
3 2289 2271 2270
3 2289 2270 2288
3 2360 2289 2288
3 2360 2288 2359
3 2427 2360 2359
3 2427 2359 2426
3 2489 2427 2426
3 2489 2426 2488
3 2558 2489 2488
3 2558 2488 2557
3 8677 2558 2557
3 8677 2557 8676
3 8677 8676 8674
3 8675 8677 8674
3 9257 8675 8674
3 9257 8674 9256
3 9265 9257 9256
3 9265 9256 9264
3 9343 9265 9264
3 9343 9264 9342
3 9413 9343 9342
3 9413 9342 9412
3 9473 9413 9412
3 9473 9412 9472
3 9529 9473 9472
3 9529 9472 9528
3 9539 9529 9528
3 9539 9528 9538
3 9598 9539 9538
3 9598 9538 9597
3 9661 9598 9597
3 9661 9597 9660
3 9717 9661 9660
3 9717 9660 9716
3 9731 9717 9716
3 9731 9716 9730
3 9793 9731 9730
3 9793 9730 9792
3 9859 9793 9792
3 9859 9792 9858
3 9917 9859 9858
3 9917 9858 9916
3 9938 9917 9916
3 9938 9916 9937
3 9938 9937 10009
3 10010 9938 10009
3 10010 10009 10077
3 10078 10010 10077
3 10078 10077 10096
3 10097 10078 10096
3 10097 10096 10148
3 10149 10097 10148
3 10149 10148 10156
3 10157 10149 10156
3 10157 10156 10210
3 10211 10157 10210
3 10211 10210 10217
3 10218 10211 10217
3 10218 10217 10219
3 10220 10218 10219
3 10220 10219 11475
3 11476 10220 11475
3 11476 11475 11477
3 11478 11476 11477
3 11478 11477 11481
3 11482 11478 11481
3 11482 11481 11535
3 11536 11482 11535
3 11536 11535 11539
3 11540 11536 11539
3 11540 11539 11546
3 11547 11540 11546
3 11547 11546 11548
3 11549 11547 11548
3 11549 11548 11541
3 11542 11549 11541
3 11542 11541 11537
3 11538 11542 11537
3 11538 11537 11533
3 11534 11538 11533
3 11534 11533 11479
3 11480 11534 11479
3 11480 11479 11473
3 11474 11480 11473
3 11474 11473 11421
3 11422 11474 11421
3 11422 11421 11416
3 11417 11422 11416
3 11417 11416 11359
3 11360 11417 11359
3 11360 11359 11301
3 11302 11360 11301
3 11302 11301 11290
3 11291 11302 11290
3 11291 11290 11225
3 11226 11291 11225
3 11226 11225 11173
3 11174 11226 11173
3 11174 11173 11115
3 11116 11174 11115
3 11116 11115 11113
3 11114 11116 11113
3 11114 11113 11055
3 11056 11114 11055
3 11056 11055 11003
3 11004 11056 11003
3 11004 11003 11001
3 11002 11004 11001
3 11002 11001 3992
3 3993 11002 3992
3 3993 3992 3990
3 3991 3993 3990
3 11166 11112 11054
3 11224 11166 11054
3 11280 11224 11054
3 11352 11280 11054
3 11412 11352 11054
3 11472 11412 11054
3 11532 11472 11054
3 11602 11532 11054
3 11652 11602 11054
3 11702 11652 11054
3 11802 11702 11054
3 11905 11802 11054
3 12008 11905 11054
3 12108 12008 11054
3 12208 12108 11054
3 12158 12208 11054
3 12058 12158 11054
3 11958 12058 11054
3 11855 11958 11054
3 10423 10473 10522
3 10375 10423 10522
3 10324 10375 10522
3 10274 10324 10522
3 10209 10274 10522
3 10147 10209 10522
3 10068 10147 10522
3 9988 10068 10522
3 9911 9988 10522
3 9848 9911 10522
3 9779 9848 10522
3 9715 9779 10522
3 9646 9715 10522
3 9587 9646 10522
3 9527 9587 10522
3 9469 9527 10522
3 9401 9469 10522
3 9317 9401 10522
3 2421 2487 2538
3 2346 2421 2538
3 2261 2346 2538
3 2148 2261 2538
3 2091 2148 2538
3 2035 2091 2538
3 1965 2035 2538
3 1916 1965 2538
3 1855 1916 2538
3 1806 1855 2538
3 1751 1806 2538
3 1653 1751 2538
3 1555 1653 2538
3 1457 1555 2538
3 1408 1457 2538
3 1506 1408 2538
3 1604 1506 2538
3 3190 3142 3090
3 3238 3190 3090
3 3286 3238 3090
3 3334 3286 3090
3 3390 3334 3090
3 3443 3390 3090
3 3501 3443 3090
3 3560 3501 3090
3 3615 3560 3090
3 3667 3615 3090
3 3725 3667 3090
3 3775 3725 3090
3 3837 3775 3090
3 3889 3837 3090
3 3939 3889 3090
3 3989 3939 3090
3 4042 3989 3090
3 1604 2538 8645
3 8645 8546 8896
3 1702 1604 8645
3 3090 1702 8645
3 4042 3090 8645
3 4095 4042 8645
3 11054 4095 8645
3 11855 11054 8645
3 11752 11855 8645
3 10522 11752 8645
3 9249 9317 10522
3 8947 9249 10522
3 8645 8896 8947
3 10522 8645 8947
3 3941 3991 3993
3 3941 3993 11002
3 11004 11056 11114
3 11004 11114 11116
3 11004 11116 11174
3 11004 11174 11226
3 11004 11226 11291
3 11004 11291 11302
3 11004 11302 11360
3 11004 11360 11417
3 11004 11417 11422
3 11004 11422 11474
3 11004 11474 11480
3 11004 11480 11534
3 11004 11534 11538
3 11004 11538 11542
3 11004 11542 11549
3 11004 11549 11547
3 11004 11547 11540
3 11004 11540 11536
3 11004 11536 11482
3 10218 10211 10157
3 10218 10157 10149
3 10218 10149 10097
3 10218 10097 10078
3 10218 10078 10010
3 10218 10010 9938
3 10218 9938 9917
3 10218 9917 9859
3 10218 9859 9793
3 10218 9793 9731
3 10218 9731 9717
3 10218 9717 9661
3 10218 9661 9598
3 10218 9598 9539
3 10218 9539 9529
3 10218 9529 9473
3 10218 9473 9413
3 10218 9413 9343
3 2558 2489 2427
3 2558 2427 2360
3 2558 2360 2289
3 2558 2289 2271
3 2558 2271 2190
3 2558 2190 2095
3 2558 2095 2093
3 2558 2093 2042
3 2558 2042 2040
3 2558 2040 1986
3 2558 1986 1977
3 2558 1977 1973
3 2558 1973 1969
3 2558 1969 1967
3 2558 1967 1971
3 2558 1971 1975
3 1984 1982 3336
3 3338 3340 3342
3 3338 3342 3395
3 3338 3395 3445
3 3338 3445 3453
3 3338 3453 3506
3 3338 3506 3510
3 3338 3510 3567
3 3338 3567 3619
3 3338 3619 3675
3 3338 3675 3677
3 3338 3677 3727
3 3338 3727 3789
3 3338 3789 3839
3 3338 3839 3841
3 3338 3841 3891
3 3338 3891 3941
3 3338 3941 11002
3 3336 3338 11002
3 11002 11004 11482
3 11002 11482 11478
3 11002 11478 11476
3 11002 11476 10220
3 10220 10218 9343
3 10220 9343 9265
3 10220 9265 9257
3 10220 9257 8675
3 8675 8677 2558
3 8675 2558 1975
3 8675 1975 1984
3 8675 1984 3336
3 8675 3336 11002
3 8675 11002 10220
3 7473 7465 7442
3 7482 7473 7442
3 7495 7482 7442
3 7504 7495 7442
3 7509 7504 7442
3 7511 7509 7442
3 7516 7511 7442
3 7518 7516 7442
3 7523 7518 7442
3 7525 7523 7442
3 7529 7525 7442
3 7533 7529 7442
3 7537 7533 7442
3 7535 7537 7442
3 7531 7535 7442
3 7357 7359 7361
3 7351 7357 7361
3 7345 7351 7361
3 7339 7345 7361
3 7333 7339 7361
3 7331 7333 7361
3 7329 7331 7361
3 7327 7329 7361
3 7323 7327 7361
3 7309 7323 7361
3 7283 7309 7361
3 7269 7283 7361
3 7261 7269 7361
3 7250 7261 7361
3 7238 7250 7361
3 6246 6258 6270
3 6234 6246 6270
3 6232 6234 6270
3 6225 6232 6270
3 6213 6225 6270
3 6206 6213 6270
3 6204 6206 6270
3 6202 6204 6270
3 6200 6202 6270
3 6198 6200 6270
3 6194 6198 6270
3 6185 6194 6270
3 6181 6185 6270
3 6179 6181 6270
3 6183 6179 6270
3 6192 6183 6270
3 6317 6314 6300
3 6336 6317 6300
3 6344 6336 6300
3 6347 6344 6300
3 6350 6347 6300
3 6361 6350 6300
3 6368 6361 6300
3 6375 6368 6300
3 6378 6375 6300
3 6381 6378 6300
3 6384 6381 6300
3 6389 6384 6300
3 6406 6389 6300
3 6411 6406 6300
3 6423 6411 6300
3 6300 6196 6192
3 6423 6300 6192
3 6443 6423 6192
3 7442 6443 6192
3 7531 7442 6192
3 7527 7531 6192
3 7361 7527 6192
3 7238 7361 6192
3 7231 7238 6192
3 6270 7231 6192
3 7443 6445 6443
3 7443 6443 7442
3 7466 7443 7442
3 7466 7442 7465
3 7474 7466 7465
3 7474 7465 7473
3 7483 7474 7473
3 7483 7473 7482
3 7496 7483 7482
3 7496 7482 7495
3 7505 7496 7495
3 7505 7495 7504
3 7510 7505 7504
3 7510 7504 7509
3 7512 7510 7509
3 7512 7509 7511
3 7517 7512 7511
3 7517 7511 7516
3 7519 7517 7516
3 7519 7516 7518
3 7524 7519 7518
3 7524 7518 7523
3 7526 7524 7523
3 7526 7523 7525
3 7530 7526 7525
3 7530 7525 7529
3 7534 7530 7529
3 7534 7529 7533
3 7538 7534 7533
3 7538 7533 7537
3 7536 7538 7537
3 7536 7537 7535
3 7532 7536 7535
3 7532 7535 7531
3 7528 7532 7531
3 7528 7531 7527
3 7362 7528 7527
3 7362 7527 7361
3 7360 7362 7361
3 7360 7361 7359
3 7358 7360 7359
3 7358 7359 7357
3 7352 7358 7357
3 7352 7357 7351
3 7346 7352 7351
3 7346 7351 7345
3 7340 7346 7345
3 7340 7345 7339
3 7340 7339 7333
3 7334 7340 7333
3 7334 7333 7331
3 7332 7334 7331
3 7332 7331 7329
3 7330 7332 7329
3 7330 7329 7327
3 7328 7330 7327
3 7328 7327 7323
3 7324 7328 7323
3 7324 7323 7309
3 7310 7324 7309
3 7310 7309 7283
3 7284 7310 7283
3 7284 7283 7269
3 7270 7284 7269
3 7270 7269 7261
3 7262 7270 7261
3 7262 7261 7250
3 7251 7262 7250
3 7251 7250 7238
3 7239 7251 7238
3 7239 7238 7231
3 7232 7239 7231
3 7232 7231 6270
3 6271 7232 6270
3 6271 6270 6258
3 6259 6271 6258
3 6259 6258 6246
3 6247 6259 6246
3 6247 6246 6234
3 6235 6247 6234
3 6235 6234 6232
3 6233 6235 6232
3 6233 6232 6225
3 6226 6233 6225
3 6226 6225 6213
3 6214 6226 6213
3 6214 6213 6206
3 6207 6214 6206
3 6207 6206 6204
3 6205 6207 6204
3 6205 6204 6202
3 6203 6205 6202
3 6203 6202 6200
3 6201 6203 6200
3 6201 6200 6198
3 6199 6201 6198
3 6199 6198 6194
3 6195 6199 6194
3 6195 6194 6185
3 6186 6195 6185
3 6186 6185 6181
3 6182 6186 6181
3 6182 6181 6179
3 6180 6182 6179
3 6180 6179 6183
3 6184 6180 6183
3 6184 6183 6192
3 6193 6184 6192
3 6193 6192 6196
3 6197 6193 6196
3 6197 6196 6300
3 6302 6197 6300
3 6302 6300 6314
3 6316 6302 6314
3 6316 6314 6317
3 6319 6316 6317
3 6319 6317 6336
3 6338 6319 6336
3 6338 6336 6344
3 6346 6338 6344
3 6346 6344 6347
3 6349 6346 6347
3 6352 6349 6347
3 6352 6347 6350
3 6363 6352 6350
3 6363 6350 6361
3 6370 6363 6361
3 6370 6361 6368
3 6377 6370 6368
3 6377 6368 6375
3 6380 6377 6375
3 6380 6375 6378
3 6383 6380 6378
3 6383 6378 6381
3 6386 6383 6381
3 6386 6381 6384
3 6391 6386 6384
3 6391 6384 6389
3 6408 6391 6389
3 6408 6389 6406
3 6413 6408 6406
3 6413 6406 6411
3 6425 6413 6411
3 6425 6411 6423
3 6445 6425 6423
3 6445 6423 6443
3 7474 7466 7443
3 7483 7474 7443
3 7496 7483 7443
3 7505 7496 7443
3 7510 7505 7443
3 7512 7510 7443
3 7517 7512 7443
3 7519 7517 7443
3 7524 7519 7443
3 7526 7524 7443
3 7530 7526 7443
3 7534 7530 7443
3 7538 7534 7443
3 7536 7538 7443
3 7532 7536 7443
3 7358 7360 7362
3 7352 7358 7362
3 7346 7352 7362
3 7340 7346 7362
3 7334 7340 7362
3 7332 7334 7362
3 7330 7332 7362
3 7328 7330 7362
3 7324 7328 7362
3 7310 7324 7362
3 7284 7310 7362
3 7270 7284 7362
3 7262 7270 7362
3 7251 7262 7362
3 7239 7251 7362
3 6247 6259 6271
3 6235 6247 6271
3 6233 6235 6271
3 6226 6233 6271
3 6214 6226 6271
3 6207 6214 6271
3 6205 6207 6271
3 6203 6205 6271
3 6201 6203 6271
3 6199 6201 6271
3 6195 6199 6271
3 6186 6195 6271
3 6182 6186 6271
3 6180 6182 6271
3 6184 6180 6271
3 6193 6184 6271
3 6319 6316 6302
3 6338 6319 6302
3 6346 6338 6302
3 6349 6346 6302
3 6352 6349 6302
3 6363 6352 6302
3 6370 6363 6302
3 6377 6370 6302
3 6380 6377 6302
3 6383 6380 6302
3 6386 6383 6302
3 6391 6386 6302
3 6408 6391 6302
3 6413 6408 6302
3 6425 6413 6302
3 6302 6197 6193
3 6425 6302 6193
3 6445 6425 6193
3 7443 6445 6193
3 7532 7443 6193
3 7528 7532 6193
3 7362 7528 6193
3 7239 7362 6193
3 7232 7239 6193
3 6271 7232 6193
3 6568 6536 6470
3 6598 6568 6470
3 6612 6598 6470
3 6622 6612 6470
3 6628 6622 6470
3 6630 6628 6470
3 6644 6630 6470
3 6646 6644 6470
3 6648 6646 6470
3 6652 6648 6470
3 6656 6652 6470
3 6658 6656 6470
3 6654 6658 6470
3 5677 5681 5815
3 5577 5677 5815
3 5561 5577 5815
3 5540 5561 5815
3 5504 5540 5815
3 5478 5504 5815
3 5445 5478 5815
3 5261 5445 5815
3 5259 5261 5815
3 5254 5259 5815
3 5250 5254 5815
3 5158 5250 5815
3 5154 5158 5815
3 5156 5154 5815
3 5160 5156 5815
3 6008 6005 5994
3 6020 6008 5994
3 6039 6020 5994
3 6046 6039 5994
3 6053 6046 5994
3 6056 6053 5994
3 6059 6056 5994
3 6062 6059 5994
3 6065 6062 5994
3 6068 6065 5994
3 6071 6068 5994
3 6076 6071 5994
3 6083 6076 5994
3 6093 6083 5994
3 6106 6093 5994
3 5994 5252 5160
3 6106 5994 5160
3 6114 6106 5160
3 6470 6114 5160
3 6654 6470 5160
3 6650 6654 5160
3 6443 6554 6650
3 6423 6443 6650
3 6411 6423 6650
3 6406 6411 6650
3 6389 6406 6650
3 6384 6389 6650
3 6381 6384 6650
3 6378 6381 6650
3 6375 6378 6650
3 6368 6375 6650
3 6361 6368 6650
3 6350 6361 6650
3 5815 6256 6300
3 5160 5815 6300
3 6350 6650 5160
3 6347 6350 5160
3 6344 6347 5160
3 6336 6344 5160
3 6317 6336 5160
3 6314 6317 5160
3 6300 6314 5160
3 6471 6115 6114
3 6471 6114 6470
3 6537 6471 6470
3 6537 6470 6536
3 6569 6537 6536
3 6569 6536 6568
3 6599 6569 6568
3 6599 6568 6598
3 6613 6599 6598
3 6613 6598 6612
3 6623 6613 6612
3 6623 6612 6622
3 6629 6623 6622
3 6629 6622 6628
3 6631 6629 6628
3 6631 6628 6630
3 6645 6631 6630
3 6645 6630 6644
3 6647 6645 6644
3 6647 6644 6646
3 6649 6647 6646
3 6649 6646 6648
3 6653 6649 6648
3 6653 6648 6652
3 6657 6653 6652
3 6657 6652 6656
3 6659 6657 6656
3 6659 6656 6658
3 6655 6659 6658
3 6655 6658 6654
3 6651 6655 6654
3 6651 6654 6650
3 6555 6651 6650
3 6555 6650 6554
3 6555 6554 6443
3 6444 6555 6443
3 6444 6443 6423
3 6424 6444 6423
3 6424 6423 6411
3 6412 6424 6411
3 6412 6411 6406
3 6407 6412 6406
3 6407 6406 6389
3 6390 6407 6389
3 6390 6389 6384
3 6385 6390 6384
3 6385 6384 6381
3 6382 6385 6381
3 6382 6381 6378
3 6379 6382 6378
3 6379 6378 6375
3 6376 6379 6375
3 6376 6375 6368
3 6369 6376 6368
3 6369 6368 6361
3 6362 6369 6361
3 6362 6361 6350
3 6351 6362 6350
3 6351 6350 6347
3 6348 6351 6347
3 6345 6348 6347
3 6345 6347 6344
3 6337 6345 6344
3 6337 6344 6336
3 6318 6337 6336
3 6318 6336 6317
3 6315 6318 6317
3 6315 6317 6314
3 6301 6315 6314
3 6301 6314 6300
3 6257 6301 6300
3 6257 6300 6256
3 6257 6256 5815
3 5816 6257 5815
3 5816 5815 5681
3 5682 5816 5681
3 5682 5681 5677
3 5678 5682 5677
3 5678 5677 5577
3 5578 5678 5577
3 5578 5577 5561
3 5562 5578 5561
3 5562 5561 5540
3 5541 5562 5540
3 5541 5540 5504
3 5505 5541 5504
3 5505 5504 5478
3 5479 5505 5478
3 5479 5478 5445
3 5446 5479 5445
3 5446 5445 5261
3 5262 5446 5261
3 5262 5261 5259
3 5260 5262 5259
3 5260 5259 5254
3 5255 5260 5254
3 5255 5254 5250
3 5251 5255 5250
3 5251 5250 5158
3 5159 5251 5158
3 5159 5158 5154
3 5155 5159 5154
3 5155 5154 5156
3 5157 5155 5156
3 5157 5156 5160
3 5161 5157 5160
3 5161 5160 5252
3 5253 5161 5252
3 5253 5252 5994
3 5995 5253 5994
3 5995 5994 6005
3 6006 5995 6005
3 6006 6005 6008
3 6009 6006 6008
3 6009 6008 6020
3 6021 6009 6020
3 6021 6020 6039
3 6040 6021 6039
3 6040 6039 6046
3 6047 6040 6046
3 6047 6046 6053
3 6054 6047 6053
3 6057 6054 6053
3 6057 6053 6056
3 6060 6057 6056
3 6060 6056 6059
3 6063 6060 6059
3 6063 6059 6062
3 6066 6063 6062
3 6066 6062 6065
3 6069 6066 6065
3 6069 6065 6068
3 6072 6069 6068
3 6072 6068 6071
3 6077 6072 6071
3 6077 6071 6076
3 6084 6077 6076
3 6084 6076 6083
3 6094 6084 6083
3 6094 6083 6093
3 6107 6094 6093
3 6107 6093 6106
3 6115 6107 6106
3 6115 6106 6114
3 6569 6537 6471
3 6599 6569 6471
3 6613 6599 6471
3 6623 6613 6471
3 6629 6623 6471
3 6631 6629 6471
3 6645 6631 6471
3 6647 6645 6471
3 6649 6647 6471
3 6653 6649 6471
3 6657 6653 6471
3 6659 6657 6471
3 6655 6659 6471
3 5678 5682 5816
3 5578 5678 5816
3 5562 5578 5816
3 5541 5562 5816
3 5505 5541 5816
3 5479 5505 5816
3 5446 5479 5816
3 5262 5446 5816
3 5260 5262 5816
3 5255 5260 5816
3 5251 5255 5816
3 5159 5251 5816
3 5155 5159 5816
3 5157 5155 5816
3 5161 5157 5816
3 6009 6006 5995
3 6021 6009 5995
3 6040 6021 5995
3 6047 6040 5995
3 6054 6047 5995
3 6057 6054 5995
3 6060 6057 5995
3 6063 6060 5995
3 6066 6063 5995
3 6069 6066 5995
3 6072 6069 5995
3 6077 6072 5995
3 6084 6077 5995
3 6094 6084 5995
3 6107 6094 5995
3 5995 5253 5161
3 6107 5995 5161
3 6115 6107 5161
3 6471 6115 5161
3 6655 6471 5161
3 6651 6655 5161
3 6444 6555 6651
3 6424 6444 6651
3 6412 6424 6651
3 6407 6412 6651
3 6390 6407 6651
3 6385 6390 6651
3 6382 6385 6651
3 6379 6382 6651
3 6376 6379 6651
3 6369 6376 6651
3 6362 6369 6651
3 6351 6362 6651
3 5816 6257 6301
3 5161 5816 6301
3 6351 6651 5161
3 6348 6351 5161
3 6345 6348 5161
3 6337 6345 5161
3 6318 6337 5161
3 6315 6318 5161
3 6301 6315 5161
