OFF
2067 5736 0
0.000 37.041 0.000
0.000 37.041 5.700
0.000 37.041 10.200
0.000 37.041 13.700
0.904 34.330 17.200
0.904 34.330 20.700
0.956 35.325 17.200
0.956 35.325 20.700
0.956 35.325 24.200
0.956 35.325 27.700
0.956 35.325 31.200
0.956 35.325 36.300
1.131 33.314 13.700
1.131 33.314 17.200
1.131 33.314 20.700
1.131 33.314 24.200
1.131 33.314 27.700
1.131 33.314 31.200
1.131 33.314 36.300
1.232 36.172 17.200
1.232 36.172 20.700
1.232 36.172 24.200
1.232 36.172 27.700
1.232 36.172 31.200
1.232 36.172 36.300
1.657 36.863 17.200
1.657 36.863 20.700
2.322 37.515 17.200
2.322 37.515 20.700
2.322 37.515 24.200
2.322 37.515 27.700
2.322 37.515 31.200
2.322 37.515 36.300
2.352 29.291 36.300
2.352 29.291 39.000
2.978 31.361 36.300
2.978 31.361 39.000
2.978 31.361 44.400
2.978 31.361 47.100
3.304 34.545 36.300
3.304 34.545 39.000
3.304 34.545 44.400
3.430 34.006 36.300
3.430 34.006 39.000
3.430 34.006 44.400
3.442 35.539 36.300
3.442 35.539 39.000
3.442 35.539 44.400
3.445 38.087 17.200
3.445 38.087 20.700
3.501 29.639 36.300
3.501 29.639 39.000
3.501 29.639 44.400
3.746 24.698 36.300
3.746 24.698 39.000
3.789 36.122 36.300
3.789 36.122 39.000
3.789 36.122 44.400
4.071 36.402 36.300
4.071 36.402 39.000
4.071 36.402 44.400
4.126 31.710 36.300
4.126 31.710 39.000
4.126 31.710 44.400
4.306 38.348 0.000
4.306 38.348 5.700
4.306 38.348 10.200
4.306 38.348 13.700
4.306 38.348 17.200
4.306 38.348 20.700
4.306 38.348 24.200
4.306 38.348 27.700
4.306 38.348 31.200
4.306 38.348 36.300
4.359 36.489 44.400
4.359 36.489 47.100
4.878 20.966 17.200
4.878 20.966 20.700
4.878 20.966 24.200
4.878 20.966 27.700
4.878 20.966 31.200
4.878 20.966 36.300
4.895 25.046 36.300
4.895 25.046 39.000
4.895 25.046 44.400
5.417 23.324 36.300
5.417 23.324 39.000
5.417 23.324 44.400
5.417 23.324 47.100
5.437 34.621 5.700
5.437 34.621 10.200
5.437 34.621 13.700
5.437 34.621 17.200
5.484 19.739 20.700
5.484 19.739 24.200
5.484 19.739 27.700
5.484 19.739 31.200
5.484 19.739 36.300
5.668 32.177 44.400
5.668 32.177 47.100
5.668 32.177 49.800
5.896 19.247 20.700
5.896 19.247 24.200
5.896 19.247 27.700
5.896 19.247 31.200
5.896 19.247 36.300
6.448 18.774 20.700
6.448 18.774 24.200
6.448 18.774 27.700
6.448 18.774 31.200
6.448 18.774 36.300
6.565 23.673 36.300
6.565 23.673 39.000
6.565 23.673 44.400
7.005 18.436 20.700
7.005 18.436 24.200
7.005 18.436 27.700
7.005 18.436 31.200
7.005 18.436 36.300
7.263 21.376 36.300
7.263 21.376 39.000
7.263 21.376 44.400
7.662 20.545 36.300
7.662 20.545 39.000
7.662 20.545 44.400
7.998 18.084 20.700
7.998 18.084 24.200
7.998 18.084 27.700
7.998 18.084 31.200
7.998 18.084 36.300
8.106 24.141 44.400
8.106 24.141 47.100
8.106 24.141 49.800
8.186 37.650 36.300
8.186 37.650 39.000
8.186 37.650 44.400
8.186 37.650 47.100
8.186 37.650 49.800
8.186 37.650 52.500
8.192 38.434 36.300
8.192 38.434 39.000
8.192 38.434 44.400
8.192 38.434 47.100
8.192 38.434 49.800
8.395 19.951 36.300
8.395 19.951 39.000
8.395 19.951 44.400
8.398 38.999 36.300
8.398 38.999 39.000
8.398 38.999 44.400
8.398 38.999 47.100
8.398 38.999 49.800
8.822 17.987 20.700
8.822 17.987 24.200
8.822 17.987 27.700
8.822 17.987 31.200
8.822 17.987 36.300
8.826 7.958 13.700
8.826 7.958 17.200
8.834 23.425 0.000
8.834 23.425 5.700
8.878 39.584 36.300
8.878 39.584 39.000
8.878 39.584 44.400
8.878 39.584 47.100
8.878 39.584 49.800
8.897 22.186 17.200
8.897 22.186 20.700
9.128 19.741 36.300
9.128 19.741 39.000
9.128 19.741 44.400
9.385 39.894 36.300
9.385 39.894 39.000
9.385 39.894 44.400
9.385 39.894 47.100
9.385 39.894 49.800
9.416 19.829 44.400
9.416 19.829 47.100
9.494 18.029 20.700
9.494 18.029 24.200
9.494 18.029 27.700
9.494 18.029 31.200
9.494 18.029 36.300
9.495 33.338 47.100
9.495 33.338 49.800
9.871 4.513 0.000
9.871 4.513 5.700
9.871 4.513 10.200
9.871 4.513 13.700
10.100 18.162 20.700
10.100 18.162 24.200
10.100 18.162 27.700
10.100 18.162 31.200
10.100 18.162 36.300
10.117 18.168 17.200
10.117 18.168 20.700
10.429 17.215 17.200
10.429 17.215 20.700
11.202 15.477 17.200
11.202 15.477 20.700
11.292 40.468 49.800
11.292 40.468 52.500
11.814 38.750 49.800
11.814 38.750 52.500
11.933 25.303 47.100
11.933 25.303 49.800
11.933 25.303 52.500
12.396 18.859 20.700
12.396 18.859 24.200
12.518 13.313 17.200
12.518 13.313 20.700
12.639 38.631 0.000
12.639 38.631 10.200
12.999 17.278 20.700
12.999 17.278 24.200
13.120 37.001 0.000
13.120 37.001 10.200
13.218 41.041 36.300
13.218 41.041 39.000
13.218 41.041 44.400
13.218 41.041 47.100
13.218 41.041 49.800
13.218 41.041 52.500
13.242 20.991 36.300
13.242 20.991 39.000
13.242 20.991 44.400
13.242 20.991 47.100
13.242 20.991 49.800
13.242 20.991 52.500
13.308 38.834 0.000
13.308 38.834 10.200
13.594 16.093 20.700
13.594 16.093 24.200
13.790 37.205 0.000
13.790 37.205 10.200
13.815 20.222 36.300
13.815 20.222 39.000
13.815 20.222 44.400
13.815 20.222 47.100
13.815 20.222 49.800
13.890 5.732 0.000
13.890 5.732 5.700
13.928 11.584 17.200
13.928 11.584 20.700
13.993 9.525 13.700
13.993 9.525 17.200
14.057 41.017 36.300
14.057 41.017 39.000
14.057 41.017 44.400
14.057 41.017 47.100
14.057 41.017 49.800
14.057 41.017 52.500
14.097 25.022 0.000
14.097 25.022 5.700
14.169 5.040 0.000
14.169 5.040 5.700
14.465 14.716 20.700
14.465 14.716 24.200
14.469 9.075 13.700
14.469 9.075 17.200
14.503 19.848 36.300
14.503 19.848 39.000
14.503 19.848 44.400
14.503 19.848 47.100
14.503 19.848 49.800
14.684 19.585 24.200
14.684 19.585 27.700
14.773 4.158 0.000
14.773 4.158 5.700
14.836 40.637 36.300
14.836 40.637 39.000
14.836 40.637 44.400
14.836 40.637 47.100
14.836 40.637 49.800
14.836 40.637 52.500
15.249 19.761 36.300
15.249 19.761 39.000
15.249 19.761 44.400
15.249 19.761 47.100
15.249 19.761 49.800
15.340 17.935 24.200
15.340 17.935 27.700
15.441 39.850 36.300
15.441 39.850 39.000
15.441 39.850 44.400
15.441 39.850 47.100
15.441 39.850 49.800
15.441 39.850 52.500
15.491 20.429 0.000
15.491 20.429 5.700
15.534 8.192 13.700
15.534 8.192 17.200
15.545 13.372 20.700
15.545 13.372 24.200
15.631 3.423 0.000
15.631 3.423 5.700
15.654 9.963 17.200
15.654 9.963 20.700
16.430 16.095 24.200
16.430 16.095 27.700
16.867 22.091 49.800
16.867 22.091 52.500
16.926 2.868 0.000
16.926 2.868 5.700
16.971 20.312 27.700
16.971 20.312 31.200
17.028 7.192 13.700
17.028 7.192 17.200
17.370 20.433 49.800
17.370 20.433 52.500
17.409 8.702 17.200
17.409 8.702 20.700
17.674 11.429 20.700
17.674 11.429 24.200
17.767 14.517 24.200
17.767 14.517 27.700
17.808 18.392 27.700
17.808 18.392 31.200
17.909 6.951 5.700
17.909 6.951 10.200
17.909 6.951 13.700
18.118 2.757 0.000
18.118 2.757 5.700
18.356 6.494 13.700
18.356 6.494 17.200
18.479 17.357 27.700
18.479 17.357 31.200
18.945 13.478 24.200
18.945 13.478 27.700
19.128 7.754 17.200
19.128 7.754 20.700
19.129 2.933 0.000
19.129 2.933 5.700
19.129 2.933 10.200
19.129 2.933 13.700
19.303 20.955 31.200
19.303 20.955 36.300
19.416 10.304 20.700
19.416 10.304 24.200
19.519 2.052 0.000
19.519 2.052 5.700
19.519 2.052 10.200
19.519 2.052 13.700
19.651 21.125 36.300
19.651 21.125 39.000
19.651 21.125 44.400
19.651 21.125 47.100
19.651 21.125 49.800
19.651 21.125 52.500
19.685 19.975 31.200
19.685 19.975 36.300
19.728 15.959 27.700
19.728 15.959 31.200
19.993 1.399 0.000
19.993 1.399 5.700
19.993 1.399 10.200
19.993 1.399 13.700
20.135 5.793 13.700
20.135 5.793 17.200
20.274 12.577 24.200
20.274 12.577 27.700
20.285 21.733 36.300
20.285 21.733 39.000
20.285 21.733 44.400
20.285 21.733 47.100
20.285 21.733 49.800
20.285 21.733 52.500
20.294 18.944 31.200
20.294 18.944 36.300
20.465 15.337 27.700
20.465 15.337 31.200
20.545 22.293 36.300
20.545 22.293 39.000
20.545 22.293 44.400
20.545 22.293 47.100
20.545 22.293 49.800
20.545 22.293 52.500
20.592 23.222 36.300
20.592 23.222 39.000
20.592 23.222 44.400
20.592 23.222 47.100
20.592 23.222 49.800
20.592 23.222 52.500
20.657 0.793 0.000
20.657 0.793 5.700
20.657 0.793 10.200
20.657 0.793 13.700
20.677 41.070 0.000
20.677 41.070 10.200
20.832 7.046 17.200
20.832 7.046 20.700
20.997 18.080 31.200
20.997 18.080 36.300
21.095 21.563 36.300
21.095 21.563 39.000
21.158 39.440 0.000
21.158 39.440 10.200
21.263 5.474 13.700
21.263 5.474 17.200
21.346 41.273 0.000
21.346 41.273 10.200
21.514 14.632 27.700
21.514 14.632 31.200
21.545 9.339 20.700
21.545 9.339 24.200
21.643 17.468 31.200
21.643 17.468 36.300
21.716 11.850 24.200
21.716 11.850 27.700
21.797 0.202 0.000
21.797 0.202 5.700
21.797 0.202 10.200
21.797 0.202 13.700
21.828 39.643 0.000
21.828 39.643 10.200
22.279 5.262 13.700
22.279 5.262 17.200
22.486 16.849 31.200
22.486 16.849 36.300
22.537 0.025 0.000
22.537 0.025 5.700
22.537 0.025 10.200
22.537 0.025 13.700
22.733 14.025 27.700
22.733 14.025 31.200
22.788 6.479 17.200
22.788 6.479 20.700
23.165 11.336 24.200
23.165 11.336 27.700
23.531 0.000 0.000
23.531 0.000 5.700
23.531 0.000 10.200
23.531 0.000 13.700
23.585 16.283 31.200
23.585 16.283 36.300
23.815 13.645 27.700
23.815 13.645 31.200
23.871 0.019 13.700
23.871 0.019 17.200
24.156 8.654 20.700
24.156 8.654 24.200
24.424 0.183 0.000
24.424 0.183 5.700
24.424 0.183 10.200
24.545 0.224 10.200
24.545 0.224 13.700
24.631 6.163 17.200
24.631 6.163 20.700
24.846 15.855 31.200
24.846 15.855 36.300
24.859 13.403 27.700
24.859 13.403 31.200
25.158 10.934 24.200
25.158 10.934 27.700
25.503 13.310 27.700
25.503 13.310 31.200
25.535 15.725 31.200
25.535 15.725 36.300
25.630 0.800 0.000
25.630 0.800 5.700
25.630 0.800 10.200
26.068 6.057 17.200
26.068 6.057 20.700
26.299 15.655 31.200
26.299 15.655 36.300
26.396 8.450 20.700
26.396 8.450 24.200
26.405 1.541 0.000
26.405 1.541 5.700
26.405 1.541 10.200
26.446 10.850 24.200
26.446 10.850 27.700
26.651 13.248 27.700
26.651 13.248 31.200
27.003 2.535 0.000
27.003 2.535 5.700
27.003 2.535 10.200
27.132 15.664 31.200
27.132 15.664 36.300
27.149 5.429 5.700
27.149 5.429 10.200
27.206 3.135 5.700
27.206 3.135 10.200
27.297 4.774 5.700
27.297 4.774 10.200
27.306 3.656 5.700
27.306 3.656 10.200
27.338 4.119 5.700
27.338 4.119 10.200
27.729 10.897 24.200
27.729 10.897 27.700
27.856 33.062 0.000
27.856 33.062 5.700
28.099 15.790 31.200
28.099 15.790 36.300
28.169 6.117 17.200
28.169 6.117 20.700
28.229 45.607 5.700
28.229 45.607 10.200
28.229 45.607 13.700
28.229 45.607 17.200
28.229 45.607 20.700
28.229 45.607 24.200
28.229 45.607 27.700
28.229 45.607 31.200
28.229 45.607 36.300
28.326 1.828 0.000
28.326 1.828 5.700
28.381 8.552 20.700
28.381 8.552 24.200
28.621 13.447 27.700
28.621 13.447 31.200
28.793 11.037 24.200
28.793 11.037 27.700
28.946 16.005 31.200
28.946 16.005 36.300
29.361 41.878 0.000
29.361 41.878 5.700
29.361 41.878 10.200
29.468 45.788 10.200
29.468 45.788 13.700
29.468 45.788 17.200
29.468 45.788 20.700
29.468 45.788 24.200
29.468 45.788 27.700
29.468 45.788 31.200
29.468 45.788 36.300
29.578 8.743 20.700
29.578 8.743 24.200
29.667 13.716 27.700
29.667 13.716 31.200
30.085 45.740 10.200
30.085 45.740 13.700
30.085 45.740 17.200
30.085 45.740 20.700
30.085 45.740 24.200
30.085 45.740 27.700
30.085 45.740 31.200
30.085 45.740 36.300
30.274 6.437 17.200
30.274 6.437 20.700
30.323 24.928 0.000
30.323 24.928 5.700
30.389 11.427 24.200
30.389 11.427 27.700
30.977 43.270 52.500
30.977 43.270 60.600
30.977 43.270 63.300
30.977 43.270 66.300
31.003 42.689 52.500
31.003 42.689 60.600
31.003 42.689 63.300
31.003 42.689 66.300
31.018 45.484 10.200
31.018 45.484 13.700
31.018 45.484 17.200
31.018 45.484 20.700
31.018 45.484 24.200
31.018 45.484 27.700
31.018 45.484 31.200
31.018 45.484 36.300
31.096 43.778 52.500
31.096 43.778 60.600
31.096 43.778 63.300
31.096 43.778 66.300
31.109 9.138 20.700
31.109 9.138 24.200
31.475 44.409 52.500
31.475 44.409 60.600
31.475 44.409 63.300
31.475 44.409 66.300
31.622 45.183 10.200
31.622 45.183 13.700
31.683 34.223 0.000
31.683 34.223 5.700
31.830 6.849 17.200
31.830 6.849 20.700
31.830 6.849 24.200
31.830 6.849 27.700
31.830 6.849 31.200
31.830 6.849 36.300
32.081 44.879 52.500
32.081 44.879 60.600
32.081 44.879 63.300
32.081 44.879 66.300
32.125 44.826 10.200
32.125 44.826 13.700
32.125 44.826 17.200
32.125 44.826 20.700
32.125 44.826 24.200
32.125 44.826 27.700
32.125 44.826 31.200
32.125 44.826 36.300
32.274 5.385 17.200
32.274 5.385 20.700
32.622 44.341 10.200
32.622 44.341 13.700
32.622 44.341 17.200
32.622 44.341 20.700
32.622 44.341 24.200
32.622 44.341 27.700
32.622 44.341 31.200
32.622 44.341 36.300
32.623 4.237 13.700
32.623 4.237 17.200
33.009 43.817 10.200
33.009 43.817 13.700
33.009 43.817 17.200
33.009 43.817 20.700
33.009 43.817 24.200
33.009 43.817 27.700
33.009 43.817 31.200
33.009 43.817 36.300
33.057 2.806 13.700
33.057 2.806 17.200
33.370 43.094 10.200
33.370 43.094 13.700
33.370 43.094 17.200
33.370 43.094 20.700
33.370 43.094 24.200
33.370 43.094 27.700
33.370 43.094 31.200
33.370 43.094 36.300
35.015 29.465 52.500
35.015 29.465 60.600
35.015 29.465 63.300
35.015 29.465 66.300
35.266 29.038 52.500
35.266 29.038 60.600
35.266 29.038 63.300
35.266 29.038 66.300
35.530 7.971 5.700
35.530 7.971 10.200
35.827 28.536 52.500
35.827 28.536 60.600
35.827 28.536 63.300
35.827 28.536 66.300
35.933 18.125 36.300
35.933 18.125 39.000
36.100 7.362 5.700
36.100 7.362 10.200
36.149 44.835 10.200
36.149 44.835 13.700
36.149 44.835 17.200
36.149 44.835 20.700
36.149 44.835 24.200
36.149 44.835 27.700
36.149 44.835 31.200
36.149 44.835 36.300
36.233 45.735 10.200
36.233 45.735 13.700
36.233 45.735 17.200
36.233 45.735 20.700
36.233 45.735 24.200
36.233 45.735 27.700
36.233 45.735 31.200
36.233 45.735 36.300
36.252 43.969 10.200
36.252 43.969 13.700
36.252 43.969 17.200
36.252 43.969 20.700
36.252 43.969 24.200
36.252 43.969 27.700
36.252 43.969 31.200
36.252 43.969 36.300
36.364 4.266 0.000
36.364 4.266 5.700
36.437 28.293 52.500
36.437 28.293 60.600
36.437 28.293 63.300
36.437 28.293 66.300
36.562 46.712 10.200
36.562 46.712 13.700
36.562 46.712 17.200
36.562 46.712 20.700
36.562 46.712 24.200
36.562 46.712 27.700
36.562 46.712 31.200
36.562 46.712 36.300
36.610 6.980 5.700
36.610 6.980 10.200
36.986 47.412 10.200
36.986 47.412 13.700
36.986 47.412 17.200
36.986 47.412 20.700
36.986 47.412 24.200
36.986 47.412 27.700
36.986 47.412 31.200
36.986 47.412 36.300
37.013 6.753 5.700
37.013 6.753 10.200
37.072 5.588 0.000
37.072 5.588 5.700
37.146 47.078 36.300
37.146 47.078 39.000
37.146 47.078 44.400
37.146 47.078 47.100
37.146 47.078 49.800
37.146 47.078 52.500
37.146 47.078 60.600
37.146 47.078 63.300
37.146 47.078 66.300
37.164 46.438 36.300
37.164 46.438 39.000
37.164 46.438 44.400
37.164 46.438 47.100
37.164 46.438 49.800
37.164 46.438 52.500
37.164 46.438 60.600
37.164 46.438 63.300
37.164 46.438 66.300
37.172 22.725 39.000
37.172 22.725 44.400
37.172 22.725 47.100
37.172 22.725 49.800
37.172 22.725 52.500
37.172 22.725 60.600
37.172 22.725 63.300
37.172 22.725 66.300
37.202 22.206 39.000
37.202 22.206 44.400
37.202 22.206 47.100
37.202 22.206 49.800
37.202 22.206 52.500
37.202 22.206 60.600
37.202 22.206 63.300
37.202 22.206 66.300
37.241 28.278 39.000
37.241 28.278 44.400
37.241 28.278 47.100
37.241 28.278 49.800
37.241 28.278 52.500
37.241 28.278 60.600
37.241 28.278 63.300
37.241 28.278 66.300
37.315 23.345 39.000
37.315 23.345 44.400
37.315 23.345 47.100
37.315 23.345 49.800
37.315 23.345 52.500
37.315 23.345 60.600
37.315 23.345 63.300
37.315 23.345 66.300
37.449 47.897 36.300
37.449 47.897 39.000
37.449 47.897 44.400
37.449 47.897 52.500
37.449 47.897 60.600
37.449 47.897 63.300
37.449 47.897 66.300
37.541 6.536 5.700
37.541 6.536 10.200
37.649 5.409 0.000
37.649 5.409 5.700
37.679 48.137 10.200
37.679 48.137 13.700
37.679 48.137 17.200
37.679 48.137 20.700
37.679 48.137 24.200
37.679 48.137 27.700
37.679 48.137 31.200
37.679 48.137 36.300
37.679 48.137 44.400
37.679 48.137 47.100
37.679 48.137 49.800
37.679 48.137 52.500
37.679 48.137 60.600
37.679 48.137 63.300
37.679 48.137 66.300
37.722 23.978 39.000
37.722 23.978 44.400
37.722 23.978 47.100
37.722 23.978 49.800
37.722 23.978 52.500
37.722 23.978 60.600
37.722 23.978 63.300
37.722 23.978 66.300
37.746 26.614 36.300
37.746 26.614 39.000
37.790 20.295 63.300
37.790 20.295 66.300
37.821 48.341 36.300
37.821 48.341 39.000
37.821 48.341 44.400
37.973 44.491 0.000
37.973 44.491 5.700
38.061 6.400 5.700
38.061 6.400 10.200
38.090 42.012 66.300
38.090 42.012 70.200
38.142 48.468 10.200
38.142 48.468 13.700
38.142 48.468 17.200
38.142 48.468 20.700
38.142 48.468 24.200
38.142 48.468 27.700
38.142 48.468 31.200
38.142 48.468 36.300
38.142 48.468 44.400
38.142 48.468 47.100
38.142 48.468 49.800
38.142 48.468 52.500
38.363 48.682 36.300
38.363 48.682 39.000
38.363 48.682 44.400
38.363 48.682 52.500
38.363 48.682 60.600
38.363 48.682 63.300
38.363 48.682 66.300
38.379 18.383 39.000
38.379 18.383 44.400
38.379 18.383 47.100
38.379 18.383 49.800
38.379 18.383 52.500
38.379 18.383 60.600
38.379 18.383 63.300
38.401 24.450 39.000
38.401 24.450 44.400
38.401 24.450 47.100
38.401 24.450 49.800
38.401 24.450 52.500
38.401 24.450 60.600
38.401 24.450 63.300
38.401 24.450 66.300
38.411 5.279 0.000
38.411 5.279 5.700
38.496 42.768 0.000
38.496 42.768 5.700
38.647 17.934 39.000
38.647 17.934 44.400
38.647 17.934 47.100
38.647 17.934 49.800
38.647 17.934 52.500
38.647 17.934 60.600
38.647 17.934 63.300
38.720 8.939 36.300
38.720 8.939 39.000
38.722 6.324 5.700
38.722 6.324 10.200
39.129 48.914 10.200
39.129 48.914 13.700
39.129 48.914 17.200
39.129 48.914 20.700
39.129 48.914 24.200
39.129 48.914 27.700
39.129 48.914 31.200
39.129 48.914 36.300
39.129 48.914 44.400
39.129 48.914 47.100
39.129 48.914 49.800
39.129 48.914 52.500
39.143 6.331 5.700
39.143 6.331 10.200
39.176 17.464 39.000
39.176 17.464 44.400
39.176 17.464 47.100
39.176 17.464 49.800
39.176 17.464 52.500
39.176 17.464 60.600
39.176 17.464 63.300
39.228 5.268 0.000
39.228 5.268 5.700
39.504 20.822 63.300
39.504 20.822 66.300
39.738 7.649 17.200
39.738 7.649 20.700
39.904 17.191 39.000
39.904 17.191 44.400
39.904 17.191 47.100
39.904 17.191 49.800
39.904 17.191 52.500
39.904 17.191 60.600
39.904 17.191 63.300
39.952 19.344 36.300
39.952 19.344 39.000
40.041 5.386 0.000
40.041 5.386 5.700
40.086 6.502 5.700
40.086 6.502 10.200
40.086 6.503 17.200
40.086 6.503 20.700
40.604 17.196 39.000
40.604 17.196 44.400
40.604 17.196 47.100
40.604 17.196 49.800
40.604 17.196 52.500
40.604 17.196 60.600
40.604 17.196 63.300
40.604 17.196 66.300
40.721 5.590 0.000
40.721 5.590 5.700
41.426 49.611 10.200
41.426 49.611 13.700
41.426 49.611 17.200
41.426 49.611 20.700
41.426 49.611 24.200
41.426 49.611 27.700
41.426 49.611 31.200
41.426 49.611 36.300
41.426 49.611 44.400
41.426 49.611 47.100
41.426 49.611 49.800
41.426 49.611 52.500
41.426 49.611 60.600
41.426 49.611 63.300
41.426 49.611 66.300
41.533 14.134 39.000
41.533 14.134 44.400
41.533 14.134 47.100
41.533 14.134 49.800
41.533 14.134 52.500
41.533 14.134 60.600
41.784 6.139 0.000
41.784 6.139 5.700
42.107 14.309 39.000
42.107 14.309 44.400
42.107 14.309 47.100
42.107 14.309 49.800
42.107 14.309 52.500
42.107 14.309 60.600
42.196 49.829 36.300
42.196 49.829 39.000
42.196 49.829 44.400
42.217 29.789 39.000
42.217 29.789 44.400
42.330 6.561 0.000
42.330 6.561 5.700
42.378 13.857 39.000
42.378 13.857 44.400
42.378 13.857 47.100
42.378 13.857 49.800
42.378 13.857 52.500
42.378 13.857 60.600
42.419 49.786 10.200
42.419 49.786 13.700
42.419 49.786 17.200
42.419 49.786 20.700
42.419 49.786 24.200
42.419 49.786 27.700
42.419 49.786 31.200
42.419 49.786 36.300
42.419 49.786 44.400
42.419 49.786 47.100
42.419 49.786 49.800
42.419 49.786 52.500
42.419 49.786 60.600
42.419 49.786 63.300
42.419 49.786 66.300
42.744 6.973 0.000
42.744 6.973 5.700
42.764 29.043 39.000
42.764 29.043 44.400
42.915 13.383 39.000
42.915 13.383 44.400
42.915 13.383 47.100
42.915 13.383 49.800
42.915 13.383 52.500
42.915 13.383 60.600
42.947 49.824 36.300
42.947 49.824 39.000
42.947 49.824 44.400
42.973 49.779 10.200
42.973 49.779 13.700
42.973 49.779 17.200
42.973 49.779 20.700
42.973 49.779 24.200
42.973 49.779 27.700
42.973 49.779 31.200
42.973 49.779 36.300
42.973 49.779 44.400
42.973 49.779 47.100
42.973 49.779 49.800
42.973 49.779 52.500
42.973 49.779 60.600
42.973 49.779 63.300
42.973 49.779 66.300
43.101 7.417 0.000
43.101 7.417 5.700
43.313 10.332 20.700
43.313 10.332 24.200
43.313 10.332 27.700
43.313 10.332 31.200
43.313 10.332 36.300
43.355 28.690 39.000
43.355 28.690 44.400
43.462 13.153 39.000
43.462 13.153 44.400
43.462 13.153 47.100
43.462 13.153 49.800
43.462 13.153 52.500
43.462 13.153 60.600
43.715 49.499 36.300
43.715 49.499 39.000
43.715 49.499 44.400
43.715 49.499 47.100
43.715 49.499 49.800
43.715 49.499 52.500
43.715 49.499 60.600
43.715 49.499 63.300
43.715 49.499 66.300
43.846 49.617 10.200
43.846 49.617 13.700
43.846 49.617 17.200
43.846 49.617 20.700
43.846 49.617 24.200
43.846 49.617 27.700
43.846 49.617 31.200
43.846 49.617 36.300
43.977 22.608 66.300
43.977 22.608 70.200
44.106 7.721 20.700
44.106 7.721 24.200
44.106 7.721 27.700
44.106 7.721 31.200
44.106 7.721 36.300
44.333 13.122 39.000
44.333 13.122 44.400
44.333 13.122 47.100
44.333 13.122 49.800
44.333 13.122 52.500
44.333 13.122 60.600
44.419 48.638 36.300
44.419 48.638 39.000
44.419 48.638 44.400
44.419 48.638 47.100
44.419 48.638 49.800
44.419 48.638 52.500
44.419 48.638 60.600
44.419 48.638 63.300
44.419 48.638 66.300
44.462 28.590 39.000
44.462 28.590 44.400
44.551 49.335 10.200
44.551 49.335 13.700
44.551 49.335 17.200
44.551 49.335 20.700
44.551 49.335 24.200
44.551 49.335 27.700
44.551 49.335 31.200
44.551 49.335 36.300
45.059 49.030 10.200
45.059 49.030 13.700
45.059 49.030 20.700
45.059 49.030 24.200
45.059 49.030 27.700
45.059 49.030 31.200
45.059 49.030 36.300
45.197 18.589 60.600
45.197 18.589 63.300
45.573 48.604 10.200
45.573 48.604 13.700
45.573 48.604 17.200
45.573 48.604 20.700
45.573 48.604 24.200
45.573 48.604 27.700
45.573 48.604 31.200
45.573 48.604 36.300
45.593 48.630 0.000
45.593 48.630 5.700
46.024 48.088 10.200
46.024 48.088 13.700
46.024 48.088 17.200
46.024 48.088 20.700
46.074 47.000 0.000
46.074 47.000 5.700
46.262 48.833 0.000
46.262 48.833 5.700
46.379 47.517 10.200
46.379 47.517 13.700
46.379 47.517 17.200
46.379 47.517 20.700
46.379 47.517 24.200
46.379 47.517 27.700
46.379 47.517 31.200
46.379 47.517 36.300
46.438 45.178 0.000
46.438 45.178 5.700
46.643 13.823 60.600
46.643 13.823 63.300
46.665 46.813 10.200
46.665 46.813 13.700
46.665 46.813 17.200
46.665 46.813 20.700
46.665 46.813 24.200
46.665 46.813 27.700
46.665 46.813 31.200
46.665 46.813 36.300
46.744 47.203 0.000
46.744 47.203 5.700
47.524 11.610 36.300
47.524 11.610 39.000
47.551 8.766 13.700
47.551 8.766 17.200
47.551 8.766 20.700
47.551 8.766 24.200
47.551 8.766 27.700
47.551 8.766 31.200
47.551 8.766 36.300
47.985 7.336 13.700
47.985 7.336 17.200
47.985 7.336 20.700
47.985 7.336 24.200
47.985 7.336 27.700
47.985 7.336 31.200
47.985 7.336 36.300
48.238 39.246 0.000
48.238 39.246 5.700
48.285 29.766 39.000
48.285 29.766 44.400
48.316 8.998 36.300
48.316 8.998 39.000
48.561 36.427 66.300
48.561 36.427 70.200
49.059 30.357 39.000
49.059 30.357 44.400
49.472 31.992 39.000
49.472 31.992 44.400
49.488 31.361 39.000
49.488 31.361 44.400
49.848 9.463 36.300
49.848 9.463 39.000
49.900 49.223 10.200
49.900 49.223 13.700
49.900 49.223 17.200
49.900 49.223 20.700
49.900 49.223 24.200
49.900 49.223 27.700
49.900 49.223 31.200
49.900 49.223 36.300
49.940 48.473 10.200
49.940 48.473 13.700
49.940 48.473 17.200
49.940 48.473 20.700
49.940 48.473 24.200
49.940 48.473 27.700
49.940 48.473 31.200
49.940 48.473 36.300
49.980 49.894 10.200
49.980 49.894 13.700
49.980 49.894 20.700
49.980 49.894 24.200
49.980 49.894 27.700
49.980 49.894 31.200
49.980 49.894 36.300
50.078 47.848 10.200
50.078 47.848 13.700
50.078 47.848 17.200
50.078 47.848 20.700
50.078 47.848 24.200
50.078 47.848 27.700
50.078 47.848 31.200
50.078 47.848 36.300
50.154 50.511 10.200
50.154 50.511 13.700
50.154 50.511 17.200
50.154 50.511 20.700
50.154 50.511 24.200
50.154 50.511 27.700
50.154 50.511 31.200
50.154 50.511 36.300
50.282 8.033 36.300
50.282 8.033 39.000
50.416 51.089 10.200
50.416 51.089 13.700
50.416 51.089 17.200
50.416 51.089 20.700
50.416 51.089 24.200
50.416 51.089 27.700
50.416 51.089 31.200
50.416 51.089 36.300
50.807 51.677 10.200
50.807 51.677 13.700
50.807 51.677 17.200
50.807 51.677 20.700
51.264 52.168 10.200
51.264 52.168 13.700
51.264 52.168 17.200
51.264 52.168 20.700
51.264 52.168 24.200
51.264 52.168 27.700
51.264 52.168 31.200
51.264 52.168 36.300
51.705 52.519 10.200
51.705 52.519 13.700
51.705 52.519 17.200
51.705 52.519 20.700
51.705 52.519 24.200
51.705 52.519 27.700
51.705 52.519 31.200
51.705 52.519 36.300
52.015 25.046 66.300
52.015 25.046 70.200
52.878 53.086 10.200
52.878 53.086 13.700
52.878 53.086 17.200
52.878 53.086 20.700
52.878 53.086 24.200
52.878 53.086 27.700
52.878 53.086 31.200
52.878 53.086 36.300
53.235 21.027 60.600
53.235 21.027 63.300
53.235 21.027 66.300
53.631 51.068 0.000
53.631 51.068 5.700
54.113 49.439 0.000
54.113 49.439 5.700
54.301 51.272 0.000
54.301 51.272 5.700
54.441 10.856 36.300
54.441 10.856 39.000
54.463 33.506 39.000
54.463 33.506 44.400
54.463 33.506 47.100
54.463 33.506 49.800
54.463 33.506 52.500
54.463 33.506 60.600
54.463 33.506 63.300
54.463 33.506 66.300
54.682 16.261 60.600
54.682 16.261 63.300
54.783 49.642 0.000
54.783 49.642 5.700
54.874 9.426 36.300
54.874 9.426 39.000
54.967 31.841 36.300
54.967 31.841 39.000
55.179 13.933 36.300
55.179 13.933 39.000
55.627 29.677 39.000
55.627 29.677 44.400
55.627 29.677 47.100
55.627 29.677 49.800
55.627 29.677 52.500
55.627 29.677 60.600
55.627 29.677 63.300
55.627 29.677 66.300
55.972 11.320 36.300
55.972 11.320 39.000
56.469 29.658 39.000
56.469 29.658 44.400
56.469 29.658 47.100
56.469 29.658 49.800
56.469 29.658 52.500
56.469 29.658 60.600
56.469 29.658 63.300
56.726 26.048 63.300
56.726 26.048 66.300
56.737 11.554 13.700
56.737 11.554 17.200
56.737 11.554 20.700
56.737 11.554 24.200
56.737 11.554 27.700
56.737 11.554 31.200
56.737 11.554 36.300
56.956 29.476 39.000
56.956 29.476 44.400
56.956 29.476 47.100
56.956 29.476 49.800
56.956 29.476 52.500
56.956 29.476 60.600
56.956 29.476 63.300
56.991 16.963 39.000
56.991 16.963 44.400
56.991 16.963 47.100
56.991 16.963 49.800
56.991 16.963 52.500
56.991 16.963 60.600
57.171 10.123 13.700
57.171 10.123 17.200
57.171 10.123 20.700
57.171 10.123 24.200
57.171 10.123 27.700
57.171 10.123 31.200
57.171 10.123 36.300
57.175 24.570 36.300
57.175 24.570 39.000
57.435 29.122 39.000
57.435 29.122 44.400
57.435 29.122 47.100
57.435 29.122 49.800
57.435 29.122 52.500
57.435 29.122 60.600
57.435 29.122 63.300
57.559 17.331 39.000
57.559 17.331 44.400
57.559 17.331 47.100
57.559 17.331 49.800
57.559 17.331 52.500
57.559 17.331 60.600
57.827 22.422 39.000
57.827 22.422 44.400
57.827 22.422 47.100
57.827 22.422 49.800
57.827 22.422 52.500
57.827 22.422 60.600
57.827 22.422 63.300
57.827 22.422 66.300
57.871 28.478 39.000
57.871 28.478 44.400
57.871 28.478 47.100
57.871 28.478 49.800
57.871 28.478 52.500
57.871 28.478 60.600
57.871 28.478 63.300
58.068 18.068 39.000
58.068 18.068 44.400
58.068 18.068 47.100
58.068 18.068 49.800
58.068 18.068 52.500
58.068 18.068 60.600
58.182 19.186 39.000
58.182 19.186 44.400
58.182 19.186 47.100
58.182 19.186 49.800
58.182 19.186 52.500
58.182 19.186 60.600
58.214 18.776 39.000
58.214 18.776 44.400
58.214 18.776 47.100
58.214 18.776 49.800
58.214 18.776 52.500
58.214 18.776 60.600
58.444 26.561 63.300
58.444 26.561 66.300
58.530 22.927 39.000
58.530 22.927 44.400
58.530 22.927 47.100
58.530 22.927 49.800
58.530 22.927 52.500
58.530 22.927 60.600
58.530 22.927 63.300
58.530 22.927 66.300
58.756 19.360 39.000
58.756 19.360 44.400
58.756 19.360 47.100
58.756 19.360 49.800
58.756 19.360 52.500
58.756 19.360 60.600
58.868 23.444 39.000
58.868 23.444 44.400
58.868 23.444 47.100
58.868 23.444 49.800
58.868 23.444 52.500
58.868 23.444 60.600
58.868 23.444 63.300
58.868 23.444 66.300
59.018 24.645 39.000
59.018 24.645 44.400
59.018 24.645 47.100
59.018 24.645 49.800
59.018 24.645 52.500
59.018 24.645 60.600
59.018 24.645 63.300
59.018 24.645 66.300
59.048 24.200 39.000
59.048 24.200 44.400
59.048 24.200 47.100
59.048 24.200 49.800
59.048 24.200 52.500
59.048 24.200 60.600
59.048 24.200 63.300
59.048 24.200 66.300
59.389 15.210 20.700
59.389 15.210 24.200
59.389 15.210 27.700
59.389 15.210 31.200
59.389 15.210 36.300
60.182 12.597 20.700
60.182 12.597 24.200
60.182 12.597 27.700
60.182 12.597 31.200
60.182 12.597 36.300
61.187 12.904 0.000
61.187 12.904 5.700
61.194 25.789 36.300
61.194 25.789 39.000
61.670 53.507 0.000
61.670 53.507 5.700
61.976 12.678 0.000
61.976 12.678 5.700
62.151 51.877 0.000
62.151 51.877 5.700
62.339 53.710 0.000
62.339 53.710 5.700
62.821 52.080 0.000
62.821 52.080 5.700
62.879 12.575 0.000
62.879 12.575 5.700
63.853 14.967 17.200
63.853 14.967 20.700
63.982 16.604 36.300
63.982 16.604 39.000
64.201 13.819 5.700
64.201 13.819 10.200
64.201 13.819 17.200
64.201 13.819 20.700
64.221 12.718 0.000
64.221 12.718 5.700
64.315 44.123 0.000
64.315 44.123 5.700
64.984 14.146 5.700
64.984 14.146 10.200
65.161 13.042 0.000
65.161 13.042 5.700
65.915 13.467 0.000
65.915 13.467 5.700
65.975 14.891 5.700
65.975 14.891 10.200
66.128 55.734 36.300
66.128 55.734 39.000
66.128 55.734 44.400
66.157 55.238 36.300
66.157 55.238 39.000
66.157 55.238 44.400
66.157 55.238 47.100
66.157 55.238 49.800
66.157 55.238 52.500
66.157 55.238 60.600
66.157 55.238 63.300
66.157 55.238 66.300
66.284 56.394 36.300
66.284 56.394 39.000
66.284 56.394 44.400
66.284 56.394 47.100
66.284 56.394 49.800
66.284 56.394 52.500
66.284 56.394 60.600
66.284 56.394 63.300
66.284 56.394 66.300
66.459 13.891 0.000
66.459 13.891 5.700
66.501 15.546 5.700
66.501 15.546 10.200
66.701 57.020 36.300
66.701 57.020 39.000
66.701 57.020 44.400
66.701 57.020 47.100
66.701 57.020 49.800
66.701 57.020 52.500
66.701 57.020 60.600
66.701 57.020 63.300
66.701 57.020 66.300
66.806 16.103 5.700
66.806 16.103 10.200
67.034 16.736 5.700
67.034 16.736 10.200
67.173 17.572 5.700
67.173 17.572 10.200
67.215 14.734 0.000
67.215 14.734 5.700
67.344 57.463 36.300
67.344 57.463 39.000
67.344 57.463 44.400
67.344 57.463 47.100
67.344 57.463 49.800
67.344 57.463 52.500
67.344 57.463 60.600
67.344 57.463 63.300
67.344 57.463 66.300
68.169 27.905 31.200
68.169 27.905 36.300
68.379 30.727 0.000
68.379 30.727 5.700
68.539 14.027 0.000
68.539 14.027 5.700
68.837 25.601 27.700
68.837 25.601 31.200
69.262 58.058 63.300
69.262 58.058 66.300
69.379 28.370 31.200
69.379 28.370 36.300
69.506 23.296 24.200
69.506 23.296 27.700
69.708 55.946 0.000
69.708 55.946 5.700
69.784 56.339 63.300
69.784 56.339 66.300
70.175 20.991 20.700
70.175 20.991 24.200
70.189 54.316 0.000
70.189 54.316 5.700
70.322 26.161 27.700
70.322 26.161 31.200
70.377 56.149 0.000
70.377 56.149 5.700
70.611 29.114 31.200
70.611 29.114 36.300
70.701 51.909 66.300
70.701 51.909 70.200
70.859 54.520 0.000
70.859 54.520 5.700
70.872 18.695 17.200
70.872 18.695 20.700
70.872 18.695 24.200
70.872 18.695 27.700
70.872 18.695 31.200
70.872 18.695 36.300
71.086 23.872 24.200
71.086 23.872 27.700
71.116 38.552 36.300
71.116 38.552 39.000
71.116 38.552 44.400
71.116 38.552 47.100
71.116 38.552 49.800
71.116 38.552 52.500
71.116 38.552 60.600
71.116 38.552 63.300
71.116 38.552 66.300
71.167 58.639 36.300
71.167 58.639 39.000
71.167 58.639 44.400
71.167 58.639 47.100
71.167 58.639 49.800
71.167 58.639 52.500
71.167 58.639 60.600
71.167 58.639 63.300
71.315 29.702 31.200
71.315 29.702 36.300
71.316 17.231 17.200
71.316 17.231 20.700
71.568 26.857 27.700
71.568 26.857 31.200
71.620 36.893 36.300
71.620 36.893 39.000
71.665 16.084 13.700
71.665 16.084 17.200
71.702 37.781 36.300
71.702 37.781 39.000
71.702 37.781 44.400
71.702 37.781 47.100
71.702 37.781 49.800
71.702 37.781 52.500
71.702 37.781 60.600
71.702 37.781 63.300
71.702 37.781 66.300
71.798 21.565 20.700
71.798 21.565 24.200
71.878 58.647 36.300
71.878 58.647 39.000
71.878 58.647 44.400
71.878 58.647 47.100
71.878 58.647 49.800
71.878 58.647 52.500
71.878 58.647 60.600
71.878 58.647 63.300
72.099 14.653 13.700
72.099 14.653 17.200
72.228 30.731 31.200
72.228 30.731 36.300
72.304 37.444 36.300
72.304 37.444 39.000
72.304 37.444 44.400
72.304 37.444 47.100
72.304 37.444 49.800
72.304 37.444 52.500
72.304 37.444 60.600
72.304 37.444 63.300
72.304 37.444 66.300
72.480 24.597 24.200
72.480 24.597 27.700
72.508 58.432 36.300
72.508 58.432 39.000
72.508 58.432 44.400
72.508 58.432 47.100
72.508 58.432 49.800
72.508 58.432 52.500
72.508 58.432 60.600
72.508 58.432 63.300
72.605 31.290 31.200
72.605 31.290 36.300
72.745 27.759 27.700
72.745 27.759 31.200
72.879 31.777 31.200
72.879 31.777 36.300
73.064 37.331 36.300
73.064 37.331 39.000
73.064 37.331 44.400
73.064 37.331 47.100
73.064 37.331 49.800
73.064 37.331 52.500
73.064 37.331 60.600
73.064 37.331 63.300
73.064 37.331 66.300
73.138 43.875 66.300
73.138 43.875 70.200
73.149 57.888 36.300
73.149 57.888 39.000
73.149 57.888 44.400
73.149 57.888 47.100
73.149 57.888 49.800
73.149 57.888 52.500
73.149 57.888 60.600
73.149 57.888 63.300
73.195 32.468 31.200
73.195 32.468 36.300
73.196 19.558 17.200
73.196 19.558 20.700
73.328 22.314 20.700
73.328 22.314 24.200
73.412 57.440 36.300
73.412 57.440 39.000
73.412 57.440 44.400
73.412 57.440 47.100
73.412 57.440 49.800
73.412 57.440 52.500
73.412 57.440 60.600
73.412 57.440 63.300
73.412 57.440 66.300
73.438 37.476 31.200
73.438 37.476 36.300
73.501 33.409 31.200
73.501 33.409 36.300
73.567 28.578 27.700
73.567 28.578 31.200
73.663 34.219 31.200
73.663 34.219 36.300
73.680 36.317 31.200
73.680 36.317 36.300
73.743 35.341 31.200
73.743 35.341 36.300
74.048 25.714 24.200
74.048 25.714 27.700
74.209 29.374 27.700
74.209 29.374 31.200
74.553 27.429 0.000
74.553 27.429 5.700
74.720 53.128 60.600
74.720 53.128 63.300
74.720 53.128 66.300
74.725 20.348 17.200
74.725 20.348 20.700
74.754 30.208 27.700
74.754 30.208 31.200
74.779 23.243 20.700
74.779 23.243 24.200
74.791 39.666 63.300
74.791 39.666 66.300
75.200 26.808 24.200
75.200 26.808 27.700
75.228 31.120 27.700
75.228 31.120 31.200
75.294 38.007 63.300
75.294 38.007 66.300
75.554 20.114 5.700
75.554 20.114 10.200
75.667 32.260 27.700
75.667 32.260 31.200
75.744 38.144 27.700
75.744 38.144 31.200
75.777 19.525 5.700
75.777 19.525 10.200
75.957 33.393 27.700
75.957 33.393 31.200
76.062 36.612 27.700
76.062 36.612 31.200
76.075 27.860 24.200
76.075 27.860 27.700
76.140 35.082 27.700
76.140 35.082 31.200
76.167 18.860 5.700
76.167 18.860 10.200
76.519 24.720 20.700
76.519 24.720 24.200
76.577 16.466 0.000
76.577 16.466 5.700
76.738 18.214 5.700
76.738 18.214 10.200
76.793 60.376 0.000
76.793 60.376 5.700
76.827 21.787 17.200
76.827 21.787 20.700
77.005 29.313 24.200
77.005 29.313 27.700
77.158 45.093 60.600
77.158 45.093 63.300
77.158 45.093 66.300
77.284 17.789 0.000
77.284 17.789 5.700
77.284 17.789 10.200
77.482 38.643 36.300
77.482 38.643 39.000
77.482 38.643 44.400
77.482 38.643 47.100
77.482 38.643 49.800
77.482 38.643 52.500
77.482 38.643 60.600
77.482 38.643 63.300
77.486 30.290 24.200
77.486 30.290 27.700
77.526 58.689 36.300
77.526 58.689 39.000
77.526 58.689 44.400
77.526 58.689 47.100
77.526 58.689 49.800
77.526 58.689 52.500
77.526 58.689 60.600
77.663 60.607 13.700
77.663 60.607 17.200
77.663 60.607 20.700
77.663 60.607 24.200
77.663 60.607 27.700
77.663 60.607 31.200
77.663 60.607 36.300
77.858 17.475 0.000
77.858 17.475 5.700
77.858 17.475 10.200
77.922 22.739 17.200
77.922 22.739 20.700
78.002 39.070 36.300
78.002 39.070 39.000
78.002 39.070 44.400
78.002 39.070 47.100
78.002 39.070 49.800
78.002 39.070 52.500
78.055 38.789 24.200
78.055 38.789 27.700
78.082 31.959 24.200
78.082 31.959 27.700
78.128 26.602 20.700
78.128 26.602 24.200
78.212 58.502 36.300
78.212 58.502 39.000
78.212 58.502 44.400
78.212 58.502 52.500
78.212 58.502 60.600
78.247 55.455 0.000
78.247 55.455 5.700
78.256 39.435 36.300
78.256 39.435 39.000
78.256 39.435 44.400
78.256 39.435 52.500
78.256 39.435 60.600
78.256 39.435 63.300
78.372 60.822 17.200
78.372 60.822 20.700
78.372 60.822 24.200
78.372 60.822 27.700
78.372 60.822 31.200
78.372 60.822 36.300
78.392 37.268 24.200
78.392 37.268 27.700
78.446 33.768 24.200
78.446 33.768 27.700
78.457 17.258 0.000
78.457 17.258 5.700
78.463 40.007 36.300
78.463 40.007 39.000
78.463 40.007 44.400
78.463 40.007 47.100
78.463 40.007 49.800
78.463 40.007 52.500
78.463 40.007 60.600
78.463 40.007 63.300
78.466 40.781 36.300
78.466 40.781 39.000
78.466 40.781 44.400
78.466 40.781 47.100
78.466 40.781 49.800
78.466 40.781 52.500
78.466 40.781 60.600
78.466 40.781 63.300
78.466 40.781 66.300
78.533 58.361 44.400
78.533 58.361 47.100
78.533 58.361 49.800
78.533 58.361 52.500
78.534 35.824 24.200
78.534 35.824 27.700
78.547 54.290 60.600
78.547 54.290 63.300
78.655 57.250 13.700
78.655 57.250 17.200
78.761 58.135 36.300
78.761 58.135 39.000
78.761 58.135 44.400
78.761 58.135 52.500
78.761 58.135 60.600
79.067 57.782 36.300
79.067 57.782 39.000
79.067 57.782 44.400
79.067 57.782 47.100
79.067 57.782 49.800
79.067 57.782 52.500
79.067 57.782 60.600
79.084 60.783 17.200
79.084 60.783 20.700
79.084 60.783 24.200
79.084 60.783 27.700
79.084 60.783 31.200
79.084 60.783 36.300
79.131 28.198 20.700
79.131 28.198 24.200
79.243 24.135 17.200
79.243 24.135 20.700
79.257 17.117 0.000
79.257 17.117 5.700
79.257 17.117 10.200
79.391 57.054 36.300
79.391 57.054 39.000
79.391 57.054 44.400
79.391 57.054 47.100
79.391 57.054 49.800
79.391 57.054 52.500
79.391 57.054 60.600
79.694 22.684 13.700
79.694 22.684 17.200
79.861 60.578 17.200
79.861 60.578 20.700
79.861 60.578 24.200
79.861 60.578 27.700
79.861 60.578 31.200
79.861 60.578 36.300
79.973 30.032 20.700
79.973 30.032 24.200
80.088 54.757 36.300
80.088 54.757 39.000
80.088 54.757 44.400
80.088 54.757 47.100
80.088 54.757 49.800
80.088 54.757 52.500
80.088 54.757 60.600
80.164 48.422 0.000
80.164 48.422 5.700
80.267 25.471 17.200
80.267 25.471 20.700
80.354 39.479 20.700
80.354 39.479 24.200
80.367 47.753 0.000
80.367 47.753 5.700
80.561 38.685 20.700
80.561 38.685 24.200
80.577 17.224 0.000
80.577 17.224 5.700
80.577 17.224 10.200
80.610 60.180 17.200
80.610 60.180 20.700
80.610 60.180 24.200
80.610 60.180 27.700
80.610 60.180 31.200
80.610 60.180 36.300
80.724 32.777 20.700
80.724 32.777 24.200
80.726 23.765 13.700
80.726 23.765 17.200
80.770 17.284 10.200
80.770 17.284 13.700
80.776 37.554 20.700
80.776 37.554 24.200
80.843 26.361 17.200
80.843 26.361 20.700
80.941 35.070 20.700
80.941 35.070 24.200
80.986 46.253 60.600
80.986 46.253 63.300
81.012 61.623 0.000
81.012 61.623 5.700
81.012 61.623 10.200
81.012 61.623 13.700
81.065 30.763 0.000
81.065 30.763 5.700
81.236 55.106 36.300
81.236 55.106 39.000
81.236 55.106 44.400
81.236 55.106 47.100
81.236 55.106 49.800
81.236 55.106 52.500
81.236 55.106 60.600
81.267 59.594 17.200
81.267 59.594 20.700
81.267 59.594 24.200
81.267 59.594 27.700
81.267 59.594 31.200
81.267 59.594 36.300
81.285 17.440 13.700
81.285 17.440 17.200
81.414 44.189 17.200
81.414 44.189 20.700
81.443 29.519 0.000
81.443 29.519 5.700
81.451 17.544 0.000
81.451 17.544 5.700
81.451 17.544 10.200
81.451 17.544 13.700
81.479 24.705 13.700
81.479 24.705 17.200
81.590 59.142 20.700
81.590 59.142 24.200
81.590 59.142 27.700
81.590 59.142 31.200
81.590 59.142 36.300
81.740 58.908 17.200
81.740 58.908 20.700
81.759 53.384 36.300
81.759 53.384 39.000
81.759 53.384 44.400
81.794 48.904 0.000
81.794 48.904 5.700
81.998 48.234 0.000
81.998 48.234 5.700
82.004 28.648 17.200
82.004 28.648 20.700
82.004 58.267 13.700
82.004 58.267 17.200
82.004 58.267 20.700
82.004 58.267 24.200
82.004 58.267 27.700
82.004 58.267 31.200
82.004 58.267 36.300
82.103 17.945 0.000
82.103 17.945 5.700
82.103 17.945 10.200
82.103 17.945 13.700
82.115 25.633 13.700
82.115 25.633 17.200
82.419 26.522 0.000
82.419 26.522 5.700
82.419 26.522 10.200
82.419 26.522 13.700
82.493 56.743 0.000
82.493 56.743 5.700
82.527 46.721 36.300
82.527 46.721 39.000
82.527 46.721 44.400
82.527 46.721 47.100
82.527 46.721 49.800
82.527 46.721 52.500
82.527 46.721 60.600
82.545 40.367 0.000
82.545 40.367 5.700
82.581 42.028 36.300
82.581 42.028 39.000
82.581 42.028 44.400
82.581 42.028 47.100
82.581 42.028 49.800
82.581 42.028 52.500
82.581 42.028 60.600
82.634 40.170 17.200
82.634 40.170 20.700
82.634 40.170 24.200
82.634 40.170 27.700
82.634 40.170 31.200
82.634 40.170 36.300
82.653 30.485 17.200
82.653 30.485 20.700
82.686 18.475 0.000
82.686 18.475 5.700
82.686 18.475 10.200
82.748 39.698 0.000
82.748 39.698 5.700
82.976 27.181 13.700
82.976 27.181 17.200
83.044 38.533 17.200
83.044 38.533 20.700
83.055 18.944 0.000
83.055 18.944 5.700
83.055 18.944 10.200
83.055 18.944 13.700
83.128 32.606 17.200
83.128 32.606 20.700
83.152 48.791 36.300
83.152 48.791 39.000
83.152 48.791 44.400
83.154 42.761 36.300
83.154 42.761 39.000
83.154 42.761 44.400
83.154 42.761 47.100
83.154 42.761 49.800
83.154 42.761 52.500
83.154 42.761 60.600
83.223 44.424 36.300
83.223 44.424 39.000
83.223 44.424 44.400
83.223 44.424 47.100
83.223 44.424 49.800
83.223 44.424 52.500
83.223 44.424 60.600
83.282 36.781 17.200
83.282 36.781 20.700
83.308 53.854 36.300
83.308 53.854 39.000
83.321 34.450 17.200
83.321 34.450 20.700
83.346 43.432 36.300
83.346 43.432 39.000
83.346 43.432 44.400
83.346 43.432 47.100
83.346 43.432 49.800
83.346 43.432 52.500
83.346 43.432 60.600
83.454 28.275 13.700
83.454 28.275 17.200
83.496 40.470 20.700
83.496 40.470 24.200
83.496 40.470 27.700
83.496 40.470 31.200
83.496 40.470 36.300
83.610 22.495 0.000
83.610 22.495 5.700
83.610 22.495 10.200
83.610 22.495 13.700
83.615 20.133 0.000
83.615 20.133 5.700
83.615 20.133 10.200
83.615 20.133 13.700
83.675 47.069 36.300
83.675 47.069 39.000
83.675 47.069 44.400
83.675 47.069 47.100
83.675 47.069 49.800
83.675 47.069 52.500
83.675 47.069 60.600
83.771 21.009 0.000
83.771 21.009 5.700
83.771 21.009 10.200
83.771 21.009 13.700
83.801 29.251 13.700
83.801 29.251 17.200
84.111 30.367 13.700
84.111 30.367 17.200
84.175 40.849 0.000
84.175 40.849 5.700
84.292 40.945 20.700
84.292 40.945 24.200
84.292 40.945 27.700
84.292 40.945 31.200
84.292 40.945 36.300
84.298 31.271 13.700
84.298 31.271 17.200
84.378 40.179 0.000
84.378 40.179 5.700
84.669 49.251 36.300
84.669 49.251 39.000
85.290 42.024 20.700
85.290 42.024 24.200
85.290 42.024 27.700
85.290 42.024 31.200
85.290 42.024 36.300
85.774 45.511 17.200
85.774 45.511 20.700
85.774 45.511 24.200
85.774 45.511 27.700
85.774 45.511 31.200
85.774 45.511 36.300
85.786 43.113 20.700
85.786 43.113 24.200
85.786 43.113 27.700
85.786 43.113 31.200
85.786 43.113 36.300
85.907 43.658 20.700
85.907 43.658 24.200
85.907 43.658 27.700
85.907 43.658 31.200
85.907 43.658 36.300
86.005 44.733 20.700
86.005 44.733 24.200
86.005 44.733 27.700
86.005 44.733 31.200
86.005 44.733 36.300
89.387 33.287 0.000
89.387 33.287 5.700
89.515 32.855 13.700
89.515 32.855 17.200
90.649 29.019 0.000
90.649 29.019 5.700
90.649 29.019 10.200
90.649 29.019 13.700
3 0 64 159
3 185 0 159
3 240 185 159
3 254 240 159
3 267 254 159
3 294 267 159
3 302 294 159
3 321 302 159
3 331 321 159
3 353 339 331
3 383 353 331
3 409 383 331
3 419 409 331
3 429 419 331
3 441 429 331
3 458 441 331
3 467 458 331
3 474 467 331
3 665 506 474
3 691 665 474
3 824 752 691
3 860 824 691
3 875 860 691
3 889 875 691
3 912 889 691
3 925 912 691
3 948 925 691
3 976 948 691
3 1387 1379 1373
3 1397 1387 1373
3 1403 1397 1373
3 1405 1403 1373
3 1430 1405 1373
3 1449 1430 1373
3 1664 1464 1449
3 1677 1664 1449
3 1744 1704 1677
3 1795 1744 1677
3 1832 1795 1677
3 1880 1832 1677
3 1909 1880 1677
3 1945 1909 1677
3 1954 1945 1677
3 2001 1954 1677
3 2012 2001 1677
3 1997 2012 1677
3 1915 1997 1677
3 2059 2063 1915
3 1859 2059 1915
3 1878 1859 1915
3 1625 1878 1915
3 1105 1399 1462
3 826 1075 1105
3 516 784 826
3 573 516 826
3 541 491 573
3 159 252 288
3 331 159 288
3 474 331 288
3 691 474 288
3 976 691 288
3 1373 976 288
3 1449 1373 288
3 1677 1449 288
3 1915 1677 288
3 1625 1915 288
3 1462 1625 288
3 826 1105 1462
3 573 826 1462
3 541 573 1462
3 288 541 1462
3 186 1 65
3 340 332 318
3 354 340 318
3 384 354 318
3 410 384 318
3 420 410 318
3 430 420 318
3 442 430 318
3 459 442 318
3 468 459 318
3 475 468 318
3 481 475 318
3 485 481 318
3 487 485 318
3 483 487 318
3 479 483 318
3 631 479 318
3 679 639 631
3 689 679 631
3 750 689 631
3 786 750 631
3 837 786 631
3 851 837 631
3 877 851 631
3 1393 877 631
3 1401 1393 631
3 1407 1401 631
3 1432 1407 631
3 1443 1432 631
3 1445 1443 631
3 1447 1445 631
3 1644 1447 631
3 1660 1650 1644
3 1666 1660 1644
3 1678 1666 1644
3 1705 1678 1644
3 1796 1705 1644
3 1833 1796 1644
3 1881 1833 1644
3 1910 1881 1644
3 1946 1910 1644
3 1955 1946 1644
3 2002 1955 1644
3 2013 2002 1644
3 1998 2013 1644
3 1916 1998 1644
3 1856 2064 1916
3 497 1856 1916
3 517 497 1916
3 89 517 1916
3 186 65 89
3 318 186 89
3 631 318 89
3 1644 631 89
3 1916 1644 89
3 187 2 498
3 319 187 498
3 333 319 498
3 341 333 498
3 355 341 498
3 385 355 498
3 411 385 498
3 421 411 498
3 431 421 498
3 444 431 498
3 1845 444 498
3 1882 1845 498
3 1911 1882 498
3 2003 1956 1911
3 2014 2003 1911
3 1999 2014 1911
3 1917 1999 1911
3 1857 2065 1917
3 1192 1857 1917
3 1182 1192 1917
3 1174 1182 1917
3 1170 1174 1917
3 1162 1170 1917
3 1152 1162 1917
3 1137 1152 1917
3 1121 1137 1917
3 1129 1121 1917
3 1144 1129 1917
3 1079 1144 1917
3 1059 1067 1079
3 1049 1059 1079
3 1040 1049 1079
3 1032 1040 1079
3 1000 1032 1079
3 961 1000 1079
3 933 961 1079
3 891 933 1079
3 839 891 1079
3 790 839 1079
3 754 790 1079
3 681 754 1079
3 671 681 1079
3 649 671 1079
3 641 649 1079
3 657 641 1079
3 615 657 1079
3 595 605 615
3 585 595 615
3 571 585 615
3 553 571 615
3 531 553 615
3 519 531 615
3 498 519 615
3 1911 498 615
3 1917 1911 615
3 1079 1917 615
3 1771 1902 2061
3 1193 1697 1771
3 1183 1193 1771
3 1175 1183 1771
3 1171 1175 1771
3 1163 1171 1771
3 1153 1163 1771
3 1122 1153 1771
3 1130 1122 1771
3 1145 1130 1771
3 1060 1068 1080
3 1050 1060 1080
3 1033 1050 1080
3 1001 1033 1080
3 962 1001 1080
3 934 962 1080
3 892 934 1080
3 840 892 1080
3 791 840 1080
3 755 791 1080
3 682 755 1080
3 672 682 1080
3 650 672 1080
3 642 650 1080
3 658 642 1080
3 616 658 1080
3 586 606 616
3 554 586 616
3 532 554 616
3 520 532 616
3 499 520 616
3 67 499 616
3 91 67 616
3 12 91 616
3 157 12 616
3 244 157 616
3 258 244 616
3 290 258 616
3 306 290 616
3 323 306 616
3 357 323 616
3 397 357 616
3 415 397 616
3 437 415 616
3 603 613 437
3 1268 1098 1091
3 1248 1268 1091
3 1874 1546 1525
3 1805 1874 1525
3 1843 1805 1525
3 1884 1843 1525
3 1913 1884 1525
3 1950 1913 1525
3 1990 1950 1525
3 2016 1990 1525
3 2018 2016 1525
3 2027 2018 1525
3 1771 2061 2027
3 1145 1771 2027
3 1080 1145 2027
3 616 1080 2027
3 437 616 2027
3 603 437 2027
3 1091 603 2027
3 1248 1091 2027
3 1525 1248 2027
3 1194 1698 1734
3 1184 1194 1734
3 1172 1184 1734
3 1154 1172 1734
3 1123 1154 1734
3 1146 1123 1734
3 1061 1069 1081
3 1051 1061 1081
3 1034 1051 1081
3 1002 1034 1081
3 963 1002 1081
3 935 963 1081
3 893 935 1081
3 841 893 1081
3 792 841 1081
3 756 792 1081
3 683 756 1081
3 673 683 1081
3 651 673 1081
3 643 651 1081
3 659 643 1081
3 617 659 1081
3 597 607 617
3 587 597 617
3 555 587 617
3 533 555 617
3 521 533 617
3 500 521 617
3 48 500 617
3 27 48 617
3 25 27 617
3 19 25 617
3 6 19 617
3 4 6 617
3 13 4 617
3 76 13 617
3 166 76 617
3 194 166 617
3 196 194 617
3 198 196 617
3 209 198 617
3 242 209 617
3 296 242 617
3 310 296 617
3 329 310 617
3 389 329 617
3 425 389 617
3 446 425 617
3 461 446 617
3 495 461 617
3 539 495 617
3 575 539 617
3 593 575 617
3 864 593 617
3 879 864 617
3 1092 879 617
3 1269 1099 1092
3 1249 1269 1092
3 1389 1395 1249
3 1492 1519 1389
3 1630 1596 1492
3 1670 1630 1492
3 1707 1670 1492
3 1793 1707 1492
3 1824 1793 1492
3 1849 1824 1492
3 1900 1849 1492
3 1943 1900 1492
3 1958 1943 1492
3 1981 1958 1492
3 1977 1981 1492
3 1952 1977 1492
3 1937 1952 1492
3 1876 1937 1492
3 1903 2038 1876
3 1891 1903 1876
3 1868 1891 1876
3 1835 1868 1876
3 1807 1835 1876
3 1785 1807 1876
3 1734 1785 1876
3 1146 1734 1876
3 1081 1146 1876
3 617 1081 1876
3 1092 617 1876
3 1249 1092 1876
3 1389 1249 1876
3 1492 1389 1876
3 79 16 9
3 95 79 9
3 103 95 9
3 108 103 9
3 116 108 9
3 127 116 9
3 154 127 9
3 180 154 9
3 191 180 9
3 304 191 9
3 325 316 304
3 351 325 304
3 369 351 304
3 401 369 304
3 423 401 304
3 435 423 304
3 450 435 304
3 454 450 304
3 472 454 304
3 510 472 304
3 529 510 304
3 980 578 529
3 1095 1012 980
3 1272 1102 1095
3 1252 1272 1095
3 1365 1370 1252
3 1466 1495 1365
3 1521 1482 1466
3 1571 1521 1466
3 1613 1571 1466
3 1623 1613 1466
3 1632 1623 1466
3 1640 1632 1466
3 1646 1640 1466
3 1652 1646 1466
3 1658 1652 1466
3 1654 1658 1466
3 1648 1654 1466
3 1994 1940 1648
3 2024 1994 1648
3 2035 2024 1648
3 2046 2035 1648
3 2051 2046 1648
3 2056 2051 1648
3 2041 2056 1648
3 1906 2041 1648
3 1888 1906 1648
3 1871 1888 1648
3 1838 1871 1648
3 1810 1838 1648
3 1788 1810 1648
3 1737 1788 1648
3 1701 1737 1648
3 1197 1701 1648
3 1187 1197 1648
3 1179 1187 1648
3 1167 1179 1648
3 1157 1167 1648
3 1141 1157 1648
3 1126 1141 1648
3 1134 1126 1648
3 1149 1134 1648
3 1084 1149 1648
3 1054 1072 1084
3 1044 1054 1084
3 1037 1044 1084
3 1005 1037 1084
3 966 1005 1084
3 938 966 1084
3 896 938 1084
3 844 896 1084
3 795 844 1084
3 759 795 1084
3 686 759 1084
3 676 686 1084
3 654 676 1084
3 646 654 1084
3 662 646 1084
3 620 662 1084
3 600 610 620
3 590 600 620
3 558 590 620
3 536 558 620
3 524 536 620
3 503 524 620
3 71 503 620
3 30 71 620
3 22 30 620
3 9 22 620
3 304 9 620
3 529 304 620
3 980 529 620
3 1095 980 620
3 1252 1095 620
3 1365 1252 620
3 1466 1365 620
3 1648 1466 620
3 1084 1648 620
3 77 14 7
3 93 77 7
3 101 93 7
3 106 101 7
3 114 106 7
3 125 114 7
3 152 125 7
3 178 152 7
3 189 178 7
3 207 189 7
3 231 213 207
3 256 231 207
3 292 256 207
3 312 292 207
3 337 312 207
3 403 337 207
3 439 403 207
3 465 439 207
3 508 465 207
3 527 508 207
3 565 527 207
3 978 576 565
3 1093 1010 978
3 1270 1100 1093
3 1250 1270 1093
3 1363 1368 1250
3 1478 1493 1363
3 1598 1536 1478
3 1634 1598 1478
3 1662 1634 1478
3 1719 1662 1478
3 1791 1719 1478
3 1813 1791 1478
3 1841 1813 1478
3 1851 1841 1478
3 1847 1851 1478
3 1830 1847 1478
3 1826 1830 1478
3 1992 1938 1826
3 2022 1992 1826
3 2033 2022 1826
3 2044 2033 1826
3 2049 2044 1826
3 2054 2049 1826
3 2039 2054 1826
3 1904 2039 1826
3 1886 1904 1826
3 1869 1886 1826
3 1836 1869 1826
3 1808 1836 1826
3 1786 1808 1826
3 1735 1786 1826
3 1699 1735 1826
3 1195 1699 1826
3 1185 1195 1826
3 1177 1185 1826
3 1165 1177 1826
3 1155 1165 1826
3 1139 1155 1826
3 1124 1139 1826
3 1132 1124 1826
3 1147 1132 1826
3 1082 1147 1826
3 1052 1070 1082
3 1042 1052 1082
3 1035 1042 1082
3 1003 1035 1082
3 964 1003 1082
3 936 964 1082
3 894 936 1082
3 842 894 1082
3 793 842 1082
3 757 793 1082
3 684 757 1082
3 674 684 1082
3 652 674 1082
3 644 652 1082
3 660 644 1082
3 618 660 1082
3 598 608 618
3 588 598 618
3 556 588 618
3 534 556 618
3 522 534 618
3 501 522 618
3 69 501 618
3 28 69 618
3 20 28 618
3 7 20 618
3 207 7 618
3 565 207 618
3 978 565 618
3 1093 978 618
3 1250 1093 618
3 1363 1250 618
3 1478 1363 618
3 1826 1478 618
3 1082 1826 618
3 78 15 8
3 94 78 8
3 102 94 8
3 107 102 8
3 115 107 8
3 126 115 8
3 153 126 8
3 179 153 8
3 190 179 8
3 265 190 8
3 298 280 265
3 314 298 265
3 327 314 265
3 359 327 265
3 407 359 265
3 427 407 265
3 452 427 265
3 470 452 265
3 489 470 265
3 512 489 265
3 543 512 265
3 979 577 543
3 1094 1011 979
3 1271 1101 1094
3 1251 1271 1094
3 1364 1369 1251
3 1472 1494 1364
3 1559 1498 1472
3 1621 1559 1472
3 1638 1621 1472
3 1656 1638 1472
3 1672 1656 1472
3 1688 1672 1472
3 1717 1688 1472
3 1742 1717 1472
3 1767 1742 1472
3 1740 1767 1472
3 1715 1740 1472
3 1993 1939 1715
3 2023 1993 1715
3 2034 2023 1715
3 2045 2034 1715
3 2050 2045 1715
3 2055 2050 1715
3 2040 2055 1715
3 1905 2040 1715
3 1887 1905 1715
3 1870 1887 1715
3 1837 1870 1715
3 1809 1837 1715
3 1787 1809 1715
3 1736 1787 1715
3 1700 1736 1715
3 1196 1700 1715
3 1186 1196 1715
3 1178 1186 1715
3 1166 1178 1715
3 1156 1166 1715
3 1140 1156 1715
3 1125 1140 1715
3 1133 1125 1715
3 1148 1133 1715
3 1083 1148 1715
3 1053 1071 1083
3 1043 1053 1083
3 1036 1043 1083
3 1004 1036 1083
3 965 1004 1083
3 937 965 1083
3 895 937 1083
3 843 895 1083
3 794 843 1083
3 758 794 1083
3 685 758 1083
3 675 685 1083
3 653 675 1083
3 645 653 1083
3 661 645 1083
3 619 661 1083
3 599 609 619
3 589 599 619
3 557 589 619
3 535 557 619
3 523 535 619
3 502 523 619
3 70 502 619
3 29 70 619
3 21 29 619
3 8 21 619
3 265 8 619
3 543 265 619
3 979 543 619
3 1094 979 619
3 1251 1094 619
3 1364 1251 619
3 1472 1364 619
3 1715 1472 619
3 1083 1715 619
3 246 269 282
3 217 246 282
3 171 217 282
3 161 171 282
3 147 161 282
3 139 147 282
3 133 139 282
3 55 58 133
3 45 55 133
3 39 45 133
3 42 39 133
3 61 42 133
3 50 35 61
3 53 33 50
3 82 53 50
3 85 82 50
3 111 85 50
3 122 119 111
3 144 122 111
3 168 144 111
3 223 168 111
3 260 235 223
3 275 260 223
3 343 275 223
3 361 343 223
3 371 361 223
3 377 371 223
3 777 393 377
3 835 637 873
3 1089 835 873
3 1119 1109 1089
3 1223 1160 1119
3 1209 1223 1119
3 1227 1237 1209
3 1375 1391 1227
3 1275 1375 1227
3 1225 1275 1227
3 1500 1523 1225
3 1550 1527 1500
3 1575 1550 1500
3 1680 1575 1500
3 1709 1680 1500
3 1728 1709 1500
3 1746 1728 1500
3 1754 1746 1500
3 1963 1930 1754
3 1983 1963 1754
3 1970 1983 1754
3 1921 1970 1754
3 1960 2005 1921
3 1979 2031 1960
3 1893 1979 1960
3 1815 1861 1893
3 1778 1798 1815
3 1773 1778 1815
3 1721 1773 1815
3 1690 1721 1815
3 1600 1690 1815
3 1561 1586 1600
3 1538 1561 1600
3 1509 1538 1600
3 1451 1509 1600
3 1434 1451 1600
3 1421 1434 1600
3 1409 1421 1600
3 1412 1409 1600
3 1021 1412 1600
3 958 991 1021
3 920 958 1021
3 802 920 1021
3 781 802 1021
3 743 781 1021
3 693 743 1021
3 702 693 1021
3 133 282 702
3 61 133 702
3 50 61 702
3 111 50 702
3 223 111 702
3 377 223 702
3 777 377 702
3 873 777 702
3 1089 873 702
3 1119 1089 702
3 1209 1119 702
3 1227 1209 702
3 1225 1227 702
3 1500 1225 702
3 1754 1500 702
3 1921 1754 702
3 1960 1921 702
3 1893 1960 702
3 1815 1893 702
3 1021 1600 1815
3 702 1021 1815
3 247 270 283
3 218 247 283
3 172 218 283
3 162 172 283
3 148 162 283
3 140 148 283
3 134 140 283
3 56 59 134
3 46 56 134
3 40 46 134
3 43 40 134
3 62 43 134
3 51 36 62
3 83 51 62
3 86 83 62
3 112 86 62
3 120 112 62
3 123 120 62
3 145 123 62
3 169 145 62
3 224 169 62
3 261 236 224
3 276 261 224
3 344 276 224
3 362 344 224
3 372 362 224
3 378 372 224
3 923 378 224
3 983 950 923
3 1030 983 923
3 1107 1030 923
3 1113 1107 923
3 1117 1113 923
3 1115 1117 923
3 1551 1528 1501
3 1576 1551 1501
3 1681 1576 1501
3 1710 1681 1501
3 1729 1710 1501
3 1747 1729 1501
3 1755 1747 1501
3 1964 1931 1755
3 1984 1964 1755
3 1971 1984 1755
3 1922 1971 1755
3 1961 2006 1922
3 1894 1961 1922
3 1862 1894 1922
3 1816 1862 1922
3 1799 1816 1922
3 1779 1799 1922
3 1774 1779 1922
3 1722 1774 1922
3 1691 1722 1922
3 1601 1691 1922
3 1562 1587 1601
3 1539 1562 1601
3 1510 1539 1601
3 1452 1510 1601
3 1435 1452 1601
3 1422 1435 1601
3 1410 1422 1601
3 1413 1410 1601
3 1022 1413 1601
3 959 992 1022
3 921 959 1022
3 803 921 1022
3 782 803 1022
3 744 782 1022
3 694 744 1022
3 703 694 1022
3 134 283 703
3 62 134 703
3 224 62 703
3 923 224 703
3 1115 923 703
3 1501 1115 703
3 1755 1501 703
3 1922 1755 703
3 1022 1601 1922
3 703 1022 1922
3 623 549 545
3 627 623 545
3 633 627 545
3 667 633 545
3 731 667 545
3 739 773 820
3 715 739 820
3 723 715 820
3 813 723 820
3 832 813 820
3 857 832 820
3 870 857 820
3 885 870 820
3 918 910 885
3 931 918 885
3 956 931 885
3 989 956 885
3 1019 989 885
3 1266 1019 885
3 1288 1266 885
3 1309 1288 885
3 1321 1309 885
3 1315 1321 885
3 1337 1315 885
3 1294 1337 885
3 1329 1294 885
3 1343 1329 885
3 1359 1343 885
3 1351 1359 885
3 1302 1351 885
3 1281 1302 885
3 1259 1281 885
3 1243 1259 885
3 1233 1243 885
3 1215 1233 885
3 1555 1532 1505
3 1580 1555 1505
3 1685 1580 1505
3 1731 1685 1505
3 1751 1731 1505
3 1759 1751 1505
3 1968 1935 1759
3 1988 1968 1759
3 1975 1988 1759
3 1926 1975 1759
3 1866 2010 1926
3 1820 1866 1926
3 1803 1820 1926
3 1783 1803 1926
3 1776 1783 1926
3 1724 1776 1926
3 1695 1724 1926
3 1605 1695 1926
3 1566 1591 1605
3 1543 1566 1605
3 1514 1543 1605
3 1456 1514 1605
3 1439 1456 1605
3 1426 1439 1605
3 1417 1426 1605
3 1026 1417 1605
3 972 996 1026
3 944 972 1026
3 902 944 1026
3 805 902 1026
3 765 805 1026
3 746 765 1026
3 698 746 1026
3 707 698 1026
3 581 707 1026
3 567 581 1026
3 561 567 1026
3 545 561 1026
3 731 545 1026
3 820 731 1026
3 885 820 1026
3 1215 885 1026
3 1505 1215 1026
3 1759 1505 1026
3 1926 1759 1026
3 1605 1926 1026
3 816 727 923
3 735 769 816
3 711 735 816
3 719 711 816
3 809 719 816
3 828 809 816
3 853 828 816
3 866 853 816
3 881 866 816
3 914 906 881
3 927 914 881
3 952 927 881
3 985 952 881
3 1015 985 881
3 1262 1015 881
3 1284 1262 881
3 1305 1284 881
3 1317 1305 881
3 1311 1317 881
3 1333 1311 881
3 1290 1333 881
3 1325 1290 881
3 1339 1325 881
3 1355 1339 881
3 1347 1355 881
3 1298 1347 881
3 1277 1298 881
3 1255 1277 881
3 1239 1255 881
3 1229 1239 881
3 1211 1229 881
3 1117 1115 1211
3 1113 1117 1211
3 1107 1113 1211
3 816 923 950
3 881 816 950
3 1107 1211 881
3 1030 1107 881
3 983 1030 881
3 950 983 881
3 87 37 98
3 130 87 98
3 176 130 98
3 225 176 98
3 237 225 98
3 262 237 98
3 277 262 98
3 345 277 98
3 363 345 98
3 373 363 98
3 379 373 98
3 728 379 98
3 736 770 817
3 712 736 817
3 720 712 817
3 810 720 817
3 829 810 817
3 854 829 817
3 867 854 817
3 882 867 817
3 915 907 882
3 928 915 882
3 953 928 882
3 986 953 882
3 1016 986 882
3 1263 1016 882
3 1285 1263 882
3 1306 1285 882
3 1318 1306 882
3 1312 1318 882
3 1334 1312 882
3 1291 1334 882
3 1326 1291 882
3 1340 1326 882
3 1356 1340 882
3 1348 1356 882
3 1299 1348 882
3 1278 1299 882
3 1256 1278 882
3 1240 1256 882
3 1230 1240 882
3 1212 1230 882
3 1552 1529 1502
3 1577 1552 1502
3 1682 1577 1502
3 1711 1682 1502
3 1748 1711 1502
3 1756 1748 1502
3 1965 1932 1756
3 1985 1965 1756
3 1972 1985 1756
3 1923 1972 1756
3 1863 2007 1923
3 1817 1863 1923
3 1800 1817 1923
3 1780 1800 1923
3 1763 1780 1923
3 1692 1763 1923
3 1602 1692 1923
3 1563 1588 1602
3 1540 1563 1602
3 1511 1540 1602
3 1453 1511 1602
3 1436 1453 1602
3 1423 1436 1602
3 1414 1423 1602
3 1023 1414 1602
3 969 993 1023
3 941 969 1023
3 899 941 1023
3 847 899 1023
3 798 847 1023
3 762 798 1023
3 695 762 1023
3 704 695 1023
3 248 271 284
3 219 248 284
3 173 219 284
3 163 173 284
3 149 163 284
3 141 149 284
3 135 141 284
3 98 74 135
3 728 98 135
3 882 817 728
3 1212 882 728
3 1756 1502 1212
3 1923 1756 1212
3 1602 1923 1212
3 1023 1602 1212
3 704 1023 1212
3 284 704 1212
3 135 284 1212
3 728 135 1212
3 131 99 183
3 204 131 183
3 238 226 204
3 263 238 204
3 278 263 204
3 346 278 204
3 364 346 204
3 374 364 204
3 380 374 204
3 729 380 204
3 737 771 818
3 713 737 818
3 721 713 818
3 811 721 818
3 830 811 818
3 855 830 818
3 868 855 818
3 883 868 818
3 916 908 883
3 929 916 883
3 954 929 883
3 987 954 883
3 1017 987 883
3 1264 1017 883
3 1286 1264 883
3 1307 1286 883
3 1319 1307 883
3 1313 1319 883
3 1335 1313 883
3 1292 1335 883
3 1327 1292 883
3 1341 1327 883
3 1357 1341 883
3 1349 1357 883
3 1300 1349 883
3 1279 1300 883
3 1257 1279 883
3 1241 1257 883
3 1231 1241 883
3 1213 1231 883
3 1553 1530 1503
3 1578 1553 1503
3 1683 1578 1503
3 1712 1683 1503
3 1749 1712 1503
3 1757 1749 1503
3 1966 1933 1757
3 1986 1966 1757
3 1973 1986 1757
3 1924 1973 1757
3 1864 2008 1924
3 1818 1864 1924
3 1801 1818 1924
3 1781 1801 1924
3 1764 1781 1924
3 1693 1764 1924
3 1603 1693 1924
3 1564 1589 1603
3 1541 1564 1603
3 1512 1541 1603
3 1454 1512 1603
3 1437 1454 1603
3 1424 1437 1603
3 1415 1424 1603
3 1024 1415 1603
3 970 994 1024
3 942 970 1024
3 900 942 1024
3 848 900 1024
3 799 848 1024
3 763 799 1024
3 696 763 1024
3 705 696 1024
3 249 272 285
3 220 249 285
3 174 220 285
3 164 174 285
3 150 164 285
3 142 150 285
3 136 142 285
3 183 136 285
3 204 183 285
3 729 204 285
3 883 818 729
3 1213 883 729
3 1757 1503 1213
3 1924 1757 1213
3 1603 1924 1213
3 1024 1603 1213
3 705 1024 1213
3 285 705 1213
3 729 285 1213
3 205 137 202
3 227 205 202
3 300 227 202
3 347 308 300
3 365 347 300
3 375 365 300
3 381 375 300
3 730 381 300
3 738 772 819
3 714 738 819
3 722 714 819
3 812 722 819
3 831 812 819
3 856 831 819
3 869 856 819
3 884 869 819
3 917 909 884
3 930 917 884
3 955 930 884
3 988 955 884
3 1018 988 884
3 1265 1018 884
3 1287 1265 884
3 1308 1287 884
3 1320 1308 884
3 1314 1320 884
3 1336 1314 884
3 1293 1336 884
3 1328 1293 884
3 1342 1328 884
3 1358 1342 884
3 1350 1358 884
3 1301 1350 884
3 1280 1301 884
3 1258 1280 884
3 1242 1258 884
3 1232 1242 884
3 1214 1232 884
3 1554 1531 1504
3 1579 1554 1504
3 1684 1579 1504
3 1713 1684 1504
3 1750 1713 1504
3 1758 1750 1504
3 1967 1934 1758
3 1987 1967 1758
3 1974 1987 1758
3 1925 1974 1758
3 1865 2009 1925
3 1819 1865 1925
3 1802 1819 1925
3 1782 1802 1925
3 1765 1782 1925
3 1694 1765 1925
3 1604 1694 1925
3 1565 1590 1604
3 1542 1565 1604
3 1513 1542 1604
3 1455 1513 1604
3 1438 1455 1604
3 1425 1438 1604
3 1416 1425 1604
3 1025 1416 1604
3 971 995 1025
3 943 971 1025
3 901 943 1025
3 849 901 1025
3 800 849 1025
3 764 800 1025
3 697 764 1025
3 706 697 1025
3 250 273 286
3 221 250 286
3 200 221 286
3 202 200 286
3 300 202 286
3 730 300 286
3 884 819 730
3 1214 884 730
3 1758 1504 1214
3 1925 1758 1214
3 1604 1925 1214
3 1025 1604 1214
3 706 1025 1214
3 286 706 1214
3 730 286 1214
3 624 550 546
3 628 624 546
3 634 628 546
3 668 634 546
3 732 668 546
3 740 774 821
3 716 740 821
3 724 716 821
3 814 724 821
3 833 814 821
3 858 833 821
3 871 858 821
3 886 871 821
3 1047 886 821
3 1219 1077 1047
3 1200 1219 1047
3 1295 1200 1047
3 1330 1295 1047
3 1344 1330 1047
3 1360 1344 1047
3 1352 1360 1047
3 1303 1352 1047
3 1282 1303 1047
3 1260 1282 1047
3 1244 1260 1047
3 1234 1244 1047
3 1216 1234 1047
3 1556 1533 1506
3 1581 1556 1506
3 1686 1581 1506
3 1732 1686 1506
3 1752 1732 1506
3 1760 1752 1506
3 1674 1760 1506
3 1769 1853 1674
3 1627 1769 1674
3 1606 1627 1674
3 1592 1606 1674
3 1567 1592 1674
3 1544 1567 1674
3 1515 1544 1674
3 1457 1515 1674
3 1440 1457 1674
3 1427 1440 1674
3 1418 1427 1674
3 1027 1418 1674
3 973 997 1027
3 945 973 1027
3 903 945 1027
3 806 903 1027
3 766 806 1027
3 747 766 1027
3 699 747 1027
3 708 699 1027
3 582 708 1027
3 568 582 1027
3 562 568 1027
3 546 562 1027
3 732 546 1027
3 821 732 1027
3 1047 821 1027
3 1216 1047 1027
3 1506 1216 1027
3 1674 1506 1027
3 625 551 547
3 629 625 547
3 635 629 547
3 669 635 547
3 733 669 547
3 741 775 822
3 717 741 822
3 725 717 822
3 779 725 822
3 862 779 822
3 1201 887 862
3 1296 1201 862
3 1331 1296 862
3 1345 1331 862
3 1361 1345 862
3 1353 1361 862
3 1323 1353 862
3 1246 1323 862
3 1235 1246 862
3 1217 1235 862
3 1557 1534 1507
3 1582 1557 1507
3 1642 1582 1507
3 1636 1642 1507
3 1761 1636 1507
3 1675 1761 1507
3 1628 1675 1507
3 1607 1628 1507
3 1476 1607 1507
3 1468 1476 1507
3 1458 1468 1507
3 1441 1458 1507
3 1428 1441 1507
3 1419 1428 1507
3 1028 1419 1507
3 974 998 1028
3 946 974 1028
3 904 946 1028
3 807 904 1028
3 767 807 1028
3 748 767 1028
3 700 748 1028
3 709 700 1028
3 583 709 1028
3 569 583 1028
3 563 569 1028
3 547 563 1028
3 733 547 1028
3 822 733 1028
3 862 822 1028
3 1217 862 1028
3 1507 1217 1028
3 1190 1008 788
3 1111 1190 788
3 1584 1111 788
3 1488 1584 788
3 1 65 160
3 186 1 160
3 241 186 160
3 255 241 160
3 268 255 160
3 295 268 160
3 303 295 160
3 322 303 160
3 332 322 160
3 354 340 332
3 384 354 332
3 410 384 332
3 420 410 332
3 430 420 332
3 442 430 332
3 459 442 332
3 468 459 332
3 475 468 332
3 666 507 475
3 692 666 475
3 825 753 692
3 861 825 692
3 876 861 692
3 890 876 692
3 913 890 692
3 926 913 692
3 949 926 692
3 977 949 692
3 1388 1380 1374
3 1398 1388 1374
3 1404 1398 1374
3 1406 1404 1374
3 1431 1406 1374
3 1450 1431 1374
3 1665 1465 1450
3 1678 1665 1450
3 1745 1705 1678
3 1796 1745 1678
3 1833 1796 1678
3 1881 1833 1678
3 1910 1881 1678
3 1946 1910 1678
3 1955 1946 1678
3 2002 1955 1678
3 2013 2002 1678
3 1998 2013 1678
3 1916 1998 1678
3 2060 2064 1916
3 1860 2060 1916
3 1879 1860 1916
3 1626 1879 1916
3 1106 1400 1463
3 827 1076 1106
3 517 785 827
3 574 517 827
3 542 492 574
3 160 253 289
3 332 160 289
3 475 332 289
3 692 475 289
3 977 692 289
3 1374 977 289
3 1450 1374 289
3 1678 1450 289
3 1916 1678 289
3 1626 1916 289
3 1463 1626 289
3 827 1106 1463
3 574 827 1463
3 542 574 1463
3 289 542 1463
3 187 2 66
3 341 333 319
3 355 341 319
3 385 355 319
3 411 385 319
3 421 411 319
3 431 421 319
3 443 431 319
3 460 443 319
3 469 460 319
3 476 469 319
3 482 476 319
3 486 482 319
3 488 486 319
3 484 488 319
3 480 484 319
3 632 480 319
3 680 640 632
3 690 680 632
3 751 690 632
3 787 751 632
3 838 787 632
3 852 838 632
3 878 852 632
3 1394 878 632
3 1402 1394 632
3 1408 1402 632
3 1433 1408 632
3 1444 1433 632
3 1446 1444 632
3 1448 1446 632
3 1645 1448 632
3 1661 1651 1645
3 1667 1661 1645
3 1679 1667 1645
3 1706 1679 1645
3 1797 1706 1645
3 1834 1797 1645
3 1882 1834 1645
3 1911 1882 1645
3 1947 1911 1645
3 1956 1947 1645
3 2003 1956 1645
3 2014 2003 1645
3 1999 2014 1645
3 1917 1999 1645
3 1857 2065 1917
3 498 1857 1917
3 518 498 1917
3 90 518 1917
3 187 66 90
3 319 187 90
3 632 319 90
3 1645 632 90
3 1917 1645 90
3 188 3 499
3 320 188 499
3 334 320 499
3 342 334 499
3 356 342 499
3 386 356 499
3 412 386 499
3 422 412 499
3 432 422 499
3 445 432 499
3 1846 445 499
3 1883 1846 499
3 1912 1883 499
3 2004 1957 1912
3 2015 2004 1912
3 2000 2015 1912
3 1918 2000 1912
3 1858 2066 1918
3 1193 1858 1918
3 1183 1193 1918
3 1175 1183 1918
3 1171 1175 1918
3 1163 1171 1918
3 1153 1163 1918
3 1138 1153 1918
3 1122 1138 1918
3 1130 1122 1918
3 1145 1130 1918
3 1080 1145 1918
3 1060 1068 1080
3 1050 1060 1080
3 1041 1050 1080
3 1033 1041 1080
3 1001 1033 1080
3 962 1001 1080
3 934 962 1080
3 892 934 1080
3 840 892 1080
3 791 840 1080
3 755 791 1080
3 682 755 1080
3 672 682 1080
3 650 672 1080
3 642 650 1080
3 658 642 1080
3 616 658 1080
3 596 606 616
3 586 596 616
3 572 586 616
3 554 572 616
3 532 554 616
3 520 532 616
3 499 520 616
3 1912 499 616
3 1918 1912 616
3 1080 1918 616
3 1772 1903 2062
3 1194 1698 1772
3 1184 1194 1772
3 1176 1184 1772
3 1172 1176 1772
3 1164 1172 1772
3 1154 1164 1772
3 1123 1154 1772
3 1131 1123 1772
3 1146 1131 1772
3 1061 1069 1081
3 1051 1061 1081
3 1034 1051 1081
3 1002 1034 1081
3 963 1002 1081
3 935 963 1081
3 893 935 1081
3 841 893 1081
3 792 841 1081
3 756 792 1081
3 683 756 1081
3 673 683 1081
3 651 673 1081
3 643 651 1081
3 659 643 1081
3 617 659 1081
3 587 607 617
3 555 587 617
3 533 555 617
3 521 533 617
3 500 521 617
3 68 500 617
3 92 68 617
3 13 92 617
3 158 13 617
3 245 158 617
3 259 245 617
3 291 259 617
3 307 291 617
3 324 307 617
3 358 324 617
3 398 358 617
3 416 398 617
3 438 416 617
3 604 614 438
3 1269 1099 1092
3 1249 1269 1092
3 1875 1547 1526
3 1806 1875 1526
3 1844 1806 1526
3 1885 1844 1526
3 1914 1885 1526
3 1951 1914 1526
3 1991 1951 1526
3 2017 1991 1526
3 2019 2017 1526
3 2028 2019 1526
3 1772 2062 2028
3 1146 1772 2028
3 1081 1146 2028
3 617 1081 2028
3 438 617 2028
3 604 438 2028
3 1092 604 2028
3 1249 1092 2028
3 1526 1249 2028
3 1195 1699 1735
3 1185 1195 1735
3 1173 1185 1735
3 1155 1173 1735
3 1124 1155 1735
3 1147 1124 1735
3 1062 1070 1082
3 1052 1062 1082
3 1035 1052 1082
3 1003 1035 1082
3 964 1003 1082
3 936 964 1082
3 894 936 1082
3 842 894 1082
3 793 842 1082
3 757 793 1082
3 684 757 1082
3 674 684 1082
3 652 674 1082
3 644 652 1082
3 660 644 1082
3 618 660 1082
3 598 608 618
3 588 598 618
3 556 588 618
3 534 556 618
3 522 534 618
3 501 522 618
3 49 501 618
3 28 49 618
3 26 28 618
3 20 26 618
3 7 20 618
3 5 7 618
3 14 5 618
3 77 14 618
3 167 77 618
3 195 167 618
3 197 195 618
3 199 197 618
3 210 199 618
3 243 210 618
3 297 243 618
3 311 297 618
3 330 311 618
3 390 330 618
3 426 390 618
3 447 426 618
3 462 447 618
3 496 462 618
3 540 496 618
3 576 540 618
3 594 576 618
3 865 594 618
3 880 865 618
3 1093 880 618
3 1270 1100 1093
3 1250 1270 1093
3 1390 1396 1250
3 1493 1520 1390
3 1631 1597 1493
3 1671 1631 1493
3 1708 1671 1493
3 1794 1708 1493
3 1825 1794 1493
3 1850 1825 1493
3 1901 1850 1493
3 1944 1901 1493
3 1959 1944 1493
3 1982 1959 1493
3 1978 1982 1493
3 1953 1978 1493
3 1938 1953 1493
3 1877 1938 1493
3 1904 2039 1877
3 1892 1904 1877
3 1869 1892 1877
3 1836 1869 1877
3 1808 1836 1877
3 1786 1808 1877
3 1735 1786 1877
3 1147 1735 1877
3 1082 1147 1877
3 618 1082 1877
3 1093 618 1877
3 1250 1093 1877
3 1390 1250 1877
3 1493 1390 1877
3 78 15 8
3 94 78 8
3 102 94 8
3 107 102 8
3 115 107 8
3 126 115 8
3 153 126 8
3 179 153 8
3 190 179 8
3 208 190 8
3 232 214 208
3 257 232 208
3 293 257 208
3 313 293 208
3 338 313 208
3 404 338 208
3 440 404 208
3 466 440 208
3 509 466 208
3 528 509 208
3 566 528 208
3 979 577 566
3 1094 1011 979
3 1271 1101 1094
3 1251 1271 1094
3 1364 1369 1251
3 1479 1494 1364
3 1599 1537 1479
3 1635 1599 1479
3 1663 1635 1479
3 1720 1663 1479
3 1792 1720 1479
3 1814 1792 1479
3 1842 1814 1479
3 1852 1842 1479
3 1848 1852 1479
3 1831 1848 1479
3 1827 1831 1479
3 1993 1939 1827
3 2023 1993 1827
3 2034 2023 1827
3 2045 2034 1827
3 2050 2045 1827
3 2055 2050 1827
3 2040 2055 1827
3 1905 2040 1827
3 1887 1905 1827
3 1870 1887 1827
3 1837 1870 1827
3 1809 1837 1827
3 1787 1809 1827
3 1736 1787 1827
3 1700 1736 1827
3 1196 1700 1827
3 1186 1196 1827
3 1178 1186 1827
3 1166 1178 1827
3 1156 1166 1827
3 1140 1156 1827
3 1125 1140 1827
3 1133 1125 1827
3 1148 1133 1827
3 1083 1148 1827
3 1053 1071 1083
3 1043 1053 1083
3 1036 1043 1083
3 1004 1036 1083
3 965 1004 1083
3 937 965 1083
3 895 937 1083
3 843 895 1083
3 794 843 1083
3 758 794 1083
3 685 758 1083
3 675 685 1083
3 653 675 1083
3 645 653 1083
3 661 645 1083
3 619 661 1083
3 599 609 619
3 589 599 619
3 557 589 619
3 535 557 619
3 523 535 619
3 502 523 619
3 70 502 619
3 29 70 619
3 21 29 619
3 8 21 619
3 208 8 619
3 566 208 619
3 979 566 619
3 1094 979 619
3 1251 1094 619
3 1364 1251 619
3 1479 1364 619
3 1827 1479 619
3 1083 1827 619
3 79 16 9
3 95 79 9
3 103 95 9
3 108 103 9
3 116 108 9
3 127 116 9
3 154 127 9
3 180 154 9
3 191 180 9
3 266 191 9
3 299 281 266
3 315 299 266
3 328 315 266
3 360 328 266
3 408 360 266
3 428 408 266
3 453 428 266
3 471 453 266
3 490 471 266
3 513 490 266
3 544 513 266
3 980 578 544
3 1095 1012 980
3 1272 1102 1095
3 1252 1272 1095
3 1365 1370 1252
3 1473 1495 1365
3 1560 1499 1473
3 1622 1560 1473
3 1639 1622 1473
3 1657 1639 1473
3 1673 1657 1473
3 1689 1673 1473
3 1718 1689 1473
3 1743 1718 1473
3 1768 1743 1473
3 1741 1768 1473
3 1716 1741 1473
3 1994 1940 1716
3 2024 1994 1716
3 2035 2024 1716
3 2046 2035 1716
3 2051 2046 1716
3 2056 2051 1716
3 2041 2056 1716
3 1906 2041 1716
3 1888 1906 1716
3 1871 1888 1716
3 1838 1871 1716
3 1810 1838 1716
3 1788 1810 1716
3 1737 1788 1716
3 1701 1737 1716
3 1197 1701 1716
3 1187 1197 1716
3 1179 1187 1716
3 1167 1179 1716
3 1157 1167 1716
3 1141 1157 1716
3 1126 1141 1716
3 1134 1126 1716
3 1149 1134 1716
3 1084 1149 1716
3 1054 1072 1084
3 1044 1054 1084
3 1037 1044 1084
3 1005 1037 1084
3 966 1005 1084
3 938 966 1084
3 896 938 1084
3 844 896 1084
3 795 844 1084
3 759 795 1084
3 686 759 1084
3 676 686 1084
3 654 676 1084
3 646 654 1084
3 662 646 1084
3 620 662 1084
3 600 610 620
3 590 600 620
3 558 590 620
3 536 558 620
3 524 536 620
3 503 524 620
3 71 503 620
3 30 71 620
3 22 30 620
3 9 22 620
3 266 9 620
3 544 266 620
3 980 544 620
3 1095 980 620
3 1252 1095 620
3 1365 1252 620
3 1473 1365 620
3 1716 1473 620
3 1084 1716 620
3 80 17 10
3 96 80 10
3 104 96 10
3 109 104 10
3 117 109 10
3 128 117 10
3 155 128 10
3 181 155 10
3 192 181 10
3 335 192 10
3 367 349 335
3 391 367 335
3 405 391 335
3 417 405 335
3 433 417 335
3 448 433 335
3 456 448 335
3 463 456 335
3 477 463 335
3 493 477 335
3 514 493 335
3 981 579 514
3 1096 1013 981
3 1273 1103 1096
3 1253 1273 1096
3 1366 1371 1253
3 1460 1496 1366
3 1486 1470 1460
3 1517 1486 1460
3 1548 1517 1460
3 1569 1548 1460
3 1573 1569 1460
3 1594 1573 1460
3 1611 1594 1460
3 1615 1611 1460
3 1619 1615 1460
3 1617 1619 1460
3 1609 1617 1460
3 1995 1941 1609
3 2025 1995 1609
3 2036 2025 1609
3 2047 2036 1609
3 2052 2047 1609
3 2057 2052 1609
3 2042 2057 1609
3 1907 2042 1609
3 1889 1907 1609
3 1872 1889 1609
3 1839 1872 1609
3 1811 1839 1609
3 1789 1811 1609
3 1738 1789 1609
3 1702 1738 1609
3 1198 1702 1609
3 1188 1198 1609
3 1180 1188 1609
3 1168 1180 1609
3 1158 1168 1609
3 1142 1158 1609
3 1127 1142 1609
3 1135 1127 1609
3 1150 1135 1609
3 1085 1150 1609
3 1055 1073 1085
3 1045 1055 1085
3 1038 1045 1085
3 1006 1038 1085
3 967 1006 1085
3 939 967 1085
3 897 939 1085
3 845 897 1085
3 796 845 1085
3 760 796 1085
3 687 760 1085
3 677 687 1085
3 655 677 1085
3 647 655 1085
3 663 647 1085
3 621 663 1085
3 601 611 621
3 591 601 621
3 559 591 621
3 537 559 621
3 525 537 621
3 504 525 621
3 72 504 621
3 31 72 621
3 23 31 621
3 10 23 621
3 335 10 621
3 514 335 621
3 981 514 621
3 1096 981 621
3 1253 1096 621
3 1366 1253 621
3 1460 1366 621
3 1609 1460 621
3 1085 1609 621
3 81 18 11
3 97 81 11
3 105 97 11
3 110 105 11
3 118 110 11
3 129 118 11
3 156 129 11
3 182 156 11
3 193 182 11
3 336 193 11
3 368 350 336
3 392 368 336
3 406 392 336
3 418 406 336
3 434 418 336
3 449 434 336
3 457 449 336
3 464 457 336
3 478 464 336
3 494 478 336
3 515 494 336
3 982 580 515
3 1097 1014 982
3 1274 1104 1097
3 1254 1274 1097
3 1367 1372 1254
3 1461 1497 1367
3 1487 1471 1461
3 1518 1487 1461
3 1549 1518 1461
3 1570 1549 1461
3 1574 1570 1461
3 1595 1574 1461
3 1612 1595 1461
3 1616 1612 1461
3 1620 1616 1461
3 1618 1620 1461
3 1610 1618 1461
3 1996 1942 1610
3 2026 1996 1610
3 2037 2026 1610
3 2048 2037 1610
3 2053 2048 1610
3 2058 2053 1610
3 2043 2058 1610
3 1908 2043 1610
3 1890 1908 1610
3 1873 1890 1610
3 1840 1873 1610
3 1812 1840 1610
3 1790 1812 1610
3 1739 1790 1610
3 1703 1739 1610
3 1199 1703 1610
3 1189 1199 1610
3 1181 1189 1610
3 1169 1181 1610
3 1159 1169 1610
3 1143 1159 1610
3 1128 1143 1610
3 1136 1128 1610
3 1151 1136 1610
3 1086 1151 1610
3 1056 1074 1086
3 1046 1056 1086
3 1039 1046 1086
3 1007 1039 1086
3 968 1007 1086
3 940 968 1086
3 898 940 1086
3 846 898 1086
3 797 846 1086
3 761 797 1086
3 688 761 1086
3 678 688 1086
3 656 678 1086
3 648 656 1086
3 664 648 1086
3 622 664 1086
3 602 612 622
3 592 602 622
3 560 592 622
3 538 560 622
3 526 538 622
3 505 526 622
3 73 505 622
3 32 73 622
3 24 32 622
3 11 24 622
3 336 11 622
3 515 336 622
3 982 515 622
3 1097 982 622
3 1254 1097 622
3 1367 1254 622
3 1461 1367 622
3 1610 1461 622
3 1086 1610 622
3 247 270 283
3 218 247 283
3 172 218 283
3 162 172 283
3 148 162 283
3 140 148 283
3 134 140 283
3 56 59 134
3 46 56 134
3 40 46 134
3 43 40 134
3 62 43 134
3 51 36 62
3 54 34 51
3 83 54 51
3 86 83 51
3 112 86 51
3 123 120 112
3 145 123 112
3 169 145 112
3 224 169 112
3 261 236 224
3 276 261 224
3 344 276 224
3 362 344 224
3 372 362 224
3 378 372 224
3 778 394 378
3 836 638 874
3 1090 836 874
3 1120 1110 1090
3 1224 1161 1120
3 1210 1224 1120
3 1228 1238 1210
3 1376 1392 1228
3 1276 1376 1228
3 1226 1276 1228
3 1501 1524 1226
3 1551 1528 1501
3 1576 1551 1501
3 1681 1576 1501
3 1710 1681 1501
3 1729 1710 1501
3 1747 1729 1501
3 1755 1747 1501
3 1964 1931 1755
3 1984 1964 1755
3 1971 1984 1755
3 1922 1971 1755
3 1961 2006 1922
3 1980 2032 1961
3 1894 1980 1961
3 1816 1862 1894
3 1779 1799 1816
3 1774 1779 1816
3 1722 1774 1816
3 1691 1722 1816
3 1601 1691 1816
3 1562 1587 1601
3 1539 1562 1601
3 1510 1539 1601
3 1452 1510 1601
3 1435 1452 1601
3 1422 1435 1601
3 1410 1422 1601
3 1413 1410 1601
3 1022 1413 1601
3 959 992 1022
3 921 959 1022
3 803 921 1022
3 782 803 1022
3 744 782 1022
3 694 744 1022
3 703 694 1022
3 134 283 703
3 62 134 703
3 51 62 703
3 112 51 703
3 224 112 703
3 378 224 703
3 778 378 703
3 874 778 703
3 1090 874 703
3 1120 1090 703
3 1210 1120 703
3 1228 1210 703
3 1226 1228 703
3 1501 1226 703
3 1755 1501 703
3 1922 1755 703
3 1961 1922 703
3 1894 1961 703
3 1816 1894 703
3 1022 1601 1816
3 703 1022 1816
3 248 271 284
3 219 248 284
3 173 219 284
3 163 173 284
3 149 163 284
3 141 149 284
3 135 141 284
3 57 60 135
3 47 57 135
3 41 47 135
3 44 41 135
3 63 44 135
3 52 37 63
3 84 52 63
3 87 84 63
3 113 87 63
3 121 113 63
3 124 121 63
3 146 124 63
3 170 146 63
3 225 170 63
3 262 237 225
3 277 262 225
3 345 277 225
3 363 345 225
3 373 363 225
3 379 373 225
3 924 379 225
3 984 951 924
3 1031 984 924
3 1108 1031 924
3 1114 1108 924
3 1118 1114 924
3 1116 1118 924
3 1552 1529 1502
3 1577 1552 1502
3 1682 1577 1502
3 1711 1682 1502
3 1730 1711 1502
3 1748 1730 1502
3 1756 1748 1502
3 1965 1932 1756
3 1985 1965 1756
3 1972 1985 1756
3 1923 1972 1756
3 1962 2007 1923
3 1895 1962 1923
3 1863 1895 1923
3 1817 1863 1923
3 1800 1817 1923
3 1780 1800 1923
3 1775 1780 1923
3 1723 1775 1923
3 1692 1723 1923
3 1602 1692 1923
3 1563 1588 1602
3 1540 1563 1602
3 1511 1540 1602
3 1453 1511 1602
3 1436 1453 1602
3 1423 1436 1602
3 1411 1423 1602
3 1414 1411 1602
3 1023 1414 1602
3 960 993 1023
3 922 960 1023
3 804 922 1023
3 783 804 1023
3 745 783 1023
3 695 745 1023
3 704 695 1023
3 135 284 704
3 63 135 704
3 225 63 704
3 924 225 704
3 1116 924 704
3 1502 1116 704
3 1756 1502 704
3 1923 1756 704
3 1023 1602 1923
3 704 1023 1923
3 817 728 924
3 736 770 817
3 712 736 817
3 720 712 817
3 810 720 817
3 829 810 817
3 854 829 817
3 867 854 817
3 882 867 817
3 915 907 882
3 928 915 882
3 953 928 882
3 986 953 882
3 1016 986 882
3 1263 1016 882
3 1285 1263 882
3 1306 1285 882
3 1318 1306 882
3 1312 1318 882
3 1334 1312 882
3 1291 1334 882
3 1326 1291 882
3 1340 1326 882
3 1356 1340 882
3 1348 1356 882
3 1299 1348 882
3 1278 1299 882
3 1256 1278 882
3 1240 1256 882
3 1230 1240 882
3 1212 1230 882
3 1118 1116 1212
3 1114 1118 1212
3 1108 1114 1212
3 817 924 951
3 882 817 951
3 1108 1212 882
3 1031 1108 882
3 984 1031 882
3 951 984 882
3 88 38 99
3 131 88 99
3 177 131 99
3 226 177 99
3 238 226 99
3 263 238 99
3 278 263 99
3 346 278 99
3 364 346 99
3 374 364 99
3 380 374 99
3 729 380 99
3 737 771 818
3 713 737 818
3 721 713 818
3 811 721 818
3 830 811 818
3 855 830 818
3 868 855 818
3 883 868 818
3 916 908 883
3 929 916 883
3 954 929 883
3 987 954 883
3 1017 987 883
3 1264 1017 883
3 1286 1264 883
3 1307 1286 883
3 1319 1307 883
3 1313 1319 883
3 1335 1313 883
3 1292 1335 883
3 1327 1292 883
3 1341 1327 883
3 1357 1341 883
3 1349 1357 883
3 1300 1349 883
3 1279 1300 883
3 1257 1279 883
3 1241 1257 883
3 1231 1241 883
3 1213 1231 883
3 1553 1530 1503
3 1578 1553 1503
3 1683 1578 1503
3 1712 1683 1503
3 1749 1712 1503
3 1757 1749 1503
3 1966 1933 1757
3 1986 1966 1757
3 1973 1986 1757
3 1924 1973 1757
3 1864 2008 1924
3 1818 1864 1924
3 1801 1818 1924
3 1781 1801 1924
3 1764 1781 1924
3 1693 1764 1924
3 1603 1693 1924
3 1564 1589 1603
3 1541 1564 1603
3 1512 1541 1603
3 1454 1512 1603
3 1437 1454 1603
3 1424 1437 1603
3 1415 1424 1603
3 1024 1415 1603
3 970 994 1024
3 942 970 1024
3 900 942 1024
3 848 900 1024
3 799 848 1024
3 763 799 1024
3 696 763 1024
3 705 696 1024
3 249 272 285
3 220 249 285
3 174 220 285
3 164 174 285
3 150 164 285
3 142 150 285
3 136 142 285
3 99 75 136
3 729 99 136
3 883 818 729
3 1213 883 729
3 1757 1503 1213
3 1924 1757 1213
3 1603 1924 1213
3 1024 1603 1213
3 705 1024 1213
3 285 705 1213
3 136 285 1213
3 729 136 1213
3 132 100 184
3 205 132 184
3 239 227 205
3 264 239 205
3 279 264 205
3 347 279 205
3 365 347 205
3 375 365 205
3 381 375 205
3 730 381 205
3 738 772 819
3 714 738 819
3 722 714 819
3 812 722 819
3 831 812 819
3 856 831 819
3 869 856 819
3 884 869 819
3 917 909 884
3 930 917 884
3 955 930 884
3 988 955 884
3 1018 988 884
3 1265 1018 884
3 1287 1265 884
3 1308 1287 884
3 1320 1308 884
3 1314 1320 884
3 1336 1314 884
3 1293 1336 884
3 1328 1293 884
3 1342 1328 884
3 1358 1342 884
3 1350 1358 884
3 1301 1350 884
3 1280 1301 884
3 1258 1280 884
3 1242 1258 884
3 1232 1242 884
3 1214 1232 884
3 1554 1531 1504
3 1579 1554 1504
3 1684 1579 1504
3 1713 1684 1504
3 1750 1713 1504
3 1758 1750 1504
3 1967 1934 1758
3 1987 1967 1758
3 1974 1987 1758
3 1925 1974 1758
3 1865 2009 1925
3 1819 1865 1925
3 1802 1819 1925
3 1782 1802 1925
3 1765 1782 1925
3 1694 1765 1925
3 1604 1694 1925
3 1565 1590 1604
3 1542 1565 1604
3 1513 1542 1604
3 1455 1513 1604
3 1438 1455 1604
3 1425 1438 1604
3 1416 1425 1604
3 1025 1416 1604
3 971 995 1025
3 943 971 1025
3 901 943 1025
3 849 901 1025
3 800 849 1025
3 764 800 1025
3 697 764 1025
3 706 697 1025
3 250 273 286
3 221 250 286
3 175 221 286
3 165 175 286
3 151 165 286
3 143 151 286
3 137 143 286
3 184 137 286
3 205 184 286
3 730 205 286
3 884 819 730
3 1214 884 730
3 1758 1504 1214
3 1925 1758 1214
3 1604 1925 1214
3 1025 1604 1214
3 706 1025 1214
3 286 706 1214
3 730 286 1214
3 206 138 203
3 228 206 203
3 301 228 203
3 348 309 301
3 366 348 301
3 376 366 301
3 382 376 301
3 731 382 301
3 739 773 820
3 715 739 820
3 723 715 820
3 813 723 820
3 832 813 820
3 857 832 820
3 870 857 820
3 885 870 820
3 918 910 885
3 931 918 885
3 956 931 885
3 989 956 885
3 1019 989 885
3 1266 1019 885
3 1288 1266 885
3 1309 1288 885
3 1321 1309 885
3 1315 1321 885
3 1337 1315 885
3 1294 1337 885
3 1329 1294 885
3 1343 1329 885
3 1359 1343 885
3 1351 1359 885
3 1302 1351 885
3 1281 1302 885
3 1259 1281 885
3 1243 1259 885
3 1233 1243 885
3 1215 1233 885
3 1555 1532 1505
3 1580 1555 1505
3 1685 1580 1505
3 1714 1685 1505
3 1751 1714 1505
3 1759 1751 1505
3 1968 1935 1759
3 1988 1968 1759
3 1975 1988 1759
3 1926 1975 1759
3 1866 2010 1926
3 1820 1866 1926
3 1803 1820 1926
3 1783 1803 1926
3 1766 1783 1926
3 1695 1766 1926
3 1605 1695 1926
3 1566 1591 1605
3 1543 1566 1605
3 1514 1543 1605
3 1456 1514 1605
3 1439 1456 1605
3 1426 1439 1605
3 1417 1426 1605
3 1026 1417 1605
3 972 996 1026
3 944 972 1026
3 902 944 1026
3 850 902 1026
3 801 850 1026
3 765 801 1026
3 698 765 1026
3 707 698 1026
3 251 274 287
3 222 251 287
3 201 222 287
3 203 201 287
3 301 203 287
3 731 301 287
3 885 820 731
3 1215 885 731
3 1759 1505 1215
3 1926 1759 1215
3 1605 1926 1215
3 1026 1605 1215
3 707 1026 1215
3 287 707 1215
3 731 287 1215
3 624 550 546
3 628 624 546
3 634 628 546
3 668 634 546
3 732 668 546
3 740 774 821
3 716 740 821
3 724 716 821
3 814 724 821
3 833 814 821
3 858 833 821
3 871 858 821
3 886 871 821
3 919 911 886
3 932 919 886
3 957 932 886
3 990 957 886
3 1020 990 886
3 1267 1020 886
3 1289 1267 886
3 1310 1289 886
3 1322 1310 886
3 1316 1322 886
3 1338 1316 886
3 1295 1338 886
3 1330 1295 886
3 1344 1330 886
3 1360 1344 886
3 1352 1360 886
3 1303 1352 886
3 1282 1303 886
3 1260 1282 886
3 1244 1260 886
3 1234 1244 886
3 1216 1234 886
3 1556 1533 1506
3 1581 1556 1506
3 1686 1581 1506
3 1732 1686 1506
3 1752 1732 1506
3 1760 1752 1506
3 1969 1936 1760
3 1989 1969 1760
3 1976 1989 1760
3 1927 1976 1760
3 1867 2011 1927
3 1821 1867 1927
3 1804 1821 1927
3 1784 1804 1927
3 1777 1784 1927
3 1725 1777 1927
3 1696 1725 1927
3 1606 1696 1927
3 1567 1592 1606
3 1544 1567 1606
3 1515 1544 1606
3 1457 1515 1606
3 1440 1457 1606
3 1427 1440 1606
3 1418 1427 1606
3 1027 1418 1606
3 973 997 1027
3 945 973 1027
3 903 945 1027
3 806 903 1027
3 766 806 1027
3 747 766 1027
3 699 747 1027
3 708 699 1027
3 582 708 1027
3 568 582 1027
3 562 568 1027
3 546 562 1027
3 732 546 1027
3 821 732 1027
3 886 821 1027
3 1216 886 1027
3 1506 1216 1027
3 1760 1506 1027
3 1927 1760 1027
3 1606 1927 1027
3 625 551 547
3 629 625 547
3 635 629 547
3 669 635 547
3 733 669 547
3 741 775 822
3 717 741 822
3 725 717 822
3 815 725 822
3 834 815 822
3 859 834 822
3 872 859 822
3 887 872 822
3 1048 887 822
3 1220 1078 1048
3 1201 1220 1048
3 1296 1201 1048
3 1331 1296 1048
3 1345 1331 1048
3 1361 1345 1048
3 1353 1361 1048
3 1304 1353 1048
3 1283 1304 1048
3 1261 1283 1048
3 1245 1261 1048
3 1235 1245 1048
3 1217 1235 1048
3 1557 1534 1507
3 1582 1557 1507
3 1687 1582 1507
3 1733 1687 1507
3 1753 1733 1507
3 1761 1753 1507
3 1675 1761 1507
3 1770 1854 1675
3 1628 1770 1675
3 1607 1628 1675
3 1593 1607 1675
3 1568 1593 1675
3 1545 1568 1675
3 1516 1545 1675
3 1458 1516 1675
3 1441 1458 1675
3 1428 1441 1675
3 1419 1428 1675
3 1028 1419 1675
3 974 998 1028
3 946 974 1028
3 904 946 1028
3 807 904 1028
3 767 807 1028
3 748 767 1028
3 700 748 1028
3 709 700 1028
3 583 709 1028
3 569 583 1028
3 563 569 1028
3 547 563 1028
3 733 547 1028
3 822 733 1028
3 1048 822 1028
3 1217 1048 1028
3 1507 1217 1028
3 1675 1507 1028
3 626 552 548
3 630 626 548
3 636 630 548
3 670 636 548
3 734 670 548
3 742 776 823
3 718 742 823
3 726 718 823
3 780 726 823
3 863 780 823
3 1202 888 863
3 1297 1202 863
3 1332 1297 863
3 1346 1332 863
3 1362 1346 863
3 1354 1362 863
3 1324 1354 863
3 1247 1324 863
3 1236 1247 863
3 1218 1236 863
3 1558 1535 1508
3 1583 1558 1508
3 1643 1583 1508
3 1637 1643 1508
3 1762 1637 1508
3 1676 1762 1508
3 1629 1676 1508
3 1608 1629 1508
3 1477 1608 1508
3 1469 1477 1508
3 1459 1469 1508
3 1442 1459 1508
3 1429 1442 1508
3 1420 1429 1508
3 1029 1420 1508
3 975 999 1029
3 947 975 1029
3 905 947 1029
3 808 905 1029
3 768 808 1029
3 749 768 1029
3 701 749 1029
3 710 701 1029
3 584 710 1029
3 570 584 1029
3 564 570 1029
3 548 564 1029
3 734 548 1029
3 823 734 1029
3 863 823 1029
3 1218 863 1029
3 1508 1218 1029
3 1191 1009 789
3 1112 1191 789
3 1585 1112 789
3 1489 1585 789
3 1919 1726 1668
3 1855 1919 1668
3 1480 1474 1484
3 1490 1480 1484
3 1381 1377 1383
3 1385 1381 1383
3 1205 1203 1207
3 1221 1205 1207
3 1063 1057 1065
3 1087 1063 1065
3 395 387 399
3 413 395 399
3 215 211 229
3 233 215 229
3 1898 1828 1822
3 1896 1898 1822
3 2029 1948 1928
3 2020 2029 1928
3 253 160 159
3 253 159 252
3 253 252 288
3 289 253 288
3 542 289 288
3 542 288 541
3 492 542 541
3 492 541 491
3 574 492 491
3 574 491 573
3 517 574 573
3 517 573 516
3 785 517 516
3 785 516 784
3 785 784 826
3 827 785 826
3 1076 827 826
3 1076 826 1075
3 1076 1075 1105
3 1106 1076 1105
3 1400 1106 1105
3 1400 1105 1399
3 1400 1399 1462
3 1463 1400 1462
3 1626 1463 1462
3 1626 1462 1625
3 1879 1626 1625
3 1879 1625 1878
3 1860 1879 1878
3 1860 1878 1859
3 2060 1860 1859
3 2060 1859 2059
3 2060 2059 2063
3 2064 2060 2063
3 2064 2063 1915
3 1916 2064 1915
3 1916 1915 1997
3 1998 1916 1997
3 1998 1997 2012
3 2013 1998 2012
3 2013 2012 2001
3 2002 2013 2001
3 2002 2001 1954
3 1955 2002 1954
3 1955 1954 1945
3 1946 1955 1945
3 1946 1945 1909
3 1910 1946 1909
3 1910 1909 1880
3 1881 1910 1880
3 1881 1880 1832
3 1833 1881 1832
3 1833 1832 1795
3 1796 1833 1795
3 1796 1795 1744
3 1745 1796 1744
3 1745 1744 1704
3 1705 1745 1704
3 1705 1704 1677
3 1678 1705 1677
3 1678 1677 1664
3 1665 1678 1664
3 1665 1664 1464
3 1465 1665 1464
3 1465 1464 1449
3 1450 1465 1449
3 1450 1449 1430
3 1431 1450 1430
3 1431 1430 1405
3 1406 1431 1405
3 1406 1405 1403
3 1404 1406 1403
3 1404 1403 1397
3 1398 1404 1397
3 1398 1397 1387
3 1388 1398 1387
3 1388 1387 1379
3 1380 1388 1379
3 1380 1379 1373
3 1374 1380 1373
3 1374 1373 976
3 977 1374 976
3 977 976 948
3 949 977 948
3 949 948 925
3 926 949 925
3 926 925 912
3 913 926 912
3 913 912 889
3 890 913 889
3 890 889 875
3 876 890 875
3 876 875 860
3 861 876 860
3 861 860 824
3 825 861 824
3 825 824 752
3 753 825 752
3 753 752 691
3 692 753 691
3 692 691 665
3 666 692 665
3 666 665 506
3 507 666 506
3 507 506 474
3 475 507 474
3 475 474 467
3 468 475 467
3 468 467 458
3 459 468 458
3 459 458 441
3 442 459 441
3 442 441 429
3 430 442 429
3 430 429 419
3 420 430 419
3 420 419 409
3 410 420 409
3 410 409 383
3 384 410 383
3 384 383 353
3 354 384 353
3 340 354 353
3 340 353 339
3 332 340 339
3 332 339 331
3 332 331 321
3 322 332 321
3 322 321 302
3 303 322 302
3 303 302 294
3 295 303 294
3 295 294 267
3 268 295 267
3 255 268 267
3 255 267 254
3 241 255 254
3 241 254 240
3 241 240 185
3 186 241 185
3 1 186 185
3 1 185 0
3 65 1 0
3 65 0 64
3 65 64 159
3 160 65 159
3 66 65 89
3 90 66 89
3 518 90 89
3 518 89 517
3 498 518 517
3 498 517 497
3 1857 498 497
3 1857 497 1856
3 1857 1856 2064
3 2065 1857 2064
3 2065 2064 1916
3 1917 2065 1916
3 1917 1916 1998
3 1999 1917 1998
3 1999 1998 2013
3 2014 1999 2013
3 2014 2013 2002
3 2003 2014 2002
3 2003 2002 1955
3 1956 2003 1955
3 1956 1955 1946
3 1947 1956 1946
3 1947 1946 1910
3 1911 1947 1910
3 1911 1910 1881
3 1882 1911 1881
3 1882 1881 1833
3 1834 1882 1833
3 1834 1833 1796
3 1797 1834 1796
3 1797 1796 1705
3 1706 1797 1705
3 1706 1705 1678
3 1679 1706 1678
3 1679 1678 1666
3 1667 1679 1666
3 1661 1667 1666
3 1661 1666 1660
3 1651 1661 1660
3 1651 1660 1650
3 1645 1651 1650
3 1645 1650 1644
3 1645 1644 1447
3 1448 1645 1447
3 1448 1447 1445
3 1446 1448 1445
3 1446 1445 1443
3 1444 1446 1443
3 1444 1443 1432
3 1433 1444 1432
3 1433 1432 1407
3 1408 1433 1407
3 1408 1407 1401
3 1402 1408 1401
3 1402 1401 1393
3 1394 1402 1393
3 1394 1393 877
3 878 1394 877
3 878 877 851
3 852 878 851
3 852 851 837
3 838 852 837
3 838 837 786
3 787 838 786
3 787 786 750
3 751 787 750
3 751 750 689
3 690 751 689
3 690 689 679
3 680 690 679
3 680 679 639
3 640 680 639
3 632 640 639
3 632 639 631
3 632 631 479
3 480 632 479
3 480 479 483
3 484 480 483
3 484 483 487
3 488 484 487
3 488 487 485
3 486 488 485
3 486 485 481
3 482 486 481
3 482 481 475
3 476 482 475
3 476 475 468
3 469 476 468
3 469 468 459
3 460 469 459
3 460 459 442
3 443 460 442
3 443 442 430
3 431 443 430
3 431 430 420
3 421 431 420
3 421 420 410
3 411 421 410
3 411 410 384
3 385 411 384
3 385 384 354
3 355 385 354
3 341 355 354
3 341 354 340
3 333 341 340
3 333 340 332
3 319 333 332
3 319 332 318
3 319 318 186
3 187 319 186
3 2 187 186
3 2 186 1
3 66 2 1
3 66 1 65
3 520 499 498
3 520 498 519
3 532 520 519
3 532 519 531
3 554 532 531
3 554 531 553
3 572 554 553
3 572 553 571
3 586 572 571
3 586 571 585
3 596 586 585
3 596 585 595
3 596 595 605
3 606 596 605
3 606 605 615
3 616 606 615
3 658 616 615
3 658 615 657
3 642 658 657
3 642 657 641
3 650 642 641
3 650 641 649
3 672 650 649
3 672 649 671
3 682 672 671
3 682 671 681
3 755 682 681
3 755 681 754
3 791 755 754
3 791 754 790
3 840 791 790
3 840 790 839
3 892 840 839
3 892 839 891
3 934 892 891
3 934 891 933
3 962 934 933
3 962 933 961
3 1001 962 961
3 1001 961 1000
3 1033 1001 1000
3 1033 1000 1032
3 1041 1033 1032
3 1041 1032 1040
3 1050 1041 1040
3 1050 1040 1049
3 1050 1049 1059
3 1060 1050 1059
3 1060 1059 1067
3 1068 1060 1067
3 1068 1067 1079
3 1080 1068 1079
3 1145 1080 1079
3 1145 1079 1144
3 1130 1145 1144
3 1130 1144 1129
3 1122 1130 1129
3 1122 1129 1121
3 1138 1122 1121
3 1138 1121 1137
3 1153 1138 1137
3 1153 1137 1152
3 1163 1153 1152
3 1163 1152 1162
3 1171 1163 1162
3 1171 1162 1170
3 1175 1171 1170
3 1175 1170 1174
3 1183 1175 1174
3 1183 1174 1182
3 1193 1183 1182
3 1193 1182 1192
3 1858 1193 1192
3 1858 1192 1857
3 1858 1857 2065
3 2066 1858 2065
3 2066 2065 1917
3 1918 2066 1917
3 1918 1917 1999
3 2000 1918 1999
3 2000 1999 2014
3 2015 2000 2014
3 2015 2014 2003
3 2004 2015 2003
3 2004 2003 1956
3 1957 2004 1956
3 1957 1956 1911
3 1912 1957 1911
3 1912 1911 1882
3 1883 1912 1882
3 1883 1882 1845
3 1846 1883 1845
3 1846 1845 444
3 445 1846 444
3 445 444 431
3 432 445 431
3 432 431 421
3 422 432 421
3 422 421 411
3 412 422 411
3 412 411 385
3 386 412 385
3 386 385 355
3 356 386 355
3 342 356 355
3 342 355 341
3 334 342 341
3 334 341 333
3 320 334 333
3 320 333 319
3 320 319 187
3 188 320 187
3 3 188 187
3 3 187 2
3 499 3 2
3 499 2 498
3 2062 2061 2027
3 2028 2062 2027
3 2028 2027 2018
3 2019 2028 2018
3 2019 2018 2016
3 2017 2019 2016
3 2017 2016 1990
3 1991 2017 1990
3 1991 1990 1950
3 1951 1991 1950
3 1951 1950 1913
3 1914 1951 1913
3 1914 1913 1884
3 1885 1914 1884
3 1885 1884 1843
3 1844 1885 1843
3 1844 1843 1805
3 1806 1844 1805
3 1806 1805 1874
3 1875 1806 1874
3 1875 1874 1546
3 1547 1875 1546
3 1526 1547 1546
3 1526 1546 1525
3 1526 1525 1248
3 1249 1526 1248
3 1249 1248 1268
3 1269 1249 1268
3 1269 1268 1098
3 1099 1269 1098
3 1092 1099 1098
3 1092 1098 1091
3 1092 1091 603
3 604 1092 603
3 604 603 613
3 614 604 613
3 614 613 437
3 438 614 437
3 416 438 437
3 416 437 415
3 416 415 397
3 398 416 397
3 398 397 357
3 358 398 357
3 358 357 323
3 324 358 323
3 324 323 306
3 307 324 306
3 307 306 290
3 291 307 290
3 291 290 258
3 259 291 258
3 259 258 244
3 245 259 244
3 245 244 157
3 158 245 157
3 13 158 157
3 13 157 12
3 92 13 12
3 92 12 91
3 68 92 91
3 68 91 67
3 500 68 67
3 500 67 499
3 521 500 499
3 521 499 520
3 533 521 520
3 533 520 532
3 555 533 532
3 555 532 554
3 587 555 554
3 587 554 586
3 587 586 606
3 607 587 606
3 607 606 616
3 617 607 616
3 659 617 616
3 659 616 658
3 643 659 658
3 643 658 642
3 651 643 642
3 651 642 650
3 673 651 650
3 673 650 672
3 683 673 672
3 683 672 682
3 756 683 682
3 756 682 755
3 792 756 755
3 792 755 791
3 841 792 791
3 841 791 840
3 893 841 840
3 893 840 892
3 935 893 892
3 935 892 934
3 963 935 934
3 963 934 962
3 1002 963 962
3 1002 962 1001
3 1034 1002 1001
3 1034 1001 1033
3 1051 1034 1033
3 1051 1033 1050
3 1051 1050 1060
3 1061 1051 1060
3 1061 1060 1068
3 1069 1061 1068
3 1069 1068 1080
3 1081 1069 1080
3 1146 1081 1080
3 1146 1080 1145
3 1131 1146 1145
3 1131 1145 1130
3 1123 1131 1130
3 1123 1130 1122
3 1154 1123 1122
3 1154 1122 1153
3 1164 1154 1153
3 1164 1153 1163
3 1172 1164 1163
3 1172 1163 1171
3 1176 1172 1171
3 1176 1171 1175
3 1184 1176 1175
3 1184 1175 1183
3 1194 1184 1183
3 1194 1183 1193
3 1698 1194 1193
3 1698 1193 1697
3 1698 1697 1771
3 1772 1698 1771
3 1903 1772 1771
3 1903 1771 1902
3 1903 1902 2061
3 2062 1903 2061
3 1786 1735 1734
3 1786 1734 1785
3 1808 1786 1785
3 1808 1785 1807
3 1836 1808 1807
3 1836 1807 1835
3 1869 1836 1835
3 1869 1835 1868
3 1869 1868 1891
3 1892 1869 1891
3 1892 1891 1903
3 1904 1892 1903
3 1904 1903 2038
3 2039 1904 2038
3 2039 2038 1876
3 1877 2039 1876
3 1877 1876 1937
3 1938 1877 1937
3 1938 1937 1952
3 1953 1938 1952
3 1953 1952 1977
3 1978 1953 1977
3 1978 1977 1981
3 1982 1978 1981
3 1982 1981 1958
3 1959 1982 1958
3 1959 1958 1943
3 1944 1959 1943
3 1944 1943 1900
3 1901 1944 1900
3 1901 1900 1849
3 1850 1901 1849
3 1850 1849 1824
3 1825 1850 1824
3 1825 1824 1793
3 1794 1825 1793
3 1794 1793 1707
3 1708 1794 1707
3 1708 1707 1670
3 1671 1708 1670
3 1671 1670 1630
3 1631 1671 1630
3 1631 1630 1596
3 1597 1631 1596
3 1597 1596 1492
3 1493 1597 1492
3 1493 1492 1519
3 1520 1493 1519
3 1520 1519 1389
3 1390 1520 1389
3 1390 1389 1395
3 1396 1390 1395
3 1396 1395 1249
3 1250 1396 1249
3 1250 1249 1269
3 1270 1250 1269
3 1270 1269 1099
3 1100 1270 1099
3 1093 1100 1099
3 1093 1099 1092
3 1093 1092 879
3 880 1093 879
3 865 880 879
3 865 879 864
3 865 864 593
3 594 865 593
3 576 594 593
3 576 593 575
3 576 575 539
3 540 576 539
3 540 539 495
3 496 540 495
3 496 495 461
3 462 496 461
3 462 461 446
3 447 462 446
3 447 446 425
3 426 447 425
3 426 425 389
3 390 426 389
3 390 389 329
3 330 390 329
3 330 329 310
3 311 330 310
3 311 310 296
3 297 311 296
3 297 296 242
3 243 297 242
3 210 243 242
3 210 242 209
3 199 210 209
3 199 209 198
3 197 199 198
3 197 198 196
3 195 197 196
3 195 196 194
3 167 195 194
3 167 194 166
3 167 166 76
3 77 167 76
3 14 77 76
3 14 76 13
3 5 14 13
3 5 13 4
3 7 5 4
3 7 4 6
3 20 7 6
3 20 6 19
3 26 20 19
3 26 19 25
3 28 26 25
3 28 25 27
3 49 28 27
3 49 27 48
3 501 49 48
3 501 48 500
3 522 501 500
3 522 500 521
3 534 522 521
3 534 521 533
3 556 534 533
3 556 533 555
3 588 556 555
3 588 555 587
3 598 588 587
3 598 587 597
3 598 597 607
3 608 598 607
3 608 607 617
3 618 608 617
3 660 618 617
3 660 617 659
3 644 660 659
3 644 659 643
3 652 644 643
3 652 643 651
3 674 652 651
3 674 651 673
3 684 674 673
3 684 673 683
3 757 684 683
3 757 683 756
3 793 757 756
3 793 756 792
3 842 793 792
3 842 792 841
3 894 842 841
3 894 841 893
3 936 894 893
3 936 893 935
3 964 936 935
3 964 935 963
3 1003 964 963
3 1003 963 1002
3 1035 1003 1002
3 1035 1002 1034
3 1052 1035 1034
3 1052 1034 1051
3 1052 1051 1061
3 1062 1052 1061
3 1062 1061 1069
3 1070 1062 1069
3 1070 1069 1081
3 1082 1070 1081
3 1147 1082 1081
3 1147 1081 1146
3 1124 1147 1146
3 1124 1146 1123
3 1155 1124 1123
3 1155 1123 1154
3 1173 1155 1154
3 1173 1154 1172
3 1185 1173 1172
3 1185 1172 1184
3 1195 1185 1184
3 1195 1184 1194
3 1699 1195 1194
3 1699 1194 1698
3 1735 1699 1698
3 1735 1698 1734
3 78 77 93
3 94 78 93
3 94 93 101
3 102 94 101
3 107 102 101
3 107 101 106
3 115 107 106
3 115 106 114
3 126 115 114
3 126 114 125
3 153 126 125
3 153 125 152
3 179 153 152
3 179 152 178
3 190 179 178
3 190 178 189
3 208 190 189
3 208 189 207
3 208 207 213
3 214 208 213
3 214 213 231
3 232 214 231
3 232 231 256
3 257 232 256
3 257 256 292
3 293 257 292
3 313 293 292
3 313 292 312
3 338 313 312
3 338 312 337
3 404 338 337
3 404 337 403
3 440 404 403
3 440 403 439
3 466 440 439
3 466 439 465
3 509 466 465
3 509 465 508
3 528 509 508
3 528 508 527
3 566 528 527
3 566 527 565
3 566 565 576
3 577 566 576
3 979 577 576
3 979 576 978
3 979 978 1010
3 1011 979 1010
3 1094 1011 1010
3 1094 1010 1093
3 1094 1093 1100
3 1101 1094 1100
3 1271 1101 1100
3 1271 1100 1270
3 1251 1271 1270
3 1251 1270 1250
3 1369 1251 1250
3 1369 1250 1368
3 1364 1369 1368
3 1364 1368 1363
3 1494 1364 1363
3 1494 1363 1493
3 1479 1494 1493
3 1479 1493 1478
3 1537 1479 1478
3 1537 1478 1536
3 1599 1537 1536
3 1599 1536 1598
3 1635 1599 1598
3 1635 1598 1634
3 1663 1635 1634
3 1663 1634 1662
3 1720 1663 1662
3 1720 1662 1719
3 1792 1720 1719
3 1792 1719 1791
3 1814 1792 1791
3 1814 1791 1813
3 1842 1814 1813
3 1842 1813 1841
3 1852 1842 1841
3 1852 1841 1851
3 1848 1852 1851
3 1848 1851 1847
3 1831 1848 1847
3 1831 1847 1830
3 1827 1831 1830
3 1827 1830 1826
3 1939 1827 1826
3 1939 1826 1938
3 1993 1939 1938
3 1993 1938 1992
3 2023 1993 1992
3 2023 1992 2022
3 2034 2023 2022
3 2034 2022 2033
3 2045 2034 2033
3 2045 2033 2044
3 2050 2045 2044
3 2050 2044 2049
3 2055 2050 2049
3 2055 2049 2054
3 2040 2055 2054
3 2040 2054 2039
3 1905 2040 2039
3 1905 2039 1904
3 1887 1905 1904
3 1887 1904 1886
3 1870 1887 1886
3 1870 1886 1869
3 1870 1869 1836
3 1837 1870 1836
3 1837 1836 1808
3 1809 1837 1808
3 1809 1808 1786
3 1787 1809 1786
3 1787 1786 1735
3 1736 1787 1735
3 1736 1735 1699
3 1700 1736 1699
3 1700 1699 1195
3 1196 1700 1195
3 1196 1195 1185
3 1186 1196 1185
3 1186 1185 1177
3 1178 1186 1177
3 1178 1177 1165
3 1166 1178 1165
3 1166 1165 1155
3 1156 1166 1155
3 1156 1155 1139
3 1140 1156 1139
3 1140 1139 1124
3 1125 1140 1124
3 1125 1124 1132
3 1133 1125 1132
3 1133 1132 1147
3 1148 1133 1147
3 1148 1147 1082
3 1083 1148 1082
3 1071 1083 1082
3 1071 1082 1070
3 1053 1071 1070
3 1053 1070 1052
3 1053 1052 1042
3 1043 1053 1042
3 1043 1042 1035
3 1036 1043 1035
3 1036 1035 1003
3 1004 1036 1003
3 1004 1003 964
3 965 1004 964
3 965 964 936
3 937 965 936
3 937 936 894
3 895 937 894
3 895 894 842
3 843 895 842
3 843 842 793
3 794 843 793
3 794 793 757
3 758 794 757
3 758 757 684
3 685 758 684
3 685 684 674
3 675 685 674
3 675 674 652
3 653 675 652
3 653 652 644
3 645 653 644
3 645 644 660
3 661 645 660
3 661 660 618
3 619 661 618
3 609 619 618
3 609 618 608
3 599 609 608
3 599 608 598
3 599 598 588
3 589 599 588
3 589 588 556
3 557 589 556
3 557 556 534
3 535 557 534
3 535 534 522
3 523 535 522
3 523 522 501
3 502 523 501
3 502 501 69
3 70 502 69
3 70 69 28
3 29 70 28
3 29 28 20
3 21 29 20
3 21 20 7
3 8 21 7
3 8 7 14
3 15 8 14
3 15 14 77
3 78 15 77
3 79 78 94
3 95 79 94
3 95 94 102
3 103 95 102
3 108 103 102
3 108 102 107
3 116 108 107
3 116 107 115
3 127 116 115
3 127 115 126
3 154 127 126
3 154 126 153
3 180 154 153
3 180 153 179
3 191 180 179
3 191 179 190
3 266 191 190
3 266 190 265
3 266 265 280
3 281 266 280
3 281 280 298
3 299 281 298
3 299 298 314
3 315 299 314
3 328 315 314
3 328 314 327
3 360 328 327
3 360 327 359
3 408 360 359
3 408 359 407
3 428 408 407
3 428 407 427
3 453 428 427
3 453 427 452
3 471 453 452
3 471 452 470
3 490 471 470
3 490 470 489
3 513 490 489
3 513 489 512
3 544 513 512
3 544 512 543
3 544 543 577
3 578 544 577
3 980 578 577
3 980 577 979
3 980 979 1011
3 1012 980 1011
3 1095 1012 1011
3 1095 1011 1094
3 1095 1094 1101
3 1102 1095 1101
3 1272 1102 1101
3 1272 1101 1271
3 1252 1272 1271
3 1252 1271 1251
3 1370 1252 1251
3 1370 1251 1369
3 1365 1370 1369
3 1365 1369 1364
3 1495 1365 1364
3 1495 1364 1494
3 1473 1495 1494
3 1473 1494 1472
3 1499 1473 1472
3 1499 1472 1498
3 1560 1499 1498
3 1560 1498 1559
3 1622 1560 1559
3 1622 1559 1621
3 1639 1622 1621
3 1639 1621 1638
3 1657 1639 1638
3 1657 1638 1656
3 1673 1657 1656
3 1673 1656 1672
3 1689 1673 1672
3 1689 1672 1688
3 1718 1689 1688
3 1718 1688 1717
3 1743 1718 1717
3 1743 1717 1742
3 1768 1743 1742
3 1768 1742 1767
3 1741 1768 1767
3 1741 1767 1740
3 1716 1741 1740
3 1716 1740 1715
3 1940 1716 1715
3 1940 1715 1939
3 1994 1940 1939
3 1994 1939 1993
3 2024 1994 1993
3 2024 1993 2023
3 2035 2024 2023
3 2035 2023 2034
3 2046 2035 2034
3 2046 2034 2045
3 2051 2046 2045
3 2051 2045 2050
3 2056 2051 2050
3 2056 2050 2055
3 2041 2056 2055
3 2041 2055 2040
3 1906 2041 2040
3 1906 2040 1905
3 1888 1906 1905
3 1888 1905 1887
3 1871 1888 1887
3 1871 1887 1870
3 1871 1870 1837
3 1838 1871 1837
3 1838 1837 1809
3 1810 1838 1809
3 1810 1809 1787
3 1788 1810 1787
3 1788 1787 1736
3 1737 1788 1736
3 1737 1736 1700
3 1701 1737 1700
3 1701 1700 1196
3 1197 1701 1196
3 1197 1196 1186
3 1187 1197 1186
3 1187 1186 1178
3 1179 1187 1178
3 1179 1178 1166
3 1167 1179 1166
3 1167 1166 1156
3 1157 1167 1156
3 1157 1156 1140
3 1141 1157 1140
3 1141 1140 1125
3 1126 1141 1125
3 1126 1125 1133
3 1134 1126 1133
3 1134 1133 1148
3 1149 1134 1148
3 1149 1148 1083
3 1084 1149 1083
3 1072 1084 1083
3 1072 1083 1071
3 1054 1072 1071
3 1054 1071 1053
3 1054 1053 1043
3 1044 1054 1043
3 1044 1043 1036
3 1037 1044 1036
3 1037 1036 1004
3 1005 1037 1004
3 1005 1004 965
3 966 1005 965
3 966 965 937
3 938 966 937
3 938 937 895
3 896 938 895
3 896 895 843
3 844 896 843
3 844 843 794
3 795 844 794
3 795 794 758
3 759 795 758
3 759 758 685
3 686 759 685
3 686 685 675
3 676 686 675
3 676 675 653
3 654 676 653
3 654 653 645
3 646 654 645
3 646 645 661
3 662 646 661
3 662 661 619
3 620 662 619
3 610 620 619
3 610 619 609
3 600 610 609
3 600 609 599
3 600 599 589
3 590 600 589
3 590 589 557
3 558 590 557
3 558 557 535
3 536 558 535
3 536 535 523
3 524 536 523
3 524 523 502
3 503 524 502
3 503 502 70
3 71 503 70
3 71 70 29
3 30 71 29
3 30 29 21
3 22 30 21
3 22 21 8
3 9 22 8
3 9 8 15
3 16 9 15
3 16 15 78
3 79 16 78
3 80 79 95
3 96 80 95
3 96 95 103
3 104 96 103
3 109 104 103
3 109 103 108
3 117 109 108
3 117 108 116
3 128 117 116
3 128 116 127
3 155 128 127
3 155 127 154
3 181 155 154
3 181 154 180
3 192 181 180
3 192 180 191
3 305 192 191
3 305 191 304
3 305 304 316
3 317 305 316
3 317 316 325
3 326 317 325
3 326 325 351
3 352 326 351
3 370 352 351
3 370 351 369
3 402 370 369
3 402 369 401
3 424 402 401
3 424 401 423
3 436 424 423
3 436 423 435
3 451 436 435
3 451 435 450
3 455 451 450
3 455 450 454
3 473 455 454
3 473 454 472
3 511 473 472
3 511 472 510
3 530 511 510
3 530 510 529
3 530 529 578
3 579 530 578
3 981 579 578
3 981 578 980
3 981 980 1012
3 1013 981 1012
3 1096 1013 1012
3 1096 1012 1095
3 1096 1095 1102
3 1103 1096 1102
3 1273 1103 1102
3 1273 1102 1272
3 1253 1273 1272
3 1253 1272 1252
3 1371 1253 1252
3 1371 1252 1370
3 1366 1371 1370
3 1366 1370 1365
3 1496 1366 1365
3 1496 1365 1495
3 1467 1496 1495
3 1467 1495 1466
3 1483 1467 1466
3 1483 1466 1482
3 1522 1483 1482
3 1522 1482 1521
3 1572 1522 1521
3 1572 1521 1571
3 1614 1572 1571
3 1614 1571 1613
3 1624 1614 1613
3 1624 1613 1623
3 1633 1624 1623
3 1633 1623 1632
3 1641 1633 1632
3 1641 1632 1640
3 1647 1641 1640
3 1647 1640 1646
3 1653 1647 1646
3 1653 1646 1652
3 1659 1653 1652
3 1659 1652 1658
3 1655 1659 1658
3 1655 1658 1654
3 1649 1655 1654
3 1649 1654 1648
3 1941 1649 1648
3 1941 1648 1940
3 1995 1941 1940
3 1995 1940 1994
3 2025 1995 1994
3 2025 1994 2024
3 2036 2025 2024
3 2036 2024 2035
3 2047 2036 2035
3 2047 2035 2046
3 2052 2047 2046
3 2052 2046 2051
3 2057 2052 2051
3 2057 2051 2056
3 2042 2057 2056
3 2042 2056 2041
3 1907 2042 2041
3 1907 2041 1906
3 1889 1907 1906
3 1889 1906 1888
3 1872 1889 1888
3 1872 1888 1871
3 1872 1871 1838
3 1839 1872 1838
3 1839 1838 1810
3 1811 1839 1810
3 1811 1810 1788
3 1789 1811 1788
3 1789 1788 1737
3 1738 1789 1737
3 1738 1737 1701
3 1702 1738 1701
3 1702 1701 1197
3 1198 1702 1197
3 1198 1197 1187
3 1188 1198 1187
3 1188 1187 1179
3 1180 1188 1179
3 1180 1179 1167
3 1168 1180 1167
3 1168 1167 1157
3 1158 1168 1157
3 1158 1157 1141
3 1142 1158 1141
3 1142 1141 1126
3 1127 1142 1126
3 1127 1126 1134
3 1135 1127 1134
3 1135 1134 1149
3 1150 1135 1149
3 1150 1149 1084
3 1085 1150 1084
3 1073 1085 1084
3 1073 1084 1072
3 1055 1073 1072
3 1055 1072 1054
3 1055 1054 1044
3 1045 1055 1044
3 1045 1044 1037
3 1038 1045 1037
3 1038 1037 1005
3 1006 1038 1005
3 1006 1005 966
3 967 1006 966
3 967 966 938
3 939 967 938
3 939 938 896
3 897 939 896
3 897 896 844
3 845 897 844
3 845 844 795
3 796 845 795
3 796 795 759
3 760 796 759
3 760 759 686
3 687 760 686
3 687 686 676
3 677 687 676
3 677 676 654
3 655 677 654
3 655 654 646
3 647 655 646
3 647 646 662
3 663 647 662
3 663 662 620
3 621 663 620
3 611 621 620
3 611 620 610
3 601 611 610
3 601 610 600
3 601 600 590
3 591 601 590
3 591 590 558
3 559 591 558
3 559 558 536
3 537 559 536
3 537 536 524
3 525 537 524
3 525 524 503
3 504 525 503
3 504 503 71
3 72 504 71
3 72 71 30
3 31 72 30
3 31 30 22
3 23 31 22
3 23 22 9
3 10 23 9
3 10 9 16
3 17 10 16
3 17 16 79
3 80 17 79
3 81 80 96
3 97 81 96
3 97 96 104
3 105 97 104
3 110 105 104
3 110 104 109
3 118 110 109
3 118 109 117
3 129 118 117
3 129 117 128
3 156 129 128
3 156 128 155
3 182 156 155
3 182 155 181
3 193 182 181
3 193 181 192
3 336 193 192
3 336 192 335
3 336 335 349
3 350 336 349
3 350 349 367
3 368 350 367
3 368 367 391
3 392 368 391
3 406 392 391
3 406 391 405
3 418 406 405
3 418 405 417
3 434 418 417
3 434 417 433
3 449 434 433
3 449 433 448
3 457 449 448
3 457 448 456
3 464 457 456
3 464 456 463
3 478 464 463
3 478 463 477
3 494 478 477
3 494 477 493
3 515 494 493
3 515 493 514
3 515 514 579
3 580 515 579
3 982 580 579
3 982 579 981
3 982 981 1013
3 1014 982 1013
3 1097 1014 1013
3 1097 1013 1096
3 1097 1096 1103
3 1104 1097 1103
3 1274 1104 1103
3 1274 1103 1273
3 1254 1274 1273
3 1254 1273 1253
3 1372 1254 1253
3 1372 1253 1371
3 1367 1372 1371
3 1367 1371 1366
3 1497 1367 1366
3 1497 1366 1496
3 1461 1497 1496
3 1461 1496 1460
3 1471 1461 1460
3 1471 1460 1470
3 1487 1471 1470
3 1487 1470 1486
3 1518 1487 1486
3 1518 1486 1517
3 1549 1518 1517
3 1549 1517 1548
3 1570 1549 1548
3 1570 1548 1569
3 1574 1570 1569
3 1574 1569 1573
3 1595 1574 1573
3 1595 1573 1594
3 1612 1595 1594
3 1612 1594 1611
3 1616 1612 1611
3 1616 1611 1615
3 1620 1616 1615
3 1620 1615 1619
3 1618 1620 1619
3 1618 1619 1617
3 1610 1618 1617
3 1610 1617 1609
3 1942 1610 1609
3 1942 1609 1941
3 1996 1942 1941
3 1996 1941 1995
3 2026 1996 1995
3 2026 1995 2025
3 2037 2026 2025
3 2037 2025 2036
3 2048 2037 2036
3 2048 2036 2047
3 2053 2048 2047
3 2053 2047 2052
3 2058 2053 2052
3 2058 2052 2057
3 2043 2058 2057
3 2043 2057 2042
3 1908 2043 2042
3 1908 2042 1907
3 1890 1908 1907
3 1890 1907 1889
3 1873 1890 1889
3 1873 1889 1872
3 1873 1872 1839
3 1840 1873 1839
3 1840 1839 1811
3 1812 1840 1811
3 1812 1811 1789
3 1790 1812 1789
3 1790 1789 1738
3 1739 1790 1738
3 1739 1738 1702
3 1703 1739 1702
3 1703 1702 1198
3 1199 1703 1198
3 1199 1198 1188
3 1189 1199 1188
3 1189 1188 1180
3 1181 1189 1180
3 1181 1180 1168
3 1169 1181 1168
3 1169 1168 1158
3 1159 1169 1158
3 1159 1158 1142
3 1143 1159 1142
3 1143 1142 1127
3 1128 1143 1127
3 1128 1127 1135
3 1136 1128 1135
3 1136 1135 1150
3 1151 1136 1150
3 1151 1150 1085
3 1086 1151 1085
3 1074 1086 1085
3 1074 1085 1073
3 1056 1074 1073
3 1056 1073 1055
3 1056 1055 1045
3 1046 1056 1045
3 1046 1045 1038
3 1039 1046 1038
3 1039 1038 1006
3 1007 1039 1006
3 1007 1006 967
3 968 1007 967
3 968 967 939
3 940 968 939
3 940 939 897
3 898 940 897
3 898 897 845
3 846 898 845
3 846 845 796
3 797 846 796
3 797 796 760
3 761 797 760
3 761 760 687
3 688 761 687
3 688 687 677
3 678 688 677
3 678 677 655
3 656 678 655
3 656 655 647
3 648 656 647
3 648 647 663
3 664 648 663
3 664 663 621
3 622 664 621
3 612 622 621
3 612 621 611
3 602 612 611
3 602 611 601
3 602 601 591
3 592 602 591
3 592 591 559
3 560 592 559
3 560 559 537
3 538 560 537
3 538 537 525
3 526 538 525
3 526 525 504
3 505 526 504
3 505 504 72
3 73 505 72
3 73 72 31
3 32 73 31
3 32 31 23
3 24 32 23
3 24 23 10
3 11 24 10
3 11 10 17
3 18 11 17
3 18 17 80
3 81 18 80
3 694 703 702
3 694 702 693
3 744 694 693
3 744 693 743
3 782 744 743
3 782 743 781
3 803 782 781
3 803 781 802
3 921 803 802
3 921 802 920
3 959 921 920
3 959 920 958
3 992 959 958
3 992 958 991
3 992 991 1021
3 1022 992 1021
3 1413 1022 1021
3 1413 1021 1412
3 1410 1413 1412
3 1410 1412 1409
3 1422 1410 1409
3 1422 1409 1421
3 1435 1422 1421
3 1435 1421 1434
3 1452 1435 1434
3 1452 1434 1451
3 1510 1452 1451
3 1510 1451 1509
3 1539 1510 1509
3 1539 1509 1538
3 1562 1539 1538
3 1562 1538 1561
3 1587 1562 1561
3 1587 1561 1586
3 1587 1586 1600
3 1601 1587 1600
3 1691 1601 1600
3 1691 1600 1690
3 1722 1691 1690
3 1722 1690 1721
3 1774 1722 1721
3 1774 1721 1773
3 1774 1773 1778
3 1779 1774 1778
3 1779 1778 1798
3 1799 1779 1798
3 1799 1798 1815
3 1816 1799 1815
3 1862 1816 1815
3 1862 1815 1861
3 1862 1861 1893
3 1894 1862 1893
3 1980 1894 1893
3 1980 1893 1979
3 1980 1979 2031
3 2032 1980 2031
3 2032 2031 1960
3 1961 2032 1960
3 1961 1960 2005
3 2006 1961 2005
3 2006 2005 1921
3 1922 2006 1921
3 1922 1921 1970
3 1971 1922 1970
3 1971 1970 1983
3 1984 1971 1983
3 1984 1983 1963
3 1964 1984 1963
3 1964 1963 1930
3 1931 1964 1930
3 1931 1930 1754
3 1755 1931 1754
3 1755 1754 1746
3 1747 1755 1746
3 1747 1746 1728
3 1729 1747 1728
3 1729 1728 1709
3 1710 1729 1709
3 1710 1709 1680
3 1681 1710 1680
3 1681 1680 1575
3 1576 1681 1575
3 1576 1575 1550
3 1551 1576 1550
3 1551 1550 1527
3 1528 1551 1527
3 1501 1528 1527
3 1501 1527 1500
3 1501 1500 1523
3 1524 1501 1523
3 1524 1523 1225
3 1226 1524 1225
3 1226 1225 1275
3 1276 1226 1275
3 1376 1276 1275
3 1376 1275 1375
3 1376 1375 1391
3 1392 1376 1391
3 1392 1391 1227
3 1228 1392 1227
3 1228 1227 1237
3 1238 1228 1237
3 1238 1237 1209
3 1210 1238 1209
3 1210 1209 1223
3 1224 1210 1223
3 1224 1223 1160
3 1161 1224 1160
3 1120 1161 1160
3 1120 1160 1119
3 1120 1119 1109
3 1110 1120 1109
3 1090 1110 1109
3 1090 1109 1089
3 1090 1089 835
3 836 1090 835
3 638 836 835
3 638 835 637
3 874 638 637
3 874 637 873
3 778 874 873
3 778 873 777
3 778 777 393
3 394 778 393
3 378 394 393
3 378 393 377
3 378 377 371
3 372 378 371
3 372 371 361
3 362 372 361
3 362 361 343
3 344 362 343
3 344 343 275
3 276 344 275
3 276 275 260
3 261 276 260
3 261 260 235
3 236 261 235
3 224 236 235
3 224 235 223
3 224 223 168
3 169 224 168
3 169 168 144
3 145 169 144
3 145 144 122
3 123 145 122
3 120 123 122
3 120 122 119
3 112 120 119
3 112 119 111
3 112 111 85
3 86 112 85
3 83 86 85
3 83 85 82
3 83 82 53
3 54 83 53
3 34 54 53
3 34 53 33
3 51 34 33
3 51 33 50
3 36 51 50
3 36 50 35
3 62 36 35
3 62 35 61
3 43 62 61
3 43 61 42
3 40 43 42
3 40 42 39
3 46 40 39
3 46 39 45
3 56 46 45
3 56 45 55
3 59 56 55
3 59 55 58
3 134 59 58
3 134 58 133
3 140 134 133
3 140 133 139
3 148 140 139
3 148 139 147
3 162 148 147
3 162 147 161
3 172 162 161
3 172 161 171
3 218 172 171
3 218 171 217
3 247 218 217
3 247 217 246
3 270 247 246
3 270 246 269
3 270 269 282
3 283 270 282
3 703 283 282
3 703 282 702
3 817 816 769
3 770 817 769
3 770 769 735
3 736 770 735
3 736 735 711
3 712 736 711
3 712 711 719
3 720 712 719
3 720 719 809
3 810 720 809
3 810 809 828
3 829 810 828
3 854 829 828
3 854 828 853
3 867 854 853
3 867 853 866
3 882 867 866
3 882 866 881
3 882 881 906
3 907 882 906
3 915 907 906
3 915 906 914
3 915 914 927
3 928 915 927
3 953 928 927
3 953 927 952
3 986 953 952
3 986 952 985
3 1016 986 985
3 1016 985 1015
3 1263 1016 1015
3 1263 1015 1262
3 1285 1263 1262
3 1285 1262 1284
3 1306 1285 1284
3 1306 1284 1305
3 1318 1306 1305
3 1318 1305 1317
3 1312 1318 1317
3 1312 1317 1311
3 1334 1312 1311
3 1334 1311 1333
3 1291 1334 1333
3 1291 1333 1290
3 1326 1291 1290
3 1326 1290 1325
3 1340 1326 1325
3 1340 1325 1339
3 1356 1340 1339
3 1356 1339 1355
3 1348 1356 1355
3 1348 1355 1347
3 1299 1348 1347
3 1299 1347 1298
3 1278 1299 1298
3 1278 1298 1277
3 1278 1277 1255
3 1256 1278 1255
3 1256 1255 1239
3 1240 1256 1239
3 1240 1239 1229
3 1230 1240 1229
3 1212 1230 1229
3 1212 1229 1211
3 1212 1211 1115
3 1116 1212 1115
3 1116 1115 1117
3 1118 1116 1117
3 1118 1117 1113
3 1114 1118 1113
3 1114 1113 1107
3 1108 1114 1107
3 1108 1107 1030
3 1031 1108 1030
3 1031 1030 983
3 984 1031 983
3 984 983 950
3 951 984 950
3 924 951 950
3 924 950 923
3 924 923 727
3 728 924 727
3 728 727 816
3 817 728 816
3 695 704 703
3 695 703 694
3 745 695 694
3 745 694 744
3 783 745 744
3 783 744 782
3 804 783 782
3 804 782 803
3 922 804 803
3 922 803 921
3 960 922 921
3 960 921 959
3 993 960 959
3 993 959 992
3 993 992 1022
3 1023 993 1022
3 1414 1023 1022
3 1414 1022 1413
3 1411 1414 1413
3 1411 1413 1410
3 1423 1411 1410
3 1423 1410 1422
3 1436 1423 1422
3 1436 1422 1435
3 1453 1436 1435
3 1453 1435 1452
3 1511 1453 1452
3 1511 1452 1510
3 1540 1511 1510
3 1540 1510 1539
3 1563 1540 1539
3 1563 1539 1562
3 1588 1563 1562
3 1588 1562 1587
3 1588 1587 1601
3 1602 1588 1601
3 1692 1602 1601
3 1692 1601 1691
3 1723 1692 1691
3 1723 1691 1722
3 1775 1723 1722
3 1775 1722 1774
3 1775 1774 1779
3 1780 1775 1779
3 1780 1779 1799
3 1800 1780 1799
3 1800 1799 1816
3 1817 1800 1816
3 1863 1817 1816
3 1863 1816 1862
3 1863 1862 1894
3 1895 1863 1894
3 1895 1894 1961
3 1962 1895 1961
3 1962 1961 2006
3 2007 1962 2006
3 2007 2006 1922
3 1923 2007 1922
3 1923 1922 1971
3 1972 1923 1971
3 1972 1971 1984
3 1985 1972 1984
3 1985 1984 1964
3 1965 1985 1964
3 1965 1964 1931
3 1932 1965 1931
3 1932 1931 1755
3 1756 1932 1755
3 1756 1755 1747
3 1748 1756 1747
3 1748 1747 1729
3 1730 1748 1729
3 1730 1729 1710
3 1711 1730 1710
3 1711 1710 1681
3 1682 1711 1681
3 1682 1681 1576
3 1577 1682 1576
3 1577 1576 1551
3 1552 1577 1551
3 1552 1551 1528
3 1529 1552 1528
3 1502 1529 1528
3 1502 1528 1501
3 1502 1501 1115
3 1116 1502 1115
3 1116 1115 1117
3 1118 1116 1117
3 1118 1117 1113
3 1114 1118 1113
3 1114 1113 1107
3 1108 1114 1107
3 1108 1107 1030
3 1031 1108 1030
3 1031 1030 983
3 984 1031 983
3 984 983 950
3 951 984 950
3 924 951 950
3 924 950 923
3 924 923 378
3 379 924 378
3 379 378 372
3 373 379 372
3 373 372 362
3 363 373 362
3 363 362 344
3 345 363 344
3 345 344 276
3 277 345 276
3 277 276 261
3 262 277 261
3 262 261 236
3 237 262 236
3 225 237 236
3 225 236 224
3 225 224 169
3 170 225 169
3 170 169 145
3 146 170 145
3 146 145 123
3 124 146 123
3 121 124 123
3 121 123 120
3 113 121 120
3 113 120 112
3 113 112 86
3 87 113 86
3 84 87 86
3 84 86 83
3 52 84 83
3 52 83 51
3 37 52 51
3 37 51 36
3 63 37 36
3 63 36 62
3 44 63 62
3 44 62 43
3 41 44 43
3 41 43 40
3 47 41 40
3 47 40 46
3 57 47 46
3 57 46 56
3 60 57 56
3 60 56 59
3 135 60 59
3 135 59 134
3 141 135 134
3 141 134 140
3 149 141 140
3 149 140 148
3 163 149 148
3 163 148 162
3 173 163 162
3 173 162 172
3 219 173 172
3 219 172 218
3 248 219 218
3 248 218 247
3 271 248 247
3 271 247 270
3 271 270 283
3 284 271 283
3 704 284 283
3 704 283 703
3 38 37 87
3 88 38 87
3 131 88 87
3 131 87 130
3 131 130 176
3 177 131 176
3 226 177 176
3 226 176 225
3 226 225 237
3 238 226 237
3 263 238 237
3 263 237 262
3 278 263 262
3 278 262 277
3 346 278 277
3 346 277 345
3 364 346 345
3 364 345 363
3 374 364 363
3 374 363 373
3 380 374 373
3 380 373 379
3 729 380 379
3 729 379 728
3 729 728 817
3 818 729 817
3 818 817 770
3 771 818 770
3 771 770 736
3 737 771 736
3 737 736 712
3 713 737 712
3 713 712 720
3 721 713 720
3 721 720 810
3 811 721 810
3 811 810 829
3 830 811 829
3 855 830 829
3 855 829 854
3 868 855 854
3 868 854 867
3 883 868 867
3 883 867 882
3 883 882 907
3 908 883 907
3 916 908 907
3 916 907 915
3 916 915 928
3 929 916 928
3 954 929 928
3 954 928 953
3 987 954 953
3 987 953 986
3 1017 987 986
3 1017 986 1016
3 1264 1017 1016
3 1264 1016 1263
3 1286 1264 1263
3 1286 1263 1285
3 1307 1286 1285
3 1307 1285 1306
3 1319 1307 1306
3 1319 1306 1318
3 1313 1319 1318
3 1313 1318 1312
3 1335 1313 1312
3 1335 1312 1334
3 1292 1335 1334
3 1292 1334 1291
3 1327 1292 1291
3 1327 1291 1326
3 1341 1327 1326
3 1341 1326 1340
3 1357 1341 1340
3 1357 1340 1356
3 1349 1357 1356
3 1349 1356 1348
3 1300 1349 1348
3 1300 1348 1299
3 1279 1300 1299
3 1279 1299 1278
3 1279 1278 1256
3 1257 1279 1256
3 1257 1256 1240
3 1241 1257 1240
3 1241 1240 1230
3 1231 1241 1230
3 1213 1231 1230
3 1213 1230 1212
3 1503 1213 1212
3 1503 1212 1502
3 1503 1502 1529
3 1530 1503 1529
3 1553 1530 1529
3 1553 1529 1552
3 1578 1553 1552
3 1578 1552 1577
3 1683 1578 1577
3 1683 1577 1682
3 1712 1683 1682
3 1712 1682 1711
3 1749 1712 1711
3 1749 1711 1748
3 1757 1749 1748
3 1757 1748 1756
3 1933 1757 1756
3 1933 1756 1932
3 1966 1933 1932
3 1966 1932 1965
3 1986 1966 1965
3 1986 1965 1985
3 1973 1986 1985
3 1973 1985 1972
3 1924 1973 1972
3 1924 1972 1923
3 2008 1924 1923
3 2008 1923 2007
3 1864 2008 2007
3 1864 2007 1863
3 1864 1863 1817
3 1818 1864 1817
3 1801 1818 1817
3 1801 1817 1800
3 1781 1801 1800
3 1781 1800 1780
3 1764 1781 1780
3 1764 1780 1763
3 1764 1763 1692
3 1693 1764 1692
3 1693 1692 1602
3 1603 1693 1602
3 1589 1603 1602
3 1589 1602 1588
3 1589 1588 1563
3 1564 1589 1563
3 1564 1563 1540
3 1541 1564 1540
3 1541 1540 1511
3 1512 1541 1511
3 1512 1511 1453
3 1454 1512 1453
3 1454 1453 1436
3 1437 1454 1436
3 1437 1436 1423
3 1424 1437 1423
3 1424 1423 1414
3 1415 1424 1414
3 1415 1414 1023
3 1024 1415 1023
3 994 1024 1023
3 994 1023 993
3 994 993 969
3 970 994 969
3 970 969 941
3 942 970 941
3 942 941 899
3 900 942 899
3 900 899 847
3 848 900 847
3 848 847 798
3 799 848 798
3 799 798 762
3 763 799 762
3 763 762 695
3 696 763 695
3 696 695 704
3 705 696 704
3 705 704 284
3 285 705 284
3 272 285 284
3 272 284 271
3 272 271 248
3 249 272 248
3 249 248 219
3 220 249 219
3 220 219 173
3 174 220 173
3 174 173 163
3 164 174 163
3 164 163 149
3 150 164 149
3 150 149 141
3 142 150 141
3 142 141 135
3 136 142 135
3 136 135 74
3 75 136 74
3 75 74 98
3 99 75 98
3 99 98 37
3 38 99 37
3 100 99 131
3 132 100 131
3 205 132 131
3 205 131 204
3 205 204 226
3 227 205 226
3 227 226 238
3 239 227 238
3 264 239 238
3 264 238 263
3 279 264 263
3 279 263 278
3 347 279 278
3 347 278 346
3 365 347 346
3 365 346 364
3 375 365 364
3 375 364 374
3 381 375 374
3 381 374 380
3 730 381 380
3 730 380 729
3 730 729 818
3 819 730 818
3 819 818 771
3 772 819 771
3 772 771 737
3 738 772 737
3 738 737 713
3 714 738 713
3 714 713 721
3 722 714 721
3 722 721 811
3 812 722 811
3 812 811 830
3 831 812 830
3 856 831 830
3 856 830 855
3 869 856 855
3 869 855 868
3 884 869 868
3 884 868 883
3 884 883 908
3 909 884 908
3 917 909 908
3 917 908 916
3 917 916 929
3 930 917 929
3 955 930 929
3 955 929 954
3 988 955 954
3 988 954 987
3 1018 988 987
3 1018 987 1017
3 1265 1018 1017
3 1265 1017 1264
3 1287 1265 1264
3 1287 1264 1286
3 1308 1287 1286
3 1308 1286 1307
3 1320 1308 1307
3 1320 1307 1319
3 1314 1320 1319
3 1314 1319 1313
3 1336 1314 1313
3 1336 1313 1335
3 1293 1336 1335
3 1293 1335 1292
3 1328 1293 1292
3 1328 1292 1327
3 1342 1328 1327
3 1342 1327 1341
3 1358 1342 1341
3 1358 1341 1357
3 1350 1358 1357
3 1350 1357 1349
3 1301 1350 1349
3 1301 1349 1300
3 1280 1301 1300
3 1280 1300 1279
3 1280 1279 1257
3 1258 1280 1257
3 1258 1257 1241
3 1242 1258 1241
3 1242 1241 1231
3 1232 1242 1231
3 1214 1232 1231
3 1214 1231 1213
3 1504 1214 1213
3 1504 1213 1503
3 1504 1503 1530
3 1531 1504 1530
3 1554 1531 1530
3 1554 1530 1553
3 1579 1554 1553
3 1579 1553 1578
3 1684 1579 1578
3 1684 1578 1683
3 1713 1684 1683
3 1713 1683 1712
3 1750 1713 1712
3 1750 1712 1749
3 1758 1750 1749
3 1758 1749 1757
3 1934 1758 1757
3 1934 1757 1933
3 1967 1934 1933
3 1967 1933 1966
3 1987 1967 1966
3 1987 1966 1986
3 1974 1987 1986
3 1974 1986 1973
3 1925 1974 1973
3 1925 1973 1924
3 2009 1925 1924
3 2009 1924 2008
3 1865 2009 2008
3 1865 2008 1864
3 1865 1864 1818
3 1819 1865 1818
3 1802 1819 1818
3 1802 1818 1801
3 1782 1802 1801
3 1782 1801 1781
3 1765 1782 1781
3 1765 1781 1764
3 1765 1764 1693
3 1694 1765 1693
3 1694 1693 1603
3 1604 1694 1603
3 1590 1604 1603
3 1590 1603 1589
3 1590 1589 1564
3 1565 1590 1564
3 1565 1564 1541
3 1542 1565 1541
3 1542 1541 1512
3 1513 1542 1512
3 1513 1512 1454
3 1455 1513 1454
3 1455 1454 1437
3 1438 1455 1437
3 1438 1437 1424
3 1425 1438 1424
3 1425 1424 1415
3 1416 1425 1415
3 1416 1415 1024
3 1025 1416 1024
3 995 1025 1024
3 995 1024 994
3 995 994 970
3 971 995 970
3 971 970 942
3 943 971 942
3 943 942 900
3 901 943 900
3 901 900 848
3 849 901 848
3 849 848 799
3 800 849 799
3 800 799 763
3 764 800 763
3 764 763 696
3 697 764 696
3 697 696 705
3 706 697 705
3 706 705 285
3 286 706 285
3 273 286 285
3 273 285 272
3 273 272 249
3 250 273 249
3 250 249 220
3 221 250 220
3 221 220 174
3 175 221 174
3 175 174 164
3 165 175 164
3 165 164 150
3 151 165 150
3 151 150 142
3 143 151 142
3 143 142 136
3 137 143 136
3 137 136 183
3 184 137 183
3 184 183 99
3 100 184 99
3 206 205 227
3 228 206 227
3 301 228 227
3 301 227 300
3 301 300 308
3 309 301 308
3 348 309 308
3 348 308 347
3 366 348 347
3 366 347 365
3 376 366 365
3 376 365 375
3 382 376 375
3 382 375 381
3 731 382 381
3 731 381 730
3 731 730 819
3 820 731 819
3 820 819 772
3 773 820 772
3 773 772 738
3 739 773 738
3 739 738 714
3 715 739 714
3 715 714 722
3 723 715 722
3 723 722 812
3 813 723 812
3 813 812 831
3 832 813 831
3 857 832 831
3 857 831 856
3 870 857 856
3 870 856 869
3 885 870 869
3 885 869 884
3 885 884 909
3 910 885 909
3 918 910 909
3 918 909 917
3 918 917 930
3 931 918 930
3 956 931 930
3 956 930 955
3 989 956 955
3 989 955 988
3 1019 989 988
3 1019 988 1018
3 1266 1019 1018
3 1266 1018 1265
3 1288 1266 1265
3 1288 1265 1287
3 1309 1288 1287
3 1309 1287 1308
3 1321 1309 1308
3 1321 1308 1320
3 1315 1321 1320
3 1315 1320 1314
3 1337 1315 1314
3 1337 1314 1336
3 1294 1337 1336
3 1294 1336 1293
3 1329 1294 1293
3 1329 1293 1328
3 1343 1329 1328
3 1343 1328 1342
3 1359 1343 1342
3 1359 1342 1358
3 1351 1359 1358
3 1351 1358 1350
3 1302 1351 1350
3 1302 1350 1301
3 1281 1302 1301
3 1281 1301 1280
3 1281 1280 1258
3 1259 1281 1258
3 1259 1258 1242
3 1243 1259 1242
3 1243 1242 1232
3 1233 1243 1232
3 1215 1233 1232
3 1215 1232 1214
3 1505 1215 1214
3 1505 1214 1504
3 1505 1504 1531
3 1532 1505 1531
3 1555 1532 1531
3 1555 1531 1554
3 1580 1555 1554
3 1580 1554 1579
3 1685 1580 1579
3 1685 1579 1684
3 1714 1685 1684
3 1714 1684 1713
3 1751 1714 1713
3 1751 1713 1750
3 1759 1751 1750
3 1759 1750 1758
3 1935 1759 1758
3 1935 1758 1934
3 1968 1935 1934
3 1968 1934 1967
3 1988 1968 1967
3 1988 1967 1987
3 1975 1988 1987
3 1975 1987 1974
3 1926 1975 1974
3 1926 1974 1925
3 2010 1926 1925
3 2010 1925 2009
3 1866 2010 2009
3 1866 2009 1865
3 1866 1865 1819
3 1820 1866 1819
3 1803 1820 1819
3 1803 1819 1802
3 1783 1803 1802
3 1783 1802 1782
3 1766 1783 1782
3 1766 1782 1765
3 1766 1765 1694
3 1695 1766 1694
3 1695 1694 1604
3 1605 1695 1604
3 1591 1605 1604
3 1591 1604 1590
3 1591 1590 1565
3 1566 1591 1565
3 1566 1565 1542
3 1543 1566 1542
3 1543 1542 1513
3 1514 1543 1513
3 1514 1513 1455
3 1456 1514 1455
3 1456 1455 1438
3 1439 1456 1438
3 1439 1438 1425
3 1426 1439 1425
3 1426 1425 1416
3 1417 1426 1416
3 1417 1416 1025
3 1026 1417 1025
3 996 1026 1025
3 996 1025 995
3 996 995 971
3 972 996 971
3 972 971 943
3 944 972 943
3 944 943 901
3 902 944 901
3 902 901 849
3 850 902 849
3 850 849 800
3 801 850 800
3 801 800 764
3 765 801 764
3 765 764 697
3 698 765 697
3 698 697 706
3 707 698 706
3 707 706 286
3 287 707 286
3 274 287 286
3 274 286 273
3 274 273 250
3 251 274 250
3 251 250 221
3 222 251 221
3 222 221 200
3 201 222 200
3 201 200 202
3 203 201 202
3 203 202 137
3 138 203 137
3 138 137 205
3 206 138 205
3 624 623 627
3 628 624 627
3 634 628 627
3 634 627 633
3 668 634 633
3 668 633 667
3 732 668 667
3 732 667 731
3 732 731 820
3 821 732 820
3 821 820 773
3 774 821 773
3 774 773 739
3 740 774 739
3 740 739 715
3 716 740 715
3 716 715 723
3 724 716 723
3 724 723 813
3 814 724 813
3 814 813 832
3 833 814 832
3 858 833 832
3 858 832 857
3 871 858 857
3 871 857 870
3 886 871 870
3 886 870 885
3 886 885 910
3 911 886 910
3 919 911 910
3 919 910 918
3 919 918 931
3 932 919 931
3 957 932 931
3 957 931 956
3 990 957 956
3 990 956 989
3 1020 990 989
3 1020 989 1019
3 1267 1020 1019
3 1267 1019 1266
3 1289 1267 1266
3 1289 1266 1288
3 1310 1289 1288
3 1310 1288 1309
3 1322 1310 1309
3 1322 1309 1321
3 1316 1322 1321
3 1316 1321 1315
3 1338 1316 1315
3 1338 1315 1337
3 1295 1338 1337
3 1295 1337 1294
3 1330 1295 1294
3 1330 1294 1329
3 1344 1330 1329
3 1344 1329 1343
3 1360 1344 1343
3 1360 1343 1359
3 1352 1360 1359
3 1352 1359 1351
3 1303 1352 1351
3 1303 1351 1302
3 1282 1303 1302
3 1282 1302 1281
3 1282 1281 1259
3 1260 1282 1259
3 1260 1259 1243
3 1244 1260 1243
3 1244 1243 1233
3 1234 1244 1233
3 1216 1234 1233
3 1216 1233 1215
3 1506 1216 1215
3 1506 1215 1505
3 1506 1505 1532
3 1533 1506 1532
3 1556 1533 1532
3 1556 1532 1555
3 1581 1556 1555
3 1581 1555 1580
3 1686 1581 1580
3 1686 1580 1685
3 1732 1686 1685
3 1732 1685 1731
3 1752 1732 1731
3 1752 1731 1751
3 1760 1752 1751
3 1760 1751 1759
3 1936 1760 1759
3 1936 1759 1935
3 1969 1936 1935
3 1969 1935 1968
3 1989 1969 1968
3 1989 1968 1988
3 1976 1989 1988
3 1976 1988 1975
3 1927 1976 1975
3 1927 1975 1926
3 2011 1927 1926
3 2011 1926 2010
3 1867 2011 2010
3 1867 2010 1866
3 1867 1866 1820
3 1821 1867 1820
3 1804 1821 1820
3 1804 1820 1803
3 1784 1804 1803
3 1784 1803 1783
3 1777 1784 1783
3 1777 1783 1776
3 1777 1776 1724
3 1725 1777 1724
3 1725 1724 1695
3 1696 1725 1695
3 1696 1695 1605
3 1606 1696 1605
3 1592 1606 1605
3 1592 1605 1591
3 1592 1591 1566
3 1567 1592 1566
3 1567 1566 1543
3 1544 1567 1543
3 1544 1543 1514
3 1515 1544 1514
3 1515 1514 1456
3 1457 1515 1456
3 1457 1456 1439
3 1440 1457 1439
3 1440 1439 1426
3 1427 1440 1426
3 1427 1426 1417
3 1418 1427 1417
3 1418 1417 1026
3 1027 1418 1026
3 997 1027 1026
3 997 1026 996
3 997 996 972
3 973 997 972
3 973 972 944
3 945 973 944
3 945 944 902
3 903 945 902
3 903 902 805
3 806 903 805
3 806 805 765
3 766 806 765
3 766 765 746
3 747 766 746
3 747 746 698
3 699 747 698
3 699 698 707
3 708 699 707
3 708 707 581
3 582 708 581
3 582 581 567
3 568 582 567
3 568 567 561
3 562 568 561
3 562 561 545
3 546 562 545
3 546 545 549
3 550 546 549
3 550 549 623
3 624 550 623
3 625 624 628
3 629 625 628
3 635 629 628
3 635 628 634
3 669 635 634
3 669 634 668
3 733 669 668
3 733 668 732
3 733 732 821
3 822 733 821
3 822 821 774
3 775 822 774
3 775 774 740
3 741 775 740
3 741 740 716
3 717 741 716
3 717 716 724
3 725 717 724
3 725 724 814
3 815 725 814
3 815 814 833
3 834 815 833
3 859 834 833
3 859 833 858
3 872 859 858
3 872 858 871
3 887 872 871
3 887 871 886
3 1048 887 886
3 1048 886 1047
3 1048 1047 1077
3 1078 1048 1077
3 1220 1078 1077
3 1220 1077 1219
3 1201 1220 1219
3 1201 1219 1200
3 1296 1201 1200
3 1296 1200 1295
3 1331 1296 1295
3 1331 1295 1330
3 1345 1331 1330
3 1345 1330 1344
3 1361 1345 1344
3 1361 1344 1360
3 1353 1361 1360
3 1353 1360 1352
3 1304 1353 1352
3 1304 1352 1303
3 1283 1304 1303
3 1283 1303 1282
3 1283 1282 1260
3 1261 1283 1260
3 1261 1260 1244
3 1245 1261 1244
3 1245 1244 1234
3 1235 1245 1234
3 1217 1235 1234
3 1217 1234 1216
3 1507 1217 1216
3 1507 1216 1506
3 1507 1506 1533
3 1534 1507 1533
3 1557 1534 1533
3 1557 1533 1556
3 1582 1557 1556
3 1582 1556 1581
3 1687 1582 1581
3 1687 1581 1686
3 1733 1687 1686
3 1733 1686 1732
3 1753 1733 1732
3 1753 1732 1752
3 1761 1753 1752
3 1761 1752 1760
3 1675 1761 1760
3 1675 1760 1674
3 1854 1675 1674
3 1854 1674 1853
3 1770 1854 1853
3 1770 1853 1769
3 1770 1769 1627
3 1628 1770 1627
3 1607 1628 1627
3 1607 1627 1606
3 1593 1607 1606
3 1593 1606 1592
3 1593 1592 1567
3 1568 1593 1567
3 1568 1567 1544
3 1545 1568 1544
3 1545 1544 1515
3 1516 1545 1515
3 1516 1515 1457
3 1458 1516 1457
3 1458 1457 1440
3 1441 1458 1440
3 1441 1440 1427
3 1428 1441 1427
3 1428 1427 1418
3 1419 1428 1418
3 1419 1418 1027
3 1028 1419 1027
3 998 1028 1027
3 998 1027 997
3 998 997 973
3 974 998 973
3 974 973 945
3 946 974 945
3 946 945 903
3 904 946 903
3 904 903 806
3 807 904 806
3 807 806 766
3 767 807 766
3 767 766 747
3 748 767 747
3 748 747 699
3 700 748 699
3 700 699 708
3 709 700 708
3 709 708 582
3 583 709 582
3 583 582 568
3 569 583 568
3 569 568 562
3 563 569 562
3 563 562 546
3 547 563 546
3 547 546 550
3 551 547 550
3 551 550 624
3 625 551 624
3 626 625 629
3 630 626 629
3 636 630 629
3 636 629 635
3 670 636 635
3 670 635 669
3 734 670 669
3 734 669 733
3 734 733 822
3 823 734 822
3 823 822 775
3 776 823 775
3 776 775 741
3 742 776 741
3 742 741 717
3 718 742 717
3 718 717 725
3 726 718 725
3 726 725 779
3 780 726 779
3 863 780 779
3 863 779 862
3 863 862 887
3 888 863 887
3 1202 888 887
3 1202 887 1201
3 1297 1202 1201
3 1297 1201 1296
3 1332 1297 1296
3 1332 1296 1331
3 1346 1332 1331
3 1346 1331 1345
3 1362 1346 1345
3 1362 1345 1361
3 1354 1362 1361
3 1354 1361 1353
3 1324 1354 1353
3 1324 1353 1323
3 1324 1323 1246
3 1247 1324 1246
3 1236 1247 1246
3 1236 1246 1235
3 1218 1236 1235
3 1218 1235 1217
3 1508 1218 1217
3 1508 1217 1507
3 1508 1507 1534
3 1535 1508 1534
3 1558 1535 1534
3 1558 1534 1557
3 1583 1558 1557
3 1583 1557 1582
3 1643 1583 1582
3 1643 1582 1642
3 1637 1643 1642
3 1637 1642 1636
3 1762 1637 1636
3 1762 1636 1761
3 1676 1762 1761
3 1676 1761 1675
3 1629 1676 1675
3 1629 1675 1628
3 1608 1629 1628
3 1608 1628 1607
3 1608 1607 1476
3 1477 1608 1476
3 1469 1477 1476
3 1469 1476 1468
3 1469 1468 1458
3 1459 1469 1458
3 1459 1458 1441
3 1442 1459 1441
3 1442 1441 1428
3 1429 1442 1428
3 1429 1428 1419
3 1420 1429 1419
3 1420 1419 1028
3 1029 1420 1028
3 999 1029 1028
3 999 1028 998
3 999 998 974
3 975 999 974
3 975 974 946
3 947 975 946
3 947 946 904
3 905 947 904
3 905 904 807
3 808 905 807
3 808 807 767
3 768 808 767
3 768 767 748
3 749 768 748
3 749 748 700
3 701 749 700
3 701 700 709
3 710 701 709
3 710 709 583
3 584 710 583
3 584 583 569
3 570 584 569
3 570 569 563
3 564 570 563
3 564 563 547
3 548 564 547
3 548 547 551
3 552 548 551
3 552 551 625
3 626 552 625
3 1489 1488 1584
3 1585 1489 1584
3 1585 1584 1111
3 1112 1585 1111
3 1112 1111 1190
3 1191 1112 1190
3 1191 1190 1008
3 1009 1191 1008
3 789 1009 1008
3 789 1008 788
3 1489 789 788
3 1489 788 1488
3 2021 1929 1928
3 2021 1928 2020
3 2021 2020 2029
3 2030 2021 2029
3 2030 2029 1948
3 1949 2030 1948
3 1929 1949 1948
3 1929 1948 1928
3 1897 1823 1822
3 1897 1822 1896
3 1897 1896 1898
3 1899 1897 1898
3 1899 1898 1828
3 1829 1899 1828
3 1823 1829 1828
3 1823 1828 1822
3 1485 1484 1490
3 1491 1485 1490
3 1491 1490 1480
3 1481 1491 1480
3 1475 1481 1480
3 1475 1480 1474
3 1485 1475 1474
3 1485 1474 1484
3 1856 1669 1668
3 1856 1668 1855
3 1856 1855 1919
3 1920 1856 1919
3 1920 1919 1726
3 1727 1920 1726
3 1669 1727 1726
3 1669 1726 1668
3 1384 1383 1385
3 1386 1384 1385
3 1386 1385 1381
3 1382 1386 1381
3 1378 1382 1381
3 1378 1381 1377
3 1384 1378 1377
3 1384 1377 1383
3 1208 1207 1221
3 1222 1208 1221
3 1222 1221 1205
3 1206 1222 1205
3 1204 1206 1205
3 1204 1205 1203
3 1208 1204 1203
3 1208 1203 1207
3 1066 1065 1087
3 1088 1066 1087
3 1088 1087 1063
3 1064 1088 1063
3 1058 1064 1063
3 1058 1063 1057
3 1066 1058 1057
3 1066 1057 1065
3 230 229 233
3 234 230 233
3 234 233 215
3 216 234 215
3 212 216 215
3 212 215 211
3 230 212 211
3 230 211 229
3 400 399 413
3 414 400 413
3 414 413 395
3 396 414 395
3 388 396 395
3 388 395 387
3 400 388 387
3 400 387 399
