OFF
11694 34001 0
0.000 21.350 0.000
0.000 21.350 6.400
0.033 21.350 6.400
0.033 21.350 9.700
0.033 21.350 18.900
0.095 21.838 9.500
0.095 21.838 9.700
0.095 21.838 10.700
0.095 21.838 12.450
0.095 21.838 12.650
0.095 21.838 13.650
0.095 21.838 15.400
0.095 21.838 15.600
0.095 21.838 16.600
0.219 21.771 9.700
0.219 21.771 10.700
0.219 21.771 12.650
0.219 21.771 13.650
0.219 21.771 15.600
0.219 21.771 16.600
0.224 21.407 9.500
0.224 21.407 9.700
0.224 21.407 10.700
0.224 21.407 12.450
0.224 21.407 12.650
0.224 21.407 13.650
0.224 21.407 15.400
0.224 21.407 15.600
0.224 21.407 16.600
0.271 21.494 6.400
0.271 21.494 9.500
0.271 21.494 9.700
0.291 21.427 6.400
0.291 21.427 9.500
0.291 21.427 9.700
0.291 21.427 12.450
0.291 21.427 12.650
0.291 21.427 15.400
0.291 21.427 15.600
0.291 21.427 18.900
0.320 21.436 9.700
0.320 21.436 10.700
0.320 21.436 12.650
0.320 21.436 13.650
0.320 21.436 15.600
0.320 21.436 16.600
0.598 20.402 9.500
0.598 20.402 9.700
0.598 20.402 12.450
0.598 20.402 12.650
0.598 20.402 15.400
0.598 20.402 15.600
0.598 20.402 18.700
0.598 20.402 18.900
2.024 10.594 6.400
2.024 10.594 9.700
2.024 10.594 18.900
2.062 10.605 0.000
2.062 10.605 6.400
2.273 10.459 6.400
2.273 10.459 9.500
2.273 10.459 9.700
2.273 10.459 12.450
2.273 10.459 12.650
2.273 10.459 15.400
2.273 10.459 15.600
2.273 10.459 18.700
2.273 10.459 18.900
2.359 22.120 9.500
2.359 22.120 9.700
2.359 22.120 12.450
2.359 22.120 12.650
2.359 22.120 15.400
2.359 22.120 15.600
2.359 22.120 18.700
2.359 22.120 18.900
2.375 22.417 9.700
2.375 22.417 10.700
2.375 22.417 12.650
2.375 22.417 13.650
2.375 22.417 15.600
2.375 22.417 16.600
2.442 22.541 9.500
2.442 22.541 9.700
2.442 22.541 10.700
2.442 22.541 12.450
2.442 22.541 12.650
2.442 22.541 13.650
2.442 22.541 15.400
2.442 22.541 15.600
2.442 22.541 16.600
2.455 22.149 9.700
2.455 22.149 10.700
2.455 22.149 12.650
2.455 22.149 13.650
2.455 22.149 15.600
2.455 22.149 16.600
2.551 22.177 9.500
2.551 22.177 9.700
2.551 22.177 10.700
2.551 22.177 12.450
2.551 22.177 12.650
2.551 22.177 13.650
2.551 22.177 15.400
2.551 22.177 15.600
2.551 22.177 16.600
2.687 21.028 9.500
2.687 21.028 9.700
2.687 21.028 12.450
2.687 21.028 12.650
2.687 21.028 15.400
2.687 21.028 15.600
2.687 21.028 18.700
2.687 21.028 18.900
3.125 10.923 0.000
3.125 10.923 6.400
3.155 10.932 6.400
3.155 10.932 9.700
3.155 10.932 18.900
3.471 10.818 6.400
3.471 10.818 9.500
3.471 10.818 9.700
3.471 10.818 12.450
3.471 10.818 12.650
3.471 10.818 15.400
3.471 10.818 15.600
3.471 10.818 18.700
3.471 10.818 18.900
4.251 17.655 18.900
4.251 17.655 22.250
4.509 22.853 9.700
4.509 22.853 18.900
4.534 22.771 6.400
4.534 22.771 9.500
4.534 22.771 9.700
4.534 22.771 18.900
4.554 22.704 6.400
4.554 22.704 9.700
4.611 22.513 6.400
4.611 22.513 9.500
4.611 22.513 9.700
4.901 0.993 6.400
4.901 0.993 9.700
4.901 0.993 18.900
4.944 0.989 0.000
4.944 0.989 6.400
5.036 1.242 6.400
5.036 1.242 9.500
5.036 1.242 9.700
5.036 1.242 12.450
5.036 1.242 12.650
5.036 1.242 15.400
5.036 1.242 15.600
5.036 1.242 18.700
5.036 1.242 18.900
5.037 23.601 21.800
5.037 23.601 22.000
5.054 14.973 18.900
5.054 14.973 22.250
5.454 22.661 21.800
5.454 22.661 22.000
5.528 23.007 0.000
5.528 23.007 6.400
5.855 21.915 0.000
5.855 21.915 6.400
6.042 23.312 9.700
6.042 23.312 18.900
6.066 23.231 9.700
6.066 23.231 18.900
6.281 1.615 6.400
6.281 1.615 9.500
6.281 1.615 9.700
6.281 1.615 12.450
6.281 1.615 12.650
6.281 1.615 15.400
6.281 1.615 15.600
6.281 1.615 18.700
6.281 1.615 18.900
6.333 1.442 6.400
6.333 1.442 9.500
6.333 1.442 9.700
6.333 1.442 12.450
6.333 1.442 12.650
6.333 1.442 15.400
6.333 1.442 15.600
6.333 1.442 18.700
6.333 1.442 18.900
6.338 1.423 6.400
6.338 1.423 9.700
6.338 1.423 18.900
6.353 1.515 0.000
6.353 1.515 5.400
6.353 1.515 6.400
6.381 1.419 0.000
6.381 1.419 5.400
6.381 1.419 6.400
6.444 18.907 21.800
6.444 18.907 22.000
6.525 19.088 21.800
6.525 19.088 22.000
6.653 22.665 18.900
6.653 22.665 21.800
6.771 23.056 21.800
6.771 23.056 22.000
6.826 22.091 18.900
6.826 22.091 21.800
6.915 23.099 21.800
6.915 23.099 22.000
7.152 15.602 18.900
7.152 15.602 22.250
7.228 22.838 18.900
7.228 22.838 21.800
7.328 20.414 18.900
7.328 20.414 21.800
7.400 22.263 18.900
7.400 22.263 21.800
7.500 19.840 18.900
7.500 19.840 21.800
7.668 3.256 5.400
7.668 3.256 6.400
7.668 3.256 9.500
7.668 3.256 9.700
7.668 3.256 12.450
7.668 3.256 12.650
7.668 3.256 15.400
7.668 3.256 15.600
7.668 3.256 18.700
7.668 3.256 18.900
7.683 23.653 0.000
7.683 23.653 6.400
7.842 19.483 21.800
7.842 19.483 22.000
7.865 1.901 5.400
7.865 1.901 6.400
7.865 1.901 7.400
7.865 1.901 9.500
7.865 1.901 9.700
7.865 1.901 10.700
7.865 1.901 12.450
7.865 1.901 12.650
7.865 1.901 13.650
7.865 1.901 15.400
7.865 1.901 15.600
7.865 1.901 16.600
7.870 2.059 6.400
7.870 2.059 9.500
7.870 2.059 9.700
7.870 2.059 12.450
7.870 2.059 12.650
7.870 2.059 15.400
7.870 2.059 15.600
7.870 2.059 18.700
7.870 2.059 18.900
7.903 20.587 18.900
7.903 20.587 21.800
7.913 1.916 6.400
7.913 1.916 9.500
7.913 1.916 9.700
7.913 1.916 12.450
7.913 1.916 12.650
7.913 1.916 15.400
7.913 1.916 15.600
7.913 1.916 18.700
7.913 1.916 18.900
7.921 24.183 9.500
7.921 24.183 9.700
7.921 24.183 10.700
7.921 24.183 12.450
7.921 24.183 12.650
7.921 24.183 13.650
7.921 24.183 15.400
7.921 24.183 15.600
7.921 24.183 16.600
7.961 1.930 6.400
7.961 1.930 7.400
7.961 1.930 9.700
7.961 1.930 10.700
7.961 1.930 12.650
7.961 1.930 13.650
7.961 1.930 15.600
7.961 1.930 16.600
7.967 1.560 5.400
7.967 1.560 6.400
7.967 1.560 7.400
7.967 1.560 9.500
7.967 1.560 9.700
7.967 1.560 10.700
7.967 1.560 12.450
7.967 1.560 12.650
7.967 1.560 13.650
7.967 1.560 15.400
7.967 1.560 15.600
7.967 1.560 16.600
7.986 19.526 21.800
7.986 19.526 22.000
8.011 22.561 0.000
8.011 22.561 6.400
8.013 12.728 18.900
8.013 12.728 22.250
8.014 2.103 6.400
8.014 2.103 9.500
8.014 2.103 9.700
8.014 2.103 12.450
8.014 2.103 12.650
8.014 2.103 15.400
8.014 2.103 15.600
8.014 2.103 18.700
8.014 2.103 18.900
8.030 23.819 9.500
8.030 23.819 9.700
8.030 23.819 10.700
8.030 23.819 12.450
8.030 23.819 12.650
8.030 23.819 13.650
8.030 23.819 15.400
8.030 23.819 15.600
8.030 23.819 16.600
8.035 1.685 6.400
8.035 1.685 7.400
8.035 1.685 9.700
8.035 1.685 10.700
8.035 1.685 12.650
8.035 1.685 13.650
8.035 1.685 15.600
8.035 1.685 16.600
8.046 24.116 9.700
8.046 24.116 10.700
8.046 24.116 12.650
8.046 24.116 13.650
8.046 24.116 15.600
8.046 24.116 16.600
8.057 1.959 5.400
8.057 1.959 6.400
8.057 1.959 9.500
8.057 1.959 9.700
8.057 1.959 12.450
8.057 1.959 12.650
8.057 1.959 15.400
8.057 1.959 15.600
8.057 1.959 18.900
8.075 20.012 18.900
8.075 20.012 21.800
8.102 23.841 9.700
8.102 23.841 12.450
8.102 23.841 12.650
8.102 23.841 15.400
8.102 23.841 15.600
8.102 23.841 18.700
8.102 23.841 18.900
8.126 23.848 9.700
8.126 23.848 10.700
8.126 23.848 12.650
8.126 23.848 13.650
8.126 23.848 15.600
8.126 23.848 16.600
8.145 23.697 9.700
8.145 23.697 12.450
8.145 23.697 12.650
8.145 23.697 15.400
8.145 23.697 15.600
8.145 23.697 18.700
8.145 23.697 18.900
8.232 23.493 21.800
8.232 23.493 22.000
8.246 23.884 9.500
8.246 23.884 9.700
8.246 23.884 12.450
8.246 23.884 12.650
8.246 23.884 15.400
8.246 23.884 15.600
8.246 23.884 18.900
8.289 23.740 9.700
8.289 23.740 12.450
8.289 23.740 12.650
8.289 23.740 15.400
8.289 23.740 15.600
8.289 23.740 18.700
8.289 23.740 18.900
8.376 23.536 21.800
8.376 23.536 22.000
8.573 22.792 9.500
8.573 22.792 9.700
8.573 22.792 12.450
8.573 22.792 12.650
8.573 22.792 15.400
8.573 22.792 15.600
8.573 22.792 18.700
8.573 22.792 18.900
9.303 19.921 21.800
9.303 19.921 22.000
9.447 19.964 21.800
9.447 19.964 22.000
9.471 19.219 18.900
9.471 19.219 22.250
9.693 23.931 21.800
9.693 23.931 22.000
9.861 23.981 21.800
9.861 23.981 22.000
10.703 4.693 21.800
10.703 4.693 22.000
10.743 4.177 5.200
10.743 4.177 5.400
10.743 4.177 6.400
10.743 4.177 9.500
10.743 4.177 9.700
10.743 4.177 12.450
10.743 4.177 12.650
10.743 4.177 15.400
10.743 4.177 15.600
10.743 4.177 20.400
10.764 20.358 21.800
10.764 20.358 22.000
10.871 4.587 21.800
10.871 4.587 22.000
10.931 20.409 21.800
10.931 20.409 22.000
10.935 4.234 5.200
10.935 4.234 6.400
10.935 4.234 9.500
10.935 4.234 9.700
10.935 4.234 12.450
10.935 4.234 12.650
10.935 4.234 15.400
10.935 4.234 15.600
10.935 4.234 18.700
10.935 4.234 18.900
10.935 4.234 20.400
11.008 24.361 9.700
11.008 24.361 18.900
11.009 24.383 9.700
11.009 24.383 18.900
11.010 24.340 9.700
11.010 24.340 18.900
11.011 24.405 9.700
11.011 24.405 18.900
11.013 24.318 9.700
11.013 24.318 18.900
11.015 24.426 9.700
11.015 24.426 18.900
11.019 24.297 9.700
11.019 24.297 18.900
11.021 24.447 9.700
11.021 24.447 18.900
11.026 24.276 9.700
11.026 24.276 18.900
11.027 2.916 0.000
11.027 2.916 5.400
11.027 2.916 6.400
11.029 24.468 9.700
11.029 24.468 18.900
11.035 24.256 9.700
11.035 24.256 18.900
11.038 24.487 9.700
11.038 24.487 18.900
11.045 24.237 9.700
11.045 24.237 18.900
11.049 24.506 9.700
11.049 24.506 18.900
11.056 2.820 0.000
11.056 2.820 5.400
11.056 2.820 6.400
11.058 24.219 9.700
11.058 24.219 18.900
11.060 23.986 18.900
11.060 23.986 21.800
11.062 24.524 9.700
11.062 24.524 18.900
11.072 24.202 9.700
11.072 24.202 18.900
11.076 24.540 9.700
11.076 24.540 18.900
11.087 24.187 9.700
11.087 24.187 18.900
11.092 24.555 9.700
11.092 24.555 18.900
11.103 24.173 9.700
11.103 24.173 18.900
11.109 24.569 9.700
11.109 24.569 18.900
11.121 24.160 9.700
11.121 24.160 18.900
11.123 0.801 5.200
11.123 0.801 20.400
11.123 2.944 0.000
11.123 2.944 6.400
11.127 24.581 9.700
11.127 24.581 18.900
11.136 13.664 18.900
11.136 13.664 22.250
11.140 24.149 9.700
11.140 24.149 18.900
11.146 24.592 9.700
11.146 24.592 18.900
11.159 24.139 9.700
11.159 24.139 18.900
11.166 24.601 9.700
11.166 24.601 18.900
11.178 24.376 21.800
11.178 24.376 22.000
11.180 24.131 9.700
11.180 24.131 18.900
11.187 24.608 9.700
11.187 24.608 18.900
11.201 24.125 9.700
11.201 24.125 18.900
11.205 2.635 6.400
11.205 2.635 7.400
11.205 2.635 9.700
11.205 2.635 10.700
11.205 2.635 12.650
11.205 2.635 13.650
11.205 2.635 15.600
11.205 2.635 16.600
11.208 24.614 9.700
11.208 24.614 18.900
11.222 24.121 9.700
11.222 24.121 18.900
11.229 24.617 9.700
11.229 24.617 18.900
11.232 23.411 18.900
11.232 23.411 21.800
11.234 2.539 5.400
11.234 2.539 6.400
11.234 2.539 7.400
11.234 2.539 9.500
11.234 2.539 9.700
11.234 2.539 10.700
11.234 2.539 12.450
11.234 2.539 12.650
11.234 2.539 13.650
11.234 2.539 15.400
11.234 2.539 15.600
11.234 2.539 16.600
11.244 24.119 9.700
11.244 24.119 18.900
11.251 24.619 9.700
11.251 24.619 18.900
11.266 24.119 9.700
11.266 24.119 18.900
11.273 24.618 9.700
11.273 24.618 18.900
11.278 0.283 5.200
11.278 0.283 20.400
11.287 24.120 9.700
11.287 24.120 18.900
11.294 24.616 9.700
11.294 24.616 18.900
11.309 24.124 9.700
11.309 24.124 18.900
11.316 24.612 9.700
11.316 24.612 18.900
11.321 24.419 21.800
11.321 24.419 22.000
11.330 24.129 9.700
11.330 24.129 18.900
11.337 24.606 9.700
11.337 24.606 18.900
11.351 24.136 9.700
11.351 24.136 18.900
11.357 24.598 9.700
11.357 24.598 18.900
11.370 24.145 9.700
11.370 24.145 18.900
11.377 24.589 9.700
11.377 24.589 18.900
11.390 24.156 9.700
11.390 24.156 18.900
11.396 24.578 9.700
11.396 24.578 18.900
11.408 24.168 9.700
11.408 24.168 18.900
11.413 24.565 9.700
11.413 24.565 18.900
11.424 24.182 9.700
11.424 24.182 18.900
11.430 24.551 9.700
11.430 24.551 18.900
11.440 24.197 9.700
11.440 24.197 18.900
11.445 24.535 9.700
11.445 24.535 18.900
11.448 24.781 0.000
11.448 24.781 6.400
11.454 24.214 9.700
11.454 24.214 18.900
11.459 24.518 9.700
11.459 24.518 18.900
11.467 24.231 9.700
11.467 24.231 18.900
11.471 24.500 9.700
11.471 24.500 18.900
11.478 24.250 9.700
11.478 24.250 18.900
11.482 24.481 9.700
11.482 24.481 18.900
11.488 24.270 9.700
11.488 24.270 18.900
11.491 24.461 9.700
11.491 24.461 18.900
11.496 24.290 9.700
11.496 24.290 18.900
11.498 24.441 9.700
11.498 24.441 18.900
11.501 24.311 9.700
11.501 24.311 18.900
11.503 24.419 9.700
11.503 24.419 18.900
11.506 24.333 9.700
11.506 24.333 18.900
11.507 24.398 9.700
11.507 24.398 18.900
11.508 24.354 9.700
11.508 24.354 18.900
11.508 24.376 9.700
11.508 24.376 18.900
11.635 24.158 18.900
11.635 24.158 21.800
11.703 0.974 5.200
11.703 0.974 20.400
11.734 21.735 18.900
11.734 21.735 21.800
11.746 0.517 0.000
11.746 0.517 6.400
11.807 23.583 18.900
11.807 23.583 21.800
11.813 0.642 0.000
11.813 0.642 6.400
11.907 21.160 18.900
11.907 21.160 21.800
11.941 1.014 21.800
11.941 1.014 22.000
11.992 0.706 5.200
11.992 0.706 6.400
11.992 0.706 9.500
11.992 0.706 9.700
11.992 0.706 12.450
11.992 0.706 12.650
11.992 0.706 15.400
11.992 0.706 15.600
11.992 0.706 18.700
11.992 0.706 18.900
11.992 0.706 20.400
12.099 4.495 18.900
12.099 4.495 21.800
12.110 0.000 21.800
12.110 0.000 22.000
12.188 4.982 21.800
12.188 4.982 22.000
12.249 20.803 21.800
12.249 20.803 22.000
12.271 3.921 18.900
12.271 3.921 21.800
12.309 21.907 18.900
12.309 21.907 21.800
12.332 5.025 21.800
12.332 5.025 22.000
12.392 20.846 21.800
12.392 20.846 22.000
12.481 21.332 18.900
12.481 21.332 21.800
12.639 24.814 21.800
12.639 24.814 22.000
12.673 4.668 18.900
12.673 4.668 21.800
12.744 0.931 5.200
12.744 0.931 6.400
12.744 0.931 9.500
12.744 0.931 9.700
12.744 0.931 12.450
12.744 0.931 12.650
12.744 0.931 15.400
12.744 0.931 15.600
12.744 0.931 18.700
12.744 0.931 18.900
12.744 0.931 20.400
12.773 2.245 18.900
12.773 2.245 21.800
12.782 24.857 21.800
12.782 24.857 22.000
12.783 0.801 5.200
12.783 0.801 6.400
12.783 0.801 6.790
12.783 0.801 9.500
12.783 0.801 9.700
12.783 0.801 12.450
12.783 0.801 12.650
12.783 0.801 15.400
12.783 0.801 15.600
12.783 0.801 18.700
12.783 0.801 18.810
12.783 0.801 18.900
12.783 0.801 20.400
12.802 0.740 5.200
12.802 0.740 6.790
12.802 0.740 18.810
12.802 0.740 20.400
12.846 4.093 18.900
12.846 4.093 21.800
12.867 0.957 0.000
12.867 0.957 5.400
12.867 0.957 6.400
12.895 0.862 0.000
12.895 0.862 5.400
12.895 0.862 6.400
12.945 1.670 18.900
12.945 1.670 21.800
13.053 19.426 0.000
13.053 19.426 6.400
13.259 1.409 21.800
13.259 1.409 22.000
13.348 2.417 18.900
13.348 2.417 21.800
13.402 1.452 21.800
13.402 1.452 22.000
13.520 1.842 18.900
13.520 1.842 21.800
13.649 5.419 21.800
13.649 5.419 22.000
13.709 21.241 21.800
13.709 21.241 22.000
13.792 5.462 21.800
13.792 5.462 22.000
13.853 21.284 21.800
13.853 21.284 22.000
14.041 25.620 9.500
14.041 25.620 9.700
14.041 25.620 12.450
14.041 25.620 12.650
14.041 25.620 15.400
14.041 25.620 15.600
14.041 25.620 18.900
14.080 25.924 9.700
14.080 25.924 10.700
14.080 25.924 12.650
14.080 25.924 13.650
14.080 25.924 15.600
14.080 25.924 16.600
14.084 25.476 9.700
14.084 25.476 12.450
14.084 25.476 12.650
14.084 25.476 15.400
14.084 25.476 15.600
14.084 25.476 18.700
14.084 25.476 18.900
14.099 25.251 21.800
14.099 25.251 22.000
14.148 26.049 9.500
14.148 26.049 9.700
14.148 26.049 10.700
14.148 26.049 12.450
14.148 26.049 12.650
14.148 26.049 13.650
14.148 26.049 15.400
14.148 26.049 15.600
14.148 26.049 16.600
14.161 25.656 9.700
14.161 25.656 10.700
14.161 25.656 12.650
14.161 25.656 13.650
14.161 25.656 15.600
14.161 25.656 16.600
14.185 25.663 9.700
14.185 25.663 12.450
14.185 25.663 12.650
14.185 25.663 15.400
14.185 25.663 15.600
14.185 25.663 18.700
14.185 25.663 18.900
14.228 25.520 9.700
14.228 25.520 12.450
14.228 25.520 12.650
14.228 25.520 15.400
14.228 25.520 15.600
14.228 25.520 18.700
14.228 25.520 18.900
14.243 25.294 21.800
14.243 25.294 22.000
14.257 25.685 9.500
14.257 25.685 9.700
14.257 25.685 10.700
14.257 25.685 12.450
14.257 25.685 12.650
14.257 25.685 13.650
14.257 25.685 15.400
14.257 25.685 15.600
14.257 25.685 16.600
14.368 24.528 9.500
14.368 24.528 9.700
14.368 24.528 12.450
14.368 24.528 12.650
14.368 24.528 15.400
14.368 24.528 15.600
14.368 24.528 18.700
14.368 24.528 18.900
14.409 3.334 5.400
14.409 3.334 6.400
14.409 3.334 9.500
14.409 3.334 9.700
14.409 3.334 12.450
14.409 3.334 12.650
14.409 3.334 15.400
14.409 3.334 15.600
14.409 3.334 18.700
14.409 3.334 18.900
14.719 1.847 21.800
14.719 1.847 22.000
14.785 1.557 6.400
14.785 1.557 9.500
14.785 1.557 9.700
14.785 1.557 12.450
14.785 1.557 12.650
14.785 1.557 15.400
14.785 1.557 15.600
14.785 1.557 18.700
14.785 1.557 18.900
14.828 1.414 6.400
14.828 1.414 9.500
14.828 1.414 9.700
14.828 1.414 12.450
14.828 1.414 12.650
14.828 1.414 15.400
14.828 1.414 15.600
14.828 1.414 18.700
14.828 1.414 18.900
14.860 1.830 6.400
14.860 1.830 7.400
14.860 1.830 9.700
14.860 1.830 10.700
14.860 1.830 12.650
14.860 1.830 13.650
14.860 1.830 15.600
14.860 1.830 16.600
14.863 1.890 21.800
14.863 1.890 22.000
14.889 1.735 5.400
14.889 1.735 6.400
14.889 1.735 7.400
14.889 1.735 9.500
14.889 1.735 9.700
14.889 1.735 10.700
14.889 1.735 12.450
14.889 1.735 12.650
14.889 1.735 13.650
14.889 1.735 15.400
14.889 1.735 15.600
14.889 1.735 16.600
14.929 1.600 6.400
14.929 1.600 9.500
14.929 1.600 9.700
14.929 1.600 12.450
14.929 1.600 12.650
14.929 1.600 15.400
14.929 1.600 15.600
14.929 1.600 18.700
14.929 1.600 18.900
14.972 1.457 6.400
14.972 1.457 9.700
14.972 1.457 18.900
15.110 5.857 21.800
15.110 5.857 22.000
15.170 21.679 21.800
15.170 21.679 22.000
15.277 5.907 21.800
15.277 5.907 22.000
15.314 21.722 21.800
15.314 21.722 22.000
15.560 25.689 21.800
15.560 25.689 22.000
15.704 25.732 21.800
15.704 25.732 22.000
16.180 2.284 21.800
16.180 2.284 22.000
16.196 26.355 9.700
16.196 26.355 18.900
16.220 26.273 9.700
16.220 26.273 18.900
16.348 2.335 21.800
16.348 2.335 22.000
16.505 5.816 18.900
16.505 5.816 21.800
16.594 6.302 21.800
16.594 6.302 22.000
16.631 22.116 21.800
16.631 22.116 22.000
16.677 5.241 18.900
16.677 5.241 21.800
16.738 6.345 21.800
16.738 6.345 22.000
16.775 22.159 21.800
16.775 22.159 22.000
16.903 25.737 18.900
16.903 25.737 21.800
17.021 26.127 21.800
17.021 26.127 22.000
17.075 25.162 18.900
17.075 25.162 21.800
17.080 5.988 18.900
17.080 5.988 21.800
17.165 26.170 21.800
17.165 26.170 22.000
17.180 3.565 18.900
17.180 3.565 21.800
17.252 5.413 18.900
17.252 5.413 21.800
17.352 2.990 18.900
17.352 2.990 21.800
17.468 2.806 6.400
17.468 2.806 9.700
17.468 2.806 18.900
17.469 2.827 6.400
17.469 2.827 9.700
17.469 2.827 18.900
17.470 2.784 6.400
17.470 2.784 9.700
17.470 2.784 18.900
17.471 2.849 6.400
17.471 2.849 9.700
17.471 2.849 18.900
17.473 2.762 6.400
17.473 2.762 9.700
17.473 2.762 18.900
17.475 2.871 6.400
17.475 2.871 9.700
17.475 2.871 18.900
17.478 25.909 18.900
17.478 25.909 21.800
17.479 2.741 6.400
17.479 2.741 9.700
17.479 2.741 18.900
17.481 2.892 6.400
17.481 2.892 9.700
17.481 2.892 18.900
17.486 2.721 6.400
17.486 2.721 9.700
17.486 2.721 18.900
17.489 2.912 6.400
17.489 2.912 9.700
17.489 2.912 18.900
17.495 2.701 6.400
17.495 2.701 9.700
17.495 2.701 18.900
17.498 2.932 6.400
17.498 2.932 9.700
17.498 2.932 18.900
17.505 2.682 6.400
17.505 2.682 9.700
17.505 2.682 18.900
17.509 2.950 6.400
17.509 2.950 9.700
17.509 2.950 18.900
17.518 2.664 6.400
17.518 2.664 9.700
17.518 2.664 18.900
17.522 2.968 6.400
17.522 2.968 9.700
17.522 2.968 18.900
17.531 2.647 6.400
17.531 2.647 9.700
17.531 2.647 18.900
17.536 2.984 6.400
17.536 2.984 9.700
17.536 2.984 18.900
17.547 2.631 6.400
17.547 2.631 9.700
17.547 2.631 18.900
17.552 3.000 6.400
17.552 3.000 9.700
17.552 3.000 18.900
17.563 2.617 6.400
17.563 2.617 9.700
17.563 2.617 18.900
17.569 3.013 6.400
17.569 3.013 9.700
17.569 3.013 18.900
17.578 23.486 18.900
17.578 23.486 21.800
17.581 2.604 6.400
17.581 2.604 9.700
17.581 2.604 18.900
17.587 3.026 6.400
17.587 3.026 9.700
17.587 3.026 18.900
17.600 2.593 6.400
17.600 2.593 9.700
17.600 2.593 18.900
17.606 3.036 6.400
17.606 3.036 9.700
17.606 3.036 18.900
17.619 2.583 6.400
17.619 2.583 9.700
17.619 2.583 18.900
17.626 3.045 6.400
17.626 3.045 9.700
17.626 3.045 18.900
17.640 2.576 6.400
17.640 2.576 9.700
17.640 2.576 18.900
17.646 3.052 6.400
17.646 3.052 9.700
17.646 3.052 18.900
17.650 25.334 18.900
17.650 25.334 21.800
17.661 2.570 6.400
17.661 2.570 9.700
17.661 2.570 18.900
17.665 2.729 21.800
17.665 2.729 22.000
17.668 3.058 6.400
17.668 3.058 9.700
17.668 3.058 18.900
17.682 2.566 6.400
17.682 2.566 9.700
17.682 2.566 18.900
17.689 3.061 6.400
17.689 3.061 9.700
17.689 3.061 18.900
17.704 2.563 6.400
17.704 2.563 9.700
17.704 2.563 18.900
17.711 3.063 6.400
17.711 3.063 9.700
17.711 3.063 18.900
17.726 2.563 6.400
17.726 2.563 9.700
17.726 2.563 18.900
17.729 26.814 9.700
17.729 26.814 18.900
17.733 3.063 6.400
17.733 3.063 9.700
17.733 3.063 18.900
17.747 2.565 6.400
17.747 2.565 9.700
17.747 2.565 18.900
17.750 22.911 18.900
17.750 22.911 21.800
17.753 26.732 9.700
17.753 26.732 18.900
17.754 3.060 6.400
17.754 3.060 9.700
17.754 3.060 18.900
17.754 3.737 18.900
17.754 3.737 21.800
17.769 2.568 6.400
17.769 2.568 9.700
17.769 2.568 18.900
17.776 3.056 6.400
17.776 3.056 9.700
17.776 3.056 18.900
17.790 2.574 6.400
17.790 2.574 9.700
17.790 2.574 18.900
17.797 3.050 6.400
17.797 3.050 9.700
17.797 3.050 18.900
17.809 2.772 21.800
17.809 2.772 22.000
17.811 2.581 6.400
17.811 2.581 9.700
17.811 2.581 18.900
17.817 3.043 6.400
17.817 3.043 9.700
17.817 3.043 18.900
17.830 2.590 6.400
17.830 2.590 9.700
17.830 2.590 18.900
17.837 3.033 6.400
17.837 3.033 9.700
17.837 3.033 18.900
17.849 2.600 6.400
17.849 2.600 9.700
17.849 2.600 18.900
17.856 3.022 6.400
17.856 3.022 9.700
17.856 3.022 18.900
17.868 2.612 6.400
17.868 2.612 9.700
17.868 2.612 18.900
17.873 3.009 6.400
17.873 3.009 9.700
17.873 3.009 18.900
17.884 2.626 6.400
17.884 2.626 9.700
17.884 2.626 18.900
17.890 2.995 6.400
17.890 2.995 9.700
17.890 2.995 18.900
17.900 2.641 6.400
17.900 2.641 9.700
17.900 2.641 18.900
17.905 2.979 6.400
17.905 2.979 9.700
17.905 2.979 18.900
17.914 2.658 6.400
17.914 2.658 9.700
17.914 2.658 18.900
17.919 2.962 6.400
17.919 2.962 9.700
17.919 2.962 18.900
17.927 2.676 6.400
17.927 2.676 9.700
17.927 2.676 18.900
17.927 3.162 18.900
17.927 3.162 21.800
17.931 2.944 6.400
17.931 2.944 9.700
17.931 2.944 18.900
17.938 2.694 6.400
17.938 2.694 9.700
17.938 2.694 18.900
17.942 2.925 6.400
17.942 2.925 9.700
17.942 2.925 18.900
17.948 2.714 6.400
17.948 2.714 9.700
17.948 2.714 18.900
17.951 2.905 6.400
17.951 2.905 9.700
17.951 2.905 18.900
17.956 2.734 6.400
17.956 2.734 9.700
17.956 2.734 18.900
17.958 2.885 6.400
17.958 2.885 9.700
17.958 2.885 18.900
17.961 2.755 6.400
17.961 2.755 9.700
17.961 2.755 18.900
17.963 2.864 6.400
17.963 2.864 9.700
17.963 2.864 18.900
17.966 2.777 6.400
17.966 2.777 9.700
17.966 2.777 18.900
17.967 2.842 6.400
17.967 2.842 9.700
17.967 2.842 18.900
17.968 2.799 6.400
17.968 2.799 9.700
17.968 2.799 18.900
17.968 2.820 6.400
17.968 2.820 9.700
17.968 2.820 18.900
18.055 6.740 21.800
18.055 6.740 22.000
18.092 22.554 21.800
18.092 22.554 22.000
18.152 23.658 18.900
18.152 23.658 21.800
18.199 6.783 21.800
18.199 6.783 22.000
18.235 22.597 21.800
18.235 22.597 22.000
18.325 23.083 18.900
18.325 23.083 21.800
18.482 26.565 21.800
18.482 26.565 22.000
18.626 26.608 21.800
18.626 26.608 22.000
19.126 3.167 21.800
19.126 3.167 22.000
19.270 3.210 21.800
19.270 3.210 22.000
19.516 7.177 21.800
19.516 7.177 22.000
19.553 22.992 21.800
19.553 22.992 22.000
19.608 27.685 9.500
19.608 27.685 9.700
19.608 27.685 10.700
19.608 27.685 12.450
19.608 27.685 12.650
19.608 27.685 13.650
19.608 27.685 15.400
19.608 27.685 15.600
19.608 27.685 16.600
19.660 7.220 21.800
19.660 7.220 22.000
19.696 23.035 21.800
19.696 23.035 22.000
19.717 27.321 9.500
19.717 27.321 9.700
19.717 27.321 10.700
19.717 27.321 12.450
19.717 27.321 12.650
19.717 27.321 13.650
19.717 27.321 15.400
19.717 27.321 15.600
19.717 27.321 16.600
19.732 27.618 9.700
19.732 27.618 10.700
19.732 27.618 12.650
19.732 27.618 13.650
19.732 27.618 15.600
19.732 27.618 16.600
19.789 27.342 9.700
19.789 27.342 12.450
19.789 27.342 12.650
19.789 27.342 15.400
19.789 27.342 15.600
19.789 27.342 18.700
19.789 27.342 18.900
19.813 27.349 9.700
19.813 27.349 10.700
19.813 27.349 12.650
19.813 27.349 13.650
19.813 27.349 15.600
19.813 27.349 16.600
19.832 27.199 9.700
19.832 27.199 12.450
19.832 27.199 12.650
19.832 27.199 15.400
19.832 27.199 15.600
19.832 27.199 18.700
19.832 27.199 18.900
19.932 27.385 9.500
19.932 27.385 9.700
19.932 27.385 12.450
19.932 27.385 12.650
19.932 27.385 15.400
19.932 27.385 15.600
19.932 27.385 18.900
19.943 27.002 21.800
19.943 27.002 22.000
19.975 27.242 9.700
19.975 27.242 12.450
19.975 27.242 12.650
19.975 27.242 15.400
19.975 27.242 15.600
19.975 27.242 18.700
19.975 27.242 18.900
20.086 27.045 21.800
20.086 27.045 22.000
20.205 5.070 5.400
20.205 5.070 6.400
20.205 5.070 9.500
20.205 5.070 9.700
20.205 5.070 12.450
20.205 5.070 12.650
20.205 5.070 15.400
20.205 5.070 15.600
20.205 5.070 18.700
20.205 5.070 18.900
20.260 26.293 9.500
20.260 26.293 9.700
20.260 26.293 12.450
20.260 26.293 12.650
20.260 26.293 15.400
20.260 26.293 15.600
20.260 26.293 18.700
20.260 26.293 18.900
20.587 3.605 21.800
20.587 3.605 22.000
20.655 3.567 6.400
20.655 3.567 7.400
20.655 3.567 9.700
20.655 3.567 10.700
20.655 3.567 12.650
20.655 3.567 13.650
20.655 3.567 15.600
20.655 3.567 16.600
20.684 3.471 5.400
20.684 3.471 6.400
20.684 3.471 7.400
20.684 3.471 9.500
20.684 3.471 9.700
20.684 3.471 10.700
20.684 3.471 12.450
20.684 3.471 12.650
20.684 3.471 13.650
20.684 3.471 15.400
20.684 3.471 15.600
20.684 3.471 16.600
20.724 3.337 6.400
20.724 3.337 9.500
20.724 3.337 9.700
20.724 3.337 12.450
20.724 3.337 12.650
20.724 3.337 15.400
20.724 3.337 15.600
20.724 3.337 18.700
20.724 3.337 18.900
20.730 3.648 21.800
20.730 3.648 22.000
20.767 3.193 6.400
20.767 3.193 9.700
20.767 3.193 18.900
20.868 3.380 6.400
20.868 3.380 9.500
20.868 3.380 9.700
20.868 3.380 12.450
20.868 3.380 12.650
20.868 3.380 15.400
20.868 3.380 15.600
20.868 3.380 18.700
20.868 3.380 18.900
20.911 3.236 6.400
20.911 3.236 9.500
20.911 3.236 9.700
20.911 3.236 12.450
20.911 3.236 12.650
20.911 3.236 15.400
20.911 3.236 15.600
20.911 3.236 18.700
20.911 3.236 18.900
20.977 7.615 21.800
20.977 7.615 22.000
21.013 23.429 21.800
21.013 23.429 22.000
21.121 7.658 21.800
21.121 7.658 22.000
21.157 23.473 21.800
21.157 23.473 22.000
21.403 27.440 21.800
21.403 27.440 22.000
21.547 27.483 21.800
21.547 27.483 22.000
22.047 4.042 21.800
22.047 4.042 22.000
22.191 4.085 21.800
22.191 4.085 22.000
22.348 7.567 18.900
22.348 7.567 21.800
22.438 8.053 21.800
22.438 8.053 22.000
22.474 23.867 21.800
22.474 23.867 22.000
22.521 6.992 18.900
22.521 6.992 21.800
22.581 8.096 21.800
22.581 8.096 22.000
22.618 23.910 21.800
22.618 23.910 22.000
22.695 27.863 9.700
22.695 27.863 18.900
22.695 27.885 9.700
22.695 27.885 18.900
22.696 27.841 9.700
22.696 27.841 18.900
22.697 27.907 9.700
22.697 27.907 18.900
22.700 27.820 9.700
22.700 27.820 18.900
22.702 27.928 9.700
22.702 27.928 18.900
22.705 27.799 9.700
22.705 27.799 18.900
22.707 27.949 9.700
22.707 27.949 18.900
22.712 27.778 9.700
22.712 27.778 18.900
22.715 27.969 9.700
22.715 27.969 18.900
22.721 27.758 9.700
22.721 27.758 18.900
22.725 27.989 9.700
22.725 27.989 18.900
22.732 27.739 9.700
22.732 27.739 18.900
22.736 28.008 9.700
22.736 28.008 18.900
22.744 27.721 9.700
22.744 27.721 18.900
22.746 27.487 18.900
22.746 27.487 21.800
22.749 28.025 9.700
22.749 28.025 18.900
22.758 27.704 9.700
22.758 27.704 18.900
22.763 28.042 9.700
22.763 28.042 18.900
22.773 27.689 9.700
22.773 27.689 18.900
22.779 28.057 9.700
22.779 28.057 18.900
22.790 27.674 9.700
22.790 27.674 18.900
22.795 28.071 9.700
22.795 28.071 18.900
22.807 27.662 9.700
22.807 27.662 18.900
22.810 3.937 0.000
22.810 3.937 5.400
22.810 3.937 6.400
22.813 28.083 9.700
22.813 28.083 18.900
22.826 27.650 9.700
22.826 27.650 18.900
22.833 28.094 9.700
22.833 28.094 18.900
22.839 3.841 0.000
22.839 3.841 5.400
22.839 3.841 6.400
22.846 27.641 9.700
22.846 27.641 18.900
22.852 28.103 9.700
22.852 28.103 18.900
22.864 27.878 21.800
22.864 27.878 22.000
22.866 27.633 9.700
22.866 27.633 18.900
22.873 28.110 9.700
22.873 28.110 18.900
22.887 27.627 9.700
22.887 27.627 18.900
22.894 28.115 9.700
22.894 28.115 18.900
22.909 27.623 9.700
22.909 27.623 18.900
22.916 28.119 9.700
22.916 28.119 18.900
22.919 26.913 18.900
22.919 26.913 21.800
22.923 7.739 18.900
22.923 7.739 21.800
22.930 27.621 9.700
22.930 27.621 18.900
22.937 28.120 9.700
22.937 28.120 18.900
22.947 3.846 5.200
22.947 3.846 6.790
22.947 3.846 18.810
22.947 3.846 20.400
22.952 27.621 9.700
22.952 27.621 18.900
22.959 28.120 9.700
22.959 28.120 18.900
22.965 3.785 5.200
22.965 3.785 6.790
22.965 3.785 18.810
22.965 3.785 20.400
22.974 27.622 9.700
22.974 27.622 18.900
22.981 28.118 9.700
22.981 28.118 18.900
22.995 27.626 9.700
22.995 27.626 18.900
23.002 28.114 9.700
23.002 28.114 18.900
23.008 27.921 21.800
23.008 27.921 22.000
23.017 27.631 9.700
23.017 27.631 18.900
23.023 5.316 18.900
23.023 5.316 21.800
23.023 28.108 9.700
23.023 28.108 18.900
23.037 27.638 9.700
23.037 27.638 18.900
23.044 28.100 9.700
23.044 28.100 18.900
23.057 27.647 9.700
23.057 27.647 18.900
23.063 28.091 9.700
23.063 28.091 18.900
23.076 27.658 9.700
23.076 27.658 18.900
23.082 28.079 9.700
23.082 28.079 18.900
23.094 27.670 9.700
23.094 27.670 18.900
23.095 7.164 18.900
23.095 7.164 21.800
23.100 28.067 9.700
23.100 28.067 18.900
23.111 27.684 9.700
23.111 27.684 18.900
23.116 28.052 9.700
23.116 28.052 18.900
23.127 27.699 9.700
23.127 27.699 18.900
23.131 28.037 9.700
23.131 28.037 18.900
23.141 27.715 9.700
23.141 27.715 18.900
23.145 28.020 9.700
23.145 28.020 18.900
23.154 27.733 9.700
23.154 27.733 18.900
23.158 28.002 9.700
23.158 28.002 18.900
23.165 27.752 9.700
23.165 27.752 18.900
23.168 27.983 9.700
23.168 27.983 18.900
23.174 27.772 9.700
23.174 27.772 18.900
23.177 27.963 9.700
23.177 27.963 18.900
23.182 27.792 9.700
23.182 27.792 18.900
23.184 27.942 9.700
23.184 27.942 18.900
23.188 27.813 9.700
23.188 27.813 18.900
23.190 27.921 9.700
23.190 27.921 18.900
23.192 27.834 9.700
23.192 27.834 18.900
23.193 27.900 9.700
23.193 27.900 18.900
23.194 27.856 9.700
23.194 27.856 18.900
23.195 4.741 18.900
23.195 4.741 21.800
23.195 27.878 9.700
23.195 27.878 18.900
23.321 27.660 18.900
23.321 27.660 21.800
23.421 25.237 18.900
23.421 25.237 21.800
23.493 27.085 18.900
23.493 27.085 21.800
23.508 4.480 21.800
23.508 4.480 22.000
23.593 24.662 18.900
23.593 24.662 21.800
23.598 5.488 18.900
23.598 5.488 21.800
23.652 4.523 21.800
23.652 4.523 22.000
23.770 4.913 18.900
23.770 4.913 21.800
23.898 8.490 21.800
23.898 8.490 22.000
23.935 24.305 21.800
23.935 24.305 22.000
23.996 25.409 18.900
23.996 25.409 21.800
24.042 8.533 21.800
24.042 8.533 22.000
24.079 24.348 21.800
24.079 24.348 22.000
24.168 24.834 18.900
24.168 24.834 21.800
24.325 28.315 21.800
24.325 28.315 22.000
24.469 28.358 21.800
24.469 28.358 22.000
24.470 4.302 5.200
24.470 4.302 6.790
24.470 4.302 18.810
24.470 4.302 20.400
24.488 4.241 5.200
24.488 4.241 6.790
24.488 4.241 18.810
24.488 4.241 20.400
24.534 4.453 0.000
24.534 4.453 5.400
24.534 4.453 6.400
24.563 4.358 0.000
24.563 4.358 5.400
24.563 4.358 6.400
24.969 4.918 21.800
24.969 4.918 22.000
25.113 4.961 21.800
25.113 4.961 22.000
25.359 8.928 21.800
25.359 8.928 22.000
25.396 24.743 21.800
25.396 24.743 22.000
25.503 8.971 21.800
25.503 8.971 22.000
25.540 24.786 21.800
25.540 24.786 22.000
25.728 29.122 9.500
25.728 29.122 9.700
25.728 29.122 12.450
25.728 29.122 12.650
25.728 29.122 15.400
25.728 29.122 15.600
25.728 29.122 18.900
25.767 29.426 9.700
25.767 29.426 10.700
25.767 29.426 12.650
25.767 29.426 13.650
25.767 29.426 15.600
25.767 29.426 16.600
25.771 28.978 9.700
25.771 28.978 12.450
25.771 28.978 12.650
25.771 28.978 15.400
25.771 28.978 15.600
25.771 28.978 18.700
25.771 28.978 18.900
25.786 28.753 21.800
25.786 28.753 22.000
25.834 29.550 9.500
25.834 29.550 9.700
25.834 29.550 10.700
25.834 29.550 12.450
25.834 29.550 12.650
25.834 29.550 13.650
25.834 29.550 15.400
25.834 29.550 15.600
25.834 29.550 16.600
25.847 29.158 9.700
25.847 29.158 10.700
25.847 29.158 12.650
25.847 29.158 13.650
25.847 29.158 15.600
25.847 29.158 16.600
25.871 29.165 9.700
25.871 29.165 12.450
25.871 29.165 12.650
25.871 29.165 15.400
25.871 29.165 15.600
25.871 29.165 18.700
25.871 29.165 18.900
25.914 29.021 9.700
25.914 29.021 12.450
25.914 29.021 12.650
25.914 29.021 15.400
25.914 29.021 15.600
25.914 29.021 18.700
25.914 29.021 18.900
25.930 28.796 21.800
25.930 28.796 22.000
25.943 29.186 9.500
25.943 29.186 9.700
25.943 29.186 10.700
25.943 29.186 12.450
25.943 29.186 12.650
25.943 29.186 13.650
25.943 29.186 15.400
25.943 29.186 15.600
25.943 29.186 16.600
26.055 28.030 9.500
26.055 28.030 9.700
26.055 28.030 12.450
26.055 28.030 12.650
26.055 28.030 15.400
26.055 28.030 15.600
26.055 28.030 18.700
26.055 28.030 18.900
26.096 6.836 5.400
26.096 6.836 6.400
26.096 6.836 9.500
26.096 6.836 9.700
26.096 6.836 12.450
26.096 6.836 12.650
26.096 6.836 15.400
26.096 6.836 15.600
26.096 6.836 18.700
26.096 6.836 18.900
26.430 5.355 21.800
26.430 5.355 22.000
26.472 5.059 6.400
26.472 5.059 9.500
26.472 5.059 9.700
26.472 5.059 12.450
26.472 5.059 12.650
26.472 5.059 15.400
26.472 5.059 15.600
26.472 5.059 18.700
26.472 5.059 18.900
26.515 4.915 6.400
26.515 4.915 9.500
26.515 4.915 9.700
26.515 4.915 12.450
26.515 4.915 12.650
26.515 4.915 15.400
26.515 4.915 15.600
26.515 4.915 18.700
26.515 4.915 18.900
26.547 5.332 6.400
26.547 5.332 7.400
26.547 5.332 9.700
26.547 5.332 10.700
26.547 5.332 12.650
26.547 5.332 13.650
26.547 5.332 15.600
26.547 5.332 16.600
26.574 5.398 21.800
26.574 5.398 22.000
26.575 5.236 5.400
26.575 5.236 6.400
26.575 5.236 7.400
26.575 5.236 9.500
26.575 5.236 9.700
26.575 5.236 10.700
26.575 5.236 12.450
26.575 5.236 12.650
26.575 5.236 13.650
26.575 5.236 15.400
26.575 5.236 15.600
26.575 5.236 16.600
26.615 5.102 6.400
26.615 5.102 9.500
26.615 5.102 9.700
26.615 5.102 12.450
26.615 5.102 12.650
26.615 5.102 15.400
26.615 5.102 15.600
26.615 5.102 18.700
26.615 5.102 18.900
26.659 4.958 6.400
26.659 4.958 9.700
26.659 4.958 18.900
26.820 9.366 21.800
26.820 9.366 22.000
26.857 25.180 21.800
26.857 25.180 22.000
26.964 9.409 21.800
26.964 9.409 22.000
27.000 25.223 21.800
27.000 25.223 22.000
27.247 29.191 21.800
27.247 29.191 22.000
27.390 29.234 21.800
27.390 29.234 22.000
27.882 29.856 9.700
27.882 29.856 18.900
27.891 5.793 21.800
27.891 5.793 22.000
27.907 29.775 9.700
27.907 29.775 18.900
28.034 5.836 21.800
28.034 5.836 22.000
28.192 9.317 18.900
28.192 9.317 21.800
28.281 9.803 21.800
28.281 9.803 22.000
28.317 25.618 21.800
28.317 25.618 22.000
28.364 8.743 18.900
28.364 8.743 21.800
28.425 9.846 21.800
28.425 9.846 22.000
28.461 25.661 21.800
28.461 25.661 22.000
28.590 29.238 18.900
28.590 29.238 21.800
28.708 29.629 21.800
28.708 29.629 22.000
28.762 28.664 18.900
28.762 28.664 21.800
28.766 9.490 18.900
28.766 9.490 21.800
28.866 7.067 18.900
28.866 7.067 21.800
28.875 29.679 21.800
28.875 29.679 22.000
28.939 8.915 18.900
28.939 8.915 21.800
29.038 6.492 18.900
29.038 6.492 21.800
29.155 6.307 6.400
29.155 6.307 9.700
29.155 6.307 18.900
29.155 6.329 6.400
29.155 6.329 9.700
29.155 6.329 18.900
29.156 6.285 6.400
29.156 6.285 9.700
29.156 6.285 18.900
29.157 6.351 6.400
29.157 6.351 9.700
29.157 6.351 18.900
29.160 6.264 6.400
29.160 6.264 9.700
29.160 6.264 18.900
29.162 6.372 6.400
29.162 6.372 9.700
29.162 6.372 18.900
29.164 29.411 18.900
29.164 29.411 21.800
29.165 6.243 6.400
29.165 6.243 9.700
29.165 6.243 18.900
29.167 6.393 6.400
29.167 6.393 9.700
29.167 6.393 18.900
29.172 6.222 6.400
29.172 6.222 9.700
29.172 6.222 18.900
29.175 6.413 6.400
29.175 6.413 9.700
29.175 6.413 18.900
29.181 6.202 6.400
29.181 6.202 9.700
29.181 6.202 18.900
29.185 6.433 6.400
29.185 6.433 9.700
29.185 6.433 18.900
29.192 6.183 6.400
29.192 6.183 9.700
29.192 6.183 18.900
29.196 6.452 6.400
29.196 6.452 9.700
29.196 6.452 18.900
29.204 6.165 6.400
29.204 6.165 9.700
29.204 6.165 18.900
29.209 6.470 6.400
29.209 6.470 9.700
29.209 6.470 18.900
29.218 6.148 6.400
29.218 6.148 9.700
29.218 6.148 18.900
29.223 6.486 6.400
29.223 6.486 9.700
29.223 6.486 18.900
29.233 6.133 6.400
29.233 6.133 9.700
29.233 6.133 18.900
29.239 6.501 6.400
29.239 6.501 9.700
29.239 6.501 18.900
29.250 6.118 6.400
29.250 6.118 9.700
29.250 6.118 18.900
29.255 6.515 6.400
29.255 6.515 9.700
29.255 6.515 18.900
29.264 26.987 18.900
29.264 26.987 21.800
29.267 6.106 6.400
29.267 6.106 9.700
29.267 6.106 18.900
29.273 6.527 6.400
29.273 6.527 9.700
29.273 6.527 18.900
29.286 6.095 6.400
29.286 6.095 9.700
29.286 6.095 18.900
29.292 6.538 6.400
29.292 6.538 9.700
29.292 6.538 18.900
29.306 6.085 6.400
29.306 6.085 9.700
29.306 6.085 18.900
29.312 6.547 6.400
29.312 6.547 9.700
29.312 6.547 18.900
29.326 6.077 6.400
29.326 6.077 9.700
29.326 6.077 18.900
29.333 6.554 6.400
29.333 6.554 9.700
29.333 6.554 18.900
29.337 28.836 18.900
29.337 28.836 21.800
29.347 6.071 6.400
29.347 6.071 9.700
29.347 6.071 18.900
29.352 6.231 21.800
29.352 6.231 22.000
29.354 6.559 6.400
29.354 6.559 9.700
29.354 6.559 18.900
29.369 6.067 6.400
29.369 6.067 9.700
29.369 6.067 18.900
29.376 6.563 6.400
29.376 6.563 9.700
29.376 6.563 18.900
29.390 6.065 6.400
29.390 6.065 9.700
29.390 6.065 18.900
29.397 6.564 6.400
29.397 6.564 9.700
29.397 6.564 18.900
29.412 6.065 6.400
29.412 6.065 9.700
29.412 6.065 18.900
29.415 30.315 9.700
29.415 30.315 18.900
29.419 6.564 6.400
29.419 6.564 9.700
29.419 6.564 18.900
29.434 6.066 6.400
29.434 6.066 9.700
29.434 6.066 18.900
29.436 26.413 18.900
29.436 26.413 21.800
29.439 30.234 9.700
29.439 30.234 18.900
29.441 6.562 6.400
29.441 6.562 9.700
29.441 6.562 18.900
29.441 7.239 18.900
29.441 7.239 21.800
29.455 6.070 6.400
29.455 6.070 9.700
29.455 6.070 18.900
29.462 6.558 6.400
29.462 6.558 9.700
29.462 6.558 18.900
29.476 6.075 6.400
29.476 6.075 9.700
29.476 6.075 18.900
29.483 6.552 6.400
29.483 6.552 9.700
29.483 6.552 18.900
29.495 6.274 21.800
29.495 6.274 22.000
29.497 6.082 6.400
29.497 6.082 9.700
29.497 6.082 18.900
29.504 6.544 6.400
29.504 6.544 9.700
29.504 6.544 18.900
29.517 6.091 6.400
29.517 6.091 9.700
29.517 6.091 18.900
29.523 6.535 6.400
29.523 6.535 9.700
29.523 6.535 18.900
29.536 6.102 6.400
29.536 6.102 9.700
29.536 6.102 18.900
29.542 6.523 6.400
29.542 6.523 9.700
29.542 6.523 18.900
29.554 6.114 6.400
29.554 6.114 9.700
29.554 6.114 18.900
29.560 6.511 6.400
29.560 6.511 9.700
29.560 6.511 18.900
29.571 6.128 6.400
29.571 6.128 9.700
29.571 6.128 18.900
29.576 6.496 6.400
29.576 6.496 9.700
29.576 6.496 18.900
29.587 6.143 6.400
29.587 6.143 9.700
29.587 6.143 18.900
29.591 6.481 6.400
29.591 6.481 9.700
29.591 6.481 18.900
29.601 6.160 6.400
29.601 6.160 9.700
29.601 6.160 18.900
29.605 6.464 6.400
29.605 6.464 9.700
29.605 6.464 18.900
29.613 6.664 18.900
29.613 6.664 21.800
29.614 6.177 6.400
29.614 6.177 9.700
29.614 6.177 18.900
29.617 6.446 6.400
29.617 6.446 9.700
29.617 6.446 18.900
29.625 6.196 6.400
29.625 6.196 9.700
29.625 6.196 18.900
29.628 6.427 6.400
29.628 6.427 9.700
29.628 6.427 18.900
29.634 6.216 6.400
29.634 6.216 9.700
29.634 6.216 18.900
29.637 6.407 6.400
29.637 6.407 9.700
29.637 6.407 18.900
29.642 6.236 6.400
29.642 6.236 9.700
29.642 6.236 18.900
29.644 6.386 6.400
29.644 6.386 9.700
29.644 6.386 18.900
29.648 6.257 6.400
29.648 6.257 9.700
29.648 6.257 18.900
29.650 6.365 6.400
29.650 6.365 9.700
29.650 6.365 18.900
29.652 6.278 6.400
29.652 6.278 9.700
29.652 6.278 18.900
29.653 6.344 6.400
29.653 6.344 9.700
29.653 6.344 18.900
29.654 6.300 6.400
29.654 6.300 9.700
29.654 6.300 18.900
29.655 6.322 6.400
29.655 6.322 9.700
29.655 6.322 18.900
29.742 10.241 21.800
29.742 10.241 22.000
29.778 26.056 21.800
29.778 26.056 22.000
29.839 27.160 18.900
29.839 27.160 21.800
29.885 10.284 21.800
29.885 10.284 22.000
29.946 26.106 21.800
29.946 26.106 22.000
30.011 26.585 18.900
30.011 26.585 21.800
30.192 30.073 21.800
30.192 30.073 22.000
30.336 30.116 21.800
30.336 30.116 22.000
30.812 6.668 21.800
30.812 6.668 22.000
30.956 6.711 21.800
30.956 6.711 22.000
31.203 10.679 21.800
31.203 10.679 22.000
31.263 26.501 21.800
31.263 26.501 22.000
31.346 10.722 21.800
31.346 10.722 22.000
31.407 26.544 21.800
31.407 26.544 22.000
31.653 30.511 21.800
31.653 30.511 22.000
31.797 30.554 21.800
31.797 30.554 22.000
31.891 8.572 5.400
31.891 8.572 6.400
31.891 8.572 9.500
31.891 8.572 9.700
31.891 8.572 12.450
31.891 8.572 12.650
31.891 8.572 15.400
31.891 8.572 15.600
31.891 8.572 18.700
31.891 8.572 18.900
32.273 7.106 21.800
32.273 7.106 22.000
32.342 7.068 6.400
32.342 7.068 7.400
32.342 7.068 9.700
32.342 7.068 10.700
32.342 7.068 12.650
32.342 7.068 13.650
32.342 7.068 15.600
32.342 7.068 16.600
32.371 6.973 5.400
32.371 6.973 6.400
32.371 6.973 7.400
32.371 6.973 9.500
32.371 6.973 9.700
32.371 6.973 10.700
32.371 6.973 12.450
32.371 6.973 12.650
32.371 6.973 13.650
32.371 6.973 15.400
32.371 6.973 15.600
32.371 6.973 16.600
32.411 6.838 6.400
32.411 6.838 9.500
32.411 6.838 9.700
32.411 6.838 12.450
32.411 6.838 12.650
32.411 6.838 15.400
32.411 6.838 15.600
32.411 6.838 18.700
32.411 6.838 18.900
32.417 7.149 21.800
32.417 7.149 22.000
32.454 6.695 6.400
32.454 6.695 9.700
32.454 6.695 18.900
32.555 6.881 6.400
32.555 6.881 9.500
32.555 6.881 9.700
32.555 6.881 12.450
32.555 6.881 12.650
32.555 6.881 15.400
32.555 6.881 15.600
32.555 6.881 18.700
32.555 6.881 18.900
32.598 6.738 6.400
32.598 6.738 9.500
32.598 6.738 9.700
32.598 6.738 12.450
32.598 6.738 12.650
32.598 6.738 15.400
32.598 6.738 15.600
32.598 6.738 18.700
32.598 6.738 18.900
32.663 11.117 21.800
32.663 11.117 22.000
32.724 26.938 21.800
32.724 26.938 22.000
32.807 11.160 21.800
32.807 11.160 22.000
32.868 26.981 21.800
32.868 26.981 22.000
32.996 30.559 18.900
32.996 30.559 21.800
33.114 30.949 21.800
33.114 30.949 22.000
33.168 29.984 18.900
33.168 29.984 21.800
33.258 30.992 21.800
33.258 30.992 22.000
33.571 30.731 18.900
33.571 30.731 21.800
33.671 28.308 18.900
33.671 28.308 21.800
33.734 7.544 21.800
33.734 7.544 22.000
33.743 30.156 18.900
33.743 30.156 21.800
33.843 27.733 18.900
33.843 27.733 21.800
33.878 7.587 21.800
33.878 7.587 22.000
33.899 32.249 21.800
33.899 32.249 22.000
34.035 11.068 18.900
34.035 11.068 21.800
34.048 31.229 21.800
34.048 31.229 22.000
34.124 11.554 21.800
34.124 11.554 22.000
34.185 27.376 21.800
34.185 27.376 22.000
34.207 10.493 18.900
34.207 10.493 21.800
34.245 28.480 18.900
34.245 28.480 21.800
34.272 31.526 0.000
34.272 31.526 6.400
34.292 11.604 21.800
34.292 11.604 22.000
34.328 27.419 21.800
34.328 27.419 22.000
34.418 27.905 18.900
34.418 27.905 21.800
34.444 30.951 0.000
34.444 30.951 6.400
34.496 7.438 0.000
34.496 7.438 5.400
34.496 7.438 6.400
34.525 7.342 0.000
34.525 7.342 5.400
34.525 7.342 6.400
34.610 11.240 18.900
34.610 11.240 21.800
34.633 7.348 5.200
34.633 7.348 6.790
34.633 7.348 18.810
34.633 7.348 20.400
34.652 7.286 5.200
34.652 7.286 6.790
34.652 7.286 18.810
34.652 7.286 20.400
34.710 8.817 18.900
34.710 8.817 21.800
34.782 10.666 18.900
34.782 10.666 21.800
34.847 31.698 0.000
34.847 31.698 6.400
34.882 8.243 18.900
34.882 8.243 21.800
35.019 31.123 0.000
35.019 31.123 6.400
35.072 30.826 21.650
35.072 30.826 21.850
35.072 30.826 22.850
35.072 30.826 24.650
35.072 30.826 24.850
35.072 30.826 25.850
35.072 30.826 27.600
35.072 30.826 27.800
35.072 30.826 28.800
35.072 30.826 30.550
35.072 30.826 30.750
35.072 30.826 31.750
35.072 30.826 33.500
35.072 30.826 33.700
35.072 30.826 34.700
35.072 30.826 36.450
35.072 30.826 36.650
35.072 30.826 37.650
35.072 30.826 39.400
35.072 30.826 39.600
35.072 30.826 40.600
35.072 30.826 42.350
35.072 30.826 42.550
35.072 30.826 43.550
35.072 30.826 45.300
35.072 30.826 45.500
35.072 30.826 46.500
35.072 30.826 48.250
35.072 30.826 48.450
35.072 30.826 49.450
35.072 30.826 51.200
35.072 30.826 51.400
35.072 30.826 52.400
35.072 30.826 54.150
35.072 30.826 54.350
35.072 30.826 55.350
35.072 30.826 57.300
35.072 30.826 57.500
35.072 30.826 58.500
35.072 30.826 60.250
35.072 30.826 60.450
35.072 30.826 61.450
35.072 30.826 63.200
35.072 30.826 63.400
35.072 30.826 64.400
35.072 30.826 66.150
35.072 30.826 66.350
35.072 30.826 67.350
35.072 30.826 69.100
35.072 30.826 69.300
35.072 30.826 70.300
35.072 30.826 72.050
35.072 30.826 72.250
35.072 30.826 73.250
35.072 30.826 75.000
35.072 30.826 75.200
35.072 30.826 76.200
35.072 30.826 77.950
35.072 30.826 78.150
35.072 30.826 79.150
35.072 30.826 80.900
35.072 30.826 81.100
35.072 30.826 82.100
35.072 30.826 83.850
35.072 30.826 84.050
35.072 30.826 85.050
35.072 30.826 86.800
35.072 30.826 87.000
35.072 30.826 88.000
35.072 30.826 89.750
35.072 30.826 89.950
35.072 30.826 90.950
35.072 30.826 92.950
35.072 30.826 93.150
35.072 30.826 94.150
35.072 30.826 96.250
35.072 30.826 96.450
35.072 30.826 97.450
35.072 30.826 99.550
35.072 30.826 99.750
35.072 30.826 100.750
35.119 27.656 21.800
35.119 27.656 22.000
35.195 7.982 21.800
35.195 7.982 22.000
35.196 30.759 21.850
35.196 30.759 22.850
35.196 30.759 24.850
35.196 30.759 25.850
35.196 30.759 27.800
35.196 30.759 28.800
35.196 30.759 30.750
35.196 30.759 31.750
35.196 30.759 33.700
35.196 30.759 34.700
35.196 30.759 36.650
35.196 30.759 37.650
35.196 30.759 39.600
35.196 30.759 40.600
35.196 30.759 42.550
35.196 30.759 43.550
35.196 30.759 45.500
35.196 30.759 46.500
35.196 30.759 48.450
35.196 30.759 49.450
35.196 30.759 51.400
35.196 30.759 52.400
35.196 30.759 54.350
35.196 30.759 55.350
35.196 30.759 57.500
35.196 30.759 58.500
35.196 30.759 60.450
35.196 30.759 61.450
35.196 30.759 63.400
35.196 30.759 64.400
35.196 30.759 66.350
35.196 30.759 67.350
35.196 30.759 69.300
35.196 30.759 70.300
35.196 30.759 72.250
35.196 30.759 73.250
35.196 30.759 75.200
35.196 30.759 76.200
35.196 30.759 78.150
35.196 30.759 79.150
35.196 30.759 81.100
35.196 30.759 82.100
35.196 30.759 84.050
35.196 30.759 85.050
35.196 30.759 87.000
35.196 30.759 88.000
35.196 30.759 89.950
35.196 30.759 90.950
35.196 30.759 93.150
35.196 30.759 94.150
35.196 30.759 96.450
35.196 30.759 97.450
35.196 30.759 99.750
35.196 30.759 100.750
35.284 8.990 18.900
35.284 8.990 21.800
35.305 27.555 21.800
35.305 27.555 22.000
35.363 8.032 21.800
35.363 8.032 22.000
35.457 8.415 18.900
35.457 8.415 21.800
35.609 11.999 21.800
35.609 11.999 22.000
35.753 12.042 21.800
35.753 12.042 22.000
36.156 7.804 5.200
36.156 7.804 6.790
36.156 7.804 18.810
36.156 7.804 20.400
36.175 7.743 5.200
36.175 7.743 6.790
36.175 7.743 18.810
36.175 7.743 20.400
36.221 7.955 0.000
36.221 7.955 5.400
36.221 7.955 6.400
36.249 7.859 0.000
36.249 7.859 5.400
36.249 7.859 6.400
36.279 32.372 9.700
36.279 32.372 18.900
36.303 32.291 9.700
36.303 32.291 18.900
36.537 32.450 18.900
36.537 32.450 21.850
36.537 32.450 72.250
36.537 32.450 93.150
36.537 32.450 103.450
36.537 32.450 104.450
36.580 32.306 18.900
36.580 32.306 21.650
36.580 32.306 21.850
36.580 32.306 24.650
36.580 32.306 24.850
36.580 32.306 27.600
36.580 32.306 27.800
36.580 32.306 30.550
36.580 32.306 30.750
36.580 32.306 33.500
36.580 32.306 33.700
36.580 32.306 36.450
36.580 32.306 36.650
36.580 32.306 39.400
36.580 32.306 39.600
36.580 32.306 42.350
36.580 32.306 42.550
36.580 32.306 45.300
36.580 32.306 45.500
36.580 32.306 48.250
36.580 32.306 48.450
36.580 32.306 51.200
36.580 32.306 51.400
36.580 32.306 54.150
36.580 32.306 54.350
36.580 32.306 57.300
36.580 32.306 57.500
36.580 32.306 60.250
36.580 32.306 60.450
36.580 32.306 63.200
36.580 32.306 63.400
36.580 32.306 66.150
36.580 32.306 66.350
36.580 32.306 69.100
36.580 32.306 69.300
36.580 32.306 72.050
36.580 32.306 72.250
36.580 32.306 73.650
36.580 32.306 75.000
36.580 32.306 75.200
36.580 32.306 77.950
36.580 32.306 78.150
36.580 32.306 80.900
36.580 32.306 81.100
36.580 32.306 83.850
36.580 32.306 84.050
36.580 32.306 86.800
36.580 32.306 87.000
36.580 32.306 89.750
36.580 32.306 89.950
36.580 32.306 92.950
36.580 32.306 93.150
36.580 32.306 96.250
36.580 32.306 96.450
36.580 32.306 99.550
36.580 32.306 99.750
36.580 32.306 103.250
36.580 32.306 103.450
36.680 8.426 21.800
36.680 8.426 22.000
36.681 32.493 18.900
36.681 32.493 21.650
36.681 32.493 21.850
36.681 32.493 24.650
36.681 32.493 24.850
36.681 32.493 27.600
36.681 32.493 27.800
36.681 32.493 30.550
36.681 32.493 30.750
36.681 32.493 33.500
36.681 32.493 33.700
36.681 32.493 36.450
36.681 32.493 36.650
36.681 32.493 39.400
36.681 32.493 39.600
36.681 32.493 42.350
36.681 32.493 42.550
36.681 32.493 45.300
36.681 32.493 45.500
36.681 32.493 48.250
36.681 32.493 48.450
36.681 32.493 51.200
36.681 32.493 51.400
36.681 32.493 54.150
36.681 32.493 54.350
36.681 32.493 57.300
36.681 32.493 57.500
36.681 32.493 60.250
36.681 32.493 60.450
36.681 32.493 63.200
36.681 32.493 63.400
36.681 32.493 66.150
36.681 32.493 66.350
36.681 32.493 69.100
36.681 32.493 69.300
36.681 32.493 72.050
36.681 32.493 72.250
36.681 32.493 73.650
36.681 32.493 75.000
36.681 32.493 75.200
36.681 32.493 77.950
36.681 32.493 78.150
36.681 32.493 80.900
36.681 32.493 81.100
36.681 32.493 83.850
36.681 32.493 84.050
36.681 32.493 86.800
36.681 32.493 87.000
36.681 32.493 89.750
36.681 32.493 89.950
36.681 32.493 92.950
36.681 32.493 93.150
36.681 32.493 96.250
36.681 32.493 96.450
36.681 32.493 99.550
36.681 32.493 99.750
36.681 32.493 103.250
36.681 32.493 103.450
36.724 32.349 18.900
36.724 32.349 21.650
36.724 32.349 21.850
36.724 32.349 24.650
36.724 32.349 24.850
36.724 32.349 27.600
36.724 32.349 27.800
36.724 32.349 30.550
36.724 32.349 30.750
36.724 32.349 33.500
36.724 32.349 33.700
36.724 32.349 36.450
36.724 32.349 36.650
36.724 32.349 39.400
36.724 32.349 39.600
36.724 32.349 42.350
36.724 32.349 42.550
36.724 32.349 45.300
36.724 32.349 45.500
36.724 32.349 48.250
36.724 32.349 48.450
36.724 32.349 51.200
36.724 32.349 51.400
36.724 32.349 54.150
36.724 32.349 54.350
36.724 32.349 57.300
36.724 32.349 57.500
36.724 32.349 60.250
36.724 32.349 60.450
36.724 32.349 63.200
36.724 32.349 63.400
36.724 32.349 66.150
36.724 32.349 66.350
36.724 32.349 69.100
36.724 32.349 69.300
36.724 32.349 72.050
36.724 32.349 72.250
36.724 32.349 73.650
36.724 32.349 75.000
36.724 32.349 75.200
36.724 32.349 77.950
36.724 32.349 78.150
36.724 32.349 80.900
36.724 32.349 81.100
36.724 32.349 83.850
36.724 32.349 84.050
36.724 32.349 86.800
36.724 32.349 87.000
36.724 32.349 89.750
36.724 32.349 89.950
36.724 32.349 92.950
36.724 32.349 93.150
36.724 32.349 96.250
36.724 32.349 96.450
36.724 32.349 99.550
36.724 32.349 99.750
36.724 32.349 103.250
36.724 32.349 103.450
36.755 32.525 0.000
36.755 32.525 6.400
36.823 8.469 21.800
36.823 8.469 22.000
36.863 31.362 21.650
36.863 31.362 21.850
36.863 31.362 22.850
36.863 31.362 24.650
36.863 31.362 24.850
36.863 31.362 25.850
36.863 31.362 27.600
36.863 31.362 27.800
36.863 31.362 28.800
36.863 31.362 30.550
36.863 31.362 30.750
36.863 31.362 31.750
36.863 31.362 33.500
36.863 31.362 33.700
36.863 31.362 34.700
36.863 31.362 36.450
36.863 31.362 36.650
36.863 31.362 37.650
36.863 31.362 39.400
36.863 31.362 39.600
36.863 31.362 40.600
36.863 31.362 42.350
36.863 31.362 42.550
36.863 31.362 43.550
36.863 31.362 45.300
36.863 31.362 45.500
36.863 31.362 46.500
36.863 31.362 48.250
36.863 31.362 48.450
36.863 31.362 49.450
36.863 31.362 51.200
36.863 31.362 51.400
36.863 31.362 52.400
36.863 31.362 54.150
36.863 31.362 54.350
36.863 31.362 55.350
36.863 31.362 57.300
36.863 31.362 57.500
36.863 31.362 58.500
36.863 31.362 60.250
36.863 31.362 60.450
36.863 31.362 61.450
36.863 31.362 63.200
36.863 31.362 63.400
36.863 31.362 64.400
36.863 31.362 66.150
36.863 31.362 66.350
36.863 31.362 67.350
36.863 31.362 69.100
36.863 31.362 69.300
36.863 31.362 70.300
36.863 31.362 72.050
36.863 31.362 72.250
36.863 31.362 73.250
36.863 31.362 75.000
36.863 31.362 75.200
36.863 31.362 76.200
36.863 31.362 77.950
36.863 31.362 78.150
36.863 31.362 79.150
36.863 31.362 80.900
36.863 31.362 81.100
36.863 31.362 82.100
36.863 31.362 83.850
36.863 31.362 84.050
36.863 31.362 85.050
36.863 31.362 86.800
36.863 31.362 87.000
36.863 31.362 88.000
36.863 31.362 89.750
36.863 31.362 89.950
36.863 31.362 90.950
36.863 31.362 92.950
36.863 31.362 93.150
36.863 31.362 94.150
36.863 31.362 96.250
36.863 31.362 96.450
36.863 31.362 97.450
36.863 31.362 99.550
36.863 31.362 99.750
36.863 31.362 100.750
36.892 31.267 21.850
36.892 31.267 22.850
36.892 31.267 24.850
36.892 31.267 25.850
36.892 31.267 27.800
36.892 31.267 28.800
36.892 31.267 30.750
36.892 31.267 31.750
36.892 31.267 33.700
36.892 31.267 34.700
36.892 31.267 36.650
36.892 31.267 37.650
36.892 31.267 39.600
36.892 31.267 40.600
36.892 31.267 42.550
36.892 31.267 43.550
36.892 31.267 45.500
36.892 31.267 46.500
36.892 31.267 48.450
36.892 31.267 49.450
36.892 31.267 51.400
36.892 31.267 52.400
36.892 31.267 54.350
36.892 31.267 55.350
36.892 31.267 57.500
36.892 31.267 58.500
36.892 31.267 60.450
36.892 31.267 61.450
36.892 31.267 63.400
36.892 31.267 64.400
36.892 31.267 66.350
36.892 31.267 67.350
36.892 31.267 69.300
36.892 31.267 70.300
36.892 31.267 72.250
36.892 31.267 73.250
36.892 31.267 75.200
36.892 31.267 76.200
36.892 31.267 78.150
36.892 31.267 79.150
36.892 31.267 81.100
36.892 31.267 82.100
36.892 31.267 84.050
36.892 31.267 85.050
36.892 31.267 87.000
36.892 31.267 88.000
36.892 31.267 89.950
36.892 31.267 90.950
36.892 31.267 93.150
36.892 31.267 94.150
36.892 31.267 96.450
36.892 31.267 97.450
36.892 31.267 99.750
36.892 31.267 100.750
36.911 32.248 103.450
36.911 32.248 104.450
37.070 12.437 21.800
37.070 12.437 22.000
37.213 12.480 21.800
37.213 12.480 22.000
37.783 10.337 5.400
37.783 10.337 6.400
37.783 10.337 9.500
37.783 10.337 9.700
37.783 10.337 12.450
37.783 10.337 12.650
37.783 10.337 15.400
37.783 10.337 15.600
37.783 10.337 18.700
37.783 10.337 18.900
37.811 32.831 9.700
37.811 32.831 18.900
37.836 32.750 9.700
37.836 32.750 18.900
38.140 8.864 21.800
38.140 8.864 22.000
38.158 8.561 6.400
38.158 8.561 9.500
38.158 8.561 9.700
38.158 8.561 12.450
38.158 8.561 12.650
38.158 8.561 15.400
38.158 8.561 15.600
38.158 8.561 18.700
38.158 8.561 18.900
38.201 8.417 6.400
38.201 8.417 9.500
38.201 8.417 9.700
38.201 8.417 12.450
38.201 8.417 12.650
38.201 8.417 15.400
38.201 8.417 15.600
38.201 8.417 18.700
38.201 8.417 18.900
38.233 8.833 6.400
38.233 8.833 7.400
38.233 8.833 9.700
38.233 8.833 10.700
38.233 8.833 12.650
38.233 8.833 13.650
38.233 8.833 15.600
38.233 8.833 16.600
38.262 8.738 5.400
38.262 8.738 6.400
38.262 8.738 7.400
38.262 8.738 9.500
38.262 8.738 9.700
38.262 8.738 10.700
38.262 8.738 12.450
38.262 8.738 12.650
38.262 8.738 13.650
38.262 8.738 15.400
38.262 8.738 15.600
38.262 8.738 16.600
38.284 8.907 21.800
38.284 8.907 22.000
38.302 8.604 6.400
38.302 8.604 9.500
38.302 8.604 9.700
38.302 8.604 12.450
38.302 8.604 12.650
38.302 8.604 15.400
38.302 8.604 15.600
38.302 8.604 18.700
38.302 8.604 18.900
38.345 8.460 6.400
38.345 8.460 9.700
38.345 8.460 18.900
38.404 27.022 0.000
38.404 27.022 6.400
38.441 12.388 18.900
38.441 12.388 21.800
38.531 12.874 21.800
38.531 12.874 22.000
38.614 11.814 18.900
38.614 11.814 21.800
38.674 12.918 21.800
38.674 12.918 22.000
38.947 32.528 108.250
38.947 32.528 109.150
39.016 12.561 18.900
39.016 12.561 21.800
39.116 10.138 18.900
39.116 10.138 21.800
39.188 11.986 18.900
39.188 11.986 21.800
39.196 32.393 108.250
39.196 32.393 109.150
39.288 9.563 18.900
39.288 9.563 21.800
39.465 13.154 21.800
39.465 13.154 22.000
39.565 13.341 21.800
39.565 13.341 22.000
39.601 9.302 21.800
39.601 9.302 22.000
39.604 33.369 18.900
39.604 33.369 21.650
39.604 33.369 21.850
39.604 33.369 24.650
39.604 33.369 24.850
39.604 33.369 27.600
39.604 33.369 27.800
39.604 33.369 30.550
39.604 33.369 30.750
39.604 33.369 33.500
39.604 33.369 33.700
39.604 33.369 36.450
39.604 33.369 36.650
39.604 33.369 39.400
39.604 33.369 39.600
39.604 33.369 42.350
39.604 33.369 42.550
39.604 33.369 45.300
39.604 33.369 45.500
39.604 33.369 48.250
39.604 33.369 48.450
39.604 33.369 51.200
39.604 33.369 51.400
39.604 33.369 54.150
39.604 33.369 54.350
39.604 33.369 57.300
39.604 33.369 57.500
39.604 33.369 60.250
39.604 33.369 60.450
39.604 33.369 63.200
39.604 33.369 63.400
39.604 33.369 66.150
39.604 33.369 66.350
39.604 33.369 69.100
39.604 33.369 69.300
39.604 33.369 72.050
39.604 33.369 72.250
39.604 33.369 73.650
39.604 33.369 75.000
39.604 33.369 75.200
39.604 33.369 77.950
39.604 33.369 78.150
39.604 33.369 80.900
39.604 33.369 81.100
39.604 33.369 83.850
39.604 33.369 84.050
39.604 33.369 86.800
39.604 33.369 87.000
39.604 33.369 89.750
39.604 33.369 89.950
39.604 33.369 92.950
39.604 33.369 93.150
39.604 33.369 96.250
39.604 33.369 96.450
39.604 33.369 99.550
39.604 33.369 99.750
39.604 33.369 103.250
39.604 33.369 103.450
39.623 33.307 18.900
39.623 33.307 21.650
39.623 33.307 21.850
39.623 33.307 24.650
39.623 33.307 24.850
39.623 33.307 27.600
39.623 33.307 27.800
39.623 33.307 30.550
39.623 33.307 30.750
39.623 33.307 33.500
39.623 33.307 33.700
39.623 33.307 36.450
39.623 33.307 36.650
39.623 33.307 39.400
39.623 33.307 39.600
39.623 33.307 42.350
39.623 33.307 42.550
39.623 33.307 45.300
39.623 33.307 45.500
39.623 33.307 48.250
39.623 33.307 48.450
39.623 33.307 51.200
39.623 33.307 51.400
39.623 33.307 54.150
39.623 33.307 54.350
39.623 33.307 57.300
39.623 33.307 57.500
39.623 33.307 60.250
39.623 33.307 60.450
39.623 33.307 63.200
39.623 33.307 63.400
39.623 33.307 66.150
39.623 33.307 66.350
39.623 33.307 69.100
39.623 33.307 69.300
39.623 33.307 72.050
39.623 33.307 72.250
39.623 33.307 73.650
39.623 33.307 75.000
39.623 33.307 75.200
39.623 33.307 77.950
39.623 33.307 78.150
39.623 33.307 80.900
39.623 33.307 81.100
39.623 33.307 83.850
39.623 33.307 84.050
39.623 33.307 86.800
39.623 33.307 87.000
39.623 33.307 89.750
39.623 33.307 89.950
39.623 33.307 92.950
39.623 33.307 93.150
39.623 33.307 96.250
39.623 33.307 96.450
39.623 33.307 99.550
39.623 33.307 99.750
39.623 33.307 103.250
39.623 33.307 103.450
39.682 21.956 18.900
39.682 21.956 21.650
39.682 21.956 21.850
39.682 21.956 24.650
39.682 21.956 24.850
39.682 21.956 27.600
39.682 21.956 27.800
39.682 21.956 30.550
39.682 21.956 30.750
39.682 21.956 33.500
39.682 21.956 33.700
39.682 21.956 36.450
39.682 21.956 36.650
39.682 21.956 39.400
39.682 21.956 39.600
39.682 21.956 42.350
39.682 21.956 42.550
39.682 21.956 45.300
39.682 21.956 45.500
39.682 21.956 48.250
39.682 21.956 48.450
39.682 21.956 51.200
39.682 21.956 51.400
39.682 21.956 54.150
39.682 21.956 54.350
39.682 21.956 57.300
39.682 21.956 57.500
39.682 21.956 60.250
39.682 21.956 60.450
39.682 21.956 63.200
39.682 21.956 63.400
39.682 21.956 66.150
39.682 21.956 66.350
39.682 21.956 69.100
39.682 21.956 69.300
39.682 21.956 72.050
39.682 21.956 72.250
39.682 21.956 73.650
39.682 21.956 75.000
39.682 21.956 75.200
39.682 21.956 77.950
39.682 21.956 78.150
39.682 21.956 80.900
39.682 21.956 81.100
39.682 21.956 83.850
39.682 21.956 84.050
39.682 21.956 86.800
39.682 21.956 87.000
39.682 21.956 89.750
39.682 21.956 89.950
39.682 21.956 92.950
39.682 21.956 93.150
39.682 21.956 96.250
39.682 21.956 96.450
39.682 21.956 99.550
39.682 21.956 99.750
39.682 21.956 103.250
39.682 21.956 103.450
39.691 10.310 18.900
39.691 10.310 21.800
39.743 21.974 18.900
39.743 21.974 21.650
39.743 21.974 21.850
39.743 21.974 24.650
39.743 21.974 24.850
39.743 21.974 27.600
39.743 21.974 27.800
39.743 21.974 30.550
39.743 21.974 30.750
39.743 21.974 33.500
39.743 21.974 33.700
39.743 21.974 36.450
39.743 21.974 36.650
39.743 21.974 39.400
39.743 21.974 39.600
39.743 21.974 42.350
39.743 21.974 42.550
39.743 21.974 45.300
39.743 21.974 45.500
39.743 21.974 48.250
39.743 21.974 48.450
39.743 21.974 51.200
39.743 21.974 51.400
39.743 21.974 54.150
39.743 21.974 54.350
39.743 21.974 57.300
39.743 21.974 57.500
39.743 21.974 60.250
39.743 21.974 60.450
39.743 21.974 63.200
39.743 21.974 63.400
39.743 21.974 66.150
39.743 21.974 66.350
39.743 21.974 69.100
39.743 21.974 69.300
39.743 21.974 72.050
39.743 21.974 72.250
39.743 21.974 73.650
39.743 21.974 75.000
39.743 21.974 75.200
39.743 21.974 77.950
39.743 21.974 78.150
39.743 21.974 80.900
39.743 21.974 81.100
39.743 21.974 83.850
39.743 21.974 84.050
39.743 21.974 86.800
39.743 21.974 87.000
39.743 21.974 89.750
39.743 21.974 89.950
39.743 21.974 92.950
39.743 21.974 93.150
39.743 21.974 96.250
39.743 21.974 96.450
39.743 21.974 99.550
39.743 21.974 99.750
39.743 21.974 103.250
39.743 21.974 103.450
39.745 9.345 21.800
39.745 9.345 22.000
39.863 9.735 18.900
39.863 9.735 21.800
40.138 20.433 18.900
40.138 20.433 21.650
40.138 20.433 21.850
40.138 20.433 24.650
40.138 20.433 24.850
40.138 20.433 27.600
40.138 20.433 27.800
40.138 20.433 30.550
40.138 20.433 30.750
40.138 20.433 33.500
40.138 20.433 33.700
40.138 20.433 36.450
40.138 20.433 36.650
40.138 20.433 39.400
40.138 20.433 39.600
40.138 20.433 42.350
40.138 20.433 42.550
40.138 20.433 45.300
40.138 20.433 45.500
40.138 20.433 48.250
40.138 20.433 48.450
40.138 20.433 51.200
40.138 20.433 51.400
40.138 20.433 54.150
40.138 20.433 54.350
40.138 20.433 57.300
40.138 20.433 57.500
40.138 20.433 60.250
40.138 20.433 60.450
40.138 20.433 63.200
40.138 20.433 63.400
40.138 20.433 66.150
40.138 20.433 66.350
40.138 20.433 69.100
40.138 20.433 69.300
40.138 20.433 72.050
40.138 20.433 72.250
40.138 20.433 73.650
40.138 20.433 75.000
40.138 20.433 75.200
40.138 20.433 77.950
40.138 20.433 78.150
40.138 20.433 80.900
40.138 20.433 81.100
40.138 20.433 83.850
40.138 20.433 84.050
40.138 20.433 86.800
40.138 20.433 87.000
40.138 20.433 89.750
40.138 20.433 89.950
40.138 20.433 92.950
40.138 20.433 93.150
40.138 20.433 96.250
40.138 20.433 96.450
40.138 20.433 99.550
40.138 20.433 99.750
40.138 20.433 103.250
40.138 20.433 103.450
40.200 20.451 18.900
40.200 20.451 21.650
40.200 20.451 21.850
40.200 20.451 24.650
40.200 20.451 24.850
40.200 20.451 27.600
40.200 20.451 27.800
40.200 20.451 30.550
40.200 20.451 30.750
40.200 20.451 33.500
40.200 20.451 33.700
40.200 20.451 36.450
40.200 20.451 36.650
40.200 20.451 39.400
40.200 20.451 39.600
40.200 20.451 42.350
40.200 20.451 42.550
40.200 20.451 45.300
40.200 20.451 45.500
40.200 20.451 48.250
40.200 20.451 48.450
40.200 20.451 51.200
40.200 20.451 51.400
40.200 20.451 54.150
40.200 20.451 54.350
40.200 20.451 57.300
40.200 20.451 57.500
40.200 20.451 60.250
40.200 20.451 60.450
40.200 20.451 63.200
40.200 20.451 63.400
40.200 20.451 66.150
40.200 20.451 66.350
40.200 20.451 69.100
40.200 20.451 69.300
40.200 20.451 72.050
40.200 20.451 72.250
40.200 20.451 73.650
40.200 20.451 75.000
40.200 20.451 75.200
40.200 20.451 77.950
40.200 20.451 78.150
40.200 20.451 80.900
40.200 20.451 81.100
40.200 20.451 83.850
40.200 20.451 84.050
40.200 20.451 86.800
40.200 20.451 87.000
40.200 20.451 89.750
40.200 20.451 89.950
40.200 20.451 92.950
40.200 20.451 93.150
40.200 20.451 96.250
40.200 20.451 96.450
40.200 20.451 99.550
40.200 20.451 99.750
40.200 20.451 103.250
40.200 20.451 103.450
40.532 32.794 108.250
40.532 32.794 109.150
40.535 9.582 21.800
40.535 9.582 22.000
40.841 9.809 6.400
40.841 9.809 9.700
40.841 9.809 18.900
40.842 9.831 6.400
40.842 9.831 9.700
40.842 9.831 18.900
40.843 9.787 6.400
40.843 9.787 9.700
40.843 9.787 18.900
40.844 9.852 6.400
40.844 9.852 9.700
40.844 9.852 18.900
40.847 9.765 6.400
40.847 9.765 9.700
40.847 9.765 18.900
40.848 9.874 6.400
40.848 9.874 9.700
40.848 9.874 18.900
40.852 9.744 6.400
40.852 9.744 9.700
40.852 9.744 18.900
40.854 9.895 6.400
40.854 9.895 9.700
40.854 9.895 18.900
40.859 9.724 6.400
40.859 9.724 9.700
40.859 9.724 18.900
40.862 9.915 6.400
40.862 9.915 9.700
40.862 9.915 18.900
40.868 9.704 6.400
40.868 9.704 9.700
40.868 9.704 18.900
40.871 9.935 6.400
40.871 9.935 9.700
40.871 9.935 18.900
40.879 9.685 6.400
40.879 9.685 9.700
40.879 9.685 18.900
40.882 9.953 6.400
40.882 9.953 9.700
40.882 9.953 18.900
40.891 9.667 6.400
40.891 9.667 9.700
40.891 9.667 18.900
40.895 9.971 6.400
40.895 9.971 9.700
40.895 9.971 18.900
40.905 9.650 6.400
40.905 9.650 9.700
40.905 9.650 18.900
40.909 9.988 6.400
40.909 9.988 9.700
40.909 9.988 18.900
40.920 9.634 6.400
40.920 9.634 9.700
40.920 9.634 18.900
40.925 10.003 6.400
40.925 10.003 9.700
40.925 10.003 18.900
40.936 9.620 6.400
40.936 9.620 9.700
40.936 9.620 18.900
40.942 10.017 6.400
40.942 10.017 9.700
40.942 10.017 18.900
40.954 9.607 6.400
40.954 9.607 9.700
40.954 9.607 18.900
40.960 10.029 6.400
40.960 10.029 9.700
40.960 10.029 18.900
40.972 8.648 21.800
40.972 8.648 22.000
40.973 9.596 6.400
40.973 9.596 9.700
40.973 9.596 18.900
40.979 10.040 6.400
40.979 10.040 9.700
40.979 10.040 18.900
40.992 9.587 6.400
40.992 9.587 9.700
40.992 9.587 18.900
40.999 10.048 6.400
40.999 10.048 9.700
40.999 10.048 18.900
41.013 9.579 6.400
41.013 9.579 9.700
41.013 9.579 18.900
41.020 10.056 6.400
41.020 10.056 9.700
41.020 10.056 18.900
41.034 9.573 6.400
41.034 9.573 9.700
41.034 9.573 18.900
41.041 10.061 6.400
41.041 10.061 9.700
41.041 10.061 18.900
41.044 30.596 103.450
41.044 30.596 108.450
41.055 9.569 6.400
41.055 9.569 9.700
41.055 9.569 18.900
41.062 10.064 6.400
41.062 10.064 9.700
41.062 10.064 18.900
41.077 9.567 6.400
41.077 9.567 9.700
41.077 9.567 18.900
41.084 10.066 6.400
41.084 10.066 9.700
41.084 10.066 18.900
41.099 9.566 6.400
41.099 9.566 9.700
41.099 9.566 18.900
41.106 10.066 6.400
41.106 10.066 9.700
41.106 10.066 18.900
41.106 32.966 108.250
41.106 32.966 109.150
41.120 9.568 6.400
41.120 9.568 9.700
41.120 9.568 18.900
41.127 10.063 6.400
41.127 10.063 9.700
41.127 10.063 18.900
41.128 33.825 18.900
41.128 33.825 21.650
41.128 33.825 21.850
41.128 33.825 24.650
41.128 33.825 24.850
41.128 33.825 27.600
41.128 33.825 27.800
41.128 33.825 30.550
41.128 33.825 30.750
41.128 33.825 33.500
41.128 33.825 33.700
41.128 33.825 36.450
41.128 33.825 36.650
41.128 33.825 39.400
41.128 33.825 39.600
41.128 33.825 42.350
41.128 33.825 42.550
41.128 33.825 45.300
41.128 33.825 45.500
41.128 33.825 48.250
41.128 33.825 48.450
41.128 33.825 51.200
41.128 33.825 51.400
41.128 33.825 54.150
41.128 33.825 54.350
41.128 33.825 57.300
41.128 33.825 57.500
41.128 33.825 60.250
41.128 33.825 60.450
41.128 33.825 63.200
41.128 33.825 63.400
41.128 33.825 66.150
41.128 33.825 66.350
41.128 33.825 69.100
41.128 33.825 69.300
41.128 33.825 72.050
41.128 33.825 72.250
41.128 33.825 73.650
41.128 33.825 75.000
41.128 33.825 75.200
41.128 33.825 77.950
41.128 33.825 78.150
41.128 33.825 80.900
41.128 33.825 81.100
41.128 33.825 83.850
41.128 33.825 84.050
41.128 33.825 86.800
41.128 33.825 87.000
41.128 33.825 89.750
41.128 33.825 89.950
41.128 33.825 92.950
41.128 33.825 93.150
41.128 33.825 96.250
41.128 33.825 96.450
41.128 33.825 99.550
41.128 33.825 99.750
41.128 33.825 103.250
41.128 33.825 103.450
41.142 9.571 6.400
41.142 9.571 9.700
41.142 9.571 18.900
41.146 33.764 18.900
41.146 33.764 21.650
41.146 33.764 21.850
41.146 33.764 24.650
41.146 33.764 24.850
41.146 33.764 27.600
41.146 33.764 27.800
41.146 33.764 30.550
41.146 33.764 30.750
41.146 33.764 33.500
41.146 33.764 33.700
41.146 33.764 36.450
41.146 33.764 36.650
41.146 33.764 39.400
41.146 33.764 39.600
41.146 33.764 42.350
41.146 33.764 42.550
41.146 33.764 45.300
41.146 33.764 45.500
41.146 33.764 48.250
41.146 33.764 48.450
41.146 33.764 51.200
41.146 33.764 51.400
41.146 33.764 54.150
41.146 33.764 54.350
41.146 33.764 57.300
41.146 33.764 57.500
41.146 33.764 60.250
41.146 33.764 60.450
41.146 33.764 63.200
41.146 33.764 63.400
41.146 33.764 66.150
41.146 33.764 66.350
41.146 33.764 69.100
41.146 33.764 69.300
41.146 33.764 72.050
41.146 33.764 72.250
41.146 33.764 73.650
41.146 33.764 75.000
41.146 33.764 75.200
41.146 33.764 77.950
41.146 33.764 78.150
41.146 33.764 80.900
41.146 33.764 81.100
41.146 33.764 83.850
41.146 33.764 84.050
41.146 33.764 86.800
41.146 33.764 87.000
41.146 33.764 89.750
41.146 33.764 89.950
41.146 33.764 92.950
41.146 33.764 93.150
41.146 33.764 96.250
41.146 33.764 96.450
41.146 33.764 99.550
41.146 33.764 99.750
41.146 33.764 103.250
41.146 33.764 103.450
41.147 33.737 6.400
41.147 33.737 9.500
41.147 33.737 9.700
41.149 10.059 6.400
41.149 10.059 9.700
41.149 10.059 18.900
41.163 9.577 6.400
41.163 9.577 9.700
41.163 9.577 18.900
41.163 10.500 21.650
41.163 10.500 21.850
41.163 10.500 22.850
41.163 10.500 24.650
41.163 10.500 24.850
41.163 10.500 25.850
41.163 10.500 27.600
41.163 10.500 27.800
41.163 10.500 28.800
41.163 10.500 30.550
41.163 10.500 30.750
41.163 10.500 31.750
41.163 10.500 33.500
41.163 10.500 33.700
41.163 10.500 34.700
41.163 10.500 36.450
41.163 10.500 36.650
41.163 10.500 37.650
41.163 10.500 39.400
41.163 10.500 39.600
41.163 10.500 40.600
41.163 10.500 42.350
41.163 10.500 42.550
41.163 10.500 43.550
41.163 10.500 45.300
41.163 10.500 45.500
41.163 10.500 46.500
41.163 10.500 48.250
41.163 10.500 48.450
41.163 10.500 49.450
41.163 10.500 51.200
41.163 10.500 51.400
41.163 10.500 52.400
41.163 10.500 54.150
41.163 10.500 54.350
41.163 10.500 55.350
41.163 10.500 57.300
41.163 10.500 57.500
41.163 10.500 58.500
41.163 10.500 60.250
41.163 10.500 60.450
41.163 10.500 61.450
41.163 10.500 63.200
41.163 10.500 63.400
41.163 10.500 64.400
41.163 10.500 66.150
41.163 10.500 66.350
41.163 10.500 67.350
41.163 10.500 69.100
41.163 10.500 69.300
41.163 10.500 70.300
41.163 10.500 72.050
41.163 10.500 72.250
41.163 10.500 73.250
41.163 10.500 75.000
41.163 10.500 75.200
41.163 10.500 76.200
41.163 10.500 77.950
41.163 10.500 78.150
41.163 10.500 79.150
41.163 10.500 80.900
41.163 10.500 81.100
41.163 10.500 82.100
41.163 10.500 83.850
41.163 10.500 84.050
41.163 10.500 85.050
41.163 10.500 86.800
41.163 10.500 87.000
41.163 10.500 88.000
41.163 10.500 89.750
41.163 10.500 89.950
41.163 10.500 90.950
41.163 10.500 92.950
41.163 10.500 93.150
41.163 10.500 94.150
41.163 10.500 96.250
41.163 10.500 96.450
41.163 10.500 97.450
41.163 10.500 99.550
41.163 10.500 99.750
41.163 10.500 100.750
41.165 33.675 6.400
41.165 33.675 9.700
41.170 10.053 6.400
41.170 10.053 9.700
41.170 10.053 18.900
41.175 33.641 6.400
41.175 33.641 9.500
41.175 33.641 9.700
41.184 9.584 6.400
41.184 9.584 9.700
41.184 9.584 18.900
41.190 10.046 6.400
41.190 10.046 9.700
41.190 10.046 18.900
41.204 9.593 6.400
41.204 9.593 9.700
41.204 9.593 18.900
41.210 10.036 6.400
41.210 10.036 9.700
41.210 10.036 18.900
41.220 30.495 108.250
41.220 30.495 109.150
41.223 9.603 6.400
41.223 9.603 9.700
41.223 9.603 18.900
41.223 33.483 6.400
41.223 33.483 9.500
41.223 33.483 9.700
41.229 10.025 6.400
41.229 10.025 9.700
41.229 10.025 18.900
41.230 10.625 21.850
41.230 10.625 22.850
41.230 10.625 24.850
41.230 10.625 25.850
41.230 10.625 27.800
41.230 10.625 28.800
41.230 10.625 30.750
41.230 10.625 31.750
41.230 10.625 33.700
41.230 10.625 34.700
41.230 10.625 36.650
41.230 10.625 37.650
41.230 10.625 39.600
41.230 10.625 40.600
41.230 10.625 42.550
41.230 10.625 43.550
41.230 10.625 45.500
41.230 10.625 46.500
41.230 10.625 48.450
41.230 10.625 49.450
41.230 10.625 51.400
41.230 10.625 52.400
41.230 10.625 54.350
41.230 10.625 55.350
41.230 10.625 57.500
41.230 10.625 58.500
41.230 10.625 60.450
41.230 10.625 61.450
41.230 10.625 63.400
41.230 10.625 64.400
41.230 10.625 66.350
41.230 10.625 67.350
41.230 10.625 69.300
41.230 10.625 70.300
41.230 10.625 72.250
41.230 10.625 73.250
41.230 10.625 75.200
41.230 10.625 76.200
41.230 10.625 78.150
41.230 10.625 79.150
41.230 10.625 81.100
41.230 10.625 82.100
41.230 10.625 84.050
41.230 10.625 85.050
41.230 10.625 87.000
41.230 10.625 88.000
41.230 10.625 89.950
41.230 10.625 90.950
41.230 10.625 93.150
41.230 10.625 94.150
41.230 10.625 96.450
41.230 10.625 97.450
41.230 10.625 99.750
41.230 10.625 100.750
41.241 9.616 6.400
41.241 9.616 9.700
41.241 9.616 18.900
41.246 10.012 6.400
41.246 10.012 9.700
41.246 10.012 18.900
41.258 9.629 6.400
41.258 9.629 9.700
41.258 9.629 18.900
41.263 9.998 6.400
41.263 9.998 9.700
41.263 9.998 18.900
41.273 9.645 6.400
41.273 9.645 9.700
41.273 9.645 18.900
41.278 9.982 6.400
41.278 9.982 9.700
41.278 9.982 18.900
41.287 9.661 6.400
41.287 9.661 9.700
41.287 9.661 18.900
41.292 9.965 6.400
41.292 9.965 9.700
41.292 9.965 18.900
41.300 9.679 6.400
41.300 9.679 9.700
41.300 9.679 18.900
41.304 9.947 6.400
41.304 9.947 9.700
41.304 9.947 18.900
41.311 9.698 6.400
41.311 9.698 9.700
41.311 9.698 18.900
41.315 9.928 6.400
41.315 9.928 9.700
41.315 9.928 18.900
41.321 9.717 6.400
41.321 9.717 9.700
41.321 9.717 18.900
41.324 9.908 6.400
41.324 9.908 9.700
41.324 9.908 18.900
41.329 9.738 6.400
41.329 9.738 9.700
41.329 9.738 18.900
41.331 9.888 6.400
41.331 9.888 9.700
41.331 9.888 18.900
41.335 9.759 6.400
41.335 9.759 9.700
41.335 9.759 18.900
41.336 9.867 6.400
41.336 9.867 9.700
41.336 9.867 18.900
41.339 9.780 6.400
41.339 9.780 9.700
41.339 9.780 18.900
41.340 9.845 6.400
41.340 9.845 9.700
41.340 9.845 18.900
41.341 9.802 6.400
41.341 9.802 9.700
41.341 9.802 18.900
41.341 9.823 6.400
41.341 9.823 9.700
41.341 9.823 18.900
41.360 29.543 103.450
41.360 29.543 105.950
41.360 29.543 108.450
41.455 29.571 103.450
41.455 29.571 105.950
41.455 29.571 108.450
41.795 30.667 108.250
41.795 30.667 109.150
41.967 30.092 108.250
41.967 30.092 109.150
42.393 26.094 103.450
42.393 26.094 105.950
42.393 26.094 108.450
42.489 26.123 103.450
42.489 26.123 105.950
42.489 26.123 108.450
42.772 11.922 5.400
42.772 11.922 6.400
42.925 11.133 21.850
42.925 11.133 22.850
42.925 11.133 24.850
42.925 11.133 25.850
42.925 11.133 27.800
42.925 11.133 28.800
42.925 11.133 30.750
42.925 11.133 31.750
42.925 11.133 33.700
42.925 11.133 34.700
42.925 11.133 36.650
42.925 11.133 37.650
42.925 11.133 39.600
42.925 11.133 40.600
42.925 11.133 42.550
42.925 11.133 43.550
42.925 11.133 45.500
42.925 11.133 46.500
42.925 11.133 48.450
42.925 11.133 49.450
42.925 11.133 51.400
42.925 11.133 52.400
42.925 11.133 54.350
42.925 11.133 55.350
42.925 11.133 57.500
42.925 11.133 58.500
42.925 11.133 60.450
42.925 11.133 61.450
42.925 11.133 63.400
42.925 11.133 64.400
42.925 11.133 66.350
42.925 11.133 67.350
42.925 11.133 69.300
42.925 11.133 70.300
42.925 11.133 72.250
42.925 11.133 73.250
42.925 11.133 75.200
42.925 11.133 76.200
42.925 11.133 78.150
42.925 11.133 79.150
42.925 11.133 81.100
42.925 11.133 82.100
42.925 11.133 84.050
42.925 11.133 85.050
42.925 11.133 87.000
42.925 11.133 88.000
42.925 11.133 89.950
42.925 11.133 90.950
42.925 11.133 93.150
42.925 11.133 94.150
42.925 11.133 96.450
42.925 11.133 97.450
42.925 11.133 99.750
42.925 11.133 100.750
42.954 11.037 21.650
42.954 11.037 21.850
42.954 11.037 22.850
42.954 11.037 24.650
42.954 11.037 24.850
42.954 11.037 25.850
42.954 11.037 27.600
42.954 11.037 27.800
42.954 11.037 28.800
42.954 11.037 30.550
42.954 11.037 30.750
42.954 11.037 31.750
42.954 11.037 33.500
42.954 11.037 33.700
42.954 11.037 34.700
42.954 11.037 36.450
42.954 11.037 36.650
42.954 11.037 37.650
42.954 11.037 39.400
42.954 11.037 39.600
42.954 11.037 40.600
42.954 11.037 42.350
42.954 11.037 42.550
42.954 11.037 43.550
42.954 11.037 45.300
42.954 11.037 45.500
42.954 11.037 46.500
42.954 11.037 48.250
42.954 11.037 48.450
42.954 11.037 49.450
42.954 11.037 51.200
42.954 11.037 51.400
42.954 11.037 52.400
42.954 11.037 54.150
42.954 11.037 54.350
42.954 11.037 55.350
42.954 11.037 57.300
42.954 11.037 57.500
42.954 11.037 58.500
42.954 11.037 60.250
42.954 11.037 60.450
42.954 11.037 61.450
42.954 11.037 63.200
42.954 11.037 63.400
42.954 11.037 64.400
42.954 11.037 66.150
42.954 11.037 66.350
42.954 11.037 67.350
42.954 11.037 69.100
42.954 11.037 69.300
42.954 11.037 70.300
42.954 11.037 72.050
42.954 11.037 72.250
42.954 11.037 73.250
42.954 11.037 75.000
42.954 11.037 75.200
42.954 11.037 76.200
42.954 11.037 77.950
42.954 11.037 78.150
42.954 11.037 79.150
42.954 11.037 80.900
42.954 11.037 81.100
42.954 11.037 82.100
42.954 11.037 83.850
42.954 11.037 84.050
42.954 11.037 85.050
42.954 11.037 86.800
42.954 11.037 87.000
42.954 11.037 88.000
42.954 11.037 89.750
42.954 11.037 89.950
42.954 11.037 90.950
42.954 11.037 92.950
42.954 11.037 93.150
42.954 11.037 94.150
42.954 11.037 96.250
42.954 11.037 96.450
42.954 11.037 97.450
42.954 11.037 99.550
42.954 11.037 99.750
42.954 11.037 100.750
43.073 10.920 5.400
43.073 10.920 6.400
43.073 10.920 9.500
43.073 10.920 9.700
43.073 10.920 12.450
43.073 10.920 12.650
43.073 10.920 15.400
43.073 10.920 15.600
43.073 10.920 18.900
43.116 10.777 6.400
43.116 10.777 9.500
43.116 10.777 9.700
43.116 10.777 18.900
43.216 10.963 6.400
43.216 10.963 9.500
43.216 10.963 9.700
43.216 10.963 18.900
43.234 25.864 108.250
43.234 25.864 109.150
43.248 10.336 6.400
43.248 10.336 7.400
43.248 10.336 9.700
43.248 10.336 10.700
43.248 10.336 12.650
43.248 10.336 13.650
43.248 10.336 15.600
43.248 10.336 16.600
43.258 10.022 18.900
43.258 10.022 20.400
43.258 10.022 21.650
43.258 10.022 21.850
43.258 10.022 24.650
43.258 10.022 24.850
43.258 10.022 27.600
43.258 10.022 27.800
43.258 10.022 30.550
43.258 10.022 30.750
43.258 10.022 33.500
43.258 10.022 33.700
43.258 10.022 36.450
43.258 10.022 36.650
43.258 10.022 39.400
43.258 10.022 39.600
43.258 10.022 42.350
43.258 10.022 42.550
43.258 10.022 45.300
43.258 10.022 45.500
43.258 10.022 48.250
43.258 10.022 48.450
43.258 10.022 51.200
43.258 10.022 51.400
43.258 10.022 54.150
43.258 10.022 54.350
43.258 10.022 57.300
43.258 10.022 57.500
43.258 10.022 60.250
43.258 10.022 60.450
43.258 10.022 63.200
43.258 10.022 63.400
43.258 10.022 66.150
43.258 10.022 66.350
43.258 10.022 69.100
43.258 10.022 69.300
43.258 10.022 72.050
43.258 10.022 72.250
43.258 10.022 73.650
43.258 10.022 75.000
43.258 10.022 75.200
43.258 10.022 77.950
43.258 10.022 78.150
43.258 10.022 80.900
43.258 10.022 81.100
43.258 10.022 83.850
43.258 10.022 84.050
43.258 10.022 86.800
43.258 10.022 87.000
43.258 10.022 89.750
43.258 10.022 89.950
43.258 10.022 92.950
43.258 10.022 93.150
43.258 10.022 96.250
43.258 10.022 96.450
43.258 10.022 99.550
43.258 10.022 99.750
43.258 10.022 103.250
43.258 10.022 103.450
43.259 10.820 6.400
43.259 10.820 9.500
43.259 10.820 9.700
43.259 10.820 12.450
43.259 10.820 12.650
43.259 10.820 15.400
43.259 10.820 15.600
43.259 10.820 18.700
43.259 10.820 18.900
43.277 10.240 5.400
43.277 10.240 6.400
43.277 10.240 7.400
43.277 10.240 9.500
43.277 10.240 9.700
43.277 10.240 10.700
43.277 10.240 12.450
43.277 10.240 12.650
43.277 10.240 13.650
43.277 10.240 15.400
43.277 10.240 15.600
43.277 10.240 16.600
43.302 9.878 20.400
43.302 9.878 21.850
43.302 9.878 72.250
43.302 9.878 93.150
43.302 9.878 103.450
43.302 9.878 104.450
43.317 10.106 6.400
43.317 10.106 9.500
43.317 10.106 9.700
43.317 10.106 18.900
43.360 9.962 5.400
43.360 9.962 6.400
43.360 9.962 9.700
43.360 9.962 18.900
43.402 10.065 18.900
43.402 10.065 20.400
43.402 10.065 21.650
43.402 10.065 21.850
43.402 10.065 24.650
43.402 10.065 24.850
43.402 10.065 27.600
43.402 10.065 27.800
43.402 10.065 30.550
43.402 10.065 30.750
43.402 10.065 33.500
43.402 10.065 33.700
43.402 10.065 36.450
43.402 10.065 36.650
43.402 10.065 39.400
43.402 10.065 39.600
43.402 10.065 42.350
43.402 10.065 42.550
43.402 10.065 45.300
43.402 10.065 45.500
43.402 10.065 48.250
43.402 10.065 48.450
43.402 10.065 51.200
43.402 10.065 51.400
43.402 10.065 54.150
43.402 10.065 54.350
43.402 10.065 57.300
43.402 10.065 57.500
43.402 10.065 60.250
43.402 10.065 60.450
43.402 10.065 63.200
43.402 10.065 63.400
43.402 10.065 66.150
43.402 10.065 66.350
43.402 10.065 69.100
43.402 10.065 69.300
43.402 10.065 72.050
43.402 10.065 72.250
43.402 10.065 73.650
43.402 10.065 75.000
43.402 10.065 75.200
43.402 10.065 77.950
43.402 10.065 78.150
43.402 10.065 80.900
43.402 10.065 81.100
43.402 10.065 83.850
43.402 10.065 84.050
43.402 10.065 86.800
43.402 10.065 87.000
43.402 10.065 89.750
43.402 10.065 89.950
43.402 10.065 92.950
43.402 10.065 93.150
43.402 10.065 96.250
43.402 10.065 96.450
43.402 10.065 99.550
43.402 10.065 99.750
43.402 10.065 103.250
43.402 10.065 103.450
43.407 25.290 108.250
43.407 25.290 109.150
43.427 9.983 18.900
43.427 9.983 21.650
43.445 9.921 20.400
43.445 9.921 21.650
43.445 9.921 21.850
43.445 9.921 24.650
43.445 9.921 24.850
43.445 9.921 27.600
43.445 9.921 27.800
43.445 9.921 30.550
43.445 9.921 30.750
43.445 9.921 33.500
43.445 9.921 33.700
43.445 9.921 36.450
43.445 9.921 36.650
43.445 9.921 39.400
43.445 9.921 39.600
43.445 9.921 42.350
43.445 9.921 42.550
43.445 9.921 45.300
43.445 9.921 45.500
43.445 9.921 48.250
43.445 9.921 48.450
43.445 9.921 51.200
43.445 9.921 51.400
43.445 9.921 54.150
43.445 9.921 54.350
43.445 9.921 57.300
43.445 9.921 57.500
43.445 9.921 60.250
43.445 9.921 60.450
43.445 9.921 63.200
43.445 9.921 63.400
43.445 9.921 66.150
43.445 9.921 66.350
43.445 9.921 69.100
43.445 9.921 69.300
43.445 9.921 72.050
43.445 9.921 72.250
43.445 9.921 73.650
43.445 9.921 75.000
43.445 9.921 75.200
43.445 9.921 77.950
43.445 9.921 78.150
43.445 9.921 80.900
43.445 9.921 81.100
43.445 9.921 83.850
43.445 9.921 84.050
43.445 9.921 86.800
43.445 9.921 87.000
43.445 9.921 89.750
43.445 9.921 89.950
43.445 9.921 92.950
43.445 9.921 93.150
43.445 9.921 96.250
43.445 9.921 96.450
43.445 9.921 99.550
43.445 9.921 99.750
43.445 9.921 103.250
43.445 9.921 103.450
43.460 10.149 6.400
43.460 10.149 9.500
43.460 10.149 9.700
43.460 10.149 12.450
43.460 10.149 12.650
43.460 10.149 15.400
43.460 10.149 15.600
43.460 10.149 18.700
43.460 10.149 18.900
43.503 10.006 6.400
43.503 10.006 9.500
43.503 10.006 9.700
43.503 10.006 12.450
43.503 10.006 12.650
43.503 10.006 15.400
43.503 10.006 15.600
43.503 10.006 18.700
43.503 10.006 18.900
43.503 10.252 103.450
43.503 10.252 104.450
43.578 12.074 5.400
43.578 12.074 6.400
43.578 12.074 9.500
43.578 12.074 9.700
43.578 12.074 12.450
43.578 12.074 12.650
43.578 12.074 15.400
43.578 12.074 15.600
43.578 12.074 18.700
43.578 12.074 18.900
43.853 11.154 5.400
43.853 11.154 6.400
43.853 11.154 9.500
43.853 11.154 9.700
43.853 11.154 12.450
43.853 11.154 12.650
43.853 11.154 15.400
43.853 11.154 15.600
43.853 11.154 18.900
43.896 11.010 6.400
43.896 11.010 9.500
43.896 11.010 9.700
43.896 11.010 12.450
43.896 11.010 12.650
43.896 11.010 15.400
43.896 11.010 15.600
43.896 11.010 18.700
43.896 11.010 18.900
44.279 34.780 0.000
44.279 34.780 6.400
44.370 10.422 6.400
44.370 10.422 9.500
44.370 10.422 9.700
44.370 10.422 12.450
44.370 10.422 12.650
44.370 10.422 15.400
44.370 10.422 15.600
44.370 10.422 18.700
44.370 10.422 18.900
44.413 10.278 6.400
44.413 10.278 9.500
44.413 10.278 9.700
44.413 10.278 12.450
44.413 10.278 12.650
44.413 10.278 15.400
44.413 10.278 15.600
44.413 10.278 18.700
44.413 10.278 18.900
44.528 33.947 0.000
44.528 33.947 6.400
45.105 11.980 108.250
45.105 11.980 109.150
45.239 12.229 108.250
45.239 12.229 109.150
45.794 14.746 103.450
45.794 14.746 108.450
45.886 14.928 108.250
45.886 14.928 109.150
46.250 10.960 0.000
46.250 10.960 5.400
46.250 10.960 6.400
46.279 10.864 0.000
46.279 10.864 5.400
46.279 10.864 6.400
46.288 15.675 108.250
46.288 15.675 109.150
46.350 10.858 5.200
46.350 10.858 6.790
46.350 10.858 18.810
46.350 10.858 18.900
46.350 10.858 20.400
46.350 10.858 21.650
46.350 10.858 21.850
46.350 10.858 24.650
46.350 10.858 24.850
46.350 10.858 27.600
46.350 10.858 27.800
46.350 10.858 30.550
46.350 10.858 30.750
46.350 10.858 33.500
46.350 10.858 33.700
46.350 10.858 36.450
46.350 10.858 36.650
46.350 10.858 39.400
46.350 10.858 39.600
46.350 10.858 42.350
46.350 10.858 42.550
46.350 10.858 45.300
46.350 10.858 45.500
46.350 10.858 48.250
46.350 10.858 48.450
46.350 10.858 51.200
46.350 10.858 51.400
46.350 10.858 54.150
46.350 10.858 54.350
46.350 10.858 57.300
46.350 10.858 57.500
46.350 10.858 60.250
46.350 10.858 60.450
46.350 10.858 63.200
46.350 10.858 63.400
46.350 10.858 66.150
46.350 10.858 66.350
46.350 10.858 69.100
46.350 10.858 69.300
46.350 10.858 72.050
46.350 10.858 72.250
46.350 10.858 73.650
46.350 10.858 75.000
46.350 10.858 75.200
46.350 10.858 77.950
46.350 10.858 78.150
46.350 10.858 80.900
46.350 10.858 81.100
46.350 10.858 83.850
46.350 10.858 84.050
46.350 10.858 86.800
46.350 10.858 87.000
46.350 10.858 89.750
46.350 10.858 89.950
46.350 10.858 92.950
46.350 10.858 93.150
46.350 10.858 96.250
46.350 10.858 96.450
46.350 10.858 99.550
46.350 10.858 99.750
46.350 10.858 103.250
46.350 10.858 103.450
46.369 10.797 5.200
46.369 10.797 6.790
46.369 10.797 18.810
46.369 10.797 20.400
46.369 10.797 21.650
46.369 10.797 21.850
46.369 10.797 24.650
46.369 10.797 24.850
46.369 10.797 27.600
46.369 10.797 27.800
46.369 10.797 30.550
46.369 10.797 30.750
46.369 10.797 33.500
46.369 10.797 33.700
46.369 10.797 36.450
46.369 10.797 36.650
46.369 10.797 39.400
46.369 10.797 39.600
46.369 10.797 42.350
46.369 10.797 42.550
46.369 10.797 45.300
46.369 10.797 45.500
46.369 10.797 48.250
46.369 10.797 48.450
46.369 10.797 51.200
46.369 10.797 51.400
46.369 10.797 54.150
46.369 10.797 54.350
46.369 10.797 57.300
46.369 10.797 57.500
46.369 10.797 60.250
46.369 10.797 60.450
46.369 10.797 63.200
46.369 10.797 63.400
46.369 10.797 66.150
46.369 10.797 66.350
46.369 10.797 69.100
46.369 10.797 69.300
46.369 10.797 72.050
46.369 10.797 72.250
46.369 10.797 73.650
46.369 10.797 75.000
46.369 10.797 75.200
46.369 10.797 77.950
46.369 10.797 78.150
46.369 10.797 80.900
46.369 10.797 81.100
46.369 10.797 83.850
46.369 10.797 84.050
46.369 10.797 86.800
46.369 10.797 87.000
46.369 10.797 89.750
46.369 10.797 89.950
46.369 10.797 92.950
46.369 10.797 93.150
46.369 10.797 96.250
46.369 10.797 96.450
46.369 10.797 99.550
46.369 10.797 99.750
46.369 10.797 103.250
46.369 10.797 103.450
46.392 35.236 0.000
46.392 35.236 6.400
46.460 15.100 108.250
46.460 15.100 109.150
46.574 12.629 108.250
46.574 12.629 109.150
46.593 34.566 0.000
46.593 34.566 6.400
46.627 13.185 0.000
46.627 13.185 5.400
46.627 13.185 6.400
46.685 12.993 0.000
46.685 12.993 5.400
46.685 12.993 6.400
46.696 35.180 103.450
46.696 35.180 104.450
46.701 35.808 9.500
46.701 35.808 9.700
46.701 35.808 10.700
46.701 35.808 12.450
46.701 35.808 12.650
46.701 35.808 13.650
46.701 35.808 15.400
46.701 35.808 15.600
46.701 35.808 16.600
46.701 35.808 18.700
46.701 35.808 18.900
46.701 35.808 19.900
46.701 35.808 21.650
46.701 35.808 21.850
46.701 35.808 22.850
46.701 35.808 24.650
46.701 35.808 24.850
46.701 35.808 25.850
46.701 35.808 27.600
46.701 35.808 27.800
46.701 35.808 28.800
46.701 35.808 30.550
46.701 35.808 30.750
46.701 35.808 31.750
46.701 35.808 33.500
46.701 35.808 33.700
46.701 35.808 34.700
46.701 35.808 36.450
46.701 35.808 36.650
46.701 35.808 37.650
46.701 35.808 39.400
46.701 35.808 39.600
46.701 35.808 40.600
46.701 35.808 42.350
46.701 35.808 42.550
46.701 35.808 43.550
46.701 35.808 45.300
46.701 35.808 45.500
46.701 35.808 46.500
46.701 35.808 48.250
46.701 35.808 48.450
46.701 35.808 49.450
46.701 35.808 51.200
46.701 35.808 51.400
46.701 35.808 52.400
46.701 35.808 54.150
46.701 35.808 54.350
46.701 35.808 55.350
46.701 35.808 57.300
46.701 35.808 57.500
46.701 35.808 58.500
46.701 35.808 60.250
46.701 35.808 60.450
46.701 35.808 61.450
46.701 35.808 63.200
46.701 35.808 63.400
46.701 35.808 64.400
46.701 35.808 66.150
46.701 35.808 66.350
46.701 35.808 67.350
46.701 35.808 69.100
46.701 35.808 69.300
46.701 35.808 70.300
46.701 35.808 72.050
46.701 35.808 72.250
46.701 35.808 73.250
46.701 35.808 75.000
46.701 35.808 75.200
46.701 35.808 76.200
46.701 35.808 77.950
46.701 35.808 78.150
46.701 35.808 79.150
46.701 35.808 80.900
46.701 35.808 81.100
46.701 35.808 82.100
46.701 35.808 83.850
46.701 35.808 84.050
46.701 35.808 85.050
46.701 35.808 86.800
46.701 35.808 87.000
46.701 35.808 88.000
46.701 35.808 89.750
46.701 35.808 89.950
46.701 35.808 90.950
46.701 35.808 92.950
46.701 35.808 93.150
46.701 35.808 94.150
46.701 35.808 96.250
46.701 35.808 96.450
46.701 35.808 97.450
46.701 35.808 99.550
46.701 35.808 99.750
46.701 35.808 100.750
46.753 35.511 18.900
46.753 35.511 21.650
46.753 35.511 21.850
46.753 35.511 24.650
46.753 35.511 24.850
46.753 35.511 27.600
46.753 35.511 27.800
46.753 35.511 30.550
46.753 35.511 30.750
46.753 35.511 33.500
46.753 35.511 33.700
46.753 35.511 36.450
46.753 35.511 36.650
46.753 35.511 39.400
46.753 35.511 39.600
46.753 35.511 42.350
46.753 35.511 42.550
46.753 35.511 45.300
46.753 35.511 45.500
46.753 35.511 48.250
46.753 35.511 48.450
46.753 35.511 51.200
46.753 35.511 51.400
46.753 35.511 54.150
46.753 35.511 54.350
46.753 35.511 57.300
46.753 35.511 57.500
46.753 35.511 60.250
46.753 35.511 60.450
46.753 35.511 63.200
46.753 35.511 63.400
46.753 35.511 66.150
46.753 35.511 66.350
46.753 35.511 69.100
46.753 35.511 69.300
46.753 35.511 72.050
46.753 35.511 72.250
46.753 35.511 73.650
46.753 35.511 75.000
46.753 35.511 75.200
46.753 35.511 77.950
46.753 35.511 78.150
46.753 35.511 80.900
46.753 35.511 81.100
46.753 35.511 83.850
46.753 35.511 84.050
46.753 35.511 86.800
46.753 35.511 87.000
46.753 35.511 89.750
46.753 35.511 89.950
46.753 35.511 92.950
46.753 35.511 93.150
46.753 35.511 96.250
46.753 35.511 96.450
46.753 35.511 99.550
46.753 35.511 99.750
46.753 35.511 103.250
46.753 35.511 103.450
46.778 35.429 9.700
46.778 35.429 12.450
46.778 35.429 12.650
46.778 35.429 15.400
46.778 35.429 15.600
46.778 35.429 18.700
46.778 35.429 18.900
46.780 13.022 0.000
46.780 13.022 6.400
46.787 35.521 92.950
46.787 35.521 93.150
46.787 35.521 94.150
46.787 35.521 96.250
46.787 35.521 96.450
46.787 35.521 97.450
46.787 35.521 99.550
46.787 35.521 99.750
46.787 35.521 100.750
46.796 34.671 108.250
46.796 34.671 109.150
46.796 35.367 18.900
46.796 35.367 21.650
46.796 35.367 21.850
46.796 35.367 24.650
46.796 35.367 24.850
46.796 35.367 27.600
46.796 35.367 27.800
46.796 35.367 30.550
46.796 35.367 30.750
46.796 35.367 33.500
46.796 35.367 33.700
46.796 35.367 36.450
46.796 35.367 36.650
46.796 35.367 39.400
46.796 35.367 39.600
46.796 35.367 42.350
46.796 35.367 42.550
46.796 35.367 45.300
46.796 35.367 45.500
46.796 35.367 48.250
46.796 35.367 48.450
46.796 35.367 51.200
46.796 35.367 51.400
46.796 35.367 54.150
46.796 35.367 54.350
46.796 35.367 57.300
46.796 35.367 57.500
46.796 35.367 60.250
46.796 35.367 60.450
46.796 35.367 63.200
46.796 35.367 63.400
46.796 35.367 66.150
46.796 35.367 66.350
46.796 35.367 69.100
46.796 35.367 69.300
46.796 35.367 72.050
46.796 35.367 72.250
46.796 35.367 73.650
46.796 35.367 75.000
46.796 35.367 75.200
46.796 35.367 77.950
46.796 35.367 78.150
46.796 35.367 80.900
46.796 35.367 81.100
46.796 35.367 83.850
46.796 35.367 84.050
46.796 35.367 86.800
46.796 35.367 87.000
46.796 35.367 89.750
46.796 35.367 89.950
46.796 35.367 92.950
46.796 35.367 93.150
46.796 35.367 96.250
46.796 35.367 96.450
46.796 35.367 99.550
46.796 35.367 99.750
46.796 35.367 103.250
46.796 35.367 103.450
46.811 35.439 9.500
46.811 35.439 9.700
46.811 35.439 10.700
46.811 35.439 12.450
46.811 35.439 12.650
46.811 35.439 13.650
46.811 35.439 15.400
46.811 35.439 15.600
46.811 35.439 16.600
46.811 35.439 18.700
46.811 35.439 18.900
46.811 35.439 19.900
46.811 35.439 21.650
46.811 35.439 21.850
46.811 35.439 22.850
46.811 35.439 24.650
46.811 35.439 24.850
46.811 35.439 25.850
46.811 35.439 27.600
46.811 35.439 27.800
46.811 35.439 28.800
46.811 35.439 30.550
46.811 35.439 30.750
46.811 35.439 31.750
46.811 35.439 33.500
46.811 35.439 33.700
46.811 35.439 34.700
46.811 35.439 36.450
46.811 35.439 36.650
46.811 35.439 37.650
46.811 35.439 39.400
46.811 35.439 39.600
46.811 35.439 40.600
46.811 35.439 42.350
46.811 35.439 42.550
46.811 35.439 43.550
46.811 35.439 45.300
46.811 35.439 45.500
46.811 35.439 46.500
46.811 35.439 48.250
46.811 35.439 48.450
46.811 35.439 49.450
46.811 35.439 51.200
46.811 35.439 51.400
46.811 35.439 52.400
46.811 35.439 54.150
46.811 35.439 54.350
46.811 35.439 55.350
46.811 35.439 57.300
46.811 35.439 57.500
46.811 35.439 58.500
46.811 35.439 60.250
46.811 35.439 60.450
46.811 35.439 61.450
46.811 35.439 63.200
46.811 35.439 63.400
46.811 35.439 64.400
46.811 35.439 66.150
46.811 35.439 66.350
46.811 35.439 67.350
46.811 35.439 69.100
46.811 35.439 69.300
46.811 35.439 70.300
46.811 35.439 72.050
46.811 35.439 72.250
46.811 35.439 73.250
46.811 35.439 75.000
46.811 35.439 75.200
46.811 35.439 76.200
46.811 35.439 77.950
46.811 35.439 78.150
46.811 35.439 79.150
46.811 35.439 80.900
46.811 35.439 81.100
46.811 35.439 82.100
46.811 35.439 83.850
46.811 35.439 84.050
46.811 35.439 85.050
46.811 35.439 86.800
46.811 35.439 87.000
46.811 35.439 88.000
46.811 35.439 89.750
46.811 35.439 89.950
46.811 35.439 90.950
46.821 35.286 9.700
46.821 35.286 12.450
46.821 35.286 12.650
46.821 35.286 15.400
46.821 35.286 15.600
46.821 35.286 18.700
46.821 35.286 18.900
46.825 35.741 9.700
46.825 35.741 10.700
46.825 35.741 12.650
46.825 35.741 13.650
46.825 35.741 15.600
46.825 35.741 16.600
46.825 35.741 18.900
46.825 35.741 19.900
46.825 35.741 21.850
46.825 35.741 22.850
46.825 35.741 24.850
46.825 35.741 25.850
46.825 35.741 27.800
46.825 35.741 28.800
46.825 35.741 30.750
46.825 35.741 31.750
46.825 35.741 33.700
46.825 35.741 34.700
46.825 35.741 36.650
46.825 35.741 37.650
46.825 35.741 39.600
46.825 35.741 40.600
46.825 35.741 42.550
46.825 35.741 43.550
46.825 35.741 45.500
46.825 35.741 46.500
46.825 35.741 48.450
46.825 35.741 49.450
46.825 35.741 51.400
46.825 35.741 52.400
46.825 35.741 54.350
46.825 35.741 55.350
46.825 35.741 57.500
46.825 35.741 58.500
46.825 35.741 60.450
46.825 35.741 61.450
46.825 35.741 63.400
46.825 35.741 64.400
46.825 35.741 66.350
46.825 35.741 67.350
46.825 35.741 69.300
46.825 35.741 70.300
46.825 35.741 72.250
46.825 35.741 73.250
46.825 35.741 75.200
46.825 35.741 76.200
46.825 35.741 78.150
46.825 35.741 79.150
46.825 35.741 81.100
46.825 35.741 82.100
46.825 35.741 84.050
46.825 35.741 85.050
46.825 35.741 87.000
46.825 35.741 88.000
46.825 35.741 89.950
46.825 35.741 90.950
46.825 35.741 93.150
46.825 35.741 94.150
46.825 35.741 96.450
46.825 35.741 97.450
46.825 35.741 99.750
46.825 35.741 100.750
46.883 35.549 93.150
46.883 35.549 94.150
46.883 35.549 96.450
46.883 35.549 97.450
46.883 35.549 99.750
46.883 35.549 100.750
46.897 35.554 18.900
46.897 35.554 21.850
46.897 35.554 72.250
46.897 35.554 92.950
46.897 35.554 93.150
46.897 35.554 96.250
46.897 35.554 96.450
46.897 35.554 99.550
46.897 35.554 99.750
46.897 35.554 103.450
46.897 35.554 104.450
46.907 35.468 9.700
46.907 35.468 10.700
46.907 35.468 12.650
46.907 35.468 13.650
46.907 35.468 15.600
46.907 35.468 16.600
46.907 35.468 18.900
46.907 35.468 19.900
46.907 35.468 21.850
46.907 35.468 22.850
46.907 35.468 24.850
46.907 35.468 25.850
46.907 35.468 27.800
46.907 35.468 28.800
46.907 35.468 30.750
46.907 35.468 31.750
46.907 35.468 33.700
46.907 35.468 34.700
46.907 35.468 36.650
46.907 35.468 37.650
46.907 35.468 39.600
46.907 35.468 40.600
46.907 35.468 42.550
46.907 35.468 43.550
46.907 35.468 45.500
46.907 35.468 46.500
46.907 35.468 48.450
46.907 35.468 49.450
46.907 35.468 51.400
46.907 35.468 52.400
46.907 35.468 54.350
46.907 35.468 55.350
46.907 35.468 57.500
46.907 35.468 58.500
46.907 35.468 60.450
46.907 35.468 61.450
46.907 35.468 63.400
46.907 35.468 64.400
46.907 35.468 66.350
46.907 35.468 67.350
46.907 35.468 69.300
46.907 35.468 70.300
46.907 35.468 72.250
46.907 35.468 73.250
46.907 35.468 75.200
46.907 35.468 76.200
46.907 35.468 78.150
46.907 35.468 79.150
46.907 35.468 81.100
46.907 35.468 82.100
46.907 35.468 84.050
46.907 35.468 85.050
46.907 35.468 87.000
46.907 35.468 88.000
46.907 35.468 89.950
46.907 35.468 90.950
46.921 35.472 9.500
46.921 35.472 9.700
46.921 35.472 12.450
46.921 35.472 12.650
46.921 35.472 15.400
46.921 35.472 15.600
46.921 35.472 18.700
46.921 35.472 18.900
46.921 35.472 21.650
46.921 35.472 21.850
46.921 35.472 24.650
46.921 35.472 24.850
46.921 35.472 27.600
46.921 35.472 27.800
46.921 35.472 30.550
46.921 35.472 30.750
46.921 35.472 33.500
46.921 35.472 33.700
46.921 35.472 36.450
46.921 35.472 36.650
46.921 35.472 39.400
46.921 35.472 39.600
46.921 35.472 42.350
46.921 35.472 42.550
46.921 35.472 45.300
46.921 35.472 45.500
46.921 35.472 48.250
46.921 35.472 48.450
46.921 35.472 51.200
46.921 35.472 51.400
46.921 35.472 54.150
46.921 35.472 54.350
46.921 35.472 57.300
46.921 35.472 57.500
46.921 35.472 60.250
46.921 35.472 60.450
46.921 35.472 63.200
46.921 35.472 63.400
46.921 35.472 66.150
46.921 35.472 66.350
46.921 35.472 69.100
46.921 35.472 69.300
46.921 35.472 72.050
46.921 35.472 72.250
46.921 35.472 75.000
46.921 35.472 75.200
46.921 35.472 77.950
46.921 35.472 78.150
46.921 35.472 80.900
46.921 35.472 81.100
46.921 35.472 83.850
46.921 35.472 84.050
46.921 35.472 86.800
46.921 35.472 87.000
46.921 35.472 89.750
46.921 35.472 89.950
46.940 35.410 18.900
46.940 35.410 21.650
46.940 35.410 21.850
46.940 35.410 24.650
46.940 35.410 24.850
46.940 35.410 27.600
46.940 35.410 27.800
46.940 35.410 30.550
46.940 35.410 30.750
46.940 35.410 33.500
46.940 35.410 33.700
46.940 35.410 36.450
46.940 35.410 36.650
46.940 35.410 39.400
46.940 35.410 39.600
46.940 35.410 42.350
46.940 35.410 42.550
46.940 35.410 45.300
46.940 35.410 45.500
46.940 35.410 48.250
46.940 35.410 48.450
46.940 35.410 51.200
46.940 35.410 51.400
46.940 35.410 54.150
46.940 35.410 54.350
46.940 35.410 57.300
46.940 35.410 57.500
46.940 35.410 60.250
46.940 35.410 60.450
46.940 35.410 63.200
46.940 35.410 63.400
46.940 35.410 66.150
46.940 35.410 66.350
46.940 35.410 69.100
46.940 35.410 69.300
46.940 35.410 72.050
46.940 35.410 72.250
46.940 35.410 73.650
46.940 35.410 75.000
46.940 35.410 75.200
46.940 35.410 77.950
46.940 35.410 78.150
46.940 35.410 80.900
46.940 35.410 81.100
46.940 35.410 83.850
46.940 35.410 84.050
46.940 35.410 86.800
46.940 35.410 87.000
46.940 35.410 89.750
46.940 35.410 89.950
46.940 35.410 92.950
46.940 35.410 93.150
46.940 35.410 96.250
46.940 35.410 96.450
46.940 35.410 99.550
46.940 35.410 99.750
46.940 35.410 103.250
46.940 35.410 103.450
46.952 35.372 6.400
46.952 35.372 9.500
46.952 35.372 9.700
46.964 35.329 9.700
46.964 35.329 12.450
46.964 35.329 12.650
46.964 35.329 15.400
46.964 35.329 15.600
46.964 35.329 18.700
46.964 35.329 18.900
47.019 35.496 6.400
47.019 35.496 9.500
47.019 35.496 9.700
47.046 34.013 103.450
47.046 34.013 104.450
47.062 35.353 5.400
47.062 35.353 6.400
47.062 35.353 7.400
47.090 35.257 6.400
47.090 35.257 7.400
47.110 35.452 0.000
47.110 35.452 6.400
47.149 12.801 108.250
47.149 12.801 109.150
47.208 11.247 0.000
47.208 11.247 6.400
47.247 34.386 6.400
47.247 34.386 9.500
47.247 34.386 9.700
47.247 34.386 12.450
47.247 34.386 12.650
47.247 34.386 15.400
47.247 34.386 15.600
47.247 34.386 18.700
47.247 34.386 18.900
47.247 34.386 21.650
47.247 34.386 21.850
47.247 34.386 24.650
47.247 34.386 24.850
47.247 34.386 27.600
47.247 34.386 27.800
47.247 34.386 30.550
47.247 34.386 30.750
47.247 34.386 33.500
47.247 34.386 33.700
47.247 34.386 36.450
47.247 34.386 36.650
47.247 34.386 39.400
47.247 34.386 39.600
47.247 34.386 42.350
47.247 34.386 42.550
47.247 34.386 45.300
47.247 34.386 45.500
47.247 34.386 48.250
47.247 34.386 48.450
47.247 34.386 51.200
47.247 34.386 51.400
47.247 34.386 54.150
47.247 34.386 54.350
47.247 34.386 57.300
47.247 34.386 57.500
47.247 34.386 60.250
47.247 34.386 60.450
47.247 34.386 63.200
47.247 34.386 63.400
47.247 34.386 66.150
47.247 34.386 66.350
47.247 34.386 69.100
47.247 34.386 69.300
47.247 34.386 72.050
47.247 34.386 72.250
47.247 34.386 73.650
47.247 34.386 75.000
47.247 34.386 75.200
47.247 34.386 77.950
47.247 34.386 78.150
47.247 34.386 80.900
47.247 34.386 81.100
47.247 34.386 83.850
47.247 34.386 84.050
47.247 34.386 86.800
47.247 34.386 87.000
47.247 34.386 89.750
47.247 34.386 89.950
47.247 34.386 92.950
47.247 34.386 93.150
47.247 34.386 96.250
47.247 34.386 96.450
47.247 34.386 99.550
47.247 34.386 99.750
47.247 34.386 103.250
47.247 34.386 103.450
47.247 34.386 104.450
47.311 34.781 0.000
47.311 34.781 6.400
47.332 11.180 0.000
47.332 11.180 6.400
47.343 34.415 5.400
47.343 34.415 6.400
47.343 34.415 9.500
47.343 34.415 9.700
47.371 34.843 108.250
47.371 34.843 109.150
47.485 32.372 108.250
47.485 32.372 109.150
47.873 11.315 5.200
47.873 11.315 18.900
47.873 11.315 20.400
47.873 11.315 21.650
47.873 11.315 21.850
47.873 11.315 24.650
47.873 11.315 24.850
47.873 11.315 27.600
47.873 11.315 27.800
47.873 11.315 30.550
47.873 11.315 30.750
47.873 11.315 33.500
47.873 11.315 33.700
47.873 11.315 36.450
47.873 11.315 36.650
47.873 11.315 39.400
47.873 11.315 39.600
47.873 11.315 42.350
47.873 11.315 42.550
47.873 11.315 45.300
47.873 11.315 45.500
47.873 11.315 48.250
47.873 11.315 48.450
47.873 11.315 51.200
47.873 11.315 51.400
47.873 11.315 54.150
47.873 11.315 54.350
47.873 11.315 57.300
47.873 11.315 57.500
47.873 11.315 60.250
47.873 11.315 60.450
47.873 11.315 63.200
47.873 11.315 63.400
47.873 11.315 66.150
47.873 11.315 66.350
47.873 11.315 69.100
47.873 11.315 69.300
47.873 11.315 72.050
47.873 11.315 72.250
47.873 11.315 73.650
47.873 11.315 75.000
47.873 11.315 75.200
47.873 11.315 77.950
47.873 11.315 78.150
47.873 11.315 80.900
47.873 11.315 81.100
47.873 11.315 83.850
47.873 11.315 84.050
47.873 11.315 86.800
47.873 11.315 87.000
47.873 11.315 89.750
47.873 11.315 89.950
47.873 11.315 92.950
47.873 11.315 93.150
47.873 11.315 96.250
47.873 11.315 96.450
47.873 11.315 99.550
47.873 11.315 99.750
47.873 11.315 103.250
47.873 11.315 103.450
47.892 11.254 5.200
47.892 11.254 18.900
47.892 11.254 20.400
47.892 11.254 21.650
47.892 11.254 21.850
47.892 11.254 24.650
47.892 11.254 24.850
47.892 11.254 27.600
47.892 11.254 27.800
47.892 11.254 30.550
47.892 11.254 30.750
47.892 11.254 33.500
47.892 11.254 33.700
47.892 11.254 36.450
47.892 11.254 36.650
47.892 11.254 39.400
47.892 11.254 39.600
47.892 11.254 42.350
47.892 11.254 42.550
47.892 11.254 45.300
47.892 11.254 45.500
47.892 11.254 48.250
47.892 11.254 48.450
47.892 11.254 51.200
47.892 11.254 51.400
47.892 11.254 54.150
47.892 11.254 54.350
47.892 11.254 57.300
47.892 11.254 57.500
47.892 11.254 60.250
47.892 11.254 60.450
47.892 11.254 63.200
47.892 11.254 63.400
47.892 11.254 66.150
47.892 11.254 66.350
47.892 11.254 69.100
47.892 11.254 69.300
47.892 11.254 72.050
47.892 11.254 72.250
47.892 11.254 73.650
47.892 11.254 75.000
47.892 11.254 75.200
47.892 11.254 77.950
47.892 11.254 78.150
47.892 11.254 80.900
47.892 11.254 81.100
47.892 11.254 83.850
47.892 11.254 84.050
47.892 11.254 86.800
47.892 11.254 87.000
47.892 11.254 89.750
47.892 11.254 89.950
47.892 11.254 92.950
47.892 11.254 93.150
47.892 11.254 96.250
47.892 11.254 96.450
47.892 11.254 99.550
47.892 11.254 99.750
47.892 11.254 103.250
47.892 11.254 103.450
48.060 32.544 108.250
48.060 32.544 109.150
48.075 32.703 103.450
48.075 32.703 105.950
48.075 32.703 108.450
48.104 32.607 103.450
48.104 32.607 105.950
48.104 32.607 108.450
48.762 27.834 108.450
48.762 27.834 111.510
48.848 27.546 108.250
48.848 27.546 109.150
49.020 26.972 108.250
49.020 26.972 109.150
49.409 12.484 0.000
49.409 12.484 6.400
49.409 12.519 0.000
49.409 12.519 6.400
49.412 12.449 0.000
49.412 12.449 6.400
49.413 12.554 0.000
49.413 12.554 6.400
49.417 12.415 0.000
49.417 12.415 6.400
49.420 12.588 0.000
49.420 12.588 6.400
49.426 12.381 0.000
49.426 12.381 6.400
49.429 12.622 0.000
49.429 12.622 6.400
49.437 12.348 0.000
49.437 12.348 6.400
49.441 12.654 0.000
49.441 12.654 6.400
49.451 12.316 0.000
49.451 12.316 6.400
49.457 12.686 0.000
49.457 12.686 6.400
49.468 12.286 0.000
49.468 12.286 6.400
49.475 12.716 0.000
49.475 12.716 6.400
49.488 12.257 0.000
49.488 12.257 6.400
49.495 12.744 0.000
49.495 12.744 6.400
49.510 12.230 0.000
49.510 12.230 6.400
49.518 12.770 0.000
49.518 12.770 6.400
49.534 12.205 0.000
49.534 12.205 6.400
49.543 12.795 0.000
49.543 12.795 6.400
49.561 12.182 0.000
49.561 12.182 6.400
49.570 12.817 0.000
49.570 12.817 6.400
49.589 12.162 0.000
49.589 12.162 6.400
49.599 12.836 0.000
49.599 12.836 6.400
49.619 12.144 0.000
49.619 12.144 6.400
49.629 12.853 0.000
49.629 12.853 6.400
49.651 12.129 0.000
49.651 12.129 6.400
49.661 12.868 0.000
49.661 12.868 6.400
49.683 12.116 0.000
49.683 12.116 6.400
49.694 12.879 0.000
49.694 12.879 6.400
49.715 12.023 6.400
49.715 12.023 9.500
49.715 12.023 9.700
49.715 12.023 12.450
49.715 12.023 12.650
49.715 12.023 15.400
49.715 12.023 15.600
49.715 12.023 18.700
49.715 12.023 18.900
49.717 12.107 0.000
49.717 12.107 6.400
49.728 12.888 0.000
49.728 12.888 6.400
49.729 14.006 5.400
49.729 14.006 6.400
49.729 14.006 9.500
49.729 14.006 9.700
49.729 14.006 12.450
49.729 14.006 12.650
49.729 14.006 15.400
49.729 14.006 15.600
49.729 14.006 18.700
49.729 14.006 18.900
49.751 12.100 0.000
49.751 12.100 6.400
49.758 11.879 6.400
49.758 11.879 9.500
49.758 11.879 9.700
49.758 11.879 12.450
49.758 11.879 12.650
49.758 11.879 15.400
49.758 11.879 15.600
49.758 11.879 18.700
49.758 11.879 18.900
49.762 12.893 0.000
49.762 12.893 6.400
49.786 12.097 0.000
49.786 12.097 6.400
49.797 12.896 0.000
49.797 12.896 6.400
49.821 12.096 0.000
49.821 12.096 6.400
49.832 12.895 0.000
49.832 12.895 6.400
49.855 12.099 0.000
49.855 12.099 6.400
49.867 12.892 0.000
49.867 12.892 6.400
49.890 12.104 0.000
49.890 12.104 6.400
49.901 12.885 0.000
49.901 12.885 6.400
49.924 12.113 0.000
49.924 12.113 6.400
49.935 12.876 0.000
49.935 12.876 6.400
49.957 12.124 0.000
49.957 12.124 6.400
49.967 12.863 0.000
49.967 12.863 6.400
49.988 12.139 0.000
49.988 12.139 6.400
49.999 12.848 0.000
49.999 12.848 6.400
50.019 12.156 0.000
50.019 12.156 6.400
50.029 12.830 0.000
50.029 12.830 6.400
50.048 12.175 0.000
50.048 12.175 6.400
50.057 12.810 0.000
50.057 12.810 6.400
50.075 12.197 0.000
50.075 12.197 6.400
50.083 12.787 0.000
50.083 12.787 6.400
50.100 12.222 0.000
50.100 12.222 6.400
50.108 12.762 0.000
50.108 12.762 6.400
50.123 12.248 0.000
50.123 12.248 6.400
50.129 12.147 6.400
50.129 12.147 9.500
50.129 12.147 9.700
50.129 12.147 12.450
50.129 12.147 12.650
50.129 12.147 15.400
50.129 12.147 15.600
50.129 12.147 18.700
50.129 12.147 18.900
50.130 12.735 0.000
50.130 12.735 6.400
50.143 12.276 0.000
50.143 12.276 6.400
50.149 12.706 0.000
50.149 12.706 6.400
50.161 12.306 0.000
50.161 12.306 6.400
50.166 12.676 0.000
50.166 12.676 6.400
50.172 12.004 6.400
50.172 12.004 9.500
50.172 12.004 9.700
50.172 12.004 12.450
50.172 12.004 12.650
50.172 12.004 15.400
50.172 12.004 15.600
50.172 12.004 18.700
50.172 12.004 18.900
50.176 12.338 0.000
50.176 12.338 6.400
50.181 12.644 0.000
50.181 12.644 6.400
50.189 12.370 0.000
50.189 12.370 6.400
50.192 12.611 0.000
50.192 12.611 6.400
50.198 12.404 0.000
50.198 12.404 6.400
50.201 12.577 0.000
50.201 12.577 6.400
50.205 12.438 0.000
50.205 12.438 6.400
50.206 12.543 0.000
50.206 12.543 6.400
50.208 12.473 0.000
50.208 12.473 6.400
50.209 12.508 0.000
50.209 12.508 6.400
50.223 12.357 6.400
50.223 12.357 7.400
50.223 12.357 9.700
50.223 12.357 10.700
50.223 12.357 12.650
50.223 12.357 13.650
50.223 12.357 15.600
50.223 12.357 16.600
50.252 12.261 5.400
50.252 12.261 6.400
50.252 12.261 7.400
50.252 12.261 9.500
50.252 12.261 9.700
50.252 12.261 10.700
50.252 12.261 12.450
50.252 12.261 12.650
50.252 12.261 13.650
50.252 12.261 15.400
50.252 12.261 15.600
50.252 12.261 16.600
50.273 12.190 6.400
50.273 12.190 9.500
50.273 12.190 9.700
50.273 12.190 12.450
50.273 12.190 12.650
50.273 12.190 15.400
50.273 12.190 15.600
50.273 12.190 18.700
50.273 12.190 18.900
50.316 12.047 5.400
50.316 12.047 6.400
50.316 12.047 9.700
50.316 12.047 18.900
50.695 36.901 9.700
50.695 36.901 10.700
50.695 36.901 12.650
50.695 36.901 13.650
50.695 36.901 15.600
50.695 36.901 16.600
50.695 36.901 18.900
50.695 36.901 19.900
50.695 36.901 21.850
50.695 36.901 22.850
50.695 36.901 24.850
50.695 36.901 25.850
50.695 36.901 27.800
50.695 36.901 28.800
50.695 36.901 30.750
50.695 36.901 31.750
50.695 36.901 33.700
50.695 36.901 34.700
50.695 36.901 36.650
50.695 36.901 37.650
50.695 36.901 39.600
50.695 36.901 40.600
50.695 36.901 42.550
50.695 36.901 43.550
50.695 36.901 45.500
50.695 36.901 46.500
50.695 36.901 48.450
50.695 36.901 49.450
50.695 36.901 51.400
50.695 36.901 52.400
50.695 36.901 54.350
50.695 36.901 55.350
50.695 36.901 57.500
50.695 36.901 58.500
50.695 36.901 60.450
50.695 36.901 61.450
50.695 36.901 63.400
50.695 36.901 64.400
50.695 36.901 66.350
50.695 36.901 67.350
50.695 36.901 69.300
50.695 36.901 70.300
50.695 36.901 72.250
50.695 36.901 73.250
50.695 36.901 75.200
50.695 36.901 76.200
50.695 36.901 78.150
50.695 36.901 79.150
50.695 36.901 81.100
50.695 36.901 82.100
50.695 36.901 84.050
50.695 36.901 85.050
50.695 36.901 87.000
50.695 36.901 88.000
50.695 36.901 89.950
50.695 36.901 90.950
50.762 37.025 9.500
50.762 37.025 9.700
50.762 37.025 10.700
50.762 37.025 12.450
50.762 37.025 12.650
50.762 37.025 13.650
50.762 37.025 15.400
50.762 37.025 15.600
50.762 37.025 16.600
50.762 37.025 18.700
50.762 37.025 18.900
50.762 37.025 19.900
50.762 37.025 21.650
50.762 37.025 21.850
50.762 37.025 22.850
50.762 37.025 24.650
50.762 37.025 24.850
50.762 37.025 25.850
50.762 37.025 27.600
50.762 37.025 27.800
50.762 37.025 28.800
50.762 37.025 30.550
50.762 37.025 30.750
50.762 37.025 31.750
50.762 37.025 33.500
50.762 37.025 33.700
50.762 37.025 34.700
50.762 37.025 36.450
50.762 37.025 36.650
50.762 37.025 37.650
50.762 37.025 39.400
50.762 37.025 39.600
50.762 37.025 40.600
50.762 37.025 42.350
50.762 37.025 42.550
50.762 37.025 43.550
50.762 37.025 45.300
50.762 37.025 45.500
50.762 37.025 46.500
50.762 37.025 48.250
50.762 37.025 48.450
50.762 37.025 49.450
50.762 37.025 51.200
50.762 37.025 51.400
50.762 37.025 52.400
50.762 37.025 54.150
50.762 37.025 54.350
50.762 37.025 55.350
50.762 37.025 57.300
50.762 37.025 57.500
50.762 37.025 58.500
50.762 37.025 60.250
50.762 37.025 60.450
50.762 37.025 61.450
50.762 37.025 63.200
50.762 37.025 63.400
50.762 37.025 64.400
50.762 37.025 66.150
50.762 37.025 66.350
50.762 37.025 67.350
50.762 37.025 69.100
50.762 37.025 69.300
50.762 37.025 70.300
50.762 37.025 72.050
50.762 37.025 72.250
50.762 37.025 73.250
50.762 37.025 75.000
50.762 37.025 75.200
50.762 37.025 76.200
50.762 37.025 77.950
50.762 37.025 78.150
50.762 37.025 79.150
50.762 37.025 80.900
50.762 37.025 81.100
50.762 37.025 82.100
50.762 37.025 83.850
50.762 37.025 84.050
50.762 37.025 85.050
50.762 37.025 86.800
50.762 37.025 87.000
50.762 37.025 88.000
50.762 37.025 89.750
50.762 37.025 89.950
50.762 37.025 90.950
50.932 20.592 108.450
50.932 20.592 111.510
51.008 20.615 108.250
51.008 20.615 109.150
51.103 35.541 9.700
51.103 35.541 10.700
51.103 35.541 12.650
51.103 35.541 13.650
51.103 35.541 15.600
51.103 35.541 16.600
51.103 35.541 18.900
51.103 35.541 19.900
51.103 35.541 21.850
51.103 35.541 22.850
51.103 35.541 24.850
51.103 35.541 25.850
51.103 35.541 27.800
51.103 35.541 28.800
51.103 35.541 30.750
51.103 35.541 31.750
51.103 35.541 33.700
51.103 35.541 34.700
51.103 35.541 36.650
51.103 35.541 37.650
51.103 35.541 39.600
51.103 35.541 40.600
51.103 35.541 42.550
51.103 35.541 43.550
51.103 35.541 45.500
51.103 35.541 46.500
51.103 35.541 48.450
51.103 35.541 49.450
51.103 35.541 51.400
51.103 35.541 52.400
51.103 35.541 54.350
51.103 35.541 55.350
51.103 35.541 57.500
51.103 35.541 58.500
51.103 35.541 60.450
51.103 35.541 61.450
51.103 35.541 63.400
51.103 35.541 64.400
51.103 35.541 66.350
51.103 35.541 67.350
51.103 35.541 69.300
51.103 35.541 70.300
51.103 35.541 72.250
51.103 35.541 73.250
51.103 35.541 75.200
51.103 35.541 76.200
51.103 35.541 78.150
51.103 35.541 79.150
51.103 35.541 81.100
51.103 35.541 82.100
51.103 35.541 84.050
51.103 35.541 85.050
51.103 35.541 87.000
51.103 35.541 88.000
51.103 35.541 89.950
51.103 35.541 90.950
51.133 35.550 6.400
51.133 35.550 9.500
51.133 35.550 9.700
51.133 35.550 12.450
51.133 35.550 12.650
51.133 35.550 15.400
51.133 35.550 15.600
51.133 35.550 18.700
51.133 35.550 18.900
51.133 35.550 21.650
51.133 35.550 21.850
51.133 35.550 24.650
51.133 35.550 24.850
51.133 35.550 27.600
51.133 35.550 27.800
51.133 35.550 30.550
51.133 35.550 30.750
51.133 35.550 33.500
51.133 35.550 33.700
51.133 35.550 36.450
51.133 35.550 36.650
51.133 35.550 39.400
51.133 35.550 39.600
51.133 35.550 42.350
51.133 35.550 42.550
51.133 35.550 45.300
51.133 35.550 45.500
51.133 35.550 48.250
51.133 35.550 48.450
51.133 35.550 51.200
51.133 35.550 51.400
51.133 35.550 54.150
51.133 35.550 54.350
51.133 35.550 57.300
51.133 35.550 57.500
51.133 35.550 60.250
51.133 35.550 60.450
51.133 35.550 63.200
51.133 35.550 63.400
51.133 35.550 66.150
51.133 35.550 66.350
51.133 35.550 69.100
51.133 35.550 69.300
51.133 35.550 72.050
51.133 35.550 72.250
51.133 35.550 73.650
51.133 35.550 75.000
51.133 35.550 75.200
51.133 35.550 77.950
51.133 35.550 78.150
51.133 35.550 80.900
51.133 35.550 81.100
51.133 35.550 83.850
51.133 35.550 84.050
51.133 35.550 86.800
51.133 35.550 87.000
51.133 35.550 89.750
51.133 35.550 89.950
51.133 35.550 92.950
51.133 35.550 93.150
51.133 35.550 96.250
51.133 35.550 96.450
51.133 35.550 99.550
51.133 35.550 99.750
51.133 35.550 103.250
51.133 35.550 103.450
51.152 35.932 0.000
51.152 35.932 6.400
51.161 35.455 6.400
51.161 35.455 9.500
51.161 35.455 9.700
51.161 35.455 12.450
51.161 35.455 12.650
51.161 35.455 15.400
51.161 35.455 15.600
51.161 35.455 18.700
51.161 35.455 18.900
51.161 35.455 21.650
51.161 35.455 21.850
51.161 35.455 24.650
51.161 35.455 24.850
51.161 35.455 27.600
51.161 35.455 27.800
51.161 35.455 30.550
51.161 35.455 30.750
51.161 35.455 33.500
51.161 35.455 33.700
51.161 35.455 36.450
51.161 35.455 36.650
51.161 35.455 39.400
51.161 35.455 39.600
51.161 35.455 42.350
51.161 35.455 42.550
51.161 35.455 45.300
51.161 35.455 45.500
51.161 35.455 48.250
51.161 35.455 48.450
51.161 35.455 51.200
51.161 35.455 51.400
51.161 35.455 54.150
51.161 35.455 54.350
51.161 35.455 57.300
51.161 35.455 57.500
51.161 35.455 60.250
51.161 35.455 60.450
51.161 35.455 63.200
51.161 35.455 63.400
51.161 35.455 66.150
51.161 35.455 66.350
51.161 35.455 69.100
51.161 35.455 69.300
51.161 35.455 72.050
51.161 35.455 72.250
51.161 35.455 73.650
51.161 35.455 75.000
51.161 35.455 75.200
51.161 35.455 77.950
51.161 35.455 78.150
51.161 35.455 80.900
51.161 35.455 81.100
51.161 35.455 83.850
51.161 35.455 84.050
51.161 35.455 86.800
51.161 35.455 87.000
51.161 35.455 89.750
51.161 35.455 89.950
51.161 35.455 92.950
51.161 35.455 93.150
51.161 35.455 96.250
51.161 35.455 96.450
51.161 35.455 99.550
51.161 35.455 99.750
51.161 35.455 103.250
51.161 35.455 103.450
51.198 35.570 9.500
51.198 35.570 9.700
51.198 35.570 10.700
51.198 35.570 12.450
51.198 35.570 12.650
51.198 35.570 13.650
51.198 35.570 15.400
51.198 35.570 15.600
51.198 35.570 16.600
51.198 35.570 18.700
51.198 35.570 18.900
51.198 35.570 19.900
51.198 35.570 21.650
51.198 35.570 21.850
51.198 35.570 22.850
51.198 35.570 24.650
51.198 35.570 24.850
51.198 35.570 25.850
51.198 35.570 27.600
51.198 35.570 27.800
51.198 35.570 28.800
51.198 35.570 30.550
51.198 35.570 30.750
51.198 35.570 31.750
51.198 35.570 33.500
51.198 35.570 33.700
51.198 35.570 34.700
51.198 35.570 36.450
51.198 35.570 36.650
51.198 35.570 37.650
51.198 35.570 39.400
51.198 35.570 39.600
51.198 35.570 40.600
51.198 35.570 42.350
51.198 35.570 42.550
51.198 35.570 43.550
51.198 35.570 45.300
51.198 35.570 45.500
51.198 35.570 46.500
51.198 35.570 48.250
51.198 35.570 48.450
51.198 35.570 49.450
51.198 35.570 51.200
51.198 35.570 51.400
51.198 35.570 52.400
51.198 35.570 54.150
51.198 35.570 54.350
51.198 35.570 55.350
51.198 35.570 57.300
51.198 35.570 57.500
51.198 35.570 58.500
51.198 35.570 60.250
51.198 35.570 60.450
51.198 35.570 61.450
51.198 35.570 63.200
51.198 35.570 63.400
51.198 35.570 64.400
51.198 35.570 66.150
51.198 35.570 66.350
51.198 35.570 67.350
51.198 35.570 69.100
51.198 35.570 69.300
51.198 35.570 70.300
51.198 35.570 72.050
51.198 35.570 72.250
51.198 35.570 73.250
51.198 35.570 75.000
51.198 35.570 75.200
51.198 35.570 76.200
51.198 35.570 77.950
51.198 35.570 78.150
51.198 35.570 79.150
51.198 35.570 80.900
51.198 35.570 81.100
51.198 35.570 82.100
51.198 35.570 83.850
51.198 35.570 84.050
51.198 35.570 85.050
51.198 35.570 86.800
51.198 35.570 87.000
51.198 35.570 88.000
51.198 35.570 89.750
51.198 35.570 89.950
51.198 35.570 90.950
51.227 35.683 0.000
51.227 35.683 6.400
51.523 33.736 103.450
51.523 33.736 105.950
51.523 33.736 108.450
51.552 33.641 103.450
51.552 33.641 105.950
51.552 33.641 108.450
51.570 35.682 6.400
51.570 35.682 9.500
51.570 35.682 9.700
51.570 35.682 12.450
51.570 35.682 12.650
51.570 35.682 15.400
51.570 35.682 15.600
51.570 35.682 18.700
51.570 35.682 18.900
51.570 35.682 21.650
51.570 35.682 21.850
51.570 35.682 24.650
51.570 35.682 24.850
51.570 35.682 27.600
51.570 35.682 27.800
51.570 35.682 30.550
51.570 35.682 30.750
51.570 35.682 33.500
51.570 35.682 33.700
51.570 35.682 36.450
51.570 35.682 36.650
51.570 35.682 39.400
51.570 35.682 39.600
51.570 35.682 42.350
51.570 35.682 42.550
51.570 35.682 45.300
51.570 35.682 45.500
51.570 35.682 48.250
51.570 35.682 48.450
51.570 35.682 51.200
51.570 35.682 51.400
51.570 35.682 54.150
51.570 35.682 54.350
51.570 35.682 57.300
51.570 35.682 57.500
51.570 35.682 60.250
51.570 35.682 60.450
51.570 35.682 63.200
51.570 35.682 63.400
51.570 35.682 66.150
51.570 35.682 66.350
51.570 35.682 69.100
51.570 35.682 69.300
51.570 35.682 72.050
51.570 35.682 72.250
51.570 35.682 73.650
51.570 35.682 75.000
51.570 35.682 75.200
51.570 35.682 77.950
51.570 35.682 78.150
51.570 35.682 80.900
51.570 35.682 81.100
51.570 35.682 83.850
51.570 35.682 84.050
51.570 35.682 86.800
51.570 35.682 87.000
51.570 35.682 89.750
51.570 35.682 89.950
51.570 35.682 92.950
51.570 35.682 93.150
51.570 35.682 96.250
51.570 35.682 96.450
51.570 35.682 99.550
51.570 35.682 99.750
51.570 35.682 103.250
51.570 35.682 103.450
51.583 20.788 108.250
51.583 20.788 109.150
51.599 35.586 6.400
51.599 35.586 9.500
51.599 35.586 9.700
51.599 35.586 12.450
51.599 35.586 12.650
51.599 35.586 15.400
51.599 35.586 15.600
51.599 35.586 18.700
51.599 35.586 18.900
51.599 35.586 21.650
51.599 35.586 21.850
51.599 35.586 24.650
51.599 35.586 24.850
51.599 35.586 27.600
51.599 35.586 27.800
51.599 35.586 30.550
51.599 35.586 30.750
51.599 35.586 33.500
51.599 35.586 33.700
51.599 35.586 36.450
51.599 35.586 36.650
51.599 35.586 39.400
51.599 35.586 39.600
51.599 35.586 42.350
51.599 35.586 42.550
51.599 35.586 45.300
51.599 35.586 45.500
51.599 35.586 48.250
51.599 35.586 48.450
51.599 35.586 51.200
51.599 35.586 51.400
51.599 35.586 54.150
51.599 35.586 54.350
51.599 35.586 57.300
51.599 35.586 57.500
51.599 35.586 60.250
51.599 35.586 60.450
51.599 35.586 63.200
51.599 35.586 63.400
51.599 35.586 66.150
51.599 35.586 66.350
51.599 35.586 69.100
51.599 35.586 69.300
51.599 35.586 72.050
51.599 35.586 72.250
51.599 35.586 73.650
51.599 35.586 75.000
51.599 35.586 75.200
51.599 35.586 77.950
51.599 35.586 78.150
51.599 35.586 80.900
51.599 35.586 81.100
51.599 35.586 83.850
51.599 35.586 84.050
51.599 35.586 86.800
51.599 35.586 87.000
51.599 35.586 89.750
51.599 35.586 89.950
51.599 35.586 92.950
51.599 35.586 93.150
51.599 35.586 96.250
51.599 35.586 96.450
51.599 35.586 99.550
51.599 35.586 99.750
51.599 35.586 103.250
51.599 35.586 103.450
51.978 17.380 108.250
51.978 17.380 109.150
52.150 16.805 108.250
52.150 16.805 109.150
52.443 13.181 5.200
52.443 13.181 5.400
52.443 13.181 6.400
52.443 13.181 9.500
52.443 13.181 9.700
52.443 13.181 12.450
52.443 13.181 12.650
52.443 13.181 15.400
52.443 13.181 15.600
52.443 13.181 18.900
52.443 13.181 20.400
52.443 13.181 21.650
52.443 13.181 21.850
52.443 13.181 24.650
52.443 13.181 24.850
52.443 13.181 27.600
52.443 13.181 27.800
52.443 13.181 30.550
52.443 13.181 30.750
52.443 13.181 33.500
52.443 13.181 33.700
52.443 13.181 36.450
52.443 13.181 36.650
52.443 13.181 39.400
52.443 13.181 39.600
52.443 13.181 42.350
52.443 13.181 42.550
52.443 13.181 45.300
52.443 13.181 45.500
52.443 13.181 48.250
52.443 13.181 48.450
52.443 13.181 51.200
52.443 13.181 51.400
52.443 13.181 54.150
52.443 13.181 54.350
52.443 13.181 57.300
52.443 13.181 57.500
52.443 13.181 60.250
52.443 13.181 60.450
52.443 13.181 63.200
52.443 13.181 63.400
52.443 13.181 66.150
52.443 13.181 66.350
52.443 13.181 69.100
52.443 13.181 69.300
52.443 13.181 72.050
52.443 13.181 72.250
52.443 13.181 73.650
52.487 13.035 6.400
52.487 13.035 7.400
52.487 13.035 9.700
52.487 13.035 10.700
52.487 13.035 12.650
52.487 13.035 13.650
52.487 13.035 15.600
52.487 13.035 16.600
52.515 12.940 5.400
52.515 12.940 6.400
52.515 12.940 7.400
52.515 12.940 9.500
52.515 12.940 9.700
52.515 12.940 10.700
52.515 12.940 12.450
52.515 12.940 12.650
52.515 12.940 13.650
52.515 12.940 15.400
52.515 12.940 15.600
52.515 12.940 16.600
52.553 17.552 108.250
52.553 17.552 109.150
52.598 12.664 5.200
52.598 12.664 18.900
52.598 12.664 20.400
52.598 12.664 21.650
52.598 12.664 21.850
52.598 12.664 24.650
52.598 12.664 24.850
52.598 12.664 27.600
52.598 12.664 27.800
52.598 12.664 30.550
52.598 12.664 30.750
52.598 12.664 33.500
52.598 12.664 33.700
52.598 12.664 36.450
52.598 12.664 36.650
52.598 12.664 39.400
52.598 12.664 39.600
52.598 12.664 42.350
52.598 12.664 42.550
52.598 12.664 45.300
52.598 12.664 45.500
52.598 12.664 48.250
52.598 12.664 48.450
52.598 12.664 51.200
52.598 12.664 51.400
52.598 12.664 54.150
52.598 12.664 54.350
52.598 12.664 57.300
52.598 12.664 57.500
52.598 12.664 60.250
52.598 12.664 60.450
52.598 12.664 63.200
52.598 12.664 63.400
52.598 12.664 66.150
52.598 12.664 66.350
52.598 12.664 69.100
52.598 12.664 69.300
52.598 12.664 72.050
52.598 12.664 72.250
52.598 12.664 73.650
52.707 37.503 96.450
52.707 37.503 97.450
52.707 37.503 99.750
52.707 37.503 100.750
52.720 14.903 6.400
52.720 14.903 9.700
52.720 14.903 18.900
52.720 14.903 21.650
52.720 14.903 21.850
52.720 14.903 24.650
52.720 14.903 24.850
52.720 14.903 27.600
52.720 14.903 27.800
52.720 14.903 30.550
52.720 14.903 30.750
52.720 14.903 33.500
52.720 14.903 33.700
52.720 14.903 36.450
52.720 14.903 36.650
52.720 14.903 39.400
52.720 14.903 39.600
52.720 14.903 42.350
52.720 14.903 42.550
52.720 14.903 45.300
52.720 14.903 45.500
52.720 14.903 48.250
52.720 14.903 48.450
52.720 14.903 51.200
52.720 14.903 51.400
52.720 14.903 54.150
52.720 14.903 54.350
52.720 14.903 57.300
52.720 14.903 57.500
52.720 14.903 60.250
52.720 14.903 60.450
52.720 14.903 63.200
52.720 14.903 63.400
52.720 14.903 66.150
52.720 14.903 66.350
52.720 14.903 69.100
52.720 14.903 69.300
52.720 14.903 72.050
52.720 14.903 72.250
52.725 16.977 108.250
52.725 16.977 109.150
52.773 15.232 103.450
52.773 15.232 104.450
52.774 37.628 96.250
52.774 37.628 96.450
52.774 37.628 97.450
52.774 37.628 99.550
52.774 37.628 99.750
52.774 37.628 100.750
52.839 14.506 108.250
52.839 14.506 109.150
52.886 13.526 0.000
52.886 13.526 6.400
52.887 13.561 0.000
52.887 13.561 6.400
52.889 13.491 0.000
52.889 13.491 6.400
52.890 13.596 0.000
52.890 13.596 6.400
52.894 13.457 0.000
52.894 13.457 6.400
52.897 13.630 0.000
52.897 13.630 6.400
52.903 13.423 0.000
52.903 13.423 6.400
52.906 13.664 0.000
52.906 13.664 6.400
52.914 13.390 0.000
52.914 13.390 6.400
52.919 13.696 0.000
52.919 13.696 6.400
52.929 13.358 0.000
52.929 13.358 6.400
52.934 13.728 0.000
52.934 13.728 6.400
52.946 13.328 0.000
52.946 13.328 6.400
52.952 13.758 0.000
52.952 13.758 6.400
52.965 13.299 0.000
52.965 13.299 6.400
52.972 13.786 0.000
52.972 13.786 6.400
52.987 13.272 0.000
52.987 13.272 6.400
52.995 13.812 0.000
52.995 13.812 6.400
53.008 14.989 6.400
53.008 14.989 9.700
53.008 14.989 18.700
53.008 14.989 18.900
53.008 14.989 21.650
53.008 14.989 21.850
53.008 14.989 24.650
53.008 14.989 24.850
53.008 14.989 27.600
53.008 14.989 27.800
53.008 14.989 30.550
53.008 14.989 30.750
53.008 14.989 33.500
53.008 14.989 33.700
53.008 14.989 36.450
53.008 14.989 36.650
53.008 14.989 39.400
53.008 14.989 39.600
53.008 14.989 42.350
53.008 14.989 42.550
53.008 14.989 45.300
53.008 14.989 45.500
53.008 14.989 48.250
53.008 14.989 48.450
53.008 14.989 51.200
53.008 14.989 51.400
53.008 14.989 54.150
53.008 14.989 54.350
53.008 14.989 57.300
53.008 14.989 57.500
53.008 14.989 60.250
53.008 14.989 60.450
53.008 14.989 63.200
53.008 14.989 63.400
53.008 14.989 66.150
53.008 14.989 66.350
53.008 14.989 69.100
53.008 14.989 69.300
53.008 14.989 72.250
53.012 13.247 0.000
53.012 13.247 6.400
53.020 13.837 0.000
53.020 13.837 6.400
53.038 13.224 0.000
53.038 13.224 6.400
53.047 13.859 0.000
53.047 13.859 6.400
53.066 13.204 0.000
53.066 13.204 6.400
53.076 13.878 0.000
53.076 13.878 6.400
53.096 13.186 0.000
53.096 13.186 6.400
53.106 13.895 0.000
53.106 13.895 6.400
53.114 36.144 96.450
53.114 36.144 97.450
53.114 36.144 99.750
53.114 36.144 100.750
53.128 13.171 0.000
53.128 13.171 6.400
53.138 13.910 0.000
53.138 13.910 6.400
53.147 15.031 72.050
53.147 15.031 72.250
53.147 15.031 73.250
53.147 15.031 73.650
53.147 15.031 75.000
53.147 15.031 75.200
53.147 15.031 77.950
53.147 15.031 78.150
53.147 15.031 80.900
53.147 15.031 81.100
53.147 15.031 83.850
53.147 15.031 84.050
53.147 15.031 86.800
53.147 15.031 87.000
53.147 15.031 89.750
53.147 15.031 89.950
53.147 15.031 92.950
53.147 15.031 93.150
53.147 15.031 96.250
53.147 15.031 96.450
53.147 15.031 99.550
53.147 15.031 99.750
53.147 15.031 103.250
53.147 15.031 103.450
53.147 15.031 104.450
53.160 13.158 0.000
53.160 13.158 6.400
53.171 13.399 6.400
53.171 13.399 9.700
53.171 13.399 18.900
53.171 13.399 21.650
53.171 13.399 21.850
53.171 13.399 24.650
53.171 13.399 24.850
53.171 13.399 27.600
53.171 13.399 27.800
53.171 13.399 30.550
53.171 13.399 30.750
53.171 13.399 33.500
53.171 13.399 33.700
53.171 13.399 36.450
53.171 13.399 36.650
53.171 13.399 39.400
53.171 13.399 39.600
53.171 13.399 42.350
53.171 13.399 42.550
53.171 13.399 45.300
53.171 13.399 45.500
53.171 13.399 48.250
53.171 13.399 48.450
53.171 13.399 51.200
53.171 13.399 51.400
53.171 13.399 54.150
53.171 13.399 54.350
53.171 13.399 57.300
53.171 13.399 57.500
53.171 13.399 60.250
53.171 13.399 60.450
53.171 13.399 63.200
53.171 13.399 63.400
53.171 13.399 66.150
53.171 13.399 66.350
53.171 13.399 69.100
53.171 13.399 69.300
53.171 13.399 72.050
53.171 13.399 72.250
53.171 13.921 0.000
53.171 13.921 6.400
53.194 13.149 0.000
53.194 13.149 6.400
53.205 13.929 0.000
53.205 13.929 6.400
53.210 36.173 96.250
53.210 36.173 96.450
53.210 36.173 97.450
53.210 36.173 99.550
53.210 36.173 99.750
53.210 36.173 100.750
53.228 13.142 0.000
53.228 13.142 6.400
53.239 13.935 0.000
53.239 13.935 6.400
53.242 15.059 72.250
53.242 15.059 73.250
53.263 13.139 0.000
53.263 13.139 6.400
53.274 13.938 0.000
53.274 13.938 6.400
53.298 13.138 0.000
53.298 13.138 6.400
53.309 13.937 0.000
53.309 13.937 6.400
53.333 13.141 0.000
53.333 13.141 6.400
53.344 13.934 0.000
53.344 13.934 6.400
53.367 13.146 0.000
53.367 13.146 6.400
53.378 13.927 0.000
53.378 13.927 6.400
53.379 13.211 103.450
53.379 13.211 104.450
53.401 13.155 0.000
53.401 13.155 6.400
53.412 13.918 0.000
53.412 13.918 6.400
53.414 14.678 108.250
53.414 14.678 109.150
53.434 13.166 0.000
53.434 13.166 6.400
53.444 13.905 0.000
53.444 13.905 6.400
53.458 13.485 6.400
53.458 13.485 9.700
53.458 13.485 18.700
53.458 13.485 18.900
53.458 13.485 21.650
53.458 13.485 21.850
53.458 13.485 24.650
53.458 13.485 24.850
53.458 13.485 27.600
53.458 13.485 27.800
53.458 13.485 30.550
53.458 13.485 30.750
53.458 13.485 33.500
53.458 13.485 33.700
53.458 13.485 36.450
53.458 13.485 36.650
53.458 13.485 39.400
53.458 13.485 39.600
53.458 13.485 42.350
53.458 13.485 42.550
53.458 13.485 45.300
53.458 13.485 45.500
53.458 13.485 48.250
53.458 13.485 48.450
53.458 13.485 51.200
53.458 13.485 51.400
53.458 13.485 54.150
53.458 13.485 54.350
53.458 13.485 57.300
53.458 13.485 57.500
53.458 13.485 60.250
53.458 13.485 60.450
53.458 13.485 63.200
53.458 13.485 63.400
53.458 13.485 66.150
53.458 13.485 66.350
53.458 13.485 69.100
53.458 13.485 69.300
53.458 13.485 72.250
53.466 13.180 0.000
53.466 13.180 6.400
53.476 13.890 0.000
53.476 13.890 6.400
53.496 13.197 0.000
53.496 13.197 6.400
53.506 13.872 0.000
53.506 13.872 6.400
53.525 13.217 0.000
53.525 13.217 6.400
53.534 13.852 0.000
53.534 13.852 6.400
53.552 13.239 0.000
53.552 13.239 6.400
53.560 13.829 0.000
53.560 13.829 6.400
53.566 13.110 73.650
53.566 13.110 75.000
53.566 13.110 75.200
53.566 13.110 77.950
53.566 13.110 78.150
53.566 13.110 80.900
53.566 13.110 81.100
53.566 13.110 83.850
53.566 13.110 84.050
53.566 13.110 86.800
53.566 13.110 87.000
53.566 13.110 89.750
53.566 13.110 89.950
53.566 13.110 92.950
53.566 13.110 93.150
53.566 13.110 96.250
53.566 13.110 96.450
53.566 13.110 99.550
53.566 13.110 99.750
53.566 13.110 103.250
53.566 13.110 103.450
53.577 13.263 0.000
53.577 13.263 6.400
53.585 13.804 0.000
53.585 13.804 6.400
53.597 13.527 72.250
53.597 13.527 73.650
53.600 13.290 0.000
53.600 13.290 6.400
53.607 13.777 0.000
53.607 13.777 6.400
53.609 12.966 73.650
53.609 12.966 75.000
53.609 12.966 75.200
53.609 12.966 77.950
53.609 12.966 78.150
53.609 12.966 80.900
53.609 12.966 81.100
53.609 12.966 83.850
53.609 12.966 84.050
53.609 12.966 86.800
53.609 12.966 87.000
53.609 12.966 89.750
53.609 12.966 89.950
53.609 12.966 92.950
53.609 12.966 93.150
53.609 12.966 96.250
53.609 12.966 96.450
53.609 12.966 99.550
53.609 12.966 99.750
53.609 12.966 103.250
53.609 12.966 103.450
53.620 13.318 0.000
53.620 13.318 6.400
53.626 13.748 0.000
53.626 13.748 6.400
53.638 13.348 0.000
53.638 13.348 6.400
53.643 13.717 0.000
53.643 13.717 6.400
53.653 13.380 0.000
53.653 13.380 6.400
53.655 13.333 72.250
53.655 13.333 73.250
53.658 13.686 0.000
53.658 13.686 6.400
53.666 13.412 0.000
53.666 13.412 6.400
53.669 13.653 0.000
53.669 13.653 6.400
53.675 13.446 0.000
53.675 13.446 6.400
53.678 13.619 0.000
53.678 13.619 6.400
53.682 13.480 0.000
53.682 13.480 6.400
53.683 13.584 0.000
53.683 13.584 6.400
53.684 13.238 72.050
53.684 13.238 72.250
53.684 13.238 73.250
53.685 13.515 0.000
53.685 13.515 6.400
53.686 13.550 0.000
53.686 13.550 6.400
53.709 13.153 73.650
53.709 13.153 75.000
53.709 13.153 75.200
53.709 13.153 77.950
53.709 13.153 78.150
53.709 13.153 80.900
53.709 13.153 81.100
53.709 13.153 83.850
53.709 13.153 84.050
53.709 13.153 86.800
53.709 13.153 87.000
53.709 13.153 89.750
53.709 13.153 89.950
53.709 13.153 92.950
53.709 13.153 93.150
53.709 13.153 96.250
53.709 13.153 96.450
53.709 13.153 99.550
53.709 13.153 99.750
53.709 13.153 103.250
53.709 13.153 103.450
53.751 13.362 72.250
53.751 13.362 73.250
53.752 13.010 73.650
53.752 13.010 93.150
53.752 13.010 103.450
53.752 13.010 104.450
53.844 36.363 6.400
53.844 36.363 9.500
53.844 36.363 9.700
53.844 36.363 12.450
53.844 36.363 12.650
53.844 36.363 15.400
53.844 36.363 15.600
53.844 36.363 18.700
53.844 36.363 18.900
53.844 36.363 21.650
53.844 36.363 21.850
53.844 36.363 24.650
53.844 36.363 24.850
53.844 36.363 27.600
53.844 36.363 27.800
53.844 36.363 30.550
53.844 36.363 30.750
53.844 36.363 33.500
53.844 36.363 33.700
53.844 36.363 36.450
53.844 36.363 36.650
53.844 36.363 39.400
53.844 36.363 39.600
53.844 36.363 42.350
53.844 36.363 42.550
53.844 36.363 45.300
53.844 36.363 45.500
53.844 36.363 48.250
53.844 36.363 48.450
53.844 36.363 51.200
53.844 36.363 51.400
53.844 36.363 54.150
53.844 36.363 54.350
53.844 36.363 57.300
53.844 36.363 57.500
53.844 36.363 60.250
53.844 36.363 60.450
53.844 36.363 63.200
53.844 36.363 63.400
53.844 36.363 66.150
53.844 36.363 66.350
53.844 36.363 69.100
53.844 36.363 69.300
53.844 36.363 72.050
53.844 36.363 72.250
53.844 36.363 73.650
53.844 36.363 75.000
53.844 36.363 75.200
53.844 36.363 77.950
53.844 36.363 78.150
53.844 36.363 80.900
53.844 36.363 81.100
53.844 36.363 83.850
53.844 36.363 84.050
53.844 36.363 86.800
53.844 36.363 87.000
53.844 36.363 89.750
53.844 36.363 89.950
53.844 36.363 92.950
53.844 36.363 93.150
53.844 36.363 96.250
53.844 36.363 96.450
53.844 36.363 99.550
53.844 36.363 99.750
53.844 36.363 103.250
53.844 36.363 103.450
53.872 36.267 6.400
53.872 36.267 9.500
53.872 36.267 9.700
53.872 36.267 12.450
53.872 36.267 12.650
53.872 36.267 15.400
53.872 36.267 15.600
53.872 36.267 18.700
53.872 36.267 18.900
53.872 36.267 21.650
53.872 36.267 21.850
53.872 36.267 24.650
53.872 36.267 24.850
53.872 36.267 27.600
53.872 36.267 27.800
53.872 36.267 30.550
53.872 36.267 30.750
53.872 36.267 33.500
53.872 36.267 33.700
53.872 36.267 36.450
53.872 36.267 36.650
53.872 36.267 39.400
53.872 36.267 39.600
53.872 36.267 42.350
53.872 36.267 42.550
53.872 36.267 45.300
53.872 36.267 45.500
53.872 36.267 48.250
53.872 36.267 48.450
53.872 36.267 51.200
53.872 36.267 51.400
53.872 36.267 54.150
53.872 36.267 54.350
53.872 36.267 57.300
53.872 36.267 57.500
53.872 36.267 60.250
53.872 36.267 60.450
53.872 36.267 63.200
53.872 36.267 63.400
53.872 36.267 66.150
53.872 36.267 66.350
53.872 36.267 69.100
53.872 36.267 69.300
53.872 36.267 72.050
53.872 36.267 72.250
53.872 36.267 73.650
53.872 36.267 75.000
53.872 36.267 75.200
53.872 36.267 77.950
53.872 36.267 78.150
53.872 36.267 80.900
53.872 36.267 81.100
53.872 36.267 83.850
53.872 36.267 84.050
53.872 36.267 86.800
53.872 36.267 87.000
53.872 36.267 89.750
53.872 36.267 89.950
53.872 36.267 92.950
53.872 36.267 93.150
53.872 36.267 96.250
53.872 36.267 96.450
53.872 36.267 99.550
53.872 36.267 99.750
53.872 36.267 103.250
53.872 36.267 103.450
54.541 13.809 5.200
54.541 13.809 5.400
54.541 13.809 6.400
54.541 13.809 7.390
54.541 13.809 9.500
54.541 13.809 9.700
54.541 13.809 12.450
54.541 13.809 12.650
54.541 13.809 15.400
54.541 13.809 15.600
54.541 13.809 18.700
54.541 13.809 18.900
54.541 13.809 20.400
54.541 13.809 21.650
54.541 13.809 21.850
54.541 13.809 24.650
54.541 13.809 24.850
54.541 13.809 27.600
54.541 13.809 27.800
54.541 13.809 30.550
54.541 13.809 30.750
54.541 13.809 33.500
54.541 13.809 33.700
54.541 13.809 36.450
54.541 13.809 36.650
54.541 13.809 39.400
54.541 13.809 39.600
54.541 13.809 42.350
54.541 13.809 42.550
54.541 13.809 45.300
54.541 13.809 45.500
54.541 13.809 48.250
54.541 13.809 48.450
54.541 13.809 51.200
54.541 13.809 51.400
54.541 13.809 54.150
54.541 13.809 54.350
54.541 13.809 57.300
54.541 13.809 57.500
54.541 13.809 60.250
54.541 13.809 60.450
54.541 13.809 63.200
54.541 13.809 63.400
54.541 13.809 66.150
54.541 13.809 66.350
54.541 13.809 69.100
54.541 13.809 69.300
54.541 13.809 71.460
54.541 13.809 73.650
54.585 13.664 9.700
54.585 13.664 10.700
54.585 13.664 12.650
54.585 13.664 13.650
54.585 13.664 15.600
54.585 13.664 16.600
54.585 13.664 18.900
54.585 13.664 19.900
54.585 13.664 21.850
54.585 13.664 22.850
54.585 13.664 24.850
54.585 13.664 25.850
54.585 13.664 27.800
54.585 13.664 28.800
54.585 13.664 30.750
54.585 13.664 31.750
54.585 13.664 33.700
54.585 13.664 34.700
54.585 13.664 36.650
54.585 13.664 37.650
54.585 13.664 39.600
54.585 13.664 40.600
54.585 13.664 42.550
54.585 13.664 43.550
54.585 13.664 45.500
54.585 13.664 46.500
54.585 13.664 48.450
54.585 13.664 49.450
54.585 13.664 51.400
54.585 13.664 52.400
54.585 13.664 54.350
54.585 13.664 55.350
54.585 13.664 57.500
54.585 13.664 58.500
54.585 13.664 60.450
54.585 13.664 61.450
54.585 13.664 63.400
54.585 13.664 64.400
54.585 13.664 66.350
54.585 13.664 67.350
54.585 13.664 69.300
54.585 13.664 70.300
54.613 13.568 5.400
54.613 13.568 6.400
54.613 13.568 9.500
54.613 13.568 9.700
54.613 13.568 10.700
54.613 13.568 12.450
54.613 13.568 12.650
54.613 13.568 13.650
54.613 13.568 15.400
54.613 13.568 15.600
54.613 13.568 16.600
54.613 13.568 18.700
54.613 13.568 18.900
54.613 13.568 19.900
54.613 13.568 21.650
54.613 13.568 21.850
54.613 13.568 22.850
54.613 13.568 24.650
54.613 13.568 24.850
54.613 13.568 25.850
54.613 13.568 27.600
54.613 13.568 27.800
54.613 13.568 28.800
54.613 13.568 30.550
54.613 13.568 30.750
54.613 13.568 31.750
54.613 13.568 33.500
54.613 13.568 33.700
54.613 13.568 34.700
54.613 13.568 36.450
54.613 13.568 36.650
54.613 13.568 37.650
54.613 13.568 39.400
54.613 13.568 39.600
54.613 13.568 40.600
54.613 13.568 42.350
54.613 13.568 42.550
54.613 13.568 43.550
54.613 13.568 45.300
54.613 13.568 45.500
54.613 13.568 46.500
54.613 13.568 48.250
54.613 13.568 48.450
54.613 13.568 49.450
54.613 13.568 51.200
54.613 13.568 51.400
54.613 13.568 52.400
54.613 13.568 54.150
54.613 13.568 54.350
54.613 13.568 55.350
54.613 13.568 57.300
54.613 13.568 57.500
54.613 13.568 58.500
54.613 13.568 60.250
54.613 13.568 60.450
54.613 13.568 61.450
54.613 13.568 63.200
54.613 13.568 63.400
54.613 13.568 64.400
54.613 13.568 66.150
54.613 13.568 66.350
54.613 13.568 67.350
54.613 13.568 69.100
54.613 13.568 69.300
54.613 13.568 70.300
54.696 13.292 5.200
54.696 13.292 7.390
54.696 13.292 20.400
54.696 13.292 21.850
54.696 13.292 71.460
54.696 13.292 73.650
54.993 36.707 6.400
54.993 36.707 9.500
54.993 36.707 9.700
54.993 36.707 12.450
54.993 36.707 12.650
54.993 36.707 15.400
54.993 36.707 15.600
54.993 36.707 18.700
54.993 36.707 18.900
54.993 36.707 21.650
54.993 36.707 21.850
54.993 36.707 24.650
54.993 36.707 24.850
54.993 36.707 27.600
54.993 36.707 27.800
54.993 36.707 30.550
54.993 36.707 30.750
54.993 36.707 33.500
54.993 36.707 33.700
54.993 36.707 36.450
54.993 36.707 36.650
54.993 36.707 39.400
54.993 36.707 39.600
54.993 36.707 42.350
54.993 36.707 42.550
54.993 36.707 45.300
54.993 36.707 45.500
54.993 36.707 48.250
54.993 36.707 48.450
54.993 36.707 51.200
54.993 36.707 51.400
54.993 36.707 54.150
54.993 36.707 54.350
54.993 36.707 57.300
54.993 36.707 57.500
54.993 36.707 60.250
54.993 36.707 60.450
54.993 36.707 63.200
54.993 36.707 63.400
54.993 36.707 66.150
54.993 36.707 66.350
54.993 36.707 69.100
54.993 36.707 69.300
54.993 36.707 72.050
54.993 36.707 72.250
54.993 36.707 73.650
54.993 36.707 75.000
54.993 36.707 75.200
54.993 36.707 77.950
54.993 36.707 78.150
54.993 36.707 80.900
54.993 36.707 81.100
54.993 36.707 83.850
54.993 36.707 84.050
54.993 36.707 86.800
54.993 36.707 87.000
54.993 36.707 89.750
54.993 36.707 89.950
54.993 36.707 92.950
54.993 36.707 93.150
54.993 36.707 96.250
54.993 36.707 96.450
54.993 36.707 99.550
54.993 36.707 99.750
54.993 36.707 103.250
54.993 36.707 103.450
55.022 36.611 6.400
55.022 36.611 9.500
55.022 36.611 9.700
55.022 36.611 12.450
55.022 36.611 12.650
55.022 36.611 15.400
55.022 36.611 15.600
55.022 36.611 18.700
55.022 36.611 18.900
55.022 36.611 21.650
55.022 36.611 21.850
55.022 36.611 24.650
55.022 36.611 24.850
55.022 36.611 27.600
55.022 36.611 27.800
55.022 36.611 30.550
55.022 36.611 30.750
55.022 36.611 33.500
55.022 36.611 33.700
55.022 36.611 36.450
55.022 36.611 36.650
55.022 36.611 39.400
55.022 36.611 39.600
55.022 36.611 42.350
55.022 36.611 42.550
55.022 36.611 45.300
55.022 36.611 45.500
55.022 36.611 48.250
55.022 36.611 48.450
55.022 36.611 51.200
55.022 36.611 51.400
55.022 36.611 54.150
55.022 36.611 54.350
55.022 36.611 57.300
55.022 36.611 57.500
55.022 36.611 60.250
55.022 36.611 60.450
55.022 36.611 63.200
55.022 36.611 63.400
55.022 36.611 66.150
55.022 36.611 66.350
55.022 36.611 69.100
55.022 36.611 69.300
55.022 36.611 72.050
55.022 36.611 72.250
55.022 36.611 73.650
55.022 36.611 75.000
55.022 36.611 75.200
55.022 36.611 77.950
55.022 36.611 78.150
55.022 36.611 80.900
55.022 36.611 81.100
55.022 36.611 83.850
55.022 36.611 84.050
55.022 36.611 86.800
55.022 36.611 87.000
55.022 36.611 89.750
55.022 36.611 89.950
55.022 36.611 92.950
55.022 36.611 93.150
55.022 36.611 96.250
55.022 36.611 96.450
55.022 36.611 99.550
55.022 36.611 99.750
55.022 36.611 103.250
55.022 36.611 103.450
55.696 37.338 108.250
55.696 37.338 109.150
55.981 15.779 3.620
55.981 15.779 4.370
56.137 37.261 108.250
56.137 37.261 109.150
56.328 35.230 108.250
56.328 35.230 109.150
56.385 35.039 108.250
56.385 35.039 109.150
56.557 34.464 108.250
56.557 34.464 109.150
56.711 35.345 108.250
56.711 35.345 109.150
56.940 34.579 108.250
56.940 34.579 109.150
56.945 16.169 5.400
56.945 16.169 6.400
56.945 16.169 9.500
56.945 16.169 9.700
56.945 16.169 12.450
56.945 16.169 12.650
56.945 16.169 15.400
56.945 16.169 15.600
56.945 16.169 18.700
56.945 16.169 18.900
56.945 16.169 21.650
56.945 16.169 21.850
56.945 16.169 24.650
56.945 16.169 24.850
56.945 16.169 27.600
56.945 16.169 27.800
56.945 16.169 30.550
56.945 16.169 30.750
56.945 16.169 33.500
56.945 16.169 33.700
56.945 16.169 36.450
56.945 16.169 36.650
56.945 16.169 39.400
56.945 16.169 39.600
56.945 16.169 42.350
56.945 16.169 42.550
56.945 16.169 45.300
56.945 16.169 45.500
56.945 16.169 48.250
56.945 16.169 48.450
56.945 16.169 51.200
56.945 16.169 51.400
56.945 16.169 54.150
56.945 16.169 54.350
56.945 16.169 57.300
56.945 16.169 57.500
56.945 16.169 60.250
56.945 16.169 60.450
56.945 16.169 63.200
56.945 16.169 63.400
56.945 16.169 66.150
56.945 16.169 66.350
56.945 16.169 69.100
56.945 16.169 69.300
56.945 16.169 72.050
56.945 16.169 72.250
56.987 12.423 3.620
56.987 12.423 4.370
57.199 38.954 9.500
57.199 38.954 9.700
57.199 38.954 10.700
57.199 38.954 12.450
57.199 38.954 12.650
57.199 38.954 13.650
57.199 38.954 15.400
57.199 38.954 15.600
57.199 38.954 16.600
57.199 38.954 18.700
57.199 38.954 18.900
57.199 38.954 19.900
57.223 38.961 21.650
57.223 38.961 21.850
57.223 38.961 22.850
57.223 38.961 24.650
57.223 38.961 24.850
57.223 38.961 25.850
57.223 38.961 27.600
57.223 38.961 27.800
57.223 38.961 28.800
57.223 38.961 30.550
57.223 38.961 30.750
57.223 38.961 31.750
57.223 38.961 33.500
57.223 38.961 33.700
57.223 38.961 34.700
57.223 38.961 36.450
57.223 38.961 36.650
57.223 38.961 37.650
57.223 38.961 39.400
57.223 38.961 39.600
57.223 38.961 40.600
57.223 38.961 42.350
57.223 38.961 42.550
57.223 38.961 43.550
57.223 38.961 45.300
57.223 38.961 45.500
57.223 38.961 46.500
57.223 38.961 48.250
57.223 38.961 48.450
57.223 38.961 49.450
57.223 38.961 51.200
57.223 38.961 51.400
57.223 38.961 52.400
57.223 38.961 54.150
57.223 38.961 54.350
57.223 38.961 55.350
57.223 38.961 57.300
57.223 38.961 57.500
57.223 38.961 58.500
57.223 38.961 60.250
57.223 38.961 60.450
57.223 38.961 61.450
57.223 38.961 63.200
57.223 38.961 63.400
57.223 38.961 64.400
57.223 38.961 66.150
57.223 38.961 66.350
57.223 38.961 67.350
57.223 38.961 69.100
57.223 38.961 69.300
57.223 38.961 70.300
57.223 38.961 72.050
57.223 38.961 72.250
57.223 38.961 73.250
57.223 38.961 75.000
57.223 38.961 75.200
57.223 38.961 76.200
57.223 38.961 77.950
57.223 38.961 78.150
57.223 38.961 79.150
57.223 38.961 80.900
57.223 38.961 81.100
57.223 38.961 82.100
57.223 38.961 83.850
57.223 38.961 84.050
57.223 38.961 85.050
57.223 38.961 86.800
57.223 38.961 87.000
57.223 38.961 88.000
57.223 38.961 89.750
57.223 38.961 89.950
57.223 38.961 90.950
57.263 37.387 6.400
57.263 37.387 9.500
57.263 37.387 9.700
57.263 37.387 12.450
57.263 37.387 12.650
57.263 37.387 15.400
57.263 37.387 15.600
57.263 37.387 18.700
57.263 37.387 18.900
57.263 37.387 21.650
57.263 37.387 21.850
57.263 37.387 24.650
57.263 37.387 24.850
57.263 37.387 27.600
57.263 37.387 27.800
57.263 37.387 30.550
57.263 37.387 30.750
57.263 37.387 33.500
57.263 37.387 33.700
57.263 37.387 36.450
57.263 37.387 36.650
57.263 37.387 39.400
57.263 37.387 39.600
57.263 37.387 42.350
57.263 37.387 42.550
57.263 37.387 45.300
57.263 37.387 45.500
57.263 37.387 48.250
57.263 37.387 48.450
57.263 37.387 51.200
57.263 37.387 51.400
57.263 37.387 54.150
57.263 37.387 54.350
57.263 37.387 57.300
57.263 37.387 57.500
57.263 37.387 60.250
57.263 37.387 60.450
57.263 37.387 63.200
57.263 37.387 63.400
57.263 37.387 66.150
57.263 37.387 66.350
57.263 37.387 69.100
57.263 37.387 69.300
57.263 37.387 72.050
57.263 37.387 72.250
57.263 37.387 73.650
57.263 37.387 75.000
57.263 37.387 75.200
57.263 37.387 77.950
57.263 37.387 78.150
57.263 37.387 80.900
57.263 37.387 81.100
57.263 37.387 83.850
57.263 37.387 84.050
57.263 37.387 86.800
57.263 37.387 87.000
57.263 37.387 89.750
57.263 37.387 89.950
57.263 37.387 92.950
57.263 37.387 93.150
57.263 37.387 96.250
57.263 37.387 96.450
57.263 37.387 99.550
57.263 37.387 99.750
57.263 37.387 103.250
57.263 37.387 103.450
57.292 37.292 6.400
57.292 37.292 9.500
57.292 37.292 9.700
57.292 37.292 12.450
57.292 37.292 12.650
57.292 37.292 15.400
57.292 37.292 15.600
57.292 37.292 18.700
57.292 37.292 18.900
57.292 37.292 21.650
57.292 37.292 21.850
57.292 37.292 24.650
57.292 37.292 24.850
57.292 37.292 27.600
57.292 37.292 27.800
57.292 37.292 30.550
57.292 37.292 30.750
57.292 37.292 33.500
57.292 37.292 33.700
57.292 37.292 36.450
57.292 37.292 36.650
57.292 37.292 39.400
57.292 37.292 39.600
57.292 37.292 42.350
57.292 37.292 42.550
57.292 37.292 45.300
57.292 37.292 45.500
57.292 37.292 48.250
57.292 37.292 48.450
57.292 37.292 51.200
57.292 37.292 51.400
57.292 37.292 54.150
57.292 37.292 54.350
57.292 37.292 57.300
57.292 37.292 57.500
57.292 37.292 60.250
57.292 37.292 60.450
57.292 37.292 63.200
57.292 37.292 63.400
57.292 37.292 66.150
57.292 37.292 66.350
57.292 37.292 69.100
57.292 37.292 69.300
57.292 37.292 72.050
57.292 37.292 72.250
57.292 37.292 73.650
57.292 37.292 75.000
57.292 37.292 75.200
57.292 37.292 77.950
57.292 37.292 78.150
57.292 37.292 80.900
57.292 37.292 81.100
57.292 37.292 83.850
57.292 37.292 84.050
57.292 37.292 86.800
57.292 37.292 87.000
57.292 37.292 89.750
57.292 37.292 89.950
57.292 37.292 92.950
57.292 37.292 93.150
57.292 37.292 96.250
57.292 37.292 96.450
57.292 37.292 99.550
57.292 37.292 99.750
57.292 37.292 103.250
57.292 37.292 103.450
57.324 38.887 9.700
57.324 38.887 10.700
57.324 38.887 12.650
57.324 38.887 13.650
57.324 38.887 15.600
57.324 38.887 16.600
57.324 38.887 18.900
57.324 38.887 19.900
57.348 38.894 21.850
57.348 38.894 22.850
57.348 38.894 24.850
57.348 38.894 25.850
57.348 38.894 27.800
57.348 38.894 28.800
57.348 38.894 30.750
57.348 38.894 31.750
57.348 38.894 33.700
57.348 38.894 34.700
57.348 38.894 36.650
57.348 38.894 37.650
57.348 38.894 39.600
57.348 38.894 40.600
57.348 38.894 42.550
57.348 38.894 43.550
57.348 38.894 45.500
57.348 38.894 46.500
57.348 38.894 48.450
57.348 38.894 49.450
57.348 38.894 51.400
57.348 38.894 52.400
57.348 38.894 54.350
57.348 38.894 55.350
57.348 38.894 57.500
57.348 38.894 58.500
57.348 38.894 60.450
57.348 38.894 61.450
57.348 38.894 63.400
57.348 38.894 64.400
57.348 38.894 66.350
57.348 38.894 67.350
57.348 38.894 69.300
57.348 38.894 70.300
57.348 38.894 72.250
57.348 38.894 73.250
57.348 38.894 75.200
57.348 38.894 76.200
57.348 38.894 78.150
57.348 38.894 79.150
57.348 38.894 81.100
57.348 38.894 82.100
57.348 38.894 84.050
57.348 38.894 85.050
57.348 38.894 87.000
57.348 38.894 88.000
57.348 38.894 89.950
57.348 38.894 90.950
57.400 16.305 92.950
57.400 16.305 93.150
57.400 16.305 96.250
57.400 16.305 96.450
57.400 16.305 97.450
57.400 16.305 99.550
57.400 16.305 99.750
57.400 16.305 100.750
57.409 16.308 75.000
57.409 16.308 75.200
57.409 16.308 76.200
57.409 16.308 77.950
57.409 16.308 78.150
57.409 16.308 79.150
57.409 16.308 80.900
57.409 16.308 81.100
57.409 16.308 82.100
57.409 16.308 83.850
57.409 16.308 84.050
57.409 16.308 85.050
57.409 16.308 86.800
57.409 16.308 87.000
57.409 16.308 88.000
57.409 16.308 89.750
57.409 16.308 89.950
57.409 16.308 90.950
57.420 14.461 80.900
57.420 14.461 93.150
57.420 14.461 94.150
57.439 14.519 9.700
57.439 14.519 10.700
57.439 14.519 12.650
57.439 14.519 13.650
57.439 14.519 15.600
57.439 14.519 16.600
57.439 14.519 18.900
57.439 14.519 19.900
57.439 14.519 21.850
57.439 14.519 22.850
57.439 14.519 24.850
57.439 14.519 25.850
57.439 14.519 27.800
57.439 14.519 28.800
57.439 14.519 30.750
57.439 14.519 31.750
57.439 14.519 33.700
57.439 14.519 34.700
57.439 14.519 36.650
57.439 14.519 37.650
57.439 14.519 39.600
57.439 14.519 40.600
57.439 14.519 42.550
57.439 14.519 43.550
57.439 14.519 45.500
57.439 14.519 46.500
57.439 14.519 48.450
57.439 14.519 49.450
57.439 14.519 51.400
57.439 14.519 52.400
57.439 14.519 54.350
57.439 14.519 55.350
57.439 14.519 57.500
57.439 14.519 58.500
57.439 14.519 60.450
57.439 14.519 61.450
57.439 14.519 63.400
57.439 14.519 64.400
57.439 14.519 66.350
57.439 14.519 67.350
57.439 14.519 69.300
57.439 14.519 70.300
57.449 14.365 80.900
57.449 14.365 93.150
57.449 14.365 94.150
57.465 14.433 6.400
57.465 14.433 9.500
57.465 14.433 9.700
57.465 14.433 12.450
57.465 14.433 12.650
57.465 14.433 15.400
57.465 14.433 15.600
57.465 14.433 18.700
57.465 14.433 18.900
57.465 14.433 21.650
57.465 14.433 21.850
57.465 14.433 24.650
57.465 14.433 24.850
57.465 14.433 27.600
57.465 14.433 27.800
57.465 14.433 30.550
57.465 14.433 30.750
57.465 14.433 33.500
57.465 14.433 33.700
57.465 14.433 36.450
57.465 14.433 36.650
57.465 14.433 39.400
57.465 14.433 39.600
57.465 14.433 42.350
57.465 14.433 42.550
57.465 14.433 45.300
57.465 14.433 45.500
57.465 14.433 48.250
57.465 14.433 48.450
57.465 14.433 51.200
57.465 14.433 51.400
57.465 14.433 54.150
57.465 14.433 54.350
57.465 14.433 57.300
57.465 14.433 57.500
57.465 14.433 60.250
57.465 14.433 60.450
57.465 14.433 63.200
57.465 14.433 63.400
57.465 14.433 66.150
57.465 14.433 66.350
57.465 14.433 69.100
57.465 14.433 69.300
57.465 14.433 72.050
57.465 14.433 72.250
57.468 14.423 5.400
57.468 14.423 6.400
57.468 14.423 9.500
57.468 14.423 9.700
57.468 14.423 10.700
57.468 14.423 12.450
57.468 14.423 12.650
57.468 14.423 13.650
57.468 14.423 15.400
57.468 14.423 15.600
57.468 14.423 16.600
57.468 14.423 18.700
57.468 14.423 18.900
57.468 14.423 19.900
57.468 14.423 21.650
57.468 14.423 21.850
57.468 14.423 22.850
57.468 14.423 24.650
57.468 14.423 24.850
57.468 14.423 25.850
57.468 14.423 27.600
57.468 14.423 27.800
57.468 14.423 28.800
57.468 14.423 30.550
57.468 14.423 30.750
57.468 14.423 31.750
57.468 14.423 33.500
57.468 14.423 33.700
57.468 14.423 34.700
57.468 14.423 36.450
57.468 14.423 36.650
57.468 14.423 37.650
57.468 14.423 39.400
57.468 14.423 39.600
57.468 14.423 40.600
57.468 14.423 42.350
57.468 14.423 42.550
57.468 14.423 43.550
57.468 14.423 45.300
57.468 14.423 45.500
57.468 14.423 46.500
57.468 14.423 48.250
57.468 14.423 48.450
57.468 14.423 49.450
57.468 14.423 51.200
57.468 14.423 51.400
57.468 14.423 52.400
57.468 14.423 54.150
57.468 14.423 54.350
57.468 14.423 55.350
57.468 14.423 57.300
57.468 14.423 57.500
57.468 14.423 58.500
57.468 14.423 60.250
57.468 14.423 60.450
57.468 14.423 61.450
57.468 14.423 63.200
57.468 14.423 63.400
57.468 14.423 64.400
57.468 14.423 66.150
57.468 14.423 66.350
57.468 14.423 67.350
57.468 14.423 69.100
57.468 14.423 69.300
57.468 14.423 70.300
57.496 16.334 96.450
57.496 16.334 97.450
57.496 16.334 99.750
57.496 16.334 100.750
57.505 16.337 75.200
57.505 16.337 76.200
57.505 16.337 78.150
57.505 16.337 79.150
57.505 16.337 81.100
57.505 16.337 82.100
57.505 16.337 84.050
57.505 16.337 85.050
57.505 16.337 87.000
57.505 16.337 88.000
57.505 16.337 89.950
57.505 16.337 90.950
57.508 14.289 6.400
57.508 14.289 9.700
57.508 14.289 18.900
57.508 14.289 21.850
57.508 14.289 72.250
57.609 14.476 6.400
57.609 14.476 9.500
57.609 14.476 9.700
57.609 14.476 12.450
57.609 14.476 12.650
57.609 14.476 15.400
57.609 14.476 15.600
57.609 14.476 18.700
57.609 14.476 18.900
57.609 14.476 21.650
57.609 14.476 21.850
57.609 14.476 24.650
57.609 14.476 24.850
57.609 14.476 27.600
57.609 14.476 27.800
57.609 14.476 30.550
57.609 14.476 30.750
57.609 14.476 33.500
57.609 14.476 33.700
57.609 14.476 36.450
57.609 14.476 36.650
57.609 14.476 39.400
57.609 14.476 39.600
57.609 14.476 42.350
57.609 14.476 42.550
57.609 14.476 45.300
57.609 14.476 45.500
57.609 14.476 48.250
57.609 14.476 48.450
57.609 14.476 51.200
57.609 14.476 51.400
57.609 14.476 54.150
57.609 14.476 54.350
57.609 14.476 57.300
57.609 14.476 57.500
57.609 14.476 60.250
57.609 14.476 60.450
57.609 14.476 63.200
57.609 14.476 63.400
57.609 14.476 66.150
57.609 14.476 66.350
57.609 14.476 69.100
57.609 14.476 69.300
57.609 14.476 72.050
57.609 14.476 72.250
57.635 37.499 9.500
57.635 37.499 9.700
57.635 37.499 10.700
57.635 37.499 12.450
57.635 37.499 12.650
57.635 37.499 13.650
57.635 37.499 15.400
57.635 37.499 15.600
57.635 37.499 16.600
57.635 37.499 18.700
57.635 37.499 18.900
57.635 37.499 19.900
57.652 14.332 6.400
57.652 14.332 9.500
57.652 14.332 9.700
57.652 14.332 12.450
57.652 14.332 12.650
57.652 14.332 15.400
57.652 14.332 15.600
57.652 14.332 18.700
57.652 14.332 18.900
57.652 14.332 21.650
57.652 14.332 21.850
57.652 14.332 24.650
57.652 14.332 24.850
57.652 14.332 27.600
57.652 14.332 27.800
57.652 14.332 30.550
57.652 14.332 30.750
57.652 14.332 33.500
57.652 14.332 33.700
57.652 14.332 36.450
57.652 14.332 36.650
57.652 14.332 39.400
57.652 14.332 39.600
57.652 14.332 42.350
57.652 14.332 42.550
57.652 14.332 45.300
57.652 14.332 45.500
57.652 14.332 48.250
57.652 14.332 48.450
57.652 14.332 51.200
57.652 14.332 51.400
57.652 14.332 54.150
57.652 14.332 54.350
57.652 14.332 57.300
57.652 14.332 57.500
57.652 14.332 60.250
57.652 14.332 60.450
57.652 14.332 63.200
57.652 14.332 63.400
57.652 14.332 66.150
57.652 14.332 66.350
57.652 14.332 69.100
57.652 14.332 69.300
57.652 14.332 72.050
57.652 14.332 72.250
57.659 37.506 21.650
57.659 37.506 21.850
57.659 37.506 22.850
57.659 37.506 24.650
57.659 37.506 24.850
57.659 37.506 25.850
57.659 37.506 27.600
57.659 37.506 27.800
57.659 37.506 28.800
57.659 37.506 30.550
57.659 37.506 30.750
57.659 37.506 31.750
57.659 37.506 33.500
57.659 37.506 33.700
57.659 37.506 34.700
57.659 37.506 36.450
57.659 37.506 36.650
57.659 37.506 37.650
57.659 37.506 39.400
57.659 37.506 39.600
57.659 37.506 40.600
57.659 37.506 42.350
57.659 37.506 42.550
57.659 37.506 43.550
57.659 37.506 45.300
57.659 37.506 45.500
57.659 37.506 46.500
57.659 37.506 48.250
57.659 37.506 48.450
57.659 37.506 49.450
57.659 37.506 51.200
57.659 37.506 51.400
57.659 37.506 52.400
57.659 37.506 54.150
57.659 37.506 54.350
57.659 37.506 55.350
57.659 37.506 57.300
57.659 37.506 57.500
57.659 37.506 58.500
57.659 37.506 60.250
57.659 37.506 60.450
57.659 37.506 61.450
57.659 37.506 63.200
57.659 37.506 63.400
57.659 37.506 64.400
57.659 37.506 66.150
57.659 37.506 66.350
57.659 37.506 67.350
57.659 37.506 69.100
57.659 37.506 69.300
57.659 37.506 70.300
57.659 37.506 72.050
57.659 37.506 72.250
57.659 37.506 73.250
57.659 37.506 75.000
57.659 37.506 75.200
57.659 37.506 76.200
57.659 37.506 77.950
57.659 37.506 78.150
57.659 37.506 79.150
57.659 37.506 80.900
57.659 37.506 81.100
57.659 37.506 82.100
57.659 37.506 83.850
57.659 37.506 84.050
57.659 37.506 85.050
57.659 37.506 86.800
57.659 37.506 87.000
57.659 37.506 88.000
57.659 37.506 89.750
57.659 37.506 89.950
57.659 37.506 90.950
57.701 37.519 6.400
57.701 37.519 9.500
57.701 37.519 9.700
57.701 37.519 12.450
57.701 37.519 12.650
57.701 37.519 15.400
57.701 37.519 15.600
57.701 37.519 18.700
57.701 37.519 18.900
57.701 37.519 21.650
57.701 37.519 21.850
57.701 37.519 24.650
57.701 37.519 24.850
57.701 37.519 27.600
57.701 37.519 27.800
57.701 37.519 30.550
57.701 37.519 30.750
57.701 37.519 33.500
57.701 37.519 33.700
57.701 37.519 36.450
57.701 37.519 36.650
57.701 37.519 39.400
57.701 37.519 39.600
57.701 37.519 42.350
57.701 37.519 42.550
57.701 37.519 45.300
57.701 37.519 45.500
57.701 37.519 48.250
57.701 37.519 48.450
57.701 37.519 51.200
57.701 37.519 51.400
57.701 37.519 54.150
57.701 37.519 54.350
57.701 37.519 57.300
57.701 37.519 57.500
57.701 37.519 60.250
57.701 37.519 60.450
57.701 37.519 63.200
57.701 37.519 63.400
57.701 37.519 66.150
57.701 37.519 66.350
57.701 37.519 69.100
57.701 37.519 69.300
57.701 37.519 72.050
57.701 37.519 72.250
57.701 37.519 73.650
57.701 37.519 75.000
57.701 37.519 75.200
57.701 37.519 77.950
57.701 37.519 78.150
57.701 37.519 80.900
57.701 37.519 81.100
57.701 37.519 83.850
57.701 37.519 84.050
57.701 37.519 86.800
57.701 37.519 87.000
57.701 37.519 89.750
57.701 37.519 89.950
57.701 37.519 92.950
57.701 37.519 93.150
57.701 37.519 96.250
57.701 37.519 96.450
57.701 37.519 99.550
57.701 37.519 99.750
57.701 37.519 103.250
57.701 37.519 103.450
57.730 37.423 6.400
57.730 37.423 9.500
57.730 37.423 9.700
57.730 37.423 12.450
57.730 37.423 12.650
57.730 37.423 15.400
57.730 37.423 15.600
57.730 37.423 18.700
57.730 37.423 18.900
57.730 37.423 21.650
57.730 37.423 21.850
57.730 37.423 24.650
57.730 37.423 24.850
57.730 37.423 27.600
57.730 37.423 27.800
57.730 37.423 30.550
57.730 37.423 30.750
57.730 37.423 33.500
57.730 37.423 33.700
57.730 37.423 36.450
57.730 37.423 36.650
57.730 37.423 39.400
57.730 37.423 39.600
57.730 37.423 42.350
57.730 37.423 42.550
57.730 37.423 45.300
57.730 37.423 45.500
57.730 37.423 48.250
57.730 37.423 48.450
57.730 37.423 51.200
57.730 37.423 51.400
57.730 37.423 54.150
57.730 37.423 54.350
57.730 37.423 57.300
57.730 37.423 57.500
57.730 37.423 60.250
57.730 37.423 60.450
57.730 37.423 63.200
57.730 37.423 63.400
57.730 37.423 66.150
57.730 37.423 66.350
57.730 37.423 69.100
57.730 37.423 69.300
57.730 37.423 72.050
57.730 37.423 72.250
57.730 37.423 73.650
57.730 37.423 75.000
57.730 37.423 75.200
57.730 37.423 77.950
57.730 37.423 78.150
57.730 37.423 80.900
57.730 37.423 81.100
57.730 37.423 83.850
57.730 37.423 84.050
57.730 37.423 86.800
57.730 37.423 87.000
57.730 37.423 89.750
57.730 37.423 89.950
57.730 37.423 92.950
57.730 37.423 93.150
57.730 37.423 96.250
57.730 37.423 96.450
57.730 37.423 99.550
57.730 37.423 99.750
57.730 37.423 103.250
57.730 37.423 103.450
57.731 37.528 9.700
57.731 37.528 10.700
57.731 37.528 12.650
57.731 37.528 13.650
57.731 37.528 15.600
57.731 37.528 16.600
57.731 37.528 18.900
57.731 37.528 19.900
57.738 30.523 108.250
57.738 30.523 109.150
57.755 37.535 21.850
57.755 37.535 22.850
57.755 37.535 24.850
57.755 37.535 25.850
57.755 37.535 27.800
57.755 37.535 28.800
57.755 37.535 30.750
57.755 37.535 31.750
57.755 37.535 33.700
57.755 37.535 34.700
57.755 37.535 36.650
57.755 37.535 37.650
57.755 37.535 39.600
57.755 37.535 40.600
57.755 37.535 42.550
57.755 37.535 43.550
57.755 37.535 45.500
57.755 37.535 46.500
57.755 37.535 48.450
57.755 37.535 49.450
57.755 37.535 51.400
57.755 37.535 52.400
57.755 37.535 54.350
57.755 37.535 55.350
57.755 37.535 57.500
57.755 37.535 58.500
57.755 37.535 60.450
57.755 37.535 61.450
57.755 37.535 63.400
57.755 37.535 64.400
57.755 37.535 66.350
57.755 37.535 67.350
57.755 37.535 69.300
57.755 37.535 70.300
57.755 37.535 72.250
57.755 37.535 73.250
57.755 37.535 75.200
57.755 37.535 76.200
57.755 37.535 78.150
57.755 37.535 79.150
57.755 37.535 81.100
57.755 37.535 82.100
57.755 37.535 84.050
57.755 37.535 85.050
57.755 37.535 87.000
57.755 37.535 88.000
57.755 37.535 89.950
57.755 37.535 90.950
57.765 37.749 108.250
57.765 37.749 109.150
57.918 14.611 80.900
57.918 14.611 93.150
57.919 14.607 80.900
57.919 14.607 93.150
57.937 14.512 92.950
57.937 14.512 93.150
57.937 14.512 96.250
57.937 14.512 96.450
57.937 14.512 97.450
57.937 14.512 99.550
57.937 14.512 99.750
57.937 14.512 100.750
57.947 14.515 75.000
57.947 14.515 75.200
57.947 14.515 76.200
57.947 14.515 77.950
57.947 14.515 78.150
57.947 14.515 79.150
57.947 14.515 80.900
57.947 14.515 81.100
57.947 14.515 82.100
57.947 14.515 83.850
57.947 14.515 84.050
57.947 14.515 85.050
57.947 14.515 86.800
57.947 14.515 87.000
57.947 14.515 88.000
57.947 14.515 89.750
57.947 14.515 89.950
57.947 14.515 90.950
57.947 14.515 93.150
57.948 14.511 80.900
57.948 14.511 93.150
58.004 14.636 96.450
58.004 14.636 97.450
58.004 14.636 99.750
58.004 14.636 100.750
58.014 14.639 75.200
58.014 14.639 76.200
58.014 14.639 78.150
58.014 14.639 79.150
58.014 14.639 81.100
58.014 14.639 82.100
58.014 14.639 84.050
58.014 14.639 85.050
58.014 14.639 87.000
58.014 14.639 88.000
58.014 14.639 89.950
58.014 14.639 90.950
58.121 30.638 108.250
58.121 30.638 109.150
58.148 37.863 108.250
58.148 37.863 109.150
58.339 35.833 108.250
58.339 35.833 109.150
58.405 16.505 0.000
58.405 16.505 2.870
58.405 16.505 3.620
58.417 14.756 80.900
58.417 14.756 93.150
58.446 14.661 80.900
58.446 14.661 93.150
58.664 15.640 0.000
58.664 15.640 2.870
58.664 15.640 3.620
58.722 35.948 108.250
58.722 35.948 109.150
59.276 16.766 0.000
59.276 16.766 2.870
59.276 16.766 3.620
59.516 15.967 0.000
59.516 15.967 2.870
59.536 15.901 0.000
59.536 15.901 3.620
59.777 38.351 108.250
59.777 38.351 109.150
59.908 23.282 108.250
59.908 23.282 109.150
60.160 38.466 108.250
60.160 38.466 109.150
60.292 23.397 108.250
60.292 23.397 109.150
60.351 36.436 108.250
60.351 36.436 109.150
60.734 36.551 108.250
60.734 36.551 109.150
60.878 20.047 108.250
60.878 20.047 109.150
61.050 19.472 108.250
61.050 19.472 109.150
61.108 19.280 108.250
61.108 19.280 109.150
61.192 17.340 0.000
61.192 17.340 2.870
61.192 17.340 3.620
61.261 20.161 108.250
61.261 20.161 109.150
61.432 16.541 0.000
61.432 16.541 2.870
61.451 16.475 0.000
61.451 16.475 3.620
61.480 17.528 96.450
61.480 17.528 97.450
61.480 17.528 99.750
61.480 17.528 100.750
61.491 19.395 108.250
61.491 19.395 109.150
61.576 17.556 96.250
61.576 17.556 96.450
61.576 17.556 97.450
61.576 17.556 99.550
61.576 17.556 99.750
61.576 17.556 100.750
61.603 38.688 6.400
61.603 38.688 9.500
61.603 38.688 9.700
61.603 38.688 12.450
61.603 38.688 12.650
61.603 38.688 15.400
61.603 38.688 15.600
61.603 38.688 18.700
61.603 38.688 18.900
61.603 38.688 21.650
61.603 38.688 21.850
61.603 38.688 24.650
61.603 38.688 24.850
61.603 38.688 27.600
61.603 38.688 27.800
61.603 38.688 30.550
61.603 38.688 30.750
61.603 38.688 33.500
61.603 38.688 33.700
61.603 38.688 36.450
61.603 38.688 36.650
61.603 38.688 39.400
61.603 38.688 39.600
61.603 38.688 42.350
61.603 38.688 42.550
61.603 38.688 45.300
61.603 38.688 45.500
61.603 38.688 48.250
61.603 38.688 48.450
61.603 38.688 51.200
61.603 38.688 51.400
61.603 38.688 54.150
61.603 38.688 54.350
61.603 38.688 57.300
61.603 38.688 57.500
61.603 38.688 60.250
61.603 38.688 60.450
61.603 38.688 63.200
61.603 38.688 63.400
61.603 38.688 66.150
61.603 38.688 66.350
61.603 38.688 69.100
61.603 38.688 69.300
61.603 38.688 72.050
61.603 38.688 72.250
61.603 38.688 73.650
61.603 38.688 75.000
61.603 38.688 75.200
61.603 38.688 77.950
61.603 38.688 78.150
61.603 38.688 80.900
61.603 38.688 81.100
61.603 38.688 83.850
61.603 38.688 84.050
61.603 38.688 86.800
61.603 38.688 87.000
61.603 38.688 89.750
61.603 38.688 89.950
61.603 38.688 92.950
61.603 38.688 93.150
61.632 38.592 6.400
61.632 38.592 9.500
61.632 38.592 9.700
61.632 38.592 12.450
61.632 38.592 12.650
61.632 38.592 15.400
61.632 38.592 15.600
61.632 38.592 18.700
61.632 38.592 18.900
61.632 38.592 21.650
61.632 38.592 21.850
61.632 38.592 24.650
61.632 38.592 24.850
61.632 38.592 27.600
61.632 38.592 27.800
61.632 38.592 30.550
61.632 38.592 30.750
61.632 38.592 33.500
61.632 38.592 33.700
61.632 38.592 36.450
61.632 38.592 36.650
61.632 38.592 39.400
61.632 38.592 39.600
61.632 38.592 42.350
61.632 38.592 42.550
61.632 38.592 45.300
61.632 38.592 45.500
61.632 38.592 48.250
61.632 38.592 48.450
61.632 38.592 51.200
61.632 38.592 51.400
61.632 38.592 54.150
61.632 38.592 54.350
61.632 38.592 57.300
61.632 38.592 57.500
61.632 38.592 60.250
61.632 38.592 60.450
61.632 38.592 63.200
61.632 38.592 63.400
61.632 38.592 66.150
61.632 38.592 66.350
61.632 38.592 69.100
61.632 38.592 69.300
61.632 38.592 72.050
61.632 38.592 72.250
61.632 38.592 73.650
61.632 38.592 75.000
61.632 38.592 75.200
61.632 38.592 77.950
61.632 38.592 78.150
61.632 38.592 80.900
61.632 38.592 81.100
61.632 38.592 83.850
61.632 38.592 84.050
61.632 38.592 86.800
61.632 38.592 87.000
61.632 38.592 89.750
61.632 38.592 89.950
61.632 38.592 92.950
61.632 38.592 93.150
61.698 31.710 108.450
61.698 31.710 111.510
61.739 17.173 108.250
61.739 17.173 109.150
61.745 31.555 108.250
61.745 31.555 109.150
61.788 38.954 108.250
61.788 38.954 109.150
61.860 31.172 108.250
61.860 31.172 109.150
61.951 38.479 103.450
61.951 38.479 104.450
61.954 38.793 6.400
61.954 38.793 9.500
61.954 38.793 9.700
61.954 38.793 12.450
61.954 38.793 12.650
61.954 38.793 15.400
61.954 38.793 15.600
61.954 38.793 18.700
61.954 38.793 18.900
61.954 38.793 21.650
61.954 38.793 21.850
61.954 38.793 24.650
61.954 38.793 24.850
61.954 38.793 27.600
61.954 38.793 27.800
61.954 38.793 30.550
61.954 38.793 30.750
61.954 38.793 33.500
61.954 38.793 33.700
61.954 38.793 36.450
61.954 38.793 36.650
61.954 38.793 39.400
61.954 38.793 39.600
61.954 38.793 42.350
61.954 38.793 42.550
61.954 38.793 45.300
61.954 38.793 45.500
61.954 38.793 48.250
61.954 38.793 48.450
61.954 38.793 51.200
61.954 38.793 51.400
61.954 38.793 54.150
61.954 38.793 54.350
61.954 38.793 57.300
61.954 38.793 57.500
61.954 38.793 60.250
61.954 38.793 60.450
61.954 38.793 63.200
61.954 38.793 63.400
61.954 38.793 66.150
61.954 38.793 66.350
61.954 38.793 69.100
61.954 38.793 69.300
61.954 38.793 72.050
61.954 38.793 72.250
61.954 38.793 73.650
61.954 38.793 75.000
61.954 38.793 75.200
61.954 38.793 77.950
61.954 38.793 78.150
61.954 38.793 80.900
61.954 38.793 81.100
61.954 38.793 83.850
61.954 38.793 84.050
61.954 38.793 86.800
61.954 38.793 87.000
61.954 38.793 89.750
61.954 38.793 89.950
61.954 38.793 92.950
61.954 38.793 93.150
61.982 38.697 6.400
61.982 38.697 9.500
61.982 38.697 9.700
61.982 38.697 12.450
61.982 38.697 12.650
61.982 38.697 15.400
61.982 38.697 15.600
61.982 38.697 18.700
61.982 38.697 18.900
61.982 38.697 21.650
61.982 38.697 21.850
61.982 38.697 24.650
61.982 38.697 24.850
61.982 38.697 27.600
61.982 38.697 27.800
61.982 38.697 30.550
61.982 38.697 30.750
61.982 38.697 33.500
61.982 38.697 33.700
61.982 38.697 36.450
61.982 38.697 36.650
61.982 38.697 39.400
61.982 38.697 39.600
61.982 38.697 42.350
61.982 38.697 42.550
61.982 38.697 45.300
61.982 38.697 45.500
61.982 38.697 48.250
61.982 38.697 48.450
61.982 38.697 51.200
61.982 38.697 51.400
61.982 38.697 54.150
61.982 38.697 54.350
61.982 38.697 57.300
61.982 38.697 57.500
61.982 38.697 60.250
61.982 38.697 60.450
61.982 38.697 63.200
61.982 38.697 63.400
61.982 38.697 66.150
61.982 38.697 66.350
61.982 38.697 69.100
61.982 38.697 69.300
61.982 38.697 72.050
61.982 38.697 72.250
61.982 38.697 73.650
61.982 38.697 75.000
61.982 38.697 75.200
61.982 38.697 77.950
61.982 38.697 78.150
61.982 38.697 80.900
61.982 38.697 81.100
61.982 38.697 83.850
61.982 38.697 84.050
61.982 38.697 86.800
61.982 38.697 87.000
61.982 38.697 89.750
61.982 38.697 89.950
61.982 38.697 92.950
61.982 38.697 93.150
61.989 15.830 96.450
61.989 15.830 97.450
61.989 15.830 99.750
61.989 15.830 100.750
62.008 38.809 93.150
62.008 38.809 96.250
62.008 38.809 96.450
62.008 38.809 99.550
62.008 38.809 99.750
62.008 38.809 103.250
62.008 38.809 103.450
62.049 39.928 0.000
62.049 39.928 6.400
62.051 38.666 93.150
62.051 38.666 96.250
62.051 38.666 96.450
62.051 38.666 99.550
62.051 38.666 99.750
62.051 38.666 103.250
62.051 38.666 103.450
62.064 17.601 0.000
62.064 17.601 2.870
62.064 17.601 3.620
62.065 17.479 108.250
62.065 17.479 109.150
62.114 15.763 96.250
62.114 15.763 96.450
62.114 15.763 97.450
62.114 15.763 99.550
62.114 15.763 99.750
62.114 15.763 100.750
62.152 38.852 92.950
62.152 38.852 93.150
62.152 38.852 96.250
62.152 38.852 96.450
62.152 38.852 97.450
62.152 38.852 99.550
62.152 38.852 99.750
62.152 38.852 100.750
62.152 38.852 103.250
62.152 38.852 103.450
62.152 38.852 104.450
62.172 39.069 108.250
62.172 39.069 109.150
62.181 38.757 96.450
62.181 38.757 97.450
62.181 38.757 99.750
62.181 38.757 100.750
62.195 38.709 93.150
62.195 38.709 103.450
62.323 16.736 0.000
62.323 16.736 2.870
62.323 16.736 3.620
62.324 39.008 0.000
62.324 39.008 6.400
62.363 37.039 108.250
62.363 37.039 109.150
62.396 36.994 103.450
62.396 36.994 104.450
62.683 37.080 92.950
62.683 37.080 93.150
62.683 37.080 96.250
62.683 37.080 96.450
62.683 37.080 99.550
62.683 37.080 99.750
62.683 37.080 103.250
62.683 37.080 103.450
62.683 37.080 104.450
62.746 37.153 108.250
62.746 37.153 109.150
63.119 19.883 108.250
63.119 19.883 109.150
63.478 18.126 5.400
63.478 18.126 6.400
63.478 18.126 9.500
63.478 18.126 9.700
63.478 18.126 12.450
63.478 18.126 12.650
63.478 18.126 15.400
63.478 18.126 15.600
63.478 18.126 18.700
63.478 18.126 18.900
63.478 18.126 21.650
63.478 18.126 21.850
63.478 18.126 24.650
63.478 18.126 24.850
63.478 18.126 27.600
63.478 18.126 27.800
63.478 18.126 30.550
63.478 18.126 30.750
63.478 18.126 33.500
63.478 18.126 33.700
63.478 18.126 36.450
63.478 18.126 36.650
63.478 18.126 39.400
63.478 18.126 39.600
63.478 18.126 42.350
63.478 18.126 42.550
63.478 18.126 45.300
63.478 18.126 45.500
63.478 18.126 48.250
63.478 18.126 48.450
63.478 18.126 51.200
63.478 18.126 51.400
63.478 18.126 54.150
63.478 18.126 54.350
63.478 18.126 57.300
63.478 18.126 57.500
63.478 18.126 60.250
63.478 18.126 60.450
63.478 18.126 63.200
63.478 18.126 63.400
63.478 18.126 66.150
63.478 18.126 66.350
63.478 18.126 69.100
63.478 18.126 69.300
63.478 18.126 72.050
63.478 18.126 72.250
63.478 18.126 73.650
63.478 18.126 75.000
63.478 18.126 75.200
63.478 18.126 77.950
63.478 18.126 78.150
63.478 18.126 80.900
63.478 18.126 81.100
63.478 18.126 83.850
63.478 18.126 84.050
63.478 18.126 86.800
63.478 18.126 87.000
63.478 18.126 89.750
63.478 18.126 89.950
63.478 18.126 92.950
63.478 18.126 93.150
63.478 18.126 96.250
63.478 18.126 96.450
63.478 18.126 99.550
63.478 18.126 99.750
63.478 18.126 103.250
63.478 18.126 103.450
63.496 25.712 108.250
63.496 25.712 109.150
63.502 19.998 108.250
63.502 19.998 109.150
63.611 25.329 108.250
63.611 25.329 109.150
63.693 17.967 108.250
63.693 17.967 109.150
63.800 39.557 108.250
63.800 39.557 109.150
63.854 16.347 6.400
63.854 16.347 9.500
63.854 16.347 9.700
63.854 16.347 12.450
63.854 16.347 12.650
63.854 16.347 15.400
63.854 16.347 15.600
63.854 16.347 18.700
63.854 16.347 18.900
63.854 16.347 21.650
63.854 16.347 21.850
63.854 16.347 24.650
63.854 16.347 24.850
63.854 16.347 27.600
63.854 16.347 27.800
63.854 16.347 30.550
63.854 16.347 30.750
63.854 16.347 33.500
63.854 16.347 33.700
63.854 16.347 36.450
63.854 16.347 36.650
63.854 16.347 39.400
63.854 16.347 39.600
63.854 16.347 42.350
63.854 16.347 42.550
63.854 16.347 45.300
63.854 16.347 45.500
63.854 16.347 48.250
63.854 16.347 48.450
63.854 16.347 51.200
63.854 16.347 51.400
63.854 16.347 54.150
63.854 16.347 54.350
63.854 16.347 57.300
63.854 16.347 57.500
63.854 16.347 60.250
63.854 16.347 60.450
63.854 16.347 63.200
63.854 16.347 63.400
63.854 16.347 66.150
63.854 16.347 66.350
63.854 16.347 69.100
63.854 16.347 69.300
63.854 16.347 72.050
63.854 16.347 72.250
63.868 24.469 108.450
63.868 24.469 111.510
63.897 16.204 6.400
63.897 16.204 9.500
63.897 16.204 9.700
63.897 16.204 12.450
63.897 16.204 12.650
63.897 16.204 15.400
63.897 16.204 15.600
63.897 16.204 18.700
63.897 16.204 18.900
63.897 16.204 21.650
63.897 16.204 21.850
63.897 16.204 24.650
63.897 16.204 24.850
63.897 16.204 27.600
63.897 16.204 27.800
63.897 16.204 30.550
63.897 16.204 30.750
63.897 16.204 33.500
63.897 16.204 33.700
63.897 16.204 36.450
63.897 16.204 36.650
63.897 16.204 39.400
63.897 16.204 39.600
63.897 16.204 42.350
63.897 16.204 42.550
63.897 16.204 45.300
63.897 16.204 45.500
63.897 16.204 48.250
63.897 16.204 48.450
63.897 16.204 51.200
63.897 16.204 51.400
63.897 16.204 54.150
63.897 16.204 54.350
63.897 16.204 57.300
63.897 16.204 57.500
63.897 16.204 60.250
63.897 16.204 60.450
63.897 16.204 63.200
63.897 16.204 63.400
63.897 16.204 66.150
63.897 16.204 66.350
63.897 16.204 69.100
63.897 16.204 69.300
63.897 16.204 72.050
63.897 16.204 72.250
63.986 16.429 18.900
63.986 16.429 19.900
63.986 16.429 21.850
63.986 16.429 22.850
63.986 16.429 24.850
63.986 16.429 25.850
63.986 16.429 27.800
63.986 16.429 28.800
63.986 16.429 30.750
63.986 16.429 31.750
63.986 16.429 33.700
63.986 16.429 34.700
63.986 16.429 36.650
63.986 16.429 37.650
63.986 16.429 39.600
63.986 16.429 40.600
63.986 16.429 42.550
63.986 16.429 43.550
63.986 16.429 45.500
63.986 16.429 46.500
63.986 16.429 48.450
63.986 16.429 49.450
63.986 16.429 51.400
63.986 16.429 52.400
63.986 16.429 54.350
63.986 16.429 55.350
63.986 16.429 57.500
63.986 16.429 58.500
63.986 16.429 60.450
63.986 16.429 61.450
63.986 16.429 63.400
63.986 16.429 64.400
63.986 16.429 66.350
63.986 16.429 67.350
63.986 16.429 69.300
63.986 16.429 70.300
63.998 16.390 6.400
63.998 16.390 9.500
63.998 16.390 9.700
63.998 16.390 12.450
63.998 16.390 12.650
63.998 16.390 15.400
63.998 16.390 15.600
63.998 16.390 18.700
63.998 16.390 18.900
63.998 16.390 21.650
63.998 16.390 21.850
63.998 16.390 24.650
63.998 16.390 24.850
63.998 16.390 27.600
63.998 16.390 27.800
63.998 16.390 30.550
63.998 16.390 30.750
63.998 16.390 33.500
63.998 16.390 33.700
63.998 16.390 36.450
63.998 16.390 36.650
63.998 16.390 39.400
63.998 16.390 39.600
63.998 16.390 42.350
63.998 16.390 42.550
63.998 16.390 45.300
63.998 16.390 45.500
63.998 16.390 48.250
63.998 16.390 48.450
63.998 16.390 51.200
63.998 16.390 51.400
63.998 16.390 54.150
63.998 16.390 54.350
63.998 16.390 57.300
63.998 16.390 57.500
63.998 16.390 60.250
63.998 16.390 60.450
63.998 16.390 63.200
63.998 16.390 63.400
63.998 16.390 66.150
63.998 16.390 66.350
63.998 16.390 69.100
63.998 16.390 69.300
63.998 16.390 72.050
63.998 16.390 72.250
64.001 16.381 9.700
64.001 16.381 10.700
64.001 16.381 12.650
64.001 16.381 13.650
64.001 16.381 15.600
64.001 16.381 16.600
64.015 16.333 18.700
64.015 16.333 18.900
64.015 16.333 19.900
64.015 16.333 21.650
64.015 16.333 21.850
64.015 16.333 22.850
64.015 16.333 24.650
64.015 16.333 24.850
64.015 16.333 25.850
64.015 16.333 27.600
64.015 16.333 27.800
64.015 16.333 28.800
64.015 16.333 30.550
64.015 16.333 30.750
64.015 16.333 31.750
64.015 16.333 33.500
64.015 16.333 33.700
64.015 16.333 34.700
64.015 16.333 36.450
64.015 16.333 36.650
64.015 16.333 37.650
64.015 16.333 39.400
64.015 16.333 39.600
64.015 16.333 40.600
64.015 16.333 42.350
64.015 16.333 42.550
64.015 16.333 43.550
64.015 16.333 45.300
64.015 16.333 45.500
64.015 16.333 46.500
64.015 16.333 48.250
64.015 16.333 48.450
64.015 16.333 49.450
64.015 16.333 51.200
64.015 16.333 51.400
64.015 16.333 52.400
64.015 16.333 54.150
64.015 16.333 54.350
64.015 16.333 55.350
64.015 16.333 57.300
64.015 16.333 57.500
64.015 16.333 58.500
64.015 16.333 60.250
64.015 16.333 60.450
64.015 16.333 61.450
64.015 16.333 63.200
64.015 16.333 63.400
64.015 16.333 64.400
64.015 16.333 66.150
64.015 16.333 66.350
64.015 16.333 67.350
64.015 16.333 69.100
64.015 16.333 69.300
64.015 16.333 70.300
64.029 16.285 5.400
64.029 16.285 6.400
64.029 16.285 9.500
64.029 16.285 9.700
64.029 16.285 10.700
64.029 16.285 12.450
64.029 16.285 12.650
64.029 16.285 13.650
64.029 16.285 15.400
64.029 16.285 15.600
64.029 16.285 16.600
64.041 16.247 6.400
64.041 16.247 9.700
64.041 16.247 18.900
64.041 16.247 21.850
64.041 16.247 72.250
64.077 18.082 108.250
64.077 18.082 109.150
64.183 39.672 108.250
64.183 39.672 109.150
64.274 40.969 93.150
64.274 40.969 94.150
64.341 40.989 21.850
64.341 40.989 22.850
64.341 40.989 24.850
64.341 40.989 25.850
64.341 40.989 27.800
64.341 40.989 28.800
64.341 40.989 30.750
64.341 40.989 31.750
64.341 40.989 33.700
64.341 40.989 34.700
64.341 40.989 36.650
64.341 40.989 37.650
64.341 40.989 39.600
64.341 40.989 40.600
64.341 40.989 42.550
64.341 40.989 43.550
64.341 40.989 45.500
64.341 40.989 46.500
64.341 40.989 48.450
64.341 40.989 49.450
64.341 40.989 51.400
64.341 40.989 52.400
64.341 40.989 54.350
64.341 40.989 55.350
64.341 40.989 57.500
64.341 40.989 58.500
64.341 40.989 60.450
64.341 40.989 61.450
64.341 40.989 63.400
64.341 40.989 64.400
64.341 40.989 66.350
64.341 40.989 67.350
64.341 40.989 69.300
64.341 40.989 70.300
64.341 40.989 72.250
64.341 40.989 73.250
64.341 40.989 75.200
64.341 40.989 76.200
64.341 40.989 78.150
64.341 40.989 79.150
64.341 40.989 81.100
64.341 40.989 82.100
64.341 40.989 84.050
64.341 40.989 85.050
64.341 40.989 87.000
64.341 40.989 88.000
64.341 40.989 89.950
64.341 40.989 90.950
64.341 41.094 92.950
64.341 41.094 93.150
64.341 41.094 94.150
64.374 37.641 108.250
64.374 37.641 109.150
64.408 41.114 21.650
64.408 41.114 21.850
64.408 41.114 22.850
64.408 41.114 24.650
64.408 41.114 24.850
64.408 41.114 25.850
64.408 41.114 27.600
64.408 41.114 27.800
64.408 41.114 28.800
64.408 41.114 30.550
64.408 41.114 30.750
64.408 41.114 31.750
64.408 41.114 33.500
64.408 41.114 33.700
64.408 41.114 34.700
64.408 41.114 36.450
64.408 41.114 36.650
64.408 41.114 37.650
64.408 41.114 39.400
64.408 41.114 39.600
64.408 41.114 40.600
64.408 41.114 42.350
64.408 41.114 42.550
64.408 41.114 43.550
64.408 41.114 45.300
64.408 41.114 45.500
64.408 41.114 46.500
64.408 41.114 48.250
64.408 41.114 48.450
64.408 41.114 49.450
64.408 41.114 51.200
64.408 41.114 51.400
64.408 41.114 52.400
64.408 41.114 54.150
64.408 41.114 54.350
64.408 41.114 55.350
64.408 41.114 57.300
64.408 41.114 57.500
64.408 41.114 58.500
64.408 41.114 60.250
64.408 41.114 60.450
64.408 41.114 61.450
64.408 41.114 63.200
64.408 41.114 63.400
64.408 41.114 64.400
64.408 41.114 66.150
64.408 41.114 66.350
64.408 41.114 67.350
64.408 41.114 69.100
64.408 41.114 69.300
64.408 41.114 70.300
64.408 41.114 72.050
64.408 41.114 72.250
64.408 41.114 73.250
64.408 41.114 75.000
64.408 41.114 75.200
64.408 41.114 76.200
64.408 41.114 77.950
64.408 41.114 78.150
64.408 41.114 79.150
64.408 41.114 80.900
64.408 41.114 81.100
64.408 41.114 82.100
64.408 41.114 83.850
64.408 41.114 84.050
64.408 41.114 85.050
64.408 41.114 86.800
64.408 41.114 87.000
64.408 41.114 88.000
64.408 41.114 89.750
64.408 41.114 89.950
64.408 41.114 90.950
64.526 18.339 3.620
64.526 18.339 4.370
64.681 39.610 93.150
64.681 39.610 94.150
64.684 39.600 93.150
64.684 39.600 94.150
64.748 39.630 21.850
64.748 39.630 22.850
64.748 39.630 24.850
64.748 39.630 25.850
64.748 39.630 27.800
64.748 39.630 28.800
64.748 39.630 30.750
64.748 39.630 31.750
64.748 39.630 33.700
64.748 39.630 34.700
64.748 39.630 36.650
64.748 39.630 37.650
64.748 39.630 39.600
64.748 39.630 40.600
64.748 39.630 42.550
64.748 39.630 43.550
64.748 39.630 45.500
64.748 39.630 46.500
64.748 39.630 48.450
64.748 39.630 49.450
64.748 39.630 51.400
64.748 39.630 52.400
64.748 39.630 54.350
64.748 39.630 55.350
64.748 39.630 57.500
64.748 39.630 58.500
64.748 39.630 60.450
64.748 39.630 61.450
64.748 39.630 63.400
64.748 39.630 64.400
64.748 39.630 66.350
64.748 39.630 67.350
64.748 39.630 69.300
64.748 39.630 70.300
64.748 39.630 72.250
64.748 39.630 73.250
64.748 39.630 75.200
64.748 39.630 76.200
64.748 39.630 78.150
64.748 39.630 79.150
64.748 39.630 81.100
64.748 39.630 82.100
64.748 39.630 84.050
64.748 39.630 85.050
64.748 39.630 87.000
64.748 39.630 88.000
64.748 39.630 89.950
64.748 39.630 90.950
64.757 37.756 108.250
64.757 37.756 109.150
64.776 39.294 93.150
64.776 39.294 94.150
64.780 39.629 92.950
64.780 39.629 93.150
64.780 39.629 94.150
64.844 39.659 21.650
64.844 39.659 21.850
64.844 39.659 22.850
64.844 39.659 24.650
64.844 39.659 24.850
64.844 39.659 25.850
64.844 39.659 27.600
64.844 39.659 27.800
64.844 39.659 28.800
64.844 39.659 30.550
64.844 39.659 30.750
64.844 39.659 31.750
64.844 39.659 33.500
64.844 39.659 33.700
64.844 39.659 34.700
64.844 39.659 36.450
64.844 39.659 36.650
64.844 39.659 37.650
64.844 39.659 39.400
64.844 39.659 39.600
64.844 39.659 40.600
64.844 39.659 42.350
64.844 39.659 42.550
64.844 39.659 43.550
64.844 39.659 45.300
64.844 39.659 45.500
64.844 39.659 46.500
64.844 39.659 48.250
64.844 39.659 48.450
64.844 39.659 49.450
64.844 39.659 51.200
64.844 39.659 51.400
64.844 39.659 52.400
64.844 39.659 54.150
64.844 39.659 54.350
64.844 39.659 55.350
64.844 39.659 57.300
64.844 39.659 57.500
64.844 39.659 58.500
64.844 39.659 60.250
64.844 39.659 60.450
64.844 39.659 61.450
64.844 39.659 63.200
64.844 39.659 63.400
64.844 39.659 64.400
64.844 39.659 66.150
64.844 39.659 66.350
64.844 39.659 67.350
64.844 39.659 69.100
64.844 39.659 69.300
64.844 39.659 70.300
64.844 39.659 72.050
64.844 39.659 72.250
64.844 39.659 73.250
64.844 39.659 75.000
64.844 39.659 75.200
64.844 39.659 76.200
64.844 39.659 77.950
64.844 39.659 78.150
64.844 39.659 79.150
64.844 39.659 80.900
64.844 39.659 81.100
64.844 39.659 82.100
64.844 39.659 83.850
64.844 39.659 84.050
64.844 39.659 85.050
64.844 39.659 86.800
64.844 39.659 87.000
64.844 39.659 88.000
64.844 39.659 89.750
64.844 39.659 89.950
64.844 39.659 90.950
65.131 20.486 108.250
65.131 20.486 109.150
65.514 20.601 108.250
65.514 20.601 109.150
65.531 14.984 3.620
65.531 14.984 4.370
65.705 18.570 108.250
65.705 18.570 109.150
65.812 40.160 108.250
65.812 40.160 109.150
66.088 18.685 108.250
66.088 18.685 109.150
66.195 40.275 108.250
66.195 40.275 109.150
66.386 38.244 108.250
66.386 38.244 109.150
66.769 38.359 108.250
66.769 38.359 109.150
66.807 40.247 6.400
66.807 40.247 9.500
66.807 40.247 9.700
66.807 40.247 12.450
66.807 40.247 12.650
66.807 40.247 15.400
66.807 40.247 15.600
66.807 40.247 18.700
66.807 40.247 18.900
66.807 40.247 21.650
66.807 40.247 21.850
66.807 40.247 24.650
66.807 40.247 24.850
66.807 40.247 27.600
66.807 40.247 27.800
66.807 40.247 30.550
66.807 40.247 30.750
66.807 40.247 33.500
66.807 40.247 33.700
66.807 40.247 36.450
66.807 40.247 36.650
66.807 40.247 39.400
66.807 40.247 39.600
66.807 40.247 42.350
66.807 40.247 42.550
66.807 40.247 45.300
66.807 40.247 45.500
66.807 40.247 48.250
66.807 40.247 48.450
66.807 40.247 51.200
66.807 40.247 51.400
66.807 40.247 54.150
66.807 40.247 54.350
66.807 40.247 57.300
66.807 40.247 57.500
66.807 40.247 60.250
66.807 40.247 60.450
66.807 40.247 63.200
66.807 40.247 63.400
66.807 40.247 66.150
66.807 40.247 66.350
66.807 40.247 69.100
66.807 40.247 69.300
66.807 40.247 72.050
66.807 40.247 72.250
66.807 40.247 73.650
66.807 40.247 75.000
66.807 40.247 75.200
66.807 40.247 77.950
66.807 40.247 78.150
66.807 40.247 80.900
66.807 40.247 81.100
66.807 40.247 83.850
66.807 40.247 84.050
66.807 40.247 86.800
66.807 40.247 87.000
66.807 40.247 89.750
66.807 40.247 89.950
66.807 40.247 92.950
66.807 40.247 93.150
66.812 17.486 5.200
66.812 17.486 5.400
66.812 17.486 6.400
66.812 17.486 7.390
66.812 17.486 9.500
66.812 17.486 9.700
66.812 17.486 12.450
66.812 17.486 12.650
66.812 17.486 15.400
66.812 17.486 15.600
66.812 17.486 18.700
66.812 17.486 18.900
66.812 17.486 20.400
66.812 17.486 21.650
66.812 17.486 21.850
66.812 17.486 24.650
66.812 17.486 24.850
66.812 17.486 27.600
66.812 17.486 27.800
66.812 17.486 30.550
66.812 17.486 30.750
66.812 17.486 33.500
66.812 17.486 33.700
66.812 17.486 36.450
66.812 17.486 36.650
66.812 17.486 39.400
66.812 17.486 39.600
66.812 17.486 42.350
66.812 17.486 42.550
66.812 17.486 45.300
66.812 17.486 45.500
66.812 17.486 48.250
66.812 17.486 48.450
66.812 17.486 51.200
66.812 17.486 51.400
66.812 17.486 54.150
66.812 17.486 54.350
66.812 17.486 57.300
66.812 17.486 57.500
66.812 17.486 60.250
66.812 17.486 60.450
66.812 17.486 63.200
66.812 17.486 63.400
66.812 17.486 66.150
66.812 17.486 66.350
66.812 17.486 69.100
66.812 17.486 69.300
66.812 17.486 71.460
66.812 17.486 73.650
66.836 40.151 6.400
66.836 40.151 9.500
66.836 40.151 9.700
66.836 40.151 12.450
66.836 40.151 12.650
66.836 40.151 15.400
66.836 40.151 15.600
66.836 40.151 18.700
66.836 40.151 18.900
66.836 40.151 21.650
66.836 40.151 21.850
66.836 40.151 24.650
66.836 40.151 24.850
66.836 40.151 27.600
66.836 40.151 27.800
66.836 40.151 30.550
66.836 40.151 30.750
66.836 40.151 33.500
66.836 40.151 33.700
66.836 40.151 36.450
66.836 40.151 36.650
66.836 40.151 39.400
66.836 40.151 39.600
66.836 40.151 42.350
66.836 40.151 42.550
66.836 40.151 45.300
66.836 40.151 45.500
66.836 40.151 48.250
66.836 40.151 48.450
66.836 40.151 51.200
66.836 40.151 51.400
66.836 40.151 54.150
66.836 40.151 54.350
66.836 40.151 57.300
66.836 40.151 57.500
66.836 40.151 60.250
66.836 40.151 60.450
66.836 40.151 63.200
66.836 40.151 63.400
66.836 40.151 66.150
66.836 40.151 66.350
66.836 40.151 69.100
66.836 40.151 69.300
66.836 40.151 72.050
66.836 40.151 72.250
66.836 40.151 73.650
66.836 40.151 75.000
66.836 40.151 75.200
66.836 40.151 77.950
66.836 40.151 78.150
66.836 40.151 80.900
66.836 40.151 81.100
66.836 40.151 83.850
66.836 40.151 84.050
66.836 40.151 86.800
66.836 40.151 87.000
66.836 40.151 89.750
66.836 40.151 89.950
66.836 40.151 92.950
66.836 40.151 93.150
66.870 17.293 18.900
66.870 17.293 19.900
66.870 17.293 21.850
66.870 17.293 22.850
66.870 17.293 24.850
66.870 17.293 25.850
66.870 17.293 27.800
66.870 17.293 28.800
66.870 17.293 30.750
66.870 17.293 31.750
66.870 17.293 33.700
66.870 17.293 34.700
66.870 17.293 36.650
66.870 17.293 37.650
66.870 17.293 39.600
66.870 17.293 40.600
66.870 17.293 42.550
66.870 17.293 43.550
66.870 17.293 45.500
66.870 17.293 46.500
66.870 17.293 48.450
66.870 17.293 49.450
66.870 17.293 51.400
66.870 17.293 52.400
66.870 17.293 54.350
66.870 17.293 55.350
66.870 17.293 57.500
66.870 17.293 58.500
66.870 17.293 60.450
66.870 17.293 61.450
66.870 17.293 63.400
66.870 17.293 64.400
66.870 17.293 66.350
66.870 17.293 67.350
66.870 17.293 69.300
66.870 17.293 70.300
66.884 17.245 9.700
66.884 17.245 10.700
66.884 17.245 12.650
66.884 17.245 13.650
66.884 17.245 15.600
66.884 17.245 16.600
66.898 17.197 18.700
66.898 17.197 18.900
66.898 17.197 19.900
66.898 17.197 21.650
66.898 17.197 21.850
66.898 17.197 22.850
66.898 17.197 24.650
66.898 17.197 24.850
66.898 17.197 25.850
66.898 17.197 27.600
66.898 17.197 27.800
66.898 17.197 28.800
66.898 17.197 30.550
66.898 17.197 30.750
66.898 17.197 31.750
66.898 17.197 33.500
66.898 17.197 33.700
66.898 17.197 34.700
66.898 17.197 36.450
66.898 17.197 36.650
66.898 17.197 37.650
66.898 17.197 39.400
66.898 17.197 39.600
66.898 17.197 40.600
66.898 17.197 42.350
66.898 17.197 42.550
66.898 17.197 43.550
66.898 17.197 45.300
66.898 17.197 45.500
66.898 17.197 46.500
66.898 17.197 48.250
66.898 17.197 48.450
66.898 17.197 49.450
66.898 17.197 51.200
66.898 17.197 51.400
66.898 17.197 52.400
66.898 17.197 54.150
66.898 17.197 54.350
66.898 17.197 55.350
66.898 17.197 57.300
66.898 17.197 57.500
66.898 17.197 58.500
66.898 17.197 60.250
66.898 17.197 60.450
66.898 17.197 61.450
66.898 17.197 63.200
66.898 17.197 63.400
66.898 17.197 64.400
66.898 17.197 66.150
66.898 17.197 66.350
66.898 17.197 67.350
66.898 17.197 69.100
66.898 17.197 69.300
66.898 17.197 70.300
66.913 17.149 5.400
66.913 17.149 6.400
66.913 17.149 9.500
66.913 17.149 9.700
66.913 17.149 10.700
66.913 17.149 12.450
66.913 17.149 12.650
66.913 17.149 13.650
66.913 17.149 15.400
66.913 17.149 15.600
66.913 17.149 16.600
66.967 16.969 5.200
66.967 16.969 7.390
66.967 16.969 20.400
66.967 16.969 21.850
66.967 16.969 71.460
66.967 16.969 73.650
67.142 21.089 108.250
67.142 21.089 109.150
67.146 21.144 103.450
67.146 21.144 104.450
67.433 21.230 92.950
67.433 21.230 93.150
67.433 21.230 96.250
67.433 21.230 96.450
67.433 21.230 99.550
67.433 21.230 99.750
67.433 21.230 103.250
67.433 21.230 103.450
67.433 21.230 104.450
67.443 19.314 6.400
67.443 19.314 9.700
67.443 19.314 18.900
67.443 19.314 21.650
67.443 19.314 21.850
67.443 19.314 24.650
67.443 19.314 24.850
67.443 19.314 27.600
67.443 19.314 27.800
67.443 19.314 30.550
67.443 19.314 30.750
67.443 19.314 33.500
67.443 19.314 33.700
67.443 19.314 36.450
67.443 19.314 36.650
67.443 19.314 39.400
67.443 19.314 39.600
67.443 19.314 42.350
67.443 19.314 42.550
67.443 19.314 45.300
67.443 19.314 45.500
67.443 19.314 48.250
67.443 19.314 48.450
67.443 19.314 51.200
67.443 19.314 51.400
67.443 19.314 54.150
67.443 19.314 54.350
67.443 19.314 57.300
67.443 19.314 57.500
67.443 19.314 60.250
67.443 19.314 60.450
67.443 19.314 63.200
67.443 19.314 63.400
67.443 19.314 66.150
67.443 19.314 66.350
67.443 19.314 69.100
67.443 19.314 69.300
67.443 19.314 72.250
67.526 21.203 108.250
67.526 21.203 109.150
67.587 19.671 103.450
67.587 19.671 104.450
67.609 17.938 0.000
67.609 17.938 6.400
67.610 17.973 0.000
67.610 17.973 6.400
67.612 17.903 0.000
67.612 17.903 6.400
67.613 18.007 0.000
67.613 18.007 6.400
67.617 17.868 0.000
67.617 17.868 6.400
67.620 18.042 0.000
67.620 18.042 6.400
67.626 17.835 0.000
67.626 17.835 6.400
67.629 18.075 0.000
67.629 18.075 6.400
67.637 17.802 0.000
67.637 17.802 6.400
67.642 18.108 0.000
67.642 18.108 6.400
67.652 17.770 0.000
67.652 17.770 6.400
67.657 18.139 0.000
67.657 18.139 6.400
67.669 17.739 0.000
67.669 17.739 6.400
67.675 18.169 0.000
67.675 18.169 6.400
67.688 17.710 0.000
67.688 17.710 6.400
67.695 18.197 0.000
67.695 18.197 6.400
67.710 17.683 0.000
67.710 17.683 6.400
67.717 19.173 108.250
67.717 19.173 109.150
67.718 18.224 0.000
67.718 18.224 6.400
67.731 19.401 6.400
67.731 19.401 9.700
67.731 19.401 18.900
67.731 19.401 21.650
67.731 19.401 21.850
67.731 19.401 24.650
67.731 19.401 24.850
67.731 19.401 27.600
67.731 19.401 27.800
67.731 19.401 30.550
67.731 19.401 30.750
67.731 19.401 33.500
67.731 19.401 33.700
67.731 19.401 36.450
67.731 19.401 36.650
67.731 19.401 39.400
67.731 19.401 39.600
67.731 19.401 42.350
67.731 19.401 42.550
67.731 19.401 45.300
67.731 19.401 45.500
67.731 19.401 48.250
67.731 19.401 48.450
67.731 19.401 51.200
67.731 19.401 51.400
67.731 19.401 54.150
67.731 19.401 54.350
67.731 19.401 57.300
67.731 19.401 57.500
67.731 19.401 60.250
67.731 19.401 60.450
67.731 19.401 63.200
67.731 19.401 63.400
67.731 19.401 66.150
67.731 19.401 66.350
67.731 19.401 69.100
67.731 19.401 69.300
67.731 19.401 72.250
67.735 17.658 0.000
67.735 17.658 6.400
67.743 18.248 0.000
67.743 18.248 6.400
67.761 17.636 0.000
67.761 17.636 6.400
67.770 18.270 0.000
67.770 18.270 6.400
67.774 19.570 93.150
67.774 19.570 96.250
67.774 19.570 96.450
67.774 19.570 99.550
67.774 19.570 99.750
67.774 19.570 103.250
67.774 19.570 103.450
67.789 17.615 0.000
67.789 17.615 6.400
67.799 18.290 0.000
67.799 18.290 6.400
67.817 19.426 93.150
67.817 19.426 96.250
67.817 19.426 96.450
67.817 19.426 99.550
67.817 19.426 99.750
67.817 19.426 103.250
67.817 19.426 103.450
67.819 17.597 0.000
67.819 17.597 6.400
67.823 40.762 108.250
67.823 40.762 109.150
67.830 18.307 0.000
67.830 18.307 6.400
67.851 17.582 0.000
67.851 17.582 6.400
67.861 18.321 0.000
67.861 18.321 6.400
67.883 17.570 0.000
67.883 17.570 6.400
67.894 17.811 6.400
67.894 17.811 9.700
67.894 17.811 18.900
67.894 17.811 21.650
67.894 17.811 21.850
67.894 17.811 24.650
67.894 17.811 24.850
67.894 17.811 27.600
67.894 17.811 27.800
67.894 17.811 30.550
67.894 17.811 30.750
67.894 17.811 33.500
67.894 17.811 33.700
67.894 17.811 36.450
67.894 17.811 36.650
67.894 17.811 39.400
67.894 17.811 39.600
67.894 17.811 42.350
67.894 17.811 42.550
67.894 17.811 45.300
67.894 17.811 45.500
67.894 17.811 48.250
67.894 17.811 48.450
67.894 17.811 51.200
67.894 17.811 51.400
67.894 17.811 54.150
67.894 17.811 54.350
67.894 17.811 57.300
67.894 17.811 57.500
67.894 17.811 60.250
67.894 17.811 60.450
67.894 17.811 63.200
67.894 17.811 63.400
67.894 17.811 66.150
67.894 17.811 66.350
67.894 17.811 69.100
67.894 17.811 69.300
67.894 17.811 72.250
67.894 18.333 0.000
67.894 18.333 6.400
67.917 17.560 0.000
67.917 17.560 6.400
67.918 19.613 93.150
67.918 19.613 96.250
67.918 19.613 96.450
67.918 19.613 99.550
67.918 19.613 99.750
67.918 19.613 103.250
67.918 19.613 103.450
67.928 18.341 0.000
67.928 18.341 6.400
67.932 19.565 96.450
67.932 19.565 97.450
67.932 19.565 99.750
67.932 19.565 100.750
67.951 17.554 0.000
67.951 17.554 6.400
67.957 40.592 6.400
67.957 40.592 9.500
67.957 40.592 9.700
67.957 40.592 12.450
67.957 40.592 12.650
67.957 40.592 15.400
67.957 40.592 15.600
67.957 40.592 18.700
67.957 40.592 18.900
67.957 40.592 21.650
67.957 40.592 21.850
67.957 40.592 24.650
67.957 40.592 24.850
67.957 40.592 27.600
67.957 40.592 27.800
67.957 40.592 30.550
67.957 40.592 30.750
67.957 40.592 33.500
67.957 40.592 33.700
67.957 40.592 36.450
67.957 40.592 36.650
67.957 40.592 39.400
67.957 40.592 39.600
67.957 40.592 42.350
67.957 40.592 42.550
67.957 40.592 45.300
67.957 40.592 45.500
67.957 40.592 48.250
67.957 40.592 48.450
67.957 40.592 51.200
67.957 40.592 51.400
67.957 40.592 54.150
67.957 40.592 54.350
67.957 40.592 57.300
67.957 40.592 57.500
67.957 40.592 60.250
67.957 40.592 60.450
67.957 40.592 63.200
67.957 40.592 63.400
67.957 40.592 66.150
67.957 40.592 66.350
67.957 40.592 69.100
67.957 40.592 69.300
67.957 40.592 72.050
67.957 40.592 72.250
67.957 40.592 73.650
67.957 40.592 75.000
67.957 40.592 75.200
67.957 40.592 77.950
67.957 40.592 78.150
67.957 40.592 80.900
67.957 40.592 81.100
67.957 40.592 83.850
67.957 40.592 84.050
67.957 40.592 86.800
67.957 40.592 87.000
67.957 40.592 89.750
67.957 40.592 89.950
67.957 40.592 92.950
67.957 40.592 93.150
67.961 19.469 92.950
67.961 19.469 93.150
67.961 19.469 96.250
67.961 19.469 96.450
67.961 19.469 97.450
67.961 19.469 99.550
67.961 19.469 99.750
67.961 19.469 100.750
67.961 19.469 103.450
67.961 19.469 104.450
67.963 18.347 0.000
67.963 18.347 6.400
67.986 17.550 0.000
67.986 17.550 6.400
67.986 40.496 6.400
67.986 40.496 9.500
67.986 40.496 9.700
67.986 40.496 12.450
67.986 40.496 12.650
67.986 40.496 15.400
67.986 40.496 15.600
67.986 40.496 18.700
67.986 40.496 18.900
67.986 40.496 21.650
67.986 40.496 21.850
67.986 40.496 24.650
67.986 40.496 24.850
67.986 40.496 27.600
67.986 40.496 27.800
67.986 40.496 30.550
67.986 40.496 30.750
67.986 40.496 33.500
67.986 40.496 33.700
67.986 40.496 36.450
67.986 40.496 36.650
67.986 40.496 39.400
67.986 40.496 39.600
67.986 40.496 42.350
67.986 40.496 42.550
67.986 40.496 45.300
67.986 40.496 45.500
67.986 40.496 48.250
67.986 40.496 48.450
67.986 40.496 51.200
67.986 40.496 51.400
67.986 40.496 54.150
67.986 40.496 54.350
67.986 40.496 57.300
67.986 40.496 57.500
67.986 40.496 60.250
67.986 40.496 60.450
67.986 40.496 63.200
67.986 40.496 63.400
67.986 40.496 66.150
67.986 40.496 66.350
67.986 40.496 69.100
67.986 40.496 69.300
67.986 40.496 72.050
67.986 40.496 72.250
67.986 40.496 73.650
67.986 40.496 75.000
67.986 40.496 75.200
67.986 40.496 77.950
67.986 40.496 78.150
67.986 40.496 80.900
67.986 40.496 81.100
67.986 40.496 83.850
67.986 40.496 84.050
67.986 40.496 86.800
67.986 40.496 87.000
67.986 40.496 89.750
67.986 40.496 89.950
67.986 40.496 92.950
67.986 40.496 93.150
67.997 18.349 0.000
67.997 18.349 6.400
68.021 17.550 0.000
68.021 17.550 6.400
68.032 18.349 0.000
68.032 18.349 6.400
68.056 17.552 0.000
68.056 17.552 6.400
68.067 18.345 0.000
68.067 18.345 6.400
68.090 17.558 0.000
68.090 17.558 6.400
68.100 19.288 108.250
68.100 19.288 109.150
68.101 18.339 0.000
68.101 18.339 6.400
68.124 17.566 0.000
68.124 17.566 6.400
68.135 18.329 0.000
68.135 18.329 6.400
68.157 17.578 0.000
68.157 17.578 6.400
68.167 18.317 0.000
68.167 18.317 6.400
68.182 17.897 6.400
68.182 17.897 9.700
68.182 17.897 18.900
68.182 17.897 21.650
68.182 17.897 21.850
68.182 17.897 24.650
68.182 17.897 24.850
68.182 17.897 27.600
68.182 17.897 27.800
68.182 17.897 30.550
68.182 17.897 30.750
68.182 17.897 33.500
68.182 17.897 33.700
68.182 17.897 36.450
68.182 17.897 36.650
68.182 17.897 39.400
68.182 17.897 39.600
68.182 17.897 42.350
68.182 17.897 42.550
68.182 17.897 45.300
68.182 17.897 45.500
68.182 17.897 48.250
68.182 17.897 48.450
68.182 17.897 51.200
68.182 17.897 51.400
68.182 17.897 54.150
68.182 17.897 54.350
68.182 17.897 57.300
68.182 17.897 57.500
68.182 17.897 60.250
68.182 17.897 60.450
68.182 17.897 63.200
68.182 17.897 63.400
68.182 17.897 66.150
68.182 17.897 66.350
68.182 17.897 69.100
68.182 17.897 69.300
68.182 17.897 72.250
68.189 17.592 0.000
68.189 17.592 6.400
68.199 18.302 0.000
68.199 18.302 6.400
68.206 40.877 108.250
68.206 40.877 109.150
68.219 17.609 0.000
68.219 17.609 6.400
68.229 18.284 0.000
68.229 18.284 6.400
68.244 37.966 108.250
68.244 37.966 109.150
68.248 17.629 0.000
68.248 17.629 6.400
68.257 18.263 0.000
68.257 18.263 6.400
68.275 17.651 0.000
68.275 17.651 6.400
68.284 18.240 0.000
68.284 18.240 6.400
68.300 17.675 0.000
68.300 17.675 6.400
68.308 18.215 0.000
68.308 18.215 6.400
68.323 17.701 0.000
68.323 17.701 6.400
68.330 18.188 0.000
68.330 18.188 6.400
68.343 17.730 0.000
68.343 17.730 6.400
68.350 18.159 0.000
68.350 18.159 6.400
68.361 17.760 0.000
68.361 17.760 6.400
68.367 18.129 0.000
68.367 18.129 6.400
68.376 17.791 0.000
68.376 17.791 6.400
68.381 18.097 0.000
68.381 18.097 6.400
68.389 17.824 0.000
68.389 17.824 6.400
68.392 18.064 0.000
68.392 18.064 6.400
68.397 38.847 108.250
68.397 38.847 109.150
68.398 17.857 0.000
68.398 17.857 6.400
68.401 18.030 0.000
68.401 18.030 6.400
68.405 17.892 0.000
68.405 17.892 6.400
68.406 17.996 0.000
68.406 17.996 6.400
68.408 17.926 0.000
68.408 17.926 6.400
68.409 17.961 0.000
68.409 17.961 6.400
68.603 38.854 93.150
68.603 38.854 96.250
68.603 38.854 96.450
68.603 38.854 99.550
68.603 38.854 99.750
68.603 38.854 103.250
68.603 38.854 103.450
68.646 38.710 93.150
68.646 38.710 96.250
68.646 38.710 96.450
68.646 38.710 99.550
68.646 38.710 99.750
68.646 38.710 103.250
68.646 38.710 103.450
68.747 38.897 92.950
68.747 38.897 93.150
68.747 38.897 96.250
68.747 38.897 96.450
68.747 38.897 99.550
68.747 38.897 99.750
68.747 38.897 103.450
68.747 38.897 108.450
68.781 38.962 108.250
68.781 38.962 109.150
68.790 38.754 93.150
68.790 38.754 96.250
68.790 38.754 96.450
68.790 38.754 99.550
68.790 38.754 99.750
68.790 38.754 103.250
68.790 38.754 103.450
68.896 38.576 108.250
68.896 38.576 109.150
68.909 18.115 5.200
68.909 18.115 5.400
68.909 18.115 6.400
68.909 18.115 9.500
68.909 18.115 9.700
68.909 18.115 12.450
68.909 18.115 12.650
68.909 18.115 15.400
68.909 18.115 15.600
68.909 18.115 18.700
68.909 18.115 18.900
68.909 18.115 20.400
68.909 18.115 21.650
68.909 18.115 21.850
68.909 18.115 24.650
68.909 18.115 24.850
68.909 18.115 27.600
68.909 18.115 27.800
68.909 18.115 30.550
68.909 18.115 30.750
68.909 18.115 33.500
68.909 18.115 33.700
68.909 18.115 36.450
68.909 18.115 36.650
68.909 18.115 39.400
68.909 18.115 39.600
68.909 18.115 42.350
68.909 18.115 42.550
68.909 18.115 45.300
68.909 18.115 45.500
68.909 18.115 48.250
68.909 18.115 48.450
68.909 18.115 51.200
68.909 18.115 51.400
68.909 18.115 54.150
68.909 18.115 54.350
68.909 18.115 57.300
68.909 18.115 57.500
68.909 18.115 60.250
68.909 18.115 60.450
68.909 18.115 63.200
68.909 18.115 63.400
68.909 18.115 66.150
68.909 18.115 66.350
68.909 18.115 69.100
68.909 18.115 69.300
68.909 18.115 73.650
68.953 17.969 6.400
68.953 17.969 7.400
68.953 17.969 9.700
68.953 17.969 10.700
68.953 17.969 12.650
68.953 17.969 13.650
68.953 17.969 15.600
68.953 17.969 16.600
68.953 17.969 18.900
68.953 17.969 19.900
68.968 17.921 21.850
68.968 17.921 22.850
68.968 17.921 24.850
68.968 17.921 25.850
68.968 17.921 27.800
68.968 17.921 28.800
68.968 17.921 30.750
68.968 17.921 31.750
68.968 17.921 33.700
68.968 17.921 34.700
68.968 17.921 36.650
68.968 17.921 37.650
68.968 17.921 39.600
68.968 17.921 40.600
68.968 17.921 42.550
68.968 17.921 43.550
68.968 17.921 45.500
68.968 17.921 46.500
68.968 17.921 48.450
68.968 17.921 49.450
68.968 17.921 51.400
68.968 17.921 52.400
68.968 17.921 54.350
68.968 17.921 55.350
68.968 17.921 57.500
68.968 17.921 58.500
68.968 17.921 60.450
68.968 17.921 61.450
68.968 17.921 63.400
68.968 17.921 64.400
68.968 17.921 66.350
68.968 17.921 67.350
68.968 17.921 69.300
68.968 17.921 70.300
68.982 17.873 5.400
68.982 17.873 6.400
68.982 17.873 7.400
68.982 17.873 9.500
68.982 17.873 9.700
68.982 17.873 10.700
68.982 17.873 12.450
68.982 17.873 12.650
68.982 17.873 13.650
68.982 17.873 15.400
68.982 17.873 15.600
68.982 17.873 16.600
68.982 17.873 18.700
68.982 17.873 18.900
68.982 17.873 19.900
68.996 17.826 21.650
68.996 17.826 21.850
68.996 17.826 22.850
68.996 17.826 24.650
68.996 17.826 24.850
68.996 17.826 25.850
68.996 17.826 27.600
68.996 17.826 27.800
68.996 17.826 28.800
68.996 17.826 30.550
68.996 17.826 30.750
68.996 17.826 31.750
68.996 17.826 33.500
68.996 17.826 33.700
68.996 17.826 34.700
68.996 17.826 36.450
68.996 17.826 36.650
68.996 17.826 37.650
68.996 17.826 39.400
68.996 17.826 39.600
68.996 17.826 40.600
68.996 17.826 42.350
68.996 17.826 42.550
68.996 17.826 43.550
68.996 17.826 45.300
68.996 17.826 45.500
68.996 17.826 46.500
68.996 17.826 48.250
68.996 17.826 48.450
68.996 17.826 49.450
68.996 17.826 51.200
68.996 17.826 51.400
68.996 17.826 52.400
68.996 17.826 54.150
68.996 17.826 54.350
68.996 17.826 55.350
68.996 17.826 57.300
68.996 17.826 57.500
68.996 17.826 58.500
68.996 17.826 60.250
68.996 17.826 60.450
68.996 17.826 61.450
68.996 17.826 63.200
68.996 17.826 63.400
68.996 17.826 64.400
68.996 17.826 66.150
68.996 17.826 66.350
68.996 17.826 67.350
68.996 17.826 69.100
68.996 17.826 69.300
68.996 17.826 70.300
69.011 38.192 108.250
69.011 38.192 109.150
69.053 37.527 103.450
69.053 37.527 105.950
69.053 37.527 108.450
69.065 17.598 5.200
69.065 17.598 20.400
69.065 17.598 21.850
69.065 17.598 73.650
69.148 37.556 103.450
69.148 37.556 105.950
69.148 37.556 108.450
69.154 21.691 108.250
69.154 21.691 109.150
69.471 33.870 108.250
69.471 33.870 109.150
69.530 36.462 108.250
69.530 36.462 109.150
69.537 21.806 108.250
69.537 21.806 109.150
69.583 35.757 103.450
69.583 35.757 105.950
69.583 35.757 108.450
69.586 33.487 108.250
69.586 33.487 109.150
69.645 36.079 108.250
69.645 36.079 109.150
69.679 35.786 103.450
69.679 35.786 105.950
69.679 35.786 108.450
69.728 19.776 108.250
69.728 19.776 109.150
69.940 41.081 96.450
69.940 41.081 97.450
69.940 41.081 99.750
69.940 41.081 100.750
70.007 41.206 96.250
70.007 41.206 96.450
70.007 41.206 97.450
70.007 41.206 99.550
70.007 41.206 99.750
70.007 41.206 100.750
70.111 19.890 108.250
70.111 19.890 109.150
70.163 34.348 108.250
70.163 34.348 109.150
70.256 41.281 6.400
70.256 41.281 9.500
70.256 41.281 9.700
70.256 41.281 12.450
70.256 41.281 12.650
70.256 41.281 15.400
70.256 41.281 15.600
70.256 41.281 18.700
70.256 41.281 18.900
70.256 41.281 21.650
70.256 41.281 21.850
70.256 41.281 24.650
70.256 41.281 24.850
70.256 41.281 27.600
70.256 41.281 27.800
70.256 41.281 30.550
70.256 41.281 30.750
70.256 41.281 33.500
70.256 41.281 33.700
70.256 41.281 36.450
70.256 41.281 36.650
70.256 41.281 39.400
70.256 41.281 39.600
70.256 41.281 42.350
70.256 41.281 42.550
70.256 41.281 45.300
70.256 41.281 45.500
70.256 41.281 48.250
70.256 41.281 48.450
70.256 41.281 51.200
70.256 41.281 51.400
70.256 41.281 54.150
70.256 41.281 54.350
70.256 41.281 57.300
70.256 41.281 57.500
70.256 41.281 60.250
70.256 41.281 60.450
70.256 41.281 63.200
70.256 41.281 63.400
70.256 41.281 66.150
70.256 41.281 66.350
70.256 41.281 69.100
70.256 41.281 69.300
70.256 41.281 72.050
70.256 41.281 72.250
70.256 41.281 73.650
70.256 41.281 75.000
70.256 41.281 75.200
70.256 41.281 77.950
70.256 41.281 78.150
70.256 41.281 80.900
70.256 41.281 81.100
70.256 41.281 83.850
70.256 41.281 84.050
70.256 41.281 86.800
70.256 41.281 87.000
70.256 41.281 89.750
70.256 41.281 89.950
70.256 41.281 92.950
70.256 41.281 93.150
70.278 33.965 108.250
70.278 33.965 109.150
70.285 41.185 6.400
70.285 41.185 9.500
70.285 41.185 9.700
70.285 41.185 12.450
70.285 41.185 12.650
70.285 41.185 15.400
70.285 41.185 15.600
70.285 41.185 18.700
70.285 41.185 18.900
70.285 41.185 21.650
70.285 41.185 21.850
70.285 41.185 24.650
70.285 41.185 24.850
70.285 41.185 27.600
70.285 41.185 27.800
70.285 41.185 30.550
70.285 41.185 30.750
70.285 41.185 33.500
70.285 41.185 33.700
70.285 41.185 36.450
70.285 41.185 36.650
70.285 41.185 39.400
70.285 41.185 39.600
70.285 41.185 42.350
70.285 41.185 42.550
70.285 41.185 45.300
70.285 41.185 45.500
70.285 41.185 48.250
70.285 41.185 48.450
70.285 41.185 51.200
70.285 41.185 51.400
70.285 41.185 54.150
70.285 41.185 54.350
70.285 41.185 57.300
70.285 41.185 57.500
70.285 41.185 60.250
70.285 41.185 60.450
70.285 41.185 63.200
70.285 41.185 63.400
70.285 41.185 66.150
70.285 41.185 66.350
70.285 41.185 69.100
70.285 41.185 69.300
70.285 41.185 72.050
70.285 41.185 72.250
70.285 41.185 73.650
70.285 41.185 75.000
70.285 41.185 75.200
70.285 41.185 77.950
70.285 41.185 78.150
70.285 41.185 80.900
70.285 41.185 81.100
70.285 41.185 83.850
70.285 41.185 84.050
70.285 41.185 86.800
70.285 41.185 87.000
70.285 41.185 89.750
70.285 41.185 89.950
70.285 41.185 92.950
70.285 41.185 93.150
70.557 20.247 21.850
70.557 20.247 22.850
70.557 20.247 24.850
70.557 20.247 25.850
70.557 20.247 27.800
70.557 20.247 28.800
70.557 20.247 30.750
70.557 20.247 31.750
70.557 20.247 33.700
70.557 20.247 34.700
70.557 20.247 36.650
70.557 20.247 37.650
70.557 20.247 39.600
70.557 20.247 40.600
70.557 20.247 42.550
70.557 20.247 43.550
70.557 20.247 45.500
70.557 20.247 46.500
70.557 20.247 48.450
70.557 20.247 49.450
70.557 20.247 51.400
70.557 20.247 52.400
70.557 20.247 54.350
70.557 20.247 55.350
70.557 20.247 57.500
70.557 20.247 58.500
70.557 20.247 60.450
70.557 20.247 61.450
70.557 20.247 63.400
70.557 20.247 64.400
70.557 20.247 66.350
70.557 20.247 67.350
70.557 20.247 69.300
70.557 20.247 70.300
70.557 20.247 72.250
70.557 20.247 73.250
70.557 20.247 75.200
70.557 20.247 76.200
70.557 20.247 78.150
70.557 20.247 79.150
70.652 20.276 21.650
70.652 20.276 21.850
70.652 20.276 22.850
70.652 20.276 24.650
70.652 20.276 24.850
70.652 20.276 25.850
70.652 20.276 27.600
70.652 20.276 27.800
70.652 20.276 28.800
70.652 20.276 30.550
70.652 20.276 30.750
70.652 20.276 31.750
70.652 20.276 33.500
70.652 20.276 33.700
70.652 20.276 34.700
70.652 20.276 36.450
70.652 20.276 36.650
70.652 20.276 37.650
70.652 20.276 39.400
70.652 20.276 39.600
70.652 20.276 40.600
70.652 20.276 42.350
70.652 20.276 42.550
70.652 20.276 43.550
70.652 20.276 45.300
70.652 20.276 45.500
70.652 20.276 46.500
70.652 20.276 48.250
70.652 20.276 48.450
70.652 20.276 49.450
70.652 20.276 51.200
70.652 20.276 51.400
70.652 20.276 52.400
70.652 20.276 54.150
70.652 20.276 54.350
70.652 20.276 55.350
70.652 20.276 57.300
70.652 20.276 57.500
70.652 20.276 58.500
70.652 20.276 60.250
70.652 20.276 60.450
70.652 20.276 61.450
70.652 20.276 63.200
70.652 20.276 63.400
70.652 20.276 64.400
70.652 20.276 66.150
70.652 20.276 66.350
70.652 20.276 67.350
70.652 20.276 69.100
70.652 20.276 69.300
70.652 20.276 70.300
70.652 20.276 72.050
70.652 20.276 72.250
70.652 20.276 73.250
70.652 20.276 75.000
70.652 20.276 75.200
70.652 20.276 76.200
70.652 20.276 77.950
70.652 20.276 78.150
70.652 20.276 79.150
70.797 32.234 108.250
70.797 32.234 109.150
70.830 31.721 93.150
70.830 31.721 96.250
70.830 31.721 96.450
70.830 31.721 99.550
70.830 31.721 99.750
70.830 31.721 103.250
70.830 31.721 103.450
70.892 31.739 93.150
70.892 31.739 96.250
70.892 31.739 96.450
70.892 31.739 99.550
70.892 31.739 99.750
70.892 31.739 103.250
70.892 31.739 103.450
70.912 31.851 108.250
70.912 31.851 109.150
71.065 18.550 21.850
71.065 18.550 22.850
71.065 18.550 24.850
71.065 18.550 25.850
71.065 18.550 27.800
71.065 18.550 28.800
71.065 18.550 30.750
71.065 18.550 31.750
71.065 18.550 33.700
71.065 18.550 34.700
71.065 18.550 36.650
71.065 18.550 37.650
71.065 18.550 39.600
71.065 18.550 40.600
71.065 18.550 42.550
71.065 18.550 43.550
71.065 18.550 45.500
71.065 18.550 46.500
71.065 18.550 48.450
71.065 18.550 49.450
71.065 18.550 51.400
71.065 18.550 52.400
71.065 18.550 54.350
71.065 18.550 55.350
71.065 18.550 57.500
71.065 18.550 58.500
71.065 18.550 60.450
71.065 18.550 61.450
71.065 18.550 63.400
71.065 18.550 64.400
71.065 18.550 66.350
71.065 18.550 67.350
71.065 18.550 69.300
71.065 18.550 70.300
71.065 18.550 72.250
71.065 18.550 73.250
71.065 18.550 75.200
71.065 18.550 76.200
71.065 18.550 78.150
71.065 18.550 79.150
71.166 22.294 108.250
71.166 22.294 109.150
71.190 18.483 21.650
71.190 18.483 21.850
71.190 18.483 22.850
71.190 18.483 24.650
71.190 18.483 24.850
71.190 18.483 25.850
71.190 18.483 27.600
71.190 18.483 27.800
71.190 18.483 28.800
71.190 18.483 30.550
71.190 18.483 30.750
71.190 18.483 31.750
71.190 18.483 33.500
71.190 18.483 33.700
71.190 18.483 34.700
71.190 18.483 36.450
71.190 18.483 36.650
71.190 18.483 37.650
71.190 18.483 39.400
71.190 18.483 39.600
71.190 18.483 40.600
71.190 18.483 42.350
71.190 18.483 42.550
71.190 18.483 43.550
71.190 18.483 45.300
71.190 18.483 45.500
71.190 18.483 46.500
71.190 18.483 48.250
71.190 18.483 48.450
71.190 18.483 49.450
71.190 18.483 51.200
71.190 18.483 51.400
71.190 18.483 52.400
71.190 18.483 54.150
71.190 18.483 54.350
71.190 18.483 55.350
71.190 18.483 57.300
71.190 18.483 57.500
71.190 18.483 58.500
71.190 18.483 60.250
71.190 18.483 60.450
71.190 18.483 61.450
71.190 18.483 63.200
71.190 18.483 63.400
71.190 18.483 64.400
71.190 18.483 66.150
71.190 18.483 66.350
71.190 18.483 67.350
71.190 18.483 69.100
71.190 18.483 69.300
71.190 18.483 70.300
71.190 18.483 72.050
71.190 18.483 72.250
71.190 18.483 73.250
71.190 18.483 75.000
71.190 18.483 75.200
71.190 18.483 76.200
71.190 18.483 77.950
71.190 18.483 78.150
71.190 18.483 79.150
71.190 18.483 80.900
71.190 18.483 81.100
71.190 18.483 83.850
71.190 18.483 84.050
71.190 18.483 86.800
71.190 18.483 87.000
71.190 18.483 89.750
71.190 18.483 89.950
71.222 28.027 108.250
71.222 28.027 109.150
71.287 30.198 93.150
71.287 30.198 96.250
71.287 30.198 96.450
71.287 30.198 99.550
71.287 30.198 99.750
71.287 30.198 103.250
71.287 30.198 103.450
71.337 27.644 108.250
71.337 27.644 109.150
71.348 30.216 93.150
71.348 30.216 96.250
71.348 30.216 96.450
71.348 30.216 99.550
71.348 30.216 99.750
71.348 30.216 103.250
71.348 30.216 103.450
71.405 41.625 6.400
71.405 41.625 9.500
71.405 41.625 9.700
71.405 41.625 12.450
71.405 41.625 12.650
71.405 41.625 15.400
71.405 41.625 15.600
71.405 41.625 18.700
71.405 41.625 18.900
71.405 41.625 21.650
71.405 41.625 21.850
71.405 41.625 24.650
71.405 41.625 24.850
71.405 41.625 27.600
71.405 41.625 27.800
71.405 41.625 30.550
71.405 41.625 30.750
71.405 41.625 33.500
71.405 41.625 33.700
71.405 41.625 36.450
71.405 41.625 36.650
71.405 41.625 39.400
71.405 41.625 39.600
71.405 41.625 42.350
71.405 41.625 42.550
71.405 41.625 45.300
71.405 41.625 45.500
71.405 41.625 48.250
71.405 41.625 48.450
71.405 41.625 51.200
71.405 41.625 51.400
71.405 41.625 54.150
71.405 41.625 54.350
71.405 41.625 57.300
71.405 41.625 57.500
71.405 41.625 60.250
71.405 41.625 60.450
71.405 41.625 63.200
71.405 41.625 63.400
71.405 41.625 66.150
71.405 41.625 66.350
71.405 41.625 69.100
71.405 41.625 69.300
71.405 41.625 72.050
71.405 41.625 72.250
71.405 41.625 73.650
71.405 41.625 75.000
71.405 41.625 75.200
71.405 41.625 77.950
71.405 41.625 78.150
71.405 41.625 80.900
71.405 41.625 81.100
71.405 41.625 83.850
71.405 41.625 84.050
71.405 41.625 86.800
71.405 41.625 87.000
71.405 41.625 89.750
71.405 41.625 89.950
71.405 41.625 92.950
71.405 41.625 93.150
71.430 30.120 108.250
71.430 30.120 109.150
71.434 41.529 6.400
71.434 41.529 9.500
71.434 41.529 9.700
71.434 41.529 12.450
71.434 41.529 12.650
71.434 41.529 15.400
71.434 41.529 15.600
71.434 41.529 18.700
71.434 41.529 18.900
71.434 41.529 21.650
71.434 41.529 21.850
71.434 41.529 24.650
71.434 41.529 24.850
71.434 41.529 27.600
71.434 41.529 27.800
71.434 41.529 30.550
71.434 41.529 30.750
71.434 41.529 33.500
71.434 41.529 33.700
71.434 41.529 36.450
71.434 41.529 36.650
71.434 41.529 39.400
71.434 41.529 39.600
71.434 41.529 42.350
71.434 41.529 42.550
71.434 41.529 45.300
71.434 41.529 45.500
71.434 41.529 48.250
71.434 41.529 48.450
71.434 41.529 51.200
71.434 41.529 51.400
71.434 41.529 54.150
71.434 41.529 54.350
71.434 41.529 57.300
71.434 41.529 57.500
71.434 41.529 60.250
71.434 41.529 60.450
71.434 41.529 63.200
71.434 41.529 63.400
71.434 41.529 66.150
71.434 41.529 66.350
71.434 41.529 69.100
71.434 41.529 69.300
71.434 41.529 72.050
71.434 41.529 72.250
71.434 41.529 73.650
71.434 41.529 75.000
71.434 41.529 75.200
71.434 41.529 77.950
71.434 41.529 78.150
71.434 41.529 80.900
71.434 41.529 81.100
71.434 41.529 83.850
71.434 41.529 84.050
71.434 41.529 86.800
71.434 41.529 87.000
71.434 41.529 89.750
71.434 41.529 89.950
71.434 41.529 92.950
71.434 41.529 93.150
71.545 29.737 108.250
71.545 29.737 109.150
71.549 22.409 108.250
71.549 22.409 109.150
71.549 40.906 0.000
71.549 40.906 6.400
71.740 20.378 108.250
71.740 20.378 109.150
71.823 43.336 9.500
71.823 43.336 9.700
71.823 43.336 12.450
71.823 43.336 12.650
71.823 43.336 15.400
71.823 43.336 15.600
71.823 43.336 18.700
71.823 43.336 18.900
71.929 42.981 5.400
71.929 42.981 6.400
71.929 42.981 7.400
71.978 42.818 5.400
71.978 42.818 6.400
71.978 42.818 7.400
72.025 42.917 0.000
72.025 42.917 6.400
72.054 42.914 6.400
72.054 42.914 7.400
72.064 28.006 108.250
72.064 28.006 109.150
72.102 42.751 6.400
72.102 42.751 7.400
72.123 20.493 108.250
72.123 20.493 109.150
72.134 42.054 108.250
72.134 42.054 109.150
72.179 27.623 108.250
72.179 27.623 109.150
72.402 42.552 108.250
72.402 42.552 109.150
72.411 41.582 93.150
72.411 41.582 94.150
72.429 41.566 0.000
72.429 41.566 6.400
72.489 41.950 18.900
72.489 41.950 21.650
72.489 41.950 21.850
72.489 41.950 24.650
72.489 41.950 24.850
72.489 41.950 27.600
72.489 41.950 27.800
72.489 41.950 30.550
72.489 41.950 30.750
72.489 41.950 33.500
72.489 41.950 33.700
72.489 41.950 36.450
72.489 41.950 36.650
72.489 41.950 39.400
72.489 41.950 39.600
72.489 41.950 42.350
72.489 41.950 42.550
72.489 41.950 45.300
72.489 41.950 45.500
72.489 41.950 48.250
72.489 41.950 48.450
72.489 41.950 51.200
72.489 41.950 51.400
72.489 41.950 54.150
72.489 41.950 54.350
72.489 41.950 57.300
72.489 41.950 57.500
72.489 41.950 60.250
72.489 41.950 60.450
72.489 41.950 63.200
72.489 41.950 63.400
72.489 41.950 66.150
72.489 41.950 66.350
72.489 41.950 69.100
72.489 41.950 69.300
72.489 41.950 72.050
72.489 41.950 72.250
72.489 41.950 73.650
72.489 41.950 75.000
72.489 41.950 75.200
72.489 41.950 77.950
72.489 41.950 78.150
72.489 41.950 80.900
72.489 41.950 81.100
72.489 41.950 83.850
72.489 41.950 84.050
72.489 41.950 86.800
72.489 41.950 87.000
72.489 41.950 89.750
72.489 41.950 89.950
72.489 41.950 92.950
72.489 41.950 93.150
72.532 41.806 18.900
72.532 41.806 21.650
72.532 41.806 21.850
72.532 41.806 24.650
72.532 41.806 24.850
72.532 41.806 27.600
72.532 41.806 27.800
72.532 41.806 30.550
72.532 41.806 30.750
72.532 41.806 33.500
72.532 41.806 33.700
72.532 41.806 36.450
72.532 41.806 36.650
72.532 41.806 39.400
72.532 41.806 39.600
72.532 41.806 42.350
72.532 41.806 42.550
72.532 41.806 45.300
72.532 41.806 45.500
72.532 41.806 48.250
72.532 41.806 48.450
72.532 41.806 51.200
72.532 41.806 51.400
72.532 41.806 54.150
72.532 41.806 54.350
72.532 41.806 57.300
72.532 41.806 57.500
72.532 41.806 60.250
72.532 41.806 60.450
72.532 41.806 63.200
72.532 41.806 63.400
72.532 41.806 66.150
72.532 41.806 66.350
72.532 41.806 69.100
72.532 41.806 69.300
72.532 41.806 72.050
72.532 41.806 72.250
72.532 41.806 73.650
72.532 41.806 75.000
72.532 41.806 75.200
72.532 41.806 77.950
72.532 41.806 78.150
72.532 41.806 80.900
72.532 41.806 81.100
72.532 41.806 83.850
72.532 41.806 84.050
72.532 41.806 86.800
72.532 41.806 87.000
72.532 41.806 89.750
72.532 41.806 89.950
72.532 41.806 92.950
72.532 41.806 93.150
72.565 23.548 108.250
72.565 23.548 109.150
72.632 41.993 18.700
72.632 41.993 18.900
72.632 41.993 21.850
72.632 41.993 72.250
72.632 41.993 93.150
72.632 41.993 94.150
72.635 41.983 92.950
72.635 41.983 93.150
72.676 41.849 18.900
72.676 41.849 21.650
72.676 41.849 21.850
72.676 41.849 24.650
72.676 41.849 24.850
72.676 41.849 27.600
72.676 41.849 27.800
72.676 41.849 30.550
72.676 41.849 30.750
72.676 41.849 33.500
72.676 41.849 33.700
72.676 41.849 36.450
72.676 41.849 36.650
72.676 41.849 39.400
72.676 41.849 39.600
72.676 41.849 42.350
72.676 41.849 42.550
72.676 41.849 45.300
72.676 41.849 45.500
72.676 41.849 48.250
72.676 41.849 48.450
72.676 41.849 51.200
72.676 41.849 51.400
72.676 41.849 54.150
72.676 41.849 54.350
72.676 41.849 57.300
72.676 41.849 57.500
72.676 41.849 60.250
72.676 41.849 60.450
72.676 41.849 63.200
72.676 41.849 63.400
72.676 41.849 66.150
72.676 41.849 66.350
72.676 41.849 69.100
72.676 41.849 69.300
72.676 41.849 72.050
72.676 41.849 72.250
72.676 41.849 73.650
72.676 41.849 75.000
72.676 41.849 75.200
72.676 41.849 77.950
72.676 41.849 78.150
72.676 41.849 80.900
72.676 41.849 81.100
72.676 41.849 83.850
72.676 41.849 84.050
72.676 41.849 86.800
72.676 41.849 87.000
72.676 41.849 89.750
72.676 41.849 89.950
72.676 41.849 92.950
72.676 41.849 93.150
72.697 25.892 108.250
72.697 25.892 109.150
72.707 40.595 93.150
72.707 40.595 94.150
72.812 25.509 108.250
72.812 25.509 109.150
72.824 39.752 108.250
72.824 39.752 109.150
72.938 39.369 108.250
72.938 39.369 109.150
72.997 40.776 92.950
72.997 40.776 93.150
72.997 40.776 94.150
73.006 40.747 21.650
73.006 40.747 21.850
73.006 40.747 22.850
73.006 40.747 24.650
73.006 40.747 24.850
73.006 40.747 25.850
73.006 40.747 27.600
73.006 40.747 27.800
73.006 40.747 28.800
73.006 40.747 30.550
73.006 40.747 30.750
73.006 40.747 31.750
73.006 40.747 33.500
73.006 40.747 33.700
73.006 40.747 34.700
73.006 40.747 36.450
73.006 40.747 36.650
73.006 40.747 37.650
73.006 40.747 39.400
73.006 40.747 39.600
73.006 40.747 40.600
73.006 40.747 42.350
73.006 40.747 42.550
73.006 40.747 43.550
73.006 40.747 45.300
73.006 40.747 45.500
73.006 40.747 46.500
73.006 40.747 48.250
73.006 40.747 48.450
73.006 40.747 49.450
73.006 40.747 51.200
73.006 40.747 51.400
73.006 40.747 52.400
73.006 40.747 54.150
73.006 40.747 54.350
73.006 40.747 55.350
73.006 40.747 57.300
73.006 40.747 57.500
73.006 40.747 58.500
73.006 40.747 60.250
73.006 40.747 60.450
73.006 40.747 61.450
73.006 40.747 63.200
73.006 40.747 63.400
73.006 40.747 64.400
73.006 40.747 66.150
73.006 40.747 66.350
73.006 40.747 67.350
73.006 40.747 69.100
73.006 40.747 69.300
73.006 40.747 70.300
73.006 40.747 72.050
73.006 40.747 72.250
73.006 40.747 73.250
73.006 40.747 75.000
73.006 40.747 75.200
73.006 40.747 76.200
73.006 40.747 77.950
73.006 40.747 78.150
73.006 40.747 79.150
73.006 40.747 80.900
73.006 40.747 81.100
73.006 40.747 82.100
73.006 40.747 83.850
73.006 40.747 84.050
73.006 40.747 85.050
73.006 40.747 86.800
73.006 40.747 87.000
73.006 40.747 88.000
73.006 40.747 89.750
73.006 40.747 89.950
73.006 40.747 90.950
73.023 40.690 93.150
73.023 40.690 94.150
73.026 40.680 93.150
73.026 40.680 94.150
73.034 40.652 21.850
73.034 40.652 22.850
73.034 40.652 24.850
73.034 40.652 25.850
73.034 40.652 27.800
73.034 40.652 28.800
73.034 40.652 30.750
73.034 40.652 31.750
73.034 40.652 33.700
73.034 40.652 34.700
73.034 40.652 36.650
73.034 40.652 37.650
73.034 40.652 39.600
73.034 40.652 40.600
73.034 40.652 42.550
73.034 40.652 43.550
73.034 40.652 45.500
73.034 40.652 46.500
73.034 40.652 48.450
73.034 40.652 49.450
73.034 40.652 51.400
73.034 40.652 52.400
73.034 40.652 54.350
73.034 40.652 55.350
73.034 40.652 57.500
73.034 40.652 58.500
73.034 40.652 60.450
73.034 40.652 61.450
73.034 40.652 63.400
73.034 40.652 64.400
73.034 40.652 66.350
73.034 40.652 67.350
73.034 40.652 69.300
73.034 40.652 70.300
73.034 40.652 72.250
73.034 40.652 73.250
73.034 40.652 75.200
73.034 40.652 76.200
73.034 40.652 78.150
73.034 40.652 79.150
73.034 40.652 81.100
73.034 40.652 82.100
73.034 40.652 84.050
73.034 40.652 85.050
73.034 40.652 87.000
73.034 40.652 88.000
73.034 40.652 89.950
73.034 40.652 90.950
73.177 22.897 108.250
73.177 22.897 109.150
73.310 23.147 93.150
73.310 23.147 96.250
73.310 23.147 96.450
73.310 23.147 99.550
73.310 23.147 99.750
73.310 23.147 103.250
73.310 23.147 103.450
73.312 35.021 0.000
73.312 35.021 6.400
73.331 23.778 108.250
73.331 23.778 109.150
73.353 23.004 93.150
73.353 23.004 96.250
73.353 23.004 96.450
73.353 23.004 99.550
73.353 23.004 99.750
73.353 23.004 103.250
73.353 23.004 103.450
73.413 34.686 0.000
73.413 34.686 6.400
73.446 23.395 108.250
73.446 23.395 109.150
73.454 23.190 93.150
73.454 23.190 96.250
73.454 23.190 96.450
73.454 23.190 99.550
73.454 23.190 99.750
73.454 23.190 103.250
73.454 23.190 103.450
73.457 37.638 108.250
73.457 37.638 109.150
73.497 23.047 92.950
73.497 23.047 93.150
73.497 23.047 96.250
73.497 23.047 96.450
73.497 23.047 99.550
73.497 23.047 99.750
73.497 23.047 103.450
73.497 23.047 108.450
73.561 23.012 108.250
73.561 23.012 109.150
73.572 37.255 108.250
73.572 37.255 109.150
73.751 20.981 108.250
73.751 20.981 109.150
74.091 35.525 108.250
74.091 35.525 109.150
74.135 21.096 108.250
74.135 21.096 109.150
74.205 35.141 108.250
74.205 35.141 109.150
74.383 42.517 6.400
74.383 42.517 9.500
74.383 42.517 9.700
74.383 42.517 12.450
74.383 42.517 12.650
74.383 42.517 15.400
74.383 42.517 15.600
74.383 42.517 18.700
74.383 42.517 18.900
74.426 42.373 6.400
74.426 42.373 9.500
74.426 42.373 9.700
74.426 42.373 12.450
74.426 42.373 12.650
74.426 42.373 15.400
74.426 42.373 15.600
74.426 42.373 18.700
74.426 42.373 18.900
74.512 41.888 80.900
74.512 41.888 94.150
74.526 42.560 5.400
74.526 42.560 6.400
74.526 42.560 9.500
74.526 42.560 9.700
74.526 42.560 12.450
74.526 42.560 12.650
74.526 42.560 15.400
74.526 42.560 15.600
74.526 42.560 18.900
74.569 42.417 6.400
74.569 42.417 9.500
74.569 42.417 9.700
74.569 42.417 12.450
74.569 42.417 12.650
74.569 42.417 15.400
74.569 42.417 15.600
74.569 42.417 18.700
74.569 42.417 18.900
74.607 41.916 80.900
74.607 41.916 94.150
74.627 42.225 0.000
74.627 42.225 6.400
74.693 41.284 80.900
74.693 41.284 94.150
74.704 41.288 80.900
74.704 41.288 94.150
74.721 41.188 93.150
74.721 41.188 94.150
74.724 33.411 108.250
74.724 33.411 109.150
74.730 41.160 21.850
74.730 41.160 22.850
74.730 41.160 24.850
74.730 41.160 25.850
74.730 41.160 27.800
74.730 41.160 28.800
74.730 41.160 30.750
74.730 41.160 31.750
74.730 41.160 33.700
74.730 41.160 34.700
74.730 41.160 36.650
74.730 41.160 37.650
74.730 41.160 39.600
74.730 41.160 40.600
74.730 41.160 42.550
74.730 41.160 43.550
74.730 41.160 45.500
74.730 41.160 46.500
74.730 41.160 48.450
74.730 41.160 49.450
74.730 41.160 51.400
74.730 41.160 52.400
74.730 41.160 54.350
74.730 41.160 55.350
74.730 41.160 57.500
74.730 41.160 58.500
74.730 41.160 60.450
74.730 41.160 61.450
74.730 41.160 63.400
74.730 41.160 64.400
74.730 41.160 66.350
74.730 41.160 67.350
74.730 41.160 69.300
74.730 41.160 70.300
74.730 41.160 72.250
74.730 41.160 73.250
74.730 41.160 75.200
74.730 41.160 76.200
74.730 41.160 78.150
74.730 41.160 79.150
74.730 41.160 81.100
74.730 41.160 82.100
74.730 41.160 84.050
74.730 41.160 85.050
74.730 41.160 87.000
74.730 41.160 88.000
74.730 41.160 89.950
74.730 41.160 90.950
74.736 41.861 0.000
74.736 41.861 6.400
74.788 41.313 80.900
74.788 41.313 92.950
74.788 41.313 93.150
74.788 41.313 94.150
74.797 41.284 21.650
74.797 41.284 21.850
74.797 41.284 22.850
74.797 41.284 24.650
74.797 41.284 24.850
74.797 41.284 25.850
74.797 41.284 27.600
74.797 41.284 27.800
74.797 41.284 28.800
74.797 41.284 30.550
74.797 41.284 30.750
74.797 41.284 31.750
74.797 41.284 33.500
74.797 41.284 33.700
74.797 41.284 34.700
74.797 41.284 36.450
74.797 41.284 36.650
74.797 41.284 37.650
74.797 41.284 39.400
74.797 41.284 39.600
74.797 41.284 40.600
74.797 41.284 42.350
74.797 41.284 42.550
74.797 41.284 43.550
74.797 41.284 45.300
74.797 41.284 45.500
74.797 41.284 46.500
74.797 41.284 48.250
74.797 41.284 48.450
74.797 41.284 49.450
74.797 41.284 51.200
74.797 41.284 51.400
74.797 41.284 52.400
74.797 41.284 54.150
74.797 41.284 54.350
74.797 41.284 55.350
74.797 41.284 57.300
74.797 41.284 57.500
74.797 41.284 58.500
74.797 41.284 60.250
74.797 41.284 60.450
74.797 41.284 61.450
74.797 41.284 63.200
74.797 41.284 63.400
74.797 41.284 64.400
74.797 41.284 66.150
74.797 41.284 66.350
74.797 41.284 67.350
74.797 41.284 69.100
74.797 41.284 69.300
74.797 41.284 70.300
74.797 41.284 72.050
74.797 41.284 72.250
74.797 41.284 73.250
74.797 41.284 75.000
74.797 41.284 75.200
74.797 41.284 76.200
74.797 41.284 77.950
74.797 41.284 78.150
74.797 41.284 79.150
74.797 41.284 80.900
74.797 41.284 81.100
74.797 41.284 82.100
74.797 41.284 83.850
74.797 41.284 84.050
74.797 41.284 85.050
74.797 41.284 86.800
74.797 41.284 87.000
74.797 41.284 88.000
74.797 41.284 89.750
74.797 41.284 89.950
74.797 41.284 90.950
74.800 41.316 80.900
74.800 41.316 94.150
74.839 33.027 108.250
74.839 33.027 109.150
74.885 40.684 80.900
74.885 40.684 94.150
74.980 40.713 80.900
74.980 40.713 94.150
75.247 33.044 18.900
75.247 33.044 21.650
75.247 33.044 21.850
75.247 33.044 24.650
75.247 33.044 24.850
75.247 33.044 27.600
75.247 33.044 27.800
75.247 33.044 30.550
75.247 33.044 30.750
75.247 33.044 33.500
75.247 33.044 33.700
75.247 33.044 36.450
75.247 33.044 36.650
75.247 33.044 39.400
75.247 33.044 39.600
75.247 33.044 42.350
75.247 33.044 42.550
75.247 33.044 45.300
75.247 33.044 45.500
75.247 33.044 48.250
75.247 33.044 48.450
75.247 33.044 51.200
75.247 33.044 51.400
75.247 33.044 54.150
75.247 33.044 54.350
75.247 33.044 57.300
75.247 33.044 57.500
75.247 33.044 60.250
75.247 33.044 60.450
75.247 33.044 63.200
75.247 33.044 63.400
75.247 33.044 66.150
75.247 33.044 66.350
75.247 33.044 69.100
75.247 33.044 69.300
75.247 33.044 72.050
75.247 33.044 72.250
75.247 33.044 73.650
75.247 33.044 75.000
75.247 33.044 75.200
75.247 33.044 77.950
75.247 33.044 78.150
75.247 33.044 80.900
75.247 33.044 81.100
75.247 33.044 83.850
75.247 33.044 84.050
75.247 33.044 86.800
75.247 33.044 87.000
75.247 33.044 89.750
75.247 33.044 89.950
75.247 33.044 92.950
75.247 33.044 93.150
75.309 33.063 18.900
75.309 33.063 21.650
75.309 33.063 21.850
75.309 33.063 24.650
75.309 33.063 24.850
75.309 33.063 27.600
75.309 33.063 27.800
75.309 33.063 30.550
75.309 33.063 30.750
75.309 33.063 33.500
75.309 33.063 33.700
75.309 33.063 36.450
75.309 33.063 36.650
75.309 33.063 39.400
75.309 33.063 39.600
75.309 33.063 42.350
75.309 33.063 42.550
75.309 33.063 45.300
75.309 33.063 45.500
75.309 33.063 48.250
75.309 33.063 48.450
75.309 33.063 51.200
75.309 33.063 51.400
75.309 33.063 54.150
75.309 33.063 54.350
75.309 33.063 57.300
75.309 33.063 57.500
75.309 33.063 60.250
75.309 33.063 60.450
75.309 33.063 63.200
75.309 33.063 63.400
75.309 33.063 66.150
75.309 33.063 66.350
75.309 33.063 69.100
75.309 33.063 69.300
75.309 33.063 72.050
75.309 33.063 72.250
75.309 33.063 73.650
75.309 33.063 75.000
75.309 33.063 75.200
75.309 33.063 77.950
75.309 33.063 78.150
75.309 33.063 80.900
75.309 33.063 81.100
75.309 33.063 83.850
75.309 33.063 84.050
75.309 33.063 86.800
75.309 33.063 87.000
75.309 33.063 89.750
75.309 33.063 89.950
75.309 33.063 92.950
75.309 33.063 93.150
75.358 31.297 108.250
75.358 31.297 109.150
75.473 30.913 108.250
75.473 30.913 109.150
75.691 21.890 96.450
75.691 21.890 97.450
75.691 21.890 99.750
75.691 21.890 100.750
75.704 31.521 18.900
75.704 31.521 21.650
75.704 31.521 21.850
75.704 31.521 24.650
75.704 31.521 24.850
75.704 31.521 27.600
75.704 31.521 27.800
75.704 31.521 30.550
75.704 31.521 30.750
75.704 31.521 33.500
75.704 31.521 33.700
75.704 31.521 36.450
75.704 31.521 36.650
75.704 31.521 39.400
75.704 31.521 39.600
75.704 31.521 42.350
75.704 31.521 42.550
75.704 31.521 45.300
75.704 31.521 45.500
75.704 31.521 48.250
75.704 31.521 48.450
75.704 31.521 51.200
75.704 31.521 51.400
75.704 31.521 54.150
75.704 31.521 54.350
75.704 31.521 57.300
75.704 31.521 57.500
75.704 31.521 60.250
75.704 31.521 60.450
75.704 31.521 63.200
75.704 31.521 63.400
75.704 31.521 66.150
75.704 31.521 66.350
75.704 31.521 69.100
75.704 31.521 69.300
75.704 31.521 72.050
75.704 31.521 72.250
75.704 31.521 73.650
75.704 31.521 75.000
75.704 31.521 75.200
75.704 31.521 77.950
75.704 31.521 78.150
75.704 31.521 80.900
75.704 31.521 81.100
75.704 31.521 83.850
75.704 31.521 84.050
75.704 31.521 86.800
75.704 31.521 87.000
75.704 31.521 89.750
75.704 31.521 89.950
75.704 31.521 92.950
75.704 31.521 93.150
75.765 31.540 18.900
75.765 31.540 21.650
75.765 31.540 21.850
75.765 31.540 24.650
75.765 31.540 24.850
75.765 31.540 27.600
75.765 31.540 27.800
75.765 31.540 30.550
75.765 31.540 30.750
75.765 31.540 33.500
75.765 31.540 33.700
75.765 31.540 36.450
75.765 31.540 36.650
75.765 31.540 39.400
75.765 31.540 39.600
75.765 31.540 42.350
75.765 31.540 42.550
75.765 31.540 45.300
75.765 31.540 45.500
75.765 31.540 48.250
75.765 31.540 48.450
75.765 31.540 51.200
75.765 31.540 51.400
75.765 31.540 54.150
75.765 31.540 54.350
75.765 31.540 57.300
75.765 31.540 57.500
75.765 31.540 60.250
75.765 31.540 60.450
75.765 31.540 63.200
75.765 31.540 63.400
75.765 31.540 66.150
75.765 31.540 66.350
75.765 31.540 69.100
75.765 31.540 69.300
75.765 31.540 72.050
75.765 31.540 72.250
75.765 31.540 73.650
75.765 31.540 75.000
75.765 31.540 75.200
75.765 31.540 77.950
75.765 31.540 78.150
75.765 31.540 80.900
75.765 31.540 81.100
75.765 31.540 83.850
75.765 31.540 84.050
75.765 31.540 86.800
75.765 31.540 87.000
75.765 31.540 89.750
75.765 31.540 89.950
75.765 31.540 92.950
75.765 31.540 93.150
75.816 21.823 96.250
75.816 21.823 96.450
75.816 21.823 97.450
75.816 21.823 99.550
75.816 21.823 99.750
75.816 21.823 100.750
75.991 29.183 108.250
75.991 29.183 109.150
76.106 28.800 108.250
76.106 28.800 109.150
76.408 35.583 0.000
76.408 35.583 5.400
76.408 35.583 6.400
76.499 35.976 0.000
76.499 35.976 6.400
76.600 35.641 0.000
76.600 35.641 5.400
76.600 35.641 6.400
76.625 27.069 108.250
76.625 27.069 109.150
76.651 44.678 9.700
76.651 44.678 10.700
76.651 44.678 12.650
76.651 44.678 13.650
76.651 44.678 15.600
76.651 44.678 16.600
76.651 44.678 18.900
76.651 44.678 19.900
76.718 44.802 9.500
76.718 44.802 9.700
76.718 44.802 10.700
76.718 44.802 12.450
76.718 44.802 12.650
76.718 44.802 13.650
76.718 44.802 15.400
76.718 44.802 15.600
76.718 44.802 16.600
76.718 44.802 18.700
76.718 44.802 18.900
76.718 44.802 19.900
76.740 26.686 108.250
76.740 26.686 109.150
76.757 44.324 6.400
76.757 44.324 7.400
76.824 44.448 5.400
76.824 44.448 6.400
76.824 44.448 7.400
77.258 24.955 108.250
77.258 24.955 109.150
77.343 41.808 5.200
77.343 41.808 5.400
77.343 41.808 6.400
77.343 41.808 9.500
77.343 41.808 9.700
77.343 41.808 12.450
77.343 41.808 12.650
77.343 41.808 15.400
77.343 41.808 15.600
77.343 41.808 18.700
77.343 41.808 18.900
77.343 41.808 20.400
77.373 24.572 108.250
77.373 24.572 109.150
77.497 41.854 6.400
77.497 41.854 7.400
77.497 41.854 9.700
77.497 41.854 10.700
77.497 41.854 12.650
77.497 41.854 13.650
77.497 41.854 15.600
77.497 41.854 16.600
77.497 41.854 18.900
77.497 41.854 19.900
77.593 41.883 5.400
77.593 41.883 6.400
77.593 41.883 7.400
77.593 41.883 9.500
77.593 41.883 9.700
77.593 41.883 10.700
77.593 41.883 12.450
77.593 41.883 12.650
77.593 41.883 13.650
77.593 41.883 15.400
77.593 41.883 15.600
77.593 41.883 16.600
77.593 41.883 18.700
77.593 41.883 18.900
77.593 41.883 19.900
77.799 40.285 5.200
77.799 40.285 5.400
77.799 40.285 6.400
77.799 40.285 7.390
77.799 40.285 9.500
77.799 40.285 9.700
77.799 40.285 12.450
77.799 40.285 12.650
77.799 40.285 15.400
77.799 40.285 15.600
77.799 40.285 18.210
77.799 40.285 18.700
77.799 40.285 18.900
77.799 40.285 20.400
77.860 41.963 5.200
77.860 41.963 20.400
77.896 40.314 6.400
77.896 40.314 7.400
77.896 40.314 9.700
77.896 40.314 10.700
77.896 40.314 12.650
77.896 40.314 13.650
77.896 40.314 15.600
77.896 40.314 16.600
77.896 40.314 18.900
77.896 40.314 19.900
77.992 40.343 5.400
77.992 40.343 6.400
77.992 40.343 7.400
77.992 40.343 9.500
77.992 40.343 9.700
77.992 40.343 10.700
77.992 40.343 12.450
77.992 40.343 12.650
77.992 40.343 13.650
77.992 40.343 15.400
77.992 40.343 15.600
77.992 40.343 16.600
77.992 40.343 18.700
77.992 40.343 18.900
77.992 40.343 19.900
78.046 23.930 21.850
78.046 23.930 22.850
78.046 23.930 24.850
78.046 23.930 25.850
78.046 23.930 27.800
78.046 23.930 28.800
78.046 23.930 30.750
78.046 23.930 31.750
78.046 23.930 33.700
78.046 23.930 34.700
78.046 23.930 36.650
78.046 23.930 37.650
78.046 23.930 39.600
78.046 23.930 40.600
78.046 23.930 42.550
78.046 23.930 43.550
78.046 23.930 45.500
78.046 23.930 46.500
78.046 23.930 48.450
78.046 23.930 49.450
78.046 23.930 51.400
78.046 23.930 52.400
78.046 23.930 54.350
78.046 23.930 55.350
78.046 23.930 57.500
78.046 23.930 58.500
78.046 23.930 60.450
78.046 23.930 61.450
78.046 23.930 63.400
78.046 23.930 64.400
78.046 23.930 66.350
78.046 23.930 67.350
78.046 23.930 69.300
78.046 23.930 70.300
78.046 23.930 72.250
78.046 23.930 73.250
78.046 23.930 75.200
78.046 23.930 76.200
78.046 23.930 78.150
78.046 23.930 79.150
78.062 22.273 108.250
78.062 22.273 109.150
78.074 23.834 21.650
78.074 23.834 21.850
78.074 23.834 22.850
78.074 23.834 24.650
78.074 23.834 24.850
78.074 23.834 25.850
78.074 23.834 27.600
78.074 23.834 27.800
78.074 23.834 28.800
78.074 23.834 30.550
78.074 23.834 30.750
78.074 23.834 31.750
78.074 23.834 33.500
78.074 23.834 33.700
78.074 23.834 34.700
78.074 23.834 36.450
78.074 23.834 36.650
78.074 23.834 37.650
78.074 23.834 39.400
78.074 23.834 39.600
78.074 23.834 40.600
78.074 23.834 42.350
78.074 23.834 42.550
78.074 23.834 43.550
78.074 23.834 45.300
78.074 23.834 45.500
78.074 23.834 46.500
78.074 23.834 48.250
78.074 23.834 48.450
78.074 23.834 49.450
78.074 23.834 51.200
78.074 23.834 51.400
78.074 23.834 52.400
78.074 23.834 54.150
78.074 23.834 54.350
78.074 23.834 55.350
78.074 23.834 57.300
78.074 23.834 57.500
78.074 23.834 58.500
78.074 23.834 60.250
78.074 23.834 60.450
78.074 23.834 61.450
78.074 23.834 63.200
78.074 23.834 63.400
78.074 23.834 64.400
78.074 23.834 66.150
78.074 23.834 66.350
78.074 23.834 67.350
78.074 23.834 69.100
78.074 23.834 69.300
78.074 23.834 70.300
78.074 23.834 72.050
78.074 23.834 72.250
78.074 23.834 73.250
78.074 23.834 75.000
78.074 23.834 75.200
78.074 23.834 76.200
78.074 23.834 77.950
78.074 23.834 78.150
78.074 23.834 79.150
78.254 22.710 18.900
78.254 22.710 21.650
78.254 22.710 21.850
78.254 22.710 24.650
78.254 22.710 24.850
78.254 22.710 27.600
78.254 22.710 27.800
78.254 22.710 30.550
78.254 22.710 30.750
78.254 22.710 33.500
78.254 22.710 33.700
78.254 22.710 36.450
78.254 22.710 36.650
78.254 22.710 39.400
78.254 22.710 39.600
78.254 22.710 42.350
78.254 22.710 42.550
78.254 22.710 45.300
78.254 22.710 45.500
78.254 22.710 48.250
78.254 22.710 48.450
78.254 22.710 51.200
78.254 22.710 51.400
78.254 22.710 54.150
78.254 22.710 54.350
78.254 22.710 57.300
78.254 22.710 57.500
78.254 22.710 60.250
78.254 22.710 60.450
78.254 22.710 63.200
78.254 22.710 63.400
78.254 22.710 66.150
78.254 22.710 66.350
78.254 22.710 69.100
78.254 22.710 69.300
78.254 22.710 72.050
78.254 22.710 72.250
78.254 22.710 73.650
78.254 22.710 75.000
78.254 22.710 75.200
78.254 22.710 77.950
78.254 22.710 78.150
78.254 22.710 80.900
78.254 22.710 81.100
78.254 22.710 83.850
78.254 22.710 84.050
78.254 22.710 86.800
78.254 22.710 87.000
78.254 22.710 89.750
78.254 22.710 89.950
78.254 22.710 92.950
78.254 22.710 93.150
78.298 22.567 18.900
78.298 22.567 21.650
78.298 22.567 21.850
78.298 22.567 24.650
78.298 22.567 24.850
78.298 22.567 27.600
78.298 22.567 27.800
78.298 22.567 30.550
78.298 22.567 30.750
78.298 22.567 33.500
78.298 22.567 33.700
78.298 22.567 36.450
78.298 22.567 36.650
78.298 22.567 39.400
78.298 22.567 39.600
78.298 22.567 42.350
78.298 22.567 42.550
78.298 22.567 45.300
78.298 22.567 45.500
78.298 22.567 48.250
78.298 22.567 48.450
78.298 22.567 51.200
78.298 22.567 51.400
78.298 22.567 54.150
78.298 22.567 54.350
78.298 22.567 57.300
78.298 22.567 57.500
78.298 22.567 60.250
78.298 22.567 60.450
78.298 22.567 63.200
78.298 22.567 63.400
78.298 22.567 66.150
78.298 22.567 66.350
78.298 22.567 69.100
78.298 22.567 69.300
78.298 22.567 72.050
78.298 22.567 72.250
78.298 22.567 73.650
78.298 22.567 75.000
78.298 22.567 75.200
78.298 22.567 77.950
78.298 22.567 78.150
78.298 22.567 80.900
78.298 22.567 81.100
78.298 22.567 83.850
78.298 22.567 84.050
78.298 22.567 86.800
78.298 22.567 87.000
78.298 22.567 89.750
78.298 22.567 89.950
78.298 22.567 92.950
78.298 22.567 93.150
78.316 40.440 5.200
78.316 40.440 7.390
78.316 40.440 18.210
78.316 40.440 20.400
78.398 22.753 18.900
78.398 22.753 21.650
78.398 22.753 21.850
78.398 22.753 24.650
78.398 22.753 24.850
78.398 22.753 27.600
78.398 22.753 27.800
78.398 22.753 30.550
78.398 22.753 30.750
78.398 22.753 33.500
78.398 22.753 33.700
78.398 22.753 36.450
78.398 22.753 36.650
78.398 22.753 39.400
78.398 22.753 39.600
78.398 22.753 42.350
78.398 22.753 42.550
78.398 22.753 45.300
78.398 22.753 45.500
78.398 22.753 48.250
78.398 22.753 48.450
78.398 22.753 51.200
78.398 22.753 51.400
78.398 22.753 54.150
78.398 22.753 54.350
78.398 22.753 57.300
78.398 22.753 57.500
78.398 22.753 60.250
78.398 22.753 60.450
78.398 22.753 63.200
78.398 22.753 63.400
78.398 22.753 66.150
78.398 22.753 66.350
78.398 22.753 69.100
78.398 22.753 69.300
78.398 22.753 72.050
78.398 22.753 72.250
78.398 22.753 73.650
78.398 22.753 75.000
78.398 22.753 75.200
78.398 22.753 77.950
78.398 22.753 78.150
78.398 22.753 80.900
78.398 22.753 81.100
78.398 22.753 83.850
78.398 22.753 84.050
78.398 22.753 86.800
78.398 22.753 87.000
78.398 22.753 89.750
78.398 22.753 89.950
78.398 22.753 92.950
78.398 22.753 93.150
78.441 22.610 18.700
78.441 22.610 18.900
78.441 22.610 21.850
78.441 22.610 72.250
78.441 22.610 80.900
78.441 22.610 81.100
78.441 22.610 83.850
78.441 22.610 84.050
78.441 22.610 86.800
78.441 22.610 87.000
78.441 22.610 89.750
78.441 22.610 89.950
78.441 22.610 93.150
78.560 22.004 108.250
78.560 22.004 109.150
79.741 24.438 21.850
79.741 24.438 22.850
79.741 24.438 24.850
79.741 24.438 25.850
79.741 24.438 27.800
79.741 24.438 28.800
79.741 24.438 30.750
79.741 24.438 31.750
79.741 24.438 33.700
79.741 24.438 34.700
79.741 24.438 36.650
79.741 24.438 37.650
79.741 24.438 39.600
79.741 24.438 40.600
79.741 24.438 42.550
79.741 24.438 43.550
79.741 24.438 45.500
79.741 24.438 46.500
79.741 24.438 48.450
79.741 24.438 49.450
79.741 24.438 51.400
79.741 24.438 52.400
79.741 24.438 54.350
79.741 24.438 55.350
79.741 24.438 57.500
79.741 24.438 58.500
79.741 24.438 60.450
79.741 24.438 61.450
79.741 24.438 63.400
79.741 24.438 64.400
79.741 24.438 66.350
79.741 24.438 67.350
79.741 24.438 69.300
79.741 24.438 70.300
79.741 24.438 72.250
79.741 24.438 73.250
79.741 24.438 75.200
79.741 24.438 76.200
79.741 24.438 78.150
79.741 24.438 79.150
79.866 24.371 21.650
79.866 24.371 21.850
79.866 24.371 22.850
79.866 24.371 24.650
79.866 24.371 24.850
79.866 24.371 25.850
79.866 24.371 27.600
79.866 24.371 27.800
79.866 24.371 28.800
79.866 24.371 30.550
79.866 24.371 30.750
79.866 24.371 31.750
79.866 24.371 33.500
79.866 24.371 33.700
79.866 24.371 34.700
79.866 24.371 36.450
79.866 24.371 36.650
79.866 24.371 37.650
79.866 24.371 39.400
79.866 24.371 39.600
79.866 24.371 40.600
79.866 24.371 42.350
79.866 24.371 42.550
79.866 24.371 43.550
79.866 24.371 45.300
79.866 24.371 45.500
79.866 24.371 46.500
79.866 24.371 48.250
79.866 24.371 48.450
79.866 24.371 49.450
79.866 24.371 51.200
79.866 24.371 51.400
79.866 24.371 52.400
79.866 24.371 54.150
79.866 24.371 54.350
79.866 24.371 55.350
79.866 24.371 57.300
79.866 24.371 57.500
79.866 24.371 58.500
79.866 24.371 60.250
79.866 24.371 60.450
79.866 24.371 61.450
79.866 24.371 63.200
79.866 24.371 63.400
79.866 24.371 64.400
79.866 24.371 66.150
79.866 24.371 66.350
79.866 24.371 67.350
79.866 24.371 69.100
79.866 24.371 69.300
79.866 24.371 70.300
79.866 24.371 72.050
79.866 24.371 72.250
79.866 24.371 73.250
79.866 24.371 75.000
79.866 24.371 75.200
79.866 24.371 76.200
79.866 24.371 77.950
79.866 24.371 78.150
79.866 24.371 79.150
80.114 23.218 0.000
80.114 23.218 5.400
80.114 23.218 6.400
80.148 23.278 6.400
80.148 23.278 9.500
80.148 23.278 9.700
80.148 23.278 12.450
80.148 23.278 12.650
80.148 23.278 15.400
80.148 23.278 15.600
80.148 23.278 18.700
80.148 23.278 18.900
80.191 23.134 6.400
80.191 23.134 9.500
80.191 23.134 9.700
80.191 23.134 12.450
80.191 23.134 12.650
80.191 23.134 15.400
80.191 23.134 15.600
80.191 23.134 18.700
80.191 23.134 18.900
80.292 23.321 6.400
80.292 23.321 9.500
80.292 23.321 9.700
80.292 23.321 12.450
80.292 23.321 12.650
80.292 23.321 15.400
80.292 23.321 15.600
80.292 23.321 18.700
80.292 23.321 18.900
80.335 23.177 5.400
80.335 23.177 6.400
80.335 23.177 9.500
80.335 23.177 9.700
80.335 23.177 12.450
80.335 23.177 12.650
80.335 23.177 15.400
80.335 23.177 15.600
80.335 23.177 18.900
80.363 23.084 0.000
80.363 23.084 5.400
80.363 23.084 6.400
80.645 21.421 81.100
80.645 21.421 82.100
80.645 21.421 84.050
80.645 21.421 85.050
80.645 21.421 87.000
80.645 21.421 88.000
80.645 21.421 89.950
80.645 21.421 90.950
80.645 21.421 93.150
80.645 21.421 94.150
80.770 21.353 80.900
80.770 21.353 81.100
80.770 21.353 82.100
80.770 21.353 83.850
80.770 21.353 84.050
80.770 21.353 85.050
80.770 21.353 86.800
80.770 21.353 87.000
80.770 21.353 88.000
80.770 21.353 89.750
80.770 21.353 89.950
80.770 21.353 90.950
80.770 21.353 92.950
80.770 21.353 93.150
80.770 21.353 94.150
81.821 26.866 5.200
81.821 26.866 5.400
81.821 26.866 6.400
81.821 26.866 7.390
81.821 26.866 9.500
81.821 26.866 9.700
81.821 26.866 12.450
81.821 26.866 12.650
81.821 26.866 15.400
81.821 26.866 15.600
81.821 26.866 18.210
81.821 26.866 18.700
81.821 26.866 18.900
81.821 26.866 20.400
81.917 26.895 6.400
81.917 26.895 7.400
81.917 26.895 9.700
81.917 26.895 10.700
81.917 26.895 12.650
81.917 26.895 13.650
81.917 26.895 15.600
81.917 26.895 16.600
81.917 26.895 18.900
81.917 26.895 19.900
82.013 26.923 5.400
82.013 26.923 6.400
82.013 26.923 7.400
82.013 26.923 9.500
82.013 26.923 9.700
82.013 26.923 10.700
82.013 26.923 12.450
82.013 26.923 12.650
82.013 26.923 13.650
82.013 26.923 15.400
82.013 26.923 15.600
82.013 26.923 16.600
82.013 26.923 18.700
82.013 26.923 18.900
82.013 26.923 19.900
82.277 25.343 5.200
82.277 25.343 5.400
82.277 25.343 6.400
82.277 25.343 9.500
82.277 25.343 9.700
82.277 25.343 12.450
82.277 25.343 12.650
82.277 25.343 15.400
82.277 25.343 15.600
82.277 25.343 18.700
82.277 25.343 18.900
82.277 25.343 20.400
82.338 27.021 5.200
82.338 27.021 7.390
82.338 27.021 18.210
82.338 27.021 20.400
82.431 25.389 6.400
82.431 25.389 7.400
82.431 25.389 9.700
82.431 25.389 10.700
82.431 25.389 12.650
82.431 25.389 13.650
82.431 25.389 15.600
82.431 25.389 16.600
82.431 25.389 18.900
82.431 25.389 19.900
82.527 25.418 5.400
82.527 25.418 6.400
82.527 25.418 7.400
82.527 25.418 9.500
82.527 25.418 9.700
82.527 25.418 10.700
82.527 25.418 12.450
82.527 25.418 12.650
82.527 25.418 13.650
82.527 25.418 15.400
82.527 25.418 15.600
82.527 25.418 16.600
82.527 25.418 18.700
82.527 25.418 18.900
82.527 25.418 19.900
82.794 25.498 5.200
82.794 25.498 20.400
83.361 22.286 6.400
83.361 22.286 7.400
83.361 22.286 9.700
83.361 22.286 10.700
83.361 22.286 12.650
83.361 22.286 13.650
83.361 22.286 15.600
83.361 22.286 16.600
83.361 22.286 18.900
83.361 22.286 19.900
83.486 22.219 5.400
83.486 22.219 6.400
83.486 22.219 7.400
83.486 22.219 9.500
83.486 22.219 9.700
83.486 22.219 10.700
83.486 22.219 12.450
83.486 22.219 12.650
83.486 22.219 13.650
83.486 22.219 15.400
83.486 22.219 15.600
83.486 22.219 16.600
83.486 22.219 18.700
83.486 22.219 18.900
83.486 22.219 19.900
3 701 698 1380
3 1389 701 1380
3 193 190 445
3 458 193 445
3 1549 1546 2130
3 2133 1549 2130
3 2318 2315 4065
3 4068 2318 4065
3 7747 7740 8070
3 8100 7747 8070
3 11520 11024 11029
3 4207 4204 11520
3 11559 4207 11520
3 11029 11559 11520
3 29 132 138
3 119 29 138
3 146 59 119
3 169 146 119
3 255 178 169
3 244 255 169
3 299 244 169
3 219 299 169
3 665 632 417
3 815 680 665
3 806 815 665
3 795 846 806
3 1286 1272 1233
3 1655 1295 1286
3 1646 1655 1286
3 1635 1686 1646
3 2060 2046 2015
3 2677 2069 2060
3 2668 2677 2060
3 2653 2708 2668
3 3987 3831 4026
3 4037 3987 4026
3 5105 4046 4037
3 5080 5105 4037
3 5230 5080 4037
3 5094 5230 4037
3 7317 7186 6793
3 8244 7374 7317
3 8197 8244 7317
3 8121 8325 8197
3 11523 11532 8121
3 10643 11541 11523
3 10623 10643 11523
3 10094 10614 10623
3 10156 10094 10623
3 9788 10156 10623
3 9236 9726 9788
3 9310 9236 9788
3 8837 9310 9788
3 7928 8728 8837
3 7988 7928 8837
3 7491 7796 7856
3 7557 7491 7856
3 6644 6924 6990
3 6710 6644 6990
3 5669 6350 6416
3 5737 5669 6416
3 5511 5737 6416
3 4807 5443 5511
3 3446 4781 4807
3 3466 3446 4807
3 138 3466 4807
3 119 138 4807
3 219 169 119
3 417 219 119
3 806 665 417
3 795 806 417
3 1233 795 417
3 1646 1286 1233
3 1635 1646 1233
3 2668 2060 2015
3 2653 2668 2015
3 4037 4026 4008
3 5094 4037 4008
3 8197 7317 6793
3 8121 8197 6793
3 11523 8121 6793
3 10623 11523 6793
3 9788 10623 6793
3 8837 9788 6793
3 7988 8837 6793
3 7856 7988 6793
3 7557 7856 6793
3 6990 7557 6793
3 6710 6990 6793
3 6416 6710 6793
3 5511 6416 6793
3 4807 5511 6793
3 119 4807 6793
3 417 119 6793
3 1635 1233 417
3 2015 1635 417
3 2653 2015 417
3 4008 2653 417
3 5094 4008 417
3 6793 5094 417
3 1601 4363 4525
3 1608 1601 4525
3 1577 1608 4525
3 1627 1577 4525
3 1207 1223 1243
3 761 1194 1207
3 768 761 1207
3 737 768 1207
3 787 737 1207
3 355 371 381
3 69 342 355
3 107 69 355
3 121 47 107
3 148 61 121
3 171 148 121
3 257 180 171
3 246 257 171
3 301 246 171
3 221 301 171
3 667 634 419
3 817 683 667
3 808 817 667
3 797 848 808
3 1288 1274 1235
3 1657 1297 1288
3 1648 1657 1288
3 1637 1688 1648
3 2062 2048 2017
3 2679 2071 2062
3 2670 2679 2062
3 2655 2710 2670
3 3989 3833 4028
3 4039 3989 4028
3 5107 4048 4039
3 5082 5107 4039
3 5232 5082 4039
3 5096 5232 4039
3 7319 7188 6795
3 8246 7376 7319
3 8199 8246 7319
3 8123 8327 8199
3 11525 11534 8123
3 10645 11543 11525
3 10625 10645 11525
3 10096 10616 10625
3 10158 10096 10625
3 9790 10158 10625
3 9238 9728 9790
3 9312 9238 9790
3 8839 9312 9790
3 7930 8730 8839
3 7990 7930 8839
3 7493 7798 7858
3 7559 7493 7858
3 6646 6926 6992
3 6712 6646 6992
3 5671 6352 6418
3 5739 5671 6418
3 5513 5739 6418
3 4809 5445 5513
3 4525 4784 4809
3 1627 4525 4809
3 787 1207 1243
3 107 355 381
3 121 107 381
3 171 121 381
3 221 171 381
3 419 221 381
3 667 419 381
3 808 667 381
3 797 808 381
3 1235 797 381
3 1648 1288 1235
3 1637 1648 1235
3 2670 2062 2017
3 2655 2670 2017
3 4039 4028 4010
3 5096 4039 4010
3 8199 7319 6795
3 8123 8199 6795
3 11525 8123 6795
3 10625 11525 6795
3 9790 10625 6795
3 8839 9790 6795
3 7990 8839 6795
3 7858 7990 6795
3 7559 7858 6795
3 6992 7559 6795
3 6712 6992 6795
3 6418 6712 6795
3 5513 6418 6795
3 4809 5513 6795
3 1627 4809 6795
3 1243 1627 6795
3 787 1243 6795
3 381 787 6795
3 1637 1235 381
3 2017 1637 381
3 2655 2017 381
3 4010 2655 381
3 5096 4010 381
3 6795 5096 381
3 7325 7194 6801
3 8252 7382 7325
3 8205 8252 7325
3 8129 8333 8205
3 11245 11297 8129
3 10962 11353 11245
3 10910 10962 11245
3 10798 10910 11245
3 10372 10850 10798
3 10310 10372 10798
3 10102 10258 10310
3 10164 10102 10310
3 9796 10164 10310
3 9244 9734 9796
3 9318 9244 9796
3 8845 9318 9796
3 7936 8736 8845
3 7996 7936 8845
3 7499 7804 7864
3 7565 7499 7864
3 6652 6932 6998
3 6718 6652 6998
3 5677 6358 6424
3 5745 5677 6424
3 5519 5745 6424
3 4815 5451 5519
3 4383 4723 4815
3 3232 4305 4383
3 3293 3232 4383
3 2806 3293 4383
3 2391 2748 2806
3 2449 2391 2806
3 2864 2331 2449
3 2924 2864 2449
3 3044 2924 2449
3 3772 2986 3044
3 3866 3772 3044
3 5878 4947 4887
3 5816 5878 4887
3 5923 6100 5816
3 8205 7325 6801
3 8129 8205 6801
3 11245 8129 6801
3 10798 11245 6801
3 10310 10798 6801
3 9796 10310 6801
3 8845 9796 6801
3 7996 8845 6801
3 7864 7996 6801
3 7565 7864 6801
3 6998 7565 6801
3 6718 6998 6801
3 6424 6718 6801
3 5519 6424 6801
3 4815 5519 6801
3 2806 4383 4815
3 2449 2806 4815
3 3044 2449 4815
3 3866 3044 4815
3 3927 3866 4815
3 5816 4887 4076
3 5923 5816 4076
3 4815 6801 5923
3 3927 4815 5923
3 3927 5923 4076
3 7327 7196 6803
3 8254 7384 7327
3 8207 8254 7327
3 8131 8335 8207
3 11247 11299 8131
3 10964 11355 11247
3 10912 10964 11247
3 10800 10912 11247
3 10374 10852 10800
3 10312 10374 10800
3 10104 10260 10312
3 10166 10104 10312
3 9798 10166 10312
3 9246 9736 9798
3 9320 9246 9798
3 8847 9320 9798
3 7938 8738 8847
3 7998 7938 8847
3 7501 7806 7866
3 7567 7501 7866
3 6654 6934 7000
3 6720 6654 7000
3 5679 6360 6426
3 5747 5679 6426
3 5521 5747 6426
3 4817 5453 5521
3 4385 4725 4817
3 3234 4307 4385
3 3295 3234 4385
3 2808 3295 4385
3 2393 2750 2808
3 2451 2393 2808
3 2866 2333 2451
3 2926 2866 2451
3 3046 2926 2451
3 3775 2988 3046
3 3869 3775 3046
3 4140 3931 3869
3 4079 4140 3869
3 4890 4079 3869
3 5881 4950 4890
3 5819 5881 4890
3 5925 6102 5819
3 8207 7327 6803
3 8131 8207 6803
3 11247 8131 6803
3 10800 11247 6803
3 10312 10800 6803
3 9798 10312 6803
3 8847 9798 6803
3 7998 8847 6803
3 7866 7998 6803
3 7567 7866 6803
3 7000 7567 6803
3 6720 7000 6803
3 6426 6720 6803
3 5521 6426 6803
3 4817 5521 6803
3 2808 4385 4817
3 2451 2808 4817
3 3046 2451 4817
3 3869 3046 4817
3 4890 3869 4817
3 5819 4890 4817
3 5925 5819 4817
3 6803 5925 4817
3 9149 9160 8180
3 9015 9221 9149
3 10563 10574 9015
3 10087 10585 10563
3 10078 10087 10563
3 9950 10078 10563
3 9514 9957 9950
3 9497 9514 9950
3 8052 8080 8108
3 7550 8052 8061
3 7616 7550 8061
3 7049 7616 8061
3 6703 6983 7049
3 6769 6703 7049
3 5728 6409 6475
3 5796 5728 6475
3 5570 5796 6475
3 4866 5502 5570
3 4434 4774 4866
3 3283 4356 4434
3 3344 3283 4434
3 2857 3344 4434
3 2442 2799 2857
3 2500 2442 2857
3 2915 2382 2500
3 2975 2915 2500
3 3095 2975 2500
3 3824 3037 3095
3 3918 3824 3095
3 4189 3980 3918
3 4128 4189 3918
3 4939 4128 3918
3 6283 4999 4939
3 6252 6283 4939
3 6088 6337 6252
3 9149 8180 6088
3 9015 9149 6088
3 9950 10563 9015
3 9497 9950 9015
3 9490 9497 9015
3 6769 7049 8061
3 6475 6769 8061
3 5570 6475 8061
3 2857 4434 4866
3 2500 2857 4866
3 3095 2500 4866
3 3918 3095 4866
3 4939 3918 4866
3 6252 4939 4866
3 6088 6252 4866
3 9015 6088 4866
3 9015 4866 5570
3 9015 5570 8061
3 8061 8052 8108
3 9015 8061 8108
3 9490 9015 8108
3 6303 6307 6311
3 6297 6303 6311
3 6293 6297 6311
3 6268 6293 6311
3 6262 6268 6311
3 6237 6262 6311
3 6233 6237 6311
3 6229 6233 6311
3 6225 6229 6311
3 6182 6225 6311
3 6176 6182 6311
3 6170 6176 6311
3 6166 6170 6311
3 6162 6166 6311
3 6158 6162 6311
3 6152 6158 6311
3 6142 6152 6311
3 6138 6142 6311
3 6070 6138 6311
3 6062 6070 6311
3 6058 6062 6311
3 6054 6058 6311
3 6050 6054 6311
3 6007 6050 6311
3 6003 6007 6311
3 5999 6003 6311
3 5995 5999 6311
3 5991 5995 6311
3 5987 5991 6311
3 5983 5987 6311
3 5979 5983 6311
3 5975 5979 6311
3 5973 5975 6311
3 5977 5973 6311
3 5981 5977 6311
3 5985 5981 6311
3 5989 5985 6311
3 5993 5989 6311
3 5997 5993 6311
3 6001 5997 6311
3 6005 6001 6311
3 6048 6005 6311
3 6052 6048 6311
3 6056 6052 6311
3 6060 6056 6311
3 6068 6060 6311
3 6097 6068 6311
3 6140 6097 6311
3 6150 6140 6311
3 6156 6150 6311
3 6160 6156 6311
3 6164 6160 6311
3 6168 6164 6311
3 6174 6168 6311
3 6180 6174 6311
3 6223 6180 6311
3 6227 6223 6311
3 6231 6227 6311
3 6235 6231 6311
3 6260 6235 6311
3 6266 6260 6311
3 6291 6266 6311
3 6295 6291 6311
3 6299 6295 6311
3 6305 6299 6311
3 6309 6305 6311
3 6313 6309 6311
3 6320 6313 6311
3 6322 6320 6311
3 6315 6322 6311
3 5193 5197 5201
3 5180 5193 5201
3 5176 5180 5201
3 5172 5176 5201
3 5159 5172 5201
3 5155 5159 5201
3 5151 5155 5201
3 5147 5151 5201
3 5143 5147 5201
3 5139 5143 5201
3 5135 5139 5201
3 5131 5135 5201
3 5127 5131 5201
3 5123 5127 5201
3 5119 5123 5201
3 5115 5119 5201
3 5092 5115 5201
3 5079 5092 5201
3 5075 5079 5201
3 5071 5075 5201
3 5067 5071 5201
3 5063 5067 5201
3 5059 5063 5201
3 5055 5059 5201
3 5051 5055 5201
3 5047 5051 5201
3 5043 5047 5201
3 5039 5043 5201
3 5035 5039 5201
3 5031 5035 5201
3 5027 5031 5201
3 5023 5027 5201
3 5021 5023 5201
3 5025 5021 5201
3 5029 5025 5201
3 5033 5029 5201
3 5037 5033 5201
3 5041 5037 5201
3 5045 5041 5201
3 5049 5045 5201
3 5053 5049 5201
3 5057 5053 5201
3 5061 5057 5201
3 5065 5061 5201
3 5069 5065 5201
3 5073 5069 5201
3 5077 5073 5201
3 5090 5077 5201
3 5104 5090 5201
3 5117 5104 5201
3 5121 5117 5201
3 5125 5121 5201
3 5129 5125 5201
3 5133 5129 5201
3 5137 5133 5201
3 5141 5137 5201
3 5145 5141 5201
3 5149 5145 5201
3 5153 5149 5201
3 5157 5153 5201
3 5161 5157 5201
3 5174 5161 5201
3 5178 5174 5201
3 5191 5178 5201
3 5195 5191 5201
3 5199 5195 5201
3 5203 5199 5201
3 5207 5203 5201
3 5209 5207 5201
3 5205 5209 5201
3 4209 4371 4877
3 4806 4209 4877
3 4067 4806 4877
3 4070 4067 4877
3 9471 9475 9481
3 9467 9471 9481
3 9463 9467 9481
3 9459 9463 9481
3 9455 9459 9481
3 9451 9455 9481
3 9447 9451 9481
3 9441 9447 9481
3 9435 9441 9481
3 9393 9435 9481
3 9389 9393 9481
3 9385 9389 9481
3 9379 9385 9481
3 9375 9379 9481
3 9371 9375 9481
3 9307 9371 9481
3 9229 9307 9481
3 9218 9229 9481
3 9176 9218 9481
3 9172 9176 9481
3 9159 9172 9481
3 9148 9159 9481
3 9144 9148 9481
3 9102 9144 9481
3 9096 9102 9481
3 9092 9096 9481
3 9088 9092 9481
3 9084 9088 9481
3 9080 9084 9481
3 9076 9080 9481
3 9072 9076 9481
3 9068 9072 9481
3 9066 9068 9481
3 9070 9066 9481
3 9074 9070 9481
3 9078 9074 9481
3 9082 9078 9481
3 9086 9082 9481
3 9090 9086 9481
3 9094 9090 9481
3 9098 9094 9481
3 9142 9098 9481
3 9146 9142 9481
3 9157 9146 9481
3 9168 9157 9481
3 9174 9168 9481
3 9178 9174 9481
3 9220 9178 9481
3 9235 9220 9481
3 9309 9235 9481
3 9373 9309 9481
3 9377 9373 9481
3 9381 9377 9481
3 9387 9381 9481
3 9391 9387 9481
3 9433 9391 9481
3 9439 9433 9481
3 9445 9439 9481
3 9449 9445 9481
3 9453 9449 9481
3 9457 9453 9481
3 9461 9457 9481
3 9465 9461 9481
3 9469 9465 9481
3 9473 9469 9481
3 9479 9473 9481
3 9483 9479 9481
3 9487 9483 9481
3 9489 9487 9481
3 9485 9489 9481
3 2121 2151 2155
3 2129 2121 2155
3 11028 11031 10582
3 10571 11028 10582
3 145 58 115
3 195 145 115
3 192 195 115
3 484 192 115
3 700 626 484
3 4806 700 484
3 4206 4806 484
3 11522 4206 484
3 11026 11522 484
3 11028 11031 11026
3 10571 11028 11026
3 10655 10713 10221
3 10257 10655 10221
3 10239 10257 10221
3 8060 10239 10221
3 8102 8060 10221
3 5662 8102 10221
3 4875 5510 5662
3 4197 4802 4875
3 4203 4197 4875
3 2508 4036 4056
3 2721 2508 4056
3 229 582 707
3 296 229 707
3 164 296 707
3 1 162 164
3 115 1 164
3 484 115 164
3 10571 11026 484
3 10221 10571 484
3 5662 10221 484
3 4875 5662 484
3 2721 4056 4203
3 484 164 707
3 2721 4203 4875
3 484 707 2721
3 4875 484 2721
3 447 484 626
3 622 447 626
3 703 622 626
3 700 703 626
3 1382 1548 1551
3 1391 1382 1551
3 2132 2317 2320
3 2135 2132 2320
3 195 192 447
3 460 195 447
3 191 192 447
3 446 191 447
3 459 446 447
3 459 447 460
3 194 459 460
3 194 460 195
3 194 195 192
3 191 194 192
3 194 191 446
3 459 194 446
3 1551 1548 2132
3 2135 1551 2132
3 1547 1548 2132
3 2131 1547 2132
3 2134 2131 2132
3 2134 2132 2135
3 1550 2134 2135
3 1550 2135 1551
3 1550 1551 1548
3 1547 1550 1548
3 1550 1547 2131
3 2134 1550 2131
3 2320 2317 4067
3 4070 2320 4067
3 2316 2317 4067
3 4066 2316 4067
3 4069 4066 4067
3 4069 4067 4070
3 2319 4069 4070
3 2319 4070 2320
3 2319 2320 2317
3 2316 2319 2317
3 2319 2316 4066
3 4069 2319 4066
3 11522 11026 11031
3 4209 4206 11522
3 11561 4209 11522
3 11031 11561 11522
3 11025 11026 11031
3 11030 11025 11031
3 11560 11030 11031
3 11560 11031 11561
3 4208 11560 11561
3 4208 11561 4209
3 4208 4209 4206
3 4205 4208 4206
3 4205 4206 11522
3 11521 4205 11522
3 11521 11522 11026
3 11025 11521 11026
3 11521 11025 11030
3 4208 4205 11521
3 11560 4208 11521
3 11030 11560 11521
3 703 700 1382
3 1391 703 1382
3 699 700 1382
3 1381 699 1382
3 1390 1381 1382
3 1390 1382 1391
3 702 1390 1391
3 702 1391 703
3 702 703 700
3 699 702 700
3 702 699 1381
3 1390 702 1381
3 193 190 445
3 458 193 445
3 191 190 193
3 194 191 193
3 459 194 193
3 459 193 458
3 446 459 458
3 446 458 445
3 446 445 190
3 191 446 190
3 194 191 446
3 459 194 446
3 1549 1546 2130
3 2133 1549 2130
3 1547 1546 1549
3 1550 1547 1549
3 2134 1550 1549
3 2134 1549 2133
3 2131 2134 2133
3 2131 2133 2130
3 2131 2130 1546
3 1547 2131 1546
3 1550 1547 2131
3 2134 1550 2131
3 2318 2315 4065
3 4068 2318 4065
3 2316 2315 2318
3 2319 2316 2318
3 4069 2319 2318
3 4069 2318 4068
3 4066 4069 4068
3 4066 4068 4065
3 4066 4065 2315
3 2316 4066 2315
3 2319 2316 4066
3 4069 2319 4066
3 11520 11024 11029
3 4207 4204 11520
3 11559 4207 11520
3 11029 11559 11520
3 11025 11024 11520
3 11521 11025 11520
3 11521 11520 4204
3 4205 11521 4204
3 4205 4204 4207
3 4208 4205 4207
3 11560 4208 4207
3 11560 4207 11559
3 11030 11560 11559
3 11030 11559 11029
3 11030 11029 11024
3 11025 11030 11024
3 11521 11025 11030
3 4208 4205 11521
3 11560 4208 11521
3 11030 11560 11521
3 701 698 1380
3 1389 701 1380
3 699 698 701
3 702 699 701
3 1390 702 701
3 1390 701 1389
3 1381 1390 1389
3 1381 1389 1380
3 1381 1380 698
3 699 1381 698
3 702 699 1381
3 1390 702 1381
3 7746 7739 8069
3 8099 7746 8069
3 7740 7739 7746
3 7747 7740 7746
3 8100 7747 7746
3 8100 7746 8099
3 8070 8100 8099
3 8070 8099 8069
3 8070 8069 7739
3 7740 8070 7739
3 7747 7740 8070
3 8100 7747 8070
3 7777 8070 8100
3 7783 7777 8100
3 8098 8068 8070
3 8098 8070 8100
3 7782 8098 8100
3 7782 8100 7783
3 7782 7783 7777
3 7775 7782 7777
3 7775 7777 8070
3 8068 7775 8070
3 7775 8068 8098
3 7782 7775 8098
3 7740 7752 7756
3 7747 7740 7756
3 7755 7750 7752
3 7755 7752 7756
3 7745 7755 7756
3 7745 7756 7747
3 7745 7747 7740
3 7738 7745 7740
3 7738 7740 7752
3 7750 7738 7752
3 7738 7750 7755
3 7745 7738 7755
3 7775 7780 7753
3 7750 7775 7753
3 7775 7780 7781
3 7776 7775 7781
3 7751 7750 7775
3 7751 7775 7776
3 7751 7750 7753
3 7754 7751 7753
3 7781 7754 7753
3 7781 7753 7780
3 7776 7781 7754
3 7751 7776 7754
3 6778 8577 8714
3 6838 6778 8714
3 8578 8577 6778
3 6779 8578 6778
3 6779 6778 6838
3 6839 6779 6838
3 8715 6839 6838
3 8715 6838 8714
3 8578 8715 8714
3 8578 8714 8577
3 6779 8578 8715
3 6839 6779 8715
3 31 134 140
3 121 31 140
3 148 61 121
3 171 148 121
3 257 180 171
3 246 257 171
3 301 246 171
3 221 301 171
3 667 634 419
3 817 683 667
3 808 817 667
3 797 848 808
3 1288 1274 1235
3 1657 1297 1288
3 1648 1657 1288
3 1637 1688 1648
3 2062 2048 2017
3 2679 2071 2062
3 2670 2679 2062
3 2655 2710 2670
3 3989 3833 4028
3 4039 3989 4028
3 5107 4048 4039
3 5082 5107 4039
3 5232 5082 4039
3 5096 5232 4039
3 7319 7188 6795
3 8246 7376 7319
3 8199 8246 7319
3 8123 8327 8199
3 11525 11534 8123
3 10645 11543 11525
3 10625 10645 11525
3 10096 10616 10625
3 10158 10096 10625
3 9790 10158 10625
3 9238 9728 9790
3 9312 9238 9790
3 8839 9312 9790
3 7930 8730 8839
3 7990 7930 8839
3 7493 7798 7858
3 7559 7493 7858
3 6646 6926 6992
3 6712 6646 6992
3 5671 6352 6418
3 5739 5671 6418
3 5513 5739 6418
3 4809 5445 5513
3 3448 4783 4809
3 3468 3448 4809
3 140 3468 4809
3 121 140 4809
3 221 171 121
3 419 221 121
3 808 667 419
3 797 808 419
3 1235 797 419
3 1648 1288 1235
3 1637 1648 1235
3 2670 2062 2017
3 2655 2670 2017
3 4039 4028 4010
3 5096 4039 4010
3 8199 7319 6795
3 8123 8199 6795
3 11525 8123 6795
3 10625 11525 6795
3 9790 10625 6795
3 8839 9790 6795
3 7990 8839 6795
3 7858 7990 6795
3 7559 7858 6795
3 6992 7559 6795
3 6712 6992 6795
3 6418 6712 6795
3 5513 6418 6795
3 4809 5513 6795
3 121 4809 6795
3 419 121 6795
3 1637 1235 419
3 2017 1637 419
3 2655 2017 419
3 4010 2655 419
3 5096 4010 419
3 6795 5096 419
3 139 140 3468
3 3467 139 3468
3 3467 3468 3448
3 3447 3467 3448
3 3447 3448 4783
3 4782 3447 4783
3 4808 4782 4783
3 4808 4783 4809
3 4808 4809 5445
3 5444 4808 5445
3 5512 5444 5445
3 5512 5445 5513
3 5512 5513 5739
3 5738 5512 5739
3 5738 5739 5671
3 5670 5738 5671
3 5670 5671 6352
3 6351 5670 6352
3 6417 6351 6352
3 6417 6352 6418
3 6417 6418 6712
3 6711 6417 6712
3 6711 6712 6646
3 6645 6711 6646
3 6645 6646 6926
3 6925 6645 6926
3 6991 6925 6926
3 6991 6926 6992
3 6991 6992 7559
3 7558 6991 7559
3 7558 7559 7493
3 7492 7558 7493
3 7492 7493 7798
3 7797 7492 7798
3 7857 7797 7798
3 7857 7798 7858
3 7857 7858 7990
3 7989 7857 7990
3 7989 7990 7930
3 7929 7989 7930
3 7929 7930 8730
3 8729 7929 8730
3 8838 8729 8730
3 8838 8730 8839
3 8838 8839 9312
3 9311 8838 9312
3 9311 9312 9238
3 9237 9311 9238
3 9237 9238 9728
3 9727 9237 9728
3 9789 9727 9728
3 9789 9728 9790
3 9789 9790 10158
3 10157 9789 10158
3 10157 10158 10096
3 10095 10157 10096
3 10095 10096 10616
3 10615 10095 10616
3 10624 10615 10616
3 10624 10616 10625
3 10624 10625 10645
3 10644 10624 10645
3 11542 10644 10645
3 11542 10645 11543
3 11524 11542 11543
3 11524 11543 11525
3 11533 11524 11525
3 11533 11525 11534
3 8122 11533 11534
3 8122 11534 8123
3 8326 8122 8123
3 8326 8123 8327
3 8198 8326 8327
3 8198 8327 8199
3 8245 8198 8199
3 8245 8199 8246
3 7375 8245 8246
3 7375 8246 7376
3 7375 7376 7319
3 7318 7375 7319
3 7187 7318 7319
3 7187 7319 7188
3 7187 7188 6795
3 6794 7187 6795
3 5095 6794 6795
3 5095 6795 5096
3 5231 5095 5096
3 5231 5096 5232
3 5081 5231 5232
3 5081 5232 5082
3 5106 5081 5082
3 5106 5082 5107
3 4047 5106 5107
3 4047 5107 4048
3 4047 4048 4039
3 4038 4047 4039
3 3988 4038 4039
3 3988 4039 3989
3 3988 3989 3833
3 3832 3988 3833
3 3832 3833 4028
3 4027 3832 4028
3 4027 4028 4010
3 4009 4027 4010
3 2654 4009 4010
3 2654 4010 2655
3 2709 2654 2655
3 2709 2655 2710
3 2669 2709 2710
3 2669 2710 2670
3 2678 2669 2670
3 2678 2670 2679
3 2070 2678 2679
3 2070 2679 2071
3 2070 2071 2062
3 2061 2070 2062
3 2047 2061 2062
3 2047 2062 2048
3 2047 2048 2017
3 2016 2047 2017
3 1636 2016 2017
3 1636 2017 1637
3 1687 1636 1637
3 1687 1637 1688
3 1647 1687 1688
3 1647 1688 1648
3 1656 1647 1648
3 1656 1648 1657
3 1296 1656 1657
3 1296 1657 1297
3 1296 1297 1288
3 1287 1296 1288
3 1273 1287 1288
3 1273 1288 1274
3 1273 1274 1235
3 1234 1273 1235
3 796 1234 1235
3 796 1235 797
3 847 796 797
3 847 797 848
3 807 847 848
3 807 848 808
3 816 807 808
3 816 808 817
3 682 816 817
3 682 817 683
3 682 683 667
3 666 682 667
3 633 666 667
3 633 667 634
3 633 634 419
3 418 633 419
3 220 418 419
3 220 419 221
3 300 220 221
3 300 221 301
3 245 300 301
3 245 301 246
3 256 245 246
3 256 246 257
3 179 256 257
3 179 257 180
3 179 180 171
3 170 179 171
3 147 170 171
3 147 171 148
3 147 148 61
3 60 147 61
3 60 61 121
3 120 60 121
3 120 121 31
3 30 120 31
3 30 31 134
3 133 30 134
3 139 133 134
3 139 134 140
3 30 133 139
3 120 30 139
3 147 60 120
3 170 147 120
3 256 179 170
3 245 256 170
3 300 245 170
3 220 300 170
3 666 633 418
3 816 682 666
3 807 816 666
3 796 847 807
3 1287 1273 1234
3 1656 1296 1287
3 1647 1656 1287
3 1636 1687 1647
3 2061 2047 2016
3 2678 2070 2061
3 2669 2678 2061
3 2654 2709 2669
3 3988 3832 4027
3 4038 3988 4027
3 5106 4047 4038
3 5081 5106 4038
3 5231 5081 4038
3 5095 5231 4038
3 7318 7187 6794
3 8245 7375 7318
3 8198 8245 7318
3 8122 8326 8198
3 11524 11533 8122
3 10644 11542 11524
3 10624 10644 11524
3 10095 10615 10624
3 10157 10095 10624
3 9789 10157 10624
3 9237 9727 9789
3 9311 9237 9789
3 8838 9311 9789
3 7929 8729 8838
3 7989 7929 8838
3 7492 7797 7857
3 7558 7492 7857
3 6645 6925 6991
3 6711 6645 6991
3 5670 6351 6417
3 5738 5670 6417
3 5512 5738 6417
3 4808 5444 5512
3 3447 4782 4808
3 3467 3447 4808
3 139 3467 4808
3 120 139 4808
3 220 170 120
3 418 220 120
3 807 666 418
3 796 807 418
3 1234 796 418
3 1647 1287 1234
3 1636 1647 1234
3 2669 2061 2016
3 2654 2669 2016
3 4038 4027 4009
3 5095 4038 4009
3 8198 7318 6794
3 8122 8198 6794
3 11524 8122 6794
3 10624 11524 6794
3 9789 10624 6794
3 8838 9789 6794
3 7989 8838 6794
3 7857 7989 6794
3 7558 7857 6794
3 6991 7558 6794
3 6711 6991 6794
3 6417 6711 6794
3 5512 6417 6794
3 4808 5512 6794
3 120 4808 6794
3 418 120 6794
3 1636 1234 418
3 2016 1636 418
3 2654 2016 418
3 4009 2654 418
3 5095 4009 418
3 6794 5095 418
3 29 132 138
3 119 29 138
3 146 59 119
3 169 146 119
3 255 178 169
3 244 255 169
3 299 244 169
3 219 299 169
3 665 632 417
3 815 680 665
3 806 815 665
3 795 846 806
3 1286 1272 1233
3 1655 1295 1286
3 1646 1655 1286
3 1635 1686 1646
3 2060 2046 2015
3 2677 2069 2060
3 2668 2677 2060
3 2653 2708 2668
3 3987 3831 4026
3 4037 3987 4026
3 5105 4046 4037
3 5080 5105 4037
3 5230 5080 4037
3 5094 5230 4037
3 7317 7186 6793
3 8244 7374 7317
3 8197 8244 7317
3 8121 8325 8197
3 11523 11532 8121
3 10643 11541 11523
3 10623 10643 11523
3 10094 10614 10623
3 10156 10094 10623
3 9788 10156 10623
3 9236 9726 9788
3 9310 9236 9788
3 8837 9310 9788
3 7928 8728 8837
3 7988 7928 8837
3 7491 7796 7856
3 7557 7491 7856
3 6644 6924 6990
3 6710 6644 6990
3 5669 6350 6416
3 5737 5669 6416
3 5511 5737 6416
3 4807 5443 5511
3 3446 4781 4807
3 3466 3446 4807
3 138 3466 4807
3 119 138 4807
3 219 169 119
3 417 219 119
3 806 665 417
3 795 806 417
3 1233 795 417
3 1646 1286 1233
3 1635 1646 1233
3 2668 2060 2015
3 2653 2668 2015
3 4037 4026 4008
3 5094 4037 4008
3 8197 7317 6793
3 8121 8197 6793
3 11523 8121 6793
3 10623 11523 6793
3 9788 10623 6793
3 8837 9788 6793
3 7988 8837 6793
3 7856 7988 6793
3 7557 7856 6793
3 6990 7557 6793
3 6710 6990 6793
3 6416 6710 6793
3 5511 6416 6793
3 4807 5511 6793
3 119 4807 6793
3 417 119 6793
3 1635 1233 417
3 2015 1635 417
3 2653 2015 417
3 4008 2653 417
3 5094 4008 417
3 6793 5094 417
3 133 139 138
3 133 138 132
3 133 132 29
3 30 133 29
3 30 29 119
3 120 30 119
3 120 119 59
3 60 120 59
3 60 59 146
3 147 60 146
3 170 147 146
3 170 146 169
3 170 169 178
3 179 170 178
3 256 179 178
3 256 178 255
3 245 256 255
3 245 255 244
3 300 245 244
3 300 244 299
3 220 300 299
3 220 299 219
3 418 220 219
3 418 219 417
3 418 417 632
3 633 418 632
3 666 633 632
3 666 632 665
3 666 665 680
3 682 666 680
3 816 682 680
3 816 680 815
3 807 816 815
3 807 815 806
3 847 807 806
3 847 806 846
3 796 847 846
3 796 846 795
3 1234 796 795
3 1234 795 1233
3 1234 1233 1272
3 1273 1234 1272
3 1287 1273 1272
3 1287 1272 1286
3 1287 1286 1295
3 1296 1287 1295
3 1656 1296 1295
3 1656 1295 1655
3 1647 1656 1655
3 1647 1655 1646
3 1687 1647 1646
3 1687 1646 1686
3 1636 1687 1686
3 1636 1686 1635
3 2016 1636 1635
3 2016 1635 2015
3 2016 2015 2046
3 2047 2016 2046
3 2061 2047 2046
3 2061 2046 2060
3 2061 2060 2069
3 2070 2061 2069
3 2678 2070 2069
3 2678 2069 2677
3 2669 2678 2677
3 2669 2677 2668
3 2709 2669 2668
3 2709 2668 2708
3 2654 2709 2708
3 2654 2708 2653
3 4009 2654 2653
3 4009 2653 4008
3 4009 4008 4026
3 4027 4009 4026
3 4027 4026 3831
3 3832 4027 3831
3 3832 3831 3987
3 3988 3832 3987
3 4038 3988 3987
3 4038 3987 4037
3 4038 4037 4046
3 4047 4038 4046
3 5106 4047 4046
3 5106 4046 5105
3 5081 5106 5105
3 5081 5105 5080
3 5231 5081 5080
3 5231 5080 5230
3 5095 5231 5230
3 5095 5230 5094
3 6794 5095 5094
3 6794 5094 6793
3 6794 6793 7186
3 7187 6794 7186
3 7318 7187 7186
3 7318 7186 7317
3 7318 7317 7374
3 7375 7318 7374
3 8245 7375 7374
3 8245 7374 8244
3 8198 8245 8244
3 8198 8244 8197
3 8326 8198 8197
3 8326 8197 8325
3 8122 8326 8325
3 8122 8325 8121
3 11533 8122 8121
3 11533 8121 11532
3 11524 11533 11532
3 11524 11532 11523
3 11542 11524 11523
3 11542 11523 11541
3 10644 11542 11541
3 10644 11541 10643
3 10644 10643 10623
3 10624 10644 10623
3 10615 10624 10623
3 10615 10623 10614
3 10615 10614 10094
3 10095 10615 10094
3 10095 10094 10156
3 10157 10095 10156
3 10157 10156 9788
3 9789 10157 9788
3 9727 9789 9788
3 9727 9788 9726
3 9727 9726 9236
3 9237 9727 9236
3 9237 9236 9310
3 9311 9237 9310
3 9311 9310 8837
3 8838 9311 8837
3 8729 8838 8837
3 8729 8837 8728
3 8729 8728 7928
3 7929 8729 7928
3 7929 7928 7988
3 7989 7929 7988
3 7989 7988 7856
3 7857 7989 7856
3 7797 7857 7856
3 7797 7856 7796
3 7797 7796 7491
3 7492 7797 7491
3 7492 7491 7557
3 7558 7492 7557
3 7558 7557 6990
3 6991 7558 6990
3 6925 6991 6990
3 6925 6990 6924
3 6925 6924 6644
3 6645 6925 6644
3 6645 6644 6710
3 6711 6645 6710
3 6711 6710 6416
3 6417 6711 6416
3 6351 6417 6416
3 6351 6416 6350
3 6351 6350 5669
3 5670 6351 5669
3 5670 5669 5737
3 5738 5670 5737
3 5738 5737 5511
3 5512 5738 5511
3 5444 5512 5511
3 5444 5511 5443
3 5444 5443 4807
3 4808 5444 4807
3 4782 4808 4807
3 4782 4807 4781
3 4782 4781 3446
3 3447 4782 3446
3 3447 3446 3466
3 3467 3447 3466
3 3467 3466 138
3 139 3467 138
3 30 133 139
3 120 30 139
3 147 60 120
3 170 147 120
3 256 179 170
3 245 256 170
3 300 245 170
3 220 300 170
3 666 633 418
3 816 682 666
3 807 816 666
3 796 847 807
3 1287 1273 1234
3 1656 1296 1287
3 1647 1656 1287
3 1636 1687 1647
3 2061 2047 2016
3 2678 2070 2061
3 2669 2678 2061
3 2654 2709 2669
3 3988 3832 4027
3 4038 3988 4027
3 5106 4047 4038
3 5081 5106 4038
3 5231 5081 4038
3 5095 5231 4038
3 7318 7187 6794
3 8245 7375 7318
3 8198 8245 7318
3 8122 8326 8198
3 11524 11533 8122
3 10644 11542 11524
3 10624 10644 11524
3 10095 10615 10624
3 10157 10095 10624
3 9789 10157 10624
3 9237 9727 9789
3 9311 9237 9789
3 8838 9311 9789
3 7929 8729 8838
3 7989 7929 8838
3 7492 7797 7857
3 7558 7492 7857
3 6645 6925 6991
3 6711 6645 6991
3 5670 6351 6417
3 5738 5670 6417
3 5512 5738 6417
3 4808 5444 5512
3 3447 4782 4808
3 3467 3447 4808
3 139 3467 4808
3 120 139 4808
3 220 170 120
3 418 220 120
3 807 666 418
3 796 807 418
3 1234 796 418
3 1647 1287 1234
3 1636 1647 1234
3 2669 2061 2016
3 2654 2669 2016
3 4038 4027 4009
3 5095 4038 4009
3 8198 7318 6794
3 8122 8198 6794
3 11524 8122 6794
3 10624 11524 6794
3 9789 10624 6794
3 8838 9789 6794
3 7989 8838 6794
3 7857 7989 6794
3 7558 7857 6794
3 6991 7558 6794
3 6711 6991 6794
3 6417 6711 6794
3 5512 6417 6794
3 4808 5512 6794
3 120 4808 6794
3 418 120 6794
3 1636 1234 418
3 2016 1636 418
3 2654 2016 418
3 4009 2654 418
3 5095 4009 418
3 6794 5095 418
3 9726 10094 10156
3 9788 9726 10156
3 10158 9790 9788
3 10158 9788 10156
3 10096 10158 10156
3 10096 10156 10094
3 10096 10094 9726
3 9728 10096 9726
3 9728 9726 9788
3 9790 9728 9788
3 9728 10096 10158
3 9790 9728 10158
3 10614 10635 10643
3 10623 10614 10643
3 10637 10635 10614
3 10616 10637 10614
3 10616 10614 10623
3 10625 10616 10623
3 10645 10625 10623
3 10645 10623 10643
3 10637 10645 10643
3 10637 10643 10635
3 10616 10637 10645
3 10625 10616 10645
3 7796 7928 7988
3 7856 7796 7988
3 7990 7858 7856
3 7990 7856 7988
3 7930 7990 7988
3 7930 7988 7928
3 7930 7928 7796
3 7798 7930 7796
3 7798 7796 7856
3 7858 7798 7856
3 7798 7930 7990
3 7858 7798 7990
3 6924 7491 7557
3 6990 6924 7557
3 7559 6992 6990
3 7559 6990 7557
3 7493 7559 7557
3 7493 7557 7491
3 7493 7491 6924
3 6926 7493 6924
3 6926 6924 6990
3 6992 6926 6990
3 6926 7493 7559
3 6992 6926 7559
3 6350 6644 6710
3 6416 6350 6710
3 6712 6418 6416
3 6712 6416 6710
3 6646 6712 6710
3 6646 6710 6644
3 6646 6644 6350
3 6352 6646 6350
3 6352 6350 6416
3 6418 6352 6416
3 6352 6646 6712
3 6418 6352 6712
3 5443 5669 5737
3 5511 5443 5737
3 5739 5513 5511
3 5739 5511 5737
3 5671 5739 5737
3 5671 5737 5669
3 5671 5669 5443
3 5445 5671 5443
3 5445 5443 5511
3 5513 5445 5511
3 5445 5671 5739
3 5513 5445 5739
3 11523 11541 11551
3 11532 11523 11551
3 11543 11541 11523
3 11525 11543 11523
3 11525 11523 11532
3 11534 11525 11532
3 11553 11534 11532
3 11553 11532 11551
3 11543 11553 11551
3 11543 11551 11541
3 11525 11543 11553
3 11534 11525 11553
3 9179 9023 9103
3 9394 9179 9103
3 9024 9023 9179
3 9180 9024 9179
3 9395 9180 9179
3 9395 9179 9394
3 9104 9395 9394
3 9104 9394 9103
3 9104 9103 9023
3 9024 9104 9023
3 9180 9024 9104
3 9395 9180 9104
3 5921 6008 6183
3 6098 5921 6183
3 6009 6008 5921
3 5922 6009 5921
3 5922 5921 6098
3 6099 5922 6098
3 6184 6099 6098
3 6184 6098 6183
3 6009 6184 6183
3 6009 6183 6008
3 5922 6009 6184
3 6099 5922 6184
3 8197 8325 8441
3 8244 8197 8441
3 8327 8325 8197
3 8199 8327 8197
3 8199 8197 8244
3 8246 8199 8244
3 8442 8246 8244
3 8442 8244 8441
3 8327 8442 8441
3 8327 8441 8325
3 8199 8327 8442
3 8246 8199 8442
3 7186 7317 7374
3 7312 7186 7374
3 7319 7317 7186
3 7188 7319 7186
3 7188 7186 7312
3 7313 7188 7312
3 7376 7313 7312
3 7376 7312 7374
3 7319 7376 7374
3 7319 7374 7317
3 7188 7319 7376
3 7313 7188 7376
3 5162 5230 5240
3 5181 5162 5240
3 5232 5230 5162
3 5164 5232 5162
3 5164 5162 5181
3 5183 5164 5181
3 5241 5183 5181
3 5241 5181 5240
3 5232 5241 5240
3 5232 5240 5230
3 5164 5232 5241
3 5183 5164 5241
3 806 846 855
3 815 806 855
3 848 846 806
3 808 848 806
3 808 806 815
3 817 808 815
3 856 817 815
3 856 815 855
3 848 856 855
3 848 855 846
3 808 848 856
3 817 808 856
3 1272 1286 1295
3 1283 1272 1295
3 1288 1286 1272
3 1274 1288 1272
3 1274 1272 1283
3 1284 1274 1283
3 1297 1284 1283
3 1297 1283 1295
3 1288 1297 1295
3 1288 1295 1286
3 1274 1288 1297
3 1284 1274 1297
3 1115 1121 1127
3 1109 1115 1127
3 1103 1109 1127
3 1095 1103 1127
3 1089 1095 1127
3 1083 1089 1127
3 1077 1083 1127
3 1071 1077 1127
3 1065 1071 1127
3 1059 1065 1127
3 1051 1059 1127
3 1045 1051 1127
3 1037 1045 1127
3 1027 1037 1127
3 1019 1027 1127
3 1013 1019 1127
3 1007 1013 1127
3 997 1007 1127
3 991 997 1127
3 985 991 1127
3 979 985 1127
3 971 979 1127
3 965 971 1127
3 959 965 1127
3 953 959 1127
3 947 953 1127
3 941 947 1127
3 935 941 1127
3 929 935 1127
3 921 929 1127
3 915 921 1127
3 909 915 1127
3 906 909 1127
3 912 906 1127
3 918 912 1127
3 926 918 1127
3 932 926 1127
3 938 932 1127
3 944 938 1127
3 950 944 1127
3 956 950 1127
3 962 956 1127
3 968 962 1127
3 976 968 1127
3 982 976 1127
3 988 982 1127
3 994 988 1127
3 1002 994 1127
3 1010 1002 1127
3 1016 1010 1127
3 1022 1016 1127
3 1030 1022 1127
3 1042 1030 1127
3 1048 1042 1127
3 1056 1048 1127
3 1062 1056 1127
3 1068 1062 1127
3 1074 1068 1127
3 1080 1074 1127
3 1086 1080 1127
3 1092 1086 1127
3 1098 1092 1127
3 1106 1098 1127
3 1112 1106 1127
3 1118 1112 1127
3 1124 1118 1127
3 1130 1124 1127
3 1136 1130 1127
3 1139 1136 1127
3 1133 1139 1127
3 1116 1122 1121
3 1116 1121 1115
3 1110 1116 1115
3 1110 1115 1109
3 1104 1110 1109
3 1104 1109 1103
3 1096 1104 1103
3 1096 1103 1095
3 1090 1096 1095
3 1090 1095 1089
3 1084 1090 1089
3 1084 1089 1083
3 1084 1083 1077
3 1078 1084 1077
3 1078 1077 1071
3 1072 1078 1071
3 1072 1071 1065
3 1066 1072 1065
3 1066 1065 1059
3 1060 1066 1059
3 1060 1059 1051
3 1052 1060 1051
3 1052 1051 1045
3 1046 1052 1045
3 1046 1045 1037
3 1038 1046 1037
3 1038 1037 1027
3 1028 1038 1027
3 1028 1027 1019
3 1020 1028 1019
3 1020 1019 1013
3 1014 1020 1013
3 1014 1013 1007
3 1008 1014 1007
3 1008 1007 997
3 998 1008 997
3 998 997 991
3 992 998 991
3 992 991 985
3 986 992 985
3 986 985 979
3 980 986 979
3 980 979 971
3 972 980 971
3 972 971 965
3 966 972 965
3 966 965 959
3 960 966 959
3 960 959 953
3 954 960 953
3 954 953 947
3 948 954 947
3 948 947 941
3 942 948 941
3 942 941 935
3 936 942 935
3 936 935 929
3 930 936 929
3 930 929 921
3 922 930 921
3 922 921 915
3 916 922 915
3 916 915 909
3 910 916 909
3 910 909 906
3 907 910 906
3 907 906 912
3 913 907 912
3 913 912 918
3 919 913 918
3 919 918 926
3 927 919 926
3 927 926 932
3 933 927 932
3 933 932 938
3 939 933 938
3 939 938 944
3 945 939 944
3 945 944 950
3 951 945 950
3 951 950 956
3 957 951 956
3 957 956 962
3 963 957 962
3 969 963 962
3 969 962 968
3 977 969 968
3 977 968 976
3 983 977 976
3 983 976 982
3 989 983 982
3 989 982 988
3 995 989 988
3 995 988 994
3 1003 995 994
3 1003 994 1002
3 1011 1003 1002
3 1011 1002 1010
3 1017 1011 1010
3 1017 1010 1016
3 1023 1017 1016
3 1023 1016 1022
3 1031 1023 1022
3 1031 1022 1030
3 1043 1031 1030
3 1043 1030 1042
3 1049 1043 1042
3 1049 1042 1048
3 1057 1049 1048
3 1057 1048 1056
3 1063 1057 1056
3 1063 1056 1062
3 1069 1063 1062
3 1069 1062 1068
3 1075 1069 1068
3 1075 1068 1074
3 1081 1075 1074
3 1081 1074 1080
3 1087 1081 1080
3 1087 1080 1086
3 1093 1087 1086
3 1093 1086 1092
3 1099 1093 1092
3 1099 1092 1098
3 1107 1099 1098
3 1107 1098 1106
3 1113 1107 1106
3 1113 1106 1112
3 1119 1113 1112
3 1119 1112 1118
3 1125 1119 1118
3 1125 1118 1124
3 1131 1125 1124
3 1131 1124 1130
3 1137 1131 1130
3 1137 1130 1136
3 1140 1137 1136
3 1140 1136 1139
3 1134 1140 1139
3 1134 1139 1133
3 1128 1134 1133
3 1128 1133 1127
3 1122 1128 1127
3 1122 1127 1121
3 1116 1122 1128
3 1110 1116 1128
3 1104 1110 1128
3 1096 1104 1128
3 1090 1096 1128
3 1084 1090 1128
3 1078 1084 1128
3 1072 1078 1128
3 1066 1072 1128
3 1060 1066 1128
3 1052 1060 1128
3 1046 1052 1128
3 1038 1046 1128
3 1028 1038 1128
3 1020 1028 1128
3 1014 1020 1128
3 1008 1014 1128
3 998 1008 1128
3 992 998 1128
3 986 992 1128
3 980 986 1128
3 972 980 1128
3 966 972 1128
3 960 966 1128
3 954 960 1128
3 948 954 1128
3 942 948 1128
3 936 942 1128
3 930 936 1128
3 922 930 1128
3 916 922 1128
3 910 916 1128
3 907 910 1128
3 913 907 1128
3 919 913 1128
3 927 919 1128
3 933 927 1128
3 939 933 1128
3 945 939 1128
3 951 945 1128
3 957 951 1128
3 963 957 1128
3 969 963 1128
3 977 969 1128
3 983 977 1128
3 989 983 1128
3 995 989 1128
3 1003 995 1128
3 1011 1003 1128
3 1017 1011 1128
3 1023 1017 1128
3 1031 1023 1128
3 1043 1031 1128
3 1049 1043 1128
3 1057 1049 1128
3 1063 1057 1128
3 1069 1063 1128
3 1075 1069 1128
3 1081 1075 1128
3 1087 1081 1128
3 1093 1087 1128
3 1099 1093 1128
3 1107 1099 1128
3 1113 1107 1128
3 1119 1113 1128
3 1125 1119 1128
3 1131 1125 1128
3 1137 1131 1128
3 1140 1137 1128
3 1134 1140 1128
3 1646 1686 1695
3 1655 1646 1695
3 1688 1686 1646
3 1648 1688 1646
3 1648 1646 1655
3 1657 1648 1655
3 1696 1657 1655
3 1696 1655 1695
3 1688 1696 1695
3 1688 1695 1686
3 1648 1688 1696
3 1657 1648 1696
3 2046 2060 2069
3 2057 2046 2069
3 2062 2060 2046
3 2048 2062 2046
3 2048 2046 2057
3 2058 2048 2057
3 2071 2058 2057
3 2071 2057 2069
3 2062 2071 2069
3 2062 2069 2060
3 2048 2062 2071
3 2058 2048 2071
3 1955 1961 1967
3 1949 1955 1967
3 1943 1949 1967
3 1935 1943 1967
3 1929 1935 1967
3 1923 1929 1967
3 1917 1923 1967
3 1911 1917 1967
3 1905 1911 1967
3 1899 1905 1967
3 1891 1899 1967
3 1885 1891 1967
3 1877 1885 1967
3 1867 1877 1967
3 1859 1867 1967
3 1853 1859 1967
3 1847 1853 1967
3 1837 1847 1967
3 1831 1837 1967
3 1825 1831 1967
3 1819 1825 1967
3 1811 1819 1967
3 1805 1811 1967
3 1799 1805 1967
3 1793 1799 1967
3 1787 1793 1967
3 1781 1787 1967
3 1775 1781 1967
3 1769 1775 1967
3 1761 1769 1967
3 1755 1761 1967
3 1749 1755 1967
3 1746 1749 1967
3 1752 1746 1967
3 1758 1752 1967
3 1766 1758 1967
3 1772 1766 1967
3 1778 1772 1967
3 1784 1778 1967
3 1790 1784 1967
3 1796 1790 1967
3 1802 1796 1967
3 1808 1802 1967
3 1816 1808 1967
3 1822 1816 1967
3 1828 1822 1967
3 1834 1828 1967
3 1842 1834 1967
3 1850 1842 1967
3 1856 1850 1967
3 1862 1856 1967
3 1870 1862 1967
3 1882 1870 1967
3 1888 1882 1967
3 1896 1888 1967
3 1902 1896 1967
3 1908 1902 1967
3 1914 1908 1967
3 1920 1914 1967
3 1926 1920 1967
3 1932 1926 1967
3 1940 1932 1967
3 1946 1940 1967
3 1952 1946 1967
3 1958 1952 1967
3 1964 1958 1967
3 1970 1964 1967
3 1976 1970 1967
3 1979 1976 1967
3 1973 1979 1967
3 1956 1962 1961
3 1956 1961 1955
3 1950 1956 1955
3 1950 1955 1949
3 1944 1950 1949
3 1944 1949 1943
3 1936 1944 1943
3 1936 1943 1935
3 1930 1936 1935
3 1930 1935 1929
3 1924 1930 1929
3 1924 1929 1923
3 1924 1923 1917
3 1918 1924 1917
3 1918 1917 1911
3 1912 1918 1911
3 1912 1911 1905
3 1906 1912 1905
3 1906 1905 1899
3 1900 1906 1899
3 1900 1899 1891
3 1892 1900 1891
3 1892 1891 1885
3 1886 1892 1885
3 1886 1885 1877
3 1878 1886 1877
3 1878 1877 1867
3 1868 1878 1867
3 1868 1867 1859
3 1860 1868 1859
3 1860 1859 1853
3 1854 1860 1853
3 1854 1853 1847
3 1848 1854 1847
3 1848 1847 1837
3 1838 1848 1837
3 1838 1837 1831
3 1832 1838 1831
3 1832 1831 1825
3 1826 1832 1825
3 1826 1825 1819
3 1820 1826 1819
3 1820 1819 1811
3 1812 1820 1811
3 1812 1811 1805
3 1806 1812 1805
3 1806 1805 1799
3 1800 1806 1799
3 1800 1799 1793
3 1794 1800 1793
3 1794 1793 1787
3 1788 1794 1787
3 1788 1787 1781
3 1782 1788 1781
3 1782 1781 1775
3 1776 1782 1775
3 1776 1775 1769
3 1770 1776 1769
3 1770 1769 1761
3 1762 1770 1761
3 1762 1761 1755
3 1756 1762 1755
3 1756 1755 1749
3 1750 1756 1749
3 1750 1749 1746
3 1747 1750 1746
3 1747 1746 1752
3 1753 1747 1752
3 1753 1752 1758
3 1759 1753 1758
3 1759 1758 1766
3 1767 1759 1766
3 1767 1766 1772
3 1773 1767 1772
3 1773 1772 1778
3 1779 1773 1778
3 1779 1778 1784
3 1785 1779 1784
3 1785 1784 1790
3 1791 1785 1790
3 1791 1790 1796
3 1797 1791 1796
3 1797 1796 1802
3 1803 1797 1802
3 1809 1803 1802
3 1809 1802 1808
3 1817 1809 1808
3 1817 1808 1816
3 1823 1817 1816
3 1823 1816 1822
3 1829 1823 1822
3 1829 1822 1828
3 1835 1829 1828
3 1835 1828 1834
3 1843 1835 1834
3 1843 1834 1842
3 1851 1843 1842
3 1851 1842 1850
3 1857 1851 1850
3 1857 1850 1856
3 1863 1857 1856
3 1863 1856 1862
3 1871 1863 1862
3 1871 1862 1870
3 1883 1871 1870
3 1883 1870 1882
3 1889 1883 1882
3 1889 1882 1888
3 1897 1889 1888
3 1897 1888 1896
3 1903 1897 1896
3 1903 1896 1902
3 1909 1903 1902
3 1909 1902 1908
3 1915 1909 1908
3 1915 1908 1914
3 1921 1915 1914
3 1921 1914 1920
3 1927 1921 1920
3 1927 1920 1926
3 1933 1927 1926
3 1933 1926 1932
3 1941 1933 1932
3 1941 1932 1940
3 1947 1941 1940
3 1947 1940 1946
3 1953 1947 1946
3 1953 1946 1952
3 1959 1953 1952
3 1959 1952 1958
3 1965 1959 1958
3 1965 1958 1964
3 1971 1965 1964
3 1971 1964 1970
3 1977 1971 1970
3 1977 1970 1976
3 1980 1977 1976
3 1980 1976 1979
3 1974 1980 1979
3 1974 1979 1973
3 1968 1974 1973
3 1968 1973 1967
3 1962 1968 1967
3 1962 1967 1961
3 1956 1962 1968
3 1950 1956 1968
3 1944 1950 1968
3 1936 1944 1968
3 1930 1936 1968
3 1924 1930 1968
3 1918 1924 1968
3 1912 1918 1968
3 1906 1912 1968
3 1900 1906 1968
3 1892 1900 1968
3 1886 1892 1968
3 1878 1886 1968
3 1868 1878 1968
3 1860 1868 1968
3 1854 1860 1968
3 1848 1854 1968
3 1838 1848 1968
3 1832 1838 1968
3 1826 1832 1968
3 1820 1826 1968
3 1812 1820 1968
3 1806 1812 1968
3 1800 1806 1968
3 1794 1800 1968
3 1788 1794 1968
3 1782 1788 1968
3 1776 1782 1968
3 1770 1776 1968
3 1762 1770 1968
3 1756 1762 1968
3 1750 1756 1968
3 1747 1750 1968
3 1753 1747 1968
3 1759 1753 1968
3 1767 1759 1968
3 1773 1767 1968
3 1779 1773 1968
3 1785 1779 1968
3 1791 1785 1968
3 1797 1791 1968
3 1803 1797 1968
3 1809 1803 1968
3 1817 1809 1968
3 1823 1817 1968
3 1829 1823 1968
3 1835 1829 1968
3 1843 1835 1968
3 1851 1843 1968
3 1857 1851 1968
3 1863 1857 1968
3 1871 1863 1968
3 1883 1871 1968
3 1889 1883 1968
3 1897 1889 1968
3 1903 1897 1968
3 1909 1903 1968
3 1915 1909 1968
3 1921 1915 1968
3 1927 1921 1968
3 1933 1927 1968
3 1941 1933 1968
3 1947 1941 1968
3 1953 1947 1968
3 1959 1953 1968
3 1965 1959 1968
3 1971 1965 1968
3 1977 1971 1968
3 1980 1977 1968
3 1974 1980 1968
3 2668 2708 2717
3 2677 2668 2717
3 2710 2708 2668
3 2670 2710 2668
3 2670 2668 2677
3 2679 2670 2677
3 2718 2679 2677
3 2718 2677 2717
3 2710 2718 2717
3 2710 2717 2708
3 2670 2710 2718
3 2679 2670 2718
3 3858 3987 3996
3 3863 3858 3996
3 3989 3987 3858
3 3860 3989 3858
3 3860 3858 3863
3 3864 3860 3863
3 3998 3864 3863
3 3998 3863 3996
3 3989 3998 3996
3 3989 3996 3987
3 3860 3989 3998
3 3864 3860 3998
3 3565 3571 3577
3 3559 3565 3577
3 3553 3559 3577
3 3547 3553 3577
3 3541 3547 3577
3 3535 3541 3577
3 3529 3535 3577
3 3469 3529 3577
3 3458 3469 3577
3 3452 3458 3577
3 3443 3452 3577
3 3354 3443 3577
3 3229 3354 3577
3 3221 3229 3577
3 3215 3221 3577
3 3209 3215 3577
3 3201 3209 3577
3 3195 3201 3577
3 3189 3195 3577
3 3183 3189 3577
3 3175 3183 3577
3 3169 3175 3577
3 3163 3169 3577
3 3157 3163 3577
3 3151 3157 3577
3 3145 3151 3577
3 3139 3145 3577
3 3133 3139 3577
3 3127 3133 3577
3 3121 3127 3577
3 3115 3121 3577
3 3109 3115 3577
3 3106 3109 3577
3 3112 3106 3577
3 3118 3112 3577
3 3124 3118 3577
3 3130 3124 3577
3 3136 3130 3577
3 3142 3136 3577
3 3148 3142 3577
3 3154 3148 3577
3 3160 3154 3577
3 3166 3160 3577
3 3172 3166 3577
3 3180 3172 3577
3 3186 3180 3577
3 3192 3186 3577
3 3198 3192 3577
3 3206 3198 3577
3 3212 3206 3577
3 3218 3212 3577
3 3226 3218 3577
3 3290 3226 3577
3 3357 3290 3577
3 3449 3357 3577
3 3455 3449 3577
3 3463 3455 3577
3 3526 3463 3577
3 3532 3526 3577
3 3538 3532 3577
3 3544 3538 3577
3 3550 3544 3577
3 3556 3550 3577
3 3562 3556 3577
3 3568 3562 3577
3 3574 3568 3577
3 3580 3574 3577
3 3586 3580 3577
3 3589 3586 3577
3 3583 3589 3577
3 3566 3572 3571
3 3566 3571 3565
3 3560 3566 3565
3 3560 3565 3559
3 3554 3560 3559
3 3554 3559 3553
3 3548 3554 3553
3 3548 3553 3547
3 3542 3548 3547
3 3542 3547 3541
3 3536 3542 3541
3 3536 3541 3535
3 3536 3535 3529
3 3530 3536 3529
3 3530 3529 3469
3 3470 3530 3469
3 3470 3469 3458
3 3459 3470 3458
3 3459 3458 3452
3 3453 3459 3452
3 3453 3452 3443
3 3444 3453 3443
3 3444 3443 3354
3 3355 3444 3354
3 3355 3354 3229
3 3230 3355 3229
3 3230 3229 3221
3 3222 3230 3221
3 3222 3221 3215
3 3216 3222 3215
3 3216 3215 3209
3 3210 3216 3209
3 3210 3209 3201
3 3202 3210 3201
3 3202 3201 3195
3 3196 3202 3195
3 3196 3195 3189
3 3190 3196 3189
3 3190 3189 3183
3 3184 3190 3183
3 3184 3183 3175
3 3176 3184 3175
3 3176 3175 3169
3 3170 3176 3169
3 3170 3169 3163
3 3164 3170 3163
3 3164 3163 3157
3 3158 3164 3157
3 3158 3157 3151
3 3152 3158 3151
3 3152 3151 3145
3 3146 3152 3145
3 3146 3145 3139
3 3140 3146 3139
3 3140 3139 3133
3 3134 3140 3133
3 3134 3133 3127
3 3128 3134 3127
3 3128 3127 3121
3 3122 3128 3121
3 3122 3121 3115
3 3116 3122 3115
3 3116 3115 3109
3 3110 3116 3109
3 3110 3109 3106
3 3107 3110 3106
3 3107 3106 3112
3 3113 3107 3112
3 3113 3112 3118
3 3119 3113 3118
3 3119 3118 3124
3 3125 3119 3124
3 3125 3124 3130
3 3131 3125 3130
3 3131 3130 3136
3 3137 3131 3136
3 3137 3136 3142
3 3143 3137 3142
3 3143 3142 3148
3 3149 3143 3148
3 3149 3148 3154
3 3155 3149 3154
3 3155 3154 3160
3 3161 3155 3160
3 3167 3161 3160
3 3167 3160 3166
3 3173 3167 3166
3 3173 3166 3172
3 3181 3173 3172
3 3181 3172 3180
3 3187 3181 3180
3 3187 3180 3186
3 3193 3187 3186
3 3193 3186 3192
3 3199 3193 3192
3 3199 3192 3198
3 3207 3199 3198
3 3207 3198 3206
3 3213 3207 3206
3 3213 3206 3212
3 3219 3213 3212
3 3219 3212 3218
3 3227 3219 3218
3 3227 3218 3226
3 3291 3227 3226
3 3291 3226 3290
3 3358 3291 3290
3 3358 3290 3357
3 3450 3358 3357
3 3450 3357 3449
3 3456 3450 3449
3 3456 3449 3455
3 3464 3456 3455
3 3464 3455 3463
3 3527 3464 3463
3 3527 3463 3526
3 3533 3527 3526
3 3533 3526 3532
3 3539 3533 3532
3 3539 3532 3538
3 3545 3539 3538
3 3545 3538 3544
3 3551 3545 3544
3 3551 3544 3550
3 3557 3551 3550
3 3557 3550 3556
3 3563 3557 3556
3 3563 3556 3562
3 3569 3563 3562
3 3569 3562 3568
3 3575 3569 3568
3 3575 3568 3574
3 3581 3575 3574
3 3581 3574 3580
3 3587 3581 3580
3 3587 3580 3586
3 3590 3587 3586
3 3590 3586 3589
3 3584 3590 3589
3 3584 3589 3583
3 3578 3584 3583
3 3578 3583 3577
3 3572 3578 3577
3 3572 3577 3571
3 3566 3572 3578
3 3560 3566 3578
3 3554 3560 3578
3 3548 3554 3578
3 3542 3548 3578
3 3536 3542 3578
3 3530 3536 3578
3 3470 3530 3578
3 3459 3470 3578
3 3453 3459 3578
3 3444 3453 3578
3 3355 3444 3578
3 3230 3355 3578
3 3222 3230 3578
3 3216 3222 3578
3 3210 3216 3578
3 3202 3210 3578
3 3196 3202 3578
3 3190 3196 3578
3 3184 3190 3578
3 3176 3184 3578
3 3170 3176 3578
3 3164 3170 3578
3 3158 3164 3578
3 3152 3158 3578
3 3146 3152 3578
3 3140 3146 3578
3 3134 3140 3578
3 3128 3134 3578
3 3122 3128 3578
3 3116 3122 3578
3 3110 3116 3578
3 3107 3110 3578
3 3113 3107 3578
3 3119 3113 3578
3 3125 3119 3578
3 3131 3125 3578
3 3137 3131 3578
3 3143 3137 3578
3 3149 3143 3578
3 3155 3149 3578
3 3161 3155 3578
3 3167 3161 3578
3 3173 3167 3578
3 3181 3173 3578
3 3187 3181 3578
3 3193 3187 3578
3 3199 3193 3578
3 3207 3199 3578
3 3213 3207 3578
3 3219 3213 3578
3 3227 3219 3578
3 3291 3227 3578
3 3358 3291 3578
3 3450 3358 3578
3 3456 3450 3578
3 3464 3456 3578
3 3527 3464 3578
3 3533 3527 3578
3 3539 3533 3578
3 3545 3539 3578
3 3551 3545 3578
3 3557 3551 3578
3 3563 3557 3578
3 3569 3563 3578
3 3575 3569 3578
3 3581 3575 3578
3 3587 3581 3578
3 3590 3587 3578
3 3584 3590 3578
3 3746 3758 3831
3 3754 3746 3831
3 3760 3758 3746
3 3748 3760 3746
3 3748 3746 3754
3 3756 3748 3754
3 3833 3756 3754
3 3833 3754 3831
3 3760 3833 3831
3 3760 3831 3758
3 3748 3760 3833
3 3756 3748 3833
3 244 299 332
3 255 244 332
3 301 299 244
3 246 301 244
3 246 244 255
3 257 246 255
3 334 257 255
3 334 255 332
3 301 334 332
3 301 332 299
3 246 301 334
3 257 246 334
3 169 187 141
3 146 169 141
3 59 146 141
3 2 32 119
3 116 2 119
3 54 116 119
3 59 141 54
3 119 59 54
3 171 188 187
3 171 187 169
3 171 169 146
3 148 171 146
3 61 148 146
3 61 146 59
3 121 61 59
3 121 59 119
3 34 121 119
3 34 119 32
3 34 32 2
3 3 34 2
3 3 2 116
3 117 3 116
3 117 116 54
3 55 117 54
3 55 54 141
3 142 55 141
3 188 142 141
3 188 141 187
3 171 188 142
3 148 171 142
3 61 148 142
3 3 34 121
3 117 3 121
3 55 117 121
3 61 142 55
3 121 61 55
3 136 3441 3466
3 138 136 3466
3 3468 140 138
3 3468 138 3466
3 3442 3468 3466
3 3442 3466 3441
3 3442 3441 136
3 137 3442 136
3 137 136 138
3 140 137 138
3 137 3442 3468
3 140 137 3468
3 8728 9236 9310
3 8837 8728 9310
3 9312 8839 8837
3 9312 8837 9310
3 9238 9312 9310
3 9238 9310 9236
3 9238 9236 8728
3 8730 9238 8728
3 8730 8728 8837
3 8839 8730 8837
3 8730 9238 9312
3 8839 8730 9312
3 9534 9686 9006
3 9006 8800 9534
3 5817 6494 6640
3 5879 5817 6640
3 11641 11668 11637
3 11600 11641 11637
3 11117 11352 11115
3 11074 11117 11115
3 618 409 426
3 542 482 618
3 674 695 542
3 641 674 542
3 618 426 641
3 542 618 641
3 1429 1421 1541
3 1545 1429 1541
3 1545 1541 2310
3 2314 1545 2310
3 6482 8788 9004
3 6638 6482 9004
3 11102 11349 11638
3 11587 11102 11638
3 6485 8791 9005
3 6639 6485 9005
3 11105 11350 11639
3 11590 11105 11639
3 5082 5164 5183
3 5107 5082 5183
3 5182 5163 5164
3 5182 5164 5183
3 5106 5182 5183
3 5106 5183 5107
3 5106 5107 5082
3 5081 5106 5082
3 5081 5082 5164
3 5163 5081 5164
3 5081 5163 5182
3 5106 5081 5182
3 3989 4039 4048
3 3998 3989 4048
3 4047 4038 4039
3 4047 4039 4048
3 3997 4047 4048
3 3997 4048 3998
3 3997 3998 3989
3 3988 3997 3989
3 3988 3989 4039
3 4038 3988 4039
3 3988 4038 4047
3 3997 3988 4047
3 3760 4020 4028
3 3833 3760 4028
3 4027 4019 4020
3 4027 4020 4028
3 3832 4027 4028
3 3832 4028 3833
3 3832 3833 3760
3 3759 3832 3760
3 3759 3760 4020
3 4019 3759 4020
3 3759 4019 4027
3 3832 3759 4027
3 3860 3756 3833
3 3989 3860 3833
3 3755 3756 3833
3 3832 3755 3833
3 3988 3832 3833
3 3988 3833 3989
3 3859 3988 3989
3 3859 3989 3860
3 3859 3860 3756
3 3755 3859 3756
3 3859 3755 3832
3 3988 3859 3832
3 3448 3353 4793
3 4783 3448 4793
3 4809 4783 4793
3 4881 4809 4793
3 3352 3353 4793
3 4792 3352 4793
3 4880 4792 4793
3 4880 4793 4881
3 4808 4880 4881
3 4808 4881 4809
3 4808 4809 4783
3 4782 4808 4783
3 3447 4782 4783
3 3447 4783 3448
3 3447 3448 3353
3 3352 3447 3353
3 3447 3352 4792
3 4782 3447 4792
3 4808 4782 4792
3 4880 4808 4792
3 5080 5162 5181
3 5105 5080 5181
3 5163 5162 5080
3 5081 5163 5080
3 5081 5080 5105
3 5106 5081 5105
3 5182 5106 5105
3 5182 5105 5181
3 5163 5182 5181
3 5163 5181 5162
3 5081 5163 5182
3 5106 5081 5182
3 3987 4037 4046
3 3996 3987 4046
3 4038 4037 3987
3 3988 4038 3987
3 3988 3987 3996
3 3997 3988 3996
3 4047 3997 3996
3 4047 3996 4046
3 4038 4047 4046
3 4038 4046 4037
3 3988 4038 4047
3 3997 3988 4047
3 3758 4018 4026
3 3831 3758 4026
3 4019 4018 3758
3 3759 4019 3758
3 3759 3758 3831
3 3832 3759 3831
3 4027 3832 3831
3 4027 3831 4026
3 4019 4027 4026
3 4019 4026 4018
3 3759 4019 4027
3 3832 3759 4027
3 3858 3754 3831
3 3987 3858 3831
3 3755 3754 3858
3 3859 3755 3858
3 3988 3859 3858
3 3988 3858 3987
3 3832 3988 3987
3 3832 3987 3831
3 3832 3831 3754
3 3755 3832 3754
3 3859 3755 3832
3 3988 3859 3832
3 3446 3351 4791
3 4781 3446 4791
3 4807 4781 4791
3 4879 4807 4791
3 3352 3351 3446
3 3447 3352 3446
3 4782 3447 3446
3 4782 3446 4781
3 4782 4781 4807
3 4808 4782 4807
3 4880 4808 4807
3 4880 4807 4879
3 4792 4880 4879
3 4792 4879 4791
3 4792 4791 3351
3 3352 4792 3351
3 3447 3352 4792
3 4782 3447 4792
3 4808 4782 4792
3 4880 4808 4792
3 5864 5219 5094
3 5809 5864 5094
3 6484 5809 5094
3 7232 6574 6484
3 6793 7232 6484
3 5094 6793 6484
3 5218 5219 5094
3 5093 5218 5094
3 5093 5094 6793
3 6792 5093 6793
3 7231 6792 6793
3 7231 6793 7232
3 6573 7231 7232
3 6573 7232 6574
3 6573 6574 6484
3 6483 6573 6484
3 5808 6483 6484
3 5808 6484 5809
3 5863 5808 5809
3 5863 5809 5864
3 5218 5863 5864
3 5218 5864 5219
3 5863 5218 5093
3 5808 5863 5093
3 6483 5808 5093
3 7231 6573 6483
3 6792 7231 6483
3 5093 6792 6483
3 1261 835 795
3 1233 1261 795
3 834 835 795
3 794 834 795
3 794 795 1233
3 1232 794 1233
3 1260 1232 1233
3 1260 1233 1261
3 834 1260 1261
3 834 1261 835
3 1260 834 794
3 1232 1260 794
3 2035 1675 1635
3 2015 2035 1635
3 1674 1675 1635
3 1634 1674 1635
3 1634 1635 2015
3 2014 1634 2015
3 2034 2014 2015
3 2034 2015 2035
3 1674 2034 2035
3 1674 2035 1675
3 2034 1674 1634
3 2014 2034 1634
3 4008 4018 3746
3 2653 4008 3746
3 2695 2653 3746
3 3841 2695 3746
3 3840 3745 3746
3 3840 3746 3841
3 2694 3840 3841
3 2694 3841 2695
3 2694 2695 2653
3 2652 2694 2653
3 2652 2653 4008
3 4007 2652 4008
3 4017 4007 4008
3 4017 4008 4018
3 3745 4017 4018
3 3745 4018 3746
3 4007 4017 3745
3 2652 4007 3745
3 2694 2652 3745
3 3840 2694 3745
3 522 282 233
3 219 402 522
3 332 219 522
3 233 332 522
3 281 282 233
3 232 281 233
3 232 233 332
3 331 232 332
3 331 332 219
3 218 331 219
3 218 219 402
3 401 218 402
3 521 401 402
3 521 402 522
3 281 521 522
3 281 522 282
3 521 281 232
3 218 401 521
3 331 218 521
3 232 331 521
3 4879 4797 10236
3 10635 4879 10236
3 8994 8431 8121
3 8790 8994 8121
3 9525 8790 8121
3 11680 9615 9525
3 11628 11653 11680
3 11129 11612 11589
3 11104 11129 11589
3 11059 11088 11065
3 10236 10233 11059
3 10635 10236 11059
3 11551 10635 11059
3 9525 8121 11551
3 11680 9525 11551
3 11628 11680 11551
3 11589 11628 11551
3 11104 11589 11551
3 11065 11104 11551
3 11059 11065 11551
3 4796 4797 10236
3 10235 4796 10236
3 10235 10236 10233
3 10232 10235 10233
3 10232 10233 11059
3 11058 10232 11059
3 11087 11058 11059
3 11087 11059 11088
3 11064 11087 11088
3 11064 11088 11065
3 11103 11064 11065
3 11103 11065 11104
3 11103 11104 11129
3 11128 11103 11129
3 11611 11128 11129
3 11611 11129 11612
3 11588 11611 11612
3 11588 11612 11589
3 11627 11588 11589
3 11627 11589 11628
3 11627 11628 11653
3 11652 11627 11653
3 11679 11652 11653
3 11679 11653 11680
3 9614 11679 11680
3 9614 11680 9615
3 9614 9615 9525
3 9524 9614 9525
3 8789 9524 9525
3 8789 9525 8790
3 8993 8789 8790
3 8993 8790 8994
3 8430 8993 8994
3 8430 8994 8431
3 8430 8431 8121
3 8120 8430 8121
3 8120 8121 11551
3 11550 8120 11551
3 11550 11551 10635
3 10634 11550 10635
3 4878 10634 10635
3 4878 10635 4879
3 4878 4879 4797
3 4796 4878 4797
3 4878 4796 10235
3 10634 4878 10235
3 8993 8430 8120
3 8789 8993 8120
3 9524 8789 8120
3 11679 9614 9524
3 11627 11652 11679
3 11128 11611 11588
3 11103 11128 11588
3 11058 11087 11064
3 10235 10232 11058
3 10634 10235 11058
3 11550 10634 11058
3 9524 8120 11550
3 11679 9524 11550
3 11627 11679 11550
3 11588 11627 11550
3 11103 11588 11550
3 11064 11103 11550
3 11058 11064 11550
3 11601 11118 11129
3 11612 11601 11129
3 11130 11613 11612
3 11130 11612 11129
3 11130 11129 11118
3 11119 11130 11118
3 11119 11118 11601
3 11602 11119 11601
3 11613 11602 11601
3 11613 11601 11612
3 11602 11119 11130
3 11613 11602 11130
3 11680 9615 9570
3 11642 11653 11680
3 11669 11642 11680
3 9570 11669 11680
3 11654 11653 11642
3 11643 11654 11642
3 11643 11642 11669
3 11670 11643 11669
3 11670 11669 9570
3 9571 11670 9570
3 9571 9570 9615
3 9616 9571 9615
3 11681 9616 9615
3 11681 9615 11680
3 11654 11681 11680
3 11654 11680 11653
3 11681 9616 9571
3 11643 11654 11681
3 11670 11643 11681
3 9571 11670 11681
3 5219 5210 5855
3 5864 5219 5855
3 5211 5210 5219
3 5220 5211 5219
3 5865 5220 5219
3 5865 5219 5864
3 5856 5865 5864
3 5856 5864 5855
3 5856 5855 5210
3 5211 5856 5210
3 5220 5211 5856
3 5865 5220 5856
3 824 1252 1261
3 835 824 1261
3 1253 1252 824
3 825 1253 824
3 825 824 835
3 836 825 835
3 1262 836 835
3 1262 835 1261
3 1253 1262 1261
3 1253 1261 1252
3 825 1253 1262
3 836 825 1262
3 1664 2026 2035
3 1675 1664 2035
3 2027 2026 1664
3 1665 2027 1664
3 1665 1664 1675
3 1676 1665 1675
3 2036 1676 1675
3 2036 1675 2035
3 2027 2036 2035
3 2027 2035 2026
3 1665 2027 2036
3 1676 1665 2036
3 2686 3764 3841
3 2695 2686 3841
3 3765 3764 2686
3 2687 3765 2686
3 2687 2686 2695
3 2696 2687 2695
3 3842 2696 2695
3 3842 2695 3841
3 3765 3842 3841
3 3765 3841 3764
3 2687 3765 3842
3 2696 2687 3842
3 317 505 522
3 233 273 317
3 282 233 317
3 522 282 317
3 506 505 317
3 318 506 317
3 274 318 317
3 274 317 273
3 274 273 233
3 234 274 233
3 234 233 282
3 283 234 282
3 523 283 282
3 523 282 522
3 506 523 522
3 506 522 505
3 318 506 523
3 234 274 318
3 283 234 318
3 523 283 318
3 4799 4797 10236
3 10244 4799 10236
3 10240 10244 10236
3 11088 11077 11056
3 11059 11088 11056
3 10233 11059 11056
3 10240 10236 10233
3 11056 10240 10233
3 11089 11078 11077
3 11089 11077 11088
3 11060 11089 11088
3 11060 11088 11059
3 11060 11059 10233
3 10234 11060 10233
3 10234 10233 10236
3 10237 10234 10236
3 10237 10236 4797
3 4798 10237 4797
3 4798 4797 4799
3 4800 4798 4799
3 10245 4800 4799
3 10245 4799 10244
3 10241 10245 10244
3 10241 10244 10240
3 11057 10241 10240
3 11057 10240 11056
3 11057 11056 11077
3 11078 11057 11077
3 4800 4798 10237
3 10245 4800 10237
3 10241 10245 10237
3 11089 11078 11057
3 11060 11089 11057
3 10234 11060 11057
3 10241 10237 10234
3 11057 10241 10234
3 3609 5094 5240
3 3863 3609 5240
3 5239 5093 5094
3 5239 5094 5240
3 3862 5239 5240
3 3862 5240 3863
3 3862 3863 3609
3 3608 3862 3609
3 3608 3609 5094
3 5093 3608 5094
3 3608 5093 5239
3 3862 3608 5239
3 1603 4365 4527
3 1610 1603 4527
3 1579 1610 4527
3 1629 1579 4527
3 1209 1225 1245
3 763 1196 1209
3 770 763 1209
3 739 770 1209
3 789 739 1209
3 357 373 383
3 71 344 357
3 109 71 357
3 123 49 109
3 150 63 123
3 173 150 123
3 259 182 173
3 248 259 173
3 303 248 173
3 223 303 173
3 669 636 421
3 819 685 669
3 810 819 669
3 799 850 810
3 1290 1276 1237
3 1659 1299 1290
3 1650 1659 1290
3 1639 1690 1650
3 2064 2050 2019
3 2681 2073 2064
3 2672 2681 2064
3 2657 2712 2672
3 3991 3835 4030
3 4041 3991 4030
3 5109 4050 4041
3 5084 5109 4041
3 5234 5084 4041
3 5098 5234 4041
3 7321 7190 6797
3 8248 7378 7321
3 8201 8248 7321
3 8125 8329 8201
3 11527 11536 8125
3 10647 11545 11527
3 10627 10647 11527
3 10098 10618 10627
3 10160 10098 10627
3 9792 10160 10627
3 9240 9730 9792
3 9314 9240 9792
3 8841 9314 9792
3 7932 8732 8841
3 7992 7932 8841
3 7495 7800 7860
3 7561 7495 7860
3 6648 6928 6994
3 6714 6648 6994
3 5673 6354 6420
3 5741 5673 6420
3 5515 5741 6420
3 4811 5447 5515
3 4527 4786 4811
3 1629 4527 4811
3 789 1209 1245
3 109 357 383
3 123 109 383
3 173 123 383
3 223 173 383
3 421 223 383
3 669 421 383
3 810 669 383
3 799 810 383
3 1237 799 383
3 1650 1290 1237
3 1639 1650 1237
3 2672 2064 2019
3 2657 2672 2019
3 4041 4030 4012
3 5098 4041 4012
3 8201 7321 6797
3 8125 8201 6797
3 11527 8125 6797
3 10627 11527 6797
3 9792 10627 6797
3 8841 9792 6797
3 7992 8841 6797
3 7860 7992 6797
3 7561 7860 6797
3 6994 7561 6797
3 6714 6994 6797
3 6420 6714 6797
3 5515 6420 6797
3 4811 5515 6797
3 1629 4811 6797
3 1245 1629 6797
3 789 1245 6797
3 383 789 6797
3 1639 1237 383
3 2019 1639 383
3 2657 2019 383
3 4012 2657 383
3 5098 4012 383
3 6797 5098 383
3 4526 4527 4786
3 4785 4526 4786
3 4810 4785 4786
3 4810 4786 4811
3 4810 4811 5447
3 5446 4810 5447
3 5514 5446 5447
3 5514 5447 5515
3 5514 5515 5741
3 5740 5514 5741
3 5740 5741 5673
3 5672 5740 5673
3 5672 5673 6354
3 6353 5672 6354
3 6419 6353 6354
3 6419 6354 6420
3 6419 6420 6714
3 6713 6419 6714
3 6713 6714 6648
3 6647 6713 6648
3 6647 6648 6928
3 6927 6647 6928
3 6993 6927 6928
3 6993 6928 6994
3 6993 6994 7561
3 7560 6993 7561
3 7560 7561 7495
3 7494 7560 7495
3 7494 7495 7800
3 7799 7494 7800
3 7859 7799 7800
3 7859 7800 7860
3 7859 7860 7992
3 7991 7859 7992
3 7991 7992 7932
3 7931 7991 7932
3 7931 7932 8732
3 8731 7931 8732
3 8840 8731 8732
3 8840 8732 8841
3 8840 8841 9314
3 9313 8840 9314
3 9313 9314 9240
3 9239 9313 9240
3 9239 9240 9730
3 9729 9239 9730
3 9791 9729 9730
3 9791 9730 9792
3 9791 9792 10160
3 10159 9791 10160
3 10159 10160 10098
3 10097 10159 10098
3 10097 10098 10618
3 10617 10097 10618
3 10626 10617 10618
3 10626 10618 10627
3 10626 10627 10647
3 10646 10626 10647
3 11544 10646 10647
3 11544 10647 11545
3 11526 11544 11545
3 11526 11545 11527
3 11535 11526 11527
3 11535 11527 11536
3 8124 11535 11536
3 8124 11536 8125
3 8328 8124 8125
3 8328 8125 8329
3 8200 8328 8329
3 8200 8329 8201
3 8247 8200 8201
3 8247 8201 8248
3 7377 8247 8248
3 7377 8248 7378
3 7377 7378 7321
3 7320 7377 7321
3 7189 7320 7321
3 7189 7321 7190
3 7189 7190 6797
3 6796 7189 6797
3 5097 6796 6797
3 5097 6797 5098
3 5233 5097 5098
3 5233 5098 5234
3 5083 5233 5234
3 5083 5234 5084
3 5108 5083 5084
3 5108 5084 5109
3 4049 5108 5109
3 4049 5109 4050
3 4049 4050 4041
3 4040 4049 4041
3 3990 4040 4041
3 3990 4041 3991
3 3990 3991 3835
3 3834 3990 3835
3 3834 3835 4030
3 4029 3834 4030
3 4029 4030 4012
3 4011 4029 4012
3 2656 4011 4012
3 2656 4012 2657
3 2711 2656 2657
3 2711 2657 2712
3 2671 2711 2712
3 2671 2712 2672
3 2680 2671 2672
3 2680 2672 2681
3 2072 2680 2681
3 2072 2681 2073
3 2072 2073 2064
3 2063 2072 2064
3 2049 2063 2064
3 2049 2064 2050
3 2049 2050 2019
3 2018 2049 2019
3 1638 2018 2019
3 1638 2019 1639
3 1689 1638 1639
3 1689 1639 1690
3 1649 1689 1690
3 1649 1690 1650
3 1658 1649 1650
3 1658 1650 1659
3 1298 1658 1659
3 1298 1659 1299
3 1298 1299 1290
3 1289 1298 1290
3 1275 1289 1290
3 1275 1290 1276
3 1275 1276 1237
3 1236 1275 1237
3 798 1236 1237
3 798 1237 799
3 849 798 799
3 849 799 850
3 809 849 850
3 809 850 810
3 818 809 810
3 818 810 819
3 684 818 819
3 684 819 685
3 684 685 669
3 668 684 669
3 635 668 669
3 635 669 636
3 635 636 421
3 420 635 421
3 222 420 421
3 222 421 223
3 302 222 223
3 302 223 303
3 247 302 303
3 247 303 248
3 258 247 248
3 258 248 259
3 181 258 259
3 181 259 182
3 181 182 173
3 172 181 173
3 149 172 173
3 149 173 150
3 149 150 63
3 62 149 63
3 62 63 123
3 122 62 123
3 122 123 49
3 48 122 49
3 48 49 109
3 108 48 109
3 108 109 71
3 70 108 71
3 70 71 344
3 343 70 344
3 356 343 344
3 356 344 357
3 356 357 373
3 372 356 373
3 382 372 373
3 382 373 383
3 382 383 789
3 788 382 789
3 788 789 739
3 738 788 739
3 738 739 770
3 769 738 770
3 769 770 763
3 762 769 763
3 762 763 1196
3 1195 762 1196
3 1208 1195 1196
3 1208 1196 1209
3 1208 1209 1225
3 1224 1208 1225
3 1244 1224 1225
3 1244 1225 1245
3 1244 1245 1629
3 1628 1244 1629
3 1628 1629 1579
3 1578 1628 1579
3 1578 1579 1610
3 1609 1578 1610
3 1609 1610 1603
3 1602 1609 1603
3 1602 1603 4365
3 4364 1602 4365
3 4526 4364 4365
3 4526 4365 4527
3 1602 4364 4526
3 1609 1602 4526
3 1578 1609 4526
3 1628 1578 4526
3 1208 1224 1244
3 762 1195 1208
3 769 762 1208
3 738 769 1208
3 788 738 1208
3 356 372 382
3 70 343 356
3 108 70 356
3 122 48 108
3 149 62 122
3 172 149 122
3 258 181 172
3 247 258 172
3 302 247 172
3 222 302 172
3 668 635 420
3 818 684 668
3 809 818 668
3 798 849 809
3 1289 1275 1236
3 1658 1298 1289
3 1649 1658 1289
3 1638 1689 1649
3 2063 2049 2018
3 2680 2072 2063
3 2671 2680 2063
3 2656 2711 2671
3 3990 3834 4029
3 4040 3990 4029
3 5108 4049 4040
3 5083 5108 4040
3 5233 5083 4040
3 5097 5233 4040
3 7320 7189 6796
3 8247 7377 7320
3 8200 8247 7320
3 8124 8328 8200
3 11526 11535 8124
3 10646 11544 11526
3 10626 10646 11526
3 10097 10617 10626
3 10159 10097 10626
3 9791 10159 10626
3 9239 9729 9791
3 9313 9239 9791
3 8840 9313 9791
3 7931 8731 8840
3 7991 7931 8840
3 7494 7799 7859
3 7560 7494 7859
3 6647 6927 6993
3 6713 6647 6993
3 5672 6353 6419
3 5740 5672 6419
3 5514 5740 6419
3 4810 5446 5514
3 4526 4785 4810
3 1628 4526 4810
3 788 1208 1244
3 108 356 382
3 122 108 382
3 172 122 382
3 222 172 382
3 420 222 382
3 668 420 382
3 809 668 382
3 798 809 382
3 1236 798 382
3 1649 1289 1236
3 1638 1649 1236
3 2671 2063 2018
3 2656 2671 2018
3 4040 4029 4011
3 5097 4040 4011
3 8200 7320 6796
3 8124 8200 6796
3 11526 8124 6796
3 10626 11526 6796
3 9791 10626 6796
3 8840 9791 6796
3 7991 8840 6796
3 7859 7991 6796
3 7560 7859 6796
3 6993 7560 6796
3 6713 6993 6796
3 6419 6713 6796
3 5514 6419 6796
3 4810 5514 6796
3 1628 4810 6796
3 1244 1628 6796
3 788 1244 6796
3 382 788 6796
3 1638 1236 382
3 2018 1638 382
3 2656 2018 382
3 4011 2656 382
3 5097 4011 382
3 6796 5097 382
3 1605 4367 4529
3 1612 1605 4529
3 1581 1612 4529
3 1631 1581 4529
3 1211 1227 1247
3 765 1198 1211
3 772 765 1211
3 741 772 1211
3 791 741 1211
3 359 375 385
3 73 346 359
3 111 73 359
3 125 51 111
3 152 65 125
3 175 152 125
3 261 184 175
3 250 261 175
3 305 250 175
3 225 305 175
3 671 638 423
3 821 687 671
3 812 821 671
3 801 852 812
3 1292 1278 1239
3 1661 1301 1292
3 1652 1661 1292
3 1641 1692 1652
3 2066 2052 2021
3 2683 2075 2066
3 2674 2683 2066
3 2659 2714 2674
3 3993 3837 4032
3 4043 3993 4032
3 5111 4052 4043
3 5086 5111 4043
3 5236 5086 4043
3 5100 5236 4043
3 7323 7192 6799
3 8250 7380 7323
3 8203 8250 7323
3 8127 8331 8203
3 11529 11538 8127
3 10649 11547 11529
3 10629 10649 11529
3 10100 10620 10629
3 10162 10100 10629
3 9794 10162 10629
3 9242 9732 9794
3 9316 9242 9794
3 8843 9316 9794
3 7934 8734 8843
3 7994 7934 8843
3 7497 7802 7862
3 7563 7497 7862
3 6650 6930 6996
3 6716 6650 6996
3 5675 6356 6422
3 5743 5675 6422
3 5517 5743 6422
3 4813 5449 5517
3 4529 4788 4813
3 1631 4529 4813
3 791 1211 1247
3 111 359 385
3 125 111 385
3 175 125 385
3 225 175 385
3 423 225 385
3 671 423 385
3 812 671 385
3 801 812 385
3 1239 801 385
3 1652 1292 1239
3 1641 1652 1239
3 2674 2066 2021
3 2659 2674 2021
3 4043 4032 4014
3 5100 4043 4014
3 8203 7323 6799
3 8127 8203 6799
3 11529 8127 6799
3 10629 11529 6799
3 9794 10629 6799
3 8843 9794 6799
3 7994 8843 6799
3 7862 7994 6799
3 7563 7862 6799
3 6996 7563 6799
3 6716 6996 6799
3 6422 6716 6799
3 5517 6422 6799
3 4813 5517 6799
3 1631 4813 6799
3 1247 1631 6799
3 791 1247 6799
3 385 791 6799
3 1641 1239 385
3 2021 1641 385
3 2659 2021 385
3 4014 2659 385
3 5100 4014 385
3 6799 5100 385
3 4528 4529 4788
3 4787 4528 4788
3 4812 4787 4788
3 4812 4788 4813
3 4812 4813 5449
3 5448 4812 5449
3 5516 5448 5449
3 5516 5449 5517
3 5516 5517 5743
3 5742 5516 5743
3 5742 5743 5675
3 5674 5742 5675
3 5674 5675 6356
3 6355 5674 6356
3 6421 6355 6356
3 6421 6356 6422
3 6421 6422 6716
3 6715 6421 6716
3 6715 6716 6650
3 6649 6715 6650
3 6649 6650 6930
3 6929 6649 6930
3 6995 6929 6930
3 6995 6930 6996
3 6995 6996 7563
3 7562 6995 7563
3 7562 7563 7497
3 7496 7562 7497
3 7496 7497 7802
3 7801 7496 7802
3 7861 7801 7802
3 7861 7802 7862
3 7861 7862 7994
3 7993 7861 7994
3 7993 7994 7934
3 7933 7993 7934
3 7933 7934 8734
3 8733 7933 8734
3 8842 8733 8734
3 8842 8734 8843
3 8842 8843 9316
3 9315 8842 9316
3 9315 9316 9242
3 9241 9315 9242
3 9241 9242 9732
3 9731 9241 9732
3 9793 9731 9732
3 9793 9732 9794
3 9793 9794 10162
3 10161 9793 10162
3 10161 10162 10100
3 10099 10161 10100
3 10099 10100 10620
3 10619 10099 10620
3 10628 10619 10620
3 10628 10620 10629
3 10628 10629 10649
3 10648 10628 10649
3 11546 10648 10649
3 11546 10649 11547
3 11528 11546 11547
3 11528 11547 11529
3 11537 11528 11529
3 11537 11529 11538
3 8126 11537 11538
3 8126 11538 8127
3 8330 8126 8127
3 8330 8127 8331
3 8202 8330 8331
3 8202 8331 8203
3 8249 8202 8203
3 8249 8203 8250
3 7379 8249 8250
3 7379 8250 7380
3 7379 7380 7323
3 7322 7379 7323
3 7191 7322 7323
3 7191 7323 7192
3 7191 7192 6799
3 6798 7191 6799
3 5099 6798 6799
3 5099 6799 5100
3 5235 5099 5100
3 5235 5100 5236
3 5085 5235 5236
3 5085 5236 5086
3 5110 5085 5086
3 5110 5086 5111
3 4051 5110 5111
3 4051 5111 4052
3 4051 4052 4043
3 4042 4051 4043
3 3992 4042 4043
3 3992 4043 3993
3 3992 3993 3837
3 3836 3992 3837
3 3836 3837 4032
3 4031 3836 4032
3 4031 4032 4014
3 4013 4031 4014
3 2658 4013 4014
3 2658 4014 2659
3 2713 2658 2659
3 2713 2659 2714
3 2673 2713 2714
3 2673 2714 2674
3 2682 2673 2674
3 2682 2674 2683
3 2074 2682 2683
3 2074 2683 2075
3 2074 2075 2066
3 2065 2074 2066
3 2051 2065 2066
3 2051 2066 2052
3 2051 2052 2021
3 2020 2051 2021
3 1640 2020 2021
3 1640 2021 1641
3 1691 1640 1641
3 1691 1641 1692
3 1651 1691 1692
3 1651 1692 1652
3 1660 1651 1652
3 1660 1652 1661
3 1300 1660 1661
3 1300 1661 1301
3 1300 1301 1292
3 1291 1300 1292
3 1277 1291 1292
3 1277 1292 1278
3 1277 1278 1239
3 1238 1277 1239
3 800 1238 1239
3 800 1239 801
3 851 800 801
3 851 801 852
3 811 851 852
3 811 852 812
3 820 811 812
3 820 812 821
3 686 820 821
3 686 821 687
3 686 687 671
3 670 686 671
3 637 670 671
3 637 671 638
3 637 638 423
3 422 637 423
3 224 422 423
3 224 423 225
3 304 224 225
3 304 225 305
3 249 304 305
3 249 305 250
3 260 249 250
3 260 250 261
3 183 260 261
3 183 261 184
3 183 184 175
3 174 183 175
3 151 174 175
3 151 175 152
3 151 152 65
3 64 151 65
3 64 65 125
3 124 64 125
3 124 125 51
3 50 124 51
3 50 51 111
3 110 50 111
3 110 111 73
3 72 110 73
3 72 73 346
3 345 72 346
3 358 345 346
3 358 346 359
3 358 359 375
3 374 358 375
3 384 374 375
3 384 375 385
3 384 385 791
3 790 384 791
3 790 791 741
3 740 790 741
3 740 741 772
3 771 740 772
3 771 772 765
3 764 771 765
3 764 765 1198
3 1197 764 1198
3 1210 1197 1198
3 1210 1198 1211
3 1210 1211 1227
3 1226 1210 1227
3 1246 1226 1227
3 1246 1227 1247
3 1246 1247 1631
3 1630 1246 1631
3 1630 1631 1581
3 1580 1630 1581
3 1580 1581 1612
3 1611 1580 1612
3 1611 1612 1605
3 1604 1611 1605
3 1604 1605 4367
3 4366 1604 4367
3 4528 4366 4367
3 4528 4367 4529
3 1604 4366 4528
3 1611 1604 4528
3 1580 1611 4528
3 1630 1580 4528
3 1210 1226 1246
3 764 1197 1210
3 771 764 1210
3 740 771 1210
3 790 740 1210
3 358 374 384
3 72 345 358
3 110 72 358
3 124 50 110
3 151 64 124
3 174 151 124
3 260 183 174
3 249 260 174
3 304 249 174
3 224 304 174
3 670 637 422
3 820 686 670
3 811 820 670
3 800 851 811
3 1291 1277 1238
3 1660 1300 1291
3 1651 1660 1291
3 1640 1691 1651
3 2065 2051 2020
3 2682 2074 2065
3 2673 2682 2065
3 2658 2713 2673
3 3992 3836 4031
3 4042 3992 4031
3 5110 4051 4042
3 5085 5110 4042
3 5235 5085 4042
3 5099 5235 4042
3 7322 7191 6798
3 8249 7379 7322
3 8202 8249 7322
3 8126 8330 8202
3 11528 11537 8126
3 10648 11546 11528
3 10628 10648 11528
3 10099 10619 10628
3 10161 10099 10628
3 9793 10161 10628
3 9241 9731 9793
3 9315 9241 9793
3 8842 9315 9793
3 7933 8733 8842
3 7993 7933 8842
3 7496 7801 7861
3 7562 7496 7861
3 6649 6929 6995
3 6715 6649 6995
3 5674 6355 6421
3 5742 5674 6421
3 5516 5742 6421
3 4812 5448 5516
3 4528 4787 4812
3 1630 4528 4812
3 790 1210 1246
3 110 358 384
3 124 110 384
3 174 124 384
3 224 174 384
3 422 224 384
3 670 422 384
3 811 670 384
3 800 811 384
3 1238 800 384
3 1651 1291 1238
3 1640 1651 1238
3 2673 2065 2020
3 2658 2673 2020
3 4042 4031 4013
3 5099 4042 4013
3 8202 7322 6798
3 8126 8202 6798
3 11528 8126 6798
3 10628 11528 6798
3 9793 10628 6798
3 8842 9793 6798
3 7993 8842 6798
3 7861 7993 6798
3 7562 7861 6798
3 6995 7562 6798
3 6715 6995 6798
3 6421 6715 6798
3 5516 6421 6798
3 4812 5516 6798
3 1630 4812 6798
3 1246 1630 6798
3 790 1246 6798
3 384 790 6798
3 1640 1238 384
3 2020 1640 384
3 2658 2020 384
3 4013 2658 384
3 5099 4013 384
3 6798 5099 384
3 1607 4369 4531
3 1614 1607 4531
3 1583 1614 4531
3 1633 1583 4531
3 1213 1229 1249
3 767 1200 1213
3 774 767 1213
3 743 774 1213
3 793 743 1213
3 361 377 387
3 75 348 361
3 113 75 361
3 127 53 113
3 154 67 127
3 177 154 127
3 263 186 177
3 252 263 177
3 307 252 177
3 227 307 177
3 673 640 425
3 823 690 673
3 814 823 673
3 803 854 814
3 1294 1280 1241
3 1663 1303 1294
3 1654 1663 1294
3 1643 1694 1654
3 2068 2054 2023
3 2685 2077 2068
3 2676 2685 2068
3 2661 2716 2676
3 3995 3839 4034
3 4045 3995 4034
3 5113 4054 4045
3 5088 5113 4045
3 5238 5088 4045
3 5102 5238 4045
3 7325 7194 6801
3 8252 7382 7325
3 8205 8252 7325
3 8129 8333 8205
3 11531 11540 8129
3 10651 11549 11531
3 10631 10651 11531
3 10102 10622 10631
3 10164 10102 10631
3 9796 10164 10631
3 9244 9734 9796
3 9318 9244 9796
3 8845 9318 9796
3 7936 8736 8845
3 7996 7936 8845
3 7499 7804 7864
3 7565 7499 7864
3 6652 6932 6998
3 6718 6652 6998
3 5677 6358 6424
3 5745 5677 6424
3 5519 5745 6424
3 4815 5451 5519
3 4531 4790 4815
3 1633 4531 4815
3 793 1213 1249
3 113 361 387
3 127 113 387
3 177 127 387
3 227 177 387
3 425 227 387
3 673 425 387
3 814 673 387
3 803 814 387
3 1241 803 387
3 1654 1294 1241
3 1643 1654 1241
3 2676 2068 2023
3 2661 2676 2023
3 4045 4034 4016
3 5102 4045 4016
3 8205 7325 6801
3 8129 8205 6801
3 11531 8129 6801
3 10631 11531 6801
3 9796 10631 6801
3 8845 9796 6801
3 7996 8845 6801
3 7864 7996 6801
3 7565 7864 6801
3 6998 7565 6801
3 6718 6998 6801
3 6424 6718 6801
3 5519 6424 6801
3 4815 5519 6801
3 1633 4815 6801
3 1249 1633 6801
3 793 1249 6801
3 387 793 6801
3 1643 1241 387
3 2023 1643 387
3 2661 2023 387
3 4016 2661 387
3 5102 4016 387
3 6801 5102 387
3 4530 4531 4790
3 4789 4530 4790
3 4814 4789 4790
3 4814 4790 4815
3 4814 4815 5451
3 5450 4814 5451
3 5518 5450 5451
3 5518 5451 5519
3 5518 5519 5745
3 5744 5518 5745
3 5744 5745 5677
3 5676 5744 5677
3 5676 5677 6358
3 6357 5676 6358
3 6423 6357 6358
3 6423 6358 6424
3 6423 6424 6718
3 6717 6423 6718
3 6717 6718 6652
3 6651 6717 6652
3 6651 6652 6932
3 6931 6651 6932
3 6997 6931 6932
3 6997 6932 6998
3 6997 6998 7565
3 7564 6997 7565
3 7564 7565 7499
3 7498 7564 7499
3 7498 7499 7804
3 7803 7498 7804
3 7863 7803 7804
3 7863 7804 7864
3 7863 7864 7996
3 7995 7863 7996
3 7995 7996 7936
3 7935 7995 7936
3 7935 7936 8736
3 8735 7935 8736
3 8844 8735 8736
3 8844 8736 8845
3 8844 8845 9318
3 9317 8844 9318
3 9317 9318 9244
3 9243 9317 9244
3 9243 9244 9734
3 9733 9243 9734
3 9795 9733 9734
3 9795 9734 9796
3 9795 9796 10164
3 10163 9795 10164
3 10163 10164 10102
3 10101 10163 10102
3 10101 10102 10622
3 10621 10101 10622
3 10630 10621 10622
3 10630 10622 10631
3 10630 10631 10651
3 10650 10630 10651
3 11548 10650 10651
3 11548 10651 11549
3 11530 11548 11549
3 11530 11549 11531
3 11539 11530 11531
3 11539 11531 11540
3 8128 11539 11540
3 8128 11540 8129
3 8332 8128 8129
3 8332 8129 8333
3 8204 8332 8333
3 8204 8333 8205
3 8251 8204 8205
3 8251 8205 8252
3 7381 8251 8252
3 7381 8252 7382
3 7381 7382 7325
3 7324 7381 7325
3 7193 7324 7325
3 7193 7325 7194
3 7193 7194 6801
3 6800 7193 6801
3 5101 6800 6801
3 5101 6801 5102
3 5237 5101 5102
3 5237 5102 5238
3 5087 5237 5238
3 5087 5238 5088
3 5112 5087 5088
3 5112 5088 5113
3 4053 5112 5113
3 4053 5113 4054
3 4053 4054 4045
3 4044 4053 4045
3 3994 4044 4045
3 3994 4045 3995
3 3994 3995 3839
3 3838 3994 3839
3 3838 3839 4034
3 4033 3838 4034
3 4033 4034 4016
3 4015 4033 4016
3 2660 4015 4016
3 2660 4016 2661
3 2715 2660 2661
3 2715 2661 2716
3 2675 2715 2716
3 2675 2716 2676
3 2684 2675 2676
3 2684 2676 2685
3 2076 2684 2685
3 2076 2685 2077
3 2076 2077 2068
3 2067 2076 2068
3 2053 2067 2068
3 2053 2068 2054
3 2053 2054 2023
3 2022 2053 2023
3 1642 2022 2023
3 1642 2023 1643
3 1693 1642 1643
3 1693 1643 1694
3 1653 1693 1694
3 1653 1694 1654
3 1662 1653 1654
3 1662 1654 1663
3 1302 1662 1663
3 1302 1663 1303
3 1302 1303 1294
3 1293 1302 1294
3 1279 1293 1294
3 1279 1294 1280
3 1279 1280 1241
3 1240 1279 1241
3 802 1240 1241
3 802 1241 803
3 853 802 803
3 853 803 854
3 813 853 854
3 813 854 814
3 822 813 814
3 822 814 823
3 688 822 823
3 688 823 690
3 688 690 673
3 672 688 673
3 639 672 673
3 639 673 640
3 639 640 425
3 424 639 425
3 226 424 425
3 226 425 227
3 306 226 227
3 306 227 307
3 251 306 307
3 251 307 252
3 262 251 252
3 262 252 263
3 185 262 263
3 185 263 186
3 185 186 177
3 176 185 177
3 153 176 177
3 153 177 154
3 153 154 67
3 66 153 67
3 66 67 127
3 126 66 127
3 126 127 53
3 52 126 53
3 52 53 113
3 112 52 113
3 112 113 75
3 74 112 75
3 74 75 348
3 347 74 348
3 360 347 348
3 360 348 361
3 360 361 377
3 376 360 377
3 386 376 377
3 386 377 387
3 386 387 793
3 792 386 793
3 792 793 743
3 742 792 743
3 742 743 774
3 773 742 774
3 773 774 767
3 766 773 767
3 766 767 1200
3 1199 766 1200
3 1212 1199 1200
3 1212 1200 1213
3 1212 1213 1229
3 1228 1212 1229
3 1248 1228 1229
3 1248 1229 1249
3 1248 1249 1633
3 1632 1248 1633
3 1632 1633 1583
3 1582 1632 1583
3 1582 1583 1614
3 1613 1582 1614
3 1613 1614 1607
3 1606 1613 1607
3 1606 1607 4369
3 4368 1606 4369
3 4530 4368 4369
3 4530 4369 4531
3 1606 4368 4530
3 1613 1606 4530
3 1582 1613 4530
3 1632 1582 4530
3 1212 1228 1248
3 766 1199 1212
3 773 766 1212
3 742 773 1212
3 792 742 1212
3 360 376 386
3 74 347 360
3 112 74 360
3 126 52 112
3 153 66 126
3 176 153 126
3 262 185 176
3 251 262 176
3 306 251 176
3 226 306 176
3 672 639 424
3 822 688 672
3 813 822 672
3 802 853 813
3 1293 1279 1240
3 1662 1302 1293
3 1653 1662 1293
3 1642 1693 1653
3 2067 2053 2022
3 2684 2076 2067
3 2675 2684 2067
3 2660 2715 2675
3 3994 3838 4033
3 4044 3994 4033
3 5112 4053 4044
3 5087 5112 4044
3 5237 5087 4044
3 5101 5237 4044
3 7324 7193 6800
3 8251 7381 7324
3 8204 8251 7324
3 8128 8332 8204
3 11530 11539 8128
3 10650 11548 11530
3 10630 10650 11530
3 10101 10621 10630
3 10163 10101 10630
3 9795 10163 10630
3 9243 9733 9795
3 9317 9243 9795
3 8844 9317 9795
3 7935 8735 8844
3 7995 7935 8844
3 7498 7803 7863
3 7564 7498 7863
3 6651 6931 6997
3 6717 6651 6997
3 5676 6357 6423
3 5744 5676 6423
3 5518 5744 6423
3 4814 5450 5518
3 4530 4789 4814
3 1632 4530 4814
3 792 1212 1248
3 112 360 386
3 126 112 386
3 176 126 386
3 226 176 386
3 424 226 386
3 672 424 386
3 813 672 386
3 802 813 386
3 1240 802 386
3 1653 1293 1240
3 1642 1653 1240
3 2675 2067 2022
3 2660 2675 2022
3 4044 4033 4015
3 5101 4044 4015
3 8204 7324 6800
3 8128 8204 6800
3 11530 8128 6800
3 10630 11530 6800
3 9795 10630 6800
3 8844 9795 6800
3 7995 8844 6800
3 7863 7995 6800
3 7564 7863 6800
3 6997 7564 6800
3 6717 6997 6800
3 6423 6717 6800
3 5518 6423 6800
3 4814 5518 6800
3 1632 4814 6800
3 1248 1632 6800
3 792 1248 6800
3 386 792 6800
3 1642 1240 386
3 2022 1642 386
3 2660 2022 386
3 4015 2660 386
3 5101 4015 386
3 6800 5101 386
3 1601 4363 4525
3 1608 1601 4525
3 1577 1608 4525
3 1627 1577 4525
3 1207 1223 1243
3 761 1194 1207
3 768 761 1207
3 737 768 1207
3 787 737 1207
3 355 371 381
3 69 342 355
3 107 69 355
3 121 47 107
3 148 61 121
3 171 148 121
3 257 180 171
3 246 257 171
3 301 246 171
3 221 301 171
3 667 634 419
3 817 683 667
3 808 817 667
3 797 848 808
3 1288 1274 1235
3 1657 1297 1288
3 1648 1657 1288
3 1637 1688 1648
3 2062 2048 2017
3 2679 2071 2062
3 2670 2679 2062
3 2655 2710 2670
3 3989 3833 4028
3 4039 3989 4028
3 5107 4048 4039
3 5082 5107 4039
3 5232 5082 4039
3 5096 5232 4039
3 7319 7188 6795
3 8246 7376 7319
3 8199 8246 7319
3 8123 8327 8199
3 11525 11534 8123
3 10645 11543 11525
3 10625 10645 11525
3 10096 10616 10625
3 10158 10096 10625
3 9790 10158 10625
3 9238 9728 9790
3 9312 9238 9790
3 8839 9312 9790
3 7930 8730 8839
3 7990 7930 8839
3 7493 7798 7858
3 7559 7493 7858
3 6646 6926 6992
3 6712 6646 6992
3 5671 6352 6418
3 5739 5671 6418
3 5513 5739 6418
3 4809 5445 5513
3 4525 4784 4809
3 1627 4525 4809
3 787 1207 1243
3 107 355 381
3 121 107 381
3 171 121 381
3 221 171 381
3 419 221 381
3 667 419 381
3 808 667 381
3 797 808 381
3 1235 797 381
3 1648 1288 1235
3 1637 1648 1235
3 2670 2062 2017
3 2655 2670 2017
3 4039 4028 4010
3 5096 4039 4010
3 8199 7319 6795
3 8123 8199 6795
3 11525 8123 6795
3 10625 11525 6795
3 9790 10625 6795
3 8839 9790 6795
3 7990 8839 6795
3 7858 7990 6795
3 7559 7858 6795
3 6992 7559 6795
3 6712 6992 6795
3 6418 6712 6795
3 5513 6418 6795
3 4809 5513 6795
3 1627 4809 6795
3 1243 1627 6795
3 787 1243 6795
3 381 787 6795
3 1637 1235 381
3 2017 1637 381
3 2655 2017 381
3 4010 2655 381
3 5096 4010 381
3 6795 5096 381
3 4364 4526 4525
3 4364 4525 4363
3 4364 4363 1601
3 1602 4364 1601
3 1602 1601 1608
3 1609 1602 1608
3 1609 1608 1577
3 1578 1609 1577
3 1578 1577 1627
3 1628 1578 1627
3 1628 1627 1243
3 1244 1628 1243
3 1224 1244 1243
3 1224 1243 1223
3 1224 1223 1207
3 1208 1224 1207
3 1195 1208 1207
3 1195 1207 1194
3 1195 1194 761
3 762 1195 761
3 762 761 768
3 769 762 768
3 769 768 737
3 738 769 737
3 738 737 787
3 788 738 787
3 788 787 381
3 382 788 381
3 372 382 381
3 372 381 371
3 372 371 355
3 356 372 355
3 343 356 355
3 343 355 342
3 343 342 69
3 70 343 69
3 70 69 107
3 108 70 107
3 108 107 47
3 48 108 47
3 48 47 121
3 122 48 121
3 122 121 61
3 62 122 61
3 62 61 148
3 149 62 148
3 172 149 148
3 172 148 171
3 172 171 180
3 181 172 180
3 258 181 180
3 258 180 257
3 247 258 257
3 247 257 246
3 302 247 246
3 302 246 301
3 222 302 301
3 222 301 221
3 420 222 221
3 420 221 419
3 420 419 634
3 635 420 634
3 668 635 634
3 668 634 667
3 668 667 683
3 684 668 683
3 818 684 683
3 818 683 817
3 809 818 817
3 809 817 808
3 849 809 808
3 849 808 848
3 798 849 848
3 798 848 797
3 1236 798 797
3 1236 797 1235
3 1236 1235 1274
3 1275 1236 1274
3 1289 1275 1274
3 1289 1274 1288
3 1289 1288 1297
3 1298 1289 1297
3 1658 1298 1297
3 1658 1297 1657
3 1649 1658 1657
3 1649 1657 1648
3 1689 1649 1648
3 1689 1648 1688
3 1638 1689 1688
3 1638 1688 1637
3 2018 1638 1637
3 2018 1637 2017
3 2018 2017 2048
3 2049 2018 2048
3 2063 2049 2048
3 2063 2048 2062
3 2063 2062 2071
3 2072 2063 2071
3 2680 2072 2071
3 2680 2071 2679
3 2671 2680 2679
3 2671 2679 2670
3 2711 2671 2670
3 2711 2670 2710
3 2656 2711 2710
3 2656 2710 2655
3 4011 2656 2655
3 4011 2655 4010
3 4011 4010 4028
3 4029 4011 4028
3 4029 4028 3833
3 3834 4029 3833
3 3834 3833 3989
3 3990 3834 3989
3 4040 3990 3989
3 4040 3989 4039
3 4040 4039 4048
3 4049 4040 4048
3 5108 4049 4048
3 5108 4048 5107
3 5083 5108 5107
3 5083 5107 5082
3 5233 5083 5082
3 5233 5082 5232
3 5097 5233 5232
3 5097 5232 5096
3 6796 5097 5096
3 6796 5096 6795
3 6796 6795 7188
3 7189 6796 7188
3 7320 7189 7188
3 7320 7188 7319
3 7320 7319 7376
3 7377 7320 7376
3 8247 7377 7376
3 8247 7376 8246
3 8200 8247 8246
3 8200 8246 8199
3 8328 8200 8199
3 8328 8199 8327
3 8124 8328 8327
3 8124 8327 8123
3 11535 8124 8123
3 11535 8123 11534
3 11526 11535 11534
3 11526 11534 11525
3 11544 11526 11525
3 11544 11525 11543
3 10646 11544 11543
3 10646 11543 10645
3 10646 10645 10625
3 10626 10646 10625
3 10617 10626 10625
3 10617 10625 10616
3 10617 10616 10096
3 10097 10617 10096
3 10097 10096 10158
3 10159 10097 10158
3 10159 10158 9790
3 9791 10159 9790
3 9729 9791 9790
3 9729 9790 9728
3 9729 9728 9238
3 9239 9729 9238
3 9239 9238 9312
3 9313 9239 9312
3 9313 9312 8839
3 8840 9313 8839
3 8731 8840 8839
3 8731 8839 8730
3 8731 8730 7930
3 7931 8731 7930
3 7931 7930 7990
3 7991 7931 7990
3 7991 7990 7858
3 7859 7991 7858
3 7799 7859 7858
3 7799 7858 7798
3 7799 7798 7493
3 7494 7799 7493
3 7494 7493 7559
3 7560 7494 7559
3 7560 7559 6992
3 6993 7560 6992
3 6927 6993 6992
3 6927 6992 6926
3 6927 6926 6646
3 6647 6927 6646
3 6647 6646 6712
3 6713 6647 6712
3 6713 6712 6418
3 6419 6713 6418
3 6353 6419 6418
3 6353 6418 6352
3 6353 6352 5671
3 5672 6353 5671
3 5672 5671 5739
3 5740 5672 5739
3 5740 5739 5513
3 5514 5740 5513
3 5446 5514 5513
3 5446 5513 5445
3 5446 5445 4809
3 4810 5446 4809
3 4785 4810 4809
3 4785 4809 4784
3 4785 4784 4525
3 4526 4785 4525
3 1602 4364 4526
3 1609 1602 4526
3 1578 1609 4526
3 1628 1578 4526
3 1208 1224 1244
3 762 1195 1208
3 769 762 1208
3 738 769 1208
3 788 738 1208
3 356 372 382
3 70 343 356
3 108 70 356
3 122 48 108
3 149 62 122
3 172 149 122
3 258 181 172
3 247 258 172
3 302 247 172
3 222 302 172
3 668 635 420
3 818 684 668
3 809 818 668
3 798 849 809
3 1289 1275 1236
3 1658 1298 1289
3 1649 1658 1289
3 1638 1689 1649
3 2063 2049 2018
3 2680 2072 2063
3 2671 2680 2063
3 2656 2711 2671
3 3990 3834 4029
3 4040 3990 4029
3 5108 4049 4040
3 5083 5108 4040
3 5233 5083 4040
3 5097 5233 4040
3 7320 7189 6796
3 8247 7377 7320
3 8200 8247 7320
3 8124 8328 8200
3 11526 11535 8124
3 10646 11544 11526
3 10626 10646 11526
3 10097 10617 10626
3 10159 10097 10626
3 9791 10159 10626
3 9239 9729 9791
3 9313 9239 9791
3 8840 9313 9791
3 7931 8731 8840
3 7991 7931 8840
3 7494 7799 7859
3 7560 7494 7859
3 6647 6927 6993
3 6713 6647 6993
3 5672 6353 6419
3 5740 5672 6419
3 5514 5740 6419
3 4810 5446 5514
3 4526 4785 4810
3 1628 4526 4810
3 788 1208 1244
3 108 356 382
3 122 108 382
3 172 122 382
3 222 172 382
3 420 222 382
3 668 420 382
3 809 668 382
3 798 809 382
3 1236 798 382
3 1649 1289 1236
3 1638 1649 1236
3 2671 2063 2018
3 2656 2671 2018
3 4040 4029 4011
3 5097 4040 4011
3 8200 7320 6796
3 8124 8200 6796
3 11526 8124 6796
3 10626 11526 6796
3 9791 10626 6796
3 8840 9791 6796
3 7991 8840 6796
3 7859 7991 6796
3 7560 7859 6796
3 6993 7560 6796
3 6713 6993 6796
3 6419 6713 6796
3 5514 6419 6796
3 4810 5514 6796
3 1628 4810 6796
3 1244 1628 6796
3 788 1244 6796
3 382 788 6796
3 1638 1236 382
3 2018 1638 382
3 2656 2018 382
3 4011 2656 382
3 5097 4011 382
3 6796 5097 382
3 1603 4365 4527
3 1610 1603 4527
3 1579 1610 4527
3 1629 1579 4527
3 1209 1225 1245
3 763 1196 1209
3 770 763 1209
3 739 770 1209
3 789 739 1209
3 357 373 383
3 71 344 357
3 109 71 357
3 123 49 109
3 150 63 123
3 173 150 123
3 259 182 173
3 248 259 173
3 303 248 173
3 223 303 173
3 669 636 421
3 819 685 669
3 810 819 669
3 799 850 810
3 1290 1276 1237
3 1659 1299 1290
3 1650 1659 1290
3 1639 1690 1650
3 2064 2050 2019
3 2681 2073 2064
3 2672 2681 2064
3 2657 2712 2672
3 3991 3835 4030
3 4041 3991 4030
3 5109 4050 4041
3 5084 5109 4041
3 5234 5084 4041
3 5098 5234 4041
3 7321 7190 6797
3 8248 7378 7321
3 8201 8248 7321
3 8125 8329 8201
3 11527 11536 8125
3 10647 11545 11527
3 10627 10647 11527
3 10098 10618 10627
3 10160 10098 10627
3 9792 10160 10627
3 9240 9730 9792
3 9314 9240 9792
3 8841 9314 9792
3 7932 8732 8841
3 7992 7932 8841
3 7495 7800 7860
3 7561 7495 7860
3 6648 6928 6994
3 6714 6648 6994
3 5673 6354 6420
3 5741 5673 6420
3 5515 5741 6420
3 4811 5447 5515
3 4527 4786 4811
3 1629 4527 4811
3 789 1209 1245
3 109 357 383
3 123 109 383
3 173 123 383
3 223 173 383
3 421 223 383
3 669 421 383
3 810 669 383
3 799 810 383
3 1237 799 383
3 1650 1290 1237
3 1639 1650 1237
3 2672 2064 2019
3 2657 2672 2019
3 4041 4030 4012
3 5098 4041 4012
3 8201 7321 6797
3 8125 8201 6797
3 11527 8125 6797
3 10627 11527 6797
3 9792 10627 6797
3 8841 9792 6797
3 7992 8841 6797
3 7860 7992 6797
3 7561 7860 6797
3 6994 7561 6797
3 6714 6994 6797
3 6420 6714 6797
3 5515 6420 6797
3 4811 5515 6797
3 1629 4811 6797
3 1245 1629 6797
3 789 1245 6797
3 383 789 6797
3 1639 1237 383
3 2019 1639 383
3 2657 2019 383
3 4012 2657 383
3 5098 4012 383
3 6797 5098 383
3 4366 4528 4527
3 4366 4527 4365
3 4366 4365 1603
3 1604 4366 1603
3 1604 1603 1610
3 1611 1604 1610
3 1611 1610 1579
3 1580 1611 1579
3 1580 1579 1629
3 1630 1580 1629
3 1630 1629 1245
3 1246 1630 1245
3 1226 1246 1245
3 1226 1245 1225
3 1226 1225 1209
3 1210 1226 1209
3 1197 1210 1209
3 1197 1209 1196
3 1197 1196 763
3 764 1197 763
3 764 763 770
3 771 764 770
3 771 770 739
3 740 771 739
3 740 739 789
3 790 740 789
3 790 789 383
3 384 790 383
3 374 384 383
3 374 383 373
3 374 373 357
3 358 374 357
3 345 358 357
3 345 357 344
3 345 344 71
3 72 345 71
3 72 71 109
3 110 72 109
3 110 109 49
3 50 110 49
3 50 49 123
3 124 50 123
3 124 123 63
3 64 124 63
3 64 63 150
3 151 64 150
3 174 151 150
3 174 150 173
3 174 173 182
3 183 174 182
3 260 183 182
3 260 182 259
3 249 260 259
3 249 259 248
3 304 249 248
3 304 248 303
3 224 304 303
3 224 303 223
3 422 224 223
3 422 223 421
3 422 421 636
3 637 422 636
3 670 637 636
3 670 636 669
3 670 669 685
3 686 670 685
3 820 686 685
3 820 685 819
3 811 820 819
3 811 819 810
3 851 811 810
3 851 810 850
3 800 851 850
3 800 850 799
3 1238 800 799
3 1238 799 1237
3 1238 1237 1276
3 1277 1238 1276
3 1291 1277 1276
3 1291 1276 1290
3 1291 1290 1299
3 1300 1291 1299
3 1660 1300 1299
3 1660 1299 1659
3 1651 1660 1659
3 1651 1659 1650
3 1691 1651 1650
3 1691 1650 1690
3 1640 1691 1690
3 1640 1690 1639
3 2020 1640 1639
3 2020 1639 2019
3 2020 2019 2050
3 2051 2020 2050
3 2065 2051 2050
3 2065 2050 2064
3 2065 2064 2073
3 2074 2065 2073
3 2682 2074 2073
3 2682 2073 2681
3 2673 2682 2681
3 2673 2681 2672
3 2713 2673 2672
3 2713 2672 2712
3 2658 2713 2712
3 2658 2712 2657
3 4013 2658 2657
3 4013 2657 4012
3 4013 4012 4030
3 4031 4013 4030
3 4031 4030 3835
3 3836 4031 3835
3 3836 3835 3991
3 3992 3836 3991
3 4042 3992 3991
3 4042 3991 4041
3 4042 4041 4050
3 4051 4042 4050
3 5110 4051 4050
3 5110 4050 5109
3 5085 5110 5109
3 5085 5109 5084
3 5235 5085 5084
3 5235 5084 5234
3 5099 5235 5234
3 5099 5234 5098
3 6798 5099 5098
3 6798 5098 6797
3 6798 6797 7190
3 7191 6798 7190
3 7322 7191 7190
3 7322 7190 7321
3 7322 7321 7378
3 7379 7322 7378
3 8249 7379 7378
3 8249 7378 8248
3 8202 8249 8248
3 8202 8248 8201
3 8330 8202 8201
3 8330 8201 8329
3 8126 8330 8329
3 8126 8329 8125
3 11537 8126 8125
3 11537 8125 11536
3 11528 11537 11536
3 11528 11536 11527
3 11546 11528 11527
3 11546 11527 11545
3 10648 11546 11545
3 10648 11545 10647
3 10648 10647 10627
3 10628 10648 10627
3 10619 10628 10627
3 10619 10627 10618
3 10619 10618 10098
3 10099 10619 10098
3 10099 10098 10160
3 10161 10099 10160
3 10161 10160 9792
3 9793 10161 9792
3 9731 9793 9792
3 9731 9792 9730
3 9731 9730 9240
3 9241 9731 9240
3 9241 9240 9314
3 9315 9241 9314
3 9315 9314 8841
3 8842 9315 8841
3 8733 8842 8841
3 8733 8841 8732
3 8733 8732 7932
3 7933 8733 7932
3 7933 7932 7992
3 7993 7933 7992
3 7993 7992 7860
3 7861 7993 7860
3 7801 7861 7860
3 7801 7860 7800
3 7801 7800 7495
3 7496 7801 7495
3 7496 7495 7561
3 7562 7496 7561
3 7562 7561 6994
3 6995 7562 6994
3 6929 6995 6994
3 6929 6994 6928
3 6929 6928 6648
3 6649 6929 6648
3 6649 6648 6714
3 6715 6649 6714
3 6715 6714 6420
3 6421 6715 6420
3 6355 6421 6420
3 6355 6420 6354
3 6355 6354 5673
3 5674 6355 5673
3 5674 5673 5741
3 5742 5674 5741
3 5742 5741 5515
3 5516 5742 5515
3 5448 5516 5515
3 5448 5515 5447
3 5448 5447 4811
3 4812 5448 4811
3 4787 4812 4811
3 4787 4811 4786
3 4787 4786 4527
3 4528 4787 4527
3 1604 4366 4528
3 1611 1604 4528
3 1580 1611 4528
3 1630 1580 4528
3 1210 1226 1246
3 764 1197 1210
3 771 764 1210
3 740 771 1210
3 790 740 1210
3 358 374 384
3 72 345 358
3 110 72 358
3 124 50 110
3 151 64 124
3 174 151 124
3 260 183 174
3 249 260 174
3 304 249 174
3 224 304 174
3 670 637 422
3 820 686 670
3 811 820 670
3 800 851 811
3 1291 1277 1238
3 1660 1300 1291
3 1651 1660 1291
3 1640 1691 1651
3 2065 2051 2020
3 2682 2074 2065
3 2673 2682 2065
3 2658 2713 2673
3 3992 3836 4031
3 4042 3992 4031
3 5110 4051 4042
3 5085 5110 4042
3 5235 5085 4042
3 5099 5235 4042
3 7322 7191 6798
3 8249 7379 7322
3 8202 8249 7322
3 8126 8330 8202
3 11528 11537 8126
3 10648 11546 11528
3 10628 10648 11528
3 10099 10619 10628
3 10161 10099 10628
3 9793 10161 10628
3 9241 9731 9793
3 9315 9241 9793
3 8842 9315 9793
3 7933 8733 8842
3 7993 7933 8842
3 7496 7801 7861
3 7562 7496 7861
3 6649 6929 6995
3 6715 6649 6995
3 5674 6355 6421
3 5742 5674 6421
3 5516 5742 6421
3 4812 5448 5516
3 4528 4787 4812
3 1630 4528 4812
3 790 1210 1246
3 110 358 384
3 124 110 384
3 174 124 384
3 224 174 384
3 422 224 384
3 670 422 384
3 811 670 384
3 800 811 384
3 1238 800 384
3 1651 1291 1238
3 1640 1651 1238
3 2673 2065 2020
3 2658 2673 2020
3 4042 4031 4013
3 5099 4042 4013
3 8202 7322 6798
3 8126 8202 6798
3 11528 8126 6798
3 10628 11528 6798
3 9793 10628 6798
3 8842 9793 6798
3 7993 8842 6798
3 7861 7993 6798
3 7562 7861 6798
3 6995 7562 6798
3 6715 6995 6798
3 6421 6715 6798
3 5516 6421 6798
3 4812 5516 6798
3 1630 4812 6798
3 1246 1630 6798
3 790 1246 6798
3 384 790 6798
3 1640 1238 384
3 2020 1640 384
3 2658 2020 384
3 4013 2658 384
3 5099 4013 384
3 6798 5099 384
3 1605 4367 4529
3 1612 1605 4529
3 1581 1612 4529
3 1631 1581 4529
3 1211 1227 1247
3 765 1198 1211
3 772 765 1211
3 741 772 1211
3 791 741 1211
3 359 375 385
3 73 346 359
3 111 73 359
3 125 51 111
3 152 65 125
3 175 152 125
3 261 184 175
3 250 261 175
3 305 250 175
3 225 305 175
3 671 638 423
3 821 687 671
3 812 821 671
3 801 852 812
3 1292 1278 1239
3 1661 1301 1292
3 1652 1661 1292
3 1641 1692 1652
3 2066 2052 2021
3 2683 2075 2066
3 2674 2683 2066
3 2659 2714 2674
3 3993 3837 4032
3 4043 3993 4032
3 5111 4052 4043
3 5086 5111 4043
3 5236 5086 4043
3 5100 5236 4043
3 7323 7192 6799
3 8250 7380 7323
3 8203 8250 7323
3 8127 8331 8203
3 11529 11538 8127
3 10649 11547 11529
3 10629 10649 11529
3 10100 10620 10629
3 10162 10100 10629
3 9794 10162 10629
3 9242 9732 9794
3 9316 9242 9794
3 8843 9316 9794
3 7934 8734 8843
3 7994 7934 8843
3 7497 7802 7862
3 7563 7497 7862
3 6650 6930 6996
3 6716 6650 6996
3 5675 6356 6422
3 5743 5675 6422
3 5517 5743 6422
3 4813 5449 5517
3 4529 4788 4813
3 1631 4529 4813
3 791 1211 1247
3 111 359 385
3 125 111 385
3 175 125 385
3 225 175 385
3 423 225 385
3 671 423 385
3 812 671 385
3 801 812 385
3 1239 801 385
3 1652 1292 1239
3 1641 1652 1239
3 2674 2066 2021
3 2659 2674 2021
3 4043 4032 4014
3 5100 4043 4014
3 8203 7323 6799
3 8127 8203 6799
3 11529 8127 6799
3 10629 11529 6799
3 9794 10629 6799
3 8843 9794 6799
3 7994 8843 6799
3 7862 7994 6799
3 7563 7862 6799
3 6996 7563 6799
3 6716 6996 6799
3 6422 6716 6799
3 5517 6422 6799
3 4813 5517 6799
3 1631 4813 6799
3 1247 1631 6799
3 791 1247 6799
3 385 791 6799
3 1641 1239 385
3 2021 1641 385
3 2659 2021 385
3 4014 2659 385
3 5100 4014 385
3 6799 5100 385
3 4368 4530 4529
3 4368 4529 4367
3 4368 4367 1605
3 1606 4368 1605
3 1606 1605 1612
3 1613 1606 1612
3 1613 1612 1581
3 1582 1613 1581
3 1582 1581 1631
3 1632 1582 1631
3 1632 1631 1247
3 1248 1632 1247
3 1228 1248 1247
3 1228 1247 1227
3 1228 1227 1211
3 1212 1228 1211
3 1199 1212 1211
3 1199 1211 1198
3 1199 1198 765
3 766 1199 765
3 766 765 772
3 773 766 772
3 773 772 741
3 742 773 741
3 742 741 791
3 792 742 791
3 792 791 385
3 386 792 385
3 376 386 385
3 376 385 375
3 376 375 359
3 360 376 359
3 347 360 359
3 347 359 346
3 347 346 73
3 74 347 73
3 74 73 111
3 112 74 111
3 112 111 51
3 52 112 51
3 52 51 125
3 126 52 125
3 126 125 65
3 66 126 65
3 66 65 152
3 153 66 152
3 176 153 152
3 176 152 175
3 176 175 184
3 185 176 184
3 262 185 184
3 262 184 261
3 251 262 261
3 251 261 250
3 306 251 250
3 306 250 305
3 226 306 305
3 226 305 225
3 424 226 225
3 424 225 423
3 424 423 638
3 639 424 638
3 672 639 638
3 672 638 671
3 672 671 687
3 688 672 687
3 822 688 687
3 822 687 821
3 813 822 821
3 813 821 812
3 853 813 812
3 853 812 852
3 802 853 852
3 802 852 801
3 1240 802 801
3 1240 801 1239
3 1240 1239 1278
3 1279 1240 1278
3 1293 1279 1278
3 1293 1278 1292
3 1293 1292 1301
3 1302 1293 1301
3 1662 1302 1301
3 1662 1301 1661
3 1653 1662 1661
3 1653 1661 1652
3 1693 1653 1652
3 1693 1652 1692
3 1642 1693 1692
3 1642 1692 1641
3 2022 1642 1641
3 2022 1641 2021
3 2022 2021 2052
3 2053 2022 2052
3 2067 2053 2052
3 2067 2052 2066
3 2067 2066 2075
3 2076 2067 2075
3 2684 2076 2075
3 2684 2075 2683
3 2675 2684 2683
3 2675 2683 2674
3 2715 2675 2674
3 2715 2674 2714
3 2660 2715 2714
3 2660 2714 2659
3 4015 2660 2659
3 4015 2659 4014
3 4015 4014 4032
3 4033 4015 4032
3 4033 4032 3837
3 3838 4033 3837
3 3838 3837 3993
3 3994 3838 3993
3 4044 3994 3993
3 4044 3993 4043
3 4044 4043 4052
3 4053 4044 4052
3 5112 4053 4052
3 5112 4052 5111
3 5087 5112 5111
3 5087 5111 5086
3 5237 5087 5086
3 5237 5086 5236
3 5101 5237 5236
3 5101 5236 5100
3 6800 5101 5100
3 6800 5100 6799
3 6800 6799 7192
3 7193 6800 7192
3 7324 7193 7192
3 7324 7192 7323
3 7324 7323 7380
3 7381 7324 7380
3 8251 7381 7380
3 8251 7380 8250
3 8204 8251 8250
3 8204 8250 8203
3 8332 8204 8203
3 8332 8203 8331
3 8128 8332 8331
3 8128 8331 8127
3 11539 8128 8127
3 11539 8127 11538
3 11530 11539 11538
3 11530 11538 11529
3 11548 11530 11529
3 11548 11529 11547
3 10650 11548 11547
3 10650 11547 10649
3 10650 10649 10629
3 10630 10650 10629
3 10621 10630 10629
3 10621 10629 10620
3 10621 10620 10100
3 10101 10621 10100
3 10101 10100 10162
3 10163 10101 10162
3 10163 10162 9794
3 9795 10163 9794
3 9733 9795 9794
3 9733 9794 9732
3 9733 9732 9242
3 9243 9733 9242
3 9243 9242 9316
3 9317 9243 9316
3 9317 9316 8843
3 8844 9317 8843
3 8735 8844 8843
3 8735 8843 8734
3 8735 8734 7934
3 7935 8735 7934
3 7935 7934 7994
3 7995 7935 7994
3 7995 7994 7862
3 7863 7995 7862
3 7803 7863 7862
3 7803 7862 7802
3 7803 7802 7497
3 7498 7803 7497
3 7498 7497 7563
3 7564 7498 7563
3 7564 7563 6996
3 6997 7564 6996
3 6931 6997 6996
3 6931 6996 6930
3 6931 6930 6650
3 6651 6931 6650
3 6651 6650 6716
3 6717 6651 6716
3 6717 6716 6422
3 6423 6717 6422
3 6357 6423 6422
3 6357 6422 6356
3 6357 6356 5675
3 5676 6357 5675
3 5676 5675 5743
3 5744 5676 5743
3 5744 5743 5517
3 5518 5744 5517
3 5450 5518 5517
3 5450 5517 5449
3 5450 5449 4813
3 4814 5450 4813
3 4789 4814 4813
3 4789 4813 4788
3 4789 4788 4529
3 4530 4789 4529
3 1606 4368 4530
3 1613 1606 4530
3 1582 1613 4530
3 1632 1582 4530
3 1212 1228 1248
3 766 1199 1212
3 773 766 1212
3 742 773 1212
3 792 742 1212
3 360 376 386
3 74 347 360
3 112 74 360
3 126 52 112
3 153 66 126
3 176 153 126
3 262 185 176
3 251 262 176
3 306 251 176
3 226 306 176
3 672 639 424
3 822 688 672
3 813 822 672
3 802 853 813
3 1293 1279 1240
3 1662 1302 1293
3 1653 1662 1293
3 1642 1693 1653
3 2067 2053 2022
3 2684 2076 2067
3 2675 2684 2067
3 2660 2715 2675
3 3994 3838 4033
3 4044 3994 4033
3 5112 4053 4044
3 5087 5112 4044
3 5237 5087 4044
3 5101 5237 4044
3 7324 7193 6800
3 8251 7381 7324
3 8204 8251 7324
3 8128 8332 8204
3 11530 11539 8128
3 10650 11548 11530
3 10630 10650 11530
3 10101 10621 10630
3 10163 10101 10630
3 9795 10163 10630
3 9243 9733 9795
3 9317 9243 9795
3 8844 9317 9795
3 7935 8735 8844
3 7995 7935 8844
3 7498 7803 7863
3 7564 7498 7863
3 6651 6931 6997
3 6717 6651 6997
3 5676 6357 6423
3 5744 5676 6423
3 5518 5744 6423
3 4814 5450 5518
3 4530 4789 4814
3 1632 4530 4814
3 792 1212 1248
3 112 360 386
3 126 112 386
3 176 126 386
3 226 176 386
3 424 226 386
3 672 424 386
3 813 672 386
3 802 813 386
3 1240 802 386
3 1653 1293 1240
3 1642 1653 1240
3 2675 2067 2022
3 2660 2675 2022
3 4044 4033 4015
3 5101 4044 4015
3 8204 7324 6800
3 8128 8204 6800
3 11530 8128 6800
3 10630 11530 6800
3 9795 10630 6800
3 8844 9795 6800
3 7995 8844 6800
3 7863 7995 6800
3 7564 7863 6800
3 6997 7564 6800
3 6717 6997 6800
3 6423 6717 6800
3 5518 6423 6800
3 4814 5518 6800
3 1632 4814 6800
3 1248 1632 6800
3 792 1248 6800
3 386 792 6800
3 1642 1240 386
3 2022 1642 386
3 2660 2022 386
3 4015 2660 386
3 5101 4015 386
3 6800 5101 386
3 9728 10096 10158
3 9790 9728 10158
3 10164 9796 9790
3 10164 9790 10158
3 10102 10164 10158
3 10102 10158 10096
3 10102 10096 9728
3 9734 10102 9728
3 9734 9728 9790
3 9796 9734 9790
3 9734 10102 10164
3 9796 9734 10164
3 10616 10637 10645
3 10625 10616 10645
3 10642 10637 10616
3 10622 10642 10616
3 10622 10616 10625
3 10631 10622 10625
3 10651 10631 10625
3 10651 10625 10645
3 10642 10651 10645
3 10642 10645 10637
3 10622 10642 10651
3 10631 10622 10651
3 7798 7930 7990
3 7858 7798 7990
3 7996 7864 7858
3 7996 7858 7990
3 7936 7996 7990
3 7936 7990 7930
3 7936 7930 7798
3 7804 7936 7798
3 7804 7798 7858
3 7864 7804 7858
3 7804 7936 7996
3 7864 7804 7996
3 6926 7493 7559
3 6992 6926 7559
3 7565 6998 6992
3 7565 6992 7559
3 7499 7565 7559
3 7499 7559 7493
3 7499 7493 6926
3 6932 7499 6926
3 6932 6926 6992
3 6998 6932 6992
3 6932 7499 7565
3 6998 6932 7565
3 6352 6646 6712
3 6418 6352 6712
3 6718 6424 6418
3 6718 6418 6712
3 6652 6718 6712
3 6652 6712 6646
3 6652 6646 6352
3 6358 6652 6352
3 6358 6352 6418
3 6424 6358 6418
3 6358 6652 6718
3 6424 6358 6718
3 5445 5671 5739
3 5513 5445 5739
3 5745 5519 5513
3 5745 5513 5739
3 5677 5745 5739
3 5677 5739 5671
3 5677 5671 5445
3 5451 5677 5445
3 5451 5445 5513
3 5519 5451 5513
3 5451 5677 5745
3 5519 5451 5745
3 11525 11543 11553
3 11534 11525 11553
3 11549 11543 11525
3 11531 11549 11525
3 11531 11525 11534
3 11540 11531 11534
3 11558 11540 11534
3 11558 11534 11553
3 11549 11558 11553
3 11549 11553 11543
3 11531 11549 11558
3 11540 11531 11558
3 9180 9024 9104
3 9395 9180 9104
3 9025 9024 9180
3 9181 9025 9180
3 9396 9181 9180
3 9396 9180 9395
3 9105 9396 9395
3 9105 9395 9104
3 9105 9104 9024
3 9025 9105 9024
3 9181 9025 9105
3 9396 9181 9105
3 5922 6009 6184
3 6099 5922 6184
3 6011 6009 5922
3 5923 6011 5922
3 5923 5922 6099
3 6100 5923 6099
3 6186 6100 6099
3 6186 6099 6184
3 6011 6186 6184
3 6011 6184 6009
3 5923 6011 6186
3 6100 5923 6186
3 8199 8327 8442
3 8246 8199 8442
3 8333 8327 8199
3 8205 8333 8199
3 8205 8199 8246
3 8252 8205 8246
3 8443 8252 8246
3 8443 8246 8442
3 8333 8443 8442
3 8333 8442 8327
3 8205 8333 8443
3 8252 8205 8443
3 7188 7319 7376
3 7313 7188 7376
3 7325 7319 7188
3 7194 7325 7188
3 7194 7188 7313
3 7314 7194 7313
3 7382 7314 7313
3 7382 7313 7376
3 7325 7382 7376
3 7325 7376 7319
3 7194 7325 7382
3 7314 7194 7382
3 5164 5232 5241
3 5183 5164 5241
3 5238 5232 5164
3 5170 5238 5164
3 5170 5164 5183
3 5189 5170 5183
3 5242 5189 5183
3 5242 5183 5241
3 5238 5242 5241
3 5238 5241 5232
3 5170 5238 5242
3 5189 5170 5242
3 808 848 856
3 817 808 856
3 854 848 808
3 814 854 808
3 814 808 817
3 823 814 817
3 857 823 817
3 857 817 856
3 854 857 856
3 854 856 848
3 814 854 857
3 823 814 857
3 1274 1288 1297
3 1284 1274 1297
3 1294 1288 1274
3 1280 1294 1274
3 1280 1274 1284
3 1285 1280 1284
3 1303 1285 1284
3 1303 1284 1297
3 1294 1303 1297
3 1294 1297 1288
3 1280 1294 1303
3 1285 1280 1303
3 1116 1122 1128
3 1110 1116 1128
3 1104 1110 1128
3 1096 1104 1128
3 1090 1096 1128
3 1084 1090 1128
3 1078 1084 1128
3 1072 1078 1128
3 1066 1072 1128
3 1060 1066 1128
3 1052 1060 1128
3 1046 1052 1128
3 1038 1046 1128
3 1028 1038 1128
3 1020 1028 1128
3 1014 1020 1128
3 1008 1014 1128
3 998 1008 1128
3 992 998 1128
3 986 992 1128
3 980 986 1128
3 972 980 1128
3 966 972 1128
3 960 966 1128
3 954 960 1128
3 948 954 1128
3 942 948 1128
3 936 942 1128
3 930 936 1128
3 922 930 1128
3 916 922 1128
3 910 916 1128
3 907 910 1128
3 913 907 1128
3 919 913 1128
3 927 919 1128
3 933 927 1128
3 939 933 1128
3 945 939 1128
3 951 945 1128
3 957 951 1128
3 963 957 1128
3 969 963 1128
3 977 969 1128
3 983 977 1128
3 989 983 1128
3 995 989 1128
3 1003 995 1128
3 1011 1003 1128
3 1017 1011 1128
3 1023 1017 1128
3 1031 1023 1128
3 1043 1031 1128
3 1049 1043 1128
3 1057 1049 1128
3 1063 1057 1128
3 1069 1063 1128
3 1075 1069 1128
3 1081 1075 1128
3 1087 1081 1128
3 1093 1087 1128
3 1099 1093 1128
3 1107 1099 1128
3 1113 1107 1128
3 1119 1113 1128
3 1125 1119 1128
3 1131 1125 1128
3 1137 1131 1128
3 1140 1137 1128
3 1134 1140 1128
3 1117 1123 1122
3 1117 1122 1116
3 1111 1117 1116
3 1111 1116 1110
3 1105 1111 1110
3 1105 1110 1104
3 1097 1105 1104
3 1097 1104 1096
3 1091 1097 1096
3 1091 1096 1090
3 1085 1091 1090
3 1085 1090 1084
3 1085 1084 1078
3 1079 1085 1078
3 1079 1078 1072
3 1073 1079 1072
3 1073 1072 1066
3 1067 1073 1066
3 1067 1066 1060
3 1061 1067 1060
3 1061 1060 1052
3 1053 1061 1052
3 1053 1052 1046
3 1047 1053 1046
3 1047 1046 1038
3 1039 1047 1038
3 1039 1038 1028
3 1029 1039 1028
3 1029 1028 1020
3 1021 1029 1020
3 1021 1020 1014
3 1015 1021 1014
3 1015 1014 1008
3 1009 1015 1008
3 1009 1008 998
3 999 1009 998
3 999 998 992
3 993 999 992
3 993 992 986
3 987 993 986
3 987 986 980
3 981 987 980
3 981 980 972
3 973 981 972
3 973 972 966
3 967 973 966
3 967 966 960
3 961 967 960
3 961 960 954
3 955 961 954
3 955 954 948
3 949 955 948
3 949 948 942
3 943 949 942
3 943 942 936
3 937 943 936
3 937 936 930
3 931 937 930
3 931 930 922
3 923 931 922
3 923 922 916
3 917 923 916
3 917 916 910
3 911 917 910
3 911 910 907
3 908 911 907
3 908 907 913
3 914 908 913
3 914 913 919
3 920 914 919
3 920 919 927
3 928 920 927
3 928 927 933
3 934 928 933
3 934 933 939
3 940 934 939
3 940 939 945
3 946 940 945
3 946 945 951
3 952 946 951
3 952 951 957
3 958 952 957
3 958 957 963
3 964 958 963
3 970 964 963
3 970 963 969
3 978 970 969
3 978 969 977
3 984 978 977
3 984 977 983
3 990 984 983
3 990 983 989
3 996 990 989
3 996 989 995
3 1004 996 995
3 1004 995 1003
3 1012 1004 1003
3 1012 1003 1011
3 1018 1012 1011
3 1018 1011 1017
3 1024 1018 1017
3 1024 1017 1023
3 1032 1024 1023
3 1032 1023 1031
3 1044 1032 1031
3 1044 1031 1043
3 1050 1044 1043
3 1050 1043 1049
3 1058 1050 1049
3 1058 1049 1057
3 1064 1058 1057
3 1064 1057 1063
3 1070 1064 1063
3 1070 1063 1069
3 1076 1070 1069
3 1076 1069 1075
3 1082 1076 1075
3 1082 1075 1081
3 1088 1082 1081
3 1088 1081 1087
3 1094 1088 1087
3 1094 1087 1093
3 1100 1094 1093
3 1100 1093 1099
3 1108 1100 1099
3 1108 1099 1107
3 1114 1108 1107
3 1114 1107 1113
3 1120 1114 1113
3 1120 1113 1119
3 1126 1120 1119
3 1126 1119 1125
3 1132 1126 1125
3 1132 1125 1131
3 1138 1132 1131
3 1138 1131 1137
3 1141 1138 1137
3 1141 1137 1140
3 1135 1141 1140
3 1135 1140 1134
3 1129 1135 1134
3 1129 1134 1128
3 1123 1129 1128
3 1123 1128 1122
3 1117 1123 1129
3 1111 1117 1129
3 1105 1111 1129
3 1097 1105 1129
3 1091 1097 1129
3 1085 1091 1129
3 1079 1085 1129
3 1073 1079 1129
3 1067 1073 1129
3 1061 1067 1129
3 1053 1061 1129
3 1047 1053 1129
3 1039 1047 1129
3 1029 1039 1129
3 1021 1029 1129
3 1015 1021 1129
3 1009 1015 1129
3 999 1009 1129
3 993 999 1129
3 987 993 1129
3 981 987 1129
3 973 981 1129
3 967 973 1129
3 961 967 1129
3 955 961 1129
3 949 955 1129
3 943 949 1129
3 937 943 1129
3 931 937 1129
3 923 931 1129
3 917 923 1129
3 911 917 1129
3 908 911 1129
3 914 908 1129
3 920 914 1129
3 928 920 1129
3 934 928 1129
3 940 934 1129
3 946 940 1129
3 952 946 1129
3 958 952 1129
3 964 958 1129
3 970 964 1129
3 978 970 1129
3 984 978 1129
3 990 984 1129
3 996 990 1129
3 1004 996 1129
3 1012 1004 1129
3 1018 1012 1129
3 1024 1018 1129
3 1032 1024 1129
3 1044 1032 1129
3 1050 1044 1129
3 1058 1050 1129
3 1064 1058 1129
3 1070 1064 1129
3 1076 1070 1129
3 1082 1076 1129
3 1088 1082 1129
3 1094 1088 1129
3 1100 1094 1129
3 1108 1100 1129
3 1114 1108 1129
3 1120 1114 1129
3 1126 1120 1129
3 1132 1126 1129
3 1138 1132 1129
3 1141 1138 1129
3 1135 1141 1129
3 1648 1688 1696
3 1657 1648 1696
3 1694 1688 1648
3 1654 1694 1648
3 1654 1648 1657
3 1663 1654 1657
3 1697 1663 1657
3 1697 1657 1696
3 1694 1697 1696
3 1694 1696 1688
3 1654 1694 1697
3 1663 1654 1697
3 2048 2062 2071
3 2058 2048 2071
3 2068 2062 2048
3 2054 2068 2048
3 2054 2048 2058
3 2059 2054 2058
3 2077 2059 2058
3 2077 2058 2071
3 2068 2077 2071
3 2068 2071 2062
3 2054 2068 2077
3 2059 2054 2077
3 1956 1962 1968
3 1950 1956 1968
3 1944 1950 1968
3 1936 1944 1968
3 1930 1936 1968
3 1924 1930 1968
3 1918 1924 1968
3 1912 1918 1968
3 1906 1912 1968
3 1900 1906 1968
3 1892 1900 1968
3 1886 1892 1968
3 1878 1886 1968
3 1868 1878 1968
3 1860 1868 1968
3 1854 1860 1968
3 1848 1854 1968
3 1838 1848 1968
3 1832 1838 1968
3 1826 1832 1968
3 1820 1826 1968
3 1812 1820 1968
3 1806 1812 1968
3 1800 1806 1968
3 1794 1800 1968
3 1788 1794 1968
3 1782 1788 1968
3 1776 1782 1968
3 1770 1776 1968
3 1762 1770 1968
3 1756 1762 1968
3 1750 1756 1968
3 1747 1750 1968
3 1753 1747 1968
3 1759 1753 1968
3 1767 1759 1968
3 1773 1767 1968
3 1779 1773 1968
3 1785 1779 1968
3 1791 1785 1968
3 1797 1791 1968
3 1803 1797 1968
3 1809 1803 1968
3 1817 1809 1968
3 1823 1817 1968
3 1829 1823 1968
3 1835 1829 1968
3 1843 1835 1968
3 1851 1843 1968
3 1857 1851 1968
3 1863 1857 1968
3 1871 1863 1968
3 1883 1871 1968
3 1889 1883 1968
3 1897 1889 1968
3 1903 1897 1968
3 1909 1903 1968
3 1915 1909 1968
3 1921 1915 1968
3 1927 1921 1968
3 1933 1927 1968
3 1941 1933 1968
3 1947 1941 1968
3 1953 1947 1968
3 1959 1953 1968
3 1965 1959 1968
3 1971 1965 1968
3 1977 1971 1968
3 1980 1977 1968
3 1974 1980 1968
3 1957 1963 1962
3 1957 1962 1956
3 1951 1957 1956
3 1951 1956 1950
3 1945 1951 1950
3 1945 1950 1944
3 1937 1945 1944
3 1937 1944 1936
3 1931 1937 1936
3 1931 1936 1930
3 1925 1931 1930
3 1925 1930 1924
3 1925 1924 1918
3 1919 1925 1918
3 1919 1918 1912
3 1913 1919 1912
3 1913 1912 1906
3 1907 1913 1906
3 1907 1906 1900
3 1901 1907 1900
3 1901 1900 1892
3 1893 1901 1892
3 1893 1892 1886
3 1887 1893 1886
3 1887 1886 1878
3 1879 1887 1878
3 1879 1878 1868
3 1869 1879 1868
3 1869 1868 1860
3 1861 1869 1860
3 1861 1860 1854
3 1855 1861 1854
3 1855 1854 1848
3 1849 1855 1848
3 1849 1848 1838
3 1839 1849 1838
3 1839 1838 1832
3 1833 1839 1832
3 1833 1832 1826
3 1827 1833 1826
3 1827 1826 1820
3 1821 1827 1820
3 1821 1820 1812
3 1813 1821 1812
3 1813 1812 1806
3 1807 1813 1806
3 1807 1806 1800
3 1801 1807 1800
3 1801 1800 1794
3 1795 1801 1794
3 1795 1794 1788
3 1789 1795 1788
3 1789 1788 1782
3 1783 1789 1782
3 1783 1782 1776
3 1777 1783 1776
3 1777 1776 1770
3 1771 1777 1770
3 1771 1770 1762
3 1763 1771 1762
3 1763 1762 1756
3 1757 1763 1756
3 1757 1756 1750
3 1751 1757 1750
3 1751 1750 1747
3 1748 1751 1747
3 1748 1747 1753
3 1754 1748 1753
3 1754 1753 1759
3 1760 1754 1759
3 1760 1759 1767
3 1768 1760 1767
3 1768 1767 1773
3 1774 1768 1773
3 1774 1773 1779
3 1780 1774 1779
3 1780 1779 1785
3 1786 1780 1785
3 1786 1785 1791
3 1792 1786 1791
3 1792 1791 1797
3 1798 1792 1797
3 1798 1797 1803
3 1804 1798 1803
3 1810 1804 1803
3 1810 1803 1809
3 1818 1810 1809
3 1818 1809 1817
3 1824 1818 1817
3 1824 1817 1823
3 1830 1824 1823
3 1830 1823 1829
3 1836 1830 1829
3 1836 1829 1835
3 1844 1836 1835
3 1844 1835 1843
3 1852 1844 1843
3 1852 1843 1851
3 1858 1852 1851
3 1858 1851 1857
3 1864 1858 1857
3 1864 1857 1863
3 1872 1864 1863
3 1872 1863 1871
3 1884 1872 1871
3 1884 1871 1883
3 1890 1884 1883
3 1890 1883 1889
3 1898 1890 1889
3 1898 1889 1897
3 1904 1898 1897
3 1904 1897 1903
3 1910 1904 1903
3 1910 1903 1909
3 1916 1910 1909
3 1916 1909 1915
3 1922 1916 1915
3 1922 1915 1921
3 1928 1922 1921
3 1928 1921 1927
3 1934 1928 1927
3 1934 1927 1933
3 1942 1934 1933
3 1942 1933 1941
3 1948 1942 1941
3 1948 1941 1947
3 1954 1948 1947
3 1954 1947 1953
3 1960 1954 1953
3 1960 1953 1959
3 1966 1960 1959
3 1966 1959 1965
3 1972 1966 1965
3 1972 1965 1971
3 1978 1972 1971
3 1978 1971 1977
3 1981 1978 1977
3 1981 1977 1980
3 1975 1981 1980
3 1975 1980 1974
3 1969 1975 1974
3 1969 1974 1968
3 1963 1969 1968
3 1963 1968 1962
3 1957 1963 1969
3 1951 1957 1969
3 1945 1951 1969
3 1937 1945 1969
3 1931 1937 1969
3 1925 1931 1969
3 1919 1925 1969
3 1913 1919 1969
3 1907 1913 1969
3 1901 1907 1969
3 1893 1901 1969
3 1887 1893 1969
3 1879 1887 1969
3 1869 1879 1969
3 1861 1869 1969
3 1855 1861 1969
3 1849 1855 1969
3 1839 1849 1969
3 1833 1839 1969
3 1827 1833 1969
3 1821 1827 1969
3 1813 1821 1969
3 1807 1813 1969
3 1801 1807 1969
3 1795 1801 1969
3 1789 1795 1969
3 1783 1789 1969
3 1777 1783 1969
3 1771 1777 1969
3 1763 1771 1969
3 1757 1763 1969
3 1751 1757 1969
3 1748 1751 1969
3 1754 1748 1969
3 1760 1754 1969
3 1768 1760 1969
3 1774 1768 1969
3 1780 1774 1969
3 1786 1780 1969
3 1792 1786 1969
3 1798 1792 1969
3 1804 1798 1969
3 1810 1804 1969
3 1818 1810 1969
3 1824 1818 1969
3 1830 1824 1969
3 1836 1830 1969
3 1844 1836 1969
3 1852 1844 1969
3 1858 1852 1969
3 1864 1858 1969
3 1872 1864 1969
3 1884 1872 1969
3 1890 1884 1969
3 1898 1890 1969
3 1904 1898 1969
3 1910 1904 1969
3 1916 1910 1969
3 1922 1916 1969
3 1928 1922 1969
3 1934 1928 1969
3 1942 1934 1969
3 1948 1942 1969
3 1954 1948 1969
3 1960 1954 1969
3 1966 1960 1969
3 1972 1966 1969
3 1978 1972 1969
3 1981 1978 1969
3 1975 1981 1969
3 2670 2710 2718
3 2679 2670 2718
3 2716 2710 2670
3 2676 2716 2670
3 2676 2670 2679
3 2685 2676 2679
3 2719 2685 2679
3 2719 2679 2718
3 2716 2719 2718
3 2716 2718 2710
3 2676 2716 2719
3 2685 2676 2719
3 3860 3989 3998
3 3864 3860 3998
3 3995 3989 3860
3 3861 3995 3860
3 3861 3860 3864
3 3865 3861 3864
3 4004 3865 3864
3 4004 3864 3998
3 3995 4004 3998
3 3995 3998 3989
3 3861 3995 4004
3 3865 3861 4004
3 3566 3572 3578
3 3560 3566 3578
3 3554 3560 3578
3 3548 3554 3578
3 3542 3548 3578
3 3536 3542 3578
3 3530 3536 3578
3 3470 3530 3578
3 3459 3470 3578
3 3453 3459 3578
3 3444 3453 3578
3 3355 3444 3578
3 3230 3355 3578
3 3222 3230 3578
3 3216 3222 3578
3 3210 3216 3578
3 3202 3210 3578
3 3196 3202 3578
3 3190 3196 3578
3 3184 3190 3578
3 3176 3184 3578
3 3170 3176 3578
3 3164 3170 3578
3 3158 3164 3578
3 3152 3158 3578
3 3146 3152 3578
3 3140 3146 3578
3 3134 3140 3578
3 3128 3134 3578
3 3122 3128 3578
3 3116 3122 3578
3 3110 3116 3578
3 3107 3110 3578
3 3113 3107 3578
3 3119 3113 3578
3 3125 3119 3578
3 3131 3125 3578
3 3137 3131 3578
3 3143 3137 3578
3 3149 3143 3578
3 3155 3149 3578
3 3161 3155 3578
3 3167 3161 3578
3 3173 3167 3578
3 3181 3173 3578
3 3187 3181 3578
3 3193 3187 3578
3 3199 3193 3578
3 3207 3199 3578
3 3213 3207 3578
3 3219 3213 3578
3 3227 3219 3578
3 3291 3227 3578
3 3358 3291 3578
3 3450 3358 3578
3 3456 3450 3578
3 3464 3456 3578
3 3527 3464 3578
3 3533 3527 3578
3 3539 3533 3578
3 3545 3539 3578
3 3551 3545 3578
3 3557 3551 3578
3 3563 3557 3578
3 3569 3563 3578
3 3575 3569 3578
3 3581 3575 3578
3 3587 3581 3578
3 3590 3587 3578
3 3584 3590 3578
3 3567 3573 3572
3 3567 3572 3566
3 3561 3567 3566
3 3561 3566 3560
3 3555 3561 3560
3 3555 3560 3554
3 3549 3555 3554
3 3549 3554 3548
3 3543 3549 3548
3 3543 3548 3542
3 3537 3543 3542
3 3537 3542 3536
3 3537 3536 3530
3 3531 3537 3530
3 3531 3530 3470
3 3471 3531 3470
3 3471 3470 3459
3 3460 3471 3459
3 3460 3459 3453
3 3454 3460 3453
3 3454 3453 3444
3 3445 3454 3444
3 3445 3444 3355
3 3356 3445 3355
3 3356 3355 3230
3 3231 3356 3230
3 3231 3230 3222
3 3223 3231 3222
3 3223 3222 3216
3 3217 3223 3216
3 3217 3216 3210
3 3211 3217 3210
3 3211 3210 3202
3 3203 3211 3202
3 3203 3202 3196
3 3197 3203 3196
3 3197 3196 3190
3 3191 3197 3190
3 3191 3190 3184
3 3185 3191 3184
3 3185 3184 3176
3 3177 3185 3176
3 3177 3176 3170
3 3171 3177 3170
3 3171 3170 3164
3 3165 3171 3164
3 3165 3164 3158
3 3159 3165 3158
3 3159 3158 3152
3 3153 3159 3152
3 3153 3152 3146
3 3147 3153 3146
3 3147 3146 3140
3 3141 3147 3140
3 3141 3140 3134
3 3135 3141 3134
3 3135 3134 3128
3 3129 3135 3128
3 3129 3128 3122
3 3123 3129 3122
3 3123 3122 3116
3 3117 3123 3116
3 3117 3116 3110
3 3111 3117 3110
3 3111 3110 3107
3 3108 3111 3107
3 3108 3107 3113
3 3114 3108 3113
3 3114 3113 3119
3 3120 3114 3119
3 3120 3119 3125
3 3126 3120 3125
3 3126 3125 3131
3 3132 3126 3131
3 3132 3131 3137
3 3138 3132 3137
3 3138 3137 3143
3 3144 3138 3143
3 3144 3143 3149
3 3150 3144 3149
3 3150 3149 3155
3 3156 3150 3155
3 3156 3155 3161
3 3162 3156 3161
3 3168 3162 3161
3 3168 3161 3167
3 3174 3168 3167
3 3174 3167 3173
3 3182 3174 3173
3 3182 3173 3181
3 3188 3182 3181
3 3188 3181 3187
3 3194 3188 3187
3 3194 3187 3193
3 3200 3194 3193
3 3200 3193 3199
3 3208 3200 3199
3 3208 3199 3207
3 3214 3208 3207
3 3214 3207 3213
3 3220 3214 3213
3 3220 3213 3219
3 3228 3220 3219
3 3228 3219 3227
3 3292 3228 3227
3 3292 3227 3291
3 3359 3292 3291
3 3359 3291 3358
3 3451 3359 3358
3 3451 3358 3450
3 3457 3451 3450
3 3457 3450 3456
3 3465 3457 3456
3 3465 3456 3464
3 3528 3465 3464
3 3528 3464 3527
3 3534 3528 3527
3 3534 3527 3533
3 3540 3534 3533
3 3540 3533 3539
3 3546 3540 3539
3 3546 3539 3545
3 3552 3546 3545
3 3552 3545 3551
3 3558 3552 3551
3 3558 3551 3557
3 3564 3558 3557
3 3564 3557 3563
3 3570 3564 3563
3 3570 3563 3569
3 3576 3570 3569
3 3576 3569 3575
3 3582 3576 3575
3 3582 3575 3581
3 3588 3582 3581
3 3588 3581 3587
3 3591 3588 3587
3 3591 3587 3590
3 3585 3591 3590
3 3585 3590 3584
3 3579 3585 3584
3 3579 3584 3578
3 3573 3579 3578
3 3573 3578 3572
3 3567 3573 3579
3 3561 3567 3579
3 3555 3561 3579
3 3549 3555 3579
3 3543 3549 3579
3 3537 3543 3579
3 3531 3537 3579
3 3471 3531 3579
3 3460 3471 3579
3 3454 3460 3579
3 3445 3454 3579
3 3356 3445 3579
3 3231 3356 3579
3 3223 3231 3579
3 3217 3223 3579
3 3211 3217 3579
3 3203 3211 3579
3 3197 3203 3579
3 3191 3197 3579
3 3185 3191 3579
3 3177 3185 3579
3 3171 3177 3579
3 3165 3171 3579
3 3159 3165 3579
3 3153 3159 3579
3 3147 3153 3579
3 3141 3147 3579
3 3135 3141 3579
3 3129 3135 3579
3 3123 3129 3579
3 3117 3123 3579
3 3111 3117 3579
3 3108 3111 3579
3 3114 3108 3579
3 3120 3114 3579
3 3126 3120 3579
3 3132 3126 3579
3 3138 3132 3579
3 3144 3138 3579
3 3150 3144 3579
3 3156 3150 3579
3 3162 3156 3579
3 3168 3162 3579
3 3174 3168 3579
3 3182 3174 3579
3 3188 3182 3579
3 3194 3188 3579
3 3200 3194 3579
3 3208 3200 3579
3 3214 3208 3579
3 3220 3214 3579
3 3228 3220 3579
3 3292 3228 3579
3 3359 3292 3579
3 3451 3359 3579
3 3457 3451 3579
3 3465 3457 3579
3 3528 3465 3579
3 3534 3528 3579
3 3540 3534 3579
3 3546 3540 3579
3 3552 3546 3579
3 3558 3552 3579
3 3564 3558 3579
3 3570 3564 3579
3 3576 3570 3579
3 3582 3576 3579
3 3588 3582 3579
3 3591 3588 3579
3 3585 3591 3579
3 3748 3760 3833
3 3756 3748 3833
3 3761 3760 3748
3 3753 3761 3748
3 3753 3748 3756
3 3757 3753 3756
3 3839 3757 3756
3 3839 3756 3833
3 3761 3839 3833
3 3761 3833 3760
3 3753 3761 3839
3 3757 3753 3839
3 3760 4020 4028
3 3833 3760 4028
3 4025 4020 3760
3 3761 4025 3760
3 3761 3760 3833
3 3839 3761 3833
3 4034 3839 3833
3 4034 3833 4028
3 4025 4034 4028
3 4025 4028 4020
3 3761 4025 4034
3 3839 3761 4034
3 3860 3756 3833
3 3989 3860 3833
3 3757 3756 3860
3 3861 3757 3860
3 3995 3861 3860
3 3995 3860 3989
3 3839 3995 3989
3 3839 3989 3833
3 3839 3833 3756
3 3757 3839 3756
3 3861 3757 3839
3 3995 3861 3839
3 246 301 334
3 257 246 334
3 307 301 246
3 252 307 246
3 252 246 257
3 263 252 257
3 339 263 257
3 339 257 334
3 307 339 334
3 307 334 301
3 252 307 339
3 263 252 339
3 171 188 142
3 148 171 142
3 61 148 142
3 3 34 121
3 117 3 121
3 55 117 121
3 61 142 55
3 121 61 55
3 177 189 188
3 177 188 171
3 177 171 148
3 154 177 148
3 67 154 148
3 67 148 61
3 127 67 61
3 127 61 121
3 39 127 121
3 39 121 34
3 39 34 3
3 4 39 3
3 4 3 117
3 118 4 117
3 118 117 55
3 56 118 55
3 56 55 142
3 143 56 142
3 189 143 142
3 189 142 188
3 177 189 143
3 154 177 143
3 67 154 143
3 4 39 127
3 118 4 127
3 56 118 127
3 67 143 56
3 127 67 56
3 342 365 371
3 355 342 371
3 370 365 342
3 348 370 342
3 348 342 355
3 361 348 355
3 377 361 355
3 377 355 371
3 370 377 371
3 370 371 365
3 348 370 377
3 361 348 377
3 725 761 768
3 737 725 768
3 767 761 725
3 730 767 725
3 730 725 737
3 743 730 737
3 774 743 737
3 774 737 768
3 767 774 768
3 767 768 761
3 730 767 774
3 743 730 774
3 597 601 605
3 593 597 605
3 589 593 605
3 585 589 605
3 579 585 605
3 575 579 605
3 571 575 605
3 567 571 605
3 563 567 605
3 559 563 605
3 555 559 605
3 549 555 605
3 545 549 605
3 539 545 605
3 535 539 605
3 517 535 605
3 513 517 605
3 501 513 605
3 495 501 605
3 491 495 605
3 485 491 605
3 477 485 605
3 473 477 605
3 469 473 605
3 465 469 605
3 456 465 605
3 452 456 605
3 448 452 605
3 441 448 605
3 437 441 605
3 433 437 605
3 429 433 605
3 427 429 605
3 431 427 605
3 435 431 605
3 439 435 605
3 443 439 605
3 450 443 605
3 454 450 605
3 461 454 605
3 467 461 605
3 471 467 605
3 475 471 605
3 479 475 605
3 489 479 605
3 493 489 605
3 499 493 605
3 503 499 605
3 515 503 605
3 533 515 605
3 537 533 605
3 543 537 605
3 547 543 605
3 553 547 605
3 557 553 605
3 561 557 605
3 565 561 605
3 569 565 605
3 573 569 605
3 577 573 605
3 583 577 605
3 587 583 605
3 591 587 605
3 595 591 605
3 599 595 605
3 603 599 605
3 607 603 605
3 611 607 605
3 613 611 605
3 609 613 605
3 598 602 601
3 598 601 597
3 594 598 597
3 594 597 593
3 590 594 593
3 590 593 589
3 586 590 589
3 586 589 585
3 580 586 585
3 580 585 579
3 576 580 579
3 576 579 575
3 576 575 571
3 572 576 571
3 572 571 567
3 568 572 567
3 568 567 563
3 564 568 563
3 564 563 559
3 560 564 559
3 560 559 555
3 556 560 555
3 556 555 549
3 550 556 549
3 550 549 545
3 546 550 545
3 546 545 539
3 540 546 539
3 540 539 535
3 536 540 535
3 536 535 517
3 518 536 517
3 518 517 513
3 514 518 513
3 514 513 501
3 502 514 501
3 502 501 495
3 496 502 495
3 496 495 491
3 492 496 491
3 492 491 485
3 486 492 485
3 486 485 477
3 478 486 477
3 478 477 473
3 474 478 473
3 474 473 469
3 470 474 469
3 470 469 465
3 466 470 465
3 466 465 456
3 457 466 456
3 457 456 452
3 453 457 452
3 453 452 448
3 449 453 448
3 449 448 441
3 442 449 441
3 442 441 437
3 438 442 437
3 438 437 433
3 434 438 433
3 434 433 429
3 430 434 429
3 430 429 427
3 428 430 427
3 428 427 431
3 432 428 431
3 432 431 435
3 436 432 435
3 436 435 439
3 440 436 439
3 440 439 443
3 444 440 443
3 444 443 450
3 451 444 450
3 451 450 454
3 455 451 454
3 455 454 461
3 462 455 461
3 462 461 467
3 468 462 467
3 468 467 471
3 472 468 471
3 476 472 471
3 476 471 475
3 480 476 475
3 480 475 479
3 490 480 479
3 490 479 489
3 494 490 489
3 494 489 493
3 500 494 493
3 500 493 499
3 504 500 499
3 504 499 503
3 516 504 503
3 516 503 515
3 534 516 515
3 534 515 533
3 538 534 533
3 538 533 537
3 544 538 537
3 544 537 543
3 548 544 543
3 548 543 547
3 554 548 547
3 554 547 553
3 558 554 553
3 558 553 557
3 562 558 557
3 562 557 561
3 566 562 561
3 566 561 565
3 570 566 565
3 570 565 569
3 574 570 569
3 574 569 573
3 578 574 573
3 578 573 577
3 584 578 577
3 584 577 583
3 588 584 583
3 588 583 587
3 592 588 587
3 592 587 591
3 596 592 591
3 596 591 595
3 600 596 595
3 600 595 599
3 604 600 599
3 604 599 603
3 608 604 603
3 608 603 607
3 612 608 607
3 612 607 611
3 614 612 611
3 614 611 613
3 610 614 613
3 610 613 609
3 606 610 609
3 606 609 605
3 602 606 605
3 602 605 601
3 598 602 606
3 594 598 606
3 590 594 606
3 586 590 606
3 580 586 606
3 576 580 606
3 572 576 606
3 568 572 606
3 564 568 606
3 560 564 606
3 556 560 606
3 550 556 606
3 546 550 606
3 540 546 606
3 536 540 606
3 518 536 606
3 514 518 606
3 502 514 606
3 496 502 606
3 492 496 606
3 486 492 606
3 478 486 606
3 474 478 606
3 470 474 606
3 466 470 606
3 457 466 606
3 453 457 606
3 449 453 606
3 442 449 606
3 438 442 606
3 434 438 606
3 430 434 606
3 428 430 606
3 432 428 606
3 436 432 606
3 440 436 606
3 444 440 606
3 451 444 606
3 455 451 606
3 462 455 606
3 468 462 606
3 472 468 606
3 476 472 606
3 480 476 606
3 490 480 606
3 494 490 606
3 500 494 606
3 504 500 606
3 516 504 606
3 534 516 606
3 538 534 606
3 544 538 606
3 548 544 606
3 554 548 606
3 558 554 606
3 562 558 606
3 566 562 606
3 570 566 606
3 574 570 606
3 578 574 606
3 584 578 606
3 588 584 606
3 592 588 606
3 596 592 606
3 600 596 606
3 604 600 606
3 608 604 606
3 612 608 606
3 614 612 606
3 610 614 606
3 134 130 165
3 167 134 165
3 131 130 134
3 135 131 134
3 168 135 134
3 168 134 167
3 166 168 167
3 166 167 165
3 166 165 130
3 131 166 130
3 135 131 166
3 168 135 166
3 1194 1215 1223
3 1207 1194 1223
3 1220 1215 1194
3 1200 1220 1194
3 1200 1194 1207
3 1213 1200 1207
3 1229 1213 1207
3 1229 1207 1223
3 1220 1229 1223
3 1220 1223 1215
3 1200 1220 1229
3 1213 1200 1229
3 1565 1601 1608
3 1577 1565 1608
3 1607 1601 1565
3 1570 1607 1565
3 1570 1565 1577
3 1583 1570 1577
3 1614 1583 1577
3 1614 1577 1608
3 1607 1614 1608
3 1607 1608 1601
3 1570 1607 1614
3 1583 1570 1614
3 1486 1490 1494
3 1482 1486 1494
3 1478 1482 1494
3 1474 1478 1494
3 1470 1474 1494
3 1466 1470 1494
3 1462 1466 1494
3 1456 1462 1494
3 1452 1456 1494
3 1448 1452 1494
3 1444 1448 1494
3 1436 1444 1494
3 1432 1436 1494
3 1424 1432 1494
3 1416 1424 1494
3 1408 1416 1494
3 1404 1408 1494
3 1400 1404 1494
3 1394 1400 1494
3 1387 1394 1494
3 1383 1387 1494
3 1376 1383 1494
3 1372 1376 1494
3 1368 1372 1494
3 1364 1368 1494
3 1358 1364 1494
3 1354 1358 1494
3 1350 1354 1494
3 1346 1350 1494
3 1342 1346 1494
3 1338 1342 1494
3 1334 1338 1494
3 1332 1334 1494
3 1336 1332 1494
3 1340 1336 1494
3 1344 1340 1494
3 1348 1344 1494
3 1352 1348 1494
3 1356 1352 1494
3 1360 1356 1494
3 1366 1360 1494
3 1370 1366 1494
3 1374 1370 1494
3 1378 1374 1494
3 1385 1378 1494
3 1392 1385 1494
3 1398 1392 1494
3 1402 1398 1494
3 1406 1402 1494
3 1414 1406 1494
3 1422 1414 1494
3 1430 1422 1494
3 1434 1430 1494
3 1440 1434 1494
3 1446 1440 1494
3 1450 1446 1494
3 1454 1450 1494
3 1458 1454 1494
3 1464 1458 1494
3 1468 1464 1494
3 1472 1468 1494
3 1476 1472 1494
3 1480 1476 1494
3 1484 1480 1494
3 1488 1484 1494
3 1492 1488 1494
3 1496 1492 1494
3 1500 1496 1494
3 1504 1500 1494
3 1498 1504 1494
3 1487 1491 1490
3 1487 1490 1486
3 1483 1487 1486
3 1483 1486 1482
3 1479 1483 1482
3 1479 1482 1478
3 1475 1479 1478
3 1475 1478 1474
3 1471 1475 1474
3 1471 1474 1470
3 1467 1471 1470
3 1467 1470 1466
3 1467 1466 1462
3 1463 1467 1462
3 1463 1462 1456
3 1457 1463 1456
3 1457 1456 1452
3 1453 1457 1452
3 1453 1452 1448
3 1449 1453 1448
3 1449 1448 1444
3 1445 1449 1444
3 1445 1444 1436
3 1437 1445 1436
3 1437 1436 1432
3 1433 1437 1432
3 1433 1432 1424
3 1425 1433 1424
3 1425 1424 1416
3 1417 1425 1416
3 1417 1416 1408
3 1409 1417 1408
3 1409 1408 1404
3 1405 1409 1404
3 1405 1404 1400
3 1401 1405 1400
3 1401 1400 1394
3 1395 1401 1394
3 1395 1394 1387
3 1388 1395 1387
3 1388 1387 1383
3 1384 1388 1383
3 1384 1383 1376
3 1377 1384 1376
3 1377 1376 1372
3 1373 1377 1372
3 1373 1372 1368
3 1369 1373 1368
3 1369 1368 1364
3 1365 1369 1364
3 1365 1364 1358
3 1359 1365 1358
3 1359 1358 1354
3 1355 1359 1354
3 1355 1354 1350
3 1351 1355 1350
3 1351 1350 1346
3 1347 1351 1346
3 1347 1346 1342
3 1343 1347 1342
3 1343 1342 1338
3 1339 1343 1338
3 1339 1338 1334
3 1335 1339 1334
3 1335 1334 1332
3 1333 1335 1332
3 1333 1332 1336
3 1337 1333 1336
3 1337 1336 1340
3 1341 1337 1340
3 1341 1340 1344
3 1345 1341 1344
3 1345 1344 1348
3 1349 1345 1348
3 1349 1348 1352
3 1353 1349 1352
3 1353 1352 1356
3 1357 1353 1356
3 1357 1356 1360
3 1361 1357 1360
3 1361 1360 1366
3 1367 1361 1366
3 1367 1366 1370
3 1371 1367 1370
3 1375 1371 1370
3 1375 1370 1374
3 1379 1375 1374
3 1379 1374 1378
3 1386 1379 1378
3 1386 1378 1385
3 1393 1386 1385
3 1393 1385 1392
3 1399 1393 1392
3 1399 1392 1398
3 1403 1399 1398
3 1403 1398 1402
3 1407 1403 1402
3 1407 1402 1406
3 1415 1407 1406
3 1415 1406 1414
3 1423 1415 1414
3 1423 1414 1422
3 1431 1423 1422
3 1431 1422 1430
3 1435 1431 1430
3 1435 1430 1434
3 1441 1435 1434
3 1441 1434 1440
3 1447 1441 1440
3 1447 1440 1446
3 1451 1447 1446
3 1451 1446 1450
3 1455 1451 1450
3 1455 1450 1454
3 1459 1455 1454
3 1459 1454 1458
3 1465 1459 1458
3 1465 1458 1464
3 1469 1465 1464
3 1469 1464 1468
3 1473 1469 1468
3 1473 1468 1472
3 1477 1473 1472
3 1477 1472 1476
3 1481 1477 1476
3 1481 1476 1480
3 1485 1481 1480
3 1485 1480 1484
3 1489 1485 1484
3 1489 1484 1488
3 1493 1489 1488
3 1493 1488 1492
3 1497 1493 1492
3 1497 1492 1496
3 1501 1497 1496
3 1501 1496 1500
3 1505 1501 1500
3 1505 1500 1504
3 1499 1505 1504
3 1499 1504 1498
3 1495 1499 1498
3 1495 1498 1494
3 1491 1495 1494
3 1491 1494 1490
3 1487 1491 1495
3 1483 1487 1495
3 1479 1483 1495
3 1475 1479 1495
3 1471 1475 1495
3 1467 1471 1495
3 1463 1467 1495
3 1457 1463 1495
3 1453 1457 1495
3 1449 1453 1495
3 1445 1449 1495
3 1437 1445 1495
3 1433 1437 1495
3 1425 1433 1495
3 1417 1425 1495
3 1409 1417 1495
3 1405 1409 1495
3 1401 1405 1495
3 1395 1401 1495
3 1388 1395 1495
3 1384 1388 1495
3 1377 1384 1495
3 1373 1377 1495
3 1369 1373 1495
3 1365 1369 1495
3 1359 1365 1495
3 1355 1359 1495
3 1351 1355 1495
3 1347 1351 1495
3 1343 1347 1495
3 1339 1343 1495
3 1335 1339 1495
3 1333 1335 1495
3 1337 1333 1495
3 1341 1337 1495
3 1345 1341 1495
3 1349 1345 1495
3 1353 1349 1495
3 1357 1353 1495
3 1361 1357 1495
3 1367 1361 1495
3 1371 1367 1495
3 1375 1371 1495
3 1379 1375 1495
3 1386 1379 1495
3 1393 1386 1495
3 1399 1393 1495
3 1403 1399 1495
3 1407 1403 1495
3 1415 1407 1495
3 1423 1415 1495
3 1431 1423 1495
3 1435 1431 1495
3 1441 1435 1495
3 1447 1441 1495
3 1451 1447 1495
3 1455 1451 1495
3 1459 1455 1495
3 1465 1459 1495
3 1469 1465 1495
3 1473 1469 1495
3 1477 1473 1495
3 1481 1477 1495
3 1485 1481 1495
3 1489 1485 1495
3 1493 1489 1495
3 1497 1493 1495
3 1501 1497 1495
3 1505 1501 1495
3 1499 1505 1495
3 874 872 1025
3 1035 874 1025
3 873 872 874
3 875 873 874
3 1036 875 874
3 1036 874 1035
3 1026 1036 1035
3 1026 1035 1025
3 1026 1025 872
3 873 1026 872
3 875 873 1026
3 1036 875 1026
3 1714 1710 1865
3 1875 1714 1865
3 1711 1710 1714
3 1715 1711 1714
3 1876 1715 1714
3 1876 1714 1875
3 1866 1876 1875
3 1866 1875 1865
3 1866 1865 1710
3 1711 1866 1710
3 1715 1711 1866
3 1876 1715 1866
3 2323 2321 2662
3 2664 2323 2662
3 2322 2321 2323
3 2324 2322 2323
3 2665 2324 2323
3 2665 2323 2664
3 2663 2665 2664
3 2663 2664 2662
3 2663 2662 2321
3 2322 2663 2321
3 2324 2322 2663
3 2665 2324 2663
3 4363 4668 4784
3 4525 4363 4784
3 4674 4668 4363
3 4369 4674 4363
3 4369 4363 4525
3 4531 4369 4525
3 4790 4531 4525
3 4790 4525 4784
3 4674 4790 4784
3 4674 4784 4668
3 4369 4674 4790
3 4531 4369 4790
3 8730 9238 9312
3 8839 8730 9312
3 9318 8845 8839
3 9318 8839 9312
3 9244 9318 9312
3 9244 9312 9238
3 9244 9238 8730
3 8736 9244 8730
3 8736 8730 8839
3 8845 8736 8839
3 8736 9244 9318
3 8845 8736 9318
3 3991 4041 4050
3 4000 3991 4050
3 4049 4040 4041
3 4049 4041 4050
3 3999 4049 4050
3 3999 4050 4000
3 3999 4000 3991
3 3990 3999 3991
3 3990 3991 4041
3 4040 3990 4041
3 3990 4040 4049
3 3999 3990 4049
3 5084 5166 5185
3 5109 5084 5185
3 5184 5165 5166
3 5184 5166 5185
3 5108 5184 5185
3 5108 5185 5109
3 5108 5109 5084
3 5083 5108 5084
3 5083 5084 5166
3 5165 5083 5166
3 5083 5165 5184
3 5108 5083 5184
3 3993 4043 4052
3 4002 3993 4052
3 4051 4042 4043
3 4051 4043 4052
3 4001 4051 4052
3 4001 4052 4002
3 4001 4002 3993
3 3992 4001 3993
3 3992 3993 4043
3 4042 3992 4043
3 3992 4042 4051
3 4001 3992 4051
3 5086 5168 5187
3 5111 5086 5187
3 5186 5167 5168
3 5186 5168 5187
3 5110 5186 5187
3 5110 5187 5111
3 5110 5111 5086
3 5085 5110 5086
3 5085 5086 5168
3 5167 5085 5168
3 5085 5167 5186
3 5110 5085 5186
3 3995 4045 4054
3 4004 3995 4054
3 4053 4044 4045
3 4053 4045 4054
3 4003 4053 4054
3 4003 4054 4004
3 4003 4004 3995
3 3994 4003 3995
3 3994 3995 4045
3 4044 3994 4045
3 3994 4044 4053
3 4003 3994 4053
3 5088 5170 5189
3 5113 5088 5189
3 5188 5169 5170
3 5188 5170 5189
3 5112 5188 5189
3 5112 5189 5113
3 5112 5113 5088
3 5087 5112 5088
3 5087 5088 5170
3 5169 5087 5170
3 5087 5169 5188
3 5112 5087 5188
3 3989 4039 4048
3 3998 3989 4048
3 4040 4039 3989
3 3990 4040 3989
3 3990 3989 3998
3 3999 3990 3998
3 4049 3999 3998
3 4049 3998 4048
3 4040 4049 4048
3 4040 4048 4039
3 3990 4040 4049
3 3999 3990 4049
3 5082 5164 5183
3 5107 5082 5183
3 5165 5164 5082
3 5083 5165 5082
3 5083 5082 5107
3 5108 5083 5107
3 5184 5108 5107
3 5184 5107 5183
3 5165 5184 5183
3 5165 5183 5164
3 5083 5165 5184
3 5108 5083 5184
3 3991 4041 4050
3 4000 3991 4050
3 4042 4041 3991
3 3992 4042 3991
3 3992 3991 4000
3 4001 3992 4000
3 4051 4001 4000
3 4051 4000 4050
3 4042 4051 4050
3 4042 4050 4041
3 3992 4042 4051
3 4001 3992 4051
3 5084 5166 5185
3 5109 5084 5185
3 5167 5166 5084
3 5085 5167 5084
3 5085 5084 5109
3 5110 5085 5109
3 5186 5110 5109
3 5186 5109 5185
3 5167 5186 5185
3 5167 5185 5166
3 5085 5167 5186
3 5110 5085 5186
3 3993 4043 4052
3 4002 3993 4052
3 4044 4043 3993
3 3994 4044 3993
3 3994 3993 4002
3 4003 3994 4002
3 4053 4003 4002
3 4053 4002 4052
3 4044 4053 4052
3 4044 4052 4043
3 3994 4044 4053
3 4003 3994 4053
3 5086 5168 5187
3 5111 5086 5187
3 5169 5168 5086
3 5087 5169 5086
3 5087 5086 5111
3 5112 5087 5111
3 5188 5112 5111
3 5188 5111 5187
3 5169 5188 5187
3 5169 5187 5168
3 5087 5169 5188
3 5112 5087 5188
3 107 47 34
3 69 107 34
3 83 98 69
3 6 83 69
3 21 6 69
3 34 21 69
3 46 47 34
3 33 46 34
3 20 33 34
3 20 34 21
3 20 21 6
3 5 20 6
3 5 6 83
3 82 5 83
3 97 82 83
3 97 83 98
3 68 97 98
3 68 98 69
3 106 68 69
3 106 69 107
3 46 106 107
3 46 107 47
3 106 46 33
3 68 106 33
3 82 97 68
3 5 82 68
3 20 5 68
3 33 20 68
3 1180 1167 1587
3 1215 1180 1587
3 1243 1215 1587
3 1565 1627 1243
3 1587 1618 1565
3 1243 1587 1565
3 1166 1167 1587
3 1586 1166 1587
3 1617 1586 1587
3 1617 1587 1618
3 1564 1617 1618
3 1564 1618 1565
3 1626 1564 1565
3 1626 1565 1627
3 1242 1626 1627
3 1242 1627 1243
3 1242 1243 1215
3 1214 1242 1215
3 1179 1214 1215
3 1179 1215 1180
3 1179 1180 1167
3 1166 1179 1167
3 1179 1166 1586
3 1214 1179 1586
3 1242 1214 1586
3 1564 1626 1242
3 1586 1617 1564
3 1242 1586 1564
3 7363 6841 10225
3 10637 7363 10225
3 8996 8433 8123
3 8793 8996 8123
3 9527 8793 8123
3 11683 9618 9527
3 11630 11656 11683
3 11132 11615 11592
3 11107 11132 11592
3 11043 11091 11067
3 10225 11043 11067
3 10637 10225 11067
3 11553 10637 11067
3 9527 8123 11553
3 11683 9527 11553
3 11630 11683 11553
3 11592 11630 11553
3 11107 11592 11553
3 11067 11107 11553
3 6840 6841 10225
3 10224 6840 10225
3 10224 10225 11043
3 11042 10224 11043
3 11090 11042 11043
3 11090 11043 11091
3 11066 11090 11091
3 11066 11091 11067
3 11106 11066 11067
3 11106 11067 11107
3 11106 11107 11132
3 11131 11106 11132
3 11614 11131 11132
3 11614 11132 11615
3 11591 11614 11615
3 11591 11615 11592
3 11629 11591 11592
3 11629 11592 11630
3 11629 11630 11656
3 11655 11629 11656
3 11682 11655 11656
3 11682 11656 11683
3 9617 11682 11683
3 9617 11683 9618
3 9617 9618 9527
3 9526 9617 9527
3 8792 9526 9527
3 8792 9527 8793
3 8995 8792 8793
3 8995 8793 8996
3 8432 8995 8996
3 8432 8996 8433
3 8432 8433 8123
3 8122 8432 8123
3 8122 8123 11553
3 11552 8122 11553
3 11552 11553 10637
3 10636 11552 10637
3 7362 10636 10637
3 7362 10637 7363
3 7362 7363 6841
3 6840 7362 6841
3 7362 6840 10224
3 10636 7362 10224
3 8995 8432 8122
3 8792 8995 8122
3 9526 8792 8122
3 11682 9617 9526
3 11629 11655 11682
3 11131 11614 11591
3 11106 11131 11591
3 11042 11090 11066
3 10224 11042 11066
3 10636 10224 11066
3 11552 10636 11066
3 9526 8122 11552
3 11682 9526 11552
3 11629 11682 11552
3 11591 11629 11552
3 11106 11591 11552
3 11066 11106 11552
3 5867 5222 5096
3 5811 5867 5096
3 6487 5811 5096
3 7234 6576 6487
3 6795 7234 6487
3 5096 6795 6487
3 5221 5222 5096
3 5095 5221 5096
3 5095 5096 6795
3 6794 5095 6795
3 7233 6794 6795
3 7233 6795 7234
3 6575 7233 7234
3 6575 7234 6576
3 6575 6576 6487
3 6486 6575 6487
3 5810 6486 6487
3 5810 6487 5811
3 5866 5810 5811
3 5866 5811 5867
3 5221 5866 5867
3 5221 5867 5222
3 5866 5221 5095
3 5810 5866 5095
3 6486 5810 5095
3 7233 6575 6486
3 6794 7233 6486
3 5095 6794 6486
3 1264 838 797
3 1235 1264 797
3 837 838 797
3 796 837 797
3 796 797 1235
3 1234 796 1235
3 1263 1234 1235
3 1263 1235 1264
3 837 1263 1264
3 837 1264 838
3 1263 837 796
3 1234 1263 796
3 2038 1678 1637
3 2017 2038 1637
3 1677 1678 1637
3 1636 1677 1637
3 1636 1637 2017
3 2016 1636 2017
3 2037 2016 2017
3 2037 2017 2038
3 1677 2037 2038
3 1677 2038 1678
3 2037 1677 1636
3 2016 2037 1636
3 4010 4020 3748
3 2655 4010 3748
3 2698 2655 3748
3 3844 2698 3748
3 3843 3747 3748
3 3843 3748 3844
3 2697 3843 3844
3 2697 3844 2698
3 2697 2698 2655
3 2654 2697 2655
3 2654 2655 4010
3 4009 2654 4010
3 4019 4009 4010
3 4019 4010 4020
3 3747 4019 4020
3 3747 4020 3748
3 4009 4019 3747
3 2654 4009 3747
3 2697 2654 3747
3 3843 2697 3747
3 525 285 236
3 221 404 525
3 334 221 525
3 236 334 525
3 284 285 236
3 235 284 236
3 235 236 334
3 333 235 334
3 333 334 221
3 220 333 221
3 220 221 404
3 403 220 404
3 524 403 404
3 524 404 525
3 284 524 525
3 284 525 285
3 524 284 235
3 220 403 524
3 333 220 524
3 235 333 524
3 4442 4213 5300
3 4668 4442 5300
3 4809 4668 5300
3 5578 4809 5300
3 4212 4213 5300
3 5299 4212 5300
3 5577 5299 5300
3 5577 5300 5578
3 4808 5577 5578
3 4808 5578 4809
3 4808 4809 4668
3 4667 4808 4668
3 4441 4667 4668
3 4441 4668 4442
3 4441 4442 4213
3 4212 4441 4213
3 4441 4212 5299
3 4667 4441 5299
3 4808 4667 5299
3 5577 4808 5299
3 309 265 747
3 365 309 747
3 381 365 747
3 725 787 381
3 747 778 725
3 381 747 725
3 264 265 747
3 746 264 747
3 777 746 747
3 777 747 778
3 724 777 778
3 724 778 725
3 786 724 725
3 786 725 787
3 380 786 787
3 380 787 381
3 380 381 365
3 364 380 365
3 308 364 365
3 308 365 309
3 308 309 265
3 264 308 265
3 308 264 746
3 364 308 746
3 380 364 746
3 724 786 380
3 746 777 724
3 380 746 724
3 14 40 21
3 98 91 76
3 83 98 76
3 6 83 76
3 14 21 6
3 76 14 6
3 15 41 40
3 15 40 14
3 77 15 14
3 77 14 76
3 77 76 91
3 92 77 91
3 99 92 91
3 99 91 98
3 84 99 98
3 84 98 83
3 84 83 6
3 7 84 6
3 7 6 21
3 22 7 21
3 41 22 21
3 41 21 40
3 15 41 22
3 99 92 77
3 84 99 77
3 7 84 77
3 15 22 7
3 77 15 7
3 1618 1595 1571
3 1587 1618 1571
3 1167 1587 1571
3 1201 1180 1167
3 1188 1201 1167
3 1571 1188 1167
3 1572 1189 1188
3 1572 1188 1571
3 1572 1571 1595
3 1596 1572 1595
3 1619 1596 1595
3 1619 1595 1618
3 1588 1619 1618
3 1588 1618 1587
3 1588 1587 1167
3 1168 1588 1167
3 1168 1167 1180
3 1181 1168 1180
3 1202 1181 1180
3 1202 1180 1201
3 1189 1202 1201
3 1189 1201 1188
3 1619 1596 1572
3 1588 1619 1572
3 1168 1588 1572
3 1202 1181 1168
3 1189 1202 1168
3 1572 1189 1168
3 11603 11120 11132
3 11615 11603 11132
3 11133 11616 11615
3 11133 11615 11132
3 11133 11132 11120
3 11121 11133 11120
3 11121 11120 11603
3 11604 11121 11603
3 11616 11604 11603
3 11616 11603 11615
3 11604 11121 11133
3 11616 11604 11133
3 11683 9618 9572
3 11644 11656 11683
3 11671 11644 11683
3 9572 11671 11683
3 11657 11656 11644
3 11645 11657 11644
3 11645 11644 11671
3 11672 11645 11671
3 11672 11671 9572
3 9573 11672 9572
3 9573 9572 9618
3 9619 9573 9618
3 11684 9619 9618
3 11684 9618 11683
3 11657 11684 11683
3 11657 11683 11656
3 11684 9619 9573
3 11645 11657 11684
3 11672 11645 11684
3 9573 11672 11684
3 5222 5212 5857
3 5867 5222 5857
3 5213 5212 5222
3 5223 5213 5222
3 5868 5223 5222
3 5868 5222 5867
3 5858 5868 5867
3 5858 5867 5857
3 5858 5857 5212
3 5213 5858 5212
3 5223 5213 5858
3 5868 5223 5858
3 826 1254 1264
3 838 826 1264
3 1255 1254 826
3 827 1255 826
3 827 826 838
3 839 827 838
3 1265 839 838
3 1265 838 1264
3 1255 1265 1264
3 1255 1264 1254
3 827 1255 1265
3 839 827 1265
3 1666 2028 2038
3 1678 1666 2038
3 2029 2028 1666
3 1667 2029 1666
3 1667 1666 1678
3 1679 1667 1678
3 2039 1679 1678
3 2039 1678 2038
3 2029 2039 2038
3 2029 2038 2028
3 1667 2029 2039
3 1679 1667 2039
3 2688 3766 3844
3 2698 2688 3844
3 3767 3766 2688
3 2689 3767 2688
3 2689 2688 2698
3 2699 2689 2698
3 3845 2699 2698
3 3845 2698 3844
3 3767 3845 3844
3 3767 3844 3766
3 2689 3767 3845
3 2699 2689 3845
3 319 507 525
3 236 275 319
3 285 236 319
3 525 285 319
3 508 507 319
3 320 508 319
3 276 320 319
3 276 319 275
3 276 275 236
3 237 276 236
3 237 236 285
3 286 237 285
3 526 286 285
3 526 285 525
3 508 526 525
3 508 525 507
3 320 508 526
3 237 276 320
3 286 237 320
3 526 286 320
3 7056 7623 7363
3 11091 11079 11034
3 11043 11091 11034
3 6841 11043 11034
3 7056 7363 6841
3 11034 7056 6841
3 7057 7624 7623
3 7057 7623 7056
3 11035 7057 7056
3 11035 7056 11034
3 11035 11034 11079
3 11080 11035 11079
3 11092 11080 11079
3 11092 11079 11091
3 11044 11092 11091
3 11044 11091 11043
3 11044 11043 6841
3 6842 11044 6841
3 6842 6841 7363
3 7364 6842 7363
3 7624 7364 7363
3 7624 7363 7623
3 7057 7624 7364
3 11092 11080 11035
3 11044 11092 11035
3 6842 11044 11035
3 7057 7364 6842
3 11035 7057 6842
3 4532 4611 4442
3 5578 5387 5243
3 5300 5578 5243
3 4213 5300 5243
3 4532 4442 4213
3 5243 4532 4213
3 4533 4612 4611
3 4533 4611 4532
3 5244 4533 4532
3 5244 4532 5243
3 5244 5243 5387
3 5388 5244 5387
3 5579 5388 5387
3 5579 5387 5578
3 5301 5579 5578
3 5301 5578 5300
3 5301 5300 4213
3 4214 5301 4213
3 4214 4213 4442
3 4443 4214 4442
3 4612 4443 4442
3 4612 4442 4611
3 4533 4612 4443
3 5579 5388 5244
3 5301 5579 5244
3 4214 5301 5244
3 4533 4443 4214
3 5244 4533 4214
3 778 755 731
3 747 778 731
3 265 747 731
3 349 309 265
3 325 349 265
3 731 325 265
3 732 326 325
3 732 325 731
3 732 731 755
3 756 732 755
3 779 756 755
3 779 755 778
3 748 779 778
3 748 778 747
3 748 747 265
3 266 748 265
3 266 265 309
3 310 266 309
3 350 310 309
3 350 309 349
3 326 350 349
3 326 349 325
3 779 756 732
3 748 779 732
3 266 748 732
3 350 310 266
3 326 350 266
3 732 326 266
3 8996 8433 8370
3 8933 8996 8370
3 8997 8434 8433
3 8997 8433 8996
3 8934 8997 8996
3 8934 8996 8933
3 8934 8933 8370
3 8371 8934 8370
3 8371 8370 8433
3 8434 8371 8433
3 8997 8434 8371
3 8934 8997 8371
3 7234 6576 6531
3 7141 7234 6531
3 7235 6577 6576
3 7235 6576 7234
3 7142 7235 7234
3 7142 7234 7141
3 7142 7141 6531
3 6532 7142 6531
3 6532 6531 6576
3 6577 6532 6576
3 7235 6577 6532
3 7142 7235 6532
3 109 49 36
3 71 109 36
3 86 101 71
3 9 86 71
3 24 9 71
3 36 24 71
3 48 49 36
3 35 48 36
3 23 35 36
3 23 36 24
3 23 24 9
3 8 23 9
3 8 9 86
3 85 8 86
3 100 85 86
3 100 86 101
3 70 100 101
3 70 101 71
3 108 70 71
3 108 71 109
3 48 108 109
3 48 109 49
3 108 48 35
3 70 108 35
3 85 100 70
3 8 85 70
3 23 8 70
3 35 23 70
3 1183 1170 1590
3 1217 1183 1590
3 1245 1217 1590
3 1567 1629 1245
3 1590 1621 1567
3 1245 1590 1567
3 1169 1170 1590
3 1589 1169 1590
3 1620 1589 1590
3 1620 1590 1621
3 1566 1620 1621
3 1566 1621 1567
3 1628 1566 1567
3 1628 1567 1629
3 1244 1628 1629
3 1244 1629 1245
3 1244 1245 1217
3 1216 1244 1217
3 1182 1216 1217
3 1182 1217 1183
3 1182 1183 1170
3 1169 1182 1170
3 1182 1169 1589
3 1216 1182 1589
3 1244 1216 1589
3 1566 1628 1244
3 1589 1620 1566
3 1244 1589 1566
3 7366 6844 10227
3 10639 7366 10227
3 8999 8436 8125
3 8795 8999 8125
3 9529 8795 8125
3 11686 9621 9529
3 11632 11659 11686
3 11135 11618 11594
3 11109 11135 11594
3 11046 11094 11069
3 10227 11046 11069
3 10639 10227 11069
3 11555 10639 11069
3 9529 8125 11555
3 11686 9529 11555
3 11632 11686 11555
3 11594 11632 11555
3 11109 11594 11555
3 11069 11109 11555
3 6843 6844 10227
3 10226 6843 10227
3 10226 10227 11046
3 11045 10226 11046
3 11093 11045 11046
3 11093 11046 11094
3 11068 11093 11094
3 11068 11094 11069
3 11108 11068 11069
3 11108 11069 11109
3 11108 11109 11135
3 11134 11108 11135
3 11617 11134 11135
3 11617 11135 11618
3 11593 11617 11618
3 11593 11618 11594
3 11631 11593 11594
3 11631 11594 11632
3 11631 11632 11659
3 11658 11631 11659
3 11685 11658 11659
3 11685 11659 11686
3 9620 11685 11686
3 9620 11686 9621
3 9620 9621 9529
3 9528 9620 9529
3 8794 9528 9529
3 8794 9529 8795
3 8998 8794 8795
3 8998 8795 8999
3 8435 8998 8999
3 8435 8999 8436
3 8435 8436 8125
3 8124 8435 8125
3 8124 8125 11555
3 11554 8124 11555
3 11554 11555 10639
3 10638 11554 10639
3 7365 10638 10639
3 7365 10639 7366
3 7365 7366 6844
3 6843 7365 6844
3 7365 6843 10226
3 10638 7365 10226
3 8998 8435 8124
3 8794 8998 8124
3 9528 8794 8124
3 11685 9620 9528
3 11631 11658 11685
3 11134 11617 11593
3 11108 11134 11593
3 11045 11093 11068
3 10226 11045 11068
3 10638 10226 11068
3 11554 10638 11068
3 9528 8124 11554
3 11685 9528 11554
3 11631 11685 11554
3 11593 11631 11554
3 11108 11593 11554
3 11068 11108 11554
3 5870 5225 5098
3 5813 5870 5098
3 6489 5813 5098
3 7237 6579 6489
3 6797 7237 6489
3 5098 6797 6489
3 5224 5225 5098
3 5097 5224 5098
3 5097 5098 6797
3 6796 5097 6797
3 7236 6796 6797
3 7236 6797 7237
3 6578 7236 7237
3 6578 7237 6579
3 6578 6579 6489
3 6488 6578 6489
3 5812 6488 6489
3 5812 6489 5813
3 5869 5812 5813
3 5869 5813 5870
3 5224 5869 5870
3 5224 5870 5225
3 5869 5224 5097
3 5812 5869 5097
3 6488 5812 5097
3 7236 6578 6488
3 6796 7236 6488
3 5097 6796 6488
3 1267 841 799
3 1237 1267 799
3 840 841 799
3 798 840 799
3 798 799 1237
3 1236 798 1237
3 1266 1236 1237
3 1266 1237 1267
3 840 1266 1267
3 840 1267 841
3 1266 840 798
3 1236 1266 798
3 2041 1681 1639
3 2019 2041 1639
3 1680 1681 1639
3 1638 1680 1639
3 1638 1639 2019
3 2018 1638 2019
3 2040 2018 2019
3 2040 2019 2041
3 1680 2040 2041
3 1680 2041 1681
3 2040 1680 1638
3 2018 2040 1638
3 4012 4022 3750
3 2657 4012 3750
3 2701 2657 3750
3 3847 2701 3750
3 3846 3749 3750
3 3846 3750 3847
3 2700 3846 3847
3 2700 3847 2701
3 2700 2701 2657
3 2656 2700 2657
3 2656 2657 4012
3 4011 2656 4012
3 4021 4011 4012
3 4021 4012 4022
3 3749 4021 4022
3 3749 4022 3750
3 4011 4021 3749
3 2656 4011 3749
3 2700 2656 3749
3 3846 2700 3749
3 528 288 239
3 223 406 528
3 336 223 528
3 239 336 528
3 287 288 239
3 238 287 239
3 238 239 336
3 335 238 336
3 335 336 223
3 222 335 223
3 222 223 406
3 405 222 406
3 527 405 406
3 527 406 528
3 287 527 528
3 287 528 288
3 527 287 238
3 222 405 527
3 335 222 527
3 238 335 527
3 4445 4216 5303
3 4670 4445 5303
3 4811 4670 5303
3 5581 4811 5303
3 4215 4216 5303
3 5302 4215 5303
3 5580 5302 5303
3 5580 5303 5581
3 4810 5580 5581
3 4810 5581 4811
3 4810 4811 4670
3 4669 4810 4670
3 4444 4669 4670
3 4444 4670 4445
3 4444 4445 4216
3 4215 4444 4216
3 4444 4215 5302
3 4669 4444 5302
3 4810 4669 5302
3 5580 4810 5302
3 312 268 750
3 367 312 750
3 383 367 750
3 727 789 383
3 750 781 727
3 383 750 727
3 267 268 750
3 749 267 750
3 780 749 750
3 780 750 781
3 726 780 781
3 726 781 727
3 788 726 727
3 788 727 789
3 382 788 789
3 382 789 383
3 382 383 367
3 366 382 367
3 311 366 367
3 311 367 312
3 311 312 268
3 267 311 268
3 311 267 749
3 366 311 749
3 382 366 749
3 726 788 382
3 749 780 726
3 382 749 726
3 16 42 24
3 101 93 78
3 86 101 78
3 9 86 78
3 16 24 9
3 78 16 9
3 17 43 42
3 17 42 16
3 79 17 16
3 79 16 78
3 79 78 93
3 94 79 93
3 102 94 93
3 102 93 101
3 87 102 101
3 87 101 86
3 87 86 9
3 10 87 9
3 10 9 24
3 25 10 24
3 43 25 24
3 43 24 42
3 17 43 25
3 102 94 79
3 87 102 79
3 10 87 79
3 17 25 10
3 79 17 10
3 1621 1597 1573
3 1590 1621 1573
3 1170 1590 1573
3 1203 1183 1170
3 1190 1203 1170
3 1573 1190 1170
3 1574 1191 1190
3 1574 1190 1573
3 1574 1573 1597
3 1598 1574 1597
3 1622 1598 1597
3 1622 1597 1621
3 1591 1622 1621
3 1591 1621 1590
3 1591 1590 1170
3 1171 1591 1170
3 1171 1170 1183
3 1184 1171 1183
3 1204 1184 1183
3 1204 1183 1203
3 1191 1204 1203
3 1191 1203 1190
3 1622 1598 1574
3 1591 1622 1574
3 1171 1591 1574
3 1204 1184 1171
3 1191 1204 1171
3 1574 1191 1171
3 11605 11122 11135
3 11618 11605 11135
3 11136 11619 11618
3 11136 11618 11135
3 11136 11135 11122
3 11123 11136 11122
3 11123 11122 11605
3 11606 11123 11605
3 11619 11606 11605
3 11619 11605 11618
3 11606 11123 11136
3 11619 11606 11136
3 11686 9621 9574
3 11646 11659 11686
3 11673 11646 11686
3 9574 11673 11686
3 11660 11659 11646
3 11647 11660 11646
3 11647 11646 11673
3 11674 11647 11673
3 11674 11673 9574
3 9575 11674 9574
3 9575 9574 9621
3 9622 9575 9621
3 11687 9622 9621
3 11687 9621 11686
3 11660 11687 11686
3 11660 11686 11659
3 11687 9622 9575
3 11647 11660 11687
3 11674 11647 11687
3 9575 11674 11687
3 5225 5214 5859
3 5870 5225 5859
3 5215 5214 5225
3 5226 5215 5225
3 5871 5226 5225
3 5871 5225 5870
3 5860 5871 5870
3 5860 5870 5859
3 5860 5859 5214
3 5215 5860 5214
3 5226 5215 5860
3 5871 5226 5860
3 828 1256 1267
3 841 828 1267
3 1257 1256 828
3 829 1257 828
3 829 828 841
3 842 829 841
3 1268 842 841
3 1268 841 1267
3 1257 1268 1267
3 1257 1267 1256
3 829 1257 1268
3 842 829 1268
3 1668 2030 2041
3 1681 1668 2041
3 2031 2030 1668
3 1669 2031 1668
3 1669 1668 1681
3 1682 1669 1681
3 2042 1682 1681
3 2042 1681 2041
3 2031 2042 2041
3 2031 2041 2030
3 1669 2031 2042
3 1682 1669 2042
3 2690 3768 3847
3 2701 2690 3847
3 3769 3768 2690
3 2691 3769 2690
3 2691 2690 2701
3 2702 2691 2701
3 3848 2702 2701
3 3848 2701 3847
3 3769 3848 3847
3 3769 3847 3768
3 2691 3769 3848
3 2702 2691 3848
3 321 509 528
3 239 277 321
3 288 239 321
3 528 288 321
3 510 509 321
3 322 510 321
3 278 322 321
3 278 321 277
3 278 277 239
3 240 278 239
3 240 239 288
3 289 240 288
3 529 289 288
3 529 288 528
3 510 529 528
3 510 528 509
3 322 510 529
3 240 278 322
3 289 240 322
3 529 289 322
3 7058 7625 7366
3 11094 11081 11036
3 11046 11094 11036
3 6844 11046 11036
3 7058 7366 6844
3 11036 7058 6844
3 7059 7626 7625
3 7059 7625 7058
3 11037 7059 7058
3 11037 7058 11036
3 11037 11036 11081
3 11082 11037 11081
3 11095 11082 11081
3 11095 11081 11094
3 11047 11095 11094
3 11047 11094 11046
3 11047 11046 6844
3 6845 11047 6844
3 6845 6844 7366
3 7367 6845 7366
3 7626 7367 7366
3 7626 7366 7625
3 7059 7626 7367
3 11095 11082 11037
3 11047 11095 11037
3 6845 11047 11037
3 7059 7367 6845
3 11037 7059 6845
3 4534 4613 4445
3 5581 5389 5245
3 5303 5581 5245
3 4216 5303 5245
3 4534 4445 4216
3 5245 4534 4216
3 4535 4614 4613
3 4535 4613 4534
3 5246 4535 4534
3 5246 4534 5245
3 5246 5245 5389
3 5390 5246 5389
3 5582 5390 5389
3 5582 5389 5581
3 5304 5582 5581
3 5304 5581 5303
3 5304 5303 4216
3 4217 5304 4216
3 4217 4216 4445
3 4446 4217 4445
3 4614 4446 4445
3 4614 4445 4613
3 4535 4614 4446
3 5582 5390 5246
3 5304 5582 5246
3 4217 5304 5246
3 4535 4446 4217
3 5246 4535 4217
3 781 757 733
3 750 781 733
3 268 750 733
3 351 312 268
3 327 351 268
3 733 327 268
3 734 328 327
3 734 327 733
3 734 733 757
3 758 734 757
3 782 758 757
3 782 757 781
3 751 782 781
3 751 781 750
3 751 750 268
3 269 751 268
3 269 268 312
3 313 269 312
3 352 313 312
3 352 312 351
3 328 352 351
3 328 351 327
3 782 758 734
3 751 782 734
3 269 751 734
3 352 313 269
3 328 352 269
3 734 328 269
3 8999 8436 8372
3 8935 8999 8372
3 9000 8437 8436
3 9000 8436 8999
3 8936 9000 8999
3 8936 8999 8935
3 8936 8935 8372
3 8373 8936 8372
3 8373 8372 8436
3 8437 8373 8436
3 9000 8437 8373
3 8936 9000 8373
3 7237 6579 6533
3 7143 7237 6533
3 7238 6580 6579
3 7238 6579 7237
3 7144 7238 7237
3 7144 7237 7143
3 7144 7143 6533
3 6534 7144 6533
3 6534 6533 6579
3 6580 6534 6579
3 7238 6580 6534
3 7144 7238 6534
3 111 51 38
3 73 111 38
3 89 104 73
3 12 89 73
3 27 12 73
3 38 27 73
3 50 51 38
3 37 50 38
3 26 37 38
3 26 38 27
3 26 27 12
3 11 26 12
3 11 12 89
3 88 11 89
3 103 88 89
3 103 89 104
3 72 103 104
3 72 104 73
3 110 72 73
3 110 73 111
3 50 110 111
3 50 111 51
3 110 50 37
3 72 110 37
3 88 103 72
3 11 88 72
3 26 11 72
3 37 26 72
3 1186 1173 1593
3 1219 1186 1593
3 1247 1219 1593
3 1569 1631 1247
3 1593 1624 1569
3 1247 1593 1569
3 1172 1173 1593
3 1592 1172 1593
3 1623 1592 1593
3 1623 1593 1624
3 1568 1623 1624
3 1568 1624 1569
3 1630 1568 1569
3 1630 1569 1631
3 1246 1630 1631
3 1246 1631 1247
3 1246 1247 1219
3 1218 1246 1219
3 1185 1218 1219
3 1185 1219 1186
3 1185 1186 1173
3 1172 1185 1173
3 1185 1172 1592
3 1218 1185 1592
3 1246 1218 1592
3 1568 1630 1246
3 1592 1623 1568
3 1246 1592 1568
3 7369 6847 10229
3 10641 7369 10229
3 9002 8439 8127
3 8797 9002 8127
3 9531 8797 8127
3 11689 9624 9531
3 11634 11662 11689
3 11138 11621 11596
3 11111 11138 11596
3 11049 11097 11071
3 10229 11049 11071
3 10641 10229 11071
3 11557 10641 11071
3 9531 8127 11557
3 11689 9531 11557
3 11634 11689 11557
3 11596 11634 11557
3 11111 11596 11557
3 11071 11111 11557
3 6846 6847 10229
3 10228 6846 10229
3 10228 10229 11049
3 11048 10228 11049
3 11096 11048 11049
3 11096 11049 11097
3 11070 11096 11097
3 11070 11097 11071
3 11110 11070 11071
3 11110 11071 11111
3 11110 11111 11138
3 11137 11110 11138
3 11620 11137 11138
3 11620 11138 11621
3 11595 11620 11621
3 11595 11621 11596
3 11633 11595 11596
3 11633 11596 11634
3 11633 11634 11662
3 11661 11633 11662
3 11688 11661 11662
3 11688 11662 11689
3 9623 11688 11689
3 9623 11689 9624
3 9623 9624 9531
3 9530 9623 9531
3 8796 9530 9531
3 8796 9531 8797
3 9001 8796 8797
3 9001 8797 9002
3 8438 9001 9002
3 8438 9002 8439
3 8438 8439 8127
3 8126 8438 8127
3 8126 8127 11557
3 11556 8126 11557
3 11556 11557 10641
3 10640 11556 10641
3 7368 10640 10641
3 7368 10641 7369
3 7368 7369 6847
3 6846 7368 6847
3 7368 6846 10228
3 10640 7368 10228
3 9001 8438 8126
3 8796 9001 8126
3 9530 8796 8126
3 11688 9623 9530
3 11633 11661 11688
3 11137 11620 11595
3 11110 11137 11595
3 11048 11096 11070
3 10228 11048 11070
3 10640 10228 11070
3 11556 10640 11070
3 9530 8126 11556
3 11688 9530 11556
3 11633 11688 11556
3 11595 11633 11556
3 11110 11595 11556
3 11070 11110 11556
3 5873 5228 5100
3 5815 5873 5100
3 6491 5815 5100
3 7240 6582 6491
3 6799 7240 6491
3 5100 6799 6491
3 5227 5228 5100
3 5099 5227 5100
3 5099 5100 6799
3 6798 5099 6799
3 7239 6798 6799
3 7239 6799 7240
3 6581 7239 7240
3 6581 7240 6582
3 6581 6582 6491
3 6490 6581 6491
3 5814 6490 6491
3 5814 6491 5815
3 5872 5814 5815
3 5872 5815 5873
3 5227 5872 5873
3 5227 5873 5228
3 5872 5227 5099
3 5814 5872 5099
3 6490 5814 5099
3 7239 6581 6490
3 6798 7239 6490
3 5099 6798 6490
3 1270 844 801
3 1239 1270 801
3 843 844 801
3 800 843 801
3 800 801 1239
3 1238 800 1239
3 1269 1238 1239
3 1269 1239 1270
3 843 1269 1270
3 843 1270 844
3 1269 843 800
3 1238 1269 800
3 2044 1684 1641
3 2021 2044 1641
3 1683 1684 1641
3 1640 1683 1641
3 1640 1641 2021
3 2020 1640 2021
3 2043 2020 2021
3 2043 2021 2044
3 1683 2043 2044
3 1683 2044 1684
3 2043 1683 1640
3 2020 2043 1640
3 4014 4024 3752
3 2659 4014 3752
3 2704 2659 3752
3 3850 2704 3752
3 3849 3751 3752
3 3849 3752 3850
3 2703 3849 3850
3 2703 3850 2704
3 2703 2704 2659
3 2658 2703 2659
3 2658 2659 4014
3 4013 2658 4014
3 4023 4013 4014
3 4023 4014 4024
3 3751 4023 4024
3 3751 4024 3752
3 4013 4023 3751
3 2658 4013 3751
3 2703 2658 3751
3 3849 2703 3751
3 531 291 242
3 225 408 531
3 338 225 531
3 242 338 531
3 290 291 242
3 241 290 242
3 241 242 338
3 337 241 338
3 337 338 225
3 224 337 225
3 224 225 408
3 407 224 408
3 530 407 408
3 530 408 531
3 290 530 531
3 290 531 291
3 530 290 241
3 224 407 530
3 337 224 530
3 241 337 530
3 4448 4219 5306
3 4672 4448 5306
3 4813 4672 5306
3 5584 4813 5306
3 4218 4219 5306
3 5305 4218 5306
3 5583 5305 5306
3 5583 5306 5584
3 4812 5583 5584
3 4812 5584 4813
3 4812 4813 4672
3 4671 4812 4672
3 4447 4671 4672
3 4447 4672 4448
3 4447 4448 4219
3 4218 4447 4219
3 4447 4218 5305
3 4671 4447 5305
3 4812 4671 5305
3 5583 4812 5305
3 315 271 753
3 369 315 753
3 385 369 753
3 729 791 385
3 753 784 729
3 385 753 729
3 270 271 753
3 752 270 753
3 783 752 753
3 783 753 784
3 728 783 784
3 728 784 729
3 790 728 729
3 790 729 791
3 384 790 791
3 384 791 385
3 384 385 369
3 368 384 369
3 314 368 369
3 314 369 315
3 314 315 271
3 270 314 271
3 314 270 752
3 368 314 752
3 384 368 752
3 728 790 384
3 752 783 728
3 384 752 728
3 18 44 27
3 104 95 80
3 89 104 80
3 12 89 80
3 18 27 12
3 80 18 12
3 19 45 44
3 19 44 18
3 81 19 18
3 81 18 80
3 81 80 95
3 96 81 95
3 105 96 95
3 105 95 104
3 90 105 104
3 90 104 89
3 90 89 12
3 13 90 12
3 13 12 27
3 28 13 27
3 45 28 27
3 45 27 44
3 19 45 28
3 105 96 81
3 90 105 81
3 13 90 81
3 19 28 13
3 81 19 13
3 1624 1599 1575
3 1593 1624 1575
3 1173 1593 1575
3 1205 1186 1173
3 1192 1205 1173
3 1575 1192 1173
3 1576 1193 1192
3 1576 1192 1575
3 1576 1575 1599
3 1600 1576 1599
3 1625 1600 1599
3 1625 1599 1624
3 1594 1625 1624
3 1594 1624 1593
3 1594 1593 1173
3 1174 1594 1173
3 1174 1173 1186
3 1187 1174 1186
3 1206 1187 1186
3 1206 1186 1205
3 1193 1206 1205
3 1193 1205 1192
3 1625 1600 1576
3 1594 1625 1576
3 1174 1594 1576
3 1206 1187 1174
3 1193 1206 1174
3 1576 1193 1174
3 11607 11124 11138
3 11621 11607 11138
3 11139 11622 11621
3 11139 11621 11138
3 11139 11138 11124
3 11125 11139 11124
3 11125 11124 11607
3 11608 11125 11607
3 11622 11608 11607
3 11622 11607 11621
3 11608 11125 11139
3 11622 11608 11139
3 11689 9624 9576
3 11648 11662 11689
3 11675 11648 11689
3 9576 11675 11689
3 11663 11662 11648
3 11649 11663 11648
3 11649 11648 11675
3 11676 11649 11675
3 11676 11675 9576
3 9577 11676 9576
3 9577 9576 9624
3 9625 9577 9624
3 11690 9625 9624
3 11690 9624 11689
3 11663 11690 11689
3 11663 11689 11662
3 11690 9625 9577
3 11649 11663 11690
3 11676 11649 11690
3 9577 11676 11690
3 5228 5216 5861
3 5873 5228 5861
3 5217 5216 5228
3 5229 5217 5228
3 5874 5229 5228
3 5874 5228 5873
3 5862 5874 5873
3 5862 5873 5861
3 5862 5861 5216
3 5217 5862 5216
3 5229 5217 5862
3 5874 5229 5862
3 830 1258 1270
3 844 830 1270
3 1259 1258 830
3 831 1259 830
3 831 830 844
3 845 831 844
3 1271 845 844
3 1271 844 1270
3 1259 1271 1270
3 1259 1270 1258
3 831 1259 1271
3 845 831 1271
3 1670 2032 2044
3 1684 1670 2044
3 2033 2032 1670
3 1671 2033 1670
3 1671 1670 1684
3 1685 1671 1684
3 2045 1685 1684
3 2045 1684 2044
3 2033 2045 2044
3 2033 2044 2032
3 1671 2033 2045
3 1685 1671 2045
3 2692 3770 3850
3 2704 2692 3850
3 3771 3770 2692
3 2693 3771 2692
3 2693 2692 2704
3 2705 2693 2704
3 3851 2705 2704
3 3851 2704 3850
3 3771 3851 3850
3 3771 3850 3770
3 2693 3771 3851
3 2705 2693 3851
3 323 511 531
3 242 279 323
3 291 242 323
3 531 291 323
3 512 511 323
3 324 512 323
3 280 324 323
3 280 323 279
3 280 279 242
3 243 280 242
3 243 242 291
3 292 243 291
3 532 292 291
3 532 291 531
3 512 532 531
3 512 531 511
3 324 512 532
3 243 280 324
3 292 243 324
3 532 292 324
3 7060 7627 7369
3 11097 11083 11038
3 11049 11097 11038
3 6847 11049 11038
3 7060 7369 6847
3 11038 7060 6847
3 7061 7628 7627
3 7061 7627 7060
3 11039 7061 7060
3 11039 7060 11038
3 11039 11038 11083
3 11084 11039 11083
3 11098 11084 11083
3 11098 11083 11097
3 11050 11098 11097
3 11050 11097 11049
3 11050 11049 6847
3 6848 11050 6847
3 6848 6847 7369
3 7370 6848 7369
3 7628 7370 7369
3 7628 7369 7627
3 7061 7628 7370
3 11098 11084 11039
3 11050 11098 11039
3 6848 11050 11039
3 7061 7370 6848
3 11039 7061 6848
3 4536 4615 4448
3 5584 5391 5247
3 5306 5584 5247
3 4219 5306 5247
3 4536 4448 4219
3 5247 4536 4219
3 4537 4616 4615
3 4537 4615 4536
3 5248 4537 4536
3 5248 4536 5247
3 5248 5247 5391
3 5392 5248 5391
3 5585 5392 5391
3 5585 5391 5584
3 5307 5585 5584
3 5307 5584 5306
3 5307 5306 4219
3 4220 5307 4219
3 4220 4219 4448
3 4449 4220 4448
3 4616 4449 4448
3 4616 4448 4615
3 4537 4616 4449
3 5585 5392 5248
3 5307 5585 5248
3 4220 5307 5248
3 4537 4449 4220
3 5248 4537 4220
3 784 759 735
3 753 784 735
3 271 753 735
3 353 315 271
3 329 353 271
3 735 329 271
3 736 330 329
3 736 329 735
3 736 735 759
3 760 736 759
3 785 760 759
3 785 759 784
3 754 785 784
3 754 784 753
3 754 753 271
3 272 754 271
3 272 271 315
3 316 272 315
3 354 316 315
3 354 315 353
3 330 354 353
3 330 353 329
3 785 760 736
3 754 785 736
3 272 754 736
3 354 316 272
3 330 354 272
3 736 330 272
3 9002 8439 8374
3 8937 9002 8374
3 9003 8440 8439
3 9003 8439 9002
3 8938 9003 9002
3 8938 9002 8937
3 8938 8937 8374
3 8375 8938 8374
3 8375 8374 8439
3 8440 8375 8439
3 9003 8440 8375
3 8938 9003 8375
3 7240 6582 6535
3 7145 7240 6535
3 7241 6583 6582
3 7241 6582 7240
3 7146 7241 7240
3 7146 7240 7145
3 7146 7145 6535
3 6536 7146 6535
3 6536 6535 6582
3 6583 6536 6582
3 7241 6583 6536
3 7146 7241 6536
3 645 399 2745
3 3179 645 2745
3 413 630 709
3 413 709 647
3 655 713 805
3 655 805 717
3 721 833 871
3 721 871 859
3 863 877 1006
3 863 1006 881
3 887 1055 1159
3 887 1159 1143
3 1149 1161 1251
3 1149 1251 1163
3 1176 1282 1317
3 1176 1317 1305
3 1309 1319 1513
3 1309 1513 1323
3 1329 1519 1553
3 1329 1553 1523
3 1529 1555 1645
3 1529 1645 1557
3 1561 1673 1713
3 1561 1713 1699
3 1703 1717 1846
3 1703 1846 1721
3 1727 1895 1999
3 1727 1999 1983
3 1989 2001 2025
3 1989 2025 2003
3 2007 2056 2099
3 2007 2099 2079
3 2083 2105 2240
3 2083 2240 2113
3 2123 2300 2390
3 2123 2390 2304
3 2306 2510 2667
3 2306 2667 2649
3 2651 2707 2747
3 2651 2747 2725
3 2729 2983 3105
3 2729 3105 2743
3 644 3178 3179
3 644 3179 645
3 644 645 399
3 398 644 399
3 398 399 2745
3 2744 398 2745
3 3178 2744 2745
3 3178 2745 3179
3 629 412 413
3 629 413 630
3 629 630 709
3 708 629 709
3 708 709 647
3 646 708 647
3 412 646 647
3 412 647 413
3 712 654 655
3 712 655 713
3 712 713 805
3 804 712 805
3 804 805 717
3 716 804 717
3 654 716 717
3 654 717 655
3 832 720 721
3 832 721 833
3 832 833 871
3 870 832 871
3 870 871 859
3 858 870 859
3 720 858 859
3 720 859 721
3 876 862 863
3 876 863 877
3 876 877 1006
3 1005 876 1006
3 1005 1006 881
3 880 1005 881
3 862 880 881
3 862 881 863
3 1054 886 887
3 1054 887 1055
3 1054 1055 1159
3 1158 1054 1159
3 1158 1159 1143
3 1142 1158 1143
3 886 1142 1143
3 886 1143 887
3 1160 1148 1149
3 1160 1149 1161
3 1160 1161 1251
3 1250 1160 1251
3 1250 1251 1163
3 1162 1250 1163
3 1148 1162 1163
3 1148 1163 1149
3 1281 1175 1176
3 1281 1176 1282
3 1281 1282 1317
3 1316 1281 1317
3 1316 1317 1305
3 1304 1316 1305
3 1175 1304 1305
3 1175 1305 1176
3 1318 1308 1309
3 1318 1309 1319
3 1318 1319 1513
3 1512 1318 1513
3 1512 1513 1323
3 1322 1512 1323
3 1308 1322 1323
3 1308 1323 1309
3 1518 1328 1329
3 1518 1329 1519
3 1518 1519 1553
3 1552 1518 1553
3 1552 1553 1523
3 1522 1552 1523
3 1328 1522 1523
3 1328 1523 1329
3 1554 1528 1529
3 1554 1529 1555
3 1554 1555 1645
3 1644 1554 1645
3 1644 1645 1557
3 1556 1644 1557
3 1528 1556 1557
3 1528 1557 1529
3 1672 1560 1561
3 1672 1561 1673
3 1672 1673 1713
3 1712 1672 1713
3 1712 1713 1699
3 1698 1712 1699
3 1560 1698 1699
3 1560 1699 1561
3 1716 1702 1703
3 1716 1703 1717
3 1716 1717 1846
3 1845 1716 1846
3 1845 1846 1721
3 1720 1845 1721
3 1702 1720 1721
3 1702 1721 1703
3 1894 1726 1727
3 1894 1727 1895
3 1894 1895 1999
3 1998 1894 1999
3 1998 1999 1983
3 1982 1998 1983
3 1726 1982 1983
3 1726 1983 1727
3 2000 1988 1989
3 2000 1989 2001
3 2000 2001 2025
3 2024 2000 2025
3 2024 2025 2003
3 2002 2024 2003
3 1988 2002 2003
3 1988 2003 1989
3 2055 2006 2007
3 2055 2007 2056
3 2055 2056 2099
3 2098 2055 2099
3 2098 2099 2079
3 2078 2098 2079
3 2006 2078 2079
3 2006 2079 2007
3 2104 2082 2083
3 2104 2083 2105
3 2104 2105 2240
3 2239 2104 2240
3 2239 2240 2113
3 2112 2239 2113
3 2082 2112 2113
3 2082 2113 2083
3 2299 2122 2123
3 2299 2123 2300
3 2299 2300 2390
3 2389 2299 2390
3 2389 2390 2304
3 2303 2389 2304
3 2122 2303 2304
3 2122 2304 2123
3 2509 2305 2306
3 2509 2306 2510
3 2509 2510 2667
3 2666 2509 2667
3 2666 2667 2649
3 2648 2666 2649
3 2305 2648 2649
3 2305 2649 2306
3 2706 2650 2651
3 2706 2651 2707
3 2706 2707 2747
3 2746 2706 2747
3 2746 2747 2725
3 2724 2746 2725
3 2650 2724 2725
3 2650 2725 2651
3 2982 2728 2729
3 2982 2729 2983
3 2982 2983 3105
3 3104 2982 3105
3 3104 3105 2743
3 2742 3104 2743
3 2728 2742 2743
3 2728 2743 2729
3 644 398 2744
3 3178 644 2744
3 412 629 708
3 412 708 646
3 654 712 804
3 654 804 716
3 720 832 870
3 720 870 858
3 862 876 1005
3 862 1005 880
3 886 1054 1158
3 886 1158 1142
3 1148 1160 1250
3 1148 1250 1162
3 1175 1281 1316
3 1175 1316 1304
3 1308 1318 1512
3 1308 1512 1322
3 1328 1518 1552
3 1328 1552 1522
3 1528 1554 1644
3 1528 1644 1556
3 1560 1672 1712
3 1560 1712 1698
3 1702 1716 1845
3 1702 1845 1720
3 1726 1894 1998
3 1726 1998 1982
3 1988 2000 2024
3 1988 2024 2002
3 2006 2055 2098
3 2006 2098 2078
3 2082 2104 2239
3 2082 2239 2112
3 2122 2299 2389
3 2122 2389 2303
3 2305 2509 2666
3 2305 2666 2648
3 2650 2706 2746
3 2650 2746 2724
3 2728 2982 3104
3 2728 3104 2742
3 884 878 896
3 902 884 896
3 897 903 902
3 897 902 896
3 897 896 878
3 879 897 878
3 879 878 884
3 885 879 884
3 903 885 884
3 903 884 902
3 885 879 897
3 903 885 897
3 1502 1442 1516
3 1520 1502 1516
3 1517 1521 1520
3 1517 1520 1516
3 1517 1516 1442
3 1443 1517 1442
3 1443 1442 1502
3 1503 1443 1502
3 1521 1503 1502
3 1521 1502 1520
3 1503 1443 1517
3 1521 1503 1517
3 1326 1320 1412
3 1460 1326 1412
3 1413 1461 1460
3 1413 1460 1412
3 1413 1412 1320
3 1321 1413 1320
3 1321 1320 1326
3 1327 1321 1326
3 1461 1327 1326
3 1461 1326 1460
3 1327 1321 1413
3 1461 1327 1413
3 1744 1738 1880
3 1938 1744 1880
3 1881 1939 1938
3 1881 1938 1880
3 1881 1880 1738
3 1739 1881 1738
3 1739 1738 1744
3 1745 1739 1744
3 1939 1745 1744
3 1939 1744 1938
3 1745 1739 1881
3 1939 1745 1881
3 1724 1718 1736
3 1742 1724 1736
3 1737 1743 1742
3 1737 1742 1736
3 1737 1736 1718
3 1719 1737 1718
3 1719 1718 1724
3 1725 1719 1724
3 1743 1725 1724
3 1743 1724 1742
3 1725 1719 1737
3 1743 1725 1737
3 2152 2146 2295
3 2301 2152 2295
3 2296 2302 2301
3 2296 2301 2295
3 2296 2295 2146
3 2147 2296 2146
3 2147 2146 2152
3 2153 2147 2152
3 2302 2153 2152
3 2302 2152 2301
3 2153 2147 2296
3 2302 2153 2296
3 2116 2108 2136
3 2148 2116 2136
3 2137 2149 2148
3 2137 2148 2136
3 2137 2136 2108
3 2109 2137 2108
3 2109 2108 2116
3 2117 2109 2116
3 2149 2117 2116
3 2149 2116 2148
3 2117 2109 2137
3 2149 2117 2137
3 704 675 710
3 714 704 710
3 711 715 714
3 711 714 710
3 711 710 675
3 676 711 675
3 676 675 704
3 705 676 704
3 715 705 704
3 715 704 714
3 705 676 711
3 715 705 711
3 650 642 662
3 696 650 662
3 663 697 696
3 663 696 662
3 663 662 642
3 643 663 642
3 643 642 650
3 651 643 650
3 697 651 650
3 697 650 696
3 651 643 663
3 697 651 663
3 2740 2734 2922
3 2984 2740 2922
3 2923 2985 2984
3 2923 2984 2922
3 2923 2922 2734
3 2735 2923 2734
3 2735 2734 2740
3 2741 2735 2740
3 2985 2741 2740
3 2985 2740 2984
3 2741 2735 2923
3 2985 2741 2923
3 2726 2722 2732
3 2736 2726 2732
3 2733 2737 2736
3 2733 2736 2732
3 2733 2732 2722
3 2723 2733 2722
3 2723 2722 2726
3 2727 2723 2726
3 2737 2727 2726
3 2737 2726 2736
3 2727 2723 2733
3 2737 2727 2733
3 904 900 1040
3 1101 904 1040
3 1041 1102 1101
3 1041 1101 1040
3 1041 1040 900
3 901 1041 900
3 901 900 904
3 905 901 904
3 1102 905 904
3 1102 904 1101
3 905 901 1041
3 1102 905 1041
3 2298 197 156
3 2107 2298 156
3 231 203 160
3 231 160 199
3 389 363 207
3 389 207 294
3 411 395 379
3 411 379 391
3 649 498 397
3 649 397 415
3 719 661 552
3 719 552 657
3 861 745 678
3 861 678 723
3 865 883 867
3 865 867 776
3 1145 893 869
3 1145 869 889
3 1151 1165 1155
3 1151 1155 899
3 1307 1222 1157
3 1307 1157 1178
3 1325 1313 1231
3 1325 1231 1311
3 1525 1397 1315
3 1525 1315 1331
3 1559 1535 1439
3 1559 1439 1531
3 1701 1585 1537
3 1701 1537 1563
3 1723 1707 1616
3 1723 1616 1705
3 1985 1733 1709
3 1985 1709 1729
3 1991 2005 1995
3 1991 1995 1741
3 2081 2011 1997
3 2081 1997 2009
3 2115 2089 2013
3 2115 2013 2085
3 2125 2238 2111
3 2125 2111 2093
3 2297 2106 2107
3 2297 2107 2298
3 196 2297 2298
3 196 2298 197
3 196 197 156
3 155 196 156
3 155 156 2107
3 2106 155 2107
3 198 199 231
3 230 198 231
3 230 231 203
3 202 230 203
3 159 202 203
3 159 203 160
3 198 159 160
3 198 160 199
3 293 294 389
3 388 293 389
3 388 389 363
3 362 388 363
3 206 362 363
3 206 363 207
3 293 206 207
3 293 207 294
3 390 391 411
3 410 390 411
3 410 411 395
3 394 410 395
3 378 394 395
3 378 395 379
3 390 378 379
3 390 379 391
3 414 415 649
3 648 414 649
3 648 649 498
3 497 648 498
3 396 497 498
3 396 498 397
3 414 396 397
3 414 397 415
3 656 657 719
3 718 656 719
3 718 719 661
3 660 718 661
3 551 660 661
3 551 661 552
3 656 551 552
3 656 552 657
3 722 723 861
3 860 722 861
3 860 861 745
3 744 860 745
3 677 744 745
3 677 745 678
3 722 677 678
3 722 678 723
3 864 865 883
3 882 864 883
3 882 883 867
3 866 882 867
3 775 866 867
3 775 867 776
3 864 775 776
3 864 776 865
3 888 889 1145
3 1144 888 1145
3 1144 1145 893
3 892 1144 893
3 868 892 893
3 868 893 869
3 888 868 869
3 888 869 889
3 1150 1151 1165
3 1164 1150 1165
3 1164 1165 1155
3 1154 1164 1155
3 898 1154 1155
3 898 1155 899
3 1150 898 899
3 1150 899 1151
3 1177 1178 1307
3 1306 1177 1307
3 1306 1307 1222
3 1221 1306 1222
3 1156 1221 1222
3 1156 1222 1157
3 1177 1156 1157
3 1177 1157 1178
3 1310 1311 1325
3 1324 1310 1325
3 1324 1325 1313
3 1312 1324 1313
3 1230 1312 1313
3 1230 1313 1231
3 1310 1230 1231
3 1310 1231 1311
3 1330 1331 1525
3 1524 1330 1525
3 1524 1525 1397
3 1396 1524 1397
3 1314 1396 1397
3 1314 1397 1315
3 1330 1314 1315
3 1330 1315 1331
3 1530 1531 1559
3 1558 1530 1559
3 1558 1559 1535
3 1534 1558 1535
3 1438 1534 1535
3 1438 1535 1439
3 1530 1438 1439
3 1530 1439 1531
3 1562 1563 1701
3 1700 1562 1701
3 1700 1701 1585
3 1584 1700 1585
3 1536 1584 1585
3 1536 1585 1537
3 1562 1536 1537
3 1562 1537 1563
3 1704 1705 1723
3 1722 1704 1723
3 1722 1723 1707
3 1706 1722 1707
3 1615 1706 1707
3 1615 1707 1616
3 1704 1615 1616
3 1704 1616 1705
3 1728 1729 1985
3 1984 1728 1985
3 1984 1985 1733
3 1732 1984 1733
3 1708 1732 1733
3 1708 1733 1709
3 1728 1708 1709
3 1728 1709 1729
3 1990 1991 2005
3 2004 1990 2005
3 2004 2005 1995
3 1994 2004 1995
3 1740 1994 1995
3 1740 1995 1741
3 1990 1740 1741
3 1990 1741 1991
3 2008 2009 2081
3 2080 2008 2081
3 2080 2081 2011
3 2010 2080 2011
3 1996 2010 2011
3 1996 2011 1997
3 2008 1996 1997
3 2008 1997 2009
3 2084 2085 2115
3 2114 2084 2115
3 2114 2115 2089
3 2088 2114 2089
3 2012 2088 2089
3 2012 2089 2013
3 2084 2012 2013
3 2084 2013 2085
3 2124 2125 2238
3 2237 2124 2238
3 2237 2238 2111
3 2110 2237 2111
3 2092 2110 2111
3 2092 2111 2093
3 2124 2092 2093
3 2124 2093 2125
3 2297 196 155
3 2106 2297 155
3 230 202 159
3 230 159 198
3 388 362 206
3 388 206 293
3 410 394 378
3 410 378 390
3 648 497 396
3 648 396 414
3 718 660 551
3 718 551 656
3 860 744 677
3 860 677 722
3 864 882 866
3 864 866 775
3 1144 892 868
3 1144 868 888
3 1150 1164 1154
3 1150 1154 898
3 1306 1221 1156
3 1306 1156 1177
3 1324 1312 1230
3 1324 1230 1310
3 1524 1396 1314
3 1524 1314 1330
3 1558 1534 1438
3 1558 1438 1530
3 1700 1584 1536
3 1700 1536 1562
3 1722 1706 1615
3 1722 1615 1704
3 1984 1732 1708
3 1984 1708 1728
3 1990 2004 1994
3 1990 1994 1740
3 2080 2010 1996
3 2080 1996 2008
3 2114 2088 2012
3 2114 2012 2084
3 2124 2237 2110
3 2124 2110 2092
3 658 627 619
3 652 658 619
3 653 652 619
3 620 653 619
3 620 619 627
3 628 620 627
3 659 628 627
3 659 627 658
3 653 659 658
3 653 658 652
3 659 628 620
3 653 659 620
3 1000 894 890
3 924 1000 890
3 925 924 890
3 891 925 890
3 891 890 894
3 895 891 894
3 1001 895 894
3 1001 894 1000
3 925 1001 1000
3 925 1000 924
3 1001 895 891
3 925 1001 891
3 1152 1033 974
3 1146 1152 974
3 1147 1146 974
3 975 1147 974
3 975 974 1033
3 1034 975 1033
3 1153 1034 1033
3 1153 1033 1152
3 1147 1153 1152
3 1147 1152 1146
3 1153 1034 975
3 1147 1153 975
3 1510 1410 1362
3 1506 1510 1362
3 1507 1506 1362
3 1363 1507 1362
3 1363 1362 1410
3 1411 1363 1410
3 1511 1411 1410
3 1511 1410 1510
3 1507 1511 1510
3 1507 1510 1506
3 1511 1411 1363
3 1507 1511 1363
3 1532 1514 1508
3 1526 1532 1508
3 1527 1526 1508
3 1509 1527 1508
3 1509 1508 1514
3 1515 1509 1514
3 1533 1515 1514
3 1533 1514 1532
3 1527 1533 1532
3 1527 1532 1526
3 1533 1515 1509
3 1527 1533 1509
3 1840 1734 1730
3 1764 1840 1730
3 1765 1764 1730
3 1731 1765 1730
3 1731 1730 1734
3 1735 1731 1734
3 1841 1735 1734
3 1841 1734 1840
3 1765 1841 1840
3 1765 1840 1764
3 1841 1735 1731
3 1765 1841 1731
3 1992 1873 1814
3 1986 1992 1814
3 1987 1986 1814
3 1815 1987 1814
3 1815 1814 1873
3 1874 1815 1873
3 1993 1874 1873
3 1993 1873 1992
3 1987 1993 1992
3 1987 1992 1986
3 1993 1874 1815
3 1987 1993 1815
3 214 204 200
3 210 214 200
3 211 210 200
3 201 211 200
3 201 200 204
3 205 201 204
3 215 205 204
3 215 204 214
3 211 215 214
3 211 214 210
3 215 205 201
3 211 215 201
3 340 216 212
3 253 340 212
3 254 253 212
3 213 254 212
3 213 212 216
3 217 213 216
3 341 217 216
3 341 216 340
3 254 341 340
3 254 340 253
3 341 217 213
3 254 341 213
3 2100 2090 2086
3 2094 2100 2086
3 2095 2094 2086
3 2087 2095 2086
3 2087 2086 2090
3 2091 2087 2090
3 2101 2091 2090
3 2101 2090 2100
3 2095 2101 2100
3 2095 2100 2094
3 2101 2091 2087
3 2095 2101 2087
3 2126 2102 2096
3 2118 2126 2096
3 2119 2118 2096
3 2097 2119 2096
3 2097 2096 2102
3 2103 2097 2102
3 2127 2103 2102
3 2127 2102 2126
3 2119 2127 2126
3 2119 2126 2118
3 2127 2103 2097
3 2119 2127 2097
3 623 519 463
3 615 623 463
3 616 615 463
3 464 616 463
3 464 463 519
3 520 464 519
3 624 520 519
3 624 519 623
3 616 624 623
3 616 623 615
3 624 520 464
3 616 624 464
3 487 297 208
3 392 487 208
3 128 392 208
3 157 128 208
3 393 488 487
3 393 487 392
3 393 392 128
3 129 393 128
3 129 128 157
3 158 129 157
3 209 158 157
3 209 157 208
3 209 208 297
3 298 209 297
3 488 298 297
3 488 297 487
3 488 298 209
3 393 488 209
3 129 393 209
3 158 129 209
3 10912 10964 11355
3 3295 3234 4307
3 2926 2866 2333
3 4079 4140 3931
3 4079 3931 3869
3 4890 4079 3869
3 5881 4950 4890
3 5819 5881 4890
3 5925 6102 5819
3 7327 7196 6803
3 8254 7384 7327
3 8207 8254 7327
3 8131 8335 8207
3 11247 11299 8131
3 10912 11355 11247
3 10800 10912 11247
3 10374 10852 10800
3 10312 10374 10800
3 10104 10260 10312
3 10166 10104 10312
3 9798 10166 10312
3 9246 9736 9798
3 9320 9246 9798
3 8847 9320 9798
3 7938 8738 8847
3 7998 7938 8847
3 7501 7806 7866
3 7567 7501 7866
3 6654 6934 7000
3 6720 6654 7000
3 5679 6360 6426
3 5747 5679 6426
3 5521 5747 6426
3 4817 5453 5521
3 4385 4725 4817
3 3295 4307 4385
3 2808 3295 4385
3 2393 2750 2808
3 2451 2393 2808
3 2926 2333 2451
3 3046 2926 2451
3 3775 2988 3046
3 3869 3775 3046
3 4890 3869 3046
3 5819 4890 3046
3 5925 5819 3046
3 6803 5925 3046
3 8207 7327 6803
3 8131 8207 6803
3 11247 8131 6803
3 10800 11247 6803
3 10312 10800 6803
3 9798 10312 6803
3 8847 9798 6803
3 7998 8847 6803
3 7866 7998 6803
3 7567 7866 6803
3 7000 7567 6803
3 6720 7000 6803
3 6426 6720 6803
3 5521 6426 6803
3 4817 5521 6803
3 2808 4385 4817
3 2451 2808 4817
3 3046 2451 4817
3 6803 3046 4817
3 5924 6802 6803
3 5924 6803 5925
3 6101 5924 5925
3 6101 5925 6102
3 5818 6101 6102
3 5818 6102 5819
3 5880 5818 5819
3 5880 5819 5881
3 4949 5880 5881
3 4949 5881 4950
3 4949 4950 4890
3 4889 4949 4890
3 4078 4889 4890
3 4078 4890 4079
3 4139 4078 4079
3 4139 4079 4140
3 3930 4139 4140
3 3930 4140 3931
3 3930 3931 3869
3 3868 3930 3869
3 3774 3868 3869
3 3774 3869 3775
3 3774 3775 2988
3 2987 3774 2988
3 2987 2988 3046
3 3045 2987 3046
3 3045 3046 2926
3 2925 3045 2926
3 2865 2925 2926
3 2865 2926 2866
3 2865 2866 2333
3 2332 2865 2333
3 2332 2333 2451
3 2450 2332 2451
3 2450 2451 2393
3 2392 2450 2393
3 2392 2393 2750
3 2749 2392 2750
3 2807 2749 2750
3 2807 2750 2808
3 2807 2808 3295
3 3294 2807 3295
3 3294 3295 3234
3 3233 3294 3234
3 3233 3234 4307
3 4306 3233 4307
3 4384 4306 4307
3 4384 4307 4385
3 4384 4385 4725
3 4724 4384 4725
3 4816 4724 4725
3 4816 4725 4817
3 4816 4817 5453
3 5452 4816 5453
3 5520 5452 5453
3 5520 5453 5521
3 5520 5521 5747
3 5746 5520 5747
3 5746 5747 5679
3 5678 5746 5679
3 5678 5679 6360
3 6359 5678 6360
3 6425 6359 6360
3 6425 6360 6426
3 6425 6426 6720
3 6719 6425 6720
3 6719 6720 6654
3 6653 6719 6654
3 6653 6654 6934
3 6933 6653 6934
3 6999 6933 6934
3 6999 6934 7000
3 6999 7000 7567
3 7566 6999 7567
3 7566 7567 7501
3 7500 7566 7501
3 7500 7501 7806
3 7805 7500 7806
3 7865 7805 7806
3 7865 7806 7866
3 7865 7866 7998
3 7997 7865 7998
3 7997 7998 7938
3 7937 7997 7938
3 7937 7938 8738
3 8737 7937 8738
3 8846 8737 8738
3 8846 8738 8847
3 8846 8847 9320
3 9319 8846 9320
3 9319 9320 9246
3 9245 9319 9246
3 9245 9246 9736
3 9735 9245 9736
3 9797 9735 9736
3 9797 9736 9798
3 9797 9798 10166
3 10165 9797 10166
3 10165 10166 10104
3 10103 10165 10104
3 10103 10104 10260
3 10259 10103 10260
3 10311 10259 10260
3 10311 10260 10312
3 10311 10312 10374
3 10373 10311 10374
3 10851 10373 10374
3 10851 10374 10852
3 10799 10851 10852
3 10799 10852 10800
3 10911 10799 10800
3 10911 10800 10912
3 10911 10912 10964
3 10963 10911 10964
3 11354 10963 10964
3 11354 10964 11355
3 11246 11354 11355
3 11246 11355 11247
3 11298 11246 11247
3 11298 11247 11299
3 8130 11298 11299
3 8130 11299 8131
3 8334 8130 8131
3 8334 8131 8335
3 8206 8334 8335
3 8206 8335 8207
3 8253 8206 8207
3 8253 8207 8254
3 7383 8253 8254
3 7383 8254 7384
3 7383 7384 7327
3 7326 7383 7327
3 7195 7326 7327
3 7195 7327 7196
3 7195 7196 6803
3 6802 7195 6803
3 10911 10963 11354
3 3294 3233 4306
3 2925 2865 2332
3 4078 4139 3930
3 4078 3930 3868
3 4889 4078 3868
3 5880 4949 4889
3 5818 5880 4889
3 5924 6101 5818
3 7326 7195 6802
3 8253 7383 7326
3 8206 8253 7326
3 8130 8334 8206
3 11246 11298 8130
3 10911 11354 11246
3 10799 10911 11246
3 10373 10851 10799
3 10311 10373 10799
3 10103 10259 10311
3 10165 10103 10311
3 9797 10165 10311
3 9245 9735 9797
3 9319 9245 9797
3 8846 9319 9797
3 7937 8737 8846
3 7997 7937 8846
3 7500 7805 7865
3 7566 7500 7865
3 6653 6933 6999
3 6719 6653 6999
3 5678 6359 6425
3 5746 5678 6425
3 5520 5746 6425
3 4816 5452 5520
3 4384 4724 4816
3 3294 4306 4384
3 2807 3294 4384
3 2392 2749 2807
3 2450 2392 2807
3 2925 2332 2450
3 3045 2925 2450
3 3774 2987 3045
3 3868 3774 3045
3 4889 3868 3045
3 5818 4889 3045
3 5924 5818 3045
3 6802 5924 3045
3 8206 7326 6802
3 8130 8206 6802
3 11246 8130 6802
3 10799 11246 6802
3 10311 10799 6802
3 9797 10311 6802
3 8846 9797 6802
3 7997 8846 6802
3 7865 7997 6802
3 7566 7865 6802
3 6999 7566 6802
3 6719 6999 6802
3 6425 6719 6802
3 5520 6425 6802
3 4816 5520 6802
3 2807 4384 4816
3 2450 2807 4816
3 3045 2450 4816
3 6802 3045 4816
3 10910 10962 11353
3 3293 3232 4305
3 2924 2864 2331
3 2924 2331 2449
3 3044 2924 2449
3 3772 2986 3044
3 3866 3772 3044
3 4076 3927 3866
3 4887 4076 3866
3 5878 4947 4887
3 5816 5878 4887
3 5923 6100 5816
3 7325 7194 6801
3 8252 7382 7325
3 8205 8252 7325
3 8129 8333 8205
3 11245 11297 8129
3 10910 11353 11245
3 10798 10910 11245
3 10372 10850 10798
3 10310 10372 10798
3 10102 10258 10310
3 10164 10102 10310
3 9796 10164 10310
3 9244 9734 9796
3 9318 9244 9796
3 8845 9318 9796
3 7936 8736 8845
3 7996 7936 8845
3 7499 7804 7864
3 7565 7499 7864
3 6652 6932 6998
3 6718 6652 6998
3 5677 6358 6424
3 5745 5677 6424
3 5519 5745 6424
3 4815 5451 5519
3 4383 4723 4815
3 3293 4305 4383
3 2806 3293 4383
3 2391 2748 2806
3 2449 2391 2806
3 3044 2449 2806
3 3866 3044 2806
3 4887 3866 2806
3 5816 4887 2806
3 5923 5816 2806
3 6801 5923 2806
3 8205 7325 6801
3 8129 8205 6801
3 11245 8129 6801
3 10798 11245 6801
3 10310 10798 6801
3 9796 10310 6801
3 8845 9796 6801
3 7996 8845 6801
3 7864 7996 6801
3 7565 7864 6801
3 6998 7565 6801
3 6718 6998 6801
3 6424 6718 6801
3 5519 6424 6801
3 4815 5519 6801
3 2806 4383 4815
3 6801 2806 4815
3 6802 6801 7194
3 7195 6802 7194
3 7326 7195 7194
3 7326 7194 7325
3 7326 7325 7382
3 7383 7326 7382
3 8253 7383 7382
3 8253 7382 8252
3 8206 8253 8252
3 8206 8252 8205
3 8334 8206 8205
3 8334 8205 8333
3 8130 8334 8333
3 8130 8333 8129
3 11298 8130 8129
3 11298 8129 11297
3 11246 11298 11297
3 11246 11297 11245
3 11354 11246 11245
3 11354 11245 11353
3 10963 11354 11353
3 10963 11353 10962
3 10963 10962 10910
3 10911 10963 10910
3 10799 10911 10910
3 10799 10910 10798
3 10851 10799 10798
3 10851 10798 10850
3 10373 10851 10850
3 10373 10850 10372
3 10373 10372 10310
3 10311 10373 10310
3 10259 10311 10310
3 10259 10310 10258
3 10259 10258 10102
3 10103 10259 10102
3 10103 10102 10164
3 10165 10103 10164
3 10165 10164 9796
3 9797 10165 9796
3 9735 9797 9796
3 9735 9796 9734
3 9735 9734 9244
3 9245 9735 9244
3 9245 9244 9318
3 9319 9245 9318
3 9319 9318 8845
3 8846 9319 8845
3 8737 8846 8845
3 8737 8845 8736
3 8737 8736 7936
3 7937 8737 7936
3 7937 7936 7996
3 7997 7937 7996
3 7997 7996 7864
3 7865 7997 7864
3 7805 7865 7864
3 7805 7864 7804
3 7805 7804 7499
3 7500 7805 7499
3 7500 7499 7565
3 7566 7500 7565
3 7566 7565 6998
3 6999 7566 6998
3 6933 6999 6998
3 6933 6998 6932
3 6933 6932 6652
3 6653 6933 6652
3 6653 6652 6718
3 6719 6653 6718
3 6719 6718 6424
3 6425 6719 6424
3 6359 6425 6424
3 6359 6424 6358
3 6359 6358 5677
3 5678 6359 5677
3 5678 5677 5745
3 5746 5678 5745
3 5746 5745 5519
3 5520 5746 5519
3 5452 5520 5519
3 5452 5519 5451
3 5452 5451 4815
3 4816 5452 4815
3 4724 4816 4815
3 4724 4815 4723
3 4724 4723 4383
3 4384 4724 4383
3 4306 4384 4383
3 4306 4383 4305
3 4306 4305 3232
3 3233 4306 3232
3 3233 3232 3293
3 3294 3233 3293
3 3294 3293 2806
3 2807 3294 2806
3 2749 2807 2806
3 2749 2806 2748
3 2749 2748 2391
3 2392 2749 2391
3 2392 2391 2449
3 2450 2392 2449
3 2450 2449 2331
3 2332 2450 2331
3 2332 2331 2864
3 2865 2332 2864
3 2925 2865 2864
3 2925 2864 2924
3 2925 2924 3044
3 3045 2925 3044
3 3045 3044 2986
3 2987 3045 2986
3 2987 2986 3772
3 3774 2987 3772
3 3868 3774 3772
3 3868 3772 3866
3 3868 3866 3927
3 3928 3868 3927
3 4078 3928 3927
3 4078 3927 4076
3 4889 4078 4076
3 4889 4076 4887
3 4889 4887 4947
3 4949 4889 4947
3 5880 4949 4947
3 5880 4947 5878
3 5818 5880 5878
3 5818 5878 5816
3 6101 5818 5816
3 6101 5816 6100
3 5924 6101 6100
3 5924 6100 5923
3 6802 5924 5923
3 6802 5923 6801
3 10911 10963 11354
3 3294 3233 4306
3 2925 2865 2332
3 2925 2332 2450
3 3045 2925 2450
3 3774 2987 3045
3 3868 3774 3045
3 4078 3928 3868
3 4889 4078 3868
3 5880 4949 4889
3 5818 5880 4889
3 5924 6101 5818
3 7326 7195 6802
3 8253 7383 7326
3 8206 8253 7326
3 8130 8334 8206
3 11246 11298 8130
3 10911 11354 11246
3 10799 10911 11246
3 10373 10851 10799
3 10311 10373 10799
3 10103 10259 10311
3 10165 10103 10311
3 9797 10165 10311
3 9245 9735 9797
3 9319 9245 9797
3 8846 9319 9797
3 7937 8737 8846
3 7997 7937 8846
3 7500 7805 7865
3 7566 7500 7865
3 6653 6933 6999
3 6719 6653 6999
3 5678 6359 6425
3 5746 5678 6425
3 5520 5746 6425
3 4816 5452 5520
3 4384 4724 4816
3 3294 4306 4384
3 2807 3294 4384
3 2392 2749 2807
3 2450 2392 2807
3 3045 2450 2807
3 3868 3045 2807
3 4889 3868 2807
3 5818 4889 2807
3 5924 5818 2807
3 6802 5924 2807
3 8206 7326 6802
3 8130 8206 6802
3 11246 8130 6802
3 10799 11246 6802
3 10311 10799 6802
3 9797 10311 6802
3 8846 9797 6802
3 7997 8846 6802
3 7865 7997 6802
3 7566 7865 6802
3 6999 7566 6802
3 6719 6999 6802
3 6425 6719 6802
3 5520 6425 6802
3 4816 5520 6802
3 2807 4384 4816
3 6802 2807 4816
3 1539 2139 2143
3 1543 1539 2143
3 2308 4074 4136
3 2312 2308 4136
3 681 1419 1427
3 693 681 1427
3 691 1421 1429
3 695 691 1429
3 2310 4888 4948
3 2314 2310 4948
3 9734 10102 10164
3 9796 9734 10164
3 10166 9798 9796
3 10166 9796 10164
3 10104 10166 10164
3 10104 10164 10102
3 10104 10102 9734
3 9736 10104 9734
3 9736 9734 9796
3 9798 9736 9796
3 9736 10104 10166
3 9798 9736 10166
3 10258 10365 10372
3 10310 10258 10372
3 10366 10365 10258
3 10260 10366 10258
3 10260 10258 10310
3 10312 10260 10310
3 10374 10312 10310
3 10374 10310 10372
3 10366 10374 10372
3 10366 10372 10365
3 10260 10366 10374
3 10312 10260 10374
3 7804 7936 7996
3 7864 7804 7996
3 7998 7866 7864
3 7998 7864 7996
3 7938 7998 7996
3 7938 7996 7936
3 7938 7936 7804
3 7806 7938 7804
3 7806 7804 7864
3 7866 7806 7864
3 7806 7938 7998
3 7866 7806 7998
3 6932 7499 7565
3 6998 6932 7565
3 7567 7000 6998
3 7567 6998 7565
3 7501 7567 7565
3 7501 7565 7499
3 7501 7499 6932
3 6934 7501 6932
3 6934 6932 6998
3 7000 6934 6998
3 6934 7501 7567
3 7000 6934 7567
3 6358 6652 6718
3 6424 6358 6718
3 6720 6426 6424
3 6720 6424 6718
3 6654 6720 6718
3 6654 6718 6652
3 6654 6652 6358
3 6360 6654 6358
3 6360 6358 6424
3 6426 6360 6424
3 6360 6654 6720
3 6426 6360 6720
3 5451 5677 5745
3 5519 5451 5745
3 5747 5521 5519
3 5747 5519 5745
3 5679 5747 5745
3 5679 5745 5677
3 5679 5677 5451
3 5453 5679 5451
3 5453 5451 5519
3 5521 5453 5519
3 5453 5679 5747
3 5521 5453 5747
3 11245 11353 11406
3 11297 11245 11406
3 11355 11353 11245
3 11247 11355 11245
3 11247 11245 11297
3 11299 11247 11297
3 11407 11299 11297
3 11407 11297 11406
3 11355 11407 11406
3 11355 11406 11353
3 11247 11355 11407
3 11299 11247 11407
3 9181 9025 9105
3 9396 9181 9105
3 9027 9025 9181
3 9183 9027 9181
3 9398 9183 9181
3 9398 9181 9396
3 9107 9398 9396
3 9107 9396 9105
3 9107 9105 9025
3 9027 9107 9025
3 9183 9027 9107
3 9398 9183 9107
3 5923 6011 6186
3 6100 5923 6186
3 6013 6011 5923
3 5925 6013 5923
3 5925 5923 6100
3 6102 5925 6100
3 6188 6102 6100
3 6188 6100 6186
3 6013 6188 6186
3 6013 6186 6011
3 5925 6013 6188
3 6102 5925 6188
3 8205 8333 8443
3 8252 8205 8443
3 8335 8333 8205
3 8207 8335 8205
3 8207 8205 8252
3 8254 8207 8252
3 8444 8254 8252
3 8444 8252 8443
3 8335 8444 8443
3 8335 8443 8333
3 8207 8335 8444
3 8254 8207 8444
3 7194 7325 7382
3 7314 7194 7382
3 7327 7325 7194
3 7196 7327 7194
3 7196 7194 7314
3 7315 7196 7314
3 7384 7315 7314
3 7384 7314 7382
3 7327 7384 7382
3 7327 7382 7325
3 7196 7327 7384
3 7315 7196 7384
3 4305 4600 4723
3 4383 4305 4723
3 4601 4600 4305
3 4307 4601 4305
3 4307 4305 4383
3 4385 4307 4383
3 4725 4385 4383
3 4725 4383 4723
3 4601 4725 4723
3 4601 4723 4600
3 4307 4601 4725
3 4385 4307 4725
3 2325 2391 2449
3 2331 2325 2449
3 2393 2391 2325
3 2326 2393 2325
3 2326 2325 2331
3 2333 2326 2331
3 2451 2333 2331
3 2451 2331 2449
3 2393 2451 2449
3 2393 2449 2391
3 2326 2393 2451
3 2333 2326 2451
3 3044 2986 2864
3 2924 3044 2864
3 3046 2988 2986
3 3046 2986 3044
3 2926 3046 3044
3 2926 3044 2924
3 2926 2924 2864
3 2866 2926 2864
3 2866 2864 2986
3 2988 2866 2986
3 3046 2988 2866
3 2926 3046 2866
3 10962 10910 10798
3 10850 10962 10798
3 10964 10912 10910
3 10964 10910 10962
3 10852 10964 10962
3 10852 10962 10850
3 10852 10850 10798
3 10800 10852 10798
3 10800 10798 10910
3 10912 10800 10910
3 10964 10912 10800
3 10852 10964 10800
3 3293 2806 2748
3 3232 3293 2748
3 3295 2808 2806
3 3295 2806 3293
3 3234 3295 3293
3 3234 3293 3232
3 3234 3232 2748
3 2750 3234 2748
3 2750 2748 2806
3 2808 2750 2806
3 3295 2808 2750
3 3234 3295 2750
3 8736 9244 9318
3 8845 8736 9318
3 9320 8847 8845
3 9320 8845 9318
3 9246 9320 9318
3 9246 9318 9244
3 9246 9244 8736
3 8738 9246 8736
3 8738 8736 8845
3 8847 8738 8845
3 8738 9246 9320
3 8847 8738 9320
3 4140 4079 4890
3 4950 4140 4890
3 4078 4079 4890
3 4889 4078 4890
3 4949 4889 4890
3 4949 4890 4950
3 4139 4949 4950
3 4139 4950 4140
3 4139 4140 4079
3 4078 4139 4079
3 4139 4078 4889
3 4949 4139 4889
3 3773 3867 3929
3 3852 3773 3929
3 3869 3867 3773
3 3775 3869 3773
3 3775 3773 3852
3 3853 3775 3852
3 3931 3853 3852
3 3931 3852 3929
3 3869 3931 3929
3 3869 3929 3867
3 3775 3869 3931
3 3853 3775 3931
3 5879 5817 6494
3 6640 5879 6494
3 6496 6641 6640
3 6496 6640 6494
3 6496 6494 5817
3 5819 6496 5817
3 5819 5817 5879
3 5881 5819 5879
3 6641 5881 5879
3 6641 5879 6640
3 5881 5819 6496
3 6641 5881 6496
3 9006 8800 9534
3 9686 9006 9534
3 9536 9687 9686
3 9536 9686 9534
3 9536 9534 8800
3 8802 9536 8800
3 8802 8800 9006
3 9007 8802 9006
3 9687 9007 9006
3 9687 9006 9686
3 9007 8802 9536
3 9687 9007 9536
3 11609 11126 11141
3 11624 11609 11141
3 11142 11625 11624
3 11142 11624 11141
3 11142 11141 11126
3 11127 11142 11126
3 11127 11126 11609
3 11610 11127 11609
3 11625 11610 11609
3 11625 11609 11624
3 11610 11127 11142
3 11625 11610 11142
3 11692 9627 9578
3 11650 11665 11692
3 11677 11650 11692
3 9578 11677 11692
3 11666 11665 11650
3 11651 11666 11650
3 11651 11650 11677
3 11678 11651 11677
3 11678 11677 9578
3 9579 11678 9578
3 9579 9578 9627
3 9628 9579 9627
3 11693 9628 9627
3 11693 9627 11692
3 11666 11693 11692
3 11666 11692 11665
3 11693 9628 9579
3 11651 11666 11693
3 11678 11651 11693
3 9579 11678 11693
3 7062 7629 7372
3 11100 11085 11040
3 11052 11100 11040
3 6850 11052 11040
3 7062 7372 6850
3 11040 7062 6850
3 7063 7630 7629
3 7063 7629 7062
3 11041 7063 7062
3 11041 7062 11040
3 11041 11040 11085
3 11086 11041 11085
3 11101 11086 11085
3 11101 11085 11100
3 11053 11101 11100
3 11053 11100 11052
3 11053 11052 6850
3 6851 11053 6850
3 6851 6850 7372
3 7373 6851 7372
3 7630 7373 7372
3 7630 7372 7629
3 7063 7630 7373
3 11101 11086 11041
3 11053 11101 11041
3 6851 11053 11041
3 7063 7373 6851
3 11041 7063 6851
3 4538 4617 4451
3 5587 5393 5249
3 5309 5587 5249
3 4222 5309 5249
3 4538 4451 4222
3 5249 4538 4222
3 4539 4618 4617
3 4539 4617 4538
3 5250 4539 4538
3 5250 4538 5249
3 5250 5249 5393
3 5394 5250 5393
3 5588 5394 5393
3 5588 5393 5587
3 5310 5588 5587
3 5310 5587 5309
3 5310 5309 4222
3 4223 5310 4222
3 4223 4222 4451
3 4452 4223 4451
3 4618 4452 4451
3 4618 4451 4617
3 4539 4618 4452
3 5588 5394 5250
3 5310 5588 5250
3 4223 5310 5250
3 4539 4452 4223
3 5250 4539 4223
3 8289 8897 8940
3 8377 8289 8940
3 8898 8897 8289
3 8290 8898 8289
3 8290 8289 8377
3 8378 8290 8377
3 8941 8378 8377
3 8941 8377 8940
3 8898 8941 8940
3 8898 8940 8897
3 8290 8898 8941
3 8378 8290 8941
3 6537 7147 7243
3 6585 6537 7243
3 7148 7147 6537
3 6538 7148 6537
3 6538 6537 6585
3 6586 6538 6585
3 7244 6586 6585
3 7244 6585 7243
3 7148 7244 7243
3 7148 7243 7147
3 6538 7148 7244
3 6586 6538 7244
3 7372 6850 10231
3 10365 7372 10231
3 8377 8129 11406
3 8799 8940 8377
3 11692 9627 9533
3 11636 11665 11692
3 11141 11624 11599
3 11114 11141 11599
3 11052 11100 11073
3 10231 11052 11073
3 10365 10231 11073
3 11406 10365 11073
3 8799 8377 11406
3 9533 8799 11406
3 11692 9533 11406
3 11636 11692 11406
3 11599 11636 11406
3 11114 11599 11406
3 11073 11114 11406
3 6849 6850 10231
3 10230 6849 10231
3 10230 10231 11052
3 11051 10230 11052
3 11099 11051 11052
3 11099 11052 11100
3 11072 11099 11100
3 11072 11100 11073
3 11113 11072 11073
3 11113 11073 11114
3 11113 11114 11141
3 11140 11113 11141
3 11623 11140 11141
3 11623 11141 11624
3 11598 11623 11624
3 11598 11624 11599
3 11635 11598 11599
3 11635 11599 11636
3 11635 11636 11665
3 11664 11635 11665
3 11691 11664 11665
3 11691 11665 11692
3 9626 11691 11692
3 9626 11692 9627
3 9626 9627 9533
3 9532 9626 9533
3 8798 9532 9533
3 8798 9533 8799
3 8939 8798 8799
3 8939 8799 8940
3 8376 8939 8940
3 8376 8940 8377
3 8376 8377 8129
3 8128 8376 8129
3 8128 8129 11406
3 11405 8128 11406
3 11405 11406 10365
3 10364 11405 10365
3 7371 10364 10365
3 7371 10365 7372
3 7371 7372 6850
3 6849 7371 6850
3 7371 6849 10230
3 10364 7371 10230
3 8376 8128 11405
3 8798 8939 8376
3 11691 9626 9532
3 11635 11664 11691
3 11140 11623 11598
3 11113 11140 11598
3 11051 11099 11072
3 10230 11051 11072
3 10364 10230 11072
3 11405 10364 11072
3 8798 8376 11405
3 9532 8798 11405
3 11691 9532 11405
3 11635 11691 11405
3 11598 11635 11405
3 11113 11598 11405
3 11072 11113 11405
3 6493 6186 6011
3 7243 6585 6493
3 6801 7243 6493
3 6011 6801 6493
3 6185 6186 6011
3 6010 6185 6011
3 6010 6011 6801
3 6800 6010 6801
3 7242 6800 6801
3 7242 6801 7243
3 6584 7242 7243
3 6584 7243 6585
3 6584 6585 6493
3 6492 6584 6493
3 6185 6492 6493
3 6185 6493 6186
3 6492 6185 6010
3 7242 6584 6492
3 6800 7242 6492
3 6010 6800 6492
3 4451 4222 5309
3 4674 4451 5309
3 4815 4674 5309
3 5587 4815 5309
3 4221 4222 5309
3 5308 4221 5309
3 5586 5308 5309
3 5586 5309 5587
3 4814 5586 5587
3 4814 5587 4815
3 4814 4815 4674
3 4673 4814 4674
3 4450 4673 4674
3 4450 4674 4451
3 4450 4451 4222
3 4221 4450 4222
3 4450 4221 5308
3 4673 4450 5308
3 4814 4673 5308
3 5586 4814 5308
3 11112 11351 11640
3 11597 11112 11640
3 11115 11352 11641
3 11600 11115 11641
3 10914 10966 11357
3 3297 3236 4309
3 2928 2868 2335
3 4081 4142 3933
3 4081 3933 3871
3 4892 4081 3871
3 5883 4952 4892
3 5821 5883 4892
3 5927 6104 5821
3 7329 7198 6805
3 8256 7386 7329
3 8209 8256 7329
3 8133 8337 8209
3 11249 11301 8133
3 10914 11357 11249
3 10802 10914 11249
3 10376 10854 10802
3 10314 10376 10802
3 10106 10262 10314
3 10168 10106 10314
3 9800 10168 10314
3 9248 9738 9800
3 9322 9248 9800
3 8849 9322 9800
3 7940 8740 8849
3 8000 7940 8849
3 7503 7808 7868
3 7569 7503 7868
3 6656 6936 7002
3 6722 6656 7002
3 5681 6362 6428
3 5749 5681 6428
3 5523 5749 6428
3 4819 5455 5523
3 4387 4727 4819
3 3297 4309 4387
3 2810 3297 4387
3 2395 2752 2810
3 2453 2395 2810
3 2928 2335 2453
3 3048 2928 2453
3 3777 2990 3048
3 3871 3777 3048
3 4892 3871 3048
3 5821 4892 3048
3 5927 5821 3048
3 6805 5927 3048
3 8209 7329 6805
3 8133 8209 6805
3 11249 8133 6805
3 10802 11249 6805
3 10314 10802 6805
3 9800 10314 6805
3 8849 9800 6805
3 8000 8849 6805
3 7868 8000 6805
3 7569 7868 6805
3 7002 7569 6805
3 6722 7002 6805
3 6428 6722 6805
3 5523 6428 6805
3 4819 5523 6805
3 2810 4387 4819
3 2453 2810 4819
3 3048 2453 4819
3 6805 3048 4819
3 5926 6804 6805
3 5926 6805 5927
3 6103 5926 5927
3 6103 5927 6104
3 5820 6103 6104
3 5820 6104 5821
3 5882 5820 5821
3 5882 5821 5883
3 4951 5882 5883
3 4951 5883 4952
3 4951 4952 4892
3 4891 4951 4892
3 4080 4891 4892
3 4080 4892 4081
3 4141 4080 4081
3 4141 4081 4142
3 3932 4141 4142
3 3932 4142 3933
3 3932 3933 3871
3 3870 3932 3871
3 3776 3870 3871
3 3776 3871 3777
3 3776 3777 2990
3 2989 3776 2990
3 2989 2990 3048
3 3047 2989 3048
3 3047 3048 2928
3 2927 3047 2928
3 2867 2927 2928
3 2867 2928 2868
3 2867 2868 2335
3 2334 2867 2335
3 2334 2335 2453
3 2452 2334 2453
3 2452 2453 2395
3 2394 2452 2395
3 2394 2395 2752
3 2751 2394 2752
3 2809 2751 2752
3 2809 2752 2810
3 2809 2810 3297
3 3296 2809 3297
3 3296 3297 3236
3 3235 3296 3236
3 3235 3236 4309
3 4308 3235 4309
3 4386 4308 4309
3 4386 4309 4387
3 4386 4387 4727
3 4726 4386 4727
3 4818 4726 4727
3 4818 4727 4819
3 4818 4819 5455
3 5454 4818 5455
3 5522 5454 5455
3 5522 5455 5523
3 5522 5523 5749
3 5748 5522 5749
3 5748 5749 5681
3 5680 5748 5681
3 5680 5681 6362
3 6361 5680 6362
3 6427 6361 6362
3 6427 6362 6428
3 6427 6428 6722
3 6721 6427 6722
3 6721 6722 6656
3 6655 6721 6656
3 6655 6656 6936
3 6935 6655 6936
3 7001 6935 6936
3 7001 6936 7002
3 7001 7002 7569
3 7568 7001 7569
3 7568 7569 7503
3 7502 7568 7503
3 7502 7503 7808
3 7807 7502 7808
3 7867 7807 7808
3 7867 7808 7868
3 7867 7868 8000
3 7999 7867 8000
3 7999 8000 7940
3 7939 7999 7940
3 7939 7940 8740
3 8739 7939 8740
3 8848 8739 8740
3 8848 8740 8849
3 8848 8849 9322
3 9321 8848 9322
3 9321 9322 9248
3 9247 9321 9248
3 9247 9248 9738
3 9737 9247 9738
3 9799 9737 9738
3 9799 9738 9800
3 9799 9800 10168
3 10167 9799 10168
3 10167 10168 10106
3 10105 10167 10106
3 10105 10106 10262
3 10261 10105 10262
3 10313 10261 10262
3 10313 10262 10314
3 10313 10314 10376
3 10375 10313 10376
3 10853 10375 10376
3 10853 10376 10854
3 10801 10853 10854
3 10801 10854 10802
3 10913 10801 10802
3 10913 10802 10914
3 10913 10914 10966
3 10965 10913 10966
3 11356 10965 10966
3 11356 10966 11357
3 11248 11356 11357
3 11248 11357 11249
3 11300 11248 11249
3 11300 11249 11301
3 8132 11300 11301
3 8132 11301 8133
3 8336 8132 8133
3 8336 8133 8337
3 8208 8336 8337
3 8208 8337 8209
3 8255 8208 8209
3 8255 8209 8256
3 7385 8255 8256
3 7385 8256 7386
3 7385 7386 7329
3 7328 7385 7329
3 7197 7328 7329
3 7197 7329 7198
3 7197 7198 6805
3 6804 7197 6805
3 10913 10965 11356
3 3296 3235 4308
3 2927 2867 2334
3 4080 4141 3932
3 4080 3932 3870
3 4891 4080 3870
3 5882 4951 4891
3 5820 5882 4891
3 5926 6103 5820
3 7328 7197 6804
3 8255 7385 7328
3 8208 8255 7328
3 8132 8336 8208
3 11248 11300 8132
3 10913 11356 11248
3 10801 10913 11248
3 10375 10853 10801
3 10313 10375 10801
3 10105 10261 10313
3 10167 10105 10313
3 9799 10167 10313
3 9247 9737 9799
3 9321 9247 9799
3 8848 9321 9799
3 7939 8739 8848
3 7999 7939 8848
3 7502 7807 7867
3 7568 7502 7867
3 6655 6935 7001
3 6721 6655 7001
3 5680 6361 6427
3 5748 5680 6427
3 5522 5748 6427
3 4818 5454 5522
3 4386 4726 4818
3 3296 4308 4386
3 2809 3296 4386
3 2394 2751 2809
3 2452 2394 2809
3 2927 2334 2452
3 3047 2927 2452
3 3776 2989 3047
3 3870 3776 3047
3 4891 3870 3047
3 5820 4891 3047
3 5926 5820 3047
3 6804 5926 3047
3 8208 7328 6804
3 8132 8208 6804
3 11248 8132 6804
3 10801 11248 6804
3 10313 10801 6804
3 9799 10313 6804
3 8848 9799 6804
3 7999 8848 6804
3 7867 7999 6804
3 7568 7867 6804
3 7001 7568 6804
3 6721 7001 6804
3 6427 6721 6804
3 5522 6427 6804
3 4818 5522 6804
3 2809 4386 4818
3 2452 2809 4818
3 3047 2452 4818
3 6804 3047 4818
3 10916 10968 11359
3 3299 3238 4311
3 2930 2870 2337
3 4083 4144 3935
3 4083 3935 3873
3 4894 4083 3873
3 5885 4954 4894
3 5823 5885 4894
3 5929 6106 5823
3 7331 7200 6807
3 8258 7388 7331
3 8211 8258 7331
3 8135 8339 8211
3 11251 11303 8135
3 10916 11359 11251
3 10804 10916 11251
3 10378 10856 10804
3 10316 10378 10804
3 10108 10264 10316
3 10170 10108 10316
3 9802 10170 10316
3 9250 9740 9802
3 9324 9250 9802
3 8851 9324 9802
3 7942 8742 8851
3 8002 7942 8851
3 7505 7810 7870
3 7571 7505 7870
3 6658 6938 7004
3 6724 6658 7004
3 5683 6364 6430
3 5751 5683 6430
3 5525 5751 6430
3 4821 5457 5525
3 4389 4729 4821
3 3299 4311 4389
3 2812 3299 4389
3 2397 2754 2812
3 2455 2397 2812
3 2930 2337 2455
3 3050 2930 2455
3 3779 2992 3050
3 3873 3779 3050
3 4894 3873 3050
3 5823 4894 3050
3 5929 5823 3050
3 6807 5929 3050
3 8211 7331 6807
3 8135 8211 6807
3 11251 8135 6807
3 10804 11251 6807
3 10316 10804 6807
3 9802 10316 6807
3 8851 9802 6807
3 8002 8851 6807
3 7870 8002 6807
3 7571 7870 6807
3 7004 7571 6807
3 6724 7004 6807
3 6430 6724 6807
3 5525 6430 6807
3 4821 5525 6807
3 2812 4389 4821
3 2455 2812 4821
3 3050 2455 4821
3 6807 3050 4821
3 5928 6806 6807
3 5928 6807 5929
3 6105 5928 5929
3 6105 5929 6106
3 5822 6105 6106
3 5822 6106 5823
3 5884 5822 5823
3 5884 5823 5885
3 4953 5884 5885
3 4953 5885 4954
3 4953 4954 4894
3 4893 4953 4894
3 4082 4893 4894
3 4082 4894 4083
3 4143 4082 4083
3 4143 4083 4144
3 3934 4143 4144
3 3934 4144 3935
3 3934 3935 3873
3 3872 3934 3873
3 3778 3872 3873
3 3778 3873 3779
3 3778 3779 2992
3 2991 3778 2992
3 2991 2992 3050
3 3049 2991 3050
3 3049 3050 2930
3 2929 3049 2930
3 2869 2929 2930
3 2869 2930 2870
3 2869 2870 2337
3 2336 2869 2337
3 2336 2337 2455
3 2454 2336 2455
3 2454 2455 2397
3 2396 2454 2397
3 2396 2397 2754
3 2753 2396 2754
3 2811 2753 2754
3 2811 2754 2812
3 2811 2812 3299
3 3298 2811 3299
3 3298 3299 3238
3 3237 3298 3238
3 3237 3238 4311
3 4310 3237 4311
3 4388 4310 4311
3 4388 4311 4389
3 4388 4389 4729
3 4728 4388 4729
3 4820 4728 4729
3 4820 4729 4821
3 4820 4821 5457
3 5456 4820 5457
3 5524 5456 5457
3 5524 5457 5525
3 5524 5525 5751
3 5750 5524 5751
3 5750 5751 5683
3 5682 5750 5683
3 5682 5683 6364
3 6363 5682 6364
3 6429 6363 6364
3 6429 6364 6430
3 6429 6430 6724
3 6723 6429 6724
3 6723 6724 6658
3 6657 6723 6658
3 6657 6658 6938
3 6937 6657 6938
3 7003 6937 6938
3 7003 6938 7004
3 7003 7004 7571
3 7570 7003 7571
3 7570 7571 7505
3 7504 7570 7505
3 7504 7505 7810
3 7809 7504 7810
3 7869 7809 7810
3 7869 7810 7870
3 7869 7870 8002
3 8001 7869 8002
3 8001 8002 7942
3 7941 8001 7942
3 7941 7942 8742
3 8741 7941 8742
3 8850 8741 8742
3 8850 8742 8851
3 8850 8851 9324
3 9323 8850 9324
3 9323 9324 9250
3 9249 9323 9250
3 9249 9250 9740
3 9739 9249 9740
3 9801 9739 9740
3 9801 9740 9802
3 9801 9802 10170
3 10169 9801 10170
3 10169 10170 10108
3 10107 10169 10108
3 10107 10108 10264
3 10263 10107 10264
3 10315 10263 10264
3 10315 10264 10316
3 10315 10316 10378
3 10377 10315 10378
3 10855 10377 10378
3 10855 10378 10856
3 10803 10855 10856
3 10803 10856 10804
3 10915 10803 10804
3 10915 10804 10916
3 10915 10916 10968
3 10967 10915 10968
3 11358 10967 10968
3 11358 10968 11359
3 11250 11358 11359
3 11250 11359 11251
3 11302 11250 11251
3 11302 11251 11303
3 8134 11302 11303
3 8134 11303 8135
3 8338 8134 8135
3 8338 8135 8339
3 8210 8338 8339
3 8210 8339 8211
3 8257 8210 8211
3 8257 8211 8258
3 7387 8257 8258
3 7387 8258 7388
3 7387 7388 7331
3 7330 7387 7331
3 7199 7330 7331
3 7199 7331 7200
3 7199 7200 6807
3 6806 7199 6807
3 10915 10967 11358
3 3298 3237 4310
3 2929 2869 2336
3 4082 4143 3934
3 4082 3934 3872
3 4893 4082 3872
3 5884 4953 4893
3 5822 5884 4893
3 5928 6105 5822
3 7330 7199 6806
3 8257 7387 7330
3 8210 8257 7330
3 8134 8338 8210
3 11250 11302 8134
3 10915 11358 11250
3 10803 10915 11250
3 10377 10855 10803
3 10315 10377 10803
3 10107 10263 10315
3 10169 10107 10315
3 9801 10169 10315
3 9249 9739 9801
3 9323 9249 9801
3 8850 9323 9801
3 7941 8741 8850
3 8001 7941 8850
3 7504 7809 7869
3 7570 7504 7869
3 6657 6937 7003
3 6723 6657 7003
3 5682 6363 6429
3 5750 5682 6429
3 5524 5750 6429
3 4820 5456 5524
3 4388 4728 4820
3 3298 4310 4388
3 2811 3298 4388
3 2396 2753 2811
3 2454 2396 2811
3 2929 2336 2454
3 3049 2929 2454
3 3778 2991 3049
3 3872 3778 3049
3 4893 3872 3049
3 5822 4893 3049
3 5928 5822 3049
3 6806 5928 3049
3 8210 7330 6806
3 8134 8210 6806
3 11250 8134 6806
3 10803 11250 6806
3 10315 10803 6806
3 9801 10315 6806
3 8850 9801 6806
3 8001 8850 6806
3 7869 8001 6806
3 7570 7869 6806
3 7003 7570 6806
3 6723 7003 6806
3 6429 6723 6806
3 5524 6429 6806
3 4820 5524 6806
3 2811 4388 4820
3 2454 2811 4820
3 3049 2454 4820
3 6806 3049 4820
3 10918 10970 11361
3 3301 3240 4313
3 2932 2872 2339
3 4085 4146 3937
3 4085 3937 3875
3 4896 4085 3875
3 5887 4956 4896
3 5825 5887 4896
3 5931 6108 5825
3 7333 7202 6809
3 8260 7390 7333
3 8213 8260 7333
3 8137 8341 8213
3 11253 11305 8137
3 10918 11361 11253
3 10806 10918 11253
3 10380 10858 10806
3 10318 10380 10806
3 10110 10266 10318
3 10172 10110 10318
3 9804 10172 10318
3 9252 9742 9804
3 9326 9252 9804
3 8853 9326 9804
3 7944 8744 8853
3 8004 7944 8853
3 7507 7812 7872
3 7573 7507 7872
3 6660 6940 7006
3 6726 6660 7006
3 5685 6366 6432
3 5753 5685 6432
3 5527 5753 6432
3 4823 5459 5527
3 4391 4731 4823
3 3301 4313 4391
3 2814 3301 4391
3 2399 2756 2814
3 2457 2399 2814
3 2932 2339 2457
3 3052 2932 2457
3 3781 2994 3052
3 3875 3781 3052
3 4896 3875 3052
3 5825 4896 3052
3 5931 5825 3052
3 6809 5931 3052
3 8213 7333 6809
3 8137 8213 6809
3 11253 8137 6809
3 10806 11253 6809
3 10318 10806 6809
3 9804 10318 6809
3 8853 9804 6809
3 8004 8853 6809
3 7872 8004 6809
3 7573 7872 6809
3 7006 7573 6809
3 6726 7006 6809
3 6432 6726 6809
3 5527 6432 6809
3 4823 5527 6809
3 2814 4391 4823
3 2457 2814 4823
3 3052 2457 4823
3 6809 3052 4823
3 5930 6808 6809
3 5930 6809 5931
3 6107 5930 5931
3 6107 5931 6108
3 5824 6107 6108
3 5824 6108 5825
3 5886 5824 5825
3 5886 5825 5887
3 4955 5886 5887
3 4955 5887 4956
3 4955 4956 4896
3 4895 4955 4896
3 4084 4895 4896
3 4084 4896 4085
3 4145 4084 4085
3 4145 4085 4146
3 3936 4145 4146
3 3936 4146 3937
3 3936 3937 3875
3 3874 3936 3875
3 3780 3874 3875
3 3780 3875 3781
3 3780 3781 2994
3 2993 3780 2994
3 2993 2994 3052
3 3051 2993 3052
3 3051 3052 2932
3 2931 3051 2932
3 2871 2931 2932
3 2871 2932 2872
3 2871 2872 2339
3 2338 2871 2339
3 2338 2339 2457
3 2456 2338 2457
3 2456 2457 2399
3 2398 2456 2399
3 2398 2399 2756
3 2755 2398 2756
3 2813 2755 2756
3 2813 2756 2814
3 2813 2814 3301
3 3300 2813 3301
3 3300 3301 3240
3 3239 3300 3240
3 3239 3240 4313
3 4312 3239 4313
3 4390 4312 4313
3 4390 4313 4391
3 4390 4391 4731
3 4730 4390 4731
3 4822 4730 4731
3 4822 4731 4823
3 4822 4823 5459
3 5458 4822 5459
3 5526 5458 5459
3 5526 5459 5527
3 5526 5527 5753
3 5752 5526 5753
3 5752 5753 5685
3 5684 5752 5685
3 5684 5685 6366
3 6365 5684 6366
3 6431 6365 6366
3 6431 6366 6432
3 6431 6432 6726
3 6725 6431 6726
3 6725 6726 6660
3 6659 6725 6660
3 6659 6660 6940
3 6939 6659 6940
3 7005 6939 6940
3 7005 6940 7006
3 7005 7006 7573
3 7572 7005 7573
3 7572 7573 7507
3 7506 7572 7507
3 7506 7507 7812
3 7811 7506 7812
3 7871 7811 7812
3 7871 7812 7872
3 7871 7872 8004
3 8003 7871 8004
3 8003 8004 7944
3 7943 8003 7944
3 7943 7944 8744
3 8743 7943 8744
3 8852 8743 8744
3 8852 8744 8853
3 8852 8853 9326
3 9325 8852 9326
3 9325 9326 9252
3 9251 9325 9252
3 9251 9252 9742
3 9741 9251 9742
3 9803 9741 9742
3 9803 9742 9804
3 9803 9804 10172
3 10171 9803 10172
3 10171 10172 10110
3 10109 10171 10110
3 10109 10110 10266
3 10265 10109 10266
3 10317 10265 10266
3 10317 10266 10318
3 10317 10318 10380
3 10379 10317 10380
3 10857 10379 10380
3 10857 10380 10858
3 10805 10857 10858
3 10805 10858 10806
3 10917 10805 10806
3 10917 10806 10918
3 10917 10918 10970
3 10969 10917 10970
3 11360 10969 10970
3 11360 10970 11361
3 11252 11360 11361
3 11252 11361 11253
3 11304 11252 11253
3 11304 11253 11305
3 8136 11304 11305
3 8136 11305 8137
3 8340 8136 8137
3 8340 8137 8341
3 8212 8340 8341
3 8212 8341 8213
3 8259 8212 8213
3 8259 8213 8260
3 7389 8259 8260
3 7389 8260 7390
3 7389 7390 7333
3 7332 7389 7333
3 7201 7332 7333
3 7201 7333 7202
3 7201 7202 6809
3 6808 7201 6809
3 10917 10969 11360
3 3300 3239 4312
3 2931 2871 2338
3 4084 4145 3936
3 4084 3936 3874
3 4895 4084 3874
3 5886 4955 4895
3 5824 5886 4895
3 5930 6107 5824
3 7332 7201 6808
3 8259 7389 7332
3 8212 8259 7332
3 8136 8340 8212
3 11252 11304 8136
3 10917 11360 11252
3 10805 10917 11252
3 10379 10857 10805
3 10317 10379 10805
3 10109 10265 10317
3 10171 10109 10317
3 9803 10171 10317
3 9251 9741 9803
3 9325 9251 9803
3 8852 9325 9803
3 7943 8743 8852
3 8003 7943 8852
3 7506 7811 7871
3 7572 7506 7871
3 6659 6939 7005
3 6725 6659 7005
3 5684 6365 6431
3 5752 5684 6431
3 5526 5752 6431
3 4822 5458 5526
3 4390 4730 4822
3 3300 4312 4390
3 2813 3300 4390
3 2398 2755 2813
3 2456 2398 2813
3 2931 2338 2456
3 3051 2931 2456
3 3780 2993 3051
3 3874 3780 3051
3 4895 3874 3051
3 5824 4895 3051
3 5930 5824 3051
3 6808 5930 3051
3 8212 7332 6808
3 8136 8212 6808
3 11252 8136 6808
3 10805 11252 6808
3 10317 10805 6808
3 9803 10317 6808
3 8852 9803 6808
3 8003 8852 6808
3 7871 8003 6808
3 7572 7871 6808
3 7005 7572 6808
3 6725 7005 6808
3 6431 6725 6808
3 5526 6431 6808
3 4822 5526 6808
3 2813 4390 4822
3 2456 2813 4822
3 3051 2456 4822
3 6808 3051 4822
3 10920 10972 11363
3 3303 3242 4315
3 2934 2874 2341
3 4087 4148 3939
3 4087 3939 3877
3 4898 4087 3877
3 5889 4958 4898
3 5827 5889 4898
3 5933 6110 5827
3 7335 7204 6811
3 8262 7392 7335
3 8215 8262 7335
3 8139 8343 8215
3 11255 11307 8139
3 10920 11363 11255
3 10808 10920 11255
3 10382 10860 10808
3 10320 10382 10808
3 10112 10268 10320
3 10174 10112 10320
3 9806 10174 10320
3 9254 9744 9806
3 9328 9254 9806
3 8855 9328 9806
3 7946 8746 8855
3 8006 7946 8855
3 7509 7814 7874
3 7575 7509 7874
3 6662 6942 7008
3 6728 6662 7008
3 5687 6368 6434
3 5755 5687 6434
3 5529 5755 6434
3 4825 5461 5529
3 4393 4733 4825
3 3303 4315 4393
3 2816 3303 4393
3 2401 2758 2816
3 2459 2401 2816
3 2934 2341 2459
3 3054 2934 2459
3 3783 2996 3054
3 3877 3783 3054
3 4898 3877 3054
3 5827 4898 3054
3 5933 5827 3054
3 6811 5933 3054
3 8215 7335 6811
3 8139 8215 6811
3 11255 8139 6811
3 10808 11255 6811
3 10320 10808 6811
3 9806 10320 6811
3 8855 9806 6811
3 8006 8855 6811
3 7874 8006 6811
3 7575 7874 6811
3 7008 7575 6811
3 6728 7008 6811
3 6434 6728 6811
3 5529 6434 6811
3 4825 5529 6811
3 2816 4393 4825
3 2459 2816 4825
3 3054 2459 4825
3 6811 3054 4825
3 5932 6810 6811
3 5932 6811 5933
3 6109 5932 5933
3 6109 5933 6110
3 5826 6109 6110
3 5826 6110 5827
3 5888 5826 5827
3 5888 5827 5889
3 4957 5888 5889
3 4957 5889 4958
3 4957 4958 4898
3 4897 4957 4898
3 4086 4897 4898
3 4086 4898 4087
3 4147 4086 4087
3 4147 4087 4148
3 3938 4147 4148
3 3938 4148 3939
3 3938 3939 3877
3 3876 3938 3877
3 3782 3876 3877
3 3782 3877 3783
3 3782 3783 2996
3 2995 3782 2996
3 2995 2996 3054
3 3053 2995 3054
3 3053 3054 2934
3 2933 3053 2934
3 2873 2933 2934
3 2873 2934 2874
3 2873 2874 2341
3 2340 2873 2341
3 2340 2341 2459
3 2458 2340 2459
3 2458 2459 2401
3 2400 2458 2401
3 2400 2401 2758
3 2757 2400 2758
3 2815 2757 2758
3 2815 2758 2816
3 2815 2816 3303
3 3302 2815 3303
3 3302 3303 3242
3 3241 3302 3242
3 3241 3242 4315
3 4314 3241 4315
3 4392 4314 4315
3 4392 4315 4393
3 4392 4393 4733
3 4732 4392 4733
3 4824 4732 4733
3 4824 4733 4825
3 4824 4825 5461
3 5460 4824 5461
3 5528 5460 5461
3 5528 5461 5529
3 5528 5529 5755
3 5754 5528 5755
3 5754 5755 5687
3 5686 5754 5687
3 5686 5687 6368
3 6367 5686 6368
3 6433 6367 6368
3 6433 6368 6434
3 6433 6434 6728
3 6727 6433 6728
3 6727 6728 6662
3 6661 6727 6662
3 6661 6662 6942
3 6941 6661 6942
3 7007 6941 6942
3 7007 6942 7008
3 7007 7008 7575
3 7574 7007 7575
3 7574 7575 7509
3 7508 7574 7509
3 7508 7509 7814
3 7813 7508 7814
3 7873 7813 7814
3 7873 7814 7874
3 7873 7874 8006
3 8005 7873 8006
3 8005 8006 7946
3 7945 8005 7946
3 7945 7946 8746
3 8745 7945 8746
3 8854 8745 8746
3 8854 8746 8855
3 8854 8855 9328
3 9327 8854 9328
3 9327 9328 9254
3 9253 9327 9254
3 9253 9254 9744
3 9743 9253 9744
3 9805 9743 9744
3 9805 9744 9806
3 9805 9806 10174
3 10173 9805 10174
3 10173 10174 10112
3 10111 10173 10112
3 10111 10112 10268
3 10267 10111 10268
3 10319 10267 10268
3 10319 10268 10320
3 10319 10320 10382
3 10381 10319 10382
3 10859 10381 10382
3 10859 10382 10860
3 10807 10859 10860
3 10807 10860 10808
3 10919 10807 10808
3 10919 10808 10920
3 10919 10920 10972
3 10971 10919 10972
3 11362 10971 10972
3 11362 10972 11363
3 11254 11362 11363
3 11254 11363 11255
3 11306 11254 11255
3 11306 11255 11307
3 8138 11306 11307
3 8138 11307 8139
3 8342 8138 8139
3 8342 8139 8343
3 8214 8342 8343
3 8214 8343 8215
3 8261 8214 8215
3 8261 8215 8262
3 7391 8261 8262
3 7391 8262 7392
3 7391 7392 7335
3 7334 7391 7335
3 7203 7334 7335
3 7203 7335 7204
3 7203 7204 6811
3 6810 7203 6811
3 10919 10971 11362
3 3302 3241 4314
3 2933 2873 2340
3 4086 4147 3938
3 4086 3938 3876
3 4897 4086 3876
3 5888 4957 4897
3 5826 5888 4897
3 5932 6109 5826
3 7334 7203 6810
3 8261 7391 7334
3 8214 8261 7334
3 8138 8342 8214
3 11254 11306 8138
3 10919 11362 11254
3 10807 10919 11254
3 10381 10859 10807
3 10319 10381 10807
3 10111 10267 10319
3 10173 10111 10319
3 9805 10173 10319
3 9253 9743 9805
3 9327 9253 9805
3 8854 9327 9805
3 7945 8745 8854
3 8005 7945 8854
3 7508 7813 7873
3 7574 7508 7873
3 6661 6941 7007
3 6727 6661 7007
3 5686 6367 6433
3 5754 5686 6433
3 5528 5754 6433
3 4824 5460 5528
3 4392 4732 4824
3 3302 4314 4392
3 2815 3302 4392
3 2400 2757 2815
3 2458 2400 2815
3 2933 2340 2458
3 3053 2933 2458
3 3782 2995 3053
3 3876 3782 3053
3 4897 3876 3053
3 5826 4897 3053
3 5932 5826 3053
3 6810 5932 3053
3 8214 7334 6810
3 8138 8214 6810
3 11254 8138 6810
3 10807 11254 6810
3 10319 10807 6810
3 9805 10319 6810
3 8854 9805 6810
3 8005 8854 6810
3 7873 8005 6810
3 7574 7873 6810
3 7007 7574 6810
3 6727 7007 6810
3 6433 6727 6810
3 5528 6433 6810
3 4824 5528 6810
3 2815 4392 4824
3 2458 2815 4824
3 3053 2458 4824
3 6810 3053 4824
3 10922 10974 11365
3 3305 3244 4317
3 2936 2876 2343
3 4089 4150 3941
3 4089 3941 3879
3 4900 4089 3879
3 5891 4960 4900
3 5829 5891 4900
3 5935 6112 5829
3 7337 7206 6813
3 8264 7394 7337
3 8217 8264 7337
3 8141 8345 8217
3 11257 11309 8141
3 10922 11365 11257
3 10810 10922 11257
3 10384 10862 10810
3 10322 10384 10810
3 10114 10270 10322
3 10176 10114 10322
3 9808 10176 10322
3 9256 9746 9808
3 9330 9256 9808
3 8857 9330 9808
3 7948 8748 8857
3 8008 7948 8857
3 7511 7816 7876
3 7577 7511 7876
3 6664 6944 7010
3 6730 6664 7010
3 5689 6370 6436
3 5757 5689 6436
3 5531 5757 6436
3 4827 5463 5531
3 4395 4735 4827
3 3305 4317 4395
3 2818 3305 4395
3 2403 2760 2818
3 2461 2403 2818
3 2936 2343 2461
3 3056 2936 2461
3 3785 2998 3056
3 3879 3785 3056
3 4900 3879 3056
3 5829 4900 3056
3 5935 5829 3056
3 6813 5935 3056
3 8217 7337 6813
3 8141 8217 6813
3 11257 8141 6813
3 10810 11257 6813
3 10322 10810 6813
3 9808 10322 6813
3 8857 9808 6813
3 8008 8857 6813
3 7876 8008 6813
3 7577 7876 6813
3 7010 7577 6813
3 6730 7010 6813
3 6436 6730 6813
3 5531 6436 6813
3 4827 5531 6813
3 2818 4395 4827
3 2461 2818 4827
3 3056 2461 4827
3 6813 3056 4827
3 5934 6812 6813
3 5934 6813 5935
3 6111 5934 5935
3 6111 5935 6112
3 5828 6111 6112
3 5828 6112 5829
3 5890 5828 5829
3 5890 5829 5891
3 4959 5890 5891
3 4959 5891 4960
3 4959 4960 4900
3 4899 4959 4900
3 4088 4899 4900
3 4088 4900 4089
3 4149 4088 4089
3 4149 4089 4150
3 3940 4149 4150
3 3940 4150 3941
3 3940 3941 3879
3 3878 3940 3879
3 3784 3878 3879
3 3784 3879 3785
3 3784 3785 2998
3 2997 3784 2998
3 2997 2998 3056
3 3055 2997 3056
3 3055 3056 2936
3 2935 3055 2936
3 2875 2935 2936
3 2875 2936 2876
3 2875 2876 2343
3 2342 2875 2343
3 2342 2343 2461
3 2460 2342 2461
3 2460 2461 2403
3 2402 2460 2403
3 2402 2403 2760
3 2759 2402 2760
3 2817 2759 2760
3 2817 2760 2818
3 2817 2818 3305
3 3304 2817 3305
3 3304 3305 3244
3 3243 3304 3244
3 3243 3244 4317
3 4316 3243 4317
3 4394 4316 4317
3 4394 4317 4395
3 4394 4395 4735
3 4734 4394 4735
3 4826 4734 4735
3 4826 4735 4827
3 4826 4827 5463
3 5462 4826 5463
3 5530 5462 5463
3 5530 5463 5531
3 5530 5531 5757
3 5756 5530 5757
3 5756 5757 5689
3 5688 5756 5689
3 5688 5689 6370
3 6369 5688 6370
3 6435 6369 6370
3 6435 6370 6436
3 6435 6436 6730
3 6729 6435 6730
3 6729 6730 6664
3 6663 6729 6664
3 6663 6664 6944
3 6943 6663 6944
3 7009 6943 6944
3 7009 6944 7010
3 7009 7010 7577
3 7576 7009 7577
3 7576 7577 7511
3 7510 7576 7511
3 7510 7511 7816
3 7815 7510 7816
3 7875 7815 7816
3 7875 7816 7876
3 7875 7876 8008
3 8007 7875 8008
3 8007 8008 7948
3 7947 8007 7948
3 7947 7948 8748
3 8747 7947 8748
3 8856 8747 8748
3 8856 8748 8857
3 8856 8857 9330
3 9329 8856 9330
3 9329 9330 9256
3 9255 9329 9256
3 9255 9256 9746
3 9745 9255 9746
3 9807 9745 9746
3 9807 9746 9808
3 9807 9808 10176
3 10175 9807 10176
3 10175 10176 10114
3 10113 10175 10114
3 10113 10114 10270
3 10269 10113 10270
3 10321 10269 10270
3 10321 10270 10322
3 10321 10322 10384
3 10383 10321 10384
3 10861 10383 10384
3 10861 10384 10862
3 10809 10861 10862
3 10809 10862 10810
3 10921 10809 10810
3 10921 10810 10922
3 10921 10922 10974
3 10973 10921 10974
3 11364 10973 10974
3 11364 10974 11365
3 11256 11364 11365
3 11256 11365 11257
3 11308 11256 11257
3 11308 11257 11309
3 8140 11308 11309
3 8140 11309 8141
3 8344 8140 8141
3 8344 8141 8345
3 8216 8344 8345
3 8216 8345 8217
3 8263 8216 8217
3 8263 8217 8264
3 7393 8263 8264
3 7393 8264 7394
3 7393 7394 7337
3 7336 7393 7337
3 7205 7336 7337
3 7205 7337 7206
3 7205 7206 6813
3 6812 7205 6813
3 10921 10973 11364
3 3304 3243 4316
3 2935 2875 2342
3 4088 4149 3940
3 4088 3940 3878
3 4899 4088 3878
3 5890 4959 4899
3 5828 5890 4899
3 5934 6111 5828
3 7336 7205 6812
3 8263 7393 7336
3 8216 8263 7336
3 8140 8344 8216
3 11256 11308 8140
3 10921 11364 11256
3 10809 10921 11256
3 10383 10861 10809
3 10321 10383 10809
3 10113 10269 10321
3 10175 10113 10321
3 9807 10175 10321
3 9255 9745 9807
3 9329 9255 9807
3 8856 9329 9807
3 7947 8747 8856
3 8007 7947 8856
3 7510 7815 7875
3 7576 7510 7875
3 6663 6943 7009
3 6729 6663 7009
3 5688 6369 6435
3 5756 5688 6435
3 5530 5756 6435
3 4826 5462 5530
3 4394 4734 4826
3 3304 4316 4394
3 2817 3304 4394
3 2402 2759 2817
3 2460 2402 2817
3 2935 2342 2460
3 3055 2935 2460
3 3784 2997 3055
3 3878 3784 3055
3 4899 3878 3055
3 5828 4899 3055
3 5934 5828 3055
3 6812 5934 3055
3 8216 7336 6812
3 8140 8216 6812
3 11256 8140 6812
3 10809 11256 6812
3 10321 10809 6812
3 9807 10321 6812
3 8856 9807 6812
3 8007 8856 6812
3 7875 8007 6812
3 7576 7875 6812
3 7009 7576 6812
3 6729 7009 6812
3 6435 6729 6812
3 5530 6435 6812
3 4826 5530 6812
3 2817 4394 4826
3 2460 2817 4826
3 3055 2460 4826
3 6812 3055 4826
3 10924 10976 11367
3 3307 3246 4319
3 2938 2878 2345
3 4091 4152 3943
3 4091 3943 3881
3 4902 4091 3881
3 5893 4962 4902
3 5831 5893 4902
3 5937 6114 5831
3 7339 7208 6815
3 8266 7396 7339
3 8219 8266 7339
3 8143 8347 8219
3 11259 11311 8143
3 10924 11367 11259
3 10812 10924 11259
3 10386 10864 10812
3 10324 10386 10812
3 10116 10272 10324
3 10178 10116 10324
3 9810 10178 10324
3 9258 9748 9810
3 9332 9258 9810
3 8859 9332 9810
3 7950 8750 8859
3 8010 7950 8859
3 7513 7818 7878
3 7579 7513 7878
3 6666 6946 7012
3 6732 6666 7012
3 5691 6372 6438
3 5759 5691 6438
3 5533 5759 6438
3 4829 5465 5533
3 4397 4737 4829
3 3307 4319 4397
3 2820 3307 4397
3 2405 2762 2820
3 2463 2405 2820
3 2938 2345 2463
3 3058 2938 2463
3 3787 3000 3058
3 3881 3787 3058
3 4902 3881 3058
3 5831 4902 3058
3 5937 5831 3058
3 6815 5937 3058
3 8219 7339 6815
3 8143 8219 6815
3 11259 8143 6815
3 10812 11259 6815
3 10324 10812 6815
3 9810 10324 6815
3 8859 9810 6815
3 8010 8859 6815
3 7878 8010 6815
3 7579 7878 6815
3 7012 7579 6815
3 6732 7012 6815
3 6438 6732 6815
3 5533 6438 6815
3 4829 5533 6815
3 2820 4397 4829
3 2463 2820 4829
3 3058 2463 4829
3 6815 3058 4829
3 5936 6814 6815
3 5936 6815 5937
3 6113 5936 5937
3 6113 5937 6114
3 5830 6113 6114
3 5830 6114 5831
3 5892 5830 5831
3 5892 5831 5893
3 4961 5892 5893
3 4961 5893 4962
3 4961 4962 4902
3 4901 4961 4902
3 4090 4901 4902
3 4090 4902 4091
3 4151 4090 4091
3 4151 4091 4152
3 3942 4151 4152
3 3942 4152 3943
3 3942 3943 3881
3 3880 3942 3881
3 3786 3880 3881
3 3786 3881 3787
3 3786 3787 3000
3 2999 3786 3000
3 2999 3000 3058
3 3057 2999 3058
3 3057 3058 2938
3 2937 3057 2938
3 2877 2937 2938
3 2877 2938 2878
3 2877 2878 2345
3 2344 2877 2345
3 2344 2345 2463
3 2462 2344 2463
3 2462 2463 2405
3 2404 2462 2405
3 2404 2405 2762
3 2761 2404 2762
3 2819 2761 2762
3 2819 2762 2820
3 2819 2820 3307
3 3306 2819 3307
3 3306 3307 3246
3 3245 3306 3246
3 3245 3246 4319
3 4318 3245 4319
3 4396 4318 4319
3 4396 4319 4397
3 4396 4397 4737
3 4736 4396 4737
3 4828 4736 4737
3 4828 4737 4829
3 4828 4829 5465
3 5464 4828 5465
3 5532 5464 5465
3 5532 5465 5533
3 5532 5533 5759
3 5758 5532 5759
3 5758 5759 5691
3 5690 5758 5691
3 5690 5691 6372
3 6371 5690 6372
3 6437 6371 6372
3 6437 6372 6438
3 6437 6438 6732
3 6731 6437 6732
3 6731 6732 6666
3 6665 6731 6666
3 6665 6666 6946
3 6945 6665 6946
3 7011 6945 6946
3 7011 6946 7012
3 7011 7012 7579
3 7578 7011 7579
3 7578 7579 7513
3 7512 7578 7513
3 7512 7513 7818
3 7817 7512 7818
3 7877 7817 7818
3 7877 7818 7878
3 7877 7878 8010
3 8009 7877 8010
3 8009 8010 7950
3 7949 8009 7950
3 7949 7950 8750
3 8749 7949 8750
3 8858 8749 8750
3 8858 8750 8859
3 8858 8859 9332
3 9331 8858 9332
3 9331 9332 9258
3 9257 9331 9258
3 9257 9258 9748
3 9747 9257 9748
3 9809 9747 9748
3 9809 9748 9810
3 9809 9810 10178
3 10177 9809 10178
3 10177 10178 10116
3 10115 10177 10116
3 10115 10116 10272
3 10271 10115 10272
3 10323 10271 10272
3 10323 10272 10324
3 10323 10324 10386
3 10385 10323 10386
3 10863 10385 10386
3 10863 10386 10864
3 10811 10863 10864
3 10811 10864 10812
3 10923 10811 10812
3 10923 10812 10924
3 10923 10924 10976
3 10975 10923 10976
3 11366 10975 10976
3 11366 10976 11367
3 11258 11366 11367
3 11258 11367 11259
3 11310 11258 11259
3 11310 11259 11311
3 8142 11310 11311
3 8142 11311 8143
3 8346 8142 8143
3 8346 8143 8347
3 8218 8346 8347
3 8218 8347 8219
3 8265 8218 8219
3 8265 8219 8266
3 7395 8265 8266
3 7395 8266 7396
3 7395 7396 7339
3 7338 7395 7339
3 7207 7338 7339
3 7207 7339 7208
3 7207 7208 6815
3 6814 7207 6815
3 10923 10975 11366
3 3306 3245 4318
3 2937 2877 2344
3 4090 4151 3942
3 4090 3942 3880
3 4901 4090 3880
3 5892 4961 4901
3 5830 5892 4901
3 5936 6113 5830
3 7338 7207 6814
3 8265 7395 7338
3 8218 8265 7338
3 8142 8346 8218
3 11258 11310 8142
3 10923 11366 11258
3 10811 10923 11258
3 10385 10863 10811
3 10323 10385 10811
3 10115 10271 10323
3 10177 10115 10323
3 9809 10177 10323
3 9257 9747 9809
3 9331 9257 9809
3 8858 9331 9809
3 7949 8749 8858
3 8009 7949 8858
3 7512 7817 7877
3 7578 7512 7877
3 6665 6945 7011
3 6731 6665 7011
3 5690 6371 6437
3 5758 5690 6437
3 5532 5758 6437
3 4828 5464 5532
3 4396 4736 4828
3 3306 4318 4396
3 2819 3306 4396
3 2404 2761 2819
3 2462 2404 2819
3 2937 2344 2462
3 3057 2937 2462
3 3786 2999 3057
3 3880 3786 3057
3 4901 3880 3057
3 5830 4901 3057
3 5936 5830 3057
3 6814 5936 3057
3 8218 7338 6814
3 8142 8218 6814
3 11258 8142 6814
3 10811 11258 6814
3 10323 10811 6814
3 9809 10323 6814
3 8858 9809 6814
3 8009 8858 6814
3 7877 8009 6814
3 7578 7877 6814
3 7011 7578 6814
3 6731 7011 6814
3 6437 6731 6814
3 5532 6437 6814
3 4828 5532 6814
3 2819 4396 4828
3 2462 2819 4828
3 3057 2462 4828
3 6814 3057 4828
3 10926 10978 11369
3 3309 3248 4321
3 2940 2880 2347
3 4093 4154 3945
3 4093 3945 3883
3 4904 4093 3883
3 5895 4964 4904
3 5833 5895 4904
3 5939 6116 5833
3 7341 7210 6817
3 8268 7398 7341
3 8221 8268 7341
3 8145 8349 8221
3 11261 11313 8145
3 10926 11369 11261
3 10814 10926 11261
3 10388 10866 10814
3 10326 10388 10814
3 10118 10274 10326
3 10180 10118 10326
3 9812 10180 10326
3 9260 9750 9812
3 9334 9260 9812
3 8861 9334 9812
3 7952 8752 8861
3 8012 7952 8861
3 7515 7820 7880
3 7581 7515 7880
3 6668 6948 7014
3 6734 6668 7014
3 5693 6374 6440
3 5761 5693 6440
3 5535 5761 6440
3 4831 5467 5535
3 4399 4739 4831
3 3309 4321 4399
3 2822 3309 4399
3 2407 2764 2822
3 2465 2407 2822
3 2940 2347 2465
3 3060 2940 2465
3 3789 3002 3060
3 3883 3789 3060
3 4904 3883 3060
3 5833 4904 3060
3 5939 5833 3060
3 6817 5939 3060
3 8221 7341 6817
3 8145 8221 6817
3 11261 8145 6817
3 10814 11261 6817
3 10326 10814 6817
3 9812 10326 6817
3 8861 9812 6817
3 8012 8861 6817
3 7880 8012 6817
3 7581 7880 6817
3 7014 7581 6817
3 6734 7014 6817
3 6440 6734 6817
3 5535 6440 6817
3 4831 5535 6817
3 2822 4399 4831
3 2465 2822 4831
3 3060 2465 4831
3 6817 3060 4831
3 5938 6816 6817
3 5938 6817 5939
3 6115 5938 5939
3 6115 5939 6116
3 5832 6115 6116
3 5832 6116 5833
3 5894 5832 5833
3 5894 5833 5895
3 4963 5894 5895
3 4963 5895 4964
3 4963 4964 4904
3 4903 4963 4904
3 4092 4903 4904
3 4092 4904 4093
3 4153 4092 4093
3 4153 4093 4154
3 3944 4153 4154
3 3944 4154 3945
3 3944 3945 3883
3 3882 3944 3883
3 3788 3882 3883
3 3788 3883 3789
3 3788 3789 3002
3 3001 3788 3002
3 3001 3002 3060
3 3059 3001 3060
3 3059 3060 2940
3 2939 3059 2940
3 2879 2939 2940
3 2879 2940 2880
3 2879 2880 2347
3 2346 2879 2347
3 2346 2347 2465
3 2464 2346 2465
3 2464 2465 2407
3 2406 2464 2407
3 2406 2407 2764
3 2763 2406 2764
3 2821 2763 2764
3 2821 2764 2822
3 2821 2822 3309
3 3308 2821 3309
3 3308 3309 3248
3 3247 3308 3248
3 3247 3248 4321
3 4320 3247 4321
3 4398 4320 4321
3 4398 4321 4399
3 4398 4399 4739
3 4738 4398 4739
3 4830 4738 4739
3 4830 4739 4831
3 4830 4831 5467
3 5466 4830 5467
3 5534 5466 5467
3 5534 5467 5535
3 5534 5535 5761
3 5760 5534 5761
3 5760 5761 5693
3 5692 5760 5693
3 5692 5693 6374
3 6373 5692 6374
3 6439 6373 6374
3 6439 6374 6440
3 6439 6440 6734
3 6733 6439 6734
3 6733 6734 6668
3 6667 6733 6668
3 6667 6668 6948
3 6947 6667 6948
3 7013 6947 6948
3 7013 6948 7014
3 7013 7014 7581
3 7580 7013 7581
3 7580 7581 7515
3 7514 7580 7515
3 7514 7515 7820
3 7819 7514 7820
3 7879 7819 7820
3 7879 7820 7880
3 7879 7880 8012
3 8011 7879 8012
3 8011 8012 7952
3 7951 8011 7952
3 7951 7952 8752
3 8751 7951 8752
3 8860 8751 8752
3 8860 8752 8861
3 8860 8861 9334
3 9333 8860 9334
3 9333 9334 9260
3 9259 9333 9260
3 9259 9260 9750
3 9749 9259 9750
3 9811 9749 9750
3 9811 9750 9812
3 9811 9812 10180
3 10179 9811 10180
3 10179 10180 10118
3 10117 10179 10118
3 10117 10118 10274
3 10273 10117 10274
3 10325 10273 10274
3 10325 10274 10326
3 10325 10326 10388
3 10387 10325 10388
3 10865 10387 10388
3 10865 10388 10866
3 10813 10865 10866
3 10813 10866 10814
3 10925 10813 10814
3 10925 10814 10926
3 10925 10926 10978
3 10977 10925 10978
3 11368 10977 10978
3 11368 10978 11369
3 11260 11368 11369
3 11260 11369 11261
3 11312 11260 11261
3 11312 11261 11313
3 8144 11312 11313
3 8144 11313 8145
3 8348 8144 8145
3 8348 8145 8349
3 8220 8348 8349
3 8220 8349 8221
3 8267 8220 8221
3 8267 8221 8268
3 7397 8267 8268
3 7397 8268 7398
3 7397 7398 7341
3 7340 7397 7341
3 7209 7340 7341
3 7209 7341 7210
3 7209 7210 6817
3 6816 7209 6817
3 10925 10977 11368
3 3308 3247 4320
3 2939 2879 2346
3 4092 4153 3944
3 4092 3944 3882
3 4903 4092 3882
3 5894 4963 4903
3 5832 5894 4903
3 5938 6115 5832
3 7340 7209 6816
3 8267 7397 7340
3 8220 8267 7340
3 8144 8348 8220
3 11260 11312 8144
3 10925 11368 11260
3 10813 10925 11260
3 10387 10865 10813
3 10325 10387 10813
3 10117 10273 10325
3 10179 10117 10325
3 9811 10179 10325
3 9259 9749 9811
3 9333 9259 9811
3 8860 9333 9811
3 7951 8751 8860
3 8011 7951 8860
3 7514 7819 7879
3 7580 7514 7879
3 6667 6947 7013
3 6733 6667 7013
3 5692 6373 6439
3 5760 5692 6439
3 5534 5760 6439
3 4830 5466 5534
3 4398 4738 4830
3 3308 4320 4398
3 2821 3308 4398
3 2406 2763 2821
3 2464 2406 2821
3 2939 2346 2464
3 3059 2939 2464
3 3788 3001 3059
3 3882 3788 3059
3 4903 3882 3059
3 5832 4903 3059
3 5938 5832 3059
3 6816 5938 3059
3 8220 7340 6816
3 8144 8220 6816
3 11260 8144 6816
3 10813 11260 6816
3 10325 10813 6816
3 9811 10325 6816
3 8860 9811 6816
3 8011 8860 6816
3 7879 8011 6816
3 7580 7879 6816
3 7013 7580 6816
3 6733 7013 6816
3 6439 6733 6816
3 5534 6439 6816
3 4830 5534 6816
3 2821 4398 4830
3 2464 2821 4830
3 3059 2464 4830
3 6816 3059 4830
3 10928 10980 11371
3 3311 3250 4323
3 2942 2882 2349
3 4095 4156 3947
3 4095 3947 3885
3 4906 4095 3885
3 5897 4966 4906
3 5835 5897 4906
3 5941 6118 5835
3 7343 7212 6819
3 8270 7400 7343
3 8223 8270 7343
3 8147 8351 8223
3 11263 11315 8147
3 10928 11371 11263
3 10816 10928 11263
3 10390 10868 10816
3 10328 10390 10816
3 10120 10276 10328
3 10182 10120 10328
3 9814 10182 10328
3 9262 9752 9814
3 9336 9262 9814
3 8863 9336 9814
3 7954 8754 8863
3 8014 7954 8863
3 7517 7822 7882
3 7583 7517 7882
3 6670 6950 7016
3 6736 6670 7016
3 5695 6376 6442
3 5763 5695 6442
3 5537 5763 6442
3 4833 5469 5537
3 4401 4741 4833
3 3311 4323 4401
3 2824 3311 4401
3 2409 2766 2824
3 2467 2409 2824
3 2942 2349 2467
3 3062 2942 2467
3 3791 3004 3062
3 3885 3791 3062
3 4906 3885 3062
3 5835 4906 3062
3 5941 5835 3062
3 6819 5941 3062
3 8223 7343 6819
3 8147 8223 6819
3 11263 8147 6819
3 10816 11263 6819
3 10328 10816 6819
3 9814 10328 6819
3 8863 9814 6819
3 8014 8863 6819
3 7882 8014 6819
3 7583 7882 6819
3 7016 7583 6819
3 6736 7016 6819
3 6442 6736 6819
3 5537 6442 6819
3 4833 5537 6819
3 2824 4401 4833
3 2467 2824 4833
3 3062 2467 4833
3 6819 3062 4833
3 5940 6818 6819
3 5940 6819 5941
3 6117 5940 5941
3 6117 5941 6118
3 5834 6117 6118
3 5834 6118 5835
3 5896 5834 5835
3 5896 5835 5897
3 4965 5896 5897
3 4965 5897 4966
3 4965 4966 4906
3 4905 4965 4906
3 4094 4905 4906
3 4094 4906 4095
3 4155 4094 4095
3 4155 4095 4156
3 3946 4155 4156
3 3946 4156 3947
3 3946 3947 3885
3 3884 3946 3885
3 3790 3884 3885
3 3790 3885 3791
3 3790 3791 3004
3 3003 3790 3004
3 3003 3004 3062
3 3061 3003 3062
3 3061 3062 2942
3 2941 3061 2942
3 2881 2941 2942
3 2881 2942 2882
3 2881 2882 2349
3 2348 2881 2349
3 2348 2349 2467
3 2466 2348 2467
3 2466 2467 2409
3 2408 2466 2409
3 2408 2409 2766
3 2765 2408 2766
3 2823 2765 2766
3 2823 2766 2824
3 2823 2824 3311
3 3310 2823 3311
3 3310 3311 3250
3 3249 3310 3250
3 3249 3250 4323
3 4322 3249 4323
3 4400 4322 4323
3 4400 4323 4401
3 4400 4401 4741
3 4740 4400 4741
3 4832 4740 4741
3 4832 4741 4833
3 4832 4833 5469
3 5468 4832 5469
3 5536 5468 5469
3 5536 5469 5537
3 5536 5537 5763
3 5762 5536 5763
3 5762 5763 5695
3 5694 5762 5695
3 5694 5695 6376
3 6375 5694 6376
3 6441 6375 6376
3 6441 6376 6442
3 6441 6442 6736
3 6735 6441 6736
3 6735 6736 6670
3 6669 6735 6670
3 6669 6670 6950
3 6949 6669 6950
3 7015 6949 6950
3 7015 6950 7016
3 7015 7016 7583
3 7582 7015 7583
3 7582 7583 7517
3 7516 7582 7517
3 7516 7517 7822
3 7821 7516 7822
3 7881 7821 7822
3 7881 7822 7882
3 7881 7882 8014
3 8013 7881 8014
3 8013 8014 7954
3 7953 8013 7954
3 7953 7954 8754
3 8753 7953 8754
3 8862 8753 8754
3 8862 8754 8863
3 8862 8863 9336
3 9335 8862 9336
3 9335 9336 9262
3 9261 9335 9262
3 9261 9262 9752
3 9751 9261 9752
3 9813 9751 9752
3 9813 9752 9814
3 9813 9814 10182
3 10181 9813 10182
3 10181 10182 10120
3 10119 10181 10120
3 10119 10120 10276
3 10275 10119 10276
3 10327 10275 10276
3 10327 10276 10328
3 10327 10328 10390
3 10389 10327 10390
3 10867 10389 10390
3 10867 10390 10868
3 10815 10867 10868
3 10815 10868 10816
3 10927 10815 10816
3 10927 10816 10928
3 10927 10928 10980
3 10979 10927 10980
3 11370 10979 10980
3 11370 10980 11371
3 11262 11370 11371
3 11262 11371 11263
3 11314 11262 11263
3 11314 11263 11315
3 8146 11314 11315
3 8146 11315 8147
3 8350 8146 8147
3 8350 8147 8351
3 8222 8350 8351
3 8222 8351 8223
3 8269 8222 8223
3 8269 8223 8270
3 7399 8269 8270
3 7399 8270 7400
3 7399 7400 7343
3 7342 7399 7343
3 7211 7342 7343
3 7211 7343 7212
3 7211 7212 6819
3 6818 7211 6819
3 10927 10979 11370
3 3310 3249 4322
3 2941 2881 2348
3 4094 4155 3946
3 4094 3946 3884
3 4905 4094 3884
3 5896 4965 4905
3 5834 5896 4905
3 5940 6117 5834
3 7342 7211 6818
3 8269 7399 7342
3 8222 8269 7342
3 8146 8350 8222
3 11262 11314 8146
3 10927 11370 11262
3 10815 10927 11262
3 10389 10867 10815
3 10327 10389 10815
3 10119 10275 10327
3 10181 10119 10327
3 9813 10181 10327
3 9261 9751 9813
3 9335 9261 9813
3 8862 9335 9813
3 7953 8753 8862
3 8013 7953 8862
3 7516 7821 7881
3 7582 7516 7881
3 6669 6949 7015
3 6735 6669 7015
3 5694 6375 6441
3 5762 5694 6441
3 5536 5762 6441
3 4832 5468 5536
3 4400 4740 4832
3 3310 4322 4400
3 2823 3310 4400
3 2408 2765 2823
3 2466 2408 2823
3 2941 2348 2466
3 3061 2941 2466
3 3790 3003 3061
3 3884 3790 3061
3 4905 3884 3061
3 5834 4905 3061
3 5940 5834 3061
3 6818 5940 3061
3 8222 7342 6818
3 8146 8222 6818
3 11262 8146 6818
3 10815 11262 6818
3 10327 10815 6818
3 9813 10327 6818
3 8862 9813 6818
3 8013 8862 6818
3 7881 8013 6818
3 7582 7881 6818
3 7015 7582 6818
3 6735 7015 6818
3 6441 6735 6818
3 5536 6441 6818
3 4832 5536 6818
3 2823 4400 4832
3 2466 2823 4832
3 3061 2466 4832
3 6818 3061 4832
3 10930 10982 11373
3 3313 3252 4325
3 2944 2884 2351
3 4097 4158 3949
3 4097 3949 3887
3 4908 4097 3887
3 5899 4968 4908
3 5837 5899 4908
3 5943 6120 5837
3 7345 7214 6821
3 8272 7402 7345
3 8225 8272 7345
3 8149 8353 8225
3 11265 11317 8149
3 10930 11373 11265
3 10818 10930 11265
3 10392 10870 10818
3 10330 10392 10818
3 10122 10278 10330
3 10184 10122 10330
3 9816 10184 10330
3 9264 9754 9816
3 9338 9264 9816
3 8865 9338 9816
3 7956 8756 8865
3 8016 7956 8865
3 7519 7824 7884
3 7585 7519 7884
3 6672 6952 7018
3 6738 6672 7018
3 5697 6378 6444
3 5765 5697 6444
3 5539 5765 6444
3 4835 5471 5539
3 4403 4743 4835
3 3313 4325 4403
3 2826 3313 4403
3 2411 2768 2826
3 2469 2411 2826
3 2944 2351 2469
3 3064 2944 2469
3 3793 3006 3064
3 3887 3793 3064
3 4908 3887 3064
3 5837 4908 3064
3 5943 5837 3064
3 6821 5943 3064
3 8225 7345 6821
3 8149 8225 6821
3 11265 8149 6821
3 10818 11265 6821
3 10330 10818 6821
3 9816 10330 6821
3 8865 9816 6821
3 8016 8865 6821
3 7884 8016 6821
3 7585 7884 6821
3 7018 7585 6821
3 6738 7018 6821
3 6444 6738 6821
3 5539 6444 6821
3 4835 5539 6821
3 2826 4403 4835
3 2469 2826 4835
3 3064 2469 4835
3 6821 3064 4835
3 5942 6820 6821
3 5942 6821 5943
3 6119 5942 5943
3 6119 5943 6120
3 5836 6119 6120
3 5836 6120 5837
3 5898 5836 5837
3 5898 5837 5899
3 4967 5898 5899
3 4967 5899 4968
3 4967 4968 4908
3 4907 4967 4908
3 4096 4907 4908
3 4096 4908 4097
3 4157 4096 4097
3 4157 4097 4158
3 3948 4157 4158
3 3948 4158 3949
3 3948 3949 3887
3 3886 3948 3887
3 3792 3886 3887
3 3792 3887 3793
3 3792 3793 3006
3 3005 3792 3006
3 3005 3006 3064
3 3063 3005 3064
3 3063 3064 2944
3 2943 3063 2944
3 2883 2943 2944
3 2883 2944 2884
3 2883 2884 2351
3 2350 2883 2351
3 2350 2351 2469
3 2468 2350 2469
3 2468 2469 2411
3 2410 2468 2411
3 2410 2411 2768
3 2767 2410 2768
3 2825 2767 2768
3 2825 2768 2826
3 2825 2826 3313
3 3312 2825 3313
3 3312 3313 3252
3 3251 3312 3252
3 3251 3252 4325
3 4324 3251 4325
3 4402 4324 4325
3 4402 4325 4403
3 4402 4403 4743
3 4742 4402 4743
3 4834 4742 4743
3 4834 4743 4835
3 4834 4835 5471
3 5470 4834 5471
3 5538 5470 5471
3 5538 5471 5539
3 5538 5539 5765
3 5764 5538 5765
3 5764 5765 5697
3 5696 5764 5697
3 5696 5697 6378
3 6377 5696 6378
3 6443 6377 6378
3 6443 6378 6444
3 6443 6444 6738
3 6737 6443 6738
3 6737 6738 6672
3 6671 6737 6672
3 6671 6672 6952
3 6951 6671 6952
3 7017 6951 6952
3 7017 6952 7018
3 7017 7018 7585
3 7584 7017 7585
3 7584 7585 7519
3 7518 7584 7519
3 7518 7519 7824
3 7823 7518 7824
3 7883 7823 7824
3 7883 7824 7884
3 7883 7884 8016
3 8015 7883 8016
3 8015 8016 7956
3 7955 8015 7956
3 7955 7956 8756
3 8755 7955 8756
3 8864 8755 8756
3 8864 8756 8865
3 8864 8865 9338
3 9337 8864 9338
3 9337 9338 9264
3 9263 9337 9264
3 9263 9264 9754
3 9753 9263 9754
3 9815 9753 9754
3 9815 9754 9816
3 9815 9816 10184
3 10183 9815 10184
3 10183 10184 10122
3 10121 10183 10122
3 10121 10122 10278
3 10277 10121 10278
3 10329 10277 10278
3 10329 10278 10330
3 10329 10330 10392
3 10391 10329 10392
3 10869 10391 10392
3 10869 10392 10870
3 10817 10869 10870
3 10817 10870 10818
3 10929 10817 10818
3 10929 10818 10930
3 10929 10930 10982
3 10981 10929 10982
3 11372 10981 10982
3 11372 10982 11373
3 11264 11372 11373
3 11264 11373 11265
3 11316 11264 11265
3 11316 11265 11317
3 8148 11316 11317
3 8148 11317 8149
3 8352 8148 8149
3 8352 8149 8353
3 8224 8352 8353
3 8224 8353 8225
3 8271 8224 8225
3 8271 8225 8272
3 7401 8271 8272
3 7401 8272 7402
3 7401 7402 7345
3 7344 7401 7345
3 7213 7344 7345
3 7213 7345 7214
3 7213 7214 6821
3 6820 7213 6821
3 10929 10981 11372
3 3312 3251 4324
3 2943 2883 2350
3 4096 4157 3948
3 4096 3948 3886
3 4907 4096 3886
3 5898 4967 4907
3 5836 5898 4907
3 5942 6119 5836
3 7344 7213 6820
3 8271 7401 7344
3 8224 8271 7344
3 8148 8352 8224
3 11264 11316 8148
3 10929 11372 11264
3 10817 10929 11264
3 10391 10869 10817
3 10329 10391 10817
3 10121 10277 10329
3 10183 10121 10329
3 9815 10183 10329
3 9263 9753 9815
3 9337 9263 9815
3 8864 9337 9815
3 7955 8755 8864
3 8015 7955 8864
3 7518 7823 7883
3 7584 7518 7883
3 6671 6951 7017
3 6737 6671 7017
3 5696 6377 6443
3 5764 5696 6443
3 5538 5764 6443
3 4834 5470 5538
3 4402 4742 4834
3 3312 4324 4402
3 2825 3312 4402
3 2410 2767 2825
3 2468 2410 2825
3 2943 2350 2468
3 3063 2943 2468
3 3792 3005 3063
3 3886 3792 3063
3 4907 3886 3063
3 5836 4907 3063
3 5942 5836 3063
3 6820 5942 3063
3 8224 7344 6820
3 8148 8224 6820
3 11264 8148 6820
3 10817 11264 6820
3 10329 10817 6820
3 9815 10329 6820
3 8864 9815 6820
3 8015 8864 6820
3 7883 8015 6820
3 7584 7883 6820
3 7017 7584 6820
3 6737 7017 6820
3 6443 6737 6820
3 5538 6443 6820
3 4834 5538 6820
3 2825 4402 4834
3 2468 2825 4834
3 3063 2468 4834
3 6820 3063 4834
3 10932 10984 11375
3 3315 3254 4327
3 2946 2886 2353
3 4099 4160 3951
3 4099 3951 3889
3 4910 4099 3889
3 5901 4970 4910
3 5839 5901 4910
3 5945 6122 5839
3 7347 7216 6823
3 8274 7404 7347
3 8227 8274 7347
3 8151 8355 8227
3 11267 11319 8151
3 10932 11375 11267
3 10820 10932 11267
3 10394 10872 10820
3 10332 10394 10820
3 10124 10280 10332
3 10186 10124 10332
3 9818 10186 10332
3 9266 9756 9818
3 9340 9266 9818
3 8867 9340 9818
3 7958 8758 8867
3 8018 7958 8867
3 7521 7826 7886
3 7587 7521 7886
3 6674 6954 7020
3 6740 6674 7020
3 5699 6380 6446
3 5767 5699 6446
3 5541 5767 6446
3 4837 5473 5541
3 4405 4745 4837
3 3315 4327 4405
3 2828 3315 4405
3 2413 2770 2828
3 2471 2413 2828
3 2946 2353 2471
3 3066 2946 2471
3 3795 3008 3066
3 3889 3795 3066
3 4910 3889 3066
3 5839 4910 3066
3 5945 5839 3066
3 6823 5945 3066
3 8227 7347 6823
3 8151 8227 6823
3 11267 8151 6823
3 10820 11267 6823
3 10332 10820 6823
3 9818 10332 6823
3 8867 9818 6823
3 8018 8867 6823
3 7886 8018 6823
3 7587 7886 6823
3 7020 7587 6823
3 6740 7020 6823
3 6446 6740 6823
3 5541 6446 6823
3 4837 5541 6823
3 2828 4405 4837
3 2471 2828 4837
3 3066 2471 4837
3 6823 3066 4837
3 5944 6822 6823
3 5944 6823 5945
3 6121 5944 5945
3 6121 5945 6122
3 5838 6121 6122
3 5838 6122 5839
3 5900 5838 5839
3 5900 5839 5901
3 4969 5900 5901
3 4969 5901 4970
3 4969 4970 4910
3 4909 4969 4910
3 4098 4909 4910
3 4098 4910 4099
3 4159 4098 4099
3 4159 4099 4160
3 3950 4159 4160
3 3950 4160 3951
3 3950 3951 3889
3 3888 3950 3889
3 3794 3888 3889
3 3794 3889 3795
3 3794 3795 3008
3 3007 3794 3008
3 3007 3008 3066
3 3065 3007 3066
3 3065 3066 2946
3 2945 3065 2946
3 2885 2945 2946
3 2885 2946 2886
3 2885 2886 2353
3 2352 2885 2353
3 2352 2353 2471
3 2470 2352 2471
3 2470 2471 2413
3 2412 2470 2413
3 2412 2413 2770
3 2769 2412 2770
3 2827 2769 2770
3 2827 2770 2828
3 2827 2828 3315
3 3314 2827 3315
3 3314 3315 3254
3 3253 3314 3254
3 3253 3254 4327
3 4326 3253 4327
3 4404 4326 4327
3 4404 4327 4405
3 4404 4405 4745
3 4744 4404 4745
3 4836 4744 4745
3 4836 4745 4837
3 4836 4837 5473
3 5472 4836 5473
3 5540 5472 5473
3 5540 5473 5541
3 5540 5541 5767
3 5766 5540 5767
3 5766 5767 5699
3 5698 5766 5699
3 5698 5699 6380
3 6379 5698 6380
3 6445 6379 6380
3 6445 6380 6446
3 6445 6446 6740
3 6739 6445 6740
3 6739 6740 6674
3 6673 6739 6674
3 6673 6674 6954
3 6953 6673 6954
3 7019 6953 6954
3 7019 6954 7020
3 7019 7020 7587
3 7586 7019 7587
3 7586 7587 7521
3 7520 7586 7521
3 7520 7521 7826
3 7825 7520 7826
3 7885 7825 7826
3 7885 7826 7886
3 7885 7886 8018
3 8017 7885 8018
3 8017 8018 7958
3 7957 8017 7958
3 7957 7958 8758
3 8757 7957 8758
3 8866 8757 8758
3 8866 8758 8867
3 8866 8867 9340
3 9339 8866 9340
3 9339 9340 9266
3 9265 9339 9266
3 9265 9266 9756
3 9755 9265 9756
3 9817 9755 9756
3 9817 9756 9818
3 9817 9818 10186
3 10185 9817 10186
3 10185 10186 10124
3 10123 10185 10124
3 10123 10124 10280
3 10279 10123 10280
3 10331 10279 10280
3 10331 10280 10332
3 10331 10332 10394
3 10393 10331 10394
3 10871 10393 10394
3 10871 10394 10872
3 10819 10871 10872
3 10819 10872 10820
3 10931 10819 10820
3 10931 10820 10932
3 10931 10932 10984
3 10983 10931 10984
3 11374 10983 10984
3 11374 10984 11375
3 11266 11374 11375
3 11266 11375 11267
3 11318 11266 11267
3 11318 11267 11319
3 8150 11318 11319
3 8150 11319 8151
3 8354 8150 8151
3 8354 8151 8355
3 8226 8354 8355
3 8226 8355 8227
3 8273 8226 8227
3 8273 8227 8274
3 7403 8273 8274
3 7403 8274 7404
3 7403 7404 7347
3 7346 7403 7347
3 7215 7346 7347
3 7215 7347 7216
3 7215 7216 6823
3 6822 7215 6823
3 10931 10983 11374
3 3314 3253 4326
3 2945 2885 2352
3 4098 4159 3950
3 4098 3950 3888
3 4909 4098 3888
3 5900 4969 4909
3 5838 5900 4909
3 5944 6121 5838
3 7346 7215 6822
3 8273 7403 7346
3 8226 8273 7346
3 8150 8354 8226
3 11266 11318 8150
3 10931 11374 11266
3 10819 10931 11266
3 10393 10871 10819
3 10331 10393 10819
3 10123 10279 10331
3 10185 10123 10331
3 9817 10185 10331
3 9265 9755 9817
3 9339 9265 9817
3 8866 9339 9817
3 7957 8757 8866
3 8017 7957 8866
3 7520 7825 7885
3 7586 7520 7885
3 6673 6953 7019
3 6739 6673 7019
3 5698 6379 6445
3 5766 5698 6445
3 5540 5766 6445
3 4836 5472 5540
3 4404 4744 4836
3 3314 4326 4404
3 2827 3314 4404
3 2412 2769 2827
3 2470 2412 2827
3 2945 2352 2470
3 3065 2945 2470
3 3794 3007 3065
3 3888 3794 3065
3 4909 3888 3065
3 5838 4909 3065
3 5944 5838 3065
3 6822 5944 3065
3 8226 7346 6822
3 8150 8226 6822
3 11266 8150 6822
3 10819 11266 6822
3 10331 10819 6822
3 9817 10331 6822
3 8866 9817 6822
3 8017 8866 6822
3 7885 8017 6822
3 7586 7885 6822
3 7019 7586 6822
3 6739 7019 6822
3 6445 6739 6822
3 5540 6445 6822
3 4836 5540 6822
3 2827 4404 4836
3 2470 2827 4836
3 3065 2470 4836
3 6822 3065 4836
3 10934 10986 11377
3 3317 3256 4329
3 2948 2888 2355
3 4101 4162 3953
3 4101 3953 3891
3 4912 4101 3891
3 5903 4972 4912
3 5841 5903 4912
3 5947 6124 5841
3 7349 7218 6825
3 8276 7406 7349
3 8229 8276 7349
3 8153 8357 8229
3 11269 11321 8153
3 10934 11377 11269
3 10822 10934 11269
3 10396 10874 10822
3 10334 10396 10822
3 10126 10282 10334
3 10188 10126 10334
3 9820 10188 10334
3 9268 9758 9820
3 9342 9268 9820
3 8869 9342 9820
3 7960 8760 8869
3 8020 7960 8869
3 7523 7828 7888
3 7589 7523 7888
3 6676 6956 7022
3 6742 6676 7022
3 5701 6382 6448
3 5769 5701 6448
3 5543 5769 6448
3 4839 5475 5543
3 4407 4747 4839
3 3317 4329 4407
3 2830 3317 4407
3 2415 2772 2830
3 2473 2415 2830
3 2948 2355 2473
3 3068 2948 2473
3 3797 3010 3068
3 3891 3797 3068
3 4912 3891 3068
3 5841 4912 3068
3 5947 5841 3068
3 6825 5947 3068
3 8229 7349 6825
3 8153 8229 6825
3 11269 8153 6825
3 10822 11269 6825
3 10334 10822 6825
3 9820 10334 6825
3 8869 9820 6825
3 8020 8869 6825
3 7888 8020 6825
3 7589 7888 6825
3 7022 7589 6825
3 6742 7022 6825
3 6448 6742 6825
3 5543 6448 6825
3 4839 5543 6825
3 2830 4407 4839
3 2473 2830 4839
3 3068 2473 4839
3 6825 3068 4839
3 5946 6824 6825
3 5946 6825 5947
3 6123 5946 5947
3 6123 5947 6124
3 5840 6123 6124
3 5840 6124 5841
3 5902 5840 5841
3 5902 5841 5903
3 4971 5902 5903
3 4971 5903 4972
3 4971 4972 4912
3 4911 4971 4912
3 4100 4911 4912
3 4100 4912 4101
3 4161 4100 4101
3 4161 4101 4162
3 3952 4161 4162
3 3952 4162 3953
3 3952 3953 3891
3 3890 3952 3891
3 3796 3890 3891
3 3796 3891 3797
3 3796 3797 3010
3 3009 3796 3010
3 3009 3010 3068
3 3067 3009 3068
3 3067 3068 2948
3 2947 3067 2948
3 2887 2947 2948
3 2887 2948 2888
3 2887 2888 2355
3 2354 2887 2355
3 2354 2355 2473
3 2472 2354 2473
3 2472 2473 2415
3 2414 2472 2415
3 2414 2415 2772
3 2771 2414 2772
3 2829 2771 2772
3 2829 2772 2830
3 2829 2830 3317
3 3316 2829 3317
3 3316 3317 3256
3 3255 3316 3256
3 3255 3256 4329
3 4328 3255 4329
3 4406 4328 4329
3 4406 4329 4407
3 4406 4407 4747
3 4746 4406 4747
3 4838 4746 4747
3 4838 4747 4839
3 4838 4839 5475
3 5474 4838 5475
3 5542 5474 5475
3 5542 5475 5543
3 5542 5543 5769
3 5768 5542 5769
3 5768 5769 5701
3 5700 5768 5701
3 5700 5701 6382
3 6381 5700 6382
3 6447 6381 6382
3 6447 6382 6448
3 6447 6448 6742
3 6741 6447 6742
3 6741 6742 6676
3 6675 6741 6676
3 6675 6676 6956
3 6955 6675 6956
3 7021 6955 6956
3 7021 6956 7022
3 7021 7022 7589
3 7588 7021 7589
3 7588 7589 7523
3 7522 7588 7523
3 7522 7523 7828
3 7827 7522 7828
3 7887 7827 7828
3 7887 7828 7888
3 7887 7888 8020
3 8019 7887 8020
3 8019 8020 7960
3 7959 8019 7960
3 7959 7960 8760
3 8759 7959 8760
3 8868 8759 8760
3 8868 8760 8869
3 8868 8869 9342
3 9341 8868 9342
3 9341 9342 9268
3 9267 9341 9268
3 9267 9268 9758
3 9757 9267 9758
3 9819 9757 9758
3 9819 9758 9820
3 9819 9820 10188
3 10187 9819 10188
3 10187 10188 10126
3 10125 10187 10126
3 10125 10126 10282
3 10281 10125 10282
3 10333 10281 10282
3 10333 10282 10334
3 10333 10334 10396
3 10395 10333 10396
3 10873 10395 10396
3 10873 10396 10874
3 10821 10873 10874
3 10821 10874 10822
3 10933 10821 10822
3 10933 10822 10934
3 10933 10934 10986
3 10985 10933 10986
3 11376 10985 10986
3 11376 10986 11377
3 11268 11376 11377
3 11268 11377 11269
3 11320 11268 11269
3 11320 11269 11321
3 8152 11320 11321
3 8152 11321 8153
3 8356 8152 8153
3 8356 8153 8357
3 8228 8356 8357
3 8228 8357 8229
3 8275 8228 8229
3 8275 8229 8276
3 7405 8275 8276
3 7405 8276 7406
3 7405 7406 7349
3 7348 7405 7349
3 7217 7348 7349
3 7217 7349 7218
3 7217 7218 6825
3 6824 7217 6825
3 10933 10985 11376
3 3316 3255 4328
3 2947 2887 2354
3 4100 4161 3952
3 4100 3952 3890
3 4911 4100 3890
3 5902 4971 4911
3 5840 5902 4911
3 5946 6123 5840
3 7348 7217 6824
3 8275 7405 7348
3 8228 8275 7348
3 8152 8356 8228
3 11268 11320 8152
3 10933 11376 11268
3 10821 10933 11268
3 10395 10873 10821
3 10333 10395 10821
3 10125 10281 10333
3 10187 10125 10333
3 9819 10187 10333
3 9267 9757 9819
3 9341 9267 9819
3 8868 9341 9819
3 7959 8759 8868
3 8019 7959 8868
3 7522 7827 7887
3 7588 7522 7887
3 6675 6955 7021
3 6741 6675 7021
3 5700 6381 6447
3 5768 5700 6447
3 5542 5768 6447
3 4838 5474 5542
3 4406 4746 4838
3 3316 4328 4406
3 2829 3316 4406
3 2414 2771 2829
3 2472 2414 2829
3 2947 2354 2472
3 3067 2947 2472
3 3796 3009 3067
3 3890 3796 3067
3 4911 3890 3067
3 5840 4911 3067
3 5946 5840 3067
3 6824 5946 3067
3 8228 7348 6824
3 8152 8228 6824
3 11268 8152 6824
3 10821 11268 6824
3 10333 10821 6824
3 9819 10333 6824
3 8868 9819 6824
3 8019 8868 6824
3 7887 8019 6824
3 7588 7887 6824
3 7021 7588 6824
3 6741 7021 6824
3 6447 6741 6824
3 5542 6447 6824
3 4838 5542 6824
3 2829 4406 4838
3 2472 2829 4838
3 3067 2472 4838
3 6824 3067 4838
3 10914 10966 11357
3 3297 3236 4309
3 2928 2868 2335
3 4081 4142 3933
3 4081 3933 3871
3 4892 4081 3871
3 5883 4952 4892
3 5821 5883 4892
3 5927 6104 5821
3 7329 7198 6805
3 8256 7386 7329
3 8209 8256 7329
3 8133 8337 8209
3 11249 11301 8133
3 10914 11357 11249
3 10802 10914 11249
3 10376 10854 10802
3 10314 10376 10802
3 10106 10262 10314
3 10168 10106 10314
3 9800 10168 10314
3 9248 9738 9800
3 9322 9248 9800
3 8849 9322 9800
3 7940 8740 8849
3 8000 7940 8849
3 7503 7808 7868
3 7569 7503 7868
3 6656 6936 7002
3 6722 6656 7002
3 5681 6362 6428
3 5749 5681 6428
3 5523 5749 6428
3 4819 5455 5523
3 4387 4727 4819
3 3297 4309 4387
3 2810 3297 4387
3 2395 2752 2810
3 2453 2395 2810
3 2928 2335 2453
3 3048 2928 2453
3 3777 2990 3048
3 3871 3777 3048
3 4892 3871 3048
3 5821 4892 3048
3 5927 5821 3048
3 6805 5927 3048
3 8209 7329 6805
3 8133 8209 6805
3 11249 8133 6805
3 10802 11249 6805
3 10314 10802 6805
3 9800 10314 6805
3 8849 9800 6805
3 8000 8849 6805
3 7868 8000 6805
3 7569 7868 6805
3 7002 7569 6805
3 6722 7002 6805
3 6428 6722 6805
3 5523 6428 6805
3 4819 5523 6805
3 2810 4387 4819
3 2453 2810 4819
3 3048 2453 4819
3 6805 3048 4819
3 6806 6805 7198
3 7199 6806 7198
3 7330 7199 7198
3 7330 7198 7329
3 7330 7329 7386
3 7387 7330 7386
3 8257 7387 7386
3 8257 7386 8256
3 8210 8257 8256
3 8210 8256 8209
3 8338 8210 8209
3 8338 8209 8337
3 8134 8338 8337
3 8134 8337 8133
3 11302 8134 8133
3 11302 8133 11301
3 11250 11302 11301
3 11250 11301 11249
3 11358 11250 11249
3 11358 11249 11357
3 10967 11358 11357
3 10967 11357 10966
3 10967 10966 10914
3 10915 10967 10914
3 10803 10915 10914
3 10803 10914 10802
3 10855 10803 10802
3 10855 10802 10854
3 10377 10855 10854
3 10377 10854 10376
3 10377 10376 10314
3 10315 10377 10314
3 10263 10315 10314
3 10263 10314 10262
3 10263 10262 10106
3 10107 10263 10106
3 10107 10106 10168
3 10169 10107 10168
3 10169 10168 9800
3 9801 10169 9800
3 9739 9801 9800
3 9739 9800 9738
3 9739 9738 9248
3 9249 9739 9248
3 9249 9248 9322
3 9323 9249 9322
3 9323 9322 8849
3 8850 9323 8849
3 8741 8850 8849
3 8741 8849 8740
3 8741 8740 7940
3 7941 8741 7940
3 7941 7940 8000
3 8001 7941 8000
3 8001 8000 7868
3 7869 8001 7868
3 7809 7869 7868
3 7809 7868 7808
3 7809 7808 7503
3 7504 7809 7503
3 7504 7503 7569
3 7570 7504 7569
3 7570 7569 7002
3 7003 7570 7002
3 6937 7003 7002
3 6937 7002 6936
3 6937 6936 6656
3 6657 6937 6656
3 6657 6656 6722
3 6723 6657 6722
3 6723 6722 6428
3 6429 6723 6428
3 6363 6429 6428
3 6363 6428 6362
3 6363 6362 5681
3 5682 6363 5681
3 5682 5681 5749
3 5750 5682 5749
3 5750 5749 5523
3 5524 5750 5523
3 5456 5524 5523
3 5456 5523 5455
3 5456 5455 4819
3 4820 5456 4819
3 4728 4820 4819
3 4728 4819 4727
3 4728 4727 4387
3 4388 4728 4387
3 4310 4388 4387
3 4310 4387 4309
3 4310 4309 3236
3 3237 4310 3236
3 3237 3236 3297
3 3298 3237 3297
3 3298 3297 2810
3 2811 3298 2810
3 2753 2811 2810
3 2753 2810 2752
3 2753 2752 2395
3 2396 2753 2395
3 2396 2395 2453
3 2454 2396 2453
3 2454 2453 2335
3 2336 2454 2335
3 2336 2335 2868
3 2869 2336 2868
3 2929 2869 2868
3 2929 2868 2928
3 2929 2928 3048
3 3049 2929 3048
3 3049 3048 2990
3 2991 3049 2990
3 2991 2990 3777
3 3778 2991 3777
3 3872 3778 3777
3 3872 3777 3871
3 3872 3871 3933
3 3934 3872 3933
3 4143 3934 3933
3 4143 3933 4142
3 4082 4143 4142
3 4082 4142 4081
3 4893 4082 4081
3 4893 4081 4892
3 4893 4892 4952
3 4953 4893 4952
3 5884 4953 4952
3 5884 4952 5883
3 5822 5884 5883
3 5822 5883 5821
3 6105 5822 5821
3 6105 5821 6104
3 5928 6105 6104
3 5928 6104 5927
3 6806 5928 5927
3 6806 5927 6805
3 10915 10967 11358
3 3298 3237 4310
3 2929 2869 2336
3 4082 4143 3934
3 4082 3934 3872
3 4893 4082 3872
3 5884 4953 4893
3 5822 5884 4893
3 5928 6105 5822
3 7330 7199 6806
3 8257 7387 7330
3 8210 8257 7330
3 8134 8338 8210
3 11250 11302 8134
3 10915 11358 11250
3 10803 10915 11250
3 10377 10855 10803
3 10315 10377 10803
3 10107 10263 10315
3 10169 10107 10315
3 9801 10169 10315
3 9249 9739 9801
3 9323 9249 9801
3 8850 9323 9801
3 7941 8741 8850
3 8001 7941 8850
3 7504 7809 7869
3 7570 7504 7869
3 6657 6937 7003
3 6723 6657 7003
3 5682 6363 6429
3 5750 5682 6429
3 5524 5750 6429
3 4820 5456 5524
3 4388 4728 4820
3 3298 4310 4388
3 2811 3298 4388
3 2396 2753 2811
3 2454 2396 2811
3 2929 2336 2454
3 3049 2929 2454
3 3778 2991 3049
3 3872 3778 3049
3 4893 3872 3049
3 5822 4893 3049
3 5928 5822 3049
3 6806 5928 3049
3 8210 7330 6806
3 8134 8210 6806
3 11250 8134 6806
3 10803 11250 6806
3 10315 10803 6806
3 9801 10315 6806
3 8850 9801 6806
3 8001 8850 6806
3 7869 8001 6806
3 7570 7869 6806
3 7003 7570 6806
3 6723 7003 6806
3 6429 6723 6806
3 5524 6429 6806
3 4820 5524 6806
3 2811 4388 4820
3 2454 2811 4820
3 3049 2454 4820
3 6806 3049 4820
3 10912 10964 11355
3 3295 3234 4307
3 2926 2866 2333
3 4079 4140 3931
3 4079 3931 3869
3 4890 4079 3869
3 5881 4950 4890
3 5819 5881 4890
3 5925 6102 5819
3 7327 7196 6803
3 8254 7384 7327
3 8207 8254 7327
3 8131 8335 8207
3 11247 11299 8131
3 10912 11355 11247
3 10800 10912 11247
3 10374 10852 10800
3 10312 10374 10800
3 10104 10260 10312
3 10166 10104 10312
3 9798 10166 10312
3 9246 9736 9798
3 9320 9246 9798
3 8847 9320 9798
3 7938 8738 8847
3 7998 7938 8847
3 7501 7806 7866
3 7567 7501 7866
3 6654 6934 7000
3 6720 6654 7000
3 5679 6360 6426
3 5747 5679 6426
3 5521 5747 6426
3 4817 5453 5521
3 4385 4725 4817
3 3295 4307 4385
3 2808 3295 4385
3 2393 2750 2808
3 2451 2393 2808
3 2926 2333 2451
3 3046 2926 2451
3 3775 2988 3046
3 3869 3775 3046
3 4890 3869 3046
3 5819 4890 3046
3 5925 5819 3046
3 6803 5925 3046
3 8207 7327 6803
3 8131 8207 6803
3 11247 8131 6803
3 10800 11247 6803
3 10312 10800 6803
3 9798 10312 6803
3 8847 9798 6803
3 7998 8847 6803
3 7866 7998 6803
3 7567 7866 6803
3 7000 7567 6803
3 6720 7000 6803
3 6426 6720 6803
3 5521 6426 6803
3 4817 5521 6803
3 2808 4385 4817
3 2451 2808 4817
3 3046 2451 4817
3 6803 3046 4817
3 6804 6803 7196
3 7197 6804 7196
3 7328 7197 7196
3 7328 7196 7327
3 7328 7327 7384
3 7385 7328 7384
3 8255 7385 7384
3 8255 7384 8254
3 8208 8255 8254
3 8208 8254 8207
3 8336 8208 8207
3 8336 8207 8335
3 8132 8336 8335
3 8132 8335 8131
3 11300 8132 8131
3 11300 8131 11299
3 11248 11300 11299
3 11248 11299 11247
3 11356 11248 11247
3 11356 11247 11355
3 10965 11356 11355
3 10965 11355 10964
3 10965 10964 10912
3 10913 10965 10912
3 10801 10913 10912
3 10801 10912 10800
3 10853 10801 10800
3 10853 10800 10852
3 10375 10853 10852
3 10375 10852 10374
3 10375 10374 10312
3 10313 10375 10312
3 10261 10313 10312
3 10261 10312 10260
3 10261 10260 10104
3 10105 10261 10104
3 10105 10104 10166
3 10167 10105 10166
3 10167 10166 9798
3 9799 10167 9798
3 9737 9799 9798
3 9737 9798 9736
3 9737 9736 9246
3 9247 9737 9246
3 9247 9246 9320
3 9321 9247 9320
3 9321 9320 8847
3 8848 9321 8847
3 8739 8848 8847
3 8739 8847 8738
3 8739 8738 7938
3 7939 8739 7938
3 7939 7938 7998
3 7999 7939 7998
3 7999 7998 7866
3 7867 7999 7866
3 7807 7867 7866
3 7807 7866 7806
3 7807 7806 7501
3 7502 7807 7501
3 7502 7501 7567
3 7568 7502 7567
3 7568 7567 7000
3 7001 7568 7000
3 6935 7001 7000
3 6935 7000 6934
3 6935 6934 6654
3 6655 6935 6654
3 6655 6654 6720
3 6721 6655 6720
3 6721 6720 6426
3 6427 6721 6426
3 6361 6427 6426
3 6361 6426 6360
3 6361 6360 5679
3 5680 6361 5679
3 5680 5679 5747
3 5748 5680 5747
3 5748 5747 5521
3 5522 5748 5521
3 5454 5522 5521
3 5454 5521 5453
3 5454 5453 4817
3 4818 5454 4817
3 4726 4818 4817
3 4726 4817 4725
3 4726 4725 4385
3 4386 4726 4385
3 4308 4386 4385
3 4308 4385 4307
3 4308 4307 3234
3 3235 4308 3234
3 3235 3234 3295
3 3296 3235 3295
3 3296 3295 2808
3 2809 3296 2808
3 2751 2809 2808
3 2751 2808 2750
3 2751 2750 2393
3 2394 2751 2393
3 2394 2393 2451
3 2452 2394 2451
3 2452 2451 2333
3 2334 2452 2333
3 2334 2333 2866
3 2867 2334 2866
3 2927 2867 2866
3 2927 2866 2926
3 2927 2926 3046
3 3047 2927 3046
3 3047 3046 2988
3 2989 3047 2988
3 2989 2988 3775
3 3776 2989 3775
3 3870 3776 3775
3 3870 3775 3869
3 3870 3869 3931
3 3932 3870 3931
3 4141 3932 3931
3 4141 3931 4140
3 4080 4141 4140
3 4080 4140 4079
3 4891 4080 4079
3 4891 4079 4890
3 4891 4890 4950
3 4951 4891 4950
3 5882 4951 4950
3 5882 4950 5881
3 5820 5882 5881
3 5820 5881 5819
3 6103 5820 5819
3 6103 5819 6102
3 5926 6103 6102
3 5926 6102 5925
3 6804 5926 5925
3 6804 5925 6803
3 10913 10965 11356
3 3296 3235 4308
3 2927 2867 2334
3 4080 4141 3932
3 4080 3932 3870
3 4891 4080 3870
3 5882 4951 4891
3 5820 5882 4891
3 5926 6103 5820
3 7328 7197 6804
3 8255 7385 7328
3 8208 8255 7328
3 8132 8336 8208
3 11248 11300 8132
3 10913 11356 11248
3 10801 10913 11248
3 10375 10853 10801
3 10313 10375 10801
3 10105 10261 10313
3 10167 10105 10313
3 9799 10167 10313
3 9247 9737 9799
3 9321 9247 9799
3 8848 9321 9799
3 7939 8739 8848
3 7999 7939 8848
3 7502 7807 7867
3 7568 7502 7867
3 6655 6935 7001
3 6721 6655 7001
3 5680 6361 6427
3 5748 5680 6427
3 5522 5748 6427
3 4818 5454 5522
3 4386 4726 4818
3 3296 4308 4386
3 2809 3296 4386
3 2394 2751 2809
3 2452 2394 2809
3 2927 2334 2452
3 3047 2927 2452
3 3776 2989 3047
3 3870 3776 3047
3 4891 3870 3047
3 5820 4891 3047
3 5926 5820 3047
3 6804 5926 3047
3 8208 7328 6804
3 8132 8208 6804
3 11248 8132 6804
3 10801 11248 6804
3 10313 10801 6804
3 9799 10313 6804
3 8848 9799 6804
3 7999 8848 6804
3 7867 7999 6804
3 7568 7867 6804
3 7001 7568 6804
3 6721 7001 6804
3 6427 6721 6804
3 5522 6427 6804
3 4818 5522 6804
3 2809 4386 4818
3 2452 2809 4818
3 3047 2452 4818
3 6804 3047 4818
3 10916 10968 11359
3 3299 3238 4311
3 2930 2870 2337
3 4083 4144 3935
3 4083 3935 3873
3 4894 4083 3873
3 5885 4954 4894
3 5823 5885 4894
3 5929 6106 5823
3 7331 7200 6807
3 8258 7388 7331
3 8211 8258 7331
3 8135 8339 8211
3 11251 11303 8135
3 10916 11359 11251
3 10804 10916 11251
3 10378 10856 10804
3 10316 10378 10804
3 10108 10264 10316
3 10170 10108 10316
3 9802 10170 10316
3 9250 9740 9802
3 9324 9250 9802
3 8851 9324 9802
3 7942 8742 8851
3 8002 7942 8851
3 7505 7810 7870
3 7571 7505 7870
3 6658 6938 7004
3 6724 6658 7004
3 5683 6364 6430
3 5751 5683 6430
3 5525 5751 6430
3 4821 5457 5525
3 4389 4729 4821
3 3299 4311 4389
3 2812 3299 4389
3 2397 2754 2812
3 2455 2397 2812
3 2930 2337 2455
3 3050 2930 2455
3 3779 2992 3050
3 3873 3779 3050
3 4894 3873 3050
3 5823 4894 3050
3 5929 5823 3050
3 6807 5929 3050
3 8211 7331 6807
3 8135 8211 6807
3 11251 8135 6807
3 10804 11251 6807
3 10316 10804 6807
3 9802 10316 6807
3 8851 9802 6807
3 8002 8851 6807
3 7870 8002 6807
3 7571 7870 6807
3 7004 7571 6807
3 6724 7004 6807
3 6430 6724 6807
3 5525 6430 6807
3 4821 5525 6807
3 2812 4389 4821
3 2455 2812 4821
3 3050 2455 4821
3 6807 3050 4821
3 6808 6807 7200
3 7201 6808 7200
3 7332 7201 7200
3 7332 7200 7331
3 7332 7331 7388
3 7389 7332 7388
3 8259 7389 7388
3 8259 7388 8258
3 8212 8259 8258
3 8212 8258 8211
3 8340 8212 8211
3 8340 8211 8339
3 8136 8340 8339
3 8136 8339 8135
3 11304 8136 8135
3 11304 8135 11303
3 11252 11304 11303
3 11252 11303 11251
3 11360 11252 11251
3 11360 11251 11359
3 10969 11360 11359
3 10969 11359 10968
3 10969 10968 10916
3 10917 10969 10916
3 10805 10917 10916
3 10805 10916 10804
3 10857 10805 10804
3 10857 10804 10856
3 10379 10857 10856
3 10379 10856 10378
3 10379 10378 10316
3 10317 10379 10316
3 10265 10317 10316
3 10265 10316 10264
3 10265 10264 10108
3 10109 10265 10108
3 10109 10108 10170
3 10171 10109 10170
3 10171 10170 9802
3 9803 10171 9802
3 9741 9803 9802
3 9741 9802 9740
3 9741 9740 9250
3 9251 9741 9250
3 9251 9250 9324
3 9325 9251 9324
3 9325 9324 8851
3 8852 9325 8851
3 8743 8852 8851
3 8743 8851 8742
3 8743 8742 7942
3 7943 8743 7942
3 7943 7942 8002
3 8003 7943 8002
3 8003 8002 7870
3 7871 8003 7870
3 7811 7871 7870
3 7811 7870 7810
3 7811 7810 7505
3 7506 7811 7505
3 7506 7505 7571
3 7572 7506 7571
3 7572 7571 7004
3 7005 7572 7004
3 6939 7005 7004
3 6939 7004 6938
3 6939 6938 6658
3 6659 6939 6658
3 6659 6658 6724
3 6725 6659 6724
3 6725 6724 6430
3 6431 6725 6430
3 6365 6431 6430
3 6365 6430 6364
3 6365 6364 5683
3 5684 6365 5683
3 5684 5683 5751
3 5752 5684 5751
3 5752 5751 5525
3 5526 5752 5525
3 5458 5526 5525
3 5458 5525 5457
3 5458 5457 4821
3 4822 5458 4821
3 4730 4822 4821
3 4730 4821 4729
3 4730 4729 4389
3 4390 4730 4389
3 4312 4390 4389
3 4312 4389 4311
3 4312 4311 3238
3 3239 4312 3238
3 3239 3238 3299
3 3300 3239 3299
3 3300 3299 2812
3 2813 3300 2812
3 2755 2813 2812
3 2755 2812 2754
3 2755 2754 2397
3 2398 2755 2397
3 2398 2397 2455
3 2456 2398 2455
3 2456 2455 2337
3 2338 2456 2337
3 2338 2337 2870
3 2871 2338 2870
3 2931 2871 2870
3 2931 2870 2930
3 2931 2930 3050
3 3051 2931 3050
3 3051 3050 2992
3 2993 3051 2992
3 2993 2992 3779
3 3780 2993 3779
3 3874 3780 3779
3 3874 3779 3873
3 3874 3873 3935
3 3936 3874 3935
3 4145 3936 3935
3 4145 3935 4144
3 4084 4145 4144
3 4084 4144 4083
3 4895 4084 4083
3 4895 4083 4894
3 4895 4894 4954
3 4955 4895 4954
3 5886 4955 4954
3 5886 4954 5885
3 5824 5886 5885
3 5824 5885 5823
3 6107 5824 5823
3 6107 5823 6106
3 5930 6107 6106
3 5930 6106 5929
3 6808 5930 5929
3 6808 5929 6807
3 10917 10969 11360
3 3300 3239 4312
3 2931 2871 2338
3 4084 4145 3936
3 4084 3936 3874
3 4895 4084 3874
3 5886 4955 4895
3 5824 5886 4895
3 5930 6107 5824
3 7332 7201 6808
3 8259 7389 7332
3 8212 8259 7332
3 8136 8340 8212
3 11252 11304 8136
3 10917 11360 11252
3 10805 10917 11252
3 10379 10857 10805
3 10317 10379 10805
3 10109 10265 10317
3 10171 10109 10317
3 9803 10171 10317
3 9251 9741 9803
3 9325 9251 9803
3 8852 9325 9803
3 7943 8743 8852
3 8003 7943 8852
3 7506 7811 7871
3 7572 7506 7871
3 6659 6939 7005
3 6725 6659 7005
3 5684 6365 6431
3 5752 5684 6431
3 5526 5752 6431
3 4822 5458 5526
3 4390 4730 4822
3 3300 4312 4390
3 2813 3300 4390
3 2398 2755 2813
3 2456 2398 2813
3 2931 2338 2456
3 3051 2931 2456
3 3780 2993 3051
3 3874 3780 3051
3 4895 3874 3051
3 5824 4895 3051
3 5930 5824 3051
3 6808 5930 3051
3 8212 7332 6808
3 8136 8212 6808
3 11252 8136 6808
3 10805 11252 6808
3 10317 10805 6808
3 9803 10317 6808
3 8852 9803 6808
3 8003 8852 6808
3 7871 8003 6808
3 7572 7871 6808
3 7005 7572 6808
3 6725 7005 6808
3 6431 6725 6808
3 5526 6431 6808
3 4822 5526 6808
3 2813 4390 4822
3 2456 2813 4822
3 3051 2456 4822
3 6808 3051 4822
3 10918 10970 11361
3 3301 3240 4313
3 2932 2872 2339
3 4085 4146 3937
3 4085 3937 3875
3 4896 4085 3875
3 5887 4956 4896
3 5825 5887 4896
3 5931 6108 5825
3 7333 7202 6809
3 8260 7390 7333
3 8213 8260 7333
3 8137 8341 8213
3 11253 11305 8137
3 10918 11361 11253
3 10806 10918 11253
3 10380 10858 10806
3 10318 10380 10806
3 10110 10266 10318
3 10172 10110 10318
3 9804 10172 10318
3 9252 9742 9804
3 9326 9252 9804
3 8853 9326 9804
3 7944 8744 8853
3 8004 7944 8853
3 7507 7812 7872
3 7573 7507 7872
3 6660 6940 7006
3 6726 6660 7006
3 5685 6366 6432
3 5753 5685 6432
3 5527 5753 6432
3 4823 5459 5527
3 4391 4731 4823
3 3301 4313 4391
3 2814 3301 4391
3 2399 2756 2814
3 2457 2399 2814
3 2932 2339 2457
3 3052 2932 2457
3 3781 2994 3052
3 3875 3781 3052
3 4896 3875 3052
3 5825 4896 3052
3 5931 5825 3052
3 6809 5931 3052
3 8213 7333 6809
3 8137 8213 6809
3 11253 8137 6809
3 10806 11253 6809
3 10318 10806 6809
3 9804 10318 6809
3 8853 9804 6809
3 8004 8853 6809
3 7872 8004 6809
3 7573 7872 6809
3 7006 7573 6809
3 6726 7006 6809
3 6432 6726 6809
3 5527 6432 6809
3 4823 5527 6809
3 2814 4391 4823
3 2457 2814 4823
3 3052 2457 4823
3 6809 3052 4823
3 6810 6809 7202
3 7203 6810 7202
3 7334 7203 7202
3 7334 7202 7333
3 7334 7333 7390
3 7391 7334 7390
3 8261 7391 7390
3 8261 7390 8260
3 8214 8261 8260
3 8214 8260 8213
3 8342 8214 8213
3 8342 8213 8341
3 8138 8342 8341
3 8138 8341 8137
3 11306 8138 8137
3 11306 8137 11305
3 11254 11306 11305
3 11254 11305 11253
3 11362 11254 11253
3 11362 11253 11361
3 10971 11362 11361
3 10971 11361 10970
3 10971 10970 10918
3 10919 10971 10918
3 10807 10919 10918
3 10807 10918 10806
3 10859 10807 10806
3 10859 10806 10858
3 10381 10859 10858
3 10381 10858 10380
3 10381 10380 10318
3 10319 10381 10318
3 10267 10319 10318
3 10267 10318 10266
3 10267 10266 10110
3 10111 10267 10110
3 10111 10110 10172
3 10173 10111 10172
3 10173 10172 9804
3 9805 10173 9804
3 9743 9805 9804
3 9743 9804 9742
3 9743 9742 9252
3 9253 9743 9252
3 9253 9252 9326
3 9327 9253 9326
3 9327 9326 8853
3 8854 9327 8853
3 8745 8854 8853
3 8745 8853 8744
3 8745 8744 7944
3 7945 8745 7944
3 7945 7944 8004
3 8005 7945 8004
3 8005 8004 7872
3 7873 8005 7872
3 7813 7873 7872
3 7813 7872 7812
3 7813 7812 7507
3 7508 7813 7507
3 7508 7507 7573
3 7574 7508 7573
3 7574 7573 7006
3 7007 7574 7006
3 6941 7007 7006
3 6941 7006 6940
3 6941 6940 6660
3 6661 6941 6660
3 6661 6660 6726
3 6727 6661 6726
3 6727 6726 6432
3 6433 6727 6432
3 6367 6433 6432
3 6367 6432 6366
3 6367 6366 5685
3 5686 6367 5685
3 5686 5685 5753
3 5754 5686 5753
3 5754 5753 5527
3 5528 5754 5527
3 5460 5528 5527
3 5460 5527 5459
3 5460 5459 4823
3 4824 5460 4823
3 4732 4824 4823
3 4732 4823 4731
3 4732 4731 4391
3 4392 4732 4391
3 4314 4392 4391
3 4314 4391 4313
3 4314 4313 3240
3 3241 4314 3240
3 3241 3240 3301
3 3302 3241 3301
3 3302 3301 2814
3 2815 3302 2814
3 2757 2815 2814
3 2757 2814 2756
3 2757 2756 2399
3 2400 2757 2399
3 2400 2399 2457
3 2458 2400 2457
3 2458 2457 2339
3 2340 2458 2339
3 2340 2339 2872
3 2873 2340 2872
3 2933 2873 2872
3 2933 2872 2932
3 2933 2932 3052
3 3053 2933 3052
3 3053 3052 2994
3 2995 3053 2994
3 2995 2994 3781
3 3782 2995 3781
3 3876 3782 3781
3 3876 3781 3875
3 3876 3875 3937
3 3938 3876 3937
3 4147 3938 3937
3 4147 3937 4146
3 4086 4147 4146
3 4086 4146 4085
3 4897 4086 4085
3 4897 4085 4896
3 4897 4896 4956
3 4957 4897 4956
3 5888 4957 4956
3 5888 4956 5887
3 5826 5888 5887
3 5826 5887 5825
3 6109 5826 5825
3 6109 5825 6108
3 5932 6109 6108
3 5932 6108 5931
3 6810 5932 5931
3 6810 5931 6809
3 10919 10971 11362
3 3302 3241 4314
3 2933 2873 2340
3 4086 4147 3938
3 4086 3938 3876
3 4897 4086 3876
3 5888 4957 4897
3 5826 5888 4897
3 5932 6109 5826
3 7334 7203 6810
3 8261 7391 7334
3 8214 8261 7334
3 8138 8342 8214
3 11254 11306 8138
3 10919 11362 11254
3 10807 10919 11254
3 10381 10859 10807
3 10319 10381 10807
3 10111 10267 10319
3 10173 10111 10319
3 9805 10173 10319
3 9253 9743 9805
3 9327 9253 9805
3 8854 9327 9805
3 7945 8745 8854
3 8005 7945 8854
3 7508 7813 7873
3 7574 7508 7873
3 6661 6941 7007
3 6727 6661 7007
3 5686 6367 6433
3 5754 5686 6433
3 5528 5754 6433
3 4824 5460 5528
3 4392 4732 4824
3 3302 4314 4392
3 2815 3302 4392
3 2400 2757 2815
3 2458 2400 2815
3 2933 2340 2458
3 3053 2933 2458
3 3782 2995 3053
3 3876 3782 3053
3 4897 3876 3053
3 5826 4897 3053
3 5932 5826 3053
3 6810 5932 3053
3 8214 7334 6810
3 8138 8214 6810
3 11254 8138 6810
3 10807 11254 6810
3 10319 10807 6810
3 9805 10319 6810
3 8854 9805 6810
3 8005 8854 6810
3 7873 8005 6810
3 7574 7873 6810
3 7007 7574 6810
3 6727 7007 6810
3 6433 6727 6810
3 5528 6433 6810
3 4824 5528 6810
3 2815 4392 4824
3 2458 2815 4824
3 3053 2458 4824
3 6810 3053 4824
3 10920 10972 11363
3 3303 3242 4315
3 2934 2874 2341
3 4087 4148 3939
3 4087 3939 3877
3 4898 4087 3877
3 5889 4958 4898
3 5827 5889 4898
3 5933 6110 5827
3 7335 7204 6811
3 8262 7392 7335
3 8215 8262 7335
3 8139 8343 8215
3 11255 11307 8139
3 10920 11363 11255
3 10808 10920 11255
3 10382 10860 10808
3 10320 10382 10808
3 10112 10268 10320
3 10174 10112 10320
3 9806 10174 10320
3 9254 9744 9806
3 9328 9254 9806
3 8855 9328 9806
3 7946 8746 8855
3 8006 7946 8855
3 7509 7814 7874
3 7575 7509 7874
3 6662 6942 7008
3 6728 6662 7008
3 5687 6368 6434
3 5755 5687 6434
3 5529 5755 6434
3 4825 5461 5529
3 4393 4733 4825
3 3303 4315 4393
3 2816 3303 4393
3 2401 2758 2816
3 2459 2401 2816
3 2934 2341 2459
3 3054 2934 2459
3 3783 2996 3054
3 3877 3783 3054
3 4898 3877 3054
3 5827 4898 3054
3 5933 5827 3054
3 6811 5933 3054
3 8215 7335 6811
3 8139 8215 6811
3 11255 8139 6811
3 10808 11255 6811
3 10320 10808 6811
3 9806 10320 6811
3 8855 9806 6811
3 8006 8855 6811
3 7874 8006 6811
3 7575 7874 6811
3 7008 7575 6811
3 6728 7008 6811
3 6434 6728 6811
3 5529 6434 6811
3 4825 5529 6811
3 2816 4393 4825
3 2459 2816 4825
3 3054 2459 4825
3 6811 3054 4825
3 6812 6811 7204
3 7205 6812 7204
3 7336 7205 7204
3 7336 7204 7335
3 7336 7335 7392
3 7393 7336 7392
3 8263 7393 7392
3 8263 7392 8262
3 8216 8263 8262
3 8216 8262 8215
3 8344 8216 8215
3 8344 8215 8343
3 8140 8344 8343
3 8140 8343 8139
3 11308 8140 8139
3 11308 8139 11307
3 11256 11308 11307
3 11256 11307 11255
3 11364 11256 11255
3 11364 11255 11363
3 10973 11364 11363
3 10973 11363 10972
3 10973 10972 10920
3 10921 10973 10920
3 10809 10921 10920
3 10809 10920 10808
3 10861 10809 10808
3 10861 10808 10860
3 10383 10861 10860
3 10383 10860 10382
3 10383 10382 10320
3 10321 10383 10320
3 10269 10321 10320
3 10269 10320 10268
3 10269 10268 10112
3 10113 10269 10112
3 10113 10112 10174
3 10175 10113 10174
3 10175 10174 9806
3 9807 10175 9806
3 9745 9807 9806
3 9745 9806 9744
3 9745 9744 9254
3 9255 9745 9254
3 9255 9254 9328
3 9329 9255 9328
3 9329 9328 8855
3 8856 9329 8855
3 8747 8856 8855
3 8747 8855 8746
3 8747 8746 7946
3 7947 8747 7946
3 7947 7946 8006
3 8007 7947 8006
3 8007 8006 7874
3 7875 8007 7874
3 7815 7875 7874
3 7815 7874 7814
3 7815 7814 7509
3 7510 7815 7509
3 7510 7509 7575
3 7576 7510 7575
3 7576 7575 7008
3 7009 7576 7008
3 6943 7009 7008
3 6943 7008 6942
3 6943 6942 6662
3 6663 6943 6662
3 6663 6662 6728
3 6729 6663 6728
3 6729 6728 6434
3 6435 6729 6434
3 6369 6435 6434
3 6369 6434 6368
3 6369 6368 5687
3 5688 6369 5687
3 5688 5687 5755
3 5756 5688 5755
3 5756 5755 5529
3 5530 5756 5529
3 5462 5530 5529
3 5462 5529 5461
3 5462 5461 4825
3 4826 5462 4825
3 4734 4826 4825
3 4734 4825 4733
3 4734 4733 4393
3 4394 4734 4393
3 4316 4394 4393
3 4316 4393 4315
3 4316 4315 3242
3 3243 4316 3242
3 3243 3242 3303
3 3304 3243 3303
3 3304 3303 2816
3 2817 3304 2816
3 2759 2817 2816
3 2759 2816 2758
3 2759 2758 2401
3 2402 2759 2401
3 2402 2401 2459
3 2460 2402 2459
3 2460 2459 2341
3 2342 2460 2341
3 2342 2341 2874
3 2875 2342 2874
3 2935 2875 2874
3 2935 2874 2934
3 2935 2934 3054
3 3055 2935 3054
3 3055 3054 2996
3 2997 3055 2996
3 2997 2996 3783
3 3784 2997 3783
3 3878 3784 3783
3 3878 3783 3877
3 3878 3877 3939
3 3940 3878 3939
3 4149 3940 3939
3 4149 3939 4148
3 4088 4149 4148
3 4088 4148 4087
3 4899 4088 4087
3 4899 4087 4898
3 4899 4898 4958
3 4959 4899 4958
3 5890 4959 4958
3 5890 4958 5889
3 5828 5890 5889
3 5828 5889 5827
3 6111 5828 5827
3 6111 5827 6110
3 5934 6111 6110
3 5934 6110 5933
3 6812 5934 5933
3 6812 5933 6811
3 10921 10973 11364
3 3304 3243 4316
3 2935 2875 2342
3 4088 4149 3940
3 4088 3940 3878
3 4899 4088 3878
3 5890 4959 4899
3 5828 5890 4899
3 5934 6111 5828
3 7336 7205 6812
3 8263 7393 7336
3 8216 8263 7336
3 8140 8344 8216
3 11256 11308 8140
3 10921 11364 11256
3 10809 10921 11256
3 10383 10861 10809
3 10321 10383 10809
3 10113 10269 10321
3 10175 10113 10321
3 9807 10175 10321
3 9255 9745 9807
3 9329 9255 9807
3 8856 9329 9807
3 7947 8747 8856
3 8007 7947 8856
3 7510 7815 7875
3 7576 7510 7875
3 6663 6943 7009
3 6729 6663 7009
3 5688 6369 6435
3 5756 5688 6435
3 5530 5756 6435
3 4826 5462 5530
3 4394 4734 4826
3 3304 4316 4394
3 2817 3304 4394
3 2402 2759 2817
3 2460 2402 2817
3 2935 2342 2460
3 3055 2935 2460
3 3784 2997 3055
3 3878 3784 3055
3 4899 3878 3055
3 5828 4899 3055
3 5934 5828 3055
3 6812 5934 3055
3 8216 7336 6812
3 8140 8216 6812
3 11256 8140 6812
3 10809 11256 6812
3 10321 10809 6812
3 9807 10321 6812
3 8856 9807 6812
3 8007 8856 6812
3 7875 8007 6812
3 7576 7875 6812
3 7009 7576 6812
3 6729 7009 6812
3 6435 6729 6812
3 5530 6435 6812
3 4826 5530 6812
3 2817 4394 4826
3 2460 2817 4826
3 3055 2460 4826
3 6812 3055 4826
3 10922 10974 11365
3 3305 3244 4317
3 2936 2876 2343
3 4089 4150 3941
3 4089 3941 3879
3 4900 4089 3879
3 5891 4960 4900
3 5829 5891 4900
3 5935 6112 5829
3 7337 7206 6813
3 8264 7394 7337
3 8217 8264 7337
3 8141 8345 8217
3 11257 11309 8141
3 10922 11365 11257
3 10810 10922 11257
3 10384 10862 10810
3 10322 10384 10810
3 10114 10270 10322
3 10176 10114 10322
3 9808 10176 10322
3 9256 9746 9808
3 9330 9256 9808
3 8857 9330 9808
3 7948 8748 8857
3 8008 7948 8857
3 7511 7816 7876
3 7577 7511 7876
3 6664 6944 7010
3 6730 6664 7010
3 5689 6370 6436
3 5757 5689 6436
3 5531 5757 6436
3 4827 5463 5531
3 4395 4735 4827
3 3305 4317 4395
3 2818 3305 4395
3 2403 2760 2818
3 2461 2403 2818
3 2936 2343 2461
3 3056 2936 2461
3 3785 2998 3056
3 3879 3785 3056
3 4900 3879 3056
3 5829 4900 3056
3 5935 5829 3056
3 6813 5935 3056
3 8217 7337 6813
3 8141 8217 6813
3 11257 8141 6813
3 10810 11257 6813
3 10322 10810 6813
3 9808 10322 6813
3 8857 9808 6813
3 8008 8857 6813
3 7876 8008 6813
3 7577 7876 6813
3 7010 7577 6813
3 6730 7010 6813
3 6436 6730 6813
3 5531 6436 6813
3 4827 5531 6813
3 2818 4395 4827
3 2461 2818 4827
3 3056 2461 4827
3 6813 3056 4827
3 6814 6813 7206
3 7207 6814 7206
3 7338 7207 7206
3 7338 7206 7337
3 7338 7337 7394
3 7395 7338 7394
3 8265 7395 7394
3 8265 7394 8264
3 8218 8265 8264
3 8218 8264 8217
3 8346 8218 8217
3 8346 8217 8345
3 8142 8346 8345
3 8142 8345 8141
3 11310 8142 8141
3 11310 8141 11309
3 11258 11310 11309
3 11258 11309 11257
3 11366 11258 11257
3 11366 11257 11365
3 10975 11366 11365
3 10975 11365 10974
3 10975 10974 10922
3 10923 10975 10922
3 10811 10923 10922
3 10811 10922 10810
3 10863 10811 10810
3 10863 10810 10862
3 10385 10863 10862
3 10385 10862 10384
3 10385 10384 10322
3 10323 10385 10322
3 10271 10323 10322
3 10271 10322 10270
3 10271 10270 10114
3 10115 10271 10114
3 10115 10114 10176
3 10177 10115 10176
3 10177 10176 9808
3 9809 10177 9808
3 9747 9809 9808
3 9747 9808 9746
3 9747 9746 9256
3 9257 9747 9256
3 9257 9256 9330
3 9331 9257 9330
3 9331 9330 8857
3 8858 9331 8857
3 8749 8858 8857
3 8749 8857 8748
3 8749 8748 7948
3 7949 8749 7948
3 7949 7948 8008
3 8009 7949 8008
3 8009 8008 7876
3 7877 8009 7876
3 7817 7877 7876
3 7817 7876 7816
3 7817 7816 7511
3 7512 7817 7511
3 7512 7511 7577
3 7578 7512 7577
3 7578 7577 7010
3 7011 7578 7010
3 6945 7011 7010
3 6945 7010 6944
3 6945 6944 6664
3 6665 6945 6664
3 6665 6664 6730
3 6731 6665 6730
3 6731 6730 6436
3 6437 6731 6436
3 6371 6437 6436
3 6371 6436 6370
3 6371 6370 5689
3 5690 6371 5689
3 5690 5689 5757
3 5758 5690 5757
3 5758 5757 5531
3 5532 5758 5531
3 5464 5532 5531
3 5464 5531 5463
3 5464 5463 4827
3 4828 5464 4827
3 4736 4828 4827
3 4736 4827 4735
3 4736 4735 4395
3 4396 4736 4395
3 4318 4396 4395
3 4318 4395 4317
3 4318 4317 3244
3 3245 4318 3244
3 3245 3244 3305
3 3306 3245 3305
3 3306 3305 2818
3 2819 3306 2818
3 2761 2819 2818
3 2761 2818 2760
3 2761 2760 2403
3 2404 2761 2403
3 2404 2403 2461
3 2462 2404 2461
3 2462 2461 2343
3 2344 2462 2343
3 2344 2343 2876
3 2877 2344 2876
3 2937 2877 2876
3 2937 2876 2936
3 2937 2936 3056
3 3057 2937 3056
3 3057 3056 2998
3 2999 3057 2998
3 2999 2998 3785
3 3786 2999 3785
3 3880 3786 3785
3 3880 3785 3879
3 3880 3879 3941
3 3942 3880 3941
3 4151 3942 3941
3 4151 3941 4150
3 4090 4151 4150
3 4090 4150 4089
3 4901 4090 4089
3 4901 4089 4900
3 4901 4900 4960
3 4961 4901 4960
3 5892 4961 4960
3 5892 4960 5891
3 5830 5892 5891
3 5830 5891 5829
3 6113 5830 5829
3 6113 5829 6112
3 5936 6113 6112
3 5936 6112 5935
3 6814 5936 5935
3 6814 5935 6813
3 10923 10975 11366
3 3306 3245 4318
3 2937 2877 2344
3 4090 4151 3942
3 4090 3942 3880
3 4901 4090 3880
3 5892 4961 4901
3 5830 5892 4901
3 5936 6113 5830
3 7338 7207 6814
3 8265 7395 7338
3 8218 8265 7338
3 8142 8346 8218
3 11258 11310 8142
3 10923 11366 11258
3 10811 10923 11258
3 10385 10863 10811
3 10323 10385 10811
3 10115 10271 10323
3 10177 10115 10323
3 9809 10177 10323
3 9257 9747 9809
3 9331 9257 9809
3 8858 9331 9809
3 7949 8749 8858
3 8009 7949 8858
3 7512 7817 7877
3 7578 7512 7877
3 6665 6945 7011
3 6731 6665 7011
3 5690 6371 6437
3 5758 5690 6437
3 5532 5758 6437
3 4828 5464 5532
3 4396 4736 4828
3 3306 4318 4396
3 2819 3306 4396
3 2404 2761 2819
3 2462 2404 2819
3 2937 2344 2462
3 3057 2937 2462
3 3786 2999 3057
3 3880 3786 3057
3 4901 3880 3057
3 5830 4901 3057
3 5936 5830 3057
3 6814 5936 3057
3 8218 7338 6814
3 8142 8218 6814
3 11258 8142 6814
3 10811 11258 6814
3 10323 10811 6814
3 9809 10323 6814
3 8858 9809 6814
3 8009 8858 6814
3 7877 8009 6814
3 7578 7877 6814
3 7011 7578 6814
3 6731 7011 6814
3 6437 6731 6814
3 5532 6437 6814
3 4828 5532 6814
3 2819 4396 4828
3 2462 2819 4828
3 3057 2462 4828
3 6814 3057 4828
3 10924 10976 11367
3 3307 3246 4319
3 2938 2878 2345
3 4091 4152 3943
3 4091 3943 3881
3 4902 4091 3881
3 5893 4962 4902
3 5831 5893 4902
3 5937 6114 5831
3 7339 7208 6815
3 8266 7396 7339
3 8219 8266 7339
3 8143 8347 8219
3 11259 11311 8143
3 10924 11367 11259
3 10812 10924 11259
3 10386 10864 10812
3 10324 10386 10812
3 10116 10272 10324
3 10178 10116 10324
3 9810 10178 10324
3 9258 9748 9810
3 9332 9258 9810
3 8859 9332 9810
3 7950 8750 8859
3 8010 7950 8859
3 7513 7818 7878
3 7579 7513 7878
3 6666 6946 7012
3 6732 6666 7012
3 5691 6372 6438
3 5759 5691 6438
3 5533 5759 6438
3 4829 5465 5533
3 4397 4737 4829
3 3307 4319 4397
3 2820 3307 4397
3 2405 2762 2820
3 2463 2405 2820
3 2938 2345 2463
3 3058 2938 2463
3 3787 3000 3058
3 3881 3787 3058
3 4902 3881 3058
3 5831 4902 3058
3 5937 5831 3058
3 6815 5937 3058
3 8219 7339 6815
3 8143 8219 6815
3 11259 8143 6815
3 10812 11259 6815
3 10324 10812 6815
3 9810 10324 6815
3 8859 9810 6815
3 8010 8859 6815
3 7878 8010 6815
3 7579 7878 6815
3 7012 7579 6815
3 6732 7012 6815
3 6438 6732 6815
3 5533 6438 6815
3 4829 5533 6815
3 2820 4397 4829
3 2463 2820 4829
3 3058 2463 4829
3 6815 3058 4829
3 6816 6815 7208
3 7209 6816 7208
3 7340 7209 7208
3 7340 7208 7339
3 7340 7339 7396
3 7397 7340 7396
3 8267 7397 7396
3 8267 7396 8266
3 8220 8267 8266
3 8220 8266 8219
3 8348 8220 8219
3 8348 8219 8347
3 8144 8348 8347
3 8144 8347 8143
3 11312 8144 8143
3 11312 8143 11311
3 11260 11312 11311
3 11260 11311 11259
3 11368 11260 11259
3 11368 11259 11367
3 10977 11368 11367
3 10977 11367 10976
3 10977 10976 10924
3 10925 10977 10924
3 10813 10925 10924
3 10813 10924 10812
3 10865 10813 10812
3 10865 10812 10864
3 10387 10865 10864
3 10387 10864 10386
3 10387 10386 10324
3 10325 10387 10324
3 10273 10325 10324
3 10273 10324 10272
3 10273 10272 10116
3 10117 10273 10116
3 10117 10116 10178
3 10179 10117 10178
3 10179 10178 9810
3 9811 10179 9810
3 9749 9811 9810
3 9749 9810 9748
3 9749 9748 9258
3 9259 9749 9258
3 9259 9258 9332
3 9333 9259 9332
3 9333 9332 8859
3 8860 9333 8859
3 8751 8860 8859
3 8751 8859 8750
3 8751 8750 7950
3 7951 8751 7950
3 7951 7950 8010
3 8011 7951 8010
3 8011 8010 7878
3 7879 8011 7878
3 7819 7879 7878
3 7819 7878 7818
3 7819 7818 7513
3 7514 7819 7513
3 7514 7513 7579
3 7580 7514 7579
3 7580 7579 7012
3 7013 7580 7012
3 6947 7013 7012
3 6947 7012 6946
3 6947 6946 6666
3 6667 6947 6666
3 6667 6666 6732
3 6733 6667 6732
3 6733 6732 6438
3 6439 6733 6438
3 6373 6439 6438
3 6373 6438 6372
3 6373 6372 5691
3 5692 6373 5691
3 5692 5691 5759
3 5760 5692 5759
3 5760 5759 5533
3 5534 5760 5533
3 5466 5534 5533
3 5466 5533 5465
3 5466 5465 4829
3 4830 5466 4829
3 4738 4830 4829
3 4738 4829 4737
3 4738 4737 4397
3 4398 4738 4397
3 4320 4398 4397
3 4320 4397 4319
3 4320 4319 3246
3 3247 4320 3246
3 3247 3246 3307
3 3308 3247 3307
3 3308 3307 2820
3 2821 3308 2820
3 2763 2821 2820
3 2763 2820 2762
3 2763 2762 2405
3 2406 2763 2405
3 2406 2405 2463
3 2464 2406 2463
3 2464 2463 2345
3 2346 2464 2345
3 2346 2345 2878
3 2879 2346 2878
3 2939 2879 2878
3 2939 2878 2938
3 2939 2938 3058
3 3059 2939 3058
3 3059 3058 3000
3 3001 3059 3000
3 3001 3000 3787
3 3788 3001 3787
3 3882 3788 3787
3 3882 3787 3881
3 3882 3881 3943
3 3944 3882 3943
3 4153 3944 3943
3 4153 3943 4152
3 4092 4153 4152
3 4092 4152 4091
3 4903 4092 4091
3 4903 4091 4902
3 4903 4902 4962
3 4963 4903 4962
3 5894 4963 4962
3 5894 4962 5893
3 5832 5894 5893
3 5832 5893 5831
3 6115 5832 5831
3 6115 5831 6114
3 5938 6115 6114
3 5938 6114 5937
3 6816 5938 5937
3 6816 5937 6815
3 10925 10977 11368
3 3308 3247 4320
3 2939 2879 2346
3 4092 4153 3944
3 4092 3944 3882
3 4903 4092 3882
3 5894 4963 4903
3 5832 5894 4903
3 5938 6115 5832
3 7340 7209 6816
3 8267 7397 7340
3 8220 8267 7340
3 8144 8348 8220
3 11260 11312 8144
3 10925 11368 11260
3 10813 10925 11260
3 10387 10865 10813
3 10325 10387 10813
3 10117 10273 10325
3 10179 10117 10325
3 9811 10179 10325
3 9259 9749 9811
3 9333 9259 9811
3 8860 9333 9811
3 7951 8751 8860
3 8011 7951 8860
3 7514 7819 7879
3 7580 7514 7879
3 6667 6947 7013
3 6733 6667 7013
3 5692 6373 6439
3 5760 5692 6439
3 5534 5760 6439
3 4830 5466 5534
3 4398 4738 4830
3 3308 4320 4398
3 2821 3308 4398
3 2406 2763 2821
3 2464 2406 2821
3 2939 2346 2464
3 3059 2939 2464
3 3788 3001 3059
3 3882 3788 3059
3 4903 3882 3059
3 5832 4903 3059
3 5938 5832 3059
3 6816 5938 3059
3 8220 7340 6816
3 8144 8220 6816
3 11260 8144 6816
3 10813 11260 6816
3 10325 10813 6816
3 9811 10325 6816
3 8860 9811 6816
3 8011 8860 6816
3 7879 8011 6816
3 7580 7879 6816
3 7013 7580 6816
3 6733 7013 6816
3 6439 6733 6816
3 5534 6439 6816
3 4830 5534 6816
3 2821 4398 4830
3 2464 2821 4830
3 3059 2464 4830
3 6816 3059 4830
3 10926 10978 11369
3 3309 3248 4321
3 2940 2880 2347
3 4093 4154 3945
3 4093 3945 3883
3 4904 4093 3883
3 5895 4964 4904
3 5833 5895 4904
3 5939 6116 5833
3 7341 7210 6817
3 8268 7398 7341
3 8221 8268 7341
3 8145 8349 8221
3 11261 11313 8145
3 10926 11369 11261
3 10814 10926 11261
3 10388 10866 10814
3 10326 10388 10814
3 10118 10274 10326
3 10180 10118 10326
3 9812 10180 10326
3 9260 9750 9812
3 9334 9260 9812
3 8861 9334 9812
3 7952 8752 8861
3 8012 7952 8861
3 7515 7820 7880
3 7581 7515 7880
3 6668 6948 7014
3 6734 6668 7014
3 5693 6374 6440
3 5761 5693 6440
3 5535 5761 6440
3 4831 5467 5535
3 4399 4739 4831
3 3309 4321 4399
3 2822 3309 4399
3 2407 2764 2822
3 2465 2407 2822
3 2940 2347 2465
3 3060 2940 2465
3 3789 3002 3060
3 3883 3789 3060
3 4904 3883 3060
3 5833 4904 3060
3 5939 5833 3060
3 6817 5939 3060
3 8221 7341 6817
3 8145 8221 6817
3 11261 8145 6817
3 10814 11261 6817
3 10326 10814 6817
3 9812 10326 6817
3 8861 9812 6817
3 8012 8861 6817
3 7880 8012 6817
3 7581 7880 6817
3 7014 7581 6817
3 6734 7014 6817
3 6440 6734 6817
3 5535 6440 6817
3 4831 5535 6817
3 2822 4399 4831
3 2465 2822 4831
3 3060 2465 4831
3 6817 3060 4831
3 6818 6817 7210
3 7211 6818 7210
3 7342 7211 7210
3 7342 7210 7341
3 7342 7341 7398
3 7399 7342 7398
3 8269 7399 7398
3 8269 7398 8268
3 8222 8269 8268
3 8222 8268 8221
3 8350 8222 8221
3 8350 8221 8349
3 8146 8350 8349
3 8146 8349 8145
3 11314 8146 8145
3 11314 8145 11313
3 11262 11314 11313
3 11262 11313 11261
3 11370 11262 11261
3 11370 11261 11369
3 10979 11370 11369
3 10979 11369 10978
3 10979 10978 10926
3 10927 10979 10926
3 10815 10927 10926
3 10815 10926 10814
3 10867 10815 10814
3 10867 10814 10866
3 10389 10867 10866
3 10389 10866 10388
3 10389 10388 10326
3 10327 10389 10326
3 10275 10327 10326
3 10275 10326 10274
3 10275 10274 10118
3 10119 10275 10118
3 10119 10118 10180
3 10181 10119 10180
3 10181 10180 9812
3 9813 10181 9812
3 9751 9813 9812
3 9751 9812 9750
3 9751 9750 9260
3 9261 9751 9260
3 9261 9260 9334
3 9335 9261 9334
3 9335 9334 8861
3 8862 9335 8861
3 8753 8862 8861
3 8753 8861 8752
3 8753 8752 7952
3 7953 8753 7952
3 7953 7952 8012
3 8013 7953 8012
3 8013 8012 7880
3 7881 8013 7880
3 7821 7881 7880
3 7821 7880 7820
3 7821 7820 7515
3 7516 7821 7515
3 7516 7515 7581
3 7582 7516 7581
3 7582 7581 7014
3 7015 7582 7014
3 6949 7015 7014
3 6949 7014 6948
3 6949 6948 6668
3 6669 6949 6668
3 6669 6668 6734
3 6735 6669 6734
3 6735 6734 6440
3 6441 6735 6440
3 6375 6441 6440
3 6375 6440 6374
3 6375 6374 5693
3 5694 6375 5693
3 5694 5693 5761
3 5762 5694 5761
3 5762 5761 5535
3 5536 5762 5535
3 5468 5536 5535
3 5468 5535 5467
3 5468 5467 4831
3 4832 5468 4831
3 4740 4832 4831
3 4740 4831 4739
3 4740 4739 4399
3 4400 4740 4399
3 4322 4400 4399
3 4322 4399 4321
3 4322 4321 3248
3 3249 4322 3248
3 3249 3248 3309
3 3310 3249 3309
3 3310 3309 2822
3 2823 3310 2822
3 2765 2823 2822
3 2765 2822 2764
3 2765 2764 2407
3 2408 2765 2407
3 2408 2407 2465
3 2466 2408 2465
3 2466 2465 2347
3 2348 2466 2347
3 2348 2347 2880
3 2881 2348 2880
3 2941 2881 2880
3 2941 2880 2940
3 2941 2940 3060
3 3061 2941 3060
3 3061 3060 3002
3 3003 3061 3002
3 3003 3002 3789
3 3790 3003 3789
3 3884 3790 3789
3 3884 3789 3883
3 3884 3883 3945
3 3946 3884 3945
3 4155 3946 3945
3 4155 3945 4154
3 4094 4155 4154
3 4094 4154 4093
3 4905 4094 4093
3 4905 4093 4904
3 4905 4904 4964
3 4965 4905 4964
3 5896 4965 4964
3 5896 4964 5895
3 5834 5896 5895
3 5834 5895 5833
3 6117 5834 5833
3 6117 5833 6116
3 5940 6117 6116
3 5940 6116 5939
3 6818 5940 5939
3 6818 5939 6817
3 10927 10979 11370
3 3310 3249 4322
3 2941 2881 2348
3 4094 4155 3946
3 4094 3946 3884
3 4905 4094 3884
3 5896 4965 4905
3 5834 5896 4905
3 5940 6117 5834
3 7342 7211 6818
3 8269 7399 7342
3 8222 8269 7342
3 8146 8350 8222
3 11262 11314 8146
3 10927 11370 11262
3 10815 10927 11262
3 10389 10867 10815
3 10327 10389 10815
3 10119 10275 10327
3 10181 10119 10327
3 9813 10181 10327
3 9261 9751 9813
3 9335 9261 9813
3 8862 9335 9813
3 7953 8753 8862
3 8013 7953 8862
3 7516 7821 7881
3 7582 7516 7881
3 6669 6949 7015
3 6735 6669 7015
3 5694 6375 6441
3 5762 5694 6441
3 5536 5762 6441
3 4832 5468 5536
3 4400 4740 4832
3 3310 4322 4400
3 2823 3310 4400
3 2408 2765 2823
3 2466 2408 2823
3 2941 2348 2466
3 3061 2941 2466
3 3790 3003 3061
3 3884 3790 3061
3 4905 3884 3061
3 5834 4905 3061
3 5940 5834 3061
3 6818 5940 3061
3 8222 7342 6818
3 8146 8222 6818
3 11262 8146 6818
3 10815 11262 6818
3 10327 10815 6818
3 9813 10327 6818
3 8862 9813 6818
3 8013 8862 6818
3 7881 8013 6818
3 7582 7881 6818
3 7015 7582 6818
3 6735 7015 6818
3 6441 6735 6818
3 5536 6441 6818
3 4832 5536 6818
3 2823 4400 4832
3 2466 2823 4832
3 3061 2466 4832
3 6818 3061 4832
3 10928 10980 11371
3 3311 3250 4323
3 2942 2882 2349
3 4095 4156 3947
3 4095 3947 3885
3 4906 4095 3885
3 5897 4966 4906
3 5835 5897 4906
3 5941 6118 5835
3 7343 7212 6819
3 8270 7400 7343
3 8223 8270 7343
3 8147 8351 8223
3 11263 11315 8147
3 10928 11371 11263
3 10816 10928 11263
3 10390 10868 10816
3 10328 10390 10816
3 10120 10276 10328
3 10182 10120 10328
3 9814 10182 10328
3 9262 9752 9814
3 9336 9262 9814
3 8863 9336 9814
3 7954 8754 8863
3 8014 7954 8863
3 7517 7822 7882
3 7583 7517 7882
3 6670 6950 7016
3 6736 6670 7016
3 5695 6376 6442
3 5763 5695 6442
3 5537 5763 6442
3 4833 5469 5537
3 4401 4741 4833
3 3311 4323 4401
3 2824 3311 4401
3 2409 2766 2824
3 2467 2409 2824
3 2942 2349 2467
3 3062 2942 2467
3 3791 3004 3062
3 3885 3791 3062
3 4906 3885 3062
3 5835 4906 3062
3 5941 5835 3062
3 6819 5941 3062
3 8223 7343 6819
3 8147 8223 6819
3 11263 8147 6819
3 10816 11263 6819
3 10328 10816 6819
3 9814 10328 6819
3 8863 9814 6819
3 8014 8863 6819
3 7882 8014 6819
3 7583 7882 6819
3 7016 7583 6819
3 6736 7016 6819
3 6442 6736 6819
3 5537 6442 6819
3 4833 5537 6819
3 2824 4401 4833
3 2467 2824 4833
3 3062 2467 4833
3 6819 3062 4833
3 6820 6819 7212
3 7213 6820 7212
3 7344 7213 7212
3 7344 7212 7343
3 7344 7343 7400
3 7401 7344 7400
3 8271 7401 7400
3 8271 7400 8270
3 8224 8271 8270
3 8224 8270 8223
3 8352 8224 8223
3 8352 8223 8351
3 8148 8352 8351
3 8148 8351 8147
3 11316 8148 8147
3 11316 8147 11315
3 11264 11316 11315
3 11264 11315 11263
3 11372 11264 11263
3 11372 11263 11371
3 10981 11372 11371
3 10981 11371 10980
3 10981 10980 10928
3 10929 10981 10928
3 10817 10929 10928
3 10817 10928 10816
3 10869 10817 10816
3 10869 10816 10868
3 10391 10869 10868
3 10391 10868 10390
3 10391 10390 10328
3 10329 10391 10328
3 10277 10329 10328
3 10277 10328 10276
3 10277 10276 10120
3 10121 10277 10120
3 10121 10120 10182
3 10183 10121 10182
3 10183 10182 9814
3 9815 10183 9814
3 9753 9815 9814
3 9753 9814 9752
3 9753 9752 9262
3 9263 9753 9262
3 9263 9262 9336
3 9337 9263 9336
3 9337 9336 8863
3 8864 9337 8863
3 8755 8864 8863
3 8755 8863 8754
3 8755 8754 7954
3 7955 8755 7954
3 7955 7954 8014
3 8015 7955 8014
3 8015 8014 7882
3 7883 8015 7882
3 7823 7883 7882
3 7823 7882 7822
3 7823 7822 7517
3 7518 7823 7517
3 7518 7517 7583
3 7584 7518 7583
3 7584 7583 7016
3 7017 7584 7016
3 6951 7017 7016
3 6951 7016 6950
3 6951 6950 6670
3 6671 6951 6670
3 6671 6670 6736
3 6737 6671 6736
3 6737 6736 6442
3 6443 6737 6442
3 6377 6443 6442
3 6377 6442 6376
3 6377 6376 5695
3 5696 6377 5695
3 5696 5695 5763
3 5764 5696 5763
3 5764 5763 5537
3 5538 5764 5537
3 5470 5538 5537
3 5470 5537 5469
3 5470 5469 4833
3 4834 5470 4833
3 4742 4834 4833
3 4742 4833 4741
3 4742 4741 4401
3 4402 4742 4401
3 4324 4402 4401
3 4324 4401 4323
3 4324 4323 3250
3 3251 4324 3250
3 3251 3250 3311
3 3312 3251 3311
3 3312 3311 2824
3 2825 3312 2824
3 2767 2825 2824
3 2767 2824 2766
3 2767 2766 2409
3 2410 2767 2409
3 2410 2409 2467
3 2468 2410 2467
3 2468 2467 2349
3 2350 2468 2349
3 2350 2349 2882
3 2883 2350 2882
3 2943 2883 2882
3 2943 2882 2942
3 2943 2942 3062
3 3063 2943 3062
3 3063 3062 3004
3 3005 3063 3004
3 3005 3004 3791
3 3792 3005 3791
3 3886 3792 3791
3 3886 3791 3885
3 3886 3885 3947
3 3948 3886 3947
3 4157 3948 3947
3 4157 3947 4156
3 4096 4157 4156
3 4096 4156 4095
3 4907 4096 4095
3 4907 4095 4906
3 4907 4906 4966
3 4967 4907 4966
3 5898 4967 4966
3 5898 4966 5897
3 5836 5898 5897
3 5836 5897 5835
3 6119 5836 5835
3 6119 5835 6118
3 5942 6119 6118
3 5942 6118 5941
3 6820 5942 5941
3 6820 5941 6819
3 10929 10981 11372
3 3312 3251 4324
3 2943 2883 2350
3 4096 4157 3948
3 4096 3948 3886
3 4907 4096 3886
3 5898 4967 4907
3 5836 5898 4907
3 5942 6119 5836
3 7344 7213 6820
3 8271 7401 7344
3 8224 8271 7344
3 8148 8352 8224
3 11264 11316 8148
3 10929 11372 11264
3 10817 10929 11264
3 10391 10869 10817
3 10329 10391 10817
3 10121 10277 10329
3 10183 10121 10329
3 9815 10183 10329
3 9263 9753 9815
3 9337 9263 9815
3 8864 9337 9815
3 7955 8755 8864
3 8015 7955 8864
3 7518 7823 7883
3 7584 7518 7883
3 6671 6951 7017
3 6737 6671 7017
3 5696 6377 6443
3 5764 5696 6443
3 5538 5764 6443
3 4834 5470 5538
3 4402 4742 4834
3 3312 4324 4402
3 2825 3312 4402
3 2410 2767 2825
3 2468 2410 2825
3 2943 2350 2468
3 3063 2943 2468
3 3792 3005 3063
3 3886 3792 3063
3 4907 3886 3063
3 5836 4907 3063
3 5942 5836 3063
3 6820 5942 3063
3 8224 7344 6820
3 8148 8224 6820
3 11264 8148 6820
3 10817 11264 6820
3 10329 10817 6820
3 9815 10329 6820
3 8864 9815 6820
3 8015 8864 6820
3 7883 8015 6820
3 7584 7883 6820
3 7017 7584 6820
3 6737 7017 6820
3 6443 6737 6820
3 5538 6443 6820
3 4834 5538 6820
3 2825 4402 4834
3 2468 2825 4834
3 3063 2468 4834
3 6820 3063 4834
3 10930 10982 11373
3 3313 3252 4325
3 2944 2884 2351
3 4097 4158 3949
3 4097 3949 3887
3 4908 4097 3887
3 5899 4968 4908
3 5837 5899 4908
3 5943 6120 5837
3 7345 7214 6821
3 8272 7402 7345
3 8225 8272 7345
3 8149 8353 8225
3 11265 11317 8149
3 10930 11373 11265
3 10818 10930 11265
3 10392 10870 10818
3 10330 10392 10818
3 10122 10278 10330
3 10184 10122 10330
3 9816 10184 10330
3 9264 9754 9816
3 9338 9264 9816
3 8865 9338 9816
3 7956 8756 8865
3 8016 7956 8865
3 7519 7824 7884
3 7585 7519 7884
3 6672 6952 7018
3 6738 6672 7018
3 5697 6378 6444
3 5765 5697 6444
3 5539 5765 6444
3 4835 5471 5539
3 4403 4743 4835
3 3313 4325 4403
3 2826 3313 4403
3 2411 2768 2826
3 2469 2411 2826
3 2944 2351 2469
3 3064 2944 2469
3 3793 3006 3064
3 3887 3793 3064
3 4908 3887 3064
3 5837 4908 3064
3 5943 5837 3064
3 6821 5943 3064
3 8225 7345 6821
3 8149 8225 6821
3 11265 8149 6821
3 10818 11265 6821
3 10330 10818 6821
3 9816 10330 6821
3 8865 9816 6821
3 8016 8865 6821
3 7884 8016 6821
3 7585 7884 6821
3 7018 7585 6821
3 6738 7018 6821
3 6444 6738 6821
3 5539 6444 6821
3 4835 5539 6821
3 2826 4403 4835
3 2469 2826 4835
3 3064 2469 4835
3 6821 3064 4835
3 6822 6821 7214
3 7215 6822 7214
3 7346 7215 7214
3 7346 7214 7345
3 7346 7345 7402
3 7403 7346 7402
3 8273 7403 7402
3 8273 7402 8272
3 8226 8273 8272
3 8226 8272 8225
3 8354 8226 8225
3 8354 8225 8353
3 8150 8354 8353
3 8150 8353 8149
3 11318 8150 8149
3 11318 8149 11317
3 11266 11318 11317
3 11266 11317 11265
3 11374 11266 11265
3 11374 11265 11373
3 10983 11374 11373
3 10983 11373 10982
3 10983 10982 10930
3 10931 10983 10930
3 10819 10931 10930
3 10819 10930 10818
3 10871 10819 10818
3 10871 10818 10870
3 10393 10871 10870
3 10393 10870 10392
3 10393 10392 10330
3 10331 10393 10330
3 10279 10331 10330
3 10279 10330 10278
3 10279 10278 10122
3 10123 10279 10122
3 10123 10122 10184
3 10185 10123 10184
3 10185 10184 9816
3 9817 10185 9816
3 9755 9817 9816
3 9755 9816 9754
3 9755 9754 9264
3 9265 9755 9264
3 9265 9264 9338
3 9339 9265 9338
3 9339 9338 8865
3 8866 9339 8865
3 8757 8866 8865
3 8757 8865 8756
3 8757 8756 7956
3 7957 8757 7956
3 7957 7956 8016
3 8017 7957 8016
3 8017 8016 7884
3 7885 8017 7884
3 7825 7885 7884
3 7825 7884 7824
3 7825 7824 7519
3 7520 7825 7519
3 7520 7519 7585
3 7586 7520 7585
3 7586 7585 7018
3 7019 7586 7018
3 6953 7019 7018
3 6953 7018 6952
3 6953 6952 6672
3 6673 6953 6672
3 6673 6672 6738
3 6739 6673 6738
3 6739 6738 6444
3 6445 6739 6444
3 6379 6445 6444
3 6379 6444 6378
3 6379 6378 5697
3 5698 6379 5697
3 5698 5697 5765
3 5766 5698 5765
3 5766 5765 5539
3 5540 5766 5539
3 5472 5540 5539
3 5472 5539 5471
3 5472 5471 4835
3 4836 5472 4835
3 4744 4836 4835
3 4744 4835 4743
3 4744 4743 4403
3 4404 4744 4403
3 4326 4404 4403
3 4326 4403 4325
3 4326 4325 3252
3 3253 4326 3252
3 3253 3252 3313
3 3314 3253 3313
3 3314 3313 2826
3 2827 3314 2826
3 2769 2827 2826
3 2769 2826 2768
3 2769 2768 2411
3 2412 2769 2411
3 2412 2411 2469
3 2470 2412 2469
3 2470 2469 2351
3 2352 2470 2351
3 2352 2351 2884
3 2885 2352 2884
3 2945 2885 2884
3 2945 2884 2944
3 2945 2944 3064
3 3065 2945 3064
3 3065 3064 3006
3 3007 3065 3006
3 3007 3006 3793
3 3794 3007 3793
3 3888 3794 3793
3 3888 3793 3887
3 3888 3887 3949
3 3950 3888 3949
3 4159 3950 3949
3 4159 3949 4158
3 4098 4159 4158
3 4098 4158 4097
3 4909 4098 4097
3 4909 4097 4908
3 4909 4908 4968
3 4969 4909 4968
3 5900 4969 4968
3 5900 4968 5899
3 5838 5900 5899
3 5838 5899 5837
3 6121 5838 5837
3 6121 5837 6120
3 5944 6121 6120
3 5944 6120 5943
3 6822 5944 5943
3 6822 5943 6821
3 10931 10983 11374
3 3314 3253 4326
3 2945 2885 2352
3 4098 4159 3950
3 4098 3950 3888
3 4909 4098 3888
3 5900 4969 4909
3 5838 5900 4909
3 5944 6121 5838
3 7346 7215 6822
3 8273 7403 7346
3 8226 8273 7346
3 8150 8354 8226
3 11266 11318 8150
3 10931 11374 11266
3 10819 10931 11266
3 10393 10871 10819
3 10331 10393 10819
3 10123 10279 10331
3 10185 10123 10331
3 9817 10185 10331
3 9265 9755 9817
3 9339 9265 9817
3 8866 9339 9817
3 7957 8757 8866
3 8017 7957 8866
3 7520 7825 7885
3 7586 7520 7885
3 6673 6953 7019
3 6739 6673 7019
3 5698 6379 6445
3 5766 5698 6445
3 5540 5766 6445
3 4836 5472 5540
3 4404 4744 4836
3 3314 4326 4404
3 2827 3314 4404
3 2412 2769 2827
3 2470 2412 2827
3 2945 2352 2470
3 3065 2945 2470
3 3794 3007 3065
3 3888 3794 3065
3 4909 3888 3065
3 5838 4909 3065
3 5944 5838 3065
3 6822 5944 3065
3 8226 7346 6822
3 8150 8226 6822
3 11266 8150 6822
3 10819 11266 6822
3 10331 10819 6822
3 9817 10331 6822
3 8866 9817 6822
3 8017 8866 6822
3 7885 8017 6822
3 7586 7885 6822
3 7019 7586 6822
3 6739 7019 6822
3 6445 6739 6822
3 5540 6445 6822
3 4836 5540 6822
3 2827 4404 4836
3 2470 2827 4836
3 3065 2470 4836
3 6822 3065 4836
3 10932 10984 11375
3 3315 3254 4327
3 2946 2886 2353
3 4099 4160 3951
3 4099 3951 3889
3 4910 4099 3889
3 5901 4970 4910
3 5839 5901 4910
3 5945 6122 5839
3 7347 7216 6823
3 8274 7404 7347
3 8227 8274 7347
3 8151 8355 8227
3 11267 11319 8151
3 10932 11375 11267
3 10820 10932 11267
3 10394 10872 10820
3 10332 10394 10820
3 10124 10280 10332
3 10186 10124 10332
3 9818 10186 10332
3 9266 9756 9818
3 9340 9266 9818
3 8867 9340 9818
3 7958 8758 8867
3 8018 7958 8867
3 7521 7826 7886
3 7587 7521 7886
3 6674 6954 7020
3 6740 6674 7020
3 5699 6380 6446
3 5767 5699 6446
3 5541 5767 6446
3 4837 5473 5541
3 4405 4745 4837
3 3315 4327 4405
3 2828 3315 4405
3 2413 2770 2828
3 2471 2413 2828
3 2946 2353 2471
3 3066 2946 2471
3 3795 3008 3066
3 3889 3795 3066
3 4910 3889 3066
3 5839 4910 3066
3 5945 5839 3066
3 6823 5945 3066
3 8227 7347 6823
3 8151 8227 6823
3 11267 8151 6823
3 10820 11267 6823
3 10332 10820 6823
3 9818 10332 6823
3 8867 9818 6823
3 8018 8867 6823
3 7886 8018 6823
3 7587 7886 6823
3 7020 7587 6823
3 6740 7020 6823
3 6446 6740 6823
3 5541 6446 6823
3 4837 5541 6823
3 2828 4405 4837
3 2471 2828 4837
3 3066 2471 4837
3 6823 3066 4837
3 6824 6823 7216
3 7217 6824 7216
3 7348 7217 7216
3 7348 7216 7347
3 7348 7347 7404
3 7405 7348 7404
3 8275 7405 7404
3 8275 7404 8274
3 8228 8275 8274
3 8228 8274 8227
3 8356 8228 8227
3 8356 8227 8355
3 8152 8356 8355
3 8152 8355 8151
3 11320 8152 8151
3 11320 8151 11319
3 11268 11320 11319
3 11268 11319 11267
3 11376 11268 11267
3 11376 11267 11375
3 10985 11376 11375
3 10985 11375 10984
3 10985 10984 10932
3 10933 10985 10932
3 10821 10933 10932
3 10821 10932 10820
3 10873 10821 10820
3 10873 10820 10872
3 10395 10873 10872
3 10395 10872 10394
3 10395 10394 10332
3 10333 10395 10332
3 10281 10333 10332
3 10281 10332 10280
3 10281 10280 10124
3 10125 10281 10124
3 10125 10124 10186
3 10187 10125 10186
3 10187 10186 9818
3 9819 10187 9818
3 9757 9819 9818
3 9757 9818 9756
3 9757 9756 9266
3 9267 9757 9266
3 9267 9266 9340
3 9341 9267 9340
3 9341 9340 8867
3 8868 9341 8867
3 8759 8868 8867
3 8759 8867 8758
3 8759 8758 7958
3 7959 8759 7958
3 7959 7958 8018
3 8019 7959 8018
3 8019 8018 7886
3 7887 8019 7886
3 7827 7887 7886
3 7827 7886 7826
3 7827 7826 7521
3 7522 7827 7521
3 7522 7521 7587
3 7588 7522 7587
3 7588 7587 7020
3 7021 7588 7020
3 6955 7021 7020
3 6955 7020 6954
3 6955 6954 6674
3 6675 6955 6674
3 6675 6674 6740
3 6741 6675 6740
3 6741 6740 6446
3 6447 6741 6446
3 6381 6447 6446
3 6381 6446 6380
3 6381 6380 5699
3 5700 6381 5699
3 5700 5699 5767
3 5768 5700 5767
3 5768 5767 5541
3 5542 5768 5541
3 5474 5542 5541
3 5474 5541 5473
3 5474 5473 4837
3 4838 5474 4837
3 4746 4838 4837
3 4746 4837 4745
3 4746 4745 4405
3 4406 4746 4405
3 4328 4406 4405
3 4328 4405 4327
3 4328 4327 3254
3 3255 4328 3254
3 3255 3254 3315
3 3316 3255 3315
3 3316 3315 2828
3 2829 3316 2828
3 2771 2829 2828
3 2771 2828 2770
3 2771 2770 2413
3 2414 2771 2413
3 2414 2413 2471
3 2472 2414 2471
3 2472 2471 2353
3 2354 2472 2353
3 2354 2353 2886
3 2887 2354 2886
3 2947 2887 2886
3 2947 2886 2946
3 2947 2946 3066
3 3067 2947 3066
3 3067 3066 3008
3 3009 3067 3008
3 3009 3008 3795
3 3796 3009 3795
3 3890 3796 3795
3 3890 3795 3889
3 3890 3889 3951
3 3952 3890 3951
3 4161 3952 3951
3 4161 3951 4160
3 4100 4161 4160
3 4100 4160 4099
3 4911 4100 4099
3 4911 4099 4910
3 4911 4910 4970
3 4971 4911 4970
3 5902 4971 4970
3 5902 4970 5901
3 5840 5902 5901
3 5840 5901 5839
3 6123 5840 5839
3 6123 5839 6122
3 5946 6123 6122
3 5946 6122 5945
3 6824 5946 5945
3 6824 5945 6823
3 10933 10985 11376
3 3316 3255 4328
3 2947 2887 2354
3 4100 4161 3952
3 4100 3952 3890
3 4911 4100 3890
3 5902 4971 4911
3 5840 5902 4911
3 5946 6123 5840
3 7348 7217 6824
3 8275 7405 7348
3 8228 8275 7348
3 8152 8356 8228
3 11268 11320 8152
3 10933 11376 11268
3 10821 10933 11268
3 10395 10873 10821
3 10333 10395 10821
3 10125 10281 10333
3 10187 10125 10333
3 9819 10187 10333
3 9267 9757 9819
3 9341 9267 9819
3 8868 9341 9819
3 7959 8759 8868
3 8019 7959 8868
3 7522 7827 7887
3 7588 7522 7887
3 6675 6955 7021
3 6741 6675 7021
3 5700 6381 6447
3 5768 5700 6447
3 5542 5768 6447
3 4838 5474 5542
3 4406 4746 4838
3 3316 4328 4406
3 2829 3316 4406
3 2414 2771 2829
3 2472 2414 2829
3 2947 2354 2472
3 3067 2947 2472
3 3796 3009 3067
3 3890 3796 3067
3 4911 3890 3067
3 5840 4911 3067
3 5946 5840 3067
3 6824 5946 3067
3 8228 7348 6824
3 8152 8228 6824
3 11268 8152 6824
3 10821 11268 6824
3 10333 10821 6824
3 9819 10333 6824
3 8868 9819 6824
3 8019 8868 6824
3 7887 8019 6824
3 7588 7887 6824
3 7021 7588 6824
3 6741 7021 6824
3 6447 6741 6824
3 5542 6447 6824
3 4838 5542 6824
3 2829 4406 4838
3 2472 2829 4838
3 3067 2472 4838
3 6824 3067 4838
3 10936 10988 11379
3 3319 3258 4331
3 2950 2890 2357
3 4103 4164 3955
3 4103 3955 3893
3 4914 4103 3893
3 5905 4974 4914
3 5843 5905 4914
3 5949 6126 5843
3 7351 7220 6827
3 8278 7408 7351
3 8231 8278 7351
3 8155 8359 8231
3 11271 11323 8155
3 10936 11379 11271
3 10824 10936 11271
3 10398 10876 10824
3 10336 10398 10824
3 10128 10284 10336
3 10190 10128 10336
3 9822 10190 10336
3 9270 9760 9822
3 9344 9270 9822
3 8871 9344 9822
3 7962 8762 8871
3 8022 7962 8871
3 7525 7830 7890
3 7591 7525 7890
3 6678 6958 7024
3 6744 6678 7024
3 5703 6384 6450
3 5771 5703 6450
3 5545 5771 6450
3 4841 5477 5545
3 4409 4749 4841
3 3319 4331 4409
3 2832 3319 4409
3 2417 2774 2832
3 2475 2417 2832
3 2950 2357 2475
3 3070 2950 2475
3 3799 3012 3070
3 3893 3799 3070
3 4914 3893 3070
3 5843 4914 3070
3 5949 5843 3070
3 6827 5949 3070
3 8231 7351 6827
3 8155 8231 6827
3 11271 8155 6827
3 10824 11271 6827
3 10336 10824 6827
3 9822 10336 6827
3 8871 9822 6827
3 8022 8871 6827
3 7890 8022 6827
3 7591 7890 6827
3 7024 7591 6827
3 6744 7024 6827
3 6450 6744 6827
3 5545 6450 6827
3 4841 5545 6827
3 2832 4409 4841
3 2475 2832 4841
3 3070 2475 4841
3 6827 3070 4841
3 5948 6826 6827
3 5948 6827 5949
3 6125 5948 5949
3 6125 5949 6126
3 5842 6125 6126
3 5842 6126 5843
3 5904 5842 5843
3 5904 5843 5905
3 4973 5904 5905
3 4973 5905 4974
3 4973 4974 4914
3 4913 4973 4914
3 4102 4913 4914
3 4102 4914 4103
3 4163 4102 4103
3 4163 4103 4164
3 3954 4163 4164
3 3954 4164 3955
3 3954 3955 3893
3 3892 3954 3893
3 3798 3892 3893
3 3798 3893 3799
3 3798 3799 3012
3 3011 3798 3012
3 3011 3012 3070
3 3069 3011 3070
3 3069 3070 2950
3 2949 3069 2950
3 2889 2949 2950
3 2889 2950 2890
3 2889 2890 2357
3 2356 2889 2357
3 2356 2357 2475
3 2474 2356 2475
3 2474 2475 2417
3 2416 2474 2417
3 2416 2417 2774
3 2773 2416 2774
3 2831 2773 2774
3 2831 2774 2832
3 2831 2832 3319
3 3318 2831 3319
3 3318 3319 3258
3 3257 3318 3258
3 3257 3258 4331
3 4330 3257 4331
3 4408 4330 4331
3 4408 4331 4409
3 4408 4409 4749
3 4748 4408 4749
3 4840 4748 4749
3 4840 4749 4841
3 4840 4841 5477
3 5476 4840 5477
3 5544 5476 5477
3 5544 5477 5545
3 5544 5545 5771
3 5770 5544 5771
3 5770 5771 5703
3 5702 5770 5703
3 5702 5703 6384
3 6383 5702 6384
3 6449 6383 6384
3 6449 6384 6450
3 6449 6450 6744
3 6743 6449 6744
3 6743 6744 6678
3 6677 6743 6678
3 6677 6678 6958
3 6957 6677 6958
3 7023 6957 6958
3 7023 6958 7024
3 7023 7024 7591
3 7590 7023 7591
3 7590 7591 7525
3 7524 7590 7525
3 7524 7525 7830
3 7829 7524 7830
3 7889 7829 7830
3 7889 7830 7890
3 7889 7890 8022
3 8021 7889 8022
3 8021 8022 7962
3 7961 8021 7962
3 7961 7962 8762
3 8761 7961 8762
3 8870 8761 8762
3 8870 8762 8871
3 8870 8871 9344
3 9343 8870 9344
3 9343 9344 9270
3 9269 9343 9270
3 9269 9270 9760
3 9759 9269 9760
3 9821 9759 9760
3 9821 9760 9822
3 9821 9822 10190
3 10189 9821 10190
3 10189 10190 10128
3 10127 10189 10128
3 10127 10128 10284
3 10283 10127 10284
3 10335 10283 10284
3 10335 10284 10336
3 10335 10336 10398
3 10397 10335 10398
3 10875 10397 10398
3 10875 10398 10876
3 10823 10875 10876
3 10823 10876 10824
3 10935 10823 10824
3 10935 10824 10936
3 10935 10936 10988
3 10987 10935 10988
3 11378 10987 10988
3 11378 10988 11379
3 11270 11378 11379
3 11270 11379 11271
3 11322 11270 11271
3 11322 11271 11323
3 8154 11322 11323
3 8154 11323 8155
3 8358 8154 8155
3 8358 8155 8359
3 8230 8358 8359
3 8230 8359 8231
3 8277 8230 8231
3 8277 8231 8278
3 7407 8277 8278
3 7407 8278 7408
3 7407 7408 7351
3 7350 7407 7351
3 7219 7350 7351
3 7219 7351 7220
3 7219 7220 6827
3 6826 7219 6827
3 10935 10987 11378
3 3318 3257 4330
3 2949 2889 2356
3 4102 4163 3954
3 4102 3954 3892
3 4913 4102 3892
3 5904 4973 4913
3 5842 5904 4913
3 5948 6125 5842
3 7350 7219 6826
3 8277 7407 7350
3 8230 8277 7350
3 8154 8358 8230
3 11270 11322 8154
3 10935 11378 11270
3 10823 10935 11270
3 10397 10875 10823
3 10335 10397 10823
3 10127 10283 10335
3 10189 10127 10335
3 9821 10189 10335
3 9269 9759 9821
3 9343 9269 9821
3 8870 9343 9821
3 7961 8761 8870
3 8021 7961 8870
3 7524 7829 7889
3 7590 7524 7889
3 6677 6957 7023
3 6743 6677 7023
3 5702 6383 6449
3 5770 5702 6449
3 5544 5770 6449
3 4840 5476 5544
3 4408 4748 4840
3 3318 4330 4408
3 2831 3318 4408
3 2416 2773 2831
3 2474 2416 2831
3 2949 2356 2474
3 3069 2949 2474
3 3798 3011 3069
3 3892 3798 3069
3 4913 3892 3069
3 5842 4913 3069
3 5948 5842 3069
3 6826 5948 3069
3 8230 7350 6826
3 8154 8230 6826
3 11270 8154 6826
3 10823 11270 6826
3 10335 10823 6826
3 9821 10335 6826
3 8870 9821 6826
3 8021 8870 6826
3 7889 8021 6826
3 7590 7889 6826
3 7023 7590 6826
3 6743 7023 6826
3 6449 6743 6826
3 5544 6449 6826
3 4840 5544 6826
3 2831 4408 4840
3 2474 2831 4840
3 3069 2474 4840
3 6826 3069 4840
3 10938 10990 11381
3 3321 3260 4333
3 2952 2892 2359
3 4105 4166 3957
3 4105 3957 3895
3 4916 4105 3895
3 5907 4976 4916
3 5845 5907 4916
3 5951 6128 5845
3 7353 7222 6829
3 8280 7410 7353
3 8233 8280 7353
3 8157 8361 8233
3 11273 11325 8157
3 10938 11381 11273
3 10826 10938 11273
3 10400 10878 10826
3 10338 10400 10826
3 10130 10286 10338
3 10192 10130 10338
3 9824 10192 10338
3 9272 9762 9824
3 9346 9272 9824
3 8873 9346 9824
3 7964 8764 8873
3 8024 7964 8873
3 7527 7832 7892
3 7593 7527 7892
3 6680 6960 7026
3 6746 6680 7026
3 5705 6386 6452
3 5773 5705 6452
3 5547 5773 6452
3 4843 5479 5547
3 4411 4751 4843
3 3321 4333 4411
3 2834 3321 4411
3 2419 2776 2834
3 2477 2419 2834
3 2952 2359 2477
3 3072 2952 2477
3 3801 3014 3072
3 3895 3801 3072
3 4916 3895 3072
3 5845 4916 3072
3 5951 5845 3072
3 6829 5951 3072
3 8233 7353 6829
3 8157 8233 6829
3 11273 8157 6829
3 10826 11273 6829
3 10338 10826 6829
3 9824 10338 6829
3 8873 9824 6829
3 8024 8873 6829
3 7892 8024 6829
3 7593 7892 6829
3 7026 7593 6829
3 6746 7026 6829
3 6452 6746 6829
3 5547 6452 6829
3 4843 5547 6829
3 2834 4411 4843
3 2477 2834 4843
3 3072 2477 4843
3 6829 3072 4843
3 5950 6828 6829
3 5950 6829 5951
3 6127 5950 5951
3 6127 5951 6128
3 5844 6127 6128
3 5844 6128 5845
3 5906 5844 5845
3 5906 5845 5907
3 4975 5906 5907
3 4975 5907 4976
3 4975 4976 4916
3 4915 4975 4916
3 4104 4915 4916
3 4104 4916 4105
3 4165 4104 4105
3 4165 4105 4166
3 3956 4165 4166
3 3956 4166 3957
3 3956 3957 3895
3 3894 3956 3895
3 3800 3894 3895
3 3800 3895 3801
3 3800 3801 3014
3 3013 3800 3014
3 3013 3014 3072
3 3071 3013 3072
3 3071 3072 2952
3 2951 3071 2952
3 2891 2951 2952
3 2891 2952 2892
3 2891 2892 2359
3 2358 2891 2359
3 2358 2359 2477
3 2476 2358 2477
3 2476 2477 2419
3 2418 2476 2419
3 2418 2419 2776
3 2775 2418 2776
3 2833 2775 2776
3 2833 2776 2834
3 2833 2834 3321
3 3320 2833 3321
3 3320 3321 3260
3 3259 3320 3260
3 3259 3260 4333
3 4332 3259 4333
3 4410 4332 4333
3 4410 4333 4411
3 4410 4411 4751
3 4750 4410 4751
3 4842 4750 4751
3 4842 4751 4843
3 4842 4843 5479
3 5478 4842 5479
3 5546 5478 5479
3 5546 5479 5547
3 5546 5547 5773
3 5772 5546 5773
3 5772 5773 5705
3 5704 5772 5705
3 5704 5705 6386
3 6385 5704 6386
3 6451 6385 6386
3 6451 6386 6452
3 6451 6452 6746
3 6745 6451 6746
3 6745 6746 6680
3 6679 6745 6680
3 6679 6680 6960
3 6959 6679 6960
3 7025 6959 6960
3 7025 6960 7026
3 7025 7026 7593
3 7592 7025 7593
3 7592 7593 7527
3 7526 7592 7527
3 7526 7527 7832
3 7831 7526 7832
3 7891 7831 7832
3 7891 7832 7892
3 7891 7892 8024
3 8023 7891 8024
3 8023 8024 7964
3 7963 8023 7964
3 7963 7964 8764
3 8763 7963 8764
3 8872 8763 8764
3 8872 8764 8873
3 8872 8873 9346
3 9345 8872 9346
3 9345 9346 9272
3 9271 9345 9272
3 9271 9272 9762
3 9761 9271 9762
3 9823 9761 9762
3 9823 9762 9824
3 9823 9824 10192
3 10191 9823 10192
3 10191 10192 10130
3 10129 10191 10130
3 10129 10130 10286
3 10285 10129 10286
3 10337 10285 10286
3 10337 10286 10338
3 10337 10338 10400
3 10399 10337 10400
3 10877 10399 10400
3 10877 10400 10878
3 10825 10877 10878
3 10825 10878 10826
3 10937 10825 10826
3 10937 10826 10938
3 10937 10938 10990
3 10989 10937 10990
3 11380 10989 10990
3 11380 10990 11381
3 11272 11380 11381
3 11272 11381 11273
3 11324 11272 11273
3 11324 11273 11325
3 8156 11324 11325
3 8156 11325 8157
3 8360 8156 8157
3 8360 8157 8361
3 8232 8360 8361
3 8232 8361 8233
3 8279 8232 8233
3 8279 8233 8280
3 7409 8279 8280
3 7409 8280 7410
3 7409 7410 7353
3 7352 7409 7353
3 7221 7352 7353
3 7221 7353 7222
3 7221 7222 6829
3 6828 7221 6829
3 10937 10989 11380
3 3320 3259 4332
3 2951 2891 2358
3 4104 4165 3956
3 4104 3956 3894
3 4915 4104 3894
3 5906 4975 4915
3 5844 5906 4915
3 5950 6127 5844
3 7352 7221 6828
3 8279 7409 7352
3 8232 8279 7352
3 8156 8360 8232
3 11272 11324 8156
3 10937 11380 11272
3 10825 10937 11272
3 10399 10877 10825
3 10337 10399 10825
3 10129 10285 10337
3 10191 10129 10337
3 9823 10191 10337
3 9271 9761 9823
3 9345 9271 9823
3 8872 9345 9823
3 7963 8763 8872
3 8023 7963 8872
3 7526 7831 7891
3 7592 7526 7891
3 6679 6959 7025
3 6745 6679 7025
3 5704 6385 6451
3 5772 5704 6451
3 5546 5772 6451
3 4842 5478 5546
3 4410 4750 4842
3 3320 4332 4410
3 2833 3320 4410
3 2418 2775 2833
3 2476 2418 2833
3 2951 2358 2476
3 3071 2951 2476
3 3800 3013 3071
3 3894 3800 3071
3 4915 3894 3071
3 5844 4915 3071
3 5950 5844 3071
3 6828 5950 3071
3 8232 7352 6828
3 8156 8232 6828
3 11272 8156 6828
3 10825 11272 6828
3 10337 10825 6828
3 9823 10337 6828
3 8872 9823 6828
3 8023 8872 6828
3 7891 8023 6828
3 7592 7891 6828
3 7025 7592 6828
3 6745 7025 6828
3 6451 6745 6828
3 5546 6451 6828
3 4842 5546 6828
3 2833 4410 4842
3 2476 2833 4842
3 3071 2476 4842
3 6828 3071 4842
3 10940 10992 11383
3 3323 3262 4335
3 2954 2894 2361
3 4107 4168 3959
3 4107 3959 3897
3 4918 4107 3897
3 5909 4978 4918
3 5847 5909 4918
3 5953 6130 5847
3 7355 7224 6831
3 8282 7412 7355
3 8235 8282 7355
3 8159 8363 8235
3 11275 11327 8159
3 10940 11383 11275
3 10828 10940 11275
3 10402 10880 10828
3 10340 10402 10828
3 10132 10288 10340
3 10194 10132 10340
3 9826 10194 10340
3 9274 9764 9826
3 9348 9274 9826
3 8875 9348 9826
3 7966 8766 8875
3 8026 7966 8875
3 7529 7834 7894
3 7595 7529 7894
3 6682 6962 7028
3 6748 6682 7028
3 5707 6388 6454
3 5775 5707 6454
3 5549 5775 6454
3 4845 5481 5549
3 4413 4753 4845
3 3323 4335 4413
3 2836 3323 4413
3 2421 2778 2836
3 2479 2421 2836
3 2954 2361 2479
3 3074 2954 2479
3 3803 3016 3074
3 3897 3803 3074
3 4918 3897 3074
3 5847 4918 3074
3 5953 5847 3074
3 6831 5953 3074
3 8235 7355 6831
3 8159 8235 6831
3 11275 8159 6831
3 10828 11275 6831
3 10340 10828 6831
3 9826 10340 6831
3 8875 9826 6831
3 8026 8875 6831
3 7894 8026 6831
3 7595 7894 6831
3 7028 7595 6831
3 6748 7028 6831
3 6454 6748 6831
3 5549 6454 6831
3 4845 5549 6831
3 2836 4413 4845
3 2479 2836 4845
3 3074 2479 4845
3 6831 3074 4845
3 5952 6830 6831
3 5952 6831 5953
3 6129 5952 5953
3 6129 5953 6130
3 5846 6129 6130
3 5846 6130 5847
3 5908 5846 5847
3 5908 5847 5909
3 4977 5908 5909
3 4977 5909 4978
3 4977 4978 4918
3 4917 4977 4918
3 4106 4917 4918
3 4106 4918 4107
3 4167 4106 4107
3 4167 4107 4168
3 3958 4167 4168
3 3958 4168 3959
3 3958 3959 3897
3 3896 3958 3897
3 3802 3896 3897
3 3802 3897 3803
3 3802 3803 3016
3 3015 3802 3016
3 3015 3016 3074
3 3073 3015 3074
3 3073 3074 2954
3 2953 3073 2954
3 2893 2953 2954
3 2893 2954 2894
3 2893 2894 2361
3 2360 2893 2361
3 2360 2361 2479
3 2478 2360 2479
3 2478 2479 2421
3 2420 2478 2421
3 2420 2421 2778
3 2777 2420 2778
3 2835 2777 2778
3 2835 2778 2836
3 2835 2836 3323
3 3322 2835 3323
3 3322 3323 3262
3 3261 3322 3262
3 3261 3262 4335
3 4334 3261 4335
3 4412 4334 4335
3 4412 4335 4413
3 4412 4413 4753
3 4752 4412 4753
3 4844 4752 4753
3 4844 4753 4845
3 4844 4845 5481
3 5480 4844 5481
3 5548 5480 5481
3 5548 5481 5549
3 5548 5549 5775
3 5774 5548 5775
3 5774 5775 5707
3 5706 5774 5707
3 5706 5707 6388
3 6387 5706 6388
3 6453 6387 6388
3 6453 6388 6454
3 6453 6454 6748
3 6747 6453 6748
3 6747 6748 6682
3 6681 6747 6682
3 6681 6682 6962
3 6961 6681 6962
3 7027 6961 6962
3 7027 6962 7028
3 7027 7028 7595
3 7594 7027 7595
3 7594 7595 7529
3 7528 7594 7529
3 7528 7529 7834
3 7833 7528 7834
3 7893 7833 7834
3 7893 7834 7894
3 7893 7894 8026
3 8025 7893 8026
3 8025 8026 7966
3 7965 8025 7966
3 7965 7966 8766
3 8765 7965 8766
3 8874 8765 8766
3 8874 8766 8875
3 8874 8875 9348
3 9347 8874 9348
3 9347 9348 9274
3 9273 9347 9274
3 9273 9274 9764
3 9763 9273 9764
3 9825 9763 9764
3 9825 9764 9826
3 9825 9826 10194
3 10193 9825 10194
3 10193 10194 10132
3 10131 10193 10132
3 10131 10132 10288
3 10287 10131 10288
3 10339 10287 10288
3 10339 10288 10340
3 10339 10340 10402
3 10401 10339 10402
3 10879 10401 10402
3 10879 10402 10880
3 10827 10879 10880
3 10827 10880 10828
3 10939 10827 10828
3 10939 10828 10940
3 10939 10940 10992
3 10991 10939 10992
3 11382 10991 10992
3 11382 10992 11383
3 11274 11382 11383
3 11274 11383 11275
3 11326 11274 11275
3 11326 11275 11327
3 8158 11326 11327
3 8158 11327 8159
3 8362 8158 8159
3 8362 8159 8363
3 8234 8362 8363
3 8234 8363 8235
3 8281 8234 8235
3 8281 8235 8282
3 7411 8281 8282
3 7411 8282 7412
3 7411 7412 7355
3 7354 7411 7355
3 7223 7354 7355
3 7223 7355 7224
3 7223 7224 6831
3 6830 7223 6831
3 10939 10991 11382
3 3322 3261 4334
3 2953 2893 2360
3 4106 4167 3958
3 4106 3958 3896
3 4917 4106 3896
3 5908 4977 4917
3 5846 5908 4917
3 5952 6129 5846
3 7354 7223 6830
3 8281 7411 7354
3 8234 8281 7354
3 8158 8362 8234
3 11274 11326 8158
3 10939 11382 11274
3 10827 10939 11274
3 10401 10879 10827
3 10339 10401 10827
3 10131 10287 10339
3 10193 10131 10339
3 9825 10193 10339
3 9273 9763 9825
3 9347 9273 9825
3 8874 9347 9825
3 7965 8765 8874
3 8025 7965 8874
3 7528 7833 7893
3 7594 7528 7893
3 6681 6961 7027
3 6747 6681 7027
3 5706 6387 6453
3 5774 5706 6453
3 5548 5774 6453
3 4844 5480 5548
3 4412 4752 4844
3 3322 4334 4412
3 2835 3322 4412
3 2420 2777 2835
3 2478 2420 2835
3 2953 2360 2478
3 3073 2953 2478
3 3802 3015 3073
3 3896 3802 3073
3 4917 3896 3073
3 5846 4917 3073
3 5952 5846 3073
3 6830 5952 3073
3 8234 7354 6830
3 8158 8234 6830
3 11274 8158 6830
3 10827 11274 6830
3 10339 10827 6830
3 9825 10339 6830
3 8874 9825 6830
3 8025 8874 6830
3 7893 8025 6830
3 7594 7893 6830
3 7027 7594 6830
3 6747 7027 6830
3 6453 6747 6830
3 5548 6453 6830
3 4844 5548 6830
3 2835 4412 4844
3 2478 2835 4844
3 3073 2478 4844
3 6830 3073 4844
3 10942 10994 11385
3 3325 3264 4337
3 2956 2896 2363
3 4109 4170 3961
3 4109 3961 3899
3 4920 4109 3899
3 5911 4980 4920
3 5849 5911 4920
3 5955 6132 5849
3 7357 7226 6833
3 8284 7414 7357
3 8237 8284 7357
3 8161 8365 8237
3 11277 11329 8161
3 10942 11385 11277
3 10830 10942 11277
3 10404 10882 10830
3 10342 10404 10830
3 10134 10290 10342
3 10196 10134 10342
3 9828 10196 10342
3 9276 9766 9828
3 9350 9276 9828
3 8877 9350 9828
3 7968 8768 8877
3 8028 7968 8877
3 7531 7836 7896
3 7597 7531 7896
3 6684 6964 7030
3 6750 6684 7030
3 5709 6390 6456
3 5777 5709 6456
3 5551 5777 6456
3 4847 5483 5551
3 4415 4755 4847
3 3325 4337 4415
3 2838 3325 4415
3 2423 2780 2838
3 2481 2423 2838
3 2956 2363 2481
3 3076 2956 2481
3 3805 3018 3076
3 3899 3805 3076
3 4920 3899 3076
3 5849 4920 3076
3 5955 5849 3076
3 6833 5955 3076
3 8237 7357 6833
3 8161 8237 6833
3 11277 8161 6833
3 10830 11277 6833
3 10342 10830 6833
3 9828 10342 6833
3 8877 9828 6833
3 8028 8877 6833
3 7896 8028 6833
3 7597 7896 6833
3 7030 7597 6833
3 6750 7030 6833
3 6456 6750 6833
3 5551 6456 6833
3 4847 5551 6833
3 2838 4415 4847
3 2481 2838 4847
3 3076 2481 4847
3 6833 3076 4847
3 5954 6832 6833
3 5954 6833 5955
3 6131 5954 5955
3 6131 5955 6132
3 5848 6131 6132
3 5848 6132 5849
3 5910 5848 5849
3 5910 5849 5911
3 4979 5910 5911
3 4979 5911 4980
3 4979 4980 4920
3 4919 4979 4920
3 4108 4919 4920
3 4108 4920 4109
3 4169 4108 4109
3 4169 4109 4170
3 3960 4169 4170
3 3960 4170 3961
3 3960 3961 3899
3 3898 3960 3899
3 3804 3898 3899
3 3804 3899 3805
3 3804 3805 3018
3 3017 3804 3018
3 3017 3018 3076
3 3075 3017 3076
3 3075 3076 2956
3 2955 3075 2956
3 2895 2955 2956
3 2895 2956 2896
3 2895 2896 2363
3 2362 2895 2363
3 2362 2363 2481
3 2480 2362 2481
3 2480 2481 2423
3 2422 2480 2423
3 2422 2423 2780
3 2779 2422 2780
3 2837 2779 2780
3 2837 2780 2838
3 2837 2838 3325
3 3324 2837 3325
3 3324 3325 3264
3 3263 3324 3264
3 3263 3264 4337
3 4336 3263 4337
3 4414 4336 4337
3 4414 4337 4415
3 4414 4415 4755
3 4754 4414 4755
3 4846 4754 4755
3 4846 4755 4847
3 4846 4847 5483
3 5482 4846 5483
3 5550 5482 5483
3 5550 5483 5551
3 5550 5551 5777
3 5776 5550 5777
3 5776 5777 5709
3 5708 5776 5709
3 5708 5709 6390
3 6389 5708 6390
3 6455 6389 6390
3 6455 6390 6456
3 6455 6456 6750
3 6749 6455 6750
3 6749 6750 6684
3 6683 6749 6684
3 6683 6684 6964
3 6963 6683 6964
3 7029 6963 6964
3 7029 6964 7030
3 7029 7030 7597
3 7596 7029 7597
3 7596 7597 7531
3 7530 7596 7531
3 7530 7531 7836
3 7835 7530 7836
3 7895 7835 7836
3 7895 7836 7896
3 7895 7896 8028
3 8027 7895 8028
3 8027 8028 7968
3 7967 8027 7968
3 7967 7968 8768
3 8767 7967 8768
3 8876 8767 8768
3 8876 8768 8877
3 8876 8877 9350
3 9349 8876 9350
3 9349 9350 9276
3 9275 9349 9276
3 9275 9276 9766
3 9765 9275 9766
3 9827 9765 9766
3 9827 9766 9828
3 9827 9828 10196
3 10195 9827 10196
3 10195 10196 10134
3 10133 10195 10134
3 10133 10134 10290
3 10289 10133 10290
3 10341 10289 10290
3 10341 10290 10342
3 10341 10342 10404
3 10403 10341 10404
3 10881 10403 10404
3 10881 10404 10882
3 10829 10881 10882
3 10829 10882 10830
3 10941 10829 10830
3 10941 10830 10942
3 10941 10942 10994
3 10993 10941 10994
3 11384 10993 10994
3 11384 10994 11385
3 11276 11384 11385
3 11276 11385 11277
3 11328 11276 11277
3 11328 11277 11329
3 8160 11328 11329
3 8160 11329 8161
3 8364 8160 8161
3 8364 8161 8365
3 8236 8364 8365
3 8236 8365 8237
3 8283 8236 8237
3 8283 8237 8284
3 7413 8283 8284
3 7413 8284 7414
3 7413 7414 7357
3 7356 7413 7357
3 7225 7356 7357
3 7225 7357 7226
3 7225 7226 6833
3 6832 7225 6833
3 10941 10993 11384
3 3324 3263 4336
3 2955 2895 2362
3 4108 4169 3960
3 4108 3960 3898
3 4919 4108 3898
3 5910 4979 4919
3 5848 5910 4919
3 5954 6131 5848
3 7356 7225 6832
3 8283 7413 7356
3 8236 8283 7356
3 8160 8364 8236
3 11276 11328 8160
3 10941 11384 11276
3 10829 10941 11276
3 10403 10881 10829
3 10341 10403 10829
3 10133 10289 10341
3 10195 10133 10341
3 9827 10195 10341
3 9275 9765 9827
3 9349 9275 9827
3 8876 9349 9827
3 7967 8767 8876
3 8027 7967 8876
3 7530 7835 7895
3 7596 7530 7895
3 6683 6963 7029
3 6749 6683 7029
3 5708 6389 6455
3 5776 5708 6455
3 5550 5776 6455
3 4846 5482 5550
3 4414 4754 4846
3 3324 4336 4414
3 2837 3324 4414
3 2422 2779 2837
3 2480 2422 2837
3 2955 2362 2480
3 3075 2955 2480
3 3804 3017 3075
3 3898 3804 3075
3 4919 3898 3075
3 5848 4919 3075
3 5954 5848 3075
3 6832 5954 3075
3 8236 7356 6832
3 8160 8236 6832
3 11276 8160 6832
3 10829 11276 6832
3 10341 10829 6832
3 9827 10341 6832
3 8876 9827 6832
3 8027 8876 6832
3 7895 8027 6832
3 7596 7895 6832
3 7029 7596 6832
3 6749 7029 6832
3 6455 6749 6832
3 5550 6455 6832
3 4846 5550 6832
3 2837 4414 4846
3 2480 2837 4846
3 3075 2480 4846
3 6832 3075 4846
3 10944 10996 11387
3 3327 3266 4339
3 2958 2898 2365
3 4111 4172 3963
3 4111 3963 3901
3 4922 4111 3901
3 5913 4982 4922
3 5851 5913 4922
3 5957 6134 5851
3 7359 7228 6835
3 8286 7416 7359
3 8239 8286 7359
3 8163 8367 8239
3 11279 11331 8163
3 10944 11387 11279
3 10832 10944 11279
3 10406 10884 10832
3 10344 10406 10832
3 10136 10292 10344
3 10198 10136 10344
3 9830 10198 10344
3 9278 9768 9830
3 9352 9278 9830
3 8879 9352 9830
3 7970 8770 8879
3 8030 7970 8879
3 7533 7838 7898
3 7599 7533 7898
3 6686 6966 7032
3 6752 6686 7032
3 5711 6392 6458
3 5779 5711 6458
3 5553 5779 6458
3 4849 5485 5553
3 4417 4757 4849
3 3327 4339 4417
3 2840 3327 4417
3 2425 2782 2840
3 2483 2425 2840
3 2958 2365 2483
3 3078 2958 2483
3 3807 3020 3078
3 3901 3807 3078
3 4922 3901 3078
3 5851 4922 3078
3 5957 5851 3078
3 6835 5957 3078
3 8239 7359 6835
3 8163 8239 6835
3 11279 8163 6835
3 10832 11279 6835
3 10344 10832 6835
3 9830 10344 6835
3 8879 9830 6835
3 8030 8879 6835
3 7898 8030 6835
3 7599 7898 6835
3 7032 7599 6835
3 6752 7032 6835
3 6458 6752 6835
3 5553 6458 6835
3 4849 5553 6835
3 2840 4417 4849
3 2483 2840 4849
3 3078 2483 4849
3 6835 3078 4849
3 5956 6834 6835
3 5956 6835 5957
3 6133 5956 5957
3 6133 5957 6134
3 5850 6133 6134
3 5850 6134 5851
3 5912 5850 5851
3 5912 5851 5913
3 4981 5912 5913
3 4981 5913 4982
3 4981 4982 4922
3 4921 4981 4922
3 4110 4921 4922
3 4110 4922 4111
3 4171 4110 4111
3 4171 4111 4172
3 3962 4171 4172
3 3962 4172 3963
3 3962 3963 3901
3 3900 3962 3901
3 3806 3900 3901
3 3806 3901 3807
3 3806 3807 3020
3 3019 3806 3020
3 3019 3020 3078
3 3077 3019 3078
3 3077 3078 2958
3 2957 3077 2958
3 2897 2957 2958
3 2897 2958 2898
3 2897 2898 2365
3 2364 2897 2365
3 2364 2365 2483
3 2482 2364 2483
3 2482 2483 2425
3 2424 2482 2425
3 2424 2425 2782
3 2781 2424 2782
3 2839 2781 2782
3 2839 2782 2840
3 2839 2840 3327
3 3326 2839 3327
3 3326 3327 3266
3 3265 3326 3266
3 3265 3266 4339
3 4338 3265 4339
3 4416 4338 4339
3 4416 4339 4417
3 4416 4417 4757
3 4756 4416 4757
3 4848 4756 4757
3 4848 4757 4849
3 4848 4849 5485
3 5484 4848 5485
3 5552 5484 5485
3 5552 5485 5553
3 5552 5553 5779
3 5778 5552 5779
3 5778 5779 5711
3 5710 5778 5711
3 5710 5711 6392
3 6391 5710 6392
3 6457 6391 6392
3 6457 6392 6458
3 6457 6458 6752
3 6751 6457 6752
3 6751 6752 6686
3 6685 6751 6686
3 6685 6686 6966
3 6965 6685 6966
3 7031 6965 6966
3 7031 6966 7032
3 7031 7032 7599
3 7598 7031 7599
3 7598 7599 7533
3 7532 7598 7533
3 7532 7533 7838
3 7837 7532 7838
3 7897 7837 7838
3 7897 7838 7898
3 7897 7898 8030
3 8029 7897 8030
3 8029 8030 7970
3 7969 8029 7970
3 7969 7970 8770
3 8769 7969 8770
3 8878 8769 8770
3 8878 8770 8879
3 8878 8879 9352
3 9351 8878 9352
3 9351 9352 9278
3 9277 9351 9278
3 9277 9278 9768
3 9767 9277 9768
3 9829 9767 9768
3 9829 9768 9830
3 9829 9830 10198
3 10197 9829 10198
3 10197 10198 10136
3 10135 10197 10136
3 10135 10136 10292
3 10291 10135 10292
3 10343 10291 10292
3 10343 10292 10344
3 10343 10344 10406
3 10405 10343 10406
3 10883 10405 10406
3 10883 10406 10884
3 10831 10883 10884
3 10831 10884 10832
3 10943 10831 10832
3 10943 10832 10944
3 10943 10944 10996
3 10995 10943 10996
3 11386 10995 10996
3 11386 10996 11387
3 11278 11386 11387
3 11278 11387 11279
3 11330 11278 11279
3 11330 11279 11331
3 8162 11330 11331
3 8162 11331 8163
3 8366 8162 8163
3 8366 8163 8367
3 8238 8366 8367
3 8238 8367 8239
3 8285 8238 8239
3 8285 8239 8286
3 7415 8285 8286
3 7415 8286 7416
3 7415 7416 7359
3 7358 7415 7359
3 7227 7358 7359
3 7227 7359 7228
3 7227 7228 6835
3 6834 7227 6835
3 10943 10995 11386
3 3326 3265 4338
3 2957 2897 2364
3 4110 4171 3962
3 4110 3962 3900
3 4921 4110 3900
3 5912 4981 4921
3 5850 5912 4921
3 5956 6133 5850
3 7358 7227 6834
3 8285 7415 7358
3 8238 8285 7358
3 8162 8366 8238
3 11278 11330 8162
3 10943 11386 11278
3 10831 10943 11278
3 10405 10883 10831
3 10343 10405 10831
3 10135 10291 10343
3 10197 10135 10343
3 9829 10197 10343
3 9277 9767 9829
3 9351 9277 9829
3 8878 9351 9829
3 7969 8769 8878
3 8029 7969 8878
3 7532 7837 7897
3 7598 7532 7897
3 6685 6965 7031
3 6751 6685 7031
3 5710 6391 6457
3 5778 5710 6457
3 5552 5778 6457
3 4848 5484 5552
3 4416 4756 4848
3 3326 4338 4416
3 2839 3326 4416
3 2424 2781 2839
3 2482 2424 2839
3 2957 2364 2482
3 3077 2957 2482
3 3806 3019 3077
3 3900 3806 3077
3 4921 3900 3077
3 5850 4921 3077
3 5956 5850 3077
3 6834 5956 3077
3 8238 7358 6834
3 8162 8238 6834
3 11278 8162 6834
3 10831 11278 6834
3 10343 10831 6834
3 9829 10343 6834
3 8878 9829 6834
3 8029 8878 6834
3 7897 8029 6834
3 7598 7897 6834
3 7031 7598 6834
3 6751 7031 6834
3 6457 6751 6834
3 5552 6457 6834
3 4848 5552 6834
3 2839 4416 4848
3 2482 2839 4848
3 3077 2482 4848
3 6834 3077 4848
3 10946 10998 11389
3 3329 3268 4341
3 2960 2900 2367
3 4113 4174 3965
3 4113 3965 3903
3 4924 4113 3903
3 5915 4984 4924
3 5853 5915 4924
3 5959 6136 5853
3 7361 7230 6837
3 8288 7418 7361
3 8241 8288 7361
3 8165 8369 8241
3 11281 11333 8165
3 10946 11389 11281
3 10834 10946 11281
3 10408 10886 10834
3 10346 10408 10834
3 10138 10294 10346
3 10200 10138 10346
3 9832 10200 10346
3 9280 9770 9832
3 9354 9280 9832
3 8881 9354 9832
3 7972 8772 8881
3 8032 7972 8881
3 7535 7840 7900
3 7601 7535 7900
3 6688 6968 7034
3 6754 6688 7034
3 5713 6394 6460
3 5781 5713 6460
3 5555 5781 6460
3 4851 5487 5555
3 4419 4759 4851
3 3329 4341 4419
3 2842 3329 4419
3 2427 2784 2842
3 2485 2427 2842
3 2960 2367 2485
3 3080 2960 2485
3 3809 3022 3080
3 3903 3809 3080
3 4924 3903 3080
3 5853 4924 3080
3 5959 5853 3080
3 6837 5959 3080
3 8241 7361 6837
3 8165 8241 6837
3 11281 8165 6837
3 10834 11281 6837
3 10346 10834 6837
3 9832 10346 6837
3 8881 9832 6837
3 8032 8881 6837
3 7900 8032 6837
3 7601 7900 6837
3 7034 7601 6837
3 6754 7034 6837
3 6460 6754 6837
3 5555 6460 6837
3 4851 5555 6837
3 2842 4419 4851
3 2485 2842 4851
3 3080 2485 4851
3 6837 3080 4851
3 5958 6836 6837
3 5958 6837 5959
3 6135 5958 5959
3 6135 5959 6136
3 5852 6135 6136
3 5852 6136 5853
3 5914 5852 5853
3 5914 5853 5915
3 4983 5914 5915
3 4983 5915 4984
3 4983 4984 4924
3 4923 4983 4924
3 4112 4923 4924
3 4112 4924 4113
3 4173 4112 4113
3 4173 4113 4174
3 3964 4173 4174
3 3964 4174 3965
3 3964 3965 3903
3 3902 3964 3903
3 3808 3902 3903
3 3808 3903 3809
3 3808 3809 3022
3 3021 3808 3022
3 3021 3022 3080
3 3079 3021 3080
3 3079 3080 2960
3 2959 3079 2960
3 2899 2959 2960
3 2899 2960 2900
3 2899 2900 2367
3 2366 2899 2367
3 2366 2367 2485
3 2484 2366 2485
3 2484 2485 2427
3 2426 2484 2427
3 2426 2427 2784
3 2783 2426 2784
3 2841 2783 2784
3 2841 2784 2842
3 2841 2842 3329
3 3328 2841 3329
3 3328 3329 3268
3 3267 3328 3268
3 3267 3268 4341
3 4340 3267 4341
3 4418 4340 4341
3 4418 4341 4419
3 4418 4419 4759
3 4758 4418 4759
3 4850 4758 4759
3 4850 4759 4851
3 4850 4851 5487
3 5486 4850 5487
3 5554 5486 5487
3 5554 5487 5555
3 5554 5555 5781
3 5780 5554 5781
3 5780 5781 5713
3 5712 5780 5713
3 5712 5713 6394
3 6393 5712 6394
3 6459 6393 6394
3 6459 6394 6460
3 6459 6460 6754
3 6753 6459 6754
3 6753 6754 6688
3 6687 6753 6688
3 6687 6688 6968
3 6967 6687 6968
3 7033 6967 6968
3 7033 6968 7034
3 7033 7034 7601
3 7600 7033 7601
3 7600 7601 7535
3 7534 7600 7535
3 7534 7535 7840
3 7839 7534 7840
3 7899 7839 7840
3 7899 7840 7900
3 7899 7900 8032
3 8031 7899 8032
3 8031 8032 7972
3 7971 8031 7972
3 7971 7972 8772
3 8771 7971 8772
3 8880 8771 8772
3 8880 8772 8881
3 8880 8881 9354
3 9353 8880 9354
3 9353 9354 9280
3 9279 9353 9280
3 9279 9280 9770
3 9769 9279 9770
3 9831 9769 9770
3 9831 9770 9832
3 9831 9832 10200
3 10199 9831 10200
3 10199 10200 10138
3 10137 10199 10138
3 10137 10138 10294
3 10293 10137 10294
3 10345 10293 10294
3 10345 10294 10346
3 10345 10346 10408
3 10407 10345 10408
3 10885 10407 10408
3 10885 10408 10886
3 10833 10885 10886
3 10833 10886 10834
3 10945 10833 10834
3 10945 10834 10946
3 10945 10946 10998
3 10997 10945 10998
3 11388 10997 10998
3 11388 10998 11389
3 11280 11388 11389
3 11280 11389 11281
3 11332 11280 11281
3 11332 11281 11333
3 8164 11332 11333
3 8164 11333 8165
3 8368 8164 8165
3 8368 8165 8369
3 8240 8368 8369
3 8240 8369 8241
3 8287 8240 8241
3 8287 8241 8288
3 7417 8287 8288
3 7417 8288 7418
3 7417 7418 7361
3 7360 7417 7361
3 7229 7360 7361
3 7229 7361 7230
3 7229 7230 6837
3 6836 7229 6837
3 10945 10997 11388
3 3328 3267 4340
3 2959 2899 2366
3 4112 4173 3964
3 4112 3964 3902
3 4923 4112 3902
3 5914 4983 4923
3 5852 5914 4923
3 5958 6135 5852
3 7360 7229 6836
3 8287 7417 7360
3 8240 8287 7360
3 8164 8368 8240
3 11280 11332 8164
3 10945 11388 11280
3 10833 10945 11280
3 10407 10885 10833
3 10345 10407 10833
3 10137 10293 10345
3 10199 10137 10345
3 9831 10199 10345
3 9279 9769 9831
3 9353 9279 9831
3 8880 9353 9831
3 7971 8771 8880
3 8031 7971 8880
3 7534 7839 7899
3 7600 7534 7899
3 6687 6967 7033
3 6753 6687 7033
3 5712 6393 6459
3 5780 5712 6459
3 5554 5780 6459
3 4850 5486 5554
3 4418 4758 4850
3 3328 4340 4418
3 2841 3328 4418
3 2426 2783 2841
3 2484 2426 2841
3 2959 2366 2484
3 3079 2959 2484
3 3808 3021 3079
3 3902 3808 3079
3 4923 3902 3079
3 5852 4923 3079
3 5958 5852 3079
3 6836 5958 3079
3 8240 7360 6836
3 8164 8240 6836
3 11280 8164 6836
3 10833 11280 6836
3 10345 10833 6836
3 9831 10345 6836
3 8880 9831 6836
3 8031 8880 6836
3 7899 8031 6836
3 7600 7899 6836
3 7033 7600 6836
3 6753 7033 6836
3 6459 6753 6836
3 5554 6459 6836
3 4850 5554 6836
3 2841 4418 4850
3 2484 2841 4850
3 3079 2484 4850
3 6836 3079 4850
3 10936 10988 11379
3 3319 3258 4331
3 2950 2890 2357
3 4103 4164 3955
3 4103 3955 3893
3 4914 4103 3893
3 5905 4974 4914
3 5843 5905 4914
3 5949 6126 5843
3 7351 7220 6827
3 8278 7408 7351
3 8231 8278 7351
3 8155 8359 8231
3 11271 11323 8155
3 10936 11379 11271
3 10824 10936 11271
3 10398 10876 10824
3 10336 10398 10824
3 10128 10284 10336
3 10190 10128 10336
3 9822 10190 10336
3 9270 9760 9822
3 9344 9270 9822
3 8871 9344 9822
3 7962 8762 8871
3 8022 7962 8871
3 7525 7830 7890
3 7591 7525 7890
3 6678 6958 7024
3 6744 6678 7024
3 5703 6384 6450
3 5771 5703 6450
3 5545 5771 6450
3 4841 5477 5545
3 4409 4749 4841
3 3319 4331 4409
3 2832 3319 4409
3 2417 2774 2832
3 2475 2417 2832
3 2950 2357 2475
3 3070 2950 2475
3 3799 3012 3070
3 3893 3799 3070
3 4914 3893 3070
3 5843 4914 3070
3 5949 5843 3070
3 6827 5949 3070
3 8231 7351 6827
3 8155 8231 6827
3 11271 8155 6827
3 10824 11271 6827
3 10336 10824 6827
3 9822 10336 6827
3 8871 9822 6827
3 8022 8871 6827
3 7890 8022 6827
3 7591 7890 6827
3 7024 7591 6827
3 6744 7024 6827
3 6450 6744 6827
3 5545 6450 6827
3 4841 5545 6827
3 2832 4409 4841
3 2475 2832 4841
3 3070 2475 4841
3 6827 3070 4841
3 6828 6827 7220
3 7221 6828 7220
3 7352 7221 7220
3 7352 7220 7351
3 7352 7351 7408
3 7409 7352 7408
3 8279 7409 7408
3 8279 7408 8278
3 8232 8279 8278
3 8232 8278 8231
3 8360 8232 8231
3 8360 8231 8359
3 8156 8360 8359
3 8156 8359 8155
3 11324 8156 8155
3 11324 8155 11323
3 11272 11324 11323
3 11272 11323 11271
3 11380 11272 11271
3 11380 11271 11379
3 10989 11380 11379
3 10989 11379 10988
3 10989 10988 10936
3 10937 10989 10936
3 10825 10937 10936
3 10825 10936 10824
3 10877 10825 10824
3 10877 10824 10876
3 10399 10877 10876
3 10399 10876 10398
3 10399 10398 10336
3 10337 10399 10336
3 10285 10337 10336
3 10285 10336 10284
3 10285 10284 10128
3 10129 10285 10128
3 10129 10128 10190
3 10191 10129 10190
3 10191 10190 9822
3 9823 10191 9822
3 9761 9823 9822
3 9761 9822 9760
3 9761 9760 9270
3 9271 9761 9270
3 9271 9270 9344
3 9345 9271 9344
3 9345 9344 8871
3 8872 9345 8871
3 8763 8872 8871
3 8763 8871 8762
3 8763 8762 7962
3 7963 8763 7962
3 7963 7962 8022
3 8023 7963 8022
3 8023 8022 7890
3 7891 8023 7890
3 7831 7891 7890
3 7831 7890 7830
3 7831 7830 7525
3 7526 7831 7525
3 7526 7525 7591
3 7592 7526 7591
3 7592 7591 7024
3 7025 7592 7024
3 6959 7025 7024
3 6959 7024 6958
3 6959 6958 6678
3 6679 6959 6678
3 6679 6678 6744
3 6745 6679 6744
3 6745 6744 6450
3 6451 6745 6450
3 6385 6451 6450
3 6385 6450 6384
3 6385 6384 5703
3 5704 6385 5703
3 5704 5703 5771
3 5772 5704 5771
3 5772 5771 5545
3 5546 5772 5545
3 5478 5546 5545
3 5478 5545 5477
3 5478 5477 4841
3 4842 5478 4841
3 4750 4842 4841
3 4750 4841 4749
3 4750 4749 4409
3 4410 4750 4409
3 4332 4410 4409
3 4332 4409 4331
3 4332 4331 3258
3 3259 4332 3258
3 3259 3258 3319
3 3320 3259 3319
3 3320 3319 2832
3 2833 3320 2832
3 2775 2833 2832
3 2775 2832 2774
3 2775 2774 2417
3 2418 2775 2417
3 2418 2417 2475
3 2476 2418 2475
3 2476 2475 2357
3 2358 2476 2357
3 2358 2357 2890
3 2891 2358 2890
3 2951 2891 2890
3 2951 2890 2950
3 2951 2950 3070
3 3071 2951 3070
3 3071 3070 3012
3 3013 3071 3012
3 3013 3012 3799
3 3800 3013 3799
3 3894 3800 3799
3 3894 3799 3893
3 3894 3893 3955
3 3956 3894 3955
3 4165 3956 3955
3 4165 3955 4164
3 4104 4165 4164
3 4104 4164 4103
3 4915 4104 4103
3 4915 4103 4914
3 4915 4914 4974
3 4975 4915 4974
3 5906 4975 4974
3 5906 4974 5905
3 5844 5906 5905
3 5844 5905 5843
3 6127 5844 5843
3 6127 5843 6126
3 5950 6127 6126
3 5950 6126 5949
3 6828 5950 5949
3 6828 5949 6827
3 10937 10989 11380
3 3320 3259 4332
3 2951 2891 2358
3 4104 4165 3956
3 4104 3956 3894
3 4915 4104 3894
3 5906 4975 4915
3 5844 5906 4915
3 5950 6127 5844
3 7352 7221 6828
3 8279 7409 7352
3 8232 8279 7352
3 8156 8360 8232
3 11272 11324 8156
3 10937 11380 11272
3 10825 10937 11272
3 10399 10877 10825
3 10337 10399 10825
3 10129 10285 10337
3 10191 10129 10337
3 9823 10191 10337
3 9271 9761 9823
3 9345 9271 9823
3 8872 9345 9823
3 7963 8763 8872
3 8023 7963 8872
3 7526 7831 7891
3 7592 7526 7891
3 6679 6959 7025
3 6745 6679 7025
3 5704 6385 6451
3 5772 5704 6451
3 5546 5772 6451
3 4842 5478 5546
3 4410 4750 4842
3 3320 4332 4410
3 2833 3320 4410
3 2418 2775 2833
3 2476 2418 2833
3 2951 2358 2476
3 3071 2951 2476
3 3800 3013 3071
3 3894 3800 3071
3 4915 3894 3071
3 5844 4915 3071
3 5950 5844 3071
3 6828 5950 3071
3 8232 7352 6828
3 8156 8232 6828
3 11272 8156 6828
3 10825 11272 6828
3 10337 10825 6828
3 9823 10337 6828
3 8872 9823 6828
3 8023 8872 6828
3 7891 8023 6828
3 7592 7891 6828
3 7025 7592 6828
3 6745 7025 6828
3 6451 6745 6828
3 5546 6451 6828
3 4842 5546 6828
3 2833 4410 4842
3 2476 2833 4842
3 3071 2476 4842
3 6828 3071 4842
3 10938 10990 11381
3 3321 3260 4333
3 2952 2892 2359
3 4105 4166 3957
3 4105 3957 3895
3 4916 4105 3895
3 5907 4976 4916
3 5845 5907 4916
3 5951 6128 5845
3 7353 7222 6829
3 8280 7410 7353
3 8233 8280 7353
3 8157 8361 8233
3 11273 11325 8157
3 10938 11381 11273
3 10826 10938 11273
3 10400 10878 10826
3 10338 10400 10826
3 10130 10286 10338
3 10192 10130 10338
3 9824 10192 10338
3 9272 9762 9824
3 9346 9272 9824
3 8873 9346 9824
3 7964 8764 8873
3 8024 7964 8873
3 7527 7832 7892
3 7593 7527 7892
3 6680 6960 7026
3 6746 6680 7026
3 5705 6386 6452
3 5773 5705 6452
3 5547 5773 6452
3 4843 5479 5547
3 4411 4751 4843
3 3321 4333 4411
3 2834 3321 4411
3 2419 2776 2834
3 2477 2419 2834
3 2952 2359 2477
3 3072 2952 2477
3 3801 3014 3072
3 3895 3801 3072
3 4916 3895 3072
3 5845 4916 3072
3 5951 5845 3072
3 6829 5951 3072
3 8233 7353 6829
3 8157 8233 6829
3 11273 8157 6829
3 10826 11273 6829
3 10338 10826 6829
3 9824 10338 6829
3 8873 9824 6829
3 8024 8873 6829
3 7892 8024 6829
3 7593 7892 6829
3 7026 7593 6829
3 6746 7026 6829
3 6452 6746 6829
3 5547 6452 6829
3 4843 5547 6829
3 2834 4411 4843
3 2477 2834 4843
3 3072 2477 4843
3 6829 3072 4843
3 6830 6829 7222
3 7223 6830 7222
3 7354 7223 7222
3 7354 7222 7353
3 7354 7353 7410
3 7411 7354 7410
3 8281 7411 7410
3 8281 7410 8280
3 8234 8281 8280
3 8234 8280 8233
3 8362 8234 8233
3 8362 8233 8361
3 8158 8362 8361
3 8158 8361 8157
3 11326 8158 8157
3 11326 8157 11325
3 11274 11326 11325
3 11274 11325 11273
3 11382 11274 11273
3 11382 11273 11381
3 10991 11382 11381
3 10991 11381 10990
3 10991 10990 10938
3 10939 10991 10938
3 10827 10939 10938
3 10827 10938 10826
3 10879 10827 10826
3 10879 10826 10878
3 10401 10879 10878
3 10401 10878 10400
3 10401 10400 10338
3 10339 10401 10338
3 10287 10339 10338
3 10287 10338 10286
3 10287 10286 10130
3 10131 10287 10130
3 10131 10130 10192
3 10193 10131 10192
3 10193 10192 9824
3 9825 10193 9824
3 9763 9825 9824
3 9763 9824 9762
3 9763 9762 9272
3 9273 9763 9272
3 9273 9272 9346
3 9347 9273 9346
3 9347 9346 8873
3 8874 9347 8873
3 8765 8874 8873
3 8765 8873 8764
3 8765 8764 7964
3 7965 8765 7964
3 7965 7964 8024
3 8025 7965 8024
3 8025 8024 7892
3 7893 8025 7892
3 7833 7893 7892
3 7833 7892 7832
3 7833 7832 7527
3 7528 7833 7527
3 7528 7527 7593
3 7594 7528 7593
3 7594 7593 7026
3 7027 7594 7026
3 6961 7027 7026
3 6961 7026 6960
3 6961 6960 6680
3 6681 6961 6680
3 6681 6680 6746
3 6747 6681 6746
3 6747 6746 6452
3 6453 6747 6452
3 6387 6453 6452
3 6387 6452 6386
3 6387 6386 5705
3 5706 6387 5705
3 5706 5705 5773
3 5774 5706 5773
3 5774 5773 5547
3 5548 5774 5547
3 5480 5548 5547
3 5480 5547 5479
3 5480 5479 4843
3 4844 5480 4843
3 4752 4844 4843
3 4752 4843 4751
3 4752 4751 4411
3 4412 4752 4411
3 4334 4412 4411
3 4334 4411 4333
3 4334 4333 3260
3 3261 4334 3260
3 3261 3260 3321
3 3322 3261 3321
3 3322 3321 2834
3 2835 3322 2834
3 2777 2835 2834
3 2777 2834 2776
3 2777 2776 2419
3 2420 2777 2419
3 2420 2419 2477
3 2478 2420 2477
3 2478 2477 2359
3 2360 2478 2359
3 2360 2359 2892
3 2893 2360 2892
3 2953 2893 2892
3 2953 2892 2952
3 2953 2952 3072
3 3073 2953 3072
3 3073 3072 3014
3 3015 3073 3014
3 3015 3014 3801
3 3802 3015 3801
3 3896 3802 3801
3 3896 3801 3895
3 3896 3895 3957
3 3958 3896 3957
3 4167 3958 3957
3 4167 3957 4166
3 4106 4167 4166
3 4106 4166 4105
3 4917 4106 4105
3 4917 4105 4916
3 4917 4916 4976
3 4977 4917 4976
3 5908 4977 4976
3 5908 4976 5907
3 5846 5908 5907
3 5846 5907 5845
3 6129 5846 5845
3 6129 5845 6128
3 5952 6129 6128
3 5952 6128 5951
3 6830 5952 5951
3 6830 5951 6829
3 10939 10991 11382
3 3322 3261 4334
3 2953 2893 2360
3 4106 4167 3958
3 4106 3958 3896
3 4917 4106 3896
3 5908 4977 4917
3 5846 5908 4917
3 5952 6129 5846
3 7354 7223 6830
3 8281 7411 7354
3 8234 8281 7354
3 8158 8362 8234
3 11274 11326 8158
3 10939 11382 11274
3 10827 10939 11274
3 10401 10879 10827
3 10339 10401 10827
3 10131 10287 10339
3 10193 10131 10339
3 9825 10193 10339
3 9273 9763 9825
3 9347 9273 9825
3 8874 9347 9825
3 7965 8765 8874
3 8025 7965 8874
3 7528 7833 7893
3 7594 7528 7893
3 6681 6961 7027
3 6747 6681 7027
3 5706 6387 6453
3 5774 5706 6453
3 5548 5774 6453
3 4844 5480 5548
3 4412 4752 4844
3 3322 4334 4412
3 2835 3322 4412
3 2420 2777 2835
3 2478 2420 2835
3 2953 2360 2478
3 3073 2953 2478
3 3802 3015 3073
3 3896 3802 3073
3 4917 3896 3073
3 5846 4917 3073
3 5952 5846 3073
3 6830 5952 3073
3 8234 7354 6830
3 8158 8234 6830
3 11274 8158 6830
3 10827 11274 6830
3 10339 10827 6830
3 9825 10339 6830
3 8874 9825 6830
3 8025 8874 6830
3 7893 8025 6830
3 7594 7893 6830
3 7027 7594 6830
3 6747 7027 6830
3 6453 6747 6830
3 5548 6453 6830
3 4844 5548 6830
3 2835 4412 4844
3 2478 2835 4844
3 3073 2478 4844
3 6830 3073 4844
3 10940 10992 11383
3 3323 3262 4335
3 2954 2894 2361
3 4107 4168 3959
3 4107 3959 3897
3 4918 4107 3897
3 5909 4978 4918
3 5847 5909 4918
3 5953 6130 5847
3 7355 7224 6831
3 8282 7412 7355
3 8235 8282 7355
3 8159 8363 8235
3 11275 11327 8159
3 10940 11383 11275
3 10828 10940 11275
3 10402 10880 10828
3 10340 10402 10828
3 10132 10288 10340
3 10194 10132 10340
3 9826 10194 10340
3 9274 9764 9826
3 9348 9274 9826
3 8875 9348 9826
3 7966 8766 8875
3 8026 7966 8875
3 7529 7834 7894
3 7595 7529 7894
3 6682 6962 7028
3 6748 6682 7028
3 5707 6388 6454
3 5775 5707 6454
3 5549 5775 6454
3 4845 5481 5549
3 4413 4753 4845
3 3323 4335 4413
3 2836 3323 4413
3 2421 2778 2836
3 2479 2421 2836
3 2954 2361 2479
3 3074 2954 2479
3 3803 3016 3074
3 3897 3803 3074
3 4918 3897 3074
3 5847 4918 3074
3 5953 5847 3074
3 6831 5953 3074
3 8235 7355 6831
3 8159 8235 6831
3 11275 8159 6831
3 10828 11275 6831
3 10340 10828 6831
3 9826 10340 6831
3 8875 9826 6831
3 8026 8875 6831
3 7894 8026 6831
3 7595 7894 6831
3 7028 7595 6831
3 6748 7028 6831
3 6454 6748 6831
3 5549 6454 6831
3 4845 5549 6831
3 2836 4413 4845
3 2479 2836 4845
3 3074 2479 4845
3 6831 3074 4845
3 6832 6831 7224
3 7225 6832 7224
3 7356 7225 7224
3 7356 7224 7355
3 7356 7355 7412
3 7413 7356 7412
3 8283 7413 7412
3 8283 7412 8282
3 8236 8283 8282
3 8236 8282 8235
3 8364 8236 8235
3 8364 8235 8363
3 8160 8364 8363
3 8160 8363 8159
3 11328 8160 8159
3 11328 8159 11327
3 11276 11328 11327
3 11276 11327 11275
3 11384 11276 11275
3 11384 11275 11383
3 10993 11384 11383
3 10993 11383 10992
3 10993 10992 10940
3 10941 10993 10940
3 10829 10941 10940
3 10829 10940 10828
3 10881 10829 10828
3 10881 10828 10880
3 10403 10881 10880
3 10403 10880 10402
3 10403 10402 10340
3 10341 10403 10340
3 10289 10341 10340
3 10289 10340 10288
3 10289 10288 10132
3 10133 10289 10132
3 10133 10132 10194
3 10195 10133 10194
3 10195 10194 9826
3 9827 10195 9826
3 9765 9827 9826
3 9765 9826 9764
3 9765 9764 9274
3 9275 9765 9274
3 9275 9274 9348
3 9349 9275 9348
3 9349 9348 8875
3 8876 9349 8875
3 8767 8876 8875
3 8767 8875 8766
3 8767 8766 7966
3 7967 8767 7966
3 7967 7966 8026
3 8027 7967 8026
3 8027 8026 7894
3 7895 8027 7894
3 7835 7895 7894
3 7835 7894 7834
3 7835 7834 7529
3 7530 7835 7529
3 7530 7529 7595
3 7596 7530 7595
3 7596 7595 7028
3 7029 7596 7028
3 6963 7029 7028
3 6963 7028 6962
3 6963 6962 6682
3 6683 6963 6682
3 6683 6682 6748
3 6749 6683 6748
3 6749 6748 6454
3 6455 6749 6454
3 6389 6455 6454
3 6389 6454 6388
3 6389 6388 5707
3 5708 6389 5707
3 5708 5707 5775
3 5776 5708 5775
3 5776 5775 5549
3 5550 5776 5549
3 5482 5550 5549
3 5482 5549 5481
3 5482 5481 4845
3 4846 5482 4845
3 4754 4846 4845
3 4754 4845 4753
3 4754 4753 4413
3 4414 4754 4413
3 4336 4414 4413
3 4336 4413 4335
3 4336 4335 3262
3 3263 4336 3262
3 3263 3262 3323
3 3324 3263 3323
3 3324 3323 2836
3 2837 3324 2836
3 2779 2837 2836
3 2779 2836 2778
3 2779 2778 2421
3 2422 2779 2421
3 2422 2421 2479
3 2480 2422 2479
3 2480 2479 2361
3 2362 2480 2361
3 2362 2361 2894
3 2895 2362 2894
3 2955 2895 2894
3 2955 2894 2954
3 2955 2954 3074
3 3075 2955 3074
3 3075 3074 3016
3 3017 3075 3016
3 3017 3016 3803
3 3804 3017 3803
3 3898 3804 3803
3 3898 3803 3897
3 3898 3897 3959
3 3960 3898 3959
3 4169 3960 3959
3 4169 3959 4168
3 4108 4169 4168
3 4108 4168 4107
3 4919 4108 4107
3 4919 4107 4918
3 4919 4918 4978
3 4979 4919 4978
3 5910 4979 4978
3 5910 4978 5909
3 5848 5910 5909
3 5848 5909 5847
3 6131 5848 5847
3 6131 5847 6130
3 5954 6131 6130
3 5954 6130 5953
3 6832 5954 5953
3 6832 5953 6831
3 10941 10993 11384
3 3324 3263 4336
3 2955 2895 2362
3 4108 4169 3960
3 4108 3960 3898
3 4919 4108 3898
3 5910 4979 4919
3 5848 5910 4919
3 5954 6131 5848
3 7356 7225 6832
3 8283 7413 7356
3 8236 8283 7356
3 8160 8364 8236
3 11276 11328 8160
3 10941 11384 11276
3 10829 10941 11276
3 10403 10881 10829
3 10341 10403 10829
3 10133 10289 10341
3 10195 10133 10341
3 9827 10195 10341
3 9275 9765 9827
3 9349 9275 9827
3 8876 9349 9827
3 7967 8767 8876
3 8027 7967 8876
3 7530 7835 7895
3 7596 7530 7895
3 6683 6963 7029
3 6749 6683 7029
3 5708 6389 6455
3 5776 5708 6455
3 5550 5776 6455
3 4846 5482 5550
3 4414 4754 4846
3 3324 4336 4414
3 2837 3324 4414
3 2422 2779 2837
3 2480 2422 2837
3 2955 2362 2480
3 3075 2955 2480
3 3804 3017 3075
3 3898 3804 3075
3 4919 3898 3075
3 5848 4919 3075
3 5954 5848 3075
3 6832 5954 3075
3 8236 7356 6832
3 8160 8236 6832
3 11276 8160 6832
3 10829 11276 6832
3 10341 10829 6832
3 9827 10341 6832
3 8876 9827 6832
3 8027 8876 6832
3 7895 8027 6832
3 7596 7895 6832
3 7029 7596 6832
3 6749 7029 6832
3 6455 6749 6832
3 5550 6455 6832
3 4846 5550 6832
3 2837 4414 4846
3 2480 2837 4846
3 3075 2480 4846
3 6832 3075 4846
3 10942 10994 11385
3 3325 3264 4337
3 2956 2896 2363
3 4109 4170 3961
3 4109 3961 3899
3 4920 4109 3899
3 5911 4980 4920
3 5849 5911 4920
3 5955 6132 5849
3 7357 7226 6833
3 8284 7414 7357
3 8237 8284 7357
3 8161 8365 8237
3 11277 11329 8161
3 10942 11385 11277
3 10830 10942 11277
3 10404 10882 10830
3 10342 10404 10830
3 10134 10290 10342
3 10196 10134 10342
3 9828 10196 10342
3 9276 9766 9828
3 9350 9276 9828
3 8877 9350 9828
3 7968 8768 8877
3 8028 7968 8877
3 7531 7836 7896
3 7597 7531 7896
3 6684 6964 7030
3 6750 6684 7030
3 5709 6390 6456
3 5777 5709 6456
3 5551 5777 6456
3 4847 5483 5551
3 4415 4755 4847
3 3325 4337 4415
3 2838 3325 4415
3 2423 2780 2838
3 2481 2423 2838
3 2956 2363 2481
3 3076 2956 2481
3 3805 3018 3076
3 3899 3805 3076
3 4920 3899 3076
3 5849 4920 3076
3 5955 5849 3076
3 6833 5955 3076
3 8237 7357 6833
3 8161 8237 6833
3 11277 8161 6833
3 10830 11277 6833
3 10342 10830 6833
3 9828 10342 6833
3 8877 9828 6833
3 8028 8877 6833
3 7896 8028 6833
3 7597 7896 6833
3 7030 7597 6833
3 6750 7030 6833
3 6456 6750 6833
3 5551 6456 6833
3 4847 5551 6833
3 2838 4415 4847
3 2481 2838 4847
3 3076 2481 4847
3 6833 3076 4847
3 6834 6833 7226
3 7227 6834 7226
3 7358 7227 7226
3 7358 7226 7357
3 7358 7357 7414
3 7415 7358 7414
3 8285 7415 7414
3 8285 7414 8284
3 8238 8285 8284
3 8238 8284 8237
3 8366 8238 8237
3 8366 8237 8365
3 8162 8366 8365
3 8162 8365 8161
3 11330 8162 8161
3 11330 8161 11329
3 11278 11330 11329
3 11278 11329 11277
3 11386 11278 11277
3 11386 11277 11385
3 10995 11386 11385
3 10995 11385 10994
3 10995 10994 10942
3 10943 10995 10942
3 10831 10943 10942
3 10831 10942 10830
3 10883 10831 10830
3 10883 10830 10882
3 10405 10883 10882
3 10405 10882 10404
3 10405 10404 10342
3 10343 10405 10342
3 10291 10343 10342
3 10291 10342 10290
3 10291 10290 10134
3 10135 10291 10134
3 10135 10134 10196
3 10197 10135 10196
3 10197 10196 9828
3 9829 10197 9828
3 9767 9829 9828
3 9767 9828 9766
3 9767 9766 9276
3 9277 9767 9276
3 9277 9276 9350
3 9351 9277 9350
3 9351 9350 8877
3 8878 9351 8877
3 8769 8878 8877
3 8769 8877 8768
3 8769 8768 7968
3 7969 8769 7968
3 7969 7968 8028
3 8029 7969 8028
3 8029 8028 7896
3 7897 8029 7896
3 7837 7897 7896
3 7837 7896 7836
3 7837 7836 7531
3 7532 7837 7531
3 7532 7531 7597
3 7598 7532 7597
3 7598 7597 7030
3 7031 7598 7030
3 6965 7031 7030
3 6965 7030 6964
3 6965 6964 6684
3 6685 6965 6684
3 6685 6684 6750
3 6751 6685 6750
3 6751 6750 6456
3 6457 6751 6456
3 6391 6457 6456
3 6391 6456 6390
3 6391 6390 5709
3 5710 6391 5709
3 5710 5709 5777
3 5778 5710 5777
3 5778 5777 5551
3 5552 5778 5551
3 5484 5552 5551
3 5484 5551 5483
3 5484 5483 4847
3 4848 5484 4847
3 4756 4848 4847
3 4756 4847 4755
3 4756 4755 4415
3 4416 4756 4415
3 4338 4416 4415
3 4338 4415 4337
3 4338 4337 3264
3 3265 4338 3264
3 3265 3264 3325
3 3326 3265 3325
3 3326 3325 2838
3 2839 3326 2838
3 2781 2839 2838
3 2781 2838 2780
3 2781 2780 2423
3 2424 2781 2423
3 2424 2423 2481
3 2482 2424 2481
3 2482 2481 2363
3 2364 2482 2363
3 2364 2363 2896
3 2897 2364 2896
3 2957 2897 2896
3 2957 2896 2956
3 2957 2956 3076
3 3077 2957 3076
3 3077 3076 3018
3 3019 3077 3018
3 3019 3018 3805
3 3806 3019 3805
3 3900 3806 3805
3 3900 3805 3899
3 3900 3899 3961
3 3962 3900 3961
3 4171 3962 3961
3 4171 3961 4170
3 4110 4171 4170
3 4110 4170 4109
3 4921 4110 4109
3 4921 4109 4920
3 4921 4920 4980
3 4981 4921 4980
3 5912 4981 4980
3 5912 4980 5911
3 5850 5912 5911
3 5850 5911 5849
3 6133 5850 5849
3 6133 5849 6132
3 5956 6133 6132
3 5956 6132 5955
3 6834 5956 5955
3 6834 5955 6833
3 10943 10995 11386
3 3326 3265 4338
3 2957 2897 2364
3 4110 4171 3962
3 4110 3962 3900
3 4921 4110 3900
3 5912 4981 4921
3 5850 5912 4921
3 5956 6133 5850
3 7358 7227 6834
3 8285 7415 7358
3 8238 8285 7358
3 8162 8366 8238
3 11278 11330 8162
3 10943 11386 11278
3 10831 10943 11278
3 10405 10883 10831
3 10343 10405 10831
3 10135 10291 10343
3 10197 10135 10343
3 9829 10197 10343
3 9277 9767 9829
3 9351 9277 9829
3 8878 9351 9829
3 7969 8769 8878
3 8029 7969 8878
3 7532 7837 7897
3 7598 7532 7897
3 6685 6965 7031
3 6751 6685 7031
3 5710 6391 6457
3 5778 5710 6457
3 5552 5778 6457
3 4848 5484 5552
3 4416 4756 4848
3 3326 4338 4416
3 2839 3326 4416
3 2424 2781 2839
3 2482 2424 2839
3 2957 2364 2482
3 3077 2957 2482
3 3806 3019 3077
3 3900 3806 3077
3 4921 3900 3077
3 5850 4921 3077
3 5956 5850 3077
3 6834 5956 3077
3 8238 7358 6834
3 8162 8238 6834
3 11278 8162 6834
3 10831 11278 6834
3 10343 10831 6834
3 9829 10343 6834
3 8878 9829 6834
3 8029 8878 6834
3 7897 8029 6834
3 7598 7897 6834
3 7031 7598 6834
3 6751 7031 6834
3 6457 6751 6834
3 5552 6457 6834
3 4848 5552 6834
3 2839 4416 4848
3 2482 2839 4848
3 3077 2482 4848
3 6834 3077 4848
3 10944 10996 11387
3 3327 3266 4339
3 2958 2898 2365
3 4111 4172 3963
3 4111 3963 3901
3 4922 4111 3901
3 5913 4982 4922
3 5851 5913 4922
3 5957 6134 5851
3 7359 7228 6835
3 8286 7416 7359
3 8239 8286 7359
3 8163 8367 8239
3 11279 11331 8163
3 10944 11387 11279
3 10832 10944 11279
3 10406 10884 10832
3 10344 10406 10832
3 10136 10292 10344
3 10198 10136 10344
3 9830 10198 10344
3 9278 9768 9830
3 9352 9278 9830
3 8879 9352 9830
3 7970 8770 8879
3 8030 7970 8879
3 7533 7838 7898
3 7599 7533 7898
3 6686 6966 7032
3 6752 6686 7032
3 5711 6392 6458
3 5779 5711 6458
3 5553 5779 6458
3 4849 5485 5553
3 4417 4757 4849
3 3327 4339 4417
3 2840 3327 4417
3 2425 2782 2840
3 2483 2425 2840
3 2958 2365 2483
3 3078 2958 2483
3 3807 3020 3078
3 3901 3807 3078
3 4922 3901 3078
3 5851 4922 3078
3 5957 5851 3078
3 6835 5957 3078
3 8239 7359 6835
3 8163 8239 6835
3 11279 8163 6835
3 10832 11279 6835
3 10344 10832 6835
3 9830 10344 6835
3 8879 9830 6835
3 8030 8879 6835
3 7898 8030 6835
3 7599 7898 6835
3 7032 7599 6835
3 6752 7032 6835
3 6458 6752 6835
3 5553 6458 6835
3 4849 5553 6835
3 2840 4417 4849
3 2483 2840 4849
3 3078 2483 4849
3 6835 3078 4849
3 6836 6835 7228
3 7229 6836 7228
3 7360 7229 7228
3 7360 7228 7359
3 7360 7359 7416
3 7417 7360 7416
3 8287 7417 7416
3 8287 7416 8286
3 8240 8287 8286
3 8240 8286 8239
3 8368 8240 8239
3 8368 8239 8367
3 8164 8368 8367
3 8164 8367 8163
3 11332 8164 8163
3 11332 8163 11331
3 11280 11332 11331
3 11280 11331 11279
3 11388 11280 11279
3 11388 11279 11387
3 10997 11388 11387
3 10997 11387 10996
3 10997 10996 10944
3 10945 10997 10944
3 10833 10945 10944
3 10833 10944 10832
3 10885 10833 10832
3 10885 10832 10884
3 10407 10885 10884
3 10407 10884 10406
3 10407 10406 10344
3 10345 10407 10344
3 10293 10345 10344
3 10293 10344 10292
3 10293 10292 10136
3 10137 10293 10136
3 10137 10136 10198
3 10199 10137 10198
3 10199 10198 9830
3 9831 10199 9830
3 9769 9831 9830
3 9769 9830 9768
3 9769 9768 9278
3 9279 9769 9278
3 9279 9278 9352
3 9353 9279 9352
3 9353 9352 8879
3 8880 9353 8879
3 8771 8880 8879
3 8771 8879 8770
3 8771 8770 7970
3 7971 8771 7970
3 7971 7970 8030
3 8031 7971 8030
3 8031 8030 7898
3 7899 8031 7898
3 7839 7899 7898
3 7839 7898 7838
3 7839 7838 7533
3 7534 7839 7533
3 7534 7533 7599
3 7600 7534 7599
3 7600 7599 7032
3 7033 7600 7032
3 6967 7033 7032
3 6967 7032 6966
3 6967 6966 6686
3 6687 6967 6686
3 6687 6686 6752
3 6753 6687 6752
3 6753 6752 6458
3 6459 6753 6458
3 6393 6459 6458
3 6393 6458 6392
3 6393 6392 5711
3 5712 6393 5711
3 5712 5711 5779
3 5780 5712 5779
3 5780 5779 5553
3 5554 5780 5553
3 5486 5554 5553
3 5486 5553 5485
3 5486 5485 4849
3 4850 5486 4849
3 4758 4850 4849
3 4758 4849 4757
3 4758 4757 4417
3 4418 4758 4417
3 4340 4418 4417
3 4340 4417 4339
3 4340 4339 3266
3 3267 4340 3266
3 3267 3266 3327
3 3328 3267 3327
3 3328 3327 2840
3 2841 3328 2840
3 2783 2841 2840
3 2783 2840 2782
3 2783 2782 2425
3 2426 2783 2425
3 2426 2425 2483
3 2484 2426 2483
3 2484 2483 2365
3 2366 2484 2365
3 2366 2365 2898
3 2899 2366 2898
3 2959 2899 2898
3 2959 2898 2958
3 2959 2958 3078
3 3079 2959 3078
3 3079 3078 3020
3 3021 3079 3020
3 3021 3020 3807
3 3808 3021 3807
3 3902 3808 3807
3 3902 3807 3901
3 3902 3901 3963
3 3964 3902 3963
3 4173 3964 3963
3 4173 3963 4172
3 4112 4173 4172
3 4112 4172 4111
3 4923 4112 4111
3 4923 4111 4922
3 4923 4922 4982
3 4983 4923 4982
3 5914 4983 4982
3 5914 4982 5913
3 5852 5914 5913
3 5852 5913 5851
3 6135 5852 5851
3 6135 5851 6134
3 5958 6135 6134
3 5958 6134 5957
3 6836 5958 5957
3 6836 5957 6835
3 10945 10997 11388
3 3328 3267 4340
3 2959 2899 2366
3 4112 4173 3964
3 4112 3964 3902
3 4923 4112 3902
3 5914 4983 4923
3 5852 5914 4923
3 5958 6135 5852
3 7360 7229 6836
3 8287 7417 7360
3 8240 8287 7360
3 8164 8368 8240
3 11280 11332 8164
3 10945 11388 11280
3 10833 10945 11280
3 10407 10885 10833
3 10345 10407 10833
3 10137 10293 10345
3 10199 10137 10345
3 9831 10199 10345
3 9279 9769 9831
3 9353 9279 9831
3 8880 9353 9831
3 7971 8771 8880
3 8031 7971 8880
3 7534 7839 7899
3 7600 7534 7899
3 6687 6967 7033
3 6753 6687 7033
3 5712 6393 6459
3 5780 5712 6459
3 5554 5780 6459
3 4850 5486 5554
3 4418 4758 4850
3 3328 4340 4418
3 2841 3328 4418
3 2426 2783 2841
3 2484 2426 2841
3 2959 2366 2484
3 3079 2959 2484
3 3808 3021 3079
3 3902 3808 3079
3 4923 3902 3079
3 5852 4923 3079
3 5958 5852 3079
3 6836 5958 3079
3 8240 7360 6836
3 8164 8240 6836
3 11280 8164 6836
3 10833 11280 6836
3 10345 10833 6836
3 9831 10345 6836
3 8880 9831 6836
3 8031 8880 6836
3 7899 8031 6836
3 7600 7899 6836
3 7033 7600 6836
3 6753 7033 6836
3 6459 6753 6836
3 5554 6459 6836
3 4850 5554 6836
3 2841 4418 4850
3 2484 2841 4850
3 3079 2484 4850
3 6836 3079 4850
3 10934 10986 11377
3 3317 3256 4329
3 2948 2888 2355
3 4101 4162 3953
3 4101 3953 3891
3 4912 4101 3891
3 5903 4972 4912
3 5841 5903 4912
3 5947 6124 5841
3 7349 7218 6825
3 8276 7406 7349
3 8229 8276 7349
3 8153 8357 8229
3 11269 11321 8153
3 10934 11377 11269
3 10822 10934 11269
3 10396 10874 10822
3 10334 10396 10822
3 10126 10282 10334
3 10188 10126 10334
3 9820 10188 10334
3 9268 9758 9820
3 9342 9268 9820
3 8869 9342 9820
3 7960 8760 8869
3 8020 7960 8869
3 7523 7828 7888
3 7589 7523 7888
3 6676 6956 7022
3 6742 6676 7022
3 5701 6382 6448
3 5769 5701 6448
3 5543 5769 6448
3 4839 5475 5543
3 4407 4747 4839
3 3317 4329 4407
3 2830 3317 4407
3 2415 2772 2830
3 2473 2415 2830
3 2948 2355 2473
3 3068 2948 2473
3 3797 3010 3068
3 3891 3797 3068
3 4912 3891 3068
3 5841 4912 3068
3 5947 5841 3068
3 6825 5947 3068
3 8229 7349 6825
3 8153 8229 6825
3 11269 8153 6825
3 10822 11269 6825
3 10334 10822 6825
3 9820 10334 6825
3 8869 9820 6825
3 8020 8869 6825
3 7888 8020 6825
3 7589 7888 6825
3 7022 7589 6825
3 6742 7022 6825
3 6448 6742 6825
3 5543 6448 6825
3 4839 5543 6825
3 2830 4407 4839
3 2473 2830 4839
3 3068 2473 4839
3 6825 3068 4839
3 6826 6825 7218
3 7219 6826 7218
3 7350 7219 7218
3 7350 7218 7349
3 7350 7349 7406
3 7407 7350 7406
3 8277 7407 7406
3 8277 7406 8276
3 8230 8277 8276
3 8230 8276 8229
3 8358 8230 8229
3 8358 8229 8357
3 8154 8358 8357
3 8154 8357 8153
3 11322 8154 8153
3 11322 8153 11321
3 11270 11322 11321
3 11270 11321 11269
3 11378 11270 11269
3 11378 11269 11377
3 10987 11378 11377
3 10987 11377 10986
3 10987 10986 10934
3 10935 10987 10934
3 10823 10935 10934
3 10823 10934 10822
3 10875 10823 10822
3 10875 10822 10874
3 10397 10875 10874
3 10397 10874 10396
3 10397 10396 10334
3 10335 10397 10334
3 10283 10335 10334
3 10283 10334 10282
3 10283 10282 10126
3 10127 10283 10126
3 10127 10126 10188
3 10189 10127 10188
3 10189 10188 9820
3 9821 10189 9820
3 9759 9821 9820
3 9759 9820 9758
3 9759 9758 9268
3 9269 9759 9268
3 9269 9268 9342
3 9343 9269 9342
3 9343 9342 8869
3 8870 9343 8869
3 8761 8870 8869
3 8761 8869 8760
3 8761 8760 7960
3 7961 8761 7960
3 7961 7960 8020
3 8021 7961 8020
3 8021 8020 7888
3 7889 8021 7888
3 7829 7889 7888
3 7829 7888 7828
3 7829 7828 7523
3 7524 7829 7523
3 7524 7523 7589
3 7590 7524 7589
3 7590 7589 7022
3 7023 7590 7022
3 6957 7023 7022
3 6957 7022 6956
3 6957 6956 6676
3 6677 6957 6676
3 6677 6676 6742
3 6743 6677 6742
3 6743 6742 6448
3 6449 6743 6448
3 6383 6449 6448
3 6383 6448 6382
3 6383 6382 5701
3 5702 6383 5701
3 5702 5701 5769
3 5770 5702 5769
3 5770 5769 5543
3 5544 5770 5543
3 5476 5544 5543
3 5476 5543 5475
3 5476 5475 4839
3 4840 5476 4839
3 4748 4840 4839
3 4748 4839 4747
3 4748 4747 4407
3 4408 4748 4407
3 4330 4408 4407
3 4330 4407 4329
3 4330 4329 3256
3 3257 4330 3256
3 3257 3256 3317
3 3318 3257 3317
3 3318 3317 2830
3 2831 3318 2830
3 2773 2831 2830
3 2773 2830 2772
3 2773 2772 2415
3 2416 2773 2415
3 2416 2415 2473
3 2474 2416 2473
3 2474 2473 2355
3 2356 2474 2355
3 2356 2355 2888
3 2889 2356 2888
3 2949 2889 2888
3 2949 2888 2948
3 2949 2948 3068
3 3069 2949 3068
3 3069 3068 3010
3 3011 3069 3010
3 3011 3010 3797
3 3798 3011 3797
3 3892 3798 3797
3 3892 3797 3891
3 3892 3891 3953
3 3954 3892 3953
3 4163 3954 3953
3 4163 3953 4162
3 4102 4163 4162
3 4102 4162 4101
3 4913 4102 4101
3 4913 4101 4912
3 4913 4912 4972
3 4973 4913 4972
3 5904 4973 4972
3 5904 4972 5903
3 5842 5904 5903
3 5842 5903 5841
3 6125 5842 5841
3 6125 5841 6124
3 5948 6125 6124
3 5948 6124 5947
3 6826 5948 5947
3 6826 5947 6825
3 10935 10987 11378
3 3318 3257 4330
3 2949 2889 2356
3 4102 4163 3954
3 4102 3954 3892
3 4913 4102 3892
3 5904 4973 4913
3 5842 5904 4913
3 5948 6125 5842
3 7350 7219 6826
3 8277 7407 7350
3 8230 8277 7350
3 8154 8358 8230
3 11270 11322 8154
3 10935 11378 11270
3 10823 10935 11270
3 10397 10875 10823
3 10335 10397 10823
3 10127 10283 10335
3 10189 10127 10335
3 9821 10189 10335
3 9269 9759 9821
3 9343 9269 9821
3 8870 9343 9821
3 7961 8761 8870
3 8021 7961 8870
3 7524 7829 7889
3 7590 7524 7889
3 6677 6957 7023
3 6743 6677 7023
3 5702 6383 6449
3 5770 5702 6449
3 5544 5770 6449
3 4840 5476 5544
3 4408 4748 4840
3 3318 4330 4408
3 2831 3318 4408
3 2416 2773 2831
3 2474 2416 2831
3 2949 2356 2474
3 3069 2949 2474
3 3798 3011 3069
3 3892 3798 3069
3 4913 3892 3069
3 5842 4913 3069
3 5948 5842 3069
3 6826 5948 3069
3 8230 7350 6826
3 8154 8230 6826
3 11270 8154 6826
3 10823 11270 6826
3 10335 10823 6826
3 9821 10335 6826
3 8870 9821 6826
3 8021 8870 6826
3 7889 8021 6826
3 7590 7889 6826
3 7023 7590 6826
3 6743 7023 6826
3 6449 6743 6826
3 5544 6449 6826
3 4840 5544 6826
3 2831 4408 4840
3 2474 2831 4840
3 3069 2474 4840
3 6826 3069 4840
3 9736 10104 10166
3 9798 9736 10166
3 10200 9832 9798
3 10200 9798 10166
3 10138 10200 10166
3 10138 10166 10104
3 10138 10104 9736
3 9770 10138 9736
3 9770 9736 9798
3 9832 9770 9798
3 9770 10138 10200
3 9832 9770 10200
3 10260 10366 10374
3 10312 10260 10374
3 10367 10366 10260
3 10294 10367 10260
3 10294 10260 10312
3 10346 10294 10312
3 10408 10346 10312
3 10408 10312 10374
3 10367 10408 10374
3 10367 10374 10366
3 10294 10367 10408
3 10346 10294 10408
3 7806 7938 7998
3 7866 7806 7998
3 8032 7900 7866
3 8032 7866 7998
3 7972 8032 7998
3 7972 7998 7938
3 7972 7938 7806
3 7840 7972 7806
3 7840 7806 7866
3 7900 7840 7866
3 7840 7972 8032
3 7900 7840 8032
3 6934 7501 7567
3 7000 6934 7567
3 7601 7034 7000
3 7601 7000 7567
3 7535 7601 7567
3 7535 7567 7501
3 7535 7501 6934
3 6968 7535 6934
3 6968 6934 7000
3 7034 6968 7000
3 6968 7535 7601
3 7034 6968 7601
3 6360 6654 6720
3 6426 6360 6720
3 6754 6460 6426
3 6754 6426 6720
3 6688 6754 6720
3 6688 6720 6654
3 6688 6654 6360
3 6394 6688 6360
3 6394 6360 6426
3 6460 6394 6426
3 6394 6688 6754
3 6460 6394 6754
3 5453 5679 5747
3 5521 5453 5747
3 5781 5555 5521
3 5781 5521 5747
3 5713 5781 5747
3 5713 5747 5679
3 5713 5679 5453
3 5487 5713 5453
3 5487 5453 5521
3 5555 5487 5521
3 5487 5713 5781
3 5555 5487 5781
3 11247 11355 11407
3 11299 11247 11407
3 11389 11355 11247
3 11281 11389 11247
3 11281 11247 11299
3 11333 11281 11299
3 11408 11333 11299
3 11408 11299 11407
3 11389 11408 11407
3 11389 11407 11355
3 11281 11389 11408
3 11333 11281 11408
3 9183 9027 9107
3 9398 9183 9107
3 9060 9027 9183
3 9216 9060 9183
3 9431 9216 9183
3 9431 9183 9398
3 9140 9431 9398
3 9140 9398 9107
3 9140 9107 9027
3 9060 9140 9027
3 9216 9060 9140
3 9431 9216 9140
3 5925 6013 6188
3 6102 5925 6188
3 6046 6013 5925
3 5959 6046 5925
3 5959 5925 6102
3 6136 5959 6102
3 6221 6136 6102
3 6221 6102 6188
3 6046 6221 6188
3 6046 6188 6013
3 5959 6046 6221
3 6136 5959 6221
3 8207 8335 8444
3 8254 8207 8444
3 8369 8335 8207
3 8241 8369 8207
3 8241 8207 8254
3 8288 8241 8254
3 8445 8288 8254
3 8445 8254 8444
3 8369 8445 8444
3 8369 8444 8335
3 8241 8369 8445
3 8288 8241 8445
3 7196 7327 7384
3 7315 7196 7384
3 7361 7327 7196
3 7230 7361 7196
3 7230 7196 7315
3 7316 7230 7315
3 7418 7316 7315
3 7418 7315 7384
3 7361 7418 7384
3 7361 7384 7327
3 7230 7361 7418
3 7316 7230 7418
3 4140 4079 4890
3 4950 4140 4890
3 4113 4079 4140
3 4174 4113 4140
3 4984 4174 4140
3 4984 4140 4950
3 4924 4984 4950
3 4924 4950 4890
3 4924 4890 4079
3 4113 4924 4079
3 4174 4113 4924
3 4984 4174 4924
3 3775 3869 3931
3 3853 3775 3931
3 3903 3869 3775
3 3809 3903 3775
3 3809 3775 3853
3 3854 3809 3853
3 3965 3854 3853
3 3965 3853 3931
3 3903 3965 3931
3 3903 3931 3869
3 3809 3903 3965
3 3854 3809 3965
3 4307 4601 4725
3 4385 4307 4725
3 4602 4601 4307
3 4341 4602 4307
3 4341 4307 4385
3 4419 4341 4385
3 4759 4419 4385
3 4759 4385 4725
3 4602 4759 4725
3 4602 4725 4601
3 4341 4602 4759
3 4419 4341 4759
3 2326 2393 2451
3 2333 2326 2451
3 2427 2393 2326
3 2327 2427 2326
3 2327 2326 2333
3 2367 2327 2333
3 2485 2367 2333
3 2485 2333 2451
3 2427 2485 2451
3 2427 2451 2393
3 2327 2427 2485
3 2367 2327 2485
3 3046 2988 2866
3 2926 3046 2866
3 3080 3022 2988
3 3080 2988 3046
3 2960 3080 3046
3 2960 3046 2926
3 2960 2926 2866
3 2900 2960 2866
3 2900 2866 2988
3 3022 2900 2988
3 3080 3022 2900
3 2960 3080 2900
3 10964 10912 10800
3 10852 10964 10800
3 10998 10946 10912
3 10998 10912 10964
3 10886 10998 10964
3 10886 10964 10852
3 10886 10852 10800
3 10834 10886 10800
3 10834 10800 10912
3 10946 10834 10912
3 10998 10946 10834
3 10886 10998 10834
3 3295 2808 2750
3 3234 3295 2750
3 3329 2842 2808
3 3329 2808 3295
3 3268 3329 3295
3 3268 3295 3234
3 3268 3234 2750
3 2784 3268 2750
3 2784 2750 2808
3 2842 2784 2808
3 3329 2842 2784
3 3268 3329 2784
3 8738 9246 9320
3 8847 8738 9320
3 9354 8881 8847
3 9354 8847 9320
3 9280 9354 9320
3 9280 9320 9246
3 9280 9246 8738
3 8772 9280 8738
3 8772 8738 8847
3 8881 8772 8847
3 8772 9280 9354
3 8881 8772 9354
3 6530 8836 9009
3 6643 6530 9009
3 6643 5916 5854
3 6530 6643 5854
3 9688 9009 8836
3 9569 9688 8836
3 6496 6188 6013
3 7246 6588 6496
3 6803 7246 6496
3 6013 6803 6496
3 6187 6188 6013
3 6012 6187 6013
3 6012 6013 6803
3 6802 6012 6803
3 7245 6802 6803
3 7245 6803 7246
3 6587 7245 7246
3 6587 7246 6588
3 6587 6588 6496
3 6495 6587 6496
3 6187 6495 6496
3 6187 6496 6188
3 6495 6187 6012
3 7245 6587 6495
3 6802 7245 6495
3 6012 6802 6495
3 7420 6853 8506
3 8639 7420 8506
3 6852 6853 8506
3 8505 6852 8506
3 8638 8505 8506
3 8638 8506 8639
3 7419 8638 8639
3 7419 8639 7420
3 7419 7420 6853
3 6852 7419 6853
3 7419 6852 8505
3 8638 7419 8505
3 11186 10438 10719
3 11461 11186 10719
3 10437 10438 10719
3 10718 10437 10719
3 11460 10718 10719
3 11460 10719 11461
3 11185 11460 11461
3 11185 11461 11186
3 11185 11186 10438
3 10437 11185 10438
3 11185 10437 10718
3 11460 11185 10718
3 2157 2512 3665
3 3361 2157 3665
3 3664 2511 2512
3 3664 2512 3665
3 3360 3664 3665
3 3360 3665 3361
3 3360 3361 2157
3 2156 3360 2157
3 2156 2157 2512
3 2511 2156 2512
3 2156 2511 3664
3 3360 2156 3664
3 8943 8380 8131
3 8802 8943 8131
3 9183 8802 8131
3 9027 9183 8131
3 8379 8380 8131
3 8130 8379 8131
3 8130 8131 9027
3 9026 8130 9027
3 9182 9026 9027
3 9182 9027 9183
3 8801 9182 9183
3 8801 9183 8802
3 8942 8801 8802
3 8942 8802 8943
3 8379 8942 8943
3 8379 8943 8380
3 8942 8379 8130
3 8801 8942 8130
3 9182 8801 8130
3 9026 9182 8130
3 9398 9107 9889
3 9536 9398 9889
3 9630 9536 9889
3 10009 9630 9889
3 9106 9107 9889
3 9888 9106 9889
3 10008 9888 9889
3 10008 9889 10009
3 9629 10008 10009
3 9629 10009 9630
3 9629 9630 9536
3 9535 9629 9536
3 9397 9535 9536
3 9397 9536 9398
3 9397 9398 9107
3 9106 9397 9107
3 9397 9106 9888
3 9535 9397 9888
3 9629 9535 9888
3 10008 9629 9888
3 4454 4225 5312
3 4676 4454 5312
3 4817 4676 5312
3 5590 4817 5312
3 4224 4225 5312
3 5311 4224 5312
3 5589 5311 5312
3 5589 5312 5590
3 4816 5589 5590
3 4816 5590 4817
3 4816 4817 4676
3 4675 4816 4676
3 4453 4675 4676
3 4453 4676 4454
3 4453 4454 4225
3 4224 4453 4225
3 4453 4224 5311
3 4675 4453 5311
3 4816 4675 5311
3 5589 4816 5311
3 4540 4619 4454
3 5590 5395 5251
3 5312 5590 5251
3 4225 5312 5251
3 4540 4454 4225
3 5251 4540 4225
3 4541 4620 4619
3 4541 4619 4540
3 5252 4541 4540
3 5252 4540 5251
3 5252 5251 5395
3 5396 5252 5395
3 5591 5396 5395
3 5591 5395 5590
3 5313 5591 5590
3 5313 5590 5312
3 5313 5312 4225
3 4226 5313 4225
3 4226 4225 4454
3 4455 4226 4454
3 4620 4455 4454
3 4620 4454 4619
3 4541 4620 4455
3 5591 5396 5252
3 5313 5591 5252
3 4226 5313 5252
3 4541 4455 4226
3 5252 4541 4226
3 8291 8899 8943
3 8380 8291 8943
3 8900 8899 8291
3 8292 8900 8291
3 8292 8291 8380
3 8381 8292 8380
3 8944 8381 8380
3 8944 8380 8943
3 8900 8944 8943
3 8900 8943 8899
3 8292 8900 8944
3 8381 8292 8944
3 8639 8583 8452
3 8506 8639 8452
3 6853 8506 8452
3 7633 7420 6853
3 7064 7633 6853
3 8452 7064 6853
3 8640 8584 8583
3 8640 8583 8639
3 8507 8640 8639
3 8507 8639 8506
3 8507 8506 6853
3 6854 8507 6853
3 6854 6853 7420
3 7421 6854 7420
3 7634 7421 7420
3 7634 7420 7633
3 7065 7634 7633
3 7065 7633 7064
3 8453 7065 7064
3 8453 7064 8452
3 8453 8452 8583
3 8584 8453 8583
3 8640 8584 8453
3 8507 8640 8453
3 6854 8507 8453
3 7634 7421 6854
3 7065 7634 6854
3 8453 7065 6854
3 11186 11143 11420
3 11461 11186 11420
3 10719 11461 11420
3 10513 10438 10719
3 10664 10513 10719
3 11420 10664 10719
3 11144 11143 11186
3 11187 11144 11186
3 11462 11187 11186
3 11462 11186 11461
3 10720 11462 11461
3 10720 11461 10719
3 10720 10719 10438
3 10439 10720 10438
3 10439 10438 10513
3 10514 10439 10513
3 10665 10514 10513
3 10665 10513 10664
3 10665 10664 11420
3 11421 10665 11420
3 11421 11420 11143
3 11144 11421 11143
3 11187 11144 11421
3 11462 11187 11421
3 10720 11462 11421
3 10514 10439 10720
3 10665 10514 10720
3 11421 10665 10720
3 3472 3610 3665
3 2512 2592 2241
3 2157 2512 2241
3 3361 2157 2241
3 3472 3665 3361
3 2241 3472 3361
3 3611 3610 3472
3 3473 3611 3472
3 2242 3473 3472
3 2242 3472 2241
3 2593 2242 2241
3 2593 2241 2592
3 2513 2593 2592
3 2513 2592 2512
3 2513 2512 2157
3 2158 2513 2157
3 2158 2157 3361
3 3362 2158 3361
3 3666 3362 3361
3 3666 3361 3665
3 3611 3666 3665
3 3611 3665 3610
3 3473 3611 3666
3 2513 2593 2242
3 2158 2513 2242
3 3362 2158 2242
3 3473 3666 3362
3 2242 3473 3362
3 9630 9580 9966
3 10009 9630 9966
3 9889 10009 9966
3 9848 9889 9966
3 9581 9580 9630
3 9631 9581 9630
3 10010 9631 9630
3 10010 9630 10009
3 9890 10010 10009
3 9890 10009 9889
3 9890 9889 9848
3 9849 9890 9848
3 9849 9848 9966
3 9967 9849 9966
3 9967 9966 9580
3 9581 9967 9580
3 9631 9581 9967
3 10010 9631 9967
3 9890 10010 9967
3 9849 9890 9967
3 6539 7149 7246
3 6588 6539 7246
3 7150 7149 6539
3 6540 7150 6539
3 6540 6539 6588
3 6589 6540 6588
3 7247 6589 6588
3 7247 6588 7246
3 7150 7247 7246
3 7150 7246 7149
3 6540 7150 7247
3 6589 6540 7247
3 6498 6190 6015
3 7249 6591 6498
3 6805 7249 6498
3 6015 6805 6498
3 6189 6190 6015
3 6014 6189 6015
3 6014 6015 6805
3 6804 6014 6805
3 7248 6804 6805
3 7248 6805 7249
3 6590 7248 7249
3 6590 7249 6591
3 6590 6591 6498
3 6497 6590 6498
3 6189 6497 6498
3 6189 6498 6190
3 6497 6189 6014
3 7248 6590 6497
3 6804 7248 6497
3 6014 6804 6497
3 7423 6856 8509
3 8642 7423 8509
3 6855 6856 8509
3 8508 6855 8509
3 8641 8508 8509
3 8641 8509 8642
3 7422 8641 8642
3 7422 8642 7423
3 7422 7423 6856
3 6855 7422 6856
3 7422 6855 8508
3 8641 7422 8508
3 11189 10441 10722
3 11464 11189 10722
3 10440 10441 10722
3 10721 10440 10722
3 11463 10721 10722
3 11463 10722 11464
3 11188 11463 11464
3 11188 11464 11189
3 11188 11189 10441
3 10440 11188 10441
3 11188 10440 10721
3 11463 11188 10721
3 2160 2515 3668
3 3364 2160 3668
3 3667 2514 2515
3 3667 2515 3668
3 3363 3667 3668
3 3363 3668 3364
3 3363 3364 2160
3 2159 3363 2160
3 2159 2160 2515
3 2514 2159 2515
3 2159 2514 3667
3 3363 2159 3667
3 8946 8383 8133
3 8804 8946 8133
3 9185 8804 8133
3 9029 9185 8133
3 8382 8383 8133
3 8132 8382 8133
3 8132 8133 9029
3 9028 8132 9029
3 9184 9028 9029
3 9184 9029 9185
3 8803 9184 9185
3 8803 9185 8804
3 8945 8803 8804
3 8945 8804 8946
3 8382 8945 8946
3 8382 8946 8383
3 8945 8382 8132
3 8803 8945 8132
3 9184 8803 8132
3 9028 9184 8132
3 9400 9109 9892
3 9538 9400 9892
3 9633 9538 9892
3 10012 9633 9892
3 9108 9109 9892
3 9891 9108 9892
3 10011 9891 9892
3 10011 9892 10012
3 9632 10011 10012
3 9632 10012 9633
3 9632 9633 9538
3 9537 9632 9538
3 9399 9537 9538
3 9399 9538 9400
3 9399 9400 9109
3 9108 9399 9109
3 9399 9108 9891
3 9537 9399 9891
3 9632 9537 9891
3 10011 9632 9891
3 4457 4228 5315
3 4678 4457 5315
3 4819 4678 5315
3 5593 4819 5315
3 4227 4228 5315
3 5314 4227 5315
3 5592 5314 5315
3 5592 5315 5593
3 4818 5592 5593
3 4818 5593 4819
3 4818 4819 4678
3 4677 4818 4678
3 4456 4677 4678
3 4456 4678 4457
3 4456 4457 4228
3 4227 4456 4228
3 4456 4227 5314
3 4677 4456 5314
3 4818 4677 5314
3 5592 4818 5314
3 4542 4621 4457
3 5593 5397 5253
3 5315 5593 5253
3 4228 5315 5253
3 4542 4457 4228
3 5253 4542 4228
3 4543 4622 4621
3 4543 4621 4542
3 5254 4543 4542
3 5254 4542 5253
3 5254 5253 5397
3 5398 5254 5397
3 5594 5398 5397
3 5594 5397 5593
3 5316 5594 5593
3 5316 5593 5315
3 5316 5315 4228
3 4229 5316 4228
3 4229 4228 4457
3 4458 4229 4457
3 4622 4458 4457
3 4622 4457 4621
3 4543 4622 4458
3 5594 5398 5254
3 5316 5594 5254
3 4229 5316 5254
3 4543 4458 4229
3 5254 4543 4229
3 8293 8901 8946
3 8383 8293 8946
3 8902 8901 8293
3 8294 8902 8293
3 8294 8293 8383
3 8384 8294 8383
3 8947 8384 8383
3 8947 8383 8946
3 8902 8947 8946
3 8902 8946 8901
3 8294 8902 8947
3 8384 8294 8947
3 8642 8585 8454
3 8509 8642 8454
3 6856 8509 8454
3 7635 7423 6856
3 7066 7635 6856
3 8454 7066 6856
3 8643 8586 8585
3 8643 8585 8642
3 8510 8643 8642
3 8510 8642 8509
3 8510 8509 6856
3 6857 8510 6856
3 6857 6856 7423
3 7424 6857 7423
3 7636 7424 7423
3 7636 7423 7635
3 7067 7636 7635
3 7067 7635 7066
3 8455 7067 7066
3 8455 7066 8454
3 8455 8454 8585
3 8586 8455 8585
3 8643 8586 8455
3 8510 8643 8455
3 6857 8510 8455
3 7636 7424 6857
3 7067 7636 6857
3 8455 7067 6857
3 11189 11145 11422
3 11464 11189 11422
3 10722 11464 11422
3 10515 10441 10722
3 10666 10515 10722
3 11422 10666 10722
3 11146 11145 11189
3 11190 11146 11189
3 11465 11190 11189
3 11465 11189 11464
3 10723 11465 11464
3 10723 11464 10722
3 10723 10722 10441
3 10442 10723 10441
3 10442 10441 10515
3 10516 10442 10515
3 10667 10516 10515
3 10667 10515 10666
3 10667 10666 11422
3 11423 10667 11422
3 11423 11422 11145
3 11146 11423 11145
3 11190 11146 11423
3 11465 11190 11423
3 10723 11465 11423
3 10516 10442 10723
3 10667 10516 10723
3 11423 10667 10723
3 3474 3612 3668
3 2515 2594 2243
3 2160 2515 2243
3 3364 2160 2243
3 3474 3668 3364
3 2243 3474 3364
3 3613 3612 3474
3 3475 3613 3474
3 2244 3475 3474
3 2244 3474 2243
3 2595 2244 2243
3 2595 2243 2594
3 2516 2595 2594
3 2516 2594 2515
3 2516 2515 2160
3 2161 2516 2160
3 2161 2160 3364
3 3365 2161 3364
3 3669 3365 3364
3 3669 3364 3668
3 3613 3669 3668
3 3613 3668 3612
3 3475 3613 3669
3 2516 2595 2244
3 2161 2516 2244
3 3365 2161 2244
3 3475 3669 3365
3 2244 3475 3365
3 9633 9582 9968
3 10012 9633 9968
3 9892 10012 9968
3 9850 9892 9968
3 9583 9582 9633
3 9634 9583 9633
3 10013 9634 9633
3 10013 9633 10012
3 9893 10013 10012
3 9893 10012 9892
3 9893 9892 9850
3 9851 9893 9850
3 9851 9850 9968
3 9969 9851 9968
3 9969 9968 9582
3 9583 9969 9582
3 9634 9583 9969
3 10013 9634 9969
3 9893 10013 9969
3 9851 9893 9969
3 6541 7151 7249
3 6591 6541 7249
3 7152 7151 6541
3 6542 7152 6541
3 6542 6541 6591
3 6592 6542 6591
3 7250 6592 6591
3 7250 6591 7249
3 7152 7250 7249
3 7152 7249 7151
3 6542 7152 7250
3 6592 6542 7250
3 6500 6192 6017
3 7252 6594 6500
3 6807 7252 6500
3 6017 6807 6500
3 6191 6192 6017
3 6016 6191 6017
3 6016 6017 6807
3 6806 6016 6807
3 7251 6806 6807
3 7251 6807 7252
3 6593 7251 7252
3 6593 7252 6594
3 6593 6594 6500
3 6499 6593 6500
3 6191 6499 6500
3 6191 6500 6192
3 6499 6191 6016
3 7251 6593 6499
3 6806 7251 6499
3 6016 6806 6499
3 7426 6859 8512
3 8645 7426 8512
3 6858 6859 8512
3 8511 6858 8512
3 8644 8511 8512
3 8644 8512 8645
3 7425 8644 8645
3 7425 8645 7426
3 7425 7426 6859
3 6858 7425 6859
3 7425 6858 8511
3 8644 7425 8511
3 11192 10444 10725
3 11467 11192 10725
3 10443 10444 10725
3 10724 10443 10725
3 11466 10724 10725
3 11466 10725 11467
3 11191 11466 11467
3 11191 11467 11192
3 11191 11192 10444
3 10443 11191 10444
3 11191 10443 10724
3 11466 11191 10724
3 2163 2518 3671
3 3367 2163 3671
3 3670 2517 2518
3 3670 2518 3671
3 3366 3670 3671
3 3366 3671 3367
3 3366 3367 2163
3 2162 3366 2163
3 2162 2163 2518
3 2517 2162 2518
3 2162 2517 3670
3 3366 2162 3670
3 8949 8386 8135
3 8806 8949 8135
3 9187 8806 8135
3 9031 9187 8135
3 8385 8386 8135
3 8134 8385 8135
3 8134 8135 9031
3 9030 8134 9031
3 9186 9030 9031
3 9186 9031 9187
3 8805 9186 9187
3 8805 9187 8806
3 8948 8805 8806
3 8948 8806 8949
3 8385 8948 8949
3 8385 8949 8386
3 8948 8385 8134
3 8805 8948 8134
3 9186 8805 8134
3 9030 9186 8134
3 9402 9111 9895
3 9540 9402 9895
3 9636 9540 9895
3 10015 9636 9895
3 9110 9111 9895
3 9894 9110 9895
3 10014 9894 9895
3 10014 9895 10015
3 9635 10014 10015
3 9635 10015 9636
3 9635 9636 9540
3 9539 9635 9540
3 9401 9539 9540
3 9401 9540 9402
3 9401 9402 9111
3 9110 9401 9111
3 9401 9110 9894
3 9539 9401 9894
3 9635 9539 9894
3 10014 9635 9894
3 4460 4231 5318
3 4680 4460 5318
3 4821 4680 5318
3 5596 4821 5318
3 4230 4231 5318
3 5317 4230 5318
3 5595 5317 5318
3 5595 5318 5596
3 4820 5595 5596
3 4820 5596 4821
3 4820 4821 4680
3 4679 4820 4680
3 4459 4679 4680
3 4459 4680 4460
3 4459 4460 4231
3 4230 4459 4231
3 4459 4230 5317
3 4679 4459 5317
3 4820 4679 5317
3 5595 4820 5317
3 4544 4623 4460
3 5596 5399 5255
3 5318 5596 5255
3 4231 5318 5255
3 4544 4460 4231
3 5255 4544 4231
3 4545 4624 4623
3 4545 4623 4544
3 5256 4545 4544
3 5256 4544 5255
3 5256 5255 5399
3 5400 5256 5399
3 5597 5400 5399
3 5597 5399 5596
3 5319 5597 5596
3 5319 5596 5318
3 5319 5318 4231
3 4232 5319 4231
3 4232 4231 4460
3 4461 4232 4460
3 4624 4461 4460
3 4624 4460 4623
3 4545 4624 4461
3 5597 5400 5256
3 5319 5597 5256
3 4232 5319 5256
3 4545 4461 4232
3 5256 4545 4232
3 8295 8903 8949
3 8386 8295 8949
3 8904 8903 8295
3 8296 8904 8295
3 8296 8295 8386
3 8387 8296 8386
3 8950 8387 8386
3 8950 8386 8949
3 8904 8950 8949
3 8904 8949 8903
3 8296 8904 8950
3 8387 8296 8950
3 8645 8587 8456
3 8512 8645 8456
3 6859 8512 8456
3 7637 7426 6859
3 7068 7637 6859
3 8456 7068 6859
3 8646 8588 8587
3 8646 8587 8645
3 8513 8646 8645
3 8513 8645 8512
3 8513 8512 6859
3 6860 8513 6859
3 6860 6859 7426
3 7427 6860 7426
3 7638 7427 7426
3 7638 7426 7637
3 7069 7638 7637
3 7069 7637 7068
3 8457 7069 7068
3 8457 7068 8456
3 8457 8456 8587
3 8588 8457 8587
3 8646 8588 8457
3 8513 8646 8457
3 6860 8513 8457
3 7638 7427 6860
3 7069 7638 6860
3 8457 7069 6860
3 11192 11147 11424
3 11467 11192 11424
3 10725 11467 11424
3 10517 10444 10725
3 10668 10517 10725
3 11424 10668 10725
3 11148 11147 11192
3 11193 11148 11192
3 11468 11193 11192
3 11468 11192 11467
3 10726 11468 11467
3 10726 11467 10725
3 10726 10725 10444
3 10445 10726 10444
3 10445 10444 10517
3 10518 10445 10517
3 10669 10518 10517
3 10669 10517 10668
3 10669 10668 11424
3 11425 10669 11424
3 11425 11424 11147
3 11148 11425 11147
3 11193 11148 11425
3 11468 11193 11425
3 10726 11468 11425
3 10518 10445 10726
3 10669 10518 10726
3 11425 10669 10726
3 3476 3614 3671
3 2518 2596 2245
3 2163 2518 2245
3 3367 2163 2245
3 3476 3671 3367
3 2245 3476 3367
3 3615 3614 3476
3 3477 3615 3476
3 2246 3477 3476
3 2246 3476 2245
3 2597 2246 2245
3 2597 2245 2596
3 2519 2597 2596
3 2519 2596 2518
3 2519 2518 2163
3 2164 2519 2163
3 2164 2163 3367
3 3368 2164 3367
3 3672 3368 3367
3 3672 3367 3671
3 3615 3672 3671
3 3615 3671 3614
3 3477 3615 3672
3 2519 2597 2246
3 2164 2519 2246
3 3368 2164 2246
3 3477 3672 3368
3 2246 3477 3368
3 9636 9584 9970
3 10015 9636 9970
3 9895 10015 9970
3 9852 9895 9970
3 9585 9584 9636
3 9637 9585 9636
3 10016 9637 9636
3 10016 9636 10015
3 9896 10016 10015
3 9896 10015 9895
3 9896 9895 9852
3 9853 9896 9852
3 9853 9852 9970
3 9971 9853 9970
3 9971 9970 9584
3 9585 9971 9584
3 9637 9585 9971
3 10016 9637 9971
3 9896 10016 9971
3 9853 9896 9971
3 6543 7153 7252
3 6594 6543 7252
3 7154 7153 6543
3 6544 7154 6543
3 6544 6543 6594
3 6595 6544 6594
3 7253 6595 6594
3 7253 6594 7252
3 7154 7253 7252
3 7154 7252 7153
3 6544 7154 7253
3 6595 6544 7253
3 6502 6194 6019
3 7255 6597 6502
3 6809 7255 6502
3 6019 6809 6502
3 6193 6194 6019
3 6018 6193 6019
3 6018 6019 6809
3 6808 6018 6809
3 7254 6808 6809
3 7254 6809 7255
3 6596 7254 7255
3 6596 7255 6597
3 6596 6597 6502
3 6501 6596 6502
3 6193 6501 6502
3 6193 6502 6194
3 6501 6193 6018
3 7254 6596 6501
3 6808 7254 6501
3 6018 6808 6501
3 7429 6862 8515
3 8648 7429 8515
3 6861 6862 8515
3 8514 6861 8515
3 8647 8514 8515
3 8647 8515 8648
3 7428 8647 8648
3 7428 8648 7429
3 7428 7429 6862
3 6861 7428 6862
3 7428 6861 8514
3 8647 7428 8514
3 11195 10447 10728
3 11470 11195 10728
3 10446 10447 10728
3 10727 10446 10728
3 11469 10727 10728
3 11469 10728 11470
3 11194 11469 11470
3 11194 11470 11195
3 11194 11195 10447
3 10446 11194 10447
3 11194 10446 10727
3 11469 11194 10727
3 2166 2521 3674
3 3370 2166 3674
3 3673 2520 2521
3 3673 2521 3674
3 3369 3673 3674
3 3369 3674 3370
3 3369 3370 2166
3 2165 3369 2166
3 2165 2166 2521
3 2520 2165 2521
3 2165 2520 3673
3 3369 2165 3673
3 8952 8389 8137
3 8808 8952 8137
3 9189 8808 8137
3 9033 9189 8137
3 8388 8389 8137
3 8136 8388 8137
3 8136 8137 9033
3 9032 8136 9033
3 9188 9032 9033
3 9188 9033 9189
3 8807 9188 9189
3 8807 9189 8808
3 8951 8807 8808
3 8951 8808 8952
3 8388 8951 8952
3 8388 8952 8389
3 8951 8388 8136
3 8807 8951 8136
3 9188 8807 8136
3 9032 9188 8136
3 9404 9113 9898
3 9542 9404 9898
3 9639 9542 9898
3 10018 9639 9898
3 9112 9113 9898
3 9897 9112 9898
3 10017 9897 9898
3 10017 9898 10018
3 9638 10017 10018
3 9638 10018 9639
3 9638 9639 9542
3 9541 9638 9542
3 9403 9541 9542
3 9403 9542 9404
3 9403 9404 9113
3 9112 9403 9113
3 9403 9112 9897
3 9541 9403 9897
3 9638 9541 9897
3 10017 9638 9897
3 4463 4234 5321
3 4682 4463 5321
3 4823 4682 5321
3 5599 4823 5321
3 4233 4234 5321
3 5320 4233 5321
3 5598 5320 5321
3 5598 5321 5599
3 4822 5598 5599
3 4822 5599 4823
3 4822 4823 4682
3 4681 4822 4682
3 4462 4681 4682
3 4462 4682 4463
3 4462 4463 4234
3 4233 4462 4234
3 4462 4233 5320
3 4681 4462 5320
3 4822 4681 5320
3 5598 4822 5320
3 4546 4625 4463
3 5599 5401 5257
3 5321 5599 5257
3 4234 5321 5257
3 4546 4463 4234
3 5257 4546 4234
3 4547 4626 4625
3 4547 4625 4546
3 5258 4547 4546
3 5258 4546 5257
3 5258 5257 5401
3 5402 5258 5401
3 5600 5402 5401
3 5600 5401 5599
3 5322 5600 5599
3 5322 5599 5321
3 5322 5321 4234
3 4235 5322 4234
3 4235 4234 4463
3 4464 4235 4463
3 4626 4464 4463
3 4626 4463 4625
3 4547 4626 4464
3 5600 5402 5258
3 5322 5600 5258
3 4235 5322 5258
3 4547 4464 4235
3 5258 4547 4235
3 8297 8905 8952
3 8389 8297 8952
3 8906 8905 8297
3 8298 8906 8297
3 8298 8297 8389
3 8390 8298 8389
3 8953 8390 8389
3 8953 8389 8952
3 8906 8953 8952
3 8906 8952 8905
3 8298 8906 8953
3 8390 8298 8953
3 8648 8589 8458
3 8515 8648 8458
3 6862 8515 8458
3 7639 7429 6862
3 7070 7639 6862
3 8458 7070 6862
3 8649 8590 8589
3 8649 8589 8648
3 8516 8649 8648
3 8516 8648 8515
3 8516 8515 6862
3 6863 8516 6862
3 6863 6862 7429
3 7430 6863 7429
3 7640 7430 7429
3 7640 7429 7639
3 7071 7640 7639
3 7071 7639 7070
3 8459 7071 7070
3 8459 7070 8458
3 8459 8458 8589
3 8590 8459 8589
3 8649 8590 8459
3 8516 8649 8459
3 6863 8516 8459
3 7640 7430 6863
3 7071 7640 6863
3 8459 7071 6863
3 11195 11149 11426
3 11470 11195 11426
3 10728 11470 11426
3 10519 10447 10728
3 10670 10519 10728
3 11426 10670 10728
3 11150 11149 11195
3 11196 11150 11195
3 11471 11196 11195
3 11471 11195 11470
3 10729 11471 11470
3 10729 11470 10728
3 10729 10728 10447
3 10448 10729 10447
3 10448 10447 10519
3 10520 10448 10519
3 10671 10520 10519
3 10671 10519 10670
3 10671 10670 11426
3 11427 10671 11426
3 11427 11426 11149
3 11150 11427 11149
3 11196 11150 11427
3 11471 11196 11427
3 10729 11471 11427
3 10520 10448 10729
3 10671 10520 10729
3 11427 10671 10729
3 3478 3616 3674
3 2521 2598 2247
3 2166 2521 2247
3 3370 2166 2247
3 3478 3674 3370
3 2247 3478 3370
3 3617 3616 3478
3 3479 3617 3478
3 2248 3479 3478
3 2248 3478 2247
3 2599 2248 2247
3 2599 2247 2598
3 2522 2599 2598
3 2522 2598 2521
3 2522 2521 2166
3 2167 2522 2166
3 2167 2166 3370
3 3371 2167 3370
3 3675 3371 3370
3 3675 3370 3674
3 3617 3675 3674
3 3617 3674 3616
3 3479 3617 3675
3 2522 2599 2248
3 2167 2522 2248
3 3371 2167 2248
3 3479 3675 3371
3 2248 3479 3371
3 9639 9586 9972
3 10018 9639 9972
3 9898 10018 9972
3 9854 9898 9972
3 9587 9586 9639
3 9640 9587 9639
3 10019 9640 9639
3 10019 9639 10018
3 9899 10019 10018
3 9899 10018 9898
3 9899 9898 9854
3 9855 9899 9854
3 9855 9854 9972
3 9973 9855 9972
3 9973 9972 9586
3 9587 9973 9586
3 9640 9587 9973
3 10019 9640 9973
3 9899 10019 9973
3 9855 9899 9973
3 6545 7155 7255
3 6597 6545 7255
3 7156 7155 6545
3 6546 7156 6545
3 6546 6545 6597
3 6598 6546 6597
3 7256 6598 6597
3 7256 6597 7255
3 7156 7256 7255
3 7156 7255 7155
3 6546 7156 7256
3 6598 6546 7256
3 6504 6196 6021
3 7258 6600 6504
3 6811 7258 6504
3 6021 6811 6504
3 6195 6196 6021
3 6020 6195 6021
3 6020 6021 6811
3 6810 6020 6811
3 7257 6810 6811
3 7257 6811 7258
3 6599 7257 7258
3 6599 7258 6600
3 6599 6600 6504
3 6503 6599 6504
3 6195 6503 6504
3 6195 6504 6196
3 6503 6195 6020
3 7257 6599 6503
3 6810 7257 6503
3 6020 6810 6503
3 7432 6865 8518
3 8651 7432 8518
3 6864 6865 8518
3 8517 6864 8518
3 8650 8517 8518
3 8650 8518 8651
3 7431 8650 8651
3 7431 8651 7432
3 7431 7432 6865
3 6864 7431 6865
3 7431 6864 8517
3 8650 7431 8517
3 11198 10450 10731
3 11473 11198 10731
3 10449 10450 10731
3 10730 10449 10731
3 11472 10730 10731
3 11472 10731 11473
3 11197 11472 11473
3 11197 11473 11198
3 11197 11198 10450
3 10449 11197 10450
3 11197 10449 10730
3 11472 11197 10730
3 2169 2524 3677
3 3373 2169 3677
3 3676 2523 2524
3 3676 2524 3677
3 3372 3676 3677
3 3372 3677 3373
3 3372 3373 2169
3 2168 3372 2169
3 2168 2169 2524
3 2523 2168 2524
3 2168 2523 3676
3 3372 2168 3676
3 8955 8392 8139
3 8810 8955 8139
3 9191 8810 8139
3 9035 9191 8139
3 8391 8392 8139
3 8138 8391 8139
3 8138 8139 9035
3 9034 8138 9035
3 9190 9034 9035
3 9190 9035 9191
3 8809 9190 9191
3 8809 9191 8810
3 8954 8809 8810
3 8954 8810 8955
3 8391 8954 8955
3 8391 8955 8392
3 8954 8391 8138
3 8809 8954 8138
3 9190 8809 8138
3 9034 9190 8138
3 9406 9115 9901
3 9544 9406 9901
3 9642 9544 9901
3 10021 9642 9901
3 9114 9115 9901
3 9900 9114 9901
3 10020 9900 9901
3 10020 9901 10021
3 9641 10020 10021
3 9641 10021 9642
3 9641 9642 9544
3 9543 9641 9544
3 9405 9543 9544
3 9405 9544 9406
3 9405 9406 9115
3 9114 9405 9115
3 9405 9114 9900
3 9543 9405 9900
3 9641 9543 9900
3 10020 9641 9900
3 4466 4237 5324
3 4684 4466 5324
3 4825 4684 5324
3 5602 4825 5324
3 4236 4237 5324
3 5323 4236 5324
3 5601 5323 5324
3 5601 5324 5602
3 4824 5601 5602
3 4824 5602 4825
3 4824 4825 4684
3 4683 4824 4684
3 4465 4683 4684
3 4465 4684 4466
3 4465 4466 4237
3 4236 4465 4237
3 4465 4236 5323
3 4683 4465 5323
3 4824 4683 5323
3 5601 4824 5323
3 4548 4627 4466
3 5602 5403 5259
3 5324 5602 5259
3 4237 5324 5259
3 4548 4466 4237
3 5259 4548 4237
3 4549 4628 4627
3 4549 4627 4548
3 5260 4549 4548
3 5260 4548 5259
3 5260 5259 5403
3 5404 5260 5403
3 5603 5404 5403
3 5603 5403 5602
3 5325 5603 5602
3 5325 5602 5324
3 5325 5324 4237
3 4238 5325 4237
3 4238 4237 4466
3 4467 4238 4466
3 4628 4467 4466
3 4628 4466 4627
3 4549 4628 4467
3 5603 5404 5260
3 5325 5603 5260
3 4238 5325 5260
3 4549 4467 4238
3 5260 4549 4238
3 8299 8907 8955
3 8392 8299 8955
3 8908 8907 8299
3 8300 8908 8299
3 8300 8299 8392
3 8393 8300 8392
3 8956 8393 8392
3 8956 8392 8955
3 8908 8956 8955
3 8908 8955 8907
3 8300 8908 8956
3 8393 8300 8956
3 8651 8591 8460
3 8518 8651 8460
3 6865 8518 8460
3 7641 7432 6865
3 7072 7641 6865
3 8460 7072 6865
3 8652 8592 8591
3 8652 8591 8651
3 8519 8652 8651
3 8519 8651 8518
3 8519 8518 6865
3 6866 8519 6865
3 6866 6865 7432
3 7433 6866 7432
3 7642 7433 7432
3 7642 7432 7641
3 7073 7642 7641
3 7073 7641 7072
3 8461 7073 7072
3 8461 7072 8460
3 8461 8460 8591
3 8592 8461 8591
3 8652 8592 8461
3 8519 8652 8461
3 6866 8519 8461
3 7642 7433 6866
3 7073 7642 6866
3 8461 7073 6866
3 11198 11151 11428
3 11473 11198 11428
3 10731 11473 11428
3 10521 10450 10731
3 10672 10521 10731
3 11428 10672 10731
3 11152 11151 11198
3 11199 11152 11198
3 11474 11199 11198
3 11474 11198 11473
3 10732 11474 11473
3 10732 11473 10731
3 10732 10731 10450
3 10451 10732 10450
3 10451 10450 10521
3 10522 10451 10521
3 10673 10522 10521
3 10673 10521 10672
3 10673 10672 11428
3 11429 10673 11428
3 11429 11428 11151
3 11152 11429 11151
3 11199 11152 11429
3 11474 11199 11429
3 10732 11474 11429
3 10522 10451 10732
3 10673 10522 10732
3 11429 10673 10732
3 3480 3618 3677
3 2524 2600 2249
3 2169 2524 2249
3 3373 2169 2249
3 3480 3677 3373
3 2249 3480 3373
3 3619 3618 3480
3 3481 3619 3480
3 2250 3481 3480
3 2250 3480 2249
3 2601 2250 2249
3 2601 2249 2600
3 2525 2601 2600
3 2525 2600 2524
3 2525 2524 2169
3 2170 2525 2169
3 2170 2169 3373
3 3374 2170 3373
3 3678 3374 3373
3 3678 3373 3677
3 3619 3678 3677
3 3619 3677 3618
3 3481 3619 3678
3 2525 2601 2250
3 2170 2525 2250
3 3374 2170 2250
3 3481 3678 3374
3 2250 3481 3374
3 9642 9588 9974
3 10021 9642 9974
3 9901 10021 9974
3 9856 9901 9974
3 9589 9588 9642
3 9643 9589 9642
3 10022 9643 9642
3 10022 9642 10021
3 9902 10022 10021
3 9902 10021 9901
3 9902 9901 9856
3 9857 9902 9856
3 9857 9856 9974
3 9975 9857 9974
3 9975 9974 9588
3 9589 9975 9588
3 9643 9589 9975
3 10022 9643 9975
3 9902 10022 9975
3 9857 9902 9975
3 6547 7157 7258
3 6600 6547 7258
3 7158 7157 6547
3 6548 7158 6547
3 6548 6547 6600
3 6601 6548 6600
3 7259 6601 6600
3 7259 6600 7258
3 7158 7259 7258
3 7158 7258 7157
3 6548 7158 7259
3 6601 6548 7259
3 6506 6198 6023
3 7261 6603 6506
3 6813 7261 6506
3 6023 6813 6506
3 6197 6198 6023
3 6022 6197 6023
3 6022 6023 6813
3 6812 6022 6813
3 7260 6812 6813
3 7260 6813 7261
3 6602 7260 7261
3 6602 7261 6603
3 6602 6603 6506
3 6505 6602 6506
3 6197 6505 6506
3 6197 6506 6198
3 6505 6197 6022
3 7260 6602 6505
3 6812 7260 6505
3 6022 6812 6505
3 7435 6868 8521
3 8654 7435 8521
3 6867 6868 8521
3 8520 6867 8521
3 8653 8520 8521
3 8653 8521 8654
3 7434 8653 8654
3 7434 8654 7435
3 7434 7435 6868
3 6867 7434 6868
3 7434 6867 8520
3 8653 7434 8520
3 11201 10453 10734
3 11476 11201 10734
3 10452 10453 10734
3 10733 10452 10734
3 11475 10733 10734
3 11475 10734 11476
3 11200 11475 11476
3 11200 11476 11201
3 11200 11201 10453
3 10452 11200 10453
3 11200 10452 10733
3 11475 11200 10733
3 2172 2527 3680
3 3376 2172 3680
3 3679 2526 2527
3 3679 2527 3680
3 3375 3679 3680
3 3375 3680 3376
3 3375 3376 2172
3 2171 3375 2172
3 2171 2172 2527
3 2526 2171 2527
3 2171 2526 3679
3 3375 2171 3679
3 8958 8395 8141
3 8812 8958 8141
3 9193 8812 8141
3 9037 9193 8141
3 8394 8395 8141
3 8140 8394 8141
3 8140 8141 9037
3 9036 8140 9037
3 9192 9036 9037
3 9192 9037 9193
3 8811 9192 9193
3 8811 9193 8812
3 8957 8811 8812
3 8957 8812 8958
3 8394 8957 8958
3 8394 8958 8395
3 8957 8394 8140
3 8811 8957 8140
3 9192 8811 8140
3 9036 9192 8140
3 9408 9117 9904
3 9546 9408 9904
3 9645 9546 9904
3 10024 9645 9904
3 9116 9117 9904
3 9903 9116 9904
3 10023 9903 9904
3 10023 9904 10024
3 9644 10023 10024
3 9644 10024 9645
3 9644 9645 9546
3 9545 9644 9546
3 9407 9545 9546
3 9407 9546 9408
3 9407 9408 9117
3 9116 9407 9117
3 9407 9116 9903
3 9545 9407 9903
3 9644 9545 9903
3 10023 9644 9903
3 4469 4240 5327
3 4686 4469 5327
3 4827 4686 5327
3 5605 4827 5327
3 4239 4240 5327
3 5326 4239 5327
3 5604 5326 5327
3 5604 5327 5605
3 4826 5604 5605
3 4826 5605 4827
3 4826 4827 4686
3 4685 4826 4686
3 4468 4685 4686
3 4468 4686 4469
3 4468 4469 4240
3 4239 4468 4240
3 4468 4239 5326
3 4685 4468 5326
3 4826 4685 5326
3 5604 4826 5326
3 4550 4629 4469
3 5605 5405 5261
3 5327 5605 5261
3 4240 5327 5261
3 4550 4469 4240
3 5261 4550 4240
3 4551 4630 4629
3 4551 4629 4550
3 5262 4551 4550
3 5262 4550 5261
3 5262 5261 5405
3 5406 5262 5405
3 5606 5406 5405
3 5606 5405 5605
3 5328 5606 5605
3 5328 5605 5327
3 5328 5327 4240
3 4241 5328 4240
3 4241 4240 4469
3 4470 4241 4469
3 4630 4470 4469
3 4630 4469 4629
3 4551 4630 4470
3 5606 5406 5262
3 5328 5606 5262
3 4241 5328 5262
3 4551 4470 4241
3 5262 4551 4241
3 8301 8909 8958
3 8395 8301 8958
3 8910 8909 8301
3 8302 8910 8301
3 8302 8301 8395
3 8396 8302 8395
3 8959 8396 8395
3 8959 8395 8958
3 8910 8959 8958
3 8910 8958 8909
3 8302 8910 8959
3 8396 8302 8959
3 8654 8593 8462
3 8521 8654 8462
3 6868 8521 8462
3 7643 7435 6868
3 7074 7643 6868
3 8462 7074 6868
3 8655 8594 8593
3 8655 8593 8654
3 8522 8655 8654
3 8522 8654 8521
3 8522 8521 6868
3 6869 8522 6868
3 6869 6868 7435
3 7436 6869 7435
3 7644 7436 7435
3 7644 7435 7643
3 7075 7644 7643
3 7075 7643 7074
3 8463 7075 7074
3 8463 7074 8462
3 8463 8462 8593
3 8594 8463 8593
3 8655 8594 8463
3 8522 8655 8463
3 6869 8522 8463
3 7644 7436 6869
3 7075 7644 6869
3 8463 7075 6869
3 11201 11153 11430
3 11476 11201 11430
3 10734 11476 11430
3 10523 10453 10734
3 10674 10523 10734
3 11430 10674 10734
3 11154 11153 11201
3 11202 11154 11201
3 11477 11202 11201
3 11477 11201 11476
3 10735 11477 11476
3 10735 11476 10734
3 10735 10734 10453
3 10454 10735 10453
3 10454 10453 10523
3 10524 10454 10523
3 10675 10524 10523
3 10675 10523 10674
3 10675 10674 11430
3 11431 10675 11430
3 11431 11430 11153
3 11154 11431 11153
3 11202 11154 11431
3 11477 11202 11431
3 10735 11477 11431
3 10524 10454 10735
3 10675 10524 10735
3 11431 10675 10735
3 3482 3620 3680
3 2527 2602 2251
3 2172 2527 2251
3 3376 2172 2251
3 3482 3680 3376
3 2251 3482 3376
3 3621 3620 3482
3 3483 3621 3482
3 2252 3483 3482
3 2252 3482 2251
3 2603 2252 2251
3 2603 2251 2602
3 2528 2603 2602
3 2528 2602 2527
3 2528 2527 2172
3 2173 2528 2172
3 2173 2172 3376
3 3377 2173 3376
3 3681 3377 3376
3 3681 3376 3680
3 3621 3681 3680
3 3621 3680 3620
3 3483 3621 3681
3 2528 2603 2252
3 2173 2528 2252
3 3377 2173 2252
3 3483 3681 3377
3 2252 3483 3377
3 9645 9590 9976
3 10024 9645 9976
3 9904 10024 9976
3 9858 9904 9976
3 9591 9590 9645
3 9646 9591 9645
3 10025 9646 9645
3 10025 9645 10024
3 9905 10025 10024
3 9905 10024 9904
3 9905 9904 9858
3 9859 9905 9858
3 9859 9858 9976
3 9977 9859 9976
3 9977 9976 9590
3 9591 9977 9590
3 9646 9591 9977
3 10025 9646 9977
3 9905 10025 9977
3 9859 9905 9977
3 6549 7159 7261
3 6603 6549 7261
3 7160 7159 6549
3 6550 7160 6549
3 6550 6549 6603
3 6604 6550 6603
3 7262 6604 6603
3 7262 6603 7261
3 7160 7262 7261
3 7160 7261 7159
3 6550 7160 7262
3 6604 6550 7262
3 6508 6200 6025
3 7264 6606 6508
3 6815 7264 6508
3 6025 6815 6508
3 6199 6200 6025
3 6024 6199 6025
3 6024 6025 6815
3 6814 6024 6815
3 7263 6814 6815
3 7263 6815 7264
3 6605 7263 7264
3 6605 7264 6606
3 6605 6606 6508
3 6507 6605 6508
3 6199 6507 6508
3 6199 6508 6200
3 6507 6199 6024
3 7263 6605 6507
3 6814 7263 6507
3 6024 6814 6507
3 7438 6871 8524
3 8657 7438 8524
3 6870 6871 8524
3 8523 6870 8524
3 8656 8523 8524
3 8656 8524 8657
3 7437 8656 8657
3 7437 8657 7438
3 7437 7438 6871
3 6870 7437 6871
3 7437 6870 8523
3 8656 7437 8523
3 11204 10456 10737
3 11479 11204 10737
3 10455 10456 10737
3 10736 10455 10737
3 11478 10736 10737
3 11478 10737 11479
3 11203 11478 11479
3 11203 11479 11204
3 11203 11204 10456
3 10455 11203 10456
3 11203 10455 10736
3 11478 11203 10736
3 2175 2530 3683
3 3379 2175 3683
3 3682 2529 2530
3 3682 2530 3683
3 3378 3682 3683
3 3378 3683 3379
3 3378 3379 2175
3 2174 3378 2175
3 2174 2175 2530
3 2529 2174 2530
3 2174 2529 3682
3 3378 2174 3682
3 8961 8398 8143
3 8814 8961 8143
3 9195 8814 8143
3 9039 9195 8143
3 8397 8398 8143
3 8142 8397 8143
3 8142 8143 9039
3 9038 8142 9039
3 9194 9038 9039
3 9194 9039 9195
3 8813 9194 9195
3 8813 9195 8814
3 8960 8813 8814
3 8960 8814 8961
3 8397 8960 8961
3 8397 8961 8398
3 8960 8397 8142
3 8813 8960 8142
3 9194 8813 8142
3 9038 9194 8142
3 9410 9119 9907
3 9548 9410 9907
3 9648 9548 9907
3 10027 9648 9907
3 9118 9119 9907
3 9906 9118 9907
3 10026 9906 9907
3 10026 9907 10027
3 9647 10026 10027
3 9647 10027 9648
3 9647 9648 9548
3 9547 9647 9548
3 9409 9547 9548
3 9409 9548 9410
3 9409 9410 9119
3 9118 9409 9119
3 9409 9118 9906
3 9547 9409 9906
3 9647 9547 9906
3 10026 9647 9906
3 4472 4243 5330
3 4688 4472 5330
3 4829 4688 5330
3 5608 4829 5330
3 4242 4243 5330
3 5329 4242 5330
3 5607 5329 5330
3 5607 5330 5608
3 4828 5607 5608
3 4828 5608 4829
3 4828 4829 4688
3 4687 4828 4688
3 4471 4687 4688
3 4471 4688 4472
3 4471 4472 4243
3 4242 4471 4243
3 4471 4242 5329
3 4687 4471 5329
3 4828 4687 5329
3 5607 4828 5329
3 4552 4631 4472
3 5608 5407 5263
3 5330 5608 5263
3 4243 5330 5263
3 4552 4472 4243
3 5263 4552 4243
3 4553 4632 4631
3 4553 4631 4552
3 5264 4553 4552
3 5264 4552 5263
3 5264 5263 5407
3 5408 5264 5407
3 5609 5408 5407
3 5609 5407 5608
3 5331 5609 5608
3 5331 5608 5330
3 5331 5330 4243
3 4244 5331 4243
3 4244 4243 4472
3 4473 4244 4472
3 4632 4473 4472
3 4632 4472 4631
3 4553 4632 4473
3 5609 5408 5264
3 5331 5609 5264
3 4244 5331 5264
3 4553 4473 4244
3 5264 4553 4244
3 8303 8911 8961
3 8398 8303 8961
3 8912 8911 8303
3 8304 8912 8303
3 8304 8303 8398
3 8399 8304 8398
3 8962 8399 8398
3 8962 8398 8961
3 8912 8962 8961
3 8912 8961 8911
3 8304 8912 8962
3 8399 8304 8962
3 8657 8595 8464
3 8524 8657 8464
3 6871 8524 8464
3 7645 7438 6871
3 7076 7645 6871
3 8464 7076 6871
3 8658 8596 8595
3 8658 8595 8657
3 8525 8658 8657
3 8525 8657 8524
3 8525 8524 6871
3 6872 8525 6871
3 6872 6871 7438
3 7439 6872 7438
3 7646 7439 7438
3 7646 7438 7645
3 7077 7646 7645
3 7077 7645 7076
3 8465 7077 7076
3 8465 7076 8464
3 8465 8464 8595
3 8596 8465 8595
3 8658 8596 8465
3 8525 8658 8465
3 6872 8525 8465
3 7646 7439 6872
3 7077 7646 6872
3 8465 7077 6872
3 11204 11155 11432
3 11479 11204 11432
3 10737 11479 11432
3 10525 10456 10737
3 10676 10525 10737
3 11432 10676 10737
3 11156 11155 11204
3 11205 11156 11204
3 11480 11205 11204
3 11480 11204 11479
3 10738 11480 11479
3 10738 11479 10737
3 10738 10737 10456
3 10457 10738 10456
3 10457 10456 10525
3 10526 10457 10525
3 10677 10526 10525
3 10677 10525 10676
3 10677 10676 11432
3 11433 10677 11432
3 11433 11432 11155
3 11156 11433 11155
3 11205 11156 11433
3 11480 11205 11433
3 10738 11480 11433
3 10526 10457 10738
3 10677 10526 10738
3 11433 10677 10738
3 3484 3622 3683
3 2530 2604 2253
3 2175 2530 2253
3 3379 2175 2253
3 3484 3683 3379
3 2253 3484 3379
3 3623 3622 3484
3 3485 3623 3484
3 2254 3485 3484
3 2254 3484 2253
3 2605 2254 2253
3 2605 2253 2604
3 2531 2605 2604
3 2531 2604 2530
3 2531 2530 2175
3 2176 2531 2175
3 2176 2175 3379
3 3380 2176 3379
3 3684 3380 3379
3 3684 3379 3683
3 3623 3684 3683
3 3623 3683 3622
3 3485 3623 3684
3 2531 2605 2254
3 2176 2531 2254
3 3380 2176 2254
3 3485 3684 3380
3 2254 3485 3380
3 9648 9592 9978
3 10027 9648 9978
3 9907 10027 9978
3 9860 9907 9978
3 9593 9592 9648
3 9649 9593 9648
3 10028 9649 9648
3 10028 9648 10027
3 9908 10028 10027
3 9908 10027 9907
3 9908 9907 9860
3 9861 9908 9860
3 9861 9860 9978
3 9979 9861 9978
3 9979 9978 9592
3 9593 9979 9592
3 9649 9593 9979
3 10028 9649 9979
3 9908 10028 9979
3 9861 9908 9979
3 6551 7161 7264
3 6606 6551 7264
3 7162 7161 6551
3 6552 7162 6551
3 6552 6551 6606
3 6607 6552 6606
3 7265 6607 6606
3 7265 6606 7264
3 7162 7265 7264
3 7162 7264 7161
3 6552 7162 7265
3 6607 6552 7265
3 6510 6202 6027
3 7267 6609 6510
3 6817 7267 6510
3 6027 6817 6510
3 6201 6202 6027
3 6026 6201 6027
3 6026 6027 6817
3 6816 6026 6817
3 7266 6816 6817
3 7266 6817 7267
3 6608 7266 7267
3 6608 7267 6609
3 6608 6609 6510
3 6509 6608 6510
3 6201 6509 6510
3 6201 6510 6202
3 6509 6201 6026
3 7266 6608 6509
3 6816 7266 6509
3 6026 6816 6509
3 7441 6874 8527
3 8660 7441 8527
3 6873 6874 8527
3 8526 6873 8527
3 8659 8526 8527
3 8659 8527 8660
3 7440 8659 8660
3 7440 8660 7441
3 7440 7441 6874
3 6873 7440 6874
3 7440 6873 8526
3 8659 7440 8526
3 11207 10459 10740
3 11482 11207 10740
3 10458 10459 10740
3 10739 10458 10740
3 11481 10739 10740
3 11481 10740 11482
3 11206 11481 11482
3 11206 11482 11207
3 11206 11207 10459
3 10458 11206 10459
3 11206 10458 10739
3 11481 11206 10739
3 2178 2533 3686
3 3382 2178 3686
3 3685 2532 2533
3 3685 2533 3686
3 3381 3685 3686
3 3381 3686 3382
3 3381 3382 2178
3 2177 3381 2178
3 2177 2178 2533
3 2532 2177 2533
3 2177 2532 3685
3 3381 2177 3685
3 8964 8401 8145
3 8816 8964 8145
3 9197 8816 8145
3 9041 9197 8145
3 8400 8401 8145
3 8144 8400 8145
3 8144 8145 9041
3 9040 8144 9041
3 9196 9040 9041
3 9196 9041 9197
3 8815 9196 9197
3 8815 9197 8816
3 8963 8815 8816
3 8963 8816 8964
3 8400 8963 8964
3 8400 8964 8401
3 8963 8400 8144
3 8815 8963 8144
3 9196 8815 8144
3 9040 9196 8144
3 9412 9121 9910
3 9550 9412 9910
3 9651 9550 9910
3 10030 9651 9910
3 9120 9121 9910
3 9909 9120 9910
3 10029 9909 9910
3 10029 9910 10030
3 9650 10029 10030
3 9650 10030 9651
3 9650 9651 9550
3 9549 9650 9550
3 9411 9549 9550
3 9411 9550 9412
3 9411 9412 9121
3 9120 9411 9121
3 9411 9120 9909
3 9549 9411 9909
3 9650 9549 9909
3 10029 9650 9909
3 4475 4246 5333
3 4690 4475 5333
3 4831 4690 5333
3 5611 4831 5333
3 4245 4246 5333
3 5332 4245 5333
3 5610 5332 5333
3 5610 5333 5611
3 4830 5610 5611
3 4830 5611 4831
3 4830 4831 4690
3 4689 4830 4690
3 4474 4689 4690
3 4474 4690 4475
3 4474 4475 4246
3 4245 4474 4246
3 4474 4245 5332
3 4689 4474 5332
3 4830 4689 5332
3 5610 4830 5332
3 4554 4633 4475
3 5611 5409 5265
3 5333 5611 5265
3 4246 5333 5265
3 4554 4475 4246
3 5265 4554 4246
3 4555 4634 4633
3 4555 4633 4554
3 5266 4555 4554
3 5266 4554 5265
3 5266 5265 5409
3 5410 5266 5409
3 5612 5410 5409
3 5612 5409 5611
3 5334 5612 5611
3 5334 5611 5333
3 5334 5333 4246
3 4247 5334 4246
3 4247 4246 4475
3 4476 4247 4475
3 4634 4476 4475
3 4634 4475 4633
3 4555 4634 4476
3 5612 5410 5266
3 5334 5612 5266
3 4247 5334 5266
3 4555 4476 4247
3 5266 4555 4247
3 8305 8913 8964
3 8401 8305 8964
3 8914 8913 8305
3 8306 8914 8305
3 8306 8305 8401
3 8402 8306 8401
3 8965 8402 8401
3 8965 8401 8964
3 8914 8965 8964
3 8914 8964 8913
3 8306 8914 8965
3 8402 8306 8965
3 8660 8597 8466
3 8527 8660 8466
3 6874 8527 8466
3 7647 7441 6874
3 7078 7647 6874
3 8466 7078 6874
3 8661 8598 8597
3 8661 8597 8660
3 8528 8661 8660
3 8528 8660 8527
3 8528 8527 6874
3 6875 8528 6874
3 6875 6874 7441
3 7442 6875 7441
3 7648 7442 7441
3 7648 7441 7647
3 7079 7648 7647
3 7079 7647 7078
3 8467 7079 7078
3 8467 7078 8466
3 8467 8466 8597
3 8598 8467 8597
3 8661 8598 8467
3 8528 8661 8467
3 6875 8528 8467
3 7648 7442 6875
3 7079 7648 6875
3 8467 7079 6875
3 11207 11157 11434
3 11482 11207 11434
3 10740 11482 11434
3 10527 10459 10740
3 10678 10527 10740
3 11434 10678 10740
3 11158 11157 11207
3 11208 11158 11207
3 11483 11208 11207
3 11483 11207 11482
3 10741 11483 11482
3 10741 11482 10740
3 10741 10740 10459
3 10460 10741 10459
3 10460 10459 10527
3 10528 10460 10527
3 10679 10528 10527
3 10679 10527 10678
3 10679 10678 11434
3 11435 10679 11434
3 11435 11434 11157
3 11158 11435 11157
3 11208 11158 11435
3 11483 11208 11435
3 10741 11483 11435
3 10528 10460 10741
3 10679 10528 10741
3 11435 10679 10741
3 3486 3624 3686
3 2533 2606 2255
3 2178 2533 2255
3 3382 2178 2255
3 3486 3686 3382
3 2255 3486 3382
3 3625 3624 3486
3 3487 3625 3486
3 2256 3487 3486
3 2256 3486 2255
3 2607 2256 2255
3 2607 2255 2606
3 2534 2607 2606
3 2534 2606 2533
3 2534 2533 2178
3 2179 2534 2178
3 2179 2178 3382
3 3383 2179 3382
3 3687 3383 3382
3 3687 3382 3686
3 3625 3687 3686
3 3625 3686 3624
3 3487 3625 3687
3 2534 2607 2256
3 2179 2534 2256
3 3383 2179 2256
3 3487 3687 3383
3 2256 3487 3383
3 9651 9594 9980
3 10030 9651 9980
3 9910 10030 9980
3 9862 9910 9980
3 9595 9594 9651
3 9652 9595 9651
3 10031 9652 9651
3 10031 9651 10030
3 9911 10031 10030
3 9911 10030 9910
3 9911 9910 9862
3 9863 9911 9862
3 9863 9862 9980
3 9981 9863 9980
3 9981 9980 9594
3 9595 9981 9594
3 9652 9595 9981
3 10031 9652 9981
3 9911 10031 9981
3 9863 9911 9981
3 6553 7163 7267
3 6609 6553 7267
3 7164 7163 6553
3 6554 7164 6553
3 6554 6553 6609
3 6610 6554 6609
3 7268 6610 6609
3 7268 6609 7267
3 7164 7268 7267
3 7164 7267 7163
3 6554 7164 7268
3 6610 6554 7268
3 6512 6204 6029
3 7270 6612 6512
3 6819 7270 6512
3 6029 6819 6512
3 6203 6204 6029
3 6028 6203 6029
3 6028 6029 6819
3 6818 6028 6819
3 7269 6818 6819
3 7269 6819 7270
3 6611 7269 7270
3 6611 7270 6612
3 6611 6612 6512
3 6511 6611 6512
3 6203 6511 6512
3 6203 6512 6204
3 6511 6203 6028
3 7269 6611 6511
3 6818 7269 6511
3 6028 6818 6511
3 7444 6877 8530
3 8663 7444 8530
3 6876 6877 8530
3 8529 6876 8530
3 8662 8529 8530
3 8662 8530 8663
3 7443 8662 8663
3 7443 8663 7444
3 7443 7444 6877
3 6876 7443 6877
3 7443 6876 8529
3 8662 7443 8529
3 11210 10462 10743
3 11485 11210 10743
3 10461 10462 10743
3 10742 10461 10743
3 11484 10742 10743
3 11484 10743 11485
3 11209 11484 11485
3 11209 11485 11210
3 11209 11210 10462
3 10461 11209 10462
3 11209 10461 10742
3 11484 11209 10742
3 2181 2536 3689
3 3385 2181 3689
3 3688 2535 2536
3 3688 2536 3689
3 3384 3688 3689
3 3384 3689 3385
3 3384 3385 2181
3 2180 3384 2181
3 2180 2181 2536
3 2535 2180 2536
3 2180 2535 3688
3 3384 2180 3688
3 8967 8404 8147
3 8818 8967 8147
3 9199 8818 8147
3 9043 9199 8147
3 8403 8404 8147
3 8146 8403 8147
3 8146 8147 9043
3 9042 8146 9043
3 9198 9042 9043
3 9198 9043 9199
3 8817 9198 9199
3 8817 9199 8818
3 8966 8817 8818
3 8966 8818 8967
3 8403 8966 8967
3 8403 8967 8404
3 8966 8403 8146
3 8817 8966 8146
3 9198 8817 8146
3 9042 9198 8146
3 9414 9123 9913
3 9552 9414 9913
3 9654 9552 9913
3 10033 9654 9913
3 9122 9123 9913
3 9912 9122 9913
3 10032 9912 9913
3 10032 9913 10033
3 9653 10032 10033
3 9653 10033 9654
3 9653 9654 9552
3 9551 9653 9552
3 9413 9551 9552
3 9413 9552 9414
3 9413 9414 9123
3 9122 9413 9123
3 9413 9122 9912
3 9551 9413 9912
3 9653 9551 9912
3 10032 9653 9912
3 4478 4249 5336
3 4692 4478 5336
3 4833 4692 5336
3 5614 4833 5336
3 4248 4249 5336
3 5335 4248 5336
3 5613 5335 5336
3 5613 5336 5614
3 4832 5613 5614
3 4832 5614 4833
3 4832 4833 4692
3 4691 4832 4692
3 4477 4691 4692
3 4477 4692 4478
3 4477 4478 4249
3 4248 4477 4249
3 4477 4248 5335
3 4691 4477 5335
3 4832 4691 5335
3 5613 4832 5335
3 4556 4635 4478
3 5614 5411 5267
3 5336 5614 5267
3 4249 5336 5267
3 4556 4478 4249
3 5267 4556 4249
3 4557 4636 4635
3 4557 4635 4556
3 5268 4557 4556
3 5268 4556 5267
3 5268 5267 5411
3 5412 5268 5411
3 5615 5412 5411
3 5615 5411 5614
3 5337 5615 5614
3 5337 5614 5336
3 5337 5336 4249
3 4250 5337 4249
3 4250 4249 4478
3 4479 4250 4478
3 4636 4479 4478
3 4636 4478 4635
3 4557 4636 4479
3 5615 5412 5268
3 5337 5615 5268
3 4250 5337 5268
3 4557 4479 4250
3 5268 4557 4250
3 8307 8915 8967
3 8404 8307 8967
3 8916 8915 8307
3 8308 8916 8307
3 8308 8307 8404
3 8405 8308 8404
3 8968 8405 8404
3 8968 8404 8967
3 8916 8968 8967
3 8916 8967 8915
3 8308 8916 8968
3 8405 8308 8968
3 8663 8599 8468
3 8530 8663 8468
3 6877 8530 8468
3 7649 7444 6877
3 7080 7649 6877
3 8468 7080 6877
3 8664 8600 8599
3 8664 8599 8663
3 8531 8664 8663
3 8531 8663 8530
3 8531 8530 6877
3 6878 8531 6877
3 6878 6877 7444
3 7445 6878 7444
3 7650 7445 7444
3 7650 7444 7649
3 7081 7650 7649
3 7081 7649 7080
3 8469 7081 7080
3 8469 7080 8468
3 8469 8468 8599
3 8600 8469 8599
3 8664 8600 8469
3 8531 8664 8469
3 6878 8531 8469
3 7650 7445 6878
3 7081 7650 6878
3 8469 7081 6878
3 11210 11159 11436
3 11485 11210 11436
3 10743 11485 11436
3 10529 10462 10743
3 10680 10529 10743
3 11436 10680 10743
3 11160 11159 11210
3 11211 11160 11210
3 11486 11211 11210
3 11486 11210 11485
3 10744 11486 11485
3 10744 11485 10743
3 10744 10743 10462
3 10463 10744 10462
3 10463 10462 10529
3 10530 10463 10529
3 10681 10530 10529
3 10681 10529 10680
3 10681 10680 11436
3 11437 10681 11436
3 11437 11436 11159
3 11160 11437 11159
3 11211 11160 11437
3 11486 11211 11437
3 10744 11486 11437
3 10530 10463 10744
3 10681 10530 10744
3 11437 10681 10744
3 3488 3626 3689
3 2536 2608 2257
3 2181 2536 2257
3 3385 2181 2257
3 3488 3689 3385
3 2257 3488 3385
3 3627 3626 3488
3 3489 3627 3488
3 2258 3489 3488
3 2258 3488 2257
3 2609 2258 2257
3 2609 2257 2608
3 2537 2609 2608
3 2537 2608 2536
3 2537 2536 2181
3 2182 2537 2181
3 2182 2181 3385
3 3386 2182 3385
3 3690 3386 3385
3 3690 3385 3689
3 3627 3690 3689
3 3627 3689 3626
3 3489 3627 3690
3 2537 2609 2258
3 2182 2537 2258
3 3386 2182 2258
3 3489 3690 3386
3 2258 3489 3386
3 9654 9596 9982
3 10033 9654 9982
3 9913 10033 9982
3 9864 9913 9982
3 9597 9596 9654
3 9655 9597 9654
3 10034 9655 9654
3 10034 9654 10033
3 9914 10034 10033
3 9914 10033 9913
3 9914 9913 9864
3 9865 9914 9864
3 9865 9864 9982
3 9983 9865 9982
3 9983 9982 9596
3 9597 9983 9596
3 9655 9597 9983
3 10034 9655 9983
3 9914 10034 9983
3 9865 9914 9983
3 6555 7165 7270
3 6612 6555 7270
3 7166 7165 6555
3 6556 7166 6555
3 6556 6555 6612
3 6613 6556 6612
3 7271 6613 6612
3 7271 6612 7270
3 7166 7271 7270
3 7166 7270 7165
3 6556 7166 7271
3 6613 6556 7271
3 6514 6206 6031
3 7273 6615 6514
3 6821 7273 6514
3 6031 6821 6514
3 6205 6206 6031
3 6030 6205 6031
3 6030 6031 6821
3 6820 6030 6821
3 7272 6820 6821
3 7272 6821 7273
3 6614 7272 7273
3 6614 7273 6615
3 6614 6615 6514
3 6513 6614 6514
3 6205 6513 6514
3 6205 6514 6206
3 6513 6205 6030
3 7272 6614 6513
3 6820 7272 6513
3 6030 6820 6513
3 7447 6880 8533
3 8666 7447 8533
3 6879 6880 8533
3 8532 6879 8533
3 8665 8532 8533
3 8665 8533 8666
3 7446 8665 8666
3 7446 8666 7447
3 7446 7447 6880
3 6879 7446 6880
3 7446 6879 8532
3 8665 7446 8532
3 11213 10465 10746
3 11488 11213 10746
3 10464 10465 10746
3 10745 10464 10746
3 11487 10745 10746
3 11487 10746 11488
3 11212 11487 11488
3 11212 11488 11213
3 11212 11213 10465
3 10464 11212 10465
3 11212 10464 10745
3 11487 11212 10745
3 2184 2539 3692
3 3388 2184 3692
3 3691 2538 2539
3 3691 2539 3692
3 3387 3691 3692
3 3387 3692 3388
3 3387 3388 2184
3 2183 3387 2184
3 2183 2184 2539
3 2538 2183 2539
3 2183 2538 3691
3 3387 2183 3691
3 8970 8407 8149
3 8820 8970 8149
3 9201 8820 8149
3 9045 9201 8149
3 8406 8407 8149
3 8148 8406 8149
3 8148 8149 9045
3 9044 8148 9045
3 9200 9044 9045
3 9200 9045 9201
3 8819 9200 9201
3 8819 9201 8820
3 8969 8819 8820
3 8969 8820 8970
3 8406 8969 8970
3 8406 8970 8407
3 8969 8406 8148
3 8819 8969 8148
3 9200 8819 8148
3 9044 9200 8148
3 9416 9125 9916
3 9554 9416 9916
3 9657 9554 9916
3 10036 9657 9916
3 9124 9125 9916
3 9915 9124 9916
3 10035 9915 9916
3 10035 9916 10036
3 9656 10035 10036
3 9656 10036 9657
3 9656 9657 9554
3 9553 9656 9554
3 9415 9553 9554
3 9415 9554 9416
3 9415 9416 9125
3 9124 9415 9125
3 9415 9124 9915
3 9553 9415 9915
3 9656 9553 9915
3 10035 9656 9915
3 4481 4252 5339
3 4694 4481 5339
3 4835 4694 5339
3 5617 4835 5339
3 4251 4252 5339
3 5338 4251 5339
3 5616 5338 5339
3 5616 5339 5617
3 4834 5616 5617
3 4834 5617 4835
3 4834 4835 4694
3 4693 4834 4694
3 4480 4693 4694
3 4480 4694 4481
3 4480 4481 4252
3 4251 4480 4252
3 4480 4251 5338
3 4693 4480 5338
3 4834 4693 5338
3 5616 4834 5338
3 4558 4637 4481
3 5617 5413 5269
3 5339 5617 5269
3 4252 5339 5269
3 4558 4481 4252
3 5269 4558 4252
3 4559 4638 4637
3 4559 4637 4558
3 5270 4559 4558
3 5270 4558 5269
3 5270 5269 5413
3 5414 5270 5413
3 5618 5414 5413
3 5618 5413 5617
3 5340 5618 5617
3 5340 5617 5339
3 5340 5339 4252
3 4253 5340 4252
3 4253 4252 4481
3 4482 4253 4481
3 4638 4482 4481
3 4638 4481 4637
3 4559 4638 4482
3 5618 5414 5270
3 5340 5618 5270
3 4253 5340 5270
3 4559 4482 4253
3 5270 4559 4253
3 8309 8917 8970
3 8407 8309 8970
3 8918 8917 8309
3 8310 8918 8309
3 8310 8309 8407
3 8408 8310 8407
3 8971 8408 8407
3 8971 8407 8970
3 8918 8971 8970
3 8918 8970 8917
3 8310 8918 8971
3 8408 8310 8971
3 8666 8601 8470
3 8533 8666 8470
3 6880 8533 8470
3 7651 7447 6880
3 7082 7651 6880
3 8470 7082 6880
3 8667 8602 8601
3 8667 8601 8666
3 8534 8667 8666
3 8534 8666 8533
3 8534 8533 6880
3 6881 8534 6880
3 6881 6880 7447
3 7448 6881 7447
3 7652 7448 7447
3 7652 7447 7651
3 7083 7652 7651
3 7083 7651 7082
3 8471 7083 7082
3 8471 7082 8470
3 8471 8470 8601
3 8602 8471 8601
3 8667 8602 8471
3 8534 8667 8471
3 6881 8534 8471
3 7652 7448 6881
3 7083 7652 6881
3 8471 7083 6881
3 11213 11161 11438
3 11488 11213 11438
3 10746 11488 11438
3 10531 10465 10746
3 10682 10531 10746
3 11438 10682 10746
3 11162 11161 11213
3 11214 11162 11213
3 11489 11214 11213
3 11489 11213 11488
3 10747 11489 11488
3 10747 11488 10746
3 10747 10746 10465
3 10466 10747 10465
3 10466 10465 10531
3 10532 10466 10531
3 10683 10532 10531
3 10683 10531 10682
3 10683 10682 11438
3 11439 10683 11438
3 11439 11438 11161
3 11162 11439 11161
3 11214 11162 11439
3 11489 11214 11439
3 10747 11489 11439
3 10532 10466 10747
3 10683 10532 10747
3 11439 10683 10747
3 3490 3628 3692
3 2539 2610 2259
3 2184 2539 2259
3 3388 2184 2259
3 3490 3692 3388
3 2259 3490 3388
3 3629 3628 3490
3 3491 3629 3490
3 2260 3491 3490
3 2260 3490 2259
3 2611 2260 2259
3 2611 2259 2610
3 2540 2611 2610
3 2540 2610 2539
3 2540 2539 2184
3 2185 2540 2184
3 2185 2184 3388
3 3389 2185 3388
3 3693 3389 3388
3 3693 3388 3692
3 3629 3693 3692
3 3629 3692 3628
3 3491 3629 3693
3 2540 2611 2260
3 2185 2540 2260
3 3389 2185 2260
3 3491 3693 3389
3 2260 3491 3389
3 9657 9598 9984
3 10036 9657 9984
3 9916 10036 9984
3 9866 9916 9984
3 9599 9598 9657
3 9658 9599 9657
3 10037 9658 9657
3 10037 9657 10036
3 9917 10037 10036
3 9917 10036 9916
3 9917 9916 9866
3 9867 9917 9866
3 9867 9866 9984
3 9985 9867 9984
3 9985 9984 9598
3 9599 9985 9598
3 9658 9599 9985
3 10037 9658 9985
3 9917 10037 9985
3 9867 9917 9985
3 6557 7167 7273
3 6615 6557 7273
3 7168 7167 6557
3 6558 7168 6557
3 6558 6557 6615
3 6616 6558 6615
3 7274 6616 6615
3 7274 6615 7273
3 7168 7274 7273
3 7168 7273 7167
3 6558 7168 7274
3 6616 6558 7274
3 6516 6208 6033
3 7276 6618 6516
3 6823 7276 6516
3 6033 6823 6516
3 6207 6208 6033
3 6032 6207 6033
3 6032 6033 6823
3 6822 6032 6823
3 7275 6822 6823
3 7275 6823 7276
3 6617 7275 7276
3 6617 7276 6618
3 6617 6618 6516
3 6515 6617 6516
3 6207 6515 6516
3 6207 6516 6208
3 6515 6207 6032
3 7275 6617 6515
3 6822 7275 6515
3 6032 6822 6515
3 7450 6883 8536
3 8669 7450 8536
3 6882 6883 8536
3 8535 6882 8536
3 8668 8535 8536
3 8668 8536 8669
3 7449 8668 8669
3 7449 8669 7450
3 7449 7450 6883
3 6882 7449 6883
3 7449 6882 8535
3 8668 7449 8535
3 11216 10468 10749
3 11491 11216 10749
3 10467 10468 10749
3 10748 10467 10749
3 11490 10748 10749
3 11490 10749 11491
3 11215 11490 11491
3 11215 11491 11216
3 11215 11216 10468
3 10467 11215 10468
3 11215 10467 10748
3 11490 11215 10748
3 2187 2542 3695
3 3391 2187 3695
3 3694 2541 2542
3 3694 2542 3695
3 3390 3694 3695
3 3390 3695 3391
3 3390 3391 2187
3 2186 3390 2187
3 2186 2187 2542
3 2541 2186 2542
3 2186 2541 3694
3 3390 2186 3694
3 8973 8410 8151
3 8822 8973 8151
3 9203 8822 8151
3 9047 9203 8151
3 8409 8410 8151
3 8150 8409 8151
3 8150 8151 9047
3 9046 8150 9047
3 9202 9046 9047
3 9202 9047 9203
3 8821 9202 9203
3 8821 9203 8822
3 8972 8821 8822
3 8972 8822 8973
3 8409 8972 8973
3 8409 8973 8410
3 8972 8409 8150
3 8821 8972 8150
3 9202 8821 8150
3 9046 9202 8150
3 9418 9127 9919
3 9556 9418 9919
3 9660 9556 9919
3 10039 9660 9919
3 9126 9127 9919
3 9918 9126 9919
3 10038 9918 9919
3 10038 9919 10039
3 9659 10038 10039
3 9659 10039 9660
3 9659 9660 9556
3 9555 9659 9556
3 9417 9555 9556
3 9417 9556 9418
3 9417 9418 9127
3 9126 9417 9127
3 9417 9126 9918
3 9555 9417 9918
3 9659 9555 9918
3 10038 9659 9918
3 4484 4255 5342
3 4696 4484 5342
3 4837 4696 5342
3 5620 4837 5342
3 4254 4255 5342
3 5341 4254 5342
3 5619 5341 5342
3 5619 5342 5620
3 4836 5619 5620
3 4836 5620 4837
3 4836 4837 4696
3 4695 4836 4696
3 4483 4695 4696
3 4483 4696 4484
3 4483 4484 4255
3 4254 4483 4255
3 4483 4254 5341
3 4695 4483 5341
3 4836 4695 5341
3 5619 4836 5341
3 4560 4639 4484
3 5620 5415 5271
3 5342 5620 5271
3 4255 5342 5271
3 4560 4484 4255
3 5271 4560 4255
3 4561 4640 4639
3 4561 4639 4560
3 5272 4561 4560
3 5272 4560 5271
3 5272 5271 5415
3 5416 5272 5415
3 5621 5416 5415
3 5621 5415 5620
3 5343 5621 5620
3 5343 5620 5342
3 5343 5342 4255
3 4256 5343 4255
3 4256 4255 4484
3 4485 4256 4484
3 4640 4485 4484
3 4640 4484 4639
3 4561 4640 4485
3 5621 5416 5272
3 5343 5621 5272
3 4256 5343 5272
3 4561 4485 4256
3 5272 4561 4256
3 8311 8919 8973
3 8410 8311 8973
3 8920 8919 8311
3 8312 8920 8311
3 8312 8311 8410
3 8411 8312 8410
3 8974 8411 8410
3 8974 8410 8973
3 8920 8974 8973
3 8920 8973 8919
3 8312 8920 8974
3 8411 8312 8974
3 8669 8603 8472
3 8536 8669 8472
3 6883 8536 8472
3 7653 7450 6883
3 7084 7653 6883
3 8472 7084 6883
3 8670 8604 8603
3 8670 8603 8669
3 8537 8670 8669
3 8537 8669 8536
3 8537 8536 6883
3 6884 8537 6883
3 6884 6883 7450
3 7451 6884 7450
3 7654 7451 7450
3 7654 7450 7653
3 7085 7654 7653
3 7085 7653 7084
3 8473 7085 7084
3 8473 7084 8472
3 8473 8472 8603
3 8604 8473 8603
3 8670 8604 8473
3 8537 8670 8473
3 6884 8537 8473
3 7654 7451 6884
3 7085 7654 6884
3 8473 7085 6884
3 11216 11163 11440
3 11491 11216 11440
3 10749 11491 11440
3 10533 10468 10749
3 10684 10533 10749
3 11440 10684 10749
3 11164 11163 11216
3 11217 11164 11216
3 11492 11217 11216
3 11492 11216 11491
3 10750 11492 11491
3 10750 11491 10749
3 10750 10749 10468
3 10469 10750 10468
3 10469 10468 10533
3 10534 10469 10533
3 10685 10534 10533
3 10685 10533 10684
3 10685 10684 11440
3 11441 10685 11440
3 11441 11440 11163
3 11164 11441 11163
3 11217 11164 11441
3 11492 11217 11441
3 10750 11492 11441
3 10534 10469 10750
3 10685 10534 10750
3 11441 10685 10750
3 3492 3630 3695
3 2542 2612 2261
3 2187 2542 2261
3 3391 2187 2261
3 3492 3695 3391
3 2261 3492 3391
3 3631 3630 3492
3 3493 3631 3492
3 2262 3493 3492
3 2262 3492 2261
3 2613 2262 2261
3 2613 2261 2612
3 2543 2613 2612
3 2543 2612 2542
3 2543 2542 2187
3 2188 2543 2187
3 2188 2187 3391
3 3392 2188 3391
3 3696 3392 3391
3 3696 3391 3695
3 3631 3696 3695
3 3631 3695 3630
3 3493 3631 3696
3 2543 2613 2262
3 2188 2543 2262
3 3392 2188 2262
3 3493 3696 3392
3 2262 3493 3392
3 9660 9600 9986
3 10039 9660 9986
3 9919 10039 9986
3 9868 9919 9986
3 9601 9600 9660
3 9661 9601 9660
3 10040 9661 9660
3 10040 9660 10039
3 9920 10040 10039
3 9920 10039 9919
3 9920 9919 9868
3 9869 9920 9868
3 9869 9868 9986
3 9987 9869 9986
3 9987 9986 9600
3 9601 9987 9600
3 9661 9601 9987
3 10040 9661 9987
3 9920 10040 9987
3 9869 9920 9987
3 6559 7169 7276
3 6618 6559 7276
3 7170 7169 6559
3 6560 7170 6559
3 6560 6559 6618
3 6619 6560 6618
3 7277 6619 6618
3 7277 6618 7276
3 7170 7277 7276
3 7170 7276 7169
3 6560 7170 7277
3 6619 6560 7277
3 6518 6210 6035
3 7279 6621 6518
3 6825 7279 6518
3 6035 6825 6518
3 6209 6210 6035
3 6034 6209 6035
3 6034 6035 6825
3 6824 6034 6825
3 7278 6824 6825
3 7278 6825 7279
3 6620 7278 7279
3 6620 7279 6621
3 6620 6621 6518
3 6517 6620 6518
3 6209 6517 6518
3 6209 6518 6210
3 6517 6209 6034
3 7278 6620 6517
3 6824 7278 6517
3 6034 6824 6517
3 7453 6886 8539
3 8672 7453 8539
3 6885 6886 8539
3 8538 6885 8539
3 8671 8538 8539
3 8671 8539 8672
3 7452 8671 8672
3 7452 8672 7453
3 7452 7453 6886
3 6885 7452 6886
3 7452 6885 8538
3 8671 7452 8538
3 11219 10471 10752
3 11494 11219 10752
3 10470 10471 10752
3 10751 10470 10752
3 11493 10751 10752
3 11493 10752 11494
3 11218 11493 11494
3 11218 11494 11219
3 11218 11219 10471
3 10470 11218 10471
3 11218 10470 10751
3 11493 11218 10751
3 2190 2545 3698
3 3394 2190 3698
3 3697 2544 2545
3 3697 2545 3698
3 3393 3697 3698
3 3393 3698 3394
3 3393 3394 2190
3 2189 3393 2190
3 2189 2190 2545
3 2544 2189 2545
3 2189 2544 3697
3 3393 2189 3697
3 8976 8413 8153
3 8824 8976 8153
3 9205 8824 8153
3 9049 9205 8153
3 8412 8413 8153
3 8152 8412 8153
3 8152 8153 9049
3 9048 8152 9049
3 9204 9048 9049
3 9204 9049 9205
3 8823 9204 9205
3 8823 9205 8824
3 8975 8823 8824
3 8975 8824 8976
3 8412 8975 8976
3 8412 8976 8413
3 8975 8412 8152
3 8823 8975 8152
3 9204 8823 8152
3 9048 9204 8152
3 9420 9129 9922
3 9558 9420 9922
3 9663 9558 9922
3 10042 9663 9922
3 9128 9129 9922
3 9921 9128 9922
3 10041 9921 9922
3 10041 9922 10042
3 9662 10041 10042
3 9662 10042 9663
3 9662 9663 9558
3 9557 9662 9558
3 9419 9557 9558
3 9419 9558 9420
3 9419 9420 9129
3 9128 9419 9129
3 9419 9128 9921
3 9557 9419 9921
3 9662 9557 9921
3 10041 9662 9921
3 4487 4258 5345
3 4698 4487 5345
3 4839 4698 5345
3 5623 4839 5345
3 4257 4258 5345
3 5344 4257 5345
3 5622 5344 5345
3 5622 5345 5623
3 4838 5622 5623
3 4838 5623 4839
3 4838 4839 4698
3 4697 4838 4698
3 4486 4697 4698
3 4486 4698 4487
3 4486 4487 4258
3 4257 4486 4258
3 4486 4257 5344
3 4697 4486 5344
3 4838 4697 5344
3 5622 4838 5344
3 4562 4641 4487
3 5623 5417 5273
3 5345 5623 5273
3 4258 5345 5273
3 4562 4487 4258
3 5273 4562 4258
3 4563 4642 4641
3 4563 4641 4562
3 5274 4563 4562
3 5274 4562 5273
3 5274 5273 5417
3 5418 5274 5417
3 5624 5418 5417
3 5624 5417 5623
3 5346 5624 5623
3 5346 5623 5345
3 5346 5345 4258
3 4259 5346 4258
3 4259 4258 4487
3 4488 4259 4487
3 4642 4488 4487
3 4642 4487 4641
3 4563 4642 4488
3 5624 5418 5274
3 5346 5624 5274
3 4259 5346 5274
3 4563 4488 4259
3 5274 4563 4259
3 8313 8921 8976
3 8413 8313 8976
3 8922 8921 8313
3 8314 8922 8313
3 8314 8313 8413
3 8414 8314 8413
3 8977 8414 8413
3 8977 8413 8976
3 8922 8977 8976
3 8922 8976 8921
3 8314 8922 8977
3 8414 8314 8977
3 8672 8605 8474
3 8539 8672 8474
3 6886 8539 8474
3 7655 7453 6886
3 7086 7655 6886
3 8474 7086 6886
3 8673 8606 8605
3 8673 8605 8672
3 8540 8673 8672
3 8540 8672 8539
3 8540 8539 6886
3 6887 8540 6886
3 6887 6886 7453
3 7454 6887 7453
3 7656 7454 7453
3 7656 7453 7655
3 7087 7656 7655
3 7087 7655 7086
3 8475 7087 7086
3 8475 7086 8474
3 8475 8474 8605
3 8606 8475 8605
3 8673 8606 8475
3 8540 8673 8475
3 6887 8540 8475
3 7656 7454 6887
3 7087 7656 6887
3 8475 7087 6887
3 11219 11165 11442
3 11494 11219 11442
3 10752 11494 11442
3 10535 10471 10752
3 10686 10535 10752
3 11442 10686 10752
3 11166 11165 11219
3 11220 11166 11219
3 11495 11220 11219
3 11495 11219 11494
3 10753 11495 11494
3 10753 11494 10752
3 10753 10752 10471
3 10472 10753 10471
3 10472 10471 10535
3 10536 10472 10535
3 10687 10536 10535
3 10687 10535 10686
3 10687 10686 11442
3 11443 10687 11442
3 11443 11442 11165
3 11166 11443 11165
3 11220 11166 11443
3 11495 11220 11443
3 10753 11495 11443
3 10536 10472 10753
3 10687 10536 10753
3 11443 10687 10753
3 3494 3632 3698
3 2545 2614 2263
3 2190 2545 2263
3 3394 2190 2263
3 3494 3698 3394
3 2263 3494 3394
3 3633 3632 3494
3 3495 3633 3494
3 2264 3495 3494
3 2264 3494 2263
3 2615 2264 2263
3 2615 2263 2614
3 2546 2615 2614
3 2546 2614 2545
3 2546 2545 2190
3 2191 2546 2190
3 2191 2190 3394
3 3395 2191 3394
3 3699 3395 3394
3 3699 3394 3698
3 3633 3699 3698
3 3633 3698 3632
3 3495 3633 3699
3 2546 2615 2264
3 2191 2546 2264
3 3395 2191 2264
3 3495 3699 3395
3 2264 3495 3395
3 9663 9602 9988
3 10042 9663 9988
3 9922 10042 9988
3 9870 9922 9988
3 9603 9602 9663
3 9664 9603 9663
3 10043 9664 9663
3 10043 9663 10042
3 9923 10043 10042
3 9923 10042 9922
3 9923 9922 9870
3 9871 9923 9870
3 9871 9870 9988
3 9989 9871 9988
3 9989 9988 9602
3 9603 9989 9602
3 9664 9603 9989
3 10043 9664 9989
3 9923 10043 9989
3 9871 9923 9989
3 6561 7171 7279
3 6621 6561 7279
3 7172 7171 6561
3 6562 7172 6561
3 6562 6561 6621
3 6622 6562 6621
3 7280 6622 6621
3 7280 6621 7279
3 7172 7280 7279
3 7172 7279 7171
3 6562 7172 7280
3 6622 6562 7280
3 6520 6212 6037
3 7282 6624 6520
3 6827 7282 6520
3 6037 6827 6520
3 6211 6212 6037
3 6036 6211 6037
3 6036 6037 6827
3 6826 6036 6827
3 7281 6826 6827
3 7281 6827 7282
3 6623 7281 7282
3 6623 7282 6624
3 6623 6624 6520
3 6519 6623 6520
3 6211 6519 6520
3 6211 6520 6212
3 6519 6211 6036
3 7281 6623 6519
3 6826 7281 6519
3 6036 6826 6519
3 7456 6889 8542
3 8675 7456 8542
3 6888 6889 8542
3 8541 6888 8542
3 8674 8541 8542
3 8674 8542 8675
3 7455 8674 8675
3 7455 8675 7456
3 7455 7456 6889
3 6888 7455 6889
3 7455 6888 8541
3 8674 7455 8541
3 11222 10474 10755
3 11497 11222 10755
3 10473 10474 10755
3 10754 10473 10755
3 11496 10754 10755
3 11496 10755 11497
3 11221 11496 11497
3 11221 11497 11222
3 11221 11222 10474
3 10473 11221 10474
3 11221 10473 10754
3 11496 11221 10754
3 2193 2548 3701
3 3397 2193 3701
3 3700 2547 2548
3 3700 2548 3701
3 3396 3700 3701
3 3396 3701 3397
3 3396 3397 2193
3 2192 3396 2193
3 2192 2193 2548
3 2547 2192 2548
3 2192 2547 3700
3 3396 2192 3700
3 8979 8416 8155
3 8826 8979 8155
3 9207 8826 8155
3 9051 9207 8155
3 8415 8416 8155
3 8154 8415 8155
3 8154 8155 9051
3 9050 8154 9051
3 9206 9050 9051
3 9206 9051 9207
3 8825 9206 9207
3 8825 9207 8826
3 8978 8825 8826
3 8978 8826 8979
3 8415 8978 8979
3 8415 8979 8416
3 8978 8415 8154
3 8825 8978 8154
3 9206 8825 8154
3 9050 9206 8154
3 9422 9131 9925
3 9560 9422 9925
3 9666 9560 9925
3 10045 9666 9925
3 9130 9131 9925
3 9924 9130 9925
3 10044 9924 9925
3 10044 9925 10045
3 9665 10044 10045
3 9665 10045 9666
3 9665 9666 9560
3 9559 9665 9560
3 9421 9559 9560
3 9421 9560 9422
3 9421 9422 9131
3 9130 9421 9131
3 9421 9130 9924
3 9559 9421 9924
3 9665 9559 9924
3 10044 9665 9924
3 4490 4261 5348
3 4700 4490 5348
3 4841 4700 5348
3 5626 4841 5348
3 4260 4261 5348
3 5347 4260 5348
3 5625 5347 5348
3 5625 5348 5626
3 4840 5625 5626
3 4840 5626 4841
3 4840 4841 4700
3 4699 4840 4700
3 4489 4699 4700
3 4489 4700 4490
3 4489 4490 4261
3 4260 4489 4261
3 4489 4260 5347
3 4699 4489 5347
3 4840 4699 5347
3 5625 4840 5347
3 4564 4643 4490
3 5626 5419 5275
3 5348 5626 5275
3 4261 5348 5275
3 4564 4490 4261
3 5275 4564 4261
3 4565 4644 4643
3 4565 4643 4564
3 5276 4565 4564
3 5276 4564 5275
3 5276 5275 5419
3 5420 5276 5419
3 5627 5420 5419
3 5627 5419 5626
3 5349 5627 5626
3 5349 5626 5348
3 5349 5348 4261
3 4262 5349 4261
3 4262 4261 4490
3 4491 4262 4490
3 4644 4491 4490
3 4644 4490 4643
3 4565 4644 4491
3 5627 5420 5276
3 5349 5627 5276
3 4262 5349 5276
3 4565 4491 4262
3 5276 4565 4262
3 8315 8923 8979
3 8416 8315 8979
3 8924 8923 8315
3 8316 8924 8315
3 8316 8315 8416
3 8417 8316 8416
3 8980 8417 8416
3 8980 8416 8979
3 8924 8980 8979
3 8924 8979 8923
3 8316 8924 8980
3 8417 8316 8980
3 8675 8607 8476
3 8542 8675 8476
3 6889 8542 8476
3 7657 7456 6889
3 7088 7657 6889
3 8476 7088 6889
3 8676 8608 8607
3 8676 8607 8675
3 8543 8676 8675
3 8543 8675 8542
3 8543 8542 6889
3 6890 8543 6889
3 6890 6889 7456
3 7457 6890 7456
3 7658 7457 7456
3 7658 7456 7657
3 7089 7658 7657
3 7089 7657 7088
3 8477 7089 7088
3 8477 7088 8476
3 8477 8476 8607
3 8608 8477 8607
3 8676 8608 8477
3 8543 8676 8477
3 6890 8543 8477
3 7658 7457 6890
3 7089 7658 6890
3 8477 7089 6890
3 11222 11167 11444
3 11497 11222 11444
3 10755 11497 11444
3 10537 10474 10755
3 10688 10537 10755
3 11444 10688 10755
3 11168 11167 11222
3 11223 11168 11222
3 11498 11223 11222
3 11498 11222 11497
3 10756 11498 11497
3 10756 11497 10755
3 10756 10755 10474
3 10475 10756 10474
3 10475 10474 10537
3 10538 10475 10537
3 10689 10538 10537
3 10689 10537 10688
3 10689 10688 11444
3 11445 10689 11444
3 11445 11444 11167
3 11168 11445 11167
3 11223 11168 11445
3 11498 11223 11445
3 10756 11498 11445
3 10538 10475 10756
3 10689 10538 10756
3 11445 10689 10756
3 3496 3634 3701
3 2548 2616 2265
3 2193 2548 2265
3 3397 2193 2265
3 3496 3701 3397
3 2265 3496 3397
3 3635 3634 3496
3 3497 3635 3496
3 2266 3497 3496
3 2266 3496 2265
3 2617 2266 2265
3 2617 2265 2616
3 2549 2617 2616
3 2549 2616 2548
3 2549 2548 2193
3 2194 2549 2193
3 2194 2193 3397
3 3398 2194 3397
3 3702 3398 3397
3 3702 3397 3701
3 3635 3702 3701
3 3635 3701 3634
3 3497 3635 3702
3 2549 2617 2266
3 2194 2549 2266
3 3398 2194 2266
3 3497 3702 3398
3 2266 3497 3398
3 9666 9604 9990
3 10045 9666 9990
3 9925 10045 9990
3 9872 9925 9990
3 9605 9604 9666
3 9667 9605 9666
3 10046 9667 9666
3 10046 9666 10045
3 9926 10046 10045
3 9926 10045 9925
3 9926 9925 9872
3 9873 9926 9872
3 9873 9872 9990
3 9991 9873 9990
3 9991 9990 9604
3 9605 9991 9604
3 9667 9605 9991
3 10046 9667 9991
3 9926 10046 9991
3 9873 9926 9991
3 6563 7173 7282
3 6624 6563 7282
3 7174 7173 6563
3 6564 7174 6563
3 6564 6563 6624
3 6625 6564 6624
3 7283 6625 6624
3 7283 6624 7282
3 7174 7283 7282
3 7174 7282 7173
3 6564 7174 7283
3 6625 6564 7283
3 6522 6214 6039
3 7285 6627 6522
3 6829 7285 6522
3 6039 6829 6522
3 6213 6214 6039
3 6038 6213 6039
3 6038 6039 6829
3 6828 6038 6829
3 7284 6828 6829
3 7284 6829 7285
3 6626 7284 7285
3 6626 7285 6627
3 6626 6627 6522
3 6521 6626 6522
3 6213 6521 6522
3 6213 6522 6214
3 6521 6213 6038
3 7284 6626 6521
3 6828 7284 6521
3 6038 6828 6521
3 7459 6892 8545
3 8678 7459 8545
3 6891 6892 8545
3 8544 6891 8545
3 8677 8544 8545
3 8677 8545 8678
3 7458 8677 8678
3 7458 8678 7459
3 7458 7459 6892
3 6891 7458 6892
3 7458 6891 8544
3 8677 7458 8544
3 11225 10477 10758
3 11500 11225 10758
3 10476 10477 10758
3 10757 10476 10758
3 11499 10757 10758
3 11499 10758 11500
3 11224 11499 11500
3 11224 11500 11225
3 11224 11225 10477
3 10476 11224 10477
3 11224 10476 10757
3 11499 11224 10757
3 2196 2551 3704
3 3400 2196 3704
3 3703 2550 2551
3 3703 2551 3704
3 3399 3703 3704
3 3399 3704 3400
3 3399 3400 2196
3 2195 3399 2196
3 2195 2196 2551
3 2550 2195 2551
3 2195 2550 3703
3 3399 2195 3703
3 8982 8419 8157
3 8828 8982 8157
3 9209 8828 8157
3 9053 9209 8157
3 8418 8419 8157
3 8156 8418 8157
3 8156 8157 9053
3 9052 8156 9053
3 9208 9052 9053
3 9208 9053 9209
3 8827 9208 9209
3 8827 9209 8828
3 8981 8827 8828
3 8981 8828 8982
3 8418 8981 8982
3 8418 8982 8419
3 8981 8418 8156
3 8827 8981 8156
3 9208 8827 8156
3 9052 9208 8156
3 9424 9133 9928
3 9562 9424 9928
3 9669 9562 9928
3 10048 9669 9928
3 9132 9133 9928
3 9927 9132 9928
3 10047 9927 9928
3 10047 9928 10048
3 9668 10047 10048
3 9668 10048 9669
3 9668 9669 9562
3 9561 9668 9562
3 9423 9561 9562
3 9423 9562 9424
3 9423 9424 9133
3 9132 9423 9133
3 9423 9132 9927
3 9561 9423 9927
3 9668 9561 9927
3 10047 9668 9927
3 4493 4264 5351
3 4702 4493 5351
3 4843 4702 5351
3 5629 4843 5351
3 4263 4264 5351
3 5350 4263 5351
3 5628 5350 5351
3 5628 5351 5629
3 4842 5628 5629
3 4842 5629 4843
3 4842 4843 4702
3 4701 4842 4702
3 4492 4701 4702
3 4492 4702 4493
3 4492 4493 4264
3 4263 4492 4264
3 4492 4263 5350
3 4701 4492 5350
3 4842 4701 5350
3 5628 4842 5350
3 4566 4645 4493
3 5629 5421 5277
3 5351 5629 5277
3 4264 5351 5277
3 4566 4493 4264
3 5277 4566 4264
3 4567 4646 4645
3 4567 4645 4566
3 5278 4567 4566
3 5278 4566 5277
3 5278 5277 5421
3 5422 5278 5421
3 5630 5422 5421
3 5630 5421 5629
3 5352 5630 5629
3 5352 5629 5351
3 5352 5351 4264
3 4265 5352 4264
3 4265 4264 4493
3 4494 4265 4493
3 4646 4494 4493
3 4646 4493 4645
3 4567 4646 4494
3 5630 5422 5278
3 5352 5630 5278
3 4265 5352 5278
3 4567 4494 4265
3 5278 4567 4265
3 8317 8925 8982
3 8419 8317 8982
3 8926 8925 8317
3 8318 8926 8317
3 8318 8317 8419
3 8420 8318 8419
3 8983 8420 8419
3 8983 8419 8982
3 8926 8983 8982
3 8926 8982 8925
3 8318 8926 8983
3 8420 8318 8983
3 8678 8609 8478
3 8545 8678 8478
3 6892 8545 8478
3 7659 7459 6892
3 7090 7659 6892
3 8478 7090 6892
3 8679 8610 8609
3 8679 8609 8678
3 8546 8679 8678
3 8546 8678 8545
3 8546 8545 6892
3 6893 8546 6892
3 6893 6892 7459
3 7460 6893 7459
3 7660 7460 7459
3 7660 7459 7659
3 7091 7660 7659
3 7091 7659 7090
3 8479 7091 7090
3 8479 7090 8478
3 8479 8478 8609
3 8610 8479 8609
3 8679 8610 8479
3 8546 8679 8479
3 6893 8546 8479
3 7660 7460 6893
3 7091 7660 6893
3 8479 7091 6893
3 11225 11169 11446
3 11500 11225 11446
3 10758 11500 11446
3 10539 10477 10758
3 10690 10539 10758
3 11446 10690 10758
3 11170 11169 11225
3 11226 11170 11225
3 11501 11226 11225
3 11501 11225 11500
3 10759 11501 11500
3 10759 11500 10758
3 10759 10758 10477
3 10478 10759 10477
3 10478 10477 10539
3 10540 10478 10539
3 10691 10540 10539
3 10691 10539 10690
3 10691 10690 11446
3 11447 10691 11446
3 11447 11446 11169
3 11170 11447 11169
3 11226 11170 11447
3 11501 11226 11447
3 10759 11501 11447
3 10540 10478 10759
3 10691 10540 10759
3 11447 10691 10759
3 3498 3636 3704
3 2551 2618 2267
3 2196 2551 2267
3 3400 2196 2267
3 3498 3704 3400
3 2267 3498 3400
3 3637 3636 3498
3 3499 3637 3498
3 2268 3499 3498
3 2268 3498 2267
3 2619 2268 2267
3 2619 2267 2618
3 2552 2619 2618
3 2552 2618 2551
3 2552 2551 2196
3 2197 2552 2196
3 2197 2196 3400
3 3401 2197 3400
3 3705 3401 3400
3 3705 3400 3704
3 3637 3705 3704
3 3637 3704 3636
3 3499 3637 3705
3 2552 2619 2268
3 2197 2552 2268
3 3401 2197 2268
3 3499 3705 3401
3 2268 3499 3401
3 9669 9606 9992
3 10048 9669 9992
3 9928 10048 9992
3 9874 9928 9992
3 9607 9606 9669
3 9670 9607 9669
3 10049 9670 9669
3 10049 9669 10048
3 9929 10049 10048
3 9929 10048 9928
3 9929 9928 9874
3 9875 9929 9874
3 9875 9874 9992
3 9993 9875 9992
3 9993 9992 9606
3 9607 9993 9606
3 9670 9607 9993
3 10049 9670 9993
3 9929 10049 9993
3 9875 9929 9993
3 6565 7175 7285
3 6627 6565 7285
3 7176 7175 6565
3 6566 7176 6565
3 6566 6565 6627
3 6628 6566 6627
3 7286 6628 6627
3 7286 6627 7285
3 7176 7286 7285
3 7176 7285 7175
3 6566 7176 7286
3 6628 6566 7286
3 6524 6216 6041
3 7288 6630 6524
3 6831 7288 6524
3 6041 6831 6524
3 6215 6216 6041
3 6040 6215 6041
3 6040 6041 6831
3 6830 6040 6831
3 7287 6830 6831
3 7287 6831 7288
3 6629 7287 7288
3 6629 7288 6630
3 6629 6630 6524
3 6523 6629 6524
3 6215 6523 6524
3 6215 6524 6216
3 6523 6215 6040
3 7287 6629 6523
3 6830 7287 6523
3 6040 6830 6523
3 7462 6895 8548
3 8681 7462 8548
3 6894 6895 8548
3 8547 6894 8548
3 8680 8547 8548
3 8680 8548 8681
3 7461 8680 8681
3 7461 8681 7462
3 7461 7462 6895
3 6894 7461 6895
3 7461 6894 8547
3 8680 7461 8547
3 11228 10480 10761
3 11503 11228 10761
3 10479 10480 10761
3 10760 10479 10761
3 11502 10760 10761
3 11502 10761 11503
3 11227 11502 11503
3 11227 11503 11228
3 11227 11228 10480
3 10479 11227 10480
3 11227 10479 10760
3 11502 11227 10760
3 2199 2554 3707
3 3403 2199 3707
3 3706 2553 2554
3 3706 2554 3707
3 3402 3706 3707
3 3402 3707 3403
3 3402 3403 2199
3 2198 3402 2199
3 2198 2199 2554
3 2553 2198 2554
3 2198 2553 3706
3 3402 2198 3706
3 8985 8422 8159
3 8830 8985 8159
3 9211 8830 8159
3 9055 9211 8159
3 8421 8422 8159
3 8158 8421 8159
3 8158 8159 9055
3 9054 8158 9055
3 9210 9054 9055
3 9210 9055 9211
3 8829 9210 9211
3 8829 9211 8830
3 8984 8829 8830
3 8984 8830 8985
3 8421 8984 8985
3 8421 8985 8422
3 8984 8421 8158
3 8829 8984 8158
3 9210 8829 8158
3 9054 9210 8158
3 9426 9135 9931
3 9564 9426 9931
3 9672 9564 9931
3 10051 9672 9931
3 9134 9135 9931
3 9930 9134 9931
3 10050 9930 9931
3 10050 9931 10051
3 9671 10050 10051
3 9671 10051 9672
3 9671 9672 9564
3 9563 9671 9564
3 9425 9563 9564
3 9425 9564 9426
3 9425 9426 9135
3 9134 9425 9135
3 9425 9134 9930
3 9563 9425 9930
3 9671 9563 9930
3 10050 9671 9930
3 4496 4267 5354
3 4704 4496 5354
3 4845 4704 5354
3 5632 4845 5354
3 4266 4267 5354
3 5353 4266 5354
3 5631 5353 5354
3 5631 5354 5632
3 4844 5631 5632
3 4844 5632 4845
3 4844 4845 4704
3 4703 4844 4704
3 4495 4703 4704
3 4495 4704 4496
3 4495 4496 4267
3 4266 4495 4267
3 4495 4266 5353
3 4703 4495 5353
3 4844 4703 5353
3 5631 4844 5353
3 4568 4647 4496
3 5632 5423 5279
3 5354 5632 5279
3 4267 5354 5279
3 4568 4496 4267
3 5279 4568 4267
3 4569 4648 4647
3 4569 4647 4568
3 5280 4569 4568
3 5280 4568 5279
3 5280 5279 5423
3 5424 5280 5423
3 5633 5424 5423
3 5633 5423 5632
3 5355 5633 5632
3 5355 5632 5354
3 5355 5354 4267
3 4268 5355 4267
3 4268 4267 4496
3 4497 4268 4496
3 4648 4497 4496
3 4648 4496 4647
3 4569 4648 4497
3 5633 5424 5280
3 5355 5633 5280
3 4268 5355 5280
3 4569 4497 4268
3 5280 4569 4268
3 8319 8927 8985
3 8422 8319 8985
3 8928 8927 8319
3 8320 8928 8319
3 8320 8319 8422
3 8423 8320 8422
3 8986 8423 8422
3 8986 8422 8985
3 8928 8986 8985
3 8928 8985 8927
3 8320 8928 8986
3 8423 8320 8986
3 8681 8611 8480
3 8548 8681 8480
3 6895 8548 8480
3 7661 7462 6895
3 7092 7661 6895
3 8480 7092 6895
3 8682 8612 8611
3 8682 8611 8681
3 8549 8682 8681
3 8549 8681 8548
3 8549 8548 6895
3 6896 8549 6895
3 6896 6895 7462
3 7463 6896 7462
3 7662 7463 7462
3 7662 7462 7661
3 7093 7662 7661
3 7093 7661 7092
3 8481 7093 7092
3 8481 7092 8480
3 8481 8480 8611
3 8612 8481 8611
3 8682 8612 8481
3 8549 8682 8481
3 6896 8549 8481
3 7662 7463 6896
3 7093 7662 6896
3 8481 7093 6896
3 11228 11171 11448
3 11503 11228 11448
3 10761 11503 11448
3 10541 10480 10761
3 10692 10541 10761
3 11448 10692 10761
3 11172 11171 11228
3 11229 11172 11228
3 11504 11229 11228
3 11504 11228 11503
3 10762 11504 11503
3 10762 11503 10761
3 10762 10761 10480
3 10481 10762 10480
3 10481 10480 10541
3 10542 10481 10541
3 10693 10542 10541
3 10693 10541 10692
3 10693 10692 11448
3 11449 10693 11448
3 11449 11448 11171
3 11172 11449 11171
3 11229 11172 11449
3 11504 11229 11449
3 10762 11504 11449
3 10542 10481 10762
3 10693 10542 10762
3 11449 10693 10762
3 3500 3638 3707
3 2554 2620 2269
3 2199 2554 2269
3 3403 2199 2269
3 3500 3707 3403
3 2269 3500 3403
3 3639 3638 3500
3 3501 3639 3500
3 2270 3501 3500
3 2270 3500 2269
3 2621 2270 2269
3 2621 2269 2620
3 2555 2621 2620
3 2555 2620 2554
3 2555 2554 2199
3 2200 2555 2199
3 2200 2199 3403
3 3404 2200 3403
3 3708 3404 3403
3 3708 3403 3707
3 3639 3708 3707
3 3639 3707 3638
3 3501 3639 3708
3 2555 2621 2270
3 2200 2555 2270
3 3404 2200 2270
3 3501 3708 3404
3 2270 3501 3404
3 9672 9608 9994
3 10051 9672 9994
3 9931 10051 9994
3 9876 9931 9994
3 9609 9608 9672
3 9673 9609 9672
3 10052 9673 9672
3 10052 9672 10051
3 9932 10052 10051
3 9932 10051 9931
3 9932 9931 9876
3 9877 9932 9876
3 9877 9876 9994
3 9995 9877 9994
3 9995 9994 9608
3 9609 9995 9608
3 9673 9609 9995
3 10052 9673 9995
3 9932 10052 9995
3 9877 9932 9995
3 6567 7177 7288
3 6630 6567 7288
3 7178 7177 6567
3 6568 7178 6567
3 6568 6567 6630
3 6631 6568 6630
3 7289 6631 6630
3 7289 6630 7288
3 7178 7289 7288
3 7178 7288 7177
3 6568 7178 7289
3 6631 6568 7289
3 6526 6218 6043
3 7291 6633 6526
3 6833 7291 6526
3 6043 6833 6526
3 6217 6218 6043
3 6042 6217 6043
3 6042 6043 6833
3 6832 6042 6833
3 7290 6832 6833
3 7290 6833 7291
3 6632 7290 7291
3 6632 7291 6633
3 6632 6633 6526
3 6525 6632 6526
3 6217 6525 6526
3 6217 6526 6218
3 6525 6217 6042
3 7290 6632 6525
3 6832 7290 6525
3 6042 6832 6525
3 7465 6898 8551
3 8684 7465 8551
3 6897 6898 8551
3 8550 6897 8551
3 8683 8550 8551
3 8683 8551 8684
3 7464 8683 8684
3 7464 8684 7465
3 7464 7465 6898
3 6897 7464 6898
3 7464 6897 8550
3 8683 7464 8550
3 11231 10483 10764
3 11506 11231 10764
3 10482 10483 10764
3 10763 10482 10764
3 11505 10763 10764
3 11505 10764 11506
3 11230 11505 11506
3 11230 11506 11231
3 11230 11231 10483
3 10482 11230 10483
3 11230 10482 10763
3 11505 11230 10763
3 2202 2557 3710
3 3406 2202 3710
3 3709 2556 2557
3 3709 2557 3710
3 3405 3709 3710
3 3405 3710 3406
3 3405 3406 2202
3 2201 3405 2202
3 2201 2202 2557
3 2556 2201 2557
3 2201 2556 3709
3 3405 2201 3709
3 8988 8425 8161
3 8832 8988 8161
3 9213 8832 8161
3 9057 9213 8161
3 8424 8425 8161
3 8160 8424 8161
3 8160 8161 9057
3 9056 8160 9057
3 9212 9056 9057
3 9212 9057 9213
3 8831 9212 9213
3 8831 9213 8832
3 8987 8831 8832
3 8987 8832 8988
3 8424 8987 8988
3 8424 8988 8425
3 8987 8424 8160
3 8831 8987 8160
3 9212 8831 8160
3 9056 9212 8160
3 9428 9137 9934
3 9566 9428 9934
3 9675 9566 9934
3 10054 9675 9934
3 9136 9137 9934
3 9933 9136 9934
3 10053 9933 9934
3 10053 9934 10054
3 9674 10053 10054
3 9674 10054 9675
3 9674 9675 9566
3 9565 9674 9566
3 9427 9565 9566
3 9427 9566 9428
3 9427 9428 9137
3 9136 9427 9137
3 9427 9136 9933
3 9565 9427 9933
3 9674 9565 9933
3 10053 9674 9933
3 4499 4270 5357
3 4706 4499 5357
3 4847 4706 5357
3 5635 4847 5357
3 4269 4270 5357
3 5356 4269 5357
3 5634 5356 5357
3 5634 5357 5635
3 4846 5634 5635
3 4846 5635 4847
3 4846 4847 4706
3 4705 4846 4706
3 4498 4705 4706
3 4498 4706 4499
3 4498 4499 4270
3 4269 4498 4270
3 4498 4269 5356
3 4705 4498 5356
3 4846 4705 5356
3 5634 4846 5356
3 4570 4649 4499
3 5635 5425 5281
3 5357 5635 5281
3 4270 5357 5281
3 4570 4499 4270
3 5281 4570 4270
3 4571 4650 4649
3 4571 4649 4570
3 5282 4571 4570
3 5282 4570 5281
3 5282 5281 5425
3 5426 5282 5425
3 5636 5426 5425
3 5636 5425 5635
3 5358 5636 5635
3 5358 5635 5357
3 5358 5357 4270
3 4271 5358 4270
3 4271 4270 4499
3 4500 4271 4499
3 4650 4500 4499
3 4650 4499 4649
3 4571 4650 4500
3 5636 5426 5282
3 5358 5636 5282
3 4271 5358 5282
3 4571 4500 4271
3 5282 4571 4271
3 8321 8929 8988
3 8425 8321 8988
3 8930 8929 8321
3 8322 8930 8321
3 8322 8321 8425
3 8426 8322 8425
3 8989 8426 8425
3 8989 8425 8988
3 8930 8989 8988
3 8930 8988 8929
3 8322 8930 8989
3 8426 8322 8989
3 8684 8613 8482
3 8551 8684 8482
3 6898 8551 8482
3 7663 7465 6898
3 7094 7663 6898
3 8482 7094 6898
3 8685 8614 8613
3 8685 8613 8684
3 8552 8685 8684
3 8552 8684 8551
3 8552 8551 6898
3 6899 8552 6898
3 6899 6898 7465
3 7466 6899 7465
3 7664 7466 7465
3 7664 7465 7663
3 7095 7664 7663
3 7095 7663 7094
3 8483 7095 7094
3 8483 7094 8482
3 8483 8482 8613
3 8614 8483 8613
3 8685 8614 8483
3 8552 8685 8483
3 6899 8552 8483
3 7664 7466 6899
3 7095 7664 6899
3 8483 7095 6899
3 11231 11173 11450
3 11506 11231 11450
3 10764 11506 11450
3 10543 10483 10764
3 10694 10543 10764
3 11450 10694 10764
3 11174 11173 11231
3 11232 11174 11231
3 11507 11232 11231
3 11507 11231 11506
3 10765 11507 11506
3 10765 11506 10764
3 10765 10764 10483
3 10484 10765 10483
3 10484 10483 10543
3 10544 10484 10543
3 10695 10544 10543
3 10695 10543 10694
3 10695 10694 11450
3 11451 10695 11450
3 11451 11450 11173
3 11174 11451 11173
3 11232 11174 11451
3 11507 11232 11451
3 10765 11507 11451
3 10544 10484 10765
3 10695 10544 10765
3 11451 10695 10765
3 3502 3640 3710
3 2557 2622 2271
3 2202 2557 2271
3 3406 2202 2271
3 3502 3710 3406
3 2271 3502 3406
3 3641 3640 3502
3 3503 3641 3502
3 2272 3503 3502
3 2272 3502 2271
3 2623 2272 2271
3 2623 2271 2622
3 2558 2623 2622
3 2558 2622 2557
3 2558 2557 2202
3 2203 2558 2202
3 2203 2202 3406
3 3407 2203 3406
3 3711 3407 3406
3 3711 3406 3710
3 3641 3711 3710
3 3641 3710 3640
3 3503 3641 3711
3 2558 2623 2272
3 2203 2558 2272
3 3407 2203 2272
3 3503 3711 3407
3 2272 3503 3407
3 9675 9610 9996
3 10054 9675 9996
3 9934 10054 9996
3 9878 9934 9996
3 9611 9610 9675
3 9676 9611 9675
3 10055 9676 9675
3 10055 9675 10054
3 9935 10055 10054
3 9935 10054 9934
3 9935 9934 9878
3 9879 9935 9878
3 9879 9878 9996
3 9997 9879 9996
3 9997 9996 9610
3 9611 9997 9610
3 9676 9611 9997
3 10055 9676 9997
3 9935 10055 9997
3 9879 9935 9997
3 6569 7179 7291
3 6633 6569 7291
3 7180 7179 6569
3 6570 7180 6569
3 6570 6569 6633
3 6634 6570 6633
3 7292 6634 6633
3 7292 6633 7291
3 7180 7292 7291
3 7180 7291 7179
3 6570 7180 7292
3 6634 6570 7292
3 6528 6220 6045
3 7294 6636 6528
3 6835 7294 6528
3 6045 6835 6528
3 6219 6220 6045
3 6044 6219 6045
3 6044 6045 6835
3 6834 6044 6835
3 7293 6834 6835
3 7293 6835 7294
3 6635 7293 7294
3 6635 7294 6636
3 6635 6636 6528
3 6527 6635 6528
3 6219 6527 6528
3 6219 6528 6220
3 6527 6219 6044
3 7293 6635 6527
3 6834 7293 6527
3 6044 6834 6527
3 7468 6901 8554
3 8687 7468 8554
3 6900 6901 8554
3 8553 6900 8554
3 8686 8553 8554
3 8686 8554 8687
3 7467 8686 8687
3 7467 8687 7468
3 7467 7468 6901
3 6900 7467 6901
3 7467 6900 8553
3 8686 7467 8553
3 11234 10486 10767
3 11509 11234 10767
3 10485 10486 10767
3 10766 10485 10767
3 11508 10766 10767
3 11508 10767 11509
3 11233 11508 11509
3 11233 11509 11234
3 11233 11234 10486
3 10485 11233 10486
3 11233 10485 10766
3 11508 11233 10766
3 2205 2560 3713
3 3409 2205 3713
3 3712 2559 2560
3 3712 2560 3713
3 3408 3712 3713
3 3408 3713 3409
3 3408 3409 2205
3 2204 3408 2205
3 2204 2205 2560
3 2559 2204 2560
3 2204 2559 3712
3 3408 2204 3712
3 8991 8428 8163
3 8834 8991 8163
3 9215 8834 8163
3 9059 9215 8163
3 8427 8428 8163
3 8162 8427 8163
3 8162 8163 9059
3 9058 8162 9059
3 9214 9058 9059
3 9214 9059 9215
3 8833 9214 9215
3 8833 9215 8834
3 8990 8833 8834
3 8990 8834 8991
3 8427 8990 8991
3 8427 8991 8428
3 8990 8427 8162
3 8833 8990 8162
3 9214 8833 8162
3 9058 9214 8162
3 9430 9139 9937
3 9568 9430 9937
3 9678 9568 9937
3 10057 9678 9937
3 9138 9139 9937
3 9936 9138 9937
3 10056 9936 9937
3 10056 9937 10057
3 9677 10056 10057
3 9677 10057 9678
3 9677 9678 9568
3 9567 9677 9568
3 9429 9567 9568
3 9429 9568 9430
3 9429 9430 9139
3 9138 9429 9139
3 9429 9138 9936
3 9567 9429 9936
3 9677 9567 9936
3 10056 9677 9936
3 4502 4273 5360
3 4708 4502 5360
3 4849 4708 5360
3 5638 4849 5360
3 4272 4273 5360
3 5359 4272 5360
3 5637 5359 5360
3 5637 5360 5638
3 4848 5637 5638
3 4848 5638 4849
3 4848 4849 4708
3 4707 4848 4708
3 4501 4707 4708
3 4501 4708 4502
3 4501 4502 4273
3 4272 4501 4273
3 4501 4272 5359
3 4707 4501 5359
3 4848 4707 5359
3 5637 4848 5359
3 4572 4651 4502
3 5638 5427 5283
3 5360 5638 5283
3 4273 5360 5283
3 4572 4502 4273
3 5283 4572 4273
3 4573 4652 4651
3 4573 4651 4572
3 5284 4573 4572
3 5284 4572 5283
3 5284 5283 5427
3 5428 5284 5427
3 5639 5428 5427
3 5639 5427 5638
3 5361 5639 5638
3 5361 5638 5360
3 5361 5360 4273
3 4274 5361 4273
3 4274 4273 4502
3 4503 4274 4502
3 4652 4503 4502
3 4652 4502 4651
3 4573 4652 4503
3 5639 5428 5284
3 5361 5639 5284
3 4274 5361 5284
3 4573 4503 4274
3 5284 4573 4274
3 8323 8931 8991
3 8428 8323 8991
3 8932 8931 8323
3 8324 8932 8323
3 8324 8323 8428
3 8429 8324 8428
3 8992 8429 8428
3 8992 8428 8991
3 8932 8992 8991
3 8932 8991 8931
3 8324 8932 8992
3 8429 8324 8992
3 8687 8615 8484
3 8554 8687 8484
3 6901 8554 8484
3 7665 7468 6901
3 7096 7665 6901
3 8484 7096 6901
3 8688 8616 8615
3 8688 8615 8687
3 8555 8688 8687
3 8555 8687 8554
3 8555 8554 6901
3 6902 8555 6901
3 6902 6901 7468
3 7469 6902 7468
3 7666 7469 7468
3 7666 7468 7665
3 7097 7666 7665
3 7097 7665 7096
3 8485 7097 7096
3 8485 7096 8484
3 8485 8484 8615
3 8616 8485 8615
3 8688 8616 8485
3 8555 8688 8485
3 6902 8555 8485
3 7666 7469 6902
3 7097 7666 6902
3 8485 7097 6902
3 11234 11175 11452
3 11509 11234 11452
3 10767 11509 11452
3 10545 10486 10767
3 10696 10545 10767
3 11452 10696 10767
3 11176 11175 11234
3 11235 11176 11234
3 11510 11235 11234
3 11510 11234 11509
3 10768 11510 11509
3 10768 11509 10767
3 10768 10767 10486
3 10487 10768 10486
3 10487 10486 10545
3 10546 10487 10545
3 10697 10546 10545
3 10697 10545 10696
3 10697 10696 11452
3 11453 10697 11452
3 11453 11452 11175
3 11176 11453 11175
3 11235 11176 11453
3 11510 11235 11453
3 10768 11510 11453
3 10546 10487 10768
3 10697 10546 10768
3 11453 10697 10768
3 3504 3642 3713
3 2560 2624 2273
3 2205 2560 2273
3 3409 2205 2273
3 3504 3713 3409
3 2273 3504 3409
3 3643 3642 3504
3 3505 3643 3504
3 2274 3505 3504
3 2274 3504 2273
3 2625 2274 2273
3 2625 2273 2624
3 2561 2625 2624
3 2561 2624 2560
3 2561 2560 2205
3 2206 2561 2205
3 2206 2205 3409
3 3410 2206 3409
3 3714 3410 3409
3 3714 3409 3713
3 3643 3714 3713
3 3643 3713 3642
3 3505 3643 3714
3 2561 2625 2274
3 2206 2561 2274
3 3410 2206 2274
3 3505 3714 3410
3 2274 3505 3410
3 9678 9612 9998
3 10057 9678 9998
3 9937 10057 9998
3 9880 9937 9998
3 9613 9612 9678
3 9679 9613 9678
3 10058 9679 9678
3 10058 9678 10057
3 9938 10058 10057
3 9938 10057 9937
3 9938 9937 9880
3 9881 9938 9880
3 9881 9880 9998
3 9999 9881 9998
3 9999 9998 9612
3 9613 9999 9612
3 9679 9613 9999
3 10058 9679 9999
3 9938 10058 9999
3 9881 9938 9999
3 6571 7181 7294
3 6636 6571 7294
3 7182 7181 6571
3 6572 7182 6571
3 6572 6571 6636
3 6637 6572 6636
3 7295 6637 6636
3 7295 6636 7294
3 7182 7295 7294
3 7182 7294 7181
3 6572 7182 7295
3 6637 6572 7295
3 10949 11001 11392
3 3332 3271 4344
3 2963 2903 2370
3 4116 4177 3968
3 4116 3968 3906
3 4927 4116 3906
3 6271 4987 4927
3 6240 6271 4927
3 6076 6325 6240
3 11284 11336 8168
3 10949 11392 11284
3 10837 10949 11284
3 10411 10889 10837
3 10349 10411 10837
3 10141 10297 10349
3 10203 10141 10349
3 9835 10203 10349
3 9283 9773 9835
3 9357 9283 9835
3 8884 9357 9835
3 7975 8775 8884
3 8035 7975 8884
3 7538 7843 7903
3 7604 7538 7903
3 6691 6971 7037
3 6757 6691 7037
3 5716 6397 6463
3 5784 5716 6463
3 5558 5784 6463
3 4854 5490 5558
3 4422 4762 4854
3 3332 4344 4422
3 2845 3332 4422
3 2430 2787 2845
3 2488 2430 2845
3 2963 2370 2488
3 3083 2963 2488
3 3812 3025 3083
3 3906 3812 3083
3 4927 3906 3083
3 6240 4927 3083
3 6076 6240 3083
3 8168 6076 3083
3 11284 8168 3083
3 10837 11284 3083
3 10349 10837 3083
3 9835 10349 3083
3 8884 9835 3083
3 8035 8884 3083
3 7903 8035 3083
3 7604 7903 3083
3 7037 7604 3083
3 6757 7037 3083
3 6463 6757 3083
3 5558 6463 3083
3 4854 5558 3083
3 4422 4854 3083
3 2845 4422 3083
3 2488 2845 3083
3 6075 8167 8168
3 6075 8168 6076
3 6324 6075 6076
3 6324 6076 6325
3 6239 6324 6325
3 6239 6325 6240
3 6270 6239 6240
3 6270 6240 6271
3 4986 6270 6271
3 4986 6271 4987
3 4986 4987 4927
3 4926 4986 4927
3 4115 4926 4927
3 4115 4927 4116
3 4176 4115 4116
3 4176 4116 4177
3 3967 4176 4177
3 3967 4177 3968
3 3967 3968 3906
3 3905 3967 3906
3 3811 3905 3906
3 3811 3906 3812
3 3811 3812 3025
3 3024 3811 3025
3 3024 3025 3083
3 3082 3024 3083
3 3082 3083 2963
3 2962 3082 2963
3 2902 2962 2963
3 2902 2963 2903
3 2902 2903 2370
3 2369 2902 2370
3 2369 2370 2488
3 2487 2369 2488
3 2487 2488 2430
3 2429 2487 2430
3 2429 2430 2787
3 2786 2429 2787
3 2844 2786 2787
3 2844 2787 2845
3 2844 2845 3332
3 3331 2844 3332
3 3331 3332 3271
3 3270 3331 3271
3 3270 3271 4344
3 4343 3270 4344
3 4421 4343 4344
3 4421 4344 4422
3 4421 4422 4762
3 4761 4421 4762
3 4853 4761 4762
3 4853 4762 4854
3 4853 4854 5490
3 5489 4853 5490
3 5557 5489 5490
3 5557 5490 5558
3 5557 5558 5784
3 5783 5557 5784
3 5783 5784 5716
3 5715 5783 5716
3 5715 5716 6397
3 6396 5715 6397
3 6462 6396 6397
3 6462 6397 6463
3 6462 6463 6757
3 6756 6462 6757
3 6756 6757 6691
3 6690 6756 6691
3 6690 6691 6971
3 6970 6690 6971
3 7036 6970 6971
3 7036 6971 7037
3 7036 7037 7604
3 7603 7036 7604
3 7603 7604 7538
3 7537 7603 7538
3 7537 7538 7843
3 7842 7537 7843
3 7902 7842 7843
3 7902 7843 7903
3 7902 7903 8035
3 8034 7902 8035
3 8034 8035 7975
3 7974 8034 7975
3 7974 7975 8775
3 8774 7974 8775
3 8883 8774 8775
3 8883 8775 8884
3 8883 8884 9357
3 9356 8883 9357
3 9356 9357 9283
3 9282 9356 9283
3 9282 9283 9773
3 9772 9282 9773
3 9834 9772 9773
3 9834 9773 9835
3 9834 9835 10203
3 10202 9834 10203
3 10202 10203 10141
3 10140 10202 10141
3 10140 10141 10297
3 10296 10140 10297
3 10348 10296 10297
3 10348 10297 10349
3 10348 10349 10411
3 10410 10348 10411
3 10888 10410 10411
3 10888 10411 10889
3 10836 10888 10889
3 10836 10889 10837
3 10948 10836 10837
3 10948 10837 10949
3 10948 10949 11001
3 11000 10948 11001
3 11391 11000 11001
3 11391 11001 11392
3 11283 11391 11392
3 11283 11392 11284
3 11335 11283 11284
3 11335 11284 11336
3 8167 11335 11336
3 8167 11336 8168
3 10948 11000 11391
3 3331 3270 4343
3 2962 2902 2369
3 4115 4176 3967
3 4115 3967 3905
3 4926 4115 3905
3 6270 4986 4926
3 6239 6270 4926
3 6075 6324 6239
3 11283 11335 8167
3 10948 11391 11283
3 10836 10948 11283
3 10410 10888 10836
3 10348 10410 10836
3 10140 10296 10348
3 10202 10140 10348
3 9834 10202 10348
3 9282 9772 9834
3 9356 9282 9834
3 8883 9356 9834
3 7974 8774 8883
3 8034 7974 8883
3 7537 7842 7902
3 7603 7537 7902
3 6690 6970 7036
3 6756 6690 7036
3 5715 6396 6462
3 5783 5715 6462
3 5557 5783 6462
3 4853 5489 5557
3 4421 4761 4853
3 3331 4343 4421
3 2844 3331 4421
3 2429 2786 2844
3 2487 2429 2844
3 2962 2369 2487
3 3082 2962 2487
3 3811 3024 3082
3 3905 3811 3082
3 4926 3905 3082
3 6239 4926 3082
3 6075 6239 3082
3 8167 6075 3082
3 11283 8167 3082
3 10836 11283 3082
3 10348 10836 3082
3 9834 10348 3082
3 8883 9834 3082
3 8034 8883 3082
3 7902 8034 3082
3 7603 7902 3082
3 7036 7603 3082
3 6756 7036 3082
3 6462 6756 3082
3 5557 6462 3082
3 4853 5557 3082
3 4421 4853 3082
3 2844 4421 3082
3 2487 2844 3082
3 10951 11003 11394
3 3334 3273 4346
3 2965 2905 2372
3 4118 4179 3970
3 4118 3970 3908
3 4929 4118 3908
3 6273 4989 4929
3 6242 6273 4929
3 6078 6327 6242
3 11286 11338 8170
3 10951 11394 11286
3 10839 10951 11286
3 10413 10891 10839
3 10351 10413 10839
3 10143 10299 10351
3 10205 10143 10351
3 9837 10205 10351
3 9285 9775 9837
3 9359 9285 9837
3 8886 9359 9837
3 7977 8777 8886
3 8037 7977 8886
3 7540 7845 7905
3 7606 7540 7905
3 6693 6973 7039
3 6759 6693 7039
3 5718 6399 6465
3 5786 5718 6465
3 5560 5786 6465
3 4856 5492 5560
3 4424 4764 4856
3 3334 4346 4424
3 2847 3334 4424
3 2432 2789 2847
3 2490 2432 2847
3 2965 2372 2490
3 3085 2965 2490
3 3814 3027 3085
3 3908 3814 3085
3 4929 3908 3085
3 6242 4929 3085
3 6078 6242 3085
3 8170 6078 3085
3 11286 8170 3085
3 10839 11286 3085
3 10351 10839 3085
3 9837 10351 3085
3 8886 9837 3085
3 8037 8886 3085
3 7905 8037 3085
3 7606 7905 3085
3 7039 7606 3085
3 6759 7039 3085
3 6465 6759 3085
3 5560 6465 3085
3 4856 5560 3085
3 4424 4856 3085
3 2847 4424 3085
3 2490 2847 3085
3 6077 8169 8170
3 6077 8170 6078
3 6326 6077 6078
3 6326 6078 6327
3 6241 6326 6327
3 6241 6327 6242
3 6272 6241 6242
3 6272 6242 6273
3 4988 6272 6273
3 4988 6273 4989
3 4988 4989 4929
3 4928 4988 4929
3 4117 4928 4929
3 4117 4929 4118
3 4178 4117 4118
3 4178 4118 4179
3 3969 4178 4179
3 3969 4179 3970
3 3969 3970 3908
3 3907 3969 3908
3 3813 3907 3908
3 3813 3908 3814
3 3813 3814 3027
3 3026 3813 3027
3 3026 3027 3085
3 3084 3026 3085
3 3084 3085 2965
3 2964 3084 2965
3 2904 2964 2965
3 2904 2965 2905
3 2904 2905 2372
3 2371 2904 2372
3 2371 2372 2490
3 2489 2371 2490
3 2489 2490 2432
3 2431 2489 2432
3 2431 2432 2789
3 2788 2431 2789
3 2846 2788 2789
3 2846 2789 2847
3 2846 2847 3334
3 3333 2846 3334
3 3333 3334 3273
3 3272 3333 3273
3 3272 3273 4346
3 4345 3272 4346
3 4423 4345 4346
3 4423 4346 4424
3 4423 4424 4764
3 4763 4423 4764
3 4855 4763 4764
3 4855 4764 4856
3 4855 4856 5492
3 5491 4855 5492
3 5559 5491 5492
3 5559 5492 5560
3 5559 5560 5786
3 5785 5559 5786
3 5785 5786 5718
3 5717 5785 5718
3 5717 5718 6399
3 6398 5717 6399
3 6464 6398 6399
3 6464 6399 6465
3 6464 6465 6759
3 6758 6464 6759
3 6758 6759 6693
3 6692 6758 6693
3 6692 6693 6973
3 6972 6692 6973
3 7038 6972 6973
3 7038 6973 7039
3 7038 7039 7606
3 7605 7038 7606
3 7605 7606 7540
3 7539 7605 7540
3 7539 7540 7845
3 7844 7539 7845
3 7904 7844 7845
3 7904 7845 7905
3 7904 7905 8037
3 8036 7904 8037
3 8036 8037 7977
3 7976 8036 7977
3 7976 7977 8777
3 8776 7976 8777
3 8885 8776 8777
3 8885 8777 8886
3 8885 8886 9359
3 9358 8885 9359
3 9358 9359 9285
3 9284 9358 9285
3 9284 9285 9775
3 9774 9284 9775
3 9836 9774 9775
3 9836 9775 9837
3 9836 9837 10205
3 10204 9836 10205
3 10204 10205 10143
3 10142 10204 10143
3 10142 10143 10299
3 10298 10142 10299
3 10350 10298 10299
3 10350 10299 10351
3 10350 10351 10413
3 10412 10350 10413
3 10890 10412 10413
3 10890 10413 10891
3 10838 10890 10891
3 10838 10891 10839
3 10950 10838 10839
3 10950 10839 10951
3 10950 10951 11003
3 11002 10950 11003
3 11393 11002 11003
3 11393 11003 11394
3 11285 11393 11394
3 11285 11394 11286
3 11337 11285 11286
3 11337 11286 11338
3 8169 11337 11338
3 8169 11338 8170
3 10950 11002 11393
3 3333 3272 4345
3 2964 2904 2371
3 4117 4178 3969
3 4117 3969 3907
3 4928 4117 3907
3 6272 4988 4928
3 6241 6272 4928
3 6077 6326 6241
3 11285 11337 8169
3 10950 11393 11285
3 10838 10950 11285
3 10412 10890 10838
3 10350 10412 10838
3 10142 10298 10350
3 10204 10142 10350
3 9836 10204 10350
3 9284 9774 9836
3 9358 9284 9836
3 8885 9358 9836
3 7976 8776 8885
3 8036 7976 8885
3 7539 7844 7904
3 7605 7539 7904
3 6692 6972 7038
3 6758 6692 7038
3 5717 6398 6464
3 5785 5717 6464
3 5559 5785 6464
3 4855 5491 5559
3 4423 4763 4855
3 3333 4345 4423
3 2846 3333 4423
3 2431 2788 2846
3 2489 2431 2846
3 2964 2371 2489
3 3084 2964 2489
3 3813 3026 3084
3 3907 3813 3084
3 4928 3907 3084
3 6241 4928 3084
3 6077 6241 3084
3 8169 6077 3084
3 11285 8169 3084
3 10838 11285 3084
3 10350 10838 3084
3 9836 10350 3084
3 8885 9836 3084
3 8036 8885 3084
3 7904 8036 3084
3 7605 7904 3084
3 7038 7605 3084
3 6758 7038 3084
3 6464 6758 3084
3 5559 6464 3084
3 4855 5559 3084
3 4423 4855 3084
3 2846 4423 3084
3 2489 2846 3084
3 10953 11005 11396
3 3336 3275 4348
3 2967 2907 2374
3 4120 4181 3972
3 4120 3972 3910
3 4931 4120 3910
3 6275 4991 4931
3 6244 6275 4931
3 6080 6329 6244
3 11288 11340 8172
3 10953 11396 11288
3 10841 10953 11288
3 10415 10893 10841
3 10353 10415 10841
3 10145 10301 10353
3 10207 10145 10353
3 9839 10207 10353
3 9287 9777 9839
3 9361 9287 9839
3 8888 9361 9839
3 7979 8779 8888
3 8039 7979 8888
3 7542 7847 7907
3 7608 7542 7907
3 6695 6975 7041
3 6761 6695 7041
3 5720 6401 6467
3 5788 5720 6467
3 5562 5788 6467
3 4858 5494 5562
3 4426 4766 4858
3 3336 4348 4426
3 2849 3336 4426
3 2434 2791 2849
3 2492 2434 2849
3 2967 2374 2492
3 3087 2967 2492
3 3816 3029 3087
3 3910 3816 3087
3 4931 3910 3087
3 6244 4931 3087
3 6080 6244 3087
3 8172 6080 3087
3 11288 8172 3087
3 10841 11288 3087
3 10353 10841 3087
3 9839 10353 3087
3 8888 9839 3087
3 8039 8888 3087
3 7907 8039 3087
3 7608 7907 3087
3 7041 7608 3087
3 6761 7041 3087
3 6467 6761 3087
3 5562 6467 3087
3 4858 5562 3087
3 4426 4858 3087
3 2849 4426 3087
3 2492 2849 3087
3 6079 8171 8172
3 6079 8172 6080
3 6328 6079 6080
3 6328 6080 6329
3 6243 6328 6329
3 6243 6329 6244
3 6274 6243 6244
3 6274 6244 6275
3 4990 6274 6275
3 4990 6275 4991
3 4990 4991 4931
3 4930 4990 4931
3 4119 4930 4931
3 4119 4931 4120
3 4180 4119 4120
3 4180 4120 4181
3 3971 4180 4181
3 3971 4181 3972
3 3971 3972 3910
3 3909 3971 3910
3 3815 3909 3910
3 3815 3910 3816
3 3815 3816 3029
3 3028 3815 3029
3 3028 3029 3087
3 3086 3028 3087
3 3086 3087 2967
3 2966 3086 2967
3 2906 2966 2967
3 2906 2967 2907
3 2906 2907 2374
3 2373 2906 2374
3 2373 2374 2492
3 2491 2373 2492
3 2491 2492 2434
3 2433 2491 2434
3 2433 2434 2791
3 2790 2433 2791
3 2848 2790 2791
3 2848 2791 2849
3 2848 2849 3336
3 3335 2848 3336
3 3335 3336 3275
3 3274 3335 3275
3 3274 3275 4348
3 4347 3274 4348
3 4425 4347 4348
3 4425 4348 4426
3 4425 4426 4766
3 4765 4425 4766
3 4857 4765 4766
3 4857 4766 4858
3 4857 4858 5494
3 5493 4857 5494
3 5561 5493 5494
3 5561 5494 5562
3 5561 5562 5788
3 5787 5561 5788
3 5787 5788 5720
3 5719 5787 5720
3 5719 5720 6401
3 6400 5719 6401
3 6466 6400 6401
3 6466 6401 6467
3 6466 6467 6761
3 6760 6466 6761
3 6760 6761 6695
3 6694 6760 6695
3 6694 6695 6975
3 6974 6694 6975
3 7040 6974 6975
3 7040 6975 7041
3 7040 7041 7608
3 7607 7040 7608
3 7607 7608 7542
3 7541 7607 7542
3 7541 7542 7847
3 7846 7541 7847
3 7906 7846 7847
3 7906 7847 7907
3 7906 7907 8039
3 8038 7906 8039
3 8038 8039 7979
3 7978 8038 7979
3 7978 7979 8779
3 8778 7978 8779
3 8887 8778 8779
3 8887 8779 8888
3 8887 8888 9361
3 9360 8887 9361
3 9360 9361 9287
3 9286 9360 9287
3 9286 9287 9777
3 9776 9286 9777
3 9838 9776 9777
3 9838 9777 9839
3 9838 9839 10207
3 10206 9838 10207
3 10206 10207 10145
3 10144 10206 10145
3 10144 10145 10301
3 10300 10144 10301
3 10352 10300 10301
3 10352 10301 10353
3 10352 10353 10415
3 10414 10352 10415
3 10892 10414 10415
3 10892 10415 10893
3 10840 10892 10893
3 10840 10893 10841
3 10952 10840 10841
3 10952 10841 10953
3 10952 10953 11005
3 11004 10952 11005
3 11395 11004 11005
3 11395 11005 11396
3 11287 11395 11396
3 11287 11396 11288
3 11339 11287 11288
3 11339 11288 11340
3 8171 11339 11340
3 8171 11340 8172
3 10952 11004 11395
3 3335 3274 4347
3 2966 2906 2373
3 4119 4180 3971
3 4119 3971 3909
3 4930 4119 3909
3 6274 4990 4930
3 6243 6274 4930
3 6079 6328 6243
3 11287 11339 8171
3 10952 11395 11287
3 10840 10952 11287
3 10414 10892 10840
3 10352 10414 10840
3 10144 10300 10352
3 10206 10144 10352
3 9838 10206 10352
3 9286 9776 9838
3 9360 9286 9838
3 8887 9360 9838
3 7978 8778 8887
3 8038 7978 8887
3 7541 7846 7906
3 7607 7541 7906
3 6694 6974 7040
3 6760 6694 7040
3 5719 6400 6466
3 5787 5719 6466
3 5561 5787 6466
3 4857 5493 5561
3 4425 4765 4857
3 3335 4347 4425
3 2848 3335 4425
3 2433 2790 2848
3 2491 2433 2848
3 2966 2373 2491
3 3086 2966 2491
3 3815 3028 3086
3 3909 3815 3086
3 4930 3909 3086
3 6243 4930 3086
3 6079 6243 3086
3 8171 6079 3086
3 11287 8171 3086
3 10840 11287 3086
3 10352 10840 3086
3 9838 10352 3086
3 8887 9838 3086
3 8038 8887 3086
3 7906 8038 3086
3 7607 7906 3086
3 7040 7607 3086
3 6760 7040 3086
3 6466 6760 3086
3 5561 6466 3086
3 4857 5561 3086
3 4425 4857 3086
3 2848 4425 3086
3 2491 2848 3086
3 10955 11007 11398
3 3338 3277 4350
3 2969 2909 2376
3 4122 4183 3974
3 4122 3974 3912
3 4933 4122 3912
3 6277 4993 4933
3 6246 6277 4933
3 6082 6331 6246
3 11290 11342 8174
3 10955 11398 11290
3 10843 10955 11290
3 10417 10895 10843
3 10355 10417 10843
3 10147 10303 10355
3 10209 10147 10355
3 9841 10209 10355
3 9289 9779 9841
3 9363 9289 9841
3 8890 9363 9841
3 7981 8781 8890
3 8041 7981 8890
3 7544 7849 7909
3 7610 7544 7909
3 6697 6977 7043
3 6763 6697 7043
3 5722 6403 6469
3 5790 5722 6469
3 5564 5790 6469
3 4860 5496 5564
3 4428 4768 4860
3 3338 4350 4428
3 2851 3338 4428
3 2436 2793 2851
3 2494 2436 2851
3 2969 2376 2494
3 3089 2969 2494
3 3818 3031 3089
3 3912 3818 3089
3 4933 3912 3089
3 6246 4933 3089
3 6082 6246 3089
3 8174 6082 3089
3 11290 8174 3089
3 10843 11290 3089
3 10355 10843 3089
3 9841 10355 3089
3 8890 9841 3089
3 8041 8890 3089
3 7909 8041 3089
3 7610 7909 3089
3 7043 7610 3089
3 6763 7043 3089
3 6469 6763 3089
3 5564 6469 3089
3 4860 5564 3089
3 4428 4860 3089
3 2851 4428 3089
3 2494 2851 3089
3 6081 8173 8174
3 6081 8174 6082
3 6330 6081 6082
3 6330 6082 6331
3 6245 6330 6331
3 6245 6331 6246
3 6276 6245 6246
3 6276 6246 6277
3 4992 6276 6277
3 4992 6277 4993
3 4992 4993 4933
3 4932 4992 4933
3 4121 4932 4933
3 4121 4933 4122
3 4182 4121 4122
3 4182 4122 4183
3 3973 4182 4183
3 3973 4183 3974
3 3973 3974 3912
3 3911 3973 3912
3 3817 3911 3912
3 3817 3912 3818
3 3817 3818 3031
3 3030 3817 3031
3 3030 3031 3089
3 3088 3030 3089
3 3088 3089 2969
3 2968 3088 2969
3 2908 2968 2969
3 2908 2969 2909
3 2908 2909 2376
3 2375 2908 2376
3 2375 2376 2494
3 2493 2375 2494
3 2493 2494 2436
3 2435 2493 2436
3 2435 2436 2793
3 2792 2435 2793
3 2850 2792 2793
3 2850 2793 2851
3 2850 2851 3338
3 3337 2850 3338
3 3337 3338 3277
3 3276 3337 3277
3 3276 3277 4350
3 4349 3276 4350
3 4427 4349 4350
3 4427 4350 4428
3 4427 4428 4768
3 4767 4427 4768
3 4859 4767 4768
3 4859 4768 4860
3 4859 4860 5496
3 5495 4859 5496
3 5563 5495 5496
3 5563 5496 5564
3 5563 5564 5790
3 5789 5563 5790
3 5789 5790 5722
3 5721 5789 5722
3 5721 5722 6403
3 6402 5721 6403
3 6468 6402 6403
3 6468 6403 6469
3 6468 6469 6763
3 6762 6468 6763
3 6762 6763 6697
3 6696 6762 6697
3 6696 6697 6977
3 6976 6696 6977
3 7042 6976 6977
3 7042 6977 7043
3 7042 7043 7610
3 7609 7042 7610
3 7609 7610 7544
3 7543 7609 7544
3 7543 7544 7849
3 7848 7543 7849
3 7908 7848 7849
3 7908 7849 7909
3 7908 7909 8041
3 8040 7908 8041
3 8040 8041 7981
3 7980 8040 7981
3 7980 7981 8781
3 8780 7980 8781
3 8889 8780 8781
3 8889 8781 8890
3 8889 8890 9363
3 9362 8889 9363
3 9362 9363 9289
3 9288 9362 9289
3 9288 9289 9779
3 9778 9288 9779
3 9840 9778 9779
3 9840 9779 9841
3 9840 9841 10209
3 10208 9840 10209
3 10208 10209 10147
3 10146 10208 10147
3 10146 10147 10303
3 10302 10146 10303
3 10354 10302 10303
3 10354 10303 10355
3 10354 10355 10417
3 10416 10354 10417
3 10894 10416 10417
3 10894 10417 10895
3 10842 10894 10895
3 10842 10895 10843
3 10954 10842 10843
3 10954 10843 10955
3 10954 10955 11007
3 11006 10954 11007
3 11397 11006 11007
3 11397 11007 11398
3 11289 11397 11398
3 11289 11398 11290
3 11341 11289 11290
3 11341 11290 11342
3 8173 11341 11342
3 8173 11342 8174
3 10954 11006 11397
3 3337 3276 4349
3 2968 2908 2375
3 4121 4182 3973
3 4121 3973 3911
3 4932 4121 3911
3 6276 4992 4932
3 6245 6276 4932
3 6081 6330 6245
3 11289 11341 8173
3 10954 11397 11289
3 10842 10954 11289
3 10416 10894 10842
3 10354 10416 10842
3 10146 10302 10354
3 10208 10146 10354
3 9840 10208 10354
3 9288 9778 9840
3 9362 9288 9840
3 8889 9362 9840
3 7980 8780 8889
3 8040 7980 8889
3 7543 7848 7908
3 7609 7543 7908
3 6696 6976 7042
3 6762 6696 7042
3 5721 6402 6468
3 5789 5721 6468
3 5563 5789 6468
3 4859 5495 5563
3 4427 4767 4859
3 3337 4349 4427
3 2850 3337 4427
3 2435 2792 2850
3 2493 2435 2850
3 2968 2375 2493
3 3088 2968 2493
3 3817 3030 3088
3 3911 3817 3088
3 4932 3911 3088
3 6245 4932 3088
3 6081 6245 3088
3 8173 6081 3088
3 11289 8173 3088
3 10842 11289 3088
3 10354 10842 3088
3 9840 10354 3088
3 8889 9840 3088
3 8040 8889 3088
3 7908 8040 3088
3 7609 7908 3088
3 7042 7609 3088
3 6762 7042 3088
3 6468 6762 3088
3 5563 6468 3088
3 4859 5563 3088
3 4427 4859 3088
3 2850 4427 3088
3 2493 2850 3088
3 10957 11009 11400
3 3340 3279 4352
3 2971 2911 2378
3 4124 4185 3976
3 4124 3976 3914
3 4935 4124 3914
3 6279 4995 4935
3 6248 6279 4935
3 6084 6333 6248
3 11292 11344 8176
3 10957 11400 11292
3 10845 10957 11292
3 10419 10897 10845
3 10357 10419 10845
3 10149 10305 10357
3 10211 10149 10357
3 9843 10211 10357
3 9291 9781 9843
3 9365 9291 9843
3 8892 9365 9843
3 7983 8783 8892
3 8043 7983 8892
3 7546 7851 7911
3 7612 7546 7911
3 6699 6979 7045
3 6765 6699 7045
3 5724 6405 6471
3 5792 5724 6471
3 5566 5792 6471
3 4862 5498 5566
3 4430 4770 4862
3 3340 4352 4430
3 2853 3340 4430
3 2438 2795 2853
3 2496 2438 2853
3 2971 2378 2496
3 3091 2971 2496
3 3820 3033 3091
3 3914 3820 3091
3 4935 3914 3091
3 6248 4935 3091
3 6084 6248 3091
3 8176 6084 3091
3 11292 8176 3091
3 10845 11292 3091
3 10357 10845 3091
3 9843 10357 3091
3 8892 9843 3091
3 8043 8892 3091
3 7911 8043 3091
3 7612 7911 3091
3 7045 7612 3091
3 6765 7045 3091
3 6471 6765 3091
3 5566 6471 3091
3 4862 5566 3091
3 4430 4862 3091
3 2853 4430 3091
3 2496 2853 3091
3 6083 8175 8176
3 6083 8176 6084
3 6332 6083 6084
3 6332 6084 6333
3 6247 6332 6333
3 6247 6333 6248
3 6278 6247 6248
3 6278 6248 6279
3 4994 6278 6279
3 4994 6279 4995
3 4994 4995 4935
3 4934 4994 4935
3 4123 4934 4935
3 4123 4935 4124
3 4184 4123 4124
3 4184 4124 4185
3 3975 4184 4185
3 3975 4185 3976
3 3975 3976 3914
3 3913 3975 3914
3 3819 3913 3914
3 3819 3914 3820
3 3819 3820 3033
3 3032 3819 3033
3 3032 3033 3091
3 3090 3032 3091
3 3090 3091 2971
3 2970 3090 2971
3 2910 2970 2971
3 2910 2971 2911
3 2910 2911 2378
3 2377 2910 2378
3 2377 2378 2496
3 2495 2377 2496
3 2495 2496 2438
3 2437 2495 2438
3 2437 2438 2795
3 2794 2437 2795
3 2852 2794 2795
3 2852 2795 2853
3 2852 2853 3340
3 3339 2852 3340
3 3339 3340 3279
3 3278 3339 3279
3 3278 3279 4352
3 4351 3278 4352
3 4429 4351 4352
3 4429 4352 4430
3 4429 4430 4770
3 4769 4429 4770
3 4861 4769 4770
3 4861 4770 4862
3 4861 4862 5498
3 5497 4861 5498
3 5565 5497 5498
3 5565 5498 5566
3 5565 5566 5792
3 5791 5565 5792
3 5791 5792 5724
3 5723 5791 5724
3 5723 5724 6405
3 6404 5723 6405
3 6470 6404 6405
3 6470 6405 6471
3 6470 6471 6765
3 6764 6470 6765
3 6764 6765 6699
3 6698 6764 6699
3 6698 6699 6979
3 6978 6698 6979
3 7044 6978 6979
3 7044 6979 7045
3 7044 7045 7612
3 7611 7044 7612
3 7611 7612 7546
3 7545 7611 7546
3 7545 7546 7851
3 7850 7545 7851
3 7910 7850 7851
3 7910 7851 7911
3 7910 7911 8043
3 8042 7910 8043
3 8042 8043 7983
3 7982 8042 7983
3 7982 7983 8783
3 8782 7982 8783
3 8891 8782 8783
3 8891 8783 8892
3 8891 8892 9365
3 9364 8891 9365
3 9364 9365 9291
3 9290 9364 9291
3 9290 9291 9781
3 9780 9290 9781
3 9842 9780 9781
3 9842 9781 9843
3 9842 9843 10211
3 10210 9842 10211
3 10210 10211 10149
3 10148 10210 10149
3 10148 10149 10305
3 10304 10148 10305
3 10356 10304 10305
3 10356 10305 10357
3 10356 10357 10419
3 10418 10356 10419
3 10896 10418 10419
3 10896 10419 10897
3 10844 10896 10897
3 10844 10897 10845
3 10956 10844 10845
3 10956 10845 10957
3 10956 10957 11009
3 11008 10956 11009
3 11399 11008 11009
3 11399 11009 11400
3 11291 11399 11400
3 11291 11400 11292
3 11343 11291 11292
3 11343 11292 11344
3 8175 11343 11344
3 8175 11344 8176
3 10956 11008 11399
3 3339 3278 4351
3 2970 2910 2377
3 4123 4184 3975
3 4123 3975 3913
3 4934 4123 3913
3 6278 4994 4934
3 6247 6278 4934
3 6083 6332 6247
3 11291 11343 8175
3 10956 11399 11291
3 10844 10956 11291
3 10418 10896 10844
3 10356 10418 10844
3 10148 10304 10356
3 10210 10148 10356
3 9842 10210 10356
3 9290 9780 9842
3 9364 9290 9842
3 8891 9364 9842
3 7982 8782 8891
3 8042 7982 8891
3 7545 7850 7910
3 7611 7545 7910
3 6698 6978 7044
3 6764 6698 7044
3 5723 6404 6470
3 5791 5723 6470
3 5565 5791 6470
3 4861 5497 5565
3 4429 4769 4861
3 3339 4351 4429
3 2852 3339 4429
3 2437 2794 2852
3 2495 2437 2852
3 2970 2377 2495
3 3090 2970 2495
3 3819 3032 3090
3 3913 3819 3090
3 4934 3913 3090
3 6247 4934 3090
3 6083 6247 3090
3 8175 6083 3090
3 11291 8175 3090
3 10844 11291 3090
3 10356 10844 3090
3 9842 10356 3090
3 8891 9842 3090
3 8042 8891 3090
3 7910 8042 3090
3 7611 7910 3090
3 7044 7611 3090
3 6764 7044 3090
3 6470 6764 3090
3 5565 6470 3090
3 4861 5565 3090
3 4429 4861 3090
3 2852 4429 3090
3 2495 2852 3090
3 10959 11011 11402
3 3342 3281 4354
3 2973 2913 2380
3 4126 4187 3978
3 4126 3978 3916
3 4937 4126 3916
3 6281 4997 4937
3 6250 6281 4937
3 6086 6335 6250
3 11294 11346 8178
3 10959 11402 11294
3 10847 10959 11294
3 10421 10899 10847
3 10359 10421 10847
3 10151 10307 10359
3 10213 10151 10359
3 9845 10213 10359
3 9293 9783 9845
3 9367 9293 9845
3 8894 9367 9845
3 7985 8785 8894
3 8045 7985 8894
3 7548 7853 7913
3 7614 7548 7913
3 6701 6981 7047
3 6767 6701 7047
3 5726 6407 6473
3 5794 5726 6473
3 5568 5794 6473
3 4864 5500 5568
3 4432 4772 4864
3 3342 4354 4432
3 2855 3342 4432
3 2440 2797 2855
3 2498 2440 2855
3 2973 2380 2498
3 3093 2973 2498
3 3822 3035 3093
3 3916 3822 3093
3 4937 3916 3093
3 6250 4937 3093
3 6086 6250 3093
3 8178 6086 3093
3 11294 8178 3093
3 10847 11294 3093
3 10359 10847 3093
3 9845 10359 3093
3 8894 9845 3093
3 8045 8894 3093
3 7913 8045 3093
3 7614 7913 3093
3 7047 7614 3093
3 6767 7047 3093
3 6473 6767 3093
3 5568 6473 3093
3 4864 5568 3093
3 4432 4864 3093
3 2855 4432 3093
3 2498 2855 3093
3 6085 8177 8178
3 6085 8178 6086
3 6334 6085 6086
3 6334 6086 6335
3 6249 6334 6335
3 6249 6335 6250
3 6280 6249 6250
3 6280 6250 6281
3 4996 6280 6281
3 4996 6281 4997
3 4996 4997 4937
3 4936 4996 4937
3 4125 4936 4937
3 4125 4937 4126
3 4186 4125 4126
3 4186 4126 4187
3 3977 4186 4187
3 3977 4187 3978
3 3977 3978 3916
3 3915 3977 3916
3 3821 3915 3916
3 3821 3916 3822
3 3821 3822 3035
3 3034 3821 3035
3 3034 3035 3093
3 3092 3034 3093
3 3092 3093 2973
3 2972 3092 2973
3 2912 2972 2973
3 2912 2973 2913
3 2912 2913 2380
3 2379 2912 2380
3 2379 2380 2498
3 2497 2379 2498
3 2497 2498 2440
3 2439 2497 2440
3 2439 2440 2797
3 2796 2439 2797
3 2854 2796 2797
3 2854 2797 2855
3 2854 2855 3342
3 3341 2854 3342
3 3341 3342 3281
3 3280 3341 3281
3 3280 3281 4354
3 4353 3280 4354
3 4431 4353 4354
3 4431 4354 4432
3 4431 4432 4772
3 4771 4431 4772
3 4863 4771 4772
3 4863 4772 4864
3 4863 4864 5500
3 5499 4863 5500
3 5567 5499 5500
3 5567 5500 5568
3 5567 5568 5794
3 5793 5567 5794
3 5793 5794 5726
3 5725 5793 5726
3 5725 5726 6407
3 6406 5725 6407
3 6472 6406 6407
3 6472 6407 6473
3 6472 6473 6767
3 6766 6472 6767
3 6766 6767 6701
3 6700 6766 6701
3 6700 6701 6981
3 6980 6700 6981
3 7046 6980 6981
3 7046 6981 7047
3 7046 7047 7614
3 7613 7046 7614
3 7613 7614 7548
3 7547 7613 7548
3 7547 7548 7853
3 7852 7547 7853
3 7912 7852 7853
3 7912 7853 7913
3 7912 7913 8045
3 8044 7912 8045
3 8044 8045 7985
3 7984 8044 7985
3 7984 7985 8785
3 8784 7984 8785
3 8893 8784 8785
3 8893 8785 8894
3 8893 8894 9367
3 9366 8893 9367
3 9366 9367 9293
3 9292 9366 9293
3 9292 9293 9783
3 9782 9292 9783
3 9844 9782 9783
3 9844 9783 9845
3 9844 9845 10213
3 10212 9844 10213
3 10212 10213 10151
3 10150 10212 10151
3 10150 10151 10307
3 10306 10150 10307
3 10358 10306 10307
3 10358 10307 10359
3 10358 10359 10421
3 10420 10358 10421
3 10898 10420 10421
3 10898 10421 10899
3 10846 10898 10899
3 10846 10899 10847
3 10958 10846 10847
3 10958 10847 10959
3 10958 10959 11011
3 11010 10958 11011
3 11401 11010 11011
3 11401 11011 11402
3 11293 11401 11402
3 11293 11402 11294
3 11345 11293 11294
3 11345 11294 11346
3 8177 11345 11346
3 8177 11346 8178
3 10958 11010 11401
3 3341 3280 4353
3 2972 2912 2379
3 4125 4186 3977
3 4125 3977 3915
3 4936 4125 3915
3 6280 4996 4936
3 6249 6280 4936
3 6085 6334 6249
3 11293 11345 8177
3 10958 11401 11293
3 10846 10958 11293
3 10420 10898 10846
3 10358 10420 10846
3 10150 10306 10358
3 10212 10150 10358
3 9844 10212 10358
3 9292 9782 9844
3 9366 9292 9844
3 8893 9366 9844
3 7984 8784 8893
3 8044 7984 8893
3 7547 7852 7912
3 7613 7547 7912
3 6700 6980 7046
3 6766 6700 7046
3 5725 6406 6472
3 5793 5725 6472
3 5567 5793 6472
3 4863 5499 5567
3 4431 4771 4863
3 3341 4353 4431
3 2854 3341 4431
3 2439 2796 2854
3 2497 2439 2854
3 2972 2379 2497
3 3092 2972 2497
3 3821 3034 3092
3 3915 3821 3092
3 4936 3915 3092
3 6249 4936 3092
3 6085 6249 3092
3 8177 6085 3092
3 11293 8177 3092
3 10846 11293 3092
3 10358 10846 3092
3 9844 10358 3092
3 8893 9844 3092
3 8044 8893 3092
3 7912 8044 3092
3 7613 7912 3092
3 7046 7613 3092
3 6766 7046 3092
3 6472 6766 3092
3 5567 6472 3092
3 4863 5567 3092
3 4431 4863 3092
3 2854 4431 3092
3 2497 2854 3092
3 10961 11013 11404
3 3344 3283 4356
3 2975 2915 2382
3 4128 4189 3980
3 4128 3980 3918
3 4939 4128 3918
3 6283 4999 4939
3 6252 6283 4939
3 6088 6337 6252
3 11296 11348 8180
3 10961 11404 11296
3 10849 10961 11296
3 10423 10901 10849
3 10361 10423 10849
3 10153 10309 10361
3 10215 10153 10361
3 9847 10215 10361
3 9295 9785 9847
3 9369 9295 9847
3 8896 9369 9847
3 7987 8787 8896
3 8047 7987 8896
3 7550 7855 7915
3 7616 7550 7915
3 6703 6983 7049
3 6769 6703 7049
3 5728 6409 6475
3 5796 5728 6475
3 5570 5796 6475
3 4866 5502 5570
3 4434 4774 4866
3 3344 4356 4434
3 2857 3344 4434
3 2442 2799 2857
3 2500 2442 2857
3 2975 2382 2500
3 3095 2975 2500
3 3824 3037 3095
3 3918 3824 3095
3 4939 3918 3095
3 6252 4939 3095
3 6088 6252 3095
3 8180 6088 3095
3 11296 8180 3095
3 10849 11296 3095
3 10361 10849 3095
3 9847 10361 3095
3 8896 9847 3095
3 8047 8896 3095
3 7915 8047 3095
3 7616 7915 3095
3 7049 7616 3095
3 6769 7049 3095
3 6475 6769 3095
3 5570 6475 3095
3 4866 5570 3095
3 4434 4866 3095
3 2857 4434 3095
3 2500 2857 3095
3 6087 8179 8180
3 6087 8180 6088
3 6336 6087 6088
3 6336 6088 6337
3 6251 6336 6337
3 6251 6337 6252
3 6282 6251 6252
3 6282 6252 6283
3 4998 6282 6283
3 4998 6283 4999
3 4998 4999 4939
3 4938 4998 4939
3 4127 4938 4939
3 4127 4939 4128
3 4188 4127 4128
3 4188 4128 4189
3 3979 4188 4189
3 3979 4189 3980
3 3979 3980 3918
3 3917 3979 3918
3 3823 3917 3918
3 3823 3918 3824
3 3823 3824 3037
3 3036 3823 3037
3 3036 3037 3095
3 3094 3036 3095
3 3094 3095 2975
3 2974 3094 2975
3 2914 2974 2975
3 2914 2975 2915
3 2914 2915 2382
3 2381 2914 2382
3 2381 2382 2500
3 2499 2381 2500
3 2499 2500 2442
3 2441 2499 2442
3 2441 2442 2799
3 2798 2441 2799
3 2856 2798 2799
3 2856 2799 2857
3 2856 2857 3344
3 3343 2856 3344
3 3343 3344 3283
3 3282 3343 3283
3 3282 3283 4356
3 4355 3282 4356
3 4433 4355 4356
3 4433 4356 4434
3 4433 4434 4774
3 4773 4433 4774
3 4865 4773 4774
3 4865 4774 4866
3 4865 4866 5502
3 5501 4865 5502
3 5569 5501 5502
3 5569 5502 5570
3 5569 5570 5796
3 5795 5569 5796
3 5795 5796 5728
3 5727 5795 5728
3 5727 5728 6409
3 6408 5727 6409
3 6474 6408 6409
3 6474 6409 6475
3 6474 6475 6769
3 6768 6474 6769
3 6768 6769 6703
3 6702 6768 6703
3 6702 6703 6983
3 6982 6702 6983
3 7048 6982 6983
3 7048 6983 7049
3 7048 7049 7616
3 7615 7048 7616
3 7615 7616 7550
3 7549 7615 7550
3 7549 7550 7855
3 7854 7549 7855
3 7914 7854 7855
3 7914 7855 7915
3 7914 7915 8047
3 8046 7914 8047
3 8046 8047 7987
3 7986 8046 7987
3 7986 7987 8787
3 8786 7986 8787
3 8895 8786 8787
3 8895 8787 8896
3 8895 8896 9369
3 9368 8895 9369
3 9368 9369 9295
3 9294 9368 9295
3 9294 9295 9785
3 9784 9294 9785
3 9846 9784 9785
3 9846 9785 9847
3 9846 9847 10215
3 10214 9846 10215
3 10214 10215 10153
3 10152 10214 10153
3 10152 10153 10309
3 10308 10152 10309
3 10360 10308 10309
3 10360 10309 10361
3 10360 10361 10423
3 10422 10360 10423
3 10900 10422 10423
3 10900 10423 10901
3 10848 10900 10901
3 10848 10901 10849
3 10960 10848 10849
3 10960 10849 10961
3 10960 10961 11013
3 11012 10960 11013
3 11403 11012 11013
3 11403 11013 11404
3 11295 11403 11404
3 11295 11404 11296
3 11347 11295 11296
3 11347 11296 11348
3 8179 11347 11348
3 8179 11348 8180
3 10960 11012 11403
3 3343 3282 4355
3 2974 2914 2381
3 4127 4188 3979
3 4127 3979 3917
3 4938 4127 3917
3 6282 4998 4938
3 6251 6282 4938
3 6087 6336 6251
3 11295 11347 8179
3 10960 11403 11295
3 10848 10960 11295
3 10422 10900 10848
3 10360 10422 10848
3 10152 10308 10360
3 10214 10152 10360
3 9846 10214 10360
3 9294 9784 9846
3 9368 9294 9846
3 8895 9368 9846
3 7986 8786 8895
3 8046 7986 8895
3 7549 7854 7914
3 7615 7549 7914
3 6702 6982 7048
3 6768 6702 7048
3 5727 6408 6474
3 5795 5727 6474
3 5569 5795 6474
3 4865 5501 5569
3 4433 4773 4865
3 3343 4355 4433
3 2856 3343 4433
3 2441 2798 2856
3 2499 2441 2856
3 2974 2381 2499
3 3094 2974 2499
3 3823 3036 3094
3 3917 3823 3094
3 4938 3917 3094
3 6251 4938 3094
3 6087 6251 3094
3 8179 6087 3094
3 11295 8179 3094
3 10848 11295 3094
3 10360 10848 3094
3 9846 10360 3094
3 8895 9846 3094
3 8046 8895 3094
3 7914 8046 3094
3 7615 7914 3094
3 7048 7615 3094
3 6768 7048 3094
3 6474 6768 3094
3 5569 6474 3094
3 4865 5569 3094
3 4433 4865 3094
3 2856 4433 3094
3 2499 2856 3094
3 10949 11001 11392
3 3332 3271 4344
3 2963 2903 2370
3 4116 4177 3968
3 4116 3968 3906
3 4927 4116 3906
3 6271 4987 4927
3 6240 6271 4927
3 6076 6325 6240
3 11284 11336 8168
3 10949 11392 11284
3 10837 10949 11284
3 10411 10889 10837
3 10349 10411 10837
3 10141 10297 10349
3 10203 10141 10349
3 9835 10203 10349
3 9283 9773 9835
3 9357 9283 9835
3 8884 9357 9835
3 7975 8775 8884
3 8035 7975 8884
3 7538 7843 7903
3 7604 7538 7903
3 6691 6971 7037
3 6757 6691 7037
3 5716 6397 6463
3 5784 5716 6463
3 5558 5784 6463
3 4854 5490 5558
3 4422 4762 4854
3 3332 4344 4422
3 2845 3332 4422
3 2430 2787 2845
3 2488 2430 2845
3 2963 2370 2488
3 3083 2963 2488
3 3812 3025 3083
3 3906 3812 3083
3 4927 3906 3083
3 6240 4927 3083
3 6076 6240 3083
3 8168 6076 3083
3 11284 8168 3083
3 10837 11284 3083
3 10349 10837 3083
3 9835 10349 3083
3 8884 9835 3083
3 8035 8884 3083
3 7903 8035 3083
3 7604 7903 3083
3 7037 7604 3083
3 6757 7037 3083
3 6463 6757 3083
3 5558 6463 3083
3 4854 5558 3083
3 4422 4854 3083
3 2845 4422 3083
3 2488 2845 3083
3 11337 8169 8168
3 11337 8168 11336
3 11285 11337 11336
3 11285 11336 11284
3 11393 11285 11284
3 11393 11284 11392
3 11002 11393 11392
3 11002 11392 11001
3 11002 11001 10949
3 10950 11002 10949
3 10838 10950 10949
3 10838 10949 10837
3 10890 10838 10837
3 10890 10837 10889
3 10412 10890 10889
3 10412 10889 10411
3 10412 10411 10349
3 10350 10412 10349
3 10298 10350 10349
3 10298 10349 10297
3 10298 10297 10141
3 10142 10298 10141
3 10142 10141 10203
3 10204 10142 10203
3 10204 10203 9835
3 9836 10204 9835
3 9774 9836 9835
3 9774 9835 9773
3 9774 9773 9283
3 9284 9774 9283
3 9284 9283 9357
3 9358 9284 9357
3 9358 9357 8884
3 8885 9358 8884
3 8776 8885 8884
3 8776 8884 8775
3 8776 8775 7975
3 7976 8776 7975
3 7976 7975 8035
3 8036 7976 8035
3 8036 8035 7903
3 7904 8036 7903
3 7844 7904 7903
3 7844 7903 7843
3 7844 7843 7538
3 7539 7844 7538
3 7539 7538 7604
3 7605 7539 7604
3 7605 7604 7037
3 7038 7605 7037
3 6972 7038 7037
3 6972 7037 6971
3 6972 6971 6691
3 6692 6972 6691
3 6692 6691 6757
3 6758 6692 6757
3 6758 6757 6463
3 6464 6758 6463
3 6398 6464 6463
3 6398 6463 6397
3 6398 6397 5716
3 5717 6398 5716
3 5717 5716 5784
3 5785 5717 5784
3 5785 5784 5558
3 5559 5785 5558
3 5491 5559 5558
3 5491 5558 5490
3 5491 5490 4854
3 4855 5491 4854
3 4763 4855 4854
3 4763 4854 4762
3 4763 4762 4422
3 4423 4763 4422
3 4345 4423 4422
3 4345 4422 4344
3 4345 4344 3271
3 3272 4345 3271
3 3272 3271 3332
3 3333 3272 3332
3 3333 3332 2845
3 2846 3333 2845
3 2788 2846 2845
3 2788 2845 2787
3 2788 2787 2430
3 2431 2788 2430
3 2431 2430 2488
3 2489 2431 2488
3 2489 2488 2370
3 2371 2489 2370
3 2371 2370 2903
3 2904 2371 2903
3 2964 2904 2903
3 2964 2903 2963
3 2964 2963 3083
3 3084 2964 3083
3 3084 3083 3025
3 3026 3084 3025
3 3026 3025 3812
3 3813 3026 3812
3 3907 3813 3812
3 3907 3812 3906
3 3907 3906 3968
3 3969 3907 3968
3 4178 3969 3968
3 4178 3968 4177
3 4117 4178 4177
3 4117 4177 4116
3 4928 4117 4116
3 4928 4116 4927
3 4928 4927 4987
3 4988 4928 4987
3 6272 4988 4987
3 6272 4987 6271
3 6241 6272 6271
3 6241 6271 6240
3 6326 6241 6240
3 6326 6240 6325
3 6077 6326 6325
3 6077 6325 6076
3 8169 6077 6076
3 8169 6076 8168
3 10950 11002 11393
3 3333 3272 4345
3 2964 2904 2371
3 4117 4178 3969
3 4117 3969 3907
3 4928 4117 3907
3 6272 4988 4928
3 6241 6272 4928
3 6077 6326 6241
3 11285 11337 8169
3 10950 11393 11285
3 10838 10950 11285
3 10412 10890 10838
3 10350 10412 10838
3 10142 10298 10350
3 10204 10142 10350
3 9836 10204 10350
3 9284 9774 9836
3 9358 9284 9836
3 8885 9358 9836
3 7976 8776 8885
3 8036 7976 8885
3 7539 7844 7904
3 7605 7539 7904
3 6692 6972 7038
3 6758 6692 7038
3 5717 6398 6464
3 5785 5717 6464
3 5559 5785 6464
3 4855 5491 5559
3 4423 4763 4855
3 3333 4345 4423
3 2846 3333 4423
3 2431 2788 2846
3 2489 2431 2846
3 2964 2371 2489
3 3084 2964 2489
3 3813 3026 3084
3 3907 3813 3084
3 4928 3907 3084
3 6241 4928 3084
3 6077 6241 3084
3 8169 6077 3084
3 11285 8169 3084
3 10838 11285 3084
3 10350 10838 3084
3 9836 10350 3084
3 8885 9836 3084
3 8036 8885 3084
3 7904 8036 3084
3 7605 7904 3084
3 7038 7605 3084
3 6758 7038 3084
3 6464 6758 3084
3 5559 6464 3084
3 4855 5559 3084
3 4423 4855 3084
3 2846 4423 3084
3 2489 2846 3084
3 10951 11003 11394
3 3334 3273 4346
3 2965 2905 2372
3 4118 4179 3970
3 4118 3970 3908
3 4929 4118 3908
3 6273 4989 4929
3 6242 6273 4929
3 6078 6327 6242
3 11286 11338 8170
3 10951 11394 11286
3 10839 10951 11286
3 10413 10891 10839
3 10351 10413 10839
3 10143 10299 10351
3 10205 10143 10351
3 9837 10205 10351
3 9285 9775 9837
3 9359 9285 9837
3 8886 9359 9837
3 7977 8777 8886
3 8037 7977 8886
3 7540 7845 7905
3 7606 7540 7905
3 6693 6973 7039
3 6759 6693 7039
3 5718 6399 6465
3 5786 5718 6465
3 5560 5786 6465
3 4856 5492 5560
3 4424 4764 4856
3 3334 4346 4424
3 2847 3334 4424
3 2432 2789 2847
3 2490 2432 2847
3 2965 2372 2490
3 3085 2965 2490
3 3814 3027 3085
3 3908 3814 3085
3 4929 3908 3085
3 6242 4929 3085
3 6078 6242 3085
3 8170 6078 3085
3 11286 8170 3085
3 10839 11286 3085
3 10351 10839 3085
3 9837 10351 3085
3 8886 9837 3085
3 8037 8886 3085
3 7905 8037 3085
3 7606 7905 3085
3 7039 7606 3085
3 6759 7039 3085
3 6465 6759 3085
3 5560 6465 3085
3 4856 5560 3085
3 4424 4856 3085
3 2847 4424 3085
3 2490 2847 3085
3 11339 8171 8170
3 11339 8170 11338
3 11287 11339 11338
3 11287 11338 11286
3 11395 11287 11286
3 11395 11286 11394
3 11004 11395 11394
3 11004 11394 11003
3 11004 11003 10951
3 10952 11004 10951
3 10840 10952 10951
3 10840 10951 10839
3 10892 10840 10839
3 10892 10839 10891
3 10414 10892 10891
3 10414 10891 10413
3 10414 10413 10351
3 10352 10414 10351
3 10300 10352 10351
3 10300 10351 10299
3 10300 10299 10143
3 10144 10300 10143
3 10144 10143 10205
3 10206 10144 10205
3 10206 10205 9837
3 9838 10206 9837
3 9776 9838 9837
3 9776 9837 9775
3 9776 9775 9285
3 9286 9776 9285
3 9286 9285 9359
3 9360 9286 9359
3 9360 9359 8886
3 8887 9360 8886
3 8778 8887 8886
3 8778 8886 8777
3 8778 8777 7977
3 7978 8778 7977
3 7978 7977 8037
3 8038 7978 8037
3 8038 8037 7905
3 7906 8038 7905
3 7846 7906 7905
3 7846 7905 7845
3 7846 7845 7540
3 7541 7846 7540
3 7541 7540 7606
3 7607 7541 7606
3 7607 7606 7039
3 7040 7607 7039
3 6974 7040 7039
3 6974 7039 6973
3 6974 6973 6693
3 6694 6974 6693
3 6694 6693 6759
3 6760 6694 6759
3 6760 6759 6465
3 6466 6760 6465
3 6400 6466 6465
3 6400 6465 6399
3 6400 6399 5718
3 5719 6400 5718
3 5719 5718 5786
3 5787 5719 5786
3 5787 5786 5560
3 5561 5787 5560
3 5493 5561 5560
3 5493 5560 5492
3 5493 5492 4856
3 4857 5493 4856
3 4765 4857 4856
3 4765 4856 4764
3 4765 4764 4424
3 4425 4765 4424
3 4347 4425 4424
3 4347 4424 4346
3 4347 4346 3273
3 3274 4347 3273
3 3274 3273 3334
3 3335 3274 3334
3 3335 3334 2847
3 2848 3335 2847
3 2790 2848 2847
3 2790 2847 2789
3 2790 2789 2432
3 2433 2790 2432
3 2433 2432 2490
3 2491 2433 2490
3 2491 2490 2372
3 2373 2491 2372
3 2373 2372 2905
3 2906 2373 2905
3 2966 2906 2905
3 2966 2905 2965
3 2966 2965 3085
3 3086 2966 3085
3 3086 3085 3027
3 3028 3086 3027
3 3028 3027 3814
3 3815 3028 3814
3 3909 3815 3814
3 3909 3814 3908
3 3909 3908 3970
3 3971 3909 3970
3 4180 3971 3970
3 4180 3970 4179
3 4119 4180 4179
3 4119 4179 4118
3 4930 4119 4118
3 4930 4118 4929
3 4930 4929 4989
3 4990 4930 4989
3 6274 4990 4989
3 6274 4989 6273
3 6243 6274 6273
3 6243 6273 6242
3 6328 6243 6242
3 6328 6242 6327
3 6079 6328 6327
3 6079 6327 6078
3 8171 6079 6078
3 8171 6078 8170
3 10952 11004 11395
3 3335 3274 4347
3 2966 2906 2373
3 4119 4180 3971
3 4119 3971 3909
3 4930 4119 3909
3 6274 4990 4930
3 6243 6274 4930
3 6079 6328 6243
3 11287 11339 8171
3 10952 11395 11287
3 10840 10952 11287
3 10414 10892 10840
3 10352 10414 10840
3 10144 10300 10352
3 10206 10144 10352
3 9838 10206 10352
3 9286 9776 9838
3 9360 9286 9838
3 8887 9360 9838
3 7978 8778 8887
3 8038 7978 8887
3 7541 7846 7906
3 7607 7541 7906
3 6694 6974 7040
3 6760 6694 7040
3 5719 6400 6466
3 5787 5719 6466
3 5561 5787 6466
3 4857 5493 5561
3 4425 4765 4857
3 3335 4347 4425
3 2848 3335 4425
3 2433 2790 2848
3 2491 2433 2848
3 2966 2373 2491
3 3086 2966 2491
3 3815 3028 3086
3 3909 3815 3086
3 4930 3909 3086
3 6243 4930 3086
3 6079 6243 3086
3 8171 6079 3086
3 11287 8171 3086
3 10840 11287 3086
3 10352 10840 3086
3 9838 10352 3086
3 8887 9838 3086
3 8038 8887 3086
3 7906 8038 3086
3 7607 7906 3086
3 7040 7607 3086
3 6760 7040 3086
3 6466 6760 3086
3 5561 6466 3086
3 4857 5561 3086
3 4425 4857 3086
3 2848 4425 3086
3 2491 2848 3086
3 10953 11005 11396
3 3336 3275 4348
3 2967 2907 2374
3 4120 4181 3972
3 4120 3972 3910
3 4931 4120 3910
3 6275 4991 4931
3 6244 6275 4931
3 6080 6329 6244
3 11288 11340 8172
3 10953 11396 11288
3 10841 10953 11288
3 10415 10893 10841
3 10353 10415 10841
3 10145 10301 10353
3 10207 10145 10353
3 9839 10207 10353
3 9287 9777 9839
3 9361 9287 9839
3 8888 9361 9839
3 7979 8779 8888
3 8039 7979 8888
3 7542 7847 7907
3 7608 7542 7907
3 6695 6975 7041
3 6761 6695 7041
3 5720 6401 6467
3 5788 5720 6467
3 5562 5788 6467
3 4858 5494 5562
3 4426 4766 4858
3 3336 4348 4426
3 2849 3336 4426
3 2434 2791 2849
3 2492 2434 2849
3 2967 2374 2492
3 3087 2967 2492
3 3816 3029 3087
3 3910 3816 3087
3 4931 3910 3087
3 6244 4931 3087
3 6080 6244 3087
3 8172 6080 3087
3 11288 8172 3087
3 10841 11288 3087
3 10353 10841 3087
3 9839 10353 3087
3 8888 9839 3087
3 8039 8888 3087
3 7907 8039 3087
3 7608 7907 3087
3 7041 7608 3087
3 6761 7041 3087
3 6467 6761 3087
3 5562 6467 3087
3 4858 5562 3087
3 4426 4858 3087
3 2849 4426 3087
3 2492 2849 3087
3 11341 8173 8172
3 11341 8172 11340
3 11289 11341 11340
3 11289 11340 11288
3 11397 11289 11288
3 11397 11288 11396
3 11006 11397 11396
3 11006 11396 11005
3 11006 11005 10953
3 10954 11006 10953
3 10842 10954 10953
3 10842 10953 10841
3 10894 10842 10841
3 10894 10841 10893
3 10416 10894 10893
3 10416 10893 10415
3 10416 10415 10353
3 10354 10416 10353
3 10302 10354 10353
3 10302 10353 10301
3 10302 10301 10145
3 10146 10302 10145
3 10146 10145 10207
3 10208 10146 10207
3 10208 10207 9839
3 9840 10208 9839
3 9778 9840 9839
3 9778 9839 9777
3 9778 9777 9287
3 9288 9778 9287
3 9288 9287 9361
3 9362 9288 9361
3 9362 9361 8888
3 8889 9362 8888
3 8780 8889 8888
3 8780 8888 8779
3 8780 8779 7979
3 7980 8780 7979
3 7980 7979 8039
3 8040 7980 8039
3 8040 8039 7907
3 7908 8040 7907
3 7848 7908 7907
3 7848 7907 7847
3 7848 7847 7542
3 7543 7848 7542
3 7543 7542 7608
3 7609 7543 7608
3 7609 7608 7041
3 7042 7609 7041
3 6976 7042 7041
3 6976 7041 6975
3 6976 6975 6695
3 6696 6976 6695
3 6696 6695 6761
3 6762 6696 6761
3 6762 6761 6467
3 6468 6762 6467
3 6402 6468 6467
3 6402 6467 6401
3 6402 6401 5720
3 5721 6402 5720
3 5721 5720 5788
3 5789 5721 5788
3 5789 5788 5562
3 5563 5789 5562
3 5495 5563 5562
3 5495 5562 5494
3 5495 5494 4858
3 4859 5495 4858
3 4767 4859 4858
3 4767 4858 4766
3 4767 4766 4426
3 4427 4767 4426
3 4349 4427 4426
3 4349 4426 4348
3 4349 4348 3275
3 3276 4349 3275
3 3276 3275 3336
3 3337 3276 3336
3 3337 3336 2849
3 2850 3337 2849
3 2792 2850 2849
3 2792 2849 2791
3 2792 2791 2434
3 2435 2792 2434
3 2435 2434 2492
3 2493 2435 2492
3 2493 2492 2374
3 2375 2493 2374
3 2375 2374 2907
3 2908 2375 2907
3 2968 2908 2907
3 2968 2907 2967
3 2968 2967 3087
3 3088 2968 3087
3 3088 3087 3029
3 3030 3088 3029
3 3030 3029 3816
3 3817 3030 3816
3 3911 3817 3816
3 3911 3816 3910
3 3911 3910 3972
3 3973 3911 3972
3 4182 3973 3972
3 4182 3972 4181
3 4121 4182 4181
3 4121 4181 4120
3 4932 4121 4120
3 4932 4120 4931
3 4932 4931 4991
3 4992 4932 4991
3 6276 4992 4991
3 6276 4991 6275
3 6245 6276 6275
3 6245 6275 6244
3 6330 6245 6244
3 6330 6244 6329
3 6081 6330 6329
3 6081 6329 6080
3 8173 6081 6080
3 8173 6080 8172
3 10954 11006 11397
3 3337 3276 4349
3 2968 2908 2375
3 4121 4182 3973
3 4121 3973 3911
3 4932 4121 3911
3 6276 4992 4932
3 6245 6276 4932
3 6081 6330 6245
3 11289 11341 8173
3 10954 11397 11289
3 10842 10954 11289
3 10416 10894 10842
3 10354 10416 10842
3 10146 10302 10354
3 10208 10146 10354
3 9840 10208 10354
3 9288 9778 9840
3 9362 9288 9840
3 8889 9362 9840
3 7980 8780 8889
3 8040 7980 8889
3 7543 7848 7908
3 7609 7543 7908
3 6696 6976 7042
3 6762 6696 7042
3 5721 6402 6468
3 5789 5721 6468
3 5563 5789 6468
3 4859 5495 5563
3 4427 4767 4859
3 3337 4349 4427
3 2850 3337 4427
3 2435 2792 2850
3 2493 2435 2850
3 2968 2375 2493
3 3088 2968 2493
3 3817 3030 3088
3 3911 3817 3088
3 4932 3911 3088
3 6245 4932 3088
3 6081 6245 3088
3 8173 6081 3088
3 11289 8173 3088
3 10842 11289 3088
3 10354 10842 3088
3 9840 10354 3088
3 8889 9840 3088
3 8040 8889 3088
3 7908 8040 3088
3 7609 7908 3088
3 7042 7609 3088
3 6762 7042 3088
3 6468 6762 3088
3 5563 6468 3088
3 4859 5563 3088
3 4427 4859 3088
3 2850 4427 3088
3 2493 2850 3088
3 10955 11007 11398
3 3338 3277 4350
3 2969 2909 2376
3 4122 4183 3974
3 4122 3974 3912
3 4933 4122 3912
3 6277 4993 4933
3 6246 6277 4933
3 6082 6331 6246
3 11290 11342 8174
3 10955 11398 11290
3 10843 10955 11290
3 10417 10895 10843
3 10355 10417 10843
3 10147 10303 10355
3 10209 10147 10355
3 9841 10209 10355
3 9289 9779 9841
3 9363 9289 9841
3 8890 9363 9841
3 7981 8781 8890
3 8041 7981 8890
3 7544 7849 7909
3 7610 7544 7909
3 6697 6977 7043
3 6763 6697 7043
3 5722 6403 6469
3 5790 5722 6469
3 5564 5790 6469
3 4860 5496 5564
3 4428 4768 4860
3 3338 4350 4428
3 2851 3338 4428
3 2436 2793 2851
3 2494 2436 2851
3 2969 2376 2494
3 3089 2969 2494
3 3818 3031 3089
3 3912 3818 3089
3 4933 3912 3089
3 6246 4933 3089
3 6082 6246 3089
3 8174 6082 3089
3 11290 8174 3089
3 10843 11290 3089
3 10355 10843 3089
3 9841 10355 3089
3 8890 9841 3089
3 8041 8890 3089
3 7909 8041 3089
3 7610 7909 3089
3 7043 7610 3089
3 6763 7043 3089
3 6469 6763 3089
3 5564 6469 3089
3 4860 5564 3089
3 4428 4860 3089
3 2851 4428 3089
3 2494 2851 3089
3 11343 8175 8174
3 11343 8174 11342
3 11291 11343 11342
3 11291 11342 11290
3 11399 11291 11290
3 11399 11290 11398
3 11008 11399 11398
3 11008 11398 11007
3 11008 11007 10955
3 10956 11008 10955
3 10844 10956 10955
3 10844 10955 10843
3 10896 10844 10843
3 10896 10843 10895
3 10418 10896 10895
3 10418 10895 10417
3 10418 10417 10355
3 10356 10418 10355
3 10304 10356 10355
3 10304 10355 10303
3 10304 10303 10147
3 10148 10304 10147
3 10148 10147 10209
3 10210 10148 10209
3 10210 10209 9841
3 9842 10210 9841
3 9780 9842 9841
3 9780 9841 9779
3 9780 9779 9289
3 9290 9780 9289
3 9290 9289 9363
3 9364 9290 9363
3 9364 9363 8890
3 8891 9364 8890
3 8782 8891 8890
3 8782 8890 8781
3 8782 8781 7981
3 7982 8782 7981
3 7982 7981 8041
3 8042 7982 8041
3 8042 8041 7909
3 7910 8042 7909
3 7850 7910 7909
3 7850 7909 7849
3 7850 7849 7544
3 7545 7850 7544
3 7545 7544 7610
3 7611 7545 7610
3 7611 7610 7043
3 7044 7611 7043
3 6978 7044 7043
3 6978 7043 6977
3 6978 6977 6697
3 6698 6978 6697
3 6698 6697 6763
3 6764 6698 6763
3 6764 6763 6469
3 6470 6764 6469
3 6404 6470 6469
3 6404 6469 6403
3 6404 6403 5722
3 5723 6404 5722
3 5723 5722 5790
3 5791 5723 5790
3 5791 5790 5564
3 5565 5791 5564
3 5497 5565 5564
3 5497 5564 5496
3 5497 5496 4860
3 4861 5497 4860
3 4769 4861 4860
3 4769 4860 4768
3 4769 4768 4428
3 4429 4769 4428
3 4351 4429 4428
3 4351 4428 4350
3 4351 4350 3277
3 3278 4351 3277
3 3278 3277 3338
3 3339 3278 3338
3 3339 3338 2851
3 2852 3339 2851
3 2794 2852 2851
3 2794 2851 2793
3 2794 2793 2436
3 2437 2794 2436
3 2437 2436 2494
3 2495 2437 2494
3 2495 2494 2376
3 2377 2495 2376
3 2377 2376 2909
3 2910 2377 2909
3 2970 2910 2909
3 2970 2909 2969
3 2970 2969 3089
3 3090 2970 3089
3 3090 3089 3031
3 3032 3090 3031
3 3032 3031 3818
3 3819 3032 3818
3 3913 3819 3818
3 3913 3818 3912
3 3913 3912 3974
3 3975 3913 3974
3 4184 3975 3974
3 4184 3974 4183
3 4123 4184 4183
3 4123 4183 4122
3 4934 4123 4122
3 4934 4122 4933
3 4934 4933 4993
3 4994 4934 4993
3 6278 4994 4993
3 6278 4993 6277
3 6247 6278 6277
3 6247 6277 6246
3 6332 6247 6246
3 6332 6246 6331
3 6083 6332 6331
3 6083 6331 6082
3 8175 6083 6082
3 8175 6082 8174
3 10956 11008 11399
3 3339 3278 4351
3 2970 2910 2377
3 4123 4184 3975
3 4123 3975 3913
3 4934 4123 3913
3 6278 4994 4934
3 6247 6278 4934
3 6083 6332 6247
3 11291 11343 8175
3 10956 11399 11291
3 10844 10956 11291
3 10418 10896 10844
3 10356 10418 10844
3 10148 10304 10356
3 10210 10148 10356
3 9842 10210 10356
3 9290 9780 9842
3 9364 9290 9842
3 8891 9364 9842
3 7982 8782 8891
3 8042 7982 8891
3 7545 7850 7910
3 7611 7545 7910
3 6698 6978 7044
3 6764 6698 7044
3 5723 6404 6470
3 5791 5723 6470
3 5565 5791 6470
3 4861 5497 5565
3 4429 4769 4861
3 3339 4351 4429
3 2852 3339 4429
3 2437 2794 2852
3 2495 2437 2852
3 2970 2377 2495
3 3090 2970 2495
3 3819 3032 3090
3 3913 3819 3090
3 4934 3913 3090
3 6247 4934 3090
3 6083 6247 3090
3 8175 6083 3090
3 11291 8175 3090
3 10844 11291 3090
3 10356 10844 3090
3 9842 10356 3090
3 8891 9842 3090
3 8042 8891 3090
3 7910 8042 3090
3 7611 7910 3090
3 7044 7611 3090
3 6764 7044 3090
3 6470 6764 3090
3 5565 6470 3090
3 4861 5565 3090
3 4429 4861 3090
3 2852 4429 3090
3 2495 2852 3090
3 10957 11009 11400
3 3340 3279 4352
3 2971 2911 2378
3 4124 4185 3976
3 4124 3976 3914
3 4935 4124 3914
3 6279 4995 4935
3 6248 6279 4935
3 6084 6333 6248
3 11292 11344 8176
3 10957 11400 11292
3 10845 10957 11292
3 10419 10897 10845
3 10357 10419 10845
3 10149 10305 10357
3 10211 10149 10357
3 9843 10211 10357
3 9291 9781 9843
3 9365 9291 9843
3 8892 9365 9843
3 7983 8783 8892
3 8043 7983 8892
3 7546 7851 7911
3 7612 7546 7911
3 6699 6979 7045
3 6765 6699 7045
3 5724 6405 6471
3 5792 5724 6471
3 5566 5792 6471
3 4862 5498 5566
3 4430 4770 4862
3 3340 4352 4430
3 2853 3340 4430
3 2438 2795 2853
3 2496 2438 2853
3 2971 2378 2496
3 3091 2971 2496
3 3820 3033 3091
3 3914 3820 3091
3 4935 3914 3091
3 6248 4935 3091
3 6084 6248 3091
3 8176 6084 3091
3 11292 8176 3091
3 10845 11292 3091
3 10357 10845 3091
3 9843 10357 3091
3 8892 9843 3091
3 8043 8892 3091
3 7911 8043 3091
3 7612 7911 3091
3 7045 7612 3091
3 6765 7045 3091
3 6471 6765 3091
3 5566 6471 3091
3 4862 5566 3091
3 4430 4862 3091
3 2853 4430 3091
3 2496 2853 3091
3 11345 8177 8176
3 11345 8176 11344
3 11293 11345 11344
3 11293 11344 11292
3 11401 11293 11292
3 11401 11292 11400
3 11010 11401 11400
3 11010 11400 11009
3 11010 11009 10957
3 10958 11010 10957
3 10846 10958 10957
3 10846 10957 10845
3 10898 10846 10845
3 10898 10845 10897
3 10420 10898 10897
3 10420 10897 10419
3 10420 10419 10357
3 10358 10420 10357
3 10306 10358 10357
3 10306 10357 10305
3 10306 10305 10149
3 10150 10306 10149
3 10150 10149 10211
3 10212 10150 10211
3 10212 10211 9843
3 9844 10212 9843
3 9782 9844 9843
3 9782 9843 9781
3 9782 9781 9291
3 9292 9782 9291
3 9292 9291 9365
3 9366 9292 9365
3 9366 9365 8892
3 8893 9366 8892
3 8784 8893 8892
3 8784 8892 8783
3 8784 8783 7983
3 7984 8784 7983
3 7984 7983 8043
3 8044 7984 8043
3 8044 8043 7911
3 7912 8044 7911
3 7852 7912 7911
3 7852 7911 7851
3 7852 7851 7546
3 7547 7852 7546
3 7547 7546 7612
3 7613 7547 7612
3 7613 7612 7045
3 7046 7613 7045
3 6980 7046 7045
3 6980 7045 6979
3 6980 6979 6699
3 6700 6980 6699
3 6700 6699 6765
3 6766 6700 6765
3 6766 6765 6471
3 6472 6766 6471
3 6406 6472 6471
3 6406 6471 6405
3 6406 6405 5724
3 5725 6406 5724
3 5725 5724 5792
3 5793 5725 5792
3 5793 5792 5566
3 5567 5793 5566
3 5499 5567 5566
3 5499 5566 5498
3 5499 5498 4862
3 4863 5499 4862
3 4771 4863 4862
3 4771 4862 4770
3 4771 4770 4430
3 4431 4771 4430
3 4353 4431 4430
3 4353 4430 4352
3 4353 4352 3279
3 3280 4353 3279
3 3280 3279 3340
3 3341 3280 3340
3 3341 3340 2853
3 2854 3341 2853
3 2796 2854 2853
3 2796 2853 2795
3 2796 2795 2438
3 2439 2796 2438
3 2439 2438 2496
3 2497 2439 2496
3 2497 2496 2378
3 2379 2497 2378
3 2379 2378 2911
3 2912 2379 2911
3 2972 2912 2911
3 2972 2911 2971
3 2972 2971 3091
3 3092 2972 3091
3 3092 3091 3033
3 3034 3092 3033
3 3034 3033 3820
3 3821 3034 3820
3 3915 3821 3820
3 3915 3820 3914
3 3915 3914 3976
3 3977 3915 3976
3 4186 3977 3976
3 4186 3976 4185
3 4125 4186 4185
3 4125 4185 4124
3 4936 4125 4124
3 4936 4124 4935
3 4936 4935 4995
3 4996 4936 4995
3 6280 4996 4995
3 6280 4995 6279
3 6249 6280 6279
3 6249 6279 6248
3 6334 6249 6248
3 6334 6248 6333
3 6085 6334 6333
3 6085 6333 6084
3 8177 6085 6084
3 8177 6084 8176
3 10958 11010 11401
3 3341 3280 4353
3 2972 2912 2379
3 4125 4186 3977
3 4125 3977 3915
3 4936 4125 3915
3 6280 4996 4936
3 6249 6280 4936
3 6085 6334 6249
3 11293 11345 8177
3 10958 11401 11293
3 10846 10958 11293
3 10420 10898 10846
3 10358 10420 10846
3 10150 10306 10358
3 10212 10150 10358
3 9844 10212 10358
3 9292 9782 9844
3 9366 9292 9844
3 8893 9366 9844
3 7984 8784 8893
3 8044 7984 8893
3 7547 7852 7912
3 7613 7547 7912
3 6700 6980 7046
3 6766 6700 7046
3 5725 6406 6472
3 5793 5725 6472
3 5567 5793 6472
3 4863 5499 5567
3 4431 4771 4863
3 3341 4353 4431
3 2854 3341 4431
3 2439 2796 2854
3 2497 2439 2854
3 2972 2379 2497
3 3092 2972 2497
3 3821 3034 3092
3 3915 3821 3092
3 4936 3915 3092
3 6249 4936 3092
3 6085 6249 3092
3 8177 6085 3092
3 11293 8177 3092
3 10846 11293 3092
3 10358 10846 3092
3 9844 10358 3092
3 8893 9844 3092
3 8044 8893 3092
3 7912 8044 3092
3 7613 7912 3092
3 7046 7613 3092
3 6766 7046 3092
3 6472 6766 3092
3 5567 6472 3092
3 4863 5567 3092
3 4431 4863 3092
3 2854 4431 3092
3 2497 2854 3092
3 10959 11011 11402
3 3342 3281 4354
3 2973 2913 2380
3 4126 4187 3978
3 4126 3978 3916
3 4937 4126 3916
3 6281 4997 4937
3 6250 6281 4937
3 6086 6335 6250
3 11294 11346 8178
3 10959 11402 11294
3 10847 10959 11294
3 10421 10899 10847
3 10359 10421 10847
3 10151 10307 10359
3 10213 10151 10359
3 9845 10213 10359
3 9293 9783 9845
3 9367 9293 9845
3 8894 9367 9845
3 7985 8785 8894
3 8045 7985 8894
3 7548 7853 7913
3 7614 7548 7913
3 6701 6981 7047
3 6767 6701 7047
3 5726 6407 6473
3 5794 5726 6473
3 5568 5794 6473
3 4864 5500 5568
3 4432 4772 4864
3 3342 4354 4432
3 2855 3342 4432
3 2440 2797 2855
3 2498 2440 2855
3 2973 2380 2498
3 3093 2973 2498
3 3822 3035 3093
3 3916 3822 3093
3 4937 3916 3093
3 6250 4937 3093
3 6086 6250 3093
3 8178 6086 3093
3 11294 8178 3093
3 10847 11294 3093
3 10359 10847 3093
3 9845 10359 3093
3 8894 9845 3093
3 8045 8894 3093
3 7913 8045 3093
3 7614 7913 3093
3 7047 7614 3093
3 6767 7047 3093
3 6473 6767 3093
3 5568 6473 3093
3 4864 5568 3093
3 4432 4864 3093
3 2855 4432 3093
3 2498 2855 3093
3 11347 8179 8178
3 11347 8178 11346
3 11295 11347 11346
3 11295 11346 11294
3 11403 11295 11294
3 11403 11294 11402
3 11012 11403 11402
3 11012 11402 11011
3 11012 11011 10959
3 10960 11012 10959
3 10848 10960 10959
3 10848 10959 10847
3 10900 10848 10847
3 10900 10847 10899
3 10422 10900 10899
3 10422 10899 10421
3 10422 10421 10359
3 10360 10422 10359
3 10308 10360 10359
3 10308 10359 10307
3 10308 10307 10151
3 10152 10308 10151
3 10152 10151 10213
3 10214 10152 10213
3 10214 10213 9845
3 9846 10214 9845
3 9784 9846 9845
3 9784 9845 9783
3 9784 9783 9293
3 9294 9784 9293
3 9294 9293 9367
3 9368 9294 9367
3 9368 9367 8894
3 8895 9368 8894
3 8786 8895 8894
3 8786 8894 8785
3 8786 8785 7985
3 7986 8786 7985
3 7986 7985 8045
3 8046 7986 8045
3 8046 8045 7913
3 7914 8046 7913
3 7854 7914 7913
3 7854 7913 7853
3 7854 7853 7548
3 7549 7854 7548
3 7549 7548 7614
3 7615 7549 7614
3 7615 7614 7047
3 7048 7615 7047
3 6982 7048 7047
3 6982 7047 6981
3 6982 6981 6701
3 6702 6982 6701
3 6702 6701 6767
3 6768 6702 6767
3 6768 6767 6473
3 6474 6768 6473
3 6408 6474 6473
3 6408 6473 6407
3 6408 6407 5726
3 5727 6408 5726
3 5727 5726 5794
3 5795 5727 5794
3 5795 5794 5568
3 5569 5795 5568
3 5501 5569 5568
3 5501 5568 5500
3 5501 5500 4864
3 4865 5501 4864
3 4773 4865 4864
3 4773 4864 4772
3 4773 4772 4432
3 4433 4773 4432
3 4355 4433 4432
3 4355 4432 4354
3 4355 4354 3281
3 3282 4355 3281
3 3282 3281 3342
3 3343 3282 3342
3 3343 3342 2855
3 2856 3343 2855
3 2798 2856 2855
3 2798 2855 2797
3 2798 2797 2440
3 2441 2798 2440
3 2441 2440 2498
3 2499 2441 2498
3 2499 2498 2380
3 2381 2499 2380
3 2381 2380 2913
3 2914 2381 2913
3 2974 2914 2913
3 2974 2913 2973
3 2974 2973 3093
3 3094 2974 3093
3 3094 3093 3035
3 3036 3094 3035
3 3036 3035 3822
3 3823 3036 3822
3 3917 3823 3822
3 3917 3822 3916
3 3917 3916 3978
3 3979 3917 3978
3 4188 3979 3978
3 4188 3978 4187
3 4127 4188 4187
3 4127 4187 4126
3 4938 4127 4126
3 4938 4126 4937
3 4938 4937 4997
3 4998 4938 4997
3 6282 4998 4997
3 6282 4997 6281
3 6251 6282 6281
3 6251 6281 6250
3 6336 6251 6250
3 6336 6250 6335
3 6087 6336 6335
3 6087 6335 6086
3 8179 6087 6086
3 8179 6086 8178
3 10960 11012 11403
3 3343 3282 4355
3 2974 2914 2381
3 4127 4188 3979
3 4127 3979 3917
3 4938 4127 3917
3 6282 4998 4938
3 6251 6282 4938
3 6087 6336 6251
3 11295 11347 8179
3 10960 11403 11295
3 10848 10960 11295
3 10422 10900 10848
3 10360 10422 10848
3 10152 10308 10360
3 10214 10152 10360
3 9846 10214 10360
3 9294 9784 9846
3 9368 9294 9846
3 8895 9368 9846
3 7986 8786 8895
3 8046 7986 8895
3 7549 7854 7914
3 7615 7549 7914
3 6702 6982 7048
3 6768 6702 7048
3 5727 6408 6474
3 5795 5727 6474
3 5569 5795 6474
3 4865 5501 5569
3 4433 4773 4865
3 3343 4355 4433
3 2856 3343 4433
3 2441 2798 2856
3 2499 2441 2856
3 2974 2381 2499
3 3094 2974 2499
3 3823 3036 3094
3 3917 3823 3094
3 4938 3917 3094
3 6251 4938 3094
3 6087 6251 3094
3 8179 6087 3094
3 11295 8179 3094
3 10848 11295 3094
3 10360 10848 3094
3 9846 10360 3094
3 8895 9846 3094
3 8046 8895 3094
3 7914 8046 3094
3 7615 7914 3094
3 7048 7615 3094
3 6768 7048 3094
3 6474 6768 3094
3 5569 6474 3094
3 4865 5569 3094
3 4433 4865 3094
3 2856 4433 3094
3 2499 2856 3094
3 9770 10138 10200
3 9832 9770 10200
3 10215 9847 9832
3 10215 9832 10200
3 10153 10215 10200
3 10153 10200 10138
3 10153 10138 9770
3 9785 10153 9770
3 9785 9770 9832
3 9847 9785 9832
3 9785 10153 10215
3 9847 9785 10215
3 10294 10367 10408
3 10346 10294 10408
3 10368 10367 10294
3 10309 10368 10294
3 10309 10294 10346
3 10361 10309 10346
3 10423 10361 10346
3 10423 10346 10408
3 10368 10423 10408
3 10368 10408 10367
3 10309 10368 10423
3 10361 10309 10423
3 7840 7972 8032
3 7900 7840 8032
3 8047 7915 7900
3 8047 7900 8032
3 7987 8047 8032
3 7987 8032 7972
3 7987 7972 7840
3 7855 7987 7840
3 7855 7840 7900
3 7915 7855 7900
3 7855 7987 8047
3 7915 7855 8047
3 6968 7535 7601
3 7034 6968 7601
3 7616 7049 7034
3 7616 7034 7601
3 7550 7616 7601
3 7550 7601 7535
3 7550 7535 6968
3 6983 7550 6968
3 6983 6968 7034
3 7049 6983 7034
3 6983 7550 7616
3 7049 6983 7616
3 6394 6688 6754
3 6460 6394 6754
3 6769 6475 6460
3 6769 6460 6754
3 6703 6769 6754
3 6703 6754 6688
3 6703 6688 6394
3 6409 6703 6394
3 6409 6394 6460
3 6475 6409 6460
3 6409 6703 6769
3 6475 6409 6769
3 5487 5713 5781
3 5555 5487 5781
3 5796 5570 5555
3 5796 5555 5781
3 5728 5796 5781
3 5728 5781 5713
3 5728 5713 5487
3 5502 5728 5487
3 5502 5487 5555
3 5570 5502 5555
3 5502 5728 5796
3 5570 5502 5796
3 11281 11389 11408
3 11333 11281 11408
3 11404 11389 11281
3 11296 11404 11281
3 11296 11281 11333
3 11348 11296 11333
3 11417 11348 11333
3 11417 11333 11408
3 11404 11417 11408
3 11404 11408 11389
3 11296 11404 11417
3 11348 11296 11417
3 4174 4113 4924
3 4984 4174 4924
3 4128 4113 4174
3 4189 4128 4174
3 4999 4189 4174
3 4999 4174 4984
3 4939 4999 4984
3 4939 4984 4924
3 4939 4924 4113
3 4128 4939 4113
3 4189 4128 4939
3 4999 4189 4939
3 3809 3903 3965
3 3854 3809 3965
3 3918 3903 3809
3 3824 3918 3809
3 3824 3809 3854
3 3855 3824 3854
3 3980 3855 3854
3 3980 3854 3965
3 3918 3980 3965
3 3918 3965 3903
3 3824 3918 3980
3 3855 3824 3980
3 4341 4602 4759
3 4419 4341 4759
3 4604 4602 4341
3 4356 4604 4341
3 4356 4341 4419
3 4434 4356 4419
3 4774 4434 4419
3 4774 4419 4759
3 4604 4774 4759
3 4604 4759 4602
3 4356 4604 4774
3 4434 4356 4774
3 2327 2427 2485
3 2367 2327 2485
3 2442 2427 2327
3 2328 2442 2327
3 2328 2327 2367
3 2382 2328 2367
3 2500 2382 2367
3 2500 2367 2485
3 2442 2500 2485
3 2442 2485 2427
3 2328 2442 2500
3 2382 2328 2500
3 3080 3022 2900
3 2960 3080 2900
3 3095 3037 3022
3 3095 3022 3080
3 2975 3095 3080
3 2975 3080 2960
3 2975 2960 2900
3 2915 2975 2900
3 2915 2900 3022
3 3037 2915 3022
3 3095 3037 2915
3 2975 3095 2915
3 10998 10946 10834
3 10886 10998 10834
3 11013 10961 10946
3 11013 10946 10998
3 10901 11013 10998
3 10901 10998 10886
3 10901 10886 10834
3 10849 10901 10834
3 10849 10834 10946
3 10961 10849 10946
3 11013 10961 10849
3 10901 11013 10849
3 3329 2842 2784
3 3268 3329 2784
3 3344 2857 2842
3 3344 2842 3329
3 3283 3344 3329
3 3283 3329 3268
3 3283 3268 2784
3 2799 3283 2784
3 2799 2784 2842
3 2857 2799 2842
3 3344 2857 2799
3 3283 3344 2799
3 8772 9280 9354
3 8881 8772 9354
3 9369 8896 8881
3 9369 8881 9354
3 9295 9369 9354
3 9295 9354 9280
3 9295 9280 8772
3 8787 9295 8772
3 8787 8772 8881
3 8896 8787 8881
3 8787 9295 9369
3 8896 8787 9369
3 11281 11333 8165
3 10998 11389 11281
3 10946 10998 11281
3 10834 10946 11281
3 10408 10886 10834
3 10346 10408 10834
3 10138 10294 10346
3 10200 10138 10346
3 9832 10200 10346
3 9280 9770 9832
3 9354 9280 9832
3 8881 9354 9832
3 7972 8772 8881
3 8032 7972 8881
3 7535 7840 7900
3 7601 7535 7900
3 6688 6968 7034
3 6754 6688 7034
3 5713 6394 6460
3 5781 5713 6460
3 5555 5781 6460
3 4851 5487 5555
3 4419 4759 4851
3 3268 4341 4419
3 3329 3268 4419
3 2842 3329 4419
3 2427 2784 2842
3 2485 2427 2842
3 2900 2367 2485
3 2960 2900 2485
3 3080 2960 2485
3 3809 3022 3080
3 3903 3809 3080
3 4174 3965 3903
3 4113 4174 3903
3 4924 4113 3903
3 5915 4984 4924
3 5853 5915 4924
3 6072 6263 5853
3 11281 8165 6072
3 10834 11281 6072
3 10346 10834 6072
3 9832 10346 6072
3 8881 9832 6072
3 8032 8881 6072
3 7900 8032 6072
3 7601 7900 6072
3 7034 7601 6072
3 6754 7034 6072
3 6460 6754 6072
3 5555 6460 6072
3 4851 5555 6072
3 4419 4851 6072
3 2842 4419 6072
3 2485 2842 6072
3 3080 2485 6072
3 3903 3080 6072
3 4924 3903 6072
3 5853 4924 6072
3 10946 10998 11389
3 3329 3268 4341
3 2960 2900 2367
3 4113 4174 3965
3 5915 4984 4924
3 4113 3965 3903
3 4924 4113 3903
3 5915 4924 3903
3 5853 5915 3903
3 6072 6263 5853
3 11281 11333 8165
3 10946 11389 11281
3 10834 10946 11281
3 10408 10886 10834
3 10346 10408 10834
3 10138 10294 10346
3 10200 10138 10346
3 9832 10200 10346
3 9280 9770 9832
3 9354 9280 9832
3 8881 9354 9832
3 7972 8772 8881
3 8032 7972 8881
3 7535 7840 7900
3 7601 7535 7900
3 6688 6968 7034
3 6754 6688 7034
3 5713 6394 6460
3 5781 5713 6460
3 5555 5781 6460
3 4851 5487 5555
3 4419 4759 4851
3 3329 4341 4419
3 2842 3329 4419
3 2427 2784 2842
3 2485 2427 2842
3 2960 2367 2485
3 3080 2960 2485
3 3809 3022 3080
3 3903 3809 3080
3 5853 3903 3080
3 6072 5853 3080
3 8165 6072 3080
3 11281 8165 3080
3 10834 11281 3080
3 10346 10834 3080
3 9832 10346 3080
3 8881 9832 3080
3 8032 8881 3080
3 7900 8032 3080
3 7601 7900 3080
3 7034 7601 3080
3 6754 7034 3080
3 6460 6754 3080
3 5555 6460 3080
3 4851 5555 3080
3 4419 4851 3080
3 2842 4419 3080
3 2485 2842 3080
3 11334 8166 8165
3 11334 8165 11333
3 11282 11334 11333
3 11282 11333 11281
3 11390 11282 11281
3 11390 11281 11389
3 10999 11390 11389
3 10999 11389 10998
3 10999 10998 10946
3 10947 10999 10946
3 10835 10947 10946
3 10835 10946 10834
3 10887 10835 10834
3 10887 10834 10886
3 10409 10887 10886
3 10409 10886 10408
3 10409 10408 10346
3 10347 10409 10346
3 10295 10347 10346
3 10295 10346 10294
3 10295 10294 10138
3 10139 10295 10138
3 10139 10138 10200
3 10201 10139 10200
3 10201 10200 9832
3 9833 10201 9832
3 9771 9833 9832
3 9771 9832 9770
3 9771 9770 9280
3 9281 9771 9280
3 9281 9280 9354
3 9355 9281 9354
3 9355 9354 8881
3 8882 9355 8881
3 8773 8882 8881
3 8773 8881 8772
3 8773 8772 7972
3 7973 8773 7972
3 7973 7972 8032
3 8033 7973 8032
3 8033 8032 7900
3 7901 8033 7900
3 7841 7901 7900
3 7841 7900 7840
3 7841 7840 7535
3 7536 7841 7535
3 7536 7535 7601
3 7602 7536 7601
3 7602 7601 7034
3 7035 7602 7034
3 6969 7035 7034
3 6969 7034 6968
3 6969 6968 6688
3 6689 6969 6688
3 6689 6688 6754
3 6755 6689 6754
3 6755 6754 6460
3 6461 6755 6460
3 6395 6461 6460
3 6395 6460 6394
3 6395 6394 5713
3 5714 6395 5713
3 5714 5713 5781
3 5782 5714 5781
3 5782 5781 5555
3 5556 5782 5555
3 5488 5556 5555
3 5488 5555 5487
3 5488 5487 4851
3 4852 5488 4851
3 4760 4852 4851
3 4760 4851 4759
3 4760 4759 4419
3 4420 4760 4419
3 4342 4420 4419
3 4342 4419 4341
3 4342 4341 3268
3 3269 4342 3268
3 3269 3268 3329
3 3330 3269 3329
3 3330 3329 2842
3 2843 3330 2842
3 2785 2843 2842
3 2785 2842 2784
3 2785 2784 2427
3 2428 2785 2427
3 2428 2427 2485
3 2486 2428 2485
3 2486 2485 2367
3 2368 2486 2367
3 2368 2367 2900
3 2901 2368 2900
3 2961 2901 2900
3 2961 2900 2960
3 2961 2960 3080
3 3081 2961 3080
3 3081 3080 3022
3 3023 3081 3022
3 3023 3022 3809
3 3810 3023 3809
3 3904 3810 3809
3 3904 3809 3903
3 3904 3903 3965
3 3966 3904 3965
3 4175 3966 3965
3 4175 3965 4174
3 4114 4175 4174
3 4114 4174 4113
3 4925 4114 4113
3 4925 4113 4924
3 4925 4924 4984
3 4985 4925 4984
3 5916 4985 4984
3 5916 4984 5915
3 5854 5916 5915
3 5854 5915 5853
3 6264 5854 5853
3 6264 5853 6263
3 6074 6264 6263
3 6074 6263 6072
3 8166 6074 6072
3 8166 6072 8165
3 10947 10999 11390
3 3330 3269 4342
3 2961 2901 2368
3 4114 4175 3966
3 5916 4985 4925
3 4114 3966 3904
3 4925 4114 3904
3 5916 4925 3904
3 5854 5916 3904
3 6074 6264 5854
3 11282 11334 8166
3 10947 11390 11282
3 10835 10947 11282
3 10409 10887 10835
3 10347 10409 10835
3 10139 10295 10347
3 10201 10139 10347
3 9833 10201 10347
3 9281 9771 9833
3 9355 9281 9833
3 8882 9355 9833
3 7973 8773 8882
3 8033 7973 8882
3 7536 7841 7901
3 7602 7536 7901
3 6689 6969 7035
3 6755 6689 7035
3 5714 6395 6461
3 5782 5714 6461
3 5556 5782 6461
3 4852 5488 5556
3 4420 4760 4852
3 3330 4342 4420
3 2843 3330 4420
3 2428 2785 2843
3 2486 2428 2843
3 2961 2368 2486
3 3081 2961 2486
3 3810 3023 3081
3 3904 3810 3081
3 5854 3904 3081
3 6074 5854 3081
3 8166 6074 3081
3 11282 8166 3081
3 10835 11282 3081
3 10347 10835 3081
3 9833 10347 3081
3 8882 9833 3081
3 8033 8882 3081
3 7901 8033 3081
3 7602 7901 3081
3 7035 7602 3081
3 6755 7035 3081
3 6461 6755 3081
3 5556 6461 3081
3 4852 5556 3081
3 4420 4852 3081
3 2843 4420 3081
3 2486 2843 3081
3 10947 10999 11390
3 3330 3269 4342
3 2961 2901 2368
3 4114 4175 3966
3 4114 3966 3904
3 4925 4114 3904
3 6269 4985 4925
3 6238 6269 4925
3 6074 6323 6238
3 11282 11334 8166
3 10947 11390 11282
3 10835 10947 11282
3 10409 10887 10835
3 10347 10409 10835
3 10139 10295 10347
3 10201 10139 10347
3 9833 10201 10347
3 9281 9771 9833
3 9355 9281 9833
3 8882 9355 9833
3 7973 8773 8882
3 8033 7973 8882
3 7536 7841 7901
3 7602 7536 7901
3 6689 6969 7035
3 6755 6689 7035
3 5714 6395 6461
3 5782 5714 6461
3 5556 5782 6461
3 4852 5488 5556
3 4420 4760 4852
3 3330 4342 4420
3 2843 3330 4420
3 2428 2785 2843
3 2486 2428 2843
3 2961 2368 2486
3 3081 2961 2486
3 3810 3023 3081
3 3904 3810 3081
3 4925 3904 3081
3 6238 4925 3081
3 6074 6238 3081
3 8166 6074 3081
3 11282 8166 3081
3 10835 11282 3081
3 10347 10835 3081
3 9833 10347 3081
3 8882 9833 3081
3 8033 8882 3081
3 7901 8033 3081
3 7602 7901 3081
3 7035 7602 3081
3 6755 7035 3081
3 6461 6755 3081
3 5556 6461 3081
3 4852 5556 3081
3 4420 4852 3081
3 2843 4420 3081
3 2486 2843 3081
3 11335 8167 8166
3 11335 8166 11334
3 11283 11335 11334
3 11283 11334 11282
3 11391 11283 11282
3 11391 11282 11390
3 11000 11391 11390
3 11000 11390 10999
3 11000 10999 10947
3 10948 11000 10947
3 10836 10948 10947
3 10836 10947 10835
3 10888 10836 10835
3 10888 10835 10887
3 10410 10888 10887
3 10410 10887 10409
3 10410 10409 10347
3 10348 10410 10347
3 10296 10348 10347
3 10296 10347 10295
3 10296 10295 10139
3 10140 10296 10139
3 10140 10139 10201
3 10202 10140 10201
3 10202 10201 9833
3 9834 10202 9833
3 9772 9834 9833
3 9772 9833 9771
3 9772 9771 9281
3 9282 9772 9281
3 9282 9281 9355
3 9356 9282 9355
3 9356 9355 8882
3 8883 9356 8882
3 8774 8883 8882
3 8774 8882 8773
3 8774 8773 7973
3 7974 8774 7973
3 7974 7973 8033
3 8034 7974 8033
3 8034 8033 7901
3 7902 8034 7901
3 7842 7902 7901
3 7842 7901 7841
3 7842 7841 7536
3 7537 7842 7536
3 7537 7536 7602
3 7603 7537 7602
3 7603 7602 7035
3 7036 7603 7035
3 6970 7036 7035
3 6970 7035 6969
3 6970 6969 6689
3 6690 6970 6689
3 6690 6689 6755
3 6756 6690 6755
3 6756 6755 6461
3 6462 6756 6461
3 6396 6462 6461
3 6396 6461 6395
3 6396 6395 5714
3 5715 6396 5714
3 5715 5714 5782
3 5783 5715 5782
3 5783 5782 5556
3 5557 5783 5556
3 5489 5557 5556
3 5489 5556 5488
3 5489 5488 4852
3 4853 5489 4852
3 4761 4853 4852
3 4761 4852 4760
3 4761 4760 4420
3 4421 4761 4420
3 4343 4421 4420
3 4343 4420 4342
3 4343 4342 3269
3 3270 4343 3269
3 3270 3269 3330
3 3331 3270 3330
3 3331 3330 2843
3 2844 3331 2843
3 2786 2844 2843
3 2786 2843 2785
3 2786 2785 2428
3 2429 2786 2428
3 2429 2428 2486
3 2487 2429 2486
3 2487 2486 2368
3 2369 2487 2368
3 2369 2368 2901
3 2902 2369 2901
3 2962 2902 2901
3 2962 2901 2961
3 2962 2961 3081
3 3082 2962 3081
3 3082 3081 3023
3 3024 3082 3023
3 3024 3023 3810
3 3811 3024 3810
3 3905 3811 3810
3 3905 3810 3904
3 3905 3904 3966
3 3967 3905 3966
3 4176 3967 3966
3 4176 3966 4175
3 4115 4176 4175
3 4115 4175 4114
3 4926 4115 4114
3 4926 4114 4925
3 4926 4925 4985
3 4986 4926 4985
3 6270 4986 4985
3 6270 4985 6269
3 6239 6270 6269
3 6239 6269 6238
3 6324 6239 6238
3 6324 6238 6323
3 6075 6324 6323
3 6075 6323 6074
3 8167 6075 6074
3 8167 6074 8166
3 10948 11000 11391
3 3331 3270 4343
3 2962 2902 2369
3 4115 4176 3967
3 4115 3967 3905
3 4926 4115 3905
3 6270 4986 4926
3 6239 6270 4926
3 6075 6324 6239
3 11283 11335 8167
3 10948 11391 11283
3 10836 10948 11283
3 10410 10888 10836
3 10348 10410 10836
3 10140 10296 10348
3 10202 10140 10348
3 9834 10202 10348
3 9282 9772 9834
3 9356 9282 9834
3 8883 9356 9834
3 7974 8774 8883
3 8034 7974 8883
3 7537 7842 7902
3 7603 7537 7902
3 6690 6970 7036
3 6756 6690 7036
3 5715 6396 6462
3 5783 5715 6462
3 5557 5783 6462
3 4853 5489 5557
3 4421 4761 4853
3 3331 4343 4421
3 2844 3331 4421
3 2429 2786 2844
3 2487 2429 2844
3 2962 2369 2487
3 3082 2962 2487
3 3811 3024 3082
3 3905 3811 3082
3 4926 3905 3082
3 6239 4926 3082
3 6075 6239 3082
3 8167 6075 3082
3 11283 8167 3082
3 10836 11283 3082
3 10348 10836 3082
3 9834 10348 3082
3 8883 9834 3082
3 8034 8883 3082
3 7902 8034 3082
3 7603 7902 3082
3 7036 7603 3082
3 6756 7036 3082
3 6462 6756 3082
3 5557 6462 3082
3 4853 5557 3082
3 4421 4853 3082
3 2844 4421 3082
3 2487 2844 3082
3 6238 6323 6346
3 6269 6238 6346
3 6337 6323 6238
3 6252 6337 6238
3 6252 6238 6269
3 6283 6252 6269
3 6347 6283 6269
3 6347 6269 6346
3 6337 6347 6346
3 6337 6346 6323
3 6252 6337 6347
3 6283 6252 6347
3 7471 6904 8557
3 8690 7471 8557
3 6903 6904 8557
3 8556 6903 8557
3 8689 8556 8557
3 8689 8557 8690
3 7470 8689 8690
3 7470 8690 7471
3 7470 7471 6904
3 6903 7470 6904
3 7470 6903 8556
3 8689 7470 8556
3 11237 10489 10770
3 11512 11237 10770
3 10488 10489 10770
3 10769 10488 10770
3 11511 10769 10770
3 11511 10770 11512
3 11236 11511 11512
3 11236 11512 11237
3 11236 11237 10489
3 10488 11236 10489
3 11236 10488 10769
3 11511 11236 10769
3 2208 2563 3716
3 3412 2208 3716
3 3715 2562 2563
3 3715 2563 3716
3 3411 3715 3716
3 3411 3716 3412
3 3411 3412 2208
3 2207 3411 2208
3 2207 2208 2563
3 2562 2207 2563
3 2207 2562 3715
3 3411 2207 3715
3 6072 9940 10060
3 6317 6072 10060
3 10059 9939 9940
3 10059 9940 10060
3 6316 10059 10060
3 6316 10060 6317
3 6316 6317 6072
3 6071 6316 6072
3 6071 6072 9940
3 9939 6071 9940
3 6071 9939 10059
3 6316 6071 10059
3 4505 4276 5363
3 4710 4505 5363
3 4851 4710 5363
3 5641 4851 5363
3 4275 4276 5363
3 5362 4275 5363
3 5640 5362 5363
3 5640 5363 5641
3 4850 5640 5641
3 4850 5641 4851
3 4850 4851 4710
3 4709 4850 4710
3 4504 4709 4710
3 4504 4710 4505
3 4504 4505 4276
3 4275 4504 4276
3 4504 4275 5362
3 4709 4504 5362
3 4850 4709 5362
3 5640 4850 5362
3 6300 6072 6153
3 6344 6300 6153
3 6073 6072 6300
3 6301 6073 6300
3 6345 6301 6300
3 6345 6300 6344
3 6154 6345 6344
3 6154 6344 6153
3 6154 6153 6072
3 6073 6154 6072
3 6301 6073 6154
3 6345 6301 6154
3 8690 8617 8486
3 8557 8690 8486
3 6904 8557 8486
3 7667 7471 6904
3 7098 7667 6904
3 8486 7098 6904
3 8691 8618 8617
3 8691 8617 8690
3 8558 8691 8690
3 8558 8690 8557
3 8558 8557 6904
3 6905 8558 6904
3 6905 6904 7471
3 7472 6905 7471
3 7668 7472 7471
3 7668 7471 7667
3 7099 7668 7667
3 7099 7667 7098
3 8487 7099 7098
3 8487 7098 8486
3 8487 8486 8617
3 8618 8487 8617
3 8691 8618 8487
3 8558 8691 8487
3 6905 8558 8487
3 7668 7472 6905
3 7099 7668 6905
3 8487 7099 6905
3 11237 11177 11454
3 11512 11237 11454
3 10770 11512 11454
3 10547 10489 10770
3 10698 10547 10770
3 11454 10698 10770
3 11178 11177 11237
3 11238 11178 11237
3 11513 11238 11237
3 11513 11237 11512
3 10771 11513 11512
3 10771 11512 10770
3 10771 10770 10489
3 10490 10771 10489
3 10490 10489 10547
3 10548 10490 10547
3 10699 10548 10547
3 10699 10547 10698
3 10699 10698 11454
3 11455 10699 11454
3 11455 11454 11177
3 11178 11455 11177
3 11238 11178 11455
3 11513 11238 11455
3 10771 11513 11455
3 10548 10490 10771
3 10699 10548 10771
3 11455 10699 10771
3 3506 3644 3716
3 2563 2626 2275
3 2208 2563 2275
3 3412 2208 2275
3 3506 3716 3412
3 2275 3506 3412
3 3645 3644 3506
3 3507 3645 3506
3 2276 3507 3506
3 2276 3506 2275
3 2627 2276 2275
3 2627 2275 2626
3 2564 2627 2626
3 2564 2626 2563
3 2564 2563 2208
3 2209 2564 2208
3 2209 2208 3412
3 3413 2209 3412
3 3717 3413 3412
3 3717 3412 3716
3 3645 3717 3716
3 3645 3716 3644
3 3507 3645 3717
3 2564 2627 2276
3 2209 2564 2276
3 3413 2209 2276
3 3507 3717 3413
3 2276 3507 3413
3 6317 6300 10000
3 10060 6317 10000
3 9940 10060 10000
3 9882 9940 10000
3 6301 6300 6317
3 6318 6301 6317
3 10061 6318 6317
3 10061 6317 10060
3 9941 10061 10060
3 9941 10060 9940
3 9941 9940 9882
3 9883 9941 9882
3 9883 9882 10000
3 10001 9883 10000
3 10001 10000 6300
3 6301 10001 6300
3 6318 6301 10001
3 10061 6318 10001
3 9941 10061 10001
3 9883 9941 10001
3 4574 4653 4505
3 5641 5429 5285
3 5363 5641 5285
3 4276 5363 5285
3 4574 4505 4276
3 5285 4574 4276
3 4575 4654 4653
3 4575 4653 4574
3 5286 4575 4574
3 5286 4574 5285
3 5286 5285 5429
3 5430 5286 5429
3 5642 5430 5429
3 5642 5429 5641
3 5364 5642 5641
3 5364 5641 5363
3 5364 5363 4276
3 4277 5364 4276
3 4277 4276 4505
3 4506 4277 4505
3 4654 4506 4505
3 4654 4505 4653
3 4575 4654 4506
3 5642 5430 5286
3 5364 5642 5286
3 4277 5364 5286
3 4575 4506 4277
3 5286 4575 4277
3 7474 6907 8560
3 8693 7474 8560
3 6906 6907 8560
3 8559 6906 8560
3 8692 8559 8560
3 8692 8560 8693
3 7473 8692 8693
3 7473 8693 7474
3 7473 7474 6907
3 6906 7473 6907
3 7473 6906 8559
3 8692 7473 8559
3 11240 10492 10773
3 11515 11240 10773
3 10491 10492 10773
3 10772 10491 10773
3 11514 10772 10773
3 11514 10773 11515
3 11239 11514 11515
3 11239 11515 11240
3 11239 11240 10492
3 10491 11239 10492
3 11239 10491 10772
3 11514 11239 10772
3 2211 2566 3719
3 3415 2211 3719
3 3718 2565 2566
3 3718 2566 3719
3 3414 3718 3719
3 3414 3719 3415
3 3414 3415 2211
3 2210 3414 2211
3 2210 2211 2566
3 2565 2210 2566
3 2210 2565 3718
3 3414 2210 3718
3 4508 4279 5366
3 4712 4508 5366
3 4854 4712 5366
3 5644 4854 5366
3 4278 4279 5366
3 5365 4278 5366
3 5643 5365 5366
3 5643 5366 5644
3 4853 5643 5644
3 4853 5644 4854
3 4853 4854 4712
3 4711 4853 4712
3 4507 4711 4712
3 4507 4712 4508
3 4507 4508 4279
3 4278 4507 4279
3 4507 4278 5365
3 4711 4507 5365
3 4853 4711 5365
3 5643 4853 5365
3 8693 8619 8488
3 8560 8693 8488
3 6907 8560 8488
3 7669 7474 6907
3 7100 7669 6907
3 8488 7100 6907
3 8694 8620 8619
3 8694 8619 8693
3 8561 8694 8693
3 8561 8693 8560
3 8561 8560 6907
3 6908 8561 6907
3 6908 6907 7474
3 7475 6908 7474
3 7670 7475 7474
3 7670 7474 7669
3 7101 7670 7669
3 7101 7669 7100
3 8489 7101 7100
3 8489 7100 8488
3 8489 8488 8619
3 8620 8489 8619
3 8694 8620 8489
3 8561 8694 8489
3 6908 8561 8489
3 7670 7475 6908
3 7101 7670 6908
3 8489 7101 6908
3 11240 11179 11456
3 11515 11240 11456
3 10773 11515 11456
3 10549 10492 10773
3 10700 10549 10773
3 11456 10700 10773
3 11180 11179 11240
3 11241 11180 11240
3 11516 11241 11240
3 11516 11240 11515
3 10774 11516 11515
3 10774 11515 10773
3 10774 10773 10492
3 10493 10774 10492
3 10493 10492 10549
3 10550 10493 10549
3 10701 10550 10549
3 10701 10549 10700
3 10701 10700 11456
3 11457 10701 11456
3 11457 11456 11179
3 11180 11457 11179
3 11241 11180 11457
3 11516 11241 11457
3 10774 11516 11457
3 10550 10493 10774
3 10701 10550 10774
3 11457 10701 10774
3 3508 3646 3719
3 2566 2628 2277
3 2211 2566 2277
3 3415 2211 2277
3 3508 3719 3415
3 2277 3508 3415
3 3647 3646 3508
3 3509 3647 3508
3 2278 3509 3508
3 2278 3508 2277
3 2629 2278 2277
3 2629 2277 2628
3 2567 2629 2628
3 2567 2628 2566
3 2567 2566 2211
3 2212 2567 2211
3 2212 2211 3415
3 3416 2212 3415
3 3720 3416 3415
3 3720 3415 3719
3 3647 3720 3719
3 3647 3719 3646
3 3509 3647 3720
3 2567 2629 2278
3 2212 2567 2278
3 3416 2212 2278
3 3509 3720 3416
3 2278 3509 3416
3 4576 4655 4508
3 5644 5431 5287
3 5366 5644 5287
3 4279 5366 5287
3 4576 4508 4279
3 5287 4576 4279
3 4577 4656 4655
3 4577 4655 4576
3 5288 4577 4576
3 5288 4576 5287
3 5288 5287 5431
3 5432 5288 5431
3 5645 5432 5431
3 5645 5431 5644
3 5367 5645 5644
3 5367 5644 5366
3 5367 5366 4279
3 4280 5367 4279
3 4280 4279 4508
3 4509 4280 4508
3 4656 4509 4508
3 4656 4508 4655
3 4577 4656 4509
3 5645 5432 5288
3 5367 5645 5288
3 4280 5367 5288
3 4577 4509 4280
3 5288 4577 4280
3 7477 6910 8563
3 8696 7477 8563
3 6909 6910 8563
3 8562 6909 8563
3 8695 8562 8563
3 8695 8563 8696
3 7476 8695 8696
3 7476 8696 7477
3 7476 7477 6910
3 6909 7476 6910
3 7476 6909 8562
3 8695 7476 8562
3 11243 10495 10776
3 11518 11243 10776
3 10494 10495 10776
3 10775 10494 10776
3 11517 10775 10776
3 11517 10776 11518
3 11242 11517 11518
3 11242 11518 11243
3 11242 11243 10495
3 10494 11242 10495
3 11242 10494 10775
3 11517 11242 10775
3 2214 2569 3722
3 3418 2214 3722
3 3721 2568 2569
3 3721 2569 3722
3 3417 3721 3722
3 3417 3722 3418
3 3417 3418 2214
3 2213 3417 2214
3 2213 2214 2569
3 2568 2213 2569
3 2213 2568 3721
3 3417 2213 3721
3 4511 4282 5369
3 4714 4511 5369
3 4856 4714 5369
3 5647 4856 5369
3 4281 4282 5369
3 5368 4281 5369
3 5646 5368 5369
3 5646 5369 5647
3 4855 5646 5647
3 4855 5647 4856
3 4855 4856 4714
3 4713 4855 4714
3 4510 4713 4714
3 4510 4714 4511
3 4510 4511 4282
3 4281 4510 4282
3 4510 4281 5368
3 4713 4510 5368
3 4855 4713 5368
3 5646 4855 5368
3 8696 8621 8490
3 8563 8696 8490
3 6910 8563 8490
3 7671 7477 6910
3 7102 7671 6910
3 8490 7102 6910
3 8697 8622 8621
3 8697 8621 8696
3 8564 8697 8696
3 8564 8696 8563
3 8564 8563 6910
3 6911 8564 6910
3 6911 6910 7477
3 7478 6911 7477
3 7672 7478 7477
3 7672 7477 7671
3 7103 7672 7671
3 7103 7671 7102
3 8491 7103 7102
3 8491 7102 8490
3 8491 8490 8621
3 8622 8491 8621
3 8697 8622 8491
3 8564 8697 8491
3 6911 8564 8491
3 7672 7478 6911
3 7103 7672 6911
3 8491 7103 6911
3 11243 11181 11458
3 11518 11243 11458
3 10776 11518 11458
3 10551 10495 10776
3 10702 10551 10776
3 11458 10702 10776
3 11182 11181 11243
3 11244 11182 11243
3 11519 11244 11243
3 11519 11243 11518
3 10777 11519 11518
3 10777 11518 10776
3 10777 10776 10495
3 10496 10777 10495
3 10496 10495 10551
3 10552 10496 10551
3 10703 10552 10551
3 10703 10551 10702
3 10703 10702 11458
3 11459 10703 11458
3 11459 11458 11181
3 11182 11459 11181
3 11244 11182 11459
3 11519 11244 11459
3 10777 11519 11459
3 10552 10496 10777
3 10703 10552 10777
3 11459 10703 10777
3 3510 3648 3722
3 2569 2630 2279
3 2214 2569 2279
3 3418 2214 2279
3 3510 3722 3418
3 2279 3510 3418
3 3649 3648 3510
3 3511 3649 3510
3 2280 3511 3510
3 2280 3510 2279
3 2631 2280 2279
3 2631 2279 2630
3 2570 2631 2630
3 2570 2630 2569
3 2570 2569 2214
3 2215 2570 2214
3 2215 2214 3418
3 3419 2215 3418
3 3723 3419 3418
3 3723 3418 3722
3 3649 3723 3722
3 3649 3722 3648
3 3511 3649 3723
3 2570 2631 2280
3 2215 2570 2280
3 3419 2215 2280
3 3511 3723 3419
3 2280 3511 3419
3 4578 4657 4511
3 5647 5433 5289
3 5369 5647 5289
3 4282 5369 5289
3 4578 4511 4282
3 5289 4578 4282
3 4579 4658 4657
3 4579 4657 4578
3 5290 4579 4578
3 5290 4578 5289
3 5290 5289 5433
3 5434 5290 5433
3 5648 5434 5433
3 5648 5433 5647
3 5370 5648 5647
3 5370 5647 5369
3 5370 5369 4282
3 4283 5370 4282
3 4283 4282 4511
3 4512 4283 4511
3 4658 4512 4511
3 4658 4511 4657
3 4579 4658 4512
3 5648 5434 5290
3 5370 5648 5290
3 4283 5370 5290
3 4579 4512 4283
3 5290 4579 4283
3 7480 6913 8566
3 8699 7480 8566
3 6912 6913 8566
3 8565 6912 8566
3 8698 8565 8566
3 8698 8566 8699
3 7479 8698 8699
3 7479 8699 7480
3 7479 7480 6913
3 6912 7479 6913
3 7479 6912 8565
3 8698 7479 8565
3 2217 2572 3725
3 3421 2217 3725
3 3724 2571 2572
3 3724 2572 3725
3 3420 3724 3725
3 3420 3725 3421
3 3420 3421 2217
3 2216 3420 2217
3 2216 2217 2572
3 2571 2216 2572
3 2216 2571 3724
3 3420 2216 3724
3 4514 4285 5372
3 4716 4514 5372
3 4858 4716 5372
3 5650 4858 5372
3 4284 4285 5372
3 5371 4284 5372
3 5649 5371 5372
3 5649 5372 5650
3 4857 5649 5650
3 4857 5650 4858
3 4857 4858 4716
3 4715 4857 4716
3 4513 4715 4716
3 4513 4716 4514
3 4513 4514 4285
3 4284 4513 4285
3 4513 4284 5371
3 4715 4513 5371
3 4857 4715 5371
3 5649 4857 5371
3 8699 8623 8492
3 8566 8699 8492
3 6913 8566 8492
3 7673 7480 6913
3 7104 7673 6913
3 8492 7104 6913
3 8700 8624 8623
3 8700 8623 8699
3 8567 8700 8699
3 8567 8699 8566
3 8567 8566 6913
3 6914 8567 6913
3 6914 6913 7480
3 7481 6914 7480
3 7674 7481 7480
3 7674 7480 7673
3 7105 7674 7673
3 7105 7673 7104
3 8493 7105 7104
3 8493 7104 8492
3 8493 8492 8623
3 8624 8493 8623
3 8700 8624 8493
3 8567 8700 8493
3 6914 8567 8493
3 7674 7481 6914
3 7105 7674 6914
3 8493 7105 6914
3 3512 3650 3725
3 2572 2632 2281
3 2217 2572 2281
3 3421 2217 2281
3 3512 3725 3421
3 2281 3512 3421
3 3651 3650 3512
3 3513 3651 3512
3 2282 3513 3512
3 2282 3512 2281
3 2633 2282 2281
3 2633 2281 2632
3 2573 2633 2632
3 2573 2632 2572
3 2573 2572 2217
3 2218 2573 2217
3 2218 2217 3421
3 3422 2218 3421
3 3726 3422 3421
3 3726 3421 3725
3 3651 3726 3725
3 3651 3725 3650
3 3513 3651 3726
3 2573 2633 2282
3 2218 2573 2282
3 3422 2218 2282
3 3513 3726 3422
3 2282 3513 3422
3 4580 4659 4514
3 5650 5435 5291
3 5372 5650 5291
3 4285 5372 5291
3 4580 4514 4285
3 5291 4580 4285
3 4581 4660 4659
3 4581 4659 4580
3 5292 4581 4580
3 5292 4580 5291
3 5292 5291 5435
3 5436 5292 5435
3 5651 5436 5435
3 5651 5435 5650
3 5373 5651 5650
3 5373 5650 5372
3 5373 5372 4285
3 4286 5373 4285
3 4286 4285 4514
3 4515 4286 4514
3 4660 4515 4514
3 4660 4514 4659
3 4581 4660 4515
3 5651 5436 5292
3 5373 5651 5292
3 4286 5373 5292
3 4581 4515 4286
3 5292 4581 4286
3 7483 6916 8569
3 8702 7483 8569
3 6915 6916 8569
3 8568 6915 8569
3 8701 8568 8569
3 8701 8569 8702
3 7482 8701 8702
3 7482 8702 7483
3 7482 7483 6916
3 6915 7482 6916
3 7482 6915 8568
3 8701 7482 8568
3 2220 2575 3728
3 3424 2220 3728
3 3727 2574 2575
3 3727 2575 3728
3 3423 3727 3728
3 3423 3728 3424
3 3423 3424 2220
3 2219 3423 2220
3 2219 2220 2575
3 2574 2219 2575
3 2219 2574 3727
3 3423 2219 3727
3 4517 4288 5375
3 4718 4517 5375
3 4860 4718 5375
3 5653 4860 5375
3 4287 4288 5375
3 5374 4287 5375
3 5652 5374 5375
3 5652 5375 5653
3 4859 5652 5653
3 4859 5653 4860
3 4859 4860 4718
3 4717 4859 4718
3 4516 4717 4718
3 4516 4718 4517
3 4516 4517 4288
3 4287 4516 4288
3 4516 4287 5374
3 4717 4516 5374
3 4859 4717 5374
3 5652 4859 5374
3 8702 8625 8494
3 8569 8702 8494
3 6916 8569 8494
3 7675 7483 6916
3 7106 7675 6916
3 8494 7106 6916
3 8703 8626 8625
3 8703 8625 8702
3 8570 8703 8702
3 8570 8702 8569
3 8570 8569 6916
3 6917 8570 6916
3 6917 6916 7483
3 7484 6917 7483
3 7676 7484 7483
3 7676 7483 7675
3 7107 7676 7675
3 7107 7675 7106
3 8495 7107 7106
3 8495 7106 8494
3 8495 8494 8625
3 8626 8495 8625
3 8703 8626 8495
3 8570 8703 8495
3 6917 8570 8495
3 7676 7484 6917
3 7107 7676 6917
3 8495 7107 6917
3 3514 3652 3728
3 2575 2634 2283
3 2220 2575 2283
3 3424 2220 2283
3 3514 3728 3424
3 2283 3514 3424
3 3653 3652 3514
3 3515 3653 3514
3 2284 3515 3514
3 2284 3514 2283
3 2635 2284 2283
3 2635 2283 2634
3 2576 2635 2634
3 2576 2634 2575
3 2576 2575 2220
3 2221 2576 2220
3 2221 2220 3424
3 3425 2221 3424
3 3729 3425 3424
3 3729 3424 3728
3 3653 3729 3728
3 3653 3728 3652
3 3515 3653 3729
3 2576 2635 2284
3 2221 2576 2284
3 3425 2221 2284
3 3515 3729 3425
3 2284 3515 3425
3 4582 4661 4517
3 5653 5437 5293
3 5375 5653 5293
3 4288 5375 5293
3 4582 4517 4288
3 5293 4582 4288
3 4583 4662 4661
3 4583 4661 4582
3 5294 4583 4582
3 5294 4582 5293
3 5294 5293 5437
3 5438 5294 5437
3 5654 5438 5437
3 5654 5437 5653
3 5376 5654 5653
3 5376 5653 5375
3 5376 5375 4288
3 4289 5376 4288
3 4289 4288 4517
3 4518 4289 4517
3 4662 4518 4517
3 4662 4517 4661
3 4583 4662 4518
3 5654 5438 5294
3 5376 5654 5294
3 4289 5376 5294
3 4583 4518 4289
3 5294 4583 4289
3 7486 6919 8572
3 8705 7486 8572
3 6918 6919 8572
3 8571 6918 8572
3 8704 8571 8572
3 8704 8572 8705
3 7485 8704 8705
3 7485 8705 7486
3 7485 7486 6919
3 6918 7485 6919
3 7485 6918 8571
3 8704 7485 8571
3 2223 2578 3731
3 3427 2223 3731
3 3730 2577 2578
3 3730 2578 3731
3 3426 3730 3731
3 3426 3731 3427
3 3426 3427 2223
3 2222 3426 2223
3 2222 2223 2578
3 2577 2222 2578
3 2222 2577 3730
3 3426 2222 3730
3 4520 4291 5378
3 4720 4520 5378
3 4862 4720 5378
3 5656 4862 5378
3 4290 4291 5378
3 5377 4290 5378
3 5655 5377 5378
3 5655 5378 5656
3 4861 5655 5656
3 4861 5656 4862
3 4861 4862 4720
3 4719 4861 4720
3 4519 4719 4720
3 4519 4720 4520
3 4519 4520 4291
3 4290 4519 4291
3 4519 4290 5377
3 4719 4519 5377
3 4861 4719 5377
3 5655 4861 5377
3 8705 8627 8496
3 8572 8705 8496
3 6919 8572 8496
3 7677 7486 6919
3 7108 7677 6919
3 8496 7108 6919
3 8706 8628 8627
3 8706 8627 8705
3 8573 8706 8705
3 8573 8705 8572
3 8573 8572 6919
3 6920 8573 6919
3 6920 6919 7486
3 7487 6920 7486
3 7678 7487 7486
3 7678 7486 7677
3 7109 7678 7677
3 7109 7677 7108
3 8497 7109 7108
3 8497 7108 8496
3 8497 8496 8627
3 8628 8497 8627
3 8706 8628 8497
3 8573 8706 8497
3 6920 8573 8497
3 7678 7487 6920
3 7109 7678 6920
3 8497 7109 6920
3 3516 3654 3731
3 2578 2636 2285
3 2223 2578 2285
3 3427 2223 2285
3 3516 3731 3427
3 2285 3516 3427
3 3655 3654 3516
3 3517 3655 3516
3 2286 3517 3516
3 2286 3516 2285
3 2637 2286 2285
3 2637 2285 2636
3 2579 2637 2636
3 2579 2636 2578
3 2579 2578 2223
3 2224 2579 2223
3 2224 2223 3427
3 3428 2224 3427
3 3732 3428 3427
3 3732 3427 3731
3 3655 3732 3731
3 3655 3731 3654
3 3517 3655 3732
3 2579 2637 2286
3 2224 2579 2286
3 3428 2224 2286
3 3517 3732 3428
3 2286 3517 3428
3 4584 4663 4520
3 5656 5439 5295
3 5378 5656 5295
3 4291 5378 5295
3 4584 4520 4291
3 5295 4584 4291
3 4585 4664 4663
3 4585 4663 4584
3 5296 4585 4584
3 5296 4584 5295
3 5296 5295 5439
3 5440 5296 5439
3 5657 5440 5439
3 5657 5439 5656
3 5379 5657 5656
3 5379 5656 5378
3 5379 5378 4291
3 4292 5379 4291
3 4292 4291 4520
3 4521 4292 4520
3 4664 4521 4520
3 4664 4520 4663
3 4585 4664 4521
3 5657 5440 5296
3 5379 5657 5296
3 4292 5379 5296
3 4585 4521 4292
3 5296 4585 4292
3 7489 6922 8575
3 8708 7489 8575
3 6921 6922 8575
3 8574 6921 8575
3 8707 8574 8575
3 8707 8575 8708
3 7488 8707 8708
3 7488 8708 7489
3 7488 7489 6922
3 6921 7488 6922
3 7488 6921 8574
3 8707 7488 8574
3 2226 2581 3734
3 3430 2226 3734
3 3733 2580 2581
3 3733 2581 3734
3 3429 3733 3734
3 3429 3734 3430
3 3429 3430 2226
3 2225 3429 2226
3 2225 2226 2581
3 2580 2225 2581
3 2225 2580 3733
3 3429 2225 3733
3 4523 4294 5381
3 4722 4523 5381
3 4864 4722 5381
3 5659 4864 5381
3 4293 4294 5381
3 5380 4293 5381
3 5658 5380 5381
3 5658 5381 5659
3 4863 5658 5659
3 4863 5659 4864
3 4863 4864 4722
3 4721 4863 4722
3 4522 4721 4722
3 4522 4722 4523
3 4522 4523 4294
3 4293 4522 4294
3 4522 4293 5380
3 4721 4522 5380
3 4863 4721 5380
3 5658 4863 5380
3 8708 8629 8498
3 8575 8708 8498
3 6922 8575 8498
3 7679 7489 6922
3 7110 7679 6922
3 8498 7110 6922
3 8709 8630 8629
3 8709 8629 8708
3 8576 8709 8708
3 8576 8708 8575
3 8576 8575 6922
3 6923 8576 6922
3 6923 6922 7489
3 7490 6923 7489
3 7680 7490 7489
3 7680 7489 7679
3 7111 7680 7679
3 7111 7679 7110
3 8499 7111 7110
3 8499 7110 8498
3 8499 8498 8629
3 8630 8499 8629
3 8709 8630 8499
3 8576 8709 8499
3 6923 8576 8499
3 7680 7490 6923
3 7111 7680 6923
3 8499 7111 6923
3 3518 3656 3734
3 2581 2638 2287
3 2226 2581 2287
3 3430 2226 2287
3 3518 3734 3430
3 2287 3518 3430
3 3657 3656 3518
3 3519 3657 3518
3 2288 3519 3518
3 2288 3518 2287
3 2639 2288 2287
3 2639 2287 2638
3 2582 2639 2638
3 2582 2638 2581
3 2582 2581 2226
3 2227 2582 2226
3 2227 2226 3430
3 3431 2227 3430
3 3735 3431 3430
3 3735 3430 3734
3 3657 3735 3734
3 3657 3734 3656
3 3519 3657 3735
3 2582 2639 2288
3 2227 2582 2288
3 3431 2227 2288
3 3519 3735 3431
3 2288 3519 3431
3 4586 4665 4523
3 5659 5441 5297
3 5381 5659 5297
3 4294 5381 5297
3 4586 4523 4294
3 5297 4586 4294
3 4587 4666 4665
3 4587 4665 4586
3 5298 4587 4586
3 5298 4586 5297
3 5298 5297 5441
3 5442 5298 5441
3 5660 5442 5441
3 5660 5441 5659
3 5382 5660 5659
3 5382 5659 5381
3 5382 5381 4294
3 4295 5382 4294
3 4295 4294 4523
3 4524 4295 4523
3 4666 4524 4523
3 4666 4523 4665
3 4587 4666 4524
3 5660 5442 5298
3 5382 5660 5298
3 4295 5382 5298
3 4587 4524 4295
3 5298 4587 4295
3 9884 9943 10063
3 10002 9884 10063
3 7720 10002 10063
3 7121 7300 7720
3 7696 7121 7720
3 10063 7696 7720
3 9885 9884 10002
3 10003 9885 10002
3 10003 10002 7720
3 7721 10003 7720
3 7301 7721 7720
3 7301 7720 7300
3 7301 7300 7121
3 7122 7301 7121
3 7122 7121 7696
3 7697 7122 7696
3 10064 7697 7696
3 10064 7696 10063
3 9944 10064 10063
3 9944 10063 9943
3 9944 9943 9884
3 9885 9944 9884
3 9885 9944 10064
3 10003 9885 10064
3 7721 10003 10064
3 7122 7301 7721
3 7697 7122 7721
3 10064 7697 7721
3 9886 9946 10066
3 10004 9886 10066
3 7722 10004 10066
3 7124 7302 7722
3 7699 7124 7722
3 10066 7699 7722
3 9887 9886 10004
3 10005 9887 10004
3 10005 10004 7722
3 7723 10005 7722
3 7303 7723 7722
3 7303 7722 7302
3 7303 7302 7124
3 7125 7303 7124
3 7125 7124 7699
3 7700 7125 7699
3 10067 7700 7699
3 10067 7699 10066
3 9947 10067 10066
3 9947 10066 9946
3 9947 9946 9886
3 9887 9947 9886
3 9887 9947 10067
3 10005 9887 10067
3 7723 10005 10067
3 7125 7303 7723
3 7700 7125 7723
3 10067 7700 7723
3 9945 10065 7698
3 7123 9945 7698
3 9946 10066 10065
3 9946 10065 9945
3 9946 9945 7123
3 7124 9946 7123
3 7124 7123 7698
3 7699 7124 7698
3 10066 7699 7698
3 10066 7698 10065
3 9946 10066 7699
3 7124 9946 7699
3 9942 10062 7695
3 7120 9942 7695
3 9943 10063 10062
3 9943 10062 9942
3 9943 9942 7120
3 7121 9943 7120
3 7121 7120 7695
3 7696 7121 7695
3 10063 7696 7695
3 10063 7695 10062
3 9943 10063 7696
3 7121 9943 7696
3 10068 7701 7126
3 11572 10068 7126
3 10497 10778 11572
3 11409 10497 11572
3 7126 11409 11572
3 10069 7702 7701
3 10069 7701 10068
3 11573 10069 10068
3 11573 10068 11572
3 10779 11573 11572
3 10779 11572 10778
3 10779 10778 10497
3 10498 10779 10497
3 10498 10497 11409
3 11410 10498 11409
3 11410 11409 7126
3 7127 11410 7126
3 7127 7126 7701
3 7702 7127 7701
3 10069 7702 7127
3 11573 10069 7127
3 10498 10779 11573
3 11410 10498 11573
3 7127 11410 11573
3 7127 7304 7724
3 7702 7127 7724
3 11573 7702 7724
3 10553 10498 10779
3 10704 10553 10779
3 11562 10704 10779
3 11573 7724 11562
3 10779 11573 11562
3 7305 7304 7127
3 7128 7305 7127
3 7703 7702 7127
3 7703 7127 7128
3 11573 7702 7703
3 11574 11573 7703
3 10780 11574 11573
3 10780 11573 10779
3 10780 10779 10498
3 10499 10780 10498
3 10554 10553 10498
3 10554 10498 10499
3 10704 10553 10554
3 10705 10704 10554
3 11563 11562 10704
3 11563 10704 10705
3 11563 11562 7724
3 7725 11563 7724
3 7305 7725 7724
3 7305 7724 7304
3 7128 7305 7725
3 7703 7128 7725
3 11574 7703 7725
3 10554 10499 10780
3 10705 10554 10780
3 11563 10705 10780
3 11574 7725 11563
3 10780 11574 11563
3 10070 7704 7129
3 11575 10070 7129
3 10500 10781 11575
3 11411 10500 11575
3 7129 11411 11575
3 10071 7705 7704
3 10071 7704 10070
3 11576 10071 10070
3 11576 10070 11575
3 10782 11576 11575
3 10782 11575 10781
3 10782 10781 10500
3 10501 10782 10500
3 10501 10500 11411
3 11412 10501 11411
3 11412 11411 7129
3 7130 11412 7129
3 7130 7129 7704
3 7705 7130 7704
3 10071 7705 7130
3 11576 10071 7130
3 10501 10782 11576
3 11412 10501 11576
3 7130 11412 11576
3 7130 7306 7726
3 7705 7130 7726
3 11576 7705 7726
3 10555 10501 10782
3 10706 10555 10782
3 11564 10706 10782
3 11576 7726 11564
3 10782 11576 11564
3 7307 7306 7130
3 7131 7307 7130
3 7706 7705 7130
3 7706 7130 7131
3 11576 7705 7706
3 11577 11576 7706
3 10783 11577 11576
3 10783 11576 10782
3 10783 10782 10501
3 10502 10783 10501
3 10556 10555 10501
3 10556 10501 10502
3 10706 10555 10556
3 10707 10706 10556
3 11565 11564 10706
3 11565 10706 10707
3 11565 11564 7726
3 7727 11565 7726
3 7307 7727 7726
3 7307 7726 7306
3 7131 7307 7727
3 7706 7131 7727
3 11577 7706 7727
3 10556 10502 10783
3 10707 10556 10783
3 11565 10707 10783
3 11577 7727 11565
3 10783 11577 11565
3 10072 7707 7132
3 11578 10072 7132
3 10503 10784 11578
3 11413 10503 11578
3 7132 11413 11578
3 10073 7708 7707
3 10073 7707 10072
3 11579 10073 10072
3 11579 10072 11578
3 10785 11579 11578
3 10785 11578 10784
3 10785 10784 10503
3 10504 10785 10503
3 10504 10503 11413
3 11414 10504 11413
3 11414 11413 7132
3 7133 11414 7132
3 7133 7132 7707
3 7708 7133 7707
3 10073 7708 7133
3 11579 10073 7133
3 10504 10785 11579
3 11414 10504 11579
3 7133 11414 11579
3 7133 7308 7728
3 7708 7133 7728
3 11579 7708 7728
3 10557 10504 10785
3 10708 10557 10785
3 11566 10708 10785
3 11579 7728 11566
3 10785 11579 11566
3 7309 7308 7133
3 7134 7309 7133
3 7709 7708 7133
3 7709 7133 7134
3 11579 7708 7709
3 11580 11579 7709
3 10786 11580 11579
3 10786 11579 10785
3 10786 10785 10504
3 10505 10786 10504
3 10558 10557 10504
3 10558 10504 10505
3 10708 10557 10558
3 10709 10708 10558
3 11567 11566 10708
3 11567 10708 10709
3 11567 11566 7728
3 7729 11567 7728
3 7309 7729 7728
3 7309 7728 7308
3 7134 7309 7729
3 7709 7134 7729
3 11580 7709 7729
3 10558 10505 10786
3 10709 10558 10786
3 11567 10709 10786
3 11580 7729 11567
3 10786 11580 11567
3 10074 7710 7135
3 11581 10074 7135
3 10506 10787 11581
3 11415 10506 11581
3 7135 11415 11581
3 10075 7711 7710
3 10075 7710 10074
3 11582 10075 10074
3 11582 10074 11581
3 10788 11582 11581
3 10788 11581 10787
3 10788 10787 10506
3 10507 10788 10506
3 10507 10506 11415
3 11416 10507 11415
3 11416 11415 7135
3 7136 11416 7135
3 7136 7135 7710
3 7711 7136 7710
3 10075 7711 7136
3 11582 10075 7136
3 10507 10788 11582
3 11416 10507 11582
3 7136 11416 11582
3 7136 7310 7730
3 7711 7136 7730
3 11582 7711 7730
3 10559 10507 10788
3 10710 10559 10788
3 11568 10710 10788
3 11582 7730 11568
3 10788 11582 11568
3 7311 7310 7136
3 7137 7311 7136
3 7712 7711 7136
3 7712 7136 7137
3 11582 7711 7712
3 11583 11582 7712
3 10789 11583 11582
3 10789 11582 10788
3 10789 10788 10507
3 10508 10789 10507
3 10560 10559 10507
3 10560 10507 10508
3 10710 10559 10560
3 10711 10710 10560
3 11569 11568 10710
3 11569 10710 10711
3 11569 11568 7730
3 7731 11569 7730
3 7311 7731 7730
3 7311 7730 7310
3 7137 7311 7731
3 7712 7137 7731
3 11583 7712 7731
3 10560 10508 10789
3 10711 10560 10789
3 11569 10711 10789
3 11583 7731 11569
3 10789 11583 11569
3 9155 9166 8186
3 10093 10591 10569
3 10084 10093 10569
3 9956 10084 10569
3 3350 3289 4362
3 2981 2921 2388
3 4134 4195 3986
3 9155 8186 6094
3 6094 6343 6258
3 9021 9227 9155
3 10569 10580 9021
3 9956 10569 9021
3 9520 9963 9956
3 9503 9520 9956
3 8114 9496 9503
3 8058 8088 8114
3 8067 8058 8114
3 7556 8058 8067
3 7622 7556 8067
3 7055 7622 8067
3 6709 6989 7055
3 6775 6709 7055
3 5734 6415 6481
3 5802 5734 6481
3 5576 5802 6481
3 4872 5508 5576
3 4440 4780 4872
3 3350 4362 4440
3 2863 3350 4440
3 2448 2805 2863
3 2506 2448 2863
3 2981 2388 2506
3 3101 2981 2506
3 3830 3043 3101
3 3924 3830 3101
3 4134 3986 3924
3 4945 4134 3924
3 6289 5005 4945
3 6258 6289 4945
3 6094 6258 4945
3 9021 9155 6094
3 9956 9021 6094
3 9503 9956 6094
3 8114 9503 6094
3 8067 8114 6094
3 7055 8067 6094
3 6775 7055 6094
3 6481 6775 6094
3 5576 6481 6094
3 4872 5576 6094
3 4440 4872 6094
3 2863 4440 6094
3 2506 2863 6094
3 3101 2506 6094
3 3924 3101 6094
3 4945 3924 6094
3 6093 8185 8186
3 6093 8186 6094
3 6342 6093 6094
3 6342 6094 6343
3 6257 6342 6343
3 6257 6343 6258
3 6288 6257 6258
3 6288 6258 6289
3 5004 6288 6289
3 5004 6289 5005
3 5004 5005 4945
3 4944 5004 4945
3 4133 4944 4945
3 4133 4945 4134
3 4194 4133 4134
3 4194 4134 4195
3 3985 4194 4195
3 3985 4195 3986
3 3985 3986 3924
3 3923 3985 3924
3 3829 3923 3924
3 3829 3924 3830
3 3829 3830 3043
3 3042 3829 3043
3 3042 3043 3101
3 3100 3042 3101
3 3100 3101 2981
3 2980 3100 2981
3 2920 2980 2981
3 2920 2981 2921
3 2920 2921 2388
3 2387 2920 2388
3 2387 2388 2506
3 2505 2387 2506
3 2505 2506 2448
3 2447 2505 2448
3 2447 2448 2805
3 2804 2447 2805
3 2862 2804 2805
3 2862 2805 2863
3 2862 2863 3350
3 3349 2862 3350
3 3349 3350 3289
3 3288 3349 3289
3 3288 3289 4362
3 4361 3288 4362
3 4439 4361 4362
3 4439 4362 4440
3 4439 4440 4780
3 4779 4439 4780
3 4871 4779 4780
3 4871 4780 4872
3 4871 4872 5508
3 5507 4871 5508
3 5575 5507 5508
3 5575 5508 5576
3 5575 5576 5802
3 5801 5575 5802
3 5801 5802 5734
3 5733 5801 5734
3 5733 5734 6415
3 6414 5733 6415
3 6480 6414 6415
3 6480 6415 6481
3 6480 6481 6775
3 6774 6480 6775
3 6774 6775 6709
3 6708 6774 6709
3 6708 6709 6989
3 6988 6708 6989
3 7054 6988 6989
3 7054 6989 7055
3 7054 7055 7622
3 7621 7054 7622
3 7621 7622 7556
3 7555 7621 7556
3 7555 7556 8058
3 8057 7555 8058
3 8066 8057 8058
3 8066 8058 8067
3 8066 8067 8058
3 8057 8066 8058
3 8057 8058 8088
3 8087 8057 8088
3 8113 8087 8088
3 8113 8088 8114
3 8113 8114 9496
3 9495 8113 9496
3 9502 9495 9496
3 9502 9496 9503
3 9502 9503 9520
3 9519 9502 9520
3 9962 9519 9520
3 9962 9520 9963
3 9955 9962 9963
3 9955 9963 9956
3 10083 9955 9956
3 10083 9956 10084
3 10083 10084 10093
3 10092 10083 10093
3 10590 10092 10093
3 10590 10093 10591
3 10568 10590 10591
3 10568 10591 10569
3 10579 10568 10569
3 10579 10569 10580
3 9020 10579 10580
3 9020 10580 9021
3 9226 9020 9021
3 9226 9021 9227
3 9154 9226 9227
3 9154 9227 9155
3 9165 9154 9155
3 9165 9155 9166
3 8185 9165 9166
3 8185 9166 8186
3 9154 9165 8185
3 10092 10590 10568
3 10083 10092 10568
3 9955 10083 10568
3 3349 3288 4361
3 2980 2920 2387
3 4133 4194 3985
3 9154 8185 6093
3 6093 6342 6257
3 9020 9226 9154
3 10568 10579 9020
3 9955 10568 9020
3 9519 9962 9955
3 9502 9519 9955
3 8113 9495 9502
3 8057 8087 8113
3 8066 8057 8113
3 7555 8057 8066
3 7621 7555 8066
3 7054 7621 8066
3 6708 6988 7054
3 6774 6708 7054
3 5733 6414 6480
3 5801 5733 6480
3 5575 5801 6480
3 4871 5507 5575
3 4439 4779 4871
3 3349 4361 4439
3 2862 3349 4439
3 2447 2804 2862
3 2505 2447 2862
3 2980 2387 2505
3 3100 2980 2505
3 3829 3042 3100
3 3923 3829 3100
3 4133 3985 3923
3 4944 4133 3923
3 6288 5004 4944
3 6257 6288 4944
3 6093 6257 4944
3 9020 9154 6093
3 9955 9020 6093
3 9502 9955 6093
3 8113 9502 6093
3 8066 8113 6093
3 7054 8066 6093
3 6774 7054 6093
3 6480 6774 6093
3 5575 6480 6093
3 4871 5575 6093
3 4439 4871 6093
3 2862 4439 6093
3 2505 2862 6093
3 3100 2505 6093
3 3923 3100 6093
3 4944 3923 6093
3 9153 9164 8184
3 10091 10589 10567
3 10082 10091 10567
3 9954 10082 10567
3 3348 3287 4360
3 2979 2919 2386
3 4132 4193 3984
3 9153 8184 6092
3 6092 6341 6256
3 9019 9225 9153
3 10567 10578 9019
3 9954 10567 9019
3 9518 9961 9954
3 9501 9518 9954
3 8112 9494 9501
3 8056 8085 8112
3 8065 8056 8112
3 7554 8056 8065
3 7620 7554 8065
3 7053 7620 8065
3 6707 6987 7053
3 6773 6707 7053
3 5732 6413 6479
3 5800 5732 6479
3 5574 5800 6479
3 4870 5506 5574
3 4438 4778 4870
3 3348 4360 4438
3 2861 3348 4438
3 2446 2803 2861
3 2504 2446 2861
3 2979 2386 2504
3 3099 2979 2504
3 3828 3041 3099
3 3922 3828 3099
3 4132 3984 3922
3 4943 4132 3922
3 6287 5003 4943
3 6256 6287 4943
3 6092 6256 4943
3 9019 9153 6092
3 9954 9019 6092
3 9501 9954 6092
3 8112 9501 6092
3 8065 8112 6092
3 7053 8065 6092
3 6773 7053 6092
3 6479 6773 6092
3 5574 6479 6092
3 4870 5574 6092
3 4438 4870 6092
3 2861 4438 6092
3 2504 2861 6092
3 3099 2504 6092
3 3922 3099 6092
3 4943 3922 6092
3 6091 8183 8184
3 6091 8184 6092
3 6340 6091 6092
3 6340 6092 6341
3 6255 6340 6341
3 6255 6341 6256
3 6286 6255 6256
3 6286 6256 6287
3 5002 6286 6287
3 5002 6287 5003
3 5002 5003 4943
3 4942 5002 4943
3 4131 4942 4943
3 4131 4943 4132
3 4192 4131 4132
3 4192 4132 4193
3 3983 4192 4193
3 3983 4193 3984
3 3983 3984 3922
3 3921 3983 3922
3 3827 3921 3922
3 3827 3922 3828
3 3827 3828 3041
3 3040 3827 3041
3 3040 3041 3099
3 3098 3040 3099
3 3098 3099 2979
3 2978 3098 2979
3 2918 2978 2979
3 2918 2979 2919
3 2918 2919 2386
3 2385 2918 2386
3 2385 2386 2504
3 2503 2385 2504
3 2503 2504 2446
3 2445 2503 2446
3 2445 2446 2803
3 2802 2445 2803
3 2860 2802 2803
3 2860 2803 2861
3 2860 2861 3348
3 3347 2860 3348
3 3347 3348 3287
3 3286 3347 3287
3 3286 3287 4360
3 4359 3286 4360
3 4437 4359 4360
3 4437 4360 4438
3 4437 4438 4778
3 4777 4437 4778
3 4869 4777 4778
3 4869 4778 4870
3 4869 4870 5506
3 5505 4869 5506
3 5573 5505 5506
3 5573 5506 5574
3 5573 5574 5800
3 5799 5573 5800
3 5799 5800 5732
3 5731 5799 5732
3 5731 5732 6413
3 6412 5731 6413
3 6478 6412 6413
3 6478 6413 6479
3 6478 6479 6773
3 6772 6478 6773
3 6772 6773 6707
3 6706 6772 6707
3 6706 6707 6987
3 6986 6706 6987
3 7052 6986 6987
3 7052 6987 7053
3 7052 7053 7620
3 7619 7052 7620
3 7619 7620 7554
3 7553 7619 7554
3 7553 7554 8056
3 8055 7553 8056
3 8064 8055 8056
3 8064 8056 8065
3 8064 8065 8056
3 8055 8064 8056
3 8055 8056 8085
3 8084 8055 8085
3 8111 8084 8085
3 8111 8085 8112
3 8111 8112 9494
3 9493 8111 9494
3 9500 9493 9494
3 9500 9494 9501
3 9500 9501 9518
3 9517 9500 9518
3 9960 9517 9518
3 9960 9518 9961
3 9953 9960 9961
3 9953 9961 9954
3 10081 9953 9954
3 10081 9954 10082
3 10081 10082 10091
3 10090 10081 10091
3 10588 10090 10091
3 10588 10091 10589
3 10566 10588 10589
3 10566 10589 10567
3 10577 10566 10567
3 10577 10567 10578
3 9018 10577 10578
3 9018 10578 9019
3 9224 9018 9019
3 9224 9019 9225
3 9152 9224 9225
3 9152 9225 9153
3 9163 9152 9153
3 9163 9153 9164
3 8183 9163 9164
3 8183 9164 8184
3 9152 9163 8183
3 10090 10588 10566
3 10081 10090 10566
3 9953 10081 10566
3 3347 3286 4359
3 2978 2918 2385
3 4131 4192 3983
3 9152 8183 6091
3 6091 6340 6255
3 9018 9224 9152
3 10566 10577 9018
3 9953 10566 9018
3 9517 9960 9953
3 9500 9517 9953
3 8111 9493 9500
3 8055 8084 8111
3 8064 8055 8111
3 7553 8055 8064
3 7619 7553 8064
3 7052 7619 8064
3 6706 6986 7052
3 6772 6706 7052
3 5731 6412 6478
3 5799 5731 6478
3 5573 5799 6478
3 4869 5505 5573
3 4437 4777 4869
3 3347 4359 4437
3 2860 3347 4437
3 2445 2802 2860
3 2503 2445 2860
3 2978 2385 2503
3 3098 2978 2503
3 3827 3040 3098
3 3921 3827 3098
3 4131 3983 3921
3 4942 4131 3921
3 6286 5002 4942
3 6255 6286 4942
3 6091 6255 4942
3 9018 9152 6091
3 9953 9018 6091
3 9500 9953 6091
3 8111 9500 6091
3 8064 8111 6091
3 7052 8064 6091
3 6772 7052 6091
3 6478 6772 6091
3 5573 6478 6091
3 4869 5573 6091
3 4437 4869 6091
3 2860 4437 6091
3 2503 2860 6091
3 3098 2503 6091
3 3921 3098 6091
3 4942 3921 6091
3 9151 9162 8182
3 10089 10587 10565
3 10080 10089 10565
3 9952 10080 10565
3 3346 3285 4358
3 2977 2917 2384
3 4130 4191 3982
3 9151 8182 6090
3 6090 6339 6254
3 9017 9223 9151
3 10565 10576 9017
3 9952 10565 9017
3 9516 9959 9952
3 9499 9516 9952
3 8110 9492 9499
3 8054 8082 8110
3 8063 8054 8110
3 7552 8054 8063
3 7618 7552 8063
3 7051 7618 8063
3 6705 6985 7051
3 6771 6705 7051
3 5730 6411 6477
3 5798 5730 6477
3 5572 5798 6477
3 4868 5504 5572
3 4436 4776 4868
3 3346 4358 4436
3 2859 3346 4436
3 2444 2801 2859
3 2502 2444 2859
3 2977 2384 2502
3 3097 2977 2502
3 3826 3039 3097
3 3920 3826 3097
3 4130 3982 3920
3 4941 4130 3920
3 6285 5001 4941
3 6254 6285 4941
3 6090 6254 4941
3 9017 9151 6090
3 9952 9017 6090
3 9499 9952 6090
3 8110 9499 6090
3 8063 8110 6090
3 7051 8063 6090
3 6771 7051 6090
3 6477 6771 6090
3 5572 6477 6090
3 4868 5572 6090
3 4436 4868 6090
3 2859 4436 6090
3 2502 2859 6090
3 3097 2502 6090
3 3920 3097 6090
3 4941 3920 6090
3 6089 8181 8182
3 6089 8182 6090
3 6338 6089 6090
3 6338 6090 6339
3 6253 6338 6339
3 6253 6339 6254
3 6284 6253 6254
3 6284 6254 6285
3 5000 6284 6285
3 5000 6285 5001
3 5000 5001 4941
3 4940 5000 4941
3 4129 4940 4941
3 4129 4941 4130
3 4190 4129 4130
3 4190 4130 4191
3 3981 4190 4191
3 3981 4191 3982
3 3981 3982 3920
3 3919 3981 3920
3 3825 3919 3920
3 3825 3920 3826
3 3825 3826 3039
3 3038 3825 3039
3 3038 3039 3097
3 3096 3038 3097
3 3096 3097 2977
3 2976 3096 2977
3 2916 2976 2977
3 2916 2977 2917
3 2916 2917 2384
3 2383 2916 2384
3 2383 2384 2502
3 2501 2383 2502
3 2501 2502 2444
3 2443 2501 2444
3 2443 2444 2801
3 2800 2443 2801
3 2858 2800 2801
3 2858 2801 2859
3 2858 2859 3346
3 3345 2858 3346
3 3345 3346 3285
3 3284 3345 3285
3 3284 3285 4358
3 4357 3284 4358
3 4435 4357 4358
3 4435 4358 4436
3 4435 4436 4776
3 4775 4435 4776
3 4867 4775 4776
3 4867 4776 4868
3 4867 4868 5504
3 5503 4867 5504
3 5571 5503 5504
3 5571 5504 5572
3 5571 5572 5798
3 5797 5571 5798
3 5797 5798 5730
3 5729 5797 5730
3 5729 5730 6411
3 6410 5729 6411
3 6476 6410 6411
3 6476 6411 6477
3 6476 6477 6771
3 6770 6476 6771
3 6770 6771 6705
3 6704 6770 6705
3 6704 6705 6985
3 6984 6704 6985
3 7050 6984 6985
3 7050 6985 7051
3 7050 7051 7618
3 7617 7050 7618
3 7617 7618 7552
3 7551 7617 7552
3 7551 7552 8054
3 8053 7551 8054
3 8062 8053 8054
3 8062 8054 8063
3 8062 8063 8054
3 8053 8062 8054
3 8053 8054 8082
3 8081 8053 8082
3 8109 8081 8082
3 8109 8082 8110
3 8109 8110 9492
3 9491 8109 9492
3 9498 9491 9492
3 9498 9492 9499
3 9498 9499 9516
3 9515 9498 9516
3 9958 9515 9516
3 9958 9516 9959
3 9951 9958 9959
3 9951 9959 9952
3 10079 9951 9952
3 10079 9952 10080
3 10079 10080 10089
3 10088 10079 10089
3 10586 10088 10089
3 10586 10089 10587
3 10564 10586 10587
3 10564 10587 10565
3 10575 10564 10565
3 10575 10565 10576
3 9016 10575 10576
3 9016 10576 9017
3 9222 9016 9017
3 9222 9017 9223
3 9150 9222 9223
3 9150 9223 9151
3 9161 9150 9151
3 9161 9151 9162
3 8181 9161 9162
3 8181 9162 8182
3 9150 9161 8181
3 10088 10586 10564
3 10079 10088 10564
3 9951 10079 10564
3 3345 3284 4357
3 2976 2916 2383
3 4129 4190 3981
3 9150 8181 6089
3 6089 6338 6253
3 9016 9222 9150
3 10564 10575 9016
3 9951 10564 9016
3 9515 9958 9951
3 9498 9515 9951
3 8109 9491 9498
3 8053 8081 8109
3 8062 8053 8109
3 7551 8053 8062
3 7617 7551 8062
3 7050 7617 8062
3 6704 6984 7050
3 6770 6704 7050
3 5729 6410 6476
3 5797 5729 6476
3 5571 5797 6476
3 4867 5503 5571
3 4435 4775 4867
3 3345 4357 4435
3 2858 3345 4435
3 2443 2800 2858
3 2501 2443 2858
3 2976 2383 2501
3 3096 2976 2501
3 3825 3038 3096
3 3919 3825 3096
3 4129 3981 3919
3 4940 4129 3919
3 6284 5000 4940
3 6253 6284 4940
3 6089 6253 4940
3 9016 9150 6089
3 9951 9016 6089
3 9498 9951 6089
3 8109 9498 6089
3 8062 8109 6089
3 7050 8062 6089
3 6770 7050 6089
3 6476 6770 6089
3 5571 6476 6089
3 4867 5571 6089
3 4435 4867 6089
3 2858 4435 6089
3 2501 2858 6089
3 3096 2501 6089
3 3919 3096 6089
3 4940 3919 6089
3 9149 9160 8180
3 10087 10585 10563
3 10078 10087 10563
3 9950 10078 10563
3 3344 3283 4356
3 2975 2915 2382
3 4128 4189 3980
3 9149 8180 6088
3 6088 6337 6252
3 9015 9221 9149
3 10563 10574 9015
3 9950 10563 9015
3 9514 9957 9950
3 9497 9514 9950
3 8108 9490 9497
3 8052 8080 8108
3 8061 8052 8108
3 7550 8052 8061
3 7616 7550 8061
3 7049 7616 8061
3 6703 6983 7049
3 6769 6703 7049
3 5728 6409 6475
3 5796 5728 6475
3 5570 5796 6475
3 4866 5502 5570
3 4434 4774 4866
3 3344 4356 4434
3 2857 3344 4434
3 2442 2799 2857
3 2500 2442 2857
3 2975 2382 2500
3 3095 2975 2500
3 3824 3037 3095
3 3918 3824 3095
3 4128 3980 3918
3 4939 4128 3918
3 6283 4999 4939
3 6252 6283 4939
3 6088 6252 4939
3 9015 9149 6088
3 9950 9015 6088
3 9497 9950 6088
3 8108 9497 6088
3 8061 8108 6088
3 7049 8061 6088
3 6769 7049 6088
3 6475 6769 6088
3 5570 6475 6088
3 4866 5570 6088
3 4434 4866 6088
3 2857 4434 6088
3 2500 2857 6088
3 3095 2500 6088
3 3918 3095 6088
3 4939 3918 6088
3 9161 8181 8180
3 9161 8180 9160
3 9150 9161 9160
3 9150 9160 9149
3 9222 9150 9149
3 9222 9149 9221
3 9016 9222 9221
3 9016 9221 9015
3 10575 9016 9015
3 10575 9015 10574
3 10564 10575 10574
3 10564 10574 10563
3 10586 10564 10563
3 10586 10563 10585
3 10088 10586 10585
3 10088 10585 10087
3 10088 10087 10078
3 10079 10088 10078
3 9951 10079 10078
3 9951 10078 9950
3 9958 9951 9950
3 9958 9950 9957
3 9515 9958 9957
3 9515 9957 9514
3 9515 9514 9497
3 9498 9515 9497
3 9491 9498 9497
3 9491 9497 9490
3 9491 9490 8108
3 8109 9491 8108
3 8081 8109 8108
3 8081 8108 8080
3 8081 8080 8052
3 8053 8081 8052
3 8053 8052 8061
3 8062 8053 8061
3 8053 8062 8061
3 8053 8061 8052
3 8053 8052 7550
3 7551 8053 7550
3 7551 7550 7616
3 7617 7551 7616
3 7617 7616 7049
3 7050 7617 7049
3 6984 7050 7049
3 6984 7049 6983
3 6984 6983 6703
3 6704 6984 6703
3 6704 6703 6769
3 6770 6704 6769
3 6770 6769 6475
3 6476 6770 6475
3 6410 6476 6475
3 6410 6475 6409
3 6410 6409 5728
3 5729 6410 5728
3 5729 5728 5796
3 5797 5729 5796
3 5797 5796 5570
3 5571 5797 5570
3 5503 5571 5570
3 5503 5570 5502
3 5503 5502 4866
3 4867 5503 4866
3 4775 4867 4866
3 4775 4866 4774
3 4775 4774 4434
3 4435 4775 4434
3 4357 4435 4434
3 4357 4434 4356
3 4357 4356 3283
3 3284 4357 3283
3 3284 3283 3344
3 3345 3284 3344
3 3345 3344 2857
3 2858 3345 2857
3 2800 2858 2857
3 2800 2857 2799
3 2800 2799 2442
3 2443 2800 2442
3 2443 2442 2500
3 2501 2443 2500
3 2501 2500 2382
3 2383 2501 2382
3 2383 2382 2915
3 2916 2383 2915
3 2976 2916 2915
3 2976 2915 2975
3 2976 2975 3095
3 3096 2976 3095
3 3096 3095 3037
3 3038 3096 3037
3 3038 3037 3824
3 3825 3038 3824
3 3919 3825 3824
3 3919 3824 3918
3 3919 3918 3980
3 3981 3919 3980
3 4190 3981 3980
3 4190 3980 4189
3 4129 4190 4189
3 4129 4189 4128
3 4940 4129 4128
3 4940 4128 4939
3 4940 4939 4999
3 5000 4940 4999
3 6284 5000 4999
3 6284 4999 6283
3 6253 6284 6283
3 6253 6283 6252
3 6338 6253 6252
3 6338 6252 6337
3 6089 6338 6337
3 6089 6337 6088
3 8181 6089 6088
3 8181 6088 8180
3 9150 9161 8181
3 10088 10586 10564
3 10079 10088 10564
3 9951 10079 10564
3 3345 3284 4357
3 2976 2916 2383
3 4129 4190 3981
3 9150 8181 6089
3 6089 6338 6253
3 9016 9222 9150
3 10564 10575 9016
3 9951 10564 9016
3 9515 9958 9951
3 9498 9515 9951
3 8109 9491 9498
3 8053 8081 8109
3 8062 8053 8109
3 7551 8053 8062
3 7617 7551 8062
3 7050 7617 8062
3 6704 6984 7050
3 6770 6704 7050
3 5729 6410 6476
3 5797 5729 6476
3 5571 5797 6476
3 4867 5503 5571
3 4435 4775 4867
3 3345 4357 4435
3 2858 3345 4435
3 2443 2800 2858
3 2501 2443 2858
3 2976 2383 2501
3 3096 2976 2501
3 3825 3038 3096
3 3919 3825 3096
3 4129 3981 3919
3 4940 4129 3919
3 6284 5000 4940
3 6253 6284 4940
3 6089 6253 4940
3 9016 9150 6089
3 9951 9016 6089
3 9498 9951 6089
3 8109 9498 6089
3 8062 8109 6089
3 7050 8062 6089
3 6770 7050 6089
3 6476 6770 6089
3 5571 6476 6089
3 4867 5571 6089
3 4435 4867 6089
3 2858 4435 6089
3 2501 2858 6089
3 3096 2501 6089
3 3919 3096 6089
3 4940 3919 6089
3 9151 9162 8182
3 10089 10587 10565
3 10080 10089 10565
3 9952 10080 10565
3 3346 3285 4358
3 2977 2917 2384
3 4130 4191 3982
3 9151 8182 6090
3 6090 6339 6254
3 9017 9223 9151
3 10565 10576 9017
3 9952 10565 9017
3 9516 9959 9952
3 9499 9516 9952
3 8110 9492 9499
3 8054 8082 8110
3 8063 8054 8110
3 7552 8054 8063
3 7618 7552 8063
3 7051 7618 8063
3 6705 6985 7051
3 6771 6705 7051
3 5730 6411 6477
3 5798 5730 6477
3 5572 5798 6477
3 4868 5504 5572
3 4436 4776 4868
3 3346 4358 4436
3 2859 3346 4436
3 2444 2801 2859
3 2502 2444 2859
3 2977 2384 2502
3 3097 2977 2502
3 3826 3039 3097
3 3920 3826 3097
3 4130 3982 3920
3 4941 4130 3920
3 6285 5001 4941
3 6254 6285 4941
3 6090 6254 4941
3 9017 9151 6090
3 9952 9017 6090
3 9499 9952 6090
3 8110 9499 6090
3 8063 8110 6090
3 7051 8063 6090
3 6771 7051 6090
3 6477 6771 6090
3 5572 6477 6090
3 4868 5572 6090
3 4436 4868 6090
3 2859 4436 6090
3 2502 2859 6090
3 3097 2502 6090
3 3920 3097 6090
3 4941 3920 6090
3 9163 8183 8182
3 9163 8182 9162
3 9152 9163 9162
3 9152 9162 9151
3 9224 9152 9151
3 9224 9151 9223
3 9018 9224 9223
3 9018 9223 9017
3 10577 9018 9017
3 10577 9017 10576
3 10566 10577 10576
3 10566 10576 10565
3 10588 10566 10565
3 10588 10565 10587
3 10090 10588 10587
3 10090 10587 10089
3 10090 10089 10080
3 10081 10090 10080
3 9953 10081 10080
3 9953 10080 9952
3 9960 9953 9952
3 9960 9952 9959
3 9517 9960 9959
3 9517 9959 9516
3 9517 9516 9499
3 9500 9517 9499
3 9493 9500 9499
3 9493 9499 9492
3 9493 9492 8110
3 8111 9493 8110
3 8084 8111 8110
3 8084 8110 8082
3 8084 8082 8054
3 8055 8084 8054
3 8055 8054 8063
3 8064 8055 8063
3 8055 8064 8063
3 8055 8063 8054
3 8055 8054 7552
3 7553 8055 7552
3 7553 7552 7618
3 7619 7553 7618
3 7619 7618 7051
3 7052 7619 7051
3 6986 7052 7051
3 6986 7051 6985
3 6986 6985 6705
3 6706 6986 6705
3 6706 6705 6771
3 6772 6706 6771
3 6772 6771 6477
3 6478 6772 6477
3 6412 6478 6477
3 6412 6477 6411
3 6412 6411 5730
3 5731 6412 5730
3 5731 5730 5798
3 5799 5731 5798
3 5799 5798 5572
3 5573 5799 5572
3 5505 5573 5572
3 5505 5572 5504
3 5505 5504 4868
3 4869 5505 4868
3 4777 4869 4868
3 4777 4868 4776
3 4777 4776 4436
3 4437 4777 4436
3 4359 4437 4436
3 4359 4436 4358
3 4359 4358 3285
3 3286 4359 3285
3 3286 3285 3346
3 3347 3286 3346
3 3347 3346 2859
3 2860 3347 2859
3 2802 2860 2859
3 2802 2859 2801
3 2802 2801 2444
3 2445 2802 2444
3 2445 2444 2502
3 2503 2445 2502
3 2503 2502 2384
3 2385 2503 2384
3 2385 2384 2917
3 2918 2385 2917
3 2978 2918 2917
3 2978 2917 2977
3 2978 2977 3097
3 3098 2978 3097
3 3098 3097 3039
3 3040 3098 3039
3 3040 3039 3826
3 3827 3040 3826
3 3921 3827 3826
3 3921 3826 3920
3 3921 3920 3982
3 3983 3921 3982
3 4192 3983 3982
3 4192 3982 4191
3 4131 4192 4191
3 4131 4191 4130
3 4942 4131 4130
3 4942 4130 4941
3 4942 4941 5001
3 5002 4942 5001
3 6286 5002 5001
3 6286 5001 6285
3 6255 6286 6285
3 6255 6285 6254
3 6340 6255 6254
3 6340 6254 6339
3 6091 6340 6339
3 6091 6339 6090
3 8183 6091 6090
3 8183 6090 8182
3 9152 9163 8183
3 10090 10588 10566
3 10081 10090 10566
3 9953 10081 10566
3 3347 3286 4359
3 2978 2918 2385
3 4131 4192 3983
3 9152 8183 6091
3 6091 6340 6255
3 9018 9224 9152
3 10566 10577 9018
3 9953 10566 9018
3 9517 9960 9953
3 9500 9517 9953
3 8111 9493 9500
3 8055 8084 8111
3 8064 8055 8111
3 7553 8055 8064
3 7619 7553 8064
3 7052 7619 8064
3 6706 6986 7052
3 6772 6706 7052
3 5731 6412 6478
3 5799 5731 6478
3 5573 5799 6478
3 4869 5505 5573
3 4437 4777 4869
3 3347 4359 4437
3 2860 3347 4437
3 2445 2802 2860
3 2503 2445 2860
3 2978 2385 2503
3 3098 2978 2503
3 3827 3040 3098
3 3921 3827 3098
3 4131 3983 3921
3 4942 4131 3921
3 6286 5002 4942
3 6255 6286 4942
3 6091 6255 4942
3 9018 9152 6091
3 9953 9018 6091
3 9500 9953 6091
3 8111 9500 6091
3 8064 8111 6091
3 7052 8064 6091
3 6772 7052 6091
3 6478 6772 6091
3 5573 6478 6091
3 4869 5573 6091
3 4437 4869 6091
3 2860 4437 6091
3 2503 2860 6091
3 3098 2503 6091
3 3921 3098 6091
3 4942 3921 6091
3 9153 9164 8184
3 10091 10589 10567
3 10082 10091 10567
3 9954 10082 10567
3 3348 3287 4360
3 2979 2919 2386
3 4132 4193 3984
3 9153 8184 6092
3 6092 6341 6256
3 9019 9225 9153
3 10567 10578 9019
3 9954 10567 9019
3 9518 9961 9954
3 9501 9518 9954
3 8112 9494 9501
3 8056 8085 8112
3 8065 8056 8112
3 7554 8056 8065
3 7620 7554 8065
3 7053 7620 8065
3 6707 6987 7053
3 6773 6707 7053
3 5732 6413 6479
3 5800 5732 6479
3 5574 5800 6479
3 4870 5506 5574
3 4438 4778 4870
3 3348 4360 4438
3 2861 3348 4438
3 2446 2803 2861
3 2504 2446 2861
3 2979 2386 2504
3 3099 2979 2504
3 3828 3041 3099
3 3922 3828 3099
3 4132 3984 3922
3 4943 4132 3922
3 6287 5003 4943
3 6256 6287 4943
3 6092 6256 4943
3 9019 9153 6092
3 9954 9019 6092
3 9501 9954 6092
3 8112 9501 6092
3 8065 8112 6092
3 7053 8065 6092
3 6773 7053 6092
3 6479 6773 6092
3 5574 6479 6092
3 4870 5574 6092
3 4438 4870 6092
3 2861 4438 6092
3 2504 2861 6092
3 3099 2504 6092
3 3922 3099 6092
3 4943 3922 6092
3 9165 8185 8184
3 9165 8184 9164
3 9154 9165 9164
3 9154 9164 9153
3 9226 9154 9153
3 9226 9153 9225
3 9020 9226 9225
3 9020 9225 9019
3 10579 9020 9019
3 10579 9019 10578
3 10568 10579 10578
3 10568 10578 10567
3 10590 10568 10567
3 10590 10567 10589
3 10092 10590 10589
3 10092 10589 10091
3 10092 10091 10082
3 10083 10092 10082
3 9955 10083 10082
3 9955 10082 9954
3 9962 9955 9954
3 9962 9954 9961
3 9519 9962 9961
3 9519 9961 9518
3 9519 9518 9501
3 9502 9519 9501
3 9495 9502 9501
3 9495 9501 9494
3 9495 9494 8112
3 8113 9495 8112
3 8087 8113 8112
3 8087 8112 8085
3 8087 8085 8056
3 8057 8087 8056
3 8057 8056 8065
3 8066 8057 8065
3 8057 8066 8065
3 8057 8065 8056
3 8057 8056 7554
3 7555 8057 7554
3 7555 7554 7620
3 7621 7555 7620
3 7621 7620 7053
3 7054 7621 7053
3 6988 7054 7053
3 6988 7053 6987
3 6988 6987 6707
3 6708 6988 6707
3 6708 6707 6773
3 6774 6708 6773
3 6774 6773 6479
3 6480 6774 6479
3 6414 6480 6479
3 6414 6479 6413
3 6414 6413 5732
3 5733 6414 5732
3 5733 5732 5800
3 5801 5733 5800
3 5801 5800 5574
3 5575 5801 5574
3 5507 5575 5574
3 5507 5574 5506
3 5507 5506 4870
3 4871 5507 4870
3 4779 4871 4870
3 4779 4870 4778
3 4779 4778 4438
3 4439 4779 4438
3 4361 4439 4438
3 4361 4438 4360
3 4361 4360 3287
3 3288 4361 3287
3 3288 3287 3348
3 3349 3288 3348
3 3349 3348 2861
3 2862 3349 2861
3 2804 2862 2861
3 2804 2861 2803
3 2804 2803 2446
3 2447 2804 2446
3 2447 2446 2504
3 2505 2447 2504
3 2505 2504 2386
3 2387 2505 2386
3 2387 2386 2919
3 2920 2387 2919
3 2980 2920 2919
3 2980 2919 2979
3 2980 2979 3099
3 3100 2980 3099
3 3100 3099 3041
3 3042 3100 3041
3 3042 3041 3828
3 3829 3042 3828
3 3923 3829 3828
3 3923 3828 3922
3 3923 3922 3984
3 3985 3923 3984
3 4194 3985 3984
3 4194 3984 4193
3 4133 4194 4193
3 4133 4193 4132
3 4944 4133 4132
3 4944 4132 4943
3 4944 4943 5003
3 5004 4944 5003
3 6288 5004 5003
3 6288 5003 6287
3 6257 6288 6287
3 6257 6287 6256
3 6342 6257 6256
3 6342 6256 6341
3 6093 6342 6341
3 6093 6341 6092
3 8185 6093 6092
3 8185 6092 8184
3 9154 9165 8185
3 10092 10590 10568
3 10083 10092 10568
3 9955 10083 10568
3 3349 3288 4361
3 2980 2920 2387
3 4133 4194 3985
3 9154 8185 6093
3 6093 6342 6257
3 9020 9226 9154
3 10568 10579 9020
3 9955 10568 9020
3 9519 9962 9955
3 9502 9519 9955
3 8113 9495 9502
3 8057 8087 8113
3 8066 8057 8113
3 7555 8057 8066
3 7621 7555 8066
3 7054 7621 8066
3 6708 6988 7054
3 6774 6708 7054
3 5733 6414 6480
3 5801 5733 6480
3 5575 5801 6480
3 4871 5507 5575
3 4439 4779 4871
3 3349 4361 4439
3 2862 3349 4439
3 2447 2804 2862
3 2505 2447 2862
3 2980 2387 2505
3 3100 2980 2505
3 3829 3042 3100
3 3923 3829 3100
3 4133 3985 3923
3 4944 4133 3923
3 6288 5004 4944
3 6257 6288 4944
3 6093 6257 4944
3 9020 9154 6093
3 9955 9020 6093
3 9502 9955 6093
3 8113 9502 6093
3 8066 8113 6093
3 7054 8066 6093
3 6774 7054 6093
3 6480 6774 6093
3 5575 6480 6093
3 4871 5575 6093
3 4439 4871 6093
3 2862 4439 6093
3 2505 2862 6093
3 3100 2505 6093
3 3923 3100 6093
3 4944 3923 6093
3 6983 7550 7616
3 7049 6983 7616
3 7622 7055 7049
3 7622 7049 7616
3 7556 7622 7616
3 7556 7616 7550
3 7556 7550 6983
3 6989 7556 6983
3 6989 6983 7049
3 7055 6989 7049
3 6989 7556 7622
3 7055 6989 7622
3 6409 6703 6769
3 6475 6409 6769
3 6775 6481 6475
3 6775 6475 6769
3 6709 6775 6769
3 6709 6769 6703
3 6709 6703 6409
3 6415 6709 6409
3 6415 6409 6475
3 6481 6415 6475
3 6415 6709 6775
3 6481 6415 6775
3 5502 5728 5796
3 5570 5502 5796
3 5802 5576 5570
3 5802 5570 5796
3 5734 5802 5796
3 5734 5796 5728
3 5734 5728 5502
3 5508 5734 5502
3 5508 5502 5570
3 5576 5508 5570
3 5508 5734 5802
3 5576 5508 5802
3 10563 10585 10595
3 10574 10563 10595
3 10591 10585 10563
3 10569 10591 10563
3 10569 10563 10574
3 10580 10569 10574
3 10600 10580 10574
3 10600 10574 10595
3 10591 10600 10595
3 10591 10595 10585
3 10569 10591 10600
3 10580 10569 10600
3 4189 4128 4939
3 4999 4189 4939
3 4134 4128 4189
3 4195 4134 4189
3 5005 4195 4189
3 5005 4189 4999
3 4945 5005 4999
3 4945 4999 4939
3 4945 4939 4128
3 4134 4945 4128
3 4195 4134 4945
3 5005 4195 4945
3 3824 3918 3980
3 3855 3824 3980
3 3924 3918 3824
3 3830 3924 3824
3 3830 3824 3855
3 3856 3830 3855
3 3986 3856 3855
3 3986 3855 3980
3 3924 3986 3980
3 3924 3980 3918
3 3830 3924 3986
3 3856 3830 3986
3 4356 4604 4774
3 4434 4356 4774
3 4609 4604 4356
3 4362 4609 4356
3 4362 4356 4434
3 4440 4362 4434
3 4780 4440 4434
3 4780 4434 4774
3 4609 4780 4774
3 4609 4774 4604
3 4362 4609 4780
3 4440 4362 4780
3 2328 2442 2500
3 2382 2328 2500
3 2448 2442 2328
3 2329 2448 2328
3 2329 2328 2382
3 2388 2329 2382
3 2506 2388 2382
3 2506 2382 2500
3 2448 2506 2500
3 2448 2500 2442
3 2329 2448 2506
3 2388 2329 2506
3 3095 3037 2915
3 2975 3095 2915
3 3101 3043 3037
3 3101 3037 3095
3 2981 3101 3095
3 2981 3095 2975
3 2981 2975 2915
3 2921 2981 2915
3 2921 2915 3037
3 3043 2921 3037
3 3101 3043 2921
3 2981 3101 2921
3 3344 2857 2799
3 3283 3344 2799
3 3350 2863 2857
3 3350 2857 3344
3 3289 3350 3344
3 3289 3344 3283
3 3289 3283 2799
3 2805 3289 2799
3 2805 2799 2857
3 2863 2805 2857
3 3350 2863 2805
3 3289 3350 2805
3 6252 6337 6347
3 6283 6252 6347
3 6343 6337 6252
3 6258 6343 6252
3 6258 6252 6283
3 6289 6258 6283
3 6348 6289 6283
3 6348 6283 6347
3 6343 6348 6347
3 6343 6347 6337
3 6258 6343 6348
3 6289 6258 6348
3 10087 10078 9950
3 9957 10087 9950
3 10093 10084 10078
3 10093 10078 10087
3 9963 10093 10087
3 9963 10087 9957
3 9963 9957 9950
3 9956 9963 9950
3 9956 9950 10078
3 10084 9956 10078
3 10093 10084 9956
3 9963 10093 9956
3 8052 8080 8096
3 8061 8052 8096
3 8088 8080 8052
3 8058 8088 8052
3 8058 8052 8061
3 8067 8058 8061
3 8097 8067 8061
3 8097 8061 8096
3 8088 8097 8096
3 8088 8096 8080
3 8058 8088 8097
3 8067 8058 8097
3 9149 9221 9297
3 9160 9149 9297
3 9227 9221 9149
3 9155 9227 9149
3 9155 9149 9160
3 9166 9155 9160
3 9304 9166 9160
3 9304 9160 9297
3 9227 9304 9297
3 9227 9297 9221
3 9155 9227 9304
3 9166 9155 9304
3 9490 9505 9514
3 9497 9490 9514
3 9510 9505 9490
3 9496 9510 9490
3 9496 9490 9497
3 9503 9496 9497
3 9520 9503 9497
3 9520 9497 9514
3 9510 9520 9514
3 9510 9514 9505
3 9496 9510 9520
3 9503 9496 9520
3 4373 4297 8501
3 4604 4373 8501
3 4866 4604 8501
3 8080 4866 8501
3 8108 8080 8501
3 9297 9015 10595
3 7688 7113 9297
3 11585 7688 9297
3 10435 10716 11585
3 8636 10371 10435
3 8108 8501 8636
3 9505 8108 8636
3 11585 9297 10595
3 10435 11585 10595
3 9505 8636 10435
3 10595 9505 10435
3 4296 4297 8501
3 8500 4296 8501
3 8635 8500 8501
3 8635 8501 8636
3 8635 8636 10371
3 10370 8635 10371
3 10434 10370 10371
3 10434 10371 10435
3 10434 10435 10716
3 10715 10434 10716
3 11584 10715 10716
3 11584 10716 11585
3 7687 11584 11585
3 7687 11585 7688
3 7687 7688 7113
3 7112 7687 7113
3 7112 7113 9297
3 9296 7112 9297
3 9296 9297 9015
3 9014 9296 9015
3 9014 9015 10595
3 10594 9014 10595
3 10594 10595 9505
3 9504 10594 9505
3 8107 9504 9505
3 8107 9505 8108
3 8107 8108 8080
3 8079 8107 8080
3 4865 8079 8080
3 4865 8080 4866
3 4865 4866 4604
3 4603 4865 4604
3 4372 4603 4604
3 4372 4604 4373
3 4372 4373 4297
3 4296 4372 4297
3 4372 4296 8500
3 4603 4372 8500
3 4865 4603 8500
3 8079 4865 8500
3 8107 8079 8500
3 9296 9014 10594
3 7687 7112 9296
3 11584 7687 9296
3 10434 10715 11584
3 8635 10370 10434
3 8107 8500 8635
3 9504 8107 8635
3 11584 9296 10594
3 10434 11584 10594
3 9504 8635 10434
3 10594 9504 10434
3 10511 10435 10716
3 10660 10511 10716
3 11570 10660 10716
3 7184 7139 11570
3 11585 7184 11570
3 10716 11585 11570
3 10717 10716 10435
3 10436 10717 10435
3 10436 10435 10511
3 10512 10436 10511
3 10661 10512 10511
3 10661 10511 10660
3 10661 10660 11570
3 11571 10661 11570
3 11571 11570 7139
3 7140 11571 7139
3 7140 7139 7184
3 7185 7140 7184
3 11586 7185 7184
3 11586 7184 11585
3 10717 11586 11585
3 10717 11585 10716
3 10512 10436 10717
3 10661 10512 10717
3 11571 10661 10717
3 7185 7140 11571
3 11586 7185 11571
3 10717 11586 11571
3 7183 7138 7683
3 7701 7183 7683
3 7139 7138 7183
3 7184 7139 7183
3 7701 7183 7184
3 7713 7701 7184
3 7683 7701 7713
3 7684 7683 7713
3 7684 7683 7138
3 7139 7684 7138
3 7184 7139 7684
3 7713 7184 7684
3 7714 7685 7741
3 7743 7714 7741
3 7686 7685 7714
3 7715 7686 7714
3 7743 7714 7715
3 7744 7743 7715
3 7741 7743 7744
3 7742 7741 7744
3 7742 7741 7685
3 7686 7742 7685
3 7715 7686 7742
3 7744 7715 7742
3 2229 2584 3737
3 3433 2229 3737
3 3736 2583 2584
3 3736 2584 3737
3 3432 3736 3737
3 3432 3737 3433
3 3432 3433 2229
3 2228 3432 2229
3 2228 2229 2584
3 2583 2228 2584
3 2228 2583 3736
3 3432 2228 3736
3 3520 3658 3737
3 2584 2640 2289
3 2229 2584 2289
3 3433 2229 2289
3 3520 3737 3433
3 2289 3520 3433
3 3659 3658 3520
3 3521 3659 3520
3 2290 3521 3520
3 2290 3520 2289
3 2641 2290 2289
3 2641 2289 2640
3 2585 2641 2640
3 2585 2640 2584
3 2585 2584 2229
3 2230 2585 2229
3 2230 2229 3433
3 3434 2230 3433
3 3738 3434 3433
3 3738 3433 3737
3 3659 3738 3737
3 3659 3737 3658
3 3521 3659 3738
3 2585 2641 2290
3 2230 2585 2290
3 3434 2230 2290
3 3521 3738 3434
3 2290 3521 3434
3 8501 8636 8581
3 4594 4373 4297
3 4588 4594 4297
3 8450 4588 4297
3 8501 8581 8450
3 4297 8501 8450
3 8502 8637 8636
3 8502 8636 8501
3 8502 8501 4297
3 4298 8502 4297
3 4298 4297 4373
3 4374 4298 4373
3 4595 4374 4373
3 4595 4373 4594
3 4589 4595 4594
3 4589 4594 4588
3 8451 4589 4588
3 8451 4588 8450
3 8451 8450 8581
3 8582 8451 8581
3 8637 8582 8581
3 8637 8581 8636
3 8502 8637 8582
3 4595 4374 4298
3 4589 4595 4298
3 8451 4589 4298
3 8502 8582 8451
3 4298 8502 8451
3 7115 7791 8074
3 7690 7115 8074
3 8073 7790 7791
3 8073 7791 8074
3 7689 8073 8074
3 7689 8074 7690
3 7689 7690 7115
3 7114 7689 7115
3 7114 7115 7791
3 7790 7114 7791
3 7114 7790 8073
3 7689 7114 8073
3 4376 4300 5965
3 4606 4376 5965
3 4868 4606 5965
3 6144 4868 5965
3 4299 4300 5965
3 5964 4299 5965
3 6143 5964 5965
3 6143 5965 6144
3 4867 6143 6144
3 4867 6144 4868
3 4867 4868 4606
3 4605 4867 4606
3 4375 4605 4606
3 4375 4606 4376
3 4375 4376 4300
3 4299 4375 4300
3 4375 4299 5964
3 4605 4375 5964
3 4867 4605 5964
3 6143 4867 5964
3 8110 8082 9717
3 9507 8110 9717
3 10597 9507 9717
3 9299 9017 10597
3 11015 9299 10597
3 9717 11015 10597
3 8081 8082 9717
3 9716 8081 9717
3 11014 9716 9717
3 11014 9717 11015
3 9298 11014 11015
3 9298 11015 9299
3 9298 9299 9017
3 9016 9298 9017
3 9016 9017 10597
3 10596 9016 10597
3 10596 10597 9507
3 9506 10596 9507
3 8109 9506 9507
3 8109 9507 8110
3 8109 8110 8082
3 8081 8109 8082
3 8109 8081 9716
3 9506 8109 9716
3 10596 9506 9716
3 9298 9016 10596
3 11014 9298 10596
3 9716 11014 10596
3 2232 2587 3740
3 3436 2232 3740
3 3739 2586 2587
3 3739 2587 3740
3 3435 3739 3740
3 3435 3740 3436
3 3435 3436 2232
3 2231 3435 2232
3 2231 2232 2587
3 2586 2231 2587
3 2231 2586 3739
3 3435 2231 3739
3 9299 9230 10906
3 11015 9299 10906
3 9717 11015 10906
3 8092 8082 9717
3 9712 8092 9717
3 10906 9712 9717
3 9231 9230 9299
3 9300 9231 9299
3 11016 9300 9299
3 11016 9299 11015
3 9718 11016 11015
3 9718 11015 9717
3 9718 9717 8082
3 8083 9718 8082
3 8083 8082 8092
3 8093 8083 8092
3 9713 8093 8092
3 9713 8092 9712
3 9713 9712 10906
3 10907 9713 10906
3 10907 10906 9230
3 9231 10907 9230
3 9300 9231 10907
3 11016 9300 10907
3 9718 11016 10907
3 8093 8083 9718
3 9713 8093 9718
3 10907 9713 9718
3 7115 7296 7716
3 7690 7115 7716
3 8074 7690 7716
3 7784 7791 8074
3 8048 7784 8074
3 7716 8048 8074
3 7297 7296 7115
3 7116 7297 7115
3 7116 7115 7690
3 7691 7116 7690
3 8075 7691 7690
3 8075 7690 8074
3 7792 8075 8074
3 7792 8074 7791
3 7792 7791 7784
3 7785 7792 7784
3 7785 7784 8048
3 8049 7785 8048
3 8049 8048 7716
3 7717 8049 7716
3 7297 7717 7716
3 7297 7716 7296
3 7116 7297 7717
3 7691 7116 7717
3 8075 7691 7717
3 7785 7792 8075
3 8049 7785 8075
3 7717 8049 8075
3 6144 6063 5917
3 5965 6144 5917
3 4300 5965 5917
3 4596 4376 4300
3 4590 4596 4300
3 5917 4590 4300
3 6145 6064 6063
3 6145 6063 6144
3 5966 6145 6144
3 5966 6144 5965
3 5966 5965 4300
3 4301 5966 4300
3 4301 4300 4376
3 4377 4301 4376
3 4597 4377 4376
3 4597 4376 4596
3 4591 4597 4596
3 4591 4596 4590
3 5918 4591 4590
3 5918 4590 5917
3 5918 5917 6063
3 6064 5918 6063
3 6145 6064 5918
3 5966 6145 5918
3 4301 5966 5918
3 4597 4377 4301
3 4591 4597 4301
3 5918 4591 4301
3 3522 3660 3740
3 2587 2642 2291
3 2232 2587 2291
3 3436 2232 2291
3 3522 3740 3436
3 2291 3522 3436
3 3661 3660 3522
3 3523 3661 3522
3 2292 3523 3522
3 2292 3522 2291
3 2643 2292 2291
3 2643 2291 2642
3 2588 2643 2642
3 2588 2642 2587
3 2588 2587 2232
3 2233 2588 2232
3 2233 2232 3436
3 3437 2233 3436
3 3741 3437 3436
3 3741 3436 3740
3 3661 3741 3740
3 3661 3740 3660
3 3523 3661 3741
3 2588 2643 2292
3 2233 2588 2292
3 3437 2233 2292
3 3523 3741 3437
3 2292 3523 3437
3 7118 7794 8077
3 7693 7118 8077
3 8076 7793 7794
3 8076 7794 8077
3 7692 8076 8077
3 7692 8077 7693
3 7692 7693 7118
3 7117 7692 7118
3 7117 7118 7794
3 7793 7117 7794
3 7117 7793 8076
3 7692 7117 8076
3 4379 4303 5968
3 4608 4379 5968
3 4870 4608 5968
3 6147 4870 5968
3 4302 4303 5968
3 5967 4302 5968
3 6146 5967 5968
3 6146 5968 6147
3 4869 6146 6147
3 4869 6147 4870
3 4869 4870 4608
3 4607 4869 4608
3 4378 4607 4608
3 4378 4608 4379
3 4378 4379 4303
3 4302 4378 4303
3 4378 4302 5967
3 4607 4378 5967
3 4869 4607 5967
3 6146 4869 5967
3 8112 8085 9720
3 9509 8112 9720
3 10599 9509 9720
3 9302 9019 10599
3 11018 9302 10599
3 9720 11018 10599
3 8084 8085 9720
3 9719 8084 9720
3 11017 9719 9720
3 11017 9720 11018
3 9301 11017 11018
3 9301 11018 9302
3 9301 9302 9019
3 9018 9301 9019
3 9018 9019 10599
3 10598 9018 10599
3 10598 10599 9509
3 9508 10598 9509
3 8111 9508 9509
3 8111 9509 8112
3 8111 8112 8085
3 8084 8111 8085
3 8111 8084 9719
3 9508 8111 9719
3 10598 9508 9719
3 9301 9018 10598
3 11017 9301 10598
3 9719 11017 10598
3 2235 2590 3743
3 3439 2235 3743
3 3742 2589 2590
3 3742 2590 3743
3 3438 3742 3743
3 3438 3743 3439
3 3438 3439 2235
3 2234 3438 2235
3 2234 2235 2590
3 2589 2234 2590
3 2234 2589 3742
3 3438 2234 3742
3 9302 9232 10908
3 11018 9302 10908
3 9720 11018 10908
3 8094 8085 9720
3 9714 8094 9720
3 10908 9714 9720
3 9233 9232 9302
3 9303 9233 9302
3 11019 9303 9302
3 11019 9302 11018
3 9721 11019 11018
3 9721 11018 9720
3 9721 9720 8085
3 8086 9721 8085
3 8086 8085 8094
3 8095 8086 8094
3 9715 8095 8094
3 9715 8094 9714
3 9715 9714 10908
3 10909 9715 10908
3 10909 10908 9232
3 9233 10909 9232
3 9303 9233 10909
3 11019 9303 10909
3 9721 11019 10909
3 8095 8086 9721
3 9715 8095 9721
3 10909 9715 9721
3 7118 7298 7718
3 7693 7118 7718
3 8077 7693 7718
3 7786 7794 8077
3 8050 7786 8077
3 7718 8050 8077
3 7299 7298 7118
3 7119 7299 7118
3 7119 7118 7693
3 7694 7119 7693
3 8078 7694 7693
3 8078 7693 8077
3 7795 8078 8077
3 7795 8077 7794
3 7795 7794 7786
3 7787 7795 7786
3 7787 7786 8050
3 8051 7787 8050
3 8051 8050 7718
3 7719 8051 7718
3 7299 7719 7718
3 7299 7718 7298
3 7119 7299 7719
3 7694 7119 7719
3 8078 7694 7719
3 7787 7795 8078
3 8051 7787 8078
3 7719 8051 8078
3 6147 6065 5919
3 5968 6147 5919
3 4303 5968 5919
3 4598 4379 4303
3 4592 4598 4303
3 5919 4592 4303
3 6148 6066 6065
3 6148 6065 6147
3 5969 6148 6147
3 5969 6147 5968
3 5969 5968 4303
3 4304 5969 4303
3 4304 4303 4379
3 4380 4304 4379
3 4599 4380 4379
3 4599 4379 4598
3 4593 4599 4598
3 4593 4598 4592
3 5920 4593 4592
3 5920 4592 5919
3 5920 5919 6065
3 6066 5920 6065
3 6148 6066 5920
3 5969 6148 5920
3 4304 5969 5920
3 4599 4380 4304
3 4593 4599 4304
3 5920 4593 4304
3 3524 3662 3743
3 2590 2644 2293
3 2235 2590 2293
3 3439 2235 2293
3 3524 3743 3439
3 2293 3524 3439
3 3663 3662 3524
3 3525 3663 3524
3 2294 3525 3524
3 2294 3524 2293
3 2645 2294 2293
3 2645 2293 2644
3 2591 2645 2644
3 2591 2644 2590
3 2591 2590 2235
3 2236 2591 2235
3 2236 2235 3439
3 3440 2236 3439
3 3744 3440 3439
3 3744 3439 3743
3 3663 3744 3743
3 3663 3743 3662
3 3525 3663 3744
3 2591 2645 2294
3 2236 2591 2294
3 3440 2236 2294
3 3525 3744 3440
3 2294 3525 3440
3 8633 8579 10368
3 10254 8633 10368
3 10426 10254 10368
3 10509 10426 10368
3 8580 8579 8633
3 8634 8580 8633
3 10255 8634 8633
3 10255 8633 10254
3 10255 10254 10426
3 10427 10255 10426
3 10510 10427 10426
3 10510 10426 10509
3 10369 10510 10509
3 10369 10509 10368
3 10369 10368 8579
3 8580 10369 8579
3 8634 8580 10369
3 10255 8634 10369
3 10427 10255 10369
3 10510 10427 10369
3 10633 10653 10717
3 10657 10633 10717
3 10714 10652 10653
3 10714 10653 10717
3 10656 10714 10717
3 10656 10717 10657
3 10656 10657 10633
3 10632 10656 10633
3 10632 10633 10653
3 10652 10632 10653
3 10632 10652 10714
3 10656 10632 10714
3 10659 10791 10797
3 10795 10659 10797
3 10796 10790 10791
3 10796 10791 10797
3 10794 10796 10797
3 10794 10797 10795
3 10794 10795 10659
3 10658 10794 10659
3 10658 10659 10791
3 10790 10658 10791
3 10658 10790 10796
3 10794 10658 10796
3 9707 10600 4061
3 9700 9707 4061
3 9682 9700 4061
3 5666 5663 9510
3 3595 3592 3204
3 3204 5008 5011
3 3595 3204 5011
3 3605 3595 5011
3 4061 3602 3605
3 9682 4061 3605
3 9510 9689 9682
3 5666 9510 9682
3 5011 5666 9682
3 3605 5011 9682
3 9709 10601 10600
3 9709 10600 9707
3 9709 9707 9700
3 9702 9709 9700
3 9684 9702 9700
3 9684 9700 9682
3 9691 9684 9682
3 9691 9682 9689
3 9511 9691 9689
3 9511 9689 9510
3 9511 9510 5663
3 5665 9511 5663
3 5665 5663 5666
3 5668 5665 5666
3 5668 5666 5011
3 5013 5668 5011
3 5010 5013 5011
3 5010 5011 5008
3 5010 5008 3204
3 3205 5010 3204
3 3205 3204 3592
3 3594 3205 3592
3 3597 3594 3592
3 3597 3592 3595
3 3597 3595 3605
3 3607 3597 3605
3 3607 3605 3602
3 3604 3607 3602
3 3604 3602 4061
3 4062 3604 4061
3 10601 4062 4061
3 10601 4061 10600
3 9709 10601 4062
3 9702 9709 4062
3 9684 9702 4062
3 5668 5665 9511
3 3597 3594 3205
3 3205 5010 5013
3 3597 3205 5013
3 3607 3597 5013
3 4062 3604 3607
3 9684 4062 3607
3 9511 9691 9684
3 5668 9511 9684
3 5013 5668 9684
3 3607 5013 9684
3 9700 9682 9689
3 9707 9700 9689
3 9690 9708 9707
3 9690 9707 9689
3 9690 9689 9682
3 9683 9690 9682
3 9683 9682 9700
3 9701 9683 9700
3 9708 9701 9700
3 9708 9700 9707
3 9701 9683 9690
3 9708 9701 9690
3 9702 9684 9691
3 9709 9702 9691
3 9701 9708 9709
3 9701 9709 9702
3 9701 9702 9684
3 9683 9701 9684
3 9683 9684 9691
3 9690 9683 9691
3 9708 9690 9691
3 9708 9691 9709
3 9701 9683 9690
3 9708 9701 9690
3 5008 5663 5666
3 5011 5008 5666
3 5667 5012 5011
3 5667 5011 5666
3 5664 5667 5666
3 5664 5666 5663
3 5664 5663 5008
3 5009 5664 5008
3 5009 5008 5011
3 5012 5009 5011
3 5009 5664 5667
3 5012 5009 5667
3 5010 5665 5668
3 5013 5010 5668
3 5012 5013 5010
3 5009 5012 5010
3 5009 5010 5665
3 5664 5009 5665
3 5667 5664 5665
3 5667 5665 5668
3 5012 5667 5668
3 5012 5668 5013
3 5009 5664 5667
3 5012 5009 5667
3 9012 9021 9304
3 9063 9012 9304
3 5962 9063 9304
3 8114 8105 7926
3 8088 8114 7926
3 4872 8088 7926
3 5962 9304 6094
3 6171 5962 6094
3 4872 7926 4794
3 4609 4872 4794
3 6171 6094 6348
3 4005 6171 6348
3 4609 4794 4210
3 2329 4609 4210
3 4005 6348 3856
3 2646 4005 3856
3 2329 4210 2646
3 3856 2329 2646
3 9022 9305 9304
3 9022 9304 9021
3 9022 9021 9012
3 9013 9022 9012
3 9013 9012 9063
3 9064 9013 9063
3 9064 9063 5962
3 5963 9064 5962
3 5963 5962 6171
3 6172 5963 6171
3 6172 6171 4005
3 4006 6172 4005
3 2647 4006 4005
3 2647 4005 2646
3 4211 2647 2646
3 4211 2646 4210
3 4211 4210 4794
3 4795 4211 4794
3 7927 4795 4794
3 7927 4794 7926
3 7927 7926 8105
3 8106 7927 8105
3 8115 8106 8105
3 8115 8105 8114
3 8089 8115 8114
3 8089 8114 8088
3 8089 8088 4872
3 4873 8089 4872
3 4610 4873 4872
3 4610 4872 4609
3 4610 4609 2329
3 2330 4610 2329
3 2330 2329 3856
3 3857 2330 3856
3 6349 3857 3856
3 6349 3856 6348
3 6095 6349 6348
3 6095 6348 6094
3 9305 6095 6094
3 9305 6094 9304
3 9013 9022 9305
3 9064 9013 9305
3 5963 9064 9305
3 8115 8106 7927
3 8089 8115 7927
3 4873 8089 7927
3 5963 9305 6095
3 6172 5963 6095
3 4873 7927 4795
3 4610 4873 4795
3 6172 6095 6349
3 4006 6172 6349
3 4610 4795 4211
3 2330 4610 4211
3 4006 6349 3857
3 2647 4006 3857
3 2330 4211 2647
3 3857 2330 2647
3 3602 3592 3595
3 3605 3602 3595
3 3596 3606 3605
3 3596 3605 3595
3 3596 3595 3592
3 3593 3596 3592
3 3593 3592 3602
3 3603 3593 3602
3 3606 3603 3602
3 3606 3602 3605
3 3603 3593 3596
3 3606 3603 3596
3 3604 3594 3597
3 3607 3604 3597
3 3603 3606 3607
3 3603 3607 3604
3 3603 3604 3594
3 3593 3603 3594
3 3593 3594 3597
3 3596 3593 3597
3 3606 3596 3597
3 3606 3597 3607
3 3603 3593 3596
3 3606 3603 3596
3 5015 7917 8243
3 5384 5015 8243
3 4064 4199 4804
3 4201 4064 4804
3 4060 4201 4804
3 3599 3462 3103
3 3225 3599 3103
3 4382 3225 3103
3 5007 4885 4382
3 4883 5007 4382
3 6777 4883 4382
3 6789 6783 6777
3 6781 6789 6777
3 7682 6781 6777
3 7749 7737 7682
3 7735 7749 7682
3 7758 7735 7682
3 7768 7766 7758
3 7762 7768 7758
3 8117 8104 7923
3 8091 8117 7923
3 8632 8504 8196
3 8449 8632 8196
3 8727 8725 8719
3 8723 8727 8719
3 9513 9477 9170
3 9437 9513 9170
3 10249 9437 9170
3 10253 10249 9170
3 10249 10253 11419
3 10431 10249 11419
3 9681 9522 10431
3 10433 9681 10431
3 10593 10433 10431
3 9706 9697 10593
3 10605 9706 10593
3 10609 10605 10593
3 9787 9725 10609
3 10613 9787 10609
3 9965 9949 10663
3 10793 9965 10663
3 10217 10155 10903
3 10905 10217 10903
3 11021 10905 10903
3 10251 10243 11021
3 11023 10251 11021
3 11033 11023 11021
3 10429 10425 11033
3 11055 10429 11033
3 11062 11055 11033
3 10584 10573 11062
3 11076 10584 11062
3 11184 11076 11062
3 10562 10603 10611
3 10607 10562 10611
3 10247 10607 10611
3 10007 10219 10247
3 10223 10007 10247
3 9723 10223 10247
3 9693 9699 9723
3 9711 9693 9723
3 9011 9062 9383
3 9100 9011 9383
3 8721 9100 9383
3 8711 8713 8721
3 8717 8711 8721
3 8119 8190 8447
3 8194 8119 8447
3 8072 8194 8447
3 7774 7789 8072
3 7919 7774 8072
3 5806 5961 6178
3 5971 5806 6178
3 4382 3103 2739
3 6777 4382 2739
3 7758 7682 6777
3 7762 7758 6777
3 7923 7762 6777
3 8091 7923 6777
3 8196 8091 6777
3 8449 8196 6777
3 8719 8449 6777
3 8723 8719 6777
3 9170 8723 6777
3 10253 9170 6777
3 2731 10253 6777
3 10593 10431 11419
3 10609 10593 11419
3 10613 10609 11419
3 10663 10613 11419
3 10793 10663 11419
3 10903 10793 11419
3 11021 10903 11419
3 11033 11021 11419
3 11062 11033 11419
3 11184 11062 11419
3 10611 11184 11419
3 10247 10611 11419
3 9723 10247 11419
3 9711 9723 11419
3 9383 9711 11419
3 8721 9383 11419
3 8717 8721 11419
3 8447 8717 11419
3 8072 8447 11419
3 7919 8072 11419
3 6178 7919 11419
3 5971 6178 11419
3 4804 5971 11419
3 4060 4804 11419
3 2731 6777 2739
3 4058 2731 2739
3 4060 11419 4058
3 2739 4060 4058
3 4803 4198 4199
3 4803 4199 4804
3 4803 4804 5971
3 5970 4803 5971
3 5970 5971 5806
3 5805 5970 5806
3 5805 5806 5961
3 5960 5805 5961
3 6177 5960 5961
3 6177 5961 6178
3 6177 6178 7919
3 7918 6177 7919
3 7918 7919 7774
3 7773 7918 7774
3 7773 7774 7789
3 7788 7773 7789
3 8071 7788 7789
3 8071 7789 8072
3 8071 8072 8194
3 8193 8071 8194
3 8193 8194 8119
3 8118 8193 8119
3 8118 8119 8190
3 8189 8118 8190
3 8446 8189 8190
3 8446 8190 8447
3 8446 8447 8717
3 8716 8446 8717
3 8716 8717 8711
3 8710 8716 8711
3 8710 8711 8713
3 8712 8710 8713
3 8720 8712 8713
3 8720 8713 8721
3 8720 8721 9100
3 9099 8720 9100
3 9099 9100 9011
3 9010 9099 9011
3 9010 9011 9062
3 9061 9010 9062
3 9382 9061 9062
3 9382 9062 9383
3 9382 9383 9711
3 9710 9382 9711
3 9710 9711 9693
3 9692 9710 9693
3 9692 9693 9699
3 9698 9692 9699
3 9722 9698 9699
3 9722 9699 9723
3 9722 9723 10223
3 10222 9722 10223
3 10222 10223 10007
3 10006 10222 10007
3 10006 10007 10219
3 10218 10006 10219
3 10246 10218 10219
3 10246 10219 10247
3 10246 10247 10607
3 10606 10246 10607
3 10606 10607 10562
3 10561 10606 10562
3 10561 10562 10603
3 10602 10561 10603
3 10610 10602 10603
3 10610 10603 10611
3 10610 10611 11184
3 11183 10610 11184
3 11183 11184 11076
3 11075 11183 11076
3 10583 11075 11076
3 10583 11076 10584
3 10583 10584 10573
3 10572 10583 10573
3 10572 10573 11062
3 11061 10572 11062
3 11061 11062 11055
3 11054 11061 11055
3 10428 11054 11055
3 10428 11055 10429
3 10428 10429 10425
3 10424 10428 10425
3 10424 10425 11033
3 11032 10424 11033
3 11032 11033 11023
3 11022 11032 11023
3 10250 11022 11023
3 10250 11023 10251
3 10250 10251 10243
3 10242 10250 10243
3 10242 10243 11021
3 11020 10242 11021
3 11020 11021 10905
3 10904 11020 10905
3 10216 10904 10905
3 10216 10905 10217
3 10216 10217 10155
3 10154 10216 10155
3 10154 10155 10903
3 10902 10154 10903
3 10902 10903 10793
3 10792 10902 10793
3 9964 10792 10793
3 9964 10793 9965
3 9964 9965 9949
3 9948 9964 9949
3 9948 9949 10663
3 10662 9948 10663
3 10662 10663 10613
3 10612 10662 10613
3 9786 10612 10613
3 9786 10613 9787
3 9786 9787 9725
3 9724 9786 9725
3 9724 9725 10609
3 10608 9724 10609
3 10608 10609 10605
3 10604 10608 10605
3 9705 10604 10605
3 9705 10605 9706
3 9705 9706 9697
3 9696 9705 9697
3 9696 9697 10593
3 10592 9696 10593
3 10592 10593 10433
3 10432 10592 10433
3 9680 10432 10433
3 9680 10433 9681
3 9680 9681 9522
3 9521 9680 9522
3 9521 9522 10431
3 10430 9521 10431
3 10430 10431 10249
3 10248 10430 10249
3 10248 10249 10253
3 10252 10248 10253
3 11418 10252 10253
3 11418 10253 11419
3 4057 11418 11419
3 4057 11419 4058
3 4057 4058 2731
3 2730 4057 2731
3 2730 2731 10253
3 10252 2730 10253
3 10248 10252 10253
3 10248 10253 10249
3 9436 10248 10249
3 9436 10249 9437
3 9512 9436 9437
3 9512 9437 9513
3 9476 9512 9513
3 9476 9513 9477
3 9476 9477 9170
3 9169 9476 9170
3 8722 9169 9170
3 8722 9170 8723
3 8726 8722 8723
3 8726 8723 8727
3 8724 8726 8727
3 8724 8727 8725
3 8724 8725 8719
3 8718 8724 8719
3 8448 8718 8719
3 8448 8719 8449
3 8631 8448 8449
3 8631 8449 8632
3 8503 8631 8632
3 8503 8632 8504
3 8503 8504 8196
3 8195 8503 8196
3 8090 8195 8196
3 8090 8196 8091
3 8116 8090 8091
3 8116 8091 8117
3 8103 8116 8117
3 8103 8117 8104
3 8103 8104 7923
3 7922 8103 7923
3 7761 7922 7923
3 7761 7923 7762
3 7767 7761 7762
3 7767 7762 7768
3 7765 7767 7768
3 7765 7768 7766
3 7765 7766 7758
3 7757 7765 7758
3 7734 7757 7758
3 7734 7758 7735
3 7748 7734 7735
3 7748 7735 7749
3 7736 7748 7749
3 7736 7749 7737
3 7736 7737 7682
3 7681 7736 7682
3 6780 7681 7682
3 6780 7682 6781
3 6788 6780 6781
3 6788 6781 6789
3 6782 6788 6789
3 6782 6789 6783
3 6782 6783 6777
3 6776 6782 6777
3 4882 6776 6777
3 4882 6777 4883
3 5006 4882 4883
3 5006 4883 5007
3 4884 5006 5007
3 4884 5007 4885
3 4884 4885 4382
3 4381 4884 4382
3 3224 4381 4382
3 3224 4382 3225
3 3598 3224 3225
3 3598 3225 3599
3 3461 3598 3599
3 3461 3599 3462
3 3461 3462 3103
3 3102 3461 3103
3 2738 3102 3103
3 2738 3103 2739
3 4059 2738 2739
3 4059 2739 4060
3 4059 4060 4201
3 4200 4059 4201
3 4200 4201 4064
3 4063 4200 4064
3 4063 4064 4199
3 4198 4063 4199
3 4063 4198 4803
3 4200 4063 4803
3 4059 4200 4803
3 3598 3461 3102
3 3224 3598 3102
3 4381 3224 3102
3 5006 4884 4381
3 4882 5006 4381
3 6776 4882 4381
3 6788 6782 6776
3 6780 6788 6776
3 7681 6780 6776
3 7748 7736 7681
3 7734 7748 7681
3 7757 7734 7681
3 7767 7765 7757
3 7761 7767 7757
3 8116 8103 7922
3 8090 8116 7922
3 8631 8503 8195
3 8448 8631 8195
3 8726 8724 8718
3 8722 8726 8718
3 9512 9476 9169
3 9436 9512 9169
3 10248 9436 9169
3 10252 10248 9169
3 10248 10252 11418
3 10430 10248 11418
3 9680 9521 10430
3 10432 9680 10430
3 10592 10432 10430
3 9705 9696 10592
3 10604 9705 10592
3 10608 10604 10592
3 9786 9724 10608
3 10612 9786 10608
3 9964 9948 10662
3 10792 9964 10662
3 10216 10154 10902
3 10904 10216 10902
3 11020 10904 10902
3 10250 10242 11020
3 11022 10250 11020
3 11032 11022 11020
3 10428 10424 11032
3 11054 10428 11032
3 11061 11054 11032
3 10583 10572 11061
3 11075 10583 11061
3 11183 11075 11061
3 10561 10602 10610
3 10606 10561 10610
3 10246 10606 10610
3 10006 10218 10246
3 10222 10006 10246
3 9722 10222 10246
3 9692 9698 9722
3 9710 9692 9722
3 9010 9061 9382
3 9099 9010 9382
3 8720 9099 9382
3 8710 8712 8720
3 8716 8710 8720
3 8118 8189 8446
3 8193 8118 8446
3 8071 8193 8446
3 7773 7788 8071
3 7918 7773 8071
3 5805 5960 6177
3 5970 5805 6177
3 4381 3102 2738
3 6776 4381 2738
3 7757 7681 6776
3 7761 7757 6776
3 7922 7761 6776
3 8090 7922 6776
3 8195 8090 6776
3 8448 8195 6776
3 8718 8448 6776
3 8722 8718 6776
3 9169 8722 6776
3 10252 9169 6776
3 2730 10252 6776
3 10592 10430 11418
3 10608 10592 11418
3 10612 10608 11418
3 10662 10612 11418
3 10792 10662 11418
3 10902 10792 11418
3 11020 10902 11418
3 11032 11020 11418
3 11061 11032 11418
3 11183 11061 11418
3 10610 11183 11418
3 10246 10610 11418
3 9722 10246 11418
3 9710 9722 11418
3 9382 9710 11418
3 8720 9382 11418
3 8716 8720 11418
3 8446 8716 11418
3 8071 8446 11418
3 7918 8071 11418
3 6177 7918 11418
3 5970 6177 11418
3 4803 5970 11418
3 4059 4803 11418
3 2730 6776 2738
3 4057 2730 2738
3 4059 11418 4057
3 2738 4059 4057
3 5017 5019 3926
3 3763 5017 3926
3 3601 3763 3926
3 7733 7632 6787
3 6791 7733 6787
3 7925 7921 9695
3 9704 7925 9695
3 8192 8188 10077
3 10086 8192 10077
3 10363 10086 10077
3 7760 7764 7779
3 7770 7760 7779
3 5876 7770 7779
3 5386 5736 5876
3 5804 5386 5876
3 4064 4072 5804
3 7772 4064 5804
3 10603 7774 7772
3 6785 6783 9513
3 4072 4064 3462
3 3926 4072 3462
3 3601 3926 3462
3 6787 3601 3462
3 6791 6787 3462
3 9443 6791 3462
3 9704 9695 9443
3 5804 5876 7779
3 7772 5804 7779
3 10603 7772 7779
3 9443 3462 6785
3 10603 7779 10363
3 9513 10603 10363
3 9443 6785 9513
3 9704 9443 9513
3 10077 9704 9513
3 10363 10077 9513
3 3925 5018 5019
3 3925 5019 3926
3 4071 3925 3926
3 4071 3926 4072
3 4063 4071 4072
3 4063 4072 4064
3 4063 4064 3462
3 3461 4063 3462
3 3461 3462 6785
3 6784 3461 6785
3 6784 6785 6783
3 6782 6784 6783
3 6782 6783 9513
3 9512 6782 9513
3 10602 9512 9513
3 10602 9513 10603
3 7773 10602 10603
3 7773 10603 7774
3 7773 7774 7772
3 7771 7773 7772
3 4063 7771 7772
3 4063 7772 4064
3 4063 4064 4072
3 4071 4063 4072
3 4071 4072 5804
3 5803 4071 5804
3 5803 5804 5386
3 5385 5803 5386
3 5385 5386 5736
3 5735 5385 5736
3 5875 5735 5736
3 5875 5736 5876
3 5875 5876 7770
3 7769 5875 7770
3 7769 7770 7760
3 7759 7769 7760
3 7759 7760 7764
3 7763 7759 7764
3 7778 7763 7764
3 7778 7764 7779
3 7778 7779 10363
3 10362 7778 10363
3 10362 10363 10086
3 10085 10362 10086
3 8191 10085 10086
3 8191 10086 8192
3 8191 8192 8188
3 8187 8191 8188
3 8187 8188 10077
3 10076 8187 10077
3 10076 10077 9704
3 9703 10076 9704
3 7924 9703 9704
3 7924 9704 7925
3 7924 7925 7921
3 7920 7924 7921
3 7920 7921 9695
3 9694 7920 9695
3 9694 9695 9443
3 9442 9694 9443
3 6790 9442 9443
3 6790 9443 6791
3 7732 6790 6791
3 7732 6791 7733
3 7631 7732 7733
3 7631 7733 7632
3 7631 7632 6787
3 6786 7631 6787
3 3600 6786 6787
3 3600 6787 3601
3 3762 3600 3601
3 3762 3601 3763
3 3762 3763 5017
3 5016 3762 5017
3 5018 5016 5017
3 5018 5017 5019
3 5016 5018 3925
3 3762 5016 3925
3 3600 3762 3925
3 7732 7631 6786
3 6790 7732 6786
3 7924 7920 9694
3 9703 7924 9694
3 8191 8187 10076
3 10085 8191 10076
3 10362 10085 10076
3 7759 7763 7778
3 7769 7759 7778
3 5875 7769 7778
3 5385 5735 5875
3 5803 5385 5875
3 4063 4071 5803
3 7771 4063 5803
3 10602 7773 7771
3 6784 6782 9512
3 4071 4063 3461
3 3925 4071 3461
3 3600 3925 3461
3 6786 3600 3461
3 6790 6786 3461
3 9442 6790 3461
3 9703 9694 9442
3 5803 5875 7778
3 7771 5803 7778
3 10602 7771 7778
3 9442 3461 6784
3 10602 7778 10362
3 9512 10602 10362
3 9442 6784 9512
3 9703 9442 9512
3 10076 9703 9512
3 10362 10076 9512
3 5180 5193 5192
3 5180 5192 5179
3 5176 5180 5179
3 5176 5179 5175
3 5172 5176 5175
3 5172 5175 5171
3 5159 5172 5171
3 5159 5171 5158
3 5155 5159 5158
3 5155 5158 5154
3 5155 5154 5150
3 5151 5155 5150
3 5151 5150 5146
3 5147 5151 5146
3 5147 5146 5142
3 5143 5147 5142
3 5143 5142 5138
3 5139 5143 5138
3 5139 5138 5134
3 5135 5139 5134
3 5135 5134 5130
3 5131 5135 5130
3 5131 5130 5126
3 5127 5131 5126
3 5127 5126 5122
3 5123 5127 5122
3 5123 5122 5118
3 5119 5123 5118
3 5119 5118 5114
3 5115 5119 5114
3 5115 5114 5091
3 5092 5115 5091
3 5092 5091 5078
3 5079 5092 5078
3 5079 5078 5074
3 5075 5079 5074
3 5075 5074 5070
3 5071 5075 5070
3 5071 5070 5066
3 5067 5071 5066
3 5067 5066 5062
3 5063 5067 5062
3 5063 5062 5058
3 5059 5063 5058
3 5059 5058 5054
3 5055 5059 5054
3 5055 5054 5050
3 5051 5055 5050
3 5051 5050 5046
3 5047 5051 5046
3 5047 5046 5042
3 5043 5047 5042
3 5043 5042 5038
3 5039 5043 5038
3 5039 5038 5034
3 5035 5039 5034
3 5035 5034 5030
3 5031 5035 5030
3 5031 5030 5026
3 5027 5031 5026
3 5027 5026 5022
3 5023 5027 5022
3 5023 5022 5020
3 5021 5023 5020
3 5021 5020 5024
3 5025 5021 5024
3 5025 5024 5028
3 5029 5025 5028
3 5029 5028 5032
3 5033 5029 5032
3 5033 5032 5036
3 5037 5033 5036
3 5037 5036 5040
3 5041 5037 5040
3 5041 5040 5044
3 5045 5041 5044
3 5045 5044 5048
3 5049 5045 5048
3 5049 5048 5052
3 5053 5049 5052
3 5053 5052 5056
3 5057 5053 5056
3 5061 5057 5056
3 5061 5056 5060
3 5065 5061 5060
3 5065 5060 5064
3 5069 5065 5064
3 5069 5064 5068
3 5073 5069 5068
3 5073 5068 5072
3 5077 5073 5072
3 5077 5072 5076
3 5090 5077 5076
3 5090 5076 5089
3 5104 5090 5089
3 5104 5089 5103
3 5117 5104 5103
3 5117 5103 5116
3 5121 5117 5116
3 5121 5116 5120
3 5125 5121 5120
3 5125 5120 5124
3 5129 5125 5124
3 5129 5124 5128
3 5133 5129 5128
3 5133 5128 5132
3 5137 5133 5132
3 5137 5132 5136
3 5141 5137 5136
3 5141 5136 5140
3 5145 5141 5140
3 5145 5140 5144
3 5149 5145 5144
3 5149 5144 5148
3 5153 5149 5148
3 5153 5148 5152
3 5157 5153 5152
3 5157 5152 5156
3 5161 5157 5156
3 5161 5156 5160
3 5174 5161 5160
3 5174 5160 5173
3 5178 5174 5173
3 5178 5173 5177
3 5191 5178 5177
3 5191 5177 5190
3 5195 5191 5190
3 5195 5190 5194
3 5199 5195 5194
3 5199 5194 5198
3 5203 5199 5198
3 5203 5198 5202
3 5207 5203 5202
3 5207 5202 5206
3 5209 5207 5206
3 5209 5206 5208
3 5205 5209 5208
3 5205 5208 5204
3 5201 5205 5204
3 5201 5204 5200
3 5197 5201 5200
3 5197 5200 5196
3 5193 5197 5196
3 5193 5196 5192
3 4209 4207 4805
3 4806 4209 4805
3 4806 4805 4065
3 4067 4806 4065
3 4067 4065 4068
3 4070 4067 4068
3 4877 4070 4068
3 4877 4068 4876
3 4371 4877 4876
3 4371 4876 4370
3 4371 4370 4207
3 4209 4371 4207
3 9467 9471 9470
3 9467 9470 9466
3 9463 9467 9466
3 9463 9466 9462
3 9459 9463 9462
3 9459 9462 9458
3 9455 9459 9458
3 9455 9458 9454
3 9451 9455 9454
3 9451 9454 9450
3 9451 9450 9446
3 9447 9451 9446
3 9447 9446 9440
3 9441 9447 9440
3 9441 9440 9434
3 9435 9441 9434
3 9435 9434 9392
3 9393 9435 9392
3 9393 9392 9388
3 9389 9393 9388
3 9389 9388 9384
3 9385 9389 9384
3 9385 9384 9378
3 9379 9385 9378
3 9379 9378 9374
3 9375 9379 9374
3 9375 9374 9370
3 9371 9375 9370
3 9371 9370 9306
3 9307 9371 9306
3 9307 9306 9228
3 9229 9307 9228
3 9229 9228 9217
3 9218 9229 9217
3 9218 9217 9175
3 9176 9218 9175
3 9176 9175 9171
3 9172 9176 9171
3 9172 9171 9158
3 9159 9172 9158
3 9159 9158 9147
3 9148 9159 9147
3 9148 9147 9143
3 9144 9148 9143
3 9144 9143 9101
3 9102 9144 9101
3 9102 9101 9095
3 9096 9102 9095
3 9096 9095 9091
3 9092 9096 9091
3 9092 9091 9087
3 9088 9092 9087
3 9088 9087 9083
3 9084 9088 9083
3 9084 9083 9079
3 9080 9084 9079
3 9080 9079 9075
3 9076 9080 9075
3 9076 9075 9071
3 9072 9076 9071
3 9072 9071 9067
3 9068 9072 9067
3 9068 9067 9065
3 9066 9068 9065
3 9066 9065 9069
3 9070 9066 9069
3 9070 9069 9073
3 9074 9070 9073
3 9074 9073 9077
3 9078 9074 9077
3 9078 9077 9081
3 9082 9078 9081
3 9082 9081 9085
3 9086 9082 9085
3 9086 9085 9089
3 9090 9086 9089
3 9090 9089 9093
3 9094 9090 9093
3 9094 9093 9097
3 9098 9094 9097
3 9098 9097 9141
3 9142 9098 9141
3 9146 9142 9141
3 9146 9141 9145
3 9157 9146 9145
3 9157 9145 9156
3 9168 9157 9156
3 9168 9156 9167
3 9174 9168 9167
3 9174 9167 9173
3 9178 9174 9173
3 9178 9173 9177
3 9220 9178 9177
3 9220 9177 9219
3 9235 9220 9219
3 9235 9219 9234
3 9309 9235 9234
3 9309 9234 9308
3 9373 9309 9308
3 9373 9308 9372
3 9377 9373 9372
3 9377 9372 9376
3 9381 9377 9376
3 9381 9376 9380
3 9387 9381 9380
3 9387 9380 9386
3 9391 9387 9386
3 9391 9386 9390
3 9433 9391 9390
3 9433 9390 9432
3 9439 9433 9432
3 9439 9432 9438
3 9445 9439 9438
3 9445 9438 9444
3 9449 9445 9444
3 9449 9444 9448
3 9453 9449 9448
3 9453 9448 9452
3 9457 9453 9452
3 9457 9452 9456
3 9461 9457 9456
3 9461 9456 9460
3 9465 9461 9460
3 9465 9460 9464
3 9469 9465 9464
3 9469 9464 9468
3 9473 9469 9468
3 9473 9468 9472
3 9479 9473 9472
3 9479 9472 9478
3 9483 9479 9478
3 9483 9478 9482
3 9487 9483 9482
3 9487 9482 9486
3 9489 9487 9486
3 9489 9486 9488
3 9485 9489 9488
3 9485 9488 9484
3 9481 9485 9484
3 9481 9484 9480
3 9475 9481 9480
3 9475 9480 9474
3 9471 9475 9474
3 9471 9474 9470
3 2151 2155 2154
3 2151 2154 2150
3 2151 2150 2120
3 2121 2151 2120
3 2121 2120 2128
3 2129 2121 2128
3 2155 2129 2128
3 2155 2128 2154
3 11028 11027 10570
3 10571 11028 10570
3 10571 10570 10581
3 10582 10571 10581
3 11031 10582 10581
3 11031 10581 11029
3 11028 11031 11029
3 11028 11029 11027
3 1 115 114
3 1 114 0
3 162 1 0
3 162 0 161
3 162 161 163
3 164 162 163
3 296 164 163
3 296 163 295
3 229 296 295
3 229 295 228
3 582 229 228
3 582 228 581
3 582 581 706
3 707 582 706
3 2721 707 706
3 2721 706 2720
3 2508 2721 2720
3 2508 2720 2507
3 4036 2508 2507
3 4036 2507 4035
3 4036 4035 4055
3 4056 4036 4055
3 4203 4056 4055
3 4203 4055 4202
3 4197 4203 4202
3 4197 4202 4196
3 4802 4197 4196
3 4802 4196 4801
3 4802 4801 4874
3 4875 4802 4874
3 5510 4875 4874
3 5510 4874 5509
3 5510 5509 5661
3 5662 5510 5661
3 8102 5662 5661
3 8102 5661 8101
3 8060 8102 8101
3 8060 8101 8059
3 10239 8060 8059
3 10239 8059 10238
3 10239 10238 10256
3 10257 10239 10256
3 10655 10257 10256
3 10655 10256 10654
3 10655 10654 10712
3 10713 10655 10712
3 10713 10712 10220
3 10221 10713 10220
3 10221 10220 10570
3 10571 10221 10570
3 11028 10571 10570
3 11028 10570 11027
3 11028 11027 11029
3 11031 11028 11029
3 11031 11029 11024
3 11026 11031 11024
3 11026 11024 11520
3 11522 11026 11520
3 11522 11520 4204
3 4206 11522 4204
3 4206 4204 4805
3 4806 4206 4805
3 4806 4805 698
3 700 4806 698
3 700 698 625
3 626 700 625
3 484 626 625
3 484 625 483
3 484 483 190
3 192 484 190
3 192 190 193
3 195 192 193
3 195 193 144
3 145 195 144
3 58 145 144
3 58 144 57
3 115 58 57
3 115 57 114
3 484 483 445
3 447 484 445
3 447 445 621
3 622 447 621
3 703 622 621
3 703 621 701
3 700 703 701
3 700 701 698
3 700 698 625
3 626 700 625
3 484 626 625
3 484 625 483
3 1551 1549 1389
3 1391 1551 1389
3 1382 1391 1389
3 1382 1389 1380
3 1548 1382 1380
3 1548 1380 1546
3 1548 1546 1549
3 1551 1548 1549
3 2320 2318 2133
3 2135 2320 2133
3 2132 2135 2133
3 2132 2133 2130
3 2317 2132 2130
3 2317 2130 2315
3 2317 2315 2318
3 2320 2317 2318
3 6297 6303 6302
3 6297 6302 6296
3 6293 6297 6296
3 6293 6296 6292
3 6268 6293 6292
3 6268 6292 6267
3 6262 6268 6267
3 6262 6267 6261
3 6237 6262 6261
3 6237 6261 6236
3 6237 6236 6232
3 6233 6237 6232
3 6233 6232 6228
3 6229 6233 6228
3 6229 6228 6224
3 6225 6229 6224
3 6225 6224 6181
3 6182 6225 6181
3 6182 6181 6175
3 6176 6182 6175
3 6176 6175 6169
3 6170 6176 6169
3 6170 6169 6165
3 6166 6170 6165
3 6166 6165 6161
3 6162 6166 6161
3 6162 6161 6157
3 6158 6162 6157
3 6158 6157 6151
3 6152 6158 6151
3 6152 6151 6141
3 6142 6152 6141
3 6142 6141 6137
3 6138 6142 6137
3 6138 6137 6069
3 6070 6138 6069
3 6070 6069 6061
3 6062 6070 6061
3 6062 6061 6057
3 6058 6062 6057
3 6058 6057 6053
3 6054 6058 6053
3 6054 6053 6049
3 6050 6054 6049
3 6050 6049 6006
3 6007 6050 6006
3 6007 6006 6002
3 6003 6007 6002
3 6003 6002 5998
3 5999 6003 5998
3 5999 5998 5994
3 5995 5999 5994
3 5995 5994 5990
3 5991 5995 5990
3 5991 5990 5986
3 5987 5991 5986
3 5987 5986 5982
3 5983 5987 5982
3 5983 5982 5978
3 5979 5983 5978
3 5979 5978 5974
3 5975 5979 5974
3 5975 5974 5972
3 5973 5975 5972
3 5973 5972 5976
3 5977 5973 5976
3 5977 5976 5980
3 5981 5977 5980
3 5981 5980 5984
3 5985 5981 5984
3 5985 5984 5988
3 5989 5985 5988
3 5989 5988 5992
3 5993 5989 5992
3 5993 5992 5996
3 5997 5993 5996
3 5997 5996 6000
3 6001 5997 6000
3 6001 6000 6004
3 6005 6001 6004
3 6005 6004 6047
3 6048 6005 6047
3 6052 6048 6047
3 6052 6047 6051
3 6056 6052 6051
3 6056 6051 6055
3 6060 6056 6055
3 6060 6055 6059
3 6068 6060 6059
3 6068 6059 6067
3 6097 6068 6067
3 6097 6067 6096
3 6140 6097 6096
3 6140 6096 6139
3 6150 6140 6139
3 6150 6139 6149
3 6156 6150 6149
3 6156 6149 6155
3 6160 6156 6155
3 6160 6155 6159
3 6164 6160 6159
3 6164 6159 6163
3 6168 6164 6163
3 6168 6163 6167
3 6174 6168 6167
3 6174 6167 6173
3 6180 6174 6173
3 6180 6173 6179
3 6223 6180 6179
3 6223 6179 6222
3 6227 6223 6222
3 6227 6222 6226
3 6231 6227 6226
3 6231 6226 6230
3 6235 6231 6230
3 6235 6230 6234
3 6260 6235 6234
3 6260 6234 6259
3 6266 6260 6259
3 6266 6259 6265
3 6291 6266 6265
3 6291 6265 6290
3 6295 6291 6290
3 6295 6290 6294
3 6299 6295 6294
3 6299 6294 6298
3 6305 6299 6298
3 6305 6298 6304
3 6309 6305 6304
3 6309 6304 6308
3 6313 6309 6308
3 6313 6308 6312
3 6320 6313 6312
3 6320 6312 6319
3 6322 6320 6319
3 6322 6319 6321
3 6315 6322 6321
3 6315 6321 6314
3 6311 6315 6314
3 6311 6314 6310
3 6307 6311 6310
3 6307 6310 6306
3 6303 6307 6306
3 6303 6306 6302
3 6494 6640 6638
3 6494 6638 6482
3 6494 6482 5807
3 5817 6494 5807
3 5817 5807 5877
3 5879 5817 5877
3 6640 5879 5877
3 6640 5877 6638
3 4948 4138 4135
3 4948 4135 4946
3 4888 4948 4946
3 4888 4946 4886
3 4888 4886 4073
3 4077 4888 4073
3 4077 4073 4135
3 4138 4077 4135
3 11641 11638 11667
3 11668 11641 11667
3 11668 11667 11626
3 11637 11668 11626
3 11600 11637 11626
3 11600 11626 11587
3 11641 11600 11587
3 11641 11587 11638
3 11117 11116 11349
3 11352 11117 11349
3 11352 11349 11102
3 11115 11352 11102
3 11074 11115 11102
3 11074 11102 11063
3 11117 11074 11063
3 11117 11063 11116
3 426 416 631
3 641 426 631
3 674 641 631
3 674 631 664
3 674 664 692
3 695 674 692
3 695 692 541
3 542 695 541
3 482 542 541
3 482 541 481
3 618 482 481
3 618 481 617
3 409 618 617
3 409 617 400
3 426 409 400
3 426 400 416
3 1545 1429 1426
3 1545 1426 1542
3 1541 1545 1542
3 1541 1542 1538
3 1541 1538 1418
3 1421 1541 1418
3 1421 1418 1426
3 1429 1421 1426
3 2314 2145 2142
3 2314 2142 2311
3 2310 2314 2311
3 2310 2311 2307
3 2310 2307 2138
3 2141 2310 2138
3 2141 2138 2142
3 2145 2141 2142
3 8800 9006 9004
3 8800 9004 8788
3 9534 8800 8788
3 9534 8788 9523
3 9534 9523 9685
3 9686 9534 9685
3 9686 9685 9004
3 9006 9686 9004
3 2143 2142 1542
3 1543 2143 1542
3 1539 1543 1542
3 1539 1542 1538
3 2139 1539 1538
3 2139 1538 2138
3 2139 2138 2142
3 2143 2139 2142
3 1427 1426 692
3 693 1427 692
3 681 693 692
3 681 692 679
3 1419 681 679
3 1419 679 1418
3 1419 1418 1426
3 1427 1419 1426
3 2145 2144 1544
3 1545 2145 1544
3 1541 1545 1544
3 1541 1544 1540
3 2141 1541 1540
3 2141 1540 2140
3 2141 2140 2144
3 2145 2141 2144
3 1429 1428 694
3 695 1429 694
3 691 695 694
3 691 694 689
3 1421 691 689
3 1421 689 1420
3 1421 1420 1428
3 1429 1421 1428
3 11105 11102 11587
3 11590 11105 11587
3 11639 11590 11587
3 11639 11587 11638
3 11350 11639 11638
3 11350 11638 11349
3 11350 11349 11102
3 11105 11350 11102
3 9005 9004 6638
3 6639 9005 6638
3 6485 6639 6638
3 6485 6638 6482
3 8791 6485 6482
3 8791 6482 8788
3 8791 8788 9004
3 9005 8791 9004
3 4136 4135 2311
3 2312 4136 2311
3 2308 2312 2311
3 2308 2311 2307
3 4074 2308 2307
3 4074 2307 4073
3 4074 4073 4135
3 4136 4074 4135
3 4138 4137 2313
3 2314 4138 2313
3 2310 2314 2313
3 2310 2313 2309
3 4077 2310 2309
3 4077 2309 4075
3 4077 4075 4137
3 4138 4077 4137
3 11115 11112 11597
3 11600 11115 11597
3 11641 11600 11597
3 11641 11597 11640
3 11352 11641 11640
3 11352 11640 11351
3 11352 11351 11112
3 11115 11352 11112
3 9009 9008 6642
3 6643 9009 6642
3 6530 6643 6642
3 6530 6642 6529
3 8836 6530 6529
3 8836 6529 8835
3 8836 8835 9008
3 9009 8836 9008
3 6530 5854 5819
3 6530 5819 6496
3 6530 6496 6641
3 6643 6530 6641
3 6643 6641 5881
3 5916 6643 5881
3 5854 5916 5881
3 5854 5881 5819
3 9569 8836 8802
3 9569 8802 9536
3 9569 9536 9687
3 9688 9569 9687
3 9688 9687 9007
3 9009 9688 9007
3 8836 9009 9007
3 8836 9007 8802
3 7917 8243 8242
3 7917 8242 7916
3 7917 7916 5014
3 5015 7917 5014
3 5015 5014 5383
3 5384 5015 5383
3 8243 5384 5383
3 8243 5383 8242
