OFF
6416 16215 0
0.000 22.720 3.800
0.000 22.720 6.800
0.000 22.720 20.650
0.132 22.279 0.000
0.132 22.279 3.800
0.290 21.528 0.000
0.290 21.528 3.800
0.290 21.528 6.800
0.290 21.528 20.650
0.352 21.547 0.000
0.352 21.547 3.800
0.352 21.547 6.800
0.352 21.547 20.650
0.372 22.526 3.800
0.372 22.526 4.400
0.372 22.526 6.600
0.372 22.526 6.800
0.372 22.526 9.150
0.372 22.526 9.750
0.372 22.526 11.900
0.372 22.526 12.100
0.372 22.526 14.450
0.372 22.526 15.050
0.372 22.526 17.200
0.372 22.526 17.400
0.372 22.526 20.050
0.372 22.526 20.650
0.422 22.533 20.650
0.422 22.533 21.650
0.460 22.232 0.000
0.460 22.232 3.050
0.460 22.232 3.800
0.546 22.466 20.650
0.546 22.466 21.650
0.666 21.458 0.000
0.666 21.458 3.050
0.666 21.458 3.800
0.666 21.458 4.400
0.666 21.458 6.600
0.666 21.458 6.800
0.666 21.458 9.150
0.666 21.458 9.750
0.666 21.458 11.900
0.666 21.458 12.100
0.666 21.458 14.450
0.666 21.458 15.050
0.666 21.458 17.200
0.666 21.458 17.400
0.666 21.458 20.050
0.666 21.458 20.650
0.690 21.466 0.000
0.690 21.466 3.050
0.690 21.466 3.800
0.690 21.466 4.400
0.690 21.466 6.600
0.690 21.466 6.800
0.690 21.466 9.150
0.690 21.466 9.750
0.690 21.466 11.900
0.690 21.466 12.100
0.690 21.466 14.450
0.690 21.466 15.050
0.690 21.466 17.200
0.690 21.466 17.400
0.690 21.466 20.050
0.690 21.466 20.650
0.766 22.950 3.800
0.766 22.950 6.800
0.766 22.950 20.650
0.802 22.830 3.800
0.802 22.830 4.400
0.802 22.830 5.100
0.802 22.830 6.600
0.802 22.830 6.800
0.802 22.830 7.800
0.802 22.830 9.150
0.802 22.830 9.750
0.802 22.830 10.750
0.802 22.830 11.900
0.802 22.830 12.100
0.802 22.830 12.400
0.802 22.830 13.100
0.802 22.830 13.400
0.802 22.830 14.450
0.802 22.830 15.050
0.802 22.830 16.050
0.802 22.830 17.200
0.802 22.830 17.400
0.802 22.830 17.700
0.802 22.830 18.400
0.802 22.830 18.700
0.802 22.830 20.050
0.802 22.830 20.650
0.831 22.735 4.400
0.831 22.735 5.100
0.831 22.735 6.800
0.831 22.735 7.800
0.831 22.735 9.750
0.831 22.735 10.750
0.831 22.735 12.100
0.831 22.735 12.400
0.831 22.735 13.100
0.831 22.735 13.400
0.831 22.735 15.050
0.831 22.735 16.050
0.831 22.735 17.400
0.831 22.735 17.700
0.831 22.735 18.400
0.831 22.735 18.700
0.848 22.494 0.000
0.848 22.494 3.800
0.850 22.669 3.800
0.850 22.669 4.400
0.850 22.669 6.600
0.850 22.669 6.800
0.850 22.669 9.150
0.850 22.669 9.750
0.850 22.669 11.900
0.850 22.669 12.100
0.850 22.669 14.450
0.850 22.669 15.050
0.850 22.669 17.200
0.850 22.669 17.400
0.850 22.669 20.050
0.850 22.669 20.650
0.888 22.360 0.000
0.888 22.360 3.800
4.202 22.113 23.400
4.202 22.113 23.600
4.202 22.113 24.600
4.202 22.113 26.350
4.202 22.113 26.550
4.202 22.113 27.550
4.202 22.113 29.300
4.202 22.113 29.500
4.202 22.113 30.500
4.202 22.113 32.250
4.202 22.113 32.450
4.202 22.113 33.450
4.327 22.046 23.600
4.327 22.046 24.600
4.327 22.046 26.550
4.327 22.046 27.550
4.327 22.046 29.500
4.327 22.046 30.500
4.327 22.046 32.450
4.327 22.046 33.450
4.501 24.072 3.800
4.501 24.072 6.800
4.501 24.072 20.650
4.537 23.952 3.800
4.537 23.952 4.400
4.537 23.952 5.100
4.537 23.952 6.600
4.537 23.952 6.800
4.537 23.952 7.800
4.537 23.952 9.150
4.537 23.952 9.750
4.537 23.952 10.750
4.537 23.952 11.900
4.537 23.952 12.100
4.537 23.952 12.400
4.537 23.952 13.100
4.537 23.952 13.400
4.537 23.952 14.450
4.537 23.952 15.050
4.537 23.952 16.050
4.537 23.952 17.200
4.537 23.952 17.400
4.537 23.952 17.700
4.537 23.952 18.400
4.537 23.952 18.700
4.537 23.952 20.050
4.537 23.952 20.650
4.566 23.857 4.400
4.566 23.857 5.100
4.566 23.857 6.800
4.566 23.857 7.800
4.566 23.857 9.750
4.566 23.857 10.750
4.566 23.857 12.100
4.566 23.857 12.400
4.566 23.857 13.100
4.566 23.857 13.400
4.566 23.857 15.050
4.566 23.857 16.050
4.566 23.857 17.400
4.566 23.857 17.700
4.566 23.857 18.400
4.566 23.857 18.700
4.616 23.689 3.800
4.616 23.689 4.400
4.616 23.689 6.600
4.616 23.689 6.800
4.616 23.689 9.150
4.616 23.689 9.750
4.616 23.689 11.900
4.616 23.689 12.100
4.616 23.689 14.450
4.616 23.689 15.050
4.616 23.689 17.200
4.616 23.689 17.400
4.616 23.689 20.050
4.616 23.689 20.650
4.793 23.742 3.800
4.793 23.742 6.800
5.081 22.785 3.800
5.081 22.785 6.800
5.205 23.866 3.800
5.205 23.866 6.800
5.267 24.302 3.800
5.267 24.302 6.800
5.267 24.302 20.650
5.303 24.183 3.800
5.303 24.183 4.400
5.303 24.183 5.100
5.303 24.183 6.600
5.303 24.183 6.800
5.303 24.183 7.800
5.303 24.183 9.150
5.303 24.183 9.750
5.303 24.183 10.750
5.303 24.183 11.900
5.303 24.183 12.100
5.303 24.183 12.400
5.303 24.183 13.100
5.303 24.183 13.400
5.303 24.183 14.450
5.303 24.183 15.050
5.303 24.183 16.050
5.303 24.183 17.200
5.303 24.183 17.400
5.303 24.183 17.700
5.303 24.183 18.400
5.303 24.183 18.700
5.303 24.183 20.050
5.303 24.183 20.650
5.332 24.087 4.400
5.332 24.087 5.100
5.332 24.087 6.800
5.332 24.087 7.800
5.332 24.087 9.750
5.332 24.087 10.750
5.332 24.087 12.100
5.332 24.087 12.400
5.332 24.087 13.100
5.332 24.087 13.400
5.332 24.087 15.050
5.332 24.087 16.050
5.332 24.087 17.400
5.332 24.087 17.700
5.332 24.087 18.400
5.332 24.087 18.700
5.382 23.919 3.800
5.382 23.919 4.400
5.382 23.919 6.600
5.382 23.919 6.800
5.382 23.919 9.150
5.382 23.919 9.750
5.382 23.919 11.900
5.382 23.919 12.100
5.382 23.919 14.450
5.382 23.919 15.050
5.382 23.919 17.200
5.382 23.919 17.400
5.382 23.919 20.050
5.382 23.919 20.650
5.493 22.908 3.800
5.493 22.908 6.800
5.506 21.231 20.650
5.506 21.231 23.400
5.506 21.231 23.600
5.506 21.231 26.350
5.506 21.231 26.550
5.506 21.231 29.300
5.506 21.231 29.500
5.506 21.231 32.250
5.506 21.231 32.450
5.506 21.231 38.350
5.549 17.632 23.400
5.549 17.632 23.600
5.549 17.632 24.600
5.549 17.632 26.350
5.549 17.632 26.550
5.549 17.632 27.550
5.549 17.632 29.300
5.549 17.632 29.500
5.549 17.632 30.500
5.549 17.632 32.250
5.549 17.632 32.450
5.549 17.632 33.450
5.616 17.756 23.600
5.616 17.756 24.600
5.616 17.756 26.550
5.616 17.756 27.550
5.616 17.756 29.500
5.616 17.756 30.500
5.616 17.756 32.450
5.616 17.756 33.450
5.811 20.216 20.650
5.811 20.216 23.400
5.811 20.216 23.600
5.811 20.216 26.350
5.811 20.216 26.550
5.811 20.216 29.300
5.811 20.216 29.500
5.811 20.216 32.250
5.811 20.216 32.450
5.811 20.216 38.350
5.816 20.218 23.400
5.816 20.218 23.600
5.816 20.218 26.350
5.816 20.218 26.550
5.816 20.218 29.300
5.816 20.218 29.500
5.816 20.218 32.250
5.816 20.218 32.450
5.816 20.218 35.200
5.816 20.218 35.400
5.816 20.218 38.150
5.816 20.218 38.350
5.913 21.354 20.650
5.913 21.354 23.400
5.913 21.354 23.600
5.913 21.354 26.350
5.913 21.354 26.550
5.913 21.354 29.300
5.913 21.354 29.500
5.913 21.354 32.250
5.913 21.354 32.450
5.913 21.354 38.350
5.948 21.239 20.650
5.948 21.239 23.400
5.948 21.239 23.600
5.948 21.239 26.350
5.948 21.239 26.550
5.948 21.239 29.300
5.948 21.239 29.500
5.948 21.239 32.250
5.948 21.239 32.450
5.948 21.239 35.200
5.948 21.239 35.400
5.948 21.239 38.150
5.948 21.239 38.350
5.949 21.166 38.350
5.949 21.166 39.350
6.049 19.442 44.300
6.049 19.442 44.800
6.055 20.289 20.650
6.055 20.289 23.400
6.055 20.289 23.600
6.055 20.289 26.350
6.055 20.289 26.550
6.055 20.289 29.300
6.055 20.289 29.500
6.055 20.289 32.250
6.055 20.289 32.450
6.055 20.289 35.200
6.055 20.289 35.400
6.055 20.289 38.150
6.055 20.289 38.350
6.073 21.099 38.350
6.073 21.099 39.350
6.096 24.071 0.000
6.096 24.071 3.800
6.136 23.937 0.000
6.136 23.937 3.050
6.136 23.937 3.800
6.218 20.338 20.650
6.218 20.338 23.400
6.218 20.338 23.600
6.218 20.338 26.350
6.218 20.338 26.550
6.218 20.338 29.300
6.218 20.338 29.500
6.218 20.338 32.250
6.218 20.338 32.450
6.218 20.338 35.200
6.218 20.338 35.400
6.218 20.338 38.150
6.218 20.338 38.350
6.260 19.610 38.350
6.260 19.610 44.800
6.288 19.514 38.350
6.288 19.514 41.250
6.288 19.514 41.750
6.288 19.514 44.300
6.288 19.514 44.800
6.356 19.638 38.350
6.356 19.638 41.250
6.356 19.638 41.750
6.356 19.638 44.300
6.356 19.638 44.800
6.384 19.543 38.350
6.384 19.543 41.250
6.384 19.543 41.750
6.384 19.543 44.300
6.384 19.543 44.800
6.403 19.653 38.350
6.403 19.653 39.350
6.430 24.025 0.000
6.430 24.025 3.050
6.430 24.025 3.800
6.478 18.015 23.600
6.478 18.015 24.600
6.478 18.015 26.550
6.478 18.015 27.550
6.478 18.015 29.500
6.478 18.015 30.500
6.478 18.015 32.450
6.478 18.015 33.450
6.479 18.010 20.650
6.479 18.010 23.400
6.479 18.010 23.600
6.479 18.010 26.350
6.479 18.010 26.550
6.479 18.010 29.300
6.479 18.010 29.500
6.479 18.010 32.250
6.479 18.010 32.450
6.479 18.010 38.350
6.479 18.010 44.300
6.479 18.010 44.800
6.486 24.188 0.000
6.486 24.188 3.800
6.499 19.682 38.350
6.499 19.682 39.350
6.507 17.919 23.400
6.507 17.919 23.600
6.507 17.919 24.600
6.507 17.919 26.350
6.507 17.919 26.550
6.507 17.919 27.550
6.507 17.919 29.300
6.507 17.919 29.500
6.507 17.919 30.500
6.507 17.919 32.250
6.507 17.919 32.450
6.507 17.919 33.450
6.522 23.719 0.000
6.522 23.719 3.050
6.522 23.719 3.800
6.604 23.795 3.050
6.604 23.795 3.800
6.618 23.747 0.000
6.618 23.747 3.050
6.618 23.747 3.800
6.718 1.319 3.800
6.718 1.319 4.400
6.718 1.319 6.600
6.718 1.319 6.800
6.718 1.319 9.150
6.718 1.319 9.750
6.718 1.319 11.900
6.718 1.319 12.100
6.718 1.319 14.450
6.718 1.319 15.050
6.718 1.319 17.200
6.718 1.319 17.400
6.718 1.319 20.050
6.718 1.319 20.650
6.719 18.082 20.650
6.719 18.082 23.400
6.719 18.082 23.600
6.719 18.082 26.350
6.719 18.082 26.550
6.719 18.082 29.300
6.719 18.082 29.500
6.719 18.082 32.250
6.719 18.082 32.450
6.719 18.082 38.350
6.719 18.082 44.300
6.719 18.082 44.800
6.737 0.072 3.800
6.737 0.072 6.800
6.737 0.072 20.650
6.759 0.000 0.000
6.759 0.000 3.800
6.781 17.005 20.650
6.781 17.005 38.350
6.781 17.005 44.300
6.781 17.005 44.800
7.015 0.328 4.400
7.015 0.328 5.100
7.015 0.328 6.800
7.015 0.328 7.800
7.015 0.328 9.750
7.015 0.328 10.750
7.015 0.328 12.100
7.015 0.328 12.400
7.015 0.328 13.100
7.015 0.328 13.400
7.015 0.328 15.050
7.015 0.328 16.050
7.015 0.328 17.400
7.015 0.328 17.700
7.015 0.328 18.400
7.015 0.328 18.700
7.021 17.077 20.650
7.021 17.077 38.350
7.021 17.077 44.300
7.021 17.077 44.800
7.027 0.550 20.650
7.027 0.550 21.650
7.044 0.232 0.000
7.044 0.232 3.050
7.044 0.232 3.800
7.044 0.232 4.400
7.044 0.232 5.100
7.044 0.232 6.600
7.044 0.232 6.800
7.044 0.232 7.800
7.044 0.232 9.150
7.044 0.232 9.750
7.044 0.232 10.750
7.044 0.232 11.900
7.044 0.232 12.100
7.044 0.232 12.400
7.044 0.232 13.100
7.044 0.232 13.400
7.044 0.232 14.450
7.044 0.232 15.050
7.044 0.232 16.050
7.044 0.232 17.200
7.044 0.232 17.400
7.044 0.232 17.700
7.044 0.232 18.400
7.044 0.232 18.700
7.044 0.232 20.050
7.044 0.232 20.650
7.063 0.170 3.800
7.063 0.170 6.800
7.063 0.170 20.650
7.094 0.675 20.650
7.094 0.675 21.650
7.317 15.223 20.650
7.317 15.223 38.350
7.317 15.223 44.300
7.317 15.223 44.800
7.556 15.295 20.650
7.556 15.295 38.350
7.556 15.295 44.300
7.556 15.295 44.800
7.735 24.135 0.000
7.735 24.135 3.050
7.735 24.135 3.800
7.749 24.087 0.000
7.749 24.087 3.050
7.749 24.087 3.800
7.791 13.643 20.650
7.791 13.643 38.350
7.791 13.643 44.300
7.791 13.643 44.800
8.031 13.715 20.650
8.031 13.715 38.350
8.031 13.715 44.300
8.031 13.715 44.800
8.050 12.782 20.650
8.050 12.782 38.350
8.050 12.782 44.300
8.050 12.782 44.800
8.290 12.853 20.650
8.290 12.853 38.350
8.290 12.853 44.300
8.290 12.853 44.800
8.353 11.776 20.650
8.353 11.776 38.350
8.353 11.776 44.300
8.353 11.776 44.800
8.359 13.934 44.800
8.359 13.934 50.350
8.592 11.848 20.650
8.592 11.848 38.350
8.592 11.848 44.300
8.592 11.848 44.800
8.744 6.997 23.400
8.744 6.997 23.600
8.744 6.997 24.600
8.744 6.997 26.350
8.744 6.997 26.550
8.744 6.997 27.550
8.744 6.997 29.300
8.744 6.997 29.500
8.744 6.997 30.500
8.744 6.997 32.250
8.744 6.997 32.450
8.744 6.997 33.450
8.849 1.959 3.800
8.849 1.959 4.400
8.849 1.959 6.600
8.849 1.959 6.800
8.849 1.959 9.150
8.849 1.959 9.750
8.849 1.959 11.900
8.849 1.959 12.100
8.849 1.959 14.450
8.849 1.959 15.050
8.849 1.959 17.200
8.849 1.959 17.400
8.849 1.959 20.050
8.849 1.959 20.650
8.869 6.930 23.600
8.869 6.930 24.600
8.869 6.930 26.550
8.869 6.930 27.550
8.869 6.930 29.500
8.869 6.930 30.500
8.869 6.930 32.450
8.869 6.930 33.450
9.146 0.968 4.400
9.146 0.968 5.100
9.146 0.968 6.800
9.146 0.968 7.800
9.146 0.968 9.750
9.146 0.968 10.750
9.146 0.968 12.100
9.146 0.968 12.400
9.146 0.968 13.100
9.146 0.968 13.400
9.146 0.968 15.050
9.146 0.968 16.050
9.146 0.968 17.400
9.146 0.968 17.700
9.146 0.968 18.400
9.146 0.968 18.700
9.175 0.872 3.800
9.175 0.872 4.400
9.175 0.872 5.100
9.175 0.872 6.600
9.175 0.872 6.800
9.175 0.872 7.800
9.175 0.872 9.150
9.175 0.872 9.750
9.175 0.872 10.750
9.175 0.872 11.900
9.175 0.872 12.100
9.175 0.872 12.400
9.175 0.872 13.100
9.175 0.872 13.400
9.175 0.872 14.450
9.175 0.872 15.050
9.175 0.872 16.050
9.175 0.872 17.200
9.175 0.872 17.400
9.175 0.872 17.700
9.175 0.872 18.400
9.175 0.872 18.700
9.175 0.872 20.050
9.175 0.872 20.650
9.329 18.448 44.800
9.329 18.448 44.900
9.385 25.539 3.800
9.385 25.539 6.800
9.385 25.539 20.650
9.421 25.420 3.800
9.421 25.420 4.400
9.421 25.420 5.100
9.421 25.420 6.600
9.421 25.420 6.800
9.421 25.420 7.800
9.421 25.420 9.150
9.421 25.420 9.750
9.421 25.420 10.750
9.421 25.420 11.900
9.421 25.420 12.100
9.421 25.420 12.400
9.421 25.420 13.100
9.421 25.420 13.400
9.421 25.420 14.450
9.421 25.420 15.050
9.421 25.420 16.050
9.421 25.420 17.200
9.421 25.420 17.400
9.421 25.420 17.700
9.421 25.420 18.400
9.421 25.420 18.700
9.421 25.420 20.050
9.421 25.420 20.650
9.423 8.214 20.650
9.423 8.214 38.350
9.423 8.214 44.300
9.423 8.214 44.800
9.450 25.324 4.400
9.450 25.324 5.100
9.450 25.324 6.800
9.450 25.324 7.800
9.450 25.324 9.750
9.450 25.324 10.750
9.450 25.324 12.100
9.450 25.324 12.400
9.450 25.324 13.100
9.450 25.324 13.400
9.450 25.324 15.050
9.450 25.324 16.050
9.450 25.324 17.400
9.450 25.324 17.700
9.450 25.324 18.400
9.450 25.324 18.700
9.501 25.156 3.800
9.501 25.156 4.400
9.501 25.156 6.600
9.501 25.156 6.800
9.501 25.156 9.150
9.501 25.156 9.750
9.501 25.156 11.900
9.501 25.156 12.100
9.501 25.156 14.450
9.501 25.156 15.050
9.501 25.156 17.200
9.501 25.156 17.400
9.501 25.156 20.050
9.501 25.156 20.650
9.620 25.192 3.800
9.620 25.192 4.400
9.620 25.192 6.600
9.620 25.192 6.800
9.620 25.192 9.150
9.620 25.192 9.750
9.620 25.192 11.900
9.620 25.192 12.100
9.620 25.192 14.450
9.620 25.192 15.050
9.620 25.192 17.200
9.620 25.192 17.400
9.620 25.192 20.050
9.620 25.192 20.650
9.662 8.286 20.650
9.662 8.286 38.350
9.662 8.286 44.300
9.662 8.286 44.800
9.702 7.285 23.400
9.702 7.285 23.600
9.702 7.285 24.600
9.702 7.285 26.350
9.702 7.285 26.550
9.702 7.285 27.550
9.702 7.285 29.300
9.702 7.285 29.500
9.702 7.285 30.500
9.702 7.285 32.250
9.702 7.285 32.450
9.702 7.285 33.450
9.725 7.208 20.650
9.725 7.208 23.400
9.725 7.208 23.600
9.725 7.208 26.350
9.725 7.208 26.550
9.725 7.208 29.300
9.725 7.208 29.500
9.725 7.208 32.250
9.725 7.208 32.450
9.725 7.208 38.350
9.725 7.208 44.300
9.725 7.208 44.800
9.729 9.375 44.800
9.729 9.375 50.350
9.731 7.189 23.600
9.731 7.189 24.600
9.731 7.189 26.550
9.731 7.189 27.550
9.731 7.189 29.500
9.731 7.189 30.500
9.731 7.189 32.450
9.731 7.189 33.450
9.908 24.234 3.800
9.908 24.234 4.400
9.908 24.234 6.600
9.908 24.234 6.800
9.908 24.234 9.150
9.908 24.234 9.750
9.908 24.234 11.900
9.908 24.234 12.100
9.908 24.234 14.450
9.908 24.234 15.050
9.908 24.234 17.200
9.908 24.234 17.400
9.908 24.234 20.050
9.908 24.234 20.650
9.965 7.280 20.650
9.965 7.280 23.400
9.965 7.280 23.600
9.965 7.280 26.350
9.965 7.280 26.550
9.965 7.280 29.300
9.965 7.280 29.500
9.965 7.280 32.250
9.965 7.280 32.450
9.965 7.280 38.350
9.965 7.280 44.300
9.965 7.280 44.800
10.152 25.769 3.800
10.152 25.769 6.800
10.152 25.769 20.650
10.188 25.650 3.800
10.188 25.650 4.400
10.188 25.650 6.600
10.188 25.650 6.800
10.188 25.650 9.150
10.188 25.650 9.750
10.188 25.650 11.900
10.188 25.650 12.100
10.188 25.650 14.450
10.188 25.650 15.050
10.188 25.650 17.200
10.188 25.650 17.400
10.188 25.650 20.050
10.188 25.650 20.650
10.267 25.386 3.800
10.267 25.386 4.400
10.267 25.386 6.600
10.267 25.386 6.800
10.267 25.386 9.150
10.267 25.386 9.750
10.267 25.386 11.900
10.267 25.386 12.100
10.267 25.386 14.450
10.267 25.386 15.050
10.267 25.386 17.200
10.267 25.386 17.400
10.267 25.386 20.050
10.267 25.386 20.650
10.273 24.897 0.000
10.273 24.897 3.050
10.273 24.897 3.800
10.287 24.850 0.000
10.287 24.850 3.050
10.287 24.850 3.800
10.459 4.766 44.300
10.459 4.766 44.800
10.487 1.198 23.400
10.487 1.198 23.600
10.487 1.198 24.600
10.487 1.198 26.350
10.487 1.198 26.550
10.487 1.198 27.550
10.487 1.198 29.300
10.487 1.198 29.500
10.487 1.198 30.500
10.487 1.198 32.250
10.487 1.198 32.450
10.487 1.198 33.450
10.539 22.743 20.650
10.539 22.743 38.350
10.554 1.323 23.600
10.554 1.323 24.600
10.554 1.323 26.550
10.554 1.323 27.550
10.554 1.323 29.500
10.554 1.323 30.500
10.554 1.323 32.450
10.554 1.323 33.450
10.573 22.628 20.650
10.573 22.628 38.350
10.670 4.934 38.350
10.670 4.934 41.250
10.670 4.934 41.750
10.670 4.934 44.300
10.670 4.934 44.800
10.698 4.838 38.350
10.698 4.838 44.300
10.698 4.838 44.800
10.730 22.801 20.650
10.730 22.801 38.350
10.765 4.962 38.350
10.765 4.962 41.250
10.765 4.962 41.750
10.765 4.962 44.300
10.765 4.962 44.800
10.765 22.686 20.650
10.765 22.686 38.350
10.794 4.867 38.350
10.794 4.867 41.250
10.794 4.867 41.750
10.794 4.867 44.300
10.794 4.867 44.800
10.842 4.881 38.350
10.842 4.881 39.350
10.938 4.910 38.350
10.938 4.910 39.350
11.014 21.163 38.350
11.014 21.163 44.800
11.048 21.048 38.350
11.048 21.048 44.800
11.098 25.573 0.000
11.098 25.573 3.800
11.139 2.501 20.650
11.139 2.501 23.400
11.139 2.501 23.600
11.139 2.501 26.350
11.139 2.501 26.550
11.139 2.501 29.300
11.139 2.501 29.500
11.139 2.501 32.250
11.139 2.501 32.450
11.139 2.501 35.200
11.139 2.501 35.400
11.139 2.501 38.150
11.139 2.501 38.350
11.205 21.220 38.350
11.205 21.220 44.800
11.216 25.181 3.050
11.216 25.181 3.800
11.223 25.506 0.000
11.223 25.506 3.050
11.223 25.506 3.800
11.230 25.133 0.000
11.230 25.133 3.050
11.230 25.133 3.800
11.240 21.106 38.350
11.240 21.106 44.800
11.308 1.941 20.650
11.308 1.941 21.650
11.326 25.162 0.000
11.326 25.162 3.050
11.326 25.162 3.800
11.337 1.845 20.650
11.337 1.845 21.650
11.379 2.573 20.650
11.379 2.573 23.400
11.379 2.573 23.600
11.379 2.573 26.350
11.379 2.573 26.550
11.379 2.573 29.300
11.379 2.573 29.500
11.379 2.573 32.250
11.379 2.573 32.450
11.379 2.573 35.200
11.379 2.573 35.400
11.379 2.573 38.150
11.379 2.573 38.350
11.416 1.582 23.600
11.416 1.582 24.600
11.416 1.582 26.550
11.416 1.582 27.550
11.416 1.582 29.500
11.416 1.582 30.500
11.416 1.582 32.450
11.416 1.582 33.450
11.426 1.548 3.800
11.426 1.548 6.800
11.426 1.548 20.650
11.444 1.486 3.800
11.444 1.486 6.800
11.444 1.486 20.650
11.444 1.486 23.400
11.444 1.486 23.600
11.444 1.486 24.600
11.444 1.486 26.350
11.444 1.486 26.550
11.444 1.486 27.550
11.444 1.486 29.300
11.444 1.486 29.500
11.444 1.486 30.500
11.444 1.486 32.250
11.444 1.486 32.450
11.444 1.486 33.450
11.444 1.486 38.350
11.500 25.694 0.000
11.500 25.694 3.800
11.522 2.616 20.650
11.522 2.616 23.400
11.522 2.616 23.600
11.522 2.616 26.350
11.522 2.616 26.550
11.522 2.616 29.300
11.522 2.616 29.500
11.522 2.616 32.250
11.522 2.616 32.450
11.522 2.616 35.200
11.522 2.616 35.400
11.522 2.616 38.150
11.522 2.616 38.350
11.529 25.599 0.000
11.529 25.599 3.800
11.777 1.769 38.350
11.777 1.769 39.350
11.809 1.663 20.650
11.809 1.663 23.400
11.809 1.663 23.600
11.809 1.663 26.350
11.809 1.663 26.550
11.809 1.663 29.300
11.809 1.663 29.500
11.809 1.663 32.250
11.809 1.663 32.450
11.809 1.663 35.200
11.809 1.663 35.400
11.809 1.663 38.150
11.809 1.663 38.350
11.828 1.601 20.650
11.828 1.601 38.350
11.844 1.893 38.350
11.844 1.893 39.350
11.905 1.692 3.800
11.905 1.692 6.800
11.905 1.692 20.650
11.923 1.630 3.800
11.923 1.630 6.800
11.923 1.630 20.650
12.618 7.503 44.800
12.618 7.503 44.900
13.013 26.498 3.800
13.013 26.498 4.400
13.013 26.498 6.600
13.013 26.498 6.800
13.013 26.498 9.150
13.013 26.498 9.750
13.013 26.498 11.900
13.013 26.498 12.100
13.013 26.498 14.450
13.013 26.498 15.050
13.013 26.498 17.200
13.013 26.498 17.400
13.013 26.498 20.050
13.013 26.498 20.650
13.042 26.403 3.800
13.042 26.403 4.400
13.042 26.403 6.600
13.042 26.403 6.800
13.042 26.403 9.150
13.042 26.403 9.750
13.042 26.403 11.900
13.042 26.403 12.100
13.042 26.403 14.450
13.042 26.403 15.050
13.042 26.403 17.200
13.042 26.403 17.400
13.042 26.403 20.050
13.042 26.403 20.650
13.109 26.527 3.800
13.109 26.527 4.400
13.109 26.527 5.100
13.109 26.527 6.600
13.109 26.527 6.800
13.109 26.527 7.800
13.109 26.527 9.150
13.109 26.527 9.750
13.109 26.527 10.750
13.109 26.527 11.900
13.109 26.527 12.100
13.109 26.527 12.400
13.109 26.527 13.100
13.109 26.527 13.400
13.109 26.527 14.450
13.109 26.527 15.050
13.109 26.527 16.050
13.109 26.527 17.200
13.109 26.527 17.400
13.109 26.527 17.700
13.109 26.527 18.400
13.109 26.527 18.700
13.109 26.527 20.050
13.109 26.527 20.650
13.137 26.431 3.800
13.137 26.431 4.400
13.137 26.431 5.100
13.137 26.431 6.600
13.137 26.431 6.800
13.137 26.431 7.800
13.137 26.431 9.150
13.137 26.431 9.750
13.137 26.431 10.750
13.137 26.431 11.900
13.137 26.431 12.100
13.137 26.431 12.400
13.137 26.431 13.100
13.137 26.431 13.400
13.137 26.431 14.450
13.137 26.431 15.050
13.137 26.431 16.050
13.137 26.431 17.200
13.137 26.431 17.400
13.137 26.431 17.700
13.137 26.431 18.400
13.137 26.431 18.700
13.137 26.431 20.050
13.137 26.431 20.650
13.475 25.306 3.800
13.475 25.306 4.400
13.475 25.306 6.600
13.475 25.306 6.800
13.475 25.306 9.150
13.475 25.306 9.750
13.475 25.306 11.900
13.475 25.306 12.100
13.475 25.306 14.450
13.475 25.306 15.050
13.475 25.306 17.200
13.475 25.306 17.400
13.475 25.306 20.050
13.475 25.306 20.650
13.521 24.808 23.600
13.521 24.808 24.600
13.521 24.808 26.550
13.521 24.808 27.550
13.521 24.808 29.500
13.521 24.808 30.500
13.521 24.808 32.450
13.521 24.808 33.450
13.588 24.933 23.400
13.588 24.933 23.600
13.588 24.933 24.600
13.588 24.933 26.350
13.588 24.933 26.550
13.588 24.933 27.550
13.588 24.933 29.300
13.588 24.933 29.500
13.588 24.933 30.500
13.588 24.933 32.250
13.588 24.933 32.450
13.588 24.933 33.450
13.878 23.621 23.600
13.878 23.621 24.600
13.878 23.621 26.550
13.878 23.621 27.550
13.878 23.621 29.500
13.878 23.621 30.500
13.878 23.621 32.450
13.878 23.621 33.450
13.973 23.649 23.400
13.973 23.649 23.600
13.973 23.649 24.600
13.973 23.649 26.350
13.973 23.649 26.550
13.973 23.649 27.550
13.973 23.649 29.300
13.973 23.649 29.500
13.973 23.649 30.500
13.973 23.649 32.250
13.973 23.649 32.450
13.973 23.649 33.450
15.324 6.296 38.350
15.324 6.296 44.800
15.343 6.233 38.350
15.343 6.233 44.800
15.803 6.439 38.350
15.803 6.439 44.800
15.822 6.377 38.350
15.822 6.377 44.800
15.898 27.496 3.800
15.898 27.496 6.800
15.898 27.496 20.650
15.934 27.376 3.800
15.934 27.376 4.400
15.934 27.376 5.100
15.934 27.376 6.600
15.934 27.376 6.800
15.934 27.376 7.800
15.934 27.376 9.150
15.934 27.376 9.750
15.934 27.376 10.750
15.934 27.376 11.900
15.934 27.376 12.100
15.934 27.376 12.400
15.934 27.376 13.100
15.934 27.376 13.400
15.934 27.376 14.450
15.934 27.376 15.050
15.934 27.376 16.050
15.934 27.376 17.200
15.934 27.376 17.400
15.934 27.376 17.700
15.934 27.376 18.400
15.934 27.376 18.700
15.934 27.376 20.050
15.934 27.376 20.650
15.963 27.280 4.400
15.963 27.280 5.100
15.963 27.280 6.800
15.963 27.280 7.800
15.963 27.280 9.750
15.963 27.280 10.750
15.963 27.280 12.100
15.963 27.280 12.400
15.963 27.280 13.100
15.963 27.280 13.400
15.963 27.280 15.050
15.963 27.280 16.050
15.963 27.280 17.400
15.963 27.280 17.700
15.963 27.280 18.400
15.963 27.280 18.700
16.013 27.112 3.800
16.013 27.112 4.400
16.013 27.112 6.600
16.013 27.112 6.800
16.013 27.112 9.150
16.013 27.112 9.750
16.013 27.112 11.900
16.013 27.112 12.100
16.013 27.112 14.450
16.013 27.112 15.050
16.013 27.112 17.200
16.013 27.112 17.400
16.013 27.112 20.050
16.013 27.112 20.650
16.030 27.055 0.000
16.030 27.055 3.800
16.059 26.959 0.000
16.059 26.959 3.800
16.118 24.294 20.650
16.118 24.294 23.400
16.118 24.294 23.600
16.118 24.294 26.350
16.118 24.294 26.550
16.118 24.294 29.300
16.118 24.294 29.500
16.118 24.294 32.250
16.118 24.294 32.450
16.118 24.294 35.200
16.118 24.294 35.400
16.118 24.294 38.150
16.118 24.294 38.350
16.133 27.148 3.800
16.133 27.148 4.400
16.133 27.148 6.600
16.133 27.148 6.800
16.133 27.148 9.150
16.133 27.148 9.750
16.133 27.148 11.900
16.133 27.148 12.100
16.133 27.148 14.450
16.133 27.148 15.050
16.133 27.148 17.200
16.133 27.148 17.400
16.133 27.148 20.050
16.133 27.148 20.650
16.310 3.015 3.800
16.310 3.015 6.800
16.310 3.015 20.650
16.329 2.953 3.800
16.329 2.953 6.800
16.329 2.953 20.650
16.420 26.191 3.800
16.420 26.191 4.400
16.420 26.191 6.600
16.420 26.191 6.800
16.420 26.191 9.150
16.420 26.191 9.750
16.420 26.191 11.900
16.420 26.191 12.100
16.420 26.191 14.450
16.420 26.191 15.050
16.420 26.191 17.200
16.420 26.191 17.400
16.420 26.191 20.050
16.420 26.191 20.650
16.462 4.246 3.800
16.462 4.246 4.400
16.462 4.246 6.600
16.462 4.246 6.800
16.462 4.246 9.150
16.462 4.246 9.750
16.462 4.246 11.900
16.462 4.246 12.100
16.462 4.246 14.450
16.462 4.246 15.050
16.462 4.246 17.200
16.462 4.246 17.400
16.462 4.246 20.050
16.462 4.246 20.650
16.462 4.246 23.400
16.462 4.246 23.600
16.462 4.246 26.350
16.462 4.246 26.550
16.462 4.246 29.300
16.462 4.246 29.500
16.462 4.246 32.250
16.462 4.246 32.450
16.462 4.246 35.200
16.462 4.246 35.400
16.462 4.246 38.150
16.462 4.246 38.350
16.664 27.726 3.800
16.664 27.726 6.800
16.664 27.726 20.650
16.683 3.164 20.650
16.683 3.164 23.400
16.683 3.164 23.600
16.683 3.164 26.350
16.683 3.164 26.550
16.683 3.164 29.300
16.683 3.164 29.500
16.683 3.164 32.250
16.683 3.164 32.450
16.683 3.164 35.200
16.683 3.164 35.400
16.683 3.164 38.150
16.683 3.164 38.350
16.693 3.130 20.650
16.693 3.130 23.400
16.693 3.130 23.600
16.693 3.130 26.350
16.693 3.130 26.550
16.693 3.130 29.300
16.693 3.130 29.500
16.693 3.130 32.250
16.693 3.130 32.450
16.693 3.130 35.200
16.693 3.130 35.400
16.693 3.130 38.150
16.693 3.130 38.350
16.700 27.606 3.800
16.700 27.606 4.400
16.700 27.606 6.600
16.700 27.606 6.800
16.700 27.606 9.150
16.700 27.606 9.750
16.700 27.606 11.900
16.700 27.606 12.100
16.700 27.606 14.450
16.700 27.606 15.050
16.700 27.606 17.200
16.700 27.606 17.400
16.700 27.606 20.050
16.700 27.606 20.650
16.712 3.068 20.650
16.712 3.068 38.350
16.760 3.255 4.400
16.760 3.255 5.100
16.760 3.255 6.800
16.760 3.255 7.800
16.760 3.255 9.750
16.760 3.255 10.750
16.760 3.255 12.100
16.760 3.255 12.400
16.760 3.255 13.100
16.760 3.255 13.400
16.760 3.255 15.050
16.760 3.255 16.050
16.760 3.255 17.400
16.760 3.255 17.700
16.760 3.255 18.400
16.760 3.255 18.700
16.760 3.255 20.650
16.760 3.255 21.650
16.760 3.255 23.600
16.760 3.255 24.600
16.760 3.255 26.550
16.760 3.255 27.550
16.760 3.255 29.500
16.760 3.255 30.500
16.760 3.255 32.450
16.760 3.255 33.450
16.779 3.193 20.650
16.779 3.193 23.400
16.779 3.193 23.600
16.779 3.193 26.350
16.779 3.193 26.550
16.779 3.193 29.300
16.779 3.193 29.500
16.779 3.193 32.250
16.779 3.193 32.450
16.779 3.193 35.200
16.779 3.193 35.400
16.779 3.193 38.150
16.779 3.193 38.350
16.779 27.343 3.800
16.779 27.343 4.400
16.779 27.343 6.600
16.779 27.343 6.800
16.779 27.343 9.150
16.779 27.343 9.750
16.779 27.343 11.900
16.779 27.343 12.100
16.779 27.343 14.450
16.779 27.343 15.050
16.779 27.343 17.200
16.779 27.343 17.400
16.779 27.343 20.050
16.779 27.343 20.650
16.789 3.159 3.800
16.789 3.159 4.400
16.789 3.159 5.100
16.789 3.159 6.600
16.789 3.159 6.800
16.789 3.159 7.800
16.789 3.159 9.150
16.789 3.159 9.750
16.789 3.159 10.750
16.789 3.159 11.900
16.789 3.159 12.100
16.789 3.159 12.400
16.789 3.159 13.100
16.789 3.159 13.400
16.789 3.159 14.450
16.789 3.159 15.050
16.789 3.159 16.050
16.789 3.159 17.200
16.789 3.159 17.400
16.789 3.159 17.700
16.789 3.159 18.400
16.789 3.159 18.700
16.789 3.159 20.050
16.789 3.159 20.650
16.789 3.159 21.650
16.789 3.159 23.400
16.789 3.159 23.600
16.789 3.159 24.600
16.789 3.159 26.350
16.789 3.159 26.550
16.789 3.159 27.550
16.789 3.159 29.300
16.789 3.159 29.500
16.789 3.159 30.500
16.789 3.159 32.250
16.789 3.159 32.450
16.789 3.159 33.450
16.796 27.285 0.000
16.796 27.285 3.800
16.808 3.097 3.800
16.808 3.097 6.800
16.808 3.097 20.650
16.808 3.097 38.350
16.825 27.189 0.000
16.825 27.189 3.050
16.825 27.189 3.800
17.051 24.699 20.650
17.051 24.699 38.350
17.086 24.584 20.650
17.086 24.584 38.350
17.243 24.757 20.650
17.243 24.757 38.350
17.277 24.642 20.650
17.277 24.642 38.350
17.526 23.119 38.350
17.526 23.119 44.800
17.561 23.004 38.350
17.561 23.004 44.800
17.718 23.177 38.350
17.718 23.177 44.800
17.752 23.062 38.350
17.752 23.062 44.800
17.936 16.811 44.800
17.936 16.811 50.350
18.645 27.736 0.000
18.645 27.736 3.050
18.645 27.736 3.800
18.674 27.640 0.000
18.674 27.640 3.050
18.674 27.640 3.800
18.740 27.765 0.000
18.740 27.765 3.800
18.769 27.669 0.000
18.769 27.669 3.050
18.769 27.669 3.800
18.838 27.439 0.000
18.838 27.439 3.050
18.838 27.439 3.800
19.306 12.252 44.800
19.306 12.252 50.350
19.307 5.101 3.800
19.307 5.101 4.400
19.307 5.101 6.600
19.307 5.101 6.800
19.307 5.101 9.150
19.307 5.101 9.750
19.307 5.101 11.900
19.307 5.101 12.100
19.307 5.101 14.450
19.307 5.101 15.050
19.307 5.101 17.200
19.307 5.101 17.400
19.307 5.101 20.050
19.307 5.101 20.650
19.307 5.101 23.400
19.307 5.101 23.600
19.307 5.101 26.350
19.307 5.101 26.550
19.307 5.101 29.300
19.307 5.101 29.500
19.307 5.101 32.250
19.307 5.101 32.450
19.307 5.101 35.200
19.307 5.101 35.400
19.307 5.101 38.150
19.307 5.101 38.350
19.525 28.455 3.800
19.525 28.455 4.400
19.525 28.455 6.600
19.525 28.455 6.800
19.525 28.455 9.150
19.525 28.455 9.750
19.525 28.455 11.900
19.525 28.455 12.100
19.525 28.455 14.450
19.525 28.455 15.050
19.525 28.455 17.200
19.525 28.455 17.400
19.525 28.455 20.050
19.525 28.455 20.650
19.554 28.359 3.800
19.554 28.359 4.400
19.554 28.359 6.600
19.554 28.359 6.800
19.554 28.359 9.150
19.554 28.359 9.750
19.554 28.359 11.900
19.554 28.359 12.100
19.554 28.359 14.450
19.554 28.359 15.050
19.554 28.359 17.200
19.554 28.359 17.400
19.554 28.359 20.050
19.554 28.359 20.650
19.604 4.109 4.400
19.604 4.109 5.100
19.604 4.109 6.800
19.604 4.109 7.800
19.604 4.109 9.750
19.604 4.109 10.750
19.604 4.109 12.100
19.604 4.109 12.400
19.604 4.109 13.100
19.604 4.109 13.400
19.604 4.109 15.050
19.604 4.109 16.050
19.604 4.109 17.400
19.604 4.109 17.700
19.604 4.109 18.400
19.604 4.109 18.700
19.604 4.109 20.650
19.604 4.109 21.650
19.604 4.109 23.600
19.604 4.109 24.600
19.604 4.109 26.550
19.604 4.109 27.550
19.604 4.109 29.500
19.604 4.109 30.500
19.604 4.109 32.450
19.604 4.109 33.450
19.621 28.483 3.800
19.621 28.483 4.400
19.621 28.483 5.100
19.621 28.483 6.600
19.621 28.483 6.800
19.621 28.483 7.800
19.621 28.483 9.150
19.621 28.483 9.750
19.621 28.483 10.750
19.621 28.483 11.900
19.621 28.483 12.100
19.621 28.483 12.400
19.621 28.483 13.100
19.621 28.483 13.400
19.621 28.483 14.450
19.621 28.483 15.050
19.621 28.483 16.050
19.621 28.483 17.200
19.621 28.483 17.400
19.621 28.483 17.700
19.621 28.483 18.400
19.621 28.483 18.700
19.621 28.483 20.050
19.621 28.483 20.650
19.623 4.047 20.650
19.623 4.047 23.400
19.623 4.047 23.600
19.623 4.047 26.350
19.623 4.047 26.550
19.623 4.047 29.300
19.623 4.047 29.500
19.623 4.047 32.250
19.623 4.047 32.450
19.623 4.047 35.200
19.623 4.047 35.400
19.623 4.047 38.150
19.623 4.047 38.350
19.633 4.014 3.800
19.633 4.014 4.400
19.633 4.014 5.100
19.633 4.014 6.600
19.633 4.014 6.800
19.633 4.014 7.800
19.633 4.014 9.150
19.633 4.014 9.750
19.633 4.014 10.750
19.633 4.014 11.900
19.633 4.014 12.100
19.633 4.014 12.400
19.633 4.014 13.100
19.633 4.014 13.400
19.633 4.014 14.450
19.633 4.014 15.050
19.633 4.014 16.050
19.633 4.014 17.200
19.633 4.014 17.400
19.633 4.014 17.700
19.633 4.014 18.400
19.633 4.014 18.700
19.633 4.014 20.050
19.633 4.014 20.650
19.633 4.014 21.650
19.633 4.014 23.400
19.633 4.014 23.600
19.633 4.014 24.600
19.633 4.014 26.350
19.633 4.014 26.550
19.633 4.014 27.550
19.633 4.014 29.300
19.633 4.014 29.500
19.633 4.014 30.500
19.633 4.014 32.250
19.633 4.014 32.450
19.633 4.014 33.450
19.650 28.388 3.800
19.650 28.388 4.400
19.650 28.388 5.100
19.650 28.388 6.600
19.650 28.388 6.800
19.650 28.388 7.800
19.650 28.388 9.150
19.650 28.388 9.750
19.650 28.388 10.750
19.650 28.388 11.900
19.650 28.388 12.100
19.650 28.388 12.400
19.650 28.388 13.100
19.650 28.388 13.400
19.650 28.388 14.450
19.650 28.388 15.050
19.650 28.388 16.050
19.650 28.388 17.200
19.650 28.388 17.400
19.650 28.388 17.700
19.650 28.388 18.400
19.650 28.388 18.700
19.650 28.388 20.050
19.650 28.388 20.650
19.652 3.951 20.650
19.652 3.951 38.350
19.719 4.076 20.650
19.719 4.076 23.400
19.719 4.076 23.600
19.719 4.076 26.350
19.719 4.076 26.550
19.719 4.076 29.300
19.719 4.076 29.500
19.719 4.076 32.250
19.719 4.076 32.450
19.719 4.076 35.200
19.719 4.076 35.400
19.719 4.076 38.150
19.719 4.076 38.350
19.729 4.042 20.650
19.729 4.042 23.400
19.729 4.042 23.600
19.729 4.042 26.350
19.729 4.042 26.550
19.729 4.042 29.300
19.729 4.042 29.500
19.729 4.042 32.250
19.729 4.042 32.450
19.729 4.042 35.200
19.729 4.042 35.400
19.729 4.042 38.150
19.729 4.042 38.350
19.748 3.980 20.650
19.748 3.980 38.350
19.956 26.846 23.400
19.956 26.846 23.600
19.956 26.846 24.600
19.956 26.846 26.350
19.956 26.846 26.550
19.956 26.846 27.550
19.956 26.846 29.300
19.956 26.846 29.500
19.956 26.846 30.500
19.956 26.846 32.250
19.956 26.846 32.450
19.956 26.846 33.450
19.988 27.262 3.800
19.988 27.262 4.400
19.988 27.262 6.600
19.988 27.262 6.800
19.988 27.262 9.150
19.988 27.262 9.750
19.988 27.262 11.900
19.988 27.262 12.100
19.988 27.262 14.450
19.988 27.262 15.050
19.988 27.262 17.200
19.988 27.262 17.400
19.988 27.262 20.050
19.988 27.262 20.650
20.081 26.779 23.600
20.081 26.779 24.600
20.081 26.779 26.550
20.081 26.779 27.550
20.081 26.779 29.500
20.081 26.779 30.500
20.081 26.779 32.450
20.081 26.779 33.450
20.342 25.563 23.400
20.342 25.563 23.600
20.342 25.563 24.600
20.342 25.563 26.350
20.342 25.563 26.550
20.342 25.563 27.550
20.342 25.563 29.300
20.342 25.563 29.500
20.342 25.563 30.500
20.342 25.563 32.250
20.342 25.563 32.450
20.342 25.563 33.450
20.438 25.591 23.600
20.438 25.591 24.600
20.438 25.591 26.550
20.438 25.591 27.550
20.438 25.591 29.500
20.438 25.591 30.500
20.438 25.591 32.450
20.438 25.591 33.450
20.656 28.340 0.000
20.656 28.340 3.800
20.685 28.244 0.000
20.685 28.244 3.050
20.685 28.244 3.800
20.752 28.369 0.000
20.752 28.369 3.050
20.752 28.369 3.800
20.754 28.015 0.000
20.754 28.015 3.050
20.754 28.015 3.800
20.780 28.273 0.000
20.780 28.273 3.050
20.780 28.273 3.800
21.837 8.252 38.350
21.837 8.252 44.800
21.856 8.190 38.350
21.856 8.190 44.800
22.316 8.396 38.350
22.316 8.396 44.800
22.334 8.333 38.350
22.334 8.333 44.800
22.410 29.452 3.800
22.410 29.452 6.800
22.410 29.452 20.650
22.446 29.332 3.800
22.446 29.332 4.400
22.446 29.332 5.100
22.446 29.332 6.600
22.446 29.332 6.800
22.446 29.332 7.800
22.446 29.332 9.150
22.446 29.332 9.750
22.446 29.332 10.750
22.446 29.332 11.900
22.446 29.332 12.100
22.446 29.332 12.400
22.446 29.332 13.100
22.446 29.332 13.400
22.446 29.332 14.450
22.446 29.332 15.050
22.446 29.332 16.050
22.446 29.332 17.200
22.446 29.332 17.400
22.446 29.332 17.700
22.446 29.332 18.400
22.446 29.332 18.700
22.446 29.332 20.050
22.446 29.332 20.650
22.475 29.236 4.400
22.475 29.236 5.100
22.475 29.236 6.800
22.475 29.236 7.800
22.475 29.236 9.750
22.475 29.236 10.750
22.475 29.236 12.100
22.475 29.236 12.400
22.475 29.236 13.100
22.475 29.236 13.400
22.475 29.236 15.050
22.475 29.236 16.050
22.475 29.236 17.400
22.475 29.236 17.700
22.475 29.236 18.400
22.475 29.236 18.700
22.525 29.069 3.800
22.525 29.069 4.400
22.525 29.069 6.600
22.525 29.069 6.800
22.525 29.069 9.150
22.525 29.069 9.750
22.525 29.069 11.900
22.525 29.069 12.100
22.525 29.069 14.450
22.525 29.069 15.050
22.525 29.069 17.200
22.525 29.069 17.400
22.525 29.069 20.050
22.525 29.069 20.650
22.543 29.011 0.000
22.543 29.011 3.800
22.571 28.916 0.000
22.571 28.916 3.800
22.645 29.105 3.800
22.645 29.105 4.400
22.645 29.105 6.600
22.645 29.105 6.800
22.645 29.105 9.150
22.645 29.105 9.750
22.645 29.105 11.900
22.645 29.105 12.100
22.645 29.105 14.450
22.645 29.105 15.050
22.645 29.105 17.200
22.645 29.105 17.400
22.645 29.105 20.050
22.645 29.105 20.650
22.822 4.972 3.800
22.822 4.972 6.800
22.822 4.972 20.650
22.822 4.972 38.350
22.841 4.910 3.800
22.841 4.910 6.800
22.841 4.910 20.650
22.841 4.910 38.350
22.879 6.174 20.650
22.879 6.174 23.400
22.879 6.174 23.600
22.879 6.174 26.350
22.879 6.174 26.550
22.879 6.174 29.300
22.879 6.174 29.500
22.879 6.174 32.250
22.879 6.174 32.450
22.879 6.174 35.200
22.879 6.174 35.400
22.879 6.174 38.150
22.879 6.174 38.350
22.900 6.102 0.000
22.900 6.102 3.050
22.900 6.102 3.800
22.933 28.147 3.800
22.933 28.147 4.400
22.933 28.147 6.600
22.933 28.147 6.800
22.933 28.147 9.150
22.933 28.147 9.750
22.933 28.147 11.900
22.933 28.147 12.100
22.933 28.147 14.450
22.933 28.147 15.050
22.933 28.147 17.200
22.933 28.147 17.400
22.933 28.147 20.050
22.933 28.147 20.650
22.975 6.203 20.650
22.975 6.203 23.400
22.975 6.203 23.600
22.975 6.203 26.350
22.975 6.203 26.550
22.975 6.203 29.300
22.975 6.203 29.500
22.975 6.203 32.250
22.975 6.203 32.450
22.975 6.203 38.350
23.176 29.682 3.800
23.176 29.682 6.800
23.176 29.682 20.650
23.205 5.087 0.000
23.205 5.087 3.050
23.205 5.087 3.800
23.205 5.087 20.650
23.205 5.087 23.400
23.205 5.087 23.600
23.205 5.087 26.350
23.205 5.087 26.550
23.205 5.087 29.300
23.205 5.087 29.500
23.205 5.087 32.250
23.205 5.087 32.450
23.205 5.087 35.200
23.205 5.087 35.400
23.205 5.087 38.150
23.205 5.087 38.350
23.212 29.562 3.800
23.212 29.562 4.400
23.212 29.562 6.600
23.212 29.562 6.800
23.212 29.562 9.150
23.212 29.562 9.750
23.212 29.562 11.900
23.212 29.562 12.100
23.212 29.562 14.450
23.212 29.562 15.050
23.212 29.562 17.200
23.212 29.562 17.400
23.212 29.562 20.050
23.212 29.562 20.650
23.246 4.953 0.000
23.246 4.953 3.800
23.272 5.211 20.650
23.272 5.211 21.650
23.272 5.211 23.600
23.272 5.211 24.600
23.272 5.211 26.550
23.272 5.211 27.550
23.272 5.211 29.500
23.272 5.211 30.500
23.272 5.211 32.450
23.272 5.211 33.450
23.291 29.299 3.800
23.291 29.299 6.800
23.291 29.299 20.650
23.301 5.116 3.800
23.301 5.116 6.800
23.301 5.116 20.650
23.301 5.116 21.650
23.301 5.116 23.400
23.301 5.116 23.600
23.301 5.116 24.600
23.301 5.116 26.350
23.301 5.116 26.550
23.301 5.116 27.550
23.301 5.116 29.300
23.301 5.116 29.500
23.301 5.116 30.500
23.301 5.116 32.250
23.301 5.116 32.450
23.301 5.116 33.450
23.309 29.241 0.000
23.309 29.241 3.800
23.320 5.053 3.800
23.320 5.053 6.800
23.320 5.053 20.650
23.320 5.053 38.350
23.337 29.146 0.000
23.337 29.146 3.800
23.344 29.307 3.800
23.344 29.307 4.400
23.344 29.307 6.600
23.344 29.307 6.800
23.344 29.307 9.150
23.344 29.307 9.750
23.344 29.307 11.900
23.344 29.307 12.100
23.344 29.307 14.450
23.344 29.307 15.050
23.344 29.307 17.200
23.344 29.307 17.400
23.344 29.307 20.050
23.344 29.307 20.650
23.564 26.656 20.650
23.564 26.656 38.350
23.598 26.541 20.650
23.598 26.541 38.350
23.755 26.713 20.650
23.755 26.713 38.350
23.790 26.598 20.650
23.790 26.598 38.350
23.954 6.418 0.000
23.954 6.418 3.050
23.954 6.418 3.800
24.038 25.075 38.350
24.038 25.075 44.800
24.073 24.961 38.350
24.073 24.961 44.800
24.230 25.133 38.350
24.230 25.133 44.800
24.259 5.403 0.000
24.259 5.403 3.050
24.259 5.403 3.800
24.264 25.018 38.350
24.264 25.018 44.800
24.299 5.269 0.000
24.299 5.269 3.800
26.038 30.411 3.800
26.038 30.411 4.400
26.038 30.411 6.600
26.038 30.411 6.800
26.038 30.411 9.150
26.038 30.411 9.750
26.038 30.411 11.900
26.038 30.411 12.100
26.038 30.411 14.450
26.038 30.411 15.050
26.038 30.411 17.200
26.038 30.411 17.400
26.038 30.411 20.050
26.038 30.411 20.650
26.066 30.315 3.800
26.066 30.315 4.400
26.066 30.315 6.600
26.066 30.315 6.800
26.066 30.315 9.150
26.066 30.315 9.750
26.066 30.315 11.900
26.066 30.315 12.100
26.066 30.315 14.450
26.066 30.315 15.050
26.066 30.315 17.200
26.066 30.315 17.400
26.066 30.315 20.050
26.066 30.315 20.650
26.133 30.440 3.800
26.133 30.440 4.400
26.133 30.440 5.100
26.133 30.440 6.600
26.133 30.440 6.800
26.133 30.440 7.800
26.133 30.440 9.150
26.133 30.440 9.750
26.133 30.440 10.750
26.133 30.440 11.900
26.133 30.440 12.100
26.133 30.440 12.400
26.133 30.440 13.100
26.133 30.440 13.400
26.133 30.440 14.450
26.133 30.440 15.050
26.133 30.440 16.050
26.133 30.440 17.200
26.133 30.440 17.400
26.133 30.440 17.700
26.133 30.440 18.400
26.133 30.440 18.700
26.133 30.440 20.050
26.133 30.440 20.650
26.162 30.344 3.800
26.162 30.344 4.400
26.162 30.344 5.100
26.162 30.344 6.600
26.162 30.344 6.800
26.162 30.344 7.800
26.162 30.344 9.150
26.162 30.344 9.750
26.162 30.344 10.750
26.162 30.344 11.900
26.162 30.344 12.100
26.162 30.344 12.400
26.162 30.344 13.100
26.162 30.344 13.400
26.162 30.344 14.450
26.162 30.344 15.050
26.162 30.344 16.050
26.162 30.344 17.200
26.162 30.344 17.400
26.162 30.344 17.700
26.162 30.344 18.400
26.162 30.344 18.700
26.162 30.344 20.050
26.162 30.344 20.650
26.500 29.219 3.800
26.500 29.219 4.400
26.500 29.219 6.600
26.500 29.219 6.800
26.500 29.219 9.150
26.500 29.219 9.750
26.500 29.219 11.900
26.500 29.219 12.100
26.500 29.219 14.450
26.500 29.219 15.050
26.500 29.219 17.200
26.500 29.219 17.400
26.500 29.219 20.050
26.500 29.219 20.650
26.593 28.735 23.600
26.593 28.735 24.600
26.593 28.735 26.550
26.593 28.735 27.550
26.593 28.735 29.500
26.593 28.735 30.500
26.593 28.735 32.450
26.593 28.735 33.450
26.660 28.860 23.400
26.660 28.860 23.600
26.660 28.860 24.600
26.660 28.860 26.350
26.660 28.860 26.550
26.660 28.860 27.550
26.660 28.860 29.300
26.660 28.860 29.500
26.660 28.860 30.500
26.660 28.860 32.250
26.660 28.860 32.450
26.660 28.860 33.450
26.950 27.548 23.600
26.950 27.548 24.600
26.950 27.548 26.550
26.950 27.548 27.550
26.950 27.548 29.500
26.950 27.548 30.500
26.950 27.548 32.450
26.950 27.548 33.450
27.046 27.576 23.400
27.046 27.576 23.600
27.046 27.576 24.600
27.046 27.576 26.350
27.046 27.576 26.550
27.046 27.576 27.550
27.046 27.576 29.300
27.046 27.576 29.500
27.046 27.576 30.500
27.046 27.576 32.250
27.046 27.576 32.450
27.046 27.576 33.450
28.349 10.208 38.350
28.349 10.208 41.250
28.349 10.208 41.750
28.349 10.208 44.300
28.349 10.208 44.800
28.368 10.146 38.350
28.368 10.146 41.250
28.368 10.146 41.750
28.368 10.146 44.300
28.368 10.146 44.800
28.828 10.352 38.350
28.828 10.352 41.250
28.828 10.352 41.750
28.828 10.352 44.300
28.828 10.352 44.800
28.847 10.290 38.350
28.847 10.290 41.250
28.847 10.290 41.750
28.847 10.290 44.300
28.847 10.290 44.800
28.923 31.408 3.800
28.923 31.408 6.800
28.923 31.408 20.650
28.959 31.288 3.800
28.959 31.288 4.400
28.959 31.288 5.100
28.959 31.288 6.600
28.959 31.288 6.800
28.959 31.288 7.800
28.959 31.288 9.150
28.959 31.288 9.750
28.959 31.288 10.750
28.959 31.288 11.900
28.959 31.288 12.100
28.959 31.288 12.400
28.959 31.288 13.100
28.959 31.288 13.400
28.959 31.288 14.450
28.959 31.288 15.050
28.959 31.288 16.050
28.959 31.288 17.200
28.959 31.288 17.400
28.959 31.288 17.700
28.959 31.288 18.400
28.959 31.288 18.700
28.959 31.288 20.050
28.959 31.288 20.650
28.987 31.193 4.400
28.987 31.193 5.100
28.987 31.193 6.800
28.987 31.193 7.800
28.987 31.193 9.750
28.987 31.193 10.750
28.987 31.193 12.100
28.987 31.193 12.400
28.987 31.193 13.100
28.987 31.193 13.400
28.987 31.193 15.050
28.987 31.193 16.050
28.987 31.193 17.400
28.987 31.193 17.700
28.987 31.193 18.400
28.987 31.193 18.700
28.989 8.077 20.650
28.989 8.077 23.400
28.989 8.077 23.600
28.989 8.077 26.350
28.989 8.077 26.550
28.989 8.077 29.300
28.989 8.077 29.500
28.989 8.077 32.250
28.989 8.077 32.450
28.989 8.077 35.200
28.989 8.077 35.400
28.989 8.077 38.150
28.989 8.077 38.350
29.008 8.015 20.650
29.008 8.015 23.400
29.008 8.015 23.600
29.008 8.015 26.350
29.008 8.015 26.550
29.008 8.015 29.300
29.008 8.015 29.500
29.008 8.015 32.250
29.008 8.015 32.450
29.008 8.015 35.200
29.008 8.015 35.400
29.008 8.015 38.150
29.008 8.015 38.350
29.038 31.025 3.800
29.038 31.025 4.400
29.038 31.025 6.600
29.038 31.025 6.800
29.038 31.025 9.150
29.038 31.025 9.750
29.038 31.025 11.900
29.038 31.025 12.100
29.038 31.025 14.450
29.038 31.025 15.050
29.038 31.025 17.200
29.038 31.025 17.400
29.038 31.025 20.050
29.038 31.025 20.650
29.055 30.968 0.000
29.055 30.968 3.800
29.084 30.872 0.000
29.084 30.872 3.800
29.253 31.090 3.800
29.253 31.090 4.400
29.253 31.090 6.600
29.253 31.090 6.800
29.253 31.090 9.150
29.253 31.090 9.750
29.253 31.090 11.900
29.253 31.090 12.100
29.253 31.090 14.450
29.253 31.090 15.050
29.253 31.090 17.200
29.253 31.090 17.400
29.253 31.090 20.050
29.253 31.090 20.650
29.335 6.928 3.800
29.335 6.928 6.800
29.335 6.928 20.650
29.353 6.866 3.800
29.353 6.866 6.800
29.353 6.866 20.650
29.468 8.221 20.650
29.468 8.221 23.400
29.468 8.221 23.600
29.468 8.221 26.350
29.468 8.221 26.550
29.468 8.221 29.300
29.468 8.221 29.500
29.468 8.221 32.250
29.468 8.221 32.450
29.468 8.221 35.200
29.468 8.221 35.400
29.468 8.221 38.150
29.468 8.221 38.350
29.487 8.159 3.800
29.487 8.159 4.400
29.487 8.159 6.600
29.487 8.159 6.800
29.487 8.159 9.150
29.487 8.159 9.750
29.487 8.159 11.900
29.487 8.159 12.100
29.487 8.159 14.450
29.487 8.159 15.050
29.487 8.159 17.200
29.487 8.159 17.400
29.487 8.159 20.050
29.487 8.159 20.650
29.487 8.159 23.400
29.487 8.159 23.600
29.487 8.159 26.350
29.487 8.159 26.550
29.487 8.159 29.300
29.487 8.159 29.500
29.487 8.159 32.250
29.487 8.159 32.450
29.487 8.159 35.200
29.487 8.159 35.400
29.487 8.159 38.150
29.487 8.159 38.350
29.541 30.132 3.800
29.541 30.132 4.400
29.541 30.132 6.600
29.541 30.132 6.800
29.541 30.132 9.150
29.541 30.132 9.750
29.541 30.132 11.900
29.541 30.132 12.100
29.541 30.132 14.450
29.541 30.132 15.050
29.541 30.132 17.200
29.541 30.132 17.400
29.541 30.132 20.050
29.541 30.132 20.650
29.689 31.638 3.800
29.689 31.638 6.800
29.689 31.638 20.650
29.725 31.519 3.800
29.725 31.519 4.400
29.725 31.519 6.600
29.725 31.519 6.800
29.725 31.519 9.150
29.725 31.519 9.750
29.725 31.519 11.900
29.725 31.519 12.100
29.725 31.519 14.450
29.725 31.519 15.050
29.725 31.519 17.200
29.725 31.519 17.400
29.725 31.519 20.050
29.725 31.519 20.650
29.785 7.168 4.400
29.785 7.168 5.100
29.785 7.168 6.800
29.785 7.168 7.800
29.785 7.168 9.750
29.785 7.168 10.750
29.785 7.168 12.100
29.785 7.168 12.400
29.785 7.168 13.100
29.785 7.168 13.400
29.785 7.168 15.050
29.785 7.168 16.050
29.785 7.168 17.400
29.785 7.168 17.700
29.785 7.168 18.400
29.785 7.168 18.700
29.804 31.255 3.800
29.804 31.255 4.400
29.804 31.255 6.600
29.804 31.255 6.800
29.804 31.255 9.150
29.804 31.255 9.750
29.804 31.255 11.900
29.804 31.255 12.100
29.804 31.255 14.450
29.804 31.255 15.050
29.804 31.255 17.200
29.804 31.255 17.400
29.804 31.255 20.050
29.804 31.255 20.650
29.814 7.072 3.800
29.814 7.072 4.400
29.814 7.072 5.100
29.814 7.072 6.600
29.814 7.072 6.800
29.814 7.072 7.800
29.814 7.072 9.150
29.814 7.072 9.750
29.814 7.072 10.750
29.814 7.072 11.900
29.814 7.072 12.100
29.814 7.072 12.400
29.814 7.072 13.100
29.814 7.072 13.400
29.814 7.072 14.450
29.814 7.072 15.050
29.814 7.072 16.050
29.814 7.072 17.200
29.814 7.072 17.400
29.814 7.072 17.700
29.814 7.072 18.400
29.814 7.072 18.700
29.814 7.072 20.050
29.814 7.072 20.650
29.821 31.198 0.000
29.821 31.198 3.800
29.832 7.010 3.800
29.832 7.010 6.800
29.832 7.010 20.650
29.837 27.323 49.750
29.837 27.323 49.950
29.850 31.102 0.000
29.850 31.102 3.800
29.940 7.381 0.000
29.940 7.381 3.050
29.940 7.381 3.800
30.015 7.132 0.000
30.015 7.132 3.050
30.015 7.132 3.800
30.064 7.314 0.000
30.064 7.314 3.050
30.064 7.314 3.800
30.076 28.612 20.650
30.076 28.612 38.350
30.110 7.161 0.000
30.110 7.161 3.050
30.110 7.161 3.800
30.110 28.497 20.650
30.110 28.497 38.350
30.151 7.027 0.000
30.151 7.027 3.800
30.268 28.669 20.650
30.268 28.669 38.350
30.302 28.554 20.650
30.302 28.554 38.350
30.407 26.989 44.800
30.407 26.989 50.000
30.442 26.874 44.800
30.442 26.874 50.000
30.503 27.017 50.000
30.537 26.902 44.800
30.537 26.902 50.000
30.551 27.032 38.350
30.551 27.032 44.800
30.566 26.807 44.800
30.566 26.807 49.300
30.566 26.807 50.000
30.584 26.921 50.000
30.584 26.921 50.350
30.585 26.917 38.350
30.585 26.917 44.800
30.742 27.089 38.350
30.742 27.089 44.800
30.742 27.089 46.000
30.742 27.089 50.000
30.777 26.974 38.350
30.777 26.974 44.800
30.777 26.974 50.000
30.806 26.879 46.000
30.806 26.879 50.000
31.016 24.962 44.800
31.016 24.962 44.900
32.203 21.013 44.800
32.203 21.013 49.300
32.203 21.013 50.000
32.298 21.042 44.800
32.298 21.042 49.300
32.298 21.042 50.000
32.550 32.367 3.800
32.550 32.367 4.400
32.550 32.367 6.600
32.550 32.367 6.800
32.550 32.367 9.150
32.550 32.367 9.750
32.550 32.367 11.900
32.550 32.367 12.100
32.550 32.367 14.450
32.550 32.367 15.050
32.550 32.367 17.200
32.550 32.367 17.400
32.550 32.367 20.050
32.550 32.367 20.650
32.579 32.271 3.800
32.579 32.271 4.400
32.579 32.271 6.600
32.579 32.271 6.800
32.579 32.271 9.150
32.579 32.271 9.750
32.579 32.271 11.900
32.579 32.271 12.100
32.579 32.271 14.450
32.579 32.271 15.050
32.579 32.271 17.200
32.579 32.271 17.400
32.579 32.271 20.050
32.579 32.271 20.650
32.646 32.396 3.800
32.646 32.396 4.400
32.646 32.396 5.100
32.646 32.396 6.600
32.646 32.396 6.800
32.646 32.396 7.800
32.646 32.396 9.150
32.646 32.396 9.750
32.646 32.396 10.750
32.646 32.396 11.900
32.646 32.396 12.100
32.646 32.396 12.400
32.646 32.396 13.100
32.646 32.396 13.400
32.646 32.396 14.450
32.646 32.396 15.050
32.646 32.396 16.050
32.646 32.396 17.200
32.646 32.396 17.400
32.646 32.396 17.700
32.646 32.396 18.400
32.646 32.396 18.700
32.646 32.396 20.050
32.646 32.396 20.650
32.674 32.300 3.800
32.674 32.300 4.400
32.674 32.300 5.100
32.674 32.300 6.600
32.674 32.300 6.800
32.674 32.300 7.800
32.674 32.300 9.150
32.674 32.300 9.750
32.674 32.300 10.750
32.674 32.300 11.900
32.674 32.300 12.100
32.674 32.300 12.400
32.674 32.300 13.100
32.674 32.300 13.400
32.674 32.300 14.450
32.674 32.300 15.050
32.674 32.300 16.050
32.674 32.300 17.200
32.674 32.300 17.400
32.674 32.300 17.700
32.674 32.300 18.400
32.674 32.300 18.700
32.674 32.300 20.050
32.674 32.300 20.650
32.981 30.758 23.400
32.981 30.758 23.600
32.981 30.758 24.600
32.981 30.758 26.350
32.981 30.758 26.550
32.981 30.758 27.550
32.981 30.758 29.300
32.981 30.758 29.500
32.981 30.758 30.500
32.981 30.758 32.250
32.981 30.758 32.450
32.981 30.758 33.450
33.013 31.175 3.800
33.013 31.175 4.400
33.013 31.175 6.600
33.013 31.175 6.800
33.013 31.175 9.150
33.013 31.175 9.750
33.013 31.175 11.900
33.013 31.175 12.100
33.013 31.175 14.450
33.013 31.175 15.050
33.013 31.175 17.200
33.013 31.175 17.400
33.013 31.175 20.050
33.013 31.175 20.650
33.106 30.691 23.600
33.106 30.691 24.600
33.106 30.691 26.550
33.106 30.691 27.550
33.106 30.691 29.500
33.106 30.691 30.500
33.106 30.691 32.450
33.106 30.691 33.450
33.367 29.475 23.400
33.367 29.475 23.600
33.367 29.475 24.600
33.367 29.475 26.350
33.367 29.475 26.550
33.367 29.475 27.550
33.367 29.475 29.300
33.367 29.475 29.500
33.367 29.475 30.500
33.367 29.475 32.250
33.367 29.475 32.450
33.367 29.475 33.450
33.462 29.504 23.600
33.462 29.504 24.600
33.462 29.504 26.550
33.462 29.504 27.550
33.462 29.504 29.500
33.462 29.504 30.500
33.462 29.504 32.450
33.462 29.504 33.450
34.305 14.017 44.800
34.305 14.017 44.900
34.622 11.398 49.750
34.622 11.398 49.950
34.862 12.164 38.350
34.862 12.164 41.250
34.862 12.164 41.750
34.862 12.164 44.300
34.862 12.164 44.800
34.862 12.164 49.300
34.862 12.164 50.000
34.880 12.102 38.350
34.880 12.102 41.250
34.880 12.102 41.750
34.880 12.102 44.300
34.880 12.102 44.800
34.880 12.102 50.000
35.024 12.145 50.000
35.024 12.145 50.350
35.340 12.308 38.350
35.340 12.308 41.250
35.340 12.308 41.750
35.340 12.308 44.300
35.340 12.308 44.800
35.340 12.308 49.300
35.340 12.308 50.000
35.359 12.246 38.350
35.359 12.246 41.250
35.359 12.246 41.750
35.359 12.246 44.300
35.359 12.246 44.800
35.359 12.246 49.300
35.359 12.246 50.000
35.435 33.364 3.800
35.435 33.364 6.800
35.435 33.364 20.650
35.471 33.245 3.800
35.471 33.245 4.400
35.471 33.245 5.100
35.471 33.245 6.600
35.471 33.245 6.800
35.471 33.245 7.800
35.471 33.245 9.150
35.471 33.245 9.750
35.471 33.245 10.750
35.471 33.245 11.900
35.471 33.245 12.100
35.471 33.245 12.400
35.471 33.245 13.100
35.471 33.245 13.400
35.471 33.245 14.450
35.471 33.245 15.050
35.471 33.245 16.050
35.471 33.245 17.200
35.471 33.245 17.400
35.471 33.245 17.700
35.471 33.245 18.400
35.471 33.245 18.700
35.471 33.245 20.050
35.471 33.245 20.650
35.500 33.149 4.400
35.500 33.149 5.100
35.500 33.149 6.800
35.500 33.149 7.800
35.500 33.149 9.750
35.500 33.149 10.750
35.500 33.149 12.100
35.500 33.149 12.400
35.500 33.149 13.100
35.500 33.149 13.400
35.500 33.149 15.050
35.500 33.149 16.050
35.500 33.149 17.400
35.500 33.149 17.700
35.500 33.149 18.400
35.500 33.149 18.700
35.502 10.034 20.650
35.502 10.034 23.400
35.502 10.034 23.600
35.502 10.034 26.350
35.502 10.034 26.550
35.502 10.034 29.300
35.502 10.034 29.500
35.502 10.034 32.250
35.502 10.034 32.450
35.502 10.034 35.200
35.502 10.034 35.400
35.502 10.034 38.150
35.502 10.034 38.350
35.520 9.971 3.800
35.520 9.971 6.800
35.520 9.971 20.650
35.520 9.971 23.400
35.520 9.971 23.600
35.520 9.971 26.350
35.520 9.971 26.550
35.520 9.971 29.300
35.520 9.971 29.500
35.520 9.971 32.250
35.520 9.971 32.450
35.520 9.971 35.200
35.520 9.971 35.400
35.520 9.971 38.150
35.520 9.971 38.350
35.550 32.981 3.800
35.550 32.981 4.400
35.550 32.981 6.600
35.550 32.981 6.800
35.550 32.981 9.150
35.550 32.981 9.750
35.550 32.981 11.900
35.550 32.981 12.100
35.550 32.981 14.450
35.550 32.981 15.050
35.550 32.981 17.200
35.550 32.981 17.400
35.550 32.981 20.050
35.550 32.981 20.650
35.711 32.967 0.000
35.711 32.967 3.800
35.727 33.035 3.800
35.727 33.035 6.800
35.740 32.871 0.000
35.740 32.871 3.800
35.859 9.055 0.000
35.859 9.055 3.050
35.859 9.055 3.800
35.866 8.822 3.800
35.866 8.822 6.800
35.905 8.902 0.000
35.905 8.902 3.050
35.905 8.902 3.800
35.925 9.179 0.000
35.925 9.179 3.050
35.925 9.179 3.800
35.945 8.768 0.000
35.945 8.768 3.800
35.981 10.177 20.650
35.981 10.177 23.400
35.981 10.177 23.600
35.981 10.177 26.350
35.981 10.177 26.550
35.981 10.177 29.300
35.981 10.177 29.500
35.981 10.177 32.250
35.981 10.177 32.450
35.981 10.177 35.200
35.981 10.177 35.400
35.981 10.177 38.150
35.981 10.177 38.350
35.999 10.115 3.800
35.999 10.115 6.800
35.999 10.115 20.650
35.999 10.115 23.400
35.999 10.115 23.600
35.999 10.115 26.350
35.999 10.115 26.550
35.999 10.115 29.300
35.999 10.115 29.500
35.999 10.115 32.250
35.999 10.115 32.450
35.999 10.115 35.200
35.999 10.115 35.400
35.999 10.115 38.150
35.999 10.115 38.350
36.000 8.930 0.000
36.000 8.930 3.050
36.000 8.930 3.800
36.015 32.077 3.800
36.015 32.077 6.800
36.139 33.158 3.800
36.139 33.158 6.800
36.161 32.998 0.000
36.161 32.998 3.050
36.161 32.998 3.800
36.201 33.595 3.800
36.201 33.595 6.800
36.201 33.595 20.650
36.228 33.122 0.000
36.228 33.122 3.800
36.237 33.475 6.600
36.237 33.475 6.800
36.237 33.475 7.800
36.237 33.475 9.150
36.237 33.475 9.750
36.237 33.475 10.750
36.237 33.475 11.900
36.237 33.475 12.100
36.237 33.475 12.400
36.237 33.475 13.100
36.237 33.475 13.400
36.237 33.475 14.450
36.237 33.475 15.050
36.237 33.475 16.050
36.237 33.475 17.200
36.237 33.475 17.400
36.237 33.475 17.700
36.237 33.475 18.400
36.237 33.475 18.700
36.237 33.475 20.050
36.237 33.475 20.650
36.266 33.379 6.800
36.266 33.379 7.800
36.266 33.379 9.750
36.266 33.379 10.750
36.266 33.379 12.100
36.266 33.379 12.400
36.266 33.379 13.100
36.266 33.379 13.400
36.266 33.379 15.050
36.266 33.379 16.050
36.266 33.379 17.400
36.266 33.379 17.700
36.266 33.379 18.400
36.266 33.379 18.700
36.287 33.307 3.800
36.287 33.307 4.400
36.287 33.307 5.100
36.316 33.211 3.800
36.316 33.211 4.400
36.316 33.211 5.100
36.316 33.211 6.600
36.316 33.211 6.800
36.316 33.211 9.150
36.316 33.211 9.750
36.316 33.211 11.900
36.316 33.211 12.100
36.316 33.211 14.450
36.316 33.211 15.050
36.316 33.211 17.200
36.316 33.211 17.400
36.316 33.211 20.050
36.316 33.211 20.650
36.345 8.966 3.800
36.345 8.966 6.800
36.419 32.141 0.000
36.419 32.141 3.050
36.419 32.141 3.800
36.427 32.201 3.800
36.427 32.201 6.800
36.514 32.169 0.000
36.514 32.169 3.800
36.588 30.568 20.650
36.588 30.568 38.350
36.623 30.453 20.650
36.623 30.453 38.350
36.780 30.626 20.650
36.780 30.626 38.350
36.814 30.511 20.650
36.814 30.511 38.350
37.063 28.988 38.350
37.063 28.988 44.800
37.063 28.988 50.000
37.098 28.873 38.350
37.098 28.873 44.800
37.098 28.873 50.000
37.255 29.046 38.350
37.255 29.046 44.800
37.255 29.046 50.000
37.289 28.931 38.350
37.289 28.931 44.800
37.289 28.931 50.000
41.374 14.121 38.350
41.374 14.121 41.250
41.374 14.121 41.750
41.374 14.121 44.300
41.374 14.121 44.800
41.374 14.121 49.300
41.374 14.121 50.000
41.393 14.058 38.350
41.393 14.058 41.250
41.393 14.058 41.750
41.393 14.058 44.300
41.393 14.058 44.800
41.393 14.058 49.300
41.393 14.058 50.000
41.853 14.264 38.350
41.853 14.264 41.250
41.853 14.264 41.750
41.853 14.264 44.300
41.853 14.264 44.800
41.853 14.264 49.300
41.853 14.264 50.000
41.871 14.202 38.350
41.871 14.202 41.250
41.871 14.202 41.750
41.871 14.202 44.300
41.871 14.202 44.800
41.871 14.202 49.300
41.871 14.202 50.000
41.947 35.321 3.800
41.947 35.321 6.800
41.947 35.321 20.650
41.983 35.201 6.600
41.983 35.201 6.800
41.983 35.201 7.800
41.983 35.201 9.150
41.983 35.201 9.750
41.983 35.201 10.750
41.983 35.201 11.900
41.983 35.201 12.100
41.983 35.201 12.400
41.983 35.201 13.100
41.983 35.201 13.400
41.983 35.201 14.450
41.983 35.201 15.050
41.983 35.201 16.050
41.983 35.201 17.200
41.983 35.201 17.400
41.983 35.201 17.700
41.983 35.201 18.400
41.983 35.201 18.700
41.983 35.201 20.050
41.983 35.201 20.650
42.012 35.105 6.800
42.012 35.105 7.800
42.012 35.105 9.750
42.012 35.105 10.750
42.012 35.105 12.100
42.012 35.105 12.400
42.012 35.105 13.100
42.012 35.105 13.400
42.012 35.105 15.050
42.012 35.105 16.050
42.012 35.105 17.400
42.012 35.105 17.700
42.012 35.105 18.400
42.012 35.105 18.700
42.033 11.928 3.800
42.033 11.928 4.400
42.033 11.928 6.600
42.033 11.928 6.800
42.033 11.928 9.150
42.033 11.928 9.750
42.033 11.928 11.900
42.033 11.928 12.100
42.033 11.928 14.450
42.033 11.928 15.050
42.033 11.928 17.200
42.033 11.928 17.400
42.033 11.928 20.050
42.033 11.928 20.650
42.033 11.928 23.400
42.033 11.928 23.600
42.033 11.928 26.350
42.033 11.928 26.550
42.033 11.928 29.300
42.033 11.928 29.500
42.033 11.928 32.250
42.033 11.928 32.450
42.033 11.928 38.350
42.034 35.033 3.800
42.034 35.033 4.400
42.034 35.033 5.100
42.062 34.938 3.800
42.062 34.938 4.400
42.062 34.938 5.100
42.062 34.938 6.600
42.062 34.938 6.800
42.062 34.938 9.150
42.062 34.938 9.750
42.062 34.938 11.900
42.062 34.938 12.100
42.062 34.938 14.450
42.062 34.938 15.050
42.062 34.938 17.200
42.062 34.938 17.400
42.062 34.938 20.050
42.062 34.938 20.650
42.129 11.956 6.800
42.129 11.956 9.150
42.129 11.956 9.750
42.129 11.956 11.900
42.129 11.956 12.100
42.129 11.956 14.450
42.129 11.956 15.050
42.129 11.956 17.200
42.129 11.956 17.400
42.129 11.956 20.050
42.129 11.956 20.650
42.129 11.956 23.400
42.129 11.956 23.600
42.129 11.956 26.350
42.129 11.956 26.550
42.129 11.956 29.300
42.129 11.956 29.500
42.129 11.956 32.250
42.129 11.956 32.450
42.129 11.956 35.200
42.129 11.956 35.400
42.129 11.956 38.150
42.129 11.956 38.350
42.185 34.912 0.000
42.185 34.912 3.800
42.240 34.991 3.800
42.240 34.991 6.800
42.310 34.845 0.000
42.310 34.845 3.050
42.310 34.845 3.800
42.331 10.936 4.400
42.331 10.936 5.100
42.331 10.936 6.800
42.331 10.936 7.800
42.331 10.936 9.750
42.331 10.936 10.750
42.331 10.936 12.100
42.331 10.936 12.400
42.331 10.936 13.100
42.331 10.936 13.400
42.331 10.936 15.050
42.331 10.936 16.050
42.331 10.936 17.400
42.331 10.936 17.700
42.331 10.936 18.400
42.331 10.936 18.700
42.331 10.936 20.650
42.331 10.936 21.650
42.331 10.936 23.600
42.331 10.936 24.600
42.331 10.936 26.550
42.331 10.936 27.550
42.331 10.936 29.500
42.331 10.936 30.500
42.331 10.936 32.450
42.331 10.936 33.450
42.359 10.841 0.000
42.359 10.841 3.050
42.359 10.841 3.800
42.359 10.841 4.400
42.359 10.841 5.100
42.359 10.841 6.600
42.359 10.841 6.800
42.359 10.841 7.800
42.359 10.841 9.150
42.359 10.841 9.750
42.359 10.841 10.750
42.359 10.841 11.900
42.359 10.841 12.100
42.359 10.841 12.400
42.359 10.841 13.100
42.359 10.841 13.400
42.359 10.841 14.450
42.359 10.841 15.050
42.359 10.841 16.050
42.359 10.841 17.200
42.359 10.841 17.400
42.359 10.841 17.700
42.359 10.841 18.400
42.359 10.841 18.700
42.359 10.841 20.050
42.359 10.841 20.650
42.359 10.841 21.650
42.359 10.841 23.400
42.359 10.841 23.600
42.359 10.841 24.600
42.359 10.841 26.350
42.359 10.841 26.550
42.359 10.841 27.550
42.359 10.841 29.300
42.359 10.841 29.500
42.359 10.841 30.500
42.359 10.841 32.250
42.359 10.841 32.450
42.359 10.841 33.450
42.378 10.778 3.800
42.378 10.778 6.800
42.378 10.778 20.650
42.378 10.778 38.350
42.455 10.869 6.800
42.455 10.869 9.150
42.455 10.869 9.750
42.455 10.869 11.900
42.455 10.869 12.100
42.455 10.869 14.450
42.455 10.869 15.050
42.455 10.869 17.200
42.455 10.869 17.400
42.455 10.869 20.050
42.455 10.869 20.650
42.455 10.869 23.400
42.455 10.869 23.600
42.455 10.869 26.350
42.455 10.869 26.550
42.455 10.869 29.300
42.455 10.869 29.500
42.455 10.869 32.250
42.455 10.869 32.450
42.455 10.869 35.200
42.455 10.869 35.400
42.455 10.869 38.150
42.455 10.869 38.350
42.471 33.959 0.000
42.471 33.959 3.800
42.527 34.033 3.800
42.527 34.033 6.800
42.567 33.988 0.000
42.567 33.988 3.050
42.567 33.988 3.800
42.651 35.115 3.800
42.651 35.115 6.800
42.702 35.067 0.000
42.702 35.067 3.800
42.713 35.551 3.800
42.713 35.551 6.800
42.713 35.551 20.650
42.731 34.971 0.000
42.731 34.971 3.800
42.749 35.431 3.800
42.749 35.431 4.400
42.749 35.431 5.100
42.749 35.431 6.600
42.749 35.431 6.800
42.749 35.431 7.800
42.749 35.431 9.150
42.749 35.431 9.750
42.749 35.431 10.750
42.749 35.431 11.900
42.749 35.431 12.100
42.749 35.431 12.400
42.749 35.431 13.100
42.749 35.431 13.400
42.749 35.431 14.450
42.749 35.431 15.050
42.749 35.431 16.050
42.749 35.431 17.200
42.749 35.431 17.400
42.749 35.431 17.700
42.749 35.431 18.400
42.749 35.431 18.700
42.749 35.431 20.050
42.749 35.431 20.650
42.778 35.335 4.400
42.778 35.335 5.100
42.778 35.335 6.800
42.778 35.335 7.800
42.778 35.335 9.750
42.778 35.335 10.750
42.778 35.335 12.100
42.778 35.335 12.400
42.778 35.335 13.100
42.778 35.335 13.400
42.778 35.335 15.050
42.778 35.335 16.050
42.778 35.335 17.400
42.778 35.335 17.700
42.778 35.335 18.400
42.778 35.335 18.700
42.829 35.168 3.800
42.829 35.168 4.400
42.829 35.168 6.600
42.829 35.168 6.800
42.829 35.168 9.150
42.829 35.168 9.750
42.829 35.168 11.900
42.829 35.168 12.100
42.829 35.168 14.450
42.829 35.168 15.050
42.829 35.168 17.200
42.829 35.168 17.400
42.829 35.168 20.050
42.829 35.168 20.650
42.838 10.985 3.800
42.838 10.985 6.800
42.838 10.985 20.650
42.838 10.985 38.350
42.857 10.922 3.800
42.857 10.922 6.800
42.857 10.922 20.650
42.857 10.922 38.350
42.939 34.157 3.800
42.939 34.157 6.800
43.101 32.524 20.650
43.101 32.524 38.350
43.135 32.410 20.650
43.135 32.410 38.350
43.292 32.582 20.650
43.292 32.582 38.350
43.327 32.467 20.650
43.327 32.467 38.350
43.576 30.944 38.350
43.576 30.944 44.800
43.576 30.944 50.000
43.610 30.829 38.350
43.610 30.829 44.800
43.610 30.829 50.000
43.767 31.002 38.350
43.767 31.002 44.800
43.767 31.002 50.000
43.802 30.887 38.350
43.802 30.887 44.800
43.802 30.887 50.000
45.409 13.255 0.000
45.409 13.255 3.050
45.409 13.255 3.800
45.546 36.271 3.800
45.546 36.271 4.400
45.546 36.271 5.100
45.546 36.271 6.600
45.546 36.271 6.800
45.546 36.271 7.800
45.546 36.271 9.150
45.546 36.271 9.750
45.546 36.271 10.750
45.546 36.271 11.900
45.546 36.271 12.100
45.546 36.271 12.400
45.546 36.271 13.100
45.546 36.271 13.400
45.546 36.271 14.450
45.546 36.271 15.050
45.546 36.271 16.050
45.546 36.271 17.200
45.546 36.271 17.400
45.546 36.271 17.700
45.546 36.271 18.400
45.546 36.271 18.700
45.546 36.271 20.050
45.546 36.271 20.650
45.575 36.175 3.800
45.575 36.175 4.400
45.575 36.175 5.100
45.575 36.175 6.600
45.575 36.175 6.800
45.575 36.175 7.800
45.575 36.175 9.150
45.575 36.175 9.750
45.575 36.175 10.750
45.575 36.175 11.900
45.575 36.175 12.100
45.575 36.175 12.400
45.575 36.175 13.100
45.575 36.175 13.400
45.575 36.175 14.450
45.575 36.175 15.050
45.575 36.175 16.050
45.575 36.175 17.200
45.575 36.175 17.400
45.575 36.175 17.700
45.575 36.175 18.400
45.575 36.175 18.700
45.575 36.175 20.050
45.575 36.175 20.650
45.586 12.995 3.800
45.586 12.995 4.400
45.586 12.995 6.600
45.586 12.995 6.800
45.586 12.995 9.150
45.586 12.995 9.750
45.586 12.995 11.900
45.586 12.995 12.100
45.586 12.995 14.450
45.586 12.995 15.050
45.586 12.995 17.200
45.586 12.995 17.400
45.586 12.995 20.050
45.586 12.995 20.650
45.586 12.995 23.400
45.586 12.995 23.600
45.586 12.995 26.350
45.586 12.995 26.550
45.586 12.995 29.300
45.586 12.995 29.500
45.586 12.995 32.250
45.586 12.995 32.450
45.586 12.995 35.200
45.586 12.995 35.400
45.586 12.995 38.150
45.586 12.995 38.350
45.642 36.300 3.800
45.642 36.300 4.400
45.642 36.300 6.600
45.642 36.300 6.800
45.642 36.300 9.150
45.642 36.300 9.750
45.642 36.300 11.900
45.642 36.300 12.100
45.642 36.300 14.450
45.642 36.300 15.050
45.642 36.300 17.200
45.642 36.300 17.400
45.642 36.300 20.050
45.642 36.300 20.650
45.658 13.121 0.000
45.658 13.121 3.800
45.670 36.204 3.800
45.670 36.204 4.400
45.670 36.204 6.600
45.670 36.204 6.800
45.670 36.204 9.150
45.670 36.204 9.750
45.670 36.204 11.900
45.670 36.204 12.100
45.670 36.204 14.450
45.670 36.204 15.050
45.670 36.204 17.200
45.670 36.204 17.400
45.670 36.204 20.050
45.670 36.204 20.650
45.682 13.024 20.650
45.682 13.024 23.400
45.682 13.024 23.600
45.682 13.024 26.350
45.682 13.024 26.550
45.682 13.024 29.300
45.682 13.024 29.500
45.682 13.024 32.250
45.682 13.024 32.450
45.682 13.024 38.350
45.822 11.881 0.000
45.822 11.881 3.050
45.822 11.881 3.800
45.884 12.004 4.400
45.884 12.004 5.100
45.884 12.004 6.800
45.884 12.004 7.800
45.884 12.004 9.750
45.884 12.004 10.750
45.884 12.004 12.100
45.884 12.004 12.400
45.884 12.004 13.100
45.884 12.004 13.400
45.884 12.004 15.050
45.884 12.004 16.050
45.884 12.004 17.400
45.884 12.004 17.700
45.884 12.004 18.400
45.884 12.004 18.700
45.913 11.908 3.800
45.913 11.908 4.400
45.913 11.908 5.100
45.913 11.908 6.600
45.913 11.908 6.800
45.913 11.908 7.800
45.913 11.908 9.150
45.913 11.908 9.750
45.913 11.908 10.750
45.913 11.908 11.900
45.913 11.908 12.100
45.913 11.908 12.400
45.913 11.908 13.100
45.913 11.908 13.400
45.913 11.908 14.450
45.913 11.908 15.050
45.913 11.908 16.050
45.913 11.908 17.200
45.913 11.908 17.400
45.913 11.908 17.700
45.913 11.908 18.400
45.913 11.908 18.700
45.913 11.908 20.050
45.913 11.908 20.650
45.913 11.908 23.400
45.913 11.908 23.600
45.913 11.908 26.350
45.913 11.908 26.550
45.913 11.908 29.300
45.913 11.908 29.500
45.913 11.908 32.250
45.913 11.908 32.450
45.913 11.908 35.200
45.913 11.908 35.400
45.913 11.908 38.150
45.913 11.908 38.350
45.913 35.050 3.800
45.913 35.050 4.400
45.913 35.050 6.600
45.913 35.050 6.800
45.913 35.050 9.150
45.913 35.050 9.750
45.913 35.050 11.900
45.913 35.050 12.100
45.913 35.050 14.450
45.913 35.050 15.050
45.913 35.050 17.200
45.913 35.050 17.400
45.913 35.050 20.050
45.913 35.050 20.650
45.931 11.846 20.650
45.931 11.846 38.350
45.980 12.033 20.650
45.980 12.033 21.650
45.980 12.033 23.600
45.980 12.033 24.600
45.980 12.033 26.550
45.980 12.033 27.550
45.980 12.033 29.500
45.980 12.033 30.500
45.980 12.033 32.450
45.980 12.033 33.450
46.008 11.937 20.650
46.008 11.937 21.650
46.008 11.937 23.400
46.008 11.937 23.600
46.008 11.937 24.600
46.008 11.937 26.350
46.008 11.937 26.550
46.008 11.937 27.550
46.008 11.937 29.300
46.008 11.937 29.500
46.008 11.937 30.500
46.008 11.937 32.250
46.008 11.937 32.450
46.008 11.937 33.450
46.027 11.875 20.650
46.027 11.875 38.350
46.053 11.804 0.000
46.053 11.804 3.800
46.096 13.461 0.000
46.096 13.461 3.800
46.130 34.604 23.600
46.130 34.604 24.600
46.130 34.604 26.550
46.130 34.604 27.550
46.130 34.604 29.500
46.130 34.604 30.500
46.130 34.604 32.450
46.130 34.604 33.450
46.153 13.270 0.000
46.153 13.270 3.800
46.197 34.728 23.400
46.197 34.728 23.600
46.197 34.728 24.600
46.197 34.728 26.350
46.197 34.728 26.550
46.197 34.728 27.550
46.197 34.728 29.300
46.197 34.728 29.500
46.197 34.728 30.500
46.197 34.728 32.250
46.197 34.728 32.450
46.197 34.728 33.450
46.487 33.416 23.600
46.487 33.416 24.600
46.487 33.416 26.550
46.487 33.416 27.550
46.487 33.416 29.500
46.487 33.416 30.500
46.487 33.416 32.450
46.487 33.416 33.450
46.583 33.445 23.400
46.583 33.445 23.600
46.583 33.445 24.600
46.583 33.445 26.350
46.583 33.445 26.550
46.583 33.445 27.550
46.583 33.445 29.300
46.583 33.445 29.500
46.583 33.445 30.500
46.583 33.445 32.250
46.583 33.445 32.450
46.583 33.445 33.450
47.886 16.077 38.350
47.886 16.077 41.250
47.886 16.077 41.750
47.886 16.077 44.300
47.886 16.077 44.800
47.886 16.077 49.300
47.886 16.077 50.000
47.905 16.015 38.350
47.905 16.015 41.250
47.905 16.015 41.750
47.905 16.015 44.300
47.905 16.015 44.800
47.905 16.015 49.300
47.905 16.015 50.000
47.915 14.008 0.000
47.915 14.008 3.800
47.973 13.816 0.000
47.973 13.816 3.800
48.365 16.221 38.350
48.365 16.221 41.250
48.365 16.221 41.750
48.365 16.221 44.300
48.365 16.221 44.800
48.365 16.221 49.300
48.365 16.221 50.000
48.384 16.158 38.350
48.384 16.158 41.250
48.384 16.158 41.750
48.384 16.158 44.300
48.384 16.158 44.800
48.384 16.158 49.300
48.384 16.158 50.000
48.460 37.277 3.800
48.460 37.277 6.800
48.460 37.277 20.650
48.469 13.965 0.000
48.469 13.965 3.800
48.496 37.157 3.800
48.496 37.157 4.400
48.496 37.157 6.600
48.496 37.157 6.800
48.496 37.157 9.150
48.496 37.157 9.750
48.496 37.157 11.900
48.496 37.157 12.100
48.496 37.157 14.450
48.496 37.157 15.050
48.496 37.157 17.200
48.496 37.157 17.400
48.496 37.157 20.050
48.496 37.157 20.650
48.527 13.946 20.650
48.527 13.946 23.400
48.527 13.946 23.600
48.527 13.946 26.350
48.527 13.946 26.550
48.527 13.946 29.300
48.527 13.946 29.500
48.527 13.946 32.250
48.527 13.946 32.450
48.527 13.946 35.200
48.527 13.946 35.400
48.527 13.946 38.150
48.527 13.946 38.350
48.545 13.884 3.800
48.545 13.884 6.800
48.545 13.884 20.650
48.545 13.884 23.400
48.545 13.884 23.600
48.545 13.884 26.350
48.545 13.884 26.550
48.545 13.884 29.300
48.545 13.884 29.500
48.545 13.884 32.250
48.545 13.884 32.450
48.545 13.884 35.200
48.545 13.884 35.400
48.545 13.884 38.150
48.545 13.884 38.350
48.575 36.894 3.800
48.575 36.894 4.400
48.575 36.894 6.600
48.575 36.894 6.800
48.575 36.894 9.150
48.575 36.894 9.750
48.575 36.894 11.900
48.575 36.894 12.100
48.575 36.894 14.450
48.575 36.894 15.050
48.575 36.894 17.200
48.575 36.894 17.400
48.575 36.894 20.050
48.575 36.894 20.650
48.592 36.836 0.000
48.592 36.836 3.800
48.603 14.214 0.000
48.603 14.214 3.050
48.603 14.214 3.800
48.621 36.741 0.000
48.621 36.741 3.050
48.621 36.741 3.800
48.864 12.649 0.000
48.864 12.649 3.800
48.891 12.735 3.800
48.891 12.735 6.800
49.005 14.090 20.650
49.005 14.090 23.400
49.005 14.090 23.600
49.005 14.090 26.350
49.005 14.090 26.550
49.005 14.090 29.300
49.005 14.090 29.500
49.005 14.090 32.250
49.005 14.090 32.450
49.005 14.090 35.200
49.005 14.090 35.400
49.005 14.090 38.150
49.005 14.090 38.350
49.015 12.840 0.000
49.015 12.840 3.050
49.015 12.840 3.800
49.024 14.028 3.800
49.024 14.028 6.800
49.024 14.028 20.650
49.024 14.028 23.400
49.024 14.028 23.600
49.024 14.028 26.350
49.024 14.028 26.550
49.024 14.028 29.300
49.024 14.028 29.500
49.024 14.028 32.250
49.024 14.028 32.450
49.024 14.028 35.200
49.024 14.028 35.400
49.024 14.028 38.150
49.024 14.028 38.350
49.226 37.507 3.800
49.226 37.507 6.800
49.226 37.507 20.650
49.262 37.387 3.800
49.262 37.387 4.400
49.262 37.387 6.600
49.262 37.387 6.800
49.262 37.387 9.150
49.262 37.387 9.750
49.262 37.387 11.900
49.262 37.387 12.100
49.262 37.387 14.450
49.262 37.387 15.050
49.262 37.387 17.200
49.262 37.387 17.400
49.262 37.387 20.050
49.262 37.387 20.650
49.341 37.124 3.800
49.341 37.124 4.400
49.341 37.124 6.600
49.341 37.124 6.800
49.341 37.124 9.150
49.341 37.124 9.750
49.341 37.124 11.900
49.341 37.124 12.100
49.341 37.124 14.450
49.341 37.124 15.050
49.341 37.124 17.200
49.341 37.124 17.400
49.341 37.124 20.050
49.341 37.124 20.650
49.358 37.067 0.000
49.358 37.067 3.800
49.369 12.879 3.800
49.369 12.879 6.800
49.387 36.971 0.000
49.387 36.971 3.800
49.613 34.481 20.650
49.613 34.481 38.350
49.648 34.366 20.650
49.648 34.366 38.350
49.734 13.056 0.000
49.734 13.056 3.800
49.774 12.922 0.000
49.774 12.922 3.800
49.805 34.538 20.650
49.805 34.538 38.350
49.839 34.423 20.650
49.839 34.423 38.350
50.009 35.873 32.250
50.009 35.873 32.450
50.009 35.873 33.450
50.088 32.901 38.350
50.088 32.901 44.800
50.088 32.901 50.000
50.122 32.786 38.350
50.122 32.786 44.800
50.122 32.786 50.000
50.134 35.806 32.450
50.134 35.806 33.450
50.279 32.958 38.350
50.279 32.958 44.800
50.279 32.958 50.000
50.314 32.843 38.350
50.314 32.843 44.800
50.314 32.843 50.000
50.395 34.590 32.250
50.395 34.590 32.450
50.395 34.590 33.450
50.490 34.619 32.450
50.490 34.619 33.450
51.896 36.336 32.450
51.896 36.336 33.450
51.963 36.460 32.250
51.963 36.460 32.450
51.963 36.460 33.450
52.253 35.148 32.450
52.253 35.148 33.450
52.348 35.177 32.250
52.348 35.177 32.450
52.348 35.177 33.450
52.566 36.642 23.400
52.566 36.642 23.600
52.566 36.642 24.600
52.566 36.642 26.350
52.566 36.642 26.550
52.566 36.642 27.550
52.566 36.642 29.300
52.566 36.642 29.500
52.566 36.642 30.500
52.566 36.642 32.250
52.566 36.642 32.450
52.566 36.642 33.450
52.691 36.575 23.600
52.691 36.575 24.600
52.691 36.575 26.550
52.691 36.575 27.550
52.691 36.575 29.500
52.691 36.575 30.500
52.691 36.575 32.450
52.691 36.575 33.450
52.952 35.358 23.400
52.952 35.358 23.600
52.952 35.358 24.600
52.952 35.358 26.350
52.952 35.358 26.550
52.952 35.358 27.550
52.952 35.358 29.300
52.952 35.358 29.500
52.952 35.358 30.500
52.952 35.358 32.250
52.952 35.358 32.450
52.952 35.358 33.450
53.047 35.387 23.600
53.047 35.387 24.600
53.047 35.387 26.550
53.047 35.387 27.550
53.047 35.387 29.500
53.047 35.387 30.500
53.047 35.387 32.450
53.047 35.387 33.450
54.399 18.033 38.350
54.399 18.033 41.250
54.399 18.033 41.750
54.399 18.033 44.300
54.399 18.033 44.800
54.399 18.033 49.300
54.399 18.033 50.000
54.417 17.971 38.350
54.417 17.971 41.250
54.417 17.971 41.750
54.417 17.971 44.300
54.417 17.971 44.800
54.417 17.971 49.300
54.417 17.971 50.000
54.714 14.552 0.000
54.714 14.552 3.800
54.733 14.490 0.000
54.733 14.490 3.800
54.877 18.177 38.350
54.877 18.177 41.250
54.877 18.177 41.750
54.877 18.177 44.300
54.877 18.177 44.800
54.877 18.177 49.300
54.877 18.177 50.000
54.896 18.115 38.350
54.896 18.115 41.250
54.896 18.115 41.750
54.896 18.115 44.300
54.896 18.115 44.800
54.896 18.115 49.300
54.896 18.115 50.000
54.972 39.233 3.800
54.972 39.233 6.800
54.972 39.233 20.650
55.008 39.114 3.800
55.008 39.114 4.400
55.008 39.114 6.600
55.008 39.114 6.800
55.008 39.114 9.150
55.008 39.114 9.750
55.008 39.114 11.900
55.008 39.114 12.100
55.008 39.114 14.450
55.008 39.114 15.050
55.008 39.114 17.200
55.008 39.114 17.400
55.008 39.114 20.050
55.008 39.114 20.650
55.058 15.840 3.800
55.058 15.840 4.400
55.058 15.840 6.600
55.058 15.840 6.800
55.058 15.840 9.150
55.058 15.840 9.750
55.058 15.840 11.900
55.058 15.840 12.100
55.058 15.840 14.450
55.058 15.840 15.050
55.058 15.840 17.200
55.058 15.840 17.400
55.058 15.840 20.050
55.058 15.840 20.650
55.058 15.840 23.400
55.058 15.840 23.600
55.058 15.840 26.350
55.058 15.840 26.550
55.058 15.840 29.300
55.058 15.840 29.500
55.058 15.840 32.250
55.058 15.840 32.450
55.058 15.840 38.350
55.087 38.850 3.800
55.087 38.850 4.400
55.087 38.850 6.600
55.087 38.850 6.800
55.087 38.850 9.150
55.087 38.850 9.750
55.087 38.850 11.900
55.087 38.850 12.100
55.087 38.850 14.450
55.087 38.850 15.050
55.087 38.850 17.200
55.087 38.850 17.400
55.087 38.850 20.050
55.087 38.850 20.650
55.104 38.793 0.000
55.104 38.793 3.800
55.133 38.697 0.000
55.133 38.697 3.800
55.153 15.869 20.650
55.153 15.869 23.400
55.153 15.869 23.600
55.153 15.869 26.350
55.153 15.869 26.550
55.153 15.869 29.300
55.153 15.869 29.500
55.153 15.869 32.250
55.153 15.869 32.450
55.153 15.869 35.200
55.153 15.869 35.400
55.153 15.869 38.150
55.153 15.869 38.350
55.355 14.849 4.400
55.355 14.849 5.100
55.355 14.849 6.800
55.355 14.849 7.800
55.355 14.849 9.750
55.355 14.849 10.750
55.355 14.849 12.100
55.355 14.849 12.400
55.355 14.849 13.100
55.355 14.849 13.400
55.355 14.849 15.050
55.355 14.849 16.050
55.355 14.849 17.400
55.355 14.849 17.700
55.355 14.849 18.400
55.355 14.849 18.700
55.355 14.849 20.650
55.355 14.849 21.650
55.355 14.849 23.600
55.355 14.849 24.600
55.355 14.849 26.550
55.355 14.849 27.550
55.355 14.849 29.500
55.355 14.849 30.500
55.355 14.849 32.450
55.355 14.849 33.450
55.384 14.753 3.800
55.384 14.753 4.400
55.384 14.753 5.100
55.384 14.753 6.600
55.384 14.753 6.800
55.384 14.753 7.800
55.384 14.753 9.150
55.384 14.753 9.750
55.384 14.753 10.750
55.384 14.753 11.900
55.384 14.753 12.100
55.384 14.753 12.400
55.384 14.753 13.100
55.384 14.753 13.400
55.384 14.753 14.450
55.384 14.753 15.050
55.384 14.753 16.050
55.384 14.753 17.200
55.384 14.753 17.400
55.384 14.753 17.700
55.384 14.753 18.400
55.384 14.753 18.700
55.384 14.753 20.050
55.384 14.753 20.650
55.384 14.753 21.650
55.384 14.753 23.400
55.384 14.753 23.600
55.384 14.753 24.600
55.384 14.753 26.350
55.384 14.753 26.550
55.384 14.753 27.550
55.384 14.753 29.300
55.384 14.753 29.500
55.384 14.753 30.500
55.384 14.753 32.250
55.384 14.753 32.450
55.384 14.753 33.450
55.403 14.691 3.800
55.403 14.691 6.800
55.403 14.691 20.650
55.403 14.691 38.350
55.480 14.782 20.650
55.480 14.782 23.400
55.480 14.782 23.600
55.480 14.782 26.350
55.480 14.782 26.550
55.480 14.782 29.300
55.480 14.782 29.500
55.480 14.782 32.250
55.480 14.782 32.450
55.480 14.782 35.200
55.480 14.782 35.400
55.480 14.782 38.150
55.480 14.782 38.350
55.738 39.463 3.800
55.738 39.463 6.800
55.738 39.463 20.650
55.774 39.344 3.800
55.774 39.344 4.400
55.774 39.344 6.600
55.774 39.344 6.800
55.774 39.344 9.150
55.774 39.344 9.750
55.774 39.344 11.900
55.774 39.344 12.100
55.774 39.344 14.450
55.774 39.344 15.050
55.774 39.344 17.200
55.774 39.344 17.400
55.774 39.344 20.050
55.774 39.344 20.650
55.853 39.080 3.800
55.853 39.080 4.400
55.853 39.080 6.600
55.853 39.080 6.800
55.853 39.080 9.150
55.853 39.080 9.750
55.853 39.080 11.900
55.853 39.080 12.100
55.853 39.080 14.450
55.853 39.080 15.050
55.853 39.080 17.200
55.853 39.080 17.400
55.853 39.080 20.050
55.853 39.080 20.650
55.863 14.897 3.800
55.863 14.897 6.800
55.863 14.897 20.650
55.863 14.897 38.350
55.871 39.023 0.000
55.871 39.023 3.800
55.882 14.835 3.800
55.882 14.835 6.800
55.882 14.835 20.650
55.882 14.835 38.350
55.899 38.927 0.000
55.899 38.927 3.800
56.125 36.437 20.650
56.125 36.437 38.350
56.160 36.322 20.650
56.160 36.322 38.350
56.317 36.495 20.650
56.317 36.495 38.350
56.352 36.380 20.650
56.352 36.380 38.350
56.533 15.098 0.000
56.533 15.098 3.800
56.552 15.036 0.000
56.552 15.036 3.800
56.600 34.857 38.350
56.600 34.857 44.800
56.600 34.857 46.000
56.600 34.857 50.000
56.635 34.742 38.350
56.635 34.742 44.800
56.635 34.742 50.000
56.664 34.646 46.000
56.664 34.646 50.000
56.792 34.914 38.350
56.792 34.914 44.800
56.825 34.803 50.000
56.825 34.803 50.350
56.826 34.800 38.350
56.826 34.800 44.800
56.840 34.929 50.000
56.874 34.814 44.800
56.874 34.814 50.000
56.903 34.718 44.800
56.903 34.718 49.300
56.903 34.718 50.000
56.935 34.958 44.800
56.935 34.958 50.000
56.970 34.843 44.800
56.970 34.843 50.000
57.227 35.551 49.750
57.227 35.551 49.950
57.544 32.931 44.800
57.544 32.931 44.900
57.719 39.474 0.000
57.719 39.474 3.050
57.719 39.474 3.800
57.748 39.378 0.000
57.748 39.378 3.050
57.748 39.378 3.800
57.815 39.502 0.000
57.815 39.502 3.800
57.844 39.407 0.000
57.844 39.407 3.050
57.844 39.407 3.800
57.913 39.177 0.000
57.913 39.177 3.050
57.913 39.177 3.800
58.611 16.907 20.650
58.611 16.907 23.400
58.611 16.907 23.600
58.611 16.907 26.350
58.611 16.907 26.550
58.611 16.907 29.300
58.611 16.907 29.500
58.611 16.907 32.250
58.611 16.907 32.450
58.611 16.907 35.200
58.611 16.907 35.400
58.611 16.907 38.150
58.611 16.907 38.350
58.635 28.953 44.800
58.635 28.953 49.300
58.635 28.953 50.000
58.706 16.936 20.650
58.706 16.936 23.400
58.706 16.936 23.600
58.706 16.936 26.350
58.706 16.936 26.550
58.706 16.936 29.300
58.706 16.936 29.500
58.706 16.936 32.250
58.706 16.936 32.450
58.706 16.936 38.350
58.731 28.982 44.800
58.731 28.982 49.300
58.731 28.982 50.000
58.793 16.962 3.800
58.793 16.962 4.400
58.793 16.962 6.600
58.793 16.962 6.800
58.793 16.962 9.150
58.793 16.962 9.750
58.793 16.962 11.900
58.793 16.962 12.100
58.793 16.962 14.450
58.793 16.962 15.050
58.793 16.962 17.200
58.793 16.962 17.400
58.793 16.962 20.050
58.793 16.962 20.650
58.937 15.821 20.650
58.937 15.821 23.400
58.937 15.821 23.600
58.937 15.821 26.350
58.937 15.821 26.550
58.937 15.821 29.300
58.937 15.821 29.500
58.937 15.821 32.250
58.937 15.821 32.450
58.937 15.821 35.200
58.937 15.821 35.400
58.937 15.821 38.150
58.937 15.821 38.350
58.956 15.758 20.650
58.956 15.758 38.350
59.004 15.945 20.650
59.004 15.945 21.650
59.004 15.945 23.600
59.004 15.945 24.600
59.004 15.945 26.550
59.004 15.945 27.550
59.004 15.945 29.500
59.004 15.945 30.500
59.004 15.945 32.450
59.004 15.945 33.450
59.033 15.849 20.650
59.033 15.849 21.650
59.033 15.849 23.400
59.033 15.849 23.600
59.033 15.849 24.600
59.033 15.849 26.350
59.033 15.849 26.550
59.033 15.849 27.550
59.033 15.849 29.300
59.033 15.849 29.500
59.033 15.849 30.500
59.033 15.849 32.250
59.033 15.849 32.450
59.033 15.849 33.450
59.052 15.787 20.650
59.052 15.787 38.350
59.090 15.971 4.400
59.090 15.971 5.100
59.090 15.971 6.800
59.090 15.971 7.800
59.090 15.971 9.750
59.090 15.971 10.750
59.090 15.971 12.100
59.090 15.971 12.400
59.090 15.971 13.100
59.090 15.971 13.400
59.090 15.971 15.050
59.090 15.971 16.050
59.090 15.971 17.400
59.090 15.971 17.700
59.090 15.971 18.400
59.090 15.971 18.700
59.119 15.875 3.800
59.119 15.875 4.400
59.119 15.875 5.100
59.119 15.875 6.600
59.119 15.875 6.800
59.119 15.875 7.800
59.119 15.875 9.150
59.119 15.875 9.750
59.119 15.875 10.750
59.119 15.875 11.900
59.119 15.875 12.100
59.119 15.875 12.400
59.119 15.875 13.100
59.119 15.875 13.400
59.119 15.875 14.450
59.119 15.875 15.050
59.119 15.875 16.050
59.119 15.875 17.200
59.119 15.875 17.400
59.119 15.875 17.700
59.119 15.875 18.400
59.119 15.875 18.700
59.119 15.875 20.050
59.119 15.875 20.650
59.730 40.078 0.000
59.730 40.078 3.800
59.759 39.982 0.000
59.759 39.982 3.050
59.759 39.982 3.800
59.826 40.107 0.000
59.826 40.107 3.050
59.826 40.107 3.800
59.828 39.752 0.000
59.828 39.752 3.050
59.828 39.752 3.800
59.855 40.011 0.000
59.855 40.011 3.050
59.855 40.011 3.800
60.833 21.986 44.800
60.833 21.986 44.900
60.911 19.989 38.350
60.911 19.989 41.250
60.911 19.989 41.750
60.911 19.989 44.300
60.911 19.989 44.800
60.911 19.989 49.300
60.911 19.989 50.000
60.930 19.927 38.350
60.930 19.927 41.250
60.930 19.927 41.750
60.930 19.927 44.300
60.930 19.927 44.800
60.930 19.927 49.300
60.930 19.927 50.000
61.226 16.508 0.000
61.226 16.508 3.800
61.245 16.446 0.000
61.245 16.446 3.800
61.265 20.028 50.000
61.265 20.028 50.350
61.390 20.133 38.350
61.390 20.133 41.250
61.390 20.133 41.750
61.390 20.133 44.300
61.390 20.133 44.800
61.390 20.133 49.300
61.390 20.133 50.000
61.409 20.071 38.350
61.409 20.071 41.250
61.409 20.071 41.750
61.409 20.071 44.300
61.409 20.071 44.800
61.409 20.071 49.300
61.409 20.071 50.000
61.484 41.190 3.800
61.484 41.190 6.800
61.484 41.190 20.650
61.520 41.070 3.800
61.520 41.070 4.400
61.520 41.070 6.600
61.520 41.070 6.800
61.520 41.070 9.150
61.520 41.070 9.750
61.520 41.070 11.900
61.520 41.070 12.100
61.520 41.070 14.450
61.520 41.070 15.050
61.520 41.070 17.200
61.520 41.070 17.400
61.520 41.070 20.050
61.520 41.070 20.650
61.570 17.796 3.800
61.570 17.796 4.400
61.570 17.796 6.600
61.570 17.796 6.800
61.570 17.796 9.150
61.570 17.796 9.750
61.570 17.796 11.900
61.570 17.796 12.100
61.570 17.796 14.450
61.570 17.796 15.050
61.570 17.796 17.200
61.570 17.796 17.400
61.570 17.796 20.050
61.570 17.796 20.650
61.570 17.796 23.400
61.570 17.796 23.600
61.570 17.796 26.350
61.570 17.796 26.550
61.570 17.796 29.300
61.570 17.796 29.500
61.570 17.796 32.250
61.570 17.796 32.450
61.570 17.796 38.350
61.599 40.806 3.800
61.599 40.806 4.400
61.599 40.806 6.600
61.599 40.806 6.800
61.599 40.806 9.150
61.599 40.806 9.750
61.599 40.806 11.900
61.599 40.806 12.100
61.599 40.806 14.450
61.599 40.806 15.050
61.599 40.806 17.200
61.599 40.806 17.400
61.599 40.806 20.050
61.599 40.806 20.650
61.617 40.749 0.000
61.617 40.749 3.800
61.646 40.653 0.000
61.646 40.653 3.800
61.666 17.825 20.650
61.666 17.825 23.400
61.666 17.825 23.600
61.666 17.825 26.350
61.666 17.825 26.550
61.666 17.825 29.300
61.666 17.825 29.500
61.666 17.825 32.250
61.666 17.825 32.450
61.666 17.825 35.200
61.666 17.825 35.400
61.666 17.825 38.150
61.666 17.825 38.350
61.868 16.805 4.400
61.868 16.805 5.100
61.868 16.805 6.800
61.868 16.805 7.800
61.868 16.805 9.750
61.868 16.805 10.750
61.868 16.805 12.100
61.868 16.805 12.400
61.868 16.805 13.100
61.868 16.805 13.400
61.868 16.805 15.050
61.868 16.805 16.050
61.868 16.805 17.400
61.868 16.805 17.700
61.868 16.805 18.400
61.868 16.805 18.700
61.868 16.805 20.650
61.868 16.805 21.650
61.868 16.805 23.600
61.868 16.805 24.600
61.868 16.805 26.550
61.868 16.805 27.550
61.868 16.805 29.500
61.868 16.805 30.500
61.868 16.805 32.450
61.868 16.805 33.450
61.897 16.709 3.800
61.897 16.709 4.400
61.897 16.709 5.100
61.897 16.709 6.600
61.897 16.709 6.800
61.897 16.709 7.800
61.897 16.709 9.150
61.897 16.709 9.750
61.897 16.709 10.750
61.897 16.709 11.900
61.897 16.709 12.100
61.897 16.709 12.400
61.897 16.709 13.100
61.897 16.709 13.400
61.897 16.709 14.450
61.897 16.709 15.050
61.897 16.709 16.050
61.897 16.709 17.200
61.897 16.709 17.400
61.897 16.709 17.700
61.897 16.709 18.400
61.897 16.709 18.700
61.897 16.709 20.050
61.897 16.709 20.650
61.897 16.709 21.650
61.897 16.709 23.400
61.897 16.709 23.600
61.897 16.709 24.600
61.897 16.709 26.350
61.897 16.709 26.550
61.897 16.709 27.550
61.897 16.709 29.300
61.897 16.709 29.500
61.897 16.709 30.500
61.897 16.709 32.250
61.897 16.709 32.450
61.897 16.709 33.450
61.915 16.647 3.800
61.915 16.647 6.800
61.915 16.647 20.650
61.915 16.647 38.350
61.992 16.738 20.650
61.992 16.738 23.400
61.992 16.738 23.600
61.992 16.738 26.350
61.992 16.738 26.550
61.992 16.738 29.300
61.992 16.738 29.500
61.992 16.738 32.250
61.992 16.738 32.450
61.992 16.738 35.200
61.992 16.738 35.400
61.992 16.738 38.150
61.992 16.738 38.350
62.012 19.626 49.750
62.012 19.626 49.950
62.251 41.420 3.800
62.251 41.420 6.800
62.251 41.420 20.650
62.287 41.300 3.800
62.287 41.300 4.400
62.287 41.300 6.600
62.287 41.300 6.800
62.287 41.300 9.150
62.287 41.300 9.750
62.287 41.300 11.900
62.287 41.300 12.100
62.287 41.300 14.450
62.287 41.300 15.050
62.287 41.300 17.200
62.287 41.300 17.400
62.287 41.300 20.050
62.287 41.300 20.650
62.366 41.037 3.800
62.366 41.037 4.400
62.366 41.037 6.600
62.366 41.037 6.800
62.366 41.037 9.150
62.366 41.037 9.750
62.366 41.037 11.900
62.366 41.037 12.100
62.366 41.037 14.450
62.366 41.037 15.050
62.366 41.037 17.200
62.366 41.037 17.400
62.366 41.037 20.050
62.366 41.037 20.650
62.375 16.853 3.800
62.375 16.853 6.800
62.375 16.853 20.650
62.375 16.853 38.350
62.383 40.979 0.000
62.383 40.979 3.800
62.394 16.791 3.800
62.394 16.791 6.800
62.394 16.791 20.650
62.394 16.791 38.350
62.412 40.883 0.000
62.412 40.883 3.800
62.638 38.393 20.650
62.638 38.393 38.350
62.672 38.278 20.650
62.672 38.278 38.350
62.829 38.451 20.650
62.829 38.451 38.350
62.864 38.336 20.650
62.864 38.336 38.350
63.046 17.055 0.000
63.046 17.055 3.800
63.064 16.992 0.000
63.064 16.992 3.800
63.113 36.813 38.350
63.113 36.813 44.800
63.147 36.698 38.350
63.147 36.698 44.800
63.304 36.871 38.350
63.304 36.871 44.800
63.339 36.756 38.350
63.339 36.756 44.800
65.123 18.864 20.650
65.123 18.864 23.400
65.123 18.864 23.600
65.123 18.864 26.350
65.123 18.864 26.550
65.123 18.864 29.300
65.123 18.864 29.500
65.123 18.864 32.250
65.123 18.864 32.450
65.123 18.864 35.200
65.123 18.864 35.400
65.123 18.864 38.150
65.123 18.864 38.350
65.219 18.893 20.650
65.219 18.893 23.400
65.219 18.893 23.600
65.219 18.893 26.350
65.219 18.893 26.550
65.219 18.893 29.300
65.219 18.893 29.500
65.219 18.893 32.250
65.219 18.893 32.450
65.219 18.893 38.350
65.305 18.918 3.800
65.305 18.918 4.400
65.305 18.918 6.600
65.305 18.918 6.800
65.305 18.918 9.150
65.305 18.918 9.750
65.305 18.918 11.900
65.305 18.918 12.100
65.305 18.918 14.450
65.305 18.918 15.050
65.305 18.918 17.200
65.305 18.918 17.400
65.305 18.918 20.050
65.305 18.918 20.650
65.450 17.777 20.650
65.450 17.777 23.400
65.450 17.777 23.600
65.450 17.777 26.350
65.450 17.777 26.550
65.450 17.777 29.300
65.450 17.777 29.500
65.450 17.777 32.250
65.450 17.777 32.450
65.450 17.777 35.200
65.450 17.777 35.400
65.450 17.777 38.150
65.450 17.777 38.350
65.468 17.715 20.650
65.468 17.715 38.350
65.517 17.901 20.650
65.517 17.901 21.650
65.517 17.901 23.600
65.517 17.901 24.600
65.517 17.901 26.550
65.517 17.901 27.550
65.517 17.901 29.500
65.517 17.901 30.500
65.517 17.901 32.450
65.517 17.901 33.450
65.545 17.806 20.650
65.545 17.806 21.650
65.545 17.806 23.400
65.545 17.806 23.600
65.545 17.806 24.600
65.545 17.806 26.350
65.545 17.806 26.550
65.545 17.806 27.550
65.545 17.806 29.300
65.545 17.806 29.500
65.545 17.806 30.500
65.545 17.806 32.250
65.545 17.806 32.450
65.545 17.806 33.450
65.564 17.743 20.650
65.564 17.743 38.350
65.603 17.927 4.400
65.603 17.927 5.100
65.603 17.927 6.800
65.603 17.927 7.800
65.603 17.927 9.750
65.603 17.927 10.750
65.603 17.927 12.100
65.603 17.927 12.400
65.603 17.927 13.100
65.603 17.927 13.400
65.603 17.927 15.050
65.603 17.927 16.050
65.603 17.927 17.400
65.603 17.927 17.700
65.603 17.927 18.400
65.603 17.927 18.700
65.632 17.832 3.800
65.632 17.832 4.400
65.632 17.832 5.100
65.632 17.832 6.600
65.632 17.832 6.800
65.632 17.832 7.800
65.632 17.832 9.150
65.632 17.832 9.750
65.632 17.832 10.750
65.632 17.832 11.900
65.632 17.832 12.100
65.632 17.832 12.400
65.632 17.832 13.100
65.632 17.832 13.400
65.632 17.832 14.450
65.632 17.832 15.050
65.632 17.832 16.050
65.632 17.832 17.200
65.632 17.832 17.400
65.632 17.832 17.700
65.632 17.832 18.400
65.632 17.832 18.700
65.632 17.832 20.050
65.632 17.832 20.650
67.423 21.946 38.350
67.423 21.946 41.250
67.423 21.946 41.750
67.423 21.946 44.300
67.423 21.946 44.800
67.442 21.883 38.350
67.442 21.883 41.250
67.442 21.883 41.750
67.442 21.883 44.300
67.442 21.883 44.800
67.739 18.464 0.000
67.739 18.464 3.800
67.757 18.402 0.000
67.757 18.402 3.800
67.902 22.090 38.350
67.902 22.090 41.250
67.902 22.090 41.750
67.902 22.090 44.300
67.902 22.090 44.800
67.921 22.027 38.350
67.921 22.027 41.250
67.921 22.027 41.750
67.921 22.027 44.300
67.921 22.027 44.800
67.997 43.146 3.800
67.997 43.146 6.800
67.997 43.146 20.650
68.033 43.026 3.800
68.033 43.026 4.400
68.033 43.026 6.600
68.033 43.026 6.800
68.033 43.026 9.150
68.033 43.026 9.750
68.033 43.026 11.900
68.033 43.026 12.100
68.033 43.026 14.450
68.033 43.026 15.050
68.033 43.026 17.200
68.033 43.026 17.400
68.033 43.026 20.050
68.033 43.026 20.650
68.082 19.753 3.800
68.082 19.753 4.400
68.082 19.753 6.600
68.082 19.753 6.800
68.082 19.753 9.150
68.082 19.753 9.750
68.082 19.753 11.900
68.082 19.753 12.100
68.082 19.753 14.450
68.082 19.753 15.050
68.082 19.753 17.200
68.082 19.753 17.400
68.082 19.753 20.050
68.082 19.753 20.650
68.082 19.753 23.400
68.082 19.753 23.600
68.082 19.753 26.350
68.082 19.753 26.550
68.082 19.753 29.300
68.082 19.753 29.500
68.082 19.753 32.250
68.082 19.753 32.450
68.082 19.753 38.350
68.112 42.763 3.800
68.112 42.763 4.400
68.112 42.763 6.600
68.112 42.763 6.800
68.112 42.763 9.150
68.112 42.763 9.750
68.112 42.763 11.900
68.112 42.763 12.100
68.112 42.763 14.450
68.112 42.763 15.050
68.112 42.763 17.200
68.112 42.763 17.400
68.112 42.763 20.050
68.112 42.763 20.650
68.129 42.705 0.000
68.129 42.705 3.800
68.158 42.610 0.000
68.158 42.610 3.800
68.178 19.782 20.650
68.178 19.782 23.400
68.178 19.782 23.600
68.178 19.782 26.350
68.178 19.782 26.550
68.178 19.782 29.300
68.178 19.782 29.500
68.178 19.782 32.250
68.178 19.782 32.450
68.178 19.782 35.200
68.178 19.782 35.400
68.178 19.782 38.150
68.178 19.782 38.350
68.380 18.762 4.400
68.380 18.762 5.100
68.380 18.762 6.800
68.380 18.762 7.800
68.380 18.762 9.750
68.380 18.762 10.750
68.380 18.762 12.100
68.380 18.762 12.400
68.380 18.762 13.100
68.380 18.762 13.400
68.380 18.762 15.050
68.380 18.762 16.050
68.380 18.762 17.400
68.380 18.762 17.700
68.380 18.762 18.400
68.380 18.762 18.700
68.380 18.762 20.650
68.380 18.762 21.650
68.380 18.762 23.600
68.380 18.762 24.600
68.380 18.762 26.550
68.380 18.762 27.550
68.380 18.762 29.500
68.380 18.762 30.500
68.380 18.762 32.450
68.380 18.762 33.450
68.409 18.666 3.800
68.409 18.666 4.400
68.409 18.666 5.100
68.409 18.666 6.600
68.409 18.666 6.800
68.409 18.666 7.800
68.409 18.666 9.150
68.409 18.666 9.750
68.409 18.666 10.750
68.409 18.666 11.900
68.409 18.666 12.100
68.409 18.666 12.400
68.409 18.666 13.100
68.409 18.666 13.400
68.409 18.666 14.450
68.409 18.666 15.050
68.409 18.666 16.050
68.409 18.666 17.200
68.409 18.666 17.400
68.409 18.666 17.700
68.409 18.666 18.400
68.409 18.666 18.700
68.409 18.666 20.050
68.409 18.666 20.650
68.409 18.666 21.650
68.409 18.666 23.400
68.409 18.666 23.600
68.409 18.666 24.600
68.409 18.666 26.350
68.409 18.666 26.550
68.409 18.666 27.550
68.409 18.666 29.300
68.409 18.666 29.500
68.409 18.666 30.500
68.409 18.666 32.250
68.409 18.666 32.450
68.409 18.666 33.450
68.428 18.604 3.800
68.428 18.604 6.800
68.428 18.604 20.650
68.428 18.604 38.350
68.505 18.695 20.650
68.505 18.695 23.400
68.505 18.695 23.600
68.505 18.695 26.350
68.505 18.695 26.550
68.505 18.695 29.300
68.505 18.695 29.500
68.505 18.695 32.250
68.505 18.695 32.450
68.505 18.695 35.200
68.505 18.695 35.400
68.505 18.695 38.150
68.505 18.695 38.350
68.758 42.957 3.800
68.758 42.957 4.400
68.758 42.957 6.600
68.758 42.957 6.800
68.758 42.957 9.150
68.758 42.957 9.750
68.758 42.957 11.900
68.758 42.957 12.100
68.758 42.957 14.450
68.758 42.957 15.050
68.758 42.957 17.200
68.758 42.957 17.400
68.758 42.957 20.050
68.758 42.957 20.650
68.763 43.376 3.800
68.763 43.376 6.800
68.763 43.376 20.650
68.799 43.256 3.800
68.799 43.256 4.400
68.799 43.256 5.100
68.799 43.256 6.600
68.799 43.256 6.800
68.799 43.256 7.800
68.799 43.256 9.150
68.799 43.256 9.750
68.799 43.256 10.750
68.799 43.256 11.900
68.799 43.256 12.100
68.799 43.256 12.400
68.799 43.256 13.100
68.799 43.256 13.400
68.799 43.256 14.450
68.799 43.256 15.050
68.799 43.256 16.050
68.799 43.256 17.200
68.799 43.256 17.400
68.799 43.256 17.700
68.799 43.256 18.400
68.799 43.256 18.700
68.799 43.256 20.050
68.799 43.256 20.650
68.828 43.160 4.400
68.828 43.160 5.100
68.828 43.160 6.800
68.828 43.160 7.800
68.828 43.160 9.750
68.828 43.160 10.750
68.828 43.160 12.100
68.828 43.160 12.400
68.828 43.160 13.100
68.828 43.160 13.400
68.828 43.160 15.050
68.828 43.160 16.050
68.828 43.160 17.400
68.828 43.160 17.700
68.828 43.160 18.400
68.828 43.160 18.700
68.878 42.993 3.800
68.878 42.993 4.400
68.878 42.993 6.600
68.878 42.993 6.800
68.878 42.993 9.150
68.878 42.993 9.750
68.878 42.993 11.900
68.878 42.993 12.100
68.878 42.993 14.450
68.878 42.993 15.050
68.878 42.993 17.200
68.878 42.993 17.400
68.878 42.993 20.050
68.878 42.993 20.650
68.888 18.810 3.800
68.888 18.810 6.800
68.888 18.810 20.650
68.888 18.810 38.350
68.895 42.935 0.000
68.895 42.935 3.800
68.907 18.747 3.800
68.907 18.747 6.800
68.907 18.747 20.650
68.907 18.747 38.350
68.924 42.840 0.000
68.924 42.840 3.800
69.046 41.999 3.800
69.046 41.999 4.400
69.046 41.999 6.600
69.046 41.999 6.800
69.046 41.999 9.150
69.046 41.999 9.750
69.046 41.999 11.900
69.046 41.999 12.100
69.046 41.999 14.450
69.046 41.999 15.050
69.046 41.999 17.200
69.046 41.999 17.400
69.046 41.999 20.050
69.046 41.999 20.650
69.150 40.350 20.650
69.150 40.350 38.350
69.185 40.235 20.650
69.185 40.235 38.350
69.342 40.407 20.650
69.342 40.407 38.350
69.376 40.292 20.650
69.376 40.292 38.350
69.558 19.011 0.000
69.558 19.011 3.800
69.577 18.949 0.000
69.577 18.949 3.800
69.625 38.769 38.350
69.625 38.769 44.800
69.660 38.655 38.350
69.660 38.655 44.800
69.817 38.827 38.350
69.817 38.827 44.800
69.851 38.712 38.350
69.851 38.712 44.800
70.744 43.386 0.000
70.744 43.386 3.050
70.744 43.386 3.800
70.772 43.291 0.000
70.772 43.291 3.050
70.772 43.291 3.800
70.839 43.415 0.000
70.839 43.415 3.800
70.868 43.319 0.000
70.868 43.319 3.050
70.868 43.319 3.800
70.937 43.089 0.000
70.937 43.089 3.050
70.937 43.089 3.800
71.635 20.820 20.650
71.635 20.820 23.400
71.635 20.820 23.600
71.635 20.820 26.350
71.635 20.820 26.550
71.635 20.820 29.300
71.635 20.820 29.500
71.635 20.820 32.250
71.635 20.820 32.450
71.635 20.820 35.200
71.635 20.820 35.400
71.635 20.820 38.150
71.635 20.820 38.350
71.731 20.849 20.650
71.731 20.849 23.400
71.731 20.849 23.600
71.731 20.849 26.350
71.731 20.849 26.550
71.731 20.849 29.300
71.731 20.849 29.500
71.731 20.849 32.250
71.731 20.849 32.450
71.731 20.849 38.350
71.789 20.866 3.800
71.789 20.866 4.400
71.789 20.866 6.600
71.789 20.866 6.800
71.789 20.866 9.150
71.789 20.866 9.750
71.789 20.866 11.900
71.789 20.866 12.100
71.789 20.866 14.450
71.789 20.866 15.050
71.789 20.866 17.200
71.789 20.866 17.400
71.789 20.866 20.050
71.789 20.866 20.650
71.962 19.733 20.650
71.962 19.733 23.400
71.962 19.733 23.600
71.962 19.733 26.350
71.962 19.733 26.550
71.962 19.733 29.300
71.962 19.733 29.500
71.962 19.733 32.250
71.962 19.733 32.450
71.962 19.733 35.200
71.962 19.733 35.400
71.962 19.733 38.150
71.962 19.733 38.350
71.981 19.671 20.650
71.981 19.671 38.350
72.029 19.858 20.650
72.029 19.858 21.650
72.029 19.858 23.600
72.029 19.858 24.600
72.029 19.858 26.550
72.029 19.858 27.550
72.029 19.858 29.500
72.029 19.858 30.500
72.029 19.858 32.450
72.029 19.858 33.450
72.058 19.762 20.650
72.058 19.762 21.650
72.058 19.762 23.400
72.058 19.762 23.600
72.058 19.762 24.600
72.058 19.762 26.350
72.058 19.762 26.550
72.058 19.762 27.550
72.058 19.762 29.300
72.058 19.762 29.500
72.058 19.762 30.500
72.058 19.762 32.250
72.058 19.762 32.450
72.058 19.762 33.450
72.076 19.700 20.650
72.076 19.700 38.350
72.086 19.875 4.400
72.086 19.875 5.100
72.086 19.875 6.800
72.086 19.875 7.800
72.086 19.875 9.750
72.086 19.875 10.750
72.086 19.875 12.100
72.086 19.875 12.400
72.086 19.875 13.100
72.086 19.875 13.400
72.086 19.875 15.050
72.086 19.875 16.050
72.086 19.875 17.400
72.086 19.875 17.700
72.086 19.875 18.400
72.086 19.875 18.700
72.115 19.779 3.800
72.115 19.779 4.400
72.115 19.779 5.100
72.115 19.779 6.600
72.115 19.779 6.800
72.115 19.779 7.800
72.115 19.779 9.150
72.115 19.779 9.750
72.115 19.779 10.750
72.115 19.779 11.900
72.115 19.779 12.100
72.115 19.779 12.400
72.115 19.779 13.100
72.115 19.779 13.400
72.115 19.779 14.450
72.115 19.779 15.050
72.115 19.779 16.050
72.115 19.779 17.200
72.115 19.779 17.400
72.115 19.779 17.700
72.115 19.779 18.400
72.115 19.779 18.700
72.115 19.779 20.050
72.115 19.779 20.650
72.142 42.418 23.600
72.142 42.418 24.600
72.142 42.418 26.550
72.142 42.418 27.550
72.142 42.418 29.500
72.142 42.418 30.500
72.142 42.418 32.450
72.142 42.418 33.450
72.209 42.542 23.400
72.209 42.542 23.600
72.209 42.542 24.600
72.209 42.542 26.350
72.209 42.542 26.550
72.209 42.542 27.550
72.209 42.542 29.300
72.209 42.542 29.500
72.209 42.542 30.500
72.209 42.542 32.250
72.209 42.542 32.450
72.209 42.542 33.450
72.498 41.230 23.600
72.498 41.230 24.600
72.498 41.230 26.550
72.498 41.230 27.550
72.498 41.230 29.500
72.498 41.230 30.500
72.498 41.230 32.450
72.498 41.230 33.450
72.594 41.259 23.400
72.594 41.259 23.600
72.594 41.259 24.600
72.594 41.259 26.350
72.594 41.259 26.550
72.594 41.259 27.550
72.594 41.259 29.300
72.594 41.259 29.500
72.594 41.259 30.500
72.594 41.259 32.250
72.594 41.259 32.450
72.594 41.259 33.450
72.755 43.990 0.000
72.755 43.990 3.800
72.784 43.895 0.000
72.784 43.895 3.050
72.784 43.895 3.800
72.851 44.019 0.000
72.851 44.019 3.050
72.851 44.019 3.800
72.853 43.665 0.000
72.853 43.665 3.050
72.853 43.665 3.800
72.879 43.923 0.000
72.879 43.923 3.050
72.879 43.923 3.800
73.859 32.305 44.800
73.859 32.305 50.350
73.936 23.902 38.350
73.936 23.902 41.250
73.936 23.902 41.750
73.936 23.902 44.300
73.936 23.902 44.800
73.954 23.840 38.350
73.954 23.840 41.250
73.954 23.840 41.750
73.954 23.840 44.300
73.954 23.840 44.800
74.251 20.421 0.000
74.251 20.421 3.800
74.270 20.358 0.000
74.270 20.358 3.800
74.415 24.046 38.350
74.415 24.046 41.250
74.415 24.046 41.750
74.415 24.046 44.300
74.415 24.046 44.800
74.433 23.984 38.350
74.433 23.984 41.250
74.433 23.984 41.750
74.433 23.984 44.300
74.433 23.984 44.800
74.509 45.102 3.800
74.509 45.102 6.800
74.509 45.102 20.650
74.545 44.982 3.800
74.545 44.982 4.400
74.545 44.982 5.100
74.545 44.982 6.600
74.545 44.982 6.800
74.545 44.982 7.800
74.545 44.982 9.150
74.545 44.982 9.750
74.545 44.982 10.750
74.545 44.982 11.900
74.545 44.982 12.100
74.545 44.982 12.400
74.545 44.982 13.100
74.545 44.982 13.400
74.545 44.982 14.450
74.545 44.982 15.050
74.545 44.982 16.050
74.545 44.982 17.200
74.545 44.982 17.400
74.545 44.982 17.700
74.545 44.982 18.400
74.545 44.982 18.700
74.545 44.982 20.050
74.545 44.982 20.650
74.574 44.887 4.400
74.574 44.887 5.100
74.574 44.887 6.800
74.574 44.887 7.800
74.574 44.887 9.750
74.574 44.887 10.750
74.574 44.887 12.100
74.574 44.887 12.400
74.574 44.887 13.100
74.574 44.887 13.400
74.574 44.887 15.050
74.574 44.887 16.050
74.574 44.887 17.400
74.574 44.887 17.700
74.574 44.887 18.400
74.574 44.887 18.700
74.624 44.719 3.800
74.624 44.719 4.400
74.624 44.719 6.600
74.624 44.719 6.800
74.624 44.719 9.150
74.624 44.719 9.750
74.624 44.719 11.900
74.624 44.719 12.100
74.624 44.719 14.450
74.624 44.719 15.050
74.624 44.719 17.200
74.624 44.719 17.400
74.624 44.719 20.050
74.624 44.719 20.650
74.641 44.662 0.000
74.641 44.662 3.800
74.670 44.566 0.000
74.670 44.566 3.800
74.744 44.755 3.800
74.744 44.755 4.400
74.744 44.755 6.600
74.744 44.755 6.800
74.744 44.755 9.150
74.744 44.755 9.750
74.744 44.755 11.900
74.744 44.755 12.100
74.744 44.755 14.450
74.744 44.755 15.050
74.744 44.755 17.200
74.744 44.755 17.400
74.744 44.755 20.050
74.744 44.755 20.650
75.032 43.797 3.800
75.032 43.797 4.400
75.032 43.797 6.600
75.032 43.797 6.800
75.032 43.797 9.150
75.032 43.797 9.750
75.032 43.797 11.900
75.032 43.797 12.100
75.032 43.797 14.450
75.032 43.797 15.050
75.032 43.797 17.200
75.032 43.797 17.400
75.032 43.797 20.050
75.032 43.797 20.650
75.275 45.332 3.800
75.275 45.332 6.800
75.275 45.332 20.650
75.311 45.213 3.800
75.311 45.213 4.400
75.311 45.213 6.600
75.311 45.213 6.800
75.311 45.213 9.150
75.311 45.213 9.750
75.311 45.213 11.900
75.311 45.213 12.100
75.311 45.213 14.450
75.311 45.213 15.050
75.311 45.213 17.200
75.311 45.213 17.400
75.311 45.213 20.050
75.311 45.213 20.650
75.318 27.450 44.800
75.318 27.450 50.350
75.390 44.949 3.800
75.390 44.949 4.400
75.390 44.949 6.600
75.390 44.949 6.800
75.390 44.949 9.150
75.390 44.949 9.750
75.390 44.949 11.900
75.390 44.949 12.100
75.390 44.949 14.450
75.390 44.949 15.050
75.390 44.949 17.200
75.390 44.949 17.400
75.390 44.949 20.050
75.390 44.949 20.650
75.407 43.503 32.250
75.407 43.503 32.450
75.407 43.503 33.450
75.408 44.892 0.000
75.408 44.892 3.800
75.436 44.796 0.000
75.436 44.796 3.800
75.532 43.436 32.450
75.532 43.436 33.450
75.663 42.306 20.650
75.663 42.306 38.350
75.697 42.191 20.650
75.697 42.191 38.350
75.793 42.220 32.250
75.793 42.220 32.450
75.793 42.220 33.450
75.854 42.363 20.650
75.854 42.363 38.350
75.889 42.249 20.650
75.889 42.249 32.450
75.889 42.249 33.450
75.889 42.249 38.350
76.071 20.967 0.000
76.071 20.967 3.800
76.089 20.905 0.000
76.089 20.905 3.800
76.137 40.726 38.350
76.137 40.726 44.800
76.172 40.611 38.350
76.172 40.611 44.800
76.329 40.783 38.350
76.329 40.783 44.800
76.363 40.668 38.350
76.363 40.668 44.800
77.947 22.716 20.650
77.947 22.716 38.350
78.042 22.745 3.800
78.042 22.745 4.400
78.042 22.745 6.600
78.042 22.745 6.800
78.042 22.745 9.150
78.042 22.745 9.750
78.042 22.745 11.900
78.042 22.745 12.100
78.042 22.745 14.450
78.042 22.745 15.050
78.042 22.745 17.200
78.042 22.745 17.400
78.042 22.745 20.050
78.042 22.745 20.650
78.042 22.745 23.400
78.042 22.745 23.600
78.042 22.745 26.350
78.042 22.745 26.550
78.042 22.745 29.300
78.042 22.745 29.500
78.042 22.745 32.250
78.042 22.745 32.450
78.042 22.745 35.200
78.042 22.745 35.400
78.042 22.745 38.150
78.042 22.745 38.350
78.244 21.725 20.650
78.244 21.725 21.650
78.244 21.725 23.600
78.244 21.725 24.600
78.244 21.725 26.550
78.244 21.725 27.550
78.244 21.725 29.500
78.244 21.725 30.500
78.244 21.725 32.450
78.244 21.725 33.450
78.273 21.629 20.650
78.273 21.629 21.650
78.273 21.629 23.600
78.273 21.629 24.600
78.273 21.629 26.550
78.273 21.629 27.550
78.273 21.629 29.500
78.273 21.629 30.500
78.273 21.629 32.450
78.273 21.629 33.450
78.292 21.567 20.650
78.292 21.567 38.350
78.340 21.754 4.400
78.340 21.754 5.100
78.340 21.754 6.800
78.340 21.754 7.800
78.340 21.754 9.750
78.340 21.754 10.750
78.340 21.754 12.100
78.340 21.754 12.400
78.340 21.754 13.100
78.340 21.754 13.400
78.340 21.754 15.050
78.340 21.754 16.050
78.340 21.754 17.400
78.340 21.754 17.700
78.340 21.754 18.400
78.340 21.754 18.700
78.369 21.658 3.800
78.369 21.658 4.400
78.369 21.658 5.100
78.369 21.658 6.600
78.369 21.658 6.800
78.369 21.658 7.800
78.369 21.658 9.150
78.369 21.658 9.750
78.369 21.658 10.750
78.369 21.658 11.900
78.369 21.658 12.100
78.369 21.658 12.400
78.369 21.658 13.100
78.369 21.658 13.400
78.369 21.658 14.450
78.369 21.658 15.050
78.369 21.658 16.050
78.369 21.658 17.200
78.369 21.658 17.400
78.369 21.658 17.700
78.369 21.658 18.400
78.369 21.658 18.700
78.369 21.658 20.050
78.369 21.658 20.650
78.369 21.658 23.400
78.369 21.658 23.600
78.369 21.658 26.350
78.369 21.658 26.550
78.369 21.658 29.300
78.369 21.658 29.500
78.369 21.658 32.250
78.369 21.658 32.450
78.369 21.658 35.200
78.369 21.658 35.400
78.369 21.658 38.150
78.369 21.658 38.350
78.388 21.595 20.650
78.388 21.595 38.350
78.596 44.357 32.450
78.596 44.357 33.450
78.663 44.481 32.250
78.663 44.481 32.450
78.663 44.481 33.450
78.953 43.169 32.450
78.953 43.169 33.450
79.049 43.198 32.250
79.049 43.198 32.450
79.049 43.198 33.450
80.438 25.892 3.800
80.438 25.892 4.400
80.438 25.892 6.600
80.438 25.892 6.800
80.448 25.858 38.350
80.448 25.858 41.250
80.448 25.858 41.750
80.448 25.858 44.300
80.448 25.858 44.800
80.467 25.796 38.350
80.467 25.796 41.250
80.467 25.796 41.750
80.467 25.796 44.300
80.467 25.796 44.800
80.763 22.377 0.000
80.763 22.377 3.800
80.782 22.315 0.000
80.782 22.315 3.800
80.812 26.004 3.800
80.812 26.004 6.800
80.927 26.002 38.350
80.927 26.002 41.250
80.927 26.002 41.750
80.927 26.002 44.300
80.927 26.002 44.800
80.946 25.940 38.350
80.946 25.940 41.250
80.946 25.940 41.750
80.946 25.940 44.300
80.946 25.940 44.800
81.022 47.058 3.800
81.022 47.058 6.800
81.022 47.058 20.650
81.057 46.939 3.800
81.057 46.939 4.400
81.057 46.939 6.600
81.057 46.939 6.800
81.057 46.939 9.150
81.057 46.939 9.750
81.057 46.939 11.900
81.057 46.939 12.100
81.057 46.939 14.450
81.057 46.939 15.050
81.057 46.939 17.200
81.057 46.939 17.400
81.057 46.939 20.050
81.057 46.939 20.650
81.137 46.675 3.800
81.137 46.675 4.400
81.137 46.675 6.600
81.137 46.675 6.800
81.137 46.675 9.150
81.137 46.675 9.750
81.137 46.675 11.900
81.137 46.675 12.100
81.137 46.675 14.450
81.137 46.675 15.050
81.137 46.675 17.200
81.137 46.675 17.400
81.137 46.675 20.050
81.137 46.675 20.650
81.154 46.618 0.000
81.154 46.618 3.800
81.183 46.522 0.000
81.183 46.522 3.050
81.183 46.522 3.800
81.434 22.578 3.800
81.434 22.578 4.400
81.434 22.578 6.600
81.434 22.578 6.800
81.434 22.578 20.650
81.434 22.578 38.350
81.452 22.516 3.800
81.452 22.516 6.800
81.452 22.516 20.650
81.452 22.516 38.350
81.655 23.579 0.000
81.655 23.579 3.050
81.655 23.579 3.800
81.783 46.870 3.800
81.783 46.870 4.400
81.783 46.870 6.600
81.783 46.870 6.800
81.783 46.870 9.150
81.783 46.870 9.750
81.783 46.870 11.900
81.783 46.870 12.100
81.783 46.870 14.450
81.783 46.870 15.050
81.783 46.870 17.200
81.783 46.870 17.400
81.783 46.870 20.050
81.783 46.870 20.650
81.788 47.289 3.800
81.788 47.289 6.800
81.788 47.289 20.650
81.824 47.169 3.800
81.824 47.169 4.400
81.824 47.169 5.100
81.824 47.169 6.600
81.824 47.169 6.800
81.824 47.169 7.800
81.824 47.169 9.150
81.824 47.169 9.750
81.824 47.169 10.750
81.824 47.169 11.900
81.824 47.169 12.100
81.824 47.169 12.400
81.824 47.169 13.100
81.824 47.169 13.400
81.824 47.169 14.450
81.824 47.169 15.050
81.824 47.169 16.050
81.824 47.169 17.200
81.824 47.169 17.400
81.824 47.169 17.700
81.824 47.169 18.400
81.824 47.169 18.700
81.824 47.169 20.050
81.824 47.169 20.650
81.826 22.628 3.800
81.826 22.628 6.800
81.852 47.073 4.400
81.852 47.073 5.100
81.852 47.073 6.800
81.852 47.073 7.800
81.852 47.073 9.750
81.852 47.073 10.750
81.852 47.073 12.100
81.852 47.073 12.400
81.852 47.073 13.100
81.852 47.073 13.400
81.852 47.073 15.050
81.852 47.073 16.050
81.852 47.073 17.400
81.852 47.073 17.700
81.852 47.073 18.400
81.852 47.073 18.700
81.862 45.442 23.400
81.862 45.442 23.600
81.862 45.442 24.600
81.862 45.442 26.350
81.862 45.442 26.550
81.862 45.442 27.550
81.862 45.442 29.300
81.862 45.442 29.500
81.862 45.442 30.500
81.862 45.442 32.250
81.862 45.442 32.450
81.862 45.442 33.450
81.903 46.905 3.800
81.903 46.905 4.400
81.903 46.905 6.600
81.903 46.905 6.800
81.903 46.905 9.150
81.903 46.905 9.750
81.903 46.905 11.900
81.903 46.905 12.100
81.903 46.905 14.450
81.903 46.905 15.050
81.903 46.905 17.200
81.903 46.905 17.400
81.903 46.905 20.050
81.903 46.905 20.650
81.913 22.722 0.000
81.913 22.722 3.050
81.913 22.722 3.800
81.913 22.722 6.800
81.913 22.722 20.650
81.913 22.722 38.350
81.920 46.848 0.000
81.920 46.848 3.800
81.931 22.660 0.000
81.931 22.660 3.800
81.931 22.660 6.800
81.931 22.660 20.650
81.931 22.660 38.350
81.949 46.752 0.000
81.949 46.752 3.800
81.987 45.375 23.600
81.987 45.375 24.600
81.987 45.375 26.550
81.987 45.375 27.550
81.987 45.375 29.500
81.987 45.375 30.500
81.987 45.375 32.450
81.987 45.375 33.450
82.071 45.912 3.800
82.071 45.912 4.400
82.071 45.912 6.600
82.071 45.912 6.800
82.071 45.912 9.150
82.071 45.912 9.750
82.071 45.912 11.900
82.071 45.912 12.100
82.071 45.912 14.450
82.071 45.912 15.050
82.071 45.912 17.200
82.071 45.912 17.400
82.071 45.912 20.050
82.071 45.912 20.650
82.175 44.262 20.650
82.175 44.262 38.350
82.210 44.147 20.650
82.210 44.147 38.350
82.248 44.159 23.400
82.248 44.159 23.600
82.248 44.159 24.600
82.248 44.159 26.350
82.248 44.159 26.550
82.248 44.159 27.550
82.248 44.159 29.300
82.248 44.159 29.500
82.248 44.159 30.500
82.248 44.159 32.250
82.248 44.159 32.450
82.248 44.159 33.450
82.344 44.188 23.600
82.344 44.188 24.600
82.344 44.188 26.550
82.344 44.188 27.550
82.344 44.188 29.500
82.344 44.188 30.500
82.344 44.188 32.450
82.344 44.188 33.450
82.367 44.320 20.650
82.367 44.320 38.350
82.401 44.205 20.650
82.401 44.205 38.350
82.569 44.255 20.650
82.569 44.255 23.400
82.569 44.255 23.600
82.569 44.255 26.350
82.569 44.255 26.550
82.569 44.255 29.300
82.569 44.255 29.500
82.569 44.255 32.250
82.569 44.255 32.450
82.569 44.255 35.200
82.569 44.255 35.400
82.569 44.255 38.150
82.569 44.255 38.350
82.650 42.682 38.350
82.650 42.682 44.800
82.661 23.881 0.000
82.661 23.881 3.050
82.661 23.881 3.800
82.684 42.567 38.350
82.684 42.567 44.800
82.841 42.740 38.350
82.841 42.740 44.800
82.876 42.625 38.350
82.876 42.625 44.800
82.918 23.024 0.000
82.918 23.024 3.050
82.918 23.024 3.800
82.937 22.962 0.000
82.937 22.962 3.800
83.436 35.182 44.800
83.436 35.182 50.350
84.001 26.962 6.600
84.001 26.962 6.800
84.574 24.707 20.650
84.574 24.707 23.400
84.574 24.707 23.600
84.574 24.707 26.350
84.574 24.707 26.550
84.574 24.707 29.300
84.574 24.707 29.500
84.574 24.707 32.250
84.574 24.707 32.450
84.574 24.707 35.200
84.574 24.707 35.400
84.574 24.707 38.150
84.574 24.707 38.350
84.670 24.735 6.600
84.670 24.735 6.800
84.670 24.735 9.150
84.670 24.735 9.750
84.670 24.735 11.900
84.670 24.735 12.100
84.670 24.735 14.450
84.670 24.735 15.050
84.670 24.735 17.200
84.670 24.735 17.400
84.670 24.735 20.050
84.670 24.735 20.650
84.670 24.735 23.400
84.670 24.735 23.600
84.670 24.735 26.350
84.670 24.735 26.550
84.670 24.735 29.300
84.670 24.735 29.500
84.670 24.735 32.250
84.670 24.735 32.450
84.670 24.735 38.350
84.895 30.326 44.800
84.895 30.326 50.350
84.901 23.620 20.650
84.901 23.620 23.400
84.901 23.620 23.600
84.901 23.620 26.350
84.901 23.620 26.550
84.901 23.620 29.300
84.901 23.620 29.500
84.901 23.620 32.250
84.901 23.620 32.450
84.901 23.620 35.200
84.901 23.620 35.400
84.901 23.620 38.150
84.901 23.620 38.350
84.919 23.558 20.650
84.919 23.558 38.350
84.968 23.744 6.800
84.968 23.744 7.800
84.968 23.744 9.750
84.968 23.744 10.750
84.968 23.744 12.100
84.968 23.744 12.400
84.968 23.744 13.100
84.968 23.744 13.400
84.968 23.744 15.050
84.968 23.744 16.050
84.968 23.744 17.400
84.968 23.744 17.700
84.968 23.744 18.400
84.968 23.744 18.700
84.968 23.744 20.650
84.968 23.744 21.650
84.968 23.744 23.600
84.968 23.744 24.600
84.968 23.744 26.550
84.968 23.744 27.550
84.968 23.744 29.500
84.968 23.744 30.500
84.968 23.744 32.450
84.968 23.744 33.450
84.994 47.771 0.000
84.994 47.771 3.800
84.996 23.649 6.600
84.996 23.649 6.800
84.996 23.649 7.800
84.996 23.649 9.150
84.996 23.649 9.750
84.996 23.649 10.750
84.996 23.649 11.900
84.996 23.649 12.100
84.996 23.649 12.400
84.996 23.649 13.100
84.996 23.649 13.400
84.996 23.649 14.450
84.996 23.649 15.050
84.996 23.649 16.050
84.996 23.649 17.200
84.996 23.649 17.400
84.996 23.649 17.700
84.996 23.649 18.400
84.996 23.649 18.700
84.996 23.649 20.050
84.996 23.649 20.650
84.996 23.649 21.650
84.996 23.649 23.400
84.996 23.649 23.600
84.996 23.649 24.600
84.996 23.649 26.350
84.996 23.649 26.550
84.996 23.649 27.550
84.996 23.649 29.300
84.996 23.649 29.500
84.996 23.649 30.500
84.996 23.649 32.250
84.996 23.649 32.450
84.996 23.649 33.450
85.015 23.586 20.650
85.015 23.586 38.350
85.023 47.676 0.000
85.023 47.676 3.800
85.557 41.346 44.800
85.557 41.346 44.900
85.722 47.886 0.000
85.722 47.886 3.050
85.722 47.886 3.800
85.789 48.010 0.000
85.789 48.010 3.800
85.875 40.947 0.000
85.875 40.947 3.050
85.875 40.947 3.800
85.902 47.063 3.800
85.902 47.063 4.400
85.902 47.063 6.600
85.902 47.063 6.800
85.902 47.063 9.150
85.902 47.063 9.750
85.902 47.063 11.900
85.902 47.063 12.100
85.902 47.063 14.450
85.902 47.063 15.050
85.902 47.063 17.200
85.902 47.063 17.400
85.902 47.063 20.050
85.902 47.063 20.650
86.000 40.880 0.000
86.000 40.880 3.800
86.233 45.178 38.350
86.233 45.178 39.350
86.300 45.303 38.350
86.300 45.303 39.350
86.364 41.094 0.000
86.364 41.094 3.800
86.393 40.998 0.000
86.393 40.998 3.800
86.399 45.406 20.650
86.399 45.406 23.400
86.399 45.406 23.600
86.399 45.406 26.350
86.399 45.406 26.550
86.399 45.406 29.300
86.399 45.406 29.500
86.399 45.406 32.250
86.399 45.406 32.450
86.399 45.406 35.200
86.399 45.406 35.400
86.399 45.406 38.150
86.399 45.406 38.350
86.404 48.258 20.650
86.404 48.258 21.650
86.471 48.382 20.650
86.471 48.382 21.650
86.537 38.744 0.000
86.537 38.744 3.050
86.537 38.744 3.800
86.604 38.869 0.000
86.604 38.869 3.800
86.617 48.504 4.400
86.617 48.504 5.100
86.617 48.504 6.800
86.617 48.504 7.800
86.617 48.504 9.750
86.617 48.504 10.750
86.617 48.504 12.100
86.617 48.504 12.400
86.617 48.504 13.100
86.617 48.504 13.400
86.617 48.504 15.050
86.617 48.504 16.050
86.617 48.504 17.400
86.617 48.504 17.700
86.617 48.504 18.400
86.617 48.504 18.700
86.659 43.761 38.350
86.659 43.761 39.350
86.684 48.629 3.800
86.684 48.629 4.400
86.684 48.629 5.100
86.684 48.629 6.600
86.684 48.629 6.800
86.684 48.629 7.800
86.684 48.629 9.150
86.684 48.629 9.750
86.684 48.629 10.750
86.684 48.629 11.900
86.684 48.629 12.100
86.684 48.629 12.400
86.684 48.629 13.100
86.684 48.629 13.400
86.684 48.629 14.450
86.684 48.629 15.050
86.684 48.629 16.050
86.684 48.629 17.200
86.684 48.629 17.400
86.684 48.629 17.700
86.684 48.629 18.400
86.684 48.629 18.700
86.684 48.629 20.050
86.684 48.629 20.650
86.755 43.790 38.350
86.755 43.790 39.350
86.834 38.103 3.800
86.834 38.103 4.400
86.834 38.103 6.600
86.834 38.103 6.800
86.874 43.826 38.350
86.874 43.826 41.250
86.874 43.826 41.750
86.874 43.826 44.300
86.874 43.826 44.800
86.920 38.859 0.000
86.920 38.859 3.050
86.920 38.859 3.800
86.960 27.815 38.350
86.960 27.815 41.250
86.960 27.815 41.750
86.960 27.815 44.300
86.960 27.815 44.800
86.979 27.752 38.350
86.979 27.752 41.250
86.979 27.752 41.750
86.979 27.752 44.300
86.979 27.752 44.800
86.986 43.452 3.800
86.986 43.452 6.800
86.986 43.452 20.650
86.986 43.452 23.400
86.986 43.452 23.600
86.986 43.452 26.350
86.986 43.452 26.550
86.986 43.452 29.300
86.986 43.452 29.500
86.986 43.452 32.250
86.986 43.452 32.450
86.986 43.452 38.350
86.986 43.452 44.300
86.986 43.452 44.800
86.987 38.984 0.000
86.987 38.984 3.800
87.042 43.876 44.300
87.042 43.876 44.800
87.120 46.917 23.600
87.120 46.917 24.600
87.120 46.917 26.550
87.120 46.917 27.550
87.120 46.917 29.500
87.120 46.917 30.500
87.120 46.917 32.450
87.120 46.917 33.450
87.154 43.503 3.800
87.154 43.503 6.800
87.154 43.503 20.650
87.154 43.503 23.400
87.154 43.503 23.600
87.154 43.503 26.350
87.154 43.503 26.550
87.154 43.503 29.300
87.154 43.503 29.500
87.154 43.503 32.250
87.154 43.503 32.450
87.154 43.503 38.350
87.154 43.503 44.300
87.154 43.503 44.800
87.187 47.042 23.400
87.187 47.042 23.600
87.187 47.042 24.600
87.187 47.042 26.350
87.187 47.042 26.550
87.187 47.042 27.550
87.187 47.042 29.300
87.187 47.042 29.500
87.187 47.042 30.500
87.187 47.042 32.250
87.187 47.042 32.450
87.187 47.042 33.450
87.246 38.122 3.800
87.246 38.122 6.600
87.246 38.122 6.800
87.332 42.303 3.800
87.332 42.303 4.400
87.332 42.303 6.600
87.332 42.303 6.800
87.332 42.303 9.150
87.332 42.303 9.750
87.332 42.303 11.900
87.332 42.303 12.100
87.332 42.303 14.450
87.332 42.303 15.050
87.332 42.303 17.200
87.332 42.303 17.400
87.332 42.303 20.050
87.332 42.303 20.650
87.332 42.303 38.350
87.332 42.303 44.300
87.332 42.303 44.800
87.378 42.756 20.650
87.378 42.756 21.650
87.407 42.660 20.650
87.407 42.660 21.650
87.439 27.958 38.350
87.439 27.958 41.250
87.439 27.958 41.750
87.439 27.958 44.300
87.439 27.958 44.800
87.450 42.516 23.600
87.450 42.516 24.600
87.450 42.516 26.550
87.450 42.516 27.550
87.450 42.516 29.500
87.450 42.516 30.500
87.450 42.516 32.450
87.450 42.516 33.450
87.458 27.896 38.350
87.458 27.896 41.250
87.458 27.896 41.750
87.458 27.896 44.300
87.458 27.896 44.800
87.471 42.449 4.400
87.471 42.449 5.100
87.471 42.449 6.800
87.471 42.449 7.800
87.471 42.449 9.750
87.471 42.449 10.750
87.471 42.449 12.100
87.471 42.449 12.400
87.471 42.449 13.100
87.471 42.449 13.400
87.471 42.449 15.050
87.471 42.449 16.050
87.471 42.449 17.400
87.471 42.449 17.700
87.471 42.449 18.400
87.471 42.449 18.700
87.479 42.420 23.400
87.479 42.420 23.600
87.479 42.420 24.600
87.479 42.420 26.350
87.479 42.420 26.550
87.479 42.420 27.550
87.479 42.420 29.300
87.479 42.420 29.500
87.479 42.420 30.500
87.479 42.420 32.250
87.479 42.420 32.450
87.479 42.420 33.450
87.499 42.353 3.800
87.499 42.353 4.400
87.499 42.353 5.100
87.499 42.353 6.800
87.499 42.353 7.800
87.499 42.353 9.750
87.499 42.353 10.750
87.499 42.353 12.100
87.499 42.353 12.400
87.499 42.353 13.100
87.499 42.353 13.400
87.499 42.353 15.050
87.499 42.353 16.050
87.499 42.353 17.400
87.499 42.353 17.700
87.499 42.353 18.400
87.499 42.353 18.700
87.499 42.353 20.650
87.499 42.353 38.350
87.499 42.353 44.300
87.499 42.353 44.800
87.527 41.652 3.800
87.527 41.652 6.800
87.527 41.652 20.650
87.527 41.652 38.350
87.527 41.652 44.300
87.527 41.652 44.800
87.601 25.684 20.650
87.601 25.684 23.400
87.601 25.684 23.600
87.601 25.684 26.350
87.601 25.684 26.550
87.601 25.684 29.300
87.601 25.684 29.500
87.601 25.684 32.250
87.601 25.684 32.450
87.601 25.684 35.200
87.601 25.684 35.400
87.601 25.684 38.150
87.601 25.684 38.350
87.619 25.622 6.600
87.619 25.622 6.800
87.619 25.622 9.150
87.619 25.622 9.750
87.619 25.622 11.900
87.619 25.622 12.100
87.619 25.622 14.450
87.619 25.622 15.050
87.619 25.622 17.200
87.619 25.622 17.400
87.619 25.622 20.050
87.619 25.622 20.650
87.619 25.622 23.400
87.619 25.622 23.600
87.619 25.622 26.350
87.619 25.622 26.550
87.619 25.622 29.300
87.619 25.622 29.500
87.619 25.622 32.250
87.619 25.622 32.450
87.619 25.622 35.200
87.619 25.622 35.400
87.619 25.622 38.150
87.619 25.622 38.350
87.647 41.479 0.000
87.647 41.479 3.050
87.647 41.479 3.800
87.695 41.702 3.800
87.695 41.702 6.800
87.695 41.702 20.650
87.695 41.702 38.350
87.695 41.702 44.300
87.695 41.702 44.800
87.772 41.412 0.000
87.772 41.412 3.800
87.917 24.630 6.800
87.917 24.630 7.800
87.917 24.630 9.750
87.917 24.630 10.750
87.917 24.630 12.100
87.917 24.630 12.400
87.917 24.630 13.100
87.917 24.630 13.400
87.917 24.630 15.050
87.917 24.630 16.050
87.917 24.630 17.400
87.917 24.630 17.700
87.917 24.630 18.400
87.917 24.630 18.700
87.946 24.535 6.600
87.946 24.535 6.800
87.946 24.535 7.800
87.946 24.535 9.150
87.946 24.535 9.750
87.946 24.535 10.750
87.946 24.535 11.900
87.946 24.535 12.100
87.946 24.535 12.400
87.946 24.535 13.100
87.946 24.535 13.400
87.946 24.535 14.450
87.946 24.535 15.050
87.946 24.535 16.050
87.946 24.535 17.200
87.946 24.535 17.400
87.946 24.535 17.700
87.946 24.535 18.400
87.946 24.535 18.700
87.946 24.535 20.050
87.946 24.535 20.650
87.965 24.472 6.600
87.965 24.472 6.800
87.965 24.472 20.650
88.001 42.943 20.650
88.001 42.943 21.650
88.060 39.880 3.800
88.060 39.880 6.800
88.060 39.880 20.650
88.060 39.880 38.350
88.060 39.880 44.300
88.060 39.880 44.800
88.080 25.828 20.650
88.080 25.828 23.400
88.080 25.828 23.600
88.080 25.828 26.350
88.080 25.828 26.550
88.080 25.828 29.300
88.080 25.828 29.500
88.080 25.828 32.250
88.080 25.828 32.450
88.080 25.828 35.200
88.080 25.828 35.400
88.080 25.828 38.150
88.080 25.828 38.350
88.098 25.765 6.600
88.098 25.765 6.800
88.098 25.765 9.150
88.098 25.765 9.750
88.098 25.765 11.900
88.098 25.765 12.100
88.098 25.765 14.450
88.098 25.765 15.050
88.098 25.765 17.200
88.098 25.765 17.400
88.098 25.765 20.050
88.098 25.765 20.650
88.098 25.765 23.400
88.098 25.765 23.600
88.098 25.765 26.350
88.098 25.765 26.550
88.098 25.765 29.300
88.098 25.765 29.500
88.098 25.765 32.250
88.098 25.765 32.450
88.098 25.765 35.200
88.098 25.765 35.400
88.098 25.765 38.150
88.098 25.765 38.350
88.126 42.876 20.650
88.126 42.876 21.650
88.227 39.931 3.800
88.227 39.931 6.800
88.227 39.931 20.650
88.227 39.931 38.350
88.227 39.931 44.300
88.227 39.931 44.800
88.356 42.715 4.400
88.356 42.715 5.100
88.356 42.715 6.800
88.356 42.715 7.800
88.356 42.715 9.750
88.356 42.715 10.750
88.356 42.715 12.100
88.356 42.715 12.400
88.356 42.715 13.100
88.356 42.715 13.400
88.356 42.715 15.050
88.356 42.715 16.050
88.356 42.715 17.400
88.356 42.715 17.700
88.356 42.715 18.400
88.356 42.715 18.700
88.360 42.790 23.600
88.360 42.790 24.600
88.360 42.790 26.550
88.360 42.790 27.550
88.360 42.790 29.500
88.360 42.790 30.500
88.360 42.790 32.450
88.360 42.790 33.450
88.396 24.774 6.800
88.396 24.774 7.800
88.396 24.774 9.750
88.396 24.774 10.750
88.396 24.774 12.100
88.396 24.774 12.400
88.396 24.774 13.100
88.396 24.774 13.400
88.396 24.774 15.050
88.396 24.774 16.050
88.396 24.774 17.400
88.396 24.774 17.700
88.396 24.774 18.400
88.396 24.774 18.700
88.425 24.678 6.600
88.425 24.678 6.800
88.425 24.678 7.800
88.425 24.678 9.150
88.425 24.678 9.750
88.425 24.678 10.750
88.425 24.678 11.900
88.425 24.678 12.100
88.425 24.678 12.400
88.425 24.678 13.100
88.425 24.678 13.400
88.425 24.678 14.450
88.425 24.678 15.050
88.425 24.678 16.050
88.425 24.678 17.200
88.425 24.678 17.400
88.425 24.678 17.700
88.425 24.678 18.400
88.425 24.678 18.700
88.425 24.678 20.050
88.425 24.678 20.650
88.444 24.616 6.600
88.444 24.616 6.800
88.444 24.616 20.650
88.448 38.587 3.800
88.448 38.587 4.400
88.448 38.587 6.600
88.448 38.587 6.800
88.477 38.492 3.800
88.477 38.492 6.600
88.477 38.492 6.800
88.481 42.648 3.800
88.481 42.648 4.400
88.481 42.648 5.100
88.481 42.648 6.600
88.481 42.648 6.800
88.481 42.648 7.800
88.481 42.648 9.150
88.481 42.648 9.750
88.481 42.648 10.750
88.481 42.648 11.900
88.481 42.648 12.100
88.481 42.648 12.400
88.481 42.648 13.100
88.481 42.648 13.400
88.481 42.648 14.450
88.481 42.648 15.050
88.481 42.648 16.050
88.481 42.648 17.200
88.481 42.648 17.400
88.481 42.648 17.700
88.481 42.648 18.400
88.481 42.648 18.700
88.481 42.648 20.050
88.481 42.648 20.650
88.485 42.723 23.400
88.485 42.723 23.600
88.485 42.723 24.600
88.485 42.723 26.350
88.485 42.723 26.550
88.485 42.723 27.550
88.485 42.723 29.300
88.485 42.723 29.500
88.485 42.723 30.500
88.485 42.723 32.250
88.485 42.723 32.450
88.485 42.723 33.450
88.500 25.991 0.000
88.500 25.991 3.050
88.500 25.991 3.800
88.625 25.924 0.000
88.625 25.924 3.800
88.779 37.486 6.800
88.779 37.486 20.650
88.779 37.486 38.350
88.779 37.486 44.300
88.779 37.486 44.800
88.846 30.401 44.800
88.846 30.401 44.900
88.856 24.808 0.000
88.856 24.808 3.050
88.856 24.808 3.800
88.947 37.537 6.800
88.947 37.537 20.650
88.947 37.537 38.350
88.947 37.537 44.300
88.947 37.537 44.800
88.970 24.774 0.000
88.970 24.774 3.800
89.153 36.241 6.800
89.153 36.241 20.650
89.153 36.241 38.350
89.153 36.241 44.300
89.153 36.241 44.800
89.321 36.292 6.800
89.321 36.292 20.650
89.321 36.292 38.350
89.321 36.292 44.300
89.321 36.292 44.800
89.670 28.665 3.800
89.670 28.665 4.400
89.670 28.665 6.600
89.670 28.665 6.800
90.053 28.780 3.800
90.053 28.780 6.600
90.053 28.780 6.800
90.373 32.181 6.800
90.373 32.181 20.650
90.373 32.181 38.350
90.373 32.181 44.300
90.373 32.181 44.800
90.541 32.231 6.800
90.541 32.231 20.650
90.541 32.231 38.350
90.541 32.231 44.300
90.541 32.231 44.800
90.598 26.621 0.000
90.598 26.621 3.050
90.598 26.621 3.800
90.722 26.554 0.000
90.722 26.554 3.800
90.875 30.510 6.800
90.875 30.510 9.150
90.875 30.510 9.750
90.875 30.510 11.900
90.875 30.510 12.100
90.875 30.510 14.450
90.875 30.510 15.050
90.875 30.510 17.200
90.875 30.510 17.400
90.875 30.510 20.050
90.875 30.510 20.650
90.875 30.510 21.650
90.875 30.510 23.400
90.875 30.510 23.600
90.875 30.510 24.600
90.875 30.510 26.350
90.875 30.510 26.550
90.875 30.510 27.550
90.875 30.510 29.300
90.875 30.510 29.500
90.875 30.510 30.500
90.875 30.510 32.250
90.875 30.510 32.450
90.875 30.510 33.450
90.875 30.510 35.200
90.875 30.510 35.400
90.875 30.510 38.150
90.875 30.510 38.350
90.875 30.510 41.250
90.875 30.510 41.750
90.875 30.510 44.300
90.875 30.510 44.800
90.899 30.517 6.600
90.899 30.517 6.800
90.899 30.517 7.800
90.899 30.517 9.150
90.899 30.517 9.750
90.899 30.517 10.750
90.899 30.517 11.900
90.899 30.517 12.100
90.899 30.517 12.400
90.899 30.517 13.100
90.899 30.517 13.400
90.899 30.517 14.450
90.899 30.517 15.050
90.899 30.517 16.050
90.899 30.517 17.200
90.899 30.517 17.400
90.899 30.517 17.700
90.899 30.517 18.400
90.899 30.517 18.700
90.899 30.517 20.050
90.899 30.517 20.650
90.899 30.517 23.400
90.899 30.517 23.600
90.899 30.517 26.350
90.899 30.517 26.550
90.899 30.517 29.300
90.899 30.517 29.500
90.899 30.517 32.250
90.899 30.517 32.450
90.899 30.517 35.200
90.899 30.517 35.400
90.899 30.517 38.150
90.899 30.517 38.350
90.928 30.421 6.800
90.928 30.421 7.800
90.928 30.421 9.750
90.928 30.421 10.750
90.928 30.421 12.100
90.928 30.421 12.400
90.928 30.421 13.100
90.928 30.421 13.400
90.928 30.421 15.050
90.928 30.421 16.050
90.928 30.421 17.400
90.928 30.421 17.700
90.928 30.421 18.400
90.928 30.421 18.700
90.928 30.421 20.650
90.928 30.421 21.650
90.928 30.421 23.600
90.928 30.421 24.600
90.928 30.421 26.550
90.928 30.421 27.550
90.928 30.421 29.500
90.928 30.421 30.500
90.928 30.421 32.450
90.928 30.421 33.450
91.043 30.560 6.800
91.043 30.560 20.650
91.043 30.560 38.350
91.043 30.560 44.800
91.097 28.989 38.350
91.097 28.989 39.350
91.193 29.018 38.350
91.193 29.018 39.350
91.337 29.061 38.350
91.337 29.061 41.250
91.337 29.061 41.750
91.337 29.061 44.300
91.337 29.061 44.800
91.953 26.923 23.400
91.953 26.923 23.600
91.953 26.923 26.350
91.953 26.923 26.550
91.953 26.923 29.300
91.953 26.923 29.500
91.953 26.923 32.250
91.953 26.923 32.450
91.958 30.730 6.800
91.958 30.730 7.800
91.958 30.730 9.750
91.958 30.730 10.750
91.958 30.730 12.100
91.958 30.730 12.400
91.958 30.730 13.100
91.958 30.730 13.400
91.958 30.730 15.050
91.958 30.730 16.050
91.958 30.730 17.400
91.958 30.730 17.700
91.958 30.730 18.400
91.958 30.730 18.700
91.977 26.931 6.600
91.977 26.931 6.800
91.977 26.931 9.150
91.977 26.931 9.750
91.977 26.931 11.900
91.977 26.931 12.100
91.977 26.931 14.450
91.977 26.931 15.050
91.977 26.931 17.200
91.977 26.931 17.400
91.977 26.931 20.050
91.977 26.931 20.650
91.977 26.931 23.400
91.977 26.931 23.600
91.977 26.931 26.350
91.977 26.931 26.550
91.977 26.931 29.300
91.977 26.931 29.500
91.977 26.931 32.250
91.977 26.931 32.450
91.977 26.931 35.200
91.977 26.931 35.400
91.977 26.931 38.150
91.977 26.931 38.350
91.982 30.738 20.650
91.982 30.738 21.650
91.982 30.738 23.600
91.982 30.738 24.600
91.982 30.738 26.550
91.982 30.738 27.550
91.982 30.738 29.500
91.982 30.738 30.500
91.982 30.738 32.450
91.982 30.738 33.450
92.004 25.973 38.350
92.004 25.973 39.350
92.025 30.855 6.600
92.025 30.855 6.800
92.025 30.855 7.800
92.025 30.855 9.150
92.025 30.855 9.750
92.025 30.855 10.750
92.025 30.855 11.900
92.025 30.855 12.100
92.025 30.855 12.400
92.025 30.855 13.100
92.025 30.855 13.400
92.025 30.855 14.450
92.025 30.855 15.050
92.025 30.855 16.050
92.025 30.855 17.200
92.025 30.855 17.400
92.025 30.855 17.700
92.025 30.855 18.400
92.025 30.855 18.700
92.025 30.855 20.050
92.025 30.855 20.650
92.049 30.862 20.650
92.049 30.862 21.650
92.049 30.862 23.400
92.049 30.862 23.600
92.049 30.862 24.600
92.049 30.862 26.350
92.049 30.862 26.550
92.049 30.862 27.550
92.049 30.862 29.300
92.049 30.862 29.500
92.049 30.862 30.500
92.049 30.862 32.250
92.049 30.862 32.450
92.049 30.862 33.450
92.128 25.906 38.350
92.128 25.906 39.350
93.304 26.249 6.800
93.304 26.249 7.800
93.304 26.249 9.750
93.304 26.249 10.750
93.304 26.249 12.100
93.304 26.249 12.400
93.304 26.249 13.100
93.304 26.249 13.400
93.304 26.249 15.050
93.304 26.249 16.050
93.304 26.249 17.400
93.304 26.249 17.700
93.304 26.249 18.400
93.304 26.249 18.700
93.328 26.256 20.650
93.328 26.256 21.650
93.328 26.256 23.600
93.328 26.256 24.600
93.328 26.256 26.550
93.328 26.256 27.550
93.328 26.256 29.500
93.328 26.256 30.500
93.328 26.256 32.450
93.328 26.256 33.450
93.429 26.182 6.600
93.429 26.182 6.800
93.429 26.182 7.800
93.429 26.182 9.150
93.429 26.182 9.750
93.429 26.182 10.750
93.429 26.182 11.900
93.429 26.182 12.100
93.429 26.182 12.400
93.429 26.182 13.100
93.429 26.182 13.400
93.429 26.182 14.450
93.429 26.182 15.050
93.429 26.182 16.050
93.429 26.182 17.200
93.429 26.182 17.400
93.429 26.182 17.700
93.429 26.182 18.400
93.429 26.182 18.700
93.429 26.182 20.050
93.429 26.182 20.650
93.453 26.189 20.650
93.453 26.189 21.650
93.453 26.189 23.400
93.453 26.189 23.600
93.453 26.189 24.600
93.453 26.189 26.350
93.453 26.189 26.550
93.453 26.189 27.550
93.453 26.189 29.300
93.453 26.189 29.500
93.453 26.189 30.500
93.453 26.189 32.250
93.453 26.189 32.450
93.453 26.189 33.450
3 509 449 589
3 628 509 589
3 1374 1249 1453
3 1571 1374 1453
3 2240 2873 2973
3 2328 2240 2973
3 3273 3187 3702
3 3783 3273 3702
3 4035 3963 4125
3 4206 4035 4125
3 4419 4347 4483
3 4564 4419 4483
3 4843 4771 5104
3 5169 4843 5104
3 5553 5489 5875
3 5924 5553 5875
3 6284 6192 6320
3 6039 5969 6284
3 6381 6039 6284
3 6320 6381 6284
3 1079 1032 1145
3 1215 1235 1079
3 1184 1215 1079
3 1145 1184 1079
3 1673 1534 1741
3 1798 1836 1673
3 1780 1798 1673
3 1741 1780 1673
3 2046 1999 2124
3 2207 2266 2046
3 2189 2207 2046
3 2124 2189 2046
3 113 72 153
3 54 15 113
3 766 54 113
3 700 714 766
3 216 657 700
3 255 216 700
3 113 153 192
3 766 113 192
3 255 700 766
3 192 255 766
3 4674 4635 4950
3 4700 4617 4674
3 5021 4700 4674
3 5007 5021 4674
3 4989 5007 4674
3 4950 4989 4674
3 5403 5295 5366
3 5603 5403 5366
3 6073 5770 5603
3 5668 6073 5603
3 5313 5668 5603
3 5366 5313 5603
3 506 447 587
3 625 506 587
3 507 482 609
3 626 507 609
3 1371 1247 1451
3 1568 1371 1451
3 1372 1318 1505
3 1569 1372 1505
3 2326 2295 2942
3 2971 2326 2942
3 2238 2871 2970
3 2325 2238 2970
3 3270 3185 3700
3 3780 3270 3700
3 3271 3254 3754
3 3781 3271 3754
3 4032 3961 4123
3 4203 4032 4123
3 4033 4016 4177
3 4204 4033 4177
3 4416 4345 4481
3 4561 4416 4481
3 4417 4400 4535
3 4562 4417 4535
3 4840 4769 5102
3 5166 4840 5102
3 4841 4824 5150
3 5167 4841 5150
3 1077 1029 1142
3 1213 1233 1077
3 1182 1213 1077
3 1142 1182 1077
3 1054 1030 1143
3 1166 1054 1143
3 1671 1531 1738
3 1796 1834 1671
3 1778 1796 1671
3 1738 1778 1671
3 1606 1532 1739
3 1762 1606 1739
3 2044 1996 2121
3 2205 2264 2044
3 2187 2205 2044
3 2121 2187 2044
3 2021 1997 2122
3 2145 2021 2122
3 2466 2442 2580
3 2603 2466 2580
3 2762 2759 2895
3 2898 2762 2895
3 111 69 150
3 52 13 111
3 764 52 111
3 698 712 764
3 213 654 698
3 253 213 698
3 111 150 190
3 764 111 190
3 253 698 764
3 190 253 764
3 174 93 70
3 151 174 70
3 682 237 214
3 655 682 214
3 3074 3051 3138
3 3162 3074 3138
3 4672 4632 4947
3 4698 4615 4672
3 5019 4698 4672
3 5005 5019 4672
3 4987 5005 4672
3 4947 4987 4672
3 4656 4633 4948
3 4971 4656 4948
3 5401 5293 5364
3 5601 5401 5364
3 6070 5768 5601
3 5665 6070 5601
3 5310 5665 5601
3 5364 5310 5601
3 5647 5336 5311
3 5836 5807 6001
3 6071 5836 6001
3 5666 6071 6001
3 5647 5311 5666
3 6001 5647 5666
3 2503 2444 2582
3 3140 3308 2503
3 3092 3053 3140
3 2723 2836 2900
3 2764 2723 2900
3 2649 2764 2900
3 2503 2582 2649
3 3092 3140 2503
3 2900 3092 2503
3 2649 2900 2503
3 2501 2441 2579
3 3137 3306 2501
3 3090 3050 3137
3 2758 2894 2897
3 2761 2758 2897
3 2647 2761 2897
3 2501 2579 2647
3 3090 3137 2501
3 2897 3090 2501
3 2647 2897 2501
3 39 55 767
3 450 39 767
3 590 450 767
3 629 590 767
3 1375 629 767
3 1250 1375 767
3 1454 1250 767
3 2329 1572 1454
3 2241 2329 1454
3 3274 3011 2912
3 3188 3274 2912
3 3703 3188 2912
3 4036 3784 3703
3 3964 4036 3703
3 4420 4207 4126
3 4348 4420 4126
3 4844 4565 4484
3 4772 4844 4484
3 5105 4772 4484
3 5554 5170 5105
3 5490 5554 5105
3 6040 5925 5876
3 5970 6040 5876
3 6285 5970 5876
3 6193 6285 5876
3 6160 6193 5876
3 5604 6160 5876
3 5404 5604 5876
3 5296 5404 5876
3 5264 5296 5876
3 5039 5250 5264
3 5055 5039 5264
3 5008 5055 5264
3 5022 5008 5264
3 4507 4618 4701
3 4265 4470 4507
3 4279 4265 4507
3 4149 4279 4507
3 3840 4112 4149
3 3854 3840 4149
3 3726 3854 4149
3 3536 3689 3726
3 3550 3536 3726
3 3214 3434 3476
3 3230 3214 3476
3 3165 3230 3476
3 3309 3165 3476
3 2430 2469 2504
3 2284 2416 2430
3 2314 2284 2430
3 2267 2208 2314
3 1985 2024 2047
3 1880 1971 1985
3 1933 1880 1985
3 1837 1799 1933
3 1494 1609 1674
3 1305 1480 1494
3 1360 1305 1494
3 1236 1216 1360
3 1018 1057 1080
3 796 1004 1018
3 810 796 1018
3 767 715 810
3 1454 767 810
3 2241 1454 810
3 2912 2241 810
3 3703 2912 810
3 3964 3703 810
3 4126 3964 810
3 4348 4126 810
3 4484 4348 810
3 5105 4484 810
3 5264 5876 5490
3 5022 5264 5490
3 4701 5022 5490
3 4507 4701 5490
3 4149 4507 5490
3 3726 4149 5490
3 3550 3726 5490
3 3476 3550 5490
3 3309 3476 5490
3 2504 3309 5490
3 2314 2430 2504
3 2267 2314 2504
3 1933 1985 2047
3 1837 1933 2047
3 1360 1494 1674
3 1236 1360 1674
3 810 1018 1080
3 5105 810 1080
3 5490 5105 1080
3 2267 2504 5490
3 2047 2267 5490
3 1837 2047 5490
3 1674 1837 5490
3 1236 1674 5490
3 1080 1236 5490
3 36 52 764
3 447 36 764
3 587 447 764
3 625 587 764
3 1371 625 764
3 1247 1371 764
3 1451 1247 764
3 2325 1568 1451
3 2238 2325 1451
3 3270 2970 2871
3 3185 3270 2871
3 3700 3185 2871
3 4032 3780 3700
3 3961 4032 3700
3 4416 4203 4123
3 4345 4416 4123
3 4840 4561 4481
3 4769 4840 4481
3 5102 4769 4481
3 5280 5166 5102
3 5214 5280 5102
3 5691 6138 5214
3 5601 6063 5691
3 5401 5601 5691
3 5261 5293 5401
3 5036 5247 5261
3 5052 5036 5261
3 5005 5052 5261
3 5019 5005 5261
3 4504 4615 4698
3 4262 4467 4504
3 4276 4262 4504
3 4146 4276 4504
3 3837 4109 4146
3 3851 3837 4146
3 3723 3851 4146
3 3533 3686 3723
3 3547 3533 3723
3 3211 3431 3473
3 3227 3211 3473
3 3161 3227 3473
3 3306 3161 3473
3 2427 2465 2501
3 2281 2413 2427
3 2311 2281 2427
3 2264 2205 2311
3 1982 2020 2044
3 1877 1968 1982
3 1930 1877 1982
3 1834 1796 1930
3 1491 1605 1671
3 1302 1477 1491
3 1357 1302 1491
3 1233 1213 1357
3 1015 1053 1077
3 793 1001 1015
3 807 793 1015
3 764 712 807
3 1451 764 807
3 2238 1451 807
3 2871 2238 807
3 3700 2871 807
3 3961 3700 807
3 4123 3961 807
3 4345 4123 807
3 4481 4345 807
3 5102 4481 807
3 5691 5214 5102
3 5401 5691 5102
3 5261 5401 5102
3 5019 5261 5102
3 4698 5019 5102
3 4504 4698 5102
3 4146 4504 5102
3 3723 4146 5102
3 3547 3723 5102
3 3473 3547 5102
3 3306 3473 5102
3 2501 3306 5102
3 2311 2427 2501
3 2264 2311 2501
3 1930 1982 2044
3 1834 1930 2044
3 1357 1491 1671
3 1233 1357 1671
3 807 1015 1077
3 5102 807 1077
3 2264 2501 5102
3 2044 2264 5102
3 1834 2044 5102
3 1671 1834 5102
3 1233 1671 5102
3 1077 1233 5102
3 3665 3885 3887
3 3667 3665 3887
3 5277 5275 5384
3 5391 5277 5384
3 4086 4310 4312
3 4088 4086 4312
3 4450 4720 4722
3 4452 4450 4722
3 4930 5088 5090
3 4932 4930 5090
3 5228 5378 5386
3 5230 5228 5386
3 6126 5470 5467
3 5621 5623 5615
3 5598 5621 5615
3 5642 5598 5615
3 6126 5467 6118
3 6109 6126 6118
3 5642 5615 5645
3 5700 5642 5645
3 6109 6118 6106
3 6158 6109 6106
3 5700 5645 5727
3 6155 5700 5727
3 6158 6106 6155
3 5727 6158 6155
3 5623 5621 5899
3 5908 5623 5899
3 5596 5908 5899
3 5589 5551 5596
3 5593 5589 5596
3 5899 5593 5596
3 5003 5001 5069
3 5071 5003 5069
3 4520 4518 4690
3 4696 4520 4690
3 4162 4160 4294
3 4300 4162 4294
3 3739 3737 3869
3 3875 3739 3869
3 3492 3487 3561
3 3565 3492 3561
3 2203 2201 2349
3 2356 2203 2349
3 1794 1792 1922
3 1928 1794 1922
3 1198 1196 1408
3 1414 1198 1408
3 2665 2661 2721
3 2715 2665 2721
3 2778 2715 2721
3 2783 2778 2721
3 2935 3043 3048
3 3038 3034 2935
3 2939 3038 2935
3 3048 2939 2935
3 1441 1443 1438
3 1435 1441 1438
3 1718 1724 1715
3 1713 1718 1715
3 883 957 972
3 912 905 883
3 902 912 883
3 972 902 883
3 365 363 423
3 400 365 423
3 439 400 423
3 444 439 423
3 546 543 821
3 824 546 821
3 1966 1961 2369
3 2374 1966 2369
3 109 125 29
3 3 109 29
3 9 3 29
3 476 5 9
3 1861 1891 476
3 504 1861 476
3 34 504 476
3 29 50 34
3 9 29 34
3 476 9 34
3 3571 3573 3495
3 3512 3571 3495
3 3489 3512 3495
3 3410 3408 3489
3 3429 3410 3489
3 3495 3429 3489
3 3350 3360 3225
3 3134 3350 3225
3 3251 3134 3225
3 2678 2672 3251
3 3348 2678 3251
3 3225 3348 3251
3 4061 4067 4058
3 4056 4061 4058
3 3924 3926 3921
3 3918 3924 3921
3 4909 4915 4906
3 4904 4909 4906
3 4738 4740 4735
3 4732 4738 4735
3 504 34 50
3 1861 504 50
3 1831 1861 50
3 1952 1831 50
3 2361 1961 1952
3 2358 2361 1952
3 2675 2358 1952
3 2968 2672 2708
3 3134 3251 2968
3 5378 3512 3489
3 5290 5378 3489
3 5458 5290 3489
3 6118 5467 5458
3 6106 6118 5458
3 5700 6155 6106
3 5642 5700 6106
3 5598 5642 6106
3 5593 5899 5598
3 5277 5593 5598
3 4909 5277 5598
3 4915 4909 5598
3 4906 4915 5598
3 4912 4906 5598
3 4743 4912 5598
3 4735 4740 4743
3 4061 4732 4735
3 4067 4061 4735
3 4058 4067 4735
3 4064 4058 4735
3 3921 3926 3929
3 3492 3918 3921
3 2939 3492 3921
3 3038 2939 3921
3 1718 2715 2778
3 1724 1718 2778
3 1715 1724 2778
3 1721 1715 2778
3 1446 1721 2778
3 1438 1443 1446
3 1414 1435 1438
3 902 1414 1438
3 912 902 1438
3 365 400 439
3 29 365 439
3 50 29 439
3 1952 50 439
3 2675 1952 439
3 2968 2708 2675
3 3134 2968 2675
3 6106 5458 3489
3 5598 6106 3489
3 4743 5598 3489
3 4735 4743 3489
3 4064 4735 3489
3 3929 4064 3489
3 3921 3929 3489
3 3038 3921 3489
3 2778 3038 3489
3 1446 2778 3489
3 912 1438 1446
3 2675 439 912
3 3134 2675 912
3 3489 3134 912
3 1446 3489 912
3 1593 1396 1261
3 1465 1593 1261
3 2995 1910 1849
3 2885 2995 1849
3 278 330 380
3 278 380 308
3 1099 1119 332
3 427 279 127
3 412 427 127
3 462 412 127
3 300 349 462
3 1099 332 322
3 127 1099 322
3 300 462 127
3 270 300 127
3 322 270 127
3 575 730 743
3 829 575 743
3 944 829 743
3 886 944 743
3 918 886 743
3 779 918 743
3 2086 1693 1659
3 2066 2086 1659
3 3382 2523 2489
3 3362 3382 2489
3 3334 3242 3714
3 3805 3334 3714
3 4228 4002 3949
3 4137 4228 3949
3 4586 4386 4336
3 4495 4586 4336
3 5190 4810 4760
3 5116 5190 4760
3 6262 6172 6343
3 5575 5501 6262
3 6404 5575 6262
3 6343 6404 6262
3 5626 5419 5352
3 5742 5716 5626
3 6094 5823 5742
3 5753 6094 5742
3 5626 5352 5753
3 5742 5626 5753
3 3631 3611 4872
3 4892 3631 4872
3 917 348 368
3 959 917 368
3 976 959 368
3 1289 976 368
3 1276 1289 368
3 1344 1276 368
3 1260 1344 368
3 1464 1260 368
3 1631 1555 1464
3 1864 1644 1631
3 1818 1864 1631
3 2161 2174 1818
3 2634 2251 2225
3 2619 2634 2225
3 2922 2695 2680
3 3293 3021 2922
3 3198 3293 2922
3 3460 3198 2922
3 3445 3460 2922
3 3741 3517 3499
3 3975 3821 3741
3 3932 3975 3741
3 4164 3932 3741
3 4359 4244 4164
3 4322 4359 4164
3 4522 4322 4164
3 4783 4602 4522
3 4746 4783 4522
3 5512 5189 5115
3 5476 5512 5115
3 5886 5476 5115
3 5862 5886 5115
3 6295 5980 5956
3 6212 6295 5956
3 6170 6212 5956
3 5625 6170 5956
3 5443 5625 5956
3 1200 5443 5956
3 331 1200 5956
3 368 331 5956
3 1818 1631 1464
3 2161 1818 1464
3 2619 2225 2161
3 3445 2922 2680
3 4164 3741 3499
3 4522 4164 3499
3 4746 4522 3499
3 5115 4746 3499
3 5862 5115 3499
3 5956 5862 3499
3 368 5956 3499
3 2161 1464 368
3 2619 2161 368
3 2680 2619 368
3 3445 2680 368
3 3499 3445 368
3 1602 1405 1267
3 1471 1602 1267
3 3004 1919 1855
3 2891 3004 1855
3 1108 1128 338
3 436 288 136
3 418 436 136
3 468 418 136
3 306 355 468
3 1108 338 328
3 136 1108 328
3 306 468 136
3 276 306 136
3 328 276 136
3 584 739 749
3 838 584 749
3 953 838 749
3 892 953 749
3 924 892 749
3 785 924 749
3 2095 1702 1668
3 2075 2095 1668
3 3391 2532 2498
3 3371 3391 2498
3 3343 3248 3720
3 3814 3343 3720
3 4237 4011 3955
3 4143 4237 3955
3 4595 4395 4342
3 4501 4595 4342
3 5196 4819 4766
3 5122 5196 4766
3 6268 6181 6352
3 5584 5507 6268
3 6413 5584 6268
3 6352 6413 6268
3 5632 5428 5361
3 5748 5722 5632
3 6103 5832 5748
3 5762 6103 5748
3 5632 5361 5762
3 5748 5632 5762
3 3640 3620 4881
3 4901 3640 4881
3 3596 3579 3603
3 3608 3596 3603
3 5079 5066 5206
3 5211 5079 5206
3 388 5695 6187
3 393 388 6187
3 383 393 6187
3 853 383 6187
3 863 853 6187
3 870 863 6187
3 2098 2103 870
3 2554 2113 2108
3 2547 2554 2108
3 2562 2547 2108
3 2812 2569 2562
3 2805 2812 2562
3 2819 2805 2562
3 3401 2826 2819
3 3394 3401 2819
3 3412 3394 2819
3 3658 3419 3412
3 3651 3658 3412
3 3669 3651 3412
3 4079 3676 3669
3 4072 4079 3669
3 4445 4099 4092
3 4440 4445 4092
3 4925 4459 4454
3 4920 4925 4454
3 4934 4920 4454
3 5223 4939 4934
3 5218 5223 4934
3 5234 5218 4934
3 5708 5239 5234
3 5703 5708 5234
3 6257 5802 5789
3 6187 6257 5789
3 2098 870 6187
3 2108 2098 6187
3 2562 2108 6187
3 2819 2562 6187
3 3412 2819 6187
3 3669 3412 6187
3 4072 3669 6187
3 4092 4072 6187
3 4440 4092 6187
3 4454 4440 6187
3 4934 4454 6187
3 5234 4934 6187
3 5703 5234 6187
3 5789 5703 6187
3 3398 3416 3423
3 3405 3398 3423
3 2551 2566 2573
3 2558 2551 2573
3 2382 2380 2397
3 2401 2382 2397
3 2797 2794 2800
3 2803 2797 2800
3 3126 3123 3129
3 3132 3126 3129
3 3586 3583 3591
3 3594 3586 3591
3 3894 3890 3910
3 3912 3894 3910
3 2809 2823 2830
3 2816 2809 2830
3 3655 3673 3680
3 3662 3655 3680
3 4076 4096 4103
3 4083 4076 4103
3 506 36 52
3 1863 506 52
3 1833 1863 52
3 1954 1833 52
3 2363 1963 1954
3 2360 2363 1954
3 2677 2360 1954
3 2970 2674 2710
3 3136 3253 2970
3 5380 3514 3491
3 5292 5380 3491
3 5460 5292 3491
3 6120 5469 5460
3 6108 6120 5460
3 5702 6157 6108
3 5644 5702 6108
3 5600 5644 6108
3 5595 5901 5600
3 5279 5595 5600
3 4911 5279 5600
3 4917 4911 5600
3 4908 4917 5600
3 4914 4908 5600
3 4745 4914 5600
3 4737 4742 4745
3 4063 4734 4737
3 4069 4063 4737
3 4060 4069 4737
3 4066 4060 4737
3 3923 3928 3931
3 3494 3920 3923
3 2941 3494 3923
3 3040 2941 3923
3 1720 2717 2780
3 1726 1720 2780
3 1717 1726 2780
3 1723 1717 2780
3 1448 1723 2780
3 1440 1445 1448
3 1416 1437 1440
3 904 1416 1440
3 914 904 1440
3 367 402 441
3 31 367 441
3 52 31 441
3 1954 52 441
3 2677 1954 441
3 2970 2710 2677
3 3136 2970 2677
3 6108 5460 3491
3 5600 6108 3491
3 4745 5600 3491
3 4737 4745 3491
3 4066 4737 3491
3 3931 4066 3491
3 3923 3931 3491
3 3040 3923 3491
3 2780 3040 3491
3 1448 2780 3491
3 914 1440 1448
3 2677 441 914
3 3136 2677 914
3 3491 3136 914
3 1448 3491 914
3 3666 3886 3888
3 3668 3666 3888
3 5279 5276 5385
3 5392 5279 5385
3 4087 4311 4313
3 4089 4087 4313
3 4451 4721 4723
3 4453 4451 4723
3 4931 5089 5091
3 4933 4931 5091
3 5229 5380 5387
3 5231 5229 5387
3 6127 5471 5469
3 5622 5624 5616
3 5600 5622 5616
3 5644 5600 5616
3 6127 5469 6120
3 6110 6127 6120
3 5644 5616 5646
3 5702 5644 5646
3 6110 6120 6108
3 6159 6110 6108
3 5702 5646 5728
3 6157 5702 5728
3 6159 6108 6157
3 5728 6159 6157
3 5624 5622 5901
3 5909 5624 5901
3 5597 5909 5901
3 5590 5552 5597
3 5595 5590 5597
3 5901 5595 5597
3 5004 5002 5070
3 5072 5004 5070
3 4521 4519 4691
3 4697 4521 4691
3 4163 4161 4295
3 4301 4163 4295
3 3740 3738 3870
3 3876 3740 3870
3 3494 3488 3562
3 3566 3494 3562
3 2204 2202 2350
3 2357 2204 2350
3 1795 1793 1923
3 1929 1795 1923
3 1199 1197 1409
3 1416 1199 1409
3 2666 2662 2722
3 2717 2666 2722
3 2780 2717 2722
3 2784 2780 2722
3 2936 3044 3049
3 3040 3035 2936
3 2941 3040 2936
3 3049 2941 2936
3 1442 1445 1440
3 1437 1442 1440
3 1720 1726 1717
3 1714 1720 1717
3 884 958 973
3 914 907 884
3 904 914 884
3 973 904 884
3 367 364 424
3 402 367 424
3 441 402 424
3 446 441 424
3 446 443 901
3 907 446 901
3 1967 1963 2371
3 2375 1967 2371
3 110 126 31
3 4 110 31
3 10 4 31
3 477 6 10
3 1863 1892 477
3 506 1863 477
3 36 506 477
3 31 52 36
3 10 31 36
3 477 10 36
3 3572 3574 3496
3 3514 3572 3496
3 3491 3514 3496
3 3411 3409 3491
3 3430 3411 3491
3 3496 3430 3491
3 3351 3361 3226
3 3136 3351 3226
3 3253 3136 3226
3 2679 2674 3253
3 3349 2679 3253
3 3226 3349 3253
3 4063 4069 4060
3 4057 4063 4060
3 3925 3928 3923
3 3920 3925 3923
3 4911 4917 4908
3 4905 4911 4908
3 4739 4742 4737
3 4734 4739 4737
3 3666 3886 3888
3 3668 3666 3888
3 5279 5276 5385
3 5392 5279 5385
3 4087 4311 4313
3 4089 4087 4313
3 4451 4721 4723
3 4453 4451 4723
3 4931 5089 5091
3 4933 4931 5091
3 5229 5380 5387
3 5231 5229 5387
3 6127 5471 5469
3 5622 5624 5616
3 5600 5622 5616
3 5644 5600 5616
3 6127 5469 6120
3 6110 6127 6120
3 5644 5616 5646
3 5702 5644 5646
3 6110 6120 6108
3 6159 6110 6108
3 5702 5646 5728
3 6157 5702 5728
3 6159 6108 6157
3 5728 6159 6157
3 5624 5622 5901
3 5909 5624 5901
3 5597 5909 5901
3 5590 5552 5597
3 5595 5590 5597
3 5901 5595 5597
3 5004 5002 5070
3 5072 5004 5070
3 4521 4519 4691
3 4697 4521 4691
3 4163 4161 4295
3 4301 4163 4295
3 3740 3738 3870
3 3876 3740 3870
3 3494 3488 3562
3 3566 3494 3562
3 2204 2202 2350
3 2357 2204 2350
3 1795 1793 1923
3 1929 1795 1923
3 1199 1197 1409
3 1416 1199 1409
3 2666 2662 2722
3 2717 2666 2722
3 2780 2717 2722
3 2784 2780 2722
3 2936 3044 3049
3 3040 3035 2936
3 2941 3040 2936
3 3049 2941 2936
3 1442 1445 1440
3 1437 1442 1440
3 1720 1726 1717
3 1714 1720 1717
3 884 958 973
3 914 907 884
3 904 914 884
3 973 904 884
3 367 364 424
3 402 367 424
3 441 402 424
3 446 441 424
3 548 545 823
3 826 548 823
3 1967 1963 2371
3 2375 1967 2371
3 110 126 31
3 4 110 31
3 10 4 31
3 477 6 10
3 1863 1892 477
3 506 1863 477
3 36 506 477
3 31 52 36
3 10 31 36
3 477 10 36
3 3572 3574 3496
3 3514 3572 3496
3 3491 3514 3496
3 3411 3409 3491
3 3430 3411 3491
3 3496 3430 3491
3 3351 3361 3226
3 3136 3351 3226
3 3253 3136 3226
3 2679 2674 3253
3 3349 2679 3253
3 3226 3349 3253
3 4063 4069 4060
3 4057 4063 4060
3 3925 3928 3923
3 3920 3925 3923
3 4911 4917 4908
3 4905 4911 4908
3 4739 4742 4737
3 4734 4739 4737
3 2366 2371 2363
3 2710 2674 2669
3 2677 2710 2669
3 2360 2677 2669
3 2366 2363 2360
3 2669 2366 2360
3 39 55 767
3 450 39 767
3 590 450 767
3 629 590 767
3 1375 629 767
3 1250 1375 767
3 1454 1250 767
3 2329 1572 1454
3 2241 2329 1454
3 3274 2974 2874
3 3188 3274 2874
3 3703 3188 2874
3 4036 3784 3703
3 3964 4036 3703
3 4420 4207 4126
3 4348 4420 4126
3 4844 4565 4484
3 4772 4844 4484
3 5105 4772 4484
3 5283 5170 5105
3 5217 5283 5105
3 5767 6144 5217
3 5604 6069 5767
3 5404 5604 5767
3 5264 5296 5404
3 5039 5250 5264
3 5055 5039 5264
3 5008 5055 5264
3 5022 5008 5264
3 4507 4618 4701
3 4265 4470 4507
3 4279 4265 4507
3 4149 4279 4507
3 3840 4112 4149
3 3854 3840 4149
3 3726 3854 4149
3 3536 3689 3726
3 3550 3536 3726
3 3214 3434 3476
3 3230 3214 3476
3 3165 3230 3476
3 3309 3165 3476
3 2430 2469 2504
3 2284 2416 2430
3 2314 2284 2430
3 2267 2208 2314
3 1985 2024 2047
3 1880 1971 1985
3 1933 1880 1985
3 1837 1799 1933
3 1494 1609 1674
3 1305 1480 1494
3 1360 1305 1494
3 1236 1216 1360
3 1018 1057 1080
3 796 1004 1018
3 810 796 1018
3 767 715 810
3 1454 767 810
3 2241 1454 810
3 2874 2241 810
3 3703 2874 810
3 3964 3703 810
3 4126 3964 810
3 4348 4126 810
3 4484 4348 810
3 5105 4484 810
3 5767 5217 5105
3 5404 5767 5105
3 5264 5404 5105
3 5022 5264 5105
3 4701 5022 5105
3 4507 4701 5105
3 4149 4507 5105
3 3726 4149 5105
3 3550 3726 5105
3 3476 3550 5105
3 3309 3476 5105
3 2504 3309 5105
3 2314 2430 2504
3 2267 2314 2504
3 1933 1985 2047
3 1837 1933 2047
3 1360 1494 1674
3 1236 1360 1674
3 810 1018 1080
3 5105 810 1080
3 2267 2504 5105
3 2047 2267 5105
3 1837 2047 5105
3 1674 1837 5105
3 1236 1674 5105
3 1080 1236 5105
3 701 652 791
3 810 701 791
3 1033 1057 1018
3 1004 1033 1018
3 1535 1609 1494
3 1480 1535 1494
3 2000 2024 1985
3 1971 2000 1985
3 2445 2469 2430
3 2416 2445 2430
3 939 994 997
3 942 939 997
3 16 55 39
3 67 114 16
3 1 67 16
3 11 1 16
3 474 7 11
3 531 474 11
3 510 531 11
3 39 510 11
3 16 39 11
3 1228 1375 1411
3 1231 1228 1411
3 1811 1907 1925
3 1815 1811 1925
3 2220 2329 2352
3 2223 2220 2352
3 3008 2974 3105
3 3109 3008 3105
3 3459 3516 3564
3 3498 3459 3564
3 3784 3866 3872
3 3818 3784 3872
3 4207 4291 4297
3 4241 4207 4297
3 4565 4687 4693
3 4599 4565 4693
3 5217 5233 5335
3 5287 5217 5335
3 5903 5996 5951
3 5857 5903 5951
3 1185 1140 1274
3 1360 1185 1274
3 1781 1736 1859
3 1904 1781 1859
3 2190 2119 2279
3 2314 2190 2279
3 2650 2577 2719
3 2765 2650 2719
3 2901 2834 3046
3 3093 2901 3046
3 3476 3427 3531
3 3550 3476 3531
3 3726 3684 3835
3 3854 3726 3835
3 4149 4107 4260
3 4279 4149 4260
3 4507 4465 4630
3 4675 4507 4630
3 4990 4945 5034
3 5055 4990 5034
3 5264 5245 5308
3 5367 5264 5308
3 5740 5838 5771
3 5714 5740 5771
3 5694 6066 6069
3 6144 6141 5694
3 5767 6144 5694
3 6069 5767 5694
3 2633 2694 2777
3 2671 2633 2777
3 193 148 211
3 205 193 211
3 268 207 205
3 209 268 205
3 211 256 209
3 205 211 209
3 2650 2577 2719
3 2664 2650 2719
3 2782 2712 2664
3 2714 2782 2664
3 2765 2714 2664
3 2719 2765 2664
3 2901 2834 3046
3 2938 2901 3046
3 3113 3037 2938
3 3042 3113 2938
3 3046 3093 3042
3 2938 3046 3042
3 3214 3230 3165
3 3141 3214 3165
3 507 448 588
3 626 507 588
3 1372 1248 1452
3 1569 1372 1452
3 2239 2872 2971
3 2326 2239 2971
3 3271 3186 3701
3 3781 3271 3701
3 4033 3962 4124
3 4204 4033 4124
3 4417 4346 4482
3 4562 4417 4482
3 4841 4770 5103
3 5167 4841 5103
3 1078 1030 1143
3 1214 1234 1078
3 1183 1214 1078
3 1143 1183 1078
3 1672 1532 1739
3 1797 1835 1672
3 1779 1797 1672
3 1739 1779 1672
3 2045 1997 2122
3 2206 2265 2045
3 2188 2206 2045
3 2122 2188 2045
3 112 70 151
3 53 14 112
3 765 53 112
3 699 713 765
3 214 655 699
3 254 214 699
3 112 151 191
3 765 112 191
3 254 699 765
3 191 254 765
3 4673 4633 4948
3 4699 4616 4673
3 5020 4699 4673
3 5006 5020 4673
3 4988 5006 4673
3 4948 4988 4673
3 5402 5294 5365
3 5602 5402 5365
3 6071 5769 5602
3 5666 6071 5602
3 5311 5666 5602
3 5365 5311 5602
3 2502 2442 2580
3 3138 3307 2502
3 3091 3051 3138
3 2759 2895 2898
3 2762 2759 2898
3 2648 2762 2898
3 2502 2580 2648
3 3091 3138 2502
3 2898 3091 2502
3 2648 2898 2502
3 507 482 609
3 626 507 609
3 483 482 507
3 508 483 507
3 627 508 507
3 627 507 626
3 610 627 626
3 610 626 609
3 610 609 482
3 483 610 482
3 508 483 610
3 627 508 610
3 1372 1318 1505
3 1569 1372 1505
3 1319 1318 1372
3 1373 1319 1372
3 1570 1373 1372
3 1570 1372 1569
3 1506 1570 1569
3 1506 1569 1505
3 1506 1505 1318
3 1319 1506 1318
3 1373 1319 1506
3 1570 1373 1506
3 2326 2295 2942
3 2971 2326 2942
3 2296 2295 2326
3 2327 2296 2326
3 2972 2327 2326
3 2972 2326 2971
3 2943 2972 2971
3 2943 2971 2942
3 2943 2942 2295
3 2296 2943 2295
3 2327 2296 2943
3 2972 2327 2943
3 3271 3254 3754
3 3781 3271 3754
3 3255 3254 3271
3 3272 3255 3271
3 3782 3272 3271
3 3782 3271 3781
3 3755 3782 3781
3 3755 3781 3754
3 3755 3754 3254
3 3255 3755 3254
3 3272 3255 3755
3 3782 3272 3755
3 4033 4016 4177
3 4204 4033 4177
3 4017 4016 4033
3 4034 4017 4033
3 4205 4034 4033
3 4205 4033 4204
3 4178 4205 4204
3 4178 4204 4177
3 4178 4177 4016
3 4017 4178 4016
3 4034 4017 4178
3 4205 4034 4178
3 4417 4400 4535
3 4562 4417 4535
3 4401 4400 4417
3 4418 4401 4417
3 4563 4418 4417
3 4563 4417 4562
3 4536 4563 4562
3 4536 4562 4535
3 4536 4535 4400
3 4401 4536 4400
3 4418 4401 4536
3 4563 4418 4536
3 4841 4824 5150
3 5167 4841 5150
3 4825 4824 4841
3 4842 4825 4841
3 5168 4842 4841
3 5168 4841 5167
3 5151 5168 5167
3 5151 5167 5150
3 5151 5150 4824
3 4825 5151 4824
3 4842 4825 5151
3 5168 4842 5151
3 1054 1030 1143
3 1166 1054 1143
3 1031 1030 1054
3 1055 1031 1054
3 1167 1055 1054
3 1167 1054 1166
3 1144 1167 1166
3 1144 1166 1143
3 1144 1143 1030
3 1031 1144 1030
3 1055 1031 1144
3 1167 1055 1144
3 1606 1532 1739
3 1762 1606 1739
3 1533 1532 1606
3 1607 1533 1606
3 1763 1607 1606
3 1763 1606 1762
3 1740 1763 1762
3 1740 1762 1739
3 1740 1739 1532
3 1533 1740 1532
3 1607 1533 1740
3 1763 1607 1740
3 2021 1997 2122
3 2145 2021 2122
3 1998 1997 2021
3 2022 1998 2021
3 2146 2022 2021
3 2146 2021 2145
3 2123 2146 2145
3 2123 2145 2122
3 2123 2122 1997
3 1998 2123 1997
3 2022 1998 2123
3 2146 2022 2123
3 2466 2442 2580
3 2603 2466 2580
3 2443 2442 2466
3 2467 2443 2466
3 2604 2467 2466
3 2604 2466 2603
3 2581 2604 2603
3 2581 2603 2580
3 2581 2580 2442
3 2443 2581 2442
3 2467 2443 2581
3 2604 2467 2581
3 2762 2759 2895
3 2898 2762 2895
3 2760 2759 2762
3 2763 2760 2762
3 2899 2763 2762
3 2899 2762 2898
3 2896 2899 2898
3 2896 2898 2895
3 2896 2895 2759
3 2760 2896 2759
3 2763 2760 2896
3 2899 2763 2896
3 174 93 70
3 151 174 70
3 175 94 93
3 175 93 174
3 152 175 174
3 152 174 151
3 152 151 70
3 71 152 70
3 71 70 93
3 94 71 93
3 175 94 71
3 152 175 71
3 682 237 214
3 655 682 214
3 683 238 237
3 683 237 682
3 656 683 682
3 656 682 655
3 656 655 214
3 215 656 214
3 215 214 237
3 238 215 237
3 683 238 215
3 656 683 215
3 3074 3051 3138
3 3162 3074 3138
3 3052 3051 3074
3 3075 3052 3074
3 3163 3075 3074
3 3163 3074 3162
3 3139 3163 3162
3 3139 3162 3138
3 3139 3138 3051
3 3052 3139 3051
3 3075 3052 3139
3 3163 3075 3139
3 4656 4633 4948
3 4971 4656 4948
3 4634 4633 4656
3 4657 4634 4656
3 4972 4657 4656
3 4972 4656 4971
3 4949 4972 4971
3 4949 4971 4948
3 4949 4948 4633
3 4634 4949 4633
3 4657 4634 4949
3 4972 4657 4949
3 5647 5336 5311
3 5836 5807 6001
3 6071 5836 6001
3 5666 6071 6001
3 5647 5311 5666
3 6001 5647 5666
3 5648 5337 5336
3 5648 5336 5647
3 5648 5647 6001
3 6002 5648 6001
3 6002 6001 5807
3 5808 6002 5807
3 5808 5807 5836
3 5837 5808 5836
3 6072 5837 5836
3 6072 5836 6071
3 5667 6072 6071
3 5667 6071 5666
3 5667 5666 5311
3 5312 5667 5311
3 5312 5311 5336
3 5337 5312 5336
3 5648 5337 5312
3 5837 5808 6002
3 6072 5837 6002
3 5667 6072 6002
3 5648 5312 5667
3 6002 5648 5667
3 36 52 764
3 447 36 764
3 587 447 764
3 625 587 764
3 1371 625 764
3 1247 1371 764
3 1451 1247 764
3 2325 1568 1451
3 2238 2325 1451
3 3270 2970 2871
3 3185 3270 2871
3 3700 3185 2871
3 4032 3780 3700
3 3961 4032 3700
3 4416 4203 4123
3 4345 4416 4123
3 4840 4561 4481
3 4769 4840 4481
3 5102 4769 4481
3 5280 5166 5102
3 5214 5280 5102
3 5691 6138 5214
3 5601 6063 5691
3 5401 5601 5691
3 5261 5293 5401
3 5036 5247 5261
3 5052 5036 5261
3 5005 5052 5261
3 5019 5005 5261
3 4504 4615 4698
3 4262 4467 4504
3 4276 4262 4504
3 4146 4276 4504
3 3837 4109 4146
3 3851 3837 4146
3 3723 3851 4146
3 3533 3686 3723
3 3547 3533 3723
3 3211 3431 3473
3 3227 3211 3473
3 3161 3227 3473
3 3306 3161 3473
3 2427 2465 2501
3 2281 2413 2427
3 2311 2281 2427
3 2264 2205 2311
3 1982 2020 2044
3 1877 1968 1982
3 1930 1877 1982
3 1834 1796 1930
3 1491 1605 1671
3 1302 1477 1491
3 1357 1302 1491
3 1233 1213 1357
3 1015 1053 1077
3 793 1001 1015
3 807 793 1015
3 764 712 807
3 1451 764 807
3 2238 1451 807
3 2871 2238 807
3 3700 2871 807
3 3961 3700 807
3 4123 3961 807
3 4345 4123 807
3 4481 4345 807
3 5102 4481 807
3 5691 5214 5102
3 5401 5691 5102
3 5261 5401 5102
3 5019 5261 5102
3 4698 5019 5102
3 4504 4698 5102
3 4146 4504 5102
3 3723 4146 5102
3 3547 3723 5102
3 3473 3547 5102
3 3306 3473 5102
3 2501 3306 5102
3 2311 2427 2501
3 2264 2311 2501
3 1930 1982 2044
3 1834 1930 2044
3 1357 1491 1671
3 1233 1357 1671
3 807 1015 1077
3 5102 807 1077
3 2264 2501 5102
3 2044 2264 5102
3 1834 2044 5102
3 1671 1834 5102
3 1233 1671 5102
3 1077 1233 5102
3 53 52 36
3 37 53 36
3 37 36 447
3 448 37 447
3 588 448 447
3 588 447 587
3 588 587 625
3 626 588 625
3 1372 626 625
3 1372 625 1371
3 1248 1372 1371
3 1248 1371 1247
3 1452 1248 1247
3 1452 1247 1451
3 1452 1451 1568
3 1569 1452 1568
3 2326 1569 1568
3 2326 1568 2325
3 2239 2326 2325
3 2239 2325 2238
3 2872 2239 2238
3 2872 2238 2871
3 2872 2871 2970
3 2971 2872 2970
3 3271 2971 2970
3 3271 2970 3270
3 3186 3271 3270
3 3186 3270 3185
3 3701 3186 3185
3 3701 3185 3700
3 3701 3700 3780
3 3781 3701 3780
3 4033 3781 3780
3 4033 3780 4032
3 3962 4033 4032
3 3962 4032 3961
3 4124 3962 3961
3 4124 3961 4123
3 4124 4123 4203
3 4204 4124 4203
3 4417 4204 4203
3 4417 4203 4416
3 4346 4417 4416
3 4346 4416 4345
3 4482 4346 4345
3 4482 4345 4481
3 4482 4481 4561
3 4562 4482 4561
3 4841 4562 4561
3 4841 4561 4840
3 4770 4841 4840
3 4770 4840 4769
3 5103 4770 4769
3 5103 4769 5102
3 5103 5102 5166
3 5167 5103 5166
3 5281 5167 5166
3 5281 5166 5280
3 5215 5281 5280
3 5215 5280 5214
3 6139 5215 5214
3 6139 5214 6138
3 5692 6139 6138
3 5692 6138 5691
3 6064 5692 5691
3 6064 5691 6063
3 5602 6064 6063
3 5602 6063 5601
3 5602 5601 5401
3 5402 5602 5401
3 5294 5402 5401
3 5294 5401 5293
3 5294 5293 5261
3 5262 5294 5261
3 5248 5262 5261
3 5248 5261 5247
3 5248 5247 5036
3 5037 5248 5036
3 5037 5036 5052
3 5053 5037 5052
3 5053 5052 5005
3 5006 5053 5005
3 5006 5005 5019
3 5020 5006 5019
3 5020 5019 4698
3 4699 5020 4698
3 4616 4699 4698
3 4616 4698 4615
3 4616 4615 4504
3 4505 4616 4504
3 4468 4505 4504
3 4468 4504 4467
3 4468 4467 4262
3 4263 4468 4262
3 4263 4262 4276
3 4277 4263 4276
3 4277 4276 4146
3 4147 4277 4146
3 4110 4147 4146
3 4110 4146 4109
3 4110 4109 3837
3 3838 4110 3837
3 3838 3837 3851
3 3852 3838 3851
3 3852 3851 3723
3 3724 3852 3723
3 3687 3724 3723
3 3687 3723 3686
3 3687 3686 3533
3 3534 3687 3533
3 3534 3533 3547
3 3548 3534 3547
3 3548 3547 3473
3 3474 3548 3473
3 3432 3474 3473
3 3432 3473 3431
3 3432 3431 3211
3 3212 3432 3211
3 3212 3211 3227
3 3228 3212 3227
3 3228 3227 3161
3 3162 3228 3161
3 3162 3161 3306
3 3307 3162 3306
3 3307 3306 2501
3 2502 3307 2501
3 2466 2502 2501
3 2466 2501 2465
3 2466 2465 2427
3 2428 2466 2427
3 2414 2428 2427
3 2414 2427 2413
3 2414 2413 2281
3 2282 2414 2281
3 2282 2281 2311
3 2312 2282 2311
3 2312 2311 2205
3 2206 2312 2205
3 2206 2205 2264
3 2265 2206 2264
3 2265 2264 2044
3 2045 2265 2044
3 2021 2045 2044
3 2021 2044 2020
3 2021 2020 1982
3 1983 2021 1982
3 1969 1983 1982
3 1969 1982 1968
3 1969 1968 1877
3 1878 1969 1877
3 1878 1877 1930
3 1931 1878 1930
3 1931 1930 1796
3 1797 1931 1796
3 1797 1796 1834
3 1835 1797 1834
3 1835 1834 1671
3 1672 1835 1671
3 1606 1672 1671
3 1606 1671 1605
3 1606 1605 1491
3 1492 1606 1491
3 1478 1492 1491
3 1478 1491 1477
3 1478 1477 1302
3 1303 1478 1302
3 1303 1302 1357
3 1358 1303 1357
3 1358 1357 1213
3 1214 1358 1213
3 1214 1213 1233
3 1234 1214 1233
3 1234 1233 1077
3 1078 1234 1077
3 1054 1078 1077
3 1054 1077 1053
3 1054 1053 1015
3 1016 1054 1015
3 1002 1016 1015
3 1002 1015 1001
3 1002 1001 793
3 794 1002 793
3 794 793 807
3 808 794 807
3 808 807 712
3 713 808 712
3 713 712 764
3 765 713 764
3 765 764 52
3 53 765 52
3 37 53 765
3 448 37 765
3 588 448 765
3 626 588 765
3 1372 626 765
3 1248 1372 765
3 1452 1248 765
3 2326 1569 1452
3 2239 2326 1452
3 3271 2971 2872
3 3186 3271 2872
3 3701 3186 2872
3 4033 3781 3701
3 3962 4033 3701
3 4417 4204 4124
3 4346 4417 4124
3 4841 4562 4482
3 4770 4841 4482
3 5103 4770 4482
3 5281 5167 5103
3 5215 5281 5103
3 5692 6139 5215
3 5602 6064 5692
3 5402 5602 5692
3 5262 5294 5402
3 5037 5248 5262
3 5053 5037 5262
3 5006 5053 5262
3 5020 5006 5262
3 4505 4616 4699
3 4263 4468 4505
3 4277 4263 4505
3 4147 4277 4505
3 3838 4110 4147
3 3852 3838 4147
3 3724 3852 4147
3 3534 3687 3724
3 3548 3534 3724
3 3212 3432 3474
3 3228 3212 3474
3 3162 3228 3474
3 3307 3162 3474
3 2428 2466 2502
3 2282 2414 2428
3 2312 2282 2428
3 2265 2206 2312
3 1983 2021 2045
3 1878 1969 1983
3 1931 1878 1983
3 1835 1797 1931
3 1492 1606 1672
3 1303 1478 1492
3 1358 1303 1492
3 1234 1214 1358
3 1016 1054 1078
3 794 1002 1016
3 808 794 1016
3 765 713 808
3 1452 765 808
3 2239 1452 808
3 2872 2239 808
3 3701 2872 808
3 3962 3701 808
3 4124 3962 808
3 4346 4124 808
3 4482 4346 808
3 5103 4482 808
3 5692 5215 5103
3 5402 5692 5103
3 5262 5402 5103
3 5020 5262 5103
3 4699 5020 5103
3 4505 4699 5103
3 4147 4505 5103
3 3724 4147 5103
3 3548 3724 5103
3 3474 3548 5103
3 3307 3474 5103
3 2502 3307 5103
3 2312 2428 2502
3 2265 2312 2502
3 1931 1983 2045
3 1835 1931 2045
3 1358 1492 1672
3 1234 1358 1672
3 808 1016 1078
3 5103 808 1078
3 2265 2502 5103
3 2045 2265 5103
3 1835 2045 5103
3 1672 1835 5103
3 1234 1672 5103
3 1078 1234 5103
3 36 52 764
3 447 36 764
3 587 447 764
3 625 587 764
3 1371 625 764
3 1247 1371 764
3 1451 1247 764
3 2325 1568 1451
3 2238 2325 1451
3 3270 2970 2871
3 3185 3270 2871
3 3700 3185 2871
3 4032 3780 3700
3 3961 4032 3700
3 4416 4203 4123
3 4345 4416 4123
3 4840 4561 4481
3 4769 4840 4481
3 5102 4769 4481
3 5280 5166 5102
3 5214 5280 5102
3 5691 6138 5214
3 5601 6063 5691
3 5401 5601 5691
3 5261 5293 5401
3 5036 5247 5261
3 5052 5036 5261
3 5005 5052 5261
3 5019 5005 5261
3 4504 4615 4698
3 4262 4467 4504
3 4276 4262 4504
3 4146 4276 4504
3 3837 4109 4146
3 3851 3837 4146
3 3723 3851 4146
3 3533 3686 3723
3 3547 3533 3723
3 3211 3431 3473
3 3227 3211 3473
3 3161 3227 3473
3 3306 3161 3473
3 2427 2465 2501
3 2281 2413 2427
3 2311 2281 2427
3 2264 2205 2311
3 1982 2020 2044
3 1877 1968 1982
3 1930 1877 1982
3 1834 1796 1930
3 1491 1605 1671
3 1302 1477 1491
3 1357 1302 1491
3 1233 1213 1357
3 1015 1053 1077
3 793 1001 1015
3 807 793 1015
3 764 712 807
3 1451 764 807
3 2238 1451 807
3 2871 2238 807
3 3700 2871 807
3 3961 3700 807
3 4123 3961 807
3 4345 4123 807
3 4481 4345 807
3 5102 4481 807
3 5691 5214 5102
3 5401 5691 5102
3 5261 5401 5102
3 5019 5261 5102
3 4698 5019 5102
3 4504 4698 5102
3 4146 4504 5102
3 3723 4146 5102
3 3547 3723 5102
3 3473 3547 5102
3 3306 3473 5102
3 2501 3306 5102
3 2311 2427 2501
3 2264 2311 2501
3 1930 1982 2044
3 1834 1930 2044
3 1357 1491 1671
3 1233 1357 1671
3 807 1015 1077
3 5102 807 1077
3 2264 2501 5102
3 2044 2264 5102
3 1834 2044 5102
3 1671 1834 5102
3 1233 1671 5102
3 1077 1233 5102
3 40 56 768
3 451 40 768
3 591 451 768
3 631 591 768
3 1377 631 768
3 1251 1377 768
3 1455 1251 768
3 2331 1574 1455
3 2242 2331 1455
3 3276 3012 2913
3 3189 3276 2913
3 3704 3189 2913
3 4038 3786 3704
3 3965 4038 3704
3 4422 4209 4127
3 4349 4422 4127
3 4846 4567 4485
3 4773 4846 4485
3 5106 4773 4485
3 5556 5172 5106
3 5491 5556 5106
3 6042 5927 5877
3 5971 6042 5877
3 6286 5971 5877
3 6195 6286 5877
3 6161 6195 5877
3 5605 6161 5877
3 5405 5605 5877
3 5297 5405 5877
3 5265 5297 5877
3 5040 5251 5265
3 5056 5040 5265
3 5009 5056 5265
3 5023 5009 5265
3 4508 4619 4702
3 4266 4471 4508
3 4280 4266 4508
3 4150 4280 4508
3 3841 4113 4150
3 3855 3841 4150
3 3727 3855 4150
3 3537 3690 3727
3 3551 3537 3727
3 3215 3435 3477
3 3231 3215 3477
3 3167 3231 3477
3 3310 3167 3477
3 2431 2471 2505
3 2285 2417 2431
3 2315 2285 2431
3 2268 2209 2315
3 1986 2026 2048
3 1881 1972 1986
3 1934 1881 1986
3 1838 1800 1934
3 1495 1611 1675
3 1306 1481 1495
3 1361 1306 1495
3 1237 1217 1361
3 1019 1059 1081
3 797 1005 1019
3 811 797 1019
3 768 716 811
3 1455 768 811
3 2242 1455 811
3 2913 2242 811
3 3704 2913 811
3 3965 3704 811
3 4127 3965 811
3 4349 4127 811
3 4485 4349 811
3 5106 4485 811
3 5265 5877 5491
3 5023 5265 5491
3 4702 5023 5491
3 4508 4702 5491
3 4150 4508 5491
3 3727 4150 5491
3 3551 3727 5491
3 3477 3551 5491
3 3310 3477 5491
3 2505 3310 5491
3 2315 2431 2505
3 2268 2315 2505
3 1934 1986 2048
3 1838 1934 2048
3 1361 1495 1675
3 1237 1361 1675
3 811 1019 1081
3 5106 811 1081
3 5491 5106 1081
3 2268 2505 5491
3 2048 2268 5491
3 1838 2048 5491
3 1675 1838 5491
3 1237 1675 5491
3 1081 1237 5491
3 41 57 769
3 452 41 769
3 592 452 769
3 632 592 769
3 1378 632 769
3 1252 1378 769
3 1456 1252 769
3 2332 1575 1456
3 2243 2332 1456
3 3277 3013 2914
3 3190 3277 2914
3 3705 3190 2914
3 4039 3787 3705
3 3966 4039 3705
3 4423 4210 4128
3 4350 4423 4128
3 4847 4568 4486
3 4774 4847 4486
3 5107 4774 4486
3 5557 5173 5107
3 5492 5557 5107
3 6043 5928 5878
3 5972 6043 5878
3 6287 5972 5878
3 6196 6287 5878
3 6162 6196 5878
3 5606 6162 5878
3 5406 5606 5878
3 5298 5406 5878
3 5266 5298 5878
3 5041 5252 5266
3 5057 5041 5266
3 5010 5057 5266
3 5024 5010 5266
3 4509 4620 4703
3 4267 4472 4509
3 4281 4267 4509
3 4151 4281 4509
3 3842 4114 4151
3 3856 3842 4151
3 3728 3856 4151
3 3538 3691 3728
3 3552 3538 3728
3 3216 3436 3478
3 3232 3216 3478
3 3168 3232 3478
3 3311 3168 3478
3 2432 2472 2506
3 2286 2418 2432
3 2316 2286 2432
3 2269 2210 2316
3 1987 2027 2049
3 1882 1973 1987
3 1935 1882 1987
3 1839 1801 1935
3 1496 1612 1676
3 1307 1482 1496
3 1362 1307 1496
3 1238 1218 1362
3 1020 1060 1082
3 798 1006 1020
3 812 798 1020
3 769 717 812
3 1456 769 812
3 2243 1456 812
3 2914 2243 812
3 3705 2914 812
3 3966 3705 812
3 4128 3966 812
3 4350 4128 812
3 4486 4350 812
3 5107 4486 812
3 5266 5878 5492
3 5024 5266 5492
3 4703 5024 5492
3 4509 4703 5492
3 4151 4509 5492
3 3728 4151 5492
3 3552 3728 5492
3 3478 3552 5492
3 3311 3478 5492
3 2506 3311 5492
3 2316 2432 2506
3 2269 2316 2506
3 1935 1987 2049
3 1839 1935 2049
3 1362 1496 1676
3 1238 1362 1676
3 812 1020 1082
3 5107 812 1082
3 5492 5107 1082
3 2269 2506 5492
3 2049 2269 5492
3 1839 2049 5492
3 1676 1839 5492
3 1238 1676 5492
3 1082 1238 5492
3 49 65 777
3 460 49 777
3 600 460 777
3 648 600 777
3 1394 648 777
3 1260 1394 777
3 1464 1260 777
3 2348 1591 1464
3 2251 2348 1464
3 3293 3021 2922
3 3198 3293 2922
3 3713 3198 2922
3 4055 3803 3713
3 3974 4055 3713
3 4439 4226 4136
3 4358 4439 4136
3 4863 4584 4494
3 4782 4863 4494
3 5115 4782 4494
3 5573 5189 5115
3 5500 5573 5115
3 6059 5944 5886
3 5980 6059 5886
3 6295 5980 5886
3 6212 6295 5886
3 6170 6212 5886
3 5614 6170 5886
3 5414 5614 5886
3 5306 5414 5886
3 5274 5306 5886
3 5049 5260 5274
3 5065 5049 5274
3 5018 5065 5274
3 5032 5018 5274
3 4517 4628 4711
3 4275 4480 4517
3 4289 4275 4517
3 4159 4289 4517
3 3850 4122 4159
3 3864 3850 4159
3 3736 3864 4159
3 3546 3699 3736
3 3560 3546 3736
3 3224 3444 3486
3 3240 3224 3486
3 3184 3240 3486
3 3319 3184 3486
3 2440 2488 2514
3 2294 2426 2440
3 2324 2294 2440
3 2277 2218 2324
3 1995 2043 2057
3 1890 1981 1995
3 1943 1890 1995
3 1847 1809 1943
3 1504 1628 1684
3 1315 1490 1504
3 1370 1315 1504
3 1246 1226 1370
3 1028 1076 1090
3 806 1014 1028
3 820 806 1028
3 777 725 820
3 1464 777 820
3 2251 1464 820
3 2922 2251 820
3 3713 2922 820
3 3974 3713 820
3 4136 3974 820
3 4358 4136 820
3 4494 4358 820
3 5115 4494 820
3 5274 5886 5500
3 5032 5274 5500
3 4711 5032 5500
3 4517 4711 5500
3 4159 4517 5500
3 3736 4159 5500
3 3560 3736 5500
3 3486 3560 5500
3 3319 3486 5500
3 2514 3319 5500
3 2324 2440 2514
3 2277 2324 2514
3 1943 1995 2057
3 1847 1943 2057
3 1370 1504 1684
3 1246 1370 1684
3 820 1028 1090
3 5115 820 1090
3 5500 5115 1090
3 2277 2514 5500
3 2057 2277 5500
3 1847 2057 5500
3 1684 1847 5500
3 1246 1684 5500
3 1090 1246 5500
3 203 149 212
3 266 203 212
3 711 653 792
3 820 711 792
3 26 65 49
3 68 124 26
3 2 68 26
3 12 2 26
3 475 8 12
3 532 475 12
3 529 532 12
3 49 529 12
3 26 49 12
3 1052 1076 1028
3 1014 1052 1028
3 1554 1628 1504
3 1490 1554 1504
3 2019 2043 1995
3 1981 2019 1995
3 2464 2488 2440
3 2426 2464 2440
3 940 995 998
3 943 940 998
3 26 65 49
3 68 124 26
3 2 68 26
3 12 2 26
3 475 8 12
3 532 475 12
3 529 532 12
3 49 529 12
3 26 49 12
3 1229 1394 1412
3 1232 1229 1412
3 1812 1908 1926
3 1816 1812 1926
3 2221 2348 2353
3 2224 2221 2353
3 3009 2993 3106
3 3110 3009 3106
3 3803 3867 3873
3 3819 3803 3873
3 4226 4292 4298
3 4242 4226 4298
3 4584 4688 4694
3 4600 4584 4694
3 5284 5382 5389
3 5288 5284 5389
3 5944 6059 6062
3 5947 5944 6062
3 6122 6134 6129
3 6112 6122 6129
3 6151 6250 6170
3 6146 6151 6170
3 5904 5997 5952
3 5858 5904 5952
3 1195 1141 1275
3 1370 1195 1275
3 1791 1737 1860
3 1905 1791 1860
3 2200 2120 2280
3 2324 2200 2280
3 2660 2578 2720
3 2775 2660 2720
3 2911 2835 3047
3 3103 2911 3047
3 3486 3428 3532
3 3560 3486 3532
3 3736 3685 3836
3 3864 3736 3836
3 4159 4108 4261
3 4289 4159 4261
3 4517 4466 4631
3 4685 4517 4631
3 5000 4946 5035
3 5065 5000 5035
3 5274 5246 5309
3 5377 5274 5309
3 5741 5852 5781
3 5715 5741 5781
3 3224 3240 3184
3 3160 3224 3184
3 509 449 589
3 628 509 589
3 450 449 509
3 510 450 509
3 629 510 509
3 629 509 628
3 590 629 628
3 590 628 589
3 590 589 449
3 450 590 449
3 510 450 590
3 629 510 590
3 1374 1249 1453
3 1571 1374 1453
3 1250 1249 1374
3 1375 1250 1374
3 1572 1375 1374
3 1572 1374 1571
3 1454 1572 1571
3 1454 1571 1453
3 1454 1453 1249
3 1250 1454 1249
3 1375 1250 1454
3 1572 1375 1454
3 2240 2873 2973
3 2328 2240 2973
3 2874 2873 2240
3 2241 2874 2240
3 2241 2240 2328
3 2329 2241 2328
3 2974 2329 2328
3 2974 2328 2973
3 2874 2974 2973
3 2874 2973 2873
3 2241 2874 2974
3 2329 2241 2974
3 3273 3187 3702
3 3783 3273 3702
3 3188 3187 3273
3 3274 3188 3273
3 3784 3274 3273
3 3784 3273 3783
3 3703 3784 3783
3 3703 3783 3702
3 3703 3702 3187
3 3188 3703 3187
3 3274 3188 3703
3 3784 3274 3703
3 4035 3963 4125
3 4206 4035 4125
3 3964 3963 4035
3 4036 3964 4035
3 4207 4036 4035
3 4207 4035 4206
3 4126 4207 4206
3 4126 4206 4125
3 4126 4125 3963
3 3964 4126 3963
3 4036 3964 4126
3 4207 4036 4126
3 4419 4347 4483
3 4564 4419 4483
3 4348 4347 4419
3 4420 4348 4419
3 4565 4420 4419
3 4565 4419 4564
3 4484 4565 4564
3 4484 4564 4483
3 4484 4483 4347
3 4348 4484 4347
3 4420 4348 4484
3 4565 4420 4484
3 4843 4771 5104
3 5169 4843 5104
3 4772 4771 4843
3 4844 4772 4843
3 5170 4844 4843
3 5170 4843 5169
3 5105 5170 5169
3 5105 5169 5104
3 5105 5104 4771
3 4772 5105 4771
3 4844 4772 5105
3 5170 4844 5105
3 5553 5489 5875
3 5924 5553 5875
3 5490 5489 5553
3 5554 5490 5553
3 5925 5554 5553
3 5925 5553 5924
3 5876 5925 5924
3 5876 5924 5875
3 5876 5875 5489
3 5490 5876 5489
3 5554 5490 5876
3 5925 5554 5876
3 6284 6192 6320
3 6039 5969 6284
3 6381 6039 6284
3 6320 6381 6284
3 6193 6192 6284
3 6285 6193 6284
3 6285 6284 5969
3 5970 6285 5969
3 5970 5969 6039
3 6040 5970 6039
3 6382 6040 6039
3 6382 6039 6381
3 6321 6382 6381
3 6321 6381 6320
3 6321 6320 6192
3 6193 6321 6192
3 6285 6193 6321
3 6040 5970 6285
3 6382 6040 6285
3 6321 6382 6285
3 1079 1032 1145
3 1215 1235 1079
3 1184 1215 1079
3 1145 1184 1079
3 1033 1032 1079
3 1080 1033 1079
3 1236 1080 1079
3 1236 1079 1235
3 1216 1236 1235
3 1216 1235 1215
3 1216 1215 1184
3 1185 1216 1184
3 1146 1185 1184
3 1146 1184 1145
3 1146 1145 1032
3 1033 1146 1032
3 1080 1033 1146
3 1216 1236 1080
3 1185 1216 1080
3 1146 1185 1080
3 1673 1534 1741
3 1798 1836 1673
3 1780 1798 1673
3 1741 1780 1673
3 1535 1534 1673
3 1674 1535 1673
3 1837 1674 1673
3 1837 1673 1836
3 1799 1837 1836
3 1799 1836 1798
3 1799 1798 1780
3 1781 1799 1780
3 1742 1781 1780
3 1742 1780 1741
3 1742 1741 1534
3 1535 1742 1534
3 1674 1535 1742
3 1799 1837 1674
3 1781 1799 1674
3 1742 1781 1674
3 2046 1999 2124
3 2207 2266 2046
3 2189 2207 2046
3 2124 2189 2046
3 2000 1999 2046
3 2047 2000 2046
3 2267 2047 2046
3 2267 2046 2266
3 2208 2267 2266
3 2208 2266 2207
3 2208 2207 2189
3 2190 2208 2189
3 2125 2190 2189
3 2125 2189 2124
3 2125 2124 1999
3 2000 2125 1999
3 2047 2000 2125
3 2208 2267 2047
3 2190 2208 2047
3 2125 2190 2047
3 113 72 153
3 54 15 113
3 766 54 113
3 700 714 766
3 216 657 700
3 255 216 700
3 113 153 192
3 766 113 192
3 255 700 766
3 192 255 766
3 73 72 113
3 114 73 113
3 114 113 15
3 16 114 15
3 16 15 54
3 55 16 54
3 767 55 54
3 767 54 766
3 715 767 766
3 715 766 714
3 715 714 700
3 701 715 700
3 658 701 700
3 658 700 657
3 658 657 216
3 217 658 216
3 217 216 255
3 256 217 255
3 256 255 192
3 193 256 192
3 154 193 192
3 154 192 153
3 154 153 72
3 73 154 72
3 114 73 154
3 55 16 114
3 767 55 114
3 701 715 767
3 217 658 701
3 256 217 701
3 114 154 193
3 767 114 193
3 256 701 767
3 193 256 767
3 4674 4635 4950
3 4700 4617 4674
3 5021 4700 4674
3 5007 5021 4674
3 4989 5007 4674
3 4950 4989 4674
3 4636 4635 4674
3 4675 4636 4674
3 4675 4674 4617
3 4618 4675 4617
3 4618 4617 4700
3 4701 4618 4700
3 5022 4701 4700
3 5022 4700 5021
3 5008 5022 5021
3 5008 5021 5007
3 5008 5007 4989
3 4990 5008 4989
3 4951 4990 4989
3 4951 4989 4950
3 4951 4950 4635
3 4636 4951 4635
3 4675 4636 4951
3 4701 4618 4675
3 5022 4701 4675
3 5008 5022 4675
3 4990 5008 4675
3 4951 4990 4675
3 5403 5295 5366
3 5603 5403 5366
3 6073 5770 5603
3 5668 6073 5603
3 5313 5668 5603
3 5366 5313 5603
3 5296 5295 5403
3 5404 5296 5403
3 5604 5404 5403
3 5604 5403 5603
3 5604 5603 5770
3 5771 5604 5770
3 6074 5771 5770
3 6074 5770 6073
3 5669 6074 6073
3 5669 6073 5668
3 5669 5668 5313
3 5314 5669 5313
3 5314 5313 5366
3 5367 5314 5366
3 5367 5366 5295
3 5296 5367 5295
3 5404 5296 5367
3 5604 5404 5367
3 6074 5771 5604
3 5669 6074 5604
3 5314 5669 5604
3 5367 5314 5604
3 2503 2444 2582
3 3140 3308 2503
3 3092 3053 3140
3 2723 2836 2900
3 2764 2723 2900
3 2649 2764 2900
3 2503 2582 2649
3 3092 3140 2503
3 2900 3092 2503
3 2649 2900 2503
3 2445 2444 2503
3 2504 2445 2503
3 3309 2504 2503
3 3309 2503 3308
3 3141 3309 3308
3 3141 3308 3140
3 3141 3140 3053
3 3054 3141 3053
3 3054 3053 3092
3 3093 3054 3092
3 3093 3092 2900
3 2901 3093 2900
3 2837 2901 2900
3 2837 2900 2836
3 2837 2836 2723
3 2724 2837 2723
3 2724 2723 2764
3 2765 2724 2764
3 2765 2764 2649
3 2650 2765 2649
3 2583 2650 2649
3 2583 2649 2582
3 2583 2582 2444
3 2445 2583 2444
3 2504 2445 2583
3 3141 3309 2504
3 3093 3054 3141
3 2724 2837 2901
3 2765 2724 2901
3 2650 2765 2901
3 2504 2583 2650
3 3093 3141 2504
3 2901 3093 2504
3 2650 2901 2504
3 510 484 611
3 629 510 611
3 485 484 510
3 511 485 510
3 630 511 510
3 630 510 629
3 612 630 629
3 612 629 611
3 612 611 484
3 485 612 484
3 511 485 612
3 630 511 612
3 1375 1320 1507
3 1572 1375 1507
3 1321 1320 1375
3 1376 1321 1375
3 1573 1376 1375
3 1573 1375 1572
3 1508 1573 1572
3 1508 1572 1507
3 1508 1507 1320
3 1321 1508 1320
3 1376 1321 1508
3 1573 1376 1508
3 2329 2297 2944
3 2974 2329 2944
3 2298 2297 2329
3 2330 2298 2329
3 2975 2330 2329
3 2975 2329 2974
3 2945 2975 2974
3 2945 2974 2944
3 2945 2944 2297
3 2298 2945 2297
3 2330 2298 2945
3 2975 2330 2945
3 3274 3256 3756
3 3784 3274 3756
3 3257 3256 3274
3 3275 3257 3274
3 3785 3275 3274
3 3785 3274 3784
3 3757 3785 3784
3 3757 3784 3756
3 3757 3756 3256
3 3257 3757 3256
3 3275 3257 3757
3 3785 3275 3757
3 4036 4018 4179
3 4207 4036 4179
3 4019 4018 4036
3 4037 4019 4036
3 4208 4037 4036
3 4208 4036 4207
3 4180 4208 4207
3 4180 4207 4179
3 4180 4179 4018
3 4019 4180 4018
3 4037 4019 4180
3 4208 4037 4180
3 4420 4402 4537
3 4565 4420 4537
3 4403 4402 4420
3 4421 4403 4420
3 4566 4421 4420
3 4566 4420 4565
3 4538 4566 4565
3 4538 4565 4537
3 4538 4537 4402
3 4403 4538 4402
3 4421 4403 4538
3 4566 4421 4538
3 4844 4826 5152
3 5170 4844 5152
3 4827 4826 4844
3 4845 4827 4844
3 5171 4845 4844
3 5171 4844 5170
3 5153 5171 5170
3 5153 5170 5152
3 5153 5152 4826
3 4827 5153 4826
3 4845 4827 5153
3 5171 4845 5153
3 5554 5527 5910
3 5925 5554 5910
3 5528 5527 5554
3 5555 5528 5554
3 5926 5555 5554
3 5926 5554 5925
3 5911 5926 5925
3 5911 5925 5910
3 5911 5910 5527
3 5528 5911 5527
3 5555 5528 5911
3 5926 5555 5911
3 6270 6225 6193
3 6040 6025 6357
3 6382 6040 6357
3 6321 6382 6357
3 6270 6193 6321
3 6357 6270 6321
3 6271 6226 6225
3 6271 6225 6270
3 6271 6270 6357
3 6358 6271 6357
3 6358 6357 6025
3 6026 6358 6025
3 6026 6025 6040
3 6041 6026 6040
3 6383 6041 6040
3 6383 6040 6382
3 6322 6383 6382
3 6322 6382 6321
3 6322 6321 6193
3 6194 6322 6193
3 6194 6193 6225
3 6226 6194 6225
3 6271 6226 6194
3 6041 6026 6358
3 6383 6041 6358
3 6322 6383 6358
3 6271 6194 6322
3 6358 6271 6322
3 1057 1033 1146
3 1168 1057 1146
3 1034 1033 1057
3 1058 1034 1057
3 1169 1058 1057
3 1169 1057 1168
3 1147 1169 1168
3 1147 1168 1146
3 1147 1146 1033
3 1034 1147 1033
3 1058 1034 1147
3 1169 1058 1147
3 1609 1535 1742
3 1764 1609 1742
3 1536 1535 1609
3 1610 1536 1609
3 1765 1610 1609
3 1765 1609 1764
3 1743 1765 1764
3 1743 1764 1742
3 1743 1742 1535
3 1536 1743 1535
3 1610 1536 1743
3 1765 1610 1743
3 2024 2000 2125
3 2147 2024 2125
3 2001 2000 2024
3 2025 2001 2024
3 2148 2025 2024
3 2148 2024 2147
3 2126 2148 2147
3 2126 2147 2125
3 2126 2125 2000
3 2001 2126 2000
3 2025 2001 2126
3 2148 2025 2126
3 2469 2445 2583
3 2605 2469 2583
3 2446 2445 2469
3 2470 2446 2469
3 2606 2470 2469
3 2606 2469 2605
3 2584 2606 2605
3 2584 2605 2583
3 2584 2583 2445
3 2446 2584 2445
3 2470 2446 2584
3 2606 2470 2584
3 2744 2724 2837
3 2857 2744 2837
3 2725 2724 2744
3 2745 2725 2744
3 2858 2745 2744
3 2858 2744 2857
3 2838 2858 2857
3 2838 2857 2837
3 2838 2837 2724
3 2725 2838 2724
3 2745 2725 2838
3 2858 2745 2838
3 176 95 73
3 154 176 73
3 177 96 95
3 177 95 176
3 155 177 176
3 155 176 154
3 155 154 73
3 74 155 73
3 74 73 95
3 96 74 95
3 177 96 74
3 155 177 74
3 684 239 217
3 658 684 217
3 685 240 239
3 685 239 684
3 659 685 684
3 659 684 658
3 659 658 217
3 218 659 217
3 218 217 239
3 240 218 239
3 685 240 218
3 659 685 218
3 3076 3054 3141
3 3165 3076 3141
3 3055 3054 3076
3 3077 3055 3076
3 3166 3077 3076
3 3166 3076 3165
3 3142 3166 3165
3 3142 3165 3141
3 3142 3141 3054
3 3055 3142 3054
3 3077 3055 3142
3 3166 3077 3142
3 4658 4636 4951
3 4973 4658 4951
3 4637 4636 4658
3 4659 4637 4658
3 4974 4659 4658
3 4974 4658 4973
3 4952 4974 4973
3 4952 4973 4951
3 4952 4951 4636
3 4637 4952 4636
3 4659 4637 4952
3 4974 4659 4952
3 5649 5338 5314
3 5838 5809 6003
3 6074 5838 6003
3 5669 6074 6003
3 5649 5314 5669
3 6003 5649 5669
3 5650 5339 5338
3 5650 5338 5649
3 5650 5649 6003
3 6004 5650 6003
3 6004 6003 5809
3 5810 6004 5809
3 5810 5809 5838
3 5839 5810 5838
3 6075 5839 5838
3 6075 5838 6074
3 5670 6075 6074
3 5670 6074 5669
3 5670 5669 5314
3 5315 5670 5314
3 5315 5314 5338
3 5339 5315 5338
3 5650 5339 5315
3 5839 5810 6004
3 6075 5839 6004
3 5670 6075 6004
3 5650 5315 5670
3 6004 5650 5670
3 513 486 613
3 632 513 613
3 487 486 513
3 514 487 513
3 633 514 513
3 633 513 632
3 614 633 632
3 614 632 613
3 614 613 486
3 487 614 486
3 514 487 614
3 633 514 614
3 1378 1322 1509
3 1575 1378 1509
3 1323 1322 1378
3 1379 1323 1378
3 1576 1379 1378
3 1576 1378 1575
3 1510 1576 1575
3 1510 1575 1509
3 1510 1509 1322
3 1323 1510 1322
3 1379 1323 1510
3 1576 1379 1510
3 2332 2299 2946
3 2977 2332 2946
3 2300 2299 2332
3 2333 2300 2332
3 2978 2333 2332
3 2978 2332 2977
3 2947 2978 2977
3 2947 2977 2946
3 2947 2946 2299
3 2300 2947 2299
3 2333 2300 2947
3 2978 2333 2947
3 3277 3258 3758
3 3787 3277 3758
3 3259 3258 3277
3 3278 3259 3277
3 3788 3278 3277
3 3788 3277 3787
3 3759 3788 3787
3 3759 3787 3758
3 3759 3758 3258
3 3259 3759 3258
3 3278 3259 3759
3 3788 3278 3759
3 4039 4020 4181
3 4210 4039 4181
3 4021 4020 4039
3 4040 4021 4039
3 4211 4040 4039
3 4211 4039 4210
3 4182 4211 4210
3 4182 4210 4181
3 4182 4181 4020
3 4021 4182 4020
3 4040 4021 4182
3 4211 4040 4182
3 4423 4404 4539
3 4568 4423 4539
3 4405 4404 4423
3 4424 4405 4423
3 4569 4424 4423
3 4569 4423 4568
3 4540 4569 4568
3 4540 4568 4539
3 4540 4539 4404
3 4405 4540 4404
3 4424 4405 4540
3 4569 4424 4540
3 4847 4828 5154
3 5173 4847 5154
3 4829 4828 4847
3 4848 4829 4847
3 5174 4848 4847
3 5174 4847 5173
3 5155 5174 5173
3 5155 5173 5154
3 5155 5154 4828
3 4829 5155 4828
3 4848 4829 5155
3 5174 4848 5155
3 5557 5529 5912
3 5928 5557 5912
3 5530 5529 5557
3 5558 5530 5557
3 5929 5558 5557
3 5929 5557 5928
3 5913 5929 5928
3 5913 5928 5912
3 5913 5912 5529
3 5530 5913 5529
3 5558 5530 5913
3 5929 5558 5913
3 6272 6227 6196
3 6043 6027 6359
3 6385 6043 6359
3 6324 6385 6359
3 6272 6196 6324
3 6359 6272 6324
3 6273 6228 6227
3 6273 6227 6272
3 6273 6272 6359
3 6360 6273 6359
3 6360 6359 6027
3 6028 6360 6027
3 6028 6027 6043
3 6044 6028 6043
3 6386 6044 6043
3 6386 6043 6385
3 6325 6386 6385
3 6325 6385 6324
3 6325 6324 6196
3 6197 6325 6196
3 6197 6196 6227
3 6228 6197 6227
3 6273 6228 6197
3 6044 6028 6360
3 6386 6044 6360
3 6325 6386 6360
3 6273 6197 6325
3 6360 6273 6325
3 1060 1036 1149
3 1170 1060 1149
3 1037 1036 1060
3 1061 1037 1060
3 1171 1061 1060
3 1171 1060 1170
3 1150 1171 1170
3 1150 1170 1149
3 1150 1149 1036
3 1037 1150 1036
3 1061 1037 1150
3 1171 1061 1150
3 1612 1538 1745
3 1766 1612 1745
3 1539 1538 1612
3 1613 1539 1612
3 1767 1613 1612
3 1767 1612 1766
3 1746 1767 1766
3 1746 1766 1745
3 1746 1745 1538
3 1539 1746 1538
3 1613 1539 1746
3 1767 1613 1746
3 2027 2003 2128
3 2149 2027 2128
3 2004 2003 2027
3 2028 2004 2027
3 2150 2028 2027
3 2150 2027 2149
3 2129 2150 2149
3 2129 2149 2128
3 2129 2128 2003
3 2004 2129 2003
3 2028 2004 2129
3 2150 2028 2129
3 2472 2448 2586
3 2607 2472 2586
3 2449 2448 2472
3 2473 2449 2472
3 2608 2473 2472
3 2608 2472 2607
3 2587 2608 2607
3 2587 2607 2586
3 2587 2586 2448
3 2449 2587 2448
3 2473 2449 2587
3 2608 2473 2587
3 2746 2727 2840
3 2859 2746 2840
3 2728 2727 2746
3 2747 2728 2746
3 2860 2747 2746
3 2860 2746 2859
3 2841 2860 2859
3 2841 2859 2840
3 2841 2840 2727
3 2728 2841 2727
3 2747 2728 2841
3 2860 2747 2841
3 178 97 76
3 157 178 76
3 179 98 97
3 179 97 178
3 158 179 178
3 158 178 157
3 158 157 76
3 77 158 76
3 77 76 97
3 98 77 97
3 179 98 77
3 158 179 77
3 686 241 220
3 661 686 220
3 687 242 241
3 687 241 686
3 662 687 686
3 662 686 661
3 662 661 220
3 221 662 220
3 221 220 241
3 242 221 241
3 687 242 221
3 662 687 221
3 3078 3057 3144
3 3168 3078 3144
3 3058 3057 3078
3 3079 3058 3078
3 3169 3079 3078
3 3169 3078 3168
3 3145 3169 3168
3 3145 3168 3144
3 3145 3144 3057
3 3058 3145 3057
3 3079 3058 3145
3 3169 3079 3145
3 4660 4639 4954
3 4975 4660 4954
3 4640 4639 4660
3 4661 4640 4660
3 4976 4661 4660
3 4976 4660 4975
3 4955 4976 4975
3 4955 4975 4954
3 4955 4954 4639
3 4640 4955 4639
3 4661 4640 4955
3 4976 4661 4955
3 5651 5340 5317
3 5840 5811 6005
3 6077 5840 6005
3 5672 6077 6005
3 5651 5317 5672
3 6005 5651 5672
3 5652 5341 5340
3 5652 5340 5651
3 5652 5651 6005
3 6006 5652 6005
3 6006 6005 5811
3 5812 6006 5811
3 5812 5811 5840
3 5841 5812 5840
3 6078 5841 5840
3 6078 5840 6077
3 5673 6078 6077
3 5673 6077 5672
3 5673 5672 5317
3 5318 5673 5317
3 5318 5317 5340
3 5341 5318 5340
3 5652 5341 5318
3 5841 5812 6006
3 6078 5841 6006
3 5673 6078 6006
3 5652 5318 5673
3 6006 5652 5673
3 517 489 616
3 636 517 616
3 491 489 517
3 519 491 517
3 638 519 517
3 638 517 636
3 618 638 636
3 618 636 616
3 618 616 489
3 491 618 489
3 519 491 618
3 638 519 618
3 1382 1325 1512
3 1579 1382 1512
3 1327 1325 1382
3 1384 1327 1382
3 1581 1384 1382
3 1581 1382 1579
3 1514 1581 1579
3 1514 1579 1512
3 1514 1512 1325
3 1327 1514 1325
3 1384 1327 1514
3 1581 1384 1514
3 2336 2302 2949
3 2981 2336 2949
3 2304 2302 2336
3 2338 2304 2336
3 2983 2338 2336
3 2983 2336 2981
3 2951 2983 2981
3 2951 2981 2949
3 2951 2949 2302
3 2304 2951 2302
3 2338 2304 2951
3 2983 2338 2951
3 3281 3261 3761
3 3791 3281 3761
3 3263 3261 3281
3 3283 3263 3281
3 3793 3283 3281
3 3793 3281 3791
3 3763 3793 3791
3 3763 3791 3761
3 3763 3761 3261
3 3263 3763 3261
3 3283 3263 3763
3 3793 3283 3763
3 4043 4023 4184
3 4214 4043 4184
3 4025 4023 4043
3 4045 4025 4043
3 4216 4045 4043
3 4216 4043 4214
3 4186 4216 4214
3 4186 4214 4184
3 4186 4184 4023
3 4025 4186 4023
3 4045 4025 4186
3 4216 4045 4186
3 4427 4407 4542
3 4572 4427 4542
3 4409 4407 4427
3 4429 4409 4427
3 4574 4429 4427
3 4574 4427 4572
3 4544 4574 4572
3 4544 4572 4542
3 4544 4542 4407
3 4409 4544 4407
3 4429 4409 4544
3 4574 4429 4544
3 4851 4831 5157
3 5177 4851 5157
3 4833 4831 4851
3 4853 4833 4851
3 5179 4853 4851
3 5179 4851 5177
3 5159 5179 5177
3 5159 5177 5157
3 5159 5157 4831
3 4833 5159 4831
3 4853 4833 5159
3 5179 4853 5159
3 5561 5532 5915
3 5932 5561 5915
3 5534 5532 5561
3 5563 5534 5561
3 5934 5563 5561
3 5934 5561 5932
3 5917 5934 5932
3 5917 5932 5915
3 5917 5915 5532
3 5534 5917 5532
3 5563 5534 5917
3 5934 5563 5917
3 6275 6230 6200
3 6047 6030 6362
3 6389 6047 6362
3 6328 6389 6362
3 6275 6200 6328
3 6362 6275 6328
3 6277 6232 6230
3 6277 6230 6275
3 6277 6275 6362
3 6364 6277 6362
3 6364 6362 6030
3 6032 6364 6030
3 6032 6030 6047
3 6049 6032 6047
3 6391 6049 6047
3 6391 6047 6389
3 6330 6391 6389
3 6330 6389 6328
3 6330 6328 6200
3 6202 6330 6200
3 6202 6200 6230
3 6232 6202 6230
3 6277 6232 6202
3 6049 6032 6364
3 6391 6049 6364
3 6330 6391 6364
3 6277 6202 6330
3 6364 6277 6330
3 1064 1040 1153
3 1173 1064 1153
3 1042 1040 1064
3 1066 1042 1064
3 1175 1066 1064
3 1175 1064 1173
3 1155 1175 1173
3 1155 1173 1153
3 1155 1153 1040
3 1042 1155 1040
3 1066 1042 1155
3 1175 1066 1155
3 1616 1542 1749
3 1769 1616 1749
3 1544 1542 1616
3 1618 1544 1616
3 1771 1618 1616
3 1771 1616 1769
3 1751 1771 1769
3 1751 1769 1749
3 1751 1749 1542
3 1544 1751 1542
3 1618 1544 1751
3 1771 1618 1751
3 2031 2007 2132
3 2152 2031 2132
3 2009 2007 2031
3 2033 2009 2031
3 2154 2033 2031
3 2154 2031 2152
3 2134 2154 2152
3 2134 2152 2132
3 2134 2132 2007
3 2009 2134 2007
3 2033 2009 2134
3 2154 2033 2134
3 2476 2452 2590
3 2610 2476 2590
3 2454 2452 2476
3 2478 2454 2476
3 2612 2478 2476
3 2612 2476 2610
3 2592 2612 2610
3 2592 2610 2590
3 2592 2590 2452
3 2454 2592 2452
3 2478 2454 2592
3 2612 2478 2592
3 2749 2731 2844
3 2862 2749 2844
3 2733 2731 2749
3 2751 2733 2749
3 2864 2751 2749
3 2864 2749 2862
3 2846 2864 2862
3 2846 2862 2844
3 2846 2844 2731
3 2733 2846 2731
3 2751 2733 2846
3 2864 2751 2846
3 181 100 80
3 161 181 80
3 183 102 100
3 183 100 181
3 163 183 181
3 163 181 161
3 163 161 80
3 82 163 80
3 82 80 100
3 102 82 100
3 183 102 82
3 163 183 82
3 689 244 224
3 665 689 224
3 691 246 244
3 691 244 689
3 667 691 689
3 667 689 665
3 667 665 224
3 226 667 224
3 226 224 244
3 246 226 244
3 691 246 226
3 667 691 226
3 3081 3061 3148
3 3172 3081 3148
3 3063 3061 3081
3 3083 3063 3081
3 3174 3083 3081
3 3174 3081 3172
3 3150 3174 3172
3 3150 3172 3148
3 3150 3148 3061
3 3063 3150 3061
3 3083 3063 3150
3 3174 3083 3150
3 4663 4643 4958
3 4978 4663 4958
3 4645 4643 4663
3 4665 4645 4663
3 4980 4665 4663
3 4980 4663 4978
3 4960 4980 4978
3 4960 4978 4958
3 4960 4958 4643
3 4645 4960 4643
3 4665 4645 4960
3 4980 4665 4960
3 5654 5343 5321
3 5843 5814 6008
3 6081 5843 6008
3 5676 6081 6008
3 5654 5321 5676
3 6008 5654 5676
3 5656 5345 5343
3 5656 5343 5654
3 5656 5654 6008
3 6010 5656 6008
3 6010 6008 5814
3 5816 6010 5814
3 5816 5814 5843
3 5845 5816 5843
3 6083 5845 5843
3 6083 5843 6081
3 5678 6083 6081
3 5678 6081 5676
3 5678 5676 5321
3 5323 5678 5321
3 5323 5321 5343
3 5345 5323 5343
3 5656 5345 5323
3 5845 5816 6010
3 6083 5845 6010
3 5678 6083 6010
3 5656 5323 5678
3 6010 5656 5678
3 516 488 615
3 635 516 615
3 490 488 516
3 518 490 516
3 637 518 516
3 637 516 635
3 617 637 635
3 617 635 615
3 617 615 488
3 490 617 488
3 518 490 617
3 637 518 617
3 1381 1324 1511
3 1578 1381 1511
3 1326 1324 1381
3 1383 1326 1381
3 1580 1383 1381
3 1580 1381 1578
3 1513 1580 1578
3 1513 1578 1511
3 1513 1511 1324
3 1326 1513 1324
3 1383 1326 1513
3 1580 1383 1513
3 2335 2301 2948
3 2980 2335 2948
3 2303 2301 2335
3 2337 2303 2335
3 2982 2337 2335
3 2982 2335 2980
3 2950 2982 2980
3 2950 2980 2948
3 2950 2948 2301
3 2303 2950 2301
3 2337 2303 2950
3 2982 2337 2950
3 3280 3260 3760
3 3790 3280 3760
3 3262 3260 3280
3 3282 3262 3280
3 3792 3282 3280
3 3792 3280 3790
3 3762 3792 3790
3 3762 3790 3760
3 3762 3760 3260
3 3262 3762 3260
3 3282 3262 3762
3 3792 3282 3762
3 4042 4022 4183
3 4213 4042 4183
3 4024 4022 4042
3 4044 4024 4042
3 4215 4044 4042
3 4215 4042 4213
3 4185 4215 4213
3 4185 4213 4183
3 4185 4183 4022
3 4024 4185 4022
3 4044 4024 4185
3 4215 4044 4185
3 4426 4406 4541
3 4571 4426 4541
3 4408 4406 4426
3 4428 4408 4426
3 4573 4428 4426
3 4573 4426 4571
3 4543 4573 4571
3 4543 4571 4541
3 4543 4541 4406
3 4408 4543 4406
3 4428 4408 4543
3 4573 4428 4543
3 4850 4830 5156
3 5176 4850 5156
3 4832 4830 4850
3 4852 4832 4850
3 5178 4852 4850
3 5178 4850 5176
3 5158 5178 5176
3 5158 5176 5156
3 5158 5156 4830
3 4832 5158 4830
3 4852 4832 5158
3 5178 4852 5158
3 5560 5531 5914
3 5931 5560 5914
3 5533 5531 5560
3 5562 5533 5560
3 5933 5562 5560
3 5933 5560 5931
3 5916 5933 5931
3 5916 5931 5914
3 5916 5914 5531
3 5533 5916 5531
3 5562 5533 5916
3 5933 5562 5916
3 6274 6229 6199
3 6046 6029 6361
3 6388 6046 6361
3 6327 6388 6361
3 6274 6199 6327
3 6361 6274 6327
3 6276 6231 6229
3 6276 6229 6274
3 6276 6274 6361
3 6363 6276 6361
3 6363 6361 6029
3 6031 6363 6029
3 6031 6029 6046
3 6048 6031 6046
3 6390 6048 6046
3 6390 6046 6388
3 6329 6390 6388
3 6329 6388 6327
3 6329 6327 6199
3 6201 6329 6199
3 6201 6199 6229
3 6231 6201 6229
3 6276 6231 6201
3 6048 6031 6363
3 6390 6048 6363
3 6329 6390 6363
3 6276 6201 6329
3 6363 6276 6329
3 1063 1039 1152
3 1172 1063 1152
3 1041 1039 1063
3 1065 1041 1063
3 1174 1065 1063
3 1174 1063 1172
3 1154 1174 1172
3 1154 1172 1152
3 1154 1152 1039
3 1041 1154 1039
3 1065 1041 1154
3 1174 1065 1154
3 1615 1541 1748
3 1768 1615 1748
3 1543 1541 1615
3 1617 1543 1615
3 1770 1617 1615
3 1770 1615 1768
3 1750 1770 1768
3 1750 1768 1748
3 1750 1748 1541
3 1543 1750 1541
3 1617 1543 1750
3 1770 1617 1750
3 2030 2006 2131
3 2151 2030 2131
3 2008 2006 2030
3 2032 2008 2030
3 2153 2032 2030
3 2153 2030 2151
3 2133 2153 2151
3 2133 2151 2131
3 2133 2131 2006
3 2008 2133 2006
3 2032 2008 2133
3 2153 2032 2133
3 2475 2451 2589
3 2609 2475 2589
3 2453 2451 2475
3 2477 2453 2475
3 2611 2477 2475
3 2611 2475 2609
3 2591 2611 2609
3 2591 2609 2589
3 2591 2589 2451
3 2453 2591 2451
3 2477 2453 2591
3 2611 2477 2591
3 2748 2730 2843
3 2861 2748 2843
3 2732 2730 2748
3 2750 2732 2748
3 2863 2750 2748
3 2863 2748 2861
3 2845 2863 2861
3 2845 2861 2843
3 2845 2843 2730
3 2732 2845 2730
3 2750 2732 2845
3 2863 2750 2845
3 180 99 79
3 160 180 79
3 182 101 99
3 182 99 180
3 162 182 180
3 162 180 160
3 162 160 79
3 81 162 79
3 81 79 99
3 101 81 99
3 182 101 81
3 162 182 81
3 688 243 223
3 664 688 223
3 690 245 243
3 690 243 688
3 666 690 688
3 666 688 664
3 666 664 223
3 225 666 223
3 225 223 243
3 245 225 243
3 690 245 225
3 666 690 225
3 3080 3060 3147
3 3171 3080 3147
3 3062 3060 3080
3 3082 3062 3080
3 3173 3082 3080
3 3173 3080 3171
3 3149 3173 3171
3 3149 3171 3147
3 3149 3147 3060
3 3062 3149 3060
3 3082 3062 3149
3 3173 3082 3149
3 4662 4642 4957
3 4977 4662 4957
3 4644 4642 4662
3 4664 4644 4662
3 4979 4664 4662
3 4979 4662 4977
3 4959 4979 4977
3 4959 4977 4957
3 4959 4957 4642
3 4644 4959 4642
3 4664 4644 4959
3 4979 4664 4959
3 5653 5342 5320
3 5842 5813 6007
3 6080 5842 6007
3 5675 6080 6007
3 5653 5320 5675
3 6007 5653 5675
3 5655 5344 5342
3 5655 5342 5653
3 5655 5653 6007
3 6009 5655 6007
3 6009 6007 5813
3 5815 6009 5813
3 5815 5813 5842
3 5844 5815 5842
3 6082 5844 5842
3 6082 5842 6080
3 5677 6082 6080
3 5677 6080 5675
3 5677 5675 5320
3 5322 5677 5320
3 5322 5320 5342
3 5344 5322 5342
3 5655 5344 5322
3 5844 5815 6009
3 6082 5844 6009
3 5677 6082 6009
3 5655 5322 5677
3 6009 5655 5677
3 521 492 619
3 640 521 619
3 493 492 521
3 522 493 521
3 641 522 521
3 641 521 640
3 620 641 640
3 620 640 619
3 620 619 492
3 493 620 492
3 522 493 620
3 641 522 620
3 1386 1328 1515
3 1583 1386 1515
3 1329 1328 1386
3 1387 1329 1386
3 1584 1387 1386
3 1584 1386 1583
3 1516 1584 1583
3 1516 1583 1515
3 1516 1515 1328
3 1329 1516 1328
3 1387 1329 1516
3 1584 1387 1516
3 2340 2305 2952
3 2985 2340 2952
3 2306 2305 2340
3 2341 2306 2340
3 2986 2341 2340
3 2986 2340 2985
3 2953 2986 2985
3 2953 2985 2952
3 2953 2952 2305
3 2306 2953 2305
3 2341 2306 2953
3 2986 2341 2953
3 3285 3264 3764
3 3795 3285 3764
3 3265 3264 3285
3 3286 3265 3285
3 3796 3286 3285
3 3796 3285 3795
3 3765 3796 3795
3 3765 3795 3764
3 3765 3764 3264
3 3265 3765 3264
3 3286 3265 3765
3 3796 3286 3765
3 4047 4026 4187
3 4218 4047 4187
3 4027 4026 4047
3 4048 4027 4047
3 4219 4048 4047
3 4219 4047 4218
3 4188 4219 4218
3 4188 4218 4187
3 4188 4187 4026
3 4027 4188 4026
3 4048 4027 4188
3 4219 4048 4188
3 4431 4410 4545
3 4576 4431 4545
3 4411 4410 4431
3 4432 4411 4431
3 4577 4432 4431
3 4577 4431 4576
3 4546 4577 4576
3 4546 4576 4545
3 4546 4545 4410
3 4411 4546 4410
3 4432 4411 4546
3 4577 4432 4546
3 4855 4834 5160
3 5181 4855 5160
3 4835 4834 4855
3 4856 4835 4855
3 5182 4856 4855
3 5182 4855 5181
3 5161 5182 5181
3 5161 5181 5160
3 5161 5160 4834
3 4835 5161 4834
3 4856 4835 5161
3 5182 4856 5161
3 5565 5535 5918
3 5936 5565 5918
3 5536 5535 5565
3 5566 5536 5565
3 5937 5566 5565
3 5937 5565 5936
3 5919 5937 5936
3 5919 5936 5918
3 5919 5918 5535
3 5536 5919 5535
3 5566 5536 5919
3 5937 5566 5919
3 6278 6233 6204
3 6051 6033 6365
3 6393 6051 6365
3 6332 6393 6365
3 6278 6204 6332
3 6365 6278 6332
3 6279 6234 6233
3 6279 6233 6278
3 6279 6278 6365
3 6366 6279 6365
3 6366 6365 6033
3 6034 6366 6033
3 6034 6033 6051
3 6052 6034 6051
3 6394 6052 6051
3 6394 6051 6393
3 6333 6394 6393
3 6333 6393 6332
3 6333 6332 6204
3 6205 6333 6204
3 6205 6204 6233
3 6234 6205 6233
3 6279 6234 6205
3 6052 6034 6366
3 6394 6052 6366
3 6333 6394 6366
3 6279 6205 6333
3 6366 6279 6333
3 1068 1044 1157
3 1176 1068 1157
3 1045 1044 1068
3 1069 1045 1068
3 1177 1069 1068
3 1177 1068 1176
3 1158 1177 1176
3 1158 1176 1157
3 1158 1157 1044
3 1045 1158 1044
3 1069 1045 1158
3 1177 1069 1158
3 1620 1546 1753
3 1772 1620 1753
3 1547 1546 1620
3 1621 1547 1620
3 1773 1621 1620
3 1773 1620 1772
3 1754 1773 1772
3 1754 1772 1753
3 1754 1753 1546
3 1547 1754 1546
3 1621 1547 1754
3 1773 1621 1754
3 2035 2011 2136
3 2155 2035 2136
3 2012 2011 2035
3 2036 2012 2035
3 2156 2036 2035
3 2156 2035 2155
3 2137 2156 2155
3 2137 2155 2136
3 2137 2136 2011
3 2012 2137 2011
3 2036 2012 2137
3 2156 2036 2137
3 2480 2456 2594
3 2613 2480 2594
3 2457 2456 2480
3 2481 2457 2480
3 2614 2481 2480
3 2614 2480 2613
3 2595 2614 2613
3 2595 2613 2594
3 2595 2594 2456
3 2457 2595 2456
3 2481 2457 2595
3 2614 2481 2595
3 2752 2735 2848
3 2865 2752 2848
3 2736 2735 2752
3 2753 2736 2752
3 2866 2753 2752
3 2866 2752 2865
3 2849 2866 2865
3 2849 2865 2848
3 2849 2848 2735
3 2736 2849 2735
3 2753 2736 2849
3 2866 2753 2849
3 184 103 84
3 165 184 84
3 185 104 103
3 185 103 184
3 166 185 184
3 166 184 165
3 166 165 84
3 85 166 84
3 85 84 103
3 104 85 103
3 185 104 85
3 166 185 85
3 692 247 228
3 669 692 228
3 693 248 247
3 693 247 692
3 670 693 692
3 670 692 669
3 670 669 228
3 229 670 228
3 229 228 247
3 248 229 247
3 693 248 229
3 670 693 229
3 3084 3065 3152
3 3176 3084 3152
3 3066 3065 3084
3 3085 3066 3084
3 3177 3085 3084
3 3177 3084 3176
3 3153 3177 3176
3 3153 3176 3152
3 3153 3152 3065
3 3066 3153 3065
3 3085 3066 3153
3 3177 3085 3153
3 4666 4647 4962
3 4981 4666 4962
3 4648 4647 4666
3 4667 4648 4666
3 4982 4667 4666
3 4982 4666 4981
3 4963 4982 4981
3 4963 4981 4962
3 4963 4962 4647
3 4648 4963 4647
3 4667 4648 4963
3 4982 4667 4963
3 5657 5346 5325
3 5846 5817 6011
3 6085 5846 6011
3 5680 6085 6011
3 5657 5325 5680
3 6011 5657 5680
3 5658 5347 5346
3 5658 5346 5657
3 5658 5657 6011
3 6012 5658 6011
3 6012 6011 5817
3 5818 6012 5817
3 5818 5817 5846
3 5847 5818 5846
3 6086 5847 5846
3 6086 5846 6085
3 5681 6086 6085
3 5681 6085 5680
3 5681 5680 5325
3 5326 5681 5325
3 5326 5325 5346
3 5347 5326 5346
3 5658 5347 5326
3 5847 5818 6012
3 6086 5847 6012
3 5681 6086 6012
3 5658 5326 5681
3 6012 5658 5681
3 525 495 622
3 644 525 622
3 497 495 525
3 527 497 525
3 646 527 525
3 646 525 644
3 624 646 644
3 624 644 622
3 624 622 495
3 497 624 495
3 527 497 624
3 646 527 624
3 1390 1331 1518
3 1587 1390 1518
3 1333 1331 1390
3 1392 1333 1390
3 1589 1392 1390
3 1589 1390 1587
3 1520 1589 1587
3 1520 1587 1518
3 1520 1518 1331
3 1333 1520 1331
3 1392 1333 1520
3 1589 1392 1520
3 2344 2308 2955
3 2989 2344 2955
3 2310 2308 2344
3 2346 2310 2344
3 2991 2346 2344
3 2991 2344 2989
3 2957 2991 2989
3 2957 2989 2955
3 2957 2955 2308
3 2310 2957 2308
3 2346 2310 2957
3 2991 2346 2957
3 3289 3267 3767
3 3799 3289 3767
3 3269 3267 3289
3 3291 3269 3289
3 3801 3291 3289
3 3801 3289 3799
3 3769 3801 3799
3 3769 3799 3767
3 3769 3767 3267
3 3269 3769 3267
3 3291 3269 3769
3 3801 3291 3769
3 4051 4029 4190
3 4222 4051 4190
3 4031 4029 4051
3 4053 4031 4051
3 4224 4053 4051
3 4224 4051 4222
3 4192 4224 4222
3 4192 4222 4190
3 4192 4190 4029
3 4031 4192 4029
3 4053 4031 4192
3 4224 4053 4192
3 4435 4413 4548
3 4580 4435 4548
3 4415 4413 4435
3 4437 4415 4435
3 4582 4437 4435
3 4582 4435 4580
3 4550 4582 4580
3 4550 4580 4548
3 4550 4548 4413
3 4415 4550 4413
3 4437 4415 4550
3 4582 4437 4550
3 4859 4837 5163
3 5185 4859 5163
3 4839 4837 4859
3 4861 4839 4859
3 5187 4861 4859
3 5187 4859 5185
3 5165 5187 5185
3 5165 5185 5163
3 5165 5163 4837
3 4839 5165 4837
3 4861 4839 5165
3 5187 4861 5165
3 5569 5538 5921
3 5940 5569 5921
3 5540 5538 5569
3 5571 5540 5569
3 5942 5571 5569
3 5942 5569 5940
3 5923 5942 5940
3 5923 5940 5921
3 5923 5921 5538
3 5540 5923 5538
3 5571 5540 5923
3 5942 5571 5923
3 6281 6236 6208
3 6055 6036 6368
3 6397 6055 6368
3 6336 6397 6368
3 6281 6208 6336
3 6368 6281 6336
3 6283 6238 6236
3 6283 6236 6281
3 6283 6281 6368
3 6370 6283 6368
3 6370 6368 6036
3 6038 6370 6036
3 6038 6036 6055
3 6057 6038 6055
3 6399 6057 6055
3 6399 6055 6397
3 6338 6399 6397
3 6338 6397 6336
3 6338 6336 6208
3 6210 6338 6208
3 6210 6208 6236
3 6238 6210 6236
3 6283 6238 6210
3 6057 6038 6370
3 6399 6057 6370
3 6338 6399 6370
3 6283 6210 6338
3 6370 6283 6338
3 1072 1048 1161
3 1179 1072 1161
3 1050 1048 1072
3 1074 1050 1072
3 1181 1074 1072
3 1181 1072 1179
3 1163 1181 1179
3 1163 1179 1161
3 1163 1161 1048
3 1050 1163 1048
3 1074 1050 1163
3 1181 1074 1163
3 1624 1550 1757
3 1775 1624 1757
3 1552 1550 1624
3 1626 1552 1624
3 1777 1626 1624
3 1777 1624 1775
3 1759 1777 1775
3 1759 1775 1757
3 1759 1757 1550
3 1552 1759 1550
3 1626 1552 1759
3 1777 1626 1759
3 2039 2015 2140
3 2158 2039 2140
3 2017 2015 2039
3 2041 2017 2039
3 2160 2041 2039
3 2160 2039 2158
3 2142 2160 2158
3 2142 2158 2140
3 2142 2140 2015
3 2017 2142 2015
3 2041 2017 2142
3 2160 2041 2142
3 2484 2460 2598
3 2616 2484 2598
3 2462 2460 2484
3 2486 2462 2484
3 2618 2486 2484
3 2618 2484 2616
3 2600 2618 2616
3 2600 2616 2598
3 2600 2598 2460
3 2462 2600 2460
3 2486 2462 2600
3 2618 2486 2600
3 2755 2739 2852
3 2868 2755 2852
3 2741 2739 2755
3 2757 2741 2755
3 2870 2757 2755
3 2870 2755 2868
3 2854 2870 2868
3 2854 2868 2852
3 2854 2852 2739
3 2741 2854 2739
3 2757 2741 2854
3 2870 2757 2854
3 187 106 88
3 169 187 88
3 189 108 106
3 189 106 187
3 171 189 187
3 171 187 169
3 171 169 88
3 90 171 88
3 90 88 106
3 108 90 106
3 189 108 90
3 171 189 90
3 695 250 232
3 673 695 232
3 697 252 250
3 697 250 695
3 675 697 695
3 675 695 673
3 675 673 232
3 234 675 232
3 234 232 250
3 252 234 250
3 697 252 234
3 675 697 234
3 3087 3069 3156
3 3180 3087 3156
3 3071 3069 3087
3 3089 3071 3087
3 3182 3089 3087
3 3182 3087 3180
3 3158 3182 3180
3 3158 3180 3156
3 3158 3156 3069
3 3071 3158 3069
3 3089 3071 3158
3 3182 3089 3158
3 4669 4651 4966
3 4984 4669 4966
3 4653 4651 4669
3 4671 4653 4669
3 4986 4671 4669
3 4986 4669 4984
3 4968 4986 4984
3 4968 4984 4966
3 4968 4966 4651
3 4653 4968 4651
3 4671 4653 4968
3 4986 4671 4968
3 5660 5349 5329
3 5849 5820 6014
3 6089 5849 6014
3 5684 6089 6014
3 5660 5329 5684
3 6014 5660 5684
3 5662 5351 5349
3 5662 5349 5660
3 5662 5660 6014
3 6016 5662 6014
3 6016 6014 5820
3 5822 6016 5820
3 5822 5820 5849
3 5851 5822 5849
3 6091 5851 5849
3 6091 5849 6089
3 5686 6091 6089
3 5686 6089 5684
3 5686 5684 5329
3 5331 5686 5329
3 5331 5329 5349
3 5351 5331 5349
3 5662 5351 5331
3 5851 5822 6016
3 6091 5851 6016
3 5686 6091 6016
3 5662 5331 5686
3 6016 5662 5686
3 524 494 621
3 643 524 621
3 496 494 524
3 526 496 524
3 645 526 524
3 645 524 643
3 623 645 643
3 623 643 621
3 623 621 494
3 496 623 494
3 526 496 623
3 645 526 623
3 1389 1330 1517
3 1586 1389 1517
3 1332 1330 1389
3 1391 1332 1389
3 1588 1391 1389
3 1588 1389 1586
3 1519 1588 1586
3 1519 1586 1517
3 1519 1517 1330
3 1332 1519 1330
3 1391 1332 1519
3 1588 1391 1519
3 2343 2307 2954
3 2988 2343 2954
3 2309 2307 2343
3 2345 2309 2343
3 2990 2345 2343
3 2990 2343 2988
3 2956 2990 2988
3 2956 2988 2954
3 2956 2954 2307
3 2309 2956 2307
3 2345 2309 2956
3 2990 2345 2956
3 3288 3266 3766
3 3798 3288 3766
3 3268 3266 3288
3 3290 3268 3288
3 3800 3290 3288
3 3800 3288 3798
3 3768 3800 3798
3 3768 3798 3766
3 3768 3766 3266
3 3268 3768 3266
3 3290 3268 3768
3 3800 3290 3768
3 4050 4028 4189
3 4221 4050 4189
3 4030 4028 4050
3 4052 4030 4050
3 4223 4052 4050
3 4223 4050 4221
3 4191 4223 4221
3 4191 4221 4189
3 4191 4189 4028
3 4030 4191 4028
3 4052 4030 4191
3 4223 4052 4191
3 4434 4412 4547
3 4579 4434 4547
3 4414 4412 4434
3 4436 4414 4434
3 4581 4436 4434
3 4581 4434 4579
3 4549 4581 4579
3 4549 4579 4547
3 4549 4547 4412
3 4414 4549 4412
3 4436 4414 4549
3 4581 4436 4549
3 4858 4836 5162
3 5184 4858 5162
3 4838 4836 4858
3 4860 4838 4858
3 5186 4860 4858
3 5186 4858 5184
3 5164 5186 5184
3 5164 5184 5162
3 5164 5162 4836
3 4838 5164 4836
3 4860 4838 5164
3 5186 4860 5164
3 5568 5537 5920
3 5939 5568 5920
3 5539 5537 5568
3 5570 5539 5568
3 5941 5570 5568
3 5941 5568 5939
3 5922 5941 5939
3 5922 5939 5920
3 5922 5920 5537
3 5539 5922 5537
3 5570 5539 5922
3 5941 5570 5922
3 6280 6235 6207
3 6054 6035 6367
3 6396 6054 6367
3 6335 6396 6367
3 6280 6207 6335
3 6367 6280 6335
3 6282 6237 6235
3 6282 6235 6280
3 6282 6280 6367
3 6369 6282 6367
3 6369 6367 6035
3 6037 6369 6035
3 6037 6035 6054
3 6056 6037 6054
3 6398 6056 6054
3 6398 6054 6396
3 6337 6398 6396
3 6337 6396 6335
3 6337 6335 6207
3 6209 6337 6207
3 6209 6207 6235
3 6237 6209 6235
3 6282 6237 6209
3 6056 6037 6369
3 6398 6056 6369
3 6337 6398 6369
3 6282 6209 6337
3 6369 6282 6337
3 1071 1047 1160
3 1178 1071 1160
3 1049 1047 1071
3 1073 1049 1071
3 1180 1073 1071
3 1180 1071 1178
3 1162 1180 1178
3 1162 1178 1160
3 1162 1160 1047
3 1049 1162 1047
3 1073 1049 1162
3 1180 1073 1162
3 1623 1549 1756
3 1774 1623 1756
3 1551 1549 1623
3 1625 1551 1623
3 1776 1625 1623
3 1776 1623 1774
3 1758 1776 1774
3 1758 1774 1756
3 1758 1756 1549
3 1551 1758 1549
3 1625 1551 1758
3 1776 1625 1758
3 2038 2014 2139
3 2157 2038 2139
3 2016 2014 2038
3 2040 2016 2038
3 2159 2040 2038
3 2159 2038 2157
3 2141 2159 2157
3 2141 2157 2139
3 2141 2139 2014
3 2016 2141 2014
3 2040 2016 2141
3 2159 2040 2141
3 2483 2459 2597
3 2615 2483 2597
3 2461 2459 2483
3 2485 2461 2483
3 2617 2485 2483
3 2617 2483 2615
3 2599 2617 2615
3 2599 2615 2597
3 2599 2597 2459
3 2461 2599 2459
3 2485 2461 2599
3 2617 2485 2599
3 2754 2738 2851
3 2867 2754 2851
3 2740 2738 2754
3 2756 2740 2754
3 2869 2756 2754
3 2869 2754 2867
3 2853 2869 2867
3 2853 2867 2851
3 2853 2851 2738
3 2740 2853 2738
3 2756 2740 2853
3 2869 2756 2853
3 186 105 87
3 168 186 87
3 188 107 105
3 188 105 186
3 170 188 186
3 170 186 168
3 170 168 87
3 89 170 87
3 89 87 105
3 107 89 105
3 188 107 89
3 170 188 89
3 694 249 231
3 672 694 231
3 696 251 249
3 696 249 694
3 674 696 694
3 674 694 672
3 674 672 231
3 233 674 231
3 233 231 249
3 251 233 249
3 696 251 233
3 674 696 233
3 3086 3068 3155
3 3179 3086 3155
3 3070 3068 3086
3 3088 3070 3086
3 3181 3088 3086
3 3181 3086 3179
3 3157 3181 3179
3 3157 3179 3155
3 3157 3155 3068
3 3070 3157 3068
3 3088 3070 3157
3 3181 3088 3157
3 4668 4650 4965
3 4983 4668 4965
3 4652 4650 4668
3 4670 4652 4668
3 4985 4670 4668
3 4985 4668 4983
3 4967 4985 4983
3 4967 4983 4965
3 4967 4965 4650
3 4652 4967 4650
3 4670 4652 4967
3 4985 4670 4967
3 5659 5348 5328
3 5848 5819 6013
3 6088 5848 6013
3 5683 6088 6013
3 5659 5328 5683
3 6013 5659 5683
3 5661 5350 5348
3 5661 5348 5659
3 5661 5659 6013
3 6015 5661 6013
3 6015 6013 5819
3 5821 6015 5819
3 5821 5819 5848
3 5850 5821 5848
3 6090 5850 5848
3 6090 5848 6088
3 5685 6090 6088
3 5685 6088 5683
3 5685 5683 5328
3 5330 5685 5328
3 5330 5328 5348
3 5350 5330 5348
3 5661 5350 5330
3 5850 5821 6015
3 6090 5850 6015
3 5685 6090 6015
3 5661 5330 5685
3 6015 5661 5685
3 515 453 593
3 634 515 593
3 454 453 515
3 516 454 515
3 635 516 515
3 635 515 634
3 594 635 634
3 594 634 593
3 594 593 453
3 454 594 453
3 516 454 594
3 635 516 594
3 1380 1253 1457
3 1577 1380 1457
3 1254 1253 1380
3 1381 1254 1380
3 1578 1381 1380
3 1578 1380 1577
3 1458 1578 1577
3 1458 1577 1457
3 1458 1457 1253
3 1254 1458 1253
3 1381 1254 1458
3 1578 1381 1458
3 2244 2877 2979
3 2334 2244 2979
3 2878 2877 2244
3 2245 2878 2244
3 2245 2244 2334
3 2335 2245 2334
3 2980 2335 2334
3 2980 2334 2979
3 2878 2980 2979
3 2878 2979 2877
3 2245 2878 2980
3 2335 2245 2980
3 3279 3191 3706
3 3789 3279 3706
3 3192 3191 3279
3 3280 3192 3279
3 3790 3280 3279
3 3790 3279 3789
3 3707 3790 3789
3 3707 3789 3706
3 3707 3706 3191
3 3192 3707 3191
3 3280 3192 3707
3 3790 3280 3707
3 4041 3967 4129
3 4212 4041 4129
3 3968 3967 4041
3 4042 3968 4041
3 4213 4042 4041
3 4213 4041 4212
3 4130 4213 4212
3 4130 4212 4129
3 4130 4129 3967
3 3968 4130 3967
3 4042 3968 4130
3 4213 4042 4130
3 4425 4351 4487
3 4570 4425 4487
3 4352 4351 4425
3 4426 4352 4425
3 4571 4426 4425
3 4571 4425 4570
3 4488 4571 4570
3 4488 4570 4487
3 4488 4487 4351
3 4352 4488 4351
3 4426 4352 4488
3 4571 4426 4488
3 4849 4775 5108
3 5175 4849 5108
3 4776 4775 4849
3 4850 4776 4849
3 5176 4850 4849
3 5176 4849 5175
3 5109 5176 5175
3 5109 5175 5108
3 5109 5108 4775
3 4776 5109 4775
3 4850 4776 5109
3 5176 4850 5109
3 5559 5493 5879
3 5930 5559 5879
3 5494 5493 5559
3 5560 5494 5559
3 5931 5560 5559
3 5931 5559 5930
3 5880 5931 5930
3 5880 5930 5879
3 5880 5879 5493
3 5494 5880 5493
3 5560 5494 5880
3 5931 5560 5880
3 6288 6198 6326
3 6045 5973 6288
3 6387 6045 6288
3 6326 6387 6288
3 6199 6198 6288
3 6289 6199 6288
3 6289 6288 5973
3 5974 6289 5973
3 5974 5973 6045
3 6046 5974 6045
3 6388 6046 6045
3 6388 6045 6387
3 6327 6388 6387
3 6327 6387 6326
3 6327 6326 6198
3 6199 6327 6198
3 6289 6199 6327
3 6046 5974 6289
3 6388 6046 6289
3 6327 6388 6289
3 1083 1038 1151
3 1219 1239 1083
3 1188 1219 1083
3 1151 1188 1083
3 1039 1038 1083
3 1084 1039 1083
3 1240 1084 1083
3 1240 1083 1239
3 1220 1240 1239
3 1220 1239 1219
3 1220 1219 1188
3 1189 1220 1188
3 1152 1189 1188
3 1152 1188 1151
3 1152 1151 1038
3 1039 1152 1038
3 1084 1039 1152
3 1220 1240 1084
3 1189 1220 1084
3 1152 1189 1084
3 1677 1540 1747
3 1802 1840 1677
3 1784 1802 1677
3 1747 1784 1677
3 1541 1540 1677
3 1678 1541 1677
3 1841 1678 1677
3 1841 1677 1840
3 1803 1841 1840
3 1803 1840 1802
3 1803 1802 1784
3 1785 1803 1784
3 1748 1785 1784
3 1748 1784 1747
3 1748 1747 1540
3 1541 1748 1540
3 1678 1541 1748
3 1803 1841 1678
3 1785 1803 1678
3 1748 1785 1678
3 2050 2005 2130
3 2211 2270 2050
3 2193 2211 2050
3 2130 2193 2050
3 2006 2005 2050
3 2051 2006 2050
3 2271 2051 2050
3 2271 2050 2270
3 2212 2271 2270
3 2212 2270 2211
3 2212 2211 2193
3 2194 2212 2193
3 2131 2194 2193
3 2131 2193 2130
3 2131 2130 2005
3 2006 2131 2005
3 2051 2006 2131
3 2212 2271 2051
3 2194 2212 2051
3 2131 2194 2051
3 117 78 159
3 58 19 117
3 770 58 117
3 704 718 770
3 222 663 704
3 259 222 704
3 117 159 196
3 770 117 196
3 259 704 770
3 196 259 770
3 79 78 117
3 118 79 117
3 118 117 19
3 20 118 19
3 20 19 58
3 59 20 58
3 771 59 58
3 771 58 770
3 719 771 770
3 719 770 718
3 719 718 704
3 705 719 704
3 664 705 704
3 664 704 663
3 664 663 222
3 223 664 222
3 223 222 259
3 260 223 259
3 260 259 196
3 197 260 196
3 160 197 196
3 160 196 159
3 160 159 78
3 79 160 78
3 118 79 160
3 59 20 118
3 771 59 118
3 705 719 771
3 223 664 705
3 260 223 705
3 118 160 197
3 771 118 197
3 260 705 771
3 197 260 771
3 4678 4641 4956
3 4704 4621 4678
3 5025 4704 4678
3 5011 5025 4678
3 4993 5011 4678
3 4956 4993 4678
3 4642 4641 4678
3 4679 4642 4678
3 4679 4678 4621
3 4622 4679 4621
3 4622 4621 4704
3 4705 4622 4704
3 5026 4705 4704
3 5026 4704 5025
3 5012 5026 5025
3 5012 5025 5011
3 5012 5011 4993
3 4994 5012 4993
3 4957 4994 4993
3 4957 4993 4956
3 4957 4956 4641
3 4642 4957 4641
3 4679 4642 4957
3 4705 4622 4679
3 5026 4705 4679
3 5012 5026 4679
3 4994 5012 4679
3 4957 4994 4679
3 5407 5299 5370
3 5607 5407 5370
3 6079 5774 5607
3 5674 6079 5607
3 5319 5674 5607
3 5370 5319 5607
3 5300 5299 5407
3 5408 5300 5407
3 5608 5408 5407
3 5608 5407 5607
3 5608 5607 5774
3 5775 5608 5774
3 6080 5775 5774
3 6080 5774 6079
3 5675 6080 6079
3 5675 6079 5674
3 5675 5674 5319
3 5320 5675 5319
3 5320 5319 5370
3 5371 5320 5370
3 5371 5370 5299
3 5300 5371 5299
3 5408 5300 5371
3 5608 5408 5371
3 6080 5775 5608
3 5675 6080 5608
3 5320 5675 5608
3 5371 5320 5608
3 2507 2450 2588
3 3146 3312 2507
3 3096 3059 3146
3 2729 2842 2904
3 2768 2729 2904
3 2653 2768 2904
3 2507 2588 2653
3 3096 3146 2507
3 2904 3096 2507
3 2653 2904 2507
3 2451 2450 2507
3 2508 2451 2507
3 3313 2508 2507
3 3313 2507 3312
3 3147 3313 3312
3 3147 3312 3146
3 3147 3146 3059
3 3060 3147 3059
3 3060 3059 3096
3 3097 3060 3096
3 3097 3096 2904
3 2905 3097 2904
3 2843 2905 2904
3 2843 2904 2842
3 2843 2842 2729
3 2730 2843 2729
3 2730 2729 2768
3 2769 2730 2768
3 2769 2768 2653
3 2654 2769 2653
3 2589 2654 2653
3 2589 2653 2588
3 2589 2588 2450
3 2451 2589 2450
3 2508 2451 2589
3 3147 3313 2508
3 3097 3060 3147
3 2730 2843 2905
3 2769 2730 2905
3 2654 2769 2905
3 2508 2589 2654
3 3097 3147 2508
3 2905 3097 2508
3 2654 2905 2508
3 523 457 597
3 642 523 597
3 458 457 523
3 524 458 523
3 643 524 523
3 643 523 642
3 598 643 642
3 598 642 597
3 598 597 457
3 458 598 457
3 524 458 598
3 643 524 598
3 1388 1257 1461
3 1585 1388 1461
3 1258 1257 1388
3 1389 1258 1388
3 1586 1389 1388
3 1586 1388 1585
3 1462 1586 1585
3 1462 1585 1461
3 1462 1461 1257
3 1258 1462 1257
3 1389 1258 1462
3 1586 1389 1462
3 2248 2881 2987
3 2342 2248 2987
3 2882 2881 2248
3 2249 2882 2248
3 2249 2248 2342
3 2343 2249 2342
3 2988 2343 2342
3 2988 2342 2987
3 2882 2988 2987
3 2882 2987 2881
3 2249 2882 2988
3 2343 2249 2988
3 3287 3195 3710
3 3797 3287 3710
3 3196 3195 3287
3 3288 3196 3287
3 3798 3288 3287
3 3798 3287 3797
3 3711 3798 3797
3 3711 3797 3710
3 3711 3710 3195
3 3196 3711 3195
3 3288 3196 3711
3 3798 3288 3711
3 4049 3971 4133
3 4220 4049 4133
3 3972 3971 4049
3 4050 3972 4049
3 4221 4050 4049
3 4221 4049 4220
3 4134 4221 4220
3 4134 4220 4133
3 4134 4133 3971
3 3972 4134 3971
3 4050 3972 4134
3 4221 4050 4134
3 4433 4355 4491
3 4578 4433 4491
3 4356 4355 4433
3 4434 4356 4433
3 4579 4434 4433
3 4579 4433 4578
3 4492 4579 4578
3 4492 4578 4491
3 4492 4491 4355
3 4356 4492 4355
3 4434 4356 4492
3 4579 4434 4492
3 4857 4779 5112
3 5183 4857 5112
3 4780 4779 4857
3 4858 4780 4857
3 5184 4858 4857
3 5184 4857 5183
3 5113 5184 5183
3 5113 5183 5112
3 5113 5112 4779
3 4780 5113 4779
3 4858 4780 5113
3 5184 4858 5113
3 5567 5497 5883
3 5938 5567 5883
3 5498 5497 5567
3 5568 5498 5567
3 5939 5568 5567
3 5939 5567 5938
3 5884 5939 5938
3 5884 5938 5883
3 5884 5883 5497
3 5498 5884 5497
3 5568 5498 5884
3 5939 5568 5884
3 6292 6206 6334
3 6053 5977 6292
3 6395 6053 6292
3 6334 6395 6292
3 6207 6206 6292
3 6293 6207 6292
3 6293 6292 5977
3 5978 6293 5977
3 5978 5977 6053
3 6054 5978 6053
3 6396 6054 6053
3 6396 6053 6395
3 6335 6396 6395
3 6335 6395 6334
3 6335 6334 6206
3 6207 6335 6206
3 6293 6207 6335
3 6054 5978 6293
3 6396 6054 6293
3 6335 6396 6293
3 1087 1046 1159
3 1223 1243 1087
3 1192 1223 1087
3 1159 1192 1087
3 1047 1046 1087
3 1088 1047 1087
3 1244 1088 1087
3 1244 1087 1243
3 1224 1244 1243
3 1224 1243 1223
3 1224 1223 1192
3 1193 1224 1192
3 1160 1193 1192
3 1160 1192 1159
3 1160 1159 1046
3 1047 1160 1046
3 1088 1047 1160
3 1224 1244 1088
3 1193 1224 1088
3 1160 1193 1088
3 1681 1548 1755
3 1806 1844 1681
3 1788 1806 1681
3 1755 1788 1681
3 1549 1548 1681
3 1682 1549 1681
3 1845 1682 1681
3 1845 1681 1844
3 1807 1845 1844
3 1807 1844 1806
3 1807 1806 1788
3 1789 1807 1788
3 1756 1789 1788
3 1756 1788 1755
3 1756 1755 1548
3 1549 1756 1548
3 1682 1549 1756
3 1807 1845 1682
3 1789 1807 1682
3 1756 1789 1682
3 2054 2013 2138
3 2215 2274 2054
3 2197 2215 2054
3 2138 2197 2054
3 2014 2013 2054
3 2055 2014 2054
3 2275 2055 2054
3 2275 2054 2274
3 2216 2275 2274
3 2216 2274 2215
3 2216 2215 2197
3 2198 2216 2197
3 2139 2198 2197
3 2139 2197 2138
3 2139 2138 2013
3 2014 2139 2013
3 2055 2014 2139
3 2216 2275 2055
3 2198 2216 2055
3 2139 2198 2055
3 121 86 167
3 62 23 121
3 774 62 121
3 708 722 774
3 230 671 708
3 263 230 708
3 121 167 200
3 774 121 200
3 263 708 774
3 200 263 774
3 87 86 121
3 122 87 121
3 122 121 23
3 24 122 23
3 24 23 62
3 63 24 62
3 775 63 62
3 775 62 774
3 723 775 774
3 723 774 722
3 723 722 708
3 709 723 708
3 672 709 708
3 672 708 671
3 672 671 230
3 231 672 230
3 231 230 263
3 264 231 263
3 264 263 200
3 201 264 200
3 168 201 200
3 168 200 167
3 168 167 86
3 87 168 86
3 122 87 168
3 63 24 122
3 775 63 122
3 709 723 775
3 231 672 709
3 264 231 709
3 122 168 201
3 775 122 201
3 264 709 775
3 201 264 775
3 4682 4649 4964
3 4708 4625 4682
3 5029 4708 4682
3 5015 5029 4682
3 4997 5015 4682
3 4964 4997 4682
3 4650 4649 4682
3 4683 4650 4682
3 4683 4682 4625
3 4626 4683 4625
3 4626 4625 4708
3 4709 4626 4708
3 5030 4709 4708
3 5030 4708 5029
3 5016 5030 5029
3 5016 5029 5015
3 5016 5015 4997
3 4998 5016 4997
3 4965 4998 4997
3 4965 4997 4964
3 4965 4964 4649
3 4650 4965 4649
3 4683 4650 4965
3 4709 4626 4683
3 5030 4709 4683
3 5016 5030 4683
3 4998 5016 4683
3 4965 4998 4683
3 5411 5303 5374
3 5611 5411 5374
3 6087 5778 5611
3 5682 6087 5611
3 5327 5682 5611
3 5374 5327 5611
3 5304 5303 5411
3 5412 5304 5411
3 5612 5412 5411
3 5612 5411 5611
3 5612 5611 5778
3 5779 5612 5778
3 6088 5779 5778
3 6088 5778 6087
3 5683 6088 6087
3 5683 6087 5682
3 5683 5682 5327
3 5328 5683 5327
3 5328 5327 5374
3 5375 5328 5374
3 5375 5374 5303
3 5304 5375 5303
3 5412 5304 5375
3 5612 5412 5375
3 6088 5779 5612
3 5683 6088 5612
3 5328 5683 5612
3 5375 5328 5612
3 2511 2458 2596
3 3154 3316 2511
3 3100 3067 3154
3 2737 2850 2908
3 2772 2737 2908
3 2657 2772 2908
3 2511 2596 2657
3 3100 3154 2511
3 2908 3100 2511
3 2657 2908 2511
3 2459 2458 2511
3 2512 2459 2511
3 3317 2512 2511
3 3317 2511 3316
3 3155 3317 3316
3 3155 3316 3154
3 3155 3154 3067
3 3068 3155 3067
3 3068 3067 3100
3 3101 3068 3100
3 3101 3100 2908
3 2909 3101 2908
3 2851 2909 2908
3 2851 2908 2850
3 2851 2850 2737
3 2738 2851 2737
3 2738 2737 2772
3 2773 2738 2772
3 2773 2772 2657
3 2658 2773 2657
3 2597 2658 2657
3 2597 2657 2596
3 2597 2596 2458
3 2459 2597 2458
3 2512 2459 2597
3 3155 3317 2512
3 3101 3068 3155
3 2738 2851 2909
3 2773 2738 2909
3 2658 2773 2909
3 2512 2597 2658
3 3101 3155 2512
3 2909 3101 2512
3 2658 2909 2512
3 512 451 591
3 631 512 591
3 452 451 512
3 513 452 512
3 632 513 512
3 632 512 631
3 592 632 631
3 592 631 591
3 592 591 451
3 452 592 451
3 513 452 592
3 632 513 592
3 1377 1251 1455
3 1574 1377 1455
3 1252 1251 1377
3 1378 1252 1377
3 1575 1378 1377
3 1575 1377 1574
3 1456 1575 1574
3 1456 1574 1455
3 1456 1455 1251
3 1252 1456 1251
3 1378 1252 1456
3 1575 1378 1456
3 2242 2875 2976
3 2331 2242 2976
3 2876 2875 2242
3 2243 2876 2242
3 2243 2242 2331
3 2332 2243 2331
3 2977 2332 2331
3 2977 2331 2976
3 2876 2977 2976
3 2876 2976 2875
3 2243 2876 2977
3 2332 2243 2977
3 3276 3189 3704
3 3786 3276 3704
3 3190 3189 3276
3 3277 3190 3276
3 3787 3277 3276
3 3787 3276 3786
3 3705 3787 3786
3 3705 3786 3704
3 3705 3704 3189
3 3190 3705 3189
3 3277 3190 3705
3 3787 3277 3705
3 4038 3965 4127
3 4209 4038 4127
3 3966 3965 4038
3 4039 3966 4038
3 4210 4039 4038
3 4210 4038 4209
3 4128 4210 4209
3 4128 4209 4127
3 4128 4127 3965
3 3966 4128 3965
3 4039 3966 4128
3 4210 4039 4128
3 4422 4349 4485
3 4567 4422 4485
3 4350 4349 4422
3 4423 4350 4422
3 4568 4423 4422
3 4568 4422 4567
3 4486 4568 4567
3 4486 4567 4485
3 4486 4485 4349
3 4350 4486 4349
3 4423 4350 4486
3 4568 4423 4486
3 4846 4773 5106
3 5172 4846 5106
3 4774 4773 4846
3 4847 4774 4846
3 5173 4847 4846
3 5173 4846 5172
3 5107 5173 5172
3 5107 5172 5106
3 5107 5106 4773
3 4774 5107 4773
3 4847 4774 5107
3 5173 4847 5107
3 5556 5491 5877
3 5927 5556 5877
3 5492 5491 5556
3 5557 5492 5556
3 5928 5557 5556
3 5928 5556 5927
3 5878 5928 5927
3 5878 5927 5877
3 5878 5877 5491
3 5492 5878 5491
3 5557 5492 5878
3 5928 5557 5878
3 6286 6195 6323
3 6042 5971 6286
3 6384 6042 6286
3 6323 6384 6286
3 6196 6195 6286
3 6287 6196 6286
3 6287 6286 5971
3 5972 6287 5971
3 5972 5971 6042
3 6043 5972 6042
3 6385 6043 6042
3 6385 6042 6384
3 6324 6385 6384
3 6324 6384 6323
3 6324 6323 6195
3 6196 6324 6195
3 6287 6196 6324
3 6043 5972 6287
3 6385 6043 6287
3 6324 6385 6287
3 1081 1035 1148
3 1217 1237 1081
3 1186 1217 1081
3 1148 1186 1081
3 1036 1035 1081
3 1082 1036 1081
3 1238 1082 1081
3 1238 1081 1237
3 1218 1238 1237
3 1218 1237 1217
3 1218 1217 1186
3 1187 1218 1186
3 1149 1187 1186
3 1149 1186 1148
3 1149 1148 1035
3 1036 1149 1035
3 1082 1036 1149
3 1218 1238 1082
3 1187 1218 1082
3 1149 1187 1082
3 1675 1537 1744
3 1800 1838 1675
3 1782 1800 1675
3 1744 1782 1675
3 1538 1537 1675
3 1676 1538 1675
3 1839 1676 1675
3 1839 1675 1838
3 1801 1839 1838
3 1801 1838 1800
3 1801 1800 1782
3 1783 1801 1782
3 1745 1783 1782
3 1745 1782 1744
3 1745 1744 1537
3 1538 1745 1537
3 1676 1538 1745
3 1801 1839 1676
3 1783 1801 1676
3 1745 1783 1676
3 2048 2002 2127
3 2209 2268 2048
3 2191 2209 2048
3 2127 2191 2048
3 2003 2002 2048
3 2049 2003 2048
3 2269 2049 2048
3 2269 2048 2268
3 2210 2269 2268
3 2210 2268 2209
3 2210 2209 2191
3 2192 2210 2191
3 2128 2192 2191
3 2128 2191 2127
3 2128 2127 2002
3 2003 2128 2002
3 2049 2003 2128
3 2210 2269 2049
3 2192 2210 2049
3 2128 2192 2049
3 115 75 156
3 56 17 115
3 768 56 115
3 702 716 768
3 219 660 702
3 257 219 702
3 115 156 194
3 768 115 194
3 257 702 768
3 194 257 768
3 76 75 115
3 116 76 115
3 116 115 17
3 18 116 17
3 18 17 56
3 57 18 56
3 769 57 56
3 769 56 768
3 717 769 768
3 717 768 716
3 717 716 702
3 703 717 702
3 661 703 702
3 661 702 660
3 661 660 219
3 220 661 219
3 220 219 257
3 258 220 257
3 258 257 194
3 195 258 194
3 157 195 194
3 157 194 156
3 157 156 75
3 76 157 75
3 116 76 157
3 57 18 116
3 769 57 116
3 703 717 769
3 220 661 703
3 258 220 703
3 116 157 195
3 769 116 195
3 258 703 769
3 195 258 769
3 4676 4638 4953
3 4702 4619 4676
3 5023 4702 4676
3 5009 5023 4676
3 4991 5009 4676
3 4953 4991 4676
3 4639 4638 4676
3 4677 4639 4676
3 4677 4676 4619
3 4620 4677 4619
3 4620 4619 4702
3 4703 4620 4702
3 5024 4703 4702
3 5024 4702 5023
3 5010 5024 5023
3 5010 5023 5009
3 5010 5009 4991
3 4992 5010 4991
3 4954 4992 4991
3 4954 4991 4953
3 4954 4953 4638
3 4639 4954 4638
3 4677 4639 4954
3 4703 4620 4677
3 5024 4703 4677
3 5010 5024 4677
3 4992 5010 4677
3 4954 4992 4677
3 5405 5297 5368
3 5605 5405 5368
3 6076 5772 5605
3 5671 6076 5605
3 5316 5671 5605
3 5368 5316 5605
3 5298 5297 5405
3 5406 5298 5405
3 5606 5406 5405
3 5606 5405 5605
3 5606 5605 5772
3 5773 5606 5772
3 6077 5773 5772
3 6077 5772 6076
3 5672 6077 6076
3 5672 6076 5671
3 5672 5671 5316
3 5317 5672 5316
3 5317 5316 5368
3 5369 5317 5368
3 5369 5368 5297
3 5298 5369 5297
3 5406 5298 5369
3 5606 5406 5369
3 6077 5773 5606
3 5672 6077 5606
3 5317 5672 5606
3 5369 5317 5606
3 2505 2447 2585
3 3143 3310 2505
3 3094 3056 3143
3 2726 2839 2902
3 2766 2726 2902
3 2651 2766 2902
3 2505 2585 2651
3 3094 3143 2505
3 2902 3094 2505
3 2651 2902 2505
3 2448 2447 2505
3 2506 2448 2505
3 3311 2506 2505
3 3311 2505 3310
3 3144 3311 3310
3 3144 3310 3143
3 3144 3143 3056
3 3057 3144 3056
3 3057 3056 3094
3 3095 3057 3094
3 3095 3094 2902
3 2903 3095 2902
3 2840 2903 2902
3 2840 2902 2839
3 2840 2839 2726
3 2727 2840 2726
3 2727 2726 2766
3 2767 2727 2766
3 2767 2766 2651
3 2652 2767 2651
3 2586 2652 2651
3 2586 2651 2585
3 2586 2585 2447
3 2448 2586 2447
3 2506 2448 2586
3 3144 3311 2506
3 3095 3057 3144
3 2727 2840 2903
3 2767 2727 2903
3 2652 2767 2903
3 2506 2586 2652
3 3095 3144 2506
3 2903 3095 2506
3 2652 2903 2506
3 529 460 600
3 648 529 600
3 1394 1260 1464
3 1591 1394 1464
3 2251 2884 2993
3 2348 2251 2993
3 3293 3198 3713
3 3803 3293 3713
3 4055 3974 4136
3 4226 4055 4136
3 4439 4358 4494
3 4584 4439 4494
3 4863 4782 5115
3 5189 4863 5115
3 5573 5500 5886
3 5944 5573 5886
3 6295 6212 6340
3 6059 5980 6295
3 6401 6059 6295
3 6340 6401 6295
3 1090 1052 1165
3 1226 1246 1090
3 1195 1226 1090
3 1165 1195 1090
3 1684 1554 1761
3 1809 1847 1684
3 1791 1809 1684
3 1761 1791 1684
3 2057 2019 2144
3 2218 2277 2057
3 2200 2218 2057
3 2144 2200 2057
3 124 92 173
3 65 26 124
3 777 65 124
3 711 725 777
3 236 677 711
3 266 236 711
3 124 173 203
3 777 124 203
3 266 711 777
3 203 266 777
3 4685 4655 4970
3 4711 4628 4685
3 5032 4711 4685
3 5018 5032 4685
3 5000 5018 4685
3 4970 5000 4685
3 5414 5306 5377
3 5614 5414 5377
3 6093 5781 5614
3 5688 6093 5614
3 5333 5688 5614
3 5377 5333 5614
3 2514 2464 2602
3 3160 3319 2514
3 3103 3073 3160
3 2743 2856 2911
3 2775 2743 2911
3 2660 2775 2911
3 2514 2602 2660
3 3103 3160 2514
3 2911 3103 2514
3 2660 2911 2514
3 520 455 595
3 639 520 595
3 456 455 520
3 521 456 520
3 640 521 520
3 640 520 639
3 596 640 639
3 596 639 595
3 596 595 455
3 456 596 455
3 521 456 596
3 640 521 596
3 1385 1255 1459
3 1582 1385 1459
3 1256 1255 1385
3 1386 1256 1385
3 1583 1386 1385
3 1583 1385 1582
3 1460 1583 1582
3 1460 1582 1459
3 1460 1459 1255
3 1256 1460 1255
3 1386 1256 1460
3 1583 1386 1460
3 2246 2879 2984
3 2339 2246 2984
3 2880 2879 2246
3 2247 2880 2246
3 2247 2246 2339
3 2340 2247 2339
3 2985 2340 2339
3 2985 2339 2984
3 2880 2985 2984
3 2880 2984 2879
3 2247 2880 2985
3 2340 2247 2985
3 3284 3193 3708
3 3794 3284 3708
3 3194 3193 3284
3 3285 3194 3284
3 3795 3285 3284
3 3795 3284 3794
3 3709 3795 3794
3 3709 3794 3708
3 3709 3708 3193
3 3194 3709 3193
3 3285 3194 3709
3 3795 3285 3709
3 4046 3969 4131
3 4217 4046 4131
3 3970 3969 4046
3 4047 3970 4046
3 4218 4047 4046
3 4218 4046 4217
3 4132 4218 4217
3 4132 4217 4131
3 4132 4131 3969
3 3970 4132 3969
3 4047 3970 4132
3 4218 4047 4132
3 4430 4353 4489
3 4575 4430 4489
3 4354 4353 4430
3 4431 4354 4430
3 4576 4431 4430
3 4576 4430 4575
3 4490 4576 4575
3 4490 4575 4489
3 4490 4489 4353
3 4354 4490 4353
3 4431 4354 4490
3 4576 4431 4490
3 4854 4777 5110
3 5180 4854 5110
3 4778 4777 4854
3 4855 4778 4854
3 5181 4855 4854
3 5181 4854 5180
3 5111 5181 5180
3 5111 5180 5110
3 5111 5110 4777
3 4778 5111 4777
3 4855 4778 5111
3 5181 4855 5111
3 5564 5495 5881
3 5935 5564 5881
3 5496 5495 5564
3 5565 5496 5564
3 5936 5565 5564
3 5936 5564 5935
3 5882 5936 5935
3 5882 5935 5881
3 5882 5881 5495
3 5496 5882 5495
3 5565 5496 5882
3 5936 5565 5882
3 6290 6203 6331
3 6050 5975 6290
3 6392 6050 6290
3 6331 6392 6290
3 6204 6203 6290
3 6291 6204 6290
3 6291 6290 5975
3 5976 6291 5975
3 5976 5975 6050
3 6051 5976 6050
3 6393 6051 6050
3 6393 6050 6392
3 6332 6393 6392
3 6332 6392 6331
3 6332 6331 6203
3 6204 6332 6203
3 6291 6204 6332
3 6051 5976 6291
3 6393 6051 6291
3 6332 6393 6291
3 1085 1043 1156
3 1221 1241 1085
3 1190 1221 1085
3 1156 1190 1085
3 1044 1043 1085
3 1086 1044 1085
3 1242 1086 1085
3 1242 1085 1241
3 1222 1242 1241
3 1222 1241 1221
3 1222 1221 1190
3 1191 1222 1190
3 1157 1191 1190
3 1157 1190 1156
3 1157 1156 1043
3 1044 1157 1043
3 1086 1044 1157
3 1222 1242 1086
3 1191 1222 1086
3 1157 1191 1086
3 1679 1545 1752
3 1804 1842 1679
3 1786 1804 1679
3 1752 1786 1679
3 1546 1545 1679
3 1680 1546 1679
3 1843 1680 1679
3 1843 1679 1842
3 1805 1843 1842
3 1805 1842 1804
3 1805 1804 1786
3 1787 1805 1786
3 1753 1787 1786
3 1753 1786 1752
3 1753 1752 1545
3 1546 1753 1545
3 1680 1546 1753
3 1805 1843 1680
3 1787 1805 1680
3 1753 1787 1680
3 2052 2010 2135
3 2213 2272 2052
3 2195 2213 2052
3 2135 2195 2052
3 2011 2010 2052
3 2053 2011 2052
3 2273 2053 2052
3 2273 2052 2272
3 2214 2273 2272
3 2214 2272 2213
3 2214 2213 2195
3 2196 2214 2195
3 2136 2196 2195
3 2136 2195 2135
3 2136 2135 2010
3 2011 2136 2010
3 2053 2011 2136
3 2214 2273 2053
3 2196 2214 2053
3 2136 2196 2053
3 119 83 164
3 60 21 119
3 772 60 119
3 706 720 772
3 227 668 706
3 261 227 706
3 119 164 198
3 772 119 198
3 261 706 772
3 198 261 772
3 84 83 119
3 120 84 119
3 120 119 21
3 22 120 21
3 22 21 60
3 61 22 60
3 773 61 60
3 773 60 772
3 721 773 772
3 721 772 720
3 721 720 706
3 707 721 706
3 669 707 706
3 669 706 668
3 669 668 227
3 228 669 227
3 228 227 261
3 262 228 261
3 262 261 198
3 199 262 198
3 165 199 198
3 165 198 164
3 165 164 83
3 84 165 83
3 120 84 165
3 61 22 120
3 773 61 120
3 707 721 773
3 228 669 707
3 262 228 707
3 120 165 199
3 773 120 199
3 262 707 773
3 199 262 773
3 4680 4646 4961
3 4706 4623 4680
3 5027 4706 4680
3 5013 5027 4680
3 4995 5013 4680
3 4961 4995 4680
3 4647 4646 4680
3 4681 4647 4680
3 4681 4680 4623
3 4624 4681 4623
3 4624 4623 4706
3 4707 4624 4706
3 5028 4707 4706
3 5028 4706 5027
3 5014 5028 5027
3 5014 5027 5013
3 5014 5013 4995
3 4996 5014 4995
3 4962 4996 4995
3 4962 4995 4961
3 4962 4961 4646
3 4647 4962 4646
3 4681 4647 4962
3 4707 4624 4681
3 5028 4707 4681
3 5014 5028 4681
3 4996 5014 4681
3 4962 4996 4681
3 5409 5301 5372
3 5609 5409 5372
3 6084 5776 5609
3 5679 6084 5609
3 5324 5679 5609
3 5372 5324 5609
3 5302 5301 5409
3 5410 5302 5409
3 5610 5410 5409
3 5610 5409 5609
3 5610 5609 5776
3 5777 5610 5776
3 6085 5777 5776
3 6085 5776 6084
3 5680 6085 6084
3 5680 6084 5679
3 5680 5679 5324
3 5325 5680 5324
3 5325 5324 5372
3 5373 5325 5372
3 5373 5372 5301
3 5302 5373 5301
3 5410 5302 5373
3 5610 5410 5373
3 6085 5777 5610
3 5680 6085 5610
3 5325 5680 5610
3 5373 5325 5610
3 2509 2455 2593
3 3151 3314 2509
3 3098 3064 3151
3 2734 2847 2906
3 2770 2734 2906
3 2655 2770 2906
3 2509 2593 2655
3 3098 3151 2509
3 2906 3098 2509
3 2655 2906 2509
3 2456 2455 2509
3 2510 2456 2509
3 3315 2510 2509
3 3315 2509 3314
3 3152 3315 3314
3 3152 3314 3151
3 3152 3151 3064
3 3065 3152 3064
3 3065 3064 3098
3 3099 3065 3098
3 3099 3098 2906
3 2907 3099 2906
3 2848 2907 2906
3 2848 2906 2847
3 2848 2847 2734
3 2735 2848 2734
3 2735 2734 2770
3 2771 2735 2770
3 2771 2770 2655
3 2656 2771 2655
3 2594 2656 2655
3 2594 2655 2593
3 2594 2593 2455
3 2456 2594 2455
3 2510 2456 2594
3 3152 3315 2510
3 3099 3065 3152
3 2735 2848 2907
3 2771 2735 2907
3 2656 2771 2907
3 2510 2594 2656
3 3099 3152 2510
3 2907 3099 2510
3 2656 2907 2510
3 5283 5554 5553
3 5282 5283 5553
3 919 350 370
3 961 919 370
3 978 961 370
3 1291 978 370
3 1278 1291 370
3 1346 1278 370
3 1262 1346 370
3 1466 1262 370
3 1633 1557 1466
3 1866 1646 1633
3 1820 1866 1633
3 2163 2176 1820
3 2636 2253 2227
3 2621 2636 2227
3 2924 2697 2682
3 3295 3023 2924
3 3200 3295 2924
3 3462 3200 2924
3 3447 3462 2924
3 3743 3519 3501
3 3977 3823 3743
3 3934 3977 3743
3 4166 3934 3743
3 4361 4246 4166
3 4324 4361 4166
3 4524 4324 4166
3 4785 4604 4524
3 4748 4785 4524
3 5514 5191 5117
3 5478 5514 5117
3 5888 5478 5117
3 5864 5888 5117
3 6297 5982 5958
3 6214 6297 5958
3 6173 6214 5958
3 5627 6173 5958
3 5445 5627 5958
3 1202 5445 5958
3 333 1202 5958
3 370 333 5958
3 1820 1633 1466
3 2163 1820 1466
3 2621 2227 2163
3 3447 2924 2682
3 4166 3743 3501
3 4524 4166 3501
3 4748 4524 3501
3 5117 4748 3501
3 5864 5117 3501
3 5958 5864 3501
3 370 5958 3501
3 2163 1466 370
3 2621 2163 370
3 2682 2621 370
3 3447 2682 370
3 3501 3447 370
3 369 370 333
3 332 369 333
3 332 333 1202
3 1201 332 1202
3 1201 1202 5445
3 5444 1201 5445
3 5444 5445 5627
3 5626 5444 5627
3 6172 5626 5627
3 6172 5627 6173
3 6172 6173 6214
3 6213 6172 6214
3 6296 6213 6214
3 6296 6214 6297
3 5981 6296 6297
3 5981 6297 5982
3 5981 5982 5958
3 5957 5981 5958
3 5863 5957 5958
3 5863 5958 5864
3 5887 5863 5864
3 5887 5864 5888
3 5477 5887 5888
3 5477 5888 5478
3 5513 5477 5478
3 5513 5478 5514
3 5190 5513 5514
3 5190 5514 5191
3 5190 5191 5117
3 5116 5190 5117
3 4747 5116 5117
3 4747 5117 4748
3 4784 4747 4748
3 4784 4748 4785
3 4603 4784 4785
3 4603 4785 4604
3 4603 4604 4524
3 4523 4603 4524
3 4323 4523 4524
3 4323 4524 4324
3 4360 4323 4324
3 4360 4324 4361
3 4245 4360 4361
3 4245 4361 4246
3 4245 4246 4166
3 4165 4245 4166
3 3933 4165 4166
3 3933 4166 3934
3 3976 3933 3934
3 3976 3934 3977
3 3822 3976 3977
3 3822 3977 3823
3 3822 3823 3743
3 3742 3822 3743
3 3518 3742 3743
3 3518 3743 3519
3 3518 3519 3501
3 3500 3518 3501
3 3446 3500 3501
3 3446 3501 3447
3 3461 3446 3447
3 3461 3447 3462
3 3199 3461 3462
3 3199 3462 3200
3 3294 3199 3200
3 3294 3200 3295
3 3022 3294 3295
3 3022 3295 3023
3 3022 3023 2924
3 2923 3022 2924
3 2696 2923 2924
3 2696 2924 2697
3 2696 2697 2682
3 2681 2696 2682
3 2620 2681 2682
3 2620 2682 2621
3 2635 2620 2621
3 2635 2621 2636
3 2252 2635 2636
3 2252 2636 2253
3 2252 2253 2227
3 2226 2252 2227
3 2162 2226 2227
3 2162 2227 2163
3 2175 2162 2163
3 2175 2163 2176
3 1819 2175 2176
3 1819 2176 1820
3 1865 1819 1820
3 1865 1820 1866
3 1645 1865 1866
3 1645 1866 1646
3 1645 1646 1633
3 1632 1645 1633
3 1556 1632 1633
3 1556 1633 1557
3 1556 1557 1466
3 1465 1556 1466
3 1261 1465 1466
3 1261 1466 1262
3 1345 1261 1262
3 1345 1262 1346
3 1277 1345 1346
3 1277 1346 1278
3 1290 1277 1278
3 1290 1278 1291
3 977 1290 1291
3 977 1291 978
3 977 978 961
3 960 977 961
3 918 960 961
3 918 961 919
3 918 919 350
3 349 918 350
3 349 350 370
3 369 349 370
3 918 349 369
3 960 918 369
3 977 960 369
3 1290 977 369
3 1277 1290 369
3 1345 1277 369
3 1261 1345 369
3 1465 1261 369
3 1632 1556 1465
3 1865 1645 1632
3 1819 1865 1632
3 2162 2175 1819
3 2635 2252 2226
3 2620 2635 2226
3 2923 2696 2681
3 3294 3022 2923
3 3199 3294 2923
3 3461 3199 2923
3 3446 3461 2923
3 3742 3518 3500
3 3976 3822 3742
3 3933 3976 3742
3 4165 3933 3742
3 4360 4245 4165
3 4323 4360 4165
3 4523 4323 4165
3 4784 4603 4523
3 4747 4784 4523
3 5513 5190 5116
3 5477 5513 5116
3 5887 5477 5116
3 5863 5887 5116
3 6296 5981 5957
3 6213 6296 5957
3 6172 6213 5957
3 5626 6172 5957
3 5444 5626 5957
3 1201 5444 5957
3 332 1201 5957
3 369 332 5957
3 1819 1632 1465
3 2162 1819 1465
3 2620 2226 2162
3 3446 2923 2681
3 4165 3742 3500
3 4523 4165 3500
3 4747 4523 3500
3 5116 4747 3500
3 5863 5116 3500
3 5957 5863 3500
3 369 5957 3500
3 2162 1465 369
3 2620 2162 369
3 2681 2620 369
3 3446 2681 369
3 3500 3446 369
3 921 352 372
3 963 921 372
3 980 963 372
3 1293 980 372
3 1280 1293 372
3 1348 1280 372
3 1264 1348 372
3 1468 1264 372
3 1635 1559 1468
3 1868 1648 1635
3 1822 1868 1635
3 2165 2178 1822
3 2638 2255 2229
3 2623 2638 2229
3 2926 2699 2684
3 3297 3025 2926
3 3202 3297 2926
3 3464 3202 2926
3 3449 3464 2926
3 3745 3521 3503
3 3979 3825 3745
3 3936 3979 3745
3 4168 3936 3745
3 4363 4248 4168
3 4326 4363 4168
3 4526 4326 4168
3 4787 4606 4526
3 4750 4787 4526
3 5516 5193 5119
3 5480 5516 5119
3 5890 5480 5119
3 5866 5890 5119
3 6299 5984 5960
3 6216 6299 5960
3 6176 6216 5960
3 5629 6176 5960
3 5447 5629 5960
3 1204 5447 5960
3 335 1204 5960
3 372 335 5960
3 1822 1635 1468
3 2165 1822 1468
3 2623 2229 2165
3 3449 2926 2684
3 4168 3745 3503
3 4526 4168 3503
3 4750 4526 3503
3 5119 4750 3503
3 5866 5119 3503
3 5960 5866 3503
3 372 5960 3503
3 2165 1468 372
3 2623 2165 372
3 2684 2623 372
3 3449 2684 372
3 3503 3449 372
3 371 372 335
3 334 371 335
3 334 335 1204
3 1203 334 1204
3 1203 1204 5447
3 5446 1203 5447
3 5446 5447 5629
3 5628 5446 5629
3 6175 5628 5629
3 6175 5629 6176
3 6175 6176 6216
3 6215 6175 6216
3 6298 6215 6216
3 6298 6216 6299
3 5983 6298 6299
3 5983 6299 5984
3 5983 5984 5960
3 5959 5983 5960
3 5865 5959 5960
3 5865 5960 5866
3 5889 5865 5866
3 5889 5866 5890
3 5479 5889 5890
3 5479 5890 5480
3 5515 5479 5480
3 5515 5480 5516
3 5192 5515 5516
3 5192 5516 5193
3 5192 5193 5119
3 5118 5192 5119
3 4749 5118 5119
3 4749 5119 4750
3 4786 4749 4750
3 4786 4750 4787
3 4605 4786 4787
3 4605 4787 4606
3 4605 4606 4526
3 4525 4605 4526
3 4325 4525 4526
3 4325 4526 4326
3 4362 4325 4326
3 4362 4326 4363
3 4247 4362 4363
3 4247 4363 4248
3 4247 4248 4168
3 4167 4247 4168
3 3935 4167 4168
3 3935 4168 3936
3 3978 3935 3936
3 3978 3936 3979
3 3824 3978 3979
3 3824 3979 3825
3 3824 3825 3745
3 3744 3824 3745
3 3520 3744 3745
3 3520 3745 3521
3 3520 3521 3503
3 3502 3520 3503
3 3448 3502 3503
3 3448 3503 3449
3 3463 3448 3449
3 3463 3449 3464
3 3201 3463 3464
3 3201 3464 3202
3 3296 3201 3202
3 3296 3202 3297
3 3024 3296 3297
3 3024 3297 3025
3 3024 3025 2926
3 2925 3024 2926
3 2698 2925 2926
3 2698 2926 2699
3 2698 2699 2684
3 2683 2698 2684
3 2622 2683 2684
3 2622 2684 2623
3 2637 2622 2623
3 2637 2623 2638
3 2254 2637 2638
3 2254 2638 2255
3 2254 2255 2229
3 2228 2254 2229
3 2164 2228 2229
3 2164 2229 2165
3 2177 2164 2165
3 2177 2165 2178
3 1821 2177 2178
3 1821 2178 1822
3 1867 1821 1822
3 1867 1822 1868
3 1647 1867 1868
3 1647 1868 1648
3 1647 1648 1635
3 1634 1647 1635
3 1558 1634 1635
3 1558 1635 1559
3 1558 1559 1468
3 1467 1558 1468
3 1263 1467 1468
3 1263 1468 1264
3 1347 1263 1264
3 1347 1264 1348
3 1279 1347 1348
3 1279 1348 1280
3 1292 1279 1280
3 1292 1280 1293
3 979 1292 1293
3 979 1293 980
3 979 980 963
3 962 979 963
3 920 962 963
3 920 963 921
3 920 921 352
3 351 920 352
3 351 352 372
3 371 351 372
3 920 351 371
3 962 920 371
3 979 962 371
3 1292 979 371
3 1279 1292 371
3 1347 1279 371
3 1263 1347 371
3 1467 1263 371
3 1634 1558 1467
3 1867 1647 1634
3 1821 1867 1634
3 2164 2177 1821
3 2637 2254 2228
3 2622 2637 2228
3 2925 2698 2683
3 3296 3024 2925
3 3201 3296 2925
3 3463 3201 2925
3 3448 3463 2925
3 3744 3520 3502
3 3978 3824 3744
3 3935 3978 3744
3 4167 3935 3744
3 4362 4247 4167
3 4325 4362 4167
3 4525 4325 4167
3 4786 4605 4525
3 4749 4786 4525
3 5515 5192 5118
3 5479 5515 5118
3 5889 5479 5118
3 5865 5889 5118
3 6298 5983 5959
3 6215 6298 5959
3 6175 6215 5959
3 5628 6175 5959
3 5446 5628 5959
3 1203 5446 5959
3 334 1203 5959
3 371 334 5959
3 1821 1634 1467
3 2164 1821 1467
3 2622 2228 2164
3 3448 2925 2683
3 4167 3744 3502
3 4525 4167 3502
3 4749 4525 3502
3 5118 4749 3502
3 5865 5118 3502
3 5959 5865 3502
3 371 5959 3502
3 2164 1467 371
3 2622 2164 371
3 2683 2622 371
3 3448 2683 371
3 3502 3448 371
3 923 354 374
3 965 923 374
3 982 965 374
3 1295 982 374
3 1282 1295 374
3 1350 1282 374
3 1266 1350 374
3 1470 1266 374
3 1637 1561 1470
3 1870 1650 1637
3 1824 1870 1637
3 2167 2180 1824
3 2640 2257 2231
3 2625 2640 2231
3 2928 2701 2686
3 3299 3027 2928
3 3204 3299 2928
3 3466 3204 2928
3 3451 3466 2928
3 3747 3523 3505
3 3981 3827 3747
3 3938 3981 3747
3 4170 3938 3747
3 4365 4250 4170
3 4328 4365 4170
3 4528 4328 4170
3 4789 4608 4528
3 4752 4789 4528
3 5518 5195 5121
3 5482 5518 5121
3 5892 5482 5121
3 5868 5892 5121
3 6301 5986 5962
3 6218 6301 5962
3 6179 6218 5962
3 5631 6179 5962
3 5449 5631 5962
3 1206 5449 5962
3 337 1206 5962
3 374 337 5962
3 1824 1637 1470
3 2167 1824 1470
3 2625 2231 2167
3 3451 2928 2686
3 4170 3747 3505
3 4528 4170 3505
3 4752 4528 3505
3 5121 4752 3505
3 5868 5121 3505
3 5962 5868 3505
3 374 5962 3505
3 2167 1470 374
3 2625 2167 374
3 2686 2625 374
3 3451 2686 374
3 3505 3451 374
3 373 374 337
3 336 373 337
3 336 337 1206
3 1205 336 1206
3 1205 1206 5449
3 5448 1205 5449
3 5448 5449 5631
3 5630 5448 5631
3 6178 5630 5631
3 6178 5631 6179
3 6178 6179 6218
3 6217 6178 6218
3 6300 6217 6218
3 6300 6218 6301
3 5985 6300 6301
3 5985 6301 5986
3 5985 5986 5962
3 5961 5985 5962
3 5867 5961 5962
3 5867 5962 5868
3 5891 5867 5868
3 5891 5868 5892
3 5481 5891 5892
3 5481 5892 5482
3 5517 5481 5482
3 5517 5482 5518
3 5194 5517 5518
3 5194 5518 5195
3 5194 5195 5121
3 5120 5194 5121
3 4751 5120 5121
3 4751 5121 4752
3 4788 4751 4752
3 4788 4752 4789
3 4607 4788 4789
3 4607 4789 4608
3 4607 4608 4528
3 4527 4607 4528
3 4327 4527 4528
3 4327 4528 4328
3 4364 4327 4328
3 4364 4328 4365
3 4249 4364 4365
3 4249 4365 4250
3 4249 4250 4170
3 4169 4249 4170
3 3937 4169 4170
3 3937 4170 3938
3 3980 3937 3938
3 3980 3938 3981
3 3826 3980 3981
3 3826 3981 3827
3 3826 3827 3747
3 3746 3826 3747
3 3522 3746 3747
3 3522 3747 3523
3 3522 3523 3505
3 3504 3522 3505
3 3450 3504 3505
3 3450 3505 3451
3 3465 3450 3451
3 3465 3451 3466
3 3203 3465 3466
3 3203 3466 3204
3 3298 3203 3204
3 3298 3204 3299
3 3026 3298 3299
3 3026 3299 3027
3 3026 3027 2928
3 2927 3026 2928
3 2700 2927 2928
3 2700 2928 2701
3 2700 2701 2686
3 2685 2700 2686
3 2624 2685 2686
3 2624 2686 2625
3 2639 2624 2625
3 2639 2625 2640
3 2256 2639 2640
3 2256 2640 2257
3 2256 2257 2231
3 2230 2256 2231
3 2166 2230 2231
3 2166 2231 2167
3 2179 2166 2167
3 2179 2167 2180
3 1823 2179 2180
3 1823 2180 1824
3 1869 1823 1824
3 1869 1824 1870
3 1649 1869 1870
3 1649 1870 1650
3 1649 1650 1637
3 1636 1649 1637
3 1560 1636 1637
3 1560 1637 1561
3 1560 1561 1470
3 1469 1560 1470
3 1265 1469 1470
3 1265 1470 1266
3 1349 1265 1266
3 1349 1266 1350
3 1281 1349 1350
3 1281 1350 1282
3 1294 1281 1282
3 1294 1282 1295
3 981 1294 1295
3 981 1295 982
3 981 982 965
3 964 981 965
3 922 964 965
3 922 965 923
3 922 923 354
3 353 922 354
3 353 354 374
3 373 353 374
3 922 353 373
3 964 922 373
3 981 964 373
3 1294 981 373
3 1281 1294 373
3 1349 1281 373
3 1265 1349 373
3 1469 1265 373
3 1636 1560 1469
3 1869 1649 1636
3 1823 1869 1636
3 2166 2179 1823
3 2639 2256 2230
3 2624 2639 2230
3 2927 2700 2685
3 3298 3026 2927
3 3203 3298 2927
3 3465 3203 2927
3 3450 3465 2927
3 3746 3522 3504
3 3980 3826 3746
3 3937 3980 3746
3 4169 3937 3746
3 4364 4249 4169
3 4327 4364 4169
3 4527 4327 4169
3 4788 4607 4527
3 4751 4788 4527
3 5517 5194 5120
3 5481 5517 5120
3 5891 5481 5120
3 5867 5891 5120
3 6300 5985 5961
3 6217 6300 5961
3 6178 6217 5961
3 5630 6178 5961
3 5448 5630 5961
3 1205 5448 5961
3 336 1205 5961
3 373 336 5961
3 1823 1636 1469
3 2166 1823 1469
3 2624 2230 2166
3 3450 2927 2685
3 4169 3746 3504
3 4527 4169 3504
3 4751 4527 3504
3 5120 4751 3504
3 5867 5120 3504
3 5961 5867 3504
3 373 5961 3504
3 2166 1469 373
3 2624 2166 373
3 2685 2624 373
3 3450 2685 373
3 3504 3450 373
3 925 356 376
3 967 925 376
3 984 967 376
3 1297 984 376
3 1284 1297 376
3 1352 1284 376
3 1268 1352 376
3 1472 1268 376
3 1639 1563 1472
3 1872 1652 1639
3 1826 1872 1639
3 2169 2182 1826
3 2642 2259 2233
3 2627 2642 2233
3 2930 2703 2688
3 3301 3029 2930
3 3206 3301 2930
3 3468 3206 2930
3 3453 3468 2930
3 3749 3525 3507
3 3983 3829 3749
3 3940 3983 3749
3 4172 3940 3749
3 4367 4252 4172
3 4330 4367 4172
3 4530 4330 4172
3 4791 4610 4530
3 4754 4791 4530
3 5520 5197 5123
3 5484 5520 5123
3 5894 5484 5123
3 5870 5894 5123
3 6303 5988 5964
3 6220 6303 5964
3 6182 6220 5964
3 5633 6182 5964
3 5451 5633 5964
3 1208 5451 5964
3 339 1208 5964
3 376 339 5964
3 1826 1639 1472
3 2169 1826 1472
3 2627 2233 2169
3 3453 2930 2688
3 4172 3749 3507
3 4530 4172 3507
3 4754 4530 3507
3 5123 4754 3507
3 5870 5123 3507
3 5964 5870 3507
3 376 5964 3507
3 2169 1472 376
3 2627 2169 376
3 2688 2627 376
3 3453 2688 376
3 3507 3453 376
3 375 376 339
3 338 375 339
3 338 339 1208
3 1207 338 1208
3 1207 1208 5451
3 5450 1207 5451
3 5450 5451 5633
3 5632 5450 5633
3 6181 5632 5633
3 6181 5633 6182
3 6181 6182 6220
3 6219 6181 6220
3 6302 6219 6220
3 6302 6220 6303
3 5987 6302 6303
3 5987 6303 5988
3 5987 5988 5964
3 5963 5987 5964
3 5869 5963 5964
3 5869 5964 5870
3 5893 5869 5870
3 5893 5870 5894
3 5483 5893 5894
3 5483 5894 5484
3 5519 5483 5484
3 5519 5484 5520
3 5196 5519 5520
3 5196 5520 5197
3 5196 5197 5123
3 5122 5196 5123
3 4753 5122 5123
3 4753 5123 4754
3 4790 4753 4754
3 4790 4754 4791
3 4609 4790 4791
3 4609 4791 4610
3 4609 4610 4530
3 4529 4609 4530
3 4329 4529 4530
3 4329 4530 4330
3 4366 4329 4330
3 4366 4330 4367
3 4251 4366 4367
3 4251 4367 4252
3 4251 4252 4172
3 4171 4251 4172
3 3939 4171 4172
3 3939 4172 3940
3 3982 3939 3940
3 3982 3940 3983
3 3828 3982 3983
3 3828 3983 3829
3 3828 3829 3749
3 3748 3828 3749
3 3524 3748 3749
3 3524 3749 3525
3 3524 3525 3507
3 3506 3524 3507
3 3452 3506 3507
3 3452 3507 3453
3 3467 3452 3453
3 3467 3453 3468
3 3205 3467 3468
3 3205 3468 3206
3 3300 3205 3206
3 3300 3206 3301
3 3028 3300 3301
3 3028 3301 3029
3 3028 3029 2930
3 2929 3028 2930
3 2702 2929 2930
3 2702 2930 2703
3 2702 2703 2688
3 2687 2702 2688
3 2626 2687 2688
3 2626 2688 2627
3 2641 2626 2627
3 2641 2627 2642
3 2258 2641 2642
3 2258 2642 2259
3 2258 2259 2233
3 2232 2258 2233
3 2168 2232 2233
3 2168 2233 2169
3 2181 2168 2169
3 2181 2169 2182
3 1825 2181 2182
3 1825 2182 1826
3 1871 1825 1826
3 1871 1826 1872
3 1651 1871 1872
3 1651 1872 1652
3 1651 1652 1639
3 1638 1651 1639
3 1562 1638 1639
3 1562 1639 1563
3 1562 1563 1472
3 1471 1562 1472
3 1267 1471 1472
3 1267 1472 1268
3 1351 1267 1268
3 1351 1268 1352
3 1283 1351 1352
3 1283 1352 1284
3 1296 1283 1284
3 1296 1284 1297
3 983 1296 1297
3 983 1297 984
3 983 984 967
3 966 983 967
3 924 966 967
3 924 967 925
3 924 925 356
3 355 924 356
3 355 356 376
3 375 355 376
3 924 355 375
3 966 924 375
3 983 966 375
3 1296 983 375
3 1283 1296 375
3 1351 1283 375
3 1267 1351 375
3 1471 1267 375
3 1638 1562 1471
3 1871 1651 1638
3 1825 1871 1638
3 2168 2181 1825
3 2641 2258 2232
3 2626 2641 2232
3 2929 2702 2687
3 3300 3028 2929
3 3205 3300 2929
3 3467 3205 2929
3 3452 3467 2929
3 3748 3524 3506
3 3982 3828 3748
3 3939 3982 3748
3 4171 3939 3748
3 4366 4251 4171
3 4329 4366 4171
3 4529 4329 4171
3 4790 4609 4529
3 4753 4790 4529
3 5519 5196 5122
3 5483 5519 5122
3 5893 5483 5122
3 5869 5893 5122
3 6302 5987 5963
3 6219 6302 5963
3 6181 6219 5963
3 5632 6181 5963
3 5450 5632 5963
3 1207 5450 5963
3 338 1207 5963
3 375 338 5963
3 1825 1638 1471
3 2168 1825 1471
3 2626 2232 2168
3 3452 2929 2687
3 4171 3748 3506
3 4529 4171 3506
3 4753 4529 3506
3 5122 4753 3506
3 5869 5122 3506
3 5963 5869 3506
3 375 5963 3506
3 2168 1471 375
3 2626 2168 375
3 2687 2626 375
3 3452 2687 375
3 3506 3452 375
3 927 358 378
3 969 927 378
3 986 969 378
3 1299 986 378
3 1286 1299 378
3 1354 1286 378
3 1270 1354 378
3 1474 1270 378
3 1641 1565 1474
3 1874 1654 1641
3 1828 1874 1641
3 2171 2184 1828
3 2644 2261 2235
3 2629 2644 2235
3 2932 2705 2690
3 3303 3031 2932
3 3208 3303 2932
3 3470 3208 2932
3 3455 3470 2932
3 3751 3527 3509
3 3985 3831 3751
3 3942 3985 3751
3 4174 3942 3751
3 4369 4254 4174
3 4332 4369 4174
3 4532 4332 4174
3 4793 4612 4532
3 4756 4793 4532
3 5522 5199 5125
3 5486 5522 5125
3 5896 5486 5125
3 5872 5896 5125
3 6305 5990 5966
3 6222 6305 5966
3 6185 6222 5966
3 5635 6185 5966
3 5453 5635 5966
3 1210 5453 5966
3 341 1210 5966
3 378 341 5966
3 1828 1641 1474
3 2171 1828 1474
3 2629 2235 2171
3 3455 2932 2690
3 4174 3751 3509
3 4532 4174 3509
3 4756 4532 3509
3 5125 4756 3509
3 5872 5125 3509
3 5966 5872 3509
3 378 5966 3509
3 2171 1474 378
3 2629 2171 378
3 2690 2629 378
3 3455 2690 378
3 3509 3455 378
3 377 378 341
3 340 377 341
3 340 341 1210
3 1209 340 1210
3 1209 1210 5453
3 5452 1209 5453
3 5452 5453 5635
3 5634 5452 5635
3 6184 5634 5635
3 6184 5635 6185
3 6184 6185 6222
3 6221 6184 6222
3 6304 6221 6222
3 6304 6222 6305
3 5989 6304 6305
3 5989 6305 5990
3 5989 5990 5966
3 5965 5989 5966
3 5871 5965 5966
3 5871 5966 5872
3 5895 5871 5872
3 5895 5872 5896
3 5485 5895 5896
3 5485 5896 5486
3 5521 5485 5486
3 5521 5486 5522
3 5198 5521 5522
3 5198 5522 5199
3 5198 5199 5125
3 5124 5198 5125
3 4755 5124 5125
3 4755 5125 4756
3 4792 4755 4756
3 4792 4756 4793
3 4611 4792 4793
3 4611 4793 4612
3 4611 4612 4532
3 4531 4611 4532
3 4331 4531 4532
3 4331 4532 4332
3 4368 4331 4332
3 4368 4332 4369
3 4253 4368 4369
3 4253 4369 4254
3 4253 4254 4174
3 4173 4253 4174
3 3941 4173 4174
3 3941 4174 3942
3 3984 3941 3942
3 3984 3942 3985
3 3830 3984 3985
3 3830 3985 3831
3 3830 3831 3751
3 3750 3830 3751
3 3526 3750 3751
3 3526 3751 3527
3 3526 3527 3509
3 3508 3526 3509
3 3454 3508 3509
3 3454 3509 3455
3 3469 3454 3455
3 3469 3455 3470
3 3207 3469 3470
3 3207 3470 3208
3 3302 3207 3208
3 3302 3208 3303
3 3030 3302 3303
3 3030 3303 3031
3 3030 3031 2932
3 2931 3030 2932
3 2704 2931 2932
3 2704 2932 2705
3 2704 2705 2690
3 2689 2704 2690
3 2628 2689 2690
3 2628 2690 2629
3 2643 2628 2629
3 2643 2629 2644
3 2260 2643 2644
3 2260 2644 2261
3 2260 2261 2235
3 2234 2260 2235
3 2170 2234 2235
3 2170 2235 2171
3 2183 2170 2171
3 2183 2171 2184
3 1827 2183 2184
3 1827 2184 1828
3 1873 1827 1828
3 1873 1828 1874
3 1653 1873 1874
3 1653 1874 1654
3 1653 1654 1641
3 1640 1653 1641
3 1564 1640 1641
3 1564 1641 1565
3 1564 1565 1474
3 1473 1564 1474
3 1269 1473 1474
3 1269 1474 1270
3 1353 1269 1270
3 1353 1270 1354
3 1285 1353 1354
3 1285 1354 1286
3 1298 1285 1286
3 1298 1286 1299
3 985 1298 1299
3 985 1299 986
3 985 986 969
3 968 985 969
3 926 968 969
3 926 969 927
3 926 927 358
3 357 926 358
3 357 358 378
3 377 357 378
3 926 357 377
3 968 926 377
3 985 968 377
3 1298 985 377
3 1285 1298 377
3 1353 1285 377
3 1269 1353 377
3 1473 1269 377
3 1640 1564 1473
3 1873 1653 1640
3 1827 1873 1640
3 2170 2183 1827
3 2643 2260 2234
3 2628 2643 2234
3 2931 2704 2689
3 3302 3030 2931
3 3207 3302 2931
3 3469 3207 2931
3 3454 3469 2931
3 3750 3526 3508
3 3984 3830 3750
3 3941 3984 3750
3 4173 3941 3750
3 4368 4253 4173
3 4331 4368 4173
3 4531 4331 4173
3 4792 4611 4531
3 4755 4792 4531
3 5521 5198 5124
3 5485 5521 5124
3 5895 5485 5124
3 5871 5895 5124
3 6304 5989 5965
3 6221 6304 5965
3 6184 6221 5965
3 5634 6184 5965
3 5452 5634 5965
3 1209 5452 5965
3 340 1209 5965
3 377 340 5965
3 1827 1640 1473
3 2170 1827 1473
3 2628 2234 2170
3 3454 2931 2689
3 4173 3750 3508
3 4531 4173 3508
3 4755 4531 3508
3 5124 4755 3508
3 5871 5124 3508
3 5965 5871 3508
3 377 5965 3508
3 2170 1473 377
3 2628 2170 377
3 2689 2628 377
3 3454 2689 377
3 3508 3454 377
3 929 360 380
3 971 929 380
3 988 971 380
3 1301 988 380
3 1288 1301 380
3 1356 1288 380
3 1272 1356 380
3 1476 1272 380
3 1643 1567 1476
3 1876 1656 1643
3 1830 1876 1643
3 2173 2186 1830
3 2646 2263 2237
3 2631 2646 2237
3 2934 2707 2692
3 3305 3033 2934
3 3210 3305 2934
3 3472 3210 2934
3 3457 3472 2934
3 3753 3529 3511
3 3987 3833 3753
3 3944 3987 3753
3 4176 3944 3753
3 4371 4256 4176
3 4334 4371 4176
3 4534 4334 4176
3 4795 4614 4534
3 4758 4795 4534
3 5524 5201 5127
3 5488 5524 5127
3 5898 5488 5127
3 5874 5898 5127
3 6307 5992 5968
3 6224 6307 5968
3 6187 6224 5968
3 5637 6187 5968
3 5455 5637 5968
3 1212 5455 5968
3 343 1212 5968
3 380 343 5968
3 1830 1643 1476
3 2173 1830 1476
3 2631 2237 2173
3 3457 2934 2692
3 4176 3753 3511
3 4534 4176 3511
3 4758 4534 3511
3 5127 4758 3511
3 5874 5127 3511
3 5968 5874 3511
3 380 5968 3511
3 2173 1476 380
3 2631 2173 380
3 2692 2631 380
3 3457 2692 380
3 3511 3457 380
3 379 380 343
3 342 379 343
3 342 343 1212
3 1211 342 1212
3 1211 1212 5455
3 5454 1211 5455
3 5454 5455 5637
3 5636 5454 5637
3 6186 5636 5637
3 6186 5637 6187
3 6186 6187 6224
3 6223 6186 6224
3 6306 6223 6224
3 6306 6224 6307
3 5991 6306 6307
3 5991 6307 5992
3 5991 5992 5968
3 5967 5991 5968
3 5873 5967 5968
3 5873 5968 5874
3 5897 5873 5874
3 5897 5874 5898
3 5487 5897 5898
3 5487 5898 5488
3 5523 5487 5488
3 5523 5488 5524
3 5200 5523 5524
3 5200 5524 5201
3 5200 5201 5127
3 5126 5200 5127
3 4757 5126 5127
3 4757 5127 4758
3 4794 4757 4758
3 4794 4758 4795
3 4613 4794 4795
3 4613 4795 4614
3 4613 4614 4534
3 4533 4613 4534
3 4333 4533 4534
3 4333 4534 4334
3 4370 4333 4334
3 4370 4334 4371
3 4255 4370 4371
3 4255 4371 4256
3 4255 4256 4176
3 4175 4255 4176
3 3943 4175 4176
3 3943 4176 3944
3 3986 3943 3944
3 3986 3944 3987
3 3832 3986 3987
3 3832 3987 3833
3 3832 3833 3753
3 3752 3832 3753
3 3528 3752 3753
3 3528 3753 3529
3 3528 3529 3511
3 3510 3528 3511
3 3456 3510 3511
3 3456 3511 3457
3 3471 3456 3457
3 3471 3457 3472
3 3209 3471 3472
3 3209 3472 3210
3 3304 3209 3210
3 3304 3210 3305
3 3032 3304 3305
3 3032 3305 3033
3 3032 3033 2934
3 2933 3032 2934
3 2706 2933 2934
3 2706 2934 2707
3 2706 2707 2692
3 2691 2706 2692
3 2630 2691 2692
3 2630 2692 2631
3 2645 2630 2631
3 2645 2631 2646
3 2262 2645 2646
3 2262 2646 2263
3 2262 2263 2237
3 2236 2262 2237
3 2172 2236 2237
3 2172 2237 2173
3 2185 2172 2173
3 2185 2173 2186
3 1829 2185 2186
3 1829 2186 1830
3 1875 1829 1830
3 1875 1830 1876
3 1655 1875 1876
3 1655 1876 1656
3 1655 1656 1643
3 1642 1655 1643
3 1566 1642 1643
3 1566 1643 1567
3 1566 1567 1476
3 1475 1566 1476
3 1271 1475 1476
3 1271 1476 1272
3 1355 1271 1272
3 1355 1272 1356
3 1287 1355 1356
3 1287 1356 1288
3 1300 1287 1288
3 1300 1288 1301
3 987 1300 1301
3 987 1301 988
3 987 988 971
3 970 987 971
3 928 970 971
3 928 971 929
3 928 929 360
3 359 928 360
3 359 360 380
3 379 359 380
3 928 359 379
3 970 928 379
3 987 970 379
3 1300 987 379
3 1287 1300 379
3 1355 1287 379
3 1271 1355 379
3 1475 1271 379
3 1642 1566 1475
3 1875 1655 1642
3 1829 1875 1642
3 2172 2185 1829
3 2645 2262 2236
3 2630 2645 2236
3 2933 2706 2691
3 3304 3032 2933
3 3209 3304 2933
3 3471 3209 2933
3 3456 3471 2933
3 3752 3528 3510
3 3986 3832 3752
3 3943 3986 3752
3 4175 3943 3752
3 4370 4255 4175
3 4333 4370 4175
3 4533 4333 4175
3 4794 4613 4533
3 4757 4794 4533
3 5523 5200 5126
3 5487 5523 5126
3 5897 5487 5126
3 5873 5897 5126
3 6306 5991 5967
3 6223 6306 5967
3 6186 6223 5967
3 5636 6186 5967
3 5454 5636 5967
3 1211 5454 5967
3 342 1211 5967
3 379 342 5967
3 1829 1642 1475
3 2172 1829 1475
3 2630 2236 2172
3 3456 2933 2691
3 4175 3752 3510
3 4533 4175 3510
3 4757 4533 3510
3 5126 4757 3510
3 5873 5126 3510
3 5967 5873 3510
3 379 5967 3510
3 2172 1475 379
3 2630 2172 379
3 2691 2630 379
3 3456 2691 379
3 3510 3456 379
3 956 897 971
3 990 956 971
3 1356 1413 1317
3 1288 1356 1317
3 1643 1658 1630
3 1567 1643 1630
3 3457 3511 3529
3 3472 3457 3529
3 5874 5968 5992
3 5898 5874 5992
3 6123 6135 6130
3 6113 6123 6130
3 6152 6251 6187
3 6147 6152 6187
3 5905 5998 5953
3 5859 5905 5953
3 5750 5853 5782
3 5724 5750 5782
3 2173 2237 2263
3 2186 2173 2263
3 2631 2692 2707
3 2646 2631 2707
3 3107 3111 3010
3 3033 3107 3010
3 2934 3033 3010
3 2893 2934 3010
3 1927 1817 1813
3 1830 1857 1927
3 1876 1830 1927
3 1813 1876 1927
3 3250 3347 3321
3 3210 3250 3321
3 727 787 751
3 679 727 751
3 562 572 566
3 558 562 566
3 540 554 550
3 536 540 550
3 470 499 479
3 420 470 479
3 852 842 862
3 869 852 862
3 1420 1418 1422
3 1424 1420 1422
3 1947 1945 1949
3 1951 1947 1949
3 2373 2368 2377
3 2379 2373 2377
3 2788 2786 2790
3 2792 2788 2790
3 3117 3115 3119
3 3121 3117 3119
3 3570 3568 3576
3 3578 3570 3576
3 3880 3878 3882
3 3884 3880 3882
3 4305 4303 4307
3 4309 4305 4307
3 3868 3874 3820
3 3833 3868 3820
3 3753 3833 3820
3 3722 3753 3820
3 4293 4299 4243
3 4256 4293 4243
3 4176 4256 4243
3 4145 4176 4243
3 4689 4695 4601
3 4614 4689 4601
3 4534 4614 4601
3 4503 4534 4601
3 5285 5383 5390
3 5289 5285 5390
3 3957 4015 3989
3 3944 3957 3989
3 4344 4399 4373
3 4334 4344 4373
3 4768 4823 4797
3 4758 4768 4797
3 5203 5149 5101
3 5127 5203 5101
3 5588 5526 5488
3 5509 5588 5488
3 4715 4713 4717
3 4719 4715 4717
3 5078 5076 5083
3 5087 5078 5083
3 5418 5416 5440
3 5442 5418 5440
3 1394 1334 1521
3 1591 1394 1521
3 1335 1334 1394
3 1395 1335 1394
3 1592 1395 1394
3 1592 1394 1591
3 1522 1592 1591
3 1522 1591 1521
3 1522 1521 1334
3 1335 1522 1334
3 1395 1335 1522
3 1592 1395 1522
3 1908 1893 2958
3 2993 1908 2958
3 1894 1893 1908
3 1909 1894 1908
3 2994 1909 1908
3 2994 1908 2993
3 2959 2994 2993
3 2959 2993 2958
3 2959 2958 1893
3 1894 2959 1893
3 1909 1894 2959
3 2994 1909 2959
3 3332 3322 3770
3 3803 3332 3770
3 3323 3322 3332
3 3333 3323 3332
3 3804 3333 3332
3 3804 3332 3803
3 3771 3804 3803
3 3771 3803 3770
3 3771 3770 3322
3 3323 3771 3322
3 3333 3323 3771
3 3804 3333 3771
3 4000 3990 4193
3 4226 4000 4193
3 3991 3990 4000
3 4001 3991 4000
3 4227 4001 4000
3 4227 4000 4226
3 4194 4227 4226
3 4194 4226 4193
3 4194 4193 3990
3 3991 4194 3990
3 4001 3991 4194
3 4227 4001 4194
3 4384 4374 4551
3 4584 4384 4551
3 4375 4374 4384
3 4385 4375 4384
3 4585 4385 4384
3 4585 4384 4584
3 4552 4585 4584
3 4552 4584 4551
3 4552 4551 4374
3 4375 4552 4374
3 4385 4375 4552
3 4585 4385 4552
3 4808 4798 5128
3 5138 4808 5128
3 4799 4798 4808
3 4809 4799 4808
3 5139 4809 4808
3 5139 4808 5138
3 5129 5139 5138
3 5129 5138 5128
3 5129 5128 4798
3 4799 5129 4798
3 4809 4799 5129
3 5139 4809 5129
3 6308 6239 6170
3 5573 5541 6371
3 6402 5573 6371
3 6341 6402 6371
3 6308 6170 6341
3 6371 6308 6341
3 6309 6240 6239
3 6309 6239 6308
3 6309 6308 6371
3 6372 6309 6371
3 6372 6371 5541
3 5542 6372 5541
3 5542 5541 5573
3 5574 5542 5573
3 6403 5574 5573
3 6403 5573 6402
3 6342 6403 6402
3 6342 6402 6341
3 6342 6341 6170
3 6171 6342 6170
3 6171 6170 6239
3 6240 6171 6239
3 6309 6240 6171
3 5574 5542 6372
3 6403 5574 6372
3 6342 6403 6372
3 6309 6171 6342
3 6372 6309 6342
3 1593 1396 1261
3 1465 1593 1261
3 1594 1397 1396
3 1594 1396 1593
3 1466 1594 1593
3 1466 1593 1465
3 1466 1465 1261
3 1262 1466 1261
3 1262 1261 1396
3 1397 1262 1396
3 1594 1397 1262
3 1466 1594 1262
3 2995 1910 1849
3 2885 2995 1849
3 2996 1911 1910
3 2996 1910 2995
3 2886 2996 2995
3 2886 2995 2885
3 2886 2885 1849
3 1850 2886 1849
3 1850 1849 1910
3 1911 1850 1910
3 2996 1911 1850
3 2886 2996 1850
3 1099 1119 332
3 427 279 127
3 412 427 127
3 462 412 127
3 300 349 462
3 1099 332 322
3 127 1099 322
3 300 462 127
3 270 300 127
3 322 270 127
3 1100 1120 1119
3 1100 1119 1099
3 1100 1099 127
3 128 1100 127
3 128 127 279
3 280 128 279
3 428 280 279
3 428 279 427
3 413 428 427
3 413 427 412
3 463 413 412
3 463 412 462
3 350 463 462
3 350 462 349
3 350 349 300
3 301 350 300
3 271 301 300
3 271 300 270
3 323 271 270
3 323 270 322
3 323 322 332
3 333 323 332
3 1120 333 332
3 1120 332 1119
3 1100 1120 333
3 428 280 128
3 413 428 128
3 463 413 128
3 301 350 463
3 1100 333 323
3 128 1100 323
3 301 463 128
3 271 301 128
3 323 271 128
3 575 730 743
3 829 575 743
3 944 829 743
3 886 944 743
3 918 886 743
3 779 918 743
3 731 730 575
3 576 731 575
3 576 575 829
3 830 576 829
3 945 830 829
3 945 829 944
3 887 945 944
3 887 944 886
3 919 887 886
3 919 886 918
3 780 919 918
3 780 918 779
3 780 779 743
3 744 780 743
3 731 744 743
3 731 743 730
3 576 731 744
3 830 576 744
3 945 830 744
3 887 945 744
3 919 887 744
3 780 919 744
3 2086 1693 1659
3 2066 2086 1659
3 2087 1694 1693
3 2087 1693 2086
3 2067 2087 2086
3 2067 2086 2066
3 2067 2066 1659
3 1660 2067 1659
3 1660 1659 1693
3 1694 1660 1693
3 2087 1694 1660
3 2067 2087 1660
3 3382 2523 2489
3 3362 3382 2489
3 3383 2524 2523
3 3383 2523 3382
3 3363 3383 3382
3 3363 3382 3362
3 3363 3362 2489
3 2490 3363 2489
3 2490 2489 2523
3 2524 2490 2523
3 3383 2524 2490
3 3363 3383 2490
3 3334 3242 3714
3 3805 3334 3714
3 3243 3242 3334
3 3335 3243 3334
3 3806 3335 3334
3 3806 3334 3805
3 3715 3806 3805
3 3715 3805 3714
3 3715 3714 3242
3 3243 3715 3242
3 3335 3243 3715
3 3806 3335 3715
3 4228 4002 3949
3 4137 4228 3949
3 4229 4003 4002
3 4229 4002 4228
3 4138 4229 4228
3 4138 4228 4137
3 4138 4137 3949
3 3950 4138 3949
3 3950 3949 4002
3 4003 3950 4002
3 4229 4003 3950
3 4138 4229 3950
3 4586 4386 4336
3 4495 4586 4336
3 4587 4387 4386
3 4587 4386 4586
3 4496 4587 4586
3 4496 4586 4495
3 4496 4495 4336
3 4337 4496 4336
3 4337 4336 4386
3 4387 4337 4386
3 4587 4387 4337
3 4496 4587 4337
3 5190 4810 4760
3 5116 5190 4760
3 5191 4811 4810
3 5191 4810 5190
3 5117 5191 5190
3 5117 5190 5116
3 5117 5116 4760
3 4761 5117 4760
3 4761 4760 4810
3 4811 4761 4810
3 5191 4811 4761
3 5117 5191 4761
3 6262 6172 6343
3 5575 5501 6262
3 6404 5575 6262
3 6343 6404 6262
3 6173 6172 6262
3 6263 6173 6262
3 6263 6262 5501
3 5502 6263 5501
3 5502 5501 5575
3 5576 5502 5575
3 6405 5576 5575
3 6405 5575 6404
3 6344 6405 6404
3 6344 6404 6343
3 6344 6343 6172
3 6173 6344 6172
3 6263 6173 6344
3 5576 5502 6263
3 6405 5576 6263
3 6344 6405 6263
3 5626 5419 5352
3 5742 5716 5626
3 6094 5823 5742
3 5753 6094 5742
3 5626 5352 5753
3 5742 5626 5753
3 5627 5420 5419
3 5627 5419 5626
3 5627 5626 5716
3 5717 5627 5716
3 5743 5717 5716
3 5743 5716 5742
3 5743 5742 5823
3 5824 5743 5823
3 6095 5824 5823
3 6095 5823 6094
3 5754 6095 6094
3 5754 6094 5753
3 5754 5753 5352
3 5353 5754 5352
3 5353 5352 5419
3 5420 5353 5419
3 5627 5420 5353
3 5743 5717 5627
3 6095 5824 5743
3 5754 6095 5743
3 5627 5353 5754
3 5743 5627 5754
3 3631 3611 4872
3 4892 3631 4872
3 3612 3611 3631
3 3632 3612 3631
3 4893 3632 3631
3 4893 3631 4892
3 4873 4893 4892
3 4873 4892 4872
3 4873 4872 3611
3 3612 4873 3611
3 3632 3612 4873
3 4893 3632 4873
3 1397 1336 1523
3 1594 1397 1523
3 1337 1336 1397
3 1398 1337 1397
3 1595 1398 1397
3 1595 1397 1594
3 1524 1595 1594
3 1524 1594 1523
3 1524 1523 1336
3 1337 1524 1336
3 1398 1337 1524
3 1595 1398 1524
3 1911 1895 2960
3 2996 1911 2960
3 1896 1895 1911
3 1912 1896 1911
3 2997 1912 1911
3 2997 1911 2996
3 2961 2997 2996
3 2961 2996 2960
3 2961 2960 1895
3 1896 2961 1895
3 1912 1896 2961
3 2997 1912 2961
3 1120 1111 1091
3 1100 1120 1091
3 128 1100 1091
3 403 428 280
3 291 403 280
3 139 291 280
3 128 1091 139
3 280 128 139
3 1121 1112 1111
3 1121 1111 1120
3 1101 1121 1120
3 1101 1120 1100
3 1101 1100 128
3 129 1101 128
3 129 128 280
3 281 129 280
3 429 281 280
3 429 280 428
3 404 429 428
3 404 428 403
3 404 403 291
3 292 404 291
3 140 292 291
3 140 291 139
3 1092 140 139
3 1092 139 1091
3 1092 1091 1111
3 1112 1092 1111
3 1121 1112 1092
3 1101 1121 1092
3 129 1101 1092
3 404 429 281
3 292 404 281
3 140 292 281
3 129 1092 140
3 281 129 140
3 731 756 601
3 576 731 601
3 830 576 601
3 930 945 830
3 843 930 830
3 601 843 830
3 732 757 756
3 732 756 731
3 732 731 576
3 577 732 576
3 577 576 830
3 831 577 830
3 946 831 830
3 946 830 945
3 931 946 945
3 931 945 930
3 931 930 843
3 844 931 843
3 602 844 843
3 602 843 601
3 757 602 601
3 757 601 756
3 732 757 602
3 577 732 602
3 831 577 602
3 931 946 831
3 844 931 831
3 602 844 831
3 1685 1705 1694
3 2087 2078 2058
3 2067 2087 2058
3 1660 2067 2058
3 1685 1694 1660
3 2058 1685 1660
3 1686 1706 1705
3 1686 1705 1685
3 2059 1686 1685
3 2059 1685 2058
3 2059 2058 2078
3 2079 2059 2078
3 2088 2079 2078
3 2088 2078 2087
3 2068 2088 2087
3 2068 2087 2067
3 2068 2067 1660
3 1661 2068 1660
3 1661 1660 1694
3 1695 1661 1694
3 1706 1695 1694
3 1706 1694 1705
3 1686 1706 1695
3 2088 2079 2059
3 2068 2088 2059
3 1661 2068 2059
3 1686 1695 1661
3 2059 1686 1661
3 2515 2535 2524
3 3383 3374 3352
3 3363 3383 3352
3 2490 3363 3352
3 2515 2524 2490
3 3352 2515 2490
3 2516 2536 2535
3 2516 2535 2515
3 3353 2516 2515
3 3353 2515 3352
3 3353 3352 3374
3 3375 3353 3374
3 3384 3375 3374
3 3384 3374 3383
3 3364 3384 3383
3 3364 3383 3363
3 3364 3363 2490
3 2491 3364 2490
3 2491 2490 2524
3 2525 2491 2524
3 2536 2525 2524
3 2536 2524 2535
3 2516 2536 2525
3 3384 3375 3353
3 3364 3384 3353
3 2491 3364 3353
3 2516 2525 2491
3 3353 2516 2491
3 3335 3324 3772
3 3806 3335 3772
3 3325 3324 3335
3 3336 3325 3335
3 3807 3336 3335
3 3807 3335 3806
3 3773 3807 3806
3 3773 3806 3772
3 3773 3772 3324
3 3325 3773 3324
3 3336 3325 3773
3 3807 3336 3773
3 4003 3992 4195
3 4229 4003 4195
3 3993 3992 4003
3 4004 3993 4003
3 4230 4004 4003
3 4230 4003 4229
3 4196 4230 4229
3 4196 4229 4195
3 4196 4195 3992
3 3993 4196 3992
3 4004 3993 4196
3 4230 4004 4196
3 4387 4376 4553
3 4587 4387 4553
3 4377 4376 4387
3 4388 4377 4387
3 4588 4388 4387
3 4588 4387 4587
3 4554 4588 4587
3 4554 4587 4553
3 4554 4553 4376
3 4377 4554 4376
3 4388 4377 4554
3 4588 4388 4554
3 4811 4800 5130
3 5140 4811 5130
3 4801 4800 4811
3 4812 4801 4811
3 5141 4812 4811
3 5141 4811 5140
3 5131 5141 5140
3 5131 5140 5130
3 5131 5130 4800
3 4801 5131 4800
3 4812 4801 5131
3 5141 4812 5131
3 6310 6241 6173
3 5576 5543 6373
3 6405 5576 6373
3 6344 6405 6373
3 6310 6173 6344
3 6373 6310 6344
3 6311 6242 6241
3 6311 6241 6310
3 6311 6310 6373
3 6374 6311 6373
3 6374 6373 5543
3 5544 6374 5543
3 5544 5543 5576
3 5577 5544 5576
3 6406 5577 5576
3 6406 5576 6405
3 6345 6406 6405
3 6345 6405 6344
3 6345 6344 6173
3 6174 6345 6173
3 6174 6173 6241
3 6242 6174 6241
3 6311 6242 6174
3 5577 5544 6374
3 6406 5577 6374
3 6345 6406 6374
3 6311 6174 6345
3 6374 6311 6345
3 5393 5431 5420
3 5824 5794 6017
3 6095 5824 6017
3 5754 6095 6017
3 5393 5420 5353
3 5731 5393 5353
3 5754 6017 5731
3 5353 5754 5731
3 5394 5432 5431
3 5394 5431 5393
3 5732 5394 5393
3 5732 5393 5731
3 5732 5731 6017
3 6018 5732 6017
3 6018 6017 5794
3 5795 6018 5794
3 5795 5794 5824
3 5825 5795 5824
3 6096 5825 5824
3 6096 5824 6095
3 5755 6096 6095
3 5755 6095 5754
3 5755 5754 5353
3 5354 5755 5353
3 5354 5353 5420
3 5421 5354 5420
3 5432 5421 5420
3 5432 5420 5431
3 5394 5432 5421
3 5825 5795 6018
3 6096 5825 6018
3 5755 6096 6018
3 5394 5421 5354
3 5732 5394 5354
3 5755 6018 5732
3 5354 5755 5732
3 3643 3632 3612
3 3623 3643 3612
3 4864 3623 3612
3 4893 4884 4864
3 4873 4893 4864
3 3612 4873 4864
3 3644 3633 3632
3 3644 3632 3643
3 3624 3644 3643
3 3624 3643 3623
3 4865 3624 3623
3 4865 3623 4864
3 4865 4864 4884
3 4885 4865 4884
3 4894 4885 4884
3 4894 4884 4893
3 4874 4894 4893
3 4874 4893 4873
3 4874 4873 3612
3 3613 4874 3612
3 3613 3612 3632
3 3633 3613 3632
3 3644 3633 3613
3 3624 3644 3613
3 4865 3624 3613
3 4894 4885 4865
3 4874 4894 4865
3 3613 4874 4865
3 1596 1399 1263
3 1467 1596 1263
3 1597 1400 1399
3 1597 1399 1596
3 1468 1597 1596
3 1468 1596 1467
3 1468 1467 1263
3 1264 1468 1263
3 1264 1263 1399
3 1400 1264 1399
3 1597 1400 1264
3 1468 1597 1264
3 2998 1913 1851
3 2887 2998 1851
3 2999 1914 1913
3 2999 1913 2998
3 2888 2999 2998
3 2888 2998 2887
3 2888 2887 1851
3 1852 2888 1851
3 1852 1851 1913
3 1914 1852 1913
3 2999 1914 1852
3 2888 2999 1852
3 1102 1122 334
3 430 282 130
3 414 430 130
3 464 414 130
3 302 351 464
3 1102 334 324
3 130 1102 324
3 302 464 130
3 272 302 130
3 324 272 130
3 1103 1123 1122
3 1103 1122 1102
3 1103 1102 130
3 131 1103 130
3 131 130 282
3 283 131 282
3 431 283 282
3 431 282 430
3 415 431 430
3 415 430 414
3 465 415 414
3 465 414 464
3 352 465 464
3 352 464 351
3 352 351 302
3 303 352 302
3 273 303 302
3 273 302 272
3 325 273 272
3 325 272 324
3 325 324 334
3 335 325 334
3 1123 335 334
3 1123 334 1122
3 1103 1123 335
3 431 283 131
3 415 431 131
3 465 415 131
3 303 352 465
3 1103 335 325
3 131 1103 325
3 303 465 131
3 273 303 131
3 325 273 131
3 578 733 745
3 832 578 745
3 947 832 745
3 888 947 745
3 920 888 745
3 781 920 745
3 734 733 578
3 579 734 578
3 579 578 832
3 833 579 832
3 948 833 832
3 948 832 947
3 889 948 947
3 889 947 888
3 921 889 888
3 921 888 920
3 782 921 920
3 782 920 781
3 782 781 745
3 746 782 745
3 734 746 745
3 734 745 733
3 579 734 746
3 833 579 746
3 948 833 746
3 889 948 746
3 921 889 746
3 782 921 746
3 2089 1696 1662
3 2069 2089 1662
3 2090 1697 1696
3 2090 1696 2089
3 2070 2090 2089
3 2070 2089 2069
3 2070 2069 1662
3 1663 2070 1662
3 1663 1662 1696
3 1697 1663 1696
3 2090 1697 1663
3 2070 2090 1663
3 3385 2526 2492
3 3365 3385 2492
3 3386 2527 2526
3 3386 2526 3385
3 3366 3386 3385
3 3366 3385 3365
3 3366 3365 2492
3 2493 3366 2492
3 2493 2492 2526
3 2527 2493 2526
3 3386 2527 2493
3 3366 3386 2493
3 3337 3244 3716
3 3808 3337 3716
3 3245 3244 3337
3 3338 3245 3337
3 3809 3338 3337
3 3809 3337 3808
3 3717 3809 3808
3 3717 3808 3716
3 3717 3716 3244
3 3245 3717 3244
3 3338 3245 3717
3 3809 3338 3717
3 4231 4005 3951
3 4139 4231 3951
3 4232 4006 4005
3 4232 4005 4231
3 4140 4232 4231
3 4140 4231 4139
3 4140 4139 3951
3 3952 4140 3951
3 3952 3951 4005
3 4006 3952 4005
3 4232 4006 3952
3 4140 4232 3952
3 4589 4389 4338
3 4497 4589 4338
3 4590 4390 4389
3 4590 4389 4589
3 4498 4590 4589
3 4498 4589 4497
3 4498 4497 4338
3 4339 4498 4338
3 4339 4338 4389
3 4390 4339 4389
3 4590 4390 4339
3 4498 4590 4339
3 5192 4813 4762
3 5118 5192 4762
3 5193 4814 4813
3 5193 4813 5192
3 5119 5193 5192
3 5119 5192 5118
3 5119 5118 4762
3 4763 5119 4762
3 4763 4762 4813
3 4814 4763 4813
3 5193 4814 4763
3 5119 5193 4763
3 6264 6175 6346
3 5578 5503 6264
3 6407 5578 6264
3 6346 6407 6264
3 6176 6175 6264
3 6265 6176 6264
3 6265 6264 5503
3 5504 6265 5503
3 5504 5503 5578
3 5579 5504 5578
3 6408 5579 5578
3 6408 5578 6407
3 6347 6408 6407
3 6347 6407 6346
3 6347 6346 6175
3 6176 6347 6175
3 6265 6176 6347
3 5579 5504 6265
3 6408 5579 6265
3 6347 6408 6265
3 5628 5422 5355
3 5744 5718 5628
3 6097 5826 5744
3 5756 6097 5744
3 5628 5355 5756
3 5744 5628 5756
3 5629 5423 5422
3 5629 5422 5628
3 5629 5628 5718
3 5719 5629 5718
3 5745 5719 5718
3 5745 5718 5744
3 5745 5744 5826
3 5827 5745 5826
3 6098 5827 5826
3 6098 5826 6097
3 5757 6098 6097
3 5757 6097 5756
3 5757 5756 5355
3 5356 5757 5355
3 5356 5355 5422
3 5423 5356 5422
3 5629 5423 5356
3 5745 5719 5629
3 6098 5827 5745
3 5757 6098 5745
3 5629 5356 5757
3 5745 5629 5757
3 3634 3614 4875
3 4895 3634 4875
3 3615 3614 3634
3 3635 3615 3634
3 4896 3635 3634
3 4896 3634 4895
3 4876 4896 4895
3 4876 4895 4875
3 4876 4875 3614
3 3615 4876 3614
3 3635 3615 4876
3 4896 3635 4876
3 1400 1338 1525
3 1597 1400 1525
3 1339 1338 1400
3 1401 1339 1400
3 1598 1401 1400
3 1598 1400 1597
3 1526 1598 1597
3 1526 1597 1525
3 1526 1525 1338
3 1339 1526 1338
3 1401 1339 1526
3 1598 1401 1526
3 1914 1897 2962
3 2999 1914 2962
3 1898 1897 1914
3 1915 1898 1914
3 3000 1915 1914
3 3000 1914 2999
3 2963 3000 2999
3 2963 2999 2962
3 2963 2962 1897
3 1898 2963 1897
3 1915 1898 2963
3 3000 1915 2963
3 1123 1113 1093
3 1103 1123 1093
3 131 1103 1093
3 405 431 283
3 293 405 283
3 141 293 283
3 131 1093 141
3 283 131 141
3 1124 1114 1113
3 1124 1113 1123
3 1104 1124 1123
3 1104 1123 1103
3 1104 1103 131
3 132 1104 131
3 132 131 283
3 284 132 283
3 432 284 283
3 432 283 431
3 406 432 431
3 406 431 405
3 406 405 293
3 294 406 293
3 142 294 293
3 142 293 141
3 1094 142 141
3 1094 141 1093
3 1094 1093 1113
3 1114 1094 1113
3 1124 1114 1094
3 1104 1124 1094
3 132 1104 1094
3 406 432 284
3 294 406 284
3 142 294 284
3 132 1094 142
3 284 132 142
3 734 758 603
3 579 734 603
3 833 579 603
3 932 948 833
3 845 932 833
3 603 845 833
3 735 759 758
3 735 758 734
3 735 734 579
3 580 735 579
3 580 579 833
3 834 580 833
3 949 834 833
3 949 833 948
3 933 949 948
3 933 948 932
3 933 932 845
3 846 933 845
3 604 846 845
3 604 845 603
3 759 604 603
3 759 603 758
3 735 759 604
3 580 735 604
3 834 580 604
3 933 949 834
3 846 933 834
3 604 846 834
3 1687 1707 1697
3 2090 2080 2060
3 2070 2090 2060
3 1663 2070 2060
3 1687 1697 1663
3 2060 1687 1663
3 1688 1708 1707
3 1688 1707 1687
3 2061 1688 1687
3 2061 1687 2060
3 2061 2060 2080
3 2081 2061 2080
3 2091 2081 2080
3 2091 2080 2090
3 2071 2091 2090
3 2071 2090 2070
3 2071 2070 1663
3 1664 2071 1663
3 1664 1663 1697
3 1698 1664 1697
3 1708 1698 1697
3 1708 1697 1707
3 1688 1708 1698
3 2091 2081 2061
3 2071 2091 2061
3 1664 2071 2061
3 1688 1698 1664
3 2061 1688 1664
3 2517 2537 2527
3 3386 3376 3354
3 3366 3386 3354
3 2493 3366 3354
3 2517 2527 2493
3 3354 2517 2493
3 2518 2538 2537
3 2518 2537 2517
3 3355 2518 2517
3 3355 2517 3354
3 3355 3354 3376
3 3377 3355 3376
3 3387 3377 3376
3 3387 3376 3386
3 3367 3387 3386
3 3367 3386 3366
3 3367 3366 2493
3 2494 3367 2493
3 2494 2493 2527
3 2528 2494 2527
3 2538 2528 2527
3 2538 2527 2537
3 2518 2538 2528
3 3387 3377 3355
3 3367 3387 3355
3 2494 3367 3355
3 2518 2528 2494
3 3355 2518 2494
3 3338 3326 3774
3 3809 3338 3774
3 3327 3326 3338
3 3339 3327 3338
3 3810 3339 3338
3 3810 3338 3809
3 3775 3810 3809
3 3775 3809 3774
3 3775 3774 3326
3 3327 3775 3326
3 3339 3327 3775
3 3810 3339 3775
3 4006 3994 4197
3 4232 4006 4197
3 3995 3994 4006
3 4007 3995 4006
3 4233 4007 4006
3 4233 4006 4232
3 4198 4233 4232
3 4198 4232 4197
3 4198 4197 3994
3 3995 4198 3994
3 4007 3995 4198
3 4233 4007 4198
3 4390 4378 4555
3 4590 4390 4555
3 4379 4378 4390
3 4391 4379 4390
3 4591 4391 4390
3 4591 4390 4590
3 4556 4591 4590
3 4556 4590 4555
3 4556 4555 4378
3 4379 4556 4378
3 4391 4379 4556
3 4591 4391 4556
3 4814 4802 5132
3 5142 4814 5132
3 4803 4802 4814
3 4815 4803 4814
3 5143 4815 4814
3 5143 4814 5142
3 5133 5143 5142
3 5133 5142 5132
3 5133 5132 4802
3 4803 5133 4802
3 4815 4803 5133
3 5143 4815 5133
3 6312 6243 6176
3 5579 5545 6375
3 6408 5579 6375
3 6347 6408 6375
3 6312 6176 6347
3 6375 6312 6347
3 6313 6244 6243
3 6313 6243 6312
3 6313 6312 6375
3 6376 6313 6375
3 6376 6375 5545
3 5546 6376 5545
3 5546 5545 5579
3 5580 5546 5579
3 6409 5580 5579
3 6409 5579 6408
3 6348 6409 6408
3 6348 6408 6347
3 6348 6347 6176
3 6177 6348 6176
3 6177 6176 6243
3 6244 6177 6243
3 6313 6244 6177
3 5580 5546 6376
3 6409 5580 6376
3 6348 6409 6376
3 6313 6177 6348
3 6376 6313 6348
3 5395 5433 5423
3 5827 5796 6019
3 6098 5827 6019
3 5757 6098 6019
3 5395 5423 5356
3 5733 5395 5356
3 5757 6019 5733
3 5356 5757 5733
3 5396 5434 5433
3 5396 5433 5395
3 5734 5396 5395
3 5734 5395 5733
3 5734 5733 6019
3 6020 5734 6019
3 6020 6019 5796
3 5797 6020 5796
3 5797 5796 5827
3 5828 5797 5827
3 6099 5828 5827
3 6099 5827 6098
3 5758 6099 6098
3 5758 6098 5757
3 5758 5757 5356
3 5357 5758 5356
3 5357 5356 5423
3 5424 5357 5423
3 5434 5424 5423
3 5434 5423 5433
3 5396 5434 5424
3 5828 5797 6020
3 6099 5828 6020
3 5758 6099 6020
3 5396 5424 5357
3 5734 5396 5357
3 5758 6020 5734
3 5357 5758 5734
3 3645 3635 3615
3 3625 3645 3615
3 4866 3625 3615
3 4896 4886 4866
3 4876 4896 4866
3 3615 4876 4866
3 3646 3636 3635
3 3646 3635 3645
3 3626 3646 3645
3 3626 3645 3625
3 4867 3626 3625
3 4867 3625 4866
3 4867 4866 4886
3 4887 4867 4886
3 4897 4887 4886
3 4897 4886 4896
3 4877 4897 4896
3 4877 4896 4876
3 4877 4876 3615
3 3616 4877 3615
3 3616 3615 3635
3 3636 3616 3635
3 3646 3636 3616
3 3626 3646 3616
3 4867 3626 3616
3 4897 4887 4867
3 4877 4897 4867
3 3616 4877 4867
3 1599 1402 1265
3 1469 1599 1265
3 1600 1403 1402
3 1600 1402 1599
3 1470 1600 1599
3 1470 1599 1469
3 1470 1469 1265
3 1266 1470 1265
3 1266 1265 1402
3 1403 1266 1402
3 1600 1403 1266
3 1470 1600 1266
3 3001 1916 1853
3 2889 3001 1853
3 3002 1917 1916
3 3002 1916 3001
3 2890 3002 3001
3 2890 3001 2889
3 2890 2889 1853
3 1854 2890 1853
3 1854 1853 1916
3 1917 1854 1916
3 3002 1917 1854
3 2890 3002 1854
3 1105 1125 336
3 433 285 133
3 416 433 133
3 466 416 133
3 304 353 466
3 1105 336 326
3 133 1105 326
3 304 466 133
3 274 304 133
3 326 274 133
3 1106 1126 1125
3 1106 1125 1105
3 1106 1105 133
3 134 1106 133
3 134 133 285
3 286 134 285
3 434 286 285
3 434 285 433
3 417 434 433
3 417 433 416
3 467 417 416
3 467 416 466
3 354 467 466
3 354 466 353
3 354 353 304
3 305 354 304
3 275 305 304
3 275 304 274
3 327 275 274
3 327 274 326
3 327 326 336
3 337 327 336
3 1126 337 336
3 1126 336 1125
3 1106 1126 337
3 434 286 134
3 417 434 134
3 467 417 134
3 305 354 467
3 1106 337 327
3 134 1106 327
3 305 467 134
3 275 305 134
3 327 275 134
3 581 736 747
3 835 581 747
3 950 835 747
3 890 950 747
3 922 890 747
3 783 922 747
3 737 736 581
3 582 737 581
3 582 581 835
3 836 582 835
3 951 836 835
3 951 835 950
3 891 951 950
3 891 950 890
3 923 891 890
3 923 890 922
3 784 923 922
3 784 922 783
3 784 783 747
3 748 784 747
3 737 748 747
3 737 747 736
3 582 737 748
3 836 582 748
3 951 836 748
3 891 951 748
3 923 891 748
3 784 923 748
3 2092 1699 1665
3 2072 2092 1665
3 2093 1700 1699
3 2093 1699 2092
3 2073 2093 2092
3 2073 2092 2072
3 2073 2072 1665
3 1666 2073 1665
3 1666 1665 1699
3 1700 1666 1699
3 2093 1700 1666
3 2073 2093 1666
3 3388 2529 2495
3 3368 3388 2495
3 3389 2530 2529
3 3389 2529 3388
3 3369 3389 3388
3 3369 3388 3368
3 3369 3368 2495
3 2496 3369 2495
3 2496 2495 2529
3 2530 2496 2529
3 3389 2530 2496
3 3369 3389 2496
3 3340 3246 3718
3 3811 3340 3718
3 3247 3246 3340
3 3341 3247 3340
3 3812 3341 3340
3 3812 3340 3811
3 3719 3812 3811
3 3719 3811 3718
3 3719 3718 3246
3 3247 3719 3246
3 3341 3247 3719
3 3812 3341 3719
3 4234 4008 3953
3 4141 4234 3953
3 4235 4009 4008
3 4235 4008 4234
3 4142 4235 4234
3 4142 4234 4141
3 4142 4141 3953
3 3954 4142 3953
3 3954 3953 4008
3 4009 3954 4008
3 4235 4009 3954
3 4142 4235 3954
3 4592 4392 4340
3 4499 4592 4340
3 4593 4393 4392
3 4593 4392 4592
3 4500 4593 4592
3 4500 4592 4499
3 4500 4499 4340
3 4341 4500 4340
3 4341 4340 4392
3 4393 4341 4392
3 4593 4393 4341
3 4500 4593 4341
3 5194 4816 4764
3 5120 5194 4764
3 5195 4817 4816
3 5195 4816 5194
3 5121 5195 5194
3 5121 5194 5120
3 5121 5120 4764
3 4765 5121 4764
3 4765 4764 4816
3 4817 4765 4816
3 5195 4817 4765
3 5121 5195 4765
3 6266 6178 6349
3 5581 5505 6266
3 6410 5581 6266
3 6349 6410 6266
3 6179 6178 6266
3 6267 6179 6266
3 6267 6266 5505
3 5506 6267 5505
3 5506 5505 5581
3 5582 5506 5581
3 6411 5582 5581
3 6411 5581 6410
3 6350 6411 6410
3 6350 6410 6349
3 6350 6349 6178
3 6179 6350 6178
3 6267 6179 6350
3 5582 5506 6267
3 6411 5582 6267
3 6350 6411 6267
3 5630 5425 5358
3 5746 5720 5630
3 6100 5829 5746
3 5759 6100 5746
3 5630 5358 5759
3 5746 5630 5759
3 5631 5426 5425
3 5631 5425 5630
3 5631 5630 5720
3 5721 5631 5720
3 5747 5721 5720
3 5747 5720 5746
3 5747 5746 5829
3 5830 5747 5829
3 6101 5830 5829
3 6101 5829 6100
3 5760 6101 6100
3 5760 6100 5759
3 5760 5759 5358
3 5359 5760 5358
3 5359 5358 5425
3 5426 5359 5425
3 5631 5426 5359
3 5747 5721 5631
3 6101 5830 5747
3 5760 6101 5747
3 5631 5359 5760
3 5747 5631 5760
3 3637 3617 4878
3 4898 3637 4878
3 3618 3617 3637
3 3638 3618 3637
3 4899 3638 3637
3 4899 3637 4898
3 4879 4899 4898
3 4879 4898 4878
3 4879 4878 3617
3 3618 4879 3617
3 3638 3618 4879
3 4899 3638 4879
3 1403 1340 1527
3 1600 1403 1527
3 1341 1340 1403
3 1404 1341 1403
3 1601 1404 1403
3 1601 1403 1600
3 1528 1601 1600
3 1528 1600 1527
3 1528 1527 1340
3 1341 1528 1340
3 1404 1341 1528
3 1601 1404 1528
3 1917 1899 2964
3 3002 1917 2964
3 1900 1899 1917
3 1918 1900 1917
3 3003 1918 1917
3 3003 1917 3002
3 2965 3003 3002
3 2965 3002 2964
3 2965 2964 1899
3 1900 2965 1899
3 1918 1900 2965
3 3003 1918 2965
3 1126 1115 1095
3 1106 1126 1095
3 134 1106 1095
3 407 434 286
3 295 407 286
3 143 295 286
3 134 1095 143
3 286 134 143
3 1127 1116 1115
3 1127 1115 1126
3 1107 1127 1126
3 1107 1126 1106
3 1107 1106 134
3 135 1107 134
3 135 134 286
3 287 135 286
3 435 287 286
3 435 286 434
3 408 435 434
3 408 434 407
3 408 407 295
3 296 408 295
3 144 296 295
3 144 295 143
3 1096 144 143
3 1096 143 1095
3 1096 1095 1115
3 1116 1096 1115
3 1127 1116 1096
3 1107 1127 1096
3 135 1107 1096
3 408 435 287
3 296 408 287
3 144 296 287
3 135 1096 144
3 287 135 144
3 737 760 605
3 582 737 605
3 836 582 605
3 934 951 836
3 847 934 836
3 605 847 836
3 738 761 760
3 738 760 737
3 738 737 582
3 583 738 582
3 583 582 836
3 837 583 836
3 952 837 836
3 952 836 951
3 935 952 951
3 935 951 934
3 935 934 847
3 848 935 847
3 606 848 847
3 606 847 605
3 761 606 605
3 761 605 760
3 738 761 606
3 583 738 606
3 837 583 606
3 935 952 837
3 848 935 837
3 606 848 837
3 1689 1709 1700
3 2093 2082 2062
3 2073 2093 2062
3 1666 2073 2062
3 1689 1700 1666
3 2062 1689 1666
3 1690 1710 1709
3 1690 1709 1689
3 2063 1690 1689
3 2063 1689 2062
3 2063 2062 2082
3 2083 2063 2082
3 2094 2083 2082
3 2094 2082 2093
3 2074 2094 2093
3 2074 2093 2073
3 2074 2073 1666
3 1667 2074 1666
3 1667 1666 1700
3 1701 1667 1700
3 1710 1701 1700
3 1710 1700 1709
3 1690 1710 1701
3 2094 2083 2063
3 2074 2094 2063
3 1667 2074 2063
3 1690 1701 1667
3 2063 1690 1667
3 2519 2539 2530
3 3389 3378 3356
3 3369 3389 3356
3 2496 3369 3356
3 2519 2530 2496
3 3356 2519 2496
3 2520 2540 2539
3 2520 2539 2519
3 3357 2520 2519
3 3357 2519 3356
3 3357 3356 3378
3 3379 3357 3378
3 3390 3379 3378
3 3390 3378 3389
3 3370 3390 3389
3 3370 3389 3369
3 3370 3369 2496
3 2497 3370 2496
3 2497 2496 2530
3 2531 2497 2530
3 2540 2531 2530
3 2540 2530 2539
3 2520 2540 2531
3 3390 3379 3357
3 3370 3390 3357
3 2497 3370 3357
3 2520 2531 2497
3 3357 2520 2497
3 3341 3328 3776
3 3812 3341 3776
3 3329 3328 3341
3 3342 3329 3341
3 3813 3342 3341
3 3813 3341 3812
3 3777 3813 3812
3 3777 3812 3776
3 3777 3776 3328
3 3329 3777 3328
3 3342 3329 3777
3 3813 3342 3777
3 4009 3996 4199
3 4235 4009 4199
3 3997 3996 4009
3 4010 3997 4009
3 4236 4010 4009
3 4236 4009 4235
3 4200 4236 4235
3 4200 4235 4199
3 4200 4199 3996
3 3997 4200 3996
3 4010 3997 4200
3 4236 4010 4200
3 4393 4380 4557
3 4593 4393 4557
3 4381 4380 4393
3 4394 4381 4393
3 4594 4394 4393
3 4594 4393 4593
3 4558 4594 4593
3 4558 4593 4557
3 4558 4557 4380
3 4381 4558 4380
3 4394 4381 4558
3 4594 4394 4558
3 4817 4804 5134
3 5144 4817 5134
3 4805 4804 4817
3 4818 4805 4817
3 5145 4818 4817
3 5145 4817 5144
3 5135 5145 5144
3 5135 5144 5134
3 5135 5134 4804
3 4805 5135 4804
3 4818 4805 5135
3 5145 4818 5135
3 6314 6245 6179
3 5582 5547 6377
3 6411 5582 6377
3 6350 6411 6377
3 6314 6179 6350
3 6377 6314 6350
3 6315 6246 6245
3 6315 6245 6314
3 6315 6314 6377
3 6378 6315 6377
3 6378 6377 5547
3 5548 6378 5547
3 5548 5547 5582
3 5583 5548 5582
3 6412 5583 5582
3 6412 5582 6411
3 6351 6412 6411
3 6351 6411 6350
3 6351 6350 6179
3 6180 6351 6179
3 6180 6179 6245
3 6246 6180 6245
3 6315 6246 6180
3 5583 5548 6378
3 6412 5583 6378
3 6351 6412 6378
3 6315 6180 6351
3 6378 6315 6351
3 5397 5435 5426
3 5830 5798 6021
3 6101 5830 6021
3 5760 6101 6021
3 5397 5426 5359
3 5735 5397 5359
3 5760 6021 5735
3 5359 5760 5735
3 5398 5436 5435
3 5398 5435 5397
3 5736 5398 5397
3 5736 5397 5735
3 5736 5735 6021
3 6022 5736 6021
3 6022 6021 5798
3 5799 6022 5798
3 5799 5798 5830
3 5831 5799 5830
3 6102 5831 5830
3 6102 5830 6101
3 5761 6102 6101
3 5761 6101 5760
3 5761 5760 5359
3 5360 5761 5359
3 5360 5359 5426
3 5427 5360 5426
3 5436 5427 5426
3 5436 5426 5435
3 5398 5436 5427
3 5831 5799 6022
3 6102 5831 6022
3 5761 6102 6022
3 5398 5427 5360
3 5736 5398 5360
3 5761 6022 5736
3 5360 5761 5736
3 3647 3638 3618
3 3627 3647 3618
3 4868 3627 3618
3 4899 4888 4868
3 4879 4899 4868
3 3618 4879 4868
3 3648 3639 3638
3 3648 3638 3647
3 3628 3648 3647
3 3628 3647 3627
3 4869 3628 3627
3 4869 3627 4868
3 4869 4868 4888
3 4889 4869 4888
3 4900 4889 4888
3 4900 4888 4899
3 4880 4900 4899
3 4880 4899 4879
3 4880 4879 3618
3 3619 4880 3618
3 3619 3618 3638
3 3639 3619 3638
3 3648 3639 3619
3 3628 3648 3619
3 4869 3628 3619
3 4900 4889 4869
3 4880 4900 4869
3 3619 4880 4869
3 1602 1405 1267
3 1471 1602 1267
3 1603 1406 1405
3 1603 1405 1602
3 1472 1603 1602
3 1472 1602 1471
3 1472 1471 1267
3 1268 1472 1267
3 1268 1267 1405
3 1406 1268 1405
3 1603 1406 1268
3 1472 1603 1268
3 3004 1919 1855
3 2891 3004 1855
3 3005 1920 1919
3 3005 1919 3004
3 2892 3005 3004
3 2892 3004 2891
3 2892 2891 1855
3 1856 2892 1855
3 1856 1855 1919
3 1920 1856 1919
3 3005 1920 1856
3 2892 3005 1856
3 1108 1128 338
3 436 288 136
3 418 436 136
3 468 418 136
3 306 355 468
3 1108 338 328
3 136 1108 328
3 306 468 136
3 276 306 136
3 328 276 136
3 1109 1129 1128
3 1109 1128 1108
3 1109 1108 136
3 137 1109 136
3 137 136 288
3 289 137 288
3 437 289 288
3 437 288 436
3 419 437 436
3 419 436 418
3 469 419 418
3 469 418 468
3 356 469 468
3 356 468 355
3 356 355 306
3 307 356 306
3 277 307 306
3 277 306 276
3 329 277 276
3 329 276 328
3 329 328 338
3 339 329 338
3 1129 339 338
3 1129 338 1128
3 1109 1129 339
3 437 289 137
3 419 437 137
3 469 419 137
3 307 356 469
3 1109 339 329
3 137 1109 329
3 307 469 137
3 277 307 137
3 329 277 137
3 584 739 749
3 838 584 749
3 953 838 749
3 892 953 749
3 924 892 749
3 785 924 749
3 740 739 584
3 585 740 584
3 585 584 838
3 839 585 838
3 954 839 838
3 954 838 953
3 893 954 953
3 893 953 892
3 925 893 892
3 925 892 924
3 786 925 924
3 786 924 785
3 786 785 749
3 750 786 749
3 740 750 749
3 740 749 739
3 585 740 750
3 839 585 750
3 954 839 750
3 893 954 750
3 925 893 750
3 786 925 750
3 2095 1702 1668
3 2075 2095 1668
3 2096 1703 1702
3 2096 1702 2095
3 2076 2096 2095
3 2076 2095 2075
3 2076 2075 1668
3 1669 2076 1668
3 1669 1668 1702
3 1703 1669 1702
3 2096 1703 1669
3 2076 2096 1669
3 3391 2532 2498
3 3371 3391 2498
3 3392 2533 2532
3 3392 2532 3391
3 3372 3392 3391
3 3372 3391 3371
3 3372 3371 2498
3 2499 3372 2498
3 2499 2498 2532
3 2533 2499 2532
3 3392 2533 2499
3 3372 3392 2499
3 3343 3248 3720
3 3814 3343 3720
3 3249 3248 3343
3 3344 3249 3343
3 3815 3344 3343
3 3815 3343 3814
3 3721 3815 3814
3 3721 3814 3720
3 3721 3720 3248
3 3249 3721 3248
3 3344 3249 3721
3 3815 3344 3721
3 4237 4011 3955
3 4143 4237 3955
3 4238 4012 4011
3 4238 4011 4237
3 4144 4238 4237
3 4144 4237 4143
3 4144 4143 3955
3 3956 4144 3955
3 3956 3955 4011
3 4012 3956 4011
3 4238 4012 3956
3 4144 4238 3956
3 4595 4395 4342
3 4501 4595 4342
3 4596 4396 4395
3 4596 4395 4595
3 4502 4596 4595
3 4502 4595 4501
3 4502 4501 4342
3 4343 4502 4342
3 4343 4342 4395
3 4396 4343 4395
3 4596 4396 4343
3 4502 4596 4343
3 5196 4819 4766
3 5122 5196 4766
3 5197 4820 4819
3 5197 4819 5196
3 5123 5197 5196
3 5123 5196 5122
3 5123 5122 4766
3 4767 5123 4766
3 4767 4766 4819
3 4820 4767 4819
3 5197 4820 4767
3 5123 5197 4767
3 6268 6181 6352
3 5584 5507 6268
3 6413 5584 6268
3 6352 6413 6268
3 6182 6181 6268
3 6269 6182 6268
3 6269 6268 5507
3 5508 6269 5507
3 5508 5507 5584
3 5585 5508 5584
3 6414 5585 5584
3 6414 5584 6413
3 6353 6414 6413
3 6353 6413 6352
3 6353 6352 6181
3 6182 6353 6181
3 6269 6182 6353
3 5585 5508 6269
3 6414 5585 6269
3 6353 6414 6269
3 5632 5428 5361
3 5748 5722 5632
3 6103 5832 5748
3 5762 6103 5748
3 5632 5361 5762
3 5748 5632 5762
3 5633 5429 5428
3 5633 5428 5632
3 5633 5632 5722
3 5723 5633 5722
3 5749 5723 5722
3 5749 5722 5748
3 5749 5748 5832
3 5833 5749 5832
3 6104 5833 5832
3 6104 5832 6103
3 5763 6104 6103
3 5763 6103 5762
3 5763 5762 5361
3 5362 5763 5361
3 5362 5361 5428
3 5429 5362 5428
3 5633 5429 5362
3 5749 5723 5633
3 6104 5833 5749
3 5763 6104 5749
3 5633 5362 5763
3 5749 5633 5763
3 3640 3620 4881
3 4901 3640 4881
3 3621 3620 3640
3 3641 3621 3640
3 4902 3641 3640
3 4902 3640 4901
3 4882 4902 4901
3 4882 4901 4881
3 4882 4881 3620
3 3621 4882 3620
3 3641 3621 4882
3 4902 3641 4882
3 3596 3579 3603
3 3608 3596 3603
3 3580 3579 3596
3 3597 3580 3596
3 3609 3597 3596
3 3609 3596 3608
3 3604 3609 3608
3 3604 3608 3603
3 3604 3603 3579
3 3580 3604 3579
3 3597 3580 3604
3 3609 3597 3604
3 5079 5066 5206
3 5211 5079 5206
3 5067 5066 5079
3 5080 5067 5079
3 5212 5080 5079
3 5212 5079 5211
3 5207 5212 5211
3 5207 5211 5206
3 5207 5206 5066
3 5067 5207 5066
3 5080 5067 5207
3 5212 5080 5207
3 1406 1342 1529
3 1603 1406 1529
3 1343 1342 1406
3 1407 1343 1406
3 1604 1407 1406
3 1604 1406 1603
3 1530 1604 1603
3 1530 1603 1529
3 1530 1529 1342
3 1343 1530 1342
3 1407 1343 1530
3 1604 1407 1530
3 1920 1901 2966
3 3005 1920 2966
3 1902 1901 1920
3 1921 1902 1920
3 3006 1921 1920
3 3006 1920 3005
3 2967 3006 3005
3 2967 3005 2966
3 2967 2966 1901
3 1902 2967 1901
3 1921 1902 2967
3 3006 1921 2967
3 1129 1117 1097
3 1109 1129 1097
3 137 1109 1097
3 409 437 289
3 297 409 289
3 145 297 289
3 137 1097 145
3 289 137 145
3 1130 1118 1117
3 1130 1117 1129
3 1110 1130 1129
3 1110 1129 1109
3 1110 1109 137
3 138 1110 137
3 138 137 289
3 290 138 289
3 438 290 289
3 438 289 437
3 410 438 437
3 410 437 409
3 410 409 297
3 298 410 297
3 146 298 297
3 146 297 145
3 1098 146 145
3 1098 145 1097
3 1098 1097 1117
3 1118 1098 1117
3 1130 1118 1098
3 1110 1130 1098
3 138 1110 1098
3 410 438 290
3 298 410 290
3 146 298 290
3 138 1098 146
3 290 138 146
3 740 762 607
3 585 740 607
3 839 585 607
3 936 954 839
3 849 936 839
3 607 849 839
3 741 763 762
3 741 762 740
3 741 740 585
3 586 741 585
3 586 585 839
3 840 586 839
3 955 840 839
3 955 839 954
3 937 955 954
3 937 954 936
3 937 936 849
3 850 937 849
3 608 850 849
3 608 849 607
3 763 608 607
3 763 607 762
3 741 763 608
3 586 741 608
3 840 586 608
3 937 955 840
3 850 937 840
3 608 850 840
3 1691 1711 1703
3 2096 2084 2064
3 2076 2096 2064
3 1669 2076 2064
3 1691 1703 1669
3 2064 1691 1669
3 1692 1712 1711
3 1692 1711 1691
3 2065 1692 1691
3 2065 1691 2064
3 2065 2064 2084
3 2085 2065 2084
3 2097 2085 2084
3 2097 2084 2096
3 2077 2097 2096
3 2077 2096 2076
3 2077 2076 1669
3 1670 2077 1669
3 1670 1669 1703
3 1704 1670 1703
3 1712 1704 1703
3 1712 1703 1711
3 1692 1712 1704
3 2097 2085 2065
3 2077 2097 2065
3 1670 2077 2065
3 1692 1704 1670
3 2065 1692 1670
3 2521 2541 2533
3 3392 3380 3358
3 3372 3392 3358
3 2499 3372 3358
3 2521 2533 2499
3 3358 2521 2499
3 2522 2542 2541
3 2522 2541 2521
3 3359 2522 2521
3 3359 2521 3358
3 3359 3358 3380
3 3381 3359 3380
3 3393 3381 3380
3 3393 3380 3392
3 3373 3393 3392
3 3373 3392 3372
3 3373 3372 2499
3 2500 3373 2499
3 2500 2499 2533
3 2534 2500 2533
3 2542 2534 2533
3 2542 2533 2541
3 2522 2542 2534
3 3393 3381 3359
3 3373 3393 3359
3 2500 3373 3359
3 2522 2534 2500
3 3359 2522 2500
3 3344 3330 3778
3 3815 3344 3778
3 3331 3330 3344
3 3345 3331 3344
3 3816 3345 3344
3 3816 3344 3815
3 3779 3816 3815
3 3779 3815 3778
3 3779 3778 3330
3 3331 3779 3330
3 3345 3331 3779
3 3816 3345 3779
3 4012 3998 4201
3 4238 4012 4201
3 3999 3998 4012
3 4013 3999 4012
3 4239 4013 4012
3 4239 4012 4238
3 4202 4239 4238
3 4202 4238 4201
3 4202 4201 3998
3 3999 4202 3998
3 4013 3999 4202
3 4239 4013 4202
3 4396 4382 4559
3 4596 4396 4559
3 4383 4382 4396
3 4397 4383 4396
3 4597 4397 4396
3 4597 4396 4596
3 4560 4597 4596
3 4560 4596 4559
3 4560 4559 4382
3 4383 4560 4382
3 4397 4383 4560
3 4597 4397 4560
3 4820 4806 5136
3 5146 4820 5136
3 4807 4806 4820
3 4821 4807 4820
3 5147 4821 4820
3 5147 4820 5146
3 5137 5147 5146
3 5137 5146 5136
3 5137 5136 4806
3 4807 5137 4806
3 4821 4807 5137
3 5147 4821 5137
3 6316 6247 6182
3 5585 5549 6379
3 6414 5585 6379
3 6353 6414 6379
3 6316 6182 6353
3 6379 6316 6353
3 6317 6248 6247
3 6317 6247 6316
3 6317 6316 6379
3 6380 6317 6379
3 6380 6379 5549
3 5550 6380 5549
3 5550 5549 5585
3 5586 5550 5585
3 6415 5586 5585
3 6415 5585 6414
3 6354 6415 6414
3 6354 6414 6353
3 6354 6353 6182
3 6183 6354 6182
3 6183 6182 6247
3 6248 6183 6247
3 6317 6248 6183
3 5586 5550 6380
3 6415 5586 6380
3 6354 6415 6380
3 6317 6183 6354
3 6380 6317 6354
3 5399 5437 5429
3 5833 5800 6023
3 6104 5833 6023
3 5763 6104 6023
3 5399 5429 5362
3 5737 5399 5362
3 5763 6023 5737
3 5362 5763 5737
3 5400 5438 5437
3 5400 5437 5399
3 5738 5400 5399
3 5738 5399 5737
3 5738 5737 6023
3 6024 5738 6023
3 6024 6023 5800
3 5801 6024 5800
3 5801 5800 5833
3 5834 5801 5833
3 6105 5834 5833
3 6105 5833 6104
3 5764 6105 6104
3 5764 6104 5763
3 5764 5763 5362
3 5363 5764 5362
3 5363 5362 5429
3 5430 5363 5429
3 5438 5430 5429
3 5438 5429 5437
3 5400 5438 5430
3 5834 5801 6024
3 6105 5834 6024
3 5764 6105 6024
3 5400 5430 5363
3 5738 5400 5363
3 5764 6024 5738
3 5363 5764 5738
3 3649 3641 3621
3 3629 3649 3621
3 4870 3629 3621
3 4902 4890 4870
3 4882 4902 4870
3 3621 4882 4870
3 3650 3642 3641
3 3650 3641 3649
3 3630 3650 3649
3 3630 3649 3629
3 4871 3630 3629
3 4871 3629 4870
3 4871 4870 4890
3 4891 4871 4890
3 4903 4891 4890
3 4903 4890 4902
3 4883 4903 4902
3 4883 4902 4882
3 4883 4882 3621
3 3622 4883 3621
3 3622 3621 3641
3 3642 3622 3641
3 3650 3642 3622
3 3630 3650 3622
3 4871 3630 3622
3 4903 4891 4871
3 4883 4903 4871
3 3622 4883 4871
3 3588 3599 3597
3 3609 3606 3601
3 3604 3609 3601
3 3580 3604 3601
3 3588 3597 3580
3 3601 3588 3580
3 3589 3600 3599
3 3589 3599 3588
3 3602 3589 3588
3 3602 3588 3601
3 3602 3601 3606
3 3607 3602 3606
3 3610 3607 3606
3 3610 3606 3609
3 3605 3610 3609
3 3605 3609 3604
3 3605 3604 3580
3 3581 3605 3580
3 3581 3580 3597
3 3598 3581 3597
3 3600 3598 3597
3 3600 3597 3599
3 3589 3600 3598
3 3610 3607 3602
3 3605 3610 3602
3 3581 3605 3602
3 3589 3598 3581
3 3602 3589 3581
3 5073 5085 5080
3 5212 5209 5204
3 5207 5212 5204
3 5067 5207 5204
3 5073 5080 5067
3 5204 5073 5067
3 5074 5086 5085
3 5074 5085 5073
3 5205 5074 5073
3 5205 5073 5204
3 5205 5204 5209
3 5210 5205 5209
3 5213 5210 5209
3 5213 5209 5212
3 5208 5213 5212
3 5208 5212 5207
3 5208 5207 5067
3 5068 5208 5067
3 5068 5067 5080
3 5081 5068 5080
3 5086 5081 5080
3 5086 5080 5085
3 5074 5086 5081
3 5213 5210 5205
3 5208 5213 5205
3 5068 5208 5205
3 5074 5081 5068
3 5205 5074 5068
3 392 5699 6191
3 397 392 6191
3 387 397 6191
3 857 387 6191
3 867 857 6191
3 874 867 6191
3 2102 2107 874
3 2558 2117 2112
3 2551 2558 2112
3 2566 2551 2112
3 2816 2573 2566
3 2809 2816 2566
3 2823 2809 2566
3 3405 2830 2823
3 3398 3405 2823
3 3416 3398 2823
3 3662 3423 3416
3 3655 3662 3416
3 3673 3655 3416
3 4083 3680 3673
3 4076 4083 3673
3 4449 4103 4096
3 4444 4449 4096
3 4929 4463 4458
3 4924 4929 4458
3 4938 4924 4458
3 5227 4943 4938
3 5222 5227 4938
3 5238 5222 4938
3 5712 5243 5238
3 5707 5712 5238
3 6261 5806 5793
3 6191 6261 5793
3 2102 874 6191
3 2112 2102 6191
3 2566 2112 6191
3 2823 2566 6191
3 3416 2823 6191
3 3673 3416 6191
3 4076 3673 6191
3 4096 4076 6191
3 4444 4096 6191
3 4458 4444 6191
3 4938 4458 6191
3 5238 4938 6191
3 5707 5238 6191
3 5793 5707 6191
3 390 5697 6189
3 395 390 6189
3 385 395 6189
3 855 385 6189
3 865 855 6189
3 872 865 6189
3 2100 2105 872
3 2556 2115 2110
3 2549 2556 2110
3 2564 2549 2110
3 2814 2571 2564
3 2807 2814 2564
3 2821 2807 2564
3 3403 2828 2821
3 3396 3403 2821
3 3414 3396 2821
3 3660 3421 3414
3 3653 3660 3414
3 3671 3653 3414
3 4081 3678 3671
3 4074 4081 3671
3 4447 4101 4094
3 4442 4447 4094
3 4927 4461 4456
3 4922 4927 4456
3 4936 4922 4456
3 5225 4941 4936
3 5220 5225 4936
3 5236 5220 4936
3 5710 5241 5236
3 5705 5710 5236
3 6259 5804 5791
3 6189 6259 5791
3 2100 872 6189
3 2110 2100 6189
3 2564 2110 6189
3 2821 2564 6189
3 3414 2821 6189
3 3671 3414 6189
3 4074 3671 6189
3 4094 4074 6189
3 4442 4094 6189
3 4456 4442 6189
3 4936 4456 6189
3 5236 4936 6189
3 5705 5236 6189
3 5791 5705 6189
3 867 874 860
3 857 867 860
3 3398 3416 3423
3 3405 3398 3423
3 5707 5793 5806
3 5712 5707 5806
3 6125 6137 6132
3 6115 6125 6132
3 6154 6252 6191
3 6149 6154 6191
3 5907 6000 5955
3 5861 5907 5955
3 5752 5855 5784
3 5726 5752 5784
3 2102 2112 2117
3 2107 2102 2117
3 2551 2566 2573
3 2558 2551 2573
3 729 789 753
3 681 729 753
3 564 574 568
3 560 564 568
3 542 556 552
3 538 542 552
3 472 501 481
3 422 472 481
3 882 880 899
3 909 882 899
3 1428 1426 1430
3 1432 1428 1430
3 1958 1956 1960
3 1965 1958 1960
3 2395 2388 2397
3 2401 2395 2397
3 2797 2794 2800
3 2803 2797 2800
3 3126 3123 3129
3 3132 3126 3129
3 3586 3583 3591
3 3594 3586 3591
3 3894 3890 3899
3 3903 3894 3899
3 4317 4315 4319
3 4321 4317 4319
3 4727 4725 4729
3 4731 4727 4729
3 5095 5093 5097
3 5099 5095 5097
3 5462 5457 5464
3 5466 5462 5464
3 392 397 387
3 382 392 387
3 1728 1732 1734
3 1730 1728 1734
3 1132 1136 1138
3 1134 1132 1138
3 2809 2823 2830
3 2816 2809 2830
3 3655 3673 3680
3 3662 3655 3680
3 4076 4096 4103
3 4083 4076 4103
3 4444 4458 4463
3 4449 4444 4463
3 4924 4938 4943
3 4929 4924 4943
3 5222 5238 5243
3 5227 5222 5243
3 5707 5793 5806
3 5712 5707 5806
3 875 877 991
3 974 875 991
3 6355 974 991
3 6253 6255 6355
3 6318 6253 6355
3 991 6318 6355
3 6319 6318 991
3 992 6319 991
3 878 992 991
3 878 991 877
3 878 877 875
3 876 878 875
3 876 875 974
3 975 876 974
3 6356 975 974
3 6356 974 6355
3 6256 6356 6355
3 6256 6355 6255
3 6256 6255 6253
3 6254 6256 6253
3 6254 6253 6318
3 6319 6254 6318
3 876 878 992
3 975 876 992
3 6356 975 992
3 6254 6256 6356
3 6319 6254 6356
3 992 6319 6356
3 5689 5663 5617
3 5619 5689 5617
3 344 5619 5617
3 425 398 344
3 361 425 344
3 5617 361 344
3 5618 5617 5663
3 5664 5618 5663
3 5690 5664 5663
3 5690 5663 5689
3 5620 5690 5689
3 5620 5689 5619
3 5620 5619 344
3 345 5620 344
3 345 344 398
3 399 345 398
3 426 399 398
3 426 398 425
3 362 426 425
3 362 425 361
3 5618 362 361
3 5618 361 5617
3 5690 5664 5618
3 5620 5690 5618
3 345 5620 5618
3 426 399 345
3 362 426 345
3 5618 362 345
3 6137 6154 6149
3 6132 6137 6149
3 6137 6154 6149
3 6132 6137 6149
3 6148 6153 6154
3 6148 6154 6149
3 6148 6149 6132
3 6131 6148 6132
3 6131 6132 6137
3 6136 6131 6137
3 6153 6136 6137
3 6153 6137 6154
3 6136 6153 6148
3 6131 6136 6148
3 6000 6125 6115
3 5955 6000 6115
3 5855 5907 5861
3 5784 5855 5861
3 6000 6125 6115
3 5955 6000 6115
3 6114 6124 6125
3 6114 6125 6115
3 6114 6115 5955
3 5954 6114 5955
3 5954 5955 6000
3 5999 5954 6000
3 6124 5999 6000
3 6124 6000 6125
3 5999 6124 6114
3 5954 5999 6114
3 5907 6000 5955
3 5861 5907 5955
3 5954 5999 6000
3 5954 6000 5955
3 5954 5955 5861
3 5860 5954 5861
3 5860 5861 5907
3 5906 5860 5907
3 5999 5906 5907
3 5999 5907 6000
3 5906 5999 5954
3 5860 5906 5954
3 5730 5752 5726
3 5699 5730 5726
3 5855 5907 5861
3 5784 5855 5861
3 5860 5906 5907
3 5860 5907 5861
3 5860 5861 5784
3 5783 5860 5784
3 5783 5784 5855
3 5854 5783 5855
3 5906 5854 5855
3 5906 5855 5907
3 5854 5906 5860
3 5783 5854 5860
3 5730 5752 5726
3 5699 5730 5726
3 5725 5751 5752
3 5725 5752 5726
3 5725 5726 5699
3 5698 5725 5699
3 5698 5699 5730
3 5729 5698 5730
3 5751 5729 5730
3 5751 5730 5752
3 5729 5751 5725
3 5698 5729 5725
3 729 681 568
3 574 729 568
3 729 681 568
3 574 729 568
3 680 681 568
3 567 680 568
3 567 568 574
3 573 567 574
3 728 573 574
3 728 574 729
3 680 728 729
3 680 729 681
3 728 680 567
3 573 728 567
3 564 560 552
3 556 564 552
3 542 538 481
3 501 542 481
3 472 422 347
3 387 472 347
3 564 560 552
3 556 564 552
3 559 560 552
3 551 559 552
3 551 552 556
3 555 551 556
3 563 555 556
3 563 556 564
3 559 563 564
3 559 564 560
3 563 559 551
3 555 563 551
3 542 538 481
3 501 542 481
3 537 538 481
3 480 537 481
3 480 481 501
3 500 480 501
3 541 500 501
3 541 501 542
3 537 541 542
3 537 542 538
3 541 537 480
3 500 541 480
3 472 422 347
3 387 472 347
3 421 422 347
3 346 421 347
3 346 347 387
3 386 346 387
3 471 386 387
3 471 387 472
3 421 471 472
3 421 472 422
3 471 421 346
3 386 471 346
3 860 828 753
3 789 860 753
3 860 828 753
3 789 860 753
3 827 828 753
3 752 827 753
3 752 753 789
3 788 752 789
3 859 788 789
3 859 789 860
3 827 859 860
3 827 860 828
3 859 827 752
3 788 859 752
3 929 897 320
3 360 929 320
3 896 897 320
3 319 896 320
3 319 320 360
3 359 319 360
3 928 359 360
3 928 360 929
3 896 928 929
3 896 929 897
3 928 896 319
3 359 928 319
3 927 895 318
3 358 927 318
3 894 895 318
3 317 894 318
3 317 318 358
3 357 317 358
3 926 357 358
3 926 358 927
3 894 926 927
3 894 927 895
3 926 894 317
3 357 926 317
3 925 893 316
3 356 925 316
3 892 893 316
3 315 892 316
3 315 316 356
3 355 315 356
3 924 355 356
3 924 356 925
3 892 924 925
3 892 925 893
3 924 892 315
3 355 924 315
3 923 891 314
3 354 923 314
3 890 891 314
3 313 890 314
3 313 314 354
3 353 313 354
3 922 353 354
3 922 354 923
3 890 922 923
3 890 923 891
3 922 890 313
3 353 922 313
3 921 889 312
3 352 921 312
3 888 889 312
3 311 888 312
3 311 312 352
3 351 311 352
3 920 351 352
3 920 352 921
3 888 920 921
3 888 921 889
3 920 888 311
3 351 920 311
3 919 887 310
3 350 919 310
3 886 887 310
3 309 886 310
3 309 310 350
3 349 309 350
3 918 349 350
3 918 350 919
3 886 918 919
3 886 919 887
3 918 886 309
3 349 918 309
3 4070 3916 5591
3 6116 4070 5591
3 3917 3916 4070
3 4071 3917 4070
3 6117 4071 4070
3 6117 4070 6116
3 5592 6117 6116
3 5592 6116 5591
3 5592 5591 3916
3 3917 5592 3916
3 4071 3917 5592
3 6117 4071 5592
3 999 649 2405
3 2543 999 2405
3 650 649 999
3 1000 650 999
3 2544 1000 999
3 2544 999 2543
3 2406 2544 2543
3 2406 2543 2405
3 2406 2405 649
3 650 2406 649
3 1000 650 2406
3 2544 1000 2406
3 2389 3907 3945
3 2410 2389 3945
3 2407 2410 3945
3 2551 2407 3945
3 2566 2551 3945
3 2573 2566 3945
3 2809 2816 2573
3 3405 2830 2823
3 3398 3405 2823
3 3416 3398 2823
3 3662 3423 3416
3 3655 3662 3416
3 3673 3655 3416
3 4083 3680 3673
3 4076 4083 3673
3 3945 3958 4103
3 2809 2573 3945
3 2823 2809 3945
3 3416 2823 3945
3 3673 3416 3945
3 4076 3673 3945
3 4096 4076 3945
3 2391 3909 3947
3 2412 2391 3947
3 2409 2412 3947
3 2553 2409 3947
3 2568 2553 3947
3 2575 2568 3947
3 2811 2818 2575
3 3407 2832 2825
3 3400 3407 2825
3 3418 3400 2825
3 3664 3425 3418
3 3657 3664 3418
3 3675 3657 3418
3 4085 3682 3675
3 4078 4085 3675
3 3947 3960 4105
3 2811 2575 3947
3 2825 2811 3947
3 3418 2825 3947
3 3675 3418 3947
3 4078 3675 3947
3 4098 4078 3947
3 2391 3909 3947
3 2412 2391 3947
3 2409 2412 3947
3 2553 2409 3947
3 2568 2553 3947
3 2575 2568 3947
3 2811 2818 2575
3 3407 2832 2825
3 3400 3407 2825
3 3418 3400 2825
3 3664 3425 3418
3 3657 3664 3418
3 3675 3657 3418
3 4085 3682 3675
3 4078 4085 3675
3 3947 3960 4105
3 2811 2575 3947
3 2825 2811 3947
3 3418 2825 3947
3 3675 3418 3947
3 4078 3675 3947
3 4098 4078 3947
3 3946 3908 3909
3 3946 3909 3947
3 3946 3947 3960
3 3959 3946 3960
3 4104 3959 3960
3 4104 3960 4105
3 4104 4105 4098
3 4097 4104 4098
3 4077 4097 4098
3 4077 4098 4078
3 4084 4077 4078
3 4084 4078 4085
3 3681 4084 4085
3 3681 4085 3682
3 3681 3682 3675
3 3674 3681 3675
3 3656 3674 3675
3 3656 3675 3657
3 3663 3656 3657
3 3663 3657 3664
3 3424 3663 3664
3 3424 3664 3425
3 3424 3425 3418
3 3417 3424 3418
3 3399 3417 3418
3 3399 3418 3400
3 3406 3399 3400
3 3406 3400 3407
3 2831 3406 3407
3 2831 3407 2832
3 2831 2832 2825
3 2824 2831 2825
3 2810 2824 2825
3 2810 2825 2811
3 2817 2810 2811
3 2817 2811 2818
3 2574 2817 2818
3 2574 2818 2575
3 2574 2575 2568
3 2567 2574 2568
3 2552 2567 2568
3 2552 2568 2553
3 2552 2553 2409
3 2408 2552 2409
3 2408 2409 2412
3 2411 2408 2412
3 2411 2412 2391
3 2390 2411 2391
3 2390 2391 3909
3 3908 2390 3909
3 2390 3908 3946
3 2411 2390 3946
3 2408 2411 3946
3 2552 2408 3946
3 2567 2552 3946
3 2574 2567 3946
3 2810 2817 2574
3 3406 2831 2824
3 3399 3406 2824
3 3417 3399 2824
3 3663 3424 3417
3 3656 3663 3417
3 3674 3656 3417
3 4084 3681 3674
3 4077 4084 3674
3 3946 3959 4104
3 2810 2574 3946
3 2824 2810 3946
3 3417 2824 3946
3 3674 3417 3946
3 4077 3674 3946
3 4097 4077 3946
3 3400 3418 3425
3 3407 3400 3425
3 2553 2568 2575
3 2559 2553 2575
3 2383 2381 2399
3 2402 2383 2399
3 2798 2795 2801
3 2804 2798 2801
3 3127 3124 3130
3 3133 3127 3130
3 3587 3584 3592
3 3595 3587 3592
3 3895 3892 3911
3 3913 3895 3911
3 2811 2825 2832
3 2818 2811 2832
3 3657 3675 3682
3 3664 3657 3682
3 4078 4098 4105
3 4085 4078 4105
3 2409 2383 2386
3 2412 2409 2386
3 3947 3906 3913
3 3960 3947 3913
3 3909 2391 2384
3 3904 3909 2384
3 1433 1449 754
3 569 1433 754
3 570 569 754
3 755 570 754
3 1450 755 754
3 1450 754 1449
3 1434 1450 1449
3 1434 1449 1433
3 1434 1433 569
3 570 1434 569
3 1434 1450 755
3 570 1434 755
3 5472 5510 5050
3 4918 5472 5050
3 4919 4918 5050
3 5051 4919 5050
3 5511 5051 5050
3 5511 5050 5510
3 5473 5511 5510
3 5473 5510 5472
3 5473 5472 4918
3 4919 5473 4918
3 5473 5511 5051
3 4919 5473 5051
3 2560 2392 3900
3 4090 2560 3900
3 2393 2392 2560
3 2561 2393 2560
3 4091 2561 2560
3 4091 2560 4090
3 3901 4091 4090
3 3901 4090 3900
3 3901 3900 2392
3 2393 3901 2392
3 2561 2393 3901
3 4091 2561 3901
3 2546 2355 3915
3 4258 2546 3915
3 2354 2355 3915
3 3914 2354 3915
3 4257 3914 3915
3 4257 3915 4258
3 2545 4257 4258
3 2545 4258 2546
3 2545 2546 2355
3 2354 2545 2355
3 2545 2354 3914
3 4257 2545 3914
3 533 910 915
3 5787 5785 5948
3 5993 5787 5948
3 5640 5993 5948
3 533 915 502
3 32 533 502
3 5640 5948 5638
3 27 5640 5638
3 32 502 27
3 5638 32 27
3 911 910 533
3 534 911 533
3 33 534 533
3 33 533 32
3 5639 33 32
3 5639 32 5638
3 5639 5638 5948
3 5949 5639 5948
3 5949 5948 5785
3 5786 5949 5785
3 5786 5785 5787
3 5788 5786 5787
3 5994 5788 5787
3 5994 5787 5993
3 5641 5994 5993
3 5641 5993 5640
3 5641 5640 27
3 28 5641 27
3 28 27 502
3 503 28 502
3 916 503 502
3 916 502 915
3 911 916 915
3 911 915 910
3 534 911 916
3 5788 5786 5949
3 5994 5788 5949
3 5641 5994 5949
3 534 916 503
3 33 534 503
3 5641 5949 5639
3 28 5641 5639
3 33 503 28
3 5639 33 28
3 30 31 367
3 366 30 367
3 366 367 402
3 401 366 402
3 440 401 402
3 440 402 441
3 440 441 914
3 913 440 914
3 913 914 904
3 903 913 904
3 903 904 1416
3 1415 903 1416
3 1415 1416 1437
3 1436 1415 1437
3 1439 1436 1437
3 1439 1437 1440
3 1439 1440 1445
3 1444 1439 1445
3 1447 1444 1445
3 1447 1445 1448
3 1447 1448 1723
3 1722 1447 1723
3 1722 1723 1717
3 1716 1722 1717
3 1716 1717 1726
3 1725 1716 1726
3 1725 1726 1720
3 1719 1725 1720
3 1719 1720 2717
3 2716 1719 2717
3 2779 2716 2717
3 2779 2717 2780
3 2779 2780 3040
3 3039 2779 3040
3 3039 3040 2941
3 2940 3039 2941
3 2940 2941 3494
3 3493 2940 3494
3 3493 3494 3920
3 3919 3493 3920
3 3922 3919 3920
3 3922 3920 3923
3 3922 3923 3928
3 3927 3922 3928
3 3930 3927 3928
3 3930 3928 3931
3 3930 3931 4066
3 4065 3930 4066
3 4065 4066 4060
3 4059 4065 4060
3 4059 4060 4069
3 4068 4059 4069
3 4068 4069 4063
3 4062 4068 4063
3 4062 4063 4734
3 4733 4062 4734
3 4736 4733 4734
3 4736 4734 4737
3 4736 4737 4742
3 4741 4736 4742
3 4744 4741 4742
3 4744 4742 4745
3 4744 4745 4914
3 4913 4744 4914
3 4913 4914 4908
3 4907 4913 4908
3 4907 4908 4917
3 4916 4907 4917
3 4916 4917 4911
3 4910 4916 4911
3 4910 4911 5279
3 5278 4910 5279
3 5278 5279 5595
3 5594 5278 5595
3 5900 5594 5595
3 5900 5595 5901
3 5599 5900 5901
3 5599 5901 5600
3 5643 5599 5600
3 5643 5600 5644
3 5643 5644 5702
3 5701 5643 5702
3 6156 5701 5702
3 6156 5702 6157
3 6107 6156 6157
3 6107 6157 6108
3 6119 6107 6108
3 6119 6108 6120
3 5468 6119 6120
3 5468 6120 5469
3 5468 5469 5460
3 5459 5468 5460
3 5291 5459 5460
3 5291 5460 5292
3 5379 5291 5292
3 5379 5292 5380
3 3513 5379 5380
3 3513 5380 3514
3 3513 3514 3491
3 3490 3513 3491
3 3135 3490 3491
3 3135 3491 3136
3 3252 3135 3136
3 3252 3136 3253
3 2969 3252 3253
3 2969 3253 2970
3 2673 2969 2970
3 2673 2970 2674
3 2673 2674 2710
3 2709 2673 2710
3 2709 2710 2677
3 2676 2709 2677
3 2359 2676 2677
3 2359 2677 2360
3 2362 2359 2360
3 2362 2360 2363
3 1962 2362 2363
3 1962 2363 1963
3 1962 1963 1954
3 1953 1962 1954
3 1832 1953 1954
3 1832 1954 1833
3 1862 1832 1833
3 1862 1833 1863
3 505 1862 1863
3 505 1863 506
3 505 506 36
3 35 505 36
3 35 36 52
3 51 35 52
3 51 52 31
3 30 51 31
3 366 30 29
3 366 29 365
3 401 366 365
3 401 365 400
3 401 400 439
3 440 401 439
3 913 440 439
3 913 439 912
3 903 913 912
3 903 912 902
3 1415 903 902
3 1415 902 1414
3 1436 1415 1414
3 1436 1414 1435
3 1436 1435 1438
3 1439 1436 1438
3 1444 1439 1438
3 1444 1438 1443
3 1444 1443 1446
3 1447 1444 1446
3 1722 1447 1446
3 1722 1446 1721
3 1716 1722 1721
3 1716 1721 1715
3 1725 1716 1715
3 1725 1715 1724
3 1719 1725 1724
3 1719 1724 1718
3 2716 1719 1718
3 2716 1718 2715
3 2716 2715 2778
3 2779 2716 2778
3 3039 2779 2778
3 3039 2778 3038
3 2940 3039 3038
3 2940 3038 2939
3 3493 2940 2939
3 3493 2939 3492
3 3919 3493 3492
3 3919 3492 3918
3 3919 3918 3921
3 3922 3919 3921
3 3927 3922 3921
3 3927 3921 3926
3 3927 3926 3929
3 3930 3927 3929
3 4065 3930 3929
3 4065 3929 4064
3 4059 4065 4064
3 4059 4064 4058
3 4068 4059 4058
3 4068 4058 4067
3 4062 4068 4067
3 4062 4067 4061
3 4733 4062 4061
3 4733 4061 4732
3 4733 4732 4735
3 4736 4733 4735
3 4741 4736 4735
3 4741 4735 4740
3 4741 4740 4743
3 4744 4741 4743
3 4913 4744 4743
3 4913 4743 4912
3 4907 4913 4912
3 4907 4912 4906
3 4916 4907 4906
3 4916 4906 4915
3 4910 4916 4915
3 4910 4915 4909
3 5278 4910 4909
3 5278 4909 5277
3 5594 5278 5277
3 5594 5277 5593
3 5594 5593 5899
3 5900 5594 5899
3 5900 5899 5598
3 5599 5900 5598
3 5599 5598 5642
3 5643 5599 5642
3 5701 5643 5642
3 5701 5642 5700
3 5701 5700 6155
3 6156 5701 6155
3 6156 6155 6106
3 6107 6156 6106
3 6107 6106 6118
3 6119 6107 6118
3 6119 6118 5467
3 5468 6119 5467
3 5459 5468 5467
3 5459 5467 5458
3 5459 5458 5290
3 5291 5459 5290
3 5291 5290 5378
3 5379 5291 5378
3 5379 5378 3512
3 3513 5379 3512
3 3490 3513 3512
3 3490 3512 3489
3 3490 3489 3134
3 3135 3490 3134
3 3135 3134 3251
3 3252 3135 3251
3 3252 3251 2968
3 2969 3252 2968
3 2969 2968 2672
3 2673 2969 2672
3 2709 2673 2672
3 2709 2672 2708
3 2676 2709 2708
3 2676 2708 2675
3 2676 2675 2358
3 2359 2676 2358
3 2359 2358 2361
3 2362 2359 2361
3 2362 2361 1961
3 1962 2362 1961
3 1953 1962 1961
3 1953 1961 1952
3 1953 1952 1831
3 1832 1953 1831
3 1832 1831 1861
3 1862 1832 1861
3 1862 1861 504
3 505 1862 504
3 35 505 504
3 35 504 34
3 51 35 34
3 51 34 50
3 30 51 50
3 30 50 29
3 3888 3887 3667
3 3668 3888 3667
3 3666 3668 3667
3 3666 3667 3665
3 3886 3666 3665
3 3886 3665 3885
3 3886 3885 3887
3 3888 3886 3887
3 5392 5279 5277
3 5392 5277 5391
3 5385 5392 5391
3 5385 5391 5384
3 5385 5384 5275
3 5276 5385 5275
3 5276 5275 5277
3 5279 5276 5277
3 4313 4312 4088
3 4089 4313 4088
3 4087 4089 4088
3 4087 4088 4086
3 4311 4087 4086
3 4311 4086 4310
3 4311 4310 4312
3 4313 4311 4312
3 4723 4722 4452
3 4453 4723 4452
3 4451 4453 4452
3 4451 4452 4450
3 4721 4451 4450
3 4721 4450 4720
3 4721 4720 4722
3 4723 4721 4722
3 5091 5090 4932
3 4933 5091 4932
3 4931 4933 4932
3 4931 4932 4930
3 5089 4931 4930
3 5089 4930 5088
3 5089 5088 5090
3 5091 5089 5090
3 5387 5386 5230
3 5231 5387 5230
3 5229 5231 5230
3 5229 5230 5228
3 5380 5229 5228
3 5380 5228 5378
3 5380 5378 5386
3 5387 5380 5386
3 6120 5469 5467
3 6120 5467 6118
3 6108 6120 6118
3 6108 6118 6106
3 6157 6108 6106
3 6157 6106 6155
3 5702 6157 6155
3 5702 6155 5700
3 5702 5700 5642
3 5644 5702 5642
3 5600 5644 5642
3 5600 5642 5598
3 5622 5600 5598
3 5622 5598 5621
3 5622 5621 5623
3 5624 5622 5623
3 5624 5623 5615
3 5616 5624 5615
3 5616 5615 5645
3 5646 5616 5645
3 5728 5646 5645
3 5728 5645 5727
3 5728 5727 6158
3 6159 5728 6158
3 6159 6158 6109
3 6110 6159 6109
3 6110 6109 6126
3 6127 6110 6126
3 6127 6126 5470
3 5471 6127 5470
3 5469 5471 5470
3 5469 5470 5467
3 5909 5624 5623
3 5909 5623 5908
3 5597 5909 5908
3 5597 5908 5596
3 5597 5596 5551
3 5552 5597 5551
3 5552 5551 5589
3 5590 5552 5589
3 5595 5590 5589
3 5595 5589 5593
3 5595 5593 5899
3 5901 5595 5899
3 5901 5899 5621
3 5622 5901 5621
3 5622 5621 5623
3 5624 5622 5623
3 5072 5004 5003
3 5072 5003 5071
3 5070 5072 5071
3 5070 5071 5069
3 5070 5069 5001
3 5002 5070 5001
3 5002 5001 5003
3 5004 5002 5003
3 4697 4521 4520
3 4697 4520 4696
3 4691 4697 4696
3 4691 4696 4690
3 4691 4690 4518
3 4519 4691 4518
3 4519 4518 4520
3 4521 4519 4520
3 4301 4163 4162
3 4301 4162 4300
3 4295 4301 4300
3 4295 4300 4294
3 4295 4294 4160
3 4161 4295 4160
3 4161 4160 4162
3 4163 4161 4162
3 3876 3740 3739
3 3876 3739 3875
3 3870 3876 3875
3 3870 3875 3869
3 3870 3869 3737
3 3738 3870 3737
3 3738 3737 3739
3 3740 3738 3739
3 3566 3494 3492
3 3566 3492 3565
3 3562 3566 3565
3 3562 3565 3561
3 3562 3561 3487
3 3488 3562 3487
3 3488 3487 3492
3 3494 3488 3492
3 2357 2204 2203
3 2357 2203 2356
3 2350 2357 2356
3 2350 2356 2349
3 2350 2349 2201
3 2202 2350 2201
3 2202 2201 2203
3 2204 2202 2203
3 1929 1795 1794
3 1929 1794 1928
3 1923 1929 1928
3 1923 1928 1922
3 1923 1922 1792
3 1793 1923 1792
3 1793 1792 1794
3 1795 1793 1794
3 1416 1199 1198
3 1416 1198 1414
3 1409 1416 1414
3 1409 1414 1408
3 1409 1408 1196
3 1197 1409 1196
3 1197 1196 1198
3 1199 1197 1198
3 2717 2666 2665
3 2717 2665 2715
3 2717 2715 2778
3 2780 2717 2778
3 2784 2780 2778
3 2784 2778 2783
3 2722 2784 2783
3 2722 2783 2721
3 2722 2721 2661
3 2662 2722 2661
3 2662 2661 2665
3 2666 2662 2665
3 3049 3048 2939
3 2941 3049 2939
3 2941 2939 3038
3 3040 2941 3038
3 3040 3038 3034
3 3035 3040 3034
3 2936 3035 3034
3 2936 3034 2935
3 3044 2936 2935
3 3044 2935 3043
3 3044 3043 3048
3 3049 3044 3048
3 1437 1440 1438
3 1437 1438 1435
3 1442 1437 1435
3 1442 1435 1441
3 1442 1441 1443
3 1445 1442 1443
3 1445 1443 1438
3 1440 1445 1438
3 1714 1717 1715
3 1714 1715 1713
3 1720 1714 1713
3 1720 1713 1718
3 1720 1718 1724
3 1726 1720 1724
3 1726 1724 1715
3 1717 1726 1715
3 973 972 902
3 904 973 902
3 904 902 912
3 914 904 912
3 914 912 905
3 907 914 905
3 884 907 905
3 884 905 883
3 958 884 883
3 958 883 957
3 958 957 972
3 973 958 972
3 402 367 365
3 402 365 400
3 402 400 439
3 441 402 439
3 446 441 439
3 446 439 444
3 424 446 444
3 424 444 423
3 424 423 363
3 364 424 363
3 364 363 365
3 367 364 365
3 2375 1967 1966
3 2375 1966 2374
3 2371 2375 2374
3 2371 2374 2369
3 2371 2369 1961
3 1963 2371 1961
3 1963 1961 1966
3 1967 1963 1966
3 110 109 3
3 4 110 3
3 4 3 9
3 10 4 9
3 10 9 5
3 6 10 5
3 6 5 476
3 477 6 476
3 1892 477 476
3 1892 476 1891
3 1863 1892 1891
3 1863 1891 1861
3 1863 1861 504
3 506 1863 504
3 36 506 504
3 36 504 34
3 52 36 34
3 52 34 50
3 31 52 50
3 31 50 29
3 126 31 29
3 126 29 125
3 110 126 125
3 110 125 109
3 3430 3496 3495
3 3430 3495 3429
3 3430 3429 3410
3 3411 3430 3410
3 3409 3411 3410
3 3409 3410 3408
3 3491 3409 3408
3 3491 3408 3489
3 3491 3489 3512
3 3514 3491 3512
3 3572 3514 3512
3 3572 3512 3571
3 3572 3571 3573
3 3574 3572 3573
3 3574 3573 3495
3 3496 3574 3495
3 3361 3226 3225
3 3361 3225 3360
3 3351 3361 3360
3 3351 3360 3350
3 3351 3350 3134
3 3136 3351 3134
3 3136 3134 3251
3 3253 3136 3251
3 3253 3251 2672
3 2674 3253 2672
3 2674 2672 2678
3 2679 2674 2678
3 3349 2679 2678
3 3349 2678 3348
3 3226 3349 3348
3 3226 3348 3225
3 4057 4060 4058
3 4057 4058 4056
3 4063 4057 4056
3 4063 4056 4061
3 4063 4061 4067
3 4069 4063 4067
3 4069 4067 4058
3 4060 4069 4058
3 3920 3923 3921
3 3920 3921 3918
3 3925 3920 3918
3 3925 3918 3924
3 3925 3924 3926
3 3928 3925 3926
3 3928 3926 3921
3 3923 3928 3921
3 4905 4908 4906
3 4905 4906 4904
3 4911 4905 4904
3 4911 4904 4909
3 4911 4909 4915
3 4917 4911 4915
3 4917 4915 4906
3 4908 4917 4906
3 4734 4737 4735
3 4734 4735 4732
3 4739 4734 4732
3 4739 4732 4738
3 4739 4738 4740
3 4742 4739 4740
3 4742 4740 4735
3 4737 4742 4735
3 825 547 546
3 825 546 824
3 822 825 824
3 822 824 821
3 822 821 543
3 544 822 543
3 544 543 546
3 547 544 546
3 445 446 907
3 906 445 907
3 906 907 901
3 900 906 901
3 442 900 901
3 442 901 443
3 445 442 443
3 445 443 446
3 2359 2362 2361
3 2359 2361 2358
3 2676 2359 2358
3 2676 2358 2675
3 2676 2675 2708
3 2709 2676 2708
3 2709 2708 2672
3 2673 2709 2672
3 2668 2673 2672
3 2668 2672 2667
3 2668 2667 2364
3 2365 2668 2364
3 2365 2364 2369
3 2370 2365 2369
3 2370 2369 2361
3 2362 2370 2361
3 2362 2363 2360
3 2359 2362 2360
3 2359 2360 2677
3 2676 2359 2677
3 2709 2676 2677
3 2709 2677 2710
3 2673 2709 2710
3 2673 2710 2674
3 2673 2674 2669
3 2668 2673 2669
3 2365 2668 2669
3 2365 2669 2366
3 2370 2365 2366
3 2370 2366 2371
3 2362 2370 2371
3 2362 2371 2363
3 766 767 715
3 714 766 715
3 714 715 810
3 809 714 810
3 809 810 796
3 795 809 796
3 795 796 1004
3 1003 795 1004
3 1017 1003 1004
3 1017 1004 1018
3 1017 1018 1057
3 1056 1017 1057
3 1079 1056 1057
3 1079 1057 1080
3 1079 1080 1236
3 1235 1079 1236
3 1235 1236 1216
3 1215 1235 1216
3 1215 1216 1360
3 1359 1215 1360
3 1359 1360 1305
3 1304 1359 1305
3 1304 1305 1480
3 1479 1304 1480
3 1493 1479 1480
3 1493 1480 1494
3 1493 1494 1609
3 1608 1493 1609
3 1673 1608 1609
3 1673 1609 1674
3 1673 1674 1837
3 1836 1673 1837
3 1836 1837 1799
3 1798 1836 1799
3 1798 1799 1933
3 1932 1798 1933
3 1932 1933 1880
3 1879 1932 1880
3 1879 1880 1971
3 1970 1879 1971
3 1984 1970 1971
3 1984 1971 1985
3 1984 1985 2024
3 2023 1984 2024
3 2046 2023 2024
3 2046 2024 2047
3 2046 2047 2267
3 2266 2046 2267
3 2266 2267 2208
3 2207 2266 2208
3 2207 2208 2314
3 2313 2207 2314
3 2313 2314 2284
3 2283 2313 2284
3 2283 2284 2416
3 2415 2283 2416
3 2429 2415 2416
3 2429 2416 2430
3 2429 2430 2469
3 2468 2429 2469
3 2503 2468 2469
3 2503 2469 2504
3 2503 2504 3309
3 3308 2503 3309
3 3308 3309 3165
3 3164 3308 3165
3 3164 3165 3230
3 3229 3164 3230
3 3229 3230 3214
3 3213 3229 3214
3 3213 3214 3434
3 3433 3213 3434
3 3475 3433 3434
3 3475 3434 3476
3 3475 3476 3550
3 3549 3475 3550
3 3549 3550 3536
3 3535 3549 3536
3 3535 3536 3689
3 3688 3535 3689
3 3725 3688 3689
3 3725 3689 3726
3 3725 3726 3854
3 3853 3725 3854
3 3853 3854 3840
3 3839 3853 3840
3 3839 3840 4112
3 4111 3839 4112
3 4148 4111 4112
3 4148 4112 4149
3 4148 4149 4279
3 4278 4148 4279
3 4278 4279 4265
3 4264 4278 4265
3 4264 4265 4470
3 4469 4264 4470
3 4506 4469 4470
3 4506 4470 4507
3 4506 4507 4618
3 4617 4506 4618
3 4700 4617 4618
3 4700 4618 4701
3 4700 4701 5022
3 5021 4700 5022
3 5021 5022 5008
3 5007 5021 5008
3 5007 5008 5055
3 5054 5007 5055
3 5054 5055 5039
3 5038 5054 5039
3 5038 5039 5250
3 5249 5038 5250
3 5263 5249 5250
3 5263 5250 5264
3 5263 5264 5296
3 5295 5263 5296
3 5403 5295 5296
3 5403 5296 5404
3 5403 5404 5604
3 5603 5403 5604
3 6068 5603 5604
3 6068 5604 6069
3 5766 6068 6069
3 5766 6069 5767
3 6143 5766 5767
3 6143 5767 6144
3 5216 6143 6144
3 5216 6144 5217
3 5282 5216 5217
3 5282 5217 5283
3 5169 5282 5283
3 5169 5283 5170
3 5169 5170 5105
3 5104 5169 5105
3 4771 5104 5105
3 4771 5105 4772
3 4843 4771 4772
3 4843 4772 4844
3 4564 4843 4844
3 4564 4844 4565
3 4564 4565 4484
3 4483 4564 4484
3 4347 4483 4484
3 4347 4484 4348
3 4419 4347 4348
3 4419 4348 4420
3 4206 4419 4420
3 4206 4420 4207
3 4206 4207 4126
3 4125 4206 4126
3 3963 4125 4126
3 3963 4126 3964
3 4035 3963 3964
3 4035 3964 4036
3 3783 4035 4036
3 3783 4036 3784
3 3783 3784 3703
3 3702 3783 3703
3 3187 3702 3703
3 3187 3703 3188
3 3273 3187 3188
3 3273 3188 3274
3 2973 3273 3274
3 2973 3274 2974
3 2973 2974 2874
3 2873 2973 2874
3 2240 2873 2874
3 2240 2874 2241
3 2328 2240 2241
3 2328 2241 2329
3 1571 2328 2329
3 1571 2329 1572
3 1571 1572 1454
3 1453 1571 1454
3 1249 1453 1454
3 1249 1454 1250
3 1374 1249 1250
3 1374 1250 1375
3 628 1374 1375
3 628 1375 629
3 628 629 590
3 589 628 590
3 449 589 590
3 449 590 450
3 449 450 39
3 38 449 39
3 38 39 55
3 54 38 55
3 54 55 767
3 766 54 767
3 810 701 698
3 810 698 807
3 791 810 807
3 791 807 790
3 791 790 651
3 652 791 651
3 652 651 698
3 701 652 698
3 1004 1018 1015
3 1004 1015 1001
3 1033 1004 1001
3 1033 1001 1029
3 1033 1029 1053
3 1057 1033 1053
3 1057 1053 1015
3 1018 1057 1015
3 1480 1494 1491
3 1480 1491 1477
3 1535 1480 1477
3 1535 1477 1531
3 1535 1531 1605
3 1609 1535 1605
3 1609 1605 1491
3 1494 1609 1491
3 1971 1985 1982
3 1971 1982 1968
3 2000 1971 1968
3 2000 1968 1996
3 2000 1996 2020
3 2024 2000 2020
3 2024 2020 1982
3 1985 2024 1982
3 2416 2430 2427
3 2416 2427 2413
3 2445 2416 2413
3 2445 2413 2441
3 2445 2441 2465
3 2469 2445 2465
3 2469 2465 2427
3 2430 2469 2427
3 997 996 941
3 942 997 941
3 939 942 941
3 939 941 938
3 994 939 938
3 994 938 993
3 994 993 996
3 997 994 996
3 531 530 473
3 474 531 473
3 7 474 473
3 7 473 6
3 11 7 6
3 11 6 10
3 1 11 10
3 1 10 0
3 67 1 0
3 67 0 66
3 67 66 111
3 114 67 111
3 114 111 13
3 16 114 13
3 16 13 52
3 55 16 52
3 55 52 36
3 39 55 36
3 39 36 506
3 510 39 506
3 510 506 530
3 531 510 530
3 1411 1410 1230
3 1231 1411 1230
3 1228 1231 1230
3 1228 1230 1227
3 1375 1228 1227
3 1375 1227 1371
3 1375 1371 1410
3 1411 1375 1410
3 1925 1924 1814
3 1815 1925 1814
3 1811 1815 1814
3 1811 1814 1810
3 1907 1811 1810
3 1907 1810 1906
3 1907 1906 1924
3 1925 1907 1924
3 2352 2351 2222
3 2223 2352 2222
3 2220 2223 2222
3 2220 2222 2219
3 2329 2220 2219
3 2329 2219 2325
3 2329 2325 2351
3 2352 2329 2351
3 3109 3008 3007
3 3109 3007 3108
3 3105 3109 3108
3 3105 3108 3104
3 3105 3104 2970
3 2974 3105 2970
3 2974 2970 3007
3 3008 2974 3007
3 3564 3563 3497
3 3498 3564 3497
3 3459 3498 3497
3 3459 3497 3458
3 3516 3459 3458
3 3516 3458 3515
3 3516 3515 3563
3 3564 3516 3563
3 3872 3871 3817
3 3818 3872 3817
3 3784 3818 3817
3 3784 3817 3780
3 3866 3784 3780
3 3866 3780 3865
3 3866 3865 3871
3 3872 3866 3871
3 4297 4296 4240
3 4241 4297 4240
3 4207 4241 4240
3 4207 4240 4203
3 4291 4207 4203
3 4291 4203 4290
3 4291 4290 4296
3 4297 4291 4296
3 4693 4692 4598
3 4599 4693 4598
3 4565 4599 4598
3 4565 4598 4561
3 4687 4565 4561
3 4687 4561 4686
3 4687 4686 4692
3 4693 4687 4692
3 5335 5334 5286
3 5287 5335 5286
3 5217 5287 5286
3 5217 5286 5214
3 5233 5217 5214
3 5233 5214 5232
3 5233 5232 5334
3 5335 5233 5334
3 5857 5951 5950
3 5857 5950 5856
3 5903 5857 5856
3 5903 5856 5902
3 5903 5902 5995
3 5996 5903 5995
3 5996 5995 5950
3 5951 5996 5950
3 1360 1185 1182
3 1360 1182 1357
3 1274 1360 1357
3 1274 1357 1273
3 1274 1273 1139
3 1140 1274 1139
3 1140 1139 1182
3 1185 1140 1182
3 1904 1781 1778
3 1904 1778 1903
3 1859 1904 1903
3 1859 1903 1858
3 1859 1858 1735
3 1736 1859 1735
3 1736 1735 1778
3 1781 1736 1778
3 2314 2190 2187
3 2314 2187 2311
3 2279 2314 2311
3 2279 2311 2278
3 2279 2278 2118
3 2119 2279 2118
3 2119 2118 2187
3 2190 2119 2187
3 2765 2650 2647
3 2765 2647 2761
3 2719 2765 2761
3 2719 2761 2718
3 2719 2718 2576
3 2577 2719 2576
3 2577 2576 2647
3 2650 2577 2647
3 3093 2901 2897
3 3093 2897 3090
3 3046 3093 3090
3 3046 3090 3045
3 3046 3045 2833
3 2834 3046 2833
3 2834 2833 2897
3 2901 2834 2897
3 3550 3476 3473
3 3550 3473 3547
3 3531 3550 3547
3 3531 3547 3530
3 3531 3530 3426
3 3427 3531 3426
3 3427 3426 3473
3 3476 3427 3473
3 3854 3726 3723
3 3854 3723 3851
3 3835 3854 3851
3 3835 3851 3834
3 3835 3834 3683
3 3684 3835 3683
3 3684 3683 3723
3 3726 3684 3723
3 4279 4149 4146
3 4279 4146 4276
3 4260 4279 4276
3 4260 4276 4259
3 4260 4259 4106
3 4107 4260 4106
3 4107 4106 4146
3 4149 4107 4146
3 4675 4507 4504
3 4675 4504 4672
3 4630 4675 4672
3 4630 4672 4629
3 4630 4629 4464
3 4465 4630 4464
3 4465 4464 4504
3 4507 4465 4504
3 5055 4990 4987
3 5055 4987 5052
3 5034 5055 5052
3 5034 5052 5033
3 5034 5033 4944
3 4945 5034 4944
3 4945 4944 4987
3 4990 4945 4987
3 5367 5264 5261
3 5367 5261 5364
3 5308 5367 5364
3 5308 5364 5307
3 5308 5307 5244
3 5245 5308 5244
3 5245 5244 5261
3 5264 5245 5261
3 5714 5771 5768
3 5714 5768 5713
3 5740 5714 5713
3 5740 5713 5739
3 5740 5739 5835
3 5838 5740 5835
3 5838 5835 5768
3 5771 5838 5768
3 2777 2776 2670
3 2671 2777 2670
3 2633 2671 2670
3 2633 2670 2632
3 2694 2633 2632
3 2694 2632 2693
3 2694 2693 2776
3 2777 2694 2776
3 205 193 190
3 205 190 204
3 205 204 206
3 207 205 206
3 268 207 206
3 268 206 267
3 209 268 267
3 209 267 208
3 256 209 208
3 256 208 253
3 211 256 253
3 211 253 210
3 211 210 147
3 148 211 147
3 148 147 190
3 193 148 190
3 2664 2650 2647
3 2664 2647 2663
3 2664 2663 2711
3 2712 2664 2711
3 2782 2712 2711
3 2782 2711 2781
3 2714 2782 2781
3 2714 2781 2713
3 2765 2714 2713
3 2765 2713 2761
3 2719 2765 2761
3 2719 2761 2718
3 2719 2718 2576
3 2577 2719 2576
3 2577 2576 2647
3 2650 2577 2647
3 2938 2901 2897
3 2938 2897 2937
3 2938 2937 3036
3 3037 2938 3036
3 3113 3037 3036
3 3113 3036 3112
3 3042 3113 3112
3 3042 3112 3041
3 3093 3042 3041
3 3093 3041 3090
3 3046 3093 3090
3 3046 3090 3045
3 3046 3045 2833
3 2834 3046 2833
3 2834 2833 2897
3 2901 2834 2897
3 3141 3165 3161
3 3141 3161 3137
3 3214 3141 3137
3 3214 3137 3211
3 3214 3211 3227
3 3230 3214 3227
3 3230 3227 3161
3 3165 3230 3161
3 6068 6067 5765
3 5766 6068 5765
3 5766 5765 6142
3 6143 5766 6142
3 6143 6142 6138
3 6140 6143 6138
3 5693 6140 6138
3 5693 6138 5691
3 6065 5693 5691
3 6065 5691 6063
3 6065 6063 6067
3 6068 6065 6067
3 625 587 588
3 625 588 626
3 506 625 626
3 506 626 507
3 506 507 448
3 447 506 448
3 447 448 588
3 587 447 588
3 1568 1451 1452
3 1568 1452 1569
3 1371 1568 1569
3 1371 1569 1372
3 1371 1372 1248
3 1247 1371 1248
3 1247 1248 1452
3 1451 1247 1452
3 2325 2238 2239
3 2325 2239 2326
3 2325 2326 2971
3 2970 2325 2971
3 2970 2971 2872
3 2871 2970 2872
3 2238 2871 2872
3 2238 2872 2239
3 3780 3700 3701
3 3780 3701 3781
3 3270 3780 3781
3 3270 3781 3271
3 3270 3271 3186
3 3185 3270 3186
3 3185 3186 3701
3 3700 3185 3701
3 4203 4123 4124
3 4203 4124 4204
3 4032 4203 4204
3 4032 4204 4033
3 4032 4033 3962
3 3961 4032 3962
3 3961 3962 4124
3 4123 3961 4124
3 4561 4481 4482
3 4561 4482 4562
3 4416 4561 4562
3 4416 4562 4417
3 4416 4417 4346
3 4345 4416 4346
3 4345 4346 4482
3 4481 4345 4482
3 5166 5102 5103
3 5166 5103 5167
3 4840 5166 5167
3 4840 5167 4841
3 4840 4841 4770
3 4769 4840 4770
3 4769 4770 5103
3 5102 4769 5103
3 1077 1078 1234
3 1233 1077 1234
3 1233 1234 1214
3 1213 1233 1214
3 1182 1213 1214
3 1182 1214 1183
3 1182 1183 1143
3 1142 1182 1143
3 1029 1142 1143
3 1029 1143 1030
3 1077 1029 1030
3 1077 1030 1078
3 1671 1672 1835
3 1834 1671 1835
3 1834 1835 1797
3 1796 1834 1797
3 1778 1796 1797
3 1778 1797 1779
3 1778 1779 1739
3 1738 1778 1739
3 1531 1738 1739
3 1531 1739 1532
3 1671 1531 1532
3 1671 1532 1672
3 2044 2045 2265
3 2264 2044 2265
3 2264 2265 2206
3 2205 2264 2206
3 2187 2205 2206
3 2187 2206 2188
3 2187 2188 2122
3 2121 2187 2122
3 1996 2121 2122
3 1996 2122 1997
3 2044 1996 1997
3 2044 1997 2045
3 13 111 112
3 13 112 14
3 52 13 14
3 52 14 53
3 52 53 765
3 764 52 765
3 764 765 713
3 712 764 713
3 698 712 713
3 698 713 699
3 698 699 655
3 654 698 655
3 213 654 655
3 213 655 214
3 253 213 214
3 253 214 254
3 190 253 254
3 190 254 191
3 190 191 151
3 150 190 151
3 69 150 151
3 69 151 70
3 111 69 70
3 111 70 112
3 4615 4672 4673
3 4615 4673 4616
3 4698 4615 4616
3 4698 4616 4699
3 4698 4699 5020
3 5019 4698 5020
3 5019 5020 5006
3 5005 5019 5006
3 4987 5005 5006
3 4987 5006 4988
3 4987 4988 4948
3 4947 4987 4948
3 4632 4947 4948
3 4632 4948 4633
3 4672 4632 4633
3 4672 4633 4673
3 5401 5402 5602
3 5601 5401 5602
3 5768 5601 5602
3 5768 5602 5769
3 5768 5769 6071
3 6070 5768 6071
3 6070 6071 5666
3 5665 6070 5666
3 5310 5665 5666
3 5310 5666 5311
3 5364 5310 5311
3 5364 5311 5365
3 5293 5364 5365
3 5293 5365 5294
3 5401 5293 5294
3 5401 5294 5402
3 2501 2502 3307
3 3306 2501 3307
3 3306 3307 3138
3 3137 3306 3138
3 3050 3137 3138
3 3050 3138 3051
3 3090 3050 3051
3 3090 3051 3091
3 2897 3090 3091
3 2897 3091 2898
3 2897 2898 2895
3 2894 2897 2895
3 2758 2894 2895
3 2758 2895 2759
3 2761 2758 2759
3 2761 2759 2762
3 2647 2761 2762
3 2647 2762 2648
3 2647 2648 2580
3 2579 2647 2580
3 2441 2579 2580
3 2441 2580 2442
3 2501 2441 2442
3 2501 2442 2502
3 714 766 765
3 714 765 713
3 809 714 713
3 809 713 808
3 795 809 808
3 795 808 794
3 1003 795 794
3 1003 794 1002
3 1003 1002 1016
3 1017 1003 1016
3 1056 1017 1016
3 1056 1016 1054
3 1056 1054 1078
3 1079 1056 1078
3 1235 1079 1078
3 1235 1078 1234
3 1215 1235 1234
3 1215 1234 1214
3 1359 1215 1214
3 1359 1214 1358
3 1304 1359 1358
3 1304 1358 1303
3 1479 1304 1303
3 1479 1303 1478
3 1479 1478 1492
3 1493 1479 1492
3 1608 1493 1492
3 1608 1492 1606
3 1608 1606 1672
3 1673 1608 1672
3 1836 1673 1672
3 1836 1672 1835
3 1798 1836 1835
3 1798 1835 1797
3 1932 1798 1797
3 1932 1797 1931
3 1879 1932 1931
3 1879 1931 1878
3 1970 1879 1878
3 1970 1878 1969
3 1970 1969 1983
3 1984 1970 1983
3 2023 1984 1983
3 2023 1983 2021
3 2023 2021 2045
3 2046 2023 2045
3 2266 2046 2045
3 2266 2045 2265
3 2207 2266 2265
3 2207 2265 2206
3 2313 2207 2206
3 2313 2206 2312
3 2283 2313 2312
3 2283 2312 2282
3 2415 2283 2282
3 2415 2282 2414
3 2415 2414 2428
3 2429 2415 2428
3 2468 2429 2428
3 2468 2428 2466
3 2468 2466 2502
3 2503 2468 2502
3 3308 2503 2502
3 3308 2502 3307
3 3164 3308 3307
3 3164 3307 3162
3 3229 3164 3162
3 3229 3162 3228
3 3213 3229 3228
3 3213 3228 3212
3 3433 3213 3212
3 3433 3212 3432
3 3433 3432 3474
3 3475 3433 3474
3 3549 3475 3474
3 3549 3474 3548
3 3535 3549 3548
3 3535 3548 3534
3 3688 3535 3534
3 3688 3534 3687
3 3688 3687 3724
3 3725 3688 3724
3 3853 3725 3724
3 3853 3724 3852
3 3839 3853 3852
3 3839 3852 3838
3 4111 3839 3838
3 4111 3838 4110
3 4111 4110 4147
3 4148 4111 4147
3 4278 4148 4147
3 4278 4147 4277
3 4264 4278 4277
3 4264 4277 4263
3 4469 4264 4263
3 4469 4263 4468
3 4469 4468 4505
3 4506 4469 4505
3 4617 4506 4505
3 4617 4505 4616
3 4617 4616 4699
3 4700 4617 4699
3 5021 4700 4699
3 5021 4699 5020
3 5007 5021 5020
3 5007 5020 5006
3 5054 5007 5006
3 5054 5006 5053
3 5038 5054 5053
3 5038 5053 5037
3 5249 5038 5037
3 5249 5037 5248
3 5249 5248 5262
3 5263 5249 5262
3 5295 5263 5262
3 5295 5262 5294
3 5295 5294 5402
3 5403 5295 5402
3 5603 5403 5402
3 5603 5402 5602
3 5603 5602 6064
3 6065 5603 6064
3 6065 6064 5692
3 5693 6065 5692
3 5693 5692 6139
3 6140 5693 6139
3 6140 6139 5215
3 5216 6140 5215
3 5216 5215 5281
3 5282 5216 5281
3 5282 5281 5167
3 5169 5282 5167
3 5104 5169 5167
3 5104 5167 5103
3 5104 5103 4770
3 4771 5104 4770
3 4771 4770 4841
3 4843 4771 4841
3 4843 4841 4562
3 4564 4843 4562
3 4483 4564 4562
3 4483 4562 4482
3 4483 4482 4346
3 4347 4483 4346
3 4347 4346 4417
3 4419 4347 4417
3 4419 4417 4204
3 4206 4419 4204
3 4125 4206 4204
3 4125 4204 4124
3 4125 4124 3962
3 3963 4125 3962
3 3963 3962 4033
3 4035 3963 4033
3 4035 4033 3781
3 3783 4035 3781
3 3702 3783 3781
3 3702 3781 3701
3 3702 3701 3186
3 3187 3702 3186
3 3187 3186 3271
3 3273 3187 3271
3 3273 3271 2971
3 2973 3273 2971
3 2873 2973 2971
3 2873 2971 2872
3 2873 2872 2239
3 2240 2873 2239
3 2240 2239 2326
3 2328 2240 2326
3 2328 2326 1569
3 1571 2328 1569
3 1453 1571 1569
3 1453 1569 1452
3 1453 1452 1248
3 1249 1453 1248
3 1249 1248 1372
3 1374 1249 1372
3 1374 1372 626
3 628 1374 626
3 589 628 626
3 589 626 588
3 589 588 448
3 449 589 448
3 38 449 448
3 38 448 37
3 54 38 37
3 54 37 53
3 766 54 53
3 766 53 765
3 714 766 765
3 714 765 713
3 809 714 713
3 809 713 808
3 795 809 808
3 795 808 794
3 1003 795 794
3 1003 794 1002
3 1003 1002 1016
3 1017 1003 1016
3 1056 1017 1016
3 1056 1016 1054
3 1056 1054 1078
3 1079 1056 1078
3 1235 1079 1078
3 1235 1078 1234
3 1215 1235 1234
3 1215 1234 1214
3 1359 1215 1214
3 1359 1214 1358
3 1304 1359 1358
3 1304 1358 1303
3 1479 1304 1303
3 1479 1303 1478
3 1479 1478 1492
3 1493 1479 1492
3 1608 1493 1492
3 1608 1492 1606
3 1608 1606 1672
3 1673 1608 1672
3 1836 1673 1672
3 1836 1672 1835
3 1798 1836 1835
3 1798 1835 1797
3 1932 1798 1797
3 1932 1797 1931
3 1879 1932 1931
3 1879 1931 1878
3 1970 1879 1878
3 1970 1878 1969
3 1970 1969 1983
3 1984 1970 1983
3 2023 1984 1983
3 2023 1983 2021
3 2023 2021 2045
3 2046 2023 2045
3 2266 2046 2045
3 2266 2045 2265
3 2207 2266 2265
3 2207 2265 2206
3 2313 2207 2206
3 2313 2206 2312
3 2283 2313 2312
3 2283 2312 2282
3 2415 2283 2282
3 2415 2282 2414
3 2415 2414 2428
3 2429 2415 2428
3 2468 2429 2428
3 2468 2428 2466
3 2468 2466 2502
3 2503 2468 2502
3 3308 2503 2502
3 3308 2502 3307
3 3164 3308 3307
3 3164 3307 3162
3 3229 3164 3162
3 3229 3162 3228
3 3213 3229 3228
3 3213 3228 3212
3 3433 3213 3212
3 3433 3212 3432
3 3433 3432 3474
3 3475 3433 3474
3 3549 3475 3474
3 3549 3474 3548
3 3535 3549 3548
3 3535 3548 3534
3 3688 3535 3534
3 3688 3534 3687
3 3688 3687 3724
3 3725 3688 3724
3 3853 3725 3724
3 3853 3724 3852
3 3839 3853 3852
3 3839 3852 3838
3 4111 3839 3838
3 4111 3838 4110
3 4111 4110 4147
3 4148 4111 4147
3 4278 4148 4147
3 4278 4147 4277
3 4264 4278 4277
3 4264 4277 4263
3 4469 4264 4263
3 4469 4263 4468
3 4469 4468 4505
3 4506 4469 4505
3 4617 4506 4505
3 4617 4505 4616
3 4617 4616 4699
3 4700 4617 4699
3 5021 4700 4699
3 5021 4699 5020
3 5007 5021 5020
3 5007 5020 5006
3 5054 5007 5006
3 5054 5006 5053
3 5038 5054 5053
3 5038 5053 5037
3 5249 5038 5037
3 5249 5037 5248
3 5249 5248 5262
3 5263 5249 5262
3 5295 5263 5262
3 5295 5262 5294
3 5295 5294 5402
3 5403 5295 5402
3 5603 5403 5402
3 5603 5402 5602
3 5603 5602 6064
3 6065 5603 6064
3 6065 6064 5692
3 5693 6065 5692
3 5693 5692 6139
3 6140 5693 6139
3 6140 6139 5215
3 5216 6140 5215
3 5216 5215 5281
3 5282 5216 5281
3 5282 5281 5167
3 5169 5282 5167
3 5104 5169 5167
3 5104 5167 5103
3 5104 5103 4770
3 4771 5104 4770
3 4771 4770 4841
3 4843 4771 4841
3 4843 4841 4562
3 4564 4843 4562
3 4483 4564 4562
3 4483 4562 4482
3 4483 4482 4346
3 4347 4483 4346
3 4347 4346 4417
3 4419 4347 4417
3 4419 4417 4204
3 4206 4419 4204
3 4125 4206 4204
3 4125 4204 4124
3 4125 4124 3962
3 3963 4125 3962
3 3963 3962 4033
3 4035 3963 4033
3 4035 4033 3781
3 3783 4035 3781
3 3702 3783 3781
3 3702 3781 3701
3 3702 3701 3186
3 3187 3702 3186
3 3187 3186 3271
3 3273 3187 3271
3 3273 3271 2971
3 2973 3273 2971
3 2873 2973 2971
3 2873 2971 2872
3 2873 2872 2239
3 2240 2873 2239
3 2240 2239 2326
3 2328 2240 2326
3 2328 2326 1569
3 1571 2328 1569
3 1453 1571 1569
3 1453 1569 1452
3 1453 1452 1248
3 1249 1453 1248
3 1249 1248 1372
3 1374 1249 1372
3 1374 1372 626
3 628 1374 626
3 589 628 626
3 589 626 588
3 589 588 448
3 449 589 448
3 38 449 448
3 38 448 37
3 54 38 37
3 54 37 53
3 766 54 53
3 766 53 765
3 768 769 717
3 716 768 717
3 716 717 812
3 811 716 812
3 811 812 798
3 797 811 798
3 797 798 1006
3 1005 797 1006
3 1019 1005 1006
3 1019 1006 1020
3 1019 1020 1060
3 1059 1019 1060
3 1081 1059 1060
3 1081 1060 1082
3 1081 1082 1238
3 1237 1081 1238
3 1237 1238 1218
3 1217 1237 1218
3 1217 1218 1362
3 1361 1217 1362
3 1361 1362 1307
3 1306 1361 1307
3 1306 1307 1482
3 1481 1306 1482
3 1495 1481 1482
3 1495 1482 1496
3 1495 1496 1612
3 1611 1495 1612
3 1675 1611 1612
3 1675 1612 1676
3 1675 1676 1839
3 1838 1675 1839
3 1838 1839 1801
3 1800 1838 1801
3 1800 1801 1935
3 1934 1800 1935
3 1934 1935 1882
3 1881 1934 1882
3 1881 1882 1973
3 1972 1881 1973
3 1986 1972 1973
3 1986 1973 1987
3 1986 1987 2027
3 2026 1986 2027
3 2048 2026 2027
3 2048 2027 2049
3 2048 2049 2269
3 2268 2048 2269
3 2268 2269 2210
3 2209 2268 2210
3 2209 2210 2316
3 2315 2209 2316
3 2315 2316 2286
3 2285 2315 2286
3 2285 2286 2418
3 2417 2285 2418
3 2431 2417 2418
3 2431 2418 2432
3 2431 2432 2472
3 2471 2431 2472
3 2505 2471 2472
3 2505 2472 2506
3 2505 2506 3311
3 3310 2505 3311
3 3310 3311 3168
3 3167 3310 3168
3 3167 3168 3232
3 3231 3167 3232
3 3231 3232 3216
3 3215 3231 3216
3 3215 3216 3436
3 3435 3215 3436
3 3477 3435 3436
3 3477 3436 3478
3 3477 3478 3552
3 3551 3477 3552
3 3551 3552 3538
3 3537 3551 3538
3 3537 3538 3691
3 3690 3537 3691
3 3727 3690 3691
3 3727 3691 3728
3 3727 3728 3856
3 3855 3727 3856
3 3855 3856 3842
3 3841 3855 3842
3 3841 3842 4114
3 4113 3841 4114
3 4150 4113 4114
3 4150 4114 4151
3 4150 4151 4281
3 4280 4150 4281
3 4280 4281 4267
3 4266 4280 4267
3 4266 4267 4472
3 4471 4266 4472
3 4508 4471 4472
3 4508 4472 4509
3 4508 4509 4620
3 4619 4508 4620
3 4702 4619 4620
3 4702 4620 4703
3 4702 4703 5024
3 5023 4702 5024
3 5023 5024 5010
3 5009 5023 5010
3 5009 5010 5057
3 5056 5009 5057
3 5056 5057 5041
3 5040 5056 5041
3 5040 5041 5252
3 5251 5040 5252
3 5265 5251 5252
3 5265 5252 5266
3 5265 5266 5298
3 5297 5265 5298
3 5405 5297 5298
3 5405 5298 5406
3 5405 5406 5606
3 5605 5405 5606
3 6161 5605 5606
3 6161 5606 6162
3 6161 6162 6196
3 6195 6161 6196
3 6286 6195 6196
3 6286 6196 6287
3 5971 6286 6287
3 5971 6287 5972
3 6042 5971 5972
3 6042 5972 6043
3 5927 6042 6043
3 5927 6043 5928
3 5927 5928 5878
3 5877 5927 5878
3 5491 5877 5878
3 5491 5878 5492
3 5556 5491 5492
3 5556 5492 5557
3 5172 5556 5557
3 5172 5557 5173
3 5172 5173 5107
3 5106 5172 5107
3 4773 5106 5107
3 4773 5107 4774
3 4846 4773 4774
3 4846 4774 4847
3 4567 4846 4847
3 4567 4847 4568
3 4567 4568 4486
3 4485 4567 4486
3 4349 4485 4486
3 4349 4486 4350
3 4422 4349 4350
3 4422 4350 4423
3 4209 4422 4423
3 4209 4423 4210
3 4209 4210 4128
3 4127 4209 4128
3 3965 4127 4128
3 3965 4128 3966
3 4038 3965 3966
3 4038 3966 4039
3 3786 4038 4039
3 3786 4039 3787
3 3786 3787 3705
3 3704 3786 3705
3 3189 3704 3705
3 3189 3705 3190
3 3276 3189 3190
3 3276 3190 3277
3 3012 3276 3277
3 3012 3277 3013
3 3012 3013 2914
3 2913 3012 2914
3 2242 2913 2914
3 2242 2914 2243
3 2331 2242 2243
3 2331 2243 2332
3 1574 2331 2332
3 1574 2332 1575
3 1574 1575 1456
3 1455 1574 1456
3 1251 1455 1456
3 1251 1456 1252
3 1377 1251 1252
3 1377 1252 1378
3 631 1377 1378
3 631 1378 632
3 631 632 592
3 591 631 592
3 451 591 592
3 451 592 452
3 451 452 41
3 40 451 41
3 40 41 57
3 56 40 57
3 56 57 769
3 768 56 769
3 772 773 721
3 720 772 721
3 720 721 816
3 815 720 816
3 815 816 802
3 801 815 802
3 801 802 1010
3 1009 801 1010
3 1023 1009 1010
3 1023 1010 1024
3 1023 1024 1068
3 1067 1023 1068
3 1085 1067 1068
3 1085 1068 1086
3 1085 1086 1242
3 1241 1085 1242
3 1241 1242 1222
3 1221 1241 1222
3 1221 1222 1366
3 1365 1221 1366
3 1365 1366 1311
3 1310 1365 1311
3 1310 1311 1486
3 1485 1310 1486
3 1499 1485 1486
3 1499 1486 1500
3 1499 1500 1620
3 1619 1499 1620
3 1679 1619 1620
3 1679 1620 1680
3 1679 1680 1843
3 1842 1679 1843
3 1842 1843 1805
3 1804 1842 1805
3 1804 1805 1939
3 1938 1804 1939
3 1938 1939 1886
3 1885 1938 1886
3 1885 1886 1977
3 1976 1885 1977
3 1990 1976 1977
3 1990 1977 1991
3 1990 1991 2035
3 2034 1990 2035
3 2052 2034 2035
3 2052 2035 2053
3 2052 2053 2273
3 2272 2052 2273
3 2272 2273 2214
3 2213 2272 2214
3 2213 2214 2320
3 2319 2213 2320
3 2319 2320 2290
3 2289 2319 2290
3 2289 2290 2422
3 2421 2289 2422
3 2435 2421 2422
3 2435 2422 2436
3 2435 2436 2480
3 2479 2435 2480
3 2509 2479 2480
3 2509 2480 2510
3 2509 2510 3315
3 3314 2509 3315
3 3314 3315 3176
3 3175 3314 3176
3 3175 3176 3236
3 3235 3175 3236
3 3235 3236 3220
3 3219 3235 3220
3 3219 3220 3440
3 3439 3219 3440
3 3481 3439 3440
3 3481 3440 3482
3 3481 3482 3556
3 3555 3481 3556
3 3555 3556 3542
3 3541 3555 3542
3 3541 3542 3695
3 3694 3541 3695
3 3731 3694 3695
3 3731 3695 3732
3 3731 3732 3860
3 3859 3731 3860
3 3859 3860 3846
3 3845 3859 3846
3 3845 3846 4118
3 4117 3845 4118
3 4154 4117 4118
3 4154 4118 4155
3 4154 4155 4285
3 4284 4154 4285
3 4284 4285 4271
3 4270 4284 4271
3 4270 4271 4476
3 4475 4270 4476
3 4512 4475 4476
3 4512 4476 4513
3 4512 4513 4624
3 4623 4512 4624
3 4706 4623 4624
3 4706 4624 4707
3 4706 4707 5028
3 5027 4706 5028
3 5027 5028 5014
3 5013 5027 5014
3 5013 5014 5061
3 5060 5013 5061
3 5060 5061 5045
3 5044 5060 5045
3 5044 5045 5256
3 5255 5044 5256
3 5269 5255 5256
3 5269 5256 5270
3 5269 5270 5302
3 5301 5269 5302
3 5409 5301 5302
3 5409 5302 5410
3 5409 5410 5610
3 5609 5409 5610
3 6165 5609 5610
3 6165 5610 6166
3 6165 6166 6204
3 6203 6165 6204
3 6290 6203 6204
3 6290 6204 6291
3 5975 6290 6291
3 5975 6291 5976
3 6050 5975 5976
3 6050 5976 6051
3 5935 6050 6051
3 5935 6051 5936
3 5935 5936 5882
3 5881 5935 5882
3 5495 5881 5882
3 5495 5882 5496
3 5564 5495 5496
3 5564 5496 5565
3 5180 5564 5565
3 5180 5565 5181
3 5180 5181 5111
3 5110 5180 5111
3 4777 5110 5111
3 4777 5111 4778
3 4854 4777 4778
3 4854 4778 4855
3 4575 4854 4855
3 4575 4855 4576
3 4575 4576 4490
3 4489 4575 4490
3 4353 4489 4490
3 4353 4490 4354
3 4430 4353 4354
3 4430 4354 4431
3 4217 4430 4431
3 4217 4431 4218
3 4217 4218 4132
3 4131 4217 4132
3 3969 4131 4132
3 3969 4132 3970
3 4046 3969 3970
3 4046 3970 4047
3 3794 4046 4047
3 3794 4047 3795
3 3794 3795 3709
3 3708 3794 3709
3 3193 3708 3709
3 3193 3709 3194
3 3284 3193 3194
3 3284 3194 3285
3 3016 3284 3285
3 3016 3285 3017
3 3016 3017 2918
3 2917 3016 2918
3 2246 2917 2918
3 2246 2918 2247
3 2339 2246 2247
3 2339 2247 2340
3 1582 2339 2340
3 1582 2340 1583
3 1582 1583 1460
3 1459 1582 1460
3 1255 1459 1460
3 1255 1460 1256
3 1385 1255 1256
3 1385 1256 1386
3 639 1385 1386
3 639 1386 640
3 639 640 596
3 595 639 596
3 455 595 596
3 455 596 456
3 455 456 45
3 44 455 45
3 44 45 61
3 60 44 61
3 60 61 773
3 772 60 773
3 776 777 725
3 724 776 725
3 724 725 820
3 819 724 820
3 819 820 806
3 805 819 806
3 805 806 1014
3 1013 805 1014
3 1027 1013 1014
3 1027 1014 1028
3 1027 1028 1076
3 1075 1027 1076
3 1089 1075 1076
3 1089 1076 1090
3 1089 1090 1246
3 1245 1089 1246
3 1245 1246 1226
3 1225 1245 1226
3 1225 1226 1370
3 1369 1225 1370
3 1369 1370 1315
3 1314 1369 1315
3 1314 1315 1490
3 1489 1314 1490
3 1503 1489 1490
3 1503 1490 1504
3 1503 1504 1628
3 1627 1503 1628
3 1683 1627 1628
3 1683 1628 1684
3 1683 1684 1847
3 1846 1683 1847
3 1846 1847 1809
3 1808 1846 1809
3 1808 1809 1943
3 1942 1808 1943
3 1942 1943 1890
3 1889 1942 1890
3 1889 1890 1981
3 1980 1889 1981
3 1994 1980 1981
3 1994 1981 1995
3 1994 1995 2043
3 2042 1994 2043
3 2056 2042 2043
3 2056 2043 2057
3 2056 2057 2277
3 2276 2056 2277
3 2276 2277 2218
3 2217 2276 2218
3 2217 2218 2324
3 2323 2217 2324
3 2323 2324 2294
3 2293 2323 2294
3 2293 2294 2426
3 2425 2293 2426
3 2439 2425 2426
3 2439 2426 2440
3 2439 2440 2488
3 2487 2439 2488
3 2513 2487 2488
3 2513 2488 2514
3 2513 2514 3319
3 3318 2513 3319
3 3318 3319 3184
3 3183 3318 3184
3 3183 3184 3240
3 3239 3183 3240
3 3239 3240 3224
3 3223 3239 3224
3 3223 3224 3444
3 3443 3223 3444
3 3485 3443 3444
3 3485 3444 3486
3 3485 3486 3560
3 3559 3485 3560
3 3559 3560 3546
3 3545 3559 3546
3 3545 3546 3699
3 3698 3545 3699
3 3735 3698 3699
3 3735 3699 3736
3 3735 3736 3864
3 3863 3735 3864
3 3863 3864 3850
3 3849 3863 3850
3 3849 3850 4122
3 4121 3849 4122
3 4158 4121 4122
3 4158 4122 4159
3 4158 4159 4289
3 4288 4158 4289
3 4288 4289 4275
3 4274 4288 4275
3 4274 4275 4480
3 4479 4274 4480
3 4516 4479 4480
3 4516 4480 4517
3 4516 4517 4628
3 4627 4516 4628
3 4710 4627 4628
3 4710 4628 4711
3 4710 4711 5032
3 5031 4710 5032
3 5031 5032 5018
3 5017 5031 5018
3 5017 5018 5065
3 5064 5017 5065
3 5064 5065 5049
3 5048 5064 5049
3 5048 5049 5260
3 5259 5048 5260
3 5273 5259 5260
3 5273 5260 5274
3 5273 5274 5306
3 5305 5273 5306
3 5413 5305 5306
3 5413 5306 5414
3 5413 5414 5614
3 5613 5413 5614
3 6169 5613 5614
3 6169 5614 6170
3 6169 6170 6212
3 6211 6169 6212
3 6294 6211 6212
3 6294 6212 6295
3 5979 6294 6295
3 5979 6295 5980
3 6058 5979 5980
3 6058 5980 6059
3 5943 6058 6059
3 5943 6059 5944
3 5943 5944 5886
3 5885 5943 5886
3 5499 5885 5886
3 5499 5886 5500
3 5572 5499 5500
3 5572 5500 5573
3 5188 5572 5573
3 5188 5573 5189
3 5188 5189 5115
3 5114 5188 5115
3 4781 5114 5115
3 4781 5115 4782
3 4862 4781 4782
3 4862 4782 4863
3 4583 4862 4863
3 4583 4863 4584
3 4583 4584 4494
3 4493 4583 4494
3 4357 4493 4494
3 4357 4494 4358
3 4438 4357 4358
3 4438 4358 4439
3 4225 4438 4439
3 4225 4439 4226
3 4225 4226 4136
3 4135 4225 4136
3 3973 4135 4136
3 3973 4136 3974
3 4054 3973 3974
3 4054 3974 4055
3 3802 4054 4055
3 3802 4055 3803
3 3802 3803 3713
3 3712 3802 3713
3 3197 3712 3713
3 3197 3713 3198
3 3292 3197 3198
3 3292 3198 3293
3 3020 3292 3293
3 3020 3293 3021
3 3020 3021 2922
3 2921 3020 2922
3 2250 2921 2922
3 2250 2922 2251
3 2347 2250 2251
3 2347 2251 2348
3 1590 2347 2348
3 1590 2348 1591
3 1590 1591 1464
3 1463 1590 1464
3 1259 1463 1464
3 1259 1464 1260
3 1393 1259 1260
3 1393 1260 1394
3 647 1393 1394
3 647 1394 648
3 647 648 600
3 599 647 600
3 459 599 600
3 459 600 460
3 459 460 49
3 48 459 49
3 48 49 65
3 64 48 65
3 64 65 777
3 776 64 777
3 716 768 767
3 716 767 715
3 811 716 715
3 811 715 810
3 797 811 810
3 797 810 796
3 1005 797 796
3 1005 796 1004
3 1005 1004 1018
3 1019 1005 1018
3 1059 1019 1018
3 1059 1018 1057
3 1059 1057 1080
3 1081 1059 1080
3 1237 1081 1080
3 1237 1080 1236
3 1217 1237 1236
3 1217 1236 1216
3 1361 1217 1216
3 1361 1216 1360
3 1306 1361 1360
3 1306 1360 1305
3 1481 1306 1305
3 1481 1305 1480
3 1481 1480 1494
3 1495 1481 1494
3 1611 1495 1494
3 1611 1494 1609
3 1611 1609 1674
3 1675 1611 1674
3 1838 1675 1674
3 1838 1674 1837
3 1800 1838 1837
3 1800 1837 1799
3 1934 1800 1799
3 1934 1799 1933
3 1881 1934 1933
3 1881 1933 1880
3 1972 1881 1880
3 1972 1880 1971
3 1972 1971 1985
3 1986 1972 1985
3 2026 1986 1985
3 2026 1985 2024
3 2026 2024 2047
3 2048 2026 2047
3 2268 2048 2047
3 2268 2047 2267
3 2209 2268 2267
3 2209 2267 2208
3 2315 2209 2208
3 2315 2208 2314
3 2285 2315 2314
3 2285 2314 2284
3 2417 2285 2284
3 2417 2284 2416
3 2417 2416 2430
3 2431 2417 2430
3 2471 2431 2430
3 2471 2430 2469
3 2471 2469 2504
3 2505 2471 2504
3 3310 2505 2504
3 3310 2504 3309
3 3167 3310 3309
3 3167 3309 3165
3 3231 3167 3165
3 3231 3165 3230
3 3215 3231 3230
3 3215 3230 3214
3 3435 3215 3214
3 3435 3214 3434
3 3435 3434 3476
3 3477 3435 3476
3 3551 3477 3476
3 3551 3476 3550
3 3537 3551 3550
3 3537 3550 3536
3 3690 3537 3536
3 3690 3536 3689
3 3690 3689 3726
3 3727 3690 3726
3 3855 3727 3726
3 3855 3726 3854
3 3841 3855 3854
3 3841 3854 3840
3 4113 3841 3840
3 4113 3840 4112
3 4113 4112 4149
3 4150 4113 4149
3 4280 4150 4149
3 4280 4149 4279
3 4266 4280 4279
3 4266 4279 4265
3 4471 4266 4265
3 4471 4265 4470
3 4471 4470 4507
3 4508 4471 4507
3 4619 4508 4507
3 4619 4507 4618
3 4619 4618 4701
3 4702 4619 4701
3 5023 4702 4701
3 5023 4701 5022
3 5009 5023 5022
3 5009 5022 5008
3 5056 5009 5008
3 5056 5008 5055
3 5040 5056 5055
3 5040 5055 5039
3 5251 5040 5039
3 5251 5039 5250
3 5251 5250 5264
3 5265 5251 5264
3 5297 5265 5264
3 5297 5264 5296
3 5297 5296 5404
3 5405 5297 5404
3 5605 5405 5404
3 5605 5404 5604
3 5605 5604 6160
3 6161 5605 6160
3 6195 6161 6160
3 6195 6160 6193
3 6195 6193 6285
3 6286 6195 6285
3 6286 6285 5970
3 5971 6286 5970
3 5971 5970 6040
3 6042 5971 6040
3 6042 6040 5925
3 5927 6042 5925
3 5877 5927 5925
3 5877 5925 5876
3 5877 5876 5490
3 5491 5877 5490
3 5491 5490 5554
3 5556 5491 5554
3 5556 5554 5170
3 5172 5556 5170
3 5106 5172 5170
3 5106 5170 5105
3 5106 5105 4772
3 4773 5106 4772
3 4773 4772 4844
3 4846 4773 4844
3 4846 4844 4565
3 4567 4846 4565
3 4485 4567 4565
3 4485 4565 4484
3 4485 4484 4348
3 4349 4485 4348
3 4349 4348 4420
3 4422 4349 4420
3 4422 4420 4207
3 4209 4422 4207
3 4127 4209 4207
3 4127 4207 4126
3 4127 4126 3964
3 3965 4127 3964
3 3965 3964 4036
3 4038 3965 4036
3 4038 4036 3784
3 3786 4038 3784
3 3704 3786 3784
3 3704 3784 3703
3 3704 3703 3188
3 3189 3704 3188
3 3189 3188 3274
3 3276 3189 3274
3 3276 3274 3011
3 3012 3276 3011
3 2913 3012 3011
3 2913 3011 2912
3 2913 2912 2241
3 2242 2913 2241
3 2242 2241 2329
3 2331 2242 2329
3 2331 2329 1572
3 1574 2331 1572
3 1455 1574 1572
3 1455 1572 1454
3 1455 1454 1250
3 1251 1455 1250
3 1251 1250 1375
3 1377 1251 1375
3 1377 1375 629
3 631 1377 629
3 591 631 629
3 591 629 590
3 591 590 450
3 451 591 450
3 40 451 450
3 40 450 39
3 56 40 39
3 56 39 55
3 768 56 55
3 768 55 767
3 770 771 719
3 718 770 719
3 718 719 814
3 813 718 814
3 813 814 800
3 799 813 800
3 799 800 1008
3 1007 799 1008
3 1021 1007 1008
3 1021 1008 1022
3 1021 1022 1063
3 1062 1021 1063
3 1083 1062 1063
3 1083 1063 1084
3 1083 1084 1240
3 1239 1083 1240
3 1239 1240 1220
3 1219 1239 1220
3 1219 1220 1364
3 1363 1219 1364
3 1363 1364 1309
3 1308 1363 1309
3 1308 1309 1484
3 1483 1308 1484
3 1497 1483 1484
3 1497 1484 1498
3 1497 1498 1615
3 1614 1497 1615
3 1677 1614 1615
3 1677 1615 1678
3 1677 1678 1841
3 1840 1677 1841
3 1840 1841 1803
3 1802 1840 1803
3 1802 1803 1937
3 1936 1802 1937
3 1936 1937 1884
3 1883 1936 1884
3 1883 1884 1975
3 1974 1883 1975
3 1988 1974 1975
3 1988 1975 1989
3 1988 1989 2030
3 2029 1988 2030
3 2050 2029 2030
3 2050 2030 2051
3 2050 2051 2271
3 2270 2050 2271
3 2270 2271 2212
3 2211 2270 2212
3 2211 2212 2318
3 2317 2211 2318
3 2317 2318 2288
3 2287 2317 2288
3 2287 2288 2420
3 2419 2287 2420
3 2433 2419 2420
3 2433 2420 2434
3 2433 2434 2475
3 2474 2433 2475
3 2507 2474 2475
3 2507 2475 2508
3 2507 2508 3313
3 3312 2507 3313
3 3312 3313 3171
3 3170 3312 3171
3 3170 3171 3234
3 3233 3170 3234
3 3233 3234 3218
3 3217 3233 3218
3 3217 3218 3438
3 3437 3217 3438
3 3479 3437 3438
3 3479 3438 3480
3 3479 3480 3554
3 3553 3479 3554
3 3553 3554 3540
3 3539 3553 3540
3 3539 3540 3693
3 3692 3539 3693
3 3729 3692 3693
3 3729 3693 3730
3 3729 3730 3858
3 3857 3729 3858
3 3857 3858 3844
3 3843 3857 3844
3 3843 3844 4116
3 4115 3843 4116
3 4152 4115 4116
3 4152 4116 4153
3 4152 4153 4283
3 4282 4152 4283
3 4282 4283 4269
3 4268 4282 4269
3 4268 4269 4474
3 4473 4268 4474
3 4510 4473 4474
3 4510 4474 4511
3 4510 4511 4622
3 4621 4510 4622
3 4704 4621 4622
3 4704 4622 4705
3 4704 4705 5026
3 5025 4704 5026
3 5025 5026 5012
3 5011 5025 5012
3 5011 5012 5059
3 5058 5011 5059
3 5058 5059 5043
3 5042 5058 5043
3 5042 5043 5254
3 5253 5042 5254
3 5267 5253 5254
3 5267 5254 5268
3 5267 5268 5300
3 5299 5267 5300
3 5407 5299 5300
3 5407 5300 5408
3 5407 5408 5608
3 5607 5407 5608
3 6163 5607 5608
3 6163 5608 6164
3 6163 6164 6199
3 6198 6163 6199
3 6288 6198 6199
3 6288 6199 6289
3 5973 6288 6289
3 5973 6289 5974
3 6045 5973 5974
3 6045 5974 6046
3 5930 6045 6046
3 5930 6046 5931
3 5930 5931 5880
3 5879 5930 5880
3 5493 5879 5880
3 5493 5880 5494
3 5559 5493 5494
3 5559 5494 5560
3 5175 5559 5560
3 5175 5560 5176
3 5175 5176 5109
3 5108 5175 5109
3 4775 5108 5109
3 4775 5109 4776
3 4849 4775 4776
3 4849 4776 4850
3 4570 4849 4850
3 4570 4850 4571
3 4570 4571 4488
3 4487 4570 4488
3 4351 4487 4488
3 4351 4488 4352
3 4425 4351 4352
3 4425 4352 4426
3 4212 4425 4426
3 4212 4426 4213
3 4212 4213 4130
3 4129 4212 4130
3 3967 4129 4130
3 3967 4130 3968
3 4041 3967 3968
3 4041 3968 4042
3 3789 4041 4042
3 3789 4042 3790
3 3789 3790 3707
3 3706 3789 3707
3 3191 3706 3707
3 3191 3707 3192
3 3279 3191 3192
3 3279 3192 3280
3 3014 3279 3280
3 3014 3280 3015
3 3014 3015 2916
3 2915 3014 2916
3 2244 2915 2916
3 2244 2916 2245
3 2334 2244 2245
3 2334 2245 2335
3 1577 2334 2335
3 1577 2335 1578
3 1577 1578 1458
3 1457 1577 1458
3 1253 1457 1458
3 1253 1458 1254
3 1380 1253 1254
3 1380 1254 1381
3 634 1380 1381
3 634 1381 635
3 634 635 594
3 593 634 594
3 453 593 594
3 453 594 454
3 453 454 43
3 42 453 43
3 42 43 59
3 58 42 59
3 58 59 771
3 770 58 771
3 774 775 723
3 722 774 723
3 722 723 818
3 817 722 818
3 817 818 804
3 803 817 804
3 803 804 1012
3 1011 803 1012
3 1025 1011 1012
3 1025 1012 1026
3 1025 1026 1071
3 1070 1025 1071
3 1087 1070 1071
3 1087 1071 1088
3 1087 1088 1244
3 1243 1087 1244
3 1243 1244 1224
3 1223 1243 1224
3 1223 1224 1368
3 1367 1223 1368
3 1367 1368 1313
3 1312 1367 1313
3 1312 1313 1488
3 1487 1312 1488
3 1501 1487 1488
3 1501 1488 1502
3 1501 1502 1623
3 1622 1501 1623
3 1681 1622 1623
3 1681 1623 1682
3 1681 1682 1845
3 1844 1681 1845
3 1844 1845 1807
3 1806 1844 1807
3 1806 1807 1941
3 1940 1806 1941
3 1940 1941 1888
3 1887 1940 1888
3 1887 1888 1979
3 1978 1887 1979
3 1992 1978 1979
3 1992 1979 1993
3 1992 1993 2038
3 2037 1992 2038
3 2054 2037 2038
3 2054 2038 2055
3 2054 2055 2275
3 2274 2054 2275
3 2274 2275 2216
3 2215 2274 2216
3 2215 2216 2322
3 2321 2215 2322
3 2321 2322 2292
3 2291 2321 2292
3 2291 2292 2424
3 2423 2291 2424
3 2437 2423 2424
3 2437 2424 2438
3 2437 2438 2483
3 2482 2437 2483
3 2511 2482 2483
3 2511 2483 2512
3 2511 2512 3317
3 3316 2511 3317
3 3316 3317 3179
3 3178 3316 3179
3 3178 3179 3238
3 3237 3178 3238
3 3237 3238 3222
3 3221 3237 3222
3 3221 3222 3442
3 3441 3221 3442
3 3483 3441 3442
3 3483 3442 3484
3 3483 3484 3558
3 3557 3483 3558
3 3557 3558 3544
3 3543 3557 3544
3 3543 3544 3697
3 3696 3543 3697
3 3733 3696 3697
3 3733 3697 3734
3 3733 3734 3862
3 3861 3733 3862
3 3861 3862 3848
3 3847 3861 3848
3 3847 3848 4120
3 4119 3847 4120
3 4156 4119 4120
3 4156 4120 4157
3 4156 4157 4287
3 4286 4156 4287
3 4286 4287 4273
3 4272 4286 4273
3 4272 4273 4478
3 4477 4272 4478
3 4514 4477 4478
3 4514 4478 4515
3 4514 4515 4626
3 4625 4514 4626
3 4708 4625 4626
3 4708 4626 4709
3 4708 4709 5030
3 5029 4708 5030
3 5029 5030 5016
3 5015 5029 5016
3 5015 5016 5063
3 5062 5015 5063
3 5062 5063 5047
3 5046 5062 5047
3 5046 5047 5258
3 5257 5046 5258
3 5271 5257 5258
3 5271 5258 5272
3 5271 5272 5304
3 5303 5271 5304
3 5411 5303 5304
3 5411 5304 5412
3 5411 5412 5612
3 5611 5411 5612
3 6167 5611 5612
3 6167 5612 6168
3 6167 6168 6207
3 6206 6167 6207
3 6292 6206 6207
3 6292 6207 6293
3 5977 6292 6293
3 5977 6293 5978
3 6053 5977 5978
3 6053 5978 6054
3 5938 6053 6054
3 5938 6054 5939
3 5938 5939 5884
3 5883 5938 5884
3 5497 5883 5884
3 5497 5884 5498
3 5567 5497 5498
3 5567 5498 5568
3 5183 5567 5568
3 5183 5568 5184
3 5183 5184 5113
3 5112 5183 5113
3 4779 5112 5113
3 4779 5113 4780
3 4857 4779 4780
3 4857 4780 4858
3 4578 4857 4858
3 4578 4858 4579
3 4578 4579 4492
3 4491 4578 4492
3 4355 4491 4492
3 4355 4492 4356
3 4433 4355 4356
3 4433 4356 4434
3 4220 4433 4434
3 4220 4434 4221
3 4220 4221 4134
3 4133 4220 4134
3 3971 4133 4134
3 3971 4134 3972
3 4049 3971 3972
3 4049 3972 4050
3 3797 4049 4050
3 3797 4050 3798
3 3797 3798 3711
3 3710 3797 3711
3 3195 3710 3711
3 3195 3711 3196
3 3287 3195 3196
3 3287 3196 3288
3 3018 3287 3288
3 3018 3288 3019
3 3018 3019 2920
3 2919 3018 2920
3 2248 2919 2920
3 2248 2920 2249
3 2342 2248 2249
3 2342 2249 2343
3 1585 2342 2343
3 1585 2343 1586
3 1585 1586 1462
3 1461 1585 1462
3 1257 1461 1462
3 1257 1462 1258
3 1388 1257 1258
3 1388 1258 1389
3 642 1388 1389
3 642 1389 643
3 642 643 598
3 597 642 598
3 457 597 598
3 457 598 458
3 457 458 47
3 46 457 47
3 46 47 63
3 62 46 63
3 62 63 775
3 774 62 775
3 718 770 769
3 718 769 717
3 813 718 717
3 813 717 812
3 799 813 812
3 799 812 798
3 1007 799 798
3 1007 798 1006
3 1007 1006 1020
3 1021 1007 1020
3 1062 1021 1020
3 1062 1020 1060
3 1062 1060 1082
3 1083 1062 1082
3 1239 1083 1082
3 1239 1082 1238
3 1219 1239 1238
3 1219 1238 1218
3 1363 1219 1218
3 1363 1218 1362
3 1308 1363 1362
3 1308 1362 1307
3 1483 1308 1307
3 1483 1307 1482
3 1483 1482 1496
3 1497 1483 1496
3 1614 1497 1496
3 1614 1496 1612
3 1614 1612 1676
3 1677 1614 1676
3 1840 1677 1676
3 1840 1676 1839
3 1802 1840 1839
3 1802 1839 1801
3 1936 1802 1801
3 1936 1801 1935
3 1883 1936 1935
3 1883 1935 1882
3 1974 1883 1882
3 1974 1882 1973
3 1974 1973 1987
3 1988 1974 1987
3 2029 1988 1987
3 2029 1987 2027
3 2029 2027 2049
3 2050 2029 2049
3 2270 2050 2049
3 2270 2049 2269
3 2211 2270 2269
3 2211 2269 2210
3 2317 2211 2210
3 2317 2210 2316
3 2287 2317 2316
3 2287 2316 2286
3 2419 2287 2286
3 2419 2286 2418
3 2419 2418 2432
3 2433 2419 2432
3 2474 2433 2432
3 2474 2432 2472
3 2474 2472 2506
3 2507 2474 2506
3 3312 2507 2506
3 3312 2506 3311
3 3170 3312 3311
3 3170 3311 3168
3 3233 3170 3168
3 3233 3168 3232
3 3217 3233 3232
3 3217 3232 3216
3 3437 3217 3216
3 3437 3216 3436
3 3437 3436 3478
3 3479 3437 3478
3 3553 3479 3478
3 3553 3478 3552
3 3539 3553 3552
3 3539 3552 3538
3 3692 3539 3538
3 3692 3538 3691
3 3692 3691 3728
3 3729 3692 3728
3 3857 3729 3728
3 3857 3728 3856
3 3843 3857 3856
3 3843 3856 3842
3 4115 3843 3842
3 4115 3842 4114
3 4115 4114 4151
3 4152 4115 4151
3 4282 4152 4151
3 4282 4151 4281
3 4268 4282 4281
3 4268 4281 4267
3 4473 4268 4267
3 4473 4267 4472
3 4473 4472 4509
3 4510 4473 4509
3 4621 4510 4509
3 4621 4509 4620
3 4621 4620 4703
3 4704 4621 4703
3 5025 4704 4703
3 5025 4703 5024
3 5011 5025 5024
3 5011 5024 5010
3 5058 5011 5010
3 5058 5010 5057
3 5042 5058 5057
3 5042 5057 5041
3 5253 5042 5041
3 5253 5041 5252
3 5253 5252 5266
3 5267 5253 5266
3 5299 5267 5266
3 5299 5266 5298
3 5299 5298 5406
3 5407 5299 5406
3 5607 5407 5406
3 5607 5406 5606
3 5607 5606 6162
3 6163 5607 6162
3 6198 6163 6162
3 6198 6162 6196
3 6198 6196 6287
3 6288 6198 6287
3 6288 6287 5972
3 5973 6288 5972
3 5973 5972 6043
3 6045 5973 6043
3 6045 6043 5928
3 5930 6045 5928
3 5879 5930 5928
3 5879 5928 5878
3 5879 5878 5492
3 5493 5879 5492
3 5493 5492 5557
3 5559 5493 5557
3 5559 5557 5173
3 5175 5559 5173
3 5108 5175 5173
3 5108 5173 5107
3 5108 5107 4774
3 4775 5108 4774
3 4775 4774 4847
3 4849 4775 4847
3 4849 4847 4568
3 4570 4849 4568
3 4487 4570 4568
3 4487 4568 4486
3 4487 4486 4350
3 4351 4487 4350
3 4351 4350 4423
3 4425 4351 4423
3 4425 4423 4210
3 4212 4425 4210
3 4129 4212 4210
3 4129 4210 4128
3 4129 4128 3966
3 3967 4129 3966
3 3967 3966 4039
3 4041 3967 4039
3 4041 4039 3787
3 3789 4041 3787
3 3706 3789 3787
3 3706 3787 3705
3 3706 3705 3190
3 3191 3706 3190
3 3191 3190 3277
3 3279 3191 3277
3 3279 3277 3013
3 3014 3279 3013
3 2915 3014 3013
3 2915 3013 2914
3 2915 2914 2243
3 2244 2915 2243
3 2244 2243 2332
3 2334 2244 2332
3 2334 2332 1575
3 1577 2334 1575
3 1457 1577 1575
3 1457 1575 1456
3 1457 1456 1252
3 1253 1457 1252
3 1253 1252 1378
3 1380 1253 1378
3 1380 1378 632
3 634 1380 632
3 593 634 632
3 593 632 592
3 593 592 452
3 453 593 452
3 42 453 452
3 42 452 41
3 58 42 41
3 58 41 57
3 770 58 57
3 770 57 769
3 720 772 771
3 720 771 719
3 815 720 719
3 815 719 814
3 801 815 814
3 801 814 800
3 1009 801 800
3 1009 800 1008
3 1009 1008 1022
3 1023 1009 1022
3 1067 1023 1022
3 1067 1022 1063
3 1067 1063 1084
3 1085 1067 1084
3 1241 1085 1084
3 1241 1084 1240
3 1221 1241 1240
3 1221 1240 1220
3 1365 1221 1220
3 1365 1220 1364
3 1310 1365 1364
3 1310 1364 1309
3 1485 1310 1309
3 1485 1309 1484
3 1485 1484 1498
3 1499 1485 1498
3 1619 1499 1498
3 1619 1498 1615
3 1619 1615 1678
3 1679 1619 1678
3 1842 1679 1678
3 1842 1678 1841
3 1804 1842 1841
3 1804 1841 1803
3 1938 1804 1803
3 1938 1803 1937
3 1885 1938 1937
3 1885 1937 1884
3 1976 1885 1884
3 1976 1884 1975
3 1976 1975 1989
3 1990 1976 1989
3 2034 1990 1989
3 2034 1989 2030
3 2034 2030 2051
3 2052 2034 2051
3 2272 2052 2051
3 2272 2051 2271
3 2213 2272 2271
3 2213 2271 2212
3 2319 2213 2212
3 2319 2212 2318
3 2289 2319 2318
3 2289 2318 2288
3 2421 2289 2288
3 2421 2288 2420
3 2421 2420 2434
3 2435 2421 2434
3 2479 2435 2434
3 2479 2434 2475
3 2479 2475 2508
3 2509 2479 2508
3 3314 2509 2508
3 3314 2508 3313
3 3175 3314 3313
3 3175 3313 3171
3 3235 3175 3171
3 3235 3171 3234
3 3219 3235 3234
3 3219 3234 3218
3 3439 3219 3218
3 3439 3218 3438
3 3439 3438 3480
3 3481 3439 3480
3 3555 3481 3480
3 3555 3480 3554
3 3541 3555 3554
3 3541 3554 3540
3 3694 3541 3540
3 3694 3540 3693
3 3694 3693 3730
3 3731 3694 3730
3 3859 3731 3730
3 3859 3730 3858
3 3845 3859 3858
3 3845 3858 3844
3 4117 3845 3844
3 4117 3844 4116
3 4117 4116 4153
3 4154 4117 4153
3 4284 4154 4153
3 4284 4153 4283
3 4270 4284 4283
3 4270 4283 4269
3 4475 4270 4269
3 4475 4269 4474
3 4475 4474 4511
3 4512 4475 4511
3 4623 4512 4511
3 4623 4511 4622
3 4623 4622 4705
3 4706 4623 4705
3 5027 4706 4705
3 5027 4705 5026
3 5013 5027 5026
3 5013 5026 5012
3 5060 5013 5012
3 5060 5012 5059
3 5044 5060 5059
3 5044 5059 5043
3 5255 5044 5043
3 5255 5043 5254
3 5255 5254 5268
3 5269 5255 5268
3 5301 5269 5268
3 5301 5268 5300
3 5301 5300 5408
3 5409 5301 5408
3 5609 5409 5408
3 5609 5408 5608
3 5609 5608 6164
3 6165 5609 6164
3 6203 6165 6164
3 6203 6164 6199
3 6203 6199 6289
3 6290 6203 6289
3 6290 6289 5974
3 5975 6290 5974
3 5975 5974 6046
3 6050 5975 6046
3 6050 6046 5931
3 5935 6050 5931
3 5881 5935 5931
3 5881 5931 5880
3 5881 5880 5494
3 5495 5881 5494
3 5495 5494 5560
3 5564 5495 5560
3 5564 5560 5176
3 5180 5564 5176
3 5110 5180 5176
3 5110 5176 5109
3 5110 5109 4776
3 4777 5110 4776
3 4777 4776 4850
3 4854 4777 4850
3 4854 4850 4571
3 4575 4854 4571
3 4489 4575 4571
3 4489 4571 4488
3 4489 4488 4352
3 4353 4489 4352
3 4353 4352 4426
3 4430 4353 4426
3 4430 4426 4213
3 4217 4430 4213
3 4131 4217 4213
3 4131 4213 4130
3 4131 4130 3968
3 3969 4131 3968
3 3969 3968 4042
3 4046 3969 4042
3 4046 4042 3790
3 3794 4046 3790
3 3708 3794 3790
3 3708 3790 3707
3 3708 3707 3192
3 3193 3708 3192
3 3193 3192 3280
3 3284 3193 3280
3 3284 3280 3015
3 3016 3284 3015
3 2917 3016 3015
3 2917 3015 2916
3 2917 2916 2245
3 2246 2917 2245
3 2246 2245 2335
3 2339 2246 2335
3 2339 2335 1578
3 1582 2339 1578
3 1459 1582 1578
3 1459 1578 1458
3 1459 1458 1254
3 1255 1459 1254
3 1255 1254 1381
3 1385 1255 1381
3 1385 1381 635
3 639 1385 635
3 595 639 635
3 595 635 594
3 595 594 454
3 455 595 454
3 44 455 454
3 44 454 43
3 60 44 43
3 60 43 59
3 772 60 59
3 772 59 771
3 722 774 773
3 722 773 721
3 817 722 721
3 817 721 816
3 803 817 816
3 803 816 802
3 1011 803 802
3 1011 802 1010
3 1011 1010 1024
3 1025 1011 1024
3 1070 1025 1024
3 1070 1024 1068
3 1070 1068 1086
3 1087 1070 1086
3 1243 1087 1086
3 1243 1086 1242
3 1223 1243 1242
3 1223 1242 1222
3 1367 1223 1222
3 1367 1222 1366
3 1312 1367 1366
3 1312 1366 1311
3 1487 1312 1311
3 1487 1311 1486
3 1487 1486 1500
3 1501 1487 1500
3 1622 1501 1500
3 1622 1500 1620
3 1622 1620 1680
3 1681 1622 1680
3 1844 1681 1680
3 1844 1680 1843
3 1806 1844 1843
3 1806 1843 1805
3 1940 1806 1805
3 1940 1805 1939
3 1887 1940 1939
3 1887 1939 1886
3 1978 1887 1886
3 1978 1886 1977
3 1978 1977 1991
3 1992 1978 1991
3 2037 1992 1991
3 2037 1991 2035
3 2037 2035 2053
3 2054 2037 2053
3 2274 2054 2053
3 2274 2053 2273
3 2215 2274 2273
3 2215 2273 2214
3 2321 2215 2214
3 2321 2214 2320
3 2291 2321 2320
3 2291 2320 2290
3 2423 2291 2290
3 2423 2290 2422
3 2423 2422 2436
3 2437 2423 2436
3 2482 2437 2436
3 2482 2436 2480
3 2482 2480 2510
3 2511 2482 2510
3 3316 2511 2510
3 3316 2510 3315
3 3178 3316 3315
3 3178 3315 3176
3 3237 3178 3176
3 3237 3176 3236
3 3221 3237 3236
3 3221 3236 3220
3 3441 3221 3220
3 3441 3220 3440
3 3441 3440 3482
3 3483 3441 3482
3 3557 3483 3482
3 3557 3482 3556
3 3543 3557 3556
3 3543 3556 3542
3 3696 3543 3542
3 3696 3542 3695
3 3696 3695 3732
3 3733 3696 3732
3 3861 3733 3732
3 3861 3732 3860
3 3847 3861 3860
3 3847 3860 3846
3 4119 3847 3846
3 4119 3846 4118
3 4119 4118 4155
3 4156 4119 4155
3 4286 4156 4155
3 4286 4155 4285
3 4272 4286 4285
3 4272 4285 4271
3 4477 4272 4271
3 4477 4271 4476
3 4477 4476 4513
3 4514 4477 4513
3 4625 4514 4513
3 4625 4513 4624
3 4625 4624 4707
3 4708 4625 4707
3 5029 4708 4707
3 5029 4707 5028
3 5015 5029 5028
3 5015 5028 5014
3 5062 5015 5014
3 5062 5014 5061
3 5046 5062 5061
3 5046 5061 5045
3 5257 5046 5045
3 5257 5045 5256
3 5257 5256 5270
3 5271 5257 5270
3 5303 5271 5270
3 5303 5270 5302
3 5303 5302 5410
3 5411 5303 5410
3 5611 5411 5410
3 5611 5410 5610
3 5611 5610 6166
3 6167 5611 6166
3 6206 6167 6166
3 6206 6166 6204
3 6206 6204 6291
3 6292 6206 6291
3 6292 6291 5976
3 5977 6292 5976
3 5977 5976 6051
3 6053 5977 6051
3 6053 6051 5936
3 5938 6053 5936
3 5883 5938 5936
3 5883 5936 5882
3 5883 5882 5496
3 5497 5883 5496
3 5497 5496 5565
3 5567 5497 5565
3 5567 5565 5181
3 5183 5567 5181
3 5112 5183 5181
3 5112 5181 5111
3 5112 5111 4778
3 4779 5112 4778
3 4779 4778 4855
3 4857 4779 4855
3 4857 4855 4576
3 4578 4857 4576
3 4491 4578 4576
3 4491 4576 4490
3 4491 4490 4354
3 4355 4491 4354
3 4355 4354 4431
3 4433 4355 4431
3 4433 4431 4218
3 4220 4433 4218
3 4133 4220 4218
3 4133 4218 4132
3 4133 4132 3970
3 3971 4133 3970
3 3971 3970 4047
3 4049 3971 4047
3 4049 4047 3795
3 3797 4049 3795
3 3710 3797 3795
3 3710 3795 3709
3 3710 3709 3194
3 3195 3710 3194
3 3195 3194 3285
3 3287 3195 3285
3 3287 3285 3017
3 3018 3287 3017
3 2919 3018 3017
3 2919 3017 2918
3 2919 2918 2247
3 2248 2919 2247
3 2248 2247 2340
3 2342 2248 2340
3 2342 2340 1583
3 1585 2342 1583
3 1461 1585 1583
3 1461 1583 1460
3 1461 1460 1256
3 1257 1461 1256
3 1257 1256 1386
3 1388 1257 1386
3 1388 1386 640
3 642 1388 640
3 597 642 640
3 597 640 596
3 597 596 456
3 457 597 456
3 46 457 456
3 46 456 45
3 62 46 45
3 62 45 61
3 774 62 61
3 774 61 773
3 724 776 775
3 724 775 723
3 819 724 723
3 819 723 818
3 805 819 818
3 805 818 804
3 1013 805 804
3 1013 804 1012
3 1013 1012 1026
3 1027 1013 1026
3 1075 1027 1026
3 1075 1026 1071
3 1075 1071 1088
3 1089 1075 1088
3 1245 1089 1088
3 1245 1088 1244
3 1225 1245 1244
3 1225 1244 1224
3 1369 1225 1224
3 1369 1224 1368
3 1314 1369 1368
3 1314 1368 1313
3 1489 1314 1313
3 1489 1313 1488
3 1489 1488 1502
3 1503 1489 1502
3 1627 1503 1502
3 1627 1502 1623
3 1627 1623 1682
3 1683 1627 1682
3 1846 1683 1682
3 1846 1682 1845
3 1808 1846 1845
3 1808 1845 1807
3 1942 1808 1807
3 1942 1807 1941
3 1889 1942 1941
3 1889 1941 1888
3 1980 1889 1888
3 1980 1888 1979
3 1980 1979 1993
3 1994 1980 1993
3 2042 1994 1993
3 2042 1993 2038
3 2042 2038 2055
3 2056 2042 2055
3 2276 2056 2055
3 2276 2055 2275
3 2217 2276 2275
3 2217 2275 2216
3 2323 2217 2216
3 2323 2216 2322
3 2293 2323 2322
3 2293 2322 2292
3 2425 2293 2292
3 2425 2292 2424
3 2425 2424 2438
3 2439 2425 2438
3 2487 2439 2438
3 2487 2438 2483
3 2487 2483 2512
3 2513 2487 2512
3 3318 2513 2512
3 3318 2512 3317
3 3183 3318 3317
3 3183 3317 3179
3 3239 3183 3179
3 3239 3179 3238
3 3223 3239 3238
3 3223 3238 3222
3 3443 3223 3222
3 3443 3222 3442
3 3443 3442 3484
3 3485 3443 3484
3 3559 3485 3484
3 3559 3484 3558
3 3545 3559 3558
3 3545 3558 3544
3 3698 3545 3544
3 3698 3544 3697
3 3698 3697 3734
3 3735 3698 3734
3 3863 3735 3734
3 3863 3734 3862
3 3849 3863 3862
3 3849 3862 3848
3 4121 3849 3848
3 4121 3848 4120
3 4121 4120 4157
3 4158 4121 4157
3 4288 4158 4157
3 4288 4157 4287
3 4274 4288 4287
3 4274 4287 4273
3 4479 4274 4273
3 4479 4273 4478
3 4479 4478 4515
3 4516 4479 4515
3 4627 4516 4515
3 4627 4515 4626
3 4627 4626 4709
3 4710 4627 4709
3 5031 4710 4709
3 5031 4709 5030
3 5017 5031 5030
3 5017 5030 5016
3 5064 5017 5016
3 5064 5016 5063
3 5048 5064 5063
3 5048 5063 5047
3 5259 5048 5047
3 5259 5047 5258
3 5259 5258 5272
3 5273 5259 5272
3 5305 5273 5272
3 5305 5272 5304
3 5305 5304 5412
3 5413 5305 5412
3 5613 5413 5412
3 5613 5412 5612
3 5613 5612 6168
3 6169 5613 6168
3 6211 6169 6168
3 6211 6168 6207
3 6211 6207 6293
3 6294 6211 6293
3 6294 6293 5978
3 5979 6294 5978
3 5979 5978 6054
3 6058 5979 6054
3 6058 6054 5939
3 5943 6058 5939
3 5885 5943 5939
3 5885 5939 5884
3 5885 5884 5498
3 5499 5885 5498
3 5499 5498 5568
3 5572 5499 5568
3 5572 5568 5184
3 5188 5572 5184
3 5114 5188 5184
3 5114 5184 5113
3 5114 5113 4780
3 4781 5114 4780
3 4781 4780 4858
3 4862 4781 4858
3 4862 4858 4579
3 4583 4862 4579
3 4493 4583 4579
3 4493 4579 4492
3 4493 4492 4356
3 4357 4493 4356
3 4357 4356 4434
3 4438 4357 4434
3 4438 4434 4221
3 4225 4438 4221
3 4135 4225 4221
3 4135 4221 4134
3 4135 4134 3972
3 3973 4135 3972
3 3973 3972 4050
3 4054 3973 4050
3 4054 4050 3798
3 3802 4054 3798
3 3712 3802 3798
3 3712 3798 3711
3 3712 3711 3196
3 3197 3712 3196
3 3197 3196 3288
3 3292 3197 3288
3 3292 3288 3019
3 3020 3292 3019
3 2921 3020 3019
3 2921 3019 2920
3 2921 2920 2249
3 2250 2921 2249
3 2250 2249 2343
3 2347 2250 2343
3 2347 2343 1586
3 1590 2347 1586
3 1463 1590 1586
3 1463 1586 1462
3 1463 1462 1258
3 1259 1463 1258
3 1259 1258 1389
3 1393 1259 1389
3 1393 1389 643
3 647 1393 643
3 599 647 643
3 599 643 598
3 599 598 458
3 459 599 458
3 48 459 458
3 48 458 47
3 64 48 47
3 64 47 63
3 776 64 63
3 776 63 775
3 266 203 193
3 266 193 256
3 212 266 256
3 212 256 211
3 212 211 148
3 149 212 148
3 149 148 193
3 203 149 193
3 820 711 701
3 820 701 810
3 792 820 810
3 792 810 791
3 792 791 652
3 653 792 652
3 653 652 701
3 711 653 701
3 1014 1028 1018
3 1014 1018 1004
3 1052 1014 1004
3 1052 1004 1033
3 1052 1033 1057
3 1076 1052 1057
3 1076 1057 1018
3 1028 1076 1018
3 1490 1504 1494
3 1490 1494 1480
3 1554 1490 1480
3 1554 1480 1535
3 1554 1535 1609
3 1628 1554 1609
3 1628 1609 1494
3 1504 1628 1494
3 1981 1995 1985
3 1981 1985 1971
3 2019 1981 1971
3 2019 1971 2000
3 2019 2000 2024
3 2043 2019 2024
3 2043 2024 1985
3 1995 2043 1985
3 2426 2440 2430
3 2426 2430 2416
3 2464 2426 2416
3 2464 2416 2445
3 2464 2445 2469
3 2488 2464 2469
3 2488 2469 2430
3 2440 2488 2430
3 998 997 942
3 943 998 942
3 940 943 942
3 940 942 939
3 995 940 939
3 995 939 994
3 995 994 997
3 998 995 997
3 532 531 474
3 475 532 474
3 8 475 474
3 8 474 7
3 12 8 7
3 12 7 11
3 2 12 11
3 2 11 1
3 68 2 1
3 68 1 67
3 68 67 114
3 124 68 114
3 124 114 16
3 26 124 16
3 26 16 55
3 65 26 55
3 65 55 39
3 49 65 39
3 49 39 510
3 529 49 510
3 529 510 531
3 532 529 531
3 1412 1411 1231
3 1232 1412 1231
3 1229 1232 1231
3 1229 1231 1228
3 1394 1229 1228
3 1394 1228 1375
3 1394 1375 1411
3 1412 1394 1411
3 1926 1925 1815
3 1816 1926 1815
3 1812 1816 1815
3 1812 1815 1811
3 1908 1812 1811
3 1908 1811 1907
3 1908 1907 1925
3 1926 1908 1925
3 2353 2352 2223
3 2224 2353 2223
3 2221 2224 2223
3 2221 2223 2220
3 2348 2221 2220
3 2348 2220 2329
3 2348 2329 2352
3 2353 2348 2352
3 3110 3009 3008
3 3110 3008 3109
3 3106 3110 3109
3 3106 3109 3105
3 3106 3105 2974
3 2993 3106 2974
3 2993 2974 3008
3 3009 2993 3008
3 3873 3872 3818
3 3819 3873 3818
3 3803 3819 3818
3 3803 3818 3784
3 3867 3803 3784
3 3867 3784 3866
3 3867 3866 3872
3 3873 3867 3872
3 4298 4297 4241
3 4242 4298 4241
3 4226 4242 4241
3 4226 4241 4207
3 4292 4226 4207
3 4292 4207 4291
3 4292 4291 4297
3 4298 4292 4297
3 4694 4693 4599
3 4600 4694 4599
3 4584 4600 4599
3 4584 4599 4565
3 4688 4584 4565
3 4688 4565 4687
3 4688 4687 4693
3 4694 4688 4693
3 5389 5388 5287
3 5288 5389 5287
3 5284 5288 5287
3 5284 5287 5283
3 5382 5284 5283
3 5382 5283 5381
3 5382 5381 5388
3 5389 5382 5388
3 6062 6061 5946
3 5947 6062 5946
3 5944 5947 5946
3 5944 5946 5925
3 6059 5944 5925
3 6059 5925 6040
3 6059 6040 6061
3 6062 6059 6061
3 6112 6129 6128
3 6112 6128 6111
3 6122 6112 6111
3 6122 6111 6121
3 6122 6121 6133
3 6134 6122 6133
3 6134 6133 6128
3 6129 6134 6128
3 6146 6170 6160
3 6146 6160 6145
3 6151 6146 6145
3 6151 6145 6150
3 6151 6150 6249
3 6250 6151 6249
3 6250 6249 6160
3 6170 6250 6160
3 5858 5952 5951
3 5858 5951 5857
3 5904 5858 5857
3 5904 5857 5903
3 5904 5903 5996
3 5997 5904 5996
3 5997 5996 5951
3 5952 5997 5951
3 1370 1195 1185
3 1370 1185 1360
3 1275 1370 1360
3 1275 1360 1274
3 1275 1274 1140
3 1141 1275 1140
3 1141 1140 1185
3 1195 1141 1185
3 1905 1791 1781
3 1905 1781 1904
3 1860 1905 1904
3 1860 1904 1859
3 1860 1859 1736
3 1737 1860 1736
3 1737 1736 1781
3 1791 1737 1781
3 2324 2200 2190
3 2324 2190 2314
3 2280 2324 2314
3 2280 2314 2279
3 2280 2279 2119
3 2120 2280 2119
3 2120 2119 2190
3 2200 2120 2190
3 2775 2660 2650
3 2775 2650 2765
3 2720 2775 2765
3 2720 2765 2719
3 2720 2719 2577
3 2578 2720 2577
3 2578 2577 2650
3 2660 2578 2650
3 3103 2911 2901
3 3103 2901 3093
3 3047 3103 3093
3 3047 3093 3046
3 3047 3046 2834
3 2835 3047 2834
3 2835 2834 2901
3 2911 2835 2901
3 3560 3486 3476
3 3560 3476 3550
3 3532 3560 3550
3 3532 3550 3531
3 3532 3531 3427
3 3428 3532 3427
3 3428 3427 3476
3 3486 3428 3476
3 3864 3736 3726
3 3864 3726 3854
3 3836 3864 3854
3 3836 3854 3835
3 3836 3835 3684
3 3685 3836 3684
3 3685 3684 3726
3 3736 3685 3726
3 4289 4159 4149
3 4289 4149 4279
3 4261 4289 4279
3 4261 4279 4260
3 4261 4260 4107
3 4108 4261 4107
3 4108 4107 4149
3 4159 4108 4149
3 4685 4517 4507
3 4685 4507 4675
3 4631 4685 4675
3 4631 4675 4630
3 4631 4630 4465
3 4466 4631 4465
3 4466 4465 4507
3 4517 4466 4507
3 5065 5000 4990
3 5065 4990 5055
3 5035 5065 5055
3 5035 5055 5034
3 5035 5034 4945
3 4946 5035 4945
3 4946 4945 4990
3 5000 4946 4990
3 5377 5274 5264
3 5377 5264 5367
3 5309 5377 5367
3 5309 5367 5308
3 5309 5308 5245
3 5246 5309 5245
3 5246 5245 5264
3 5274 5246 5264
3 5715 5781 5771
3 5715 5771 5714
3 5741 5715 5714
3 5741 5714 5740
3 5741 5740 5838
3 5852 5741 5838
3 5852 5838 5771
3 5781 5852 5771
3 3160 3184 3165
3 3160 3165 3141
3 3224 3160 3141
3 3224 3141 3214
3 3224 3214 3230
3 3240 3224 3230
3 3240 3230 3165
3 3184 3240 3165
3 647 599 600
3 647 600 648
3 528 647 648
3 528 648 529
3 528 529 460
3 459 528 460
3 459 460 600
3 599 459 600
3 1590 1463 1464
3 1590 1464 1591
3 1393 1590 1591
3 1393 1591 1394
3 1393 1394 1260
3 1259 1393 1260
3 1259 1260 1464
3 1463 1259 1464
3 2347 2250 2251
3 2347 2251 2348
3 2347 2348 2993
3 2992 2347 2993
3 2992 2993 2884
3 2883 2992 2884
3 2250 2883 2884
3 2250 2884 2251
3 3802 3712 3713
3 3802 3713 3803
3 3292 3802 3803
3 3292 3803 3293
3 3292 3293 3198
3 3197 3292 3198
3 3197 3198 3713
3 3712 3197 3713
3 4225 4135 4136
3 4225 4136 4226
3 4054 4225 4226
3 4054 4226 4055
3 4054 4055 3974
3 3973 4054 3974
3 3973 3974 4136
3 4135 3973 4136
3 4583 4493 4494
3 4583 4494 4584
3 4438 4583 4584
3 4438 4584 4439
3 4438 4439 4358
3 4357 4438 4358
3 4357 4358 4494
3 4493 4357 4494
3 5188 5114 5115
3 5188 5115 5189
3 4862 5188 5189
3 4862 5189 4863
3 4862 4863 4782
3 4781 4862 4782
3 4781 4782 5115
3 5114 4781 5115
3 5943 5885 5886
3 5943 5886 5944
3 5572 5943 5944
3 5572 5944 5573
3 5572 5573 5500
3 5499 5572 5500
3 5499 5500 5886
3 5885 5499 5886
3 6400 6339 6340
3 6400 6340 6401
3 6058 6400 6401
3 6058 6401 6059
3 6058 6059 5980
3 5979 6058 5980
3 5979 5980 6295
3 6294 5979 6295
3 6294 6295 6212
3 6211 6294 6212
3 6211 6212 6340
3 6339 6211 6340
3 1089 1090 1246
3 1245 1089 1246
3 1245 1246 1226
3 1225 1245 1226
3 1194 1225 1226
3 1194 1226 1195
3 1194 1195 1165
3 1164 1194 1165
3 1051 1164 1165
3 1051 1165 1052
3 1089 1051 1052
3 1089 1052 1090
3 1683 1684 1847
3 1846 1683 1847
3 1846 1847 1809
3 1808 1846 1809
3 1790 1808 1809
3 1790 1809 1791
3 1790 1791 1761
3 1760 1790 1761
3 1553 1760 1761
3 1553 1761 1554
3 1683 1553 1554
3 1683 1554 1684
3 2056 2057 2277
3 2276 2056 2277
3 2276 2277 2218
3 2217 2276 2218
3 2199 2217 2218
3 2199 2218 2200
3 2199 2200 2144
3 2143 2199 2144
3 2018 2143 2144
3 2018 2144 2019
3 2056 2018 2019
3 2056 2019 2057
3 25 123 124
3 25 124 26
3 64 25 26
3 64 26 65
3 64 65 777
3 776 64 777
3 776 777 725
3 724 776 725
3 710 724 725
3 710 725 711
3 710 711 677
3 676 710 677
3 235 676 677
3 235 677 236
3 265 235 236
3 265 236 266
3 202 265 266
3 202 266 203
3 202 203 173
3 172 202 173
3 91 172 173
3 91 173 92
3 123 91 92
3 123 92 124
3 4627 4684 4685
3 4627 4685 4628
3 4710 4627 4628
3 4710 4628 4711
3 4710 4711 5032
3 5031 4710 5032
3 5031 5032 5018
3 5017 5031 5018
3 4999 5017 5018
3 4999 5018 5000
3 4999 5000 4970
3 4969 4999 4970
3 4654 4969 4970
3 4654 4970 4655
3 4684 4654 4655
3 4684 4655 4685
3 5413 5414 5614
3 5613 5413 5614
3 5780 5613 5614
3 5780 5614 5781
3 5780 5781 6093
3 6092 5780 6093
3 6092 6093 5688
3 5687 6092 5688
3 5332 5687 5688
3 5332 5688 5333
3 5376 5332 5333
3 5376 5333 5377
3 5305 5376 5377
3 5305 5377 5306
3 5413 5305 5306
3 5413 5306 5414
3 2513 2514 3319
3 3318 2513 3319
3 3318 3319 3160
3 3159 3318 3160
3 3072 3159 3160
3 3072 3160 3073
3 3102 3072 3073
3 3102 3073 3103
3 2910 3102 3103
3 2910 3103 2911
3 2910 2911 2856
3 2855 2910 2856
3 2742 2855 2856
3 2742 2856 2743
3 2774 2742 2743
3 2774 2743 2775
3 2659 2774 2775
3 2659 2775 2660
3 2659 2660 2602
3 2601 2659 2602
3 2463 2601 2602
3 2463 2602 2464
3 2513 2463 2464
3 2513 2464 2514
3 5474 5553 5282
3 5216 5474 5282
3 5216 5282 5283
3 5217 5216 5283
3 5554 5283 5217
3 5475 5554 5217
3 5474 5475 5554
3 5474 5554 5553
3 5945 6060 6061
3 5945 6061 5946
3 5945 5946 5925
3 5924 5945 5925
3 5924 5925 6040
3 6039 5924 6040
3 6060 6039 6040
3 6060 6040 6061
3 1201 332 331
3 1201 331 1200
3 5444 1201 1200
3 5444 1200 5443
3 5626 5444 5443
3 5626 5443 5625
3 5626 5625 6170
3 6172 5626 6170
3 6213 6172 6170
3 6213 6170 6212
3 6213 6212 6295
3 6296 6213 6295
3 6296 6295 5980
3 5981 6296 5980
3 5957 5981 5980
3 5957 5980 5956
3 5957 5956 5862
3 5863 5957 5862
3 5863 5862 5886
3 5887 5863 5886
3 5887 5886 5476
3 5477 5887 5476
3 5477 5476 5512
3 5513 5477 5512
3 5513 5512 5189
3 5190 5513 5189
3 5116 5190 5189
3 5116 5189 5115
3 5116 5115 4746
3 4747 5116 4746
3 4747 4746 4783
3 4784 4747 4783
3 4784 4783 4602
3 4603 4784 4602
3 4523 4603 4602
3 4523 4602 4522
3 4523 4522 4322
3 4323 4523 4322
3 4323 4322 4359
3 4360 4323 4359
3 4360 4359 4244
3 4245 4360 4244
3 4165 4245 4244
3 4165 4244 4164
3 4165 4164 3932
3 3933 4165 3932
3 3933 3932 3975
3 3976 3933 3975
3 3976 3975 3821
3 3822 3976 3821
3 3742 3822 3821
3 3742 3821 3741
3 3742 3741 3517
3 3518 3742 3517
3 3500 3518 3517
3 3500 3517 3499
3 3500 3499 3445
3 3446 3500 3445
3 3446 3445 3460
3 3461 3446 3460
3 3461 3460 3198
3 3199 3461 3198
3 3199 3198 3293
3 3294 3199 3293
3 3294 3293 3021
3 3022 3294 3021
3 2923 3022 3021
3 2923 3021 2922
3 2923 2922 2695
3 2696 2923 2695
3 2681 2696 2695
3 2681 2695 2680
3 2681 2680 2619
3 2620 2681 2619
3 2620 2619 2634
3 2635 2620 2634
3 2635 2634 2251
3 2252 2635 2251
3 2226 2252 2251
3 2226 2251 2225
3 2226 2225 2161
3 2162 2226 2161
3 2162 2161 2174
3 2175 2162 2174
3 2175 2174 1818
3 1819 2175 1818
3 1819 1818 1864
3 1865 1819 1864
3 1865 1864 1644
3 1645 1865 1644
3 1632 1645 1644
3 1632 1644 1631
3 1632 1631 1555
3 1556 1632 1555
3 1465 1556 1555
3 1465 1555 1464
3 1465 1464 1260
3 1261 1465 1260
3 1261 1260 1344
3 1345 1261 1344
3 1345 1344 1276
3 1277 1345 1276
3 1277 1276 1289
3 1290 1277 1289
3 1290 1289 976
3 977 1290 976
3 960 977 976
3 960 976 959
3 960 959 917
3 918 960 917
3 349 918 917
3 349 917 348
3 369 349 348
3 369 348 368
3 332 369 368
3 332 368 331
3 1203 334 333
3 1203 333 1202
3 5446 1203 1202
3 5446 1202 5445
3 5628 5446 5445
3 5628 5445 5627
3 5628 5627 6173
3 6175 5628 6173
3 6215 6175 6173
3 6215 6173 6214
3 6215 6214 6297
3 6298 6215 6297
3 6298 6297 5982
3 5983 6298 5982
3 5959 5983 5982
3 5959 5982 5958
3 5959 5958 5864
3 5865 5959 5864
3 5865 5864 5888
3 5889 5865 5888
3 5889 5888 5478
3 5479 5889 5478
3 5479 5478 5514
3 5515 5479 5514
3 5515 5514 5191
3 5192 5515 5191
3 5118 5192 5191
3 5118 5191 5117
3 5118 5117 4748
3 4749 5118 4748
3 4749 4748 4785
3 4786 4749 4785
3 4786 4785 4604
3 4605 4786 4604
3 4525 4605 4604
3 4525 4604 4524
3 4525 4524 4324
3 4325 4525 4324
3 4325 4324 4361
3 4362 4325 4361
3 4362 4361 4246
3 4247 4362 4246
3 4167 4247 4246
3 4167 4246 4166
3 4167 4166 3934
3 3935 4167 3934
3 3935 3934 3977
3 3978 3935 3977
3 3978 3977 3823
3 3824 3978 3823
3 3744 3824 3823
3 3744 3823 3743
3 3744 3743 3519
3 3520 3744 3519
3 3502 3520 3519
3 3502 3519 3501
3 3502 3501 3447
3 3448 3502 3447
3 3448 3447 3462
3 3463 3448 3462
3 3463 3462 3200
3 3201 3463 3200
3 3201 3200 3295
3 3296 3201 3295
3 3296 3295 3023
3 3024 3296 3023
3 2925 3024 3023
3 2925 3023 2924
3 2925 2924 2697
3 2698 2925 2697
3 2683 2698 2697
3 2683 2697 2682
3 2683 2682 2621
3 2622 2683 2621
3 2622 2621 2636
3 2637 2622 2636
3 2637 2636 2253
3 2254 2637 2253
3 2228 2254 2253
3 2228 2253 2227
3 2228 2227 2163
3 2164 2228 2163
3 2164 2163 2176
3 2177 2164 2176
3 2177 2176 1820
3 1821 2177 1820
3 1821 1820 1866
3 1867 1821 1866
3 1867 1866 1646
3 1647 1867 1646
3 1634 1647 1646
3 1634 1646 1633
3 1634 1633 1557
3 1558 1634 1557
3 1467 1558 1557
3 1467 1557 1466
3 1467 1466 1262
3 1263 1467 1262
3 1263 1262 1346
3 1347 1263 1346
3 1347 1346 1278
3 1279 1347 1278
3 1279 1278 1291
3 1292 1279 1291
3 1292 1291 978
3 979 1292 978
3 962 979 978
3 962 978 961
3 962 961 919
3 920 962 919
3 351 920 919
3 351 919 350
3 371 351 350
3 371 350 370
3 334 371 370
3 334 370 333
3 1205 336 335
3 1205 335 1204
3 5448 1205 1204
3 5448 1204 5447
3 5630 5448 5447
3 5630 5447 5629
3 5630 5629 6176
3 6178 5630 6176
3 6217 6178 6176
3 6217 6176 6216
3 6217 6216 6299
3 6300 6217 6299
3 6300 6299 5984
3 5985 6300 5984
3 5961 5985 5984
3 5961 5984 5960
3 5961 5960 5866
3 5867 5961 5866
3 5867 5866 5890
3 5891 5867 5890
3 5891 5890 5480
3 5481 5891 5480
3 5481 5480 5516
3 5517 5481 5516
3 5517 5516 5193
3 5194 5517 5193
3 5120 5194 5193
3 5120 5193 5119
3 5120 5119 4750
3 4751 5120 4750
3 4751 4750 4787
3 4788 4751 4787
3 4788 4787 4606
3 4607 4788 4606
3 4527 4607 4606
3 4527 4606 4526
3 4527 4526 4326
3 4327 4527 4326
3 4327 4326 4363
3 4364 4327 4363
3 4364 4363 4248
3 4249 4364 4248
3 4169 4249 4248
3 4169 4248 4168
3 4169 4168 3936
3 3937 4169 3936
3 3937 3936 3979
3 3980 3937 3979
3 3980 3979 3825
3 3826 3980 3825
3 3746 3826 3825
3 3746 3825 3745
3 3746 3745 3521
3 3522 3746 3521
3 3504 3522 3521
3 3504 3521 3503
3 3504 3503 3449
3 3450 3504 3449
3 3450 3449 3464
3 3465 3450 3464
3 3465 3464 3202
3 3203 3465 3202
3 3203 3202 3297
3 3298 3203 3297
3 3298 3297 3025
3 3026 3298 3025
3 2927 3026 3025
3 2927 3025 2926
3 2927 2926 2699
3 2700 2927 2699
3 2685 2700 2699
3 2685 2699 2684
3 2685 2684 2623
3 2624 2685 2623
3 2624 2623 2638
3 2639 2624 2638
3 2639 2638 2255
3 2256 2639 2255
3 2230 2256 2255
3 2230 2255 2229
3 2230 2229 2165
3 2166 2230 2165
3 2166 2165 2178
3 2179 2166 2178
3 2179 2178 1822
3 1823 2179 1822
3 1823 1822 1868
3 1869 1823 1868
3 1869 1868 1648
3 1649 1869 1648
3 1636 1649 1648
3 1636 1648 1635
3 1636 1635 1559
3 1560 1636 1559
3 1469 1560 1559
3 1469 1559 1468
3 1469 1468 1264
3 1265 1469 1264
3 1265 1264 1348
3 1349 1265 1348
3 1349 1348 1280
3 1281 1349 1280
3 1281 1280 1293
3 1294 1281 1293
3 1294 1293 980
3 981 1294 980
3 964 981 980
3 964 980 963
3 964 963 921
3 922 964 921
3 353 922 921
3 353 921 352
3 373 353 352
3 373 352 372
3 336 373 372
3 336 372 335
3 1207 338 337
3 1207 337 1206
3 5450 1207 1206
3 5450 1206 5449
3 5632 5450 5449
3 5632 5449 5631
3 5632 5631 6179
3 6181 5632 6179
3 6219 6181 6179
3 6219 6179 6218
3 6219 6218 6301
3 6302 6219 6301
3 6302 6301 5986
3 5987 6302 5986
3 5963 5987 5986
3 5963 5986 5962
3 5963 5962 5868
3 5869 5963 5868
3 5869 5868 5892
3 5893 5869 5892
3 5893 5892 5482
3 5483 5893 5482
3 5483 5482 5518
3 5519 5483 5518
3 5519 5518 5195
3 5196 5519 5195
3 5122 5196 5195
3 5122 5195 5121
3 5122 5121 4752
3 4753 5122 4752
3 4753 4752 4789
3 4790 4753 4789
3 4790 4789 4608
3 4609 4790 4608
3 4529 4609 4608
3 4529 4608 4528
3 4529 4528 4328
3 4329 4529 4328
3 4329 4328 4365
3 4366 4329 4365
3 4366 4365 4250
3 4251 4366 4250
3 4171 4251 4250
3 4171 4250 4170
3 4171 4170 3938
3 3939 4171 3938
3 3939 3938 3981
3 3982 3939 3981
3 3982 3981 3827
3 3828 3982 3827
3 3748 3828 3827
3 3748 3827 3747
3 3748 3747 3523
3 3524 3748 3523
3 3506 3524 3523
3 3506 3523 3505
3 3506 3505 3451
3 3452 3506 3451
3 3452 3451 3466
3 3467 3452 3466
3 3467 3466 3204
3 3205 3467 3204
3 3205 3204 3299
3 3300 3205 3299
3 3300 3299 3027
3 3028 3300 3027
3 2929 3028 3027
3 2929 3027 2928
3 2929 2928 2701
3 2702 2929 2701
3 2687 2702 2701
3 2687 2701 2686
3 2687 2686 2625
3 2626 2687 2625
3 2626 2625 2640
3 2641 2626 2640
3 2641 2640 2257
3 2258 2641 2257
3 2232 2258 2257
3 2232 2257 2231
3 2232 2231 2167
3 2168 2232 2167
3 2168 2167 2180
3 2181 2168 2180
3 2181 2180 1824
3 1825 2181 1824
3 1825 1824 1870
3 1871 1825 1870
3 1871 1870 1650
3 1651 1871 1650
3 1638 1651 1650
3 1638 1650 1637
3 1638 1637 1561
3 1562 1638 1561
3 1471 1562 1561
3 1471 1561 1470
3 1471 1470 1266
3 1267 1471 1266
3 1267 1266 1350
3 1351 1267 1350
3 1351 1350 1282
3 1283 1351 1282
3 1283 1282 1295
3 1296 1283 1295
3 1296 1295 982
3 983 1296 982
3 966 983 982
3 966 982 965
3 966 965 923
3 924 966 923
3 355 924 923
3 355 923 354
3 375 355 354
3 375 354 374
3 338 375 374
3 338 374 337
3 1209 340 339
3 1209 339 1208
3 5452 1209 1208
3 5452 1208 5451
3 5634 5452 5451
3 5634 5451 5633
3 5634 5633 6182
3 6184 5634 6182
3 6221 6184 6182
3 6221 6182 6220
3 6221 6220 6303
3 6304 6221 6303
3 6304 6303 5988
3 5989 6304 5988
3 5965 5989 5988
3 5965 5988 5964
3 5965 5964 5870
3 5871 5965 5870
3 5871 5870 5894
3 5895 5871 5894
3 5895 5894 5484
3 5485 5895 5484
3 5485 5484 5520
3 5521 5485 5520
3 5521 5520 5197
3 5198 5521 5197
3 5124 5198 5197
3 5124 5197 5123
3 5124 5123 4754
3 4755 5124 4754
3 4755 4754 4791
3 4792 4755 4791
3 4792 4791 4610
3 4611 4792 4610
3 4531 4611 4610
3 4531 4610 4530
3 4531 4530 4330
3 4331 4531 4330
3 4331 4330 4367
3 4368 4331 4367
3 4368 4367 4252
3 4253 4368 4252
3 4173 4253 4252
3 4173 4252 4172
3 4173 4172 3940
3 3941 4173 3940
3 3941 3940 3983
3 3984 3941 3983
3 3984 3983 3829
3 3830 3984 3829
3 3750 3830 3829
3 3750 3829 3749
3 3750 3749 3525
3 3526 3750 3525
3 3508 3526 3525
3 3508 3525 3507
3 3508 3507 3453
3 3454 3508 3453
3 3454 3453 3468
3 3469 3454 3468
3 3469 3468 3206
3 3207 3469 3206
3 3207 3206 3301
3 3302 3207 3301
3 3302 3301 3029
3 3030 3302 3029
3 2931 3030 3029
3 2931 3029 2930
3 2931 2930 2703
3 2704 2931 2703
3 2689 2704 2703
3 2689 2703 2688
3 2689 2688 2627
3 2628 2689 2627
3 2628 2627 2642
3 2643 2628 2642
3 2643 2642 2259
3 2260 2643 2259
3 2234 2260 2259
3 2234 2259 2233
3 2234 2233 2169
3 2170 2234 2169
3 2170 2169 2182
3 2183 2170 2182
3 2183 2182 1826
3 1827 2183 1826
3 1827 1826 1872
3 1873 1827 1872
3 1873 1872 1652
3 1653 1873 1652
3 1640 1653 1652
3 1640 1652 1639
3 1640 1639 1563
3 1564 1640 1563
3 1473 1564 1563
3 1473 1563 1472
3 1473 1472 1268
3 1269 1473 1268
3 1269 1268 1352
3 1353 1269 1352
3 1353 1352 1284
3 1285 1353 1284
3 1285 1284 1297
3 1298 1285 1297
3 1298 1297 984
3 985 1298 984
3 968 985 984
3 968 984 967
3 968 967 925
3 926 968 925
3 357 926 925
3 357 925 356
3 377 357 356
3 377 356 376
3 340 377 376
3 340 376 339
3 1211 342 341
3 1211 341 1210
3 5454 1211 1210
3 5454 1210 5453
3 5636 5454 5453
3 5636 5453 5635
3 5636 5635 6185
3 6186 5636 6185
3 6223 6186 6185
3 6223 6185 6222
3 6223 6222 6305
3 6306 6223 6305
3 6306 6305 5990
3 5991 6306 5990
3 5967 5991 5990
3 5967 5990 5966
3 5967 5966 5872
3 5873 5967 5872
3 5873 5872 5896
3 5897 5873 5896
3 5897 5896 5486
3 5487 5897 5486
3 5487 5486 5522
3 5523 5487 5522
3 5523 5522 5199
3 5200 5523 5199
3 5126 5200 5199
3 5126 5199 5125
3 5126 5125 4756
3 4757 5126 4756
3 4757 4756 4793
3 4794 4757 4793
3 4794 4793 4612
3 4613 4794 4612
3 4533 4613 4612
3 4533 4612 4532
3 4533 4532 4332
3 4333 4533 4332
3 4333 4332 4369
3 4370 4333 4369
3 4370 4369 4254
3 4255 4370 4254
3 4175 4255 4254
3 4175 4254 4174
3 4175 4174 3942
3 3943 4175 3942
3 3943 3942 3985
3 3986 3943 3985
3 3986 3985 3831
3 3832 3986 3831
3 3752 3832 3831
3 3752 3831 3751
3 3752 3751 3527
3 3528 3752 3527
3 3510 3528 3527
3 3510 3527 3509
3 3510 3509 3455
3 3456 3510 3455
3 3456 3455 3470
3 3471 3456 3470
3 3471 3470 3208
3 3209 3471 3208
3 3209 3208 3303
3 3304 3209 3303
3 3304 3303 3031
3 3032 3304 3031
3 2933 3032 3031
3 2933 3031 2932
3 2933 2932 2705
3 2706 2933 2705
3 2691 2706 2705
3 2691 2705 2690
3 2691 2690 2629
3 2630 2691 2629
3 2630 2629 2644
3 2645 2630 2644
3 2645 2644 2261
3 2262 2645 2261
3 2236 2262 2261
3 2236 2261 2235
3 2236 2235 2171
3 2172 2236 2171
3 2172 2171 2184
3 2185 2172 2184
3 2185 2184 1828
3 1829 2185 1828
3 1829 1828 1874
3 1875 1829 1874
3 1875 1874 1654
3 1655 1875 1654
3 1642 1655 1654
3 1642 1654 1641
3 1642 1641 1565
3 1566 1642 1565
3 1475 1566 1565
3 1475 1565 1474
3 1475 1474 1270
3 1271 1475 1270
3 1271 1270 1354
3 1355 1271 1354
3 1355 1354 1286
3 1287 1355 1286
3 1287 1286 1299
3 1300 1287 1299
3 1300 1299 986
3 987 1300 986
3 970 987 986
3 970 986 969
3 970 969 927
3 928 970 927
3 359 928 927
3 359 927 358
3 379 359 358
3 379 358 378
3 342 379 378
3 342 378 341
3 990 956 943
3 990 943 989
3 971 990 989
3 971 989 959
3 971 959 885
3 897 971 885
3 897 885 943
3 956 897 943
3 1288 1317 1316
3 1288 1316 1276
3 1356 1288 1276
3 1356 1276 1344
3 1356 1344 1412
3 1413 1356 1412
3 1413 1412 1316
3 1317 1413 1316
3 1567 1630 1629
3 1567 1629 1555
3 1643 1567 1555
3 1643 1555 1631
3 1643 1631 1657
3 1658 1643 1657
3 1658 1657 1629
3 1630 1658 1629
3 3529 3517 3460
3 3472 3529 3460
3 3457 3472 3460
3 3457 3460 3445
3 3511 3457 3445
3 3511 3445 3499
3 3511 3499 3517
3 3529 3511 3517
3 5992 5980 5886
3 5898 5992 5886
3 5874 5898 5886
3 5874 5886 5862
3 5968 5874 5862
3 5968 5862 5956
3 5968 5956 5980
3 5992 5968 5980
3 6113 6130 6129
3 6113 6129 6112
3 6123 6113 6112
3 6123 6112 6122
3 6123 6122 6134
3 6135 6123 6134
3 6135 6134 6129
3 6130 6135 6129
3 6147 6187 6170
3 6147 6170 6146
3 6152 6147 6146
3 6152 6146 6151
3 6152 6151 6250
3 6251 6152 6250
3 6251 6250 6170
3 6187 6251 6170
3 5859 5953 5952
3 5859 5952 5858
3 5905 5859 5858
3 5905 5858 5904
3 5905 5904 5997
3 5998 5905 5997
3 5998 5997 5952
3 5953 5998 5952
3 5724 5782 5781
3 5724 5781 5715
3 5750 5724 5715
3 5750 5715 5741
3 5750 5741 5852
3 5853 5750 5852
3 5853 5852 5781
3 5782 5853 5781
3 2263 2251 2174
3 2186 2263 2174
3 2173 2186 2174
3 2173 2174 2161
3 2237 2173 2161
3 2237 2161 2225
3 2237 2225 2251
3 2263 2237 2251
3 2707 2695 2634
3 2646 2707 2634
3 2631 2646 2634
3 2631 2634 2619
3 2692 2631 2619
3 2692 2619 2680
3 2692 2680 2695
3 2707 2692 2695
3 2893 3010 3009
3 2893 3009 2884
3 2934 2893 2884
3 2934 2884 2922
3 2934 2922 3021
3 3033 2934 3021
3 3107 3033 3021
3 3107 3021 3106
3 3107 3106 3110
3 3111 3107 3110
3 3111 3110 3009
3 3010 3111 3009
3 1857 1927 1926
3 1857 1926 1848
3 1857 1848 1818
3 1830 1857 1818
3 1830 1818 1864
3 1876 1830 1864
3 1876 1864 1812
3 1813 1876 1812
3 1813 1812 1816
3 1817 1813 1816
3 1927 1817 1816
3 1927 1816 1926
3 3210 3321 3320
3 3210 3320 3198
3 3250 3210 3198
3 3250 3198 3241
3 3250 3241 3346
3 3347 3250 3346
3 3347 3346 3320
3 3321 3347 3320
3 679 751 742
3 679 742 678
3 727 679 678
3 727 678 726
3 727 726 778
3 787 727 778
3 787 778 742
3 751 787 742
3 558 566 565
3 558 565 557
3 562 558 557
3 562 557 561
3 562 561 571
3 572 562 571
3 572 571 565
3 566 572 565
3 536 550 549
3 536 549 535
3 540 536 535
3 540 535 539
3 540 539 553
3 554 540 553
3 554 553 549
3 550 554 549
3 420 479 478
3 420 478 411
3 470 420 411
3 470 411 461
3 470 461 498
3 499 470 498
3 499 498 478
3 479 499 478
3 862 861 868
3 869 862 868
3 869 868 851
3 852 869 851
3 842 852 851
3 842 851 841
3 862 842 841
3 862 841 861
3 1422 1421 1423
3 1424 1422 1423
3 1424 1423 1419
3 1420 1424 1419
3 1418 1420 1419
3 1418 1419 1417
3 1422 1418 1417
3 1422 1417 1421
3 1949 1948 1950
3 1951 1949 1950
3 1951 1950 1946
3 1947 1951 1946
3 1945 1947 1946
3 1945 1946 1944
3 1949 1945 1944
3 1949 1944 1948
3 2377 2376 2378
3 2379 2377 2378
3 2379 2378 2372
3 2373 2379 2372
3 2368 2373 2372
3 2368 2372 2367
3 2377 2368 2367
3 2377 2367 2376
3 2790 2789 2791
3 2792 2790 2791
3 2792 2791 2787
3 2788 2792 2787
3 2786 2788 2787
3 2786 2787 2785
3 2790 2786 2785
3 2790 2785 2789
3 3119 3118 3120
3 3121 3119 3120
3 3121 3120 3116
3 3117 3121 3116
3 3115 3117 3116
3 3115 3116 3114
3 3119 3115 3114
3 3119 3114 3118
3 3576 3575 3577
3 3578 3576 3577
3 3578 3577 3569
3 3570 3578 3569
3 3568 3570 3569
3 3568 3569 3567
3 3576 3568 3567
3 3576 3567 3575
3 3882 3881 3883
3 3884 3882 3883
3 3884 3883 3879
3 3880 3884 3879
3 3878 3880 3879
3 3878 3879 3877
3 3882 3878 3877
3 3882 3877 3881
3 4307 4306 4308
3 4309 4307 4308
3 4309 4308 4304
3 4305 4309 4304
3 4303 4305 4304
3 4303 4304 4302
3 4307 4303 4302
3 4307 4302 4306
3 3722 3820 3819
3 3722 3819 3713
3 3753 3722 3713
3 3753 3713 3741
3 3753 3741 3821
3 3833 3753 3821
3 3868 3833 3821
3 3868 3821 3867
3 3868 3867 3873
3 3874 3868 3873
3 3874 3873 3819
3 3820 3874 3819
3 4145 4243 4242
3 4145 4242 4136
3 4176 4145 4136
3 4176 4136 4164
3 4176 4164 4244
3 4256 4176 4244
3 4293 4256 4244
3 4293 4244 4292
3 4293 4292 4298
3 4299 4293 4298
3 4299 4298 4242
3 4243 4299 4242
3 4503 4601 4600
3 4503 4600 4494
3 4534 4503 4494
3 4534 4494 4522
3 4534 4522 4602
3 4614 4534 4602
3 4689 4614 4602
3 4689 4602 4688
3 4689 4688 4694
3 4695 4689 4694
3 4695 4694 4600
3 4601 4695 4600
3 5390 5389 5288
3 5289 5390 5288
3 5285 5289 5288
3 5285 5288 5284
3 5383 5285 5284
3 5383 5284 5382
3 5383 5382 5389
3 5390 5383 5389
3 3944 3989 3988
3 3944 3988 3932
3 3957 3944 3932
3 3957 3932 3948
3 3957 3948 4014
3 4015 3957 4014
3 4015 4014 3988
3 3989 4015 3988
3 4334 4373 4372
3 4334 4372 4322
3 4344 4334 4322
3 4344 4322 4335
3 4344 4335 4398
3 4399 4344 4398
3 4399 4398 4372
3 4373 4399 4372
3 4758 4797 4796
3 4758 4796 4746
3 4768 4758 4746
3 4768 4746 4759
3 4768 4759 4822
3 4823 4768 4822
3 4823 4822 4796
3 4797 4823 4796
3 5127 5203 5202
3 5127 5202 5115
3 5127 5115 5100
3 5101 5127 5100
3 5101 5100 5148
3 5149 5101 5148
3 5203 5149 5148
3 5203 5148 5202
3 5509 5588 5587
3 5509 5587 5500
3 5509 5500 5476
3 5488 5509 5476
3 5488 5476 5525
3 5526 5488 5525
3 5588 5526 5525
3 5588 5525 5587
3 4717 4716 4718
3 4719 4717 4718
3 4719 4718 4714
3 4715 4719 4714
3 4713 4715 4714
3 4713 4714 4712
3 4717 4713 4712
3 4717 4712 4716
3 5083 5082 5084
3 5087 5083 5084
3 5087 5084 5077
3 5078 5087 5077
3 5076 5078 5077
3 5076 5077 5075
3 5083 5076 5075
3 5083 5075 5082
3 5440 5439 5441
3 5442 5440 5441
3 5442 5441 5417
3 5418 5442 5417
3 5416 5418 5417
3 5416 5417 5415
3 5440 5416 5415
3 5440 5415 5439
3 278 269 299
3 308 278 299
3 380 308 299
3 380 299 368
3 330 380 368
3 330 368 321
3 330 321 269
3 278 330 269
3 6260 6190 6191
3 6260 6191 6261
3 5805 6260 6261
3 5805 6261 5806
3 5805 5806 5793
3 5792 5805 5793
3 5706 5792 5793
3 5706 5793 5707
3 5711 5706 5707
3 5711 5707 5712
3 5242 5711 5712
3 5242 5712 5243
3 5242 5243 5238
3 5237 5242 5238
3 5221 5237 5238
3 5221 5238 5222
3 5226 5221 5222
3 5226 5222 5227
3 4942 5226 5227
3 4942 5227 4943
3 4942 4943 4938
3 4937 4942 4938
3 4923 4937 4938
3 4923 4938 4924
3 4928 4923 4924
3 4928 4924 4929
3 4462 4928 4929
3 4462 4929 4463
3 4462 4463 4458
3 4457 4462 4458
3 4443 4457 4458
3 4443 4458 4444
3 4448 4443 4444
3 4448 4444 4449
3 4102 4448 4449
3 4102 4449 4103
3 4102 4103 4096
3 4095 4102 4096
3 4075 4095 4096
3 4075 4096 4076
3 4082 4075 4076
3 4082 4076 4083
3 3679 4082 4083
3 3679 4083 3680
3 3679 3680 3673
3 3672 3679 3673
3 3654 3672 3673
3 3654 3673 3655
3 3661 3654 3655
3 3661 3655 3662
3 3422 3661 3662
3 3422 3662 3423
3 3422 3423 3416
3 3415 3422 3416
3 3397 3415 3416
3 3397 3416 3398
3 3404 3397 3398
3 3404 3398 3405
3 2829 3404 3405
3 2829 3405 2830
3 2829 2830 2823
3 2822 2829 2823
3 2808 2822 2823
3 2808 2823 2809
3 2815 2808 2809
3 2815 2809 2816
3 2572 2815 2816
3 2572 2816 2573
3 2572 2573 2566
3 2565 2572 2566
3 2550 2565 2566
3 2550 2566 2551
3 2557 2550 2551
3 2557 2551 2558
3 2116 2557 2558
3 2116 2558 2117
3 2116 2117 2112
3 2111 2116 2112
3 2101 2111 2112
3 2101 2112 2102
3 2106 2101 2102
3 2106 2102 2107
3 873 2106 2107
3 873 2107 874
3 873 874 867
3 866 873 867
3 856 866 867
3 856 867 857
3 856 857 387
3 386 856 387
3 386 387 397
3 396 386 397
3 396 397 392
3 391 396 392
3 391 392 5699
3 5698 391 5699
3 6190 5698 5699
3 6190 5699 6191
3 6258 6188 6189
3 6258 6189 6259
3 5803 6258 6259
3 5803 6259 5804
3 5803 5804 5791
3 5790 5803 5791
3 5704 5790 5791
3 5704 5791 5705
3 5709 5704 5705
3 5709 5705 5710
3 5240 5709 5710
3 5240 5710 5241
3 5240 5241 5236
3 5235 5240 5236
3 5219 5235 5236
3 5219 5236 5220
3 5224 5219 5220
3 5224 5220 5225
3 4940 5224 5225
3 4940 5225 4941
3 4940 4941 4936
3 4935 4940 4936
3 4921 4935 4936
3 4921 4936 4922
3 4926 4921 4922
3 4926 4922 4927
3 4460 4926 4927
3 4460 4927 4461
3 4460 4461 4456
3 4455 4460 4456
3 4441 4455 4456
3 4441 4456 4442
3 4446 4441 4442
3 4446 4442 4447
3 4100 4446 4447
3 4100 4447 4101
3 4100 4101 4094
3 4093 4100 4094
3 4073 4093 4094
3 4073 4094 4074
3 4080 4073 4074
3 4080 4074 4081
3 3677 4080 4081
3 3677 4081 3678
3 3677 3678 3671
3 3670 3677 3671
3 3652 3670 3671
3 3652 3671 3653
3 3659 3652 3653
3 3659 3653 3660
3 3420 3659 3660
3 3420 3660 3421
3 3420 3421 3414
3 3413 3420 3414
3 3395 3413 3414
3 3395 3414 3396
3 3402 3395 3396
3 3402 3396 3403
3 2827 3402 3403
3 2827 3403 2828
3 2827 2828 2821
3 2820 2827 2821
3 2806 2820 2821
3 2806 2821 2807
3 2813 2806 2807
3 2813 2807 2814
3 2570 2813 2814
3 2570 2814 2571
3 2570 2571 2564
3 2563 2570 2564
3 2548 2563 2564
3 2548 2564 2549
3 2555 2548 2549
3 2555 2549 2556
3 2114 2555 2556
3 2114 2556 2115
3 2114 2115 2110
3 2109 2114 2110
3 2099 2109 2110
3 2099 2110 2100
3 2104 2099 2100
3 2104 2100 2105
3 871 2104 2105
3 871 2105 872
3 871 872 865
3 864 871 865
3 854 864 865
3 854 865 855
3 854 855 385
3 384 854 385
3 384 385 395
3 394 384 395
3 394 395 390
3 389 394 390
3 389 390 5697
3 5696 389 5697
3 6188 5696 5697
3 6188 5697 6189
3 6188 6187 6257
3 6258 6188 6257
3 6258 6257 5802
3 5803 6258 5802
3 5790 5803 5802
3 5790 5802 5789
3 5790 5789 5703
3 5704 5790 5703
3 5704 5703 5708
3 5709 5704 5708
3 5709 5708 5239
3 5240 5709 5239
3 5235 5240 5239
3 5235 5239 5234
3 5235 5234 5218
3 5219 5235 5218
3 5219 5218 5223
3 5224 5219 5223
3 5224 5223 4939
3 4940 5224 4939
3 4935 4940 4939
3 4935 4939 4934
3 4935 4934 4920
3 4921 4935 4920
3 4921 4920 4925
3 4926 4921 4925
3 4926 4925 4459
3 4460 4926 4459
3 4455 4460 4459
3 4455 4459 4454
3 4455 4454 4440
3 4441 4455 4440
3 4441 4440 4445
3 4446 4441 4445
3 4446 4445 4099
3 4100 4446 4099
3 4093 4100 4099
3 4093 4099 4092
3 4093 4092 4072
3 4073 4093 4072
3 4073 4072 4079
3 4080 4073 4079
3 4080 4079 3676
3 3677 4080 3676
3 3670 3677 3676
3 3670 3676 3669
3 3670 3669 3651
3 3652 3670 3651
3 3652 3651 3658
3 3659 3652 3658
3 3659 3658 3419
3 3420 3659 3419
3 3413 3420 3419
3 3413 3419 3412
3 3413 3412 3394
3 3395 3413 3394
3 3395 3394 3401
3 3402 3395 3401
3 3402 3401 2826
3 2827 3402 2826
3 2820 2827 2826
3 2820 2826 2819
3 2820 2819 2805
3 2806 2820 2805
3 2806 2805 2812
3 2813 2806 2812
3 2813 2812 2569
3 2570 2813 2569
3 2563 2570 2569
3 2563 2569 2562
3 2563 2562 2547
3 2548 2563 2547
3 2548 2547 2554
3 2555 2548 2554
3 2555 2554 2113
3 2114 2555 2113
3 2109 2114 2113
3 2109 2113 2108
3 2109 2108 2098
3 2099 2109 2098
3 2099 2098 2103
3 2104 2099 2103
3 2104 2103 870
3 871 2104 870
3 864 871 870
3 864 870 863
3 864 863 853
3 854 864 853
3 384 854 853
3 384 853 383
3 394 384 383
3 394 383 393
3 389 394 393
3 389 393 388
3 5696 389 388
3 5696 388 5695
3 5696 5695 6187
3 6188 5696 6187
3 6190 6189 6259
3 6260 6190 6259
3 6260 6259 5804
3 5805 6260 5804
3 5792 5805 5804
3 5792 5804 5791
3 5792 5791 5705
3 5706 5792 5705
3 5706 5705 5710
3 5711 5706 5710
3 5711 5710 5241
3 5242 5711 5241
3 5237 5242 5241
3 5237 5241 5236
3 5237 5236 5220
3 5221 5237 5220
3 5221 5220 5225
3 5226 5221 5225
3 5226 5225 4941
3 4942 5226 4941
3 4937 4942 4941
3 4937 4941 4936
3 4937 4936 4922
3 4923 4937 4922
3 4923 4922 4927
3 4928 4923 4927
3 4928 4927 4461
3 4462 4928 4461
3 4457 4462 4461
3 4457 4461 4456
3 4457 4456 4442
3 4443 4457 4442
3 4443 4442 4447
3 4448 4443 4447
3 4448 4447 4101
3 4102 4448 4101
3 4095 4102 4101
3 4095 4101 4094
3 4095 4094 4074
3 4075 4095 4074
3 4075 4074 4081
3 4082 4075 4081
3 4082 4081 3678
3 3679 4082 3678
3 3672 3679 3678
3 3672 3678 3671
3 3672 3671 3653
3 3654 3672 3653
3 3654 3653 3660
3 3661 3654 3660
3 3661 3660 3421
3 3422 3661 3421
3 3415 3422 3421
3 3415 3421 3414
3 3415 3414 3396
3 3397 3415 3396
3 3397 3396 3403
3 3404 3397 3403
3 3404 3403 2828
3 2829 3404 2828
3 2822 2829 2828
3 2822 2828 2821
3 2822 2821 2807
3 2808 2822 2807
3 2808 2807 2814
3 2815 2808 2814
3 2815 2814 2571
3 2572 2815 2571
3 2565 2572 2571
3 2565 2571 2564
3 2565 2564 2549
3 2550 2565 2549
3 2550 2549 2556
3 2557 2550 2556
3 2557 2556 2115
3 2116 2557 2115
3 2111 2116 2115
3 2111 2115 2110
3 2111 2110 2100
3 2101 2111 2100
3 2101 2100 2105
3 2106 2101 2105
3 2106 2105 872
3 873 2106 872
3 866 873 872
3 866 872 865
3 866 865 855
3 856 866 855
3 386 856 855
3 386 855 385
3 396 386 385
3 396 385 395
3 391 396 395
3 391 395 390
3 5698 391 390
3 5698 390 5697
3 5698 5697 6189
3 6190 5698 6189
3 857 860 858
3 857 858 853
3 867 857 853
3 867 853 863
3 867 863 870
3 874 867 870
3 874 870 858
3 860 874 858
3 3423 3419 3401
3 3405 3423 3401
3 3398 3405 3401
3 3398 3401 3394
3 3416 3398 3394
3 3416 3394 3412
3 3416 3412 3419
3 3423 3416 3419
3 5806 5802 5708
3 5712 5806 5708
3 5707 5712 5708
3 5707 5708 5703
3 5793 5707 5703
3 5793 5703 5789
3 5793 5789 5802
3 5806 5793 5802
3 6115 6132 6130
3 6115 6130 6113
3 6125 6115 6113
3 6125 6113 6123
3 6125 6123 6135
3 6137 6125 6135
3 6137 6135 6130
3 6132 6137 6130
3 6149 6191 6187
3 6149 6187 6147
3 6154 6149 6147
3 6154 6147 6152
3 6154 6152 6251
3 6252 6154 6251
3 6252 6251 6187
3 6191 6252 6187
3 5861 5955 5953
3 5861 5953 5859
3 5907 5861 5859
3 5907 5859 5905
3 5907 5905 5998
3 6000 5907 5998
3 6000 5998 5953
3 5955 6000 5953
3 5726 5784 5782
3 5726 5782 5724
3 5752 5726 5724
3 5752 5724 5750
3 5752 5750 5853
3 5855 5752 5853
3 5855 5853 5782
3 5784 5855 5782
3 2117 2113 2103
3 2107 2117 2103
3 2102 2107 2103
3 2102 2103 2098
3 2112 2102 2098
3 2112 2098 2108
3 2112 2108 2113
3 2117 2112 2113
3 2573 2569 2554
3 2558 2573 2554
3 2551 2558 2554
3 2551 2554 2547
3 2566 2551 2547
3 2566 2547 2562
3 2566 2562 2569
3 2573 2566 2569
3 681 753 751
3 681 751 679
3 729 681 679
3 729 679 727
3 729 727 787
3 789 729 787
3 789 787 751
3 753 789 751
3 560 568 566
3 560 566 558
3 564 560 558
3 564 558 562
3 564 562 572
3 574 564 572
3 574 572 566
3 568 574 566
3 538 552 550
3 538 550 536
3 542 538 536
3 542 536 540
3 542 540 554
3 556 542 554
3 556 554 550
3 552 556 550
3 422 481 479
3 422 479 420
3 472 422 420
3 472 420 470
3 472 470 499
3 501 472 499
3 501 499 479
3 481 501 479
3 899 898 908
3 909 899 908
3 909 908 881
3 882 909 881
3 880 882 881
3 880 881 879
3 899 880 879
3 899 879 898
3 1430 1429 1431
3 1432 1430 1431
3 1432 1431 1427
3 1428 1432 1427
3 1426 1428 1427
3 1426 1427 1425
3 1430 1426 1425
3 1430 1425 1429
3 1960 1959 1964
3 1965 1960 1964
3 1965 1964 1957
3 1958 1965 1957
3 1956 1958 1957
3 1956 1957 1955
3 1960 1956 1955
3 1960 1955 1959
3 2397 2396 2400
3 2401 2397 2400
3 2401 2400 2394
3 2395 2401 2394
3 2388 2395 2394
3 2388 2394 2387
3 2397 2388 2387
3 2397 2387 2396
3 2800 2799 2802
3 2803 2800 2802
3 2803 2802 2796
3 2797 2803 2796
3 2794 2797 2796
3 2794 2796 2793
3 2800 2794 2793
3 2800 2793 2799
3 3129 3128 3131
3 3132 3129 3131
3 3132 3131 3125
3 3126 3132 3125
3 3123 3126 3125
3 3123 3125 3122
3 3129 3123 3122
3 3129 3122 3128
3 3591 3590 3593
3 3594 3591 3593
3 3594 3593 3585
3 3586 3594 3585
3 3583 3586 3585
3 3583 3585 3582
3 3591 3583 3582
3 3591 3582 3590
3 3899 3898 3902
3 3903 3899 3902
3 3903 3902 3893
3 3894 3903 3893
3 3890 3894 3893
3 3890 3893 3889
3 3899 3890 3889
3 3899 3889 3898
3 4319 4318 4320
3 4321 4319 4320
3 4321 4320 4316
3 4317 4321 4316
3 4315 4317 4316
3 4315 4316 4314
3 4319 4315 4314
3 4319 4314 4318
3 4729 4728 4730
3 4731 4729 4730
3 4731 4730 4726
3 4727 4731 4726
3 4725 4727 4726
3 4725 4726 4724
3 4729 4725 4724
3 4729 4724 4728
3 5097 5096 5098
3 5099 5097 5098
3 5099 5098 5094
3 5095 5099 5094
3 5093 5095 5094
3 5093 5094 5092
3 5097 5093 5092
3 5097 5092 5096
3 5464 5463 5465
3 5466 5464 5465
3 5466 5465 5461
3 5462 5466 5461
3 5457 5462 5461
3 5457 5461 5456
3 5464 5457 5456
3 5464 5456 5463
3 382 387 383
3 382 383 381
3 392 382 381
3 392 381 388
3 392 388 393
3 397 392 393
3 397 393 383
3 387 397 383
3 1734 1733 1729
3 1730 1734 1729
3 1728 1730 1729
3 1728 1729 1727
3 1732 1728 1727
3 1732 1727 1731
3 1732 1731 1733
3 1734 1732 1733
3 1138 1137 1133
3 1134 1138 1133
3 1132 1134 1133
3 1132 1133 1131
3 1136 1132 1131
3 1136 1131 1135
3 1136 1135 1137
3 1138 1136 1137
3 2830 2826 2812
3 2816 2830 2812
3 2809 2816 2812
3 2809 2812 2805
3 2823 2809 2805
3 2823 2805 2819
3 2823 2819 2826
3 2830 2823 2826
3 3680 3676 3658
3 3662 3680 3658
3 3655 3662 3658
3 3655 3658 3651
3 3673 3655 3651
3 3673 3651 3669
3 3673 3669 3676
3 3680 3673 3676
3 4103 4099 4079
3 4083 4103 4079
3 4076 4083 4079
3 4076 4079 4072
3 4096 4076 4072
3 4096 4072 4092
3 4096 4092 4099
3 4103 4096 4099
3 4463 4459 4445
3 4449 4463 4445
3 4444 4449 4445
3 4444 4445 4440
3 4458 4444 4440
3 4458 4440 4454
3 4458 4454 4459
3 4463 4458 4459
3 4943 4939 4925
3 4929 4943 4925
3 4924 4929 4925
3 4924 4925 4920
3 4938 4924 4920
3 4938 4920 4934
3 4938 4934 4939
3 4943 4938 4939
3 5243 5239 5223
3 5227 5243 5223
3 5222 5227 5223
3 5222 5223 5218
3 5238 5222 5218
3 5238 5218 5234
3 5238 5234 5239
3 5243 5238 5239
3 5806 5802 5708
3 5712 5806 5708
3 5707 5712 5708
3 5707 5708 5703
3 5793 5707 5703
3 5793 5703 5789
3 5793 5789 5802
3 5806 5793 5802
3 3959 3946 3945
3 3959 3945 3958
3 3959 3958 4103
3 4104 3959 4103
3 4097 4104 4103
3 4097 4103 4096
3 4097 4096 4076
3 4077 4097 4076
3 4077 4076 4083
3 4084 4077 4083
3 4084 4083 3680
3 3681 4084 3680
3 3674 3681 3680
3 3674 3680 3673
3 3674 3673 3655
3 3656 3674 3655
3 3656 3655 3662
3 3663 3656 3662
3 3663 3662 3423
3 3424 3663 3423
3 3417 3424 3423
3 3417 3423 3416
3 3417 3416 3398
3 3399 3417 3398
3 3399 3398 3405
3 3406 3399 3405
3 3406 3405 2830
3 2831 3406 2830
3 2824 2831 2830
3 2824 2830 2823
3 2824 2823 2809
3 2810 2824 2809
3 2810 2809 2816
3 2817 2810 2816
3 2817 2816 2573
3 2574 2817 2573
3 2567 2574 2573
3 2567 2573 2566
3 2567 2566 2551
3 2552 2567 2551
3 2408 2552 2551
3 2408 2551 2407
3 2411 2408 2407
3 2411 2407 2410
3 2390 2411 2410
3 2390 2410 2389
3 3908 2390 2389
3 3908 2389 3907
3 3908 3907 3945
3 3946 3908 3945
3 3425 3423 3405
3 3407 3425 3405
3 3400 3407 3405
3 3400 3405 3398
3 3418 3400 3398
3 3418 3398 3416
3 3418 3416 3423
3 3425 3418 3423
3 2575 2573 2558
3 2559 2575 2558
3 2553 2559 2558
3 2553 2558 2551
3 2568 2553 2551
3 2568 2551 2566
3 2568 2566 2573
3 2575 2568 2573
3 2399 2397 2401
3 2402 2399 2401
3 2402 2401 2382
3 2383 2402 2382
3 2381 2383 2382
3 2381 2382 2380
3 2399 2381 2380
3 2399 2380 2397
3 2801 2800 2803
3 2804 2801 2803
3 2804 2803 2797
3 2798 2804 2797
3 2795 2798 2797
3 2795 2797 2794
3 2801 2795 2794
3 2801 2794 2800
3 3130 3129 3132
3 3133 3130 3132
3 3133 3132 3126
3 3127 3133 3126
3 3124 3127 3126
3 3124 3126 3123
3 3130 3124 3123
3 3130 3123 3129
3 3592 3591 3594
3 3595 3592 3594
3 3595 3594 3586
3 3587 3595 3586
3 3584 3587 3586
3 3584 3586 3583
3 3592 3584 3583
3 3592 3583 3591
3 3911 3910 3912
3 3913 3911 3912
3 3913 3912 3894
3 3895 3913 3894
3 3892 3895 3894
3 3892 3894 3890
3 3911 3892 3890
3 3911 3890 3910
3 2832 2830 2816
3 2818 2832 2816
3 2811 2818 2816
3 2811 2816 2809
3 2825 2811 2809
3 2825 2809 2823
3 2825 2823 2830
3 2832 2825 2830
3 3682 3680 3662
3 3664 3682 3662
3 3657 3664 3662
3 3657 3662 3655
3 3675 3657 3655
3 3675 3655 3673
3 3675 3673 3680
3 3682 3675 3680
3 4105 4103 4083
3 4085 4105 4083
3 4078 4085 4083
3 4078 4083 4076
3 4098 4078 4076
3 4098 4076 4096
3 4098 4096 4103
3 4105 4098 4103
3 2386 2385 2410
3 2412 2386 2410
3 2412 2410 2407
3 2409 2412 2407
3 2383 2409 2407
3 2383 2407 2382
3 2386 2383 2382
3 2386 2382 2385
3 3913 3912 3958
3 3960 3913 3958
3 3960 3958 3945
3 3947 3960 3945
3 3906 3947 3945
3 3906 3945 3905
3 3913 3906 3905
3 3913 3905 3912
3 2398 2399 3892
3 3891 2398 3892
3 3896 3891 3892
3 3896 3892 3897
3 2403 3896 3897
3 2403 3897 2404
3 2403 2404 2399
3 2398 2403 2399
