OFF
2423 4966 0
0.000 18.982 0.000
0.000 18.982 4.400
0.065 18.751 0.000
0.065 18.751 0.755
0.065 18.751 3.450
0.065 18.751 4.400
0.080 17.577 10.200
0.080 17.577 10.600
0.161 18.778 0.775
0.161 18.778 3.450
0.257 18.805 0.000
0.257 18.805 0.755
0.257 18.805 0.775
0.257 18.805 3.450
0.257 18.805 4.400
0.425 17.460 0.000
0.425 17.460 0.755
0.425 17.460 3.450
0.425 17.460 4.400
0.477 17.272 4.400
0.477 17.272 8.000
0.521 17.487 0.775
0.521 17.487 3.450
0.543 17.036 0.000
0.543 17.036 2.900
0.543 17.036 3.500
0.543 17.036 4.400
0.573 17.299 8.000
0.573 17.299 10.200
0.617 17.514 0.000
0.617 17.514 0.755
0.617 17.514 0.775
0.617 17.514 3.450
0.617 17.514 4.400
0.639 17.063 2.900
0.639 17.063 3.500
0.736 17.090 0.000
0.736 17.090 2.900
0.736 17.090 3.500
0.736 17.090 4.400
0.868 16.058 2.900
0.868 16.058 3.500
0.881 16.010 2.900
0.881 16.010 3.500
0.901 17.391 4.400
0.901 17.391 5.850
0.901 17.391 7.150
0.901 17.391 8.000
0.916 16.071 2.900
0.916 16.071 3.500
0.928 17.294 5.850
0.928 17.294 7.150
0.930 16.023 2.900
0.930 16.023 3.500
0.955 17.198 4.400
0.955 17.198 5.850
0.955 17.198 7.150
0.955 17.198 8.000
1.152 15.042 2.900
1.152 15.042 3.500
1.165 14.993 2.900
1.165 14.993 3.500
1.200 15.055 2.900
1.200 15.055 3.500
1.213 15.007 2.900
1.213 15.007 3.500
1.435 14.025 2.900
1.435 14.025 3.500
1.448 13.977 2.900
1.448 13.977 3.500
1.483 14.039 2.900
1.483 14.039 3.500
1.486 17.502 5.850
1.486 17.502 7.150
1.497 13.991 2.900
1.497 13.991 3.500
1.499 17.454 5.850
1.499 17.454 7.150
1.534 17.515 5.850
1.534 17.515 7.150
1.548 17.467 5.850
1.548 17.467 7.150
1.677 12.972 0.000
1.677 12.972 2.900
1.677 12.972 3.500
1.677 12.972 4.400
1.724 12.803 4.400
1.724 12.803 5.900
1.724 12.803 7.400
1.724 12.803 8.000
1.773 12.999 2.900
1.773 12.999 3.500
1.820 12.830 5.900
1.820 12.830 7.400
1.870 13.025 0.000
1.870 13.025 2.900
1.870 13.025 3.500
1.870 13.025 4.400
1.917 12.857 4.400
1.917 12.857 5.900
1.917 12.857 7.400
1.917 12.857 8.000
1.950 11.994 4.400
1.950 11.994 5.900
1.950 11.994 7.400
1.950 11.994 8.000
2.046 12.021 5.900
2.046 12.021 7.400
2.143 12.048 4.400
2.143 12.048 5.900
2.143 12.048 7.400
2.143 12.048 8.000
2.220 11.026 0.000
2.220 11.026 4.400
2.220 11.026 8.000
2.248 11.299 8.000
2.248 11.299 10.200
2.316 11.053 0.000
2.316 11.053 4.400
2.316 11.053 8.000
2.337 17.739 5.850
2.337 17.739 7.150
2.350 17.691 5.850
2.350 17.691 7.150
2.385 17.753 5.850
2.385 17.753 7.150
2.398 17.705 5.850
2.398 17.705 7.150
2.413 11.080 4.400
2.413 11.080 8.000
2.440 11.352 8.000
2.440 11.352 10.200
2.497 10.034 0.000
2.497 10.034 4.400
2.497 10.034 8.000
2.509 11.107 0.000
2.509 11.107 4.400
2.593 10.061 0.000
2.593 10.061 4.400
2.593 10.061 8.000
2.651 9.854 8.000
2.651 9.854 10.200
2.655 9.855 8.000
2.655 9.855 10.200
2.690 10.088 4.400
2.690 10.088 8.000
2.786 10.115 0.000
2.786 10.115 4.400
2.844 9.908 8.000
2.844 9.908 10.200
2.943 17.961 4.400
2.943 17.961 5.850
2.943 17.961 7.150
2.943 17.961 8.000
2.970 17.864 5.850
2.970 17.864 7.150
2.997 17.768 4.400
2.997 17.768 5.850
2.997 17.768 7.150
2.997 17.768 8.000
3.214 7.834 8.000
3.214 7.834 10.200
3.214 7.834 10.950
3.219 6.327 10.950
3.219 6.327 11.350
3.224 7.429 0.000
3.224 7.429 1.600
3.224 7.429 4.200
3.224 7.429 4.400
3.320 7.455 0.000
3.320 7.455 4.200
3.374 6.889 4.400
3.374 6.889 5.900
3.374 6.889 7.400
3.374 6.889 8.000
3.417 7.482 0.000
3.417 7.482 1.600
3.417 7.482 4.200
3.417 7.482 4.400
3.471 6.916 5.900
3.471 6.916 7.400
3.557 6.234 0.000
3.557 6.234 1.600
3.557 6.234 4.200
3.557 6.234 4.400
3.567 6.943 4.400
3.567 6.943 5.900
3.567 6.943 7.400
3.567 6.943 8.000
3.600 6.080 4.400
3.600 6.080 5.900
3.600 6.080 7.400
3.600 6.080 8.000
3.651 5.897 0.000
3.651 5.897 4.400
3.651 5.897 8.000
3.653 6.261 0.000
3.653 6.261 4.200
3.696 6.107 5.900
3.696 6.107 7.400
3.750 6.288 0.000
3.750 6.288 1.600
3.750 6.288 4.200
3.750 6.288 4.400
3.793 6.134 4.400
3.793 6.134 5.900
3.793 6.134 7.400
3.793 6.134 8.000
3.880 6.324 0.000
3.880 6.324 4.400
3.887 5.962 0.000
3.887 5.962 1.550
3.887 5.962 2.650
3.920 6.180 0.000
3.920 6.180 1.550
3.920 6.180 4.200
3.920 6.180 4.300
3.920 6.180 4.400
3.945 18.240 8.000
3.945 18.240 10.200
3.947 6.083 0.000
3.947 6.083 4.300
3.972 18.144 8.000
3.972 18.144 10.200
3.974 5.987 0.000
3.974 5.987 1.550
3.974 5.987 4.200
3.974 5.987 4.400
3.983 5.989 1.550
3.983 5.989 2.650
3.999 18.047 8.000
3.999 18.047 10.200
4.002 6.203 4.400
4.002 6.203 5.850
4.002 6.203 7.150
4.002 6.203 8.000
4.029 6.106 5.850
4.029 6.106 7.150
4.056 6.010 4.400
4.056 6.010 5.850
4.056 6.010 7.150
4.056 6.010 8.000
4.135 8.088 8.000
4.135 8.088 9.200
4.232 8.115 8.000
4.232 8.115 9.200
4.521 20.243 0.000
4.521 20.243 4.400
4.580 20.260 0.000
4.580 20.260 4.400
4.606 6.402 8.000
4.606 6.402 9.200
4.675 6.525 8.000
4.675 6.525 9.200
4.774 6.314 1.550
4.774 6.314 4.200
4.774 6.314 5.850
4.774 6.314 7.150
4.787 6.266 1.550
4.787 6.266 4.200
4.787 6.266 5.850
4.787 6.266 7.150
4.799 8.481 8.000
4.799 8.481 10.200
4.812 18.482 8.000
4.812 18.482 10.200
4.822 6.328 1.550
4.822 6.328 4.200
4.822 6.328 5.850
4.822 6.328 7.150
4.826 8.384 8.000
4.826 8.384 10.200
4.835 6.279 1.550
4.835 6.279 4.200
4.835 6.279 5.850
4.835 6.279 7.150
4.839 18.386 8.000
4.839 18.386 10.200
4.853 8.288 8.000
4.853 8.288 10.200
4.866 18.289 8.000
4.866 18.289 10.200
4.891 18.919 10.200
4.891 18.919 10.600
4.950 18.936 10.200
4.950 18.936 10.600
4.962 2.109 1.550
4.962 2.109 2.650
4.999 18.530 10.200
4.999 18.534 4.400
4.999 18.534 8.000
4.999 18.534 10.200
5.010 2.123 1.550
5.010 2.123 2.650
5.032 2.233 1.550
5.032 2.233 2.650
5.057 18.551 4.400
5.057 18.551 8.000
5.057 18.551 10.200
5.244 18.602 8.000
5.244 18.602 10.200
5.271 18.506 8.000
5.271 18.506 10.200
5.298 18.410 8.000
5.298 18.410 10.200
5.551 0.000 0.000
5.551 0.000 1.550
5.551 0.000 2.650
5.586 0.062 1.550
5.586 0.062 2.650
5.625 6.552 1.550
5.625 6.552 4.200
5.625 6.552 5.850
5.625 6.552 7.150
5.638 6.504 1.550
5.638 6.504 4.200
5.638 6.504 5.850
5.638 6.504 7.150
5.673 6.565 1.550
5.673 6.565 4.200
5.673 6.565 5.850
5.673 6.565 7.150
5.686 6.517 1.550
5.686 6.517 4.200
5.686 6.517 5.850
5.686 6.517 7.150
6.111 18.844 8.000
6.111 18.844 10.200
6.138 18.748 8.000
6.138 18.748 10.200
6.165 18.652 8.000
6.165 18.652 10.200
6.473 6.892 0.000
6.473 6.892 1.550
6.473 6.892 4.200
6.473 6.892 4.300
6.473 6.892 4.400
6.473 6.892 5.850
6.473 6.892 7.150
6.473 6.892 8.000
6.500 6.796 0.000
6.500 6.796 4.300
6.500 6.796 5.850
6.500 6.796 7.150
6.527 6.700 0.000
6.527 6.700 1.550
6.527 6.700 4.200
6.527 6.700 4.400
6.527 6.700 5.850
6.527 6.700 7.150
6.527 6.700 8.000
6.544 20.808 0.000
6.544 20.808 1.600
6.544 20.808 4.200
6.544 20.808 4.400
6.558 20.760 2.900
6.558 20.760 2.950
6.571 20.712 1.600
6.571 20.712 2.900
6.571 20.712 2.950
6.571 20.712 4.200
6.598 20.615 0.000
6.598 20.615 1.600
6.598 20.615 4.200
6.598 20.615 4.400
6.819 19.042 4.400
6.819 19.042 5.850
6.819 19.042 7.150
6.819 19.042 8.000
6.822 9.045 8.000
6.822 9.045 10.200
6.846 18.945 5.850
6.846 18.945 7.150
6.849 8.949 8.000
6.849 8.949 10.200
6.873 18.849 4.400
6.873 18.849 5.850
6.873 18.849 7.150
6.873 18.849 8.000
6.876 8.853 8.000
6.876 8.853 10.200
6.988 6.849 7.300
6.993 6.829 7.300
7.129 20.919 1.600
7.129 20.919 2.900
7.129 20.919 4.200
7.143 20.871 1.600
7.143 20.871 2.900
7.143 20.871 4.200
7.177 20.933 1.600
7.177 20.933 2.900
7.177 20.933 4.200
7.191 20.884 1.600
7.191 20.884 2.900
7.191 20.884 4.200
7.257 5.885 3.500
7.404 19.153 5.850
7.404 19.153 7.150
7.418 19.105 5.850
7.418 19.105 7.150
7.452 19.167 5.850
7.452 19.167 7.150
7.466 19.118 5.850
7.466 19.118 7.150
7.603 9.056 8.000
7.603 9.056 9.200
7.641 9.066 8.000
7.641 9.066 9.200
7.641 9.066 10.200
7.641 9.066 10.950
7.698 9.086 10.200
7.698 9.086 10.950
7.699 9.082 8.000
7.699 9.082 9.200
7.699 9.082 10.200
7.737 9.092 8.000
7.737 9.092 9.200
7.980 21.157 1.600
7.980 21.157 2.900
7.980 21.157 4.200
7.993 21.109 1.600
7.993 21.109 2.900
7.993 21.109 4.200
8.028 21.170 1.600
8.028 21.170 2.900
8.028 21.170 4.200
8.031 7.669 10.950
8.031 7.669 11.350
8.042 21.122 1.600
8.042 21.122 2.900
8.042 21.122 4.200
8.046 7.466 8.000
8.046 7.466 9.200
8.089 7.686 10.950
8.089 7.686 11.350
8.112 7.380 8.000
8.112 7.380 9.200
8.170 7.397 8.000
8.170 7.397 9.200
8.172 3.109 1.550
8.172 3.109 2.650
8.173 7.158 0.000
8.173 7.158 1.550
8.173 7.158 4.400
8.173 7.158 8.000
8.181 7.503 8.000
8.181 7.503 9.200
8.199 3.013 1.550
8.199 3.013 2.650
8.232 7.175 0.000
8.232 7.175 4.400
8.232 7.175 8.000
8.255 19.391 5.850
8.255 19.391 7.150
8.268 19.342 5.850
8.268 19.342 7.150
8.303 19.404 5.850
8.303 19.404 7.150
8.312 7.405 0.000
8.312 7.405 1.550
8.312 7.405 4.200
8.312 7.405 4.400
8.317 19.356 5.850
8.317 19.356 7.150
8.339 7.309 0.000
8.339 7.309 4.200
8.366 7.212 0.000
8.366 7.212 1.550
8.366 7.212 4.200
8.366 7.212 4.400
8.411 9.488 8.000
8.411 9.488 10.200
8.438 9.392 8.000
8.438 9.392 10.200
8.465 9.295 8.000
8.465 9.295 10.200
8.615 21.386 0.000
8.615 21.386 1.600
8.615 21.386 4.200
8.615 21.386 4.400
8.629 21.338 2.900
8.629 21.338 2.950
8.642 21.290 1.600
8.642 21.290 2.900
8.642 21.290 2.950
8.642 21.290 4.200
8.669 21.193 0.000
8.669 21.193 1.600
8.669 21.193 4.200
8.669 21.193 4.400
8.808 21.440 0.000
8.808 21.440 4.400
8.861 19.612 4.400
8.861 19.612 5.850
8.861 19.612 7.150
8.861 19.612 8.000
8.888 19.515 5.850
8.888 19.515 7.150
8.915 19.419 4.400
8.915 19.419 5.850
8.915 19.419 7.150
8.915 19.419 8.000
9.001 21.494 0.000
9.001 21.494 1.600
9.001 21.494 4.200
9.001 21.494 4.400
9.015 21.445 2.900
9.015 21.445 2.950
9.028 21.397 1.600
9.028 21.397 2.900
9.028 21.397 2.950
9.028 21.397 4.200
9.055 21.301 0.000
9.055 21.301 1.600
9.055 21.301 4.200
9.055 21.301 4.400
9.177 20.115 10.200
9.177 20.115 10.600
9.178 20.115 10.200
9.178 20.115 10.600
9.178 20.116 10.200
9.178 20.116 10.600
9.198 7.652 0.000
9.198 7.652 1.550
9.198 7.652 4.200
9.198 7.652 4.400
9.225 7.556 0.000
9.225 7.556 4.200
9.252 7.460 0.000
9.252 7.460 1.550
9.252 7.460 4.200
9.252 7.460 4.400
9.285 19.730 4.400
9.285 19.730 8.000
9.285 19.730 10.200
9.286 19.727 10.200
9.286 19.730 4.400
9.286 19.730 8.000
9.286 19.730 10.200
9.348 7.507 7.300
9.353 7.488 7.300
9.531 7.745 4.400
9.531 7.745 5.850
9.531 7.745 7.150
9.531 7.745 8.000
9.558 7.649 4.400
9.558 7.649 5.850
9.558 7.649 7.150
9.584 7.552 4.400
9.584 7.552 5.850
9.584 7.552 7.150
9.584 7.552 8.000
9.615 21.613 1.600
9.615 21.613 2.900
9.615 21.613 4.200
9.617 6.544 3.500
9.628 21.565 1.600
9.628 21.565 2.900
9.628 21.565 4.200
9.663 21.626 1.600
9.663 21.626 2.900
9.663 21.626 4.200
9.677 21.578 1.600
9.677 21.578 2.900
9.677 21.578 4.200
9.709 19.849 4.400
9.709 19.849 5.850
9.709 19.849 7.150
9.709 19.849 8.000
9.736 19.752 5.850
9.736 19.752 7.150
9.763 19.656 4.400
9.763 19.656 5.850
9.763 19.656 7.150
9.763 19.656 8.000
9.776 7.814 0.000
9.776 7.814 1.550
9.776 7.814 4.200
9.776 7.814 4.400
9.803 7.717 0.000
9.803 7.717 4.200
9.830 7.621 0.000
9.830 7.621 1.550
9.830 7.621 4.200
9.830 7.621 4.400
9.837 1.196 0.000
9.837 1.196 1.550
10.294 19.960 5.850
10.294 19.960 7.150
10.302 7.857 5.850
10.302 7.857 7.150
10.308 19.912 5.850
10.308 19.912 7.150
10.316 7.809 5.850
10.316 7.809 7.150
10.320 3.709 1.550
10.320 3.709 2.650
10.343 19.973 5.850
10.343 19.973 7.150
10.347 3.612 1.550
10.347 3.612 2.650
10.351 7.870 5.850
10.351 7.870 7.150
10.356 19.925 5.850
10.356 19.925 7.150
10.364 7.822 5.850
10.364 7.822 7.150
10.434 10.053 8.000
10.434 10.053 10.200
10.461 9.956 8.000
10.461 9.956 10.200
10.466 21.851 1.600
10.466 21.851 2.900
10.466 21.851 4.200
10.479 21.802 1.600
10.479 21.802 2.900
10.479 21.802 4.200
10.487 9.860 8.000
10.487 9.860 10.200
10.514 21.864 1.600
10.514 21.864 2.900
10.514 21.864 4.200
10.527 21.816 1.600
10.527 21.816 2.900
10.527 21.816 4.200
10.630 7.948 1.550
10.630 7.948 4.200
10.643 7.900 1.550
10.643 7.900 4.200
10.678 7.962 1.550
10.678 7.962 4.200
10.692 7.913 1.550
10.692 7.913 4.200
11.072 22.072 0.000
11.072 22.072 1.600
11.072 22.072 4.200
11.072 22.072 4.400
11.086 22.023 2.900
11.086 22.023 2.950
11.099 21.975 1.600
11.099 21.975 2.900
11.099 21.975 2.950
11.099 21.975 4.200
11.109 10.034 8.000
11.109 10.034 9.200
11.126 21.879 0.000
11.126 21.879 1.600
11.126 21.879 4.200
11.126 21.879 4.400
11.145 20.197 5.850
11.145 20.197 7.150
11.153 8.094 5.850
11.153 8.094 7.150
11.159 20.149 5.850
11.159 20.149 7.150
11.167 8.046 5.850
11.167 8.046 7.150
11.193 20.211 5.850
11.193 20.211 7.150
11.202 8.108 5.850
11.202 8.108 7.150
11.205 10.060 8.000
11.205 10.060 9.200
11.207 20.163 5.850
11.207 20.163 7.150
11.215 8.059 5.850
11.215 8.059 7.150
11.481 8.186 1.550
11.481 8.186 4.200
11.494 8.137 1.550
11.494 8.137 4.200
11.529 8.199 1.550
11.529 8.199 4.200
11.542 8.151 1.550
11.542 8.151 4.200
11.552 8.444 8.000
11.552 8.444 9.200
11.675 8.375 8.000
11.675 8.375 9.200
11.752 20.418 4.400
11.752 20.418 5.850
11.752 20.418 7.150
11.752 20.418 8.000
11.778 20.322 5.850
11.778 20.322 7.150
11.805 20.226 4.400
11.805 20.226 5.850
11.805 20.226 7.150
11.805 20.226 8.000
11.927 10.262 8.000
11.927 10.262 10.200
11.927 10.262 10.950
12.001 8.435 4.400
12.001 8.435 5.850
12.001 8.435 7.150
12.001 8.435 8.000
12.028 8.338 4.400
12.028 8.338 5.850
12.028 8.338 7.150
12.055 8.242 4.400
12.055 8.242 5.850
12.055 8.242 7.150
12.055 8.242 8.000
12.317 8.865 10.950
12.317 8.865 11.350
12.317 8.866 10.950
12.317 8.866 11.350
12.329 8.526 0.000
12.329 8.526 1.550
12.329 8.526 4.200
12.329 8.526 4.400
12.356 8.430 0.000
12.356 8.430 4.200
12.383 8.334 0.000
12.383 8.334 1.550
12.383 8.334 4.200
12.383 8.334 4.400
12.411 8.341 1.550
12.411 8.341 2.650
12.412 8.342 1.550
12.412 8.342 2.650
12.459 20.616 8.000
12.459 20.616 10.200
12.460 8.355 0.000
12.460 8.355 1.550
12.460 8.355 4.400
12.460 8.355 8.000
12.483 8.569 0.000
12.483 8.569 1.550
12.483 8.569 4.200
12.483 8.569 4.400
12.486 20.520 8.000
12.486 20.520 10.200
12.508 8.368 1.550
12.508 8.368 2.650
12.510 8.473 0.000
12.510 8.473 4.200
12.513 20.423 8.000
12.513 20.423 10.200
12.537 8.377 0.000
12.537 8.377 1.550
12.537 8.377 4.200
12.537 8.377 4.400
12.650 10.464 8.000
12.650 10.464 9.200
12.746 10.491 8.000
12.746 10.491 9.200
12.810 8.661 4.400
12.810 8.661 5.850
12.810 8.661 7.150
12.810 8.661 8.000
12.837 8.564 4.400
12.837 8.564 5.850
12.837 8.564 7.150
12.864 8.468 4.400
12.864 8.468 5.850
12.864 8.468 7.150
12.864 8.468 8.000
13.095 22.636 0.000
13.095 22.636 4.400
13.120 8.778 8.000
13.120 8.778 9.200
13.190 8.901 8.000
13.190 8.901 9.200
13.314 10.857 8.000
13.314 10.857 10.200
13.326 20.858 8.000
13.326 20.858 10.200
13.337 8.704 1.550
13.337 8.704 4.200
13.341 10.760 8.000
13.341 10.760 10.200
13.350 8.655 1.550
13.350 8.655 4.200
13.353 20.762 8.000
13.353 20.762 10.200
13.368 10.664 8.000
13.368 10.664 10.200
13.380 20.665 8.000
13.380 20.665 10.200
13.385 8.717 1.550
13.385 8.717 4.200
13.398 8.669 1.550
13.398 8.669 4.200
13.460 4.585 1.550
13.460 4.585 2.650
13.464 21.312 10.200
13.464 21.312 10.600
13.465 21.312 10.200
13.465 21.312 10.600
13.487 4.489 1.550
13.487 4.489 2.650
13.556 4.612 1.550
13.556 4.612 2.650
13.572 20.926 4.400
13.572 20.926 8.000
13.572 20.926 10.200
13.573 20.923 10.200
13.583 4.516 1.550
13.583 4.516 2.650
13.664 8.795 5.850
13.664 8.795 7.150
13.678 8.747 5.850
13.678 8.747 7.150
13.712 8.808 5.850
13.712 8.808 7.150
13.726 8.760 5.850
13.726 8.760 7.150
13.818 20.995 8.000
13.818 20.995 10.200
13.845 20.899 8.000
13.845 20.899 10.200
13.872 20.802 8.000
13.872 20.802 10.200
14.123 2.393 0.000
14.123 2.393 1.550
14.124 2.393 0.000
14.124 2.393 1.550
14.188 8.941 1.550
14.188 8.941 4.200
14.201 8.893 1.550
14.201 8.893 4.200
14.236 8.954 1.550
14.236 8.954 4.200
14.249 8.906 1.550
14.249 8.906 4.200
14.515 9.032 5.850
14.515 9.032 7.150
14.528 8.984 5.850
14.528 8.984 7.150
14.563 9.046 5.850
14.563 9.046 7.150
14.577 8.998 5.850
14.577 8.998 7.150
14.685 21.237 8.000
14.685 21.237 10.200
14.712 21.141 8.000
14.712 21.141 10.200
14.738 21.044 8.000
14.738 21.044 10.200
15.036 9.282 0.000
15.036 9.282 1.550
15.036 9.282 4.200
15.036 9.282 4.400
15.062 9.185 0.000
15.062 9.185 4.200
15.089 9.089 0.000
15.089 9.089 1.550
15.089 9.089 4.200
15.089 9.089 4.400
15.118 23.201 0.000
15.118 23.201 1.600
15.118 23.201 4.200
15.118 23.201 4.400
15.131 23.153 2.900
15.131 23.153 2.950
15.145 23.104 1.600
15.145 23.104 2.900
15.145 23.104 2.950
15.145 23.104 4.200
15.172 23.008 0.000
15.172 23.008 1.600
15.172 23.008 4.200
15.172 23.008 4.400
15.281 9.350 4.400
15.281 9.350 5.850
15.281 9.350 7.150
15.281 9.350 8.000
15.308 9.254 4.400
15.308 9.254 5.850
15.308 9.254 7.150
15.335 9.157 4.400
15.335 9.157 5.850
15.335 9.157 7.150
15.335 9.157 8.000
15.337 11.421 8.000
15.337 11.421 10.200
15.364 11.325 8.000
15.364 11.325 10.200
15.390 11.228 8.000
15.390 11.228 10.200
15.393 21.435 4.400
15.393 21.435 5.850
15.393 21.435 7.150
15.393 21.435 8.000
15.420 21.338 5.850
15.420 21.338 7.150
15.446 21.242 4.400
15.446 21.242 5.850
15.446 21.242 7.150
15.446 21.242 8.000
15.562 9.241 7.300
15.567 9.222 7.300
15.614 9.443 0.000
15.614 9.443 1.550
15.614 9.443 4.200
15.614 9.443 4.400
15.640 9.346 0.000
15.640 9.346 4.200
15.667 9.250 0.000
15.667 9.250 1.550
15.667 9.250 4.200
15.667 9.250 4.400
15.703 23.312 1.600
15.703 23.312 2.900
15.703 23.312 4.200
15.716 23.264 1.600
15.716 23.264 2.900
15.716 23.264 4.200
15.751 23.326 1.600
15.751 23.326 2.900
15.751 23.326 4.200
15.764 23.277 1.600
15.764 23.277 2.900
15.764 23.277 4.200
15.830 8.278 3.500
15.978 21.546 5.850
15.978 21.546 7.150
15.991 21.498 5.850
15.991 21.498 7.150
16.026 21.559 5.850
16.026 21.559 7.150
16.039 21.511 5.850
16.039 21.511 7.150
16.118 11.431 8.000
16.118 11.431 9.200
16.214 11.458 8.000
16.214 11.458 9.200
16.214 11.458 10.200
16.214 11.458 10.950
16.215 11.458 8.000
16.215 11.458 9.200
16.215 11.458 10.200
16.215 11.458 10.950
16.311 11.485 8.000
16.311 11.485 9.200
16.500 9.690 0.000
16.500 9.690 1.550
16.500 9.690 4.200
16.500 9.690 4.400
16.527 9.594 0.000
16.527 9.594 4.200
16.554 9.497 0.000
16.554 9.497 1.550
16.554 9.497 4.200
16.554 9.497 4.400
16.554 23.550 1.600
16.554 23.550 2.900
16.554 23.550 4.200
16.561 9.842 8.000
16.561 9.842 9.200
16.567 23.501 1.600
16.567 23.501 2.900
16.567 23.501 4.200
16.602 23.563 1.600
16.602 23.563 2.900
16.602 23.563 4.200
16.604 10.062 10.950
16.604 10.062 11.350
16.615 23.515 1.600
16.615 23.515 2.900
16.615 23.515 4.200
16.684 9.773 8.000
16.684 9.773 9.200
16.685 9.773 8.000
16.685 9.773 9.200
16.696 5.488 1.550
16.696 5.488 2.650
16.723 5.392 1.550
16.723 5.392 2.650
16.746 9.551 0.000
16.746 9.551 1.550
16.746 9.551 4.400
16.746 9.551 8.000
16.747 9.551 0.000
16.747 9.551 1.550
16.747 9.551 4.400
16.747 9.551 8.000
16.755 9.896 8.000
16.755 9.896 9.200
16.829 21.784 5.850
16.829 21.784 7.150
16.842 21.735 5.850
16.842 21.735 7.150
16.877 21.797 5.850
16.877 21.797 7.150
16.886 9.798 0.000
16.886 9.798 1.550
16.886 9.798 4.200
16.886 9.798 4.400
16.890 21.749 5.850
16.890 21.749 7.150
16.913 9.701 0.000
16.913 9.701 4.200
16.940 9.605 0.000
16.940 9.605 1.550
16.940 9.605 4.200
16.940 9.605 4.400
16.984 11.881 8.000
16.984 11.881 10.200
17.011 11.785 8.000
17.011 11.785 10.200
17.038 11.688 8.000
17.038 11.688 10.200
17.189 23.779 0.000
17.189 23.779 1.600
17.189 23.779 4.200
17.189 23.779 4.400
17.202 23.731 2.900
17.202 23.731 2.950
17.216 23.682 1.600
17.216 23.682 2.900
17.216 23.682 2.950
17.216 23.682 4.200
17.243 23.586 0.000
17.243 23.586 1.600
17.243 23.586 4.200
17.243 23.586 4.400
17.381 23.833 0.000
17.381 23.833 4.400
17.382 23.833 0.000
17.382 23.833 4.400
17.435 22.005 4.400
17.435 22.005 5.850
17.435 22.005 7.150
17.435 22.005 8.000
17.462 21.908 5.850
17.462 21.908 7.150
17.489 21.812 4.400
17.489 21.812 5.850
17.489 21.812 7.150
17.489 21.812 8.000
17.575 23.886 0.000
17.575 23.886 1.600
17.575 23.886 4.200
17.575 23.886 4.400
17.588 23.838 2.900
17.588 23.838 2.950
17.602 23.790 1.600
17.602 23.790 2.900
17.602 23.790 2.950
17.602 23.790 4.200
17.628 23.694 0.000
17.628 23.694 1.600
17.628 23.694 4.200
17.628 23.694 4.400
17.751 22.508 10.200
17.751 22.508 10.600
17.752 22.508 10.200
17.752 22.508 10.600
17.772 10.045 0.000
17.772 10.045 1.550
17.772 10.045 4.200
17.772 10.045 4.400
17.799 9.949 0.000
17.799 9.949 4.200
17.826 9.853 0.000
17.826 9.853 1.550
17.826 9.853 4.200
17.826 9.853 4.400
17.859 22.123 4.400
17.859 22.123 8.000
17.859 22.123 10.200
17.860 22.120 10.200
17.922 9.900 7.300
17.927 9.881 7.300
18.104 10.138 4.400
18.104 10.138 5.850
18.104 10.138 7.150
18.104 10.138 8.000
18.131 10.042 4.400
18.131 10.042 5.850
18.131 10.042 7.150
18.158 9.945 4.400
18.158 9.945 5.850
18.158 9.945 7.150
18.158 9.945 8.000
18.189 24.006 1.600
18.189 24.006 2.900
18.189 24.006 4.200
18.190 8.937 3.500
18.202 23.958 1.600
18.202 23.958 2.900
18.202 23.958 4.200
18.237 24.019 1.600
18.237 24.019 2.900
18.237 24.019 4.200
18.250 23.971 1.600
18.250 23.971 2.900
18.250 23.971 4.200
18.283 22.241 4.400
18.283 22.241 5.850
18.283 22.241 7.150
18.283 22.241 8.000
18.310 22.145 5.850
18.310 22.145 7.150
18.337 22.049 4.400
18.337 22.049 5.850
18.337 22.049 7.150
18.337 22.049 8.000
18.350 10.206 0.000
18.350 10.206 1.550
18.350 10.206 4.200
18.350 10.206 4.400
18.377 10.110 0.000
18.377 10.110 4.200
18.404 10.014 0.000
18.404 10.014 1.550
18.404 10.014 4.200
18.404 10.014 4.400
18.410 3.589 0.000
18.410 3.589 1.550
18.411 3.589 0.000
18.411 3.589 1.550
18.868 22.353 5.850
18.868 22.353 7.150
18.876 10.250 5.850
18.876 10.250 7.150
18.881 22.305 5.850
18.881 22.305 7.150
18.890 10.201 5.850
18.890 10.201 7.150
18.893 6.102 1.550
18.893 6.102 2.650
18.916 22.366 5.850
18.916 22.366 7.150
18.920 6.005 1.550
18.920 6.005 2.650
18.924 10.263 5.850
18.924 10.263 7.150
18.930 22.318 5.850
18.930 22.318 7.150
18.938 10.215 5.850
18.938 10.215 7.150
19.007 12.446 8.000
19.007 12.446 10.200
19.034 12.349 8.000
19.034 12.349 10.200
19.039 24.243 1.600
19.039 24.243 2.900
19.039 24.243 4.200
19.053 24.195 1.600
19.053 24.195 2.900
19.053 24.195 4.200
19.061 12.253 8.000
19.061 12.253 10.200
19.088 24.257 1.600
19.088 24.257 2.900
19.088 24.257 4.200
19.101 24.209 1.600
19.101 24.209 2.900
19.101 24.209 4.200
19.204 10.341 1.550
19.204 10.341 4.200
19.217 10.293 1.550
19.217 10.293 4.200
19.252 10.354 1.550
19.252 10.354 4.200
19.265 10.306 1.550
19.265 10.306 4.200
19.646 24.464 0.000
19.646 24.464 1.600
19.646 24.464 4.200
19.646 24.464 4.400
19.659 24.416 2.900
19.659 24.416 2.950
19.673 24.368 1.600
19.673 24.368 2.900
19.673 24.368 2.950
19.673 24.368 4.200
19.682 12.426 8.000
19.682 12.426 9.200
19.700 24.272 0.000
19.700 24.272 1.600
19.700 24.272 4.200
19.700 24.272 4.400
19.719 22.590 5.850
19.719 22.590 7.150
19.727 10.487 5.850
19.727 10.487 7.150
19.732 22.542 5.850
19.732 22.542 7.150
19.740 10.439 5.850
19.740 10.439 7.150
19.767 22.604 5.850
19.767 22.604 7.150
19.775 10.501 5.850
19.775 10.501 7.150
19.779 12.453 8.000
19.779 12.453 9.200
19.780 22.555 5.850
19.780 22.555 7.150
19.789 10.452 5.850
19.789 10.452 7.150
20.054 10.578 1.550
20.054 10.578 4.200
20.068 10.530 1.550
20.068 10.530 4.200
20.103 10.592 1.550
20.103 10.592 4.200
20.116 10.544 1.550
20.116 10.544 4.200
20.126 10.837 8.000
20.126 10.837 9.200
20.249 10.768 8.000
20.249 10.768 9.200
20.325 22.811 4.400
20.325 22.811 5.850
20.325 22.811 7.150
20.325 22.811 8.000
20.352 22.715 5.850
20.352 22.715 7.150
20.379 22.619 4.400
20.379 22.619 5.850
20.379 22.619 7.150
20.379 22.619 8.000
20.501 12.655 8.000
20.501 12.655 10.200
20.501 12.655 10.950
20.575 10.828 4.400
20.575 10.828 5.850
20.575 10.828 7.150
20.575 10.828 8.000
20.602 10.731 4.400
20.602 10.731 5.850
20.602 10.731 7.150
20.629 10.635 4.400
20.629 10.635 5.850
20.629 10.635 7.150
20.629 10.635 8.000
20.891 11.258 10.950
20.891 11.258 11.350
20.903 10.919 0.000
20.903 10.919 1.550
20.903 10.919 4.200
20.903 10.919 4.400
20.929 10.823 0.000
20.929 10.823 4.200
20.956 10.726 0.000
20.956 10.726 1.550
20.956 10.726 4.200
20.956 10.726 4.400
20.985 10.734 1.550
20.985 10.734 2.650
21.033 10.748 0.000
21.033 10.748 1.550
21.033 10.748 4.400
21.033 10.748 8.000
21.033 23.009 8.000
21.033 23.009 10.200
21.057 10.962 0.000
21.057 10.962 1.550
21.057 10.962 4.200
21.057 10.962 4.400
21.060 22.912 8.000
21.060 22.912 10.200
21.081 10.761 1.550
21.081 10.761 2.650
21.083 10.866 0.000
21.083 10.866 4.200
21.087 22.816 8.000
21.087 22.816 10.200
21.110 10.769 0.000
21.110 10.769 1.550
21.110 10.769 4.200
21.110 10.769 4.400
21.224 12.857 8.000
21.224 12.857 9.200
21.320 12.883 8.000
21.320 12.883 9.200
21.384 11.053 4.400
21.384 11.053 5.850
21.384 11.053 7.150
21.384 11.053 8.000
21.411 10.957 4.400
21.411 10.957 5.850
21.411 10.957 7.150
21.438 10.861 4.400
21.438 10.861 5.850
21.438 10.861 7.150
21.438 10.861 8.000
21.669 25.029 0.000
21.669 25.029 4.400
21.694 11.171 8.000
21.694 11.171 9.200
21.763 11.294 8.000
21.763 11.294 9.200
21.887 13.249 8.000
21.887 13.249 10.200
21.900 23.251 8.000
21.900 23.251 10.200
21.910 11.096 1.550
21.910 11.096 4.200
21.914 13.153 8.000
21.914 13.153 10.200
21.924 11.048 1.550
21.924 11.048 4.200
21.927 23.154 8.000
21.927 23.154 10.200
21.941 13.057 8.000
21.941 13.057 10.200
21.954 23.058 8.000
21.954 23.058 10.200
21.958 11.110 1.550
21.958 11.110 4.200
21.972 11.062 1.550
21.972 11.062 4.200
22.034 6.978 1.550
22.034 6.978 2.650
22.038 23.705 10.200
22.038 23.705 10.600
22.060 6.882 1.550
22.060 6.882 2.650
22.130 7.005 1.550
22.130 7.005 2.650
22.146 23.319 4.400
22.146 23.319 8.000
22.146 23.319 10.200
22.147 23.316 10.200
22.157 6.909 1.550
22.157 6.909 2.650
22.238 11.188 5.850
22.238 11.188 7.150
22.251 11.140 5.850
22.251 11.140 7.150
22.286 11.201 5.850
22.286 11.201 7.150
22.299 11.153 5.850
22.299 11.153 7.150
22.391 23.388 8.000
22.391 23.388 10.200
22.418 23.292 8.000
22.418 23.292 10.200
22.445 23.195 8.000
22.445 23.195 10.200
22.697 4.786 0.000
22.697 4.786 1.550
22.761 11.334 1.550
22.761 11.334 4.200
22.775 11.286 1.550
22.775 11.286 4.200
22.809 11.347 1.550
22.809 11.347 4.200
22.823 11.299 1.550
22.823 11.299 4.200
23.089 11.425 5.850
23.089 11.425 7.150
23.102 11.377 5.850
23.102 11.377 7.150
23.137 11.439 5.850
23.137 11.439 7.150
23.150 11.391 5.850
23.150 11.391 7.150
23.258 23.630 8.000
23.258 23.630 10.200
23.285 23.533 8.000
23.285 23.533 10.200
23.312 23.437 8.000
23.312 23.437 10.200
23.609 11.674 0.000
23.609 11.674 1.550
23.609 11.674 4.200
23.609 11.674 4.400
23.636 11.578 0.000
23.636 11.578 4.200
23.663 11.482 0.000
23.663 11.482 1.550
23.663 11.482 4.200
23.663 11.482 4.400
23.691 25.593 0.000
23.691 25.593 1.600
23.691 25.593 4.200
23.691 25.593 4.400
23.705 25.545 2.900
23.705 25.545 2.950
23.718 25.497 1.600
23.718 25.497 2.900
23.718 25.497 2.950
23.718 25.497 4.200
23.745 25.401 0.000
23.745 25.401 1.600
23.745 25.401 4.200
23.745 25.401 4.400
23.855 11.743 4.400
23.855 11.743 5.850
23.855 11.743 7.150
23.855 11.743 8.000
23.882 11.647 4.400
23.882 11.647 5.850
23.882 11.647 7.150
23.909 11.550 4.400
23.909 11.550 5.850
23.909 11.550 7.150
23.909 11.550 8.000
23.910 13.814 8.000
23.910 13.814 10.200
23.937 13.718 8.000
23.937 13.718 10.200
23.964 13.621 8.000
23.964 13.621 10.200
23.966 23.827 4.400
23.966 23.827 5.850
23.966 23.827 7.150
23.966 23.827 8.000
23.993 23.731 5.850
23.993 23.731 7.150
24.020 23.635 4.400
24.020 23.635 5.850
24.020 23.635 7.150
24.020 23.635 8.000
24.134 11.634 7.300
24.140 11.615 7.300
24.187 11.836 0.000
24.187 11.836 1.550
24.187 11.836 4.200
24.187 11.836 4.400
24.214 11.739 0.000
24.214 11.739 4.200
24.241 11.643 0.000
24.241 11.643 1.550
24.241 11.643 4.200
24.241 11.643 4.400
24.276 25.705 1.600
24.276 25.705 2.900
24.276 25.705 4.200
24.290 25.657 1.600
24.290 25.657 2.900
24.290 25.657 4.200
24.325 25.718 1.600
24.325 25.718 2.900
24.325 25.718 4.200
24.338 25.670 1.600
24.338 25.670 2.900
24.338 25.670 4.200
24.403 10.671 3.500
24.551 23.939 5.850
24.551 23.939 7.150
24.565 23.891 5.850
24.565 23.891 7.150
24.599 23.952 5.850
24.599 23.952 7.150
24.613 23.904 5.850
24.613 23.904 7.150
24.691 13.824 8.000
24.691 13.824 9.200
24.788 13.851 8.000
24.788 13.851 9.200
24.788 13.851 10.200
24.788 13.851 10.950
24.884 13.878 8.000
24.884 13.878 9.200
25.073 12.083 0.000
25.073 12.083 1.550
25.073 12.083 4.200
25.073 12.083 4.400
25.100 11.987 0.000
25.100 11.987 4.200
25.127 11.890 0.000
25.127 11.890 1.550
25.127 11.890 4.200
25.127 11.890 4.400
25.127 25.942 1.600
25.127 25.942 2.900
25.127 25.942 4.200
25.135 12.235 8.000
25.135 12.235 9.200
25.141 25.894 1.600
25.141 25.894 2.900
25.141 25.894 4.200
25.176 25.956 1.600
25.176 25.956 2.900
25.176 25.956 4.200
25.177 12.455 10.950
25.177 12.455 11.350
25.189 25.908 1.600
25.189 25.908 2.900
25.189 25.908 4.200
25.258 12.166 8.000
25.258 12.166 9.200
25.270 7.881 1.550
25.270 7.881 2.650
25.297 7.785 1.550
25.297 7.785 2.650
25.320 11.944 0.000
25.320 11.944 1.550
25.320 11.944 4.400
25.320 11.944 8.000
25.327 12.289 8.000
25.327 12.289 9.200
25.402 24.176 5.850
25.402 24.176 7.150
25.416 24.128 5.850
25.416 24.128 7.150
25.450 24.190 5.850
25.450 24.190 7.150
25.459 12.190 0.000
25.459 12.190 1.550
25.459 12.190 4.200
25.459 12.190 4.400
25.464 24.141 5.850
25.464 24.141 7.150
25.486 12.094 0.000
25.486 12.094 4.200
25.512 11.998 0.000
25.512 11.998 1.550
25.512 11.998 4.200
25.512 11.998 4.400
25.557 14.274 8.000
25.557 14.274 10.200
25.584 14.177 8.000
25.584 14.177 10.200
25.611 14.081 8.000
25.611 14.081 10.200
25.762 26.171 0.000
25.762 26.171 1.600
25.762 26.171 4.200
25.762 26.171 4.400
25.776 26.123 2.900
25.776 26.123 2.950
25.789 26.075 1.600
25.789 26.075 2.900
25.789 26.075 2.950
25.789 26.075 4.200
25.816 25.979 0.000
25.816 25.979 1.600
25.816 25.979 4.200
25.816 25.979 4.400
25.955 26.225 0.000
25.955 26.225 4.400
26.008 24.397 4.400
26.008 24.397 5.850
26.008 24.397 7.150
26.008 24.397 8.000
26.035 24.301 5.850
26.035 24.301 7.150
26.062 24.205 4.400
26.062 24.205 5.850
26.062 24.205 7.150
26.062 24.205 8.000
26.148 26.279 0.000
26.148 26.279 1.600
26.148 26.279 4.200
26.148 26.279 4.400
26.161 26.231 2.900
26.161 26.231 2.950
26.175 26.183 1.600
26.175 26.183 2.900
26.175 26.183 2.950
26.175 26.183 4.200
26.202 26.086 0.000
26.202 26.086 1.600
26.202 26.086 4.200
26.202 26.086 4.400
26.324 24.901 10.200
26.324 24.901 10.600
26.325 24.901 10.200
26.325 24.901 10.600
26.345 12.438 0.000
26.345 12.438 1.550
26.345 12.438 4.200
26.345 12.438 4.400
26.372 12.341 0.000
26.372 12.341 4.200
26.399 12.245 0.000
26.399 12.245 1.550
26.399 12.245 4.200
26.399 12.245 4.400
26.432 24.516 4.400
26.432 24.516 8.000
26.432 24.516 10.200
26.433 24.512 10.200
26.494 12.293 7.300
26.500 12.273 7.300
26.677 12.531 4.400
26.677 12.531 5.850
26.677 12.531 7.150
26.677 12.531 8.000
26.704 12.434 4.400
26.704 12.434 5.850
26.704 12.434 7.150
26.731 12.338 4.400
26.731 12.338 5.850
26.731 12.338 7.150
26.731 12.338 8.000
26.762 26.398 1.600
26.762 26.398 2.900
26.762 26.398 4.200
26.763 11.329 3.500
26.775 26.350 1.600
26.775 26.350 2.900
26.775 26.350 4.200
26.810 26.412 1.600
26.810 26.412 2.900
26.810 26.412 4.200
26.823 26.364 1.600
26.823 26.364 2.900
26.823 26.364 4.200
26.856 24.634 4.400
26.856 24.634 5.850
26.856 24.634 7.150
26.856 24.634 8.000
26.883 24.537 5.850
26.883 24.537 7.150
26.910 24.441 4.400
26.910 24.441 5.850
26.910 24.441 7.150
26.910 24.441 8.000
26.923 12.599 0.000
26.923 12.599 1.550
26.923 12.599 4.200
26.923 12.599 4.400
26.950 12.503 0.000
26.950 12.503 4.200
26.977 12.406 0.000
26.977 12.406 1.550
26.977 12.406 4.200
26.977 12.406 4.400
26.983 5.982 0.000
26.983 5.982 1.550
27.441 24.745 5.850
27.441 24.745 7.150
27.449 12.642 5.850
27.449 12.642 7.150
27.454 24.697 5.850
27.454 24.697 7.150
27.462 12.594 5.850
27.462 12.594 7.150
27.466 8.494 1.550
27.466 8.494 2.650
27.489 24.759 5.850
27.489 24.759 7.150
27.493 8.398 1.550
27.493 8.398 2.650
27.497 12.656 5.850
27.497 12.656 7.150
27.503 24.710 5.850
27.503 24.710 7.150
27.511 12.607 5.850
27.511 12.607 7.150
27.580 14.838 8.000
27.580 14.838 10.200
27.607 14.742 8.000
27.607 14.742 10.200
27.613 26.636 1.600
27.613 26.636 2.900
27.613 26.636 4.200
27.626 26.588 1.600
27.626 26.588 2.900
27.626 26.588 4.200
27.634 14.646 8.000
27.634 14.646 10.200
27.661 26.649 1.600
27.661 26.649 2.900
27.661 26.649 4.200
27.674 26.601 1.600
27.674 26.601 2.900
27.674 26.601 4.200
27.776 12.733 1.550
27.776 12.733 4.200
27.790 12.685 1.550
27.790 12.685 4.200
27.825 12.747 1.550
27.825 12.747 4.200
27.838 12.699 1.550
27.838 12.699 4.200
28.219 26.857 0.000
28.219 26.857 1.600
28.219 26.857 4.200
28.219 26.857 4.400
28.232 26.809 2.900
28.232 26.809 2.950
28.246 26.761 1.600
28.246 26.761 2.900
28.246 26.761 2.950
28.246 26.761 4.200
28.255 14.819 8.000
28.255 14.819 9.200
28.273 26.664 0.000
28.273 26.664 1.600
28.273 26.664 4.200
28.273 26.664 4.400
28.292 24.983 5.850
28.292 24.983 7.150
28.300 12.880 5.850
28.300 12.880 7.150
28.305 24.934 5.850
28.305 24.934 7.150
28.313 12.831 5.850
28.313 12.831 7.150
28.340 24.996 5.850
28.340 24.996 7.150
28.348 12.893 5.850
28.348 12.893 7.150
28.352 14.846 8.000
28.352 14.846 9.200
28.353 24.948 5.850
28.353 24.948 7.150
28.361 12.845 5.850
28.361 12.845 7.150
28.627 12.971 1.550
28.627 12.971 4.200
28.641 12.923 1.550
28.641 12.923 4.200
28.676 12.984 1.550
28.676 12.984 4.200
28.689 12.936 1.550
28.689 12.936 4.200
28.699 13.230 8.000
28.699 13.230 9.200
28.822 13.160 8.000
28.822 13.160 9.200
28.898 25.204 4.400
28.898 25.204 5.850
28.898 25.204 7.150
28.898 25.204 8.000
28.925 25.107 5.850
28.925 25.107 7.150
28.952 25.011 4.400
28.952 25.011 5.850
28.952 25.011 7.150
28.952 25.011 8.000
29.074 15.047 8.000
29.074 15.047 10.200
29.074 15.047 10.950
29.148 13.220 4.400
29.148 13.220 5.850
29.148 13.220 7.150
29.148 13.220 8.000
29.175 13.124 4.400
29.175 13.124 5.850
29.175 13.124 7.150
29.202 13.027 4.400
29.202 13.027 5.850
29.202 13.027 7.150
29.202 13.027 8.000
29.464 13.651 10.950
29.464 13.651 11.350
29.475 13.311 0.000
29.475 13.311 1.550
29.475 13.311 4.200
29.475 13.311 4.400
29.502 13.215 0.000
29.502 13.215 4.200
29.529 13.119 0.000
29.529 13.119 1.550
29.529 13.119 4.200
29.529 13.119 4.400
29.558 13.127 1.550
29.558 13.127 2.650
29.606 13.140 0.000
29.606 13.140 1.550
29.606 13.140 4.400
29.606 13.140 8.000
29.606 25.401 8.000
29.606 25.401 10.200
29.630 13.354 0.000
29.630 13.354 1.550
29.630 13.354 4.200
29.630 13.354 4.400
29.633 25.305 8.000
29.633 25.305 10.200
29.654 13.154 1.550
29.654 13.154 2.650
29.656 13.258 0.000
29.656 13.258 4.200
29.660 25.209 8.000
29.660 25.209 10.200
29.683 13.162 0.000
29.683 13.162 1.550
29.683 13.162 4.200
29.683 13.162 4.400
29.797 15.249 8.000
29.797 15.249 9.200
29.893 15.276 8.000
29.893 15.276 9.200
29.957 13.446 4.400
29.957 13.446 5.850
29.957 13.446 7.150
29.957 13.446 8.000
29.984 13.349 4.400
29.984 13.349 5.850
29.984 13.349 7.150
30.011 13.253 4.400
30.011 13.253 5.850
30.011 13.253 7.150
30.011 13.253 8.000
30.242 27.421 0.000
30.242 27.421 4.400
30.267 13.563 8.000
30.267 13.563 9.200
30.336 13.687 8.000
30.336 13.687 9.200
30.460 15.642 8.000
30.460 15.642 10.200
30.473 25.643 8.000
30.473 25.643 10.200
30.483 13.489 1.550
30.483 13.489 4.200
30.487 15.546 8.000
30.487 15.546 10.200
30.497 13.441 1.550
30.497 13.441 4.200
30.500 25.547 8.000
30.500 25.547 10.200
30.514 15.449 8.000
30.514 15.449 10.200
30.527 25.451 8.000
30.527 25.451 10.200
30.531 13.502 1.550
30.531 13.502 4.200
30.545 13.454 1.550
30.545 13.454 4.200
30.606 9.370 1.550
30.606 9.370 2.650
30.611 26.097 10.200
30.611 26.097 10.600
30.633 9.274 1.550
30.633 9.274 2.650
30.703 9.397 1.550
30.703 9.397 2.650
30.719 25.712 4.400
30.719 25.712 8.000
30.719 25.712 10.200
30.720 25.708 10.200
30.729 9.301 1.550
30.729 9.301 2.650
30.811 13.580 5.850
30.811 13.580 7.150
30.824 13.532 5.850
30.824 13.532 7.150
30.859 13.594 5.850
30.859 13.594 7.150
30.872 13.546 5.850
30.872 13.546 7.150
30.964 25.780 8.000
30.964 25.780 10.200
30.991 25.684 8.000
30.991 25.684 10.200
31.018 25.588 8.000
31.018 25.588 10.200
31.256 7.226 1.550
31.256 7.226 2.550
31.256 7.226 2.650
31.270 7.178 0.000
31.270 7.178 1.550
31.270 7.178 2.550
31.270 7.178 2.650
31.334 13.726 1.550
31.334 13.726 4.200
31.348 13.678 1.550
31.348 13.678 4.200
31.382 13.740 1.550
31.382 13.740 4.200
31.396 13.692 1.550
31.396 13.692 4.200
31.662 13.818 5.850
31.662 13.818 7.150
31.675 13.770 5.850
31.675 13.770 7.150
31.710 13.831 5.850
31.710 13.831 7.150
31.723 13.783 5.850
31.723 13.783 7.150
31.831 26.022 8.000
31.831 26.022 10.200
31.858 25.926 8.000
31.858 25.926 10.200
31.885 25.830 8.000
31.885 25.830 10.200
32.182 14.067 0.000
32.182 14.067 1.550
32.182 14.067 4.200
32.182 14.067 4.400
32.209 13.970 0.000
32.209 13.970 4.200
32.236 13.874 0.000
32.236 13.874 1.550
32.236 13.874 4.200
32.236 13.874 4.400
32.428 14.135 4.400
32.428 14.135 5.850
32.428 14.135 7.150
32.428 14.135 8.000
32.455 14.039 4.400
32.455 14.039 5.850
32.455 14.039 7.150
32.482 13.943 4.400
32.482 13.943 5.850
32.482 13.943 7.150
32.482 13.943 8.000
32.483 16.206 8.000
32.483 16.206 10.200
32.510 16.110 8.000
32.510 16.110 10.200
32.537 16.014 8.000
32.537 16.014 10.200
32.707 14.027 7.300
32.713 14.007 7.300
32.760 14.228 0.000
32.760 14.228 1.550
32.760 14.228 4.200
32.760 14.228 4.400
32.787 14.132 0.000
32.787 14.132 4.200
32.814 14.035 0.000
32.814 14.035 1.550
32.814 14.035 4.200
32.814 14.035 4.400
32.833 26.302 4.400
32.833 26.302 5.850
32.833 26.302 7.150
32.833 26.302 8.000
32.860 26.205 5.850
32.860 26.205 7.150
32.887 26.109 4.400
32.887 26.109 5.850
32.887 26.109 7.150
32.887 26.109 8.000
32.976 13.063 3.500
33.264 16.217 8.000
33.264 16.217 9.200
33.360 16.247 10.200
33.360 16.247 10.950
33.361 16.244 8.000
33.361 16.244 9.200
33.361 16.244 10.200
33.361 16.244 10.950
33.418 26.413 5.850
33.418 26.413 7.150
33.431 26.365 5.850
33.431 26.365 7.150
33.457 16.271 8.000
33.457 16.271 9.200
33.466 26.427 5.850
33.466 26.427 7.150
33.480 26.378 5.850
33.480 26.378 7.150
33.646 14.475 0.000
33.646 14.475 1.550
33.646 14.475 4.200
33.646 14.475 4.400
33.673 14.379 0.000
33.673 14.379 4.200
33.700 14.283 0.000
33.700 14.283 1.550
33.700 14.283 4.200
33.700 14.283 4.400
33.708 14.628 8.000
33.708 14.628 9.200
33.750 14.847 10.950
33.750 14.847 11.350
33.831 14.558 8.000
33.831 14.558 9.200
33.843 10.274 1.550
33.843 10.274 2.650
33.845 14.323 1.550
33.845 14.323 2.650
33.870 10.177 1.550
33.870 10.177 2.650
33.893 14.337 0.000
33.893 14.337 4.400
33.893 14.337 8.000
33.900 14.681 8.000
33.900 14.681 9.200
33.941 14.350 1.550
33.941 14.350 2.650
34.130 16.666 8.000
34.130 16.666 10.200
34.157 16.570 8.000
34.157 16.570 10.200
34.184 16.473 8.000
34.184 16.473 10.200
34.269 26.651 5.850
34.269 26.651 7.150
34.282 26.602 5.850
34.282 26.602 7.150
34.317 26.664 5.850
34.317 26.664 7.150
34.331 26.616 5.850
34.331 26.616 7.150
34.694 28.415 0.000
34.694 28.415 0.755
34.694 28.415 0.775
34.694 28.415 3.450
34.694 28.415 4.400
34.790 28.442 0.775
34.790 28.442 3.450
34.822 28.700 0.000
34.822 28.700 0.775
34.822 28.700 1.775
34.822 28.700 4.400
34.849 28.603 0.775
34.849 28.603 1.775
34.875 26.872 4.400
34.875 26.872 5.850
34.875 26.872 7.150
34.875 26.872 8.000
34.886 28.468 0.000
34.886 28.468 0.755
34.886 28.468 3.450
34.886 28.468 4.400
34.902 26.775 5.850
34.902 26.775 7.150
34.920 10.470 1.550
34.920 10.470 2.650
34.929 26.679 4.400
34.929 26.679 5.850
34.929 26.679 7.150
34.929 26.679 8.000
34.989 10.594 1.550
34.989 10.594 2.650
35.016 10.497 1.550
35.054 27.124 0.000
35.054 27.124 0.755
35.054 27.124 0.775
35.054 27.124 3.450
35.054 27.124 4.400
35.067 14.685 7.300
35.073 14.666 7.300
35.150 27.151 0.775
35.150 27.151 3.450
35.172 26.700 0.000
35.172 26.700 2.900
35.172 26.700 3.500
35.172 26.700 4.400
35.203 26.963 8.000
35.203 26.963 10.200
35.247 27.178 0.000
35.247 27.178 0.755
35.247 27.178 3.450
35.247 27.178 4.400
35.269 26.727 2.900
35.269 26.727 3.500
35.299 26.990 4.400
35.299 26.990 8.000
35.336 13.722 3.500
35.365 26.754 0.000
35.365 26.754 2.900
35.365 26.754 3.500
35.365 26.754 4.400
35.480 27.456 10.200
35.480 27.456 10.600
35.544 15.005 0.000
35.544 15.005 1.550
35.544 15.005 4.200
35.544 15.005 4.300
35.544 15.005 4.400
35.544 15.005 5.850
35.544 15.005 7.150
35.544 15.005 8.000
35.545 25.735 2.900
35.545 25.735 3.500
35.559 25.687 2.900
35.559 25.687 3.500
35.571 14.909 0.000
35.571 14.909 4.300
35.571 14.909 5.850
35.571 14.909 7.150
35.594 25.748 2.900
35.594 25.748 3.500
35.598 14.812 0.000
35.598 14.812 1.550
35.598 14.812 4.200
35.598 14.812 4.400
35.598 14.812 5.850
35.598 14.812 7.150
35.598 14.812 8.000
35.607 25.700 2.900
35.607 25.700 3.500
35.829 24.719 2.900
35.829 24.719 3.500
35.842 24.671 2.900
35.842 24.671 3.500
35.877 24.732 2.900
35.877 24.732 3.500
35.890 24.684 2.900
35.890 24.684 3.500
36.112 23.703 2.900
36.112 23.703 3.500
36.126 23.655 2.900
36.126 23.655 3.500
36.131 24.009 0.775
36.131 24.009 1.775
36.153 17.231 8.000
36.153 17.231 10.200
36.158 23.913 0.000
36.158 23.913 0.775
36.158 23.913 1.775
36.161 23.716 2.900
36.161 23.716 3.500
36.174 23.668 2.900
36.174 23.668 3.500
36.180 17.134 8.000
36.180 17.134 10.200
36.207 17.038 8.000
36.207 17.038 10.200
36.306 22.636 0.000
36.306 22.636 2.900
36.306 22.636 3.500
36.306 22.636 4.400
36.353 22.467 4.400
36.353 22.467 5.900
36.353 22.467 7.400
36.353 22.467 8.000
36.398 15.139 1.550
36.398 15.139 4.200
36.398 15.139 5.850
36.398 15.139 7.150
36.403 22.662 2.900
36.403 22.662 3.500
36.411 15.091 1.550
36.411 15.091 4.200
36.411 15.091 5.850
36.411 15.091 7.150
36.446 15.153 1.550
36.446 15.153 4.200
36.446 15.153 5.850
36.446 15.153 7.150
36.450 22.494 5.900
36.450 22.494 7.400
36.459 15.105 1.550
36.459 15.105 4.200
36.459 15.105 5.850
36.459 15.105 7.150
36.499 22.689 0.000
36.499 22.689 2.900
36.499 22.689 3.500
36.499 22.689 4.400
36.546 22.521 4.400
36.546 22.521 5.900
36.546 22.521 7.400
36.546 22.521 8.000
36.579 21.658 4.400
36.579 21.658 5.900
36.579 21.658 7.400
36.579 21.658 8.000
36.675 21.685 5.900
36.675 21.685 7.400
36.684 20.909 8.000
36.684 20.909 10.200
36.738 27.210 0.775
36.738 27.210 1.775
36.753 20.663 0.000
36.753 20.663 4.400
36.772 21.712 4.400
36.772 21.712 5.900
36.772 21.712 7.400
36.772 21.712 8.000
36.828 17.211 8.000
36.828 17.211 9.200
36.834 27.237 0.000
36.834 27.237 0.620
36.834 27.237 0.775
36.834 27.237 1.775
36.849 20.690 4.400
36.849 20.690 8.000
36.877 20.962 8.000
36.877 20.962 10.200
36.925 17.238 8.000
36.925 17.238 9.200
36.928 26.900 0.000
36.928 26.900 0.465
36.928 26.900 0.620
36.946 20.717 0.000
36.946 20.717 4.400
36.946 20.717 8.000
37.023 26.563 0.000
37.023 26.563 0.310
37.023 26.563 0.465
37.030 19.671 0.000
37.030 19.671 4.400
37.042 20.744 0.000
37.042 20.744 4.400
37.042 20.744 8.000
37.088 19.464 8.000
37.088 19.464 10.200
37.117 26.225 0.000
37.117 26.225 0.155
37.117 26.225 0.310
37.126 19.698 4.400
37.126 19.698 8.000
37.211 25.888 0.000
37.211 25.888 0.155
37.222 19.725 0.000
37.222 19.725 4.400
37.222 19.725 8.000
37.249 15.377 1.550
37.249 15.377 4.200
37.249 15.377 5.850
37.249 15.377 7.150
37.262 15.329 1.550
37.262 15.329 4.200
37.262 15.329 5.850
37.262 15.329 7.150
37.272 15.622 8.000
37.272 15.622 9.200
37.276 19.517 8.000
37.276 19.517 10.200
37.276 29.281 0.775
37.276 29.281 1.775
37.280 19.518 8.000
37.280 19.518 10.200
37.297 15.390 1.550
37.297 15.390 4.200
37.297 15.390 5.850
37.297 15.390 7.150
37.310 15.342 1.550
37.310 15.342 4.200
37.310 15.342 5.850
37.310 15.342 7.150
37.319 19.752 0.000
37.319 19.752 4.400
37.319 19.752 8.000
37.346 29.404 0.000
37.346 29.404 0.775
37.346 29.404 1.775
37.395 15.553 8.000
37.395 15.553 9.200
37.523 24.397 0.775
37.523 24.397 1.775
37.646 24.328 0.000
37.646 24.328 0.775
37.646 24.328 1.775
37.773 27.499 0.775
37.773 27.499 1.775
37.822 27.512 0.620
37.822 27.512 1.775
37.844 17.498 8.000
37.844 17.498 10.200
37.844 17.498 10.950
37.853 17.092 0.000
37.853 17.092 1.600
37.853 17.092 4.200
37.853 17.092 4.400
37.870 27.526 0.000
37.870 27.526 0.620
37.870 27.526 0.775
37.870 27.526 1.775
37.916 27.175 0.465
37.916 27.175 0.620
37.949 17.119 0.000
37.949 17.119 4.200
37.964 27.189 0.000
37.964 27.189 0.465
37.964 27.189 0.620
38.004 16.553 4.400
38.004 16.553 5.900
38.004 16.553 7.400
38.004 16.553 8.000
38.010 26.838 0.310
38.010 26.838 0.465
38.015 15.694 4.400
38.015 15.694 5.850
38.015 15.694 7.150
38.015 15.694 8.000
38.042 15.598 5.850
38.042 15.598 7.150
38.046 17.146 0.000
38.046 17.146 1.600
38.046 17.146 4.200
38.046 17.146 4.400
38.056 15.862 0.000
38.056 15.862 4.400
38.058 26.851 0.000
38.058 26.851 0.310
38.058 26.851 0.465
38.068 15.502 4.400
38.068 15.502 5.850
38.068 15.502 7.150
38.068 15.502 8.000
38.097 15.717 0.000
38.097 15.717 1.550
38.097 15.717 4.200
38.097 15.717 4.300
38.097 15.717 4.400
38.100 16.580 5.900
38.100 16.580 7.400
38.104 26.501 0.155
38.104 26.501 0.310
38.123 15.621 0.000
38.123 15.621 4.300
38.125 10.649 0.000
38.125 10.649 1.395
38.125 10.649 1.550
38.150 15.525 0.000
38.150 15.525 1.550
38.150 15.525 4.200
38.150 15.525 4.400
38.152 26.514 0.000
38.152 26.514 0.155
38.152 26.514 0.310
38.186 15.898 0.000
38.186 15.898 1.600
38.186 15.898 4.200
38.186 15.898 4.400
38.196 16.607 4.400
38.196 16.607 5.900
38.196 16.607 7.400
38.196 16.607 8.000
38.198 26.164 0.155
38.198 26.164 1.125
38.229 15.744 4.400
38.229 15.744 5.900
38.229 15.744 7.400
38.229 15.744 8.000
38.246 26.177 0.000
38.246 26.177 0.155
38.246 26.177 1.125
38.283 15.925 0.000
38.283 15.925 4.200
38.326 15.771 5.900
38.326 15.771 7.400
38.377 15.588 1.550
38.377 15.588 2.650
38.379 15.952 0.000
38.379 15.952 1.600
38.379 15.952 4.200
38.379 15.952 4.400
38.422 15.798 4.400
38.422 15.798 5.900
38.422 15.798 7.400
38.422 15.798 8.000
38.473 15.615 0.000
38.473 15.615 1.550
38.473 15.615 2.650
38.473 15.615 4.400
38.473 15.615 8.000
38.515 9.252 1.395
38.515 9.252 1.550
38.515 9.252 2.550
38.527 10.761 0.000
38.527 10.761 1.240
38.527 10.761 1.395
38.528 9.204 0.000
38.528 9.204 1.395
38.528 9.204 1.550
38.528 9.204 2.550
38.620 16.206 10.950
38.620 16.206 11.350
38.917 9.364 1.240
38.917 9.364 1.395
38.929 10.873 0.000
38.929 10.873 1.085
38.929 10.873 1.240
38.930 9.316 0.000
38.930 9.316 1.240
38.930 9.316 1.395
39.285 12.706 0.000
39.285 12.706 0.155
39.319 9.476 1.085
39.319 9.476 1.240
39.331 10.985 0.000
39.331 10.985 0.930
39.331 10.985 1.085
39.332 9.428 0.000
39.332 9.428 1.085
39.332 9.428 1.240
39.397 12.304 0.000
39.397 12.304 0.155
39.397 12.304 0.310
39.425 11.831 1.550
39.425 11.831 2.650
39.509 11.902 0.000
39.509 11.902 0.310
39.509 11.902 0.465
39.521 11.858 1.550
39.521 11.858 2.650
39.548 11.762 1.550
39.548 11.762 2.650
39.621 11.500 0.000
39.621 11.500 0.465
39.621 11.500 0.620
39.721 9.589 0.930
39.721 9.589 1.085
39.734 9.540 0.000
39.734 9.540 0.930
39.734 9.540 1.085
39.734 11.097 0.000
39.734 11.097 0.620
39.734 11.097 0.775
39.734 11.097 0.930
39.734 11.097 1.550
40.123 9.701 0.775
40.123 9.701 0.930
40.123 9.701 1.775
40.137 9.653 0.000
40.137 9.653 0.775
40.137 9.653 0.930
40.137 9.653 1.775
40.681 13.096 0.155
40.681 13.096 1.000
40.730 13.109 0.000
40.730 13.109 0.155
40.730 13.109 1.000
40.794 12.694 0.155
40.794 12.694 0.310
40.842 12.707 0.000
40.842 12.707 0.155
40.842 12.707 0.310
40.906 12.291 0.310
40.906 12.291 0.465
40.954 12.305 0.000
40.954 12.305 0.310
40.954 12.305 0.465
41.018 11.889 0.465
41.018 11.889 0.620
41.066 11.903 0.000
41.066 11.903 0.465
41.066 11.903 0.620
41.130 11.487 0.620
41.130 11.487 0.775
41.130 11.487 1.775
41.178 11.501 0.000
41.178 11.501 0.620
41.178 11.501 0.775
41.178 11.501 1.775
41.520 10.091 0.775
41.520 10.091 1.775
41.568 10.104 0.775
41.568 10.104 1.775
41.582 10.056 0.000
41.582 10.056 0.775
41.582 10.056 1.775
3 1983 1986 2020
3 2015 1983 2020
3 2054 2042 2270
3 2279 2054 2270
3 2285 2061 2043
3 2271 2285 2043
3 2056 2047 2252
3 2255 2056 2252
3 1902 1898 1937
3 1941 1902 1937
3 1763 1755 1869
3 1873 1763 1869
3 1876 1768 1756
3 1870 1876 1756
3 1679 1551 1548
3 1674 1679 1548
3 2198 1991 1988
3 2236 2223 2198
3 2214 2236 2198
3 1988 2214 2198
3 2218 2140 2152
3 2086 2081 2218
3 2221 2086 2218
3 2152 2221 2218
3 2386 2379 2414
3 2421 2386 2414
3 1844 1750 2323
3 2283 2335 1844
3 2323 2381 2283
3 1844 2323 2283
3 1775 1879 1883
3 1779 1775 1883
3 2385 2374 2351
3 2377 2385 2351
3 2387 2375 2374
3 2387 2374 2385
3 2380 2387 2385
3 2380 2385 2377
3 2380 2377 2351
3 2352 2380 2351
3 2352 2351 2374
3 2375 2352 2374
3 2387 2375 2352
3 2380 2387 2352
3 2374 2354 2341
3 2351 2374 2341
3 2376 2355 2354
3 2376 2354 2374
3 2353 2376 2374
3 2353 2374 2351
3 2353 2351 2341
3 2342 2353 2341
3 2342 2341 2354
3 2355 2342 2354
3 2376 2355 2342
3 2353 2376 2342
3 2354 2344 2330
3 2341 2354 2330
3 2356 2345 2344
3 2356 2344 2354
3 2343 2356 2354
3 2343 2354 2341
3 2343 2341 2330
3 2331 2343 2330
3 2331 2330 2344
3 2345 2331 2344
3 2356 2345 2331
3 2343 2356 2331
3 2344 2333 2281
3 2330 2344 2281
3 2346 2334 2333
3 2346 2333 2344
3 2332 2346 2344
3 2332 2344 2330
3 2332 2330 2281
3 2282 2332 2281
3 2282 2281 2333
3 2334 2282 2333
3 2346 2334 2282
3 2332 2346 2282
3 2357 2347 2391
3 2396 2357 2391
3 2348 2347 2357
3 2358 2348 2357
3 2397 2358 2357
3 2397 2357 2396
3 2392 2397 2396
3 2392 2396 2391
3 2392 2391 2347
3 2348 2392 2347
3 2358 2348 2392
3 2397 2358 2392
3 2362 2357 2396
3 2401 2362 2396
3 2359 2357 2362
3 2363 2359 2362
3 2402 2363 2362
3 2402 2362 2401
3 2398 2402 2401
3 2398 2401 2396
3 2398 2396 2357
3 2359 2398 2357
3 2363 2359 2398
3 2402 2363 2398
3 2369 2362 2401
3 2406 2369 2401
3 2364 2362 2369
3 2370 2364 2369
3 2407 2370 2369
3 2407 2369 2406
3 2403 2407 2406
3 2403 2406 2401
3 2403 2401 2362
3 2364 2403 2362
3 2370 2364 2403
3 2407 2370 2403
3 2377 2369 2406
3 2412 2377 2406
3 2371 2369 2377
3 2378 2371 2377
3 2413 2378 2377
3 2413 2377 2412
3 2408 2413 2412
3 2408 2412 2406
3 2408 2406 2369
3 2371 2408 2369
3 2378 2371 2408
3 2413 2378 2408
3 2063 1960 1787
3 2046 2063 1787
3 2274 2046 1787
3 2262 2274 1787
3 2294 2262 1787
3 2233 2294 1787
3 2260 2233 1787
3 2184 2211 2260
3 2127 2172 2164
3 2099 2127 2164
3 2030 2039 2024
3 2016 2030 2024
3 1984 2016 2024
3 1990 2000 1984
3 1787 1990 1984
3 2184 2260 1787
3 2164 2184 1787
3 2099 2164 1787
3 2024 2099 1787
3 1984 2024 1787
3 2230 2240 2308
3 2291 2230 2308
3 2241 2240 2230
3 2232 2241 2230
3 2232 2230 2291
3 2293 2232 2291
3 2309 2293 2291
3 2309 2291 2308
3 2241 2309 2308
3 2241 2308 2240
3 2232 2241 2309
3 2293 2232 2309
3 2291 2230 2257
3 2314 2291 2257
3 2231 2230 2291
3 2292 2231 2291
3 2315 2292 2291
3 2315 2291 2314
3 2258 2315 2314
3 2258 2314 2257
3 2258 2257 2230
3 2231 2258 2230
3 2292 2231 2258
3 2315 2292 2258
3 2294 2233 2260
3 2317 2294 2260
3 2284 2261 2314
3 2322 2284 2314
3 2262 2261 2284
3 2287 2262 2284
3 2325 2287 2284
3 2325 2284 2322
3 2317 2325 2322
3 2317 2322 2314
3 2317 2314 2261
3 2262 2317 2261
3 2287 2262 2317
3 2325 2287 2317
3 2287 2063 2046
3 2274 2287 2046
3 2022 2031 2108
3 2097 2022 2108
3 2032 2031 2022
3 2023 2032 2022
3 2023 2022 2097
3 2098 2023 2097
3 2109 2098 2097
3 2109 2097 2108
3 2032 2109 2108
3 2032 2108 2031
3 2023 2032 2109
3 2098 2023 2109
3 2096 2021 2036
3 2124 2096 2036
3 2022 2021 2096
3 2097 2022 2096
3 2125 2097 2096
3 2125 2096 2124
3 2037 2125 2124
3 2037 2124 2036
3 2037 2036 2021
3 2022 2037 2021
3 2097 2022 2037
3 2125 2097 2037
3 2099 2024 2039
3 2127 2099 2039
3 2220 2085 1987
3 2150 2220 1987
3 2234 2150 1987
3 2213 2234 1987
3 1988 1987 2085
3 2086 1988 2085
3 2221 2086 2085
3 2221 2085 2220
3 2152 2221 2220
3 2152 2220 2150
3 2236 2152 2150
3 2236 2150 2234
3 2214 2236 2234
3 2214 2234 2213
3 2214 2213 1987
3 1988 2214 1987
3 2221 2086 1988
3 2152 2221 1988
3 2236 2152 1988
3 2214 2236 1988
3 1983 1986 2020
3 2015 1983 2020
3 2019 1985 1986
3 2019 1986 2020
3 2014 2019 2020
3 2014 2020 2015
3 2014 2015 1983
3 1982 2014 1983
3 1982 1983 1986
3 1985 1982 1986
3 1982 1985 2019
3 2014 1982 2019
3 2012 1980 1997
3 2027 2012 1997
3 1981 1980 2012
3 2013 1981 2012
3 2028 2013 2012
3 2028 2012 2027
3 1998 2028 2027
3 1998 2027 1997
3 1998 1997 1980
3 1981 1998 1980
3 2013 1981 1998
3 2028 2013 1998
3 2288 2305 2181
3 2176 2288 2181
3 2289 2306 2305
3 2289 2305 2288
3 2289 2288 2176
3 2177 2289 2176
3 2177 2176 2181
3 2182 2177 2181
3 2306 2182 2181
3 2306 2181 2305
3 2289 2306 2182
3 2177 2289 2182
3 2263 2288 2176
3 2166 2263 2176
3 2264 2290 2288
3 2264 2288 2263
3 2264 2263 2166
3 2167 2264 2166
3 2167 2166 2176
3 2178 2167 2176
3 2290 2178 2176
3 2290 2176 2288
3 2264 2290 2178
3 2167 2264 2178
3 2242 2263 2166
3 2160 2242 2166
3 2243 2265 2263
3 2243 2263 2242
3 2243 2242 2160
3 2161 2243 2160
3 2161 2160 2166
3 2168 2161 2166
3 2265 2168 2166
3 2265 2166 2263
3 2243 2265 2168
3 2161 2243 2168
3 2234 2242 2160
3 2150 2234 2160
3 2235 2244 2242
3 2235 2242 2234
3 2235 2234 2150
3 2151 2235 2150
3 2151 2150 2160
3 2162 2151 2160
3 2244 2162 2160
3 2244 2160 2242
3 2235 2244 2162
3 2151 2235 2162
3 2000 2030 2016
3 1984 2000 2016
3 1955 1964 2011
3 2003 1955 2011
3 2312 2323 2365
3 2360 2312 2365
3 2324 2323 2312
3 2313 2324 2312
3 2313 2312 2360
3 2361 2313 2360
3 2366 2361 2360
3 2366 2360 2365
3 2324 2366 2365
3 2324 2365 2323
3 2313 2324 2366
3 2361 2313 2366
3 1955 1964 2009
3 2003 1955 2009
3 2367 2003 2009
3 2365 2367 2009
3 1965 1964 1955
3 1956 1965 1955
3 1956 1955 2003
3 2004 1956 2003
3 2368 2004 2003
3 2368 2003 2367
3 2366 2368 2367
3 2366 2367 2365
3 2366 2365 2009
3 2010 2366 2009
3 1965 2010 2009
3 1965 2009 1964
3 1956 1965 2010
3 2004 1956 2010
3 2368 2004 2010
3 2366 2368 2010
3 1747 1761 1818
3 1816 1747 1818
3 1957 1816 1818
3 1953 1957 1818
3 1762 1761 1747
3 1748 1762 1747
3 1748 1747 1816
3 1817 1748 1816
3 1958 1817 1816
3 1958 1816 1957
3 1954 1958 1957
3 1954 1957 1953
3 1954 1953 1818
3 1819 1954 1818
3 1762 1819 1818
3 1762 1818 1761
3 1748 1762 1819
3 1817 1748 1819
3 1958 1817 1819
3 1954 1958 1819
3 2218 2140 2152
3 2086 2081 2218
3 2221 2086 2218
3 2152 2221 2218
3 2141 2140 2218
3 2219 2141 2218
3 2219 2218 2081
3 2082 2219 2081
3 2082 2081 2086
3 2087 2082 2086
3 2222 2087 2086
3 2222 2086 2221
3 2153 2222 2221
3 2153 2221 2152
3 2153 2152 2140
3 2141 2153 2140
3 2219 2141 2153
3 2087 2082 2219
3 2222 2087 2219
3 2153 2222 2219
3 2198 1991 1988
3 2236 2223 2198
3 2214 2236 2198
3 1988 2214 2198
3 2199 1992 1991
3 2199 1991 2198
3 2199 2198 2223
3 2224 2199 2223
3 2237 2224 2223
3 2237 2223 2236
3 2215 2237 2236
3 2215 2236 2214
3 2215 2214 1988
3 1989 2215 1988
3 1989 1988 1991
3 1992 1989 1991
3 2199 1992 1989
3 2237 2224 2199
3 2215 2237 2199
3 1989 2215 2199
3 1751 1528 1542
3 1758 1770 1751
3 1907 1878 1872
3 1901 1907 1872
3 1960 1946 1940
3 1787 1960 1940
3 1668 1787 1940
3 1680 1668 1940
3 1552 1680 1940
3 1751 1542 1552
3 1758 1751 1552
3 1872 1758 1552
3 1901 1872 1552
3 1940 1901 1552
3 1878 1770 1758
3 1872 1878 1758
3 1763 1755 1869
3 1873 1763 1869
3 1757 1755 1763
3 1764 1757 1763
3 1874 1764 1763
3 1874 1763 1873
3 1871 1874 1873
3 1871 1873 1869
3 1871 1869 1755
3 1757 1871 1755
3 1764 1757 1871
3 1874 1764 1871
3 1902 1898 1937
3 1941 1902 1937
3 1900 1898 1902
3 1903 1900 1902
3 1942 1903 1902
3 1942 1902 1941
3 1939 1942 1941
3 1939 1941 1937
3 1939 1937 1898
3 1900 1939 1898
3 1903 1900 1939
3 1942 1903 1939
3 1946 1907 1901
3 1940 1946 1901
3 1944 1905 1899
3 1938 1944 1899
3 1796 1808 1810
3 1800 1796 1810
3 1797 1796 1808
3 1797 1808 1809
3 1801 1800 1796
3 1801 1796 1797
3 1811 1801 1800
3 1811 1800 1810
3 1809 1811 1810
3 1809 1810 1808
3 1797 1809 1811
3 1801 1797 1811
3 1847 1851 1853
3 1849 1847 1853
3 1848 1847 1851
3 1848 1851 1852
3 1850 1849 1847
3 1850 1847 1848
3 1854 1850 1849
3 1854 1849 1853
3 1852 1854 1853
3 1852 1853 1851
3 1848 1852 1854
3 1850 1848 1854
3 2104 2114 2120
3 2110 2104 2120
3 2105 2104 2114
3 2105 2114 2115
3 2111 2110 2104
3 2111 2104 2105
3 2121 2111 2110
3 2121 2110 2120
3 2115 2121 2120
3 2115 2120 2114
3 2105 2115 2121
3 2111 2105 2121
3 2186 2202 2206
3 2190 2186 2206
3 2187 2186 2202
3 2187 2202 2203
3 2191 2190 2186
3 2191 2186 2187
3 2207 2191 2190
3 2207 2190 2206
3 2203 2207 2206
3 2203 2206 2202
3 2187 2203 2207
3 2191 2187 2207
3 2077 2088 2090
3 2079 2077 2090
3 2089 2088 2077
3 2078 2089 2077
3 2078 2077 2079
3 2080 2078 2079
3 2091 2080 2079
3 2091 2079 2090
3 2089 2091 2090
3 2089 2090 2088
3 2078 2089 2091
3 2080 2078 2091
3 2069 2073 2075
3 2071 2069 2075
3 2074 2073 2069
3 2070 2074 2069
3 2070 2069 2071
3 2072 2070 2071
3 2076 2072 2071
3 2076 2071 2075
3 2074 2076 2075
3 2074 2075 2073
3 2070 2074 2076
3 2072 2070 2076
3 2050 2058 2067
3 2052 2050 2067
3 2059 2058 2050
3 2051 2059 2050
3 2051 2050 2052
3 2053 2051 2052
3 2068 2053 2052
3 2068 2052 2067
3 2059 2068 2067
3 2059 2067 2058
3 2051 2059 2068
3 2053 2051 2068
3 1552 1542 1668
3 1680 1552 1668
3 1679 1551 1548
3 1674 1679 1548
3 1550 1551 1548
3 1545 1550 1548
3 1545 1548 1674
3 1671 1545 1674
3 1678 1671 1674
3 1678 1674 1679
3 1550 1678 1679
3 1550 1679 1551
3 1678 1550 1545
3 1671 1678 1545
3 1549 1539 1665
3 1677 1549 1665
3 1540 1539 1549
3 1550 1540 1549
3 1678 1550 1549
3 1678 1549 1677
3 1666 1678 1677
3 1666 1677 1665
3 1666 1665 1539
3 1540 1666 1539
3 1550 1540 1666
3 1678 1550 1666
3 1844 1840 2328
3 2335 1844 2328
3 1845 1844 1840
3 1845 1840 1841
3 2336 1845 1844
3 2336 1844 2335
3 2329 2336 2335
3 2329 2335 2328
3 1841 1840 2328
3 1841 2328 2329
3 1845 1841 2329
3 2336 1845 2329
3 2387 2388 2336
3 2336 2334 2346
3 2346 2345 2356
3 2356 2355 2376
3 2376 2375 2387
3 2376 2387 2336
3 2336 2346 2356
3 2336 2356 2376
3 2388 2336 2329
3 2384 2388 2329
3 2383 2384 2388
3 2383 2388 2387
3 2383 2387 2375
3 2372 2383 2375
3 2373 2376 2375
3 2373 2375 2372
3 2373 2376 2355
3 2349 2373 2355
3 2349 2355 2356
3 2350 2349 2356
3 2350 2356 2345
3 2339 2350 2345
3 2339 2345 2346
3 2340 2339 2346
3 2340 2346 2334
3 2327 2340 2334
3 2327 2334 2336
3 2329 2327 2336
3 2383 2384 2329
3 2329 2327 2340
3 2340 2339 2350
3 2350 2349 2373
3 2373 2372 2383
3 2373 2383 2329
3 2329 2340 2350
3 2329 2350 2373
3 2386 2382 2418
3 2421 2386 2418
3 2388 2386 2382
3 2388 2382 2384
3 2422 2388 2386
3 2422 2386 2421
3 2419 2422 2421
3 2419 2421 2418
3 2384 2382 2418
3 2384 2418 2419
3 2388 2384 2419
3 2422 2388 2419
3 2414 2418 2416
3 2410 2414 2416
3 2414 2418 2419
3 2415 2414 2419
3 2415 2414 2410
3 2411 2415 2410
3 2411 2410 2416
3 2417 2411 2416
3 2418 2416 2417
3 2419 2418 2417
3 2415 2419 2417
3 2411 2415 2417
3 2392 2393 2415
3 2415 2413 2408
3 2408 2407 2403
3 2403 2402 2398
3 2398 2397 2392
3 2398 2392 2415
3 2415 2408 2403
3 2415 2403 2398
3 2393 2415 2411
3 2390 2393 2411
3 2390 2393 2392
3 2389 2390 2392
3 2389 2392 2397
3 2394 2389 2397
3 2395 2394 2397
3 2395 2397 2398
3 2395 2398 2402
3 2399 2395 2402
3 2400 2399 2402
3 2400 2402 2403
3 2400 2403 2407
3 2404 2400 2407
3 2405 2404 2407
3 2405 2407 2408
3 2405 2408 2413
3 2409 2405 2413
3 2411 2409 2413
3 2411 2413 2415
3 2389 2390 2411
3 2411 2409 2405
3 2405 2404 2400
3 2400 2399 2395
3 2395 2394 2389
3 2395 2389 2411
3 2411 2405 2400
3 2411 2400 2395
3 2289 2306 2307
3 2290 2289 2307
3 2264 2290 2307
3 2265 2264 2307
3 2243 2265 2307
3 2244 2243 2307
3 2235 2244 2307
3 2237 2235 2307
3 2300 2299 2306
3 2300 2306 2307
3 2237 2307 2300
3 2226 2237 2300
3 2226 2237 2235
3 2225 2226 2235
3 2225 2235 2244
3 2239 2225 2244
3 2239 2244 2243
3 2238 2239 2243
3 2238 2243 2265
3 2250 2238 2265
3 2250 2265 2264
3 2249 2250 2264
3 2249 2264 2290
3 2278 2249 2290
3 2278 2290 2289
3 2277 2278 2289
3 2277 2289 2306
3 2299 2277 2306
3 2277 2299 2300
3 2278 2277 2300
3 2249 2278 2300
3 2250 2249 2300
3 2238 2250 2300
3 2239 2238 2300
3 2225 2239 2300
3 2226 2225 2300
3 1961 1821 1911
3 2049 2066 1961
3 2326 2269 2254
3 2304 2321 2326
3 2212 2298 2248
3 2185 2212 2248
3 2165 2185 2248
3 2147 2173 2165
3 2135 2147 2165
3 2034 2131 2103
3 1996 2034 2103
3 2008 1996 2103
3 1917 2008 2103
3 1961 1911 1917
3 2049 1961 1917
3 2254 2049 1917
3 2304 2326 2254
3 2248 2304 2254
3 2165 2248 2254
3 2135 2165 2254
3 2103 2135 2254
3 1917 2103 2254
3 1714 1821 1961
3 1720 1714 1961
3 1606 1720 1961
3 1568 1600 1606
3 1752 1568 1606
3 1778 1785 1752
3 1961 1889 1882
3 1606 1961 1882
3 1778 1752 1606
3 1882 1778 1606
3 2154 2164 2184
3 2179 2154 2184
3 2246 2275 2310
3 2302 2246 2310
3 2276 2275 2246
3 2247 2276 2246
3 2247 2246 2302
3 2303 2247 2302
3 2311 2303 2302
3 2311 2302 2310
3 2276 2311 2310
3 2276 2310 2275
3 2247 2276 2311
3 2303 2247 2311
3 2101 2118 2136
3 2133 2101 2136
3 2119 2118 2101
3 2102 2119 2101
3 2102 2101 2133
3 2134 2102 2133
3 2137 2134 2133
3 2137 2133 2136
3 2119 2137 2136
3 2119 2136 2118
3 2102 2119 2137
3 2134 2102 2137
3 2301 2245 2295
3 2318 2301 2295
3 2246 2245 2301
3 2302 2246 2301
3 2319 2302 2301
3 2319 2301 2318
3 2296 2319 2318
3 2296 2318 2295
3 2296 2295 2245
3 2246 2296 2245
3 2302 2246 2296
3 2319 2302 2296
3 2132 2100 2128
3 2144 2132 2128
3 2101 2100 2132
3 2133 2101 2132
3 2145 2133 2132
3 2145 2132 2144
3 2129 2145 2144
3 2129 2144 2128
3 2129 2128 2100
3 2101 2129 2100
3 2133 2101 2129
3 2145 2133 2129
3 2304 2248 2298
3 2321 2304 2298
3 2135 2103 2131
3 2147 2135 2131
3 2056 2047 2252
3 2255 2056 2252
3 2048 2047 2056
3 2057 2048 2056
3 2256 2057 2056
3 2256 2056 2255
3 2253 2256 2255
3 2253 2255 2252
3 2253 2252 2047
3 2048 2253 2047
3 2057 2048 2253
3 2256 2057 2253
3 2266 2063 2046
3 2251 2266 2046
3 2267 2064 2063
3 2267 2063 2266
3 2252 2267 2266
3 2252 2266 2251
3 2252 2251 2046
3 2047 2252 2046
3 2047 2046 2063
3 2064 2047 2063
3 2267 2064 2047
3 2252 2267 2047
3 2269 2066 2049
3 2254 2269 2049
3 1780 1776 1880
3 1884 1780 1880
3 1780 1776 1880
3 1884 1780 1880
3 1777 1776 1780
3 1781 1777 1780
3 1885 1781 1780
3 1885 1780 1884
3 1881 1885 1884
3 1881 1884 1880
3 1881 1880 1776
3 1777 1881 1776
3 1781 1777 1881
3 1885 1781 1881
3 1886 1782 1775
3 1879 1886 1775
3 1887 1783 1782
3 1887 1782 1886
3 1880 1887 1886
3 1880 1886 1879
3 1880 1879 1775
3 1776 1880 1775
3 1776 1775 1782
3 1783 1776 1782
3 1887 1783 1776
3 1880 1887 1776
3 1889 1785 1778
3 1882 1889 1778
3 2192 2188 2204
3 2208 2192 2204
3 2189 2188 2192
3 2193 2189 2192
3 2208 2192 2193
3 2209 2208 2193
3 2204 2208 2209
3 2205 2204 2209
3 2205 2204 2188
3 2189 2205 2188
3 2193 2189 2205
3 2209 2193 2205
3 2112 2106 2116
3 2122 2112 2116
3 2107 2106 2112
3 2113 2107 2112
3 2122 2112 2113
3 2123 2122 2113
3 2116 2122 2123
3 2117 2116 2123
3 2117 2116 2106
3 2107 2117 2106
3 2113 2107 2117
3 2123 2113 2117
3 1857 1855 1859
3 1861 1857 1859
3 1856 1855 1857
3 1858 1856 1857
3 1861 1857 1858
3 1862 1861 1858
3 1859 1861 1862
3 1860 1859 1862
3 1860 1859 1855
3 1856 1860 1855
3 1858 1856 1860
3 1862 1858 1860
3 1828 1826 1830
3 1832 1828 1830
3 1827 1826 1828
3 1829 1827 1828
3 1833 1829 1828
3 1833 1828 1832
3 1830 1832 1833
3 1831 1830 1833
3 1827 1826 1830
3 1827 1830 1831
3 1829 1827 1831
3 1833 1829 1831
3 1915 1912 2001
3 2006 1915 2001
3 1913 1912 1915
3 1916 1913 1915
3 2007 1916 1915
3 2007 1915 2006
3 2002 2007 2006
3 2002 2006 2001
3 2002 2001 1912
3 1913 2002 1912
3 1916 1913 2002
3 2007 1916 2002
3 2005 1914 1908
3 1993 2005 1908
3 2006 1915 1914
3 2006 1914 2005
3 1994 2006 2005
3 1994 2005 1993
3 1994 1993 1908
3 1909 1994 1908
3 1909 1908 1914
3 1915 1909 1914
3 2006 1915 1909
3 1994 2006 1909
3 2008 1917 1911
3 1996 2008 1911
3 1604 1601 1715
3 1718 1604 1715
3 1602 1601 1604
3 1605 1602 1604
3 1719 1605 1604
3 1719 1604 1718
3 1716 1719 1718
3 1716 1718 1715
3 1716 1715 1601
3 1602 1716 1601
3 1605 1602 1716
3 1719 1605 1716
3 1717 1603 1597
3 1711 1717 1597
3 1718 1604 1603
3 1718 1603 1717
3 1712 1718 1717
3 1712 1717 1711
3 1712 1711 1597
3 1598 1712 1597
3 1598 1597 1603
3 1604 1598 1603
3 1718 1604 1598
3 1712 1718 1598
3 1720 1606 1600
3 1714 1720 1600
3 1974 1972 1976
3 1978 1974 1976
3 1973 1972 1974
3 1975 1973 1974
3 1978 1974 1975
3 1979 1978 1975
3 1976 1978 1979
3 1977 1976 1979
3 1977 1976 1972
3 1973 1977 1972
3 1975 1973 1977
3 1979 1975 1977
3 1929 1927 1933
3 1935 1929 1933
3 1928 1927 1929
3 1930 1928 1929
3 1935 1929 1930
3 1936 1935 1930
3 1933 1935 1936
3 1934 1933 1936
3 1934 1933 1927
3 1928 1934 1927
3 1930 1928 1934
3 1936 1930 1934
3 1685 1681 1689
3 1695 1685 1689
3 1682 1681 1685
3 1686 1682 1685
3 1696 1686 1685
3 1696 1685 1695
3 1689 1695 1696
3 1690 1689 1696
3 1682 1681 1689
3 1682 1689 1690
3 1686 1682 1690
3 1696 1686 1690
3 1623 1619 1629
3 1635 1623 1629
3 1620 1619 1623
3 1624 1620 1623
3 1635 1623 1624
3 1636 1635 1624
3 1629 1635 1636
3 1630 1629 1636
3 1630 1629 1619
3 1620 1630 1619
3 1624 1620 1630
3 1636 1624 1630
3 1646 1643 1651
3 1654 1646 1651
3 1644 1643 1646
3 1647 1644 1646
3 1654 1646 1647
3 1655 1654 1647
3 1651 1654 1655
3 1652 1651 1655
3 1652 1651 1643
3 1644 1652 1643
3 1647 1644 1652
3 1655 1647 1652
3 1588 1584 1591
3 1594 1588 1591
3 1585 1584 1588
3 1589 1585 1588
3 1594 1588 1589
3 1595 1594 1589
3 1591 1594 1595
3 1592 1591 1595
3 1592 1591 1584
3 1585 1592 1584
3 1589 1585 1592
3 1595 1589 1592
3 1647 1644 1652
3 1655 1647 1652
3 1645 1644 1647
3 1648 1645 1647
3 1655 1647 1648
3 1656 1655 1648
3 1652 1655 1656
3 1653 1652 1656
3 1653 1652 1644
3 1645 1653 1644
3 1648 1645 1653
3 1656 1648 1653
3 1589 1585 1592
3 1595 1589 1592
3 1586 1585 1589
3 1590 1586 1589
3 1595 1589 1590
3 1596 1595 1590
3 1592 1595 1596
3 1593 1592 1596
3 1593 1592 1585
3 1586 1593 1585
3 1590 1586 1593
3 1596 1590 1593
3 2041 2338 2337
3 2041 2337 2040
3 1554 1736 1735
3 1554 1735 1553
3 2041 2338 2337
3 2041 2337 2040
3 1950 1949 2337
3 1950 2337 2338
3 2041 2338 1950
3 1815 2041 1950
3 1814 2040 2041
3 1814 2041 1815
3 1814 2040 2337
3 1949 1814 2337
3 1815 1950 1949
3 1815 1949 1814
3 1554 1736 1735
3 1554 1735 1553
3 1949 1735 1553
3 1814 1949 1553
3 1815 1554 1553
3 1815 1553 1814
3 1736 1554 1815
3 1950 1736 1815
3 1949 1950 1736
3 1949 1736 1735
3 1815 1950 1949
3 1815 1949 1814
3 1923 1821 1834
3 1966 1970 1923
3 2227 2094 2083
3 2196 2227 2083
3 2174 2196 2083
3 2138 2174 2083
3 2025 2156 2138
3 1863 2025 2138
3 1867 1863 2138
3 1838 1867 2138
3 1923 1834 1838
3 1966 1923 1838
3 2083 1966 1838
3 2138 2083 1838
3 1822 1821 1923
3 1925 1822 1923
3 1971 1925 1923
3 1971 1923 1970
3 1967 1971 1970
3 1967 1970 1966
3 2084 1967 1966
3 2084 1966 2083
3 2084 2083 2094
3 2095 2084 2094
3 2228 2095 2094
3 2228 2094 2227
3 2197 2228 2227
3 2197 2227 2196
3 2197 2196 2174
3 2175 2197 2174
3 2139 2175 2174
3 2139 2174 2138
3 2157 2139 2138
3 2157 2138 2156
3 2026 2157 2156
3 2026 2156 2025
3 2026 2025 1863
3 1864 2026 1863
3 1864 1863 1867
3 1868 1864 1867
3 1868 1867 1838
3 1839 1868 1838
3 1835 1839 1838
3 1835 1838 1834
3 1835 1834 1821
3 1822 1835 1821
3 1925 1822 1835
3 1967 1971 1925
3 2228 2095 2084
3 2197 2228 2084
3 2175 2197 2084
3 2139 2175 2084
3 2026 2157 2139
3 1864 2026 2139
3 1868 1864 2139
3 1839 1868 2139
3 1925 1835 1839
3 1967 1925 1839
3 2084 1967 1839
3 2139 2084 1839
3 1794 1821 1923
3 1806 1794 1923
3 1765 1806 1923
3 1568 1753 1765
3 1721 1568 1765
3 1792 1804 1721
3 1923 1894 1890
3 1765 1923 1890
3 1792 1721 1765
3 1890 1792 1765
3 1822 1821 1794
3 1795 1822 1794
3 1795 1794 1806
3 1807 1795 1806
3 1807 1806 1765
3 1766 1807 1765
3 1754 1766 1765
3 1754 1765 1753
3 1754 1753 1568
3 1569 1754 1568
3 1569 1568 1721
3 1722 1569 1721
3 1805 1722 1721
3 1805 1721 1804
3 1793 1805 1804
3 1793 1804 1792
3 1891 1793 1792
3 1891 1792 1890
3 1891 1890 1894
3 1895 1891 1894
3 1925 1895 1894
3 1925 1894 1923
3 1822 1925 1923
3 1822 1923 1821
3 1795 1822 1925
3 1807 1795 1925
3 1766 1807 1925
3 1569 1754 1766
3 1722 1569 1766
3 1793 1805 1722
3 1925 1895 1891
3 1766 1925 1891
3 1793 1722 1766
3 1891 1793 1766
3 1722 1570 1723
3 1925 1926 1723
3 1925 1723 1722
3 1925 1722 1570
3 1823 1925 1570
3 1723 1570 1823
3 1926 1723 1823
3 1925 1823 1926
3 2156 2200 2174
3 2138 2156 2174
3 2157 2201 2200
3 2157 2200 2156
3 2157 2156 2138
3 2139 2157 2138
3 2139 2138 2174
3 2175 2139 2174
3 2201 2175 2174
3 2201 2174 2200
3 2157 2201 2175
3 2139 2157 2175
3 2228 2026 2229
3 1947 1919 1923
3 1771 1773 1790
3 1788 1771 1790
3 1951 1788 1790
3 1947 1923 1951
3 1790 1947 1951
3 1920 1919 1947
3 1948 1920 1947
3 1948 1947 1790
3 1791 1948 1790
3 1774 1791 1790
3 1774 1790 1773
3 1774 1773 1771
3 1772 1774 1771
3 1772 1771 1788
3 1789 1772 1788
3 1952 1789 1788
3 1952 1788 1951
3 1924 1952 1951
3 1924 1951 1923
3 1924 1923 1919
3 1920 1924 1919
3 1948 1920 1924
3 1772 1774 1791
3 1789 1772 1791
3 1952 1789 1791
3 1948 1924 1952
3 1791 1948 1952
3 1923 1931 1962
3 1951 1923 1962
3 2216 1951 1962
3 2148 2158 2216
3 2194 2148 2216
3 1962 2194 2216
3 1932 1931 1923
3 1924 1932 1923
3 1924 1923 1951
3 1952 1924 1951
3 2217 1952 1951
3 2217 1951 2216
3 2159 2217 2216
3 2159 2216 2158
3 2159 2158 2148
3 2149 2159 2148
3 2149 2148 2194
3 2195 2149 2194
3 2195 2194 1962
3 1963 2195 1962
3 1932 1963 1962
3 1932 1962 1931
3 1924 1932 1963
3 1952 1924 1963
3 2217 1952 1963
3 2149 2159 2217
3 2195 2149 2217
3 1963 2195 2217
3 1896 1897 1918
3 2035 1918 1896
3 2017 2035 1896
3 1897 1896 2017
3 2018 1897 2017
3 1918 1897 2018
3 2035 1918 2018
3 2017 2018 2035
3 1968 1966 2083
3 2092 1968 2083
3 1967 1966 1968
3 1969 1967 1968
3 2093 1969 1968
3 2093 1968 2092
3 2084 2093 2092
3 2084 2092 2083
3 2084 2083 1966
3 1967 2084 1966
3 1969 1967 2084
3 2093 1969 2084
3 1792 1890 1892
3 1798 1792 1892
3 1891 1890 1792
3 1793 1891 1792
3 1793 1792 1798
3 1799 1793 1798
3 1893 1799 1798
3 1893 1798 1892
3 1891 1893 1892
3 1891 1892 1890
3 1793 1891 1893
3 1799 1793 1893
3 1838 1836 1865
3 1867 1838 1865
3 1837 1836 1838
3 1839 1837 1838
3 1868 1839 1838
3 1868 1838 1867
3 1866 1868 1867
3 1866 1867 1865
3 1866 1865 1836
3 1837 1866 1836
3 1839 1837 1866
3 1868 1839 1866
3 1759 1802 1806
3 1765 1759 1806
3 1803 1802 1759
3 1760 1803 1759
3 1760 1759 1765
3 1766 1760 1765
3 1807 1766 1765
3 1807 1765 1806
3 1803 1807 1806
3 1803 1806 1802
3 1760 1803 1807
3 1766 1760 1807
3 1495 1557 1561
3 1501 1495 1561
3 1607 1737 1741
3 1611 1607 1741
3 1738 1744 1614
3 1608 1738 1614
3 1522 1525 1381
3 1378 1522 1381
3 1577 1573 1724
3 1728 1577 1724
3 1812 1747 1761
3 1631 1627 1812
3 1824 1631 1812
3 1761 1824 1812
3 1748 1747 1812
3 1813 1748 1812
3 1813 1812 1627
3 1628 1813 1627
3 1628 1627 1631
3 1632 1628 1631
3 1825 1632 1631
3 1825 1631 1824
3 1762 1825 1824
3 1762 1824 1761
3 1762 1761 1747
3 1748 1762 1747
3 1813 1748 1762
3 1632 1628 1813
3 1825 1632 1813
3 1762 1825 1813
3 1516 1528 1751
3 1526 1516 1751
3 1382 1526 1751
3 1282 1372 1382
3 1485 1282 1382
3 1498 1506 1485
3 1616 1566 1560
3 1610 1616 1560
3 1751 1746 1740
3 1382 1751 1740
3 1498 1485 1382
3 1560 1498 1382
3 1610 1560 1382
3 1740 1610 1382
3 1740 1746 1616
3 1610 1740 1616
3 1607 1737 1741
3 1611 1607 1741
3 1739 1737 1607
3 1609 1739 1607
3 1609 1607 1611
3 1612 1609 1611
3 1742 1612 1611
3 1742 1611 1741
3 1739 1742 1741
3 1739 1741 1737
3 1609 1739 1742
3 1612 1609 1742
3 1495 1557 1561
3 1501 1495 1561
3 1559 1557 1495
3 1497 1559 1495
3 1497 1495 1501
3 1502 1497 1501
3 1562 1502 1501
3 1562 1501 1561
3 1559 1562 1561
3 1559 1561 1557
3 1497 1559 1562
3 1502 1497 1562
3 1560 1566 1506
3 1498 1560 1506
3 1558 1564 1504
3 1496 1558 1504
3 1701 1699 1703
3 1705 1701 1703
3 1700 1699 1701
3 1702 1700 1701
3 1705 1701 1702
3 1706 1705 1702
3 1703 1705 1706
3 1704 1703 1706
3 1704 1703 1699
3 1700 1704 1699
3 1702 1700 1704
3 1706 1702 1704
3 1659 1657 1661
3 1663 1659 1661
3 1658 1657 1659
3 1660 1658 1659
3 1663 1659 1660
3 1664 1663 1660
3 1661 1663 1664
3 1662 1661 1664
3 1662 1661 1657
3 1658 1662 1657
3 1660 1658 1662
3 1664 1660 1662
3 1372 1516 1526
3 1382 1372 1526
3 1522 1525 1381
3 1378 1522 1381
3 1380 1524 1525
3 1380 1525 1381
3 1380 1381 1378
3 1375 1380 1378
3 1375 1378 1522
3 1519 1375 1522
3 1524 1519 1522
3 1524 1522 1525
3 1519 1524 1380
3 1375 1519 1380
3 1369 1513 1523
3 1379 1369 1523
3 1514 1513 1369
3 1370 1514 1369
3 1370 1369 1379
3 1380 1370 1379
3 1524 1380 1379
3 1524 1379 1523
3 1514 1524 1523
3 1514 1523 1513
3 1370 1514 1524
3 1380 1370 1524
3 1486 1316 1403
3 1576 1583 1486
3 1752 1734 1727
3 1568 1752 1727
3 1532 1568 1727
3 1538 1532 1727
3 1409 1538 1727
3 1486 1403 1409
3 1576 1486 1409
3 1727 1576 1409
3 1574 1725 1729
3 1578 1574 1729
3 1574 1725 1729
3 1578 1574 1729
3 1726 1725 1574
3 1575 1726 1574
3 1575 1574 1578
3 1579 1575 1578
3 1730 1579 1578
3 1730 1578 1729
3 1726 1730 1729
3 1726 1729 1725
3 1575 1726 1730
3 1579 1575 1730
3 1724 1731 1580
3 1573 1724 1580
3 1725 1732 1731
3 1725 1731 1724
3 1725 1724 1573
3 1574 1725 1573
3 1574 1573 1580
3 1581 1574 1580
3 1732 1581 1580
3 1732 1580 1731
3 1725 1732 1581
3 1574 1725 1581
3 1727 1734 1583
3 1576 1727 1583
3 1621 1633 1637
3 1625 1621 1637
3 1622 1621 1633
3 1622 1633 1634
3 1626 1625 1621
3 1626 1621 1622
3 1638 1626 1625
3 1638 1625 1637
3 1634 1638 1637
3 1634 1637 1633
3 1622 1634 1638
3 1626 1622 1638
3 1683 1691 1697
3 1687 1683 1697
3 1692 1691 1683
3 1684 1692 1683
3 1688 1687 1683
3 1688 1683 1684
3 1697 1687 1688
3 1698 1697 1688
3 1692 1698 1697
3 1692 1697 1691
3 1684 1692 1698
3 1688 1684 1698
3 1404 1533 1536
3 1407 1404 1536
3 1534 1533 1404
3 1405 1534 1404
3 1405 1404 1407
3 1408 1405 1407
3 1537 1408 1407
3 1537 1407 1536
3 1534 1537 1536
3 1534 1536 1533
3 1405 1534 1537
3 1408 1405 1537
3 1529 1535 1406
3 1400 1529 1406
3 1530 1536 1535
3 1530 1535 1529
3 1530 1529 1400
3 1401 1530 1400
3 1401 1400 1406
3 1407 1401 1406
3 1536 1407 1406
3 1536 1406 1535
3 1530 1536 1407
3 1401 1530 1407
3 1532 1538 1409
3 1403 1532 1409
3 1435 1439 1441
3 1437 1435 1441
3 1436 1435 1439
3 1436 1439 1440
3 1438 1437 1435
3 1438 1435 1436
3 1442 1438 1437
3 1442 1437 1441
3 1440 1442 1441
3 1440 1441 1439
3 1436 1440 1442
3 1438 1436 1442
3 1489 1493 1499
3 1491 1489 1499
3 1490 1489 1493
3 1490 1493 1494
3 1492 1491 1489
3 1492 1489 1490
3 1500 1492 1491
3 1500 1491 1499
3 1494 1500 1499
3 1494 1499 1493
3 1490 1494 1500
3 1492 1490 1500
3 1422 1428 1431
3 1425 1422 1431
3 1423 1422 1428
3 1423 1428 1429
3 1426 1425 1422
3 1426 1422 1423
3 1432 1426 1425
3 1432 1425 1431
3 1429 1432 1431
3 1429 1431 1428
3 1423 1429 1432
3 1426 1423 1432
3 1461 1469 1474
3 1466 1461 1474
3 1462 1461 1469
3 1462 1469 1470
3 1467 1466 1461
3 1467 1461 1462
3 1475 1467 1466
3 1475 1466 1474
3 1470 1475 1474
3 1470 1474 1469
3 1462 1470 1475
3 1467 1462 1475
3 1423 1429 1432
3 1426 1423 1432
3 1424 1423 1429
3 1424 1429 1430
3 1427 1426 1423
3 1427 1423 1424
3 1433 1427 1426
3 1433 1426 1432
3 1430 1433 1432
3 1430 1432 1429
3 1424 1430 1433
3 1427 1424 1433
3 1462 1470 1475
3 1467 1462 1475
3 1463 1462 1470
3 1463 1470 1471
3 1468 1467 1462
3 1468 1462 1463
3 1476 1468 1467
3 1476 1467 1475
3 1471 1476 1475
3 1471 1475 1470
3 1463 1471 1476
3 1468 1463 1476
3 1555 1735 1736
3 1556 1555 1736
3 1555 1735 1736
3 1556 1555 1736
3 1473 1472 1735
3 1473 1735 1736
3 1556 1736 1473
3 1310 1556 1473
3 1310 1556 1555
3 1309 1310 1555
3 1309 1555 1735
3 1472 1309 1735
3 1309 1472 1473
3 1310 1309 1473
3 1445 1316 1329
3 1507 1511 1445
3 1721 1649 1639
3 1568 1721 1639
3 1353 1568 1639
3 1357 1353 1639
3 1333 1357 1639
3 1445 1329 1333
3 1507 1445 1333
3 1639 1507 1333
3 1317 1316 1445
3 1447 1317 1445
3 1512 1447 1445
3 1512 1445 1511
3 1508 1512 1511
3 1508 1511 1507
3 1640 1508 1507
3 1640 1507 1639
3 1640 1639 1649
3 1650 1640 1649
3 1722 1650 1649
3 1722 1649 1721
3 1569 1722 1721
3 1569 1721 1568
3 1569 1568 1353
3 1354 1569 1353
3 1354 1353 1357
3 1358 1354 1357
3 1358 1357 1333
3 1334 1358 1333
3 1330 1334 1333
3 1330 1333 1329
3 1330 1329 1316
3 1317 1330 1316
3 1447 1317 1330
3 1508 1512 1447
3 1722 1650 1640
3 1569 1722 1640
3 1354 1569 1640
3 1358 1354 1640
3 1334 1358 1640
3 1447 1330 1334
3 1508 1447 1334
3 1640 1508 1334
3 1722 1723 1570
3 1570 1723 1448
3 1318 1570 1448
3 1318 1570 1722
3 1447 1318 1722
3 1723 1722 1447
3 1448 1723 1447
3 1447 1448 1318
3 1445 1449 1487
3 1477 1445 1487
3 1709 1477 1487
3 1675 1693 1709
3 1707 1675 1709
3 1487 1707 1709
3 1450 1449 1445
3 1446 1450 1445
3 1446 1445 1477
3 1478 1446 1477
3 1710 1478 1477
3 1710 1477 1709
3 1694 1710 1709
3 1694 1709 1693
3 1694 1693 1675
3 1676 1694 1675
3 1676 1675 1707
3 1708 1676 1707
3 1708 1707 1487
3 1488 1708 1487
3 1450 1488 1487
3 1450 1487 1449
3 1446 1450 1488
3 1478 1446 1488
3 1710 1478 1488
3 1676 1694 1710
3 1708 1676 1710
3 1488 1708 1710
3 1509 1507 1639
3 1641 1509 1639
3 1508 1507 1509
3 1510 1508 1509
3 1642 1510 1509
3 1642 1509 1641
3 1640 1642 1641
3 1640 1641 1639
3 1640 1639 1507
3 1508 1640 1507
3 1510 1508 1640
3 1642 1510 1640
3 1333 1331 1355
3 1357 1333 1355
3 1332 1331 1333
3 1334 1332 1333
3 1358 1334 1333
3 1358 1333 1357
3 1356 1358 1357
3 1356 1357 1355
3 1356 1355 1331
3 1332 1356 1331
3 1334 1332 1356
3 1358 1334 1356
3 1410 1411 1434
3 1587 1434 1410
3 1571 1587 1410
3 1411 1410 1571
3 1572 1411 1571
3 1434 1411 1572
3 1587 1434 1572
3 1571 1572 1587
3 1750 1844 1618
3 1484 1750 1618
3 1617 1843 1844
3 1617 1844 1618
3 1617 1618 1484
3 1483 1617 1484
3 1483 1484 1750
3 1749 1483 1750
3 1843 1749 1750
3 1843 1750 1844
3 1749 1843 1617
3 1483 1749 1617
3 1048 1230 1231
3 1049 1048 1231
3 1416 1412 1451
3 1455 1416 1451
3 1258 1250 1359
3 1363 1258 1359
3 1366 1263 1251
3 1360 1366 1251
3 1174 1044 1041
3 1169 1174 1041
3 1270 1383 1387
3 1274 1270 1387
3 1242 1256 1313
3 1311 1242 1313
3 1481 1311 1313
3 1479 1481 1313
3 1257 1256 1242
3 1243 1257 1242
3 1243 1242 1311
3 1312 1243 1311
3 1482 1312 1311
3 1482 1311 1481
3 1480 1482 1481
3 1480 1481 1479
3 1480 1479 1313
3 1314 1480 1313
3 1257 1314 1313
3 1257 1313 1256
3 1243 1257 1314
3 1312 1243 1314
3 1482 1312 1314
3 1480 1482 1314
3 1246 1021 1035
3 1253 1265 1246
3 1421 1368 1362
3 1415 1421 1362
3 1454 1415 1362
3 1485 1460 1454
3 1282 1485 1454
3 1163 1282 1454
3 1175 1163 1454
3 1045 1175 1454
3 1246 1035 1045
3 1253 1246 1045
3 1362 1253 1045
3 1454 1362 1045
3 1368 1265 1253
3 1362 1368 1253
3 1258 1250 1359
3 1363 1258 1359
3 1252 1250 1258
3 1259 1252 1258
3 1364 1259 1258
3 1364 1258 1363
3 1361 1364 1363
3 1361 1363 1359
3 1361 1359 1250
3 1252 1361 1250
3 1259 1252 1361
3 1364 1259 1361
3 1416 1412 1451
3 1455 1416 1451
3 1414 1412 1416
3 1417 1414 1416
3 1456 1417 1416
3 1456 1416 1455
3 1453 1456 1455
3 1453 1455 1451
3 1453 1451 1412
3 1414 1453 1412
3 1417 1414 1453
3 1456 1417 1453
3 1460 1421 1415
3 1454 1460 1415
3 1458 1419 1413
3 1452 1458 1413
3 1291 1303 1305
3 1295 1291 1305
3 1292 1291 1303
3 1292 1303 1304
3 1296 1295 1291
3 1296 1291 1292
3 1306 1296 1295
3 1306 1295 1305
3 1304 1306 1305
3 1304 1305 1303
3 1292 1304 1306
3 1296 1292 1306
3 1337 1341 1343
3 1339 1337 1343
3 1342 1341 1337
3 1338 1342 1337
3 1340 1339 1337
3 1340 1337 1338
3 1343 1339 1340
3 1344 1343 1340
3 1342 1344 1343
3 1342 1343 1341
3 1338 1342 1344
3 1340 1338 1344
3 1045 1035 1163
3 1175 1045 1163
3 1174 1044 1041
3 1169 1174 1041
3 1043 1044 1041
3 1038 1043 1041
3 1038 1041 1169
3 1166 1038 1169
3 1173 1166 1169
3 1173 1169 1174
3 1043 1173 1174
3 1043 1174 1044
3 1173 1043 1038
3 1166 1173 1038
3 1042 1032 1160
3 1172 1042 1160
3 1033 1032 1042
3 1043 1033 1042
3 1173 1043 1042
3 1173 1042 1172
3 1161 1173 1172
3 1161 1172 1160
3 1161 1160 1032
3 1033 1161 1032
3 1043 1033 1161
3 1173 1043 1161
3 1209 1316 1486
3 1215 1209 1486
3 1099 1215 1486
3 1061 1093 1099
3 1247 1061 1099
3 1273 1280 1247
3 1486 1393 1386
3 1099 1486 1386
3 1273 1247 1099
3 1386 1273 1099
3 1275 1271 1384
3 1388 1275 1384
3 1275 1271 1384
3 1388 1275 1384
3 1272 1271 1275
3 1276 1272 1275
3 1389 1276 1275
3 1389 1275 1388
3 1385 1389 1388
3 1385 1388 1384
3 1385 1384 1271
3 1272 1385 1271
3 1276 1272 1385
3 1389 1276 1385
3 1390 1277 1270
3 1383 1390 1270
3 1391 1278 1277
3 1391 1277 1390
3 1384 1391 1390
3 1384 1390 1383
3 1384 1383 1270
3 1271 1384 1270
3 1271 1270 1277
3 1278 1271 1277
3 1391 1278 1271
3 1384 1391 1271
3 1393 1280 1273
3 1386 1393 1273
3 1347 1345 1349
3 1351 1347 1349
3 1346 1345 1347
3 1348 1346 1347
3 1351 1347 1348
3 1352 1351 1348
3 1349 1351 1352
3 1350 1349 1352
3 1350 1349 1345
3 1346 1350 1345
3 1348 1346 1350
3 1352 1348 1350
3 1323 1321 1325
3 1327 1323 1325
3 1322 1321 1323
3 1324 1322 1323
3 1328 1324 1323
3 1328 1323 1327
3 1325 1327 1328
3 1326 1325 1328
3 1322 1321 1325
3 1322 1325 1326
3 1324 1322 1326
3 1328 1324 1326
3 1097 1094 1210
3 1213 1097 1210
3 1095 1094 1097
3 1098 1095 1097
3 1214 1098 1097
3 1214 1097 1213
3 1211 1214 1213
3 1211 1213 1210
3 1211 1210 1094
3 1095 1211 1094
3 1098 1095 1211
3 1214 1098 1211
3 1212 1096 1090
3 1206 1212 1090
3 1213 1097 1096
3 1213 1096 1212
3 1207 1213 1212
3 1207 1212 1206
3 1207 1206 1090
3 1091 1207 1090
3 1091 1090 1096
3 1097 1091 1096
3 1213 1097 1091
3 1207 1213 1091
3 1215 1099 1093
3 1209 1215 1093
3 1180 1176 1184
3 1190 1180 1184
3 1177 1176 1180
3 1181 1177 1180
3 1191 1181 1180
3 1191 1180 1190
3 1184 1190 1191
3 1185 1184 1191
3 1177 1176 1184
3 1177 1184 1185
3 1181 1177 1185
3 1191 1181 1185
3 1118 1114 1124
3 1130 1118 1124
3 1115 1114 1118
3 1119 1115 1118
3 1130 1118 1119
3 1131 1130 1119
3 1124 1130 1131
3 1125 1124 1131
3 1125 1124 1114
3 1115 1125 1114
3 1119 1115 1125
3 1131 1119 1125
3 1141 1138 1146
3 1149 1141 1146
3 1139 1138 1141
3 1142 1139 1141
3 1150 1142 1141
3 1150 1141 1149
3 1146 1149 1150
3 1147 1146 1150
3 1139 1138 1146
3 1139 1146 1147
3 1142 1139 1147
3 1150 1142 1147
3 1081 1077 1084
3 1087 1081 1084
3 1078 1077 1081
3 1082 1078 1081
3 1087 1081 1082
3 1088 1087 1082
3 1084 1087 1088
3 1085 1084 1088
3 1085 1084 1077
3 1078 1085 1077
3 1082 1078 1085
3 1088 1082 1085
3 1142 1139 1147
3 1150 1142 1147
3 1140 1139 1142
3 1143 1140 1142
3 1150 1142 1143
3 1151 1150 1143
3 1147 1150 1151
3 1148 1147 1151
3 1148 1147 1139
3 1140 1148 1139
3 1143 1140 1148
3 1151 1143 1148
3 1082 1078 1085
3 1088 1082 1085
3 1079 1078 1082
3 1083 1079 1082
3 1089 1083 1082
3 1089 1082 1088
3 1085 1088 1089
3 1086 1085 1089
3 1079 1078 1085
3 1079 1085 1086
3 1083 1079 1086
3 1089 1083 1086
3 1047 1231 1230
3 1047 1230 1046
3 1047 1231 1230
3 1047 1230 1046
3 1472 1230 1046
3 1309 1472 1046
3 1310 1047 1046
3 1310 1046 1309
3 1231 1047 1310
3 1473 1231 1310
3 1472 1473 1231
3 1472 1231 1230
3 1310 1473 1472
3 1310 1472 1309
3 1289 1316 1445
3 1301 1289 1445
3 1260 1301 1445
3 1061 1248 1260
3 1216 1061 1260
3 1287 1299 1216
3 1445 1398 1394
3 1260 1445 1394
3 1287 1216 1260
3 1394 1287 1260
3 1317 1316 1289
3 1290 1317 1289
3 1290 1289 1301
3 1302 1290 1301
3 1302 1301 1260
3 1261 1302 1260
3 1249 1261 1260
3 1249 1260 1248
3 1249 1248 1061
3 1062 1249 1061
3 1062 1061 1216
3 1217 1062 1216
3 1300 1217 1216
3 1300 1216 1299
3 1288 1300 1299
3 1288 1299 1287
3 1395 1288 1287
3 1395 1287 1394
3 1395 1394 1398
3 1399 1395 1398
3 1447 1399 1398
3 1447 1398 1445
3 1317 1447 1445
3 1317 1445 1316
3 1290 1317 1447
3 1302 1290 1447
3 1261 1302 1447
3 1062 1249 1261
3 1217 1062 1261
3 1288 1300 1217
3 1447 1399 1395
3 1261 1447 1395
3 1288 1217 1261
3 1395 1288 1261
3 1217 1063 1218
3 1447 1448 1218
3 1447 1218 1217
3 1447 1217 1063
3 1318 1447 1063
3 1218 1063 1318
3 1448 1218 1318
3 1447 1318 1448
3 1464 1443 1445
3 1266 1268 1285
3 1283 1266 1285
3 1477 1283 1285
3 1464 1445 1477
3 1285 1464 1477
3 1444 1443 1464
3 1465 1444 1464
3 1465 1464 1285
3 1286 1465 1285
3 1269 1286 1285
3 1269 1285 1268
3 1269 1268 1266
3 1267 1269 1266
3 1267 1266 1283
3 1284 1267 1283
3 1478 1284 1283
3 1478 1283 1477
3 1446 1478 1477
3 1446 1477 1445
3 1446 1445 1443
3 1444 1446 1443
3 1465 1444 1446
3 1267 1269 1286
3 1284 1267 1286
3 1478 1284 1286
3 1465 1446 1478
3 1286 1465 1478
3 1287 1394 1396
3 1293 1287 1396
3 1395 1394 1287
3 1288 1395 1287
3 1288 1287 1293
3 1294 1288 1293
3 1397 1294 1293
3 1397 1293 1396
3 1395 1397 1396
3 1395 1396 1394
3 1288 1395 1397
3 1294 1288 1397
3 1254 1297 1301
3 1260 1254 1301
3 1298 1297 1254
3 1255 1298 1254
3 1255 1254 1260
3 1261 1255 1260
3 1302 1261 1260
3 1302 1260 1301
3 1298 1302 1301
3 1298 1301 1297
3 1255 1298 1302
3 1261 1255 1302
3 1618 1336 1245
3 1484 1618 1245
3 1335 1336 1245
3 1244 1335 1245
3 1244 1245 1484
3 1483 1244 1484
3 1617 1483 1484
3 1617 1484 1618
3 1335 1617 1618
3 1335 1618 1336
3 1617 1335 1244
3 1483 1617 1244
3 1047 1231 1230
3 1047 1230 1046
3 986 1050 1054
3 992 986 1054
3 1100 1232 1236
3 1104 1100 1236
3 1233 1239 1107
3 1101 1233 1107
3 1013 1016 862
3 859 1013 862
3 1070 1066 1219
3 1223 1070 1219
3 1307 1242 1256
3 1126 1122 1307
3 1319 1126 1307
3 1256 1319 1307
3 1243 1242 1307
3 1308 1243 1307
3 1308 1307 1122
3 1123 1308 1122
3 1123 1122 1126
3 1127 1123 1126
3 1320 1127 1126
3 1320 1126 1319
3 1257 1320 1319
3 1257 1319 1256
3 1257 1256 1242
3 1243 1257 1242
3 1308 1243 1257
3 1127 1123 1308
3 1320 1127 1308
3 1257 1320 1308
3 1007 1019 1246
3 1017 1007 1246
3 863 1017 1246
3 759 853 863
3 976 759 863
3 989 997 976
3 1109 1059 1053
3 1103 1109 1053
3 1235 1103 1053
3 1246 1241 1235
3 863 1246 1235
3 989 976 863
3 1053 989 863
3 1235 1053 863
3 1235 1241 1109
3 1103 1235 1109
3 1100 1232 1236
3 1104 1100 1236
3 1234 1232 1100
3 1102 1234 1100
3 1102 1100 1104
3 1105 1102 1104
3 1237 1105 1104
3 1237 1104 1236
3 1234 1237 1236
3 1234 1236 1232
3 1102 1234 1237
3 1105 1102 1237
3 986 1050 1054
3 992 986 1054
3 1052 1050 986
3 988 1052 986
3 988 986 992
3 993 988 992
3 1055 993 992
3 1055 992 1054
3 1052 1055 1054
3 1052 1054 1050
3 988 1052 1055
3 993 988 1055
3 1053 1059 997
3 989 1053 997
3 1051 1057 995
3 987 1051 995
3 1196 1194 1198
3 1200 1196 1198
3 1195 1194 1196
3 1197 1195 1196
3 1200 1196 1197
3 1201 1200 1197
3 1198 1200 1201
3 1199 1198 1201
3 1199 1198 1194
3 1195 1199 1194
3 1197 1195 1199
3 1201 1197 1199
3 1154 1152 1156
3 1158 1154 1156
3 1153 1152 1154
3 1155 1153 1154
3 1158 1154 1155
3 1159 1158 1155
3 1156 1158 1159
3 1157 1156 1159
3 1157 1156 1152
3 1153 1157 1152
3 1155 1153 1157
3 1159 1155 1157
3 853 1007 1017
3 863 853 1017
3 1013 1016 862
3 859 1013 862
3 861 1015 1016
3 861 1016 862
3 861 862 859
3 856 861 859
3 856 859 1013
3 1010 856 1013
3 1015 1010 1013
3 1015 1013 1016
3 1010 1015 861
3 856 1010 861
3 850 1004 1014
3 860 850 1014
3 1005 1004 850
3 851 1005 850
3 851 850 860
3 861 851 860
3 1015 861 860
3 1015 860 1014
3 1005 1015 1014
3 1005 1014 1004
3 851 1005 1015
3 861 851 1015
3 977 795 884
3 1069 1076 977
3 1247 1229 1222
3 1061 1247 1222
3 1025 1061 1222
3 1031 1025 1222
3 890 1031 1222
3 977 884 890
3 1069 977 890
3 1222 1069 890
3 1067 1220 1224
3 1071 1067 1224
3 1067 1220 1224
3 1071 1067 1224
3 1221 1220 1067
3 1068 1221 1067
3 1068 1067 1071
3 1072 1068 1071
3 1225 1072 1071
3 1225 1071 1224
3 1221 1225 1224
3 1221 1224 1220
3 1068 1221 1225
3 1072 1068 1225
3 1219 1226 1073
3 1066 1219 1073
3 1220 1227 1226
3 1220 1226 1219
3 1220 1219 1066
3 1067 1220 1066
3 1067 1066 1073
3 1074 1067 1073
3 1227 1074 1073
3 1227 1073 1226
3 1220 1227 1074
3 1067 1220 1074
3 1222 1229 1076
3 1069 1222 1076
3 1116 1128 1132
3 1120 1116 1132
3 1129 1128 1116
3 1117 1129 1116
3 1121 1120 1116
3 1121 1116 1117
3 1132 1120 1121
3 1133 1132 1121
3 1129 1133 1132
3 1129 1132 1128
3 1117 1129 1133
3 1121 1117 1133
3 1178 1186 1192
3 1182 1178 1192
3 1179 1178 1186
3 1179 1186 1187
3 1183 1182 1178
3 1183 1178 1179
3 1193 1183 1182
3 1193 1182 1192
3 1187 1193 1192
3 1187 1192 1186
3 1179 1187 1193
3 1183 1179 1193
3 885 1026 1029
3 888 885 1029
3 1027 1026 885
3 886 1027 885
3 886 885 888
3 889 886 888
3 1030 889 888
3 1030 888 1029
3 1027 1030 1029
3 1027 1029 1026
3 886 1027 1030
3 889 886 1030
3 1022 1028 887
3 881 1022 887
3 1023 1029 1028
3 1023 1028 1022
3 1023 1022 881
3 882 1023 881
3 882 881 887
3 888 882 887
3 1029 888 887
3 1029 887 1028
3 1023 1029 888
3 882 1023 888
3 1025 1031 890
3 884 1025 890
3 916 920 922
3 918 916 922
3 917 916 920
3 917 920 921
3 919 918 916
3 919 916 917
3 923 919 918
3 923 918 922
3 921 923 922
3 921 922 920
3 917 921 923
3 919 917 923
3 980 984 990
3 982 980 990
3 981 980 984
3 981 984 985
3 983 982 980
3 983 980 981
3 991 983 982
3 991 982 990
3 985 991 990
3 985 990 984
3 981 985 991
3 983 981 991
3 903 909 912
3 906 903 912
3 910 909 903
3 904 910 903
3 907 906 903
3 907 903 904
3 912 906 907
3 913 912 907
3 910 913 912
3 910 912 909
3 904 910 913
3 907 904 913
3 946 954 959
3 951 946 959
3 947 946 954
3 947 954 955
3 952 951 946
3 952 946 947
3 960 952 951
3 960 951 959
3 955 960 959
3 955 959 954
3 947 955 960
3 952 947 960
3 904 910 913
3 907 904 913
3 905 904 910
3 905 910 911
3 908 907 904
3 908 904 905
3 914 908 907
3 914 907 913
3 911 914 913
3 911 913 910
3 905 911 914
3 908 905 914
3 947 955 960
3 952 947 960
3 948 947 955
3 948 955 956
3 953 952 947
3 953 947 948
3 961 953 952
3 961 952 960
3 956 961 960
3 956 960 955
3 948 956 961
3 953 948 961
3 1046 1230 1231
3 1047 1046 1231
3 1046 1230 1231
3 1047 1046 1231
3 958 957 1230
3 958 1230 1231
3 1047 1231 958
3 789 1047 958
3 789 1047 1046
3 788 789 1046
3 788 1046 1230
3 957 788 1230
3 788 957 958
3 789 788 958
3 930 795 808
3 998 1002 930
3 1216 1144 1134
3 1061 1216 1134
3 834 1061 1134
3 838 834 1134
3 812 838 1134
3 930 808 812
3 998 930 812
3 1134 998 812
3 796 795 930
3 932 796 930
3 1003 932 930
3 1003 930 1002
3 999 1003 1002
3 999 1002 998
3 1135 999 998
3 1135 998 1134
3 1135 1134 1144
3 1145 1135 1144
3 1217 1145 1144
3 1217 1144 1216
3 1062 1217 1216
3 1062 1216 1061
3 1062 1061 834
3 835 1062 834
3 835 834 838
3 839 835 838
3 839 838 812
3 813 839 812
3 809 813 812
3 809 812 808
3 809 808 795
3 796 809 795
3 932 796 809
3 999 1003 932
3 1217 1145 1135
3 1062 1217 1135
3 835 1062 1135
3 839 835 1135
3 813 839 1135
3 932 809 813
3 999 932 813
3 1135 999 813
3 1217 1218 1063
3 1063 1218 933
3 797 1063 933
3 797 1063 1217
3 932 797 1217
3 1218 1217 932
3 933 1218 932
3 932 933 797
3 930 934 978
3 964 930 978
3 1204 964 978
3 1170 1188 1204
3 1202 1170 1204
3 978 1202 1204
3 935 934 930
3 931 935 930
3 931 930 964
3 965 931 964
3 1205 965 964
3 1205 964 1204
3 1189 1205 1204
3 1189 1204 1188
3 1189 1188 1170
3 1171 1189 1170
3 1171 1170 1202
3 1203 1171 1202
3 1203 1202 978
3 979 1203 978
3 935 979 978
3 935 978 934
3 931 935 979
3 965 931 979
3 1205 965 979
3 1171 1189 1205
3 1203 1171 1205
3 979 1203 1205
3 1000 998 1134
3 1136 1000 1134
3 999 998 1000
3 1001 999 1000
3 1137 1001 1000
3 1137 1000 1136
3 1135 1137 1136
3 1135 1136 1134
3 1135 1134 998
3 999 1135 998
3 1001 999 1135
3 1137 1001 1135
3 812 810 836
3 838 812 836
3 811 810 812
3 813 811 812
3 839 813 812
3 839 812 838
3 837 839 838
3 837 838 836
3 837 836 810
3 811 837 810
3 813 811 837
3 839 813 837
3 1245 1336 1113
3 975 1245 1113
3 1112 1335 1336
3 1112 1336 1113
3 1112 1113 975
3 974 1112 975
3 974 975 1245
3 1244 974 1245
3 1335 1244 1245
3 1335 1245 1336
3 1244 1335 1112
3 974 1244 1112
3 891 892 915
3 1080 915 891
3 1064 1080 891
3 892 891 1064
3 1065 892 1064
3 915 892 1065
3 1080 915 1065
3 1064 1065 1080
3 520 703 704
3 521 520 704
3 897 893 936
3 940 897 936
3 735 727 840
3 844 735 840
3 847 740 728
3 841 847 728
3 647 514 511
3 642 647 511
3 747 864 868
3 751 747 868
3 717 733 792
3 790 717 792
3 968 790 792
3 966 968 792
3 734 733 717
3 718 734 717
3 718 717 790
3 791 718 790
3 969 791 790
3 969 790 968
3 967 969 968
3 967 968 966
3 967 966 792
3 793 967 792
3 734 793 792
3 734 792 733
3 718 734 793
3 791 718 793
3 969 791 793
3 967 969 793
3 725 491 505
3 730 742 725
3 902 849 843
3 896 902 843
3 939 896 843
3 972 945 939
3 759 972 939
3 636 759 939
3 648 636 939
3 515 648 939
3 725 505 515
3 730 725 515
3 843 730 515
3 939 843 515
3 849 742 730
3 843 849 730
3 735 727 840
3 844 735 840
3 729 727 735
3 736 729 735
3 845 736 735
3 845 735 844
3 842 845 844
3 842 844 840
3 842 840 727
3 729 842 727
3 736 729 842
3 845 736 842
3 897 893 936
3 940 897 936
3 895 893 897
3 898 895 897
3 941 898 897
3 941 897 940
3 938 941 940
3 938 940 936
3 938 936 893
3 895 938 893
3 898 895 938
3 941 898 938
3 945 902 896
3 939 945 896
3 943 900 894
3 937 943 894
3 768 780 782
3 772 768 782
3 769 768 780
3 769 780 781
3 773 772 768
3 773 768 769
3 783 773 772
3 783 772 782
3 781 783 782
3 781 782 780
3 769 781 783
3 773 769 783
3 818 822 824
3 820 818 824
3 819 818 822
3 819 822 823
3 821 820 818
3 821 818 819
3 825 821 820
3 825 820 824
3 823 825 824
3 823 824 822
3 819 823 825
3 821 819 825
3 515 505 636
3 648 515 636
3 647 514 511
3 642 647 511
3 513 514 511
3 508 513 511
3 508 511 642
3 639 508 642
3 646 639 642
3 646 642 647
3 513 646 647
3 513 647 514
3 646 513 508
3 639 646 508
3 512 502 633
3 645 512 633
3 503 502 512
3 513 503 512
3 646 513 512
3 646 512 645
3 634 646 645
3 634 645 633
3 634 633 502
3 503 634 502
3 513 503 634
3 646 513 634
3 682 795 973
3 688 682 973
3 574 688 973
3 537 568 574
3 726 537 574
3 750 757 726
3 973 874 867
3 574 973 867
3 750 726 574
3 867 750 574
3 752 748 865
3 869 752 865
3 752 748 865
3 869 752 865
3 749 748 752
3 753 749 752
3 870 753 752
3 870 752 869
3 866 870 869
3 866 869 865
3 866 865 748
3 749 866 748
3 753 749 866
3 870 753 866
3 871 754 747
3 864 871 747
3 872 755 754
3 872 754 871
3 865 872 871
3 865 871 864
3 865 864 747
3 748 865 747
3 748 747 754
3 755 748 754
3 872 755 748
3 865 872 748
3 874 757 750
3 867 874 750
3 828 826 830
3 832 828 830
3 827 826 828
3 829 827 828
3 833 829 828
3 833 828 832
3 830 832 833
3 831 830 833
3 827 826 830
3 827 830 831
3 829 827 831
3 833 829 831
3 802 800 804
3 806 802 804
3 801 800 802
3 803 801 802
3 806 802 803
3 807 806 803
3 804 806 807
3 805 804 807
3 805 804 800
3 801 805 800
3 803 801 805
3 807 803 805
3 572 569 683
3 686 572 683
3 570 569 572
3 573 570 572
3 687 573 572
3 687 572 686
3 684 687 686
3 684 686 683
3 684 683 569
3 570 684 569
3 573 570 684
3 687 573 684
3 685 571 565
3 679 685 565
3 686 572 571
3 686 571 685
3 680 686 685
3 680 685 679
3 680 679 565
3 566 680 565
3 566 565 571
3 572 566 571
3 686 572 566
3 680 686 566
3 688 574 568
3 682 688 568
3 653 649 657
3 663 653 657
3 650 649 653
3 654 650 653
3 663 653 654
3 664 663 654
3 657 663 664
3 658 657 664
3 658 657 649
3 650 658 649
3 654 650 658
3 664 654 658
3 591 587 597
3 603 591 597
3 588 587 591
3 592 588 591
3 604 592 591
3 604 591 603
3 597 603 604
3 598 597 604
3 588 587 597
3 588 597 598
3 592 588 598
3 604 592 598
3 614 611 619
3 622 614 619
3 612 611 614
3 615 612 614
3 622 614 615
3 623 622 615
3 619 622 623
3 620 619 623
3 620 619 611
3 612 620 611
3 615 612 620
3 623 615 620
3 556 552 559
3 562 556 559
3 553 552 556
3 557 553 556
3 563 557 556
3 563 556 562
3 559 562 563
3 560 559 563
3 553 552 559
3 553 559 560
3 557 553 560
3 563 557 560
3 615 612 620
3 623 615 620
3 613 612 615
3 616 613 615
3 624 616 615
3 624 615 623
3 620 623 624
3 621 620 624
3 613 612 620
3 613 620 621
3 616 613 621
3 624 616 621
3 557 553 560
3 563 557 560
3 554 553 557
3 558 554 557
3 563 557 558
3 564 563 558
3 560 563 564
3 561 560 564
3 561 560 553
3 554 561 553
3 558 554 561
3 564 558 561
3 519 704 703
3 519 703 518
3 519 704 703
3 519 703 518
3 957 703 518
3 786 957 518
3 787 519 518
3 787 518 786
3 704 519 787
3 958 704 787
3 957 958 704
3 957 704 703
3 787 958 957
3 787 957 786
3 766 795 926
3 778 766 926
3 737 778 926
3 537 721 737
3 689 537 737
3 764 776 689
3 926 879 875
3 737 926 875
3 764 689 737
3 875 764 737
3 796 795 766
3 767 796 766
3 767 766 778
3 779 767 778
3 779 778 737
3 738 779 737
3 722 738 737
3 722 737 721
3 722 721 537
3 538 722 537
3 538 537 689
3 690 538 689
3 777 690 689
3 777 689 776
3 765 777 776
3 765 776 764
3 876 765 764
3 876 764 875
3 876 875 879
3 880 876 879
3 928 880 879
3 928 879 926
3 796 928 926
3 796 926 795
3 767 796 928
3 779 767 928
3 738 779 928
3 538 722 738
3 690 538 738
3 765 777 690
3 928 880 876
3 738 928 876
3 765 690 738
3 876 765 738
3 690 535 691
3 928 929 691
3 928 691 690
3 928 690 535
3 797 928 535
3 691 535 797
3 929 691 797
3 928 797 929
3 949 924 926
3 743 745 762
3 760 743 762
3 962 760 762
3 949 926 962
3 762 949 962
3 925 924 949
3 950 925 949
3 950 949 762
3 763 950 762
3 746 763 762
3 746 762 745
3 746 745 743
3 744 746 743
3 744 743 760
3 761 744 760
3 963 761 760
3 963 760 962
3 927 963 962
3 927 962 926
3 927 926 924
3 925 927 924
3 950 925 927
3 744 746 763
3 761 744 763
3 963 761 763
3 950 927 963
3 763 950 963
3 764 875 877
3 770 764 877
3 876 875 764
3 765 876 764
3 765 764 770
3 771 765 770
3 878 771 770
3 878 770 877
3 876 878 877
3 876 877 875
3 765 876 878
3 771 765 878
3 731 774 778
3 737 731 778
3 775 774 731
3 732 775 731
3 732 731 737
3 738 732 737
3 779 738 737
3 779 737 778
3 775 779 778
3 775 778 774
3 732 775 779
3 738 732 779
3 1111 815 724
3 971 1111 724
3 814 815 724
3 723 814 724
3 723 724 971
3 970 723 971
3 1110 970 971
3 1110 971 1111
3 814 1110 1111
3 814 1111 815
3 1110 814 723
3 970 1110 723
3 517 706 705
3 517 705 516
3 458 522 526
3 464 458 526
3 575 707 711
3 579 575 711
3 708 714 582
3 576 708 582
3 485 488 363
3 360 485 363
3 545 541 692
3 696 545 692
3 784 719 733
3 599 595 784
3 798 599 784
3 733 798 784
3 720 719 784
3 785 720 784
3 785 784 595
3 596 785 595
3 596 595 599
3 600 596 599
3 799 600 599
3 799 599 798
3 734 799 798
3 734 798 733
3 734 733 719
3 720 734 719
3 785 720 734
3 600 596 785
3 799 600 785
3 734 799 785
3 479 491 725
3 489 479 725
3 364 489 725
3 247 354 364
3 443 247 364
3 461 469 443
3 584 531 525
3 578 584 525
3 710 578 525
3 725 716 710
3 364 725 710
3 461 443 364
3 525 461 364
3 710 525 364
3 710 716 584
3 578 710 584
3 575 707 711
3 579 575 711
3 709 707 575
3 577 709 575
3 577 575 579
3 580 577 579
3 712 580 579
3 712 579 711
3 709 712 711
3 709 711 707
3 577 709 712
3 580 577 712
3 458 522 526
3 464 458 526
3 524 522 458
3 460 524 458
3 460 458 464
3 465 460 464
3 527 465 464
3 527 464 526
3 524 527 526
3 524 526 522
3 460 524 527
3 465 460 527
3 525 531 469
3 461 525 469
3 523 529 467
3 459 523 467
3 669 667 671
3 673 669 671
3 668 667 669
3 670 668 669
3 673 669 670
3 674 673 670
3 671 673 674
3 672 671 674
3 672 671 667
3 668 672 667
3 670 668 672
3 674 670 672
3 627 625 629
3 631 627 629
3 626 625 627
3 628 626 627
3 631 627 628
3 632 631 628
3 629 631 632
3 630 629 632
3 630 629 625
3 626 630 625
3 628 626 630
3 632 628 630
3 354 479 489
3 364 354 489
3 485 488 363
3 360 485 363
3 362 487 488
3 362 488 363
3 362 363 360
3 357 362 360
3 357 360 485
3 482 357 485
3 487 482 485
3 487 485 488
3 482 487 362
3 357 482 362
3 351 476 486
3 361 351 486
3 477 476 351
3 352 477 351
3 352 351 361
3 362 352 361
3 487 362 361
3 487 361 486
3 477 487 486
3 477 486 476
3 352 477 487
3 362 352 487
3 444 290 368
3 544 551 444
3 726 702 695
3 533 726 695
3 495 533 695
3 501 495 695
3 378 501 695
3 444 368 378
3 544 444 378
3 695 544 378
3 542 693 697
3 546 542 697
3 542 693 697
3 546 542 697
3 694 693 542
3 543 694 542
3 543 542 546
3 547 543 546
3 698 547 546
3 698 546 697
3 694 698 697
3 694 697 693
3 543 694 698
3 547 543 698
3 692 699 548
3 541 692 548
3 693 700 699
3 693 699 692
3 693 692 541
3 542 693 541
3 542 541 548
3 549 542 548
3 700 549 548
3 700 548 699
3 693 700 549
3 542 693 549
3 695 702 551
3 544 695 551
3 589 601 605
3 593 589 605
3 590 589 601
3 590 601 602
3 594 593 589
3 594 589 590
3 606 594 593
3 606 593 605
3 602 606 605
3 602 605 601
3 590 602 606
3 594 590 606
3 651 659 665
3 655 651 665
3 652 651 659
3 652 659 660
3 656 655 651
3 656 651 652
3 666 656 655
3 666 655 665
3 660 666 665
3 660 665 659
3 652 660 666
3 656 652 666
3 371 496 499
3 376 371 499
3 497 496 371
3 372 497 371
3 372 371 376
3 377 372 376
3 500 377 376
3 500 376 499
3 497 500 499
3 497 499 496
3 372 497 500
3 377 372 500
3 492 498 375
3 365 492 375
3 493 499 498
3 493 498 492
3 493 492 365
3 366 493 365
3 366 365 375
3 376 366 375
3 499 376 375
3 499 375 498
3 493 499 376
3 366 493 376
3 495 501 378
3 368 495 378
3 396 400 402
3 398 396 402
3 397 396 400
3 397 400 401
3 399 398 396
3 399 396 397
3 403 399 398
3 403 398 402
3 401 403 402
3 401 402 400
3 397 401 403
3 399 397 403
3 452 456 462
3 454 452 462
3 453 452 456
3 453 456 457
3 455 454 452
3 455 452 453
3 463 455 454
3 463 454 462
3 457 463 462
3 457 462 456
3 453 457 463
3 455 453 463
3 383 389 392
3 386 383 392
3 384 383 389
3 384 389 390
3 387 386 383
3 387 383 384
3 393 387 386
3 393 386 392
3 390 393 392
3 390 392 389
3 384 390 393
3 387 384 393
3 417 423 428
3 420 417 428
3 418 417 423
3 418 423 424
3 421 420 417
3 421 417 418
3 429 421 420
3 429 420 428
3 424 429 428
3 424 428 423
3 418 424 429
3 421 418 429
3 384 390 393
3 387 384 393
3 385 384 390
3 385 390 391
3 388 387 384
3 388 384 385
3 394 388 387
3 394 387 393
3 391 394 393
3 391 393 390
3 385 391 394
3 388 385 394
3 418 424 429
3 421 418 429
3 419 418 424
3 419 424 425
3 422 421 418
3 422 418 419
3 430 422 421
3 430 421 429
3 425 430 429
3 425 429 424
3 419 425 430
3 422 419 430
3 518 705 706
3 519 518 706
3 518 705 706
3 519 518 706
3 427 426 705
3 427 705 706
3 519 706 427
3 283 519 427
3 283 519 518
3 282 283 518
3 282 518 705
3 426 282 705
3 282 426 427
3 283 282 427
3 406 290 299
3 470 474 406
3 689 617 607
3 533 689 607
3 326 533 607
3 330 326 607
3 303 330 607
3 406 299 303
3 470 406 303
3 607 470 303
3 291 290 406
3 408 291 406
3 475 408 406
3 475 406 474
3 471 475 474
3 471 474 470
3 608 471 470
3 608 470 607
3 608 607 617
3 618 608 617
3 690 618 617
3 690 617 689
3 534 690 689
3 534 689 533
3 534 533 326
3 327 534 326
3 327 326 330
3 331 327 330
3 331 330 303
3 304 331 303
3 300 304 303
3 300 303 299
3 300 299 290
3 291 300 290
3 408 291 300
3 471 475 408
3 690 618 608
3 534 690 608
3 327 534 608
3 331 327 608
3 304 331 608
3 408 300 304
3 471 408 304
3 608 471 304
3 690 691 535
3 535 691 409
3 288 535 409
3 288 535 690
3 408 288 690
3 691 690 408
3 409 691 408
3 408 409 288
3 406 415 445
3 435 406 445
3 677 435 445
3 643 661 677
3 675 643 677
3 445 675 677
3 416 415 406
3 407 416 406
3 407 406 435
3 436 407 435
3 678 436 435
3 678 435 677
3 662 678 677
3 662 677 661
3 662 661 643
3 644 662 643
3 644 643 675
3 676 644 675
3 676 675 445
3 446 676 445
3 416 446 445
3 416 445 415
3 407 416 446
3 436 407 446
3 678 436 446
3 644 662 678
3 676 644 678
3 446 676 678
3 472 470 607
3 609 472 607
3 471 470 472
3 473 471 472
3 610 473 472
3 610 472 609
3 608 610 609
3 608 609 607
3 608 607 470
3 471 608 470
3 473 471 608
3 610 473 608
3 303 301 328
3 330 303 328
3 302 301 303
3 304 302 303
3 331 304 303
3 331 303 330
3 329 331 330
3 329 330 328
3 329 328 301
3 302 329 301
3 304 302 329
3 331 304 329
3 724 817 586
3 442 724 586
3 585 816 817
3 585 817 586
3 585 586 442
3 441 585 442
3 441 442 724
3 723 441 724
3 816 723 724
3 816 724 817
3 723 816 585
3 441 723 585
3 381 395 382
3 555 395 381
3 539 555 381
3 382 381 539
3 540 382 539
3 395 382 540
3 555 395 540
3 539 555 540
3 22 9 13
3 32 22 13
3 213 332 340
3 220 213 340
3 333 345 225
3 214 333 225
3 233 337 342
3 236 233 342
3 5 1 249
3 14 5 249
3 33 14 249
3 26 18 33
3 39 26 33
3 113 85 97
3 118 113 97
3 138 118 97
3 168 133 138
3 178 168 138
3 209 203 178
3 336 217 209
3 450 347 336
3 249 450 336
3 33 249 336
3 39 33 336
3 97 39 336
3 138 97 336
3 178 138 336
3 209 178 336
3 196 169 175
3 200 196 175
3 170 169 196
3 197 170 196
3 202 197 196
3 202 196 200
3 177 202 200
3 177 200 175
3 177 175 169
3 170 177 169
3 197 170 177
3 202 197 177
3 165 175 200
3 181 165 200
3 176 175 165
3 166 176 165
3 166 165 181
3 182 166 181
3 201 182 181
3 201 181 200
3 176 201 200
3 176 200 175
3 166 176 201
3 182 166 201
3 168 178 203
3 184 168 203
3 181 208 224
3 193 181 224
3 209 208 181
3 184 209 181
3 184 181 193
3 194 184 193
3 227 194 193
3 227 193 224
3 209 227 224
3 209 224 208
3 184 209 227
3 194 184 227
3 336 347 227
3 217 336 227
3 90 34 37
3 95 90 37
3 35 34 90
3 91 35 90
3 96 91 90
3 96 90 95
3 38 96 95
3 38 95 37
3 38 37 34
3 35 38 34
3 91 35 38
3 96 91 38
3 23 36 94
3 82 23 94
3 37 36 23
3 24 37 23
3 24 23 82
3 83 24 82
3 95 83 82
3 95 82 94
3 37 95 94
3 37 94 36
3 24 37 95
3 83 24 95
3 26 39 97
3 85 26 97
3 22 9 13
3 32 22 13
3 8 9 13
3 12 8 13
3 31 12 13
3 31 13 32
3 21 31 32
3 21 32 22
3 21 22 9
3 8 21 9
3 21 8 12
3 31 21 12
3 2 10 29
3 15 2 29
3 11 10 2
3 3 11 2
3 3 2 15
3 16 3 15
3 30 16 15
3 30 15 29
3 11 30 29
3 11 29 10
3 3 11 30
3 16 3 30
3 33 18 5
3 14 33 5
3 314 310 318
3 322 314 318
3 311 310 314
3 315 311 314
3 322 314 315
3 323 322 315
3 318 322 323
3 319 318 323
3 319 318 310
3 311 319 310
3 315 311 319
3 323 315 319
3 258 254 266
3 272 258 266
3 255 254 258
3 259 255 258
3 272 258 259
3 273 272 259
3 266 272 273
3 267 266 273
3 267 266 254
3 255 267 254
3 259 255 267
3 273 259 267
3 68 66 70
3 74 68 70
3 67 66 68
3 69 67 68
3 75 69 68
3 75 68 74
3 71 75 74
3 71 74 70
3 71 70 66
3 67 71 66
3 69 67 71
3 75 69 71
3 60 58 62
3 64 60 62
3 59 58 60
3 61 59 60
3 65 61 60
3 65 60 64
3 63 65 64
3 63 64 62
3 63 62 58
3 59 63 58
3 61 59 63
3 65 61 63
3 42 40 48
3 52 42 48
3 41 40 42
3 43 41 42
3 53 43 42
3 53 42 52
3 49 53 52
3 49 52 48
3 49 48 40
3 41 49 40
3 43 41 49
3 53 43 49
3 153 297 451
3 159 153 451
3 57 159 451
3 20 47 57
3 89 20 57
3 101 89 57
3 111 101 57
3 114 105 111
3 119 114 111
3 139 119 111
3 174 134 139
3 188 174 139
3 195 192 207
3 241 195 207
3 235 241 207
3 451 350 339
3 57 451 339
3 111 57 339
3 139 111 339
3 188 139 339
3 235 207 188
3 339 235 188
3 138 118 128
3 144 138 128
3 198 179 186
3 205 198 186
3 180 179 198
3 199 180 198
3 206 199 198
3 206 198 205
3 187 206 205
3 187 205 186
3 187 186 179
3 180 187 179
3 199 180 187
3 206 199 187
3 106 92 99
3 109 106 99
3 93 92 106
3 107 93 106
3 110 107 106
3 110 106 109
3 100 110 109
3 100 109 99
3 100 99 92
3 93 100 92
3 107 93 100
3 110 107 100
3 171 185 204
3 189 171 204
3 186 185 171
3 172 186 171
3 172 171 189
3 190 172 189
3 205 190 189
3 205 189 204
3 186 205 204
3 186 204 185
3 172 186 205
3 190 172 205
3 86 98 108
3 102 86 108
3 99 98 86
3 87 99 86
3 87 86 102
3 103 87 102
3 109 103 102
3 109 102 108
3 99 109 108
3 99 108 98
3 87 99 109
3 103 87 109
3 174 188 207
3 192 174 207
3 89 101 111
3 105 89 111
3 233 337 342
3 236 233 342
3 338 337 233
3 234 338 233
3 234 233 236
3 237 234 236
3 343 237 236
3 343 236 342
3 338 343 342
3 338 342 337
3 234 338 343
3 237 234 343
3 336 347 238
3 232 336 238
3 337 348 347
3 337 347 336
3 337 336 232
3 233 337 232
3 233 232 238
3 239 233 238
3 348 239 238
3 348 238 347
3 337 348 239
3 233 337 239
3 339 350 241
3 235 339 241
3 256 268 274
3 260 256 274
3 257 256 268
3 257 268 269
3 261 260 256
3 261 256 257
3 275 261 260
3 275 260 274
3 269 275 274
3 269 274 268
3 257 269 275
3 261 257 275
3 312 320 324
3 316 312 324
3 321 320 312
3 313 321 312
3 317 316 312
3 317 312 313
3 324 316 317
3 325 324 317
3 321 325 324
3 321 324 320
3 313 321 325
3 317 313 325
3 50 154 157
3 55 50 157
3 155 154 50
3 51 155 50
3 51 50 55
3 56 51 55
3 158 56 55
3 158 55 157
3 155 158 157
3 155 157 154
3 51 155 158
3 56 51 158
3 150 156 54
3 44 150 54
3 151 157 156
3 151 156 150
3 151 150 44
3 45 151 44
3 45 44 54
3 55 45 54
3 157 55 54
3 157 54 156
3 151 157 55
3 45 151 55
3 153 159 57
3 47 153 57
3 72 78 80
3 76 72 80
3 79 78 72
3 73 79 72
3 77 76 72
3 77 72 73
3 80 76 77
3 81 80 77
3 79 81 80
3 79 80 78
3 73 79 81
3 77 73 81
3 120 124 126
3 122 120 126
3 121 120 124
3 121 124 125
3 123 122 120
3 123 120 121
3 127 123 122
3 127 122 126
3 125 127 126
3 125 126 124
3 121 125 127
3 123 121 127
3 6 163 164
3 7 6 164
3 6 163 164
3 7 6 164
3 433 163 6
3 284 433 6
3 284 6 7
3 285 284 7
3 164 7 285
3 434 164 285
3 433 434 164
3 433 164 163
3 284 433 434
3 285 284 434
3 264 297 412
3 280 264 412
3 230 280 412
3 27 218 230
3 115 27 230
3 130 115 230
3 148 130 230
3 160 142 148
3 278 160 148
3 262 278 148
3 369 262 148
3 412 379 369
3 230 412 369
3 148 230 369
3 298 297 264
3 265 298 264
3 265 264 280
3 281 265 280
3 281 280 230
3 231 281 230
3 219 231 230
3 219 230 218
3 219 218 27
3 28 219 27
3 28 27 115
3 116 28 115
3 131 116 115
3 131 115 130
3 131 130 148
3 149 131 148
3 149 148 142
3 143 149 142
3 143 142 160
3 161 143 160
3 279 161 160
3 279 160 278
3 263 279 278
3 263 278 262
3 370 263 262
3 370 262 369
3 370 369 379
3 380 370 379
3 414 380 379
3 414 379 412
3 298 414 412
3 298 412 297
3 265 298 414
3 281 265 414
3 231 281 414
3 28 219 231
3 116 28 231
3 131 116 231
3 149 131 231
3 161 143 149
3 279 161 149
3 263 279 149
3 370 263 149
3 414 380 370
3 231 414 370
3 149 231 370
3 148 140 115
3 130 148 115
3 149 141 140
3 149 140 148
3 131 149 148
3 131 148 130
3 131 130 115
3 116 131 115
3 116 115 140
3 141 116 140
3 149 141 116
3 131 149 116
3 161 162 28
3 431 404 412
3 242 244 252
3 250 242 252
3 437 250 252
3 431 412 437
3 252 431 437
3 405 404 431
3 432 405 431
3 432 431 252
3 253 432 252
3 245 253 252
3 245 252 244
3 245 244 242
3 243 245 242
3 243 242 250
3 251 243 250
3 438 251 250
3 438 250 437
3 413 438 437
3 413 437 412
3 413 412 404
3 405 413 404
3 432 405 413
3 243 245 253
3 251 243 253
3 438 251 253
3 432 413 438
3 253 432 438
3 262 369 373
3 270 262 373
3 370 369 262
3 263 370 262
3 263 262 270
3 271 263 270
3 374 271 270
3 374 270 373
3 370 374 373
3 370 373 369
3 263 370 374
3 271 263 374
3 222 276 280
3 230 222 280
3 277 276 222
3 223 277 222
3 223 222 230
3 231 223 230
3 281 231 230
3 281 230 280
3 277 281 280
3 277 280 276
3 223 277 281
3 231 223 281
3 211 228 294
3 286 211 294
3 447 286 294
3 439 447 294
3 229 228 211
3 212 229 211
3 212 211 286
3 287 212 286
3 448 287 286
3 448 286 447
3 440 448 447
3 440 447 439
3 440 439 294
3 295 440 294
3 229 295 294
3 229 294 228
3 212 229 295
3 287 212 295
3 448 287 295
3 440 448 295
3 586 306 211
3 442 586 211
3 305 306 211
3 210 305 211
3 210 211 442
3 441 210 442
3 585 441 442
3 585 442 586
3 305 585 586
3 305 586 306
3 585 305 210
3 441 585 210
3 286 292 308
3 306 286 308
3 1844 306 308
3 1840 1844 308
3 293 292 286
3 287 293 286
3 287 286 306
3 307 287 306
3 1846 307 306
3 1846 306 1844
3 1842 1846 1844
3 1842 1844 1840
3 1842 1840 308
3 309 1842 308
3 293 309 308
3 293 308 292
3 287 293 309
3 307 287 309
3 1846 307 309
3 1842 1846 309
3 2323 2322 2377
3 2381 2323 2377
3 2381 2377 2281
3 2283 2381 2281
3 2283 2281 2333
3 2335 2283 2333
3 2335 2333 1843
3 1844 2335 1843
3 1750 1844 1843
3 1750 1843 1749
3 2323 1750 1749
3 2323 1749 2322
3 2414 2412 2420
3 2421 2414 2420
3 2421 2420 2385
3 2386 2421 2385
3 2379 2386 2385
3 2379 2385 2377
3 2414 2379 2377
3 2414 2377 2412
3 1990 1987 1997
3 2000 1990 1997
3 2000 1997 1980
3 1984 2000 1980
3 1984 1980 2012
3 2016 1984 2012
3 2030 2016 2012
3 2030 2012 2027
3 2030 2027 2036
3 2039 2030 2036
3 2039 2036 2021
3 2024 2039 2021
3 2024 2021 2096
3 2099 2024 2096
3 2127 2099 2096
3 2127 2096 2124
3 2127 2124 2171
3 2172 2127 2171
3 2172 2171 2142
3 2143 2172 2142
3 2143 2142 2169
3 2170 2143 2169
3 2211 2170 2169
3 2211 2169 2210
3 2211 2210 2257
3 2260 2211 2257
3 2260 2257 2230
3 2233 2260 2230
3 2233 2230 2291
3 2294 2233 2291
3 2294 2291 2261
3 2262 2294 2261
3 2262 2261 2270
3 2274 2262 2270
3 2274 2270 2042
3 2046 2274 2042
3 2046 2042 2060
3 2063 2046 2060
3 2063 2060 1959
3 1960 2063 1959
3 1787 1960 1959
3 1787 1959 1786
3 1990 1787 1786
3 1990 1786 1987
3 2164 2163 2183
3 2184 2164 2183
3 2184 2183 2169
3 2170 2184 2169
3 2143 2170 2169
3 2143 2169 2142
3 2164 2143 2142
3 2164 2142 2163
3 2316 2259 2260
3 2316 2260 2317
3 2293 2316 2317
3 2293 2317 2294
3 2293 2294 2233
3 2232 2293 2233
3 2232 2233 2260
3 2259 2232 2260
3 2280 2055 2054
3 2280 2054 2279
3 2273 2280 2279
3 2273 2279 2270
3 2273 2270 2042
3 2045 2273 2042
3 2045 2042 2054
3 2055 2045 2054
3 2126 2038 2039
3 2126 2039 2127
3 2098 2126 2127
3 2098 2127 2099
3 2098 2099 2024
3 2023 2098 2024
3 2023 2024 2039
3 2038 2023 2039
3 2015 2016 1984
3 1983 2015 1984
3 1983 1984 2000
3 1999 1983 2000
3 2030 2000 1999
3 2029 2030 1999
3 2016 2030 2029
3 2015 2016 2029
3 1542 1539 1549
3 1552 1542 1549
3 1680 1552 1549
3 1680 1549 1677
3 1668 1680 1677
3 1668 1677 1665
3 1787 1668 1665
3 1787 1665 1786
3 1787 1786 1959
3 1960 1787 1959
3 1960 1959 1943
3 1946 1960 1943
3 1940 1946 1943
3 1940 1943 1937
3 1940 1937 1898
3 1901 1940 1898
3 1901 1898 1904
3 1907 1901 1904
3 1907 1904 1875
3 1878 1907 1875
3 1872 1878 1875
3 1872 1875 1869
3 1872 1869 1755
3 1758 1872 1755
3 1758 1755 1767
3 1770 1758 1767
3 1770 1767 1749
3 1751 1770 1749
3 1528 1751 1749
3 1528 1749 1527
3 1542 1528 1527
3 1542 1527 1539
3 1757 1758 1872
3 1871 1757 1872
3 1877 1871 1872
3 1877 1872 1878
3 1769 1877 1878
3 1769 1878 1770
3 1769 1770 1758
3 1757 1769 1758
3 1900 1901 1940
3 1939 1900 1940
3 1945 1939 1940
3 1945 1940 1946
3 1906 1945 1946
3 1906 1946 1907
3 1906 1907 1901
3 1900 1906 1901
3 2044 2046 2274
3 2272 2044 2274
3 2286 2272 2274
3 2286 2274 2287
3 2062 2286 2287
3 2062 2287 2063
3 2062 2063 2046
3 2044 2062 2046
3 1551 1552 1680
3 1679 1551 1680
3 1679 1680 1668
3 1667 1679 1668
3 1541 1667 1668
3 1541 1668 1542
3 1551 1541 1542
3 1551 1542 1552
3 1714 1711 1717
3 1720 1714 1717
3 1720 1717 1603
3 1606 1720 1603
3 1600 1606 1603
3 1600 1603 1597
3 1600 1597 1567
3 1568 1600 1567
3 1568 1567 1751
3 1752 1568 1751
3 1785 1752 1751
3 1785 1751 1782
3 1778 1785 1782
3 1778 1782 1775
3 1882 1778 1775
3 1882 1775 1879
3 1882 1879 1886
3 1889 1882 1886
3 1961 1889 1886
3 1961 1886 1960
3 1821 1961 1960
3 1821 1960 1820
3 1821 1820 1711
3 1714 1821 1711
3 1911 1908 1914
3 1917 1911 1914
3 2008 1917 1914
3 2008 1914 2005
3 1996 2008 2005
3 1996 2005 1993
3 2034 1996 1993
3 2034 1993 2033
3 2034 2033 2128
3 2131 2034 2128
3 2131 2128 2100
3 2103 2131 2100
3 2103 2100 2132
3 2135 2103 2132
3 2147 2135 2132
3 2147 2132 2144
3 2147 2144 2172
3 2173 2147 2172
3 2173 2172 2154
3 2155 2173 2154
3 2155 2154 2179
3 2180 2155 2179
3 2212 2180 2179
3 2212 2179 2211
3 2212 2211 2295
3 2298 2212 2295
3 2298 2295 2245
3 2248 2298 2245
3 2248 2245 2301
3 2304 2248 2301
3 2321 2304 2301
3 2321 2301 2318
3 2321 2318 2325
3 2326 2321 2325
3 2326 2325 2266
3 2269 2326 2266
3 2254 2269 2266
3 2254 2266 2251
3 2254 2251 2046
3 2049 2254 2046
3 2049 2046 2063
3 2066 2049 2063
3 2066 2063 1960
3 1961 2066 1960
3 1821 1961 1960
3 1821 1960 1820
3 1911 1821 1820
3 1911 1820 1908
3 2155 2154 2179
3 2180 2155 2179
3 2185 2180 2179
3 2185 2179 2184
3 2165 2185 2184
3 2165 2184 2164
3 2165 2164 2154
3 2155 2165 2154
3 2320 2297 2298
3 2320 2298 2321
3 2303 2320 2321
3 2303 2321 2304
3 2303 2304 2248
3 2247 2303 2248
3 2247 2248 2298
3 2297 2247 2298
3 2146 2130 2131
3 2146 2131 2147
3 2134 2146 2147
3 2134 2147 2135
3 2134 2135 2103
3 2102 2134 2103
3 2102 2103 2131
3 2130 2102 2131
3 2048 2049 2254
3 2253 2048 2254
3 2268 2253 2254
3 2268 2254 2269
3 2065 2268 2269
3 2065 2269 2066
3 2065 2066 2049
3 2048 2065 2049
3 1777 1778 1882
3 1881 1777 1882
3 1888 1881 1882
3 1888 1882 1889
3 1784 1888 1889
3 1784 1889 1785
3 1784 1785 1778
3 1777 1784 1778
3 1910 1911 1996
3 1995 1910 1996
3 2007 1995 1996
3 2007 1996 2008
3 1916 2007 2008
3 1916 2008 1917
3 1916 1917 1911
3 1910 1916 1911
3 1599 1600 1714
3 1713 1599 1714
3 1719 1713 1714
3 1719 1714 1720
3 1605 1719 1720
3 1605 1720 1606
3 1605 1606 1600
3 1599 1605 1600
3 1670 1669 1543
3 1544 1670 1543
3 1544 1543 1546
3 1547 1544 1546
3 1673 1547 1546
3 1673 1546 1672
3 1670 1673 1672
3 1670 1672 1669
3 2026 2228 1921
3 1822 2026 1921
3 1822 2026 2229
3 1922 1822 2229
3 1921 2228 2229
3 1921 2229 1922
3 1516 1513 1523
3 1526 1516 1523
3 1526 1523 1379
3 1382 1526 1379
3 1372 1382 1379
3 1372 1379 1369
3 1372 1369 1281
3 1282 1372 1281
3 1282 1281 1483
3 1485 1282 1483
3 1506 1485 1483
3 1506 1483 1503
3 1498 1506 1503
3 1498 1503 1495
3 1560 1498 1495
3 1560 1495 1557
3 1560 1557 1563
3 1566 1560 1563
3 1616 1566 1563
3 1616 1563 1613
3 1610 1616 1613
3 1610 1613 1607
3 1740 1610 1607
3 1740 1607 1737
3 1740 1737 1743
3 1746 1740 1743
3 1751 1746 1743
3 1751 1743 1749
3 1528 1751 1749
3 1528 1749 1527
3 1528 1527 1513
3 1516 1528 1513
3 1609 1739 1740
3 1609 1740 1610
3 1615 1609 1610
3 1615 1610 1616
3 1615 1616 1746
3 1745 1615 1746
3 1745 1746 1740
3 1739 1745 1740
3 1497 1559 1560
3 1497 1560 1498
3 1505 1497 1498
3 1505 1498 1506
3 1505 1506 1566
3 1565 1505 1566
3 1565 1566 1560
3 1559 1565 1560
3 1381 1525 1526
3 1381 1526 1382
3 1381 1382 1372
3 1371 1381 1372
3 1371 1372 1516
3 1515 1371 1516
3 1525 1515 1516
3 1525 1516 1526
3 1403 1400 1406
3 1409 1403 1406
3 1538 1409 1406
3 1538 1406 1535
3 1532 1538 1535
3 1532 1535 1529
3 1568 1532 1529
3 1568 1529 1567
3 1568 1567 1751
3 1752 1568 1751
3 1752 1751 1731
3 1734 1752 1731
3 1727 1734 1731
3 1727 1731 1724
3 1727 1724 1573
3 1576 1727 1573
3 1576 1573 1580
3 1583 1576 1580
3 1583 1580 1485
3 1486 1583 1485
3 1316 1486 1485
3 1316 1485 1315
3 1403 1316 1315
3 1403 1315 1400
3 1575 1726 1727
3 1575 1727 1576
3 1582 1575 1576
3 1582 1576 1583
3 1582 1583 1734
3 1733 1582 1734
3 1733 1734 1727
3 1726 1733 1727
3 1402 1531 1532
3 1402 1532 1403
3 1408 1402 1403
3 1408 1403 1409
3 1408 1409 1538
3 1537 1408 1538
3 1537 1538 1532
3 1531 1537 1532
3 1518 1374 1373
3 1518 1373 1517
3 1518 1517 1520
3 1521 1518 1520
3 1521 1520 1376
3 1377 1521 1376
3 1374 1377 1376
3 1374 1376 1373
3 1035 1032 1042
3 1045 1035 1042
3 1175 1045 1042
3 1175 1042 1172
3 1163 1175 1172
3 1163 1172 1160
3 1282 1163 1160
3 1282 1160 1281
3 1282 1281 1483
3 1485 1282 1483
3 1485 1483 1457
3 1460 1485 1457
3 1454 1460 1457
3 1454 1457 1451
3 1454 1451 1412
3 1415 1454 1412
3 1415 1412 1418
3 1421 1415 1418
3 1421 1418 1365
3 1368 1421 1365
3 1362 1368 1365
3 1362 1365 1359
3 1362 1359 1250
3 1253 1362 1250
3 1253 1250 1262
3 1265 1253 1262
3 1265 1262 1244
3 1246 1265 1244
3 1021 1246 1244
3 1021 1244 1020
3 1035 1021 1020
3 1035 1020 1032
3 1252 1253 1362
3 1361 1252 1362
3 1367 1361 1362
3 1367 1362 1368
3 1264 1367 1368
3 1264 1368 1265
3 1264 1265 1253
3 1252 1264 1253
3 1414 1415 1454
3 1453 1414 1454
3 1459 1453 1454
3 1459 1454 1460
3 1420 1459 1460
3 1420 1460 1421
3 1420 1421 1415
3 1414 1420 1415
3 1044 1045 1175
3 1174 1044 1175
3 1174 1175 1163
3 1162 1174 1163
3 1034 1162 1163
3 1034 1163 1035
3 1044 1034 1035
3 1044 1035 1045
3 1209 1206 1212
3 1215 1209 1212
3 1215 1212 1096
3 1099 1215 1096
3 1093 1099 1096
3 1093 1096 1090
3 1093 1090 1060
3 1061 1093 1060
3 1061 1060 1246
3 1247 1061 1246
3 1280 1247 1246
3 1280 1246 1277
3 1273 1280 1277
3 1273 1277 1270
3 1386 1273 1270
3 1386 1270 1383
3 1386 1383 1390
3 1393 1386 1390
3 1486 1393 1390
3 1486 1390 1485
3 1316 1486 1485
3 1316 1485 1315
3 1316 1315 1206
3 1209 1316 1206
3 1272 1273 1386
3 1385 1272 1386
3 1392 1385 1386
3 1392 1386 1393
3 1279 1392 1393
3 1279 1393 1280
3 1279 1280 1273
3 1272 1279 1273
3 1092 1093 1209
3 1208 1092 1209
3 1214 1208 1209
3 1214 1209 1215
3 1098 1214 1215
3 1098 1215 1099
3 1098 1099 1093
3 1092 1098 1093
3 1165 1164 1036
3 1037 1165 1036
3 1037 1036 1039
3 1040 1037 1039
3 1168 1040 1039
3 1168 1039 1167
3 1165 1168 1167
3 1165 1167 1164
3 1007 1004 1014
3 1017 1007 1014
3 1017 1014 860
3 863 1017 860
3 853 863 860
3 853 860 850
3 853 850 758
3 759 853 758
3 759 758 974
3 976 759 974
3 997 976 974
3 997 974 994
3 989 997 994
3 989 994 986
3 1053 989 986
3 1053 986 1050
3 1053 1050 1056
3 1059 1053 1056
3 1109 1059 1056
3 1109 1056 1106
3 1103 1109 1106
3 1103 1106 1100
3 1235 1103 1100
3 1235 1100 1232
3 1235 1232 1238
3 1241 1235 1238
3 1246 1241 1238
3 1246 1238 1244
3 1019 1246 1244
3 1019 1244 1018
3 1019 1018 1004
3 1007 1019 1004
3 1102 1234 1235
3 1102 1235 1103
3 1108 1102 1103
3 1108 1103 1109
3 1108 1109 1241
3 1240 1108 1241
3 1240 1241 1235
3 1234 1240 1235
3 988 1052 1053
3 988 1053 989
3 996 988 989
3 996 989 997
3 996 997 1059
3 1058 996 1059
3 1058 1059 1053
3 1052 1058 1053
3 862 1016 1017
3 862 1017 863
3 862 863 853
3 852 862 853
3 852 853 1007
3 1006 852 1007
3 1016 1006 1007
3 1016 1007 1017
3 884 881 887
3 890 884 887
3 1031 890 887
3 1031 887 1028
3 1025 1031 1028
3 1025 1028 1022
3 1061 1025 1022
3 1061 1022 1060
3 1061 1060 1246
3 1247 1061 1246
3 1247 1246 1226
3 1229 1247 1226
3 1222 1229 1226
3 1222 1226 1219
3 1222 1219 1066
3 1069 1222 1066
3 1069 1066 1073
3 1076 1069 1073
3 1076 1073 976
3 977 1076 976
3 795 977 976
3 795 976 794
3 884 795 794
3 884 794 881
3 1068 1221 1222
3 1068 1222 1069
3 1075 1068 1069
3 1075 1069 1076
3 1075 1076 1229
3 1228 1075 1229
3 1228 1229 1222
3 1221 1228 1222
3 883 1024 1025
3 883 1025 884
3 889 883 884
3 889 884 890
3 889 890 1031
3 1030 889 1031
3 1030 1031 1025
3 1024 1030 1025
3 1009 855 854
3 1009 854 1008
3 1009 1008 1011
3 1012 1009 1011
3 1012 1011 857
3 858 1012 857
3 855 858 857
3 855 857 854
3 505 502 512
3 515 505 512
3 648 515 512
3 648 512 645
3 636 648 645
3 636 645 633
3 759 636 633
3 759 633 758
3 759 758 970
3 972 759 970
3 972 970 942
3 945 972 942
3 939 945 942
3 939 942 936
3 939 936 893
3 896 939 893
3 896 893 899
3 902 896 899
3 902 899 846
3 849 902 846
3 843 849 846
3 843 846 840
3 843 840 727
3 730 843 727
3 730 727 739
3 742 730 739
3 742 739 723
3 725 742 723
3 491 725 723
3 491 723 490
3 505 491 490
3 505 490 502
3 729 730 843
3 842 729 843
3 848 842 843
3 848 843 849
3 741 848 849
3 741 849 742
3 741 742 730
3 729 741 730
3 895 896 939
3 938 895 939
3 944 938 939
3 944 939 945
3 901 944 945
3 901 945 902
3 901 902 896
3 895 901 896
3 514 515 648
3 647 514 648
3 647 648 636
3 635 647 636
3 504 635 636
3 504 636 505
3 514 504 505
3 514 505 515
3 682 679 685
3 688 682 685
3 688 685 571
3 574 688 571
3 568 574 571
3 568 571 565
3 568 565 536
3 537 568 536
3 537 536 725
3 726 537 725
3 757 726 725
3 757 725 754
3 750 757 754
3 750 754 747
3 867 750 747
3 867 747 864
3 867 864 871
3 874 867 871
3 973 874 871
3 973 871 972
3 795 973 972
3 795 972 794
3 795 794 679
3 682 795 679
3 749 750 867
3 866 749 867
3 873 866 867
3 873 867 874
3 756 873 874
3 756 874 757
3 756 757 750
3 749 756 750
3 567 568 682
3 681 567 682
3 687 681 682
3 687 682 688
3 573 687 688
3 573 688 574
3 573 574 568
3 567 573 568
3 638 637 506
3 507 638 506
3 507 506 509
3 510 507 509
3 641 510 509
3 641 509 640
3 638 641 640
3 638 640 637
3 479 476 486
3 489 479 486
3 489 486 361
3 364 489 361
3 354 364 361
3 354 361 351
3 354 351 246
3 247 354 246
3 247 246 441
3 443 247 441
3 469 443 441
3 469 441 466
3 461 469 466
3 461 466 458
3 525 461 458
3 525 458 522
3 525 522 528
3 531 525 528
3 584 531 528
3 584 528 581
3 578 584 581
3 578 581 575
3 710 578 575
3 710 575 707
3 710 707 713
3 716 710 713
3 725 716 713
3 725 713 723
3 491 725 723
3 491 723 490
3 491 490 476
3 479 491 476
3 577 709 710
3 577 710 578
3 583 577 578
3 583 578 584
3 583 584 716
3 715 583 716
3 715 716 710
3 709 715 710
3 460 524 525
3 460 525 461
3 468 460 461
3 468 461 469
3 468 469 531
3 530 468 531
3 530 531 525
3 524 530 525
3 363 488 489
3 363 489 364
3 363 364 354
3 353 363 354
3 353 354 479
3 478 353 479
3 488 478 479
3 488 479 489
3 368 365 375
3 378 368 375
3 501 378 375
3 501 375 498
3 495 501 498
3 495 498 492
3 533 495 492
3 533 492 532
3 533 532 725
3 726 533 725
3 726 725 699
3 702 726 699
3 695 702 699
3 695 699 692
3 695 692 541
3 544 695 541
3 544 541 548
3 551 544 548
3 551 548 443
3 444 551 443
3 290 444 443
3 290 443 289
3 368 290 289
3 368 289 365
3 543 694 695
3 543 695 544
3 550 543 544
3 550 544 551
3 550 551 702
3 701 550 702
3 701 702 695
3 694 701 695
3 367 494 495
3 367 495 368
3 377 367 368
3 377 368 378
3 377 378 501
3 500 377 501
3 500 501 495
3 494 500 495
3 481 356 355
3 481 355 480
3 481 480 483
3 484 481 483
3 484 483 358
3 359 484 358
3 356 359 358
3 356 358 355
3 1 0 2
3 5 1 2
3 14 5 2
3 14 2 10
3 14 10 29
3 33 14 29
3 33 29 15
3 18 33 15
3 18 15 23
3 26 18 23
3 39 26 23
3 39 23 36
3 39 36 94
3 97 39 94
3 97 94 82
3 85 97 82
3 85 82 112
3 113 85 112
3 136 113 112
3 136 112 135
3 136 135 146
3 147 136 146
3 147 146 132
3 133 147 132
3 133 132 165
3 168 133 165
3 178 168 165
3 178 165 175
3 178 175 200
3 203 178 200
3 209 203 200
3 209 200 208
3 209 208 213
3 217 209 213
3 336 217 213
3 336 213 332
3 336 332 344
3 347 336 344
3 450 347 344
3 450 344 449
3 249 450 449
3 249 449 248
3 249 248 0
3 1 249 0
3 118 117 137
3 138 118 137
3 147 138 137
3 147 137 146
3 136 147 146
3 136 146 135
3 136 135 117
3 118 136 117
3 183 167 168
3 183 168 184
3 183 184 203
3 202 183 203
3 202 203 178
3 177 202 178
3 167 177 178
3 167 178 168
3 341 340 220
3 221 341 220
3 216 221 220
3 216 220 213
3 335 216 213
3 335 213 332
3 335 332 340
3 341 335 340
3 84 25 26
3 84 26 85
3 84 85 97
3 96 84 97
3 96 97 39
3 38 96 39
3 25 38 39
3 25 39 26
3 13 14 33
3 13 33 32
3 4 13 14
3 4 14 5
3 17 4 5
3 17 5 18
3 32 33 18
3 32 18 17
3 215 334 336
3 215 336 217
3 226 215 217
3 226 217 227
3 226 227 347
3 346 226 347
3 346 347 336
3 334 346 336
3 153 150 156
3 159 153 156
3 159 156 54
3 57 159 54
3 47 57 54
3 47 54 44
3 47 44 19
3 20 47 19
3 20 19 86
3 89 20 86
3 101 89 86
3 101 86 98
3 101 98 108
3 111 101 108
3 111 108 102
3 105 111 102
3 105 102 113
3 114 105 113
3 129 114 113
3 129 113 128
3 129 128 144
3 145 129 144
3 145 144 133
3 134 145 133
3 134 133 171
3 174 134 171
3 188 174 171
3 188 171 185
3 188 185 204
3 207 188 204
3 207 204 189
3 192 207 189
3 192 189 194
3 195 192 194
3 241 195 194
3 241 194 238
3 235 241 238
3 235 238 232
3 339 235 232
3 339 232 336
3 339 336 347
3 350 339 347
3 451 350 347
3 451 347 450
3 297 451 450
3 297 450 296
3 297 296 150
3 153 297 150
3 129 128 144
3 145 129 144
3 145 144 138
3 139 145 138
3 119 139 138
3 119 138 118
3 129 119 118
3 129 118 128
3 191 173 174
3 191 174 192
3 191 192 207
3 206 191 207
3 206 207 188
3 187 206 188
3 173 187 188
3 173 188 174
3 104 88 89
3 104 89 105
3 104 105 111
3 110 104 111
3 110 111 101
3 100 110 101
3 88 100 101
3 88 101 89
3 234 338 339
3 234 339 235
3 240 234 235
3 240 235 241
3 240 241 350
3 349 240 350
3 349 350 339
3 338 349 339
3 46 152 153
3 46 153 47
3 56 46 47
3 56 47 57
3 56 57 159
3 158 56 159
3 158 159 153
3 152 158 153
3 410 161 28
3 298 410 28
3 162 28 298
3 411 162 298
3 161 162 411
3 410 161 411
