OFF
5131 11721 0
0.000 104.467 2.600
0.000 104.467 32.300
0.389 103.143 0.000
0.389 103.143 2.600
0.720 104.678 2.600
0.720 104.678 32.300
0.917 104.006 2.600
0.917 104.006 32.300
0.938 103.935 2.600
0.938 103.935 32.300
1.141 100.581 32.300
1.141 100.581 38.200
3.214 105.411 2.600
3.214 105.411 32.300
3.411 104.739 2.600
3.411 104.739 32.300
3.432 104.667 2.600
3.432 104.667 32.300
3.747 91.706 0.000
3.747 91.706 2.600
3.747 91.706 32.300
4.035 91.791 0.000
4.035 91.791 32.000
4.107 91.812 0.000
4.107 91.812 2.600
4.107 91.812 32.000
4.107 91.812 32.300
4.451 89.308 0.000
4.451 89.308 2.600
4.451 89.308 32.300
4.739 89.392 0.000
4.739 89.392 32.000
4.811 89.413 0.000
4.811 89.413 2.600
4.811 89.413 32.000
4.811 89.413 32.300
6.677 81.728 0.000
6.677 81.728 2.600
6.677 81.728 7.000
6.677 81.728 20.400
6.677 81.728 32.300
6.677 81.728 38.200
8.768 106.430 0.000
8.768 106.430 2.600
8.769 106.395 0.000
8.769 106.395 2.600
8.769 106.465 0.000
8.769 106.465 2.600
8.774 106.360 0.000
8.774 106.360 2.600
8.774 106.499 0.000
8.774 106.499 2.600
8.782 106.326 0.000
8.782 106.326 2.600
8.782 106.533 0.000
8.782 106.533 2.600
8.790 74.532 0.000
8.790 74.532 7.000
8.790 74.532 20.400
8.790 74.532 24.000
8.790 74.532 32.400
8.792 106.293 0.000
8.792 106.293 2.600
8.792 106.567 0.000
8.792 106.567 2.600
8.805 106.261 0.000
8.805 106.261 2.600
8.805 106.599 0.000
8.805 106.599 2.600
8.821 106.230 0.000
8.821 106.230 2.600
8.821 106.630 0.000
8.821 106.630 2.600
8.840 106.200 0.000
8.840 106.200 2.600
8.840 106.659 0.000
8.840 106.659 2.600
8.861 106.173 0.000
8.861 106.173 2.600
8.861 106.687 0.000
8.861 106.687 2.600
8.885 106.147 0.000
8.885 106.147 2.600
8.885 106.713 0.000
8.885 106.713 2.600
8.911 106.124 0.000
8.911 106.124 2.600
8.911 106.736 0.000
8.911 106.736 2.600
8.938 106.102 0.000
8.938 106.102 2.600
8.938 106.758 0.000
8.938 106.758 2.600
8.968 106.084 0.000
8.968 106.084 2.600
8.968 106.776 0.000
8.968 106.776 2.600
8.999 106.067 0.000
8.999 106.067 2.600
8.999 106.792 0.000
8.999 106.792 2.600
9.031 106.054 0.000
9.031 106.054 2.600
9.031 106.806 0.000
9.031 106.806 2.600
9.043 85.914 0.000
9.043 85.914 2.600
9.043 85.914 7.000
9.043 85.914 20.400
9.043 85.914 24.000
9.043 85.914 32.300
9.043 85.914 32.400
9.043 85.914 38.200
9.064 106.044 0.000
9.064 106.044 2.600
9.064 106.816 0.000
9.064 106.816 2.600
9.098 106.036 0.000
9.098 106.036 2.600
9.098 106.824 0.000
9.098 106.824 2.600
9.133 106.031 0.000
9.133 106.031 2.600
9.133 106.828 0.000
9.133 106.828 2.600
9.168 106.030 0.000
9.168 106.030 2.600
9.168 106.830 0.000
9.168 106.830 2.600
9.172 82.461 0.000
9.172 82.461 7.000
9.203 106.031 0.000
9.203 106.031 2.600
9.203 106.828 0.000
9.203 106.828 2.600
9.237 106.036 0.000
9.237 106.036 2.600
9.237 106.824 0.000
9.237 106.824 2.600
9.271 106.044 0.000
9.271 106.044 2.600
9.271 106.816 0.000
9.271 106.816 2.600
9.305 106.054 0.000
9.305 106.054 2.600
9.305 106.806 0.000
9.305 106.806 2.600
9.337 106.067 0.000
9.337 106.067 2.600
9.337 106.792 0.000
9.337 106.792 2.600
9.354 107.214 2.600
9.354 107.214 32.300
9.368 106.083 0.000
9.368 106.083 2.600
9.368 106.776 0.000
9.368 106.776 2.600
9.397 106.102 0.000
9.397 106.102 2.600
9.397 106.758 0.000
9.397 106.758 2.600
9.425 106.123 0.000
9.425 106.123 2.600
9.425 106.736 0.000
9.425 106.736 2.600
9.451 106.147 0.000
9.451 106.147 2.600
9.451 106.713 0.000
9.451 106.713 2.600
9.474 106.173 0.000
9.474 106.173 2.600
9.474 106.687 0.000
9.474 106.687 2.600
9.495 106.200 0.000
9.495 106.200 2.600
9.496 106.659 0.000
9.496 106.659 2.600
9.514 106.230 0.000
9.514 106.230 2.600
9.514 106.630 0.000
9.514 106.630 2.600
9.530 106.261 0.000
9.530 106.261 2.600
9.530 106.599 0.000
9.530 106.599 2.600
9.544 106.293 0.000
9.544 106.293 2.600
9.544 106.567 0.000
9.544 106.567 2.600
9.552 106.543 2.600
9.552 106.543 32.300
9.554 106.326 0.000
9.554 106.326 2.600
9.554 106.533 0.000
9.554 106.533 2.600
9.562 106.360 0.000
9.562 106.360 2.600
9.562 106.499 0.000
9.562 106.499 2.600
9.566 106.395 0.000
9.566 106.395 2.600
9.566 106.465 0.000
9.566 106.465 2.600
9.568 106.430 0.000
9.568 106.430 2.600
9.573 106.471 2.600
9.573 106.471 32.300
9.804 83.324 20.400
9.804 83.324 24.000
9.804 83.324 32.400
9.987 82.700 0.000
9.987 82.700 2.600
9.987 82.700 7.000
9.987 82.700 20.400
9.987 82.700 32.300
9.987 82.700 38.200
11.285 75.265 0.000
11.285 75.265 7.000
11.849 107.947 2.600
11.849 107.947 32.300
12.046 107.275 2.600
12.046 107.275 32.300
12.067 107.203 2.600
12.067 107.203 32.300
13.819 57.406 20.400
13.819 57.406 24.000
13.819 57.406 32.400
15.465 84.986 20.400
15.465 84.986 24.000
16.538 48.148 0.000
16.538 48.148 7.000
16.538 48.148 8.200
16.538 48.148 8.400
16.538 48.148 12.200
16.538 48.148 12.400
16.538 48.148 16.200
16.538 48.148 16.400
16.538 48.148 20.200
16.538 48.148 20.400
16.707 47.572 8.200
16.707 47.572 8.400
16.707 47.572 12.200
16.707 47.572 12.400
16.707 47.572 16.200
16.707 47.572 16.400
16.707 47.572 20.200
16.707 47.572 20.400
16.787 48.221 7.000
16.787 48.221 20.200
16.956 47.645 7.000
16.956 47.645 20.200
16.960 48.272 7.000
16.960 48.272 9.100
16.960 48.272 9.200
16.960 48.272 10.100
16.960 48.272 10.200
16.960 48.272 11.100
16.960 48.272 11.200
16.960 48.272 12.200
16.960 48.272 13.100
16.960 48.272 13.200
16.960 48.272 14.100
16.960 48.272 14.200
16.960 48.272 15.100
16.960 48.272 15.200
16.960 48.272 17.100
16.960 48.272 17.200
16.960 48.272 18.100
16.960 48.272 18.200
16.960 48.272 19.100
16.960 48.272 19.200
16.960 48.272 20.200
17.009 48.104 7.000
17.009 48.104 20.200
17.052 47.957 9.100
17.052 47.957 9.200
17.052 47.957 10.100
17.052 47.957 10.200
17.052 47.957 11.100
17.052 47.957 11.200
17.052 47.957 12.200
17.052 47.957 13.100
17.052 47.957 13.200
17.052 47.957 14.100
17.052 47.957 14.200
17.052 47.957 15.100
17.052 47.957 15.200
17.052 47.957 17.100
17.052 47.957 17.200
17.052 47.957 18.100
17.052 47.957 18.200
17.052 47.957 19.100
17.052 47.957 19.200
17.129 47.696 7.000
17.129 47.696 20.200
17.403 108.966 0.000
17.403 108.966 2.600
17.404 108.931 0.000
17.404 108.931 2.600
17.404 109.001 0.000
17.404 109.001 2.600
17.409 108.897 0.000
17.409 108.897 2.600
17.409 109.035 0.000
17.409 109.035 2.600
17.416 108.862 0.000
17.416 108.862 2.600
17.416 109.070 0.000
17.416 109.070 2.600
17.427 108.829 0.000
17.427 108.829 2.600
17.427 109.103 0.000
17.427 109.103 2.600
17.440 108.797 0.000
17.440 108.797 2.600
17.440 109.135 0.000
17.440 109.135 2.600
17.456 108.766 0.000
17.456 108.766 2.600
17.456 109.166 0.000
17.456 109.166 2.600
17.475 108.737 0.000
17.475 108.737 2.600
17.475 109.195 0.000
17.475 109.195 2.600
17.496 108.709 0.000
17.496 108.709 2.600
17.496 109.223 0.000
17.496 109.223 2.600
17.520 108.683 0.000
17.520 108.683 2.600
17.520 109.249 0.000
17.520 109.249 2.600
17.546 108.660 0.000
17.546 108.660 2.600
17.546 109.272 0.000
17.546 109.272 2.600
17.573 108.638 0.000
17.573 108.638 2.600
17.573 109.294 0.000
17.573 109.294 2.600
17.603 108.620 0.000
17.603 108.620 2.600
17.603 109.312 0.000
17.603 109.312 2.600
17.634 108.603 0.000
17.634 108.603 2.600
17.634 109.328 0.000
17.634 109.328 2.600
17.666 108.590 0.000
17.666 108.590 2.600
17.666 109.342 0.000
17.666 109.342 2.600
17.699 108.580 0.000
17.699 108.580 2.600
17.699 109.352 0.000
17.699 109.352 2.600
17.733 108.572 0.000
17.733 108.572 2.600
17.733 109.360 0.000
17.733 109.360 2.600
17.761 77.167 20.400
17.761 77.167 24.000
17.768 108.568 0.000
17.768 108.568 2.600
17.768 109.364 0.000
17.768 109.364 2.600
17.803 108.566 0.000
17.803 108.566 2.600
17.803 109.366 0.000
17.803 109.366 2.600
17.838 108.568 0.000
17.838 108.568 2.600
17.838 109.364 0.000
17.838 109.364 2.600
17.872 108.572 0.000
17.872 108.572 2.600
17.872 109.360 0.000
17.872 109.360 2.600
17.906 108.580 0.000
17.906 108.580 2.600
17.906 109.352 0.000
17.906 109.352 2.600
17.940 108.590 0.000
17.940 108.590 2.600
17.940 109.342 0.000
17.940 109.342 2.600
17.972 108.604 0.000
17.972 108.604 2.600
17.972 109.328 0.000
17.972 109.328 2.600
17.989 109.750 2.600
17.989 109.750 32.300
18.003 108.620 0.000
18.003 108.620 2.600
18.003 109.312 0.000
18.003 109.312 2.600
18.032 108.638 0.000
18.032 108.638 2.600
18.032 109.294 0.000
18.032 109.294 2.600
18.060 108.660 0.000
18.060 108.660 2.600
18.060 109.272 0.000
18.060 109.272 2.600
18.086 108.683 0.000
18.086 108.683 2.600
18.086 109.249 0.000
18.086 109.249 2.600
18.109 108.709 0.000
18.109 108.709 2.600
18.109 109.223 0.000
18.109 109.223 2.600
18.130 108.737 0.000
18.130 108.737 2.600
18.130 109.195 0.000
18.130 109.195 2.600
18.149 108.766 0.000
18.149 108.766 2.600
18.149 109.166 0.000
18.149 109.166 2.600
18.165 108.797 0.000
18.165 108.797 2.600
18.165 109.135 0.000
18.165 109.135 2.600
18.179 108.829 0.000
18.179 108.829 2.600
18.179 109.103 0.000
18.179 109.103 2.600
18.186 109.079 2.600
18.186 109.079 32.300
18.189 108.862 0.000
18.189 108.862 2.600
18.189 109.070 0.000
18.189 109.070 2.600
18.197 108.897 0.000
18.197 108.897 2.600
18.197 109.035 0.000
18.197 109.035 2.600
18.201 108.931 0.000
18.201 108.931 2.600
18.201 109.001 0.000
18.201 109.001 2.600
18.203 108.966 0.000
18.203 108.966 2.600
18.208 109.007 2.600
18.208 109.007 32.300
19.432 59.055 20.400
19.432 59.055 24.000
19.432 59.055 32.400
19.666 49.066 7.000
19.666 49.066 20.200
19.756 57.952 20.400
19.756 57.952 24.000
19.756 57.952 32.400
19.835 48.491 7.000
19.835 48.491 20.200
19.838 49.117 7.000
19.838 49.117 20.200
20.007 48.542 7.000
20.007 48.542 20.200
20.149 58.067 20.400
20.149 58.067 32.200
20.318 57.491 20.400
20.318 57.491 32.200
20.322 58.118 20.400
20.322 58.118 20.600
20.322 58.118 21.200
20.322 58.118 21.300
20.322 58.118 22.200
20.322 58.118 22.300
20.322 58.118 23.200
20.322 58.118 23.300
20.322 58.118 24.200
20.322 58.118 24.400
20.322 58.118 25.200
20.322 58.118 25.300
20.322 58.118 26.200
20.322 58.118 26.300
20.322 58.118 27.200
20.322 58.118 27.300
20.322 58.118 28.000
20.322 58.118 28.200
20.322 58.118 28.400
20.322 58.118 29.200
20.322 58.118 29.300
20.322 58.118 30.200
20.322 58.118 30.300
20.322 58.118 31.200
20.322 58.118 31.300
20.322 58.118 32.200
20.322 58.118 32.400
20.357 57.999 20.400
20.357 57.999 28.000
20.440 57.716 20.400
20.440 57.716 21.200
20.440 57.716 21.300
20.440 57.716 22.200
20.440 57.716 22.300
20.440 57.716 23.200
20.440 57.716 23.300
20.440 57.716 25.200
20.440 57.716 25.300
20.440 57.716 26.200
20.440 57.716 26.300
20.440 57.716 27.200
20.440 57.716 27.300
20.440 57.716 29.200
20.440 57.716 29.300
20.440 57.716 30.200
20.440 57.716 30.300
20.440 57.716 31.200
20.440 57.716 31.300
20.484 110.483 2.600
20.484 110.483 32.300
20.491 57.542 20.400
20.491 57.542 20.600
20.491 57.542 24.200
20.491 57.542 24.400
20.491 57.542 28.200
20.491 57.542 28.400
20.491 57.542 32.200
20.491 57.542 32.400
20.681 109.811 2.600
20.681 109.811 32.300
20.702 109.739 2.600
20.702 109.739 32.300
22.544 49.912 7.000
22.544 49.912 20.200
22.713 49.336 7.000
22.713 49.336 20.200
22.717 49.963 7.000
22.717 49.963 20.200
22.886 49.387 7.000
22.886 49.387 20.200
23.027 58.912 20.400
23.027 58.912 32.200
23.196 58.337 20.400
23.196 58.337 32.200
23.200 58.963 20.400
23.200 58.963 32.200
23.369 58.387 20.400
23.369 58.387 32.200
24.099 87.523 24.000
24.099 87.523 32.400
25.422 50.757 7.000
25.422 50.757 20.200
25.591 50.181 7.000
25.591 50.181 20.200
25.595 50.808 7.000
25.595 50.808 20.200
25.764 50.232 7.000
25.764 50.232 20.200
25.906 59.758 20.400
25.906 59.758 32.200
26.038 111.502 0.000
26.038 111.502 2.600
26.039 111.467 0.000
26.039 111.467 2.600
26.039 111.537 0.000
26.039 111.537 2.600
26.044 111.433 0.000
26.044 111.433 2.600
26.044 111.572 0.000
26.044 111.572 2.600
26.051 111.399 0.000
26.051 111.399 2.600
26.051 111.606 0.000
26.051 111.606 2.600
26.062 111.365 0.000
26.062 111.365 2.600
26.062 111.639 0.000
26.062 111.639 2.600
26.075 59.182 20.400
26.075 59.182 32.200
26.075 111.333 0.000
26.075 111.333 2.600
26.075 111.671 0.000
26.075 111.671 2.600
26.078 59.808 20.400
26.078 59.808 32.200
26.091 111.302 0.000
26.091 111.302 2.600
26.091 111.702 0.000
26.091 111.702 2.600
26.110 111.273 0.000
26.110 111.273 2.600
26.110 111.732 0.000
26.110 111.732 2.600
26.131 111.245 0.000
26.131 111.245 2.600
26.131 111.759 0.000
26.131 111.759 2.600
26.155 111.219 0.000
26.155 111.219 2.600
26.155 111.785 0.000
26.155 111.785 2.600
26.180 111.196 0.000
26.180 111.196 2.600
26.180 111.809 0.000
26.180 111.809 2.600
26.208 111.174 0.000
26.208 111.174 2.600
26.208 111.830 0.000
26.208 111.830 2.600
26.238 111.156 0.000
26.238 111.156 2.600
26.238 111.849 0.000
26.238 111.849 2.600
26.247 59.233 20.400
26.247 59.233 32.200
26.268 111.140 0.000
26.268 111.140 2.600
26.269 111.865 0.000
26.269 111.865 2.600
26.301 111.126 0.000
26.301 111.126 2.600
26.301 111.878 0.000
26.301 111.878 2.600
26.334 111.116 0.000
26.334 111.116 2.600
26.334 111.888 0.000
26.334 111.888 2.600
26.368 111.108 0.000
26.368 111.108 2.600
26.368 111.896 0.000
26.368 111.896 2.600
26.396 79.703 24.000
26.396 79.703 32.400
26.403 111.104 0.000
26.403 111.104 2.600
26.403 111.901 0.000
26.403 111.901 2.600
26.437 111.102 0.000
26.437 111.102 2.600
26.438 111.902 0.000
26.438 111.902 2.600
26.472 111.104 0.000
26.472 111.104 2.600
26.472 111.901 0.000
26.472 111.901 2.600
26.507 111.108 0.000
26.507 111.108 2.600
26.507 111.896 0.000
26.507 111.896 2.600
26.541 111.116 0.000
26.541 111.116 2.600
26.541 111.888 0.000
26.541 111.888 2.600
26.574 111.126 0.000
26.574 111.126 2.600
26.574 111.878 0.000
26.574 111.878 2.600
26.607 111.140 0.000
26.607 111.140 2.600
26.607 111.865 0.000
26.607 111.865 2.600
26.624 112.286 2.600
26.624 112.286 32.300
26.637 111.156 0.000
26.637 111.156 2.600
26.638 111.848 0.000
26.638 111.848 2.600
26.667 111.174 0.000
26.667 111.174 2.600
26.667 111.830 0.000
26.667 111.830 2.600
26.695 111.196 0.000
26.695 111.196 2.600
26.695 111.808 0.000
26.695 111.808 2.600
26.720 111.219 0.000
26.720 111.219 2.600
26.720 111.785 0.000
26.720 111.785 2.600
26.744 111.245 0.000
26.744 111.245 2.600
26.744 111.759 0.000
26.744 111.759 2.600
26.765 111.273 0.000
26.765 111.273 2.600
26.765 111.732 0.000
26.765 111.732 2.600
26.784 111.302 0.000
26.784 111.302 2.600
26.784 111.702 0.000
26.784 111.702 2.600
26.800 111.333 0.000
26.800 111.333 2.600
26.800 111.671 0.000
26.800 111.671 2.600
26.813 111.365 0.000
26.813 111.365 2.600
26.813 111.639 0.000
26.813 111.639 2.600
26.821 111.615 2.600
26.821 111.615 32.300
26.824 111.399 0.000
26.824 111.399 2.600
26.824 111.606 0.000
26.824 111.606 2.600
26.831 111.433 0.000
26.831 111.433 2.600
26.831 111.572 0.000
26.831 111.572 2.600
26.836 111.467 0.000
26.836 111.467 2.600
26.836 111.537 0.000
26.836 111.537 2.600
26.838 111.502 0.000
26.838 111.502 2.600
26.842 111.543 2.600
26.842 111.543 32.300
28.301 51.602 7.000
28.301 51.602 20.200
28.470 51.027 7.000
28.470 51.027 20.200
28.473 51.653 7.000
28.473 51.653 20.200
28.642 51.078 7.000
28.642 51.078 20.200
28.784 60.603 20.400
28.784 60.603 32.200
28.953 60.027 20.400
28.953 60.027 32.200
28.957 60.654 20.400
28.957 60.654 32.200
29.119 113.019 2.600
29.119 113.019 32.300
29.126 60.078 20.400
29.126 60.078 32.200
29.316 112.347 2.600
29.316 112.347 32.300
29.337 112.275 2.600
29.337 112.275 32.300
31.179 52.448 7.000
31.179 52.448 20.200
31.348 51.872 7.000
31.348 51.872 20.200
31.352 52.498 7.000
31.352 52.498 20.200
31.521 51.923 7.000
31.521 51.923 20.200
31.662 61.448 20.400
31.662 61.448 32.200
31.831 60.873 20.400
31.831 60.873 32.200
31.835 61.499 20.400
31.835 61.499 32.200
32.004 60.923 20.400
32.004 60.923 32.200
34.057 53.293 7.000
34.057 53.293 20.200
34.226 52.717 7.000
34.226 52.717 20.200
34.230 53.344 7.000
34.230 53.344 20.200
34.399 52.768 7.000
34.399 52.768 20.200
34.541 62.294 20.400
34.541 62.294 32.200
34.672 114.038 0.000
34.672 114.038 2.600
34.674 114.003 0.000
34.674 114.003 2.600
34.674 114.073 0.000
34.674 114.073 2.600
34.678 113.969 0.000
34.678 113.969 2.600
34.678 114.108 0.000
34.678 114.108 2.600
34.686 113.935 0.000
34.686 113.935 2.600
34.686 114.142 0.000
34.686 114.142 2.600
34.696 113.901 0.000
34.696 113.901 2.600
34.696 114.175 0.000
34.696 114.175 2.600
34.710 61.718 20.400
34.710 61.718 32.200
34.710 113.869 0.000
34.710 113.869 2.600
34.710 114.207 0.000
34.710 114.207 2.600
34.713 62.344 20.400
34.713 62.344 32.200
34.726 113.838 0.000
34.726 113.838 2.600
34.726 114.238 0.000
34.726 114.238 2.600
34.745 113.809 0.000
34.745 113.809 2.600
34.745 114.268 0.000
34.745 114.268 2.600
34.766 113.781 0.000
34.766 113.781 2.600
34.766 114.295 0.000
34.766 114.295 2.600
34.790 113.755 0.000
34.790 113.755 2.600
34.790 114.321 0.000
34.790 114.321 2.600
34.815 113.732 0.000
34.815 113.732 2.600
34.815 114.345 0.000
34.815 114.345 2.600
34.843 113.711 0.000
34.843 113.711 2.600
34.843 114.366 0.000
34.843 114.366 2.600
34.872 113.692 0.000
34.872 113.692 2.600
34.872 114.385 0.000
34.872 114.385 2.600
34.882 61.769 20.400
34.882 61.769 32.200
34.903 113.676 0.000
34.903 113.676 2.600
34.903 114.401 0.000
34.903 114.401 2.600
34.936 113.662 0.000
34.936 113.662 2.600
34.936 114.414 0.000
34.936 114.414 2.600
34.969 113.652 0.000
34.969 113.652 2.600
34.969 114.425 0.000
34.969 114.425 2.600
35.003 113.644 0.000
35.003 113.644 2.600
35.003 114.432 0.000
35.003 114.432 2.600
35.037 113.640 0.000
35.037 113.640 2.600
35.037 114.437 0.000
35.037 114.437 2.600
35.072 113.638 0.000
35.072 113.638 2.600
35.072 114.438 0.000
35.072 114.438 2.600
35.107 113.640 0.000
35.107 113.640 2.600
35.107 114.437 0.000
35.107 114.437 2.600
35.142 113.644 0.000
35.142 113.644 2.600
35.142 114.432 0.000
35.142 114.432 2.600
35.176 113.652 0.000
35.176 113.652 2.600
35.176 114.425 0.000
35.176 114.425 2.600
35.209 113.662 0.000
35.209 113.662 2.600
35.209 114.414 0.000
35.209 114.414 2.600
35.241 113.676 0.000
35.241 113.676 2.600
35.241 114.401 0.000
35.241 114.401 2.600
35.259 114.823 2.600
35.259 114.823 32.300
35.272 113.692 0.000
35.272 113.692 2.600
35.272 114.385 0.000
35.272 114.385 2.600
35.302 113.711 0.000
35.302 113.711 2.600
35.302 114.366 0.000
35.302 114.366 2.600
35.329 113.732 0.000
35.329 113.732 2.600
35.329 114.345 0.000
35.329 114.345 2.600
35.355 113.755 0.000
35.355 113.755 2.600
35.355 114.321 0.000
35.355 114.321 2.600
35.379 113.781 0.000
35.379 113.781 2.600
35.379 114.295 0.000
35.379 114.295 2.600
35.400 113.809 0.000
35.400 113.809 2.600
35.400 114.268 0.000
35.400 114.268 2.600
35.419 113.838 0.000
35.419 113.838 2.600
35.419 114.238 0.000
35.419 114.238 2.600
35.435 113.869 0.000
35.435 113.869 2.600
35.435 114.207 0.000
35.435 114.207 2.600
35.448 113.901 0.000
35.448 113.901 2.600
35.448 114.175 0.000
35.448 114.175 2.600
35.456 114.151 2.600
35.456 114.151 32.300
35.459 113.935 0.000
35.459 113.935 2.600
35.459 114.142 0.000
35.459 114.142 2.600
35.466 113.969 0.000
35.466 113.969 2.600
35.466 114.108 0.000
35.466 114.108 2.600
35.471 114.003 0.000
35.471 114.003 2.600
35.471 114.073 0.000
35.471 114.073 2.600
35.472 114.038 0.000
35.472 114.038 2.600
35.477 114.079 2.600
35.477 114.079 32.300
36.935 54.138 7.000
36.935 54.138 20.200
37.105 53.563 7.000
37.105 53.563 20.200
37.108 54.189 7.000
37.108 54.189 20.200
37.277 53.614 7.000
37.277 53.614 20.200
37.419 63.139 20.400
37.419 63.139 32.200
37.588 62.563 20.400
37.588 62.563 32.200
37.592 63.190 20.400
37.592 63.190 32.200
37.753 115.555 2.600
37.753 115.555 32.300
37.761 62.614 20.400
37.761 62.614 32.200
37.951 114.884 2.600
37.951 114.884 32.300
37.972 114.812 2.600
37.972 114.812 32.300
39.814 54.984 7.000
39.814 54.984 20.200
39.983 54.408 7.000
39.983 54.408 20.200
39.987 55.035 7.000
39.987 55.035 20.200
40.156 54.459 7.000
40.156 54.459 20.200
40.297 63.984 20.400
40.297 63.984 32.200
40.466 63.409 20.400
40.466 63.409 32.200
40.470 64.035 20.400
40.470 64.035 32.200
40.639 63.459 20.400
40.639 63.459 32.200
41.415 58.044 20.400
41.415 58.044 35.000
41.424 58.948 20.400
41.424 58.948 35.000
41.488 57.142 20.400
41.488 57.142 35.000
41.642 56.251 20.400
41.642 56.251 35.000
41.810 58.332 20.400
41.810 58.332 35.000
41.812 58.578 20.400
41.812 58.578 35.000
41.820 58.823 20.400
41.820 58.823 35.000
41.834 59.068 20.400
41.834 59.068 35.000
41.875 55.377 20.400
41.875 55.377 35.000
42.187 54.528 20.400
42.187 54.528 35.000
42.574 53.710 6.600
42.574 53.710 16.200
42.574 53.710 20.400
42.574 53.710 35.000
42.692 55.829 7.000
42.692 55.829 20.200
42.861 55.253 7.000
42.861 55.253 20.200
42.865 55.880 7.000
42.865 55.880 20.200
42.968 53.826 6.600
42.968 53.826 16.200
42.968 53.826 20.400
43.001 53.766 6.600
43.001 53.766 16.200
43.001 53.766 20.400
43.009 52.970 6.600
43.009 52.970 16.200
43.017 52.957 16.200
43.017 52.957 20.400
43.017 52.957 35.000
43.034 53.706 6.600
43.034 53.706 16.200
43.034 53.706 20.400
43.034 55.304 7.000
43.034 55.304 20.200
43.067 53.647 6.600
43.067 53.647 16.200
43.067 53.647 20.400
43.176 64.830 20.400
43.176 64.830 28.000
43.176 64.830 32.200
43.211 64.711 20.400
43.211 64.711 28.000
43.307 116.574 0.000
43.307 116.574 2.600
43.309 116.539 0.000
43.309 116.539 2.600
43.309 116.609 0.000
43.309 116.609 2.600
43.313 116.505 0.000
43.313 116.505 2.600
43.313 116.644 0.000
43.313 116.644 2.600
43.321 116.471 0.000
43.321 116.471 2.600
43.321 116.678 0.000
43.321 116.678 2.600
43.331 116.438 0.000
43.331 116.438 2.600
43.331 116.711 0.000
43.331 116.711 2.600
43.345 64.254 20.400
43.345 64.254 32.200
43.345 116.405 0.000
43.345 116.405 2.600
43.345 116.743 0.000
43.345 116.743 2.600
43.348 64.881 20.400
43.348 64.881 32.200
43.361 116.374 0.000
43.361 116.374 2.600
43.361 116.774 0.000
43.361 116.774 2.600
43.379 116.345 0.000
43.379 116.345 2.600
43.379 116.804 0.000
43.379 116.804 2.600
43.401 116.317 0.000
43.401 116.317 2.600
43.401 116.831 0.000
43.401 116.831 2.600
43.424 116.292 0.000
43.424 116.292 2.600
43.424 116.857 0.000
43.424 116.857 2.600
43.450 116.268 0.000
43.450 116.268 2.600
43.450 116.881 0.000
43.450 116.881 2.600
43.478 116.247 0.000
43.478 116.247 2.600
43.478 116.902 0.000
43.478 116.902 2.600
43.505 52.269 6.600
43.505 52.269 16.200
43.507 116.228 0.000
43.507 116.228 2.600
43.507 116.921 0.000
43.507 116.921 2.600
43.517 64.305 20.400
43.517 64.305 32.200
43.524 52.244 16.200
43.524 52.244 20.400
43.524 52.244 35.000
43.538 116.212 0.000
43.538 116.212 2.600
43.538 116.937 0.000
43.538 116.937 2.600
43.570 116.199 0.000
43.570 116.199 2.600
43.570 116.950 0.000
43.570 116.950 2.600
43.604 116.188 0.000
43.604 116.188 2.600
43.604 116.961 0.000
43.604 116.961 2.600
43.638 116.180 0.000
43.638 116.180 2.600
43.638 116.968 0.000
43.638 116.968 2.600
43.642 56.108 0.000
43.642 56.108 6.600
43.642 56.108 7.000
43.642 56.108 8.200
43.642 56.108 8.400
43.642 56.108 9.100
43.642 56.108 9.200
43.642 56.108 10.100
43.642 56.108 10.200
43.642 56.108 11.100
43.642 56.108 11.200
43.642 56.108 12.200
43.642 56.108 12.400
43.642 56.108 13.100
43.642 56.108 13.200
43.642 56.108 14.100
43.642 56.108 14.200
43.642 56.108 15.100
43.642 56.108 15.200
43.642 56.108 16.200
43.642 56.108 16.400
43.642 56.108 17.100
43.642 56.108 17.200
43.642 56.108 18.100
43.642 56.108 18.200
43.642 56.108 19.100
43.642 56.108 19.200
43.642 56.108 20.200
43.642 56.108 20.400
43.672 116.176 0.000
43.672 116.176 2.600
43.672 116.973 0.000
43.672 116.973 2.600
43.684 115.765 32.300
43.684 115.765 38.200
43.691 55.940 7.000
43.691 55.940 20.200
43.707 116.174 0.000
43.707 116.174 2.600
43.707 116.974 0.000
43.707 116.974 2.600
43.735 55.793 9.100
43.735 55.793 9.200
43.735 55.793 10.100
43.735 55.793 10.200
43.735 55.793 11.100
43.735 55.793 11.200
43.735 55.793 12.200
43.735 55.793 13.100
43.735 55.793 13.200
43.735 55.793 14.100
43.735 55.793 14.200
43.735 55.793 15.100
43.735 55.793 15.200
43.735 55.793 17.100
43.735 55.793 17.200
43.735 55.793 18.100
43.735 55.793 18.200
43.735 55.793 19.100
43.735 55.793 19.200
43.742 116.176 0.000
43.742 116.176 2.600
43.742 116.973 0.000
43.742 116.973 2.600
43.777 116.180 0.000
43.777 116.180 2.600
43.777 116.968 0.000
43.777 116.968 2.600
43.791 115.401 32.300
43.791 115.401 38.200
43.811 55.532 8.200
43.811 55.532 8.400
43.811 55.532 12.200
43.811 55.532 12.400
43.811 55.532 16.200
43.811 55.532 16.400
43.811 55.532 20.200
43.811 55.532 20.400
43.811 116.188 0.000
43.811 116.188 2.600
43.811 116.961 0.000
43.811 116.961 2.600
43.844 116.198 0.000
43.844 116.198 2.600
43.844 116.950 0.000
43.844 116.950 2.600
43.853 55.389 0.000
43.853 55.389 7.000
43.876 116.212 0.000
43.876 116.212 2.600
43.876 116.937 0.000
43.876 116.937 2.600
43.894 117.359 2.600
43.894 117.359 32.300
43.907 116.228 0.000
43.907 116.228 2.600
43.907 116.921 0.000
43.907 116.921 2.600
43.937 116.247 0.000
43.937 116.247 2.600
43.937 116.902 0.000
43.937 116.902 2.600
43.964 116.268 0.000
43.964 116.268 2.600
43.964 116.881 0.000
43.964 116.881 2.600
43.990 116.292 0.000
43.990 116.292 2.600
43.990 116.857 0.000
43.990 116.857 2.600
44.013 116.317 0.000
44.013 116.317 2.600
44.014 116.831 0.000
44.014 116.831 2.600
44.035 116.345 0.000
44.035 116.345 2.600
44.035 116.804 0.000
44.035 116.804 2.600
44.053 116.374 0.000
44.053 116.374 2.600
44.053 116.774 0.000
44.053 116.774 2.600
44.060 51.613 6.600
44.060 51.613 16.200
44.070 116.405 0.000
44.070 116.405 2.600
44.070 116.743 0.000
44.070 116.743 2.600
44.083 116.438 0.000
44.083 116.438 2.600
44.083 116.711 0.000
44.083 116.711 2.600
44.091 116.687 2.600
44.091 116.687 32.300
44.092 51.579 16.200
44.092 51.579 20.400
44.092 51.579 35.000
44.093 116.678 0.000
44.093 116.678 2.600
44.094 116.471 0.000
44.094 116.471 2.600
44.101 116.505 0.000
44.101 116.505 2.600
44.101 116.644 0.000
44.101 116.644 2.600
44.106 116.539 0.000
44.106 116.539 2.600
44.106 116.609 0.000
44.106 116.609 2.600
44.107 116.574 0.000
44.107 116.574 2.600
44.112 116.615 2.600
44.112 116.615 32.300
44.262 53.997 6.600
44.262 53.997 16.200
44.262 53.997 20.400
44.605 65.250 20.400
44.605 65.250 20.600
44.605 65.250 21.200
44.605 65.250 21.300
44.605 65.250 22.200
44.605 65.250 22.300
44.605 65.250 23.200
44.605 65.250 23.300
44.605 65.250 24.000
44.605 65.250 24.200
44.605 65.250 24.400
44.605 65.250 25.200
44.605 65.250 25.300
44.605 65.250 26.200
44.605 65.250 26.300
44.605 65.250 27.200
44.605 65.250 27.300
44.605 65.250 28.200
44.605 65.250 28.400
44.605 65.250 29.200
44.605 65.250 29.300
44.605 65.250 30.200
44.605 65.250 30.300
44.605 65.250 31.200
44.605 65.250 31.300
44.605 65.250 32.200
44.605 65.250 32.400
44.669 51.008 6.600
44.669 51.008 16.200
44.671 51.825 0.000
44.671 51.825 6.600
44.715 50.966 16.200
44.715 50.966 20.400
44.715 50.966 35.000
44.723 64.848 20.400
44.723 64.848 21.200
44.723 64.848 21.300
44.723 64.848 22.200
44.723 64.848 22.300
44.723 64.848 23.200
44.723 64.848 23.300
44.723 64.848 25.200
44.723 64.848 25.300
44.723 64.848 26.200
44.723 64.848 26.300
44.723 64.848 27.200
44.723 64.848 27.300
44.723 64.848 29.200
44.723 64.848 29.300
44.723 64.848 30.200
44.723 64.848 30.300
44.723 64.848 31.200
44.723 64.848 31.300
44.774 64.674 20.400
44.774 64.674 20.600
44.774 64.674 24.200
44.774 64.674 24.400
44.774 64.674 28.200
44.774 64.674 28.400
44.774 64.674 32.200
44.774 64.674 32.400
44.966 50.817 0.000
44.966 50.817 6.600
45.328 50.457 6.600
45.328 50.457 16.200
45.389 50.410 16.200
45.389 50.410 20.400
45.389 50.410 35.000
45.918 52.191 0.000
45.918 52.191 6.600
46.031 49.964 6.600
46.031 49.964 16.200
46.110 49.915 16.200
46.110 49.915 20.400
46.110 49.915 35.000
46.214 51.183 0.000
46.214 51.183 6.600
46.253 59.637 20.400
46.253 59.637 24.000
46.253 59.637 32.400
46.388 118.091 2.600
46.388 118.091 32.300
46.585 117.420 2.600
46.585 117.420 32.300
46.606 117.348 2.600
46.606 117.348 32.300
46.774 49.534 6.600
46.774 49.534 16.200
46.871 49.484 16.200
46.871 49.484 20.400
46.871 49.484 35.000
46.880 94.057 32.400
46.880 94.057 35.000
47.551 49.169 6.600
47.551 49.169 16.200
47.552 94.254 32.400
47.552 94.254 35.000
47.595 56.487 0.000
47.595 56.487 7.000
47.648 94.282 24.000
47.648 94.282 32.400
47.666 49.122 16.200
47.666 49.122 20.400
47.666 49.122 35.000
48.357 48.872 6.600
48.357 48.872 16.200
48.490 48.831 16.200
48.490 48.831 20.400
48.490 48.831 35.000
48.792 164.913 15.800
48.792 164.913 18.800
48.959 162.569 0.000
48.959 162.569 4.100
48.959 162.569 8.200
48.959 162.569 12.700
48.959 162.569 20.600
49.017 164.149 0.000
49.017 164.149 4.100
49.017 164.149 8.200
49.017 164.149 12.700
49.017 164.149 15.800
49.017 164.149 18.800
49.017 164.149 20.600
49.185 48.646 6.600
49.185 48.646 16.200
49.286 50.731 0.000
49.286 50.731 7.000
49.337 48.612 16.200
49.337 48.612 20.400
49.337 48.612 35.000
49.371 88.414 0.000
49.371 88.414 7.000
49.371 88.414 15.000
49.371 88.414 20.400
49.371 88.414 24.000
49.439 162.710 0.000
49.439 162.710 4.100
49.439 162.710 8.200
49.439 162.710 12.700
49.439 162.710 20.600
49.644 117.119 32.300
49.644 117.119 38.200
50.030 48.491 6.600
50.030 48.491 16.200
50.199 48.469 16.200
50.199 48.469 20.400
50.199 48.469 35.000
50.264 115.009 32.300
50.264 115.009 38.200
50.885 48.409 6.600
50.885 48.409 16.200
51.071 48.401 16.200
51.071 48.401 20.400
51.071 48.401 35.000
51.287 165.646 15.800
51.287 165.646 18.800
51.426 165.169 0.000
51.426 165.169 20.600
51.511 164.882 0.000
51.511 164.882 4.100
51.511 164.882 8.200
51.511 164.882 12.700
51.511 164.882 15.800
51.511 164.882 18.800
51.511 164.882 20.600
51.539 164.786 0.000
51.539 164.786 4.100
51.539 164.786 8.200
51.539 164.786 12.700
51.539 164.786 20.600
51.552 153.741 0.000
51.552 153.741 4.100
51.552 153.741 8.200
51.552 153.741 12.700
51.552 153.741 20.200
51.552 153.741 20.400
51.552 153.741 20.600
51.744 48.401 6.600
51.744 48.401 16.200
51.942 119.111 0.000
51.942 119.111 2.600
51.943 119.076 0.000
51.943 119.076 2.600
51.943 119.145 0.000
51.943 119.145 2.600
51.945 48.409 16.200
51.945 48.409 20.400
51.945 48.409 35.000
51.948 119.041 0.000
51.948 119.041 2.600
51.948 119.180 0.000
51.948 119.180 2.600
51.956 119.007 0.000
51.956 119.007 2.600
51.956 119.214 0.000
51.956 119.214 2.600
51.966 118.974 0.000
51.966 118.974 2.600
51.966 119.247 0.000
51.966 119.247 2.600
51.979 118.941 0.000
51.979 118.941 2.600
51.979 119.280 0.000
51.979 119.280 2.600
51.995 118.911 0.000
51.995 118.911 2.600
51.995 119.311 0.000
51.995 119.311 2.600
52.014 118.881 0.000
52.014 118.881 2.600
52.014 119.340 0.000
52.014 119.340 2.600
52.035 118.853 0.000
52.035 118.853 2.600
52.035 119.368 0.000
52.035 119.368 2.600
52.059 118.828 0.000
52.059 118.828 2.600
52.059 119.393 0.000
52.059 119.393 2.600
52.085 118.804 0.000
52.085 118.804 2.600
52.085 119.417 0.000
52.085 119.417 2.600
52.112 118.783 0.000
52.112 118.783 2.600
52.112 119.438 0.000
52.112 119.438 2.600
52.142 118.764 0.000
52.142 118.764 2.600
52.142 119.457 0.000
52.142 119.457 2.600
52.173 118.748 0.000
52.173 118.748 2.600
52.173 119.473 0.000
52.173 119.473 2.600
52.205 118.735 0.000
52.205 118.735 2.600
52.205 119.486 0.000
52.205 119.486 2.600
52.238 118.724 0.000
52.238 118.724 2.600
52.238 119.497 0.000
52.238 119.497 2.600
52.272 118.717 0.000
52.272 118.717 2.600
52.272 119.505 0.000
52.272 119.505 2.600
52.307 118.712 0.000
52.307 118.712 2.600
52.307 119.509 0.000
52.307 119.509 2.600
52.336 49.141 0.000
52.336 49.141 6.600
52.342 118.711 0.000
52.342 118.711 2.600
52.342 119.511 0.000
52.342 119.511 2.600
52.377 118.712 0.000
52.377 118.712 2.600
52.377 119.509 0.000
52.377 119.509 2.600
52.406 48.445 0.000
52.406 48.445 6.600
52.411 118.717 0.000
52.411 118.717 2.600
52.411 119.504 0.000
52.411 119.504 2.600
52.445 118.724 0.000
52.445 118.724 2.600
52.445 119.497 0.000
52.445 119.497 2.600
52.479 118.735 0.000
52.479 118.735 2.600
52.479 119.486 0.000
52.479 119.486 2.600
52.511 118.748 0.000
52.511 118.748 2.600
52.511 119.473 0.000
52.511 119.473 2.600
52.528 119.895 2.600
52.528 119.895 32.300
52.542 118.764 0.000
52.542 118.764 2.600
52.542 119.457 0.000
52.542 119.457 2.600
52.571 118.783 0.000
52.571 118.783 2.600
52.571 119.438 0.000
52.571 119.438 2.600
52.599 118.804 0.000
52.599 118.804 2.600
52.599 119.417 0.000
52.599 119.417 2.600
52.600 48.466 6.600
52.600 48.466 16.200
52.625 118.828 0.000
52.625 118.828 2.600
52.625 119.393 0.000
52.625 119.393 2.600
52.648 118.853 0.000
52.648 118.853 2.600
52.648 119.368 0.000
52.648 119.368 2.600
52.669 118.881 0.000
52.669 118.881 2.600
52.669 119.340 0.000
52.669 119.340 2.600
52.688 118.911 0.000
52.688 118.911 2.600
52.688 119.311 0.000
52.688 119.311 2.600
52.691 77.108 0.000
52.691 77.108 7.000
52.691 77.108 15.000
52.691 77.108 20.400
52.691 77.108 24.000
52.691 77.108 32.400
52.704 118.942 0.000
52.704 118.942 2.600
52.704 119.280 0.000
52.704 119.280 2.600
52.718 118.974 0.000
52.718 118.974 2.600
52.718 119.247 0.000
52.718 119.247 2.600
52.726 119.223 2.600
52.726 119.223 32.300
52.728 119.007 0.000
52.728 119.007 2.600
52.728 119.214 0.000
52.728 119.214 2.600
52.736 119.041 0.000
52.736 119.041 2.600
52.736 119.180 0.000
52.736 119.180 2.600
52.740 119.076 0.000
52.740 119.076 2.600
52.740 119.145 0.000
52.740 119.145 2.600
52.742 119.111 0.000
52.742 119.111 2.600
52.747 119.151 2.600
52.747 119.151 32.300
52.815 48.494 16.200
52.815 48.494 20.400
52.815 48.494 35.000
53.168 49.263 0.000
53.168 49.263 6.600
53.300 48.575 0.000
53.300 48.575 6.600
53.447 48.605 6.600
53.447 48.605 16.200
53.619 136.943 2.600
53.619 136.943 20.400
53.674 48.655 16.200
53.674 48.655 20.400
53.674 48.655 35.000
53.871 51.087 16.200
53.871 51.087 20.100
53.871 51.087 20.400
53.871 51.087 24.100
53.871 51.087 24.400
53.871 51.087 28.100
53.871 51.087 28.400
53.871 51.087 32.100
53.871 51.087 32.400
53.871 51.087 35.000
53.985 49.459 0.000
53.985 49.459 6.600
54.098 137.084 2.600
54.098 137.084 20.400
54.179 48.786 0.000
54.179 48.786 6.600
54.280 48.816 6.600
54.280 48.816 16.200
54.338 135.941 0.000
54.338 135.941 2.600
54.339 135.914 0.000
54.339 135.914 2.600
54.339 135.968 0.000
54.339 135.968 2.600
54.342 135.888 0.000
54.342 135.888 2.600
54.342 135.994 0.000
54.342 135.994 2.600
54.348 135.862 0.000
54.348 135.862 2.600
54.348 136.020 0.000
54.348 136.020 2.600
54.356 135.837 0.000
54.356 135.837 2.600
54.356 136.045 0.000
54.356 136.045 2.600
54.366 135.812 0.000
54.366 135.812 2.600
54.366 136.070 0.000
54.366 136.070 2.600
54.366 136.173 2.600
54.366 136.173 20.400
54.378 135.789 0.000
54.378 135.789 2.600
54.378 136.094 0.000
54.378 136.094 2.600
54.393 135.766 0.000
54.393 135.766 2.600
54.393 136.116 0.000
54.393 136.116 2.600
54.409 135.745 0.000
54.409 135.745 2.600
54.409 136.137 0.000
54.409 136.137 2.600
54.427 135.725 0.000
54.427 135.725 2.600
54.427 136.157 0.000
54.427 136.157 2.600
54.446 135.707 0.000
54.446 135.707 2.600
54.446 136.175 0.000
54.446 136.175 2.600
54.468 135.691 0.000
54.468 135.691 2.600
54.468 136.191 0.000
54.468 136.191 2.600
54.490 135.677 0.000
54.490 135.677 2.600
54.490 136.205 0.000
54.490 136.205 2.600
54.495 48.962 16.600
54.495 48.962 16.700
54.495 48.962 16.900
54.495 48.962 17.000
54.495 48.962 17.200
54.495 48.962 17.300
54.495 48.962 20.600
54.495 48.962 20.700
54.495 48.962 20.900
54.495 48.962 21.000
54.495 48.962 21.200
54.495 48.962 21.300
54.495 48.962 24.600
54.495 48.962 24.700
54.495 48.962 24.900
54.495 48.962 25.000
54.495 48.962 25.200
54.495 48.962 25.300
54.495 48.962 28.600
54.495 48.962 28.700
54.495 48.962 28.900
54.495 48.962 29.000
54.495 48.962 29.200
54.495 48.962 29.300
54.495 48.962 32.600
54.495 48.962 32.700
54.495 48.962 32.900
54.495 48.962 33.000
54.495 48.962 33.200
54.495 48.962 33.300
54.514 135.665 0.000
54.514 135.665 2.600
54.514 136.218 0.000
54.514 136.218 2.600
54.516 48.890 16.200
54.516 48.890 16.600
54.516 48.890 16.700
54.516 48.890 16.900
54.516 48.890 17.000
54.516 48.890 17.200
54.516 48.890 17.300
54.516 48.890 20.100
54.516 48.890 20.400
54.516 48.890 20.600
54.516 48.890 20.700
54.516 48.890 20.900
54.516 48.890 21.000
54.516 48.890 21.200
54.516 48.890 21.300
54.516 48.890 24.100
54.516 48.890 24.400
54.516 48.890 24.600
54.516 48.890 24.700
54.516 48.890 24.900
54.516 48.890 25.000
54.516 48.890 25.200
54.516 48.890 25.300
54.516 48.890 28.100
54.516 48.890 28.400
54.516 48.890 28.600
54.516 48.890 28.700
54.516 48.890 28.900
54.516 48.890 29.000
54.516 48.890 29.200
54.516 48.890 29.300
54.516 48.890 32.100
54.516 48.890 32.400
54.516 48.890 32.600
54.516 48.890 32.700
54.516 48.890 32.900
54.516 48.890 33.000
54.516 48.890 33.200
54.516 48.890 33.300
54.516 48.890 35.000
54.538 135.654 0.000
54.538 135.654 2.600
54.538 136.228 0.000
54.538 136.228 2.600
54.564 135.646 0.000
54.564 135.646 2.600
54.564 136.236 0.000
54.564 136.236 2.600
54.590 135.641 0.000
54.590 135.641 2.600
54.590 136.241 0.000
54.590 136.241 2.600
54.616 135.637 0.000
54.616 135.637 2.600
54.616 136.245 0.000
54.616 136.245 2.600
54.642 135.636 0.000
54.642 135.636 2.600
54.643 136.246 0.000
54.643 136.246 2.600
54.669 135.637 0.000
54.669 135.637 2.600
54.669 136.245 0.000
54.669 136.245 2.600
54.695 135.641 0.000
54.695 135.641 2.600
54.695 136.241 0.000
54.695 136.241 2.600
54.721 135.646 0.000
54.721 135.646 2.600
54.721 136.236 0.000
54.721 136.236 2.600
54.747 135.654 0.000
54.747 135.654 2.600
54.747 136.228 0.000
54.747 136.228 2.600
54.771 135.665 0.000
54.771 135.665 2.600
54.771 136.217 0.000
54.771 136.217 2.600
54.781 49.728 0.000
54.781 49.728 6.600
54.795 135.677 0.000
54.795 135.677 2.600
54.795 136.205 0.000
54.795 136.205 2.600
54.801 165.744 0.000
54.801 165.744 4.100
54.801 165.744 8.200
54.801 165.744 12.700
54.801 165.744 20.600
54.817 135.691 0.000
54.817 135.691 2.600
54.817 136.191 0.000
54.817 136.191 2.600
54.839 135.707 0.000
54.839 135.707 2.600
54.839 136.175 0.000
54.839 136.175 2.600
54.858 135.725 0.000
54.858 135.725 2.600
54.858 136.157 0.000
54.858 136.157 2.600
54.876 135.745 0.000
54.876 135.745 2.600
54.876 136.137 0.000
54.876 136.137 2.600
54.892 135.766 0.000
54.892 135.766 2.600
54.892 136.116 0.000
54.892 136.116 2.600
54.907 135.789 0.000
54.907 135.789 2.600
54.907 136.094 0.000
54.907 136.094 2.600
54.919 135.812 0.000
54.919 135.812 2.600
54.919 136.070 0.000
54.919 136.070 2.600
54.929 135.837 0.000
54.929 135.837 2.600
54.929 136.045 0.000
54.929 136.045 2.600
54.937 135.862 0.000
54.937 135.862 2.600
54.937 136.020 0.000
54.937 136.020 2.600
54.943 135.888 0.000
54.943 135.888 2.600
54.943 135.994 0.000
54.943 135.994 2.600
54.946 135.915 0.000
54.946 135.915 2.600
54.946 135.968 0.000
54.946 135.968 2.600
54.947 135.941 0.000
54.947 135.941 2.600
54.970 165.168 0.000
54.970 165.168 4.100
54.970 165.168 8.200
54.970 165.168 12.700
54.970 165.168 20.600
55.023 120.628 2.600
55.023 120.628 32.300
55.035 49.075 0.000
55.035 49.075 6.600
55.091 49.097 6.600
55.091 49.097 16.200
55.220 119.956 2.600
55.220 119.956 32.300
55.241 119.884 2.600
55.241 119.884 32.300
55.267 49.251 16.600
55.267 49.251 16.700
55.267 49.251 16.900
55.267 49.251 17.000
55.267 49.251 17.200
55.267 49.251 17.300
55.267 49.251 20.600
55.267 49.251 20.700
55.267 49.251 20.900
55.267 49.251 21.000
55.267 49.251 21.200
55.267 49.251 21.300
55.267 49.251 24.600
55.267 49.251 24.700
55.267 49.251 24.900
55.267 49.251 25.000
55.267 49.251 25.200
55.267 49.251 25.300
55.267 49.251 28.600
55.267 49.251 28.700
55.267 49.251 28.900
55.267 49.251 29.000
55.267 49.251 29.200
55.267 49.251 29.300
55.267 49.251 32.600
55.267 49.251 32.700
55.267 49.251 32.900
55.267 49.251 33.000
55.267 49.251 33.200
55.267 49.251 33.300
55.287 49.178 16.600
55.287 49.178 16.700
55.287 49.178 16.900
55.287 49.178 17.000
55.287 49.178 17.200
55.287 49.178 17.300
55.287 49.178 20.100
55.287 49.178 20.400
55.287 49.178 20.600
55.287 49.178 20.700
55.287 49.178 20.900
55.287 49.178 21.000
55.287 49.178 21.200
55.287 49.178 21.300
55.287 49.178 24.100
55.287 49.178 24.400
55.287 49.178 24.600
55.287 49.178 24.700
55.287 49.178 24.900
55.287 49.178 25.000
55.287 49.178 25.200
55.287 49.178 25.300
55.287 49.178 28.100
55.287 49.178 28.400
55.287 49.178 28.600
55.287 49.178 28.700
55.287 49.178 28.900
55.287 49.178 29.000
55.287 49.178 29.200
55.287 49.178 29.300
55.287 49.178 32.100
55.287 49.178 32.400
55.287 49.178 32.600
55.287 49.178 32.700
55.287 49.178 32.900
55.287 49.178 33.000
55.287 49.178 33.200
55.287 49.178 33.300
55.360 166.325 0.000
55.360 166.325 20.600
55.473 165.941 0.000
55.473 165.941 20.600
55.875 49.448 6.600
55.875 49.448 16.200
56.013 49.602 16.600
56.013 49.602 16.700
56.013 49.602 16.900
56.013 49.602 17.000
56.013 49.602 17.200
56.013 49.602 17.300
56.013 49.602 20.600
56.013 49.602 20.700
56.013 49.602 20.900
56.013 49.602 21.000
56.013 49.602 21.200
56.013 49.602 21.300
56.013 49.602 24.600
56.013 49.602 24.700
56.013 49.602 24.900
56.013 49.602 25.000
56.013 49.602 25.200
56.013 49.602 25.300
56.013 49.602 28.600
56.013 49.602 28.700
56.013 49.602 28.900
56.013 49.602 29.000
56.013 49.602 29.200
56.013 49.602 29.300
56.013 49.602 32.600
56.013 49.602 32.700
56.013 49.602 32.900
56.013 49.602 33.000
56.013 49.602 33.200
56.013 49.602 33.300
56.028 130.184 0.000
56.028 130.184 2.600
56.029 130.158 0.000
56.029 130.158 2.600
56.029 130.211 0.000
56.029 130.211 2.600
56.033 49.528 16.600
56.033 49.528 16.700
56.033 49.528 16.900
56.033 49.528 17.000
56.033 49.528 17.200
56.033 49.528 17.300
56.033 49.528 20.100
56.033 49.528 20.400
56.033 49.528 20.600
56.033 49.528 20.700
56.033 49.528 20.900
56.033 49.528 21.000
56.033 49.528 21.200
56.033 49.528 21.300
56.033 49.528 24.100
56.033 49.528 24.400
56.033 49.528 24.600
56.033 49.528 24.700
56.033 49.528 24.900
56.033 49.528 25.000
56.033 49.528 25.200
56.033 49.528 25.300
56.033 49.528 28.100
56.033 49.528 28.400
56.033 49.528 28.600
56.033 49.528 28.700
56.033 49.528 28.900
56.033 49.528 29.000
56.033 49.528 29.200
56.033 49.528 29.300
56.033 49.528 32.100
56.033 49.528 32.400
56.033 49.528 32.600
56.033 49.528 32.700
56.033 49.528 32.900
56.033 49.528 33.000
56.033 49.528 33.200
56.033 49.528 33.300
56.033 130.131 0.000
56.033 130.131 2.600
56.033 130.237 0.000
56.033 130.237 2.600
56.038 130.105 0.000
56.038 130.105 2.600
56.038 130.263 0.000
56.038 130.263 2.600
56.046 130.080 0.000
56.046 130.080 2.600
56.046 130.288 0.000
56.046 130.288 2.600
56.057 130.055 0.000
56.057 130.055 2.600
56.057 130.313 0.000
56.057 130.313 2.600
56.069 130.032 0.000
56.069 130.032 2.600
56.069 130.337 0.000
56.069 130.337 2.600
56.083 130.009 0.000
56.083 130.009 2.600
56.083 130.359 0.000
56.083 130.359 2.600
56.099 129.988 0.000
56.099 129.988 2.600
56.099 130.380 0.000
56.099 130.380 2.600
56.117 129.969 0.000
56.117 129.969 2.600
56.117 130.400 0.000
56.117 130.400 2.600
56.136 62.539 32.400
56.136 62.539 35.000
56.137 129.951 0.000
56.137 129.951 2.600
56.137 130.418 0.000
56.137 130.418 2.600
56.158 129.934 0.000
56.158 129.934 2.600
56.158 130.434 0.000
56.158 130.434 2.600
56.181 129.920 0.000
56.181 129.920 2.600
56.181 130.448 0.000
56.181 130.448 2.600
56.204 129.908 0.000
56.204 129.908 2.600
56.204 130.461 0.000
56.204 130.461 2.600
56.229 129.898 0.000
56.229 129.898 2.600
56.229 130.471 0.000
56.229 130.471 2.600
56.254 129.890 0.000
56.254 129.890 2.600
56.254 130.479 0.000
56.254 130.479 2.600
56.280 129.884 0.000
56.280 129.884 2.600
56.280 130.485 0.000
56.280 130.485 2.600
56.306 129.880 0.000
56.306 129.880 2.600
56.307 130.488 0.000
56.307 130.488 2.600
56.333 129.879 0.000
56.333 129.879 2.600
56.333 130.489 0.000
56.333 130.489 2.600
56.360 129.880 0.000
56.360 129.880 2.600
56.360 130.488 0.000
56.360 130.488 2.600
56.386 129.884 0.000
56.386 129.884 2.600
56.386 130.485 0.000
56.386 130.485 2.600
56.412 129.890 0.000
56.412 129.890 2.600
56.412 130.479 0.000
56.412 130.479 2.600
56.437 129.898 0.000
56.437 129.898 2.600
56.437 130.471 0.000
56.437 130.471 2.600
56.462 129.908 0.000
56.462 129.908 2.600
56.462 130.461 0.000
56.462 130.461 2.600
56.482 155.867 12.700
56.482 155.867 20.600
56.486 129.920 0.000
56.486 129.920 2.600
56.486 130.448 0.000
56.486 130.448 2.600
56.508 129.934 0.000
56.508 129.934 2.600
56.508 130.434 0.000
56.508 130.434 2.600
56.525 136.807 0.000
56.525 136.807 2.600
56.525 136.807 20.200
56.525 136.807 20.400
56.529 129.951 0.000
56.529 129.951 2.600
56.529 130.418 0.000
56.529 130.418 2.600
56.549 129.969 0.000
56.549 129.969 2.600
56.549 130.400 0.000
56.549 130.400 2.600
56.567 129.988 0.000
56.567 129.988 2.600
56.567 130.380 0.000
56.567 130.380 2.600
56.583 130.009 0.000
56.583 130.009 2.600
56.583 130.359 0.000
56.583 130.359 2.600
56.597 130.032 0.000
56.597 130.032 2.600
56.597 130.337 0.000
56.597 130.337 2.600
56.609 130.055 0.000
56.609 130.055 2.600
56.610 130.313 0.000
56.610 130.313 2.600
56.620 130.080 0.000
56.620 130.080 2.600
56.620 130.288 0.000
56.620 130.288 2.600
56.626 49.864 6.600
56.626 49.864 16.200
56.628 130.105 0.000
56.628 130.105 2.600
56.628 130.263 0.000
56.628 130.263 2.600
56.633 130.131 0.000
56.633 130.131 2.600
56.633 130.237 0.000
56.633 130.237 2.600
56.637 130.158 0.000
56.637 130.158 2.600
56.637 130.211 0.000
56.637 130.211 2.600
56.638 130.184 0.000
56.638 130.184 2.600
56.665 155.244 0.000
56.665 155.244 8.100
56.665 155.244 8.101
56.665 155.244 12.700
56.665 155.244 20.200
56.665 155.244 20.400
56.665 155.244 20.600
56.726 50.014 16.600
56.726 50.014 16.700
56.726 50.014 16.900
56.726 50.014 17.000
56.726 50.014 17.200
56.726 50.014 17.300
56.726 50.014 20.600
56.726 50.014 20.700
56.726 50.014 20.900
56.726 50.014 21.000
56.726 50.014 21.200
56.726 50.014 21.300
56.726 50.014 24.600
56.726 50.014 24.700
56.726 50.014 24.900
56.726 50.014 25.000
56.726 50.014 25.200
56.726 50.014 25.300
56.726 50.014 28.600
56.726 50.014 28.700
56.726 50.014 28.900
56.726 50.014 29.000
56.726 50.014 29.200
56.726 50.014 29.300
56.726 50.014 32.600
56.726 50.014 32.700
56.726 50.014 32.900
56.726 50.014 33.000
56.726 50.014 33.200
56.726 50.014 33.300
56.746 49.938 16.600
56.746 49.938 16.700
56.746 49.938 16.900
56.746 49.938 17.000
56.746 49.938 17.200
56.746 49.938 17.300
56.746 49.938 20.100
56.746 49.938 20.400
56.746 49.938 20.600
56.746 49.938 20.700
56.746 49.938 20.900
56.746 49.938 21.000
56.746 49.938 21.200
56.746 49.938 21.300
56.746 49.938 24.100
56.746 49.938 24.400
56.746 49.938 24.600
56.746 49.938 24.700
56.746 49.938 24.900
56.746 49.938 25.000
56.746 49.938 25.200
56.746 49.938 25.300
56.746 49.938 28.100
56.746 49.938 28.400
56.746 49.938 28.600
56.746 49.938 28.700
56.746 49.938 28.900
56.746 49.938 29.000
56.746 49.938 29.200
56.746 49.938 29.300
56.746 49.938 32.100
56.746 49.938 32.400
56.746 49.938 32.600
56.746 49.938 32.700
56.746 49.938 32.900
56.746 49.938 33.000
56.746 49.938 33.200
56.746 49.938 33.300
56.807 62.737 20.400
56.807 62.737 24.000
56.807 62.737 32.400
56.807 62.737 35.000
57.284 166.160 1.000
57.284 166.160 20.600
57.339 50.343 6.600
57.339 50.343 16.200
57.369 165.873 1.000
57.369 165.873 20.600
57.398 100.116 0.000
57.398 100.116 2.600
57.398 100.116 7.000
57.398 100.116 20.400
57.398 100.116 24.000
57.398 100.116 32.300
57.398 100.116 32.400
57.398 100.116 38.200
57.404 50.485 16.600
57.404 50.485 16.700
57.404 50.485 16.900
57.404 50.485 17.000
57.404 50.485 17.200
57.404 50.485 17.300
57.404 50.485 20.600
57.404 50.485 20.700
57.404 50.485 20.900
57.404 50.485 21.000
57.404 50.485 21.200
57.404 50.485 21.300
57.404 50.485 24.600
57.404 50.485 24.700
57.404 50.485 24.900
57.404 50.485 25.000
57.404 50.485 25.200
57.404 50.485 25.300
57.404 50.485 28.600
57.404 50.485 28.700
57.404 50.485 28.900
57.404 50.485 29.000
57.404 50.485 29.200
57.404 50.485 29.300
57.404 50.485 32.600
57.404 50.485 32.700
57.404 50.485 32.900
57.404 50.485 33.000
57.404 50.485 33.200
57.404 50.485 33.300
57.424 50.406 16.600
57.424 50.406 16.700
57.424 50.406 16.900
57.424 50.406 17.000
57.424 50.406 17.200
57.424 50.406 17.300
57.424 50.406 20.100
57.424 50.406 20.400
57.424 50.406 20.600
57.424 50.406 20.700
57.424 50.406 20.900
57.424 50.406 21.000
57.424 50.406 21.200
57.424 50.406 21.300
57.424 50.406 24.100
57.424 50.406 24.400
57.424 50.406 24.600
57.424 50.406 24.700
57.424 50.406 24.900
57.424 50.406 25.000
57.424 50.406 25.200
57.424 50.406 25.300
57.424 50.406 28.100
57.424 50.406 28.400
57.424 50.406 28.600
57.424 50.406 28.700
57.424 50.406 28.900
57.424 50.406 29.000
57.424 50.406 29.200
57.424 50.406 29.300
57.424 50.406 32.100
57.424 50.406 32.400
57.424 50.406 32.600
57.424 50.406 32.700
57.424 50.406 32.900
57.424 50.406 33.000
57.424 50.406 33.200
57.424 50.406 33.300
57.554 60.194 6.600
57.554 60.194 7.000
57.554 60.194 16.200
57.554 60.194 20.400
57.719 124.427 0.000
57.719 124.427 2.600
57.720 124.401 0.000
57.720 124.401 2.600
57.720 124.454 0.000
57.720 124.454 2.600
57.723 124.374 0.000
57.723 124.374 2.600
57.723 124.480 0.000
57.723 124.480 2.600
57.729 124.348 0.000
57.729 124.348 2.600
57.729 124.506 0.000
57.729 124.506 2.600
57.737 124.323 0.000
57.737 124.323 2.600
57.737 124.532 0.000
57.737 124.532 2.600
57.747 124.298 0.000
57.747 124.298 2.600
57.747 124.556 0.000
57.747 124.556 2.600
57.759 124.275 0.000
57.759 124.275 2.600
57.760 124.580 0.000
57.760 124.580 2.600
57.774 124.252 0.000
57.774 124.252 2.600
57.774 124.602 0.000
57.774 124.602 2.600
57.790 124.231 0.000
57.790 124.231 2.600
57.790 124.623 0.000
57.790 124.623 2.600
57.808 124.212 0.000
57.808 124.212 2.600
57.808 124.643 0.000
57.808 124.643 2.600
57.828 124.194 0.000
57.828 124.194 2.600
57.828 124.661 0.000
57.828 124.661 2.600
57.849 124.177 0.000
57.849 124.177 2.600
57.849 124.677 0.000
57.849 124.677 2.600
57.871 124.163 0.000
57.871 124.163 2.600
57.871 124.691 0.000
57.871 124.691 2.600
57.895 124.151 0.000
57.895 124.151 2.600
57.895 124.704 0.000
57.895 124.704 2.600
57.919 124.141 0.000
57.919 124.141 2.600
57.919 124.714 0.000
57.919 124.714 2.600
57.920 58.947 0.000
57.920 58.947 7.000
57.945 124.133 0.000
57.945 124.133 2.600
57.945 124.722 0.000
57.945 124.722 2.600
57.971 124.127 0.000
57.971 124.127 2.600
57.971 124.728 0.000
57.971 124.728 2.600
57.997 124.123 0.000
57.997 124.123 2.600
57.997 124.731 0.000
57.997 124.731 2.600
58.008 50.881 6.600
58.008 50.881 16.200
58.024 124.122 0.000
58.024 124.122 2.600
58.024 124.732 0.000
58.024 124.732 2.600
58.039 51.009 16.600
58.039 51.009 16.700
58.039 51.009 16.900
58.039 51.009 17.000
58.039 51.009 17.200
58.039 51.009 17.300
58.039 51.009 20.600
58.039 51.009 20.700
58.039 51.009 20.900
58.039 51.009 21.000
58.039 51.009 21.200
58.039 51.009 21.300
58.039 51.009 24.600
58.039 51.009 24.700
58.039 51.009 24.900
58.039 51.009 25.000
58.039 51.009 25.200
58.039 51.009 25.300
58.039 51.009 28.600
58.039 51.009 28.700
58.039 51.009 28.900
58.039 51.009 29.000
58.039 51.009 29.200
58.039 51.009 29.300
58.039 51.009 32.600
58.039 51.009 32.700
58.039 51.009 32.900
58.039 51.009 33.000
58.039 51.009 33.200
58.039 51.009 33.300
58.050 124.123 0.000
58.050 124.123 2.600
58.050 124.731 0.000
58.050 124.731 2.600
58.061 50.928 16.600
58.061 50.928 16.700
58.061 50.928 16.900
58.061 50.928 17.000
58.061 50.928 17.200
58.061 50.928 17.300
58.061 50.928 20.100
58.061 50.928 20.400
58.061 50.928 20.600
58.061 50.928 20.700
58.061 50.928 20.900
58.061 50.928 21.000
58.061 50.928 21.200
58.061 50.928 21.300
58.061 50.928 24.100
58.061 50.928 24.400
58.061 50.928 24.600
58.061 50.928 24.700
58.061 50.928 24.900
58.061 50.928 25.000
58.061 50.928 25.200
58.061 50.928 25.300
58.061 50.928 28.100
58.061 50.928 28.400
58.061 50.928 28.600
58.061 50.928 28.700
58.061 50.928 28.900
58.061 50.928 29.000
58.061 50.928 29.200
58.061 50.928 29.300
58.061 50.928 32.100
58.061 50.928 32.400
58.061 50.928 32.600
58.061 50.928 32.700
58.061 50.928 32.900
58.061 50.928 33.000
58.061 50.928 33.200
58.061 50.928 33.300
58.077 124.127 0.000
58.077 124.127 2.600
58.077 124.728 0.000
58.077 124.728 2.600
58.103 124.133 0.000
58.103 124.133 2.600
58.103 124.722 0.000
58.103 124.722 2.600
58.128 124.141 0.000
58.128 124.141 2.600
58.128 124.714 0.000
58.128 124.714 2.600
58.141 121.543 2.600
58.141 121.543 20.400
58.152 124.151 0.000
58.152 124.151 2.600
58.153 124.704 0.000
58.153 124.704 2.600
58.176 124.163 0.000
58.176 124.163 2.600
58.176 124.691 0.000
58.176 124.691 2.600
58.199 124.177 0.000
58.199 124.177 2.600
58.199 124.677 0.000
58.199 124.677 2.600
58.201 97.382 0.000
58.201 97.382 2.600
58.201 97.382 7.000
58.201 97.382 20.400
58.201 97.382 24.000
58.201 97.382 32.300
58.201 97.382 32.400
58.201 97.382 38.200
58.220 124.194 0.000
58.220 124.194 2.600
58.220 124.661 0.000
58.220 124.661 2.600
58.239 124.212 0.000
58.239 124.212 2.600
58.239 124.643 0.000
58.239 124.643 2.600
58.257 124.231 0.000
58.257 124.231 2.600
58.257 124.623 0.000
58.257 124.623 2.600
58.273 84.989 17.500
58.273 124.252 0.000
58.273 124.252 2.600
58.274 124.602 0.000
58.274 124.602 2.600
58.288 124.275 0.000
58.288 124.275 2.600
58.288 124.580 0.000
58.288 124.580 2.600
58.300 124.298 0.000
58.300 124.298 2.600
58.300 124.556 0.000
58.300 124.556 2.600
58.310 124.323 0.000
58.310 124.323 2.600
58.310 124.532 0.000
58.310 124.532 2.600
58.318 124.348 0.000
58.318 124.348 2.600
58.318 124.506 0.000
58.318 124.506 2.600
58.324 124.374 0.000
58.324 124.374 2.600
58.324 124.480 0.000
58.324 124.480 2.600
58.327 124.401 0.000
58.327 124.401 2.600
58.327 124.454 0.000
58.327 124.454 2.600
58.329 124.427 0.000
58.329 124.427 2.600
58.371 78.777 7.000
58.371 78.777 20.400
58.371 78.777 24.000
58.371 78.777 32.400
58.427 57.220 7.000
58.427 57.220 20.400
58.427 57.220 24.000
58.427 57.220 32.400
58.447 78.517 7.000
58.447 78.517 8.200
58.447 78.517 8.400
58.447 78.517 12.200
58.447 78.517 12.400
58.447 78.517 16.200
58.447 78.517 16.400
58.447 78.517 20.200
58.447 78.517 20.400
58.447 78.517 24.200
58.447 78.517 24.400
58.447 78.517 28.200
58.447 78.517 28.400
58.447 78.517 32.000
58.447 78.517 32.200
58.458 78.957 0.000
58.458 78.957 2.800
58.503 78.326 7.000
58.503 78.326 32.000
58.601 78.354 7.000
58.601 78.354 32.000
58.628 51.475 6.600
58.628 51.475 16.200
58.629 51.585 16.600
58.629 51.585 16.700
58.629 51.585 16.900
58.629 51.585 17.000
58.629 51.585 17.200
58.629 51.585 17.300
58.629 51.585 20.600
58.629 51.585 20.700
58.629 51.585 20.900
58.629 51.585 21.000
58.629 51.585 21.200
58.629 51.585 21.300
58.629 51.585 24.600
58.629 51.585 24.700
58.629 51.585 24.900
58.629 51.585 25.000
58.629 51.585 25.200
58.629 51.585 25.300
58.629 51.585 28.600
58.629 51.585 28.700
58.629 51.585 28.900
58.629 51.585 29.000
58.629 51.585 29.200
58.629 51.585 29.300
58.629 51.585 32.600
58.629 51.585 32.700
58.629 51.585 32.900
58.629 51.585 33.000
58.629 51.585 33.200
58.629 51.585 33.300
58.653 51.500 16.600
58.653 51.500 16.700
58.653 51.500 16.900
58.653 51.500 17.000
58.653 51.500 17.200
58.653 51.500 17.300
58.653 51.500 20.100
58.653 51.500 20.400
58.653 51.500 20.600
58.653 51.500 20.700
58.653 51.500 20.900
58.653 51.500 21.000
58.653 51.500 21.200
58.653 51.500 21.300
58.653 51.500 24.100
58.653 51.500 24.400
58.653 51.500 24.600
58.653 51.500 24.700
58.653 51.500 24.900
58.653 51.500 25.000
58.653 51.500 25.200
58.653 51.500 25.300
58.653 51.500 28.100
58.653 51.500 28.400
58.653 51.500 28.600
58.653 51.500 28.700
58.653 51.500 28.900
58.653 51.500 29.000
58.653 51.500 29.200
58.653 51.500 29.300
58.653 51.500 32.100
58.653 51.500 32.400
58.653 51.500 32.600
58.653 51.500 32.700
58.653 51.500 32.900
58.653 51.500 33.000
58.653 51.500 33.200
58.653 51.500 33.300
58.784 53.520 0.000
58.784 53.520 7.000
58.946 78.664 7.000
58.946 78.664 8.200
58.946 78.664 8.400
58.946 78.664 12.200
58.946 78.664 12.400
58.946 78.664 16.200
58.946 78.664 16.400
58.946 78.664 20.200
58.946 78.664 20.400
58.946 78.664 24.200
58.946 78.664 24.400
58.946 78.664 28.200
58.946 78.664 28.400
58.946 78.664 32.000
58.946 78.664 32.200
59.002 78.472 7.000
59.002 78.472 32.000
59.052 52.609 16.200
59.052 52.609 20.100
59.052 52.609 20.400
59.052 52.609 24.100
59.052 52.609 24.400
59.052 52.609 28.100
59.052 52.609 28.400
59.052 52.609 32.100
59.052 52.609 32.400
59.052 52.609 35.000
59.170 52.207 16.600
59.170 52.207 16.700
59.170 52.207 16.900
59.170 52.207 17.000
59.170 52.207 17.200
59.170 52.207 17.300
59.170 52.207 20.600
59.170 52.207 20.700
59.170 52.207 20.900
59.170 52.207 21.000
59.170 52.207 21.200
59.170 52.207 21.300
59.170 52.207 24.600
59.170 52.207 24.700
59.170 52.207 24.900
59.170 52.207 25.000
59.170 52.207 25.200
59.170 52.207 25.300
59.170 52.207 28.600
59.170 52.207 28.700
59.170 52.207 28.900
59.170 52.207 29.000
59.170 52.207 29.200
59.170 52.207 29.300
59.170 52.207 32.600
59.170 52.207 32.700
59.170 52.207 32.900
59.170 52.207 33.000
59.170 52.207 33.200
59.170 52.207 33.300
59.195 52.120 6.600
59.195 52.120 16.200
59.195 52.120 16.600
59.195 52.120 16.700
59.195 52.120 16.900
59.195 52.120 17.000
59.195 52.120 17.200
59.195 52.120 17.300
59.195 52.120 20.100
59.195 52.120 20.400
59.195 52.120 20.600
59.195 52.120 20.700
59.195 52.120 20.900
59.195 52.120 21.000
59.195 52.120 21.200
59.195 52.120 21.300
59.195 52.120 24.100
59.195 52.120 24.400
59.195 52.120 24.600
59.195 52.120 24.700
59.195 52.120 24.900
59.195 52.120 25.000
59.195 52.120 25.200
59.195 52.120 25.300
59.195 52.120 28.100
59.195 52.120 28.400
59.195 52.120 28.600
59.195 52.120 28.700
59.195 52.120 28.900
59.195 52.120 29.000
59.195 52.120 29.200
59.195 52.120 29.300
59.195 52.120 32.100
59.195 52.120 32.400
59.195 52.120 32.600
59.195 52.120 32.700
59.195 52.120 32.900
59.195 52.120 33.000
59.195 52.120 33.200
59.195 52.120 33.300
59.292 75.639 7.000
59.292 75.639 32.000
59.349 75.447 7.000
59.349 75.447 32.000
59.418 51.362 0.000
59.418 51.362 6.600
59.418 51.362 7.000
59.418 51.362 16.200
59.418 51.362 20.400
59.418 51.362 35.000
59.554 97.779 0.000
59.554 97.779 7.000
59.554 97.779 12.500
59.554 97.779 20.400
59.554 97.779 24.000
59.680 144.977 0.000
59.680 144.977 8.100
59.763 156.831 12.700
59.763 156.831 20.600
59.770 57.614 7.000
59.770 57.614 20.400
59.770 57.614 24.000
59.770 57.614 32.400
59.791 75.786 7.000
59.791 75.786 32.000
59.831 156.173 14.100
59.847 75.594 7.000
59.847 75.594 32.000
60.073 155.776 12.700
60.073 155.776 20.600
60.080 56.559 7.000
60.080 56.559 20.400
60.080 56.559 24.000
60.080 56.559 32.400
60.090 51.559 0.000
60.090 51.559 6.600
60.090 51.559 7.000
60.090 51.559 16.200
60.090 51.559 20.400
60.090 51.559 35.000
60.137 72.761 7.000
60.137 72.761 32.000
60.194 72.569 7.000
60.194 72.569 32.000
60.457 141.870 0.000
60.457 141.870 20.200
60.457 141.870 20.400
60.582 141.907 0.000
60.582 141.907 20.200
60.582 141.907 20.400
60.636 72.907 7.000
60.636 72.907 32.000
60.693 72.715 7.000
60.693 72.715 32.000
60.702 59.764 0.000
60.702 59.764 7.000
60.779 122.318 0.000
60.779 122.318 2.600
60.814 79.614 0.000
60.814 79.614 2.800
60.814 79.614 7.300
60.814 79.614 15.000
60.845 79.503 0.000
60.845 79.503 7.000
60.845 79.503 15.000
60.930 167.231 1.000
60.930 167.231 4.000
60.930 167.231 7.000
60.930 167.231 20.600
60.972 167.089 4.000
60.972 167.089 7.000
60.983 69.883 7.000
60.983 69.883 32.000
61.015 166.943 1.000
61.015 166.943 4.000
61.015 166.943 7.000
61.015 166.943 20.600
61.039 69.691 7.000
61.039 69.691 32.000
61.168 120.994 0.000
61.168 120.994 2.600
61.181 58.133 0.000
61.181 58.133 7.000
61.263 145.442 0.000
61.263 145.442 8.100
61.277 91.911 15.000
61.277 91.912 0.000
61.277 91.912 7.000
61.277 91.912 12.500
61.277 91.912 20.400
61.277 91.912 24.000
61.338 156.616 8.100
61.348 145.154 0.000
61.348 145.154 8.100
61.403 156.394 8.100
61.463 98.340 0.000
61.463 98.340 12.500
61.463 98.340 12.600
61.463 98.340 13.200
61.463 98.340 13.230
61.463 98.340 14.000
61.463 98.340 14.030
61.463 98.340 14.800
61.463 98.340 14.830
61.463 98.340 15.600
61.463 98.340 15.630
61.463 98.340 16.100
61.463 98.340 16.400
61.463 98.340 17.200
61.463 98.340 17.230
61.463 98.340 18.000
61.463 98.340 18.030
61.463 98.340 18.800
61.463 98.340 18.830
61.463 98.340 19.600
61.463 98.340 19.630
61.463 98.340 20.100
61.463 98.340 20.400
61.463 98.340 21.200
61.463 98.340 21.230
61.463 98.340 22.000
61.463 98.340 22.030
61.463 98.340 22.800
61.463 98.340 22.830
61.463 98.340 23.600
61.463 98.340 23.630
61.463 98.340 24.100
61.463 98.340 24.400
61.463 98.340 25.200
61.463 98.340 25.230
61.463 98.340 26.000
61.463 98.340 26.030
61.463 98.340 26.800
61.463 98.340 26.830
61.463 98.340 27.600
61.463 98.340 27.630
61.463 98.340 28.100
61.463 98.340 28.400
61.463 98.340 29.200
61.463 98.340 29.230
61.463 98.340 30.000
61.463 98.340 30.030
61.463 98.340 30.800
61.463 98.340 30.830
61.463 98.340 31.600
61.463 98.340 31.630
61.463 98.340 31.800
61.463 98.340 32.000
61.463 98.340 32.300
61.482 70.029 7.000
61.482 70.029 32.000
61.490 98.251 12.500
61.490 98.251 31.800
61.514 138.272 0.000
61.514 138.272 2.600
61.514 138.272 20.200
61.514 138.272 20.400
61.538 69.837 7.000
61.538 69.837 32.000
61.610 97.841 0.000
61.610 97.841 12.600
61.610 97.841 13.200
61.610 97.841 13.230
61.610 97.841 14.000
61.610 97.841 14.030
61.610 97.841 14.800
61.610 97.841 14.830
61.610 97.841 15.600
61.610 97.841 15.630
61.610 97.841 16.100
61.610 97.841 16.400
61.610 97.841 17.200
61.610 97.841 17.230
61.610 97.841 18.000
61.610 97.841 18.030
61.610 97.841 18.800
61.610 97.841 18.830
61.610 97.841 19.600
61.610 97.841 19.630
61.610 97.841 20.100
61.610 97.841 20.400
61.610 97.841 21.200
61.610 97.841 21.230
61.610 97.841 22.000
61.610 97.841 22.030
61.610 97.841 22.800
61.610 97.841 22.830
61.610 97.841 23.600
61.610 97.841 23.630
61.610 97.841 24.100
61.610 97.841 24.400
61.610 97.841 25.200
61.610 97.841 25.230
61.610 97.841 26.000
61.610 97.841 26.030
61.610 97.841 26.800
61.610 97.841 26.830
61.610 97.841 27.600
61.610 97.841 27.630
61.610 97.841 28.100
61.610 97.841 28.400
61.610 97.841 29.200
61.610 97.841 29.230
61.610 97.841 30.000
61.610 97.841 30.030
61.610 97.841 30.800
61.610 97.841 30.830
61.610 97.841 31.600
61.610 97.841 31.630
61.610 97.841 32.000
61.610 97.841 32.300
61.655 98.397 0.000
61.655 98.397 32.000
61.701 138.327 2.600
61.701 138.327 2.800
61.701 138.327 4.200
61.701 138.327 4.400
61.701 138.327 8.200
61.701 138.327 8.400
61.701 138.327 12.200
61.701 138.327 12.400
61.701 138.327 16.200
61.701 138.327 16.400
61.701 138.327 20.200
61.701 138.327 20.400
61.802 97.898 0.000
61.802 97.898 32.000
61.828 67.004 7.000
61.828 67.004 32.000
61.838 137.169 0.000
61.838 137.169 2.600
61.856 137.799 2.600
61.856 137.799 2.800
61.856 137.799 4.200
61.856 137.799 4.400
61.856 137.799 8.200
61.856 137.799 8.400
61.856 137.799 12.200
61.856 137.799 12.400
61.856 137.799 16.200
61.856 137.799 16.400
61.856 137.799 20.200
61.856 137.799 20.400
61.884 66.812 7.000
61.884 66.812 32.000
61.893 138.383 2.800
61.893 138.383 20.200
62.027 137.928 2.800
62.027 137.928 20.200
62.048 137.856 2.800
62.048 137.856 20.200
62.155 153.833 12.702
62.155 153.833 13.100
62.327 67.151 7.000
62.327 67.151 32.000
62.383 66.959 7.000
62.383 66.959 32.000
62.413 144.633 0.000
62.413 144.633 8.100
62.621 58.555 0.000
62.621 58.555 7.000
62.673 64.126 7.000
62.673 64.126 32.000
62.730 63.934 7.000
62.730 63.934 32.000
62.846 57.788 0.000
62.846 57.788 7.000
62.846 145.907 14.100
62.849 167.795 1.000
62.849 167.795 4.000
62.849 167.795 7.000
62.849 167.795 20.600
62.891 167.652 4.000
62.891 167.652 7.000
62.907 151.273 8.100
62.934 167.507 1.000
62.934 167.507 4.000
62.934 167.507 7.000
62.934 167.507 20.600
62.972 151.051 8.100
63.172 64.272 7.000
63.172 64.272 32.000
63.228 64.080 7.000
63.228 64.080 32.000
63.429 157.230 8.101
63.518 61.247 7.000
63.518 61.247 32.000
63.575 61.056 7.000
63.575 61.056 8.200
63.575 61.056 8.400
63.575 61.056 12.200
63.575 61.056 12.400
63.575 61.056 16.200
63.575 61.056 16.400
63.575 61.056 20.200
63.575 61.056 20.400
63.575 61.056 24.200
63.575 61.056 24.400
63.575 61.056 28.200
63.575 61.056 28.400
63.575 61.056 32.000
63.575 61.056 32.200
63.616 61.276 7.000
63.616 61.276 32.000
63.754 123.192 0.000
63.754 123.192 2.600
63.754 123.192 20.400
63.754 123.192 32.300
63.900 145.070 0.000
63.900 145.070 8.100
63.971 138.421 0.000
63.971 138.421 2.600
64.017 61.394 7.000
64.017 61.394 32.000
64.074 61.202 7.000
64.074 61.202 8.200
64.074 61.202 8.400
64.074 61.202 12.200
64.074 61.202 12.400
64.074 61.202 16.200
64.074 61.202 16.400
64.074 61.202 20.200
64.074 61.202 20.400
64.074 61.202 24.200
64.074 61.202 24.400
64.074 61.202 28.200
64.074 61.202 28.400
64.074 61.202 32.000
64.074 61.202 32.200
64.137 18.309 14.600
64.137 18.309 15.300
64.140 137.845 0.000
64.140 137.845 2.600
64.168 121.782 0.000
64.168 121.782 2.600
64.168 121.782 20.400
64.168 121.782 32.300
64.342 99.186 0.000
64.342 99.186 32.000
64.429 146.372 0.000
64.429 146.372 8.100
64.452 51.371 0.001
64.452 51.371 5.001
64.488 98.687 0.000
64.488 98.687 32.000
64.513 57.861 7.000
64.513 57.861 20.400
64.513 57.861 24.000
64.513 57.861 32.400
64.514 146.084 0.000
64.514 146.084 8.100
64.534 99.242 0.000
64.534 99.242 32.000
64.579 139.172 2.800
64.579 139.172 20.200
64.586 57.009 0.000
64.586 57.009 2.800
64.619 18.444 0.000
64.619 18.444 14.600
64.619 18.444 15.300
64.680 98.743 0.000
64.680 98.743 32.000
64.715 33.762 0.001
64.715 33.762 5.001
64.734 138.645 2.800
64.734 138.645 20.200
64.771 139.229 2.800
64.771 139.229 20.200
64.926 138.701 2.800
64.926 138.701 20.200
65.235 18.096 15.300
65.235 18.096 16.600
65.740 149.362 0.000
65.740 149.362 8.100
65.918 124.870 0.000
65.918 124.870 2.600
65.918 124.870 20.400
65.918 124.870 32.300
65.918 124.870 38.200
66.003 124.582 0.000
66.003 124.582 2.600
66.003 124.582 20.400
66.003 124.582 32.300
66.003 124.582 38.200
66.015 168.725 1.000
66.015 168.725 8.500
66.015 168.725 8.700
66.015 168.725 12.500
66.015 168.725 12.700
66.015 168.725 16.500
66.015 168.725 16.700
66.015 168.725 20.600
66.029 168.677 8.500
66.029 168.677 8.700
66.029 168.677 12.500
66.029 168.677 12.700
66.029 168.677 16.500
66.029 168.677 16.700
66.029 168.677 20.400
66.100 168.437 1.000
66.100 168.437 4.100
66.100 168.437 8.200
66.100 168.437 12.700
66.100 168.437 20.600
66.243 124.653 0.000
66.243 124.653 2.600
66.243 124.653 20.400
66.243 124.653 32.300
66.243 124.653 38.200
66.444 146.964 0.000
66.444 146.964 8.100
66.519 158.138 8.100
66.599 58.890 0.000
66.599 58.890 7.000
66.854 122.571 0.000
66.854 122.571 2.600
66.854 122.571 20.400
66.854 122.571 32.300
66.854 122.571 38.200
66.925 165.626 4.100
66.925 165.626 8.200
66.925 165.626 8.500
66.925 165.626 12.700
66.925 165.626 20.400
66.925 165.626 20.600
66.940 57.667 0.000
66.940 57.667 2.800
66.940 57.667 7.300
67.220 100.031 0.000
67.220 100.031 32.000
67.367 99.532 0.000
67.367 99.532 32.000
67.412 100.087 0.000
67.412 100.087 32.000
67.457 140.018 2.800
67.457 140.018 20.200
67.558 99.588 0.000
67.558 99.588 32.000
67.612 139.490 2.800
67.612 139.490 20.200
67.649 140.074 2.800
67.649 140.074 20.200
67.804 139.546 2.800
67.804 139.546 20.200
68.069 38.410 0.001
68.069 38.410 5.001
68.673 19.575 0.001
68.673 19.575 5.001
68.830 159.494 12.700
68.830 159.494 20.600
68.917 149.971 8.100
69.140 158.439 12.700
69.140 158.439 20.600
69.244 0.000 14.600
69.244 0.000 15.300
69.482 2.870 15.300
69.482 2.870 16.600
69.591 0.616 0.000
69.591 0.616 14.600
69.591 0.616 15.300
69.839 58.482 0.001
69.839 58.482 13.001
69.877 159.124 14.100
69.953 2.483 15.300
70.098 100.876 0.000
70.098 100.876 32.000
70.245 100.377 0.000
70.245 100.377 32.000
70.290 100.933 0.000
70.290 100.933 32.000
70.336 140.863 2.800
70.336 140.863 20.200
70.410 0.845 15.300
70.417 169.705 0.000
70.417 169.705 4.100
70.437 100.434 0.000
70.437 100.434 32.000
70.491 140.336 2.800
70.491 140.336 20.200
70.528 140.920 2.800
70.528 140.920 20.200
70.541 2.647 15.813
70.586 170.015 8.500
70.586 170.015 8.700
70.586 170.015 12.500
70.586 170.015 12.700
70.586 170.015 16.500
70.586 170.015 16.700
70.586 170.015 20.400
70.620 170.077 8.500
70.620 170.077 8.700
70.620 170.077 12.500
70.620 170.077 12.700
70.620 170.077 16.500
70.620 170.077 16.700
70.682 140.392 2.800
70.682 140.392 20.200
70.998 1.009 15.813
71.170 2.822 16.270
71.243 166.894 3.400
71.243 166.894 4.100
71.243 166.894 8.200
71.243 166.894 12.700
71.243 166.894 20.600
71.243 166.894 20.650
71.290 53.280 0.000
71.290 53.280 5.000
71.482 166.964 8.500
71.482 166.964 8.700
71.482 166.964 12.500
71.482 166.964 12.700
71.482 166.964 16.500
71.482 166.964 16.700
71.482 166.964 20.400
71.530 166.978 3.400
71.530 166.978 8.500
71.530 166.978 8.700
71.530 166.978 12.500
71.530 166.978 12.700
71.530 166.978 13.400
71.530 166.978 15.100
71.530 166.978 16.500
71.530 166.978 16.700
71.530 166.978 16.800
71.530 166.978 17.200
71.530 166.978 18.900
71.530 166.978 20.600
71.581 166.806 12.700
71.581 166.806 20.600
71.627 1.184 16.270
71.750 167.043 13.400
71.750 167.043 15.100
71.750 167.043 16.500
71.750 167.043 16.800
71.750 167.043 17.200
71.750 167.043 18.900
71.834 3.007 16.668
72.051 164.140 3.400
72.051 164.140 5.200
72.051 164.140 7.300
72.051 164.140 12.700
72.058 167.133 12.700
72.058 167.133 20.600
72.058 167.133 20.650
72.109 166.961 12.700
72.109 166.961 20.600
72.173 164.176 5.200
72.173 164.176 7.300
72.209 35.853 0.000
72.209 35.853 5.000
72.275 150.957 14.100
72.291 1.369 16.668
72.339 164.225 3.400
72.339 164.225 5.200
72.339 164.225 7.300
72.339 164.225 12.700
72.367 164.129 12.700
72.367 164.129 20.600
72.418 163.956 12.700
72.418 163.956 20.600
72.530 3.201 17.005
72.544 34.653 0.000
72.544 34.653 5.000
72.727 161.837 5.200
72.727 161.837 7.300
72.728 161.837 3.400
72.728 161.837 5.200
72.728 161.837 7.300
72.728 161.837 12.700
72.849 161.873 5.200
72.849 161.873 7.300
72.895 164.284 12.700
72.895 164.284 20.600
72.946 164.111 12.700
72.946 164.111 20.600
72.977 101.722 0.000
72.977 101.722 32.000
72.987 1.563 17.005
73.015 161.922 3.400
73.015 161.922 5.200
73.015 161.922 7.300
73.015 161.922 12.700
73.052 160.734 12.700
73.052 160.734 20.600
73.052 160.734 20.650
73.123 101.223 0.000
73.123 101.223 32.000
73.168 101.778 0.000
73.168 101.778 32.000
73.213 161.250 12.700
73.213 161.250 20.600
73.214 141.709 2.800
73.214 141.709 20.200
73.235 160.110 0.000
73.235 160.110 3.400
73.235 160.110 4.100
73.235 160.110 8.100
73.235 160.110 8.200
73.235 160.110 12.700
73.251 3.402 17.278
73.263 161.078 12.700
73.263 161.078 13.400
73.263 161.078 15.100
73.263 161.078 16.500
73.263 161.078 16.800
73.263 161.078 17.200
73.263 161.078 18.900
73.263 161.078 20.600
73.315 101.279 0.000
73.315 101.279 32.000
73.369 141.181 2.800
73.369 141.181 20.200
73.406 141.765 2.600
73.406 141.765 2.800
73.406 141.765 12.400
73.406 141.765 20.200
73.483 161.142 13.400
73.483 161.142 15.100
73.483 161.142 16.500
73.483 161.142 16.800
73.483 161.142 17.200
73.483 161.142 18.900
73.523 160.195 3.400
73.523 160.195 12.700
73.561 141.237 2.600
73.561 141.237 2.800
73.561 141.237 12.400
73.561 141.237 20.200
73.561 141.237 20.400
73.630 126.823 0.000
73.630 126.823 2.600
73.630 126.823 20.400
73.630 126.823 32.300
73.630 126.823 38.200
73.699 160.247 0.000
73.699 160.247 8.100
73.708 1.765 17.278
73.740 161.405 12.700
73.740 161.405 20.600
73.786 127.181 0.000
73.786 127.181 2.600
73.786 127.181 20.400
73.786 127.181 32.300
73.786 127.181 38.200
73.791 161.233 12.700
73.791 161.233 20.600
73.867 160.974 20.600
73.867 160.974 20.650
73.870 126.893 0.000
73.870 126.893 2.600
73.870 126.893 20.400
73.870 126.893 32.300
73.870 126.893 38.200
73.992 3.609 17.484
74.017 160.340 0.000
74.017 160.340 8.100
74.106 151.820 0.000
74.106 151.820 8.100
74.157 125.028 0.000
74.157 125.028 2.600
74.157 125.028 20.400
74.157 125.028 32.300
74.157 125.028 38.200
74.194 160.392 0.000
74.194 160.392 8.100
74.259 160.170 8.100
74.270 159.476 0.600
74.270 159.476 2.900
74.315 151.898 0.000
74.315 151.898 8.100
74.345 159.499 0.600
74.345 159.499 2.900
74.355 159.189 5.100
74.355 159.189 7.200
74.448 159.529 0.600
74.448 159.529 2.900
74.449 1.971 17.484
74.497 151.999 0.000
74.497 151.999 8.100
74.532 159.241 5.100
74.532 159.241 7.200
74.575 160.504 8.100
74.609 158.325 5.100
74.609 158.325 7.200
74.640 160.282 8.100
74.653 152.115 0.000
74.653 152.115 8.100
74.748 3.820 17.622
74.749 157.845 0.600
74.749 157.845 2.900
74.786 158.377 5.100
74.786 158.377 7.200
74.824 157.867 0.600
74.824 157.867 2.900
74.848 152.314 0.000
74.848 152.314 8.100
74.869 154.545 0.000
74.869 154.545 8.100
74.908 40.318 0.000
74.908 40.318 5.000
74.927 157.897 0.600
74.927 157.897 2.900
74.947 157.174 1.600
74.947 157.174 4.200
74.988 152.519 0.000
74.988 152.519 8.100
75.011 157.610 12.702
75.022 157.196 1.600
75.022 157.196 4.200
75.059 156.790 5.100
75.059 156.790 7.200
75.086 152.729 0.000
75.086 152.729 8.100
75.123 153.682 0.000
75.123 153.682 8.100
75.124 157.226 1.600
75.124 157.226 4.200
75.136 152.885 0.000
75.136 152.885 8.100
75.169 153.466 0.000
75.169 153.466 8.100
75.173 153.085 0.000
75.173 153.085 8.100
75.182 153.310 0.000
75.182 153.310 8.100
75.205 2.182 17.622
75.237 156.842 5.100
75.237 156.842 7.200
75.313 155.926 5.100
75.313 155.926 7.200
75.333 154.682 0.000
75.333 154.682 8.100
75.392 157.722 12.702
75.392 157.722 13.100
75.397 155.639 1.600
75.397 155.639 4.200
75.472 155.661 1.600
75.472 155.661 4.200
75.490 155.979 5.100
75.490 155.979 7.200
75.512 4.033 17.692
75.575 155.691 1.600
75.575 155.691 4.200
75.633 151.943 8.100
75.651 154.775 0.000
75.651 154.775 8.100
75.763 155.049 8.100
75.828 154.827 0.000
75.828 154.827 8.100
75.855 102.567 0.000
75.855 102.567 32.000
75.905 142.499 2.600
75.905 142.499 4.200
75.905 142.499 4.400
75.905 142.499 8.200
75.905 142.499 8.400
75.905 142.499 12.200
75.905 142.499 12.400
75.905 142.499 16.200
75.905 142.499 16.400
75.905 142.499 20.100
75.905 142.499 20.200
75.905 142.499 20.400
75.967 142.022 2.800
75.967 142.022 12.700
75.967 142.022 13.000
75.967 142.022 16.100
75.967 142.022 16.400
75.967 142.022 20.200
75.970 2.395 17.692
75.988 141.950 2.600
75.988 141.950 2.800
75.988 141.950 13.000
75.988 141.950 15.175
75.988 141.950 17.325
75.988 141.950 19.175
75.988 141.950 20.100
75.988 141.950 20.200
75.988 141.950 20.400
76.001 102.068 0.000
76.001 102.068 32.000
76.047 102.623 0.000
76.047 102.623 32.000
76.060 141.971 0.000
76.060 141.971 2.600
76.060 141.971 4.200
76.060 141.971 4.400
76.060 141.971 8.200
76.060 141.971 8.400
76.060 141.971 12.200
76.060 141.971 12.400
76.060 141.971 13.000
76.060 141.971 15.175
76.060 141.971 16.200
76.060 141.971 16.400
76.060 141.971 17.325
76.060 141.971 19.175
76.060 141.971 20.100
76.060 141.971 20.200
76.060 141.971 20.400
76.144 155.161 8.100
76.193 102.125 0.000
76.193 102.125 32.000
76.196 35.672 0.000
76.196 35.672 5.000
76.210 154.939 8.100
76.215 141.444 0.000
76.215 141.444 2.600
76.215 141.444 13.000
76.280 4.248 17.692
76.404 142.646 20.100
76.404 142.646 20.400
76.538 142.190 12.700
76.538 142.190 13.000
76.538 142.190 16.100
76.538 142.190 16.400
76.737 2.610 17.692
76.807 139.429 0.000
76.807 139.429 20.100
76.863 139.237 0.000
76.863 139.237 20.100
77.044 4.461 17.622
77.306 139.575 0.000
77.306 139.575 20.100
77.362 139.383 0.000
77.362 139.383 20.100
77.440 142.950 2.600
77.440 142.950 10.900
77.440 142.950 11.100
77.501 2.823 17.622
77.652 136.550 0.000
77.652 136.550 20.100
77.708 136.358 0.000
77.708 136.358 20.100
77.750 141.895 2.600
77.750 141.895 10.900
77.750 141.895 11.100
77.800 4.672 17.484
78.151 136.697 0.000
78.151 136.697 20.100
78.207 136.505 0.000
78.207 136.505 20.100
78.257 3.034 17.484
78.497 133.672 0.000
78.497 133.672 20.100
78.541 4.878 17.278
78.554 133.480 0.000
78.554 133.480 20.100
78.733 103.412 0.000
78.733 103.412 32.000
78.880 102.914 0.000
78.880 102.914 32.000
78.925 103.469 0.000
78.925 103.469 12.500
78.925 103.469 12.600
78.925 103.469 13.200
78.925 103.469 13.230
78.925 103.469 14.000
78.925 103.469 14.030
78.925 103.469 14.800
78.925 103.469 14.830
78.925 103.469 15.600
78.925 103.469 15.630
78.925 103.469 16.100
78.925 103.469 16.400
78.925 103.469 17.200
78.925 103.469 17.230
78.925 103.469 18.000
78.925 103.469 18.030
78.925 103.469 18.800
78.925 103.469 18.830
78.925 103.469 19.600
78.925 103.469 19.630
78.925 103.469 20.100
78.925 103.469 20.400
78.925 103.469 21.200
78.925 103.469 21.230
78.925 103.469 22.000
78.925 103.469 22.030
78.925 103.469 22.800
78.925 103.469 22.830
78.925 103.469 23.600
78.925 103.469 23.630
78.925 103.469 24.100
78.925 103.469 24.400
78.925 103.469 25.200
78.925 103.469 25.230
78.925 103.469 26.000
78.925 103.469 26.030
78.925 103.469 26.800
78.925 103.469 26.830
78.925 103.469 27.600
78.925 103.469 27.630
78.925 103.469 28.100
78.925 103.469 28.400
78.925 103.469 29.200
78.925 103.469 29.230
78.925 103.469 30.000
78.925 103.469 30.030
78.925 103.469 30.800
78.925 103.469 30.830
78.925 103.469 31.600
78.925 103.469 31.630
78.925 103.469 31.800
78.925 103.469 32.000
78.925 103.469 32.300
78.951 103.380 12.500
78.951 103.380 31.800
78.996 133.818 0.000
78.996 133.818 20.100
78.999 3.240 17.278
79.052 133.626 0.000
79.052 133.626 20.100
79.072 102.970 0.000
79.072 102.970 12.600
79.072 102.970 13.200
79.072 102.970 13.230
79.072 102.970 14.000
79.072 102.970 14.030
79.072 102.970 14.800
79.072 102.970 14.830
79.072 102.970 15.600
79.072 102.970 15.630
79.072 102.970 16.100
79.072 102.970 16.400
79.072 102.970 17.200
79.072 102.970 17.230
79.072 102.970 18.000
79.072 102.970 18.030
79.072 102.970 18.800
79.072 102.970 18.830
79.072 102.970 19.600
79.072 102.970 19.630
79.072 102.970 20.100
79.072 102.970 20.400
79.072 102.970 21.200
79.072 102.970 21.230
79.072 102.970 22.000
79.072 102.970 22.030
79.072 102.970 22.800
79.072 102.970 22.830
79.072 102.970 23.600
79.072 102.970 23.630
79.072 102.970 24.100
79.072 102.970 24.400
79.072 102.970 25.200
79.072 102.970 25.230
79.072 102.970 26.000
79.072 102.970 26.030
79.072 102.970 26.800
79.072 102.970 26.830
79.072 102.970 27.600
79.072 102.970 27.630
79.072 102.970 28.100
79.072 102.970 28.400
79.072 102.970 29.200
79.072 102.970 29.230
79.072 102.970 30.000
79.072 102.970 30.030
79.072 102.970 30.800
79.072 102.970 30.830
79.072 102.970 31.600
79.072 102.970 31.630
79.072 102.970 32.000
79.072 102.970 32.300
79.263 5.080 17.005
79.342 130.793 0.000
79.342 130.793 20.100
79.399 130.602 0.000
79.399 130.602 20.100
79.720 3.442 17.005
79.822 22.686 0.000
79.822 22.686 5.000
79.822 22.686 13.000
79.841 130.940 0.000
79.841 130.940 20.100
79.898 130.748 0.000
79.898 130.748 20.100
79.958 5.274 16.668
80.188 127.915 0.000
80.188 127.915 20.100
80.244 127.723 0.000
80.244 127.723 20.100
80.415 3.636 16.668
80.417 126.867 2.600
80.417 126.867 12.700
80.417 126.867 13.000
80.417 126.867 15.175
80.417 126.867 16.100
80.417 126.867 16.400
80.417 126.867 17.325
80.417 126.867 19.175
80.417 126.867 20.100
80.417 126.867 20.400
80.489 126.888 0.000
80.489 126.888 2.600
80.489 126.888 13.000
80.489 126.888 13.325
80.489 126.888 15.175
80.489 126.888 16.100
80.489 126.888 16.400
80.489 126.888 17.325
80.489 126.888 19.175
80.489 126.888 20.100
80.489 126.888 20.400
80.489 126.888 21.325
80.489 126.888 23.175
80.489 126.888 24.100
80.489 126.888 24.400
80.489 126.888 25.325
80.489 126.888 27.175
80.489 126.888 28.100
80.489 126.888 28.400
80.489 126.888 29.325
80.489 126.888 31.175
80.489 126.888 32.000
80.489 126.888 32.300
80.489 126.888 38.200
80.561 126.909 13.000
80.561 126.909 13.325
80.561 126.909 15.175
80.561 126.909 17.325
80.561 126.909 19.175
80.561 126.909 21.325
80.561 126.909 23.175
80.561 126.909 25.325
80.561 126.909 27.175
80.561 126.909 29.325
80.561 126.909 31.175
80.561 126.909 32.000
80.610 126.476 0.000
80.610 126.476 32.000
80.623 5.459 16.270
80.667 126.284 0.000
80.667 126.284 32.000
80.687 128.061 0.000
80.687 128.061 20.100
80.743 127.870 0.000
80.743 127.870 20.100
80.988 127.035 12.700
80.988 127.035 13.000
80.988 127.035 16.100
80.988 127.035 16.400
80.988 127.035 20.100
80.988 127.035 20.400
80.988 127.035 24.100
80.988 127.035 24.400
80.988 127.035 28.100
80.988 127.035 28.400
80.988 127.035 32.000
80.988 127.035 32.300
81.080 3.821 16.270
81.109 126.622 0.000
81.109 126.622 32.000
81.166 126.430 0.000
81.166 126.430 32.000
81.251 5.635 15.813
81.456 123.597 0.000
81.456 123.597 32.000
81.512 123.405 0.000
81.512 123.405 32.000
81.708 3.997 15.813
81.839 5.798 0.000
81.839 5.798 14.600
81.839 5.798 15.300
81.955 123.744 0.000
81.955 123.744 32.000
82.011 123.552 0.000
82.011 123.552 32.000
82.296 4.161 0.000
82.296 4.161 14.600
82.296 4.161 15.300
82.301 120.719 0.000
82.301 120.719 32.000
82.357 120.527 0.000
82.357 120.527 32.000
82.429 144.415 2.600
82.429 144.415 10.900
82.429 144.415 11.100
82.455 5.451 14.600
82.455 5.451 15.300
82.739 143.360 2.600
82.739 143.360 10.900
82.739 143.360 11.100
82.800 120.865 0.000
82.800 120.865 32.000
82.856 120.673 0.000
82.856 120.673 32.000
82.912 3.813 14.600
82.912 3.813 15.300
83.146 117.840 0.000
83.146 117.840 32.000
83.203 117.648 0.000
83.203 117.648 32.000
83.645 117.987 0.000
83.645 117.987 32.000
83.701 117.795 0.000
83.701 117.795 32.000
83.992 114.962 0.000
83.992 114.962 32.000
84.048 114.770 0.000
84.048 114.770 32.000
84.255 143.805 0.000
84.255 143.805 2.600
84.490 115.108 0.000
84.490 115.108 32.000
84.547 114.917 0.000
84.547 114.917 32.000
84.790 143.322 0.000
84.790 143.322 2.600
84.791 143.296 0.000
84.791 143.296 2.600
84.791 143.349 0.000
84.791 143.349 2.600
84.795 143.269 0.000
84.795 143.269 2.600
84.795 143.375 0.000
84.795 143.375 2.600
84.800 143.243 0.000
84.800 143.243 2.600
84.800 143.401 0.000
84.800 143.401 2.600
84.808 143.218 0.000
84.808 143.218 2.600
84.808 143.427 0.000
84.808 143.427 2.600
84.819 143.193 0.000
84.819 143.193 2.600
84.819 143.451 0.000
84.819 143.451 2.600
84.831 143.170 0.000
84.831 143.170 2.600
84.831 143.475 0.000
84.831 143.475 2.600
84.837 112.084 0.000
84.837 112.084 32.000
84.845 143.147 0.000
84.845 143.147 2.600
84.845 143.497 0.000
84.845 143.497 2.600
84.861 143.126 0.000
84.861 143.126 2.600
84.861 143.518 0.000
84.861 143.518 2.600
84.879 143.107 0.000
84.879 143.107 2.600
84.879 143.538 0.000
84.879 143.538 2.600
84.893 111.892 0.000
84.893 111.892 32.000
84.899 143.089 0.000
84.899 143.089 2.600
84.899 143.556 0.000
84.899 143.556 2.600
84.920 143.072 0.000
84.920 143.072 2.600
84.920 143.572 0.000
84.920 143.572 2.600
84.924 145.148 2.600
84.924 145.148 13.000
84.943 143.058 0.000
84.943 143.058 2.600
84.943 143.586 0.000
84.943 143.586 2.600
84.966 143.046 0.000
84.966 143.046 2.600
84.966 143.599 0.000
84.966 143.599 2.600
84.991 143.036 0.000
84.991 143.036 2.600
84.991 143.609 0.000
84.991 143.609 2.600
85.016 143.028 0.000
85.016 143.028 2.600
85.016 143.617 0.000
85.016 143.617 2.600
85.042 143.022 0.000
85.042 143.022 2.600
85.042 143.623 0.000
85.042 143.623 2.600
85.068 143.018 0.000
85.068 143.018 2.600
85.068 143.626 0.000
85.068 143.626 2.600
85.095 143.017 0.000
85.095 143.017 2.600
85.095 143.627 0.000
85.095 143.627 2.600
85.122 143.018 0.000
85.122 143.018 2.600
85.122 143.626 0.000
85.122 143.626 2.600
85.148 143.022 0.000
85.148 143.022 2.600
85.148 143.623 0.000
85.148 143.623 2.600
85.174 143.028 0.000
85.174 143.028 2.600
85.174 143.617 0.000
85.174 143.617 2.600
85.199 143.036 0.000
85.199 143.036 2.600
85.199 143.609 0.000
85.199 143.609 2.600
85.224 143.046 0.000
85.224 143.046 2.600
85.224 143.599 0.000
85.224 143.599 2.600
85.234 144.092 2.600
85.234 144.092 13.000
85.247 143.058 0.000
85.247 143.058 2.600
85.248 143.586 0.000
85.248 143.586 2.600
85.270 143.072 0.000
85.270 143.072 2.600
85.270 143.572 0.000
85.270 143.572 2.600
85.291 143.089 0.000
85.291 143.089 2.600
85.291 143.556 0.000
85.291 143.556 2.600
85.311 143.107 0.000
85.311 143.107 2.600
85.311 143.538 0.000
85.311 143.538 2.600
85.329 143.126 0.000
85.329 143.126 2.600
85.329 143.518 0.000
85.329 143.518 2.600
85.336 112.230 0.000
85.336 112.230 32.000
85.345 143.147 0.000
85.345 143.147 2.600
85.345 143.497 0.000
85.345 143.497 2.600
85.359 143.170 0.000
85.359 143.170 2.600
85.359 143.475 0.000
85.359 143.475 2.600
85.371 143.193 0.000
85.371 143.193 2.600
85.371 143.451 0.000
85.371 143.451 2.600
85.382 143.218 0.000
85.382 143.218 2.600
85.382 143.427 0.000
85.382 143.427 2.600
85.390 143.243 0.000
85.390 143.243 2.600
85.390 143.401 0.000
85.390 143.401 2.600
85.392 112.038 0.000
85.392 112.038 32.000
85.395 143.269 0.000
85.395 143.269 2.600
85.395 143.375 0.000
85.395 143.375 2.600
85.399 143.296 0.000
85.399 143.296 2.600
85.399 143.349 0.000
85.399 143.349 2.600
85.400 143.322 0.000
85.400 143.322 2.600
85.451 145.303 2.600
85.451 145.303 13.000
85.595 145.345 2.600
85.595 145.345 13.000
85.682 109.205 0.000
85.682 109.205 32.000
85.738 109.013 0.000
85.738 109.013 32.000
85.793 144.673 4.200
85.793 144.673 4.400
85.793 144.673 7.400
85.793 144.673 7.600
85.844 144.689 4.200
85.844 144.689 7.600
86.145 86.687 15.000
86.145 86.688 0.000
86.145 86.688 0.001
86.145 86.688 7.301
86.146 86.688 14.500
86.181 109.352 0.000
86.181 109.352 32.000
86.237 109.160 0.000
86.237 109.160 32.000
86.291 144.820 4.200
86.291 144.820 4.400
86.291 144.820 7.400
86.291 144.820 7.600
86.481 137.565 0.000
86.481 137.565 2.600
86.482 137.539 0.000
86.482 137.539 2.600
86.482 137.592 0.000
86.482 137.592 2.600
86.485 137.512 0.000
86.485 137.512 2.600
86.485 137.618 0.000
86.485 137.618 2.600
86.491 137.486 0.000
86.491 137.486 2.600
86.491 137.644 0.000
86.491 137.644 2.600
86.499 137.461 0.000
86.499 137.461 2.600
86.499 137.670 0.000
86.499 137.670 2.600
86.509 137.436 0.000
86.509 137.436 2.600
86.509 137.694 0.000
86.509 137.694 2.600
86.521 137.413 0.000
86.521 137.413 2.600
86.521 137.718 0.000
86.521 137.718 2.600
86.536 137.390 0.000
86.536 137.390 2.600
86.536 137.740 0.000
86.536 137.740 2.600
86.552 137.369 0.000
86.552 137.369 2.600
86.552 137.761 0.000
86.552 137.761 2.600
86.570 137.350 0.000
86.570 137.350 2.600
86.570 137.781 0.000
86.570 137.781 2.600
86.590 137.332 0.000
86.590 137.332 2.600
86.590 137.799 0.000
86.590 137.799 2.600
86.611 137.315 0.000
86.611 137.315 2.600
86.611 137.815 0.000
86.611 137.815 2.600
86.633 137.301 0.000
86.633 137.301 2.600
86.633 137.829 0.000
86.633 137.829 2.600
86.657 137.289 0.000
86.657 137.289 2.600
86.657 137.842 0.000
86.657 137.842 2.600
86.681 137.279 0.000
86.681 137.279 2.600
86.681 137.852 0.000
86.681 137.852 2.600
86.696 105.751 0.000
86.696 105.751 2.600
86.696 105.751 13.000
86.696 105.751 13.325
86.696 105.751 15.175
86.696 105.751 16.100
86.696 105.751 16.400
86.696 105.751 17.325
86.696 105.751 19.175
86.696 105.751 20.100
86.696 105.751 20.400
86.696 105.751 21.325
86.696 105.751 23.175
86.696 105.751 24.100
86.696 105.751 24.400
86.696 105.751 25.325
86.696 105.751 27.175
86.696 105.751 28.100
86.696 105.751 28.400
86.696 105.751 29.325
86.696 105.751 31.175
86.696 105.751 32.000
86.696 105.751 32.300
86.696 105.751 38.200
86.707 137.271 0.000
86.707 137.271 2.600
86.707 137.860 0.000
86.707 137.860 2.600
86.733 137.265 0.000
86.733 137.265 2.600
86.733 137.866 0.000
86.733 137.866 2.600
86.759 137.261 0.000
86.759 137.261 2.600
86.759 137.869 0.000
86.759 137.869 2.600
86.768 105.772 13.000
86.768 105.772 13.325
86.768 105.772 15.175
86.768 105.772 17.325
86.768 105.772 19.175
86.768 105.772 21.325
86.768 105.772 23.175
86.768 105.772 25.325
86.768 105.772 27.175
86.768 105.772 29.325
86.768 105.772 31.175
86.768 105.772 32.000
86.779 141.315 4.200
86.779 141.315 7.600
86.786 137.260 0.000
86.786 137.260 2.600
86.786 137.870 0.000
86.786 137.870 2.600
86.812 137.261 0.000
86.812 137.261 2.600
86.812 137.869 0.000
86.812 137.869 2.600
86.835 141.123 4.200
86.835 141.123 7.600
86.839 137.265 0.000
86.839 137.265 2.600
86.839 137.866 0.000
86.839 137.866 2.600
86.865 137.271 0.000
86.865 137.271 2.600
86.865 137.860 0.000
86.865 137.860 2.600
86.890 137.279 0.000
86.890 137.279 2.600
86.890 137.852 0.000
86.890 137.852 2.600
86.914 137.289 0.000
86.914 137.289 2.600
86.915 137.842 0.000
86.915 137.842 2.600
86.938 137.301 0.000
86.938 137.301 2.600
86.938 137.829 0.000
86.938 137.829 2.600
86.961 137.315 0.000
86.961 137.315 2.600
86.961 137.815 0.000
86.961 137.815 2.600
86.982 137.332 0.000
86.982 137.332 2.600
86.982 137.799 0.000
86.982 137.799 2.600
87.001 137.350 0.000
87.001 137.350 2.600
87.001 137.781 0.000
87.001 137.781 2.600
87.019 137.369 0.000
87.019 137.369 2.600
87.019 137.761 0.000
87.019 137.761 2.600
87.035 137.390 0.000
87.035 137.390 2.600
87.035 137.740 0.000
87.035 137.740 2.600
87.050 137.413 0.000
87.050 137.413 2.600
87.050 137.718 0.000
87.050 137.718 2.600
87.062 137.436 0.000
87.062 137.436 2.600
87.062 137.694 0.000
87.062 137.694 2.600
87.072 137.461 0.000
87.072 137.461 2.600
87.072 137.670 0.000
87.072 137.670 2.600
87.080 137.486 0.000
87.080 137.486 2.600
87.080 137.644 0.000
87.080 137.644 2.600
87.086 137.512 0.000
87.086 137.512 2.600
87.086 137.618 0.000
87.086 137.618 2.600
87.089 137.539 0.000
87.089 137.539 2.600
87.089 137.592 0.000
87.089 137.592 2.600
87.091 137.565 0.000
87.091 137.565 2.600
87.195 105.898 13.000
87.195 105.898 16.100
87.195 105.898 16.400
87.195 105.898 20.100
87.195 105.898 20.400
87.195 105.898 24.100
87.195 105.898 24.400
87.195 105.898 28.100
87.195 105.898 28.400
87.195 105.898 32.000
87.195 105.898 32.300
87.278 141.462 4.200
87.278 141.462 7.600
87.334 141.270 4.200
87.334 141.270 7.600
87.624 138.437 4.200
87.624 138.437 7.600
87.680 138.245 4.200
87.680 138.245 7.600
88.123 138.583 4.200
88.123 138.583 7.600
88.171 131.808 0.000
88.171 131.808 2.600
88.172 131.782 0.000
88.172 131.782 2.600
88.172 131.835 0.000
88.172 131.835 2.600
88.176 131.755 0.000
88.176 131.755 2.600
88.176 131.861 0.000
88.176 131.861 2.600
88.179 138.391 4.200
88.179 138.391 7.600
88.182 131.729 0.000
88.182 131.729 2.600
88.182 131.887 0.000
88.182 131.887 2.600
88.190 131.704 0.000
88.190 131.704 2.600
88.190 131.913 0.000
88.190 131.913 2.600
88.200 131.679 0.000
88.200 131.679 2.600
88.200 131.937 0.000
88.200 131.937 2.600
88.212 131.656 0.000
88.212 131.656 2.600
88.212 131.961 0.000
88.212 131.961 2.600
88.226 131.633 0.000
88.226 131.633 2.600
88.226 131.983 0.000
88.226 131.983 2.600
88.243 131.612 0.000
88.243 131.612 2.600
88.243 132.004 0.000
88.243 132.004 2.600
88.261 131.593 0.000
88.261 131.593 2.600
88.261 132.024 0.000
88.261 132.024 2.600
88.280 131.575 0.000
88.280 131.575 2.600
88.280 132.042 0.000
88.280 132.042 2.600
88.301 131.558 0.000
88.301 131.558 2.600
88.301 132.058 0.000
88.301 132.058 2.600
88.324 131.544 0.000
88.324 131.544 2.600
88.324 132.072 0.000
88.324 132.072 2.600
88.347 131.532 0.000
88.347 131.532 2.600
88.347 132.085 0.000
88.347 132.085 2.600
88.372 131.522 0.000
88.372 131.522 2.600
88.372 132.095 0.000
88.372 132.095 2.600
88.397 131.514 0.000
88.397 131.514 2.600
88.397 132.103 0.000
88.397 132.103 2.600
88.423 131.508 0.000
88.423 131.508 2.600
88.423 132.109 0.000
88.423 132.109 2.600
88.450 131.504 0.000
88.450 131.504 2.600
88.450 132.112 0.000
88.450 132.112 2.600
88.469 135.558 4.200
88.469 135.558 7.600
88.476 131.503 0.000
88.476 131.503 2.600
88.476 132.113 0.000
88.476 132.113 2.600
88.503 131.504 0.000
88.503 131.504 2.600
88.503 132.112 0.000
88.503 132.112 2.600
88.526 135.366 4.200
88.526 135.366 4.400
88.526 135.366 7.400
88.526 135.366 7.600
88.529 131.508 0.000
88.529 131.508 2.600
88.529 132.109 0.000
88.529 132.109 2.600
88.555 131.514 0.000
88.555 131.514 2.600
88.555 132.103 0.000
88.555 132.103 2.600
88.578 135.382 4.200
88.578 135.382 7.600
88.581 131.522 0.000
88.581 131.522 2.600
88.581 132.095 0.000
88.581 132.095 2.600
88.605 131.532 0.000
88.605 131.532 2.600
88.605 132.085 0.000
88.605 132.085 2.600
88.629 131.544 0.000
88.629 131.544 2.600
88.629 132.072 0.000
88.629 132.072 2.600
88.651 131.558 0.000
88.651 131.558 2.600
88.651 132.058 0.000
88.651 132.058 2.600
88.672 131.575 0.000
88.672 131.575 2.600
88.672 132.042 0.000
88.672 132.042 2.600
88.692 131.593 0.000
88.692 131.593 2.600
88.692 132.024 0.000
88.692 132.024 2.600
88.710 131.612 0.000
88.710 131.612 2.600
88.710 132.004 0.000
88.710 132.004 2.600
88.726 131.633 0.000
88.726 131.633 2.600
88.726 131.983 0.000
88.726 131.983 2.600
88.740 131.656 0.000
88.740 131.656 2.600
88.740 131.961 0.000
88.740 131.961 2.600
88.753 131.679 0.000
88.753 131.679 2.600
88.753 131.937 0.000
88.753 131.937 2.600
88.763 131.704 0.000
88.763 131.704 2.600
88.763 131.913 0.000
88.763 131.913 2.600
88.771 131.729 0.000
88.771 131.729 2.600
88.771 131.887 0.000
88.771 131.887 2.600
88.777 131.755 0.000
88.777 131.755 2.600
88.777 131.861 0.000
88.777 131.861 2.600
88.780 131.782 0.000
88.780 131.782 2.600
88.780 131.835 0.000
88.780 131.835 2.600
88.781 131.808 0.000
88.781 131.808 2.600
88.968 135.705 4.200
88.968 135.705 7.600
89.025 135.513 4.200
89.025 135.513 4.400
89.025 135.513 7.400
89.025 135.513 7.600
89.158 75.897 14.500
89.158 75.897 16.500
89.862 126.051 0.000
89.862 126.051 2.600
89.863 126.025 0.000
89.863 126.025 2.600
89.863 126.078 0.000
89.863 126.078 2.600
89.866 125.998 0.000
89.866 125.998 2.600
89.866 126.104 0.000
89.866 126.104 2.600
89.872 125.972 0.000
89.872 125.972 2.600
89.872 126.130 0.000
89.872 126.130 2.600
89.880 125.947 0.000
89.880 125.947 2.600
89.880 126.156 0.000
89.880 126.156 2.600
89.890 125.922 0.000
89.890 125.922 2.600
89.890 126.180 0.000
89.890 126.180 2.600
89.903 125.899 0.000
89.903 125.899 2.600
89.903 126.204 0.000
89.903 126.204 2.600
89.917 125.876 0.000
89.917 125.876 2.600
89.917 126.226 0.000
89.917 126.226 2.600
89.933 125.855 0.000
89.933 125.855 2.600
89.933 126.247 0.000
89.933 126.247 2.600
89.951 125.836 0.000
89.951 125.836 2.600
89.951 126.267 0.000
89.951 126.267 2.600
89.971 125.818 0.000
89.971 125.818 2.600
89.971 126.285 0.000
89.971 126.285 2.600
89.992 125.801 0.000
89.992 125.801 2.600
89.992 126.301 0.000
89.992 126.301 2.600
90.014 125.787 0.000
90.014 125.787 2.600
90.014 126.315 0.000
90.014 126.315 2.600
90.038 125.775 0.000
90.038 125.775 2.600
90.038 126.328 0.000
90.038 126.328 2.600
90.062 125.765 0.000
90.062 125.765 2.600
90.063 126.338 0.000
90.063 126.338 2.600
90.088 125.757 0.000
90.088 125.757 2.600
90.088 126.346 0.000
90.088 126.346 2.600
90.114 125.751 0.000
90.114 125.751 2.600
90.114 126.352 0.000
90.114 126.352 2.600
90.140 125.747 0.000
90.140 125.747 2.600
90.140 126.355 0.000
90.140 126.355 2.600
90.167 125.746 0.000
90.167 125.746 2.600
90.167 126.356 0.000
90.167 126.356 2.600
90.193 125.747 0.000
90.193 125.747 2.600
90.193 126.355 0.000
90.193 126.355 2.600
90.220 125.751 0.000
90.220 125.751 2.600
90.220 126.352 0.000
90.220 126.352 2.600
90.246 125.757 0.000
90.246 125.757 2.600
90.246 126.346 0.000
90.246 126.346 2.600
90.271 125.765 0.000
90.271 125.765 2.600
90.271 126.338 0.000
90.271 126.338 2.600
90.296 125.775 0.000
90.296 125.775 2.600
90.296 126.328 0.000
90.296 126.328 2.600
90.319 125.787 0.000
90.319 125.787 2.600
90.319 126.315 0.000
90.319 126.315 2.600
90.342 125.801 0.000
90.342 125.801 2.600
90.342 126.301 0.000
90.342 126.301 2.600
90.363 125.818 0.000
90.363 125.818 2.600
90.363 126.285 0.000
90.363 126.285 2.600
90.377 107.770 2.600
90.377 107.770 13.000
90.382 125.836 0.000
90.382 125.836 2.600
90.382 126.267 0.000
90.382 126.267 2.600
90.400 125.855 0.000
90.400 125.855 2.600
90.400 126.247 0.000
90.400 126.247 2.600
90.417 125.876 0.000
90.417 125.876 2.600
90.417 126.226 0.000
90.417 126.226 2.600
90.431 125.899 0.000
90.431 125.899 2.600
90.431 126.204 0.000
90.431 126.204 2.600
90.443 125.922 0.000
90.443 125.922 2.600
90.443 126.180 0.000
90.443 126.180 2.600
90.453 125.947 0.000
90.453 125.947 2.600
90.453 126.156 0.000
90.453 126.156 2.600
90.461 125.972 0.000
90.461 125.972 2.600
90.461 126.130 0.000
90.461 126.130 2.600
90.467 125.998 0.000
90.467 125.998 2.600
90.467 126.104 0.000
90.467 126.104 2.600
90.471 126.025 0.000
90.471 126.025 2.600
90.471 126.078 0.000
90.471 126.078 2.600
90.472 126.051 0.000
90.472 126.051 2.600
90.630 106.906 0.000
90.630 106.906 2.600
90.630 106.906 9.601
90.630 106.906 12.500
90.630 106.906 13.000
90.664 127.552 4.350
90.664 127.552 11.450
90.710 127.566 4.350
90.710 127.566 11.450
90.808 127.595 4.350
90.808 127.595 11.450
91.125 107.990 0.000
91.125 107.990 2.600
91.379 107.126 0.000
91.379 107.126 2.600
91.379 107.126 9.601
91.477 106.790 2.300
91.477 106.790 2.800
91.552 120.294 0.000
91.552 120.294 2.600
91.554 120.268 0.000
91.554 120.268 2.600
91.554 120.321 0.000
91.554 120.321 2.600
91.557 120.241 0.000
91.557 120.241 2.600
91.557 120.347 0.000
91.557 120.347 2.600
91.563 120.215 0.000
91.563 120.215 2.600
91.563 120.373 0.000
91.563 120.373 2.600
91.571 120.190 0.000
91.571 120.190 2.600
91.571 120.399 0.000
91.571 120.399 2.600
91.581 120.165 0.000
91.581 120.165 2.600
91.581 120.423 0.000
91.581 120.423 2.600
91.593 120.142 0.000
91.593 120.142 2.600
91.593 120.447 0.000
91.593 120.447 2.600
91.608 120.119 0.000
91.608 120.119 2.600
91.608 120.469 0.000
91.608 120.469 2.600
91.624 120.098 0.000
91.624 120.098 2.600
91.624 120.490 0.000
91.624 120.490 2.600
91.632 106.263 0.000
91.632 106.263 2.300
91.642 120.079 0.000
91.642 120.079 2.600
91.642 120.510 0.000
91.642 120.510 2.600
91.661 120.061 0.000
91.661 120.061 2.600
91.661 120.528 0.000
91.661 120.528 2.600
91.682 120.045 0.000
91.682 120.045 2.600
91.683 120.544 0.000
91.683 120.544 2.600
91.705 120.030 0.000
91.705 120.030 2.600
91.705 120.558 0.000
91.705 120.558 2.600
91.728 120.571 0.000
91.728 120.571 2.600
91.729 120.018 0.000
91.729 120.018 2.600
91.753 120.008 0.000
91.753 120.008 2.600
91.753 120.581 0.000
91.753 120.581 2.600
91.778 120.000 0.000
91.778 120.000 2.600
91.778 120.589 0.000
91.778 120.589 2.600
91.804 119.994 0.000
91.804 119.994 2.600
91.804 120.595 0.000
91.804 120.595 2.600
91.831 119.990 0.000
91.831 119.990 2.600
91.831 120.598 0.000
91.831 120.598 2.600
91.857 119.989 0.000
91.857 119.989 2.600
91.857 120.599 0.000
91.857 120.599 2.600
91.864 108.207 2.600
91.864 108.207 13.000
91.884 119.990 0.000
91.884 119.990 2.600
91.884 120.598 0.000
91.884 120.598 2.600
91.910 119.994 0.000
91.910 119.994 2.600
91.910 120.595 0.000
91.910 120.595 2.600
91.936 120.000 0.000
91.936 120.000 2.600
91.936 120.589 0.000
91.936 120.589 2.600
91.962 120.008 0.000
91.962 120.008 2.600
91.962 120.581 0.000
91.962 120.581 2.600
91.986 94.402 17.500
91.986 120.018 0.000
91.986 120.018 2.600
91.986 120.571 0.000
91.986 120.571 2.600
92.010 120.030 0.000
92.010 120.030 2.600
92.010 120.558 0.000
92.010 120.558 2.600
92.032 120.045 0.000
92.032 120.045 2.600
92.032 120.544 0.000
92.032 120.544 2.600
92.053 120.061 0.000
92.053 120.061 2.600
92.053 120.528 0.000
92.053 120.528 2.600
92.073 120.079 0.000
92.073 120.079 2.600
92.073 120.510 0.000
92.073 120.510 2.600
92.089 107.439 2.600
92.089 107.439 13.000
92.091 120.098 0.000
92.091 120.098 2.600
92.091 120.490 0.000
92.091 120.490 2.600
92.107 120.119 0.000
92.107 120.119 2.600
92.107 120.469 0.000
92.107 120.469 2.600
92.122 120.142 0.000
92.122 120.142 2.600
92.122 120.447 0.000
92.122 120.447 2.600
92.134 120.165 0.000
92.134 120.165 2.600
92.134 120.423 0.000
92.134 120.423 2.600
92.144 120.190 0.000
92.144 120.190 2.600
92.144 120.399 0.000
92.144 120.399 2.600
92.152 120.215 0.000
92.152 120.215 2.600
92.152 120.373 0.000
92.152 120.373 2.600
92.158 120.241 0.000
92.158 120.241 2.600
92.158 120.347 0.000
92.158 120.347 2.600
92.161 120.268 0.000
92.161 120.268 2.600
92.161 120.321 0.000
92.161 120.321 2.600
92.162 120.294 0.000
92.162 120.294 2.600
92.274 64.739 0.000
92.274 64.739 7.300
92.274 64.739 13.000
92.274 64.739 14.500
92.274 64.739 15.000
92.274 64.739 16.500
92.486 100.588 0.000
92.486 100.588 9.601
92.486 100.588 12.500
92.816 102.233 0.000
92.816 102.233 2.300
92.960 119.732 4.350
92.960 119.732 11.450
93.006 119.746 4.350
93.006 119.746 11.450
93.083 101.321 2.300
93.083 101.321 2.800
93.104 119.775 4.350
93.104 119.775 11.450
93.227 100.833 0.000
93.227 100.833 9.601
93.243 114.538 0.000
93.243 114.538 2.600
93.244 114.511 0.000
93.244 114.511 2.600
93.244 114.564 0.000
93.244 114.564 2.600
93.248 114.485 0.000
93.248 114.485 2.600
93.248 114.590 0.000
93.248 114.590 2.600
93.253 114.459 0.000
93.253 114.459 2.600
93.253 114.616 0.000
93.253 114.616 2.600
93.261 114.433 0.000
93.261 114.433 2.600
93.261 114.642 0.000
93.261 114.642 2.600
93.272 114.409 0.000
93.272 114.409 2.600
93.272 114.666 0.000
93.272 114.666 2.600
93.284 114.385 0.000
93.284 114.385 2.600
93.284 114.690 0.000
93.284 114.690 2.600
93.298 114.363 0.000
93.298 114.363 2.600
93.298 114.712 0.000
93.298 114.712 2.600
93.314 114.341 0.000
93.314 114.341 2.600
93.314 114.734 0.000
93.314 114.734 2.600
93.332 114.322 0.000
93.332 114.322 2.600
93.332 114.753 0.000
93.332 114.753 2.600
93.352 114.304 0.000
93.352 114.304 2.600
93.352 114.771 0.000
93.352 114.771 2.600
93.373 114.288 0.000
93.373 114.288 2.600
93.373 114.787 0.000
93.373 114.787 2.600
93.396 114.273 0.000
93.396 114.273 2.600
93.396 114.802 0.000
93.396 114.802 2.600
93.419 114.261 0.000
93.419 114.261 2.600
93.419 114.814 0.000
93.419 114.814 2.600
93.444 114.251 0.000
93.444 114.251 2.600
93.444 114.824 0.000
93.444 114.824 2.600
93.469 114.243 0.000
93.469 114.243 2.600
93.469 114.832 0.000
93.469 114.832 2.600
93.495 114.237 0.000
93.495 114.237 2.600
93.495 114.838 0.000
93.495 114.838 2.600
93.521 114.234 0.000
93.521 114.234 2.600
93.521 114.841 0.000
93.521 114.841 2.600
93.548 114.232 0.000
93.548 114.232 2.600
93.548 114.842 0.000
93.548 114.842 2.600
93.575 114.234 0.000
93.575 114.234 2.600
93.575 114.841 0.000
93.575 114.841 2.600
93.601 114.237 0.000
93.601 114.237 2.600
93.601 114.838 0.000
93.601 114.838 2.600
93.627 114.243 0.000
93.627 114.243 2.600
93.627 114.832 0.000
93.627 114.832 2.600
93.652 114.251 0.000
93.652 114.251 2.600
93.652 114.824 0.000
93.652 114.824 2.600
93.677 114.261 0.000
93.677 114.261 2.600
93.677 114.814 0.000
93.677 114.814 2.600
93.695 106.868 0.000
93.695 106.868 2.300
93.700 114.273 0.000
93.700 114.273 2.600
93.701 114.802 0.000
93.701 114.802 2.600
93.723 114.288 0.000
93.723 114.288 2.600
93.723 114.787 0.000
93.723 114.787 2.600
93.744 114.304 0.000
93.744 114.304 2.600
93.744 114.771 0.000
93.744 114.771 2.600
93.764 114.322 0.000
93.764 114.322 2.600
93.764 114.753 0.000
93.764 114.753 2.600
93.782 114.341 0.000
93.782 114.341 2.600
93.782 114.733 0.000
93.782 114.733 2.600
93.798 114.363 0.000
93.798 114.363 2.600
93.798 114.712 0.000
93.798 114.712 2.600
93.812 114.385 0.000
93.812 114.385 2.600
93.812 114.690 0.000
93.812 114.690 2.600
93.824 114.409 0.000
93.824 114.409 2.600
93.824 114.666 0.000
93.824 114.666 2.600
93.835 114.433 0.000
93.835 114.433 2.600
93.835 114.642 0.000
93.835 114.642 2.600
93.843 114.458 0.000
93.843 114.458 2.600
93.843 114.616 0.000
93.843 114.616 2.600
93.848 114.484 0.000
93.848 114.484 2.600
93.848 114.590 0.000
93.848 114.590 2.600
93.852 114.511 0.000
93.852 114.511 2.600
93.852 114.564 0.000
93.852 114.564 2.600
93.853 114.537 0.000
93.853 114.537 2.600
94.483 108.976 0.000
94.483 108.976 2.600
94.878 102.839 0.000
94.878 102.839 2.300
94.934 108.781 0.000
94.934 108.781 2.600
94.935 108.754 0.000
94.935 108.754 2.600
94.935 108.807 0.000
94.935 108.807 2.600
94.938 108.728 0.000
94.938 108.728 2.600
94.938 108.834 0.000
94.938 108.834 2.600
94.944 108.702 0.000
94.944 108.702 2.600
94.944 108.860 0.000
94.944 108.860 2.600
94.952 108.676 0.000
94.952 108.676 2.600
94.952 108.885 0.000
94.952 108.885 2.600
94.962 108.652 0.000
94.962 108.652 2.600
94.962 108.910 0.000
94.962 108.910 2.600
94.974 108.628 0.000
94.974 108.628 2.600
94.974 108.933 0.000
94.974 108.933 2.600
94.989 108.606 0.000
94.989 108.606 2.600
94.989 108.956 0.000
94.989 108.956 2.600
95.005 108.585 0.000
95.005 108.585 2.600
95.005 108.977 0.000
95.005 108.977 2.600
95.023 108.565 0.000
95.023 108.565 2.600
95.023 108.996 0.000
95.023 108.996 2.600
95.043 108.547 0.000
95.043 108.547 2.600
95.043 109.014 0.000
95.043 109.014 2.600
95.064 108.531 0.000
95.064 108.531 2.600
95.064 109.031 0.000
95.064 109.031 2.600
95.086 108.517 0.000
95.086 108.517 2.600
95.086 109.045 0.000
95.086 109.045 2.600
95.110 108.504 0.000
95.110 108.504 2.600
95.110 109.057 0.000
95.110 109.057 2.600
95.134 108.494 0.000
95.134 108.494 2.600
95.134 109.067 0.000
95.134 109.067 2.600
95.160 108.486 0.000
95.160 108.486 2.600
95.160 109.075 0.000
95.160 109.075 2.600
95.186 108.480 0.000
95.186 108.480 2.600
95.186 109.081 0.000
95.186 109.081 2.600
95.212 108.477 0.000
95.212 108.477 2.600
95.212 109.085 0.000
95.212 109.085 2.600
95.239 108.476 0.000
95.239 108.476 2.600
95.239 109.086 0.000
95.239 109.086 2.600
95.265 108.477 0.000
95.265 108.477 2.600
95.265 109.085 0.000
95.265 109.085 2.600
95.292 108.480 0.000
95.292 108.480 2.600
95.292 109.081 0.000
95.292 109.081 2.600
95.318 108.486 0.000
95.318 108.486 2.600
95.318 109.075 0.000
95.318 109.075 2.600
95.343 108.494 0.000
95.343 108.494 2.600
95.343 109.067 0.000
95.343 109.067 2.600
95.367 108.504 0.000
95.367 108.504 2.600
95.367 109.057 0.000
95.367 109.057 2.600
95.391 108.517 0.000
95.391 108.517 2.600
95.391 109.045 0.000
95.391 109.045 2.600
95.413 108.531 0.000
95.413 108.531 2.600
95.413 109.031 0.000
95.413 109.031 2.600
95.435 108.547 0.000
95.435 108.547 2.600
95.435 109.014 0.000
95.435 109.014 2.600
95.454 108.565 0.000
95.454 108.565 2.600
95.454 108.996 0.000
95.454 108.996 2.600
95.472 108.585 0.000
95.472 108.585 2.600
95.472 108.977 0.000
95.472 108.977 2.600
95.482 111.145 2.600
95.482 111.145 13.000
95.488 108.606 0.000
95.488 108.606 2.600
95.488 108.956 0.000
95.488 108.956 2.600
95.503 108.628 0.000
95.503 108.628 2.600
95.503 108.933 0.000
95.503 108.933 2.600
95.515 108.652 0.000
95.515 108.652 2.600
95.515 108.910 0.000
95.515 108.910 2.600
95.525 108.676 0.000
95.525 108.676 2.600
95.525 108.885 0.000
95.525 108.885 2.600
95.533 108.702 0.000
95.533 108.702 2.600
95.533 108.860 0.000
95.533 108.860 2.600
95.539 108.728 0.000
95.539 108.728 2.600
95.539 108.834 0.000
95.539 108.834 2.600
95.542 108.754 0.000
95.542 108.754 2.600
95.542 108.807 0.000
95.542 108.807 2.600
95.544 108.781 0.000
95.544 108.781 2.600
95.626 111.187 2.600
95.626 111.187 13.000
96.215 108.650 2.600
96.215 108.650 13.000
96.575 77.968 17.000
97.637 108.599 2.300
97.637 108.599 2.800
97.829 102.117 14.500
97.829 102.117 15.000
99.243 103.130 2.300
99.243 103.130 2.800
99.556 102.599 15.000
99.556 102.600 0.000
100.442 92.754 0.000
100.442 92.754 15.000
102.170 93.236 15.000
102.170 93.237 0.000
102.258 28.943 0.001
102.258 28.943 13.001
102.259 28.943 0.000
102.259 28.943 15.000
103.993 80.038 15.001
103.993 80.039 0.001
103.993 80.039 14.501
105.840 80.554 15.001
105.840 80.555 0.001
105.840 80.555 14.500
105.840 80.555 16.500
107.231 68.911 0.000
107.231 68.911 15.000
108.955 69.396 0.000
108.955 69.396 14.500
108.955 69.396 15.000
108.955 69.396 16.500
110.341 13.230 14.600
110.341 13.230 15.300
110.687 13.850 0.000
110.687 13.850 14.600
110.687 13.850 15.300
110.688 13.844 15.300
110.688 13.845 15.300
110.798 11.592 14.600
110.798 11.592 15.300
111.144 12.206 15.300
111.145 12.206 15.300
111.146 12.208 0.000
111.146 12.208 14.600
111.146 12.208 15.300
111.276 14.008 15.813
111.732 12.370 15.813
111.905 14.184 16.270
112.361 12.546 16.270
112.569 14.369 16.668
113.026 12.731 16.668
113.265 14.563 17.005
113.721 12.925 17.005
113.986 14.764 17.278
114.442 13.126 17.278
114.727 14.971 17.484
115.183 13.333 17.484
115.483 15.181 17.622
115.939 13.543 17.622
116.248 15.395 17.692
116.704 13.757 17.692
117.015 15.609 17.692
117.216 33.115 0.000
117.216 33.115 15.000
117.471 13.971 17.692
117.779 15.822 17.622
118.236 14.184 17.622
118.530 32.963 15.300
118.530 32.963 16.600
118.535 16.033 17.484
118.877 33.579 0.000
118.877 33.579 14.600
118.877 33.579 15.300
118.992 14.395 17.484
119.277 16.239 17.278
119.359 33.713 14.600
119.359 33.713 15.300
119.733 14.601 17.278
119.998 16.440 17.005
120.454 14.802 17.005
120.693 16.634 16.668
121.150 14.996 16.668
121.358 16.820 16.270
121.814 15.182 16.270
121.986 16.995 15.813
122.443 15.357 15.813
122.574 17.159 15.300
122.777 17.737 15.300
122.777 17.737 16.600
123.030 15.521 15.300
123.031 15.521 15.300
123.850 15.752 0.000
123.850 15.752 14.600
123.850 15.752 15.300
124.466 15.405 14.600
124.466 15.405 15.300
3 3097 2567 2800
3 3167 3097 2800
3 4022 4715 3167
3 2800 4022 3167
3 4718 4398 5058
3 5063 4718 5058
3 3098 2568 2801
3 3168 3098 2801
3 4023 4716 3169
3 2802 4023 3169
3 4720 4399 5059
3 5065 4720 5059
3 3713 3202 4715
3 5049 3713 4715
3 3440 3186 3083
3 3247 3440 3083
3 3545 3713 3188
3 3303 3545 3188
3 3290 3303 3188
3 3104 3290 3188
3 3715 3203 4717
3 5050 3715 4717
3 3441 3187 3084
3 3248 3441 3084
3 3546 3714 3189
3 3304 3546 3189
3 3291 3304 3189
3 3105 3291 3189
3 3214 3205 3806
3 3813 3214 3806
3 3811 3199 3099
3 3804 3811 3099
3 5068 3804 3099
3 5126 5077 5068
3 5105 5126 5068
3 3099 5105 5068
3 3072 3101 3201
3 3196 3072 3201
3 3831 3196 3201
3 5107 5111 5130
3 5128 5107 5130
3 5079 5128 5130
3 3831 3201 3813
3 3822 3831 3813
3 5079 5130 5074
3 5070 5079 5074
3 3822 3813 3806
3 5067 3822 3806
3 5070 5074 5067
3 3806 5070 5067
3 5122 3197 3112
3 5102 5122 3112
3 3811 3199 3099
3 3804 3811 3099
3 5068 3804 3099
3 5126 5077 5068
3 5105 5126 5068
3 3099 5105 5068
3 3813 3201 3199
3 3813 3199 3811
3 3806 3813 3811
3 3806 3811 3804
3 5070 3806 3804
3 5070 3804 5068
3 5070 5068 5077
3 5079 5070 5077
3 5128 5079 5077
3 5128 5077 5126
3 5107 5128 5126
3 5107 5126 5105
3 5107 5105 3099
3 3101 5107 3099
3 3101 3099 3199
3 3201 3101 3199
3 3813 3201 3101
3 3806 3813 3101
3 5070 3806 3101
3 5128 5079 5070
3 5107 5128 5070
3 3101 5107 5070
3 3072 3101 3201
3 3196 3072 3201
3 3831 3196 3201
3 5107 5111 5130
3 5128 5107 5130
3 5079 5128 5130
3 3831 3201 3813
3 3822 3831 3813
3 5079 5130 5074
3 5070 5079 5074
3 3822 3813 3806
3 5067 3822 3806
3 5070 5074 5067
3 3806 5070 5067
3 3200 3100 3101
3 3200 3101 3201
3 3200 3201 3813
3 3812 3200 3813
3 3812 3813 3806
3 3805 3812 3806
3 3805 3806 5070
3 5069 3805 5070
3 5078 5069 5070
3 5078 5070 5079
3 5078 5079 5128
3 5127 5078 5128
3 5127 5128 5107
3 5106 5127 5107
3 5106 5107 5111
3 5110 5106 5111
3 5129 5110 5111
3 5129 5111 5130
3 5073 5129 5130
3 5073 5130 5074
3 5073 5074 5067
3 5066 5073 5067
3 3821 5066 5067
3 3821 5067 3822
3 3830 3821 3822
3 3830 3822 3831
3 3195 3830 3831
3 3195 3831 3196
3 3195 3196 3072
3 3071 3195 3072
3 3071 3072 3101
3 3100 3071 3101
3 3071 3100 3200
3 3195 3071 3200
3 3830 3195 3200
3 5106 5110 5129
3 5127 5106 5129
3 5078 5127 5129
3 3830 3200 3812
3 3821 3830 3812
3 5078 5129 5073
3 5069 5078 5073
3 3821 3812 3805
3 5066 3821 3805
3 5069 5073 5066
3 3805 5069 5066
3 3813 3803 3793
3 3813 3793 3725
3 3813 3725 3712
3 3813 3712 3652
3 3813 3652 3584
3 3813 3584 3571
3 3813 3571 3558
3 3813 3558 3511
3 3813 3511 3467
3 3813 3467 3418
3 3813 3418 3378
3 3813 3378 3319
3 3813 3319 3293
3 3813 3293 3271
3 3813 3271 3239
3 3813 3239 3214
3 3813 3803 3793
3 3813 3793 3725
3 3813 3725 3712
3 3813 3712 3652
3 3813 3652 3584
3 3813 3584 3571
3 3813 3571 3558
3 3813 3558 3511
3 3813 3511 3467
3 3813 3467 3418
3 3813 3418 3378
3 3813 3378 3319
3 3813 3319 3293
3 3813 3293 3271
3 3813 3271 3239
3 3813 3239 3214
3 3239 3214 3205
3 3223 3239 3205
3 3271 3239 3223
3 3240 3271 3223
3 3293 3271 3240
3 3278 3293 3240
3 3319 3293 3278
3 3302 3319 3278
3 3378 3319 3302
3 3341 3378 3302
3 3418 3378 3341
3 3395 3418 3341
3 3467 3418 3395
3 3429 3467 3395
3 3511 3467 3429
3 3482 3511 3429
3 3558 3511 3482
3 3551 3558 3482
3 3571 3558 3551
3 3563 3571 3551
3 3584 3571 3563
3 3579 3584 3563
3 3652 3584 3579
3 3587 3652 3579
3 3712 3652 3587
3 3707 3712 3587
3 3725 3712 3707
3 3720 3725 3707
3 3793 3725 3720
3 3774 3793 3720
3 3803 3793 3774
3 3798 3803 3774
3 3813 3803 3798
3 3806 3813 3798
3 3806 3813 3214
3 3205 3806 3214
3 3806 3798 3774
3 3806 3774 3720
3 3806 3720 3707
3 3806 3707 3587
3 3806 3587 3579
3 3806 3579 3563
3 3806 3563 3551
3 3806 3551 3482
3 3806 3482 3429
3 3806 3429 3395
3 3806 3395 3341
3 3806 3341 3302
3 3806 3302 3278
3 3806 3278 3240
3 3806 3240 3223
3 3806 3223 3205
3 5122 3197 3112
3 5102 5122 3112
3 5123 3198 3197
3 5123 3197 5122
3 5103 5123 5122
3 5103 5122 5102
3 5103 5102 3112
3 3113 5103 3112
3 3113 3112 3197
3 3198 3113 3197
3 5123 3198 3113
3 5103 5123 3113
3 5072 5121 5124
3 5076 5072 5124
3 5124 5125 5120
3 5124 5120 5118
3 5124 5118 5116
3 5124 5116 5114
3 5124 5114 5112
3 5124 5112 5108
3 5124 5108 5101
3 5124 5101 5099
3 5124 5099 5095
3 5124 5095 5093
3 5124 5093 5091
3 5124 5091 5089
3 5124 5089 5087
3 5124 5087 5085
3 5124 5085 5083
3 5124 5083 5081
3 5081 5075 5076
3 5081 5076 5124
3 5124 5125 5120
3 5124 5120 5118
3 5124 5118 5116
3 5124 5116 5114
3 5124 5114 5112
3 5124 5112 5108
3 5124 5108 5101
3 5124 5101 5099
3 5124 5099 5095
3 5124 5095 5093
3 5124 5093 5091
3 5124 5091 5089
3 5124 5089 5087
3 5124 5087 5085
3 5124 5085 5083
3 5124 5083 5081
3 5081 5075 5076
3 5081 5076 5124
3 5121 5124 5076
3 5071 5121 5076
3 5081 5075 5071
3 5080 5081 5071
3 5083 5081 5080
3 5082 5083 5080
3 5085 5083 5082
3 5084 5085 5082
3 5087 5085 5084
3 5086 5087 5084
3 5089 5087 5086
3 5088 5089 5086
3 5091 5089 5088
3 5090 5091 5088
3 5093 5091 5090
3 5092 5093 5090
3 5095 5093 5092
3 5094 5095 5092
3 5099 5095 5094
3 5096 5099 5094
3 5101 5099 5096
3 5100 5101 5096
3 5108 5101 5100
3 5104 5108 5100
3 5112 5108 5104
3 5109 5112 5104
3 5114 5112 5109
3 5113 5114 5109
3 5116 5114 5113
3 5115 5116 5113
3 5118 5116 5115
3 5117 5118 5115
3 5120 5118 5117
3 5119 5120 5117
3 5125 5120 5119
3 5121 5125 5119
3 5121 5125 5124
3 5121 5121 5124
3 5121 5121 5119
3 5121 5119 5117
3 5121 5117 5115
3 5121 5115 5113
3 5121 5113 5109
3 5121 5109 5104
3 5121 5104 5100
3 5121 5100 5096
3 5121 5096 5094
3 5121 5094 5092
3 5121 5092 5090
3 5121 5090 5088
3 5121 5088 5086
3 5121 5086 5084
3 5121 5084 5082
3 5121 5082 5080
3 5080 5071 5071
3 5080 5071 5121
3 5097 5051 4715
3 5060 5097 4715
3 5097 5051 4715
3 5060 5097 4715
3 5098 5052 5051
3 5098 5051 5097
3 5061 5098 5097
3 5061 5097 5060
3 5061 5060 4715
3 4719 5061 4715
3 4719 4715 5051
3 5052 4719 5051
3 5098 5052 4719
3 5061 5098 4719
3 3097 2567 2800
3 3167 3097 2800
3 3098 2568 2801
3 3168 3098 2801
3 3279 3241 3256
3 3294 3279 3256
3 3307 3320 3364
3 3336 3307 3364
3 3141 3017 3010
3 3126 3141 3010
3 2815 2235 2231
3 2807 2815 2231
3 1407 1398 1924
3 1926 1407 1924
3 2834 2825 3081
3 2999 2834 3081
3 3050 2999 3081
3 3091 3050 3081
3 3505 3513 2991
3 2989 3505 2991
3 4724 4598 4830
3 4884 4724 4830
3 4542 4544 4540
3 4538 4542 4540
3 4534 4538 4540
3 4530 4534 4540
3 4526 4530 4540
3 4522 4526 4540
3 4518 4522 4540
3 4514 4518 4540
3 4510 4514 4540
3 4504 4510 4540
3 4500 4504 4540
3 4496 4500 4540
3 4492 4496 4540
3 4488 4492 4540
3 4484 4488 4540
3 4480 4484 4540
3 4476 4480 4540
3 4472 4476 4540
3 4468 4472 4540
3 4464 4468 4540
3 4460 4464 4540
3 4456 4460 4540
3 4452 4456 4540
3 4448 4452 4540
3 4444 4448 4540
3 4440 4444 4540
3 4436 4440 4540
3 4432 4436 4540
3 4428 4432 4540
3 4424 4428 4540
3 4420 4424 4540
3 4416 4420 4540
3 4412 4416 4540
3 4408 4412 4540
3 4404 4408 4540
3 4400 4404 4540
3 4402 4400 4540
3 4406 4402 4540
3 4410 4406 4540
3 4414 4410 4540
3 4418 4414 4540
3 4422 4418 4540
3 4426 4422 4540
3 4430 4426 4540
3 4434 4430 4540
3 4438 4434 4540
3 4442 4438 4540
3 4446 4442 4540
3 4450 4446 4540
3 4454 4450 4540
3 4458 4454 4540
3 4462 4458 4540
3 4466 4462 4540
3 4470 4466 4540
3 4474 4470 4540
3 4478 4474 4540
3 4482 4478 4540
3 4486 4482 4540
3 4490 4486 4540
3 4494 4490 4540
3 4498 4494 4540
3 4502 4498 4540
3 4508 4502 4540
3 4512 4508 4540
3 4516 4512 4540
3 4520 4516 4540
3 4524 4520 4540
3 4528 4524 4540
3 4532 4528 4540
3 4536 4532 4540
3 4878 4880 4876
3 4874 4878 4876
3 4870 4874 4876
3 4866 4870 4876
3 4862 4866 4876
3 4858 4862 4876
3 4854 4858 4876
3 4850 4854 4876
3 4846 4850 4876
3 4842 4846 4876
3 4838 4842 4876
3 4834 4838 4876
3 4828 4834 4876
3 4824 4828 4876
3 4820 4824 4876
3 4816 4820 4876
3 4812 4816 4876
3 4808 4812 4876
3 4804 4808 4876
3 4800 4804 4876
3 4796 4800 4876
3 4792 4796 4876
3 4788 4792 4876
3 4784 4788 4876
3 4780 4784 4876
3 4776 4780 4876
3 4772 4776 4876
3 4768 4772 4876
3 4764 4768 4876
3 4760 4764 4876
3 4756 4760 4876
3 4752 4756 4876
3 4748 4752 4876
3 4744 4748 4876
3 4740 4744 4876
3 4736 4740 4876
3 4738 4736 4876
3 4742 4738 4876
3 4746 4742 4876
3 4750 4746 4876
3 4754 4750 4876
3 4758 4754 4876
3 4762 4758 4876
3 4766 4762 4876
3 4770 4766 4876
3 4774 4770 4876
3 4778 4774 4876
3 4782 4778 4876
3 4786 4782 4876
3 4790 4786 4876
3 4794 4790 4876
3 4798 4794 4876
3 4802 4798 4876
3 4806 4802 4876
3 4810 4806 4876
3 4814 4810 4876
3 4818 4814 4876
3 4822 4818 4876
3 4826 4822 4876
3 4832 4826 4876
3 4836 4832 4876
3 4840 4836 4876
3 4844 4840 4876
3 4848 4844 4876
3 4852 4848 4876
3 4856 4852 4876
3 4860 4856 4876
3 4864 4860 4876
3 4868 4864 4876
3 4872 4868 4876
3 4711 4713 4709
3 4707 4711 4709
3 4703 4707 4709
3 4699 4703 4709
3 4695 4699 4709
3 4691 4695 4709
3 4687 4691 4709
3 4683 4687 4709
3 4677 4683 4709
3 4673 4677 4709
3 4669 4673 4709
3 4665 4669 4709
3 4661 4665 4709
3 4656 4661 4709
3 4652 4656 4709
3 4648 4652 4709
3 4644 4648 4709
3 4638 4644 4709
3 4634 4638 4709
3 4630 4634 4709
3 4626 4630 4709
3 4622 4626 4709
3 4616 4622 4709
3 4614 4616 4709
3 4610 4614 4709
3 4606 4610 4709
3 4602 4606 4709
3 4596 4602 4709
3 4592 4596 4709
3 4588 4592 4709
3 4584 4588 4709
3 4580 4584 4709
3 4576 4580 4709
3 4572 4576 4709
3 4568 4572 4709
3 4564 4568 4709
3 4566 4564 4709
3 4570 4566 4709
3 4574 4570 4709
3 4578 4574 4709
3 4582 4578 4709
3 4586 4582 4709
3 4590 4586 4709
3 4594 4590 4709
3 4600 4594 4709
3 4604 4600 4709
3 4608 4604 4709
3 4612 4608 4709
3 4618 4612 4709
3 4620 4618 4709
3 4624 4620 4709
3 4628 4624 4709
3 4632 4628 4709
3 4636 4632 4709
3 4642 4636 4709
3 4646 4642 4709
3 4650 4646 4709
3 4654 4650 4709
3 4659 4654 4709
3 4663 4659 4709
3 4667 4663 4709
3 4671 4667 4709
3 4675 4671 4709
3 4681 4675 4709
3 4685 4681 4709
3 4689 4685 4709
3 4693 4689 4709
3 4697 4693 4709
3 4701 4697 4709
3 4705 4701 4709
3 5028 5030 5026
3 5024 5028 5026
3 5020 5024 5026
3 5016 5020 5026
3 5012 5016 5026
3 5008 5012 5026
3 5004 5008 5026
3 4998 5004 5026
3 4994 4998 5026
3 4990 4994 5026
3 4986 4990 5026
3 4982 4986 5026
3 4978 4982 5026
3 4974 4978 5026
3 4970 4974 5026
3 4966 4970 5026
3 4962 4966 5026
3 4958 4962 5026
3 4954 4958 5026
3 4950 4954 5026
3 4946 4950 5026
3 4942 4946 5026
3 4938 4942 5026
3 4934 4938 5026
3 4930 4934 5026
3 4926 4930 5026
3 4922 4926 5026
3 4918 4922 5026
3 4914 4918 5026
3 4910 4914 5026
3 4906 4910 5026
3 4902 4906 5026
3 4898 4902 5026
3 4894 4898 5026
3 4890 4894 5026
3 4886 4890 5026
3 4888 4886 5026
3 4892 4888 5026
3 4896 4892 5026
3 4900 4896 5026
3 4904 4900 5026
3 4908 4904 5026
3 4912 4908 5026
3 4916 4912 5026
3 4920 4916 5026
3 4924 4920 5026
3 4928 4924 5026
3 4932 4928 5026
3 4936 4932 5026
3 4940 4936 5026
3 4944 4940 5026
3 4948 4944 5026
3 4952 4948 5026
3 4956 4952 5026
3 4960 4956 5026
3 4964 4960 5026
3 4968 4964 5026
3 4972 4968 5026
3 4976 4972 5026
3 4980 4976 5026
3 4984 4980 5026
3 4988 4984 5026
3 4992 4988 5026
3 4996 4992 5026
3 5002 4996 5026
3 5006 5002 5026
3 5010 5006 5026
3 5014 5010 5026
3 5018 5014 5026
3 5022 5018 5026
3 4388 4390 4386
3 4384 4388 4386
3 4380 4384 4386
3 4376 4380 4386
3 4372 4376 4386
3 4368 4372 4386
3 4364 4368 4386
3 4360 4364 4386
3 4356 4360 4386
3 4352 4356 4386
3 4348 4352 4386
3 4344 4348 4386
3 4340 4344 4386
3 4336 4340 4386
3 4330 4336 4386
3 4326 4330 4386
3 4318 4326 4386
3 4314 4318 4386
3 4308 4314 4386
3 4304 4308 4386
3 4300 4304 4386
3 4296 4300 4386
3 4292 4296 4386
3 4288 4292 4386
3 4284 4288 4386
3 4280 4284 4386
3 4276 4280 4386
3 4272 4276 4386
3 4268 4272 4386
3 4264 4268 4386
3 4260 4264 4386
3 4256 4260 4386
3 4252 4256 4386
3 4246 4252 4386
3 4242 4246 4386
3 4238 4242 4386
3 4240 4238 4386
3 4244 4240 4386
3 4250 4244 4386
3 4254 4250 4386
3 4258 4254 4386
3 4262 4258 4386
3 4266 4262 4386
3 4270 4266 4386
3 4274 4270 4386
3 4278 4274 4386
3 4282 4278 4386
3 4286 4282 4386
3 4290 4286 4386
3 4294 4290 4386
3 4298 4294 4386
3 4302 4298 4386
3 4306 4302 4386
3 4312 4306 4386
3 4316 4312 4386
3 4324 4316 4386
3 4328 4324 4386
3 4334 4328 4386
3 4338 4334 4386
3 4342 4338 4386
3 4346 4342 4386
3 4350 4346 4386
3 4354 4350 4386
3 4358 4354 4386
3 4362 4358 4386
3 4366 4362 4386
3 4370 4366 4386
3 4374 4370 4386
3 4378 4374 4386
3 4382 4378 4386
3 4213 4215 4211
3 4209 4213 4211
3 4205 4209 4211
3 4201 4205 4211
3 4197 4201 4211
3 4193 4197 4211
3 4189 4193 4211
3 4185 4189 4211
3 4181 4185 4211
3 4177 4181 4211
3 4173 4177 4211
3 4169 4173 4211
3 4165 4169 4211
3 4161 4165 4211
3 4157 4161 4211
3 4153 4157 4211
3 4147 4153 4211
3 4143 4147 4211
3 4125 4143 4211
3 4121 4125 4211
3 4117 4121 4211
3 4089 4117 4211
3 4085 4089 4211
3 4081 4085 4211
3 4077 4081 4211
3 4073 4077 4211
3 4069 4073 4211
3 4065 4069 4211
3 4061 4065 4211
3 4057 4061 4211
3 4053 4057 4211
3 4049 4053 4211
3 4045 4049 4211
3 4041 4045 4211
3 4037 4041 4211
3 4033 4037 4211
3 4035 4033 4211
3 4039 4035 4211
3 4043 4039 4211
3 4047 4043 4211
3 4051 4047 4211
3 4055 4051 4211
3 4059 4055 4211
3 4063 4059 4211
3 4067 4063 4211
3 4071 4067 4211
3 4075 4071 4211
3 4079 4075 4211
3 4083 4079 4211
3 4087 4083 4211
3 4115 4087 4211
3 4119 4115 4211
3 4123 4119 4211
3 4141 4123 4211
3 4145 4141 4211
3 4151 4145 4211
3 4155 4151 4211
3 4159 4155 4211
3 4163 4159 4211
3 4167 4163 4211
3 4171 4167 4211
3 4175 4171 4211
3 4179 4175 4211
3 4183 4179 4211
3 4187 4183 4211
3 4191 4187 4211
3 4195 4191 4211
3 4199 4195 4211
3 4203 4199 4211
3 4207 4203 4211
3 4002 4004 4000
3 3998 4002 4000
3 3992 3998 4000
3 3988 3992 4000
3 3984 3988 4000
3 3980 3984 4000
3 3976 3980 4000
3 3970 3976 4000
3 3966 3970 4000
3 3962 3966 4000
3 3958 3962 4000
3 3954 3958 4000
3 3948 3954 4000
3 3944 3948 4000
3 3940 3944 4000
3 3936 3940 4000
3 3932 3936 4000
3 3928 3932 4000
3 3924 3928 4000
3 3920 3924 4000
3 3916 3920 4000
3 3912 3916 4000
3 3908 3912 4000
3 3904 3908 4000
3 3898 3904 4000
3 3894 3898 4000
3 3888 3894 4000
3 3884 3888 4000
3 3880 3884 4000
3 3874 3880 4000
3 3870 3874 4000
3 3866 3870 4000
3 3862 3866 4000
3 3858 3862 4000
3 3854 3858 4000
3 3850 3854 4000
3 3852 3850 4000
3 3856 3852 4000
3 3860 3856 4000
3 3864 3860 4000
3 3868 3864 4000
3 3872 3868 4000
3 3878 3872 4000
3 3882 3878 4000
3 3886 3882 4000
3 3892 3886 4000
3 3896 3892 4000
3 3902 3896 4000
3 3906 3902 4000
3 3910 3906 4000
3 3914 3910 4000
3 3918 3914 4000
3 3922 3918 4000
3 3926 3922 4000
3 3930 3926 4000
3 3934 3930 4000
3 3938 3934 4000
3 3942 3938 4000
3 3946 3942 4000
3 3952 3946 4000
3 3956 3952 4000
3 3960 3956 4000
3 3964 3960 4000
3 3968 3964 4000
3 3974 3968 4000
3 3978 3974 4000
3 3982 3978 4000
3 3986 3982 4000
3 3990 3986 4000
3 3996 3990 4000
3 3163 3134 3224
3 3249 3163 3224
3 1843 3143 3162
3 1409 1792 1843
3 1360 1402 1409
3 1379 1360 1409
3 1414 1355 1379
3 3339 1414 1379
3 3162 3243 3339
3 1843 3162 3339
3 1409 1843 3339
3 1379 1409 3339
3 3379 3386 3342
3 3331 3379 3342
3 3313 3315 3300
3 3298 3313 3300
3 3283 3286 3269
3 3260 3283 3269
3 1380 1361 1403
3 1415 1356 1380
3 2155 1415 1380
3 2094 2155 1380
3 2759 2094 1380
3 3193 2770 2759
3 3190 3193 2759
3 3324 3190 2759
3 3244 3324 2759
3 3164 3244 2759
3 3144 3164 2759
3 1844 3144 2759
3 1410 1793 1844
3 1380 1403 1410
3 2759 1380 1410
3 1844 2759 1410
3 2152 3376 3472
3 3151 2757 2152
3 3114 3151 2152
3 3398 3114 2152
3 3410 3398 2152
3 3419 3410 2152
3 3427 3419 2152
3 3436 3427 2152
3 3446 3436 2152
3 3453 3446 2152
3 3459 3453 2152
3 3463 3459 2152
3 3465 3463 2152
3 3461 3465 2152
3 3455 3461 2152
3 3438 3455 2152
3 3472 3438 2152
3 3163 3134 3224
3 3249 3163 3224
3 3140 3134 3163
3 3165 3140 3163
3 3255 3165 3163
3 3255 3163 3249
3 3230 3255 3249
3 3230 3249 3224
3 3230 3224 3134
3 3140 3230 3134
3 3165 3140 3230
3 3255 3165 3230
3 3307 3320 3364
3 3336 3307 3364
3 3323 3320 3307
3 3310 3323 3307
3 3310 3307 3336
3 3340 3310 3336
3 3365 3340 3336
3 3365 3336 3364
3 3323 3365 3364
3 3323 3364 3320
3 3310 3323 3365
3 3340 3310 3365
3 3288 3311 3305
3 3280 3288 3305
3 3294 3320 3307
3 3279 3294 3307
3 3288 3311 3305
3 3280 3288 3305
3 3289 3312 3311
3 3289 3311 3288
3 3289 3288 3280
3 3281 3289 3280
3 3281 3280 3305
3 3306 3281 3305
3 3312 3306 3305
3 3312 3305 3311
3 3289 3312 3306
3 3281 3289 3306
3 3294 3320 3307
3 3279 3294 3307
3 3295 3321 3320
3 3295 3320 3294
3 3295 3294 3279
3 3280 3295 3279
3 3280 3279 3307
3 3308 3280 3307
3 3321 3308 3307
3 3321 3307 3320
3 3295 3321 3308
3 3280 3295 3308
3 3296 3322 3309
3 3281 3296 3309
3 3296 3322 3309
3 3281 3296 3309
3 3297 3323 3322
3 3297 3322 3296
3 3297 3296 3281
3 3282 3297 3281
3 3282 3281 3309
3 3310 3282 3309
3 3323 3310 3309
3 3323 3309 3322
3 3297 3323 3310
3 3282 3297 3310
3 1843 3143 3162
3 1409 1792 1843
3 1360 1402 1409
3 1379 1360 1409
3 1414 1355 1379
3 3339 1414 1379
3 3162 3243 3339
3 1843 3162 3339
3 1409 1843 3339
3 1379 1409 3339
3 3144 3143 1843
3 1844 3144 1843
3 1793 1844 1843
3 1793 1843 1792
3 1793 1792 1409
3 1410 1793 1409
3 1403 1410 1409
3 1403 1409 1402
3 1403 1402 1360
3 1361 1403 1360
3 1361 1360 1379
3 1380 1361 1379
3 1380 1379 1355
3 1356 1380 1355
3 1356 1355 1414
3 1415 1356 1414
3 3340 1415 1414
3 3340 1414 3339
3 3244 3340 3339
3 3244 3339 3243
3 3244 3243 3162
3 3164 3244 3162
3 3144 3164 3162
3 3144 3162 3143
3 1844 3144 3164
3 1410 1793 1844
3 1361 1403 1410
3 1380 1361 1410
3 1415 1356 1380
3 3340 1415 1380
3 3164 3244 3340
3 1844 3164 3340
3 1410 1844 3340
3 1380 1410 3340
3 1380 1361 1403
3 1415 1356 1380
3 2155 1415 1380
3 2094 2155 1380
3 2759 2094 1380
3 3193 2770 2759
3 3190 3193 2759
3 3324 3190 2759
3 3244 3324 2759
3 3164 3244 2759
3 3144 3164 2759
3 1844 3144 2759
3 1410 1793 1844
3 1380 1403 1410
3 2759 1380 1410
3 1844 2759 1410
3 1364 1361 1380
3 1381 1364 1380
3 1381 1380 1356
3 1357 1381 1356
3 1357 1356 1415
3 1418 1357 1415
3 2158 1418 1415
3 2158 1415 2155
3 2095 2158 2155
3 2095 2155 2094
3 2760 2095 2094
3 2760 2094 2759
3 2760 2759 2770
3 2771 2760 2770
3 3194 2771 2770
3 3194 2770 3193
3 3191 3194 3193
3 3191 3193 3190
3 3325 3191 3190
3 3325 3190 3324
3 3245 3325 3324
3 3245 3324 3244
3 3245 3244 3164
3 3166 3245 3164
3 3145 3166 3164
3 3145 3164 3144
3 3145 3144 1844
3 1845 3145 1844
3 1794 1845 1844
3 1794 1844 1793
3 1794 1793 1410
3 1411 1794 1410
3 1406 1411 1410
3 1406 1410 1403
3 1406 1403 1361
3 1364 1406 1361
3 1381 1364 1406
3 1418 1357 1381
3 2158 1418 1381
3 2095 2158 1381
3 2760 2095 1381
3 3194 2771 2760
3 3191 3194 2760
3 3325 3191 2760
3 3245 3325 2760
3 3166 3245 2760
3 3145 3166 2760
3 1845 3145 2760
3 1411 1794 1845
3 1381 1406 1411
3 2760 1381 1411
3 1845 2760 1411
3 3284 3388 3325
3 3245 3284 3325
3 3272 3358 3343
3 3261 3272 3343
3 3284 3387 3349
3 3268 3284 3349
3 3283 3386 3342
3 3260 3283 3342
3 3379 3386 3342
3 3331 3379 3342
3 3380 3387 3386
3 3380 3386 3379
3 3380 3379 3331
3 3332 3380 3331
3 3332 3331 3342
3 3349 3332 3342
3 3387 3349 3342
3 3387 3342 3386
3 3380 3387 3349
3 3332 3380 3349
3 3313 3315 3300
3 3298 3313 3300
3 3314 3316 3315
3 3314 3315 3313
3 3314 3313 3298
3 3299 3314 3298
3 3299 3298 3300
3 3301 3299 3300
3 3316 3301 3300
3 3316 3300 3315
3 3314 3316 3301
3 3299 3314 3301
3 3283 3286 3269
3 3260 3283 3269
3 3284 3287 3286
3 3284 3286 3283
3 3284 3283 3260
3 3268 3284 3260
3 3268 3260 3269
3 3270 3268 3269
3 3287 3270 3269
3 3287 3269 3286
3 3284 3287 3270
3 3268 3284 3270
3 3274 3360 3345
3 3263 3274 3345
3 3274 3360 3345
3 3263 3274 3345
3 3275 3361 3360
3 3275 3360 3274
3 3275 3274 3263
3 3265 3275 3263
3 3265 3263 3345
3 3346 3265 3345
3 3361 3346 3345
3 3361 3345 3360
3 3275 3361 3346
3 3265 3275 3346
3 3272 3358 3343
3 3261 3272 3343
3 3273 3359 3358
3 3273 3358 3272
3 3273 3272 3261
3 3262 3273 3261
3 3262 3261 3343
3 3344 3262 3343
3 3359 3344 3343
3 3359 3343 3358
3 3273 3359 3344
3 3262 3273 3344
3 3276 3362 3347
3 3266 3276 3347
3 3277 3363 3362
3 3277 3362 3276
3 3277 3276 3266
3 3267 3277 3266
3 3267 3266 3347
3 3348 3267 3347
3 3363 3348 3347
3 3363 3347 3362
3 3277 3363 3348
3 3267 3277 3348
3 2236 2232 3133
3 3145 2236 3133
3 3010 3017 2815
3 2807 3010 2815
3 2815 2235 2231
3 2807 2815 2231
3 2818 2236 2235
3 2818 2235 2815
3 2810 2818 2815
3 2810 2815 2807
3 2810 2807 2231
3 2232 2810 2231
3 2232 2231 2235
3 2236 2232 2235
3 2818 2236 2232
3 2810 2818 2232
3 3141 3017 3010
3 3126 3141 3010
3 3145 3020 3017
3 3145 3017 3141
3 3133 3145 3141
3 3133 3141 3126
3 3133 3126 3010
3 3013 3133 3010
3 3013 3010 3017
3 3020 3013 3017
3 3145 3020 3013
3 3133 3145 3013
3 3014 3018 2816
3 2811 3014 2816
3 3010 3017 2815
3 2807 3010 2815
3 3011 3018 3017
3 3011 3017 3010
3 3011 3010 2807
3 2808 3011 2807
3 2808 2807 2815
3 2816 2808 2815
3 3018 2816 2815
3 3018 2815 3017
3 3011 3018 2816
3 2808 3011 2816
3 3014 3018 2816
3 2811 3014 2816
3 3015 3019 3018
3 3015 3018 3014
3 3015 3014 2811
3 2812 3015 2811
3 2812 2811 2816
3 2817 2812 2816
3 3019 2817 2816
3 3019 2816 3018
3 3015 3019 2817
3 2812 3015 2817
3 3012 3019 2817
3 2809 3012 2817
3 3012 3019 2817
3 2809 3012 2817
3 3013 3020 3019
3 3013 3019 3012
3 3013 3012 2809
3 2810 3013 2809
3 2810 2809 2817
3 2818 2810 2817
3 3020 2818 2817
3 3020 2817 3019
3 3013 3020 2818
3 2810 3013 2818
3 1407 1398 1924
3 1926 1407 1924
3 1399 1398 1407
3 1411 1399 1407
3 1927 1411 1407
3 1927 1407 1926
3 1925 1927 1926
3 1925 1926 1924
3 1925 1924 1398
3 1399 1925 1398
3 1411 1399 1925
3 1927 1411 1925
3 1351 1396 1404
3 1362 1351 1404
3 1351 1396 1404
3 1362 1351 1404
3 1397 1396 1351
3 1352 1397 1351
3 1352 1351 1362
3 1363 1352 1362
3 1405 1363 1362
3 1405 1362 1404
3 1397 1405 1404
3 1397 1404 1396
3 1352 1397 1405
3 1363 1352 1405
3 3474 3542 3547
3 3423 3426 3474
3 3475 3423 3474
3 3547 3475 3474
3 2993 3016 3021
3 2833 2836 2993
3 2994 2833 2993
3 3021 2994 2993
3 3448 3407 3488
3 3152 3009 2758
3 2834 2825 3081
3 2999 2834 3081
3 3050 2999 3081
3 3091 3050 3081
3 2826 2825 2834
3 2835 2826 2834
3 3000 2835 2834
3 3000 2834 2999
3 3051 3000 2999
3 3051 2999 3050
3 3092 3051 3050
3 3092 3050 3091
3 3082 3092 3091
3 3082 3091 3081
3 3082 3081 2825
3 2826 3082 2825
3 2835 2826 3082
3 3000 2835 3082
3 3051 3000 3082
3 3092 3051 3082
3 3229 3139 3132
3 3264 3254 3229
3 3236 3264 3229
3 3132 3236 3229
3 3229 3139 3132
3 3264 3254 3229
3 3236 3264 3229
3 3132 3236 3229
3 3138 3139 3132
3 3131 3138 3132
3 3131 3132 3236
3 3235 3131 3236
3 3263 3235 3236
3 3263 3236 3264
3 3253 3263 3264
3 3253 3264 3254
3 3253 3254 3229
3 3228 3253 3229
3 3138 3228 3229
3 3138 3229 3139
3 3228 3138 3131
3 3263 3253 3228
3 3235 3263 3228
3 3131 3235 3228
3 3279 3241 3256
3 3294 3279 3256
3 3244 3241 3279
3 3282 3244 3279
3 3297 3282 3279
3 3297 3279 3294
3 3260 3297 3294
3 3260 3294 3256
3 3260 3256 3241
3 3244 3260 3241
3 3282 3244 3260
3 3297 3282 3260
3 3227 3137 3130
3 3260 3252 3227
3 3234 3260 3227
3 3130 3234 3227
3 3136 3137 3130
3 3129 3136 3130
3 3129 3130 3234
3 3233 3129 3234
3 3259 3233 3234
3 3259 3234 3260
3 3251 3259 3260
3 3251 3260 3252
3 3251 3252 3227
3 3226 3251 3227
3 3136 3226 3227
3 3136 3227 3137
3 3226 3136 3129
3 3259 3251 3226
3 3233 3259 3226
3 3129 3233 3226
3 3225 3135 3128
3 3258 3250 3225
3 3232 3258 3225
3 3128 3232 3225
3 3134 3135 3128
3 3127 3134 3128
3 3127 3128 3232
3 3231 3127 3232
3 3257 3231 3232
3 3257 3232 3258
3 3249 3257 3258
3 3249 3258 3250
3 3249 3250 3225
3 3224 3249 3225
3 3134 3224 3225
3 3134 3225 3135
3 3224 3134 3127
3 3257 3249 3224
3 3231 3257 3224
3 3127 3231 3224
3 3284 3388 3325
3 3245 3284 3325
3 3285 3389 3388
3 3285 3388 3284
3 3285 3284 3245
3 3246 3285 3245
3 3246 3245 3325
3 3326 3246 3325
3 3389 3326 3325
3 3389 3325 3388
3 3285 3389 3326
3 3246 3285 3326
3 1377 1358 1400
3 1412 1353 1377
3 3335 1412 1377
3 3215 3335 1377
3 1841 3215 1377
3 1790 1841 1377
3 1407 1790 1377
3 1400 1407 1377
3 1378 1359 1401
3 1413 1354 1378
3 3337 1413 1378
3 3161 3242 3337
3 1842 3142 3161
3 1408 1791 1842
3 1378 1401 1408
3 3337 1378 1408
3 3161 3337 1408
3 1842 3161 1408
3 1377 1358 1400
3 1412 1353 1377
3 3335 1412 1377
3 3215 3335 1377
3 1841 3215 1377
3 1790 1841 1377
3 1407 1790 1377
3 1400 1407 1377
3 1359 1358 1377
3 1378 1359 1377
3 1378 1377 1353
3 1354 1378 1353
3 1354 1353 1412
3 1413 1354 1412
3 3337 1413 1412
3 3337 1412 3335
3 3216 3337 3335
3 3216 3335 3215
3 3216 3215 1841
3 1842 3216 1841
3 1791 1842 1841
3 1791 1841 1790
3 1791 1790 1407
3 1408 1791 1407
3 1401 1408 1407
3 1401 1407 1400
3 1401 1400 1358
3 1359 1401 1358
3 1378 1359 1401
3 1413 1354 1378
3 3337 1413 1378
3 3216 3337 1378
3 1842 3216 1378
3 1791 1842 1378
3 1408 1791 1378
3 1401 1408 1378
3 1378 1359 1401
3 1413 1354 1378
3 3337 1413 1378
3 3161 3242 3337
3 1842 3142 3161
3 1408 1791 1842
3 1378 1401 1408
3 3337 1378 1408
3 3161 3337 1408
3 1842 3161 1408
3 1379 1378 1359
3 1379 1359 1360
3 1379 1378 1354
3 1355 1379 1354
3 1414 1413 1354
3 1414 1354 1355
3 3337 1413 1414
3 3339 3337 1414
3 3243 3339 3337
3 3243 3337 3242
3 3243 3242 3161
3 3162 3243 3161
3 3143 3162 3161
3 3143 3161 3142
3 3143 3142 1842
3 1843 3143 1842
3 1792 1843 1842
3 1792 1842 1791
3 1792 1791 1408
3 1409 1792 1408
3 1402 1409 1408
3 1402 1408 1401
3 1402 1401 1359
3 1360 1402 1359
3 1379 1360 1402
3 1414 1355 1379
3 3339 1414 1379
3 3162 3243 3339
3 1843 3143 3162
3 1409 1792 1843
3 1379 1402 1409
3 3339 1379 1409
3 3162 3339 1409
3 1843 3162 1409
3 3451 3470 3471
3 3452 3451 3471
3 3478 3479 3450
3 3449 3478 3450
3 3434 3435 3413
3 3412 3434 3413
3 3405 3489 3472
3 3376 3405 3472
3 2152 3376 3472
3 3151 2757 2152
3 3114 3151 2152
3 3398 3114 2152
3 3410 3398 2152
3 3419 3410 2152
3 3427 3419 2152
3 3436 3427 2152
3 3446 3436 2152
3 3453 3446 2152
3 3459 3453 2152
3 3463 3459 2152
3 3465 3463 2152
3 3461 3465 2152
3 3455 3461 2152
3 3438 3455 2152
3 3472 3438 2152
3 3377 3376 2152
3 2153 3377 2152
3 2153 2152 2757
3 2758 2153 2757
3 3152 2758 2757
3 3152 2757 3151
3 3115 3152 3151
3 3115 3151 3114
3 3399 3115 3114
3 3399 3114 3398
3 3411 3399 3398
3 3411 3398 3410
3 3420 3411 3410
3 3420 3410 3419
3 3428 3420 3419
3 3428 3419 3427
3 3437 3428 3427
3 3437 3427 3436
3 3447 3437 3436
3 3447 3436 3446
3 3454 3447 3446
3 3454 3446 3453
3 3460 3454 3453
3 3460 3453 3459
3 3464 3460 3459
3 3464 3459 3463
3 3466 3464 3463
3 3466 3463 3465
3 3462 3466 3465
3 3462 3465 3461
3 3456 3462 3461
3 3456 3461 3455
3 3439 3456 3455
3 3439 3455 3438
3 3473 3439 3438
3 3473 3438 3472
3 3377 3473 3472
3 3377 3472 3376
3 2153 3377 3473
3 3152 2758 2153
3 3115 3152 2153
3 3399 3115 2153
3 3411 3399 2153
3 3420 3411 2153
3 3428 3420 2153
3 3437 3428 2153
3 3447 3437 2153
3 3454 3447 2153
3 3460 3454 2153
3 3464 3460 2153
3 3466 3464 2153
3 3462 3466 2153
3 3456 3462 2153
3 3439 3456 2153
3 3473 3439 2153
3 3406 3490 3473
3 3377 3406 3473
3 3425 3424 3414
3 3425 3414 3415
3 3489 3490 3406
3 3405 3489 3406
3 3433 3432 3421
3 3433 3421 3422
3 3468 3480 3481
3 3469 3468 3481
3 3483 3484 3458
3 3457 3483 3458
3 3442 3443 3417
3 3416 3442 3417
3 3405 3406 3490
3 3405 3490 3489
3 3433 3432 3421
3 3433 3421 3422
3 3469 3481 3480
3 3469 3480 3468
3 3457 3458 3484
3 3457 3484 3483
3 3416 3417 3443
3 3416 3443 3442
3 3406 3490 3487
3 3397 3406 3487
3 3397 3406 3405
3 3396 3397 3405
3 3396 3405 3489
3 3486 3396 3489
3 3487 3486 3489
3 3487 3489 3490
3 3415 3414 3421
3 3415 3421 3422
3 3415 3422 3433
3 3425 3415 3433
3 3425 3433 3432
3 3424 3425 3432
3 3421 3432 3424
3 3414 3421 3424
3 3468 3480 3470
3 3451 3468 3470
3 3452 3451 3468
3 3452 3468 3469
3 3452 3469 3481
3 3471 3452 3481
3 3471 3481 3480
3 3470 3471 3480
3 3477 3484 3483
3 3476 3477 3483
3 3457 3483 3476
3 3444 3457 3476
3 3445 3444 3457
3 3445 3457 3458
3 3445 3458 3484
3 3477 3445 3484
3 3431 3443 3442
3 3430 3431 3442
3 3416 3442 3430
3 3408 3416 3430
3 3409 3408 3416
3 3409 3416 3417
3 3409 3417 3443
3 3431 3409 3443
3 3486 3487 3397
3 3396 3486 3397
3 3415 3414 3424
3 3425 3415 3424
3 3451 3470 3471
3 3452 3451 3471
3 3476 3477 3445
3 3444 3476 3445
3 3430 3431 3409
3 3408 3430 3409
3 3397 3377 3376
3 3397 3376 3396
3 3485 3292 3192
3 441 443 439
3 437 441 439
3 433 437 439
3 427 433 439
3 423 427 439
3 419 423 439
3 415 419 439
3 411 415 439
3 407 411 439
3 403 407 439
3 399 403 439
3 395 399 439
3 389 395 439
3 385 389 439
3 381 385 439
3 377 381 439
3 373 377 439
3 369 373 439
3 365 369 439
3 359 365 439
3 355 359 439
3 351 355 439
3 347 351 439
3 343 347 439
3 339 343 439
3 335 339 439
3 331 335 439
3 327 331 439
3 323 327 439
3 319 323 439
3 315 319 439
3 311 315 439
3 307 311 439
3 303 307 439
3 299 303 439
3 295 299 439
3 297 295 439
3 301 297 439
3 305 301 439
3 309 305 439
3 313 309 439
3 317 313 439
3 321 317 439
3 325 321 439
3 329 325 439
3 333 329 439
3 337 333 439
3 341 337 439
3 345 341 439
3 349 345 439
3 353 349 439
3 357 353 439
3 363 357 439
3 367 363 439
3 371 367 439
3 375 371 439
3 379 375 439
3 383 379 439
3 387 383 439
3 393 387 439
3 397 393 439
3 401 397 439
3 405 401 439
3 409 405 439
3 413 409 439
3 417 413 439
3 421 417 439
3 425 421 439
3 431 425 439
3 435 431 439
3 201 203 199
3 197 201 199
3 193 197 199
3 187 193 199
3 183 187 199
3 179 183 199
3 175 179 199
3 171 175 199
3 167 171 199
3 163 167 199
3 159 163 199
3 155 159 199
3 149 155 199
3 145 149 199
3 141 145 199
3 137 141 199
3 133 137 199
3 127 133 199
3 123 127 199
3 119 123 199
3 115 119 199
3 103 115 199
3 99 103 199
3 95 99 199
3 91 95 199
3 87 91 199
3 83 87 199
3 79 83 199
3 75 79 199
3 71 75 199
3 67 71 199
3 63 67 199
3 54 63 199
3 50 54 199
3 46 50 199
3 42 46 199
3 44 42 199
3 48 44 199
3 52 48 199
3 61 52 199
3 65 61 199
3 69 65 199
3 73 69 199
3 77 73 199
3 81 77 199
3 85 81 199
3 89 85 199
3 93 89 199
3 97 93 199
3 101 97 199
3 113 101 199
3 117 113 199
3 121 117 199
3 125 121 199
3 131 125 199
3 135 131 199
3 139 135 199
3 143 139 199
3 147 143 199
3 153 147 199
3 157 153 199
3 161 157 199
3 165 161 199
3 169 165 199
3 173 169 199
3 177 173 199
3 181 177 199
3 185 181 199
3 191 185 199
3 195 191 199
3 707 709 705
3 703 707 705
3 699 703 705
3 693 699 705
3 689 693 705
3 685 689 705
3 681 685 705
3 677 681 705
3 673 677 705
3 669 673 705
3 665 669 705
3 661 665 705
3 655 661 705
3 651 655 705
3 647 651 705
3 643 647 705
3 639 643 705
3 635 639 705
3 631 635 705
3 625 631 705
3 621 625 705
3 617 621 705
3 613 617 705
3 607 613 705
3 603 607 705
3 599 603 705
3 595 599 705
3 591 595 705
3 587 591 705
3 583 587 705
3 577 583 705
3 571 577 705
3 567 571 705
3 563 567 705
3 559 563 705
3 555 559 705
3 557 555 705
3 561 557 705
3 565 561 705
3 569 565 705
3 575 569 705
3 581 575 705
3 585 581 705
3 589 585 705
3 593 589 705
3 597 593 705
3 601 597 705
3 605 601 705
3 611 605 705
3 615 611 705
3 619 615 705
3 623 619 705
3 629 623 705
3 633 629 705
3 637 633 705
3 641 637 705
3 645 641 705
3 649 645 705
3 653 649 705
3 659 653 705
3 663 659 705
3 667 663 705
3 671 667 705
3 675 671 705
3 679 675 705
3 683 679 705
3 687 683 705
3 691 687 705
3 697 691 705
3 701 697 705
3 911 913 909
3 907 911 909
3 903 907 909
3 897 903 909
3 893 897 909
3 889 893 909
3 885 889 909
3 881 885 909
3 877 881 909
3 873 877 909
3 869 873 909
3 865 869 909
3 859 865 909
3 855 859 909
3 851 855 909
3 847 851 909
3 843 847 909
3 839 843 909
3 835 839 909
3 831 835 909
3 827 831 909
3 823 827 909
3 819 823 909
3 813 819 909
3 809 813 909
3 805 809 909
3 801 805 909
3 797 801 909
3 793 797 909
3 789 793 909
3 783 789 909
3 777 783 909
3 773 777 909
3 769 773 909
3 765 769 909
3 761 765 909
3 763 761 909
3 767 763 909
3 771 767 909
3 775 771 909
3 781 775 909
3 787 781 909
3 791 787 909
3 795 791 909
3 799 795 909
3 803 799 909
3 807 803 909
3 811 807 909
3 817 811 909
3 821 817 909
3 825 821 909
3 829 825 909
3 833 829 909
3 837 833 909
3 841 837 909
3 845 841 909
3 849 845 909
3 853 849 909
3 857 853 909
3 863 857 909
3 867 863 909
3 871 867 909
3 875 871 909
3 879 875 909
3 883 879 909
3 887 883 909
3 891 887 909
3 895 891 909
3 901 895 909
3 905 901 909
3 1233 1235 1231
3 1229 1233 1231
3 1223 1229 1231
3 1216 1223 1231
3 1212 1216 1231
3 1206 1212 1231
3 1202 1206 1231
3 1198 1202 1231
3 1194 1198 1231
3 1190 1194 1231
3 1186 1190 1231
3 1182 1186 1231
3 1176 1182 1231
3 1170 1176 1231
3 1166 1170 1231
3 1152 1166 1231
3 1148 1152 1231
3 1125 1148 1231
3 1117 1125 1231
3 1084 1117 1231
3 1080 1084 1231
3 1076 1080 1231
3 1072 1076 1231
3 1063 1072 1231
3 1057 1063 1231
3 1053 1057 1231
3 1049 1053 1231
3 1045 1049 1231
3 1041 1045 1231
3 1037 1041 1231
3 1031 1037 1231
3 1025 1031 1231
3 1021 1025 1231
3 1017 1021 1231
3 1013 1017 1231
3 1009 1013 1231
3 1011 1009 1231
3 1015 1011 1231
3 1019 1015 1231
3 1023 1019 1231
3 1029 1023 1231
3 1035 1029 1231
3 1039 1035 1231
3 1043 1039 1231
3 1047 1043 1231
3 1051 1047 1231
3 1055 1051 1231
3 1061 1055 1231
3 1070 1061 1231
3 1074 1070 1231
3 1078 1074 1231
3 1082 1078 1231
3 1115 1082 1231
3 1123 1115 1231
3 1146 1123 1231
3 1150 1146 1231
3 1164 1150 1231
3 1168 1164 1231
3 1174 1168 1231
3 1180 1174 1231
3 1184 1180 1231
3 1188 1184 1231
3 1192 1188 1231
3 1196 1192 1231
3 1200 1196 1231
3 1204 1200 1231
3 1210 1204 1231
3 1214 1210 1231
3 1225 1214 1231
3 1227 1225 1231
3 1580 1582 1578
3 1576 1580 1578
3 1572 1576 1578
3 1566 1572 1578
3 1562 1566 1578
3 1552 1562 1578
3 1548 1552 1578
3 1544 1548 1578
3 1540 1544 1578
3 1534 1540 1578
3 1530 1534 1578
3 1526 1530 1578
3 1520 1526 1578
3 1516 1520 1578
3 1512 1516 1578
3 1508 1512 1578
3 1502 1508 1578
3 1498 1502 1578
3 1492 1498 1578
3 1488 1492 1578
3 1484 1488 1578
3 1480 1484 1578
3 1476 1480 1578
3 1472 1476 1578
3 1468 1472 1578
3 1464 1468 1578
3 1460 1464 1578
3 1456 1460 1578
3 1452 1456 1578
3 1448 1452 1578
3 1444 1448 1578
3 1440 1444 1578
3 1436 1440 1578
3 1432 1436 1578
3 1425 1432 1578
3 1421 1425 1578
3 1423 1421 1578
3 1430 1423 1578
3 1434 1430 1578
3 1438 1434 1578
3 1442 1438 1578
3 1446 1442 1578
3 1450 1446 1578
3 1454 1450 1578
3 1458 1454 1578
3 1462 1458 1578
3 1466 1462 1578
3 1470 1466 1578
3 1474 1470 1578
3 1478 1474 1578
3 1482 1478 1578
3 1486 1482 1578
3 1490 1486 1578
3 1496 1490 1578
3 1500 1496 1578
3 1506 1500 1578
3 1510 1506 1578
3 1514 1510 1578
3 1518 1514 1578
3 1524 1518 1578
3 1528 1524 1578
3 1532 1528 1578
3 1538 1532 1578
3 1542 1538 1578
3 1546 1542 1578
3 1550 1546 1578
3 1560 1550 1578
3 1564 1560 1578
3 1570 1564 1578
3 1574 1570 1578
3 981 979 983
3 999 981 983
3 941 939 943
3 945 941 943
3 919 917 921
3 923 919 921
3 753 751 755
3 757 753 755
3 737 735 739
3 741 737 739
3 715 713 717
3 719 715 717
3 547 545 549
3 551 547 549
3 529 527 531
3 533 529 531
3 455 450 457
3 459 455 457
3 249 247 251
3 293 249 251
3 1610 1784 1848
3 1589 1610 1848
3 1494 1589 1848
3 1504 1494 1848
3 1591 1504 1848
3 1614 1591 1848
3 1271 1310 1317
3 1303 1271 1317
3 3576 3568 3818
3 3823 3576 3818
3 4721 4546 4559
3 4734 4721 4559
3 2828 2752 4546
3 4721 2828 4546
3 3582 3574 3572
3 3580 3582 3572
3 3653 3588 3585
3 3650 3653 3585
3 3718 3710 3708
3 3716 3718 3708
3 3779 3723 3721
3 3777 3779 3721
3 3809 3801 3799
3 3807 3809 3799
3 3828 3816 3814
3 3826 3828 3814
3 3838 3834 3832
3 3836 3838 3832
3 3848 3842 3840
3 3846 3848 3840
3 3994 3890 3876
3 3972 3994 3876
3 4027 4012 4010
3 4025 4027 4010
3 3566 3561 3559
3 3564 3566 3559
3 4730 4562 5037
3 5041 4730 5037
3 4091 3548 3844
3 4557 4559 4091
3 3844 4882 4557
3 4091 3844 4557
3 4006 5034 4679
3 3950 3900 4006
3 4092 3549 3950
3 4506 4547 4092
3 4006 4679 4640
3 3950 4006 4640
3 4506 4092 3950
3 4640 4506 3950
3 4008 5032 5000
3 4006 4008 5000
3 4230 4149 4139
3 4228 4230 4139
3 4248 4234 4232
3 4236 4248 4232
3 4394 4320 4310
3 4392 4394 4310
3 4726 4551 4555
3 4732 4726 4555
3 4091 3548 3844
3 4557 4559 4091
3 3844 4882 4557
3 4091 3844 4557
3 3549 3548 4091
3 4092 3549 4091
3 4560 4092 4091
3 4560 4091 4559
3 4558 4560 4559
3 4558 4559 4557
3 4883 4558 4557
3 4883 4557 4882
3 3845 4883 4882
3 3845 4882 3844
3 3845 3844 3548
3 3549 3845 3548
3 4092 3549 3845
3 4558 4560 4092
3 3845 4883 4558
3 4092 3845 4558
3 4213 4215 4211
3 4209 4213 4211
3 4205 4209 4211
3 4201 4205 4211
3 4197 4201 4211
3 4193 4197 4211
3 4189 4193 4211
3 4185 4189 4211
3 4181 4185 4211
3 4177 4181 4211
3 4173 4177 4211
3 4169 4173 4211
3 4165 4169 4211
3 4161 4165 4211
3 4157 4161 4211
3 4153 4157 4211
3 4147 4153 4211
3 4143 4147 4211
3 4125 4143 4211
3 4121 4125 4211
3 4117 4121 4211
3 4089 4117 4211
3 4085 4089 4211
3 4081 4085 4211
3 4077 4081 4211
3 4073 4077 4211
3 4069 4073 4211
3 4065 4069 4211
3 4061 4065 4211
3 4057 4061 4211
3 4053 4057 4211
3 4049 4053 4211
3 4045 4049 4211
3 4041 4045 4211
3 4037 4041 4211
3 4033 4037 4211
3 4035 4033 4211
3 4039 4035 4211
3 4043 4039 4211
3 4047 4043 4211
3 4051 4047 4211
3 4055 4051 4211
3 4059 4055 4211
3 4063 4059 4211
3 4067 4063 4211
3 4071 4067 4211
3 4075 4071 4211
3 4079 4075 4211
3 4083 4079 4211
3 4087 4083 4211
3 4115 4087 4211
3 4119 4115 4211
3 4123 4119 4211
3 4141 4123 4211
3 4145 4141 4211
3 4151 4145 4211
3 4155 4151 4211
3 4159 4155 4211
3 4163 4159 4211
3 4167 4163 4211
3 4171 4167 4211
3 4175 4171 4211
3 4179 4175 4211
3 4183 4179 4211
3 4187 4183 4211
3 4191 4187 4211
3 4195 4191 4211
3 4199 4195 4211
3 4203 4199 4211
3 4207 4203 4211
3 4214 4216 4215
3 4214 4215 4213
3 4210 4214 4213
3 4210 4213 4209
3 4206 4210 4209
3 4206 4209 4205
3 4202 4206 4205
3 4202 4205 4201
3 4198 4202 4201
3 4198 4201 4197
3 4194 4198 4197
3 4194 4197 4193
3 4190 4194 4193
3 4190 4193 4189
3 4186 4190 4189
3 4186 4189 4185
3 4182 4186 4185
3 4182 4185 4181
3 4182 4181 4177
3 4178 4182 4177
3 4178 4177 4173
3 4174 4178 4173
3 4174 4173 4169
3 4170 4174 4169
3 4170 4169 4165
3 4166 4170 4165
3 4166 4165 4161
3 4162 4166 4161
3 4162 4161 4157
3 4158 4162 4157
3 4158 4157 4153
3 4154 4158 4153
3 4154 4153 4147
3 4148 4154 4147
3 4148 4147 4143
3 4144 4148 4143
3 4144 4143 4125
3 4126 4144 4125
3 4126 4125 4121
3 4122 4126 4121
3 4122 4121 4117
3 4118 4122 4117
3 4118 4117 4089
3 4090 4118 4089
3 4090 4089 4085
3 4086 4090 4085
3 4086 4085 4081
3 4082 4086 4081
3 4082 4081 4077
3 4078 4082 4077
3 4078 4077 4073
3 4074 4078 4073
3 4074 4073 4069
3 4070 4074 4069
3 4070 4069 4065
3 4066 4070 4065
3 4066 4065 4061
3 4062 4066 4061
3 4062 4061 4057
3 4058 4062 4057
3 4058 4057 4053
3 4054 4058 4053
3 4054 4053 4049
3 4050 4054 4049
3 4050 4049 4045
3 4046 4050 4045
3 4046 4045 4041
3 4042 4046 4041
3 4042 4041 4037
3 4038 4042 4037
3 4038 4037 4033
3 4034 4038 4033
3 4034 4033 4035
3 4036 4034 4035
3 4036 4035 4039
3 4040 4036 4039
3 4040 4039 4043
3 4044 4040 4043
3 4044 4043 4047
3 4048 4044 4047
3 4048 4047 4051
3 4052 4048 4051
3 4052 4051 4055
3 4056 4052 4055
3 4056 4055 4059
3 4060 4056 4059
3 4060 4059 4063
3 4064 4060 4063
3 4064 4063 4067
3 4068 4064 4067
3 4072 4068 4067
3 4072 4067 4071
3 4076 4072 4071
3 4076 4071 4075
3 4080 4076 4075
3 4080 4075 4079
3 4084 4080 4079
3 4084 4079 4083
3 4088 4084 4083
3 4088 4083 4087
3 4116 4088 4087
3 4116 4087 4115
3 4120 4116 4115
3 4120 4115 4119
3 4124 4120 4119
3 4124 4119 4123
3 4142 4124 4123
3 4142 4123 4141
3 4146 4142 4141
3 4146 4141 4145
3 4152 4146 4145
3 4152 4145 4151
3 4156 4152 4151
3 4156 4151 4155
3 4160 4156 4155
3 4160 4155 4159
3 4164 4160 4159
3 4164 4159 4163
3 4168 4164 4163
3 4168 4163 4167
3 4172 4168 4167
3 4172 4167 4171
3 4176 4172 4171
3 4176 4171 4175
3 4180 4176 4175
3 4180 4175 4179
3 4184 4180 4179
3 4184 4179 4183
3 4188 4184 4183
3 4188 4183 4187
3 4192 4188 4187
3 4192 4187 4191
3 4196 4192 4191
3 4196 4191 4195
3 4200 4196 4195
3 4200 4195 4199
3 4204 4200 4199
3 4204 4199 4203
3 4208 4204 4203
3 4208 4203 4207
3 4212 4208 4207
3 4212 4207 4211
3 4216 4212 4211
3 4216 4211 4215
3 4214 4216 4212
3 4210 4214 4212
3 4206 4210 4212
3 4202 4206 4212
3 4198 4202 4212
3 4194 4198 4212
3 4190 4194 4212
3 4186 4190 4212
3 4182 4186 4212
3 4178 4182 4212
3 4174 4178 4212
3 4170 4174 4212
3 4166 4170 4212
3 4162 4166 4212
3 4158 4162 4212
3 4154 4158 4212
3 4148 4154 4212
3 4144 4148 4212
3 4126 4144 4212
3 4122 4126 4212
3 4118 4122 4212
3 4090 4118 4212
3 4086 4090 4212
3 4082 4086 4212
3 4078 4082 4212
3 4074 4078 4212
3 4070 4074 4212
3 4066 4070 4212
3 4062 4066 4212
3 4058 4062 4212
3 4054 4058 4212
3 4050 4054 4212
3 4046 4050 4212
3 4042 4046 4212
3 4038 4042 4212
3 4034 4038 4212
3 4036 4034 4212
3 4040 4036 4212
3 4044 4040 4212
3 4048 4044 4212
3 4052 4048 4212
3 4056 4052 4212
3 4060 4056 4212
3 4064 4060 4212
3 4068 4064 4212
3 4072 4068 4212
3 4076 4072 4212
3 4080 4076 4212
3 4084 4080 4212
3 4088 4084 4212
3 4116 4088 4212
3 4120 4116 4212
3 4124 4120 4212
3 4142 4124 4212
3 4146 4142 4212
3 4152 4146 4212
3 4156 4152 4212
3 4160 4156 4212
3 4164 4160 4212
3 4168 4164 4212
3 4172 4168 4212
3 4176 4172 4212
3 4180 4176 4212
3 4184 4180 4212
3 4188 4184 4212
3 4192 4188 4212
3 4196 4192 4212
3 4200 4196 4212
3 4204 4200 4212
3 4208 4204 4212
3 4002 4004 4000
3 3998 4002 4000
3 3992 3998 4000
3 3988 3992 4000
3 3984 3988 4000
3 3980 3984 4000
3 3976 3980 4000
3 3970 3976 4000
3 3966 3970 4000
3 3962 3966 4000
3 3958 3962 4000
3 3954 3958 4000
3 3948 3954 4000
3 3944 3948 4000
3 3940 3944 4000
3 3936 3940 4000
3 3932 3936 4000
3 3928 3932 4000
3 3924 3928 4000
3 3920 3924 4000
3 3916 3920 4000
3 3912 3916 4000
3 3908 3912 4000
3 3904 3908 4000
3 3898 3904 4000
3 3894 3898 4000
3 3888 3894 4000
3 3884 3888 4000
3 3880 3884 4000
3 3874 3880 4000
3 3870 3874 4000
3 3866 3870 4000
3 3862 3866 4000
3 3858 3862 4000
3 3854 3858 4000
3 3850 3854 4000
3 3852 3850 4000
3 3856 3852 4000
3 3860 3856 4000
3 3864 3860 4000
3 3868 3864 4000
3 3872 3868 4000
3 3878 3872 4000
3 3882 3878 4000
3 3886 3882 4000
3 3892 3886 4000
3 3896 3892 4000
3 3902 3896 4000
3 3906 3902 4000
3 3910 3906 4000
3 3914 3910 4000
3 3918 3914 4000
3 3922 3918 4000
3 3926 3922 4000
3 3930 3926 4000
3 3934 3930 4000
3 3938 3934 4000
3 3942 3938 4000
3 3946 3942 4000
3 3952 3946 4000
3 3956 3952 4000
3 3960 3956 4000
3 3964 3960 4000
3 3968 3964 4000
3 3974 3968 4000
3 3978 3974 4000
3 3982 3978 4000
3 3986 3982 4000
3 3990 3986 4000
3 3996 3990 4000
3 4003 4005 4004
3 4003 4004 4002
3 3999 4003 4002
3 3999 4002 3998
3 3993 3999 3998
3 3993 3998 3992
3 3989 3993 3992
3 3989 3992 3988
3 3985 3989 3988
3 3985 3988 3984
3 3981 3985 3984
3 3981 3984 3980
3 3977 3981 3980
3 3977 3980 3976
3 3971 3977 3976
3 3971 3976 3970
3 3967 3971 3970
3 3967 3970 3966
3 3967 3966 3962
3 3963 3967 3962
3 3963 3962 3958
3 3959 3963 3958
3 3959 3958 3954
3 3955 3959 3954
3 3955 3954 3948
3 3949 3955 3948
3 3949 3948 3944
3 3945 3949 3944
3 3945 3944 3940
3 3941 3945 3940
3 3941 3940 3936
3 3937 3941 3936
3 3937 3936 3932
3 3933 3937 3932
3 3933 3932 3928
3 3929 3933 3928
3 3929 3928 3924
3 3925 3929 3924
3 3925 3924 3920
3 3921 3925 3920
3 3921 3920 3916
3 3917 3921 3916
3 3917 3916 3912
3 3913 3917 3912
3 3913 3912 3908
3 3909 3913 3908
3 3909 3908 3904
3 3905 3909 3904
3 3905 3904 3898
3 3899 3905 3898
3 3899 3898 3894
3 3895 3899 3894
3 3895 3894 3888
3 3889 3895 3888
3 3889 3888 3884
3 3885 3889 3884
3 3885 3884 3880
3 3881 3885 3880
3 3881 3880 3874
3 3875 3881 3874
3 3875 3874 3870
3 3871 3875 3870
3 3871 3870 3866
3 3867 3871 3866
3 3867 3866 3862
3 3863 3867 3862
3 3863 3862 3858
3 3859 3863 3858
3 3859 3858 3854
3 3855 3859 3854
3 3855 3854 3850
3 3851 3855 3850
3 3851 3850 3852
3 3853 3851 3852
3 3853 3852 3856
3 3857 3853 3856
3 3857 3856 3860
3 3861 3857 3860
3 3861 3860 3864
3 3865 3861 3864
3 3865 3864 3868
3 3869 3865 3868
3 3869 3868 3872
3 3873 3869 3872
3 3873 3872 3878
3 3879 3873 3878
3 3879 3878 3882
3 3883 3879 3882
3 3883 3882 3886
3 3887 3883 3886
3 3893 3887 3886
3 3893 3886 3892
3 3897 3893 3892
3 3897 3892 3896
3 3903 3897 3896
3 3903 3896 3902
3 3907 3903 3902
3 3907 3902 3906
3 3911 3907 3906
3 3911 3906 3910
3 3915 3911 3910
3 3915 3910 3914
3 3919 3915 3914
3 3919 3914 3918
3 3923 3919 3918
3 3923 3918 3922
3 3927 3923 3922
3 3927 3922 3926
3 3931 3927 3926
3 3931 3926 3930
3 3935 3931 3930
3 3935 3930 3934
3 3939 3935 3934
3 3939 3934 3938
3 3943 3939 3938
3 3943 3938 3942
3 3947 3943 3942
3 3947 3942 3946
3 3953 3947 3946
3 3953 3946 3952
3 3957 3953 3952
3 3957 3952 3956
3 3961 3957 3956
3 3961 3956 3960
3 3965 3961 3960
3 3965 3960 3964
3 3969 3965 3964
3 3969 3964 3968
3 3975 3969 3968
3 3975 3968 3974
3 3979 3975 3974
3 3979 3974 3978
3 3983 3979 3978
3 3983 3978 3982
3 3987 3983 3982
3 3987 3982 3986
3 3991 3987 3986
3 3991 3986 3990
3 3997 3991 3990
3 3997 3990 3996
3 4001 3997 3996
3 4001 3996 4000
3 4005 4001 4000
3 4005 4000 4004
3 4003 4005 4001
3 3999 4003 4001
3 3993 3999 4001
3 3989 3993 4001
3 3985 3989 4001
3 3981 3985 4001
3 3977 3981 4001
3 3971 3977 4001
3 3967 3971 4001
3 3963 3967 4001
3 3959 3963 4001
3 3955 3959 4001
3 3949 3955 4001
3 3945 3949 4001
3 3941 3945 4001
3 3937 3941 4001
3 3933 3937 4001
3 3929 3933 4001
3 3925 3929 4001
3 3921 3925 4001
3 3917 3921 4001
3 3913 3917 4001
3 3909 3913 4001
3 3905 3909 4001
3 3899 3905 4001
3 3895 3899 4001
3 3889 3895 4001
3 3885 3889 4001
3 3881 3885 4001
3 3875 3881 4001
3 3871 3875 4001
3 3867 3871 4001
3 3863 3867 4001
3 3859 3863 4001
3 3855 3859 4001
3 3851 3855 4001
3 3853 3851 4001
3 3857 3853 4001
3 3861 3857 4001
3 3865 3861 4001
3 3869 3865 4001
3 3873 3869 4001
3 3879 3873 4001
3 3883 3879 4001
3 3887 3883 4001
3 3893 3887 4001
3 3897 3893 4001
3 3903 3897 4001
3 3907 3903 4001
3 3911 3907 4001
3 3915 3911 4001
3 3919 3915 4001
3 3923 3919 4001
3 3927 3923 4001
3 3931 3927 4001
3 3935 3931 4001
3 3939 3935 4001
3 3943 3939 4001
3 3947 3943 4001
3 3953 3947 4001
3 3957 3953 4001
3 3961 3957 4001
3 3965 3961 4001
3 3969 3965 4001
3 3975 3969 4001
3 3979 3975 4001
3 3983 3979 4001
3 3987 3983 4001
3 3991 3987 4001
3 3997 3991 4001
3 4388 4390 4386
3 4384 4388 4386
3 4380 4384 4386
3 4376 4380 4386
3 4372 4376 4386
3 4368 4372 4386
3 4364 4368 4386
3 4360 4364 4386
3 4356 4360 4386
3 4352 4356 4386
3 4348 4352 4386
3 4344 4348 4386
3 4340 4344 4386
3 4336 4340 4386
3 4330 4336 4386
3 4326 4330 4386
3 4318 4326 4386
3 4314 4318 4386
3 4308 4314 4386
3 4304 4308 4386
3 4300 4304 4386
3 4296 4300 4386
3 4292 4296 4386
3 4288 4292 4386
3 4284 4288 4386
3 4280 4284 4386
3 4276 4280 4386
3 4272 4276 4386
3 4268 4272 4386
3 4264 4268 4386
3 4260 4264 4386
3 4256 4260 4386
3 4252 4256 4386
3 4246 4252 4386
3 4242 4246 4386
3 4238 4242 4386
3 4240 4238 4386
3 4244 4240 4386
3 4250 4244 4386
3 4254 4250 4386
3 4258 4254 4386
3 4262 4258 4386
3 4266 4262 4386
3 4270 4266 4386
3 4274 4270 4386
3 4278 4274 4386
3 4282 4278 4386
3 4286 4282 4386
3 4290 4286 4386
3 4294 4290 4386
3 4298 4294 4386
3 4302 4298 4386
3 4306 4302 4386
3 4312 4306 4386
3 4316 4312 4386
3 4324 4316 4386
3 4328 4324 4386
3 4334 4328 4386
3 4338 4334 4386
3 4342 4338 4386
3 4346 4342 4386
3 4350 4346 4386
3 4354 4350 4386
3 4358 4354 4386
3 4362 4358 4386
3 4366 4362 4386
3 4370 4366 4386
3 4374 4370 4386
3 4378 4374 4386
3 4382 4378 4386
3 4389 4391 4390
3 4389 4390 4388
3 4385 4389 4388
3 4385 4388 4384
3 4381 4385 4384
3 4381 4384 4380
3 4377 4381 4380
3 4377 4380 4376
3 4373 4377 4376
3 4373 4376 4372
3 4369 4373 4372
3 4369 4372 4368
3 4365 4369 4368
3 4365 4368 4364
3 4361 4365 4364
3 4361 4364 4360
3 4357 4361 4360
3 4357 4360 4356
3 4357 4356 4352
3 4353 4357 4352
3 4353 4352 4348
3 4349 4353 4348
3 4349 4348 4344
3 4345 4349 4344
3 4345 4344 4340
3 4341 4345 4340
3 4341 4340 4336
3 4337 4341 4336
3 4337 4336 4330
3 4331 4337 4330
3 4331 4330 4326
3 4327 4331 4326
3 4327 4326 4318
3 4319 4327 4318
3 4319 4318 4314
3 4315 4319 4314
3 4315 4314 4308
3 4309 4315 4308
3 4309 4308 4304
3 4305 4309 4304
3 4305 4304 4300
3 4301 4305 4300
3 4301 4300 4296
3 4297 4301 4296
3 4297 4296 4292
3 4293 4297 4292
3 4293 4292 4288
3 4289 4293 4288
3 4289 4288 4284
3 4285 4289 4284
3 4285 4284 4280
3 4281 4285 4280
3 4281 4280 4276
3 4277 4281 4276
3 4277 4276 4272
3 4273 4277 4272
3 4273 4272 4268
3 4269 4273 4268
3 4269 4268 4264
3 4265 4269 4264
3 4265 4264 4260
3 4261 4265 4260
3 4261 4260 4256
3 4257 4261 4256
3 4257 4256 4252
3 4253 4257 4252
3 4253 4252 4246
3 4247 4253 4246
3 4247 4246 4242
3 4243 4247 4242
3 4243 4242 4238
3 4239 4243 4238
3 4239 4238 4240
3 4241 4239 4240
3 4241 4240 4244
3 4245 4241 4244
3 4245 4244 4250
3 4251 4245 4250
3 4251 4250 4254
3 4255 4251 4254
3 4255 4254 4258
3 4259 4255 4258
3 4259 4258 4262
3 4263 4259 4262
3 4263 4262 4266
3 4267 4263 4266
3 4267 4266 4270
3 4271 4267 4270
3 4271 4270 4274
3 4275 4271 4274
3 4279 4275 4274
3 4279 4274 4278
3 4283 4279 4278
3 4283 4278 4282
3 4287 4283 4282
3 4287 4282 4286
3 4291 4287 4286
3 4291 4286 4290
3 4295 4291 4290
3 4295 4290 4294
3 4299 4295 4294
3 4299 4294 4298
3 4303 4299 4298
3 4303 4298 4302
3 4307 4303 4302
3 4307 4302 4306
3 4313 4307 4306
3 4313 4306 4312
3 4317 4313 4312
3 4317 4312 4316
3 4325 4317 4316
3 4325 4316 4324
3 4329 4325 4324
3 4329 4324 4328
3 4335 4329 4328
3 4335 4328 4334
3 4339 4335 4334
3 4339 4334 4338
3 4343 4339 4338
3 4343 4338 4342
3 4347 4343 4342
3 4347 4342 4346
3 4351 4347 4346
3 4351 4346 4350
3 4355 4351 4350
3 4355 4350 4354
3 4359 4355 4354
3 4359 4354 4358
3 4363 4359 4358
3 4363 4358 4362
3 4367 4363 4362
3 4367 4362 4366
3 4371 4367 4366
3 4371 4366 4370
3 4375 4371 4370
3 4375 4370 4374
3 4379 4375 4374
3 4379 4374 4378
3 4383 4379 4378
3 4383 4378 4382
3 4387 4383 4382
3 4387 4382 4386
3 4391 4387 4386
3 4391 4386 4390
3 4389 4391 4387
3 4385 4389 4387
3 4381 4385 4387
3 4377 4381 4387
3 4373 4377 4387
3 4369 4373 4387
3 4365 4369 4387
3 4361 4365 4387
3 4357 4361 4387
3 4353 4357 4387
3 4349 4353 4387
3 4345 4349 4387
3 4341 4345 4387
3 4337 4341 4387
3 4331 4337 4387
3 4327 4331 4387
3 4319 4327 4387
3 4315 4319 4387
3 4309 4315 4387
3 4305 4309 4387
3 4301 4305 4387
3 4297 4301 4387
3 4293 4297 4387
3 4289 4293 4387
3 4285 4289 4387
3 4281 4285 4387
3 4277 4281 4387
3 4273 4277 4387
3 4269 4273 4387
3 4265 4269 4387
3 4261 4265 4387
3 4257 4261 4387
3 4253 4257 4387
3 4247 4253 4387
3 4243 4247 4387
3 4239 4243 4387
3 4241 4239 4387
3 4245 4241 4387
3 4251 4245 4387
3 4255 4251 4387
3 4259 4255 4387
3 4263 4259 4387
3 4267 4263 4387
3 4271 4267 4387
3 4275 4271 4387
3 4279 4275 4387
3 4283 4279 4387
3 4287 4283 4387
3 4291 4287 4387
3 4295 4291 4387
3 4299 4295 4387
3 4303 4299 4387
3 4307 4303 4387
3 4313 4307 4387
3 4317 4313 4387
3 4325 4317 4387
3 4329 4325 4387
3 4335 4329 4387
3 4339 4335 4387
3 4343 4339 4387
3 4347 4343 4387
3 4351 4347 4387
3 4355 4351 4387
3 4359 4355 4387
3 4363 4359 4387
3 4367 4363 4387
3 4371 4367 4387
3 4375 4371 4387
3 4379 4375 4387
3 4383 4379 4387
3 4542 4544 4540
3 4538 4542 4540
3 4534 4538 4540
3 4530 4534 4540
3 4526 4530 4540
3 4522 4526 4540
3 4518 4522 4540
3 4514 4518 4540
3 4510 4514 4540
3 4504 4510 4540
3 4500 4504 4540
3 4496 4500 4540
3 4492 4496 4540
3 4488 4492 4540
3 4484 4488 4540
3 4480 4484 4540
3 4476 4480 4540
3 4472 4476 4540
3 4468 4472 4540
3 4464 4468 4540
3 4460 4464 4540
3 4456 4460 4540
3 4452 4456 4540
3 4448 4452 4540
3 4444 4448 4540
3 4440 4444 4540
3 4436 4440 4540
3 4432 4436 4540
3 4428 4432 4540
3 4424 4428 4540
3 4420 4424 4540
3 4416 4420 4540
3 4412 4416 4540
3 4408 4412 4540
3 4404 4408 4540
3 4400 4404 4540
3 4402 4400 4540
3 4406 4402 4540
3 4410 4406 4540
3 4414 4410 4540
3 4418 4414 4540
3 4422 4418 4540
3 4426 4422 4540
3 4430 4426 4540
3 4434 4430 4540
3 4438 4434 4540
3 4442 4438 4540
3 4446 4442 4540
3 4450 4446 4540
3 4454 4450 4540
3 4458 4454 4540
3 4462 4458 4540
3 4466 4462 4540
3 4470 4466 4540
3 4474 4470 4540
3 4478 4474 4540
3 4482 4478 4540
3 4486 4482 4540
3 4490 4486 4540
3 4494 4490 4540
3 4498 4494 4540
3 4502 4498 4540
3 4508 4502 4540
3 4512 4508 4540
3 4516 4512 4540
3 4520 4516 4540
3 4524 4520 4540
3 4528 4524 4540
3 4532 4528 4540
3 4536 4532 4540
3 4543 4545 4544
3 4543 4544 4542
3 4539 4543 4542
3 4539 4542 4538
3 4535 4539 4538
3 4535 4538 4534
3 4531 4535 4534
3 4531 4534 4530
3 4527 4531 4530
3 4527 4530 4526
3 4523 4527 4526
3 4523 4526 4522
3 4519 4523 4522
3 4519 4522 4518
3 4515 4519 4518
3 4515 4518 4514
3 4511 4515 4514
3 4511 4514 4510
3 4511 4510 4504
3 4505 4511 4504
3 4505 4504 4500
3 4501 4505 4500
3 4501 4500 4496
3 4497 4501 4496
3 4497 4496 4492
3 4493 4497 4492
3 4493 4492 4488
3 4489 4493 4488
3 4489 4488 4484
3 4485 4489 4484
3 4485 4484 4480
3 4481 4485 4480
3 4481 4480 4476
3 4477 4481 4476
3 4477 4476 4472
3 4473 4477 4472
3 4473 4472 4468
3 4469 4473 4468
3 4469 4468 4464
3 4465 4469 4464
3 4465 4464 4460
3 4461 4465 4460
3 4461 4460 4456
3 4457 4461 4456
3 4457 4456 4452
3 4453 4457 4452
3 4453 4452 4448
3 4449 4453 4448
3 4449 4448 4444
3 4445 4449 4444
3 4445 4444 4440
3 4441 4445 4440
3 4441 4440 4436
3 4437 4441 4436
3 4437 4436 4432
3 4433 4437 4432
3 4433 4432 4428
3 4429 4433 4428
3 4429 4428 4424
3 4425 4429 4424
3 4425 4424 4420
3 4421 4425 4420
3 4421 4420 4416
3 4417 4421 4416
3 4417 4416 4412
3 4413 4417 4412
3 4413 4412 4408
3 4409 4413 4408
3 4409 4408 4404
3 4405 4409 4404
3 4405 4404 4400
3 4401 4405 4400
3 4401 4400 4402
3 4403 4401 4402
3 4403 4402 4406
3 4407 4403 4406
3 4407 4406 4410
3 4411 4407 4410
3 4411 4410 4414
3 4415 4411 4414
3 4415 4414 4418
3 4419 4415 4418
3 4419 4418 4422
3 4423 4419 4422
3 4423 4422 4426
3 4427 4423 4426
3 4427 4426 4430
3 4431 4427 4430
3 4431 4430 4434
3 4435 4431 4434
3 4439 4435 4434
3 4439 4434 4438
3 4443 4439 4438
3 4443 4438 4442
3 4447 4443 4442
3 4447 4442 4446
3 4451 4447 4446
3 4451 4446 4450
3 4455 4451 4450
3 4455 4450 4454
3 4459 4455 4454
3 4459 4454 4458
3 4463 4459 4458
3 4463 4458 4462
3 4467 4463 4462
3 4467 4462 4466
3 4471 4467 4466
3 4471 4466 4470
3 4475 4471 4470
3 4475 4470 4474
3 4479 4475 4474
3 4479 4474 4478
3 4483 4479 4478
3 4483 4478 4482
3 4487 4483 4482
3 4487 4482 4486
3 4491 4487 4486
3 4491 4486 4490
3 4495 4491 4490
3 4495 4490 4494
3 4499 4495 4494
3 4499 4494 4498
3 4503 4499 4498
3 4503 4498 4502
3 4509 4503 4502
3 4509 4502 4508
3 4513 4509 4508
3 4513 4508 4512
3 4517 4513 4512
3 4517 4512 4516
3 4521 4517 4516
3 4521 4516 4520
3 4525 4521 4520
3 4525 4520 4524
3 4529 4525 4524
3 4529 4524 4528
3 4533 4529 4528
3 4533 4528 4532
3 4537 4533 4532
3 4537 4532 4536
3 4541 4537 4536
3 4541 4536 4540
3 4545 4541 4540
3 4545 4540 4544
3 4543 4545 4541
3 4539 4543 4541
3 4535 4539 4541
3 4531 4535 4541
3 4527 4531 4541
3 4523 4527 4541
3 4519 4523 4541
3 4515 4519 4541
3 4511 4515 4541
3 4505 4511 4541
3 4501 4505 4541
3 4497 4501 4541
3 4493 4497 4541
3 4489 4493 4541
3 4485 4489 4541
3 4481 4485 4541
3 4477 4481 4541
3 4473 4477 4541
3 4469 4473 4541
3 4465 4469 4541
3 4461 4465 4541
3 4457 4461 4541
3 4453 4457 4541
3 4449 4453 4541
3 4445 4449 4541
3 4441 4445 4541
3 4437 4441 4541
3 4433 4437 4541
3 4429 4433 4541
3 4425 4429 4541
3 4421 4425 4541
3 4417 4421 4541
3 4413 4417 4541
3 4409 4413 4541
3 4405 4409 4541
3 4401 4405 4541
3 4403 4401 4541
3 4407 4403 4541
3 4411 4407 4541
3 4415 4411 4541
3 4419 4415 4541
3 4423 4419 4541
3 4427 4423 4541
3 4431 4427 4541
3 4435 4431 4541
3 4439 4435 4541
3 4443 4439 4541
3 4447 4443 4541
3 4451 4447 4541
3 4455 4451 4541
3 4459 4455 4541
3 4463 4459 4541
3 4467 4463 4541
3 4471 4467 4541
3 4475 4471 4541
3 4479 4475 4541
3 4483 4479 4541
3 4487 4483 4541
3 4491 4487 4541
3 4495 4491 4541
3 4499 4495 4541
3 4503 4499 4541
3 4509 4503 4541
3 4513 4509 4541
3 4517 4513 4541
3 4521 4517 4541
3 4525 4521 4541
3 4529 4525 4541
3 4533 4529 4541
3 4537 4533 4541
3 4711 4713 4709
3 4707 4711 4709
3 4703 4707 4709
3 4699 4703 4709
3 4695 4699 4709
3 4691 4695 4709
3 4687 4691 4709
3 4683 4687 4709
3 4677 4683 4709
3 4673 4677 4709
3 4669 4673 4709
3 4665 4669 4709
3 4661 4665 4709
3 4656 4661 4709
3 4652 4656 4709
3 4648 4652 4709
3 4644 4648 4709
3 4638 4644 4709
3 4634 4638 4709
3 4630 4634 4709
3 4626 4630 4709
3 4622 4626 4709
3 4616 4622 4709
3 4614 4616 4709
3 4610 4614 4709
3 4606 4610 4709
3 4602 4606 4709
3 4596 4602 4709
3 4592 4596 4709
3 4588 4592 4709
3 4584 4588 4709
3 4580 4584 4709
3 4576 4580 4709
3 4572 4576 4709
3 4568 4572 4709
3 4564 4568 4709
3 4566 4564 4709
3 4570 4566 4709
3 4574 4570 4709
3 4578 4574 4709
3 4582 4578 4709
3 4586 4582 4709
3 4590 4586 4709
3 4594 4590 4709
3 4600 4594 4709
3 4604 4600 4709
3 4608 4604 4709
3 4612 4608 4709
3 4618 4612 4709
3 4620 4618 4709
3 4624 4620 4709
3 4628 4624 4709
3 4632 4628 4709
3 4636 4632 4709
3 4642 4636 4709
3 4646 4642 4709
3 4650 4646 4709
3 4654 4650 4709
3 4659 4654 4709
3 4663 4659 4709
3 4667 4663 4709
3 4671 4667 4709
3 4675 4671 4709
3 4681 4675 4709
3 4685 4681 4709
3 4689 4685 4709
3 4693 4689 4709
3 4697 4693 4709
3 4701 4697 4709
3 4705 4701 4709
3 4712 4714 4713
3 4712 4713 4711
3 4708 4712 4711
3 4708 4711 4707
3 4704 4708 4707
3 4704 4707 4703
3 4700 4704 4703
3 4700 4703 4699
3 4696 4700 4699
3 4696 4699 4695
3 4692 4696 4695
3 4692 4695 4691
3 4688 4692 4691
3 4688 4691 4687
3 4684 4688 4687
3 4684 4687 4683
3 4678 4684 4683
3 4678 4683 4677
3 4678 4677 4673
3 4674 4678 4673
3 4674 4673 4669
3 4670 4674 4669
3 4670 4669 4665
3 4666 4670 4665
3 4666 4665 4661
3 4662 4666 4661
3 4662 4661 4656
3 4657 4662 4656
3 4657 4656 4652
3 4653 4657 4652
3 4653 4652 4648
3 4649 4653 4648
3 4649 4648 4644
3 4645 4649 4644
3 4645 4644 4638
3 4639 4645 4638
3 4639 4638 4634
3 4635 4639 4634
3 4635 4634 4630
3 4631 4635 4630
3 4631 4630 4626
3 4627 4631 4626
3 4627 4626 4622
3 4623 4627 4622
3 4623 4622 4616
3 4617 4623 4616
3 4617 4616 4614
3 4615 4617 4614
3 4615 4614 4610
3 4611 4615 4610
3 4611 4610 4606
3 4607 4611 4606
3 4607 4606 4602
3 4603 4607 4602
3 4603 4602 4596
3 4597 4603 4596
3 4597 4596 4592
3 4593 4597 4592
3 4593 4592 4588
3 4589 4593 4588
3 4589 4588 4584
3 4585 4589 4584
3 4585 4584 4580
3 4581 4585 4580
3 4581 4580 4576
3 4577 4581 4576
3 4577 4576 4572
3 4573 4577 4572
3 4573 4572 4568
3 4569 4573 4568
3 4569 4568 4564
3 4565 4569 4564
3 4565 4564 4566
3 4567 4565 4566
3 4567 4566 4570
3 4571 4567 4570
3 4571 4570 4574
3 4575 4571 4574
3 4575 4574 4578
3 4579 4575 4578
3 4579 4578 4582
3 4583 4579 4582
3 4583 4582 4586
3 4587 4583 4586
3 4587 4586 4590
3 4591 4587 4590
3 4591 4590 4594
3 4595 4591 4594
3 4595 4594 4600
3 4601 4595 4600
3 4605 4601 4600
3 4605 4600 4604
3 4609 4605 4604
3 4609 4604 4608
3 4613 4609 4608
3 4613 4608 4612
3 4619 4613 4612
3 4619 4612 4618
3 4621 4619 4618
3 4621 4618 4620
3 4625 4621 4620
3 4625 4620 4624
3 4629 4625 4624
3 4629 4624 4628
3 4633 4629 4628
3 4633 4628 4632
3 4637 4633 4632
3 4637 4632 4636
3 4643 4637 4636
3 4643 4636 4642
3 4647 4643 4642
3 4647 4642 4646
3 4651 4647 4646
3 4651 4646 4650
3 4655 4651 4650
3 4655 4650 4654
3 4660 4655 4654
3 4660 4654 4659
3 4664 4660 4659
3 4664 4659 4663
3 4668 4664 4663
3 4668 4663 4667
3 4672 4668 4667
3 4672 4667 4671
3 4676 4672 4671
3 4676 4671 4675
3 4682 4676 4675
3 4682 4675 4681
3 4686 4682 4681
3 4686 4681 4685
3 4690 4686 4685
3 4690 4685 4689
3 4694 4690 4689
3 4694 4689 4693
3 4698 4694 4693
3 4698 4693 4697
3 4702 4698 4697
3 4702 4697 4701
3 4706 4702 4701
3 4706 4701 4705
3 4710 4706 4705
3 4710 4705 4709
3 4714 4710 4709
3 4714 4709 4713
3 4712 4714 4710
3 4708 4712 4710
3 4704 4708 4710
3 4700 4704 4710
3 4696 4700 4710
3 4692 4696 4710
3 4688 4692 4710
3 4684 4688 4710
3 4678 4684 4710
3 4674 4678 4710
3 4670 4674 4710
3 4666 4670 4710
3 4662 4666 4710
3 4657 4662 4710
3 4653 4657 4710
3 4649 4653 4710
3 4645 4649 4710
3 4639 4645 4710
3 4635 4639 4710
3 4631 4635 4710
3 4627 4631 4710
3 4623 4627 4710
3 4617 4623 4710
3 4615 4617 4710
3 4611 4615 4710
3 4607 4611 4710
3 4603 4607 4710
3 4597 4603 4710
3 4593 4597 4710
3 4589 4593 4710
3 4585 4589 4710
3 4581 4585 4710
3 4577 4581 4710
3 4573 4577 4710
3 4569 4573 4710
3 4565 4569 4710
3 4567 4565 4710
3 4571 4567 4710
3 4575 4571 4710
3 4579 4575 4710
3 4583 4579 4710
3 4587 4583 4710
3 4591 4587 4710
3 4595 4591 4710
3 4601 4595 4710
3 4605 4601 4710
3 4609 4605 4710
3 4613 4609 4710
3 4619 4613 4710
3 4621 4619 4710
3 4625 4621 4710
3 4629 4625 4710
3 4633 4629 4710
3 4637 4633 4710
3 4643 4637 4710
3 4647 4643 4710
3 4651 4647 4710
3 4655 4651 4710
3 4660 4655 4710
3 4664 4660 4710
3 4668 4664 4710
3 4672 4668 4710
3 4676 4672 4710
3 4682 4676 4710
3 4686 4682 4710
3 4690 4686 4710
3 4694 4690 4710
3 4698 4694 4710
3 4702 4698 4710
3 4706 4702 4710
3 4878 4880 4876
3 4874 4878 4876
3 4870 4874 4876
3 4866 4870 4876
3 4862 4866 4876
3 4858 4862 4876
3 4854 4858 4876
3 4850 4854 4876
3 4846 4850 4876
3 4842 4846 4876
3 4838 4842 4876
3 4834 4838 4876
3 4828 4834 4876
3 4824 4828 4876
3 4820 4824 4876
3 4816 4820 4876
3 4812 4816 4876
3 4808 4812 4876
3 4804 4808 4876
3 4800 4804 4876
3 4796 4800 4876
3 4792 4796 4876
3 4788 4792 4876
3 4784 4788 4876
3 4780 4784 4876
3 4776 4780 4876
3 4772 4776 4876
3 4768 4772 4876
3 4764 4768 4876
3 4760 4764 4876
3 4756 4760 4876
3 4752 4756 4876
3 4748 4752 4876
3 4744 4748 4876
3 4740 4744 4876
3 4736 4740 4876
3 4738 4736 4876
3 4742 4738 4876
3 4746 4742 4876
3 4750 4746 4876
3 4754 4750 4876
3 4758 4754 4876
3 4762 4758 4876
3 4766 4762 4876
3 4770 4766 4876
3 4774 4770 4876
3 4778 4774 4876
3 4782 4778 4876
3 4786 4782 4876
3 4790 4786 4876
3 4794 4790 4876
3 4798 4794 4876
3 4802 4798 4876
3 4806 4802 4876
3 4810 4806 4876
3 4814 4810 4876
3 4818 4814 4876
3 4822 4818 4876
3 4826 4822 4876
3 4832 4826 4876
3 4836 4832 4876
3 4840 4836 4876
3 4844 4840 4876
3 4848 4844 4876
3 4852 4848 4876
3 4856 4852 4876
3 4860 4856 4876
3 4864 4860 4876
3 4868 4864 4876
3 4872 4868 4876
3 4879 4881 4880
3 4879 4880 4878
3 4875 4879 4878
3 4875 4878 4874
3 4871 4875 4874
3 4871 4874 4870
3 4867 4871 4870
3 4867 4870 4866
3 4863 4867 4866
3 4863 4866 4862
3 4859 4863 4862
3 4859 4862 4858
3 4855 4859 4858
3 4855 4858 4854
3 4851 4855 4854
3 4851 4854 4850
3 4847 4851 4850
3 4847 4850 4846
3 4847 4846 4842
3 4843 4847 4842
3 4843 4842 4838
3 4839 4843 4838
3 4839 4838 4834
3 4835 4839 4834
3 4835 4834 4828
3 4829 4835 4828
3 4829 4828 4824
3 4825 4829 4824
3 4825 4824 4820
3 4821 4825 4820
3 4821 4820 4816
3 4817 4821 4816
3 4817 4816 4812
3 4813 4817 4812
3 4813 4812 4808
3 4809 4813 4808
3 4809 4808 4804
3 4805 4809 4804
3 4805 4804 4800
3 4801 4805 4800
3 4801 4800 4796
3 4797 4801 4796
3 4797 4796 4792
3 4793 4797 4792
3 4793 4792 4788
3 4789 4793 4788
3 4789 4788 4784
3 4785 4789 4784
3 4785 4784 4780
3 4781 4785 4780
3 4781 4780 4776
3 4777 4781 4776
3 4777 4776 4772
3 4773 4777 4772
3 4773 4772 4768
3 4769 4773 4768
3 4769 4768 4764
3 4765 4769 4764
3 4765 4764 4760
3 4761 4765 4760
3 4761 4760 4756
3 4757 4761 4756
3 4757 4756 4752
3 4753 4757 4752
3 4753 4752 4748
3 4749 4753 4748
3 4749 4748 4744
3 4745 4749 4744
3 4745 4744 4740
3 4741 4745 4740
3 4741 4740 4736
3 4737 4741 4736
3 4737 4736 4738
3 4739 4737 4738
3 4739 4738 4742
3 4743 4739 4742
3 4743 4742 4746
3 4747 4743 4746
3 4747 4746 4750
3 4751 4747 4750
3 4751 4750 4754
3 4755 4751 4754
3 4755 4754 4758
3 4759 4755 4758
3 4759 4758 4762
3 4763 4759 4762
3 4763 4762 4766
3 4767 4763 4766
3 4767 4766 4770
3 4771 4767 4770
3 4775 4771 4770
3 4775 4770 4774
3 4779 4775 4774
3 4779 4774 4778
3 4783 4779 4778
3 4783 4778 4782
3 4787 4783 4782
3 4787 4782 4786
3 4791 4787 4786
3 4791 4786 4790
3 4795 4791 4790
3 4795 4790 4794
3 4799 4795 4794
3 4799 4794 4798
3 4803 4799 4798
3 4803 4798 4802
3 4807 4803 4802
3 4807 4802 4806
3 4811 4807 4806
3 4811 4806 4810
3 4815 4811 4810
3 4815 4810 4814
3 4819 4815 4814
3 4819 4814 4818
3 4823 4819 4818
3 4823 4818 4822
3 4827 4823 4822
3 4827 4822 4826
3 4833 4827 4826
3 4833 4826 4832
3 4837 4833 4832
3 4837 4832 4836
3 4841 4837 4836
3 4841 4836 4840
3 4845 4841 4840
3 4845 4840 4844
3 4849 4845 4844
3 4849 4844 4848
3 4853 4849 4848
3 4853 4848 4852
3 4857 4853 4852
3 4857 4852 4856
3 4861 4857 4856
3 4861 4856 4860
3 4865 4861 4860
3 4865 4860 4864
3 4869 4865 4864
3 4869 4864 4868
3 4873 4869 4868
3 4873 4868 4872
3 4877 4873 4872
3 4877 4872 4876
3 4881 4877 4876
3 4881 4876 4880
3 4879 4881 4877
3 4875 4879 4877
3 4871 4875 4877
3 4867 4871 4877
3 4863 4867 4877
3 4859 4863 4877
3 4855 4859 4877
3 4851 4855 4877
3 4847 4851 4877
3 4843 4847 4877
3 4839 4843 4877
3 4835 4839 4877
3 4829 4835 4877
3 4825 4829 4877
3 4821 4825 4877
3 4817 4821 4877
3 4813 4817 4877
3 4809 4813 4877
3 4805 4809 4877
3 4801 4805 4877
3 4797 4801 4877
3 4793 4797 4877
3 4789 4793 4877
3 4785 4789 4877
3 4781 4785 4877
3 4777 4781 4877
3 4773 4777 4877
3 4769 4773 4877
3 4765 4769 4877
3 4761 4765 4877
3 4757 4761 4877
3 4753 4757 4877
3 4749 4753 4877
3 4745 4749 4877
3 4741 4745 4877
3 4737 4741 4877
3 4739 4737 4877
3 4743 4739 4877
3 4747 4743 4877
3 4751 4747 4877
3 4755 4751 4877
3 4759 4755 4877
3 4763 4759 4877
3 4767 4763 4877
3 4771 4767 4877
3 4775 4771 4877
3 4779 4775 4877
3 4783 4779 4877
3 4787 4783 4877
3 4791 4787 4877
3 4795 4791 4877
3 4799 4795 4877
3 4803 4799 4877
3 4807 4803 4877
3 4811 4807 4877
3 4815 4811 4877
3 4819 4815 4877
3 4823 4819 4877
3 4827 4823 4877
3 4833 4827 4877
3 4837 4833 4877
3 4841 4837 4877
3 4845 4841 4877
3 4849 4845 4877
3 4853 4849 4877
3 4857 4853 4877
3 4861 4857 4877
3 4865 4861 4877
3 4869 4865 4877
3 4873 4869 4877
3 5028 5030 5026
3 5024 5028 5026
3 5020 5024 5026
3 5016 5020 5026
3 5012 5016 5026
3 5008 5012 5026
3 5004 5008 5026
3 4998 5004 5026
3 4994 4998 5026
3 4990 4994 5026
3 4986 4990 5026
3 4982 4986 5026
3 4978 4982 5026
3 4974 4978 5026
3 4970 4974 5026
3 4966 4970 5026
3 4962 4966 5026
3 4958 4962 5026
3 4954 4958 5026
3 4950 4954 5026
3 4946 4950 5026
3 4942 4946 5026
3 4938 4942 5026
3 4934 4938 5026
3 4930 4934 5026
3 4926 4930 5026
3 4922 4926 5026
3 4918 4922 5026
3 4914 4918 5026
3 4910 4914 5026
3 4906 4910 5026
3 4902 4906 5026
3 4898 4902 5026
3 4894 4898 5026
3 4890 4894 5026
3 4886 4890 5026
3 4888 4886 5026
3 4892 4888 5026
3 4896 4892 5026
3 4900 4896 5026
3 4904 4900 5026
3 4908 4904 5026
3 4912 4908 5026
3 4916 4912 5026
3 4920 4916 5026
3 4924 4920 5026
3 4928 4924 5026
3 4932 4928 5026
3 4936 4932 5026
3 4940 4936 5026
3 4944 4940 5026
3 4948 4944 5026
3 4952 4948 5026
3 4956 4952 5026
3 4960 4956 5026
3 4964 4960 5026
3 4968 4964 5026
3 4972 4968 5026
3 4976 4972 5026
3 4980 4976 5026
3 4984 4980 5026
3 4988 4984 5026
3 4992 4988 5026
3 4996 4992 5026
3 5002 4996 5026
3 5006 5002 5026
3 5010 5006 5026
3 5014 5010 5026
3 5018 5014 5026
3 5022 5018 5026
3 5029 5031 5030
3 5029 5030 5028
3 5025 5029 5028
3 5025 5028 5024
3 5021 5025 5024
3 5021 5024 5020
3 5017 5021 5020
3 5017 5020 5016
3 5013 5017 5016
3 5013 5016 5012
3 5009 5013 5012
3 5009 5012 5008
3 5005 5009 5008
3 5005 5008 5004
3 4999 5005 5004
3 4999 5004 4998
3 4995 4999 4998
3 4995 4998 4994
3 4995 4994 4990
3 4991 4995 4990
3 4991 4990 4986
3 4987 4991 4986
3 4987 4986 4982
3 4983 4987 4982
3 4983 4982 4978
3 4979 4983 4978
3 4979 4978 4974
3 4975 4979 4974
3 4975 4974 4970
3 4971 4975 4970
3 4971 4970 4966
3 4967 4971 4966
3 4967 4966 4962
3 4963 4967 4962
3 4963 4962 4958
3 4959 4963 4958
3 4959 4958 4954
3 4955 4959 4954
3 4955 4954 4950
3 4951 4955 4950
3 4951 4950 4946
3 4947 4951 4946
3 4947 4946 4942
3 4943 4947 4942
3 4943 4942 4938
3 4939 4943 4938
3 4939 4938 4934
3 4935 4939 4934
3 4935 4934 4930
3 4931 4935 4930
3 4931 4930 4926
3 4927 4931 4926
3 4927 4926 4922
3 4923 4927 4922
3 4923 4922 4918
3 4919 4923 4918
3 4919 4918 4914
3 4915 4919 4914
3 4915 4914 4910
3 4911 4915 4910
3 4911 4910 4906
3 4907 4911 4906
3 4907 4906 4902
3 4903 4907 4902
3 4903 4902 4898
3 4899 4903 4898
3 4899 4898 4894
3 4895 4899 4894
3 4895 4894 4890
3 4891 4895 4890
3 4891 4890 4886
3 4887 4891 4886
3 4887 4886 4888
3 4889 4887 4888
3 4889 4888 4892
3 4893 4889 4892
3 4893 4892 4896
3 4897 4893 4896
3 4897 4896 4900
3 4901 4897 4900
3 4901 4900 4904
3 4905 4901 4904
3 4905 4904 4908
3 4909 4905 4908
3 4909 4908 4912
3 4913 4909 4912
3 4913 4912 4916
3 4917 4913 4916
3 4917 4916 4920
3 4921 4917 4920
3 4925 4921 4920
3 4925 4920 4924
3 4929 4925 4924
3 4929 4924 4928
3 4933 4929 4928
3 4933 4928 4932
3 4937 4933 4932
3 4937 4932 4936
3 4941 4937 4936
3 4941 4936 4940
3 4945 4941 4940
3 4945 4940 4944
3 4949 4945 4944
3 4949 4944 4948
3 4953 4949 4948
3 4953 4948 4952
3 4957 4953 4952
3 4957 4952 4956
3 4961 4957 4956
3 4961 4956 4960
3 4965 4961 4960
3 4965 4960 4964
3 4969 4965 4964
3 4969 4964 4968
3 4973 4969 4968
3 4973 4968 4972
3 4977 4973 4972
3 4977 4972 4976
3 4981 4977 4976
3 4981 4976 4980
3 4985 4981 4980
3 4985 4980 4984
3 4989 4985 4984
3 4989 4984 4988
3 4993 4989 4988
3 4993 4988 4992
3 4997 4993 4992
3 4997 4992 4996
3 5003 4997 4996
3 5003 4996 5002
3 5007 5003 5002
3 5007 5002 5006
3 5011 5007 5006
3 5011 5006 5010
3 5015 5011 5010
3 5015 5010 5014
3 5019 5015 5014
3 5019 5014 5018
3 5023 5019 5018
3 5023 5018 5022
3 5027 5023 5022
3 5027 5022 5026
3 5031 5027 5026
3 5031 5026 5030
3 5029 5031 5027
3 5025 5029 5027
3 5021 5025 5027
3 5017 5021 5027
3 5013 5017 5027
3 5009 5013 5027
3 5005 5009 5027
3 4999 5005 5027
3 4995 4999 5027
3 4991 4995 5027
3 4987 4991 5027
3 4983 4987 5027
3 4979 4983 5027
3 4975 4979 5027
3 4971 4975 5027
3 4967 4971 5027
3 4963 4967 5027
3 4959 4963 5027
3 4955 4959 5027
3 4951 4955 5027
3 4947 4951 5027
3 4943 4947 5027
3 4939 4943 5027
3 4935 4939 5027
3 4931 4935 5027
3 4927 4931 5027
3 4923 4927 5027
3 4919 4923 5027
3 4915 4919 5027
3 4911 4915 5027
3 4907 4911 5027
3 4903 4907 5027
3 4899 4903 5027
3 4895 4899 5027
3 4891 4895 5027
3 4887 4891 5027
3 4889 4887 5027
3 4893 4889 5027
3 4897 4893 5027
3 4901 4897 5027
3 4905 4901 5027
3 4909 4905 5027
3 4913 4909 5027
3 4917 4913 5027
3 4921 4917 5027
3 4925 4921 5027
3 4929 4925 5027
3 4933 4929 5027
3 4937 4933 5027
3 4941 4937 5027
3 4945 4941 5027
3 4949 4945 5027
3 4953 4949 5027
3 4957 4953 5027
3 4961 4957 5027
3 4965 4961 5027
3 4969 4965 5027
3 4973 4969 5027
3 4977 4973 5027
3 4981 4977 5027
3 4985 4981 5027
3 4989 4985 5027
3 4993 4989 5027
3 4997 4993 5027
3 5003 4997 5027
3 5007 5003 5027
3 5011 5007 5027
3 5015 5011 5027
3 5019 5015 5027
3 5023 5019 5027
3 4006 5034 4679
3 3950 3900 4006
3 4092 3549 3950
3 4506 4547 4092
3 4006 4679 4640
3 3950 4006 4640
3 4506 4092 3950
3 4640 4506 3950
3 4007 5035 5034
3 4007 5034 4006
3 4007 4006 3900
3 3901 4007 3900
3 3901 3900 3950
3 3951 3901 3950
3 3951 3950 3549
3 3550 3951 3549
3 3550 3549 4092
3 4093 3550 4092
3 4550 4093 4092
3 4550 4092 4547
3 4507 4550 4547
3 4507 4547 4506
3 4641 4507 4506
3 4641 4506 4640
3 4641 4640 4679
3 4680 4641 4679
3 5035 4680 4679
3 5035 4679 5034
3 4007 5035 4680
3 3951 3901 4007
3 4093 3550 3951
3 4507 4550 4093
3 4007 4680 4641
3 3951 4007 4641
3 4507 4093 3951
3 4641 4507 3951
3 4009 5033 5001
3 4007 4009 5001
3 4727 4552 4556
3 4733 4727 4556
3 4553 4728 4729
3 4554 4553 4729
3 4029 4394 4320
3 4014 4029 4320
3 4032 4397 4323
3 4017 4032 4323
3 4018 4332 4333
3 4019 4018 4333
3 5032 5033 4009
3 4008 5032 4009
3 4555 4732 4733
3 4556 4555 4733
3 4008 4009 5033
3 4008 5033 5032
3 4556 4733 4732
3 4556 4732 4555
3 4009 5033 5001
3 4007 4009 5001
3 4007 4009 4008
3 4006 4007 4008
3 4006 4008 5032
3 5000 4006 5032
3 5001 5000 5032
3 5001 5032 5033
3 4555 4732 4726
3 4551 4555 4726
3 4552 4551 4555
3 4552 4555 4556
3 4552 4556 4733
3 4727 4552 4733
3 4727 4733 4732
3 4726 4727 4732
3 5000 5001 4007
3 4006 5000 4007
3 4551 4726 4727
3 4552 4551 4727
3 4394 4320 4310
3 4392 4394 4310
3 4397 4323 4320
3 4397 4320 4394
3 4393 4397 4394
3 4393 4394 4392
3 4393 4392 4310
3 4311 4393 4310
3 4311 4310 4320
3 4323 4311 4320
3 4397 4323 4311
3 4393 4397 4311
3 4248 4234 4232
3 4236 4248 4232
3 4249 4235 4234
3 4249 4234 4248
3 4237 4249 4248
3 4237 4248 4236
3 4237 4236 4232
3 4233 4237 4232
3 4233 4232 4234
3 4235 4233 4234
3 4249 4235 4233
3 4237 4249 4233
3 4230 4149 4139
3 4228 4230 4139
3 4231 4150 4149
3 4231 4149 4230
3 4229 4231 4230
3 4229 4230 4228
3 4229 4228 4139
3 4140 4229 4139
3 4140 4139 4149
3 4150 4140 4149
3 4231 4150 4140
3 4229 4231 4140
3 4032 4397 4323
3 4017 4032 4323
3 4322 4396 4397
3 4322 4397 4323
3 4322 4323 4017
3 4016 4322 4017
3 4016 4017 4032
3 4031 4016 4032
3 4396 4031 4032
3 4396 4032 4397
3 4031 4396 4322
3 4016 4031 4322
3 4029 4394 4320
3 4014 4029 4320
3 4030 4395 4394
3 4030 4394 4029
3 4030 4029 4014
3 4015 4030 4014
3 4015 4014 4320
3 4321 4015 4320
3 4395 4321 4320
3 4395 4320 4394
3 4030 4395 4321
3 4015 4030 4321
3 4724 4598 4830
3 4884 4724 4830
3 4599 4598 4724
3 4725 4599 4724
3 4885 4725 4724
3 4885 4724 4884
3 4831 4885 4884
3 4831 4884 4830
3 4831 4830 4598
3 4599 4831 4598
3 4725 4599 4831
3 4885 4725 4831
3 4730 4562 5037
3 5041 4730 5037
3 4563 4562 4730
3 4731 4563 4730
3 5042 4731 4730
3 5042 4730 5041
3 5038 5042 5041
3 5038 5041 5037
3 5038 5037 4562
3 4563 5038 4562
3 4731 4563 5038
3 5042 4731 5038
3 2828 2752 4546
3 4721 2828 4546
3 2754 2752 2828
3 2830 2754 2828
3 4723 2830 2828
3 4723 2828 4721
3 4549 4723 4721
3 4549 4721 4546
3 4549 4546 2752
3 2754 4549 2752
3 2830 2754 4549
3 4723 2830 4549
3 30 21 23
3 32 30 23
3 733 711 695
3 731 733 695
3 525 445 429
3 523 525 429
3 222 205 189
3 220 222 189
3 16 8 6
3 14 16 6
3 937 915 899
3 935 937 899
3 1326 1237 1218
3 1324 1326 1218
3 1854 1584 1568
3 1852 1854 1568
3 3796 3775 3772
3 3794 3796 3772
3 3738 3782 4217
3 4093 3738 4217
3 4092 2494 2238
3 3737 4092 2238
3 3401 3737 2238
3 3372 3401 2238
3 3382 3391 3372
3 3117 3382 3372
3 3147 3122 3117
3 1846 3047 3076
3 1854 1846 3076
3 1584 1854 3076
3 1322 1522 1584
3 1326 1322 1584
3 931 1178 1237
3 937 931 1237
3 727 861 915
3 733 727 915
3 513 657 711
3 525 513 711
3 445 525 711
3 218 391 445
3 222 218 445
3 205 222 445
3 12 151 205
3 16 12 205
3 8 16 205
3 0 4 8
3 19 0 8
3 24 19 8
3 33 24 8
3 37 28 33
3 211 37 33
3 106 211 33
3 2238 106 33
3 3147 3117 3372
3 3157 3147 3372
3 1326 1584 3076
3 1237 1326 3076
3 937 1237 3076
3 915 937 3076
3 733 915 3076
3 711 733 3076
3 445 711 3076
3 205 445 3076
3 8 205 3076
3 33 8 3076
3 2238 33 3076
3 3157 3372 2238
3 3076 3157 2238
3 2821 2798 3046
3 18 2 2821
3 23 18 2821
3 32 23 2821
3 36 27 32
3 210 36 32
3 105 210 32
3 2237 105 32
3 4091 2493 2237
3 3736 4091 2237
3 3400 3736 2237
3 3371 3400 2237
3 3381 3390 3371
3 3116 3381 3371
3 3146 3121 3116
3 2821 3046 3075
3 32 2821 3075
3 2237 32 3075
3 3146 3116 3371
3 3156 3146 3371
3 2237 3075 3156
3 3371 2237 3156
3 3174 3178 3172
3 3170 3174 3172
3 3093 3102 3085
3 3079 3093 3085
3 2953 2967 2901
3 2837 2953 2901
3 3210 3217 3208
3 3206 3210 3208
3 3329 3350 3327
3 3317 3329 3327
3 3523 3543 3521
3 3491 3523 3521
3 3594 3655 3592
3 3590 3594 3592
3 2838 3595 3648
3 2893 2838 3648
3 2479 1595 1612
3 3157 3076 3047
3 3147 3157 3047
3 3122 3147 3047
3 3117 3122 3047
3 3401 3372 3391
3 3726 3401 3391
3 3512 3726 3391
3 3366 3512 3391
3 1640 2955 2973
3 2479 1612 1640
3 3047 2479 1640
3 3117 3047 1640
3 3382 3117 1640
3 3366 3391 3382
3 2973 3366 3382
3 1640 2973 3382
3 3366 3354 3493
3 3526 3366 3493
3 3533 3738 3728
3 3514 3533 3728
3 2973 2955 3493
3 3526 2973 3493
3 3504 3553 3786
3 3746 3504 3786
3 1412 2152 2789
3 2895 2104 1412
3 2786 2895 1412
3 2789 2786 1412
3 2798 2104 2895
3 3046 2798 2895
3 3075 3046 2895
3 3146 3156 3075
3 3121 3146 3075
3 3116 3121 3075
3 3400 3371 3390
3 3736 3400 3390
3 3525 3736 3390
3 3073 3052 3525
3 3075 2895 2971
3 3116 3075 2971
3 3381 3116 2971
3 3525 3390 3381
3 3073 3525 3381
3 2971 3073 3381
3 2798 2104 2895
3 3046 2798 2895
3 3075 3046 2895
3 3146 3156 3075
3 3121 3146 3075
3 3116 3121 3075
3 3400 3371 3390
3 3736 3400 3390
3 3525 3736 3390
3 3073 3052 3525
3 3075 2895 2971
3 3116 3075 2971
3 3381 3116 2971
3 3525 3390 3381
3 3073 3525 3381
3 2971 3073 3381
3 2105 2104 2798
3 2799 2105 2798
3 3047 2799 2798
3 3047 2798 3046
3 3047 3046 3075
3 3076 3047 3075
3 3157 3076 3075
3 3157 3075 3156
3 3147 3157 3156
3 3147 3156 3146
3 3147 3146 3121
3 3122 3147 3121
3 3117 3122 3121
3 3117 3121 3116
3 3382 3117 3116
3 3382 3116 3381
3 3382 3381 3390
3 3391 3382 3390
3 3391 3390 3371
3 3372 3391 3371
3 3372 3371 3400
3 3401 3372 3400
3 3737 3401 3400
3 3737 3400 3736
3 3526 3737 3736
3 3526 3736 3525
3 3526 3525 3052
3 3053 3526 3052
3 3053 3052 3073
3 3074 3053 3073
3 3074 3073 2971
3 2972 3074 2971
3 2896 2972 2971
3 2896 2971 2895
3 2896 2895 2104
3 2105 2896 2104
3 2799 2105 2896
3 3047 2799 2896
3 3076 3047 2896
3 3147 3157 3076
3 3122 3147 3076
3 3117 3122 3076
3 3401 3372 3391
3 3737 3401 3391
3 3526 3737 3391
3 3074 3053 3526
3 3076 2896 2972
3 3117 3076 2972
3 3382 3117 2972
3 3526 3391 3382
3 3074 3526 3382
3 2972 3074 3382
3 2479 1595 1612
3 3157 3076 3047
3 3147 3157 3047
3 3122 3147 3047
3 3117 3122 3047
3 3401 3372 3391
3 3726 3401 3391
3 3512 3726 3391
3 3366 3512 3391
3 1640 2955 2973
3 2479 1612 1640
3 3047 2479 1640
3 3117 3047 1640
3 3382 3117 1640
3 3366 3391 3382
3 2973 3366 3382
3 1640 2973 3382
3 1596 1595 2479
3 2480 1596 2479
3 3048 2480 2479
3 3048 2479 3047
3 3048 3047 3076
3 3077 3048 3076
3 3158 3077 3076
3 3158 3076 3157
3 3148 3158 3157
3 3148 3157 3147
3 3148 3147 3122
3 3123 3148 3122
3 3118 3123 3122
3 3118 3122 3117
3 3383 3118 3117
3 3383 3117 3382
3 3383 3382 3391
3 3392 3383 3391
3 3392 3391 3372
3 3373 3392 3372
3 3373 3372 3401
3 3402 3373 3401
3 3735 3402 3401
3 3735 3401 3726
3 3520 3735 3726
3 3520 3726 3512
3 3520 3512 3366
3 3370 3520 3366
3 3370 3366 2973
3 2984 3370 2973
3 2966 2984 2973
3 2966 2973 2955
3 2966 2955 1640
3 1641 2966 1640
3 1613 1641 1640
3 1613 1640 1612
3 1613 1612 1595
3 1596 1613 1595
3 2480 1596 1613
3 3158 3077 3048
3 3148 3158 3048
3 3123 3148 3048
3 3118 3123 3048
3 3402 3373 3392
3 3735 3402 3392
3 3520 3735 3392
3 3370 3520 3392
3 1641 2966 2984
3 2480 1613 1641
3 3048 2480 1641
3 3118 3048 1641
3 3383 3118 1641
3 3370 3392 3383
3 2984 3370 3383
3 1641 2984 3383
3 2540 2542 2538
3 2536 2540 2538
3 2532 2536 2538
3 2528 2532 2538
3 2524 2528 2538
3 2520 2524 2538
3 2516 2520 2538
3 2511 2516 2538
3 2507 2511 2538
3 2503 2507 2538
3 2491 2503 2538
3 2487 2491 2538
3 2483 2487 2538
3 2477 2483 2538
3 2473 2477 2538
3 2469 2473 2538
3 2427 2469 2538
3 2393 2427 2538
3 2387 2393 2538
3 2383 2387 2538
3 2379 2383 2538
3 2373 2379 2538
3 2369 2373 2538
3 2365 2369 2538
3 2361 2365 2538
3 2357 2361 2538
3 2353 2357 2538
3 2349 2353 2538
3 2345 2349 2538
3 2341 2345 2538
3 2337 2341 2538
3 2333 2337 2538
3 2329 2333 2538
3 2325 2329 2538
3 2321 2325 2538
3 2317 2321 2538
3 2319 2317 2538
3 2323 2319 2538
3 2327 2323 2538
3 2331 2327 2538
3 2335 2331 2538
3 2339 2335 2538
3 2343 2339 2538
3 2347 2343 2538
3 2351 2347 2538
3 2355 2351 2538
3 2359 2355 2538
3 2363 2359 2538
3 2367 2363 2538
3 2371 2367 2538
3 2377 2371 2538
3 2381 2377 2538
3 2385 2381 2538
3 2391 2385 2538
3 2425 2391 2538
3 2467 2425 2538
3 2471 2467 2538
3 2475 2471 2538
3 2481 2475 2538
3 2485 2481 2538
3 2489 2485 2538
3 2501 2489 2538
3 2505 2501 2538
3 2509 2505 2538
3 2514 2509 2538
3 2518 2514 2538
3 2522 2518 2538
3 2526 2522 2538
3 2530 2526 2538
3 2534 2530 2538
3 2541 2543 2542
3 2541 2542 2540
3 2537 2541 2540
3 2537 2540 2536
3 2533 2537 2536
3 2533 2536 2532
3 2529 2533 2532
3 2529 2532 2528
3 2525 2529 2528
3 2525 2528 2524
3 2521 2525 2524
3 2521 2524 2520
3 2517 2521 2520
3 2517 2520 2516
3 2512 2517 2516
3 2512 2516 2511
3 2508 2512 2511
3 2508 2511 2507
3 2508 2507 2503
3 2504 2508 2503
3 2504 2503 2491
3 2492 2504 2491
3 2492 2491 2487
3 2488 2492 2487
3 2488 2487 2483
3 2484 2488 2483
3 2484 2483 2477
3 2478 2484 2477
3 2478 2477 2473
3 2474 2478 2473
3 2474 2473 2469
3 2470 2474 2469
3 2470 2469 2427
3 2428 2470 2427
3 2428 2427 2393
3 2394 2428 2393
3 2394 2393 2387
3 2388 2394 2387
3 2388 2387 2383
3 2384 2388 2383
3 2384 2383 2379
3 2380 2384 2379
3 2380 2379 2373
3 2374 2380 2373
3 2374 2373 2369
3 2370 2374 2369
3 2370 2369 2365
3 2366 2370 2365
3 2366 2365 2361
3 2362 2366 2361
3 2362 2361 2357
3 2358 2362 2357
3 2358 2357 2353
3 2354 2358 2353
3 2354 2353 2349
3 2350 2354 2349
3 2350 2349 2345
3 2346 2350 2345
3 2346 2345 2341
3 2342 2346 2341
3 2342 2341 2337
3 2338 2342 2337
3 2338 2337 2333
3 2334 2338 2333
3 2334 2333 2329
3 2330 2334 2329
3 2330 2329 2325
3 2326 2330 2325
3 2326 2325 2321
3 2322 2326 2321
3 2322 2321 2317
3 2318 2322 2317
3 2318 2317 2319
3 2320 2318 2319
3 2320 2319 2323
3 2324 2320 2323
3 2324 2323 2327
3 2328 2324 2327
3 2328 2327 2331
3 2332 2328 2331
3 2332 2331 2335
3 2336 2332 2335
3 2336 2335 2339
3 2340 2336 2339
3 2340 2339 2343
3 2344 2340 2343
3 2344 2343 2347
3 2348 2344 2347
3 2348 2347 2351
3 2352 2348 2351
3 2356 2352 2351
3 2356 2351 2355
3 2360 2356 2355
3 2360 2355 2359
3 2364 2360 2359
3 2364 2359 2363
3 2368 2364 2363
3 2368 2363 2367
3 2372 2368 2367
3 2372 2367 2371
3 2378 2372 2371
3 2378 2371 2377
3 2382 2378 2377
3 2382 2377 2381
3 2386 2382 2381
3 2386 2381 2385
3 2392 2386 2385
3 2392 2385 2391
3 2426 2392 2391
3 2426 2391 2425
3 2468 2426 2425
3 2468 2425 2467
3 2472 2468 2467
3 2472 2467 2471
3 2476 2472 2471
3 2476 2471 2475
3 2482 2476 2475
3 2482 2475 2481
3 2486 2482 2481
3 2486 2481 2485
3 2490 2486 2485
3 2490 2485 2489
3 2502 2490 2489
3 2502 2489 2501
3 2506 2502 2501
3 2506 2501 2505
3 2510 2506 2505
3 2510 2505 2509
3 2515 2510 2509
3 2515 2509 2514
3 2519 2515 2514
3 2519 2514 2518
3 2523 2519 2518
3 2523 2518 2522
3 2527 2523 2522
3 2527 2522 2526
3 2531 2527 2526
3 2531 2526 2530
3 2535 2531 2530
3 2535 2530 2534
3 2539 2535 2534
3 2539 2534 2538
3 2543 2539 2538
3 2543 2538 2542
3 2541 2543 2539
3 2537 2541 2539
3 2533 2537 2539
3 2529 2533 2539
3 2525 2529 2539
3 2521 2525 2539
3 2517 2521 2539
3 2512 2517 2539
3 2508 2512 2539
3 2504 2508 2539
3 2492 2504 2539
3 2488 2492 2539
3 2484 2488 2539
3 2478 2484 2539
3 2474 2478 2539
3 2470 2474 2539
3 2428 2470 2539
3 2394 2428 2539
3 2388 2394 2539
3 2384 2388 2539
3 2380 2384 2539
3 2374 2380 2539
3 2370 2374 2539
3 2366 2370 2539
3 2362 2366 2539
3 2358 2362 2539
3 2354 2358 2539
3 2350 2354 2539
3 2346 2350 2539
3 2342 2346 2539
3 2338 2342 2539
3 2334 2338 2539
3 2330 2334 2539
3 2326 2330 2539
3 2322 2326 2539
3 2318 2322 2539
3 2320 2318 2539
3 2324 2320 2539
3 2328 2324 2539
3 2332 2328 2539
3 2336 2332 2539
3 2340 2336 2539
3 2344 2340 2539
3 2348 2344 2539
3 2352 2348 2539
3 2356 2352 2539
3 2360 2356 2539
3 2364 2360 2539
3 2368 2364 2539
3 2372 2368 2539
3 2378 2372 2539
3 2382 2378 2539
3 2386 2382 2539
3 2392 2386 2539
3 2426 2392 2539
3 2468 2426 2539
3 2472 2468 2539
3 2476 2472 2539
3 2482 2476 2539
3 2486 2482 2539
3 2490 2486 2539
3 2502 2490 2539
3 2506 2502 2539
3 2510 2506 2539
3 2515 2510 2539
3 2519 2515 2539
3 2523 2519 2539
3 2527 2523 2539
3 2531 2527 2539
3 2535 2531 2539
3 2148 2150 2146
3 2144 2148 2146
3 2140 2144 2146
3 2134 2140 2146
3 2130 2134 2146
3 2126 2130 2146
3 2122 2126 2146
3 2118 2122 2146
3 2114 2118 2146
3 2110 2114 2146
3 2102 2110 2146
3 2098 2102 2146
3 2092 2098 2146
3 2088 2092 2146
3 2084 2088 2146
3 2080 2084 2146
3 2076 2080 2146
3 2072 2076 2146
3 2068 2072 2146
3 2064 2068 2146
3 2060 2064 2146
3 2056 2060 2146
3 2052 2056 2146
3 2048 2052 2146
3 2044 2048 2146
3 2040 2044 2146
3 2034 2040 2146
3 2030 2034 2146
3 2026 2030 2146
3 2022 2026 2146
3 2018 2022 2146
3 2014 2018 2146
3 2010 2014 2146
3 2006 2010 2146
3 1964 2006 2146
3 1960 1964 2146
3 1962 1960 2146
3 2004 1962 2146
3 2008 2004 2146
3 2012 2008 2146
3 2016 2012 2146
3 2020 2016 2146
3 2024 2020 2146
3 2028 2024 2146
3 2032 2028 2146
3 2038 2032 2146
3 2042 2038 2146
3 2046 2042 2146
3 2050 2046 2146
3 2054 2050 2146
3 2058 2054 2146
3 2062 2058 2146
3 2066 2062 2146
3 2070 2066 2146
3 2074 2070 2146
3 2078 2074 2146
3 2082 2078 2146
3 2086 2082 2146
3 2090 2086 2146
3 2096 2090 2146
3 2100 2096 2146
3 2108 2100 2146
3 2112 2108 2146
3 2116 2112 2146
3 2120 2116 2146
3 2124 2120 2146
3 2128 2124 2146
3 2132 2128 2146
3 2138 2132 2146
3 2142 2138 2146
3 2149 2151 2150
3 2149 2150 2148
3 2145 2149 2148
3 2145 2148 2144
3 2141 2145 2144
3 2141 2144 2140
3 2135 2141 2140
3 2135 2140 2134
3 2131 2135 2134
3 2131 2134 2130
3 2127 2131 2130
3 2127 2130 2126
3 2123 2127 2126
3 2123 2126 2122
3 2119 2123 2122
3 2119 2122 2118
3 2115 2119 2118
3 2115 2118 2114
3 2115 2114 2110
3 2111 2115 2110
3 2111 2110 2102
3 2103 2111 2102
3 2103 2102 2098
3 2099 2103 2098
3 2099 2098 2092
3 2093 2099 2092
3 2093 2092 2088
3 2089 2093 2088
3 2089 2088 2084
3 2085 2089 2084
3 2085 2084 2080
3 2081 2085 2080
3 2081 2080 2076
3 2077 2081 2076
3 2077 2076 2072
3 2073 2077 2072
3 2073 2072 2068
3 2069 2073 2068
3 2069 2068 2064
3 2065 2069 2064
3 2065 2064 2060
3 2061 2065 2060
3 2061 2060 2056
3 2057 2061 2056
3 2057 2056 2052
3 2053 2057 2052
3 2053 2052 2048
3 2049 2053 2048
3 2049 2048 2044
3 2045 2049 2044
3 2045 2044 2040
3 2041 2045 2040
3 2041 2040 2034
3 2035 2041 2034
3 2035 2034 2030
3 2031 2035 2030
3 2031 2030 2026
3 2027 2031 2026
3 2027 2026 2022
3 2023 2027 2022
3 2023 2022 2018
3 2019 2023 2018
3 2019 2018 2014
3 2015 2019 2014
3 2015 2014 2010
3 2011 2015 2010
3 2011 2010 2006
3 2007 2011 2006
3 2007 2006 1964
3 1965 2007 1964
3 1965 1964 1960
3 1961 1965 1960
3 1961 1960 1962
3 1963 1961 1962
3 1963 1962 2004
3 2005 1963 2004
3 2005 2004 2008
3 2009 2005 2008
3 2009 2008 2012
3 2013 2009 2012
3 2013 2012 2016
3 2017 2013 2016
3 2017 2016 2020
3 2021 2017 2020
3 2021 2020 2024
3 2025 2021 2024
3 2025 2024 2028
3 2029 2025 2028
3 2029 2028 2032
3 2033 2029 2032
3 2039 2033 2032
3 2039 2032 2038
3 2043 2039 2038
3 2043 2038 2042
3 2047 2043 2042
3 2047 2042 2046
3 2051 2047 2046
3 2051 2046 2050
3 2055 2051 2050
3 2055 2050 2054
3 2059 2055 2054
3 2059 2054 2058
3 2063 2059 2058
3 2063 2058 2062
3 2067 2063 2062
3 2067 2062 2066
3 2071 2067 2066
3 2071 2066 2070
3 2075 2071 2070
3 2075 2070 2074
3 2079 2075 2074
3 2079 2074 2078
3 2083 2079 2078
3 2083 2078 2082
3 2087 2083 2082
3 2087 2082 2086
3 2091 2087 2086
3 2091 2086 2090
3 2097 2091 2090
3 2097 2090 2096
3 2101 2097 2096
3 2101 2096 2100
3 2109 2101 2100
3 2109 2100 2108
3 2113 2109 2108
3 2113 2108 2112
3 2117 2113 2112
3 2117 2112 2116
3 2121 2117 2116
3 2121 2116 2120
3 2125 2121 2120
3 2125 2120 2124
3 2129 2125 2124
3 2129 2124 2128
3 2133 2129 2128
3 2133 2128 2132
3 2139 2133 2132
3 2139 2132 2138
3 2143 2139 2138
3 2143 2138 2142
3 2147 2143 2142
3 2147 2142 2146
3 2151 2147 2146
3 2151 2146 2150
3 2149 2151 2147
3 2145 2149 2147
3 2141 2145 2147
3 2135 2141 2147
3 2131 2135 2147
3 2127 2131 2147
3 2123 2127 2147
3 2119 2123 2147
3 2115 2119 2147
3 2111 2115 2147
3 2103 2111 2147
3 2099 2103 2147
3 2093 2099 2147
3 2089 2093 2147
3 2085 2089 2147
3 2081 2085 2147
3 2077 2081 2147
3 2073 2077 2147
3 2069 2073 2147
3 2065 2069 2147
3 2061 2065 2147
3 2057 2061 2147
3 2053 2057 2147
3 2049 2053 2147
3 2045 2049 2147
3 2041 2045 2147
3 2035 2041 2147
3 2031 2035 2147
3 2027 2031 2147
3 2023 2027 2147
3 2019 2023 2147
3 2015 2019 2147
3 2011 2015 2147
3 2007 2011 2147
3 1965 2007 2147
3 1961 1965 2147
3 1963 1961 2147
3 2005 1963 2147
3 2009 2005 2147
3 2013 2009 2147
3 2017 2013 2147
3 2021 2017 2147
3 2025 2021 2147
3 2029 2025 2147
3 2033 2029 2147
3 2039 2033 2147
3 2043 2039 2147
3 2047 2043 2147
3 2051 2047 2147
3 2055 2051 2147
3 2059 2055 2147
3 2063 2059 2147
3 2067 2063 2147
3 2071 2067 2147
3 2075 2071 2147
3 2079 2075 2147
3 2083 2079 2147
3 2087 2083 2147
3 2091 2087 2147
3 2097 2091 2147
3 2101 2097 2147
3 2109 2101 2147
3 2113 2109 2147
3 2117 2113 2147
3 2121 2117 2147
3 2125 2121 2147
3 2129 2125 2147
3 2133 2129 2147
3 2139 2133 2147
3 2143 2139 2147
3 1837 1839 1835
3 1833 1837 1835
3 1829 1833 1835
3 1825 1829 1835
3 1821 1825 1835
3 1817 1821 1835
3 1813 1817 1835
3 1809 1813 1835
3 1805 1809 1835
3 1801 1805 1835
3 1797 1801 1835
3 1788 1797 1835
3 1782 1788 1835
3 1778 1782 1835
3 1774 1778 1835
3 1770 1774 1835
3 1766 1770 1835
3 1762 1766 1835
3 1758 1762 1835
3 1754 1758 1835
3 1750 1754 1835
3 1746 1750 1835
3 1702 1746 1835
3 1668 1702 1835
3 1664 1668 1835
3 1660 1664 1835
3 1656 1660 1835
3 1652 1656 1835
3 1648 1652 1835
3 1644 1648 1835
3 1638 1644 1835
3 1634 1638 1835
3 1630 1634 1835
3 1626 1630 1835
3 1622 1626 1835
3 1618 1622 1835
3 1620 1618 1835
3 1624 1620 1835
3 1628 1624 1835
3 1632 1628 1835
3 1636 1632 1835
3 1642 1636 1835
3 1646 1642 1835
3 1650 1646 1835
3 1654 1650 1835
3 1658 1654 1835
3 1662 1658 1835
3 1666 1662 1835
3 1700 1666 1835
3 1744 1700 1835
3 1748 1744 1835
3 1752 1748 1835
3 1756 1752 1835
3 1760 1756 1835
3 1764 1760 1835
3 1768 1764 1835
3 1772 1768 1835
3 1776 1772 1835
3 1780 1776 1835
3 1786 1780 1835
3 1795 1786 1835
3 1799 1795 1835
3 1803 1799 1835
3 1807 1803 1835
3 1811 1807 1835
3 1815 1811 1835
3 1819 1815 1835
3 1823 1819 1835
3 1827 1823 1835
3 1831 1827 1835
3 1838 1840 1839
3 1838 1839 1837
3 1834 1838 1837
3 1834 1837 1833
3 1830 1834 1833
3 1830 1833 1829
3 1826 1830 1829
3 1826 1829 1825
3 1822 1826 1825
3 1822 1825 1821
3 1818 1822 1821
3 1818 1821 1817
3 1814 1818 1817
3 1814 1817 1813
3 1810 1814 1813
3 1810 1813 1809
3 1806 1810 1809
3 1806 1809 1805
3 1806 1805 1801
3 1802 1806 1801
3 1802 1801 1797
3 1798 1802 1797
3 1798 1797 1788
3 1789 1798 1788
3 1789 1788 1782
3 1783 1789 1782
3 1783 1782 1778
3 1779 1783 1778
3 1779 1778 1774
3 1775 1779 1774
3 1775 1774 1770
3 1771 1775 1770
3 1771 1770 1766
3 1767 1771 1766
3 1767 1766 1762
3 1763 1767 1762
3 1763 1762 1758
3 1759 1763 1758
3 1759 1758 1754
3 1755 1759 1754
3 1755 1754 1750
3 1751 1755 1750
3 1751 1750 1746
3 1747 1751 1746
3 1747 1746 1702
3 1703 1747 1702
3 1703 1702 1668
3 1669 1703 1668
3 1669 1668 1664
3 1665 1669 1664
3 1665 1664 1660
3 1661 1665 1660
3 1661 1660 1656
3 1657 1661 1656
3 1657 1656 1652
3 1653 1657 1652
3 1653 1652 1648
3 1649 1653 1648
3 1649 1648 1644
3 1645 1649 1644
3 1645 1644 1638
3 1639 1645 1638
3 1639 1638 1634
3 1635 1639 1634
3 1635 1634 1630
3 1631 1635 1630
3 1631 1630 1626
3 1627 1631 1626
3 1627 1626 1622
3 1623 1627 1622
3 1623 1622 1618
3 1619 1623 1618
3 1619 1618 1620
3 1621 1619 1620
3 1621 1620 1624
3 1625 1621 1624
3 1625 1624 1628
3 1629 1625 1628
3 1629 1628 1632
3 1633 1629 1632
3 1633 1632 1636
3 1637 1633 1636
3 1637 1636 1642
3 1643 1637 1642
3 1643 1642 1646
3 1647 1643 1646
3 1647 1646 1650
3 1651 1647 1650
3 1651 1650 1654
3 1655 1651 1654
3 1659 1655 1654
3 1659 1654 1658
3 1663 1659 1658
3 1663 1658 1662
3 1667 1663 1662
3 1667 1662 1666
3 1701 1667 1666
3 1701 1666 1700
3 1745 1701 1700
3 1745 1700 1744
3 1749 1745 1744
3 1749 1744 1748
3 1753 1749 1748
3 1753 1748 1752
3 1757 1753 1752
3 1757 1752 1756
3 1761 1757 1756
3 1761 1756 1760
3 1765 1761 1760
3 1765 1760 1764
3 1769 1765 1764
3 1769 1764 1768
3 1773 1769 1768
3 1773 1768 1772
3 1777 1773 1772
3 1777 1772 1776
3 1781 1777 1776
3 1781 1776 1780
3 1787 1781 1780
3 1787 1780 1786
3 1796 1787 1786
3 1796 1786 1795
3 1800 1796 1795
3 1800 1795 1799
3 1804 1800 1799
3 1804 1799 1803
3 1808 1804 1803
3 1808 1803 1807
3 1812 1808 1807
3 1812 1807 1811
3 1816 1812 1811
3 1816 1811 1815
3 1820 1816 1815
3 1820 1815 1819
3 1824 1820 1819
3 1824 1819 1823
3 1828 1824 1823
3 1828 1823 1827
3 1832 1828 1827
3 1832 1827 1831
3 1836 1832 1831
3 1836 1831 1835
3 1840 1836 1835
3 1840 1835 1839
3 1838 1840 1836
3 1834 1838 1836
3 1830 1834 1836
3 1826 1830 1836
3 1822 1826 1836
3 1818 1822 1836
3 1814 1818 1836
3 1810 1814 1836
3 1806 1810 1836
3 1802 1806 1836
3 1798 1802 1836
3 1789 1798 1836
3 1783 1789 1836
3 1779 1783 1836
3 1775 1779 1836
3 1771 1775 1836
3 1767 1771 1836
3 1763 1767 1836
3 1759 1763 1836
3 1755 1759 1836
3 1751 1755 1836
3 1747 1751 1836
3 1703 1747 1836
3 1669 1703 1836
3 1665 1669 1836
3 1661 1665 1836
3 1657 1661 1836
3 1653 1657 1836
3 1649 1653 1836
3 1645 1649 1836
3 1639 1645 1836
3 1635 1639 1836
3 1631 1635 1836
3 1627 1631 1836
3 1623 1627 1836
3 1619 1623 1836
3 1621 1619 1836
3 1625 1621 1836
3 1629 1625 1836
3 1633 1629 1836
3 1637 1633 1836
3 1643 1637 1836
3 1647 1643 1836
3 1651 1647 1836
3 1655 1651 1836
3 1659 1655 1836
3 1663 1659 1836
3 1667 1663 1836
3 1701 1667 1836
3 1745 1701 1836
3 1749 1745 1836
3 1753 1749 1836
3 1757 1753 1836
3 1761 1757 1836
3 1765 1761 1836
3 1769 1765 1836
3 1773 1769 1836
3 1777 1773 1836
3 1781 1777 1836
3 1787 1781 1836
3 1796 1787 1836
3 1800 1796 1836
3 1804 1800 1836
3 1808 1804 1836
3 1812 1808 1836
3 1816 1812 1836
3 1820 1816 1836
3 1824 1820 1836
3 1828 1824 1836
3 1832 1828 1836
3 2984 2966 3504
3 3541 2984 3504
3 2984 2966 3504
3 3541 2984 3504
3 2965 2966 3504
3 3503 2965 3504
3 3540 3503 3504
3 3540 3504 3541
3 2983 3540 3541
3 2983 3541 2984
3 2983 2984 2966
3 2965 2983 2966
3 2983 2965 3503
3 3540 2983 3503
3 3219 3212 3221
3 3237 3219 3221
3 3213 3212 3219
3 3220 3213 3219
3 3238 3220 3219
3 3238 3219 3237
3 3222 3238 3237
3 3222 3237 3221
3 3222 3221 3212
3 3213 3222 3212
3 3220 3213 3222
3 3238 3220 3222
3 3180 3176 3182
3 3184 3180 3182
3 3177 3176 3180
3 3181 3177 3180
3 3185 3181 3180
3 3185 3180 3184
3 3183 3185 3184
3 3183 3184 3182
3 3183 3182 3176
3 3177 3183 3176
3 3181 3177 3183
3 3185 3181 3183
3 3352 3333 3355
3 3367 3352 3355
3 3334 3333 3352
3 3353 3334 3352
3 3369 3353 3352
3 3369 3352 3367
3 3357 3369 3367
3 3357 3367 3355
3 3357 3355 3333
3 3334 3357 3333
3 3353 3334 3357
3 3369 3353 3357
3 3106 3095 3108
3 3110 3106 3108
3 3096 3095 3106
3 3107 3096 3106
3 3111 3107 3106
3 3111 3106 3110
3 3109 3111 3110
3 3109 3110 3108
3 3109 3108 3095
3 3096 3109 3095
3 3107 3096 3109
3 3111 3107 3109
3 2974 2956 2987
3 2991 2974 2987
3 2965 2956 2974
3 2983 2965 2974
3 2992 2983 2974
3 2992 2974 2991
3 2988 2992 2991
3 2988 2991 2987
3 2988 2987 2956
3 2965 2988 2956
3 2983 2965 2988
3 2992 2983 2988
3 2975 2957 3494
3 3527 2975 3494
3 2958 2957 2975
3 2976 2958 2975
3 3528 2976 2975
3 3528 2975 3527
3 3495 3528 3527
3 3495 3527 3494
3 3495 3494 2957
3 2958 3495 2957
3 2976 2958 3495
3 3528 2976 3495
3 2977 2959 3496
3 3529 2977 3496
3 2960 2959 2977
3 2978 2960 2977
3 3530 2978 2977
3 3530 2977 3529
3 3497 3530 3529
3 3497 3529 3496
3 3497 3496 2959
3 2960 3497 2959
3 2978 2960 3497
3 3530 2978 3497
3 3505 3513 2991
3 2989 3505 2991
3 3510 3519 3513
3 3510 3513 3505
3 3510 3505 2989
3 2990 3510 2989
3 2990 2989 2991
3 2992 2990 2991
3 3519 2992 2991
3 3519 2991 3513
3 3510 3519 2992
3 2990 3510 2992
3 2979 2961 3498
3 3531 2979 3498
3 2962 2961 2979
3 2980 2962 2979
3 3532 2980 2979
3 3532 2979 3531
3 3499 3532 3531
3 3499 3531 3498
3 3499 3498 2961
3 2962 3499 2961
3 2980 2962 3499
3 3532 2980 3499
3 2981 2963 3500
3 3535 2981 3500
3 2964 2963 2981
3 2982 2964 2981
3 3536 2982 2981
3 3536 2981 3535
3 3501 3536 3535
3 3501 3535 3500
3 3501 3500 2963
3 2964 3501 2963
3 2982 2964 3501
3 3536 2982 3501
3 3366 3354 3493
3 3526 3366 3493
3 3356 3354 3366
3 3368 3356 3366
3 3532 3368 3366
3 3532 3366 3526
3 3499 3532 3526
3 3499 3526 3493
3 3499 3493 3354
3 3356 3499 3354
3 3368 3356 3499
3 3532 3368 3499
3 2973 2955 3493
3 3526 2973 3493
3 2958 2955 2973
3 2976 2958 2973
3 3528 2976 2973
3 3528 2973 3526
3 3495 3528 3526
3 3495 3526 3493
3 3495 3493 2955
3 2958 3495 2955
3 2976 2958 3495
3 3528 2976 3495
3 3578 3570 3820
3 3825 3578 3820
3 3578 3570 3820
3 3825 3578 3820
3 3569 3570 3820
3 3819 3569 3820
3 3824 3819 3820
3 3824 3820 3825
3 3577 3824 3825
3 3577 3825 3578
3 3577 3578 3570
3 3569 3577 3570
3 3577 3569 3819
3 3824 3577 3819
3 3576 3568 3818
3 3823 3576 3818
3 3569 3568 3576
3 3577 3569 3576
3 3824 3577 3576
3 3824 3576 3823
3 3819 3824 3823
3 3819 3823 3818
3 3819 3818 3568
3 3569 3819 3568
3 3577 3569 3819
3 3824 3577 3819
3 1412 2152 2789
3 2895 2104 1412
3 2786 2895 1412
3 2789 2786 1412
3 2156 2152 1412
3 1416 2156 1412
3 1416 1412 2104
3 2106 1416 2104
3 2897 2106 2104
3 2897 2104 2895
3 2787 2897 2895
3 2787 2895 2786
3 2790 2787 2786
3 2790 2786 2789
3 2156 2790 2789
3 2156 2789 2152
3 1416 2156 2790
3 2897 2106 1416
3 2787 2897 1416
3 2790 2787 1416
3 1417 2157 2791
3 2898 2107 1417
3 2788 2898 1417
3 2791 2788 1417
3 1417 2157 2791
3 2898 2107 1417
3 2788 2898 1417
3 2791 2788 1417
3 2790 2156 2157
3 2790 2157 2791
3 2787 2790 2791
3 2787 2791 2788
3 2897 2787 2788
3 2897 2788 2898
3 2106 2897 2898
3 2106 2898 2107
3 2106 2107 1417
3 1416 2106 1417
3 1416 1417 2157
3 2156 1416 2157
3 1416 2156 2790
3 2897 2106 1416
3 2787 2897 1416
3 2790 2787 1416
3 2821 2798 3046
3 18 2 2821
3 23 18 2821
3 32 23 2821
3 36 27 32
3 210 36 32
3 105 210 32
3 2237 105 32
3 4091 2493 2237
3 3736 4091 2237
3 3400 3736 2237
3 3371 3400 2237
3 3381 3390 3371
3 3116 3381 3371
3 3146 3121 3116
3 2821 3046 3075
3 32 2821 3075
3 2237 32 3075
3 3146 3116 3371
3 3156 3146 3371
3 2237 3075 3156
3 3371 2237 3156
3 2799 2798 2821
3 2822 2799 2821
3 2822 2821 2
3 3 2822 2
3 3 2 18
3 19 3 18
3 24 19 18
3 24 18 23
3 24 23 32
3 33 24 32
3 33 32 27
3 28 33 27
3 28 27 36
3 37 28 36
3 211 37 36
3 211 36 210
3 106 211 210
3 106 210 105
3 2238 106 105
3 2238 105 2237
3 2238 2237 2493
3 2494 2238 2493
3 4092 2494 2493
3 4092 2493 4091
3 3737 4092 4091
3 3737 4091 3736
3 3737 3736 3400
3 3401 3737 3400
3 3372 3401 3400
3 3372 3400 3371
3 3391 3372 3371
3 3391 3371 3390
3 3382 3391 3390
3 3382 3390 3381
3 3382 3381 3116
3 3117 3382 3116
3 3117 3116 3121
3 3122 3117 3121
3 3147 3122 3121
3 3147 3121 3146
3 3147 3146 3156
3 3157 3147 3156
3 3157 3156 3075
3 3076 3157 3075
3 3047 3076 3075
3 3047 3075 3046
3 3047 3046 2798
3 2799 3047 2798
3 2822 2799 3047
3 19 3 2822
3 24 19 2822
3 33 24 2822
3 37 28 33
3 211 37 33
3 106 211 33
3 2238 106 33
3 4092 2494 2238
3 3737 4092 2238
3 3401 3737 2238
3 3372 3401 2238
3 3382 3391 3372
3 3117 3382 3372
3 3147 3122 3117
3 2822 3047 3076
3 33 2822 3076
3 2238 33 3076
3 3147 3117 3372
3 3157 3147 3372
3 2238 3076 3157
3 3372 2238 3157
3 4092 2494 2238
3 3737 4092 2238
3 3401 3737 2238
3 3372 3401 2238
3 3382 3391 3372
3 3117 3382 3372
3 3147 3122 3117
3 1846 3047 3076
3 1854 1846 3076
3 1584 1854 3076
3 1322 1522 1584
3 1326 1322 1584
3 931 1178 1237
3 937 931 1237
3 727 861 915
3 733 727 915
3 513 657 711
3 525 513 711
3 445 525 711
3 218 391 445
3 222 218 445
3 205 222 445
3 12 151 205
3 16 12 205
3 8 16 205
3 0 4 8
3 19 0 8
3 24 19 8
3 33 24 8
3 37 28 33
3 211 37 33
3 106 211 33
3 2238 106 33
3 3147 3117 3372
3 3157 3147 3372
3 1326 1584 3076
3 1237 1326 3076
3 937 1237 3076
3 915 937 3076
3 733 915 3076
3 711 733 3076
3 445 711 3076
3 205 445 3076
3 8 205 3076
3 33 8 3076
3 2238 33 3076
3 3157 3372 2238
3 3076 3157 2238
3 4113 2498 2494
3 4113 2494 4092
3 3758 4113 4092
3 3758 4092 3737
3 3758 3737 3401
3 3403 3758 3401
3 3374 3403 3401
3 3374 3401 3372
3 3393 3374 3372
3 3393 3372 3391
3 3384 3393 3391
3 3384 3391 3382
3 3384 3382 3117
3 3119 3384 3117
3 3119 3117 3122
3 3124 3119 3122
3 3149 3124 3122
3 3149 3122 3147
3 3149 3147 3157
3 3159 3149 3157
3 3159 3157 3076
3 3078 3159 3076
3 3049 3078 3076
3 3049 3076 3047
3 3049 3047 1846
3 1847 3049 1846
3 1847 1846 1854
3 1855 1847 1854
3 1855 1854 1584
3 1585 1855 1584
3 1523 1585 1584
3 1523 1584 1522
3 1523 1522 1322
3 1323 1523 1322
3 1323 1322 1326
3 1327 1323 1326
3 1327 1326 1237
3 1238 1327 1237
3 1179 1238 1237
3 1179 1237 1178
3 1179 1178 931
3 932 1179 931
3 932 931 937
3 938 932 937
3 938 937 915
3 916 938 915
3 862 916 915
3 862 915 861
3 862 861 727
3 728 862 727
3 728 727 733
3 734 728 733
3 734 733 711
3 712 734 711
3 658 712 711
3 658 711 657
3 658 657 513
3 514 658 513
3 514 513 525
3 526 514 525
3 526 525 445
3 446 526 445
3 392 446 445
3 392 445 391
3 392 391 218
3 219 392 218
3 219 218 222
3 223 219 222
3 223 222 205
3 206 223 205
3 152 206 205
3 152 205 151
3 152 151 12
3 13 152 12
3 13 12 16
3 17 13 16
3 17 16 8
3 9 17 8
3 5 9 8
3 5 8 4
3 5 4 0
3 1 5 0
3 1 0 19
3 20 1 19
3 26 20 19
3 26 19 24
3 26 24 33
3 35 26 33
3 35 33 28
3 29 35 28
3 29 28 37
3 40 29 37
3 214 40 37
3 214 37 211
3 110 214 211
3 110 211 106
3 2242 110 106
3 2242 106 2238
3 2242 2238 2494
3 2498 2242 2494
3 4113 2498 2242
3 3758 4113 2242
3 3403 3758 2242
3 3374 3403 2242
3 3384 3393 3374
3 3119 3384 3374
3 3149 3124 3119
3 1847 3049 3078
3 1855 1847 3078
3 1585 1855 3078
3 1323 1523 1585
3 1327 1323 1585
3 932 1179 1238
3 938 932 1238
3 728 862 916
3 734 728 916
3 514 658 712
3 526 514 712
3 446 526 712
3 219 392 446
3 223 219 446
3 206 223 446
3 13 152 206
3 17 13 206
3 9 17 206
3 1 5 9
3 20 1 9
3 26 20 9
3 35 26 9
3 40 29 35
3 214 40 35
3 110 214 35
3 2242 110 35
3 3149 3119 3374
3 3159 3149 3374
3 1327 1585 3078
3 1238 1327 3078
3 938 1238 3078
3 916 938 3078
3 734 916 3078
3 712 734 3078
3 446 712 3078
3 206 446 3078
3 9 206 3078
3 35 9 3078
3 2242 35 3078
3 3159 3374 2242
3 3078 3159 2242
3 3507 3555 3782
3 3728 3507 3782
3 3760 4127 4093
3 3738 3760 4093
3 3741 3783 4218
3 4096 3741 4218
3 3741 3783 4218
3 4096 3741 4218
3 3784 3783 3741
3 3742 3784 3741
3 3742 3741 4096
3 4097 3742 4096
3 4219 4097 4096
3 4219 4096 4218
3 3784 4219 4218
3 3784 4218 3783
3 3742 3784 4219
3 4097 3742 4219
3 3745 3785 4220
3 4100 3745 4220
3 3786 3785 3745
3 3746 3786 3745
3 3746 3745 4100
3 4101 3746 4100
3 4221 4101 4100
3 4221 4100 4220
3 3786 4221 4220
3 3786 4220 3785
3 3746 3786 4221
3 4101 3746 4221
3 3749 3787 4222
3 4104 3749 4222
3 3788 3787 3749
3 3750 3788 3749
3 3750 3749 4104
3 4105 3750 4104
3 4223 4105 4104
3 4223 4104 4222
3 3788 4223 4222
3 3788 4222 3787
3 3750 3788 4223
3 4105 3750 4223
3 3753 3789 4224
3 4108 3753 4224
3 3790 3789 3753
3 3754 3790 3753
3 3754 3753 4108
3 4109 3754 4108
3 4225 4109 4108
3 4225 4108 4224
3 3790 4225 4224
3 3790 4224 3789
3 3754 3790 4225
3 4109 3754 4225
3 3757 3791 4226
3 4112 3757 4226
3 3792 3791 3757
3 3758 3792 3757
3 3758 3757 4112
3 4113 3758 4112
3 4227 4113 4112
3 4227 4112 4226
3 3792 4227 4226
3 3792 4226 3791
3 3758 3792 4227
3 4113 3758 4227
3 4027 4012 4010
3 4025 4027 4010
3 4028 4013 4012
3 4028 4012 4027
3 4026 4028 4027
3 4026 4027 4025
3 4026 4025 4010
3 4011 4026 4010
3 4011 4010 4012
3 4013 4011 4012
3 4028 4013 4011
3 4026 4028 4011
3 3994 3890 3876
3 3972 3994 3876
3 3995 3891 3890
3 3995 3890 3994
3 3973 3995 3994
3 3973 3994 3972
3 3973 3972 3876
3 3877 3973 3876
3 3877 3876 3890
3 3891 3877 3890
3 3995 3891 3877
3 3973 3995 3877
3 3848 3842 3840
3 3846 3848 3840
3 3849 3843 3842
3 3849 3842 3848
3 3847 3849 3848
3 3847 3848 3846
3 3847 3846 3840
3 3841 3847 3840
3 3841 3840 3842
3 3843 3841 3842
3 3849 3843 3841
3 3847 3849 3841
3 3838 3834 3832
3 3836 3838 3832
3 3839 3835 3834
3 3839 3834 3838
3 3837 3839 3838
3 3837 3838 3836
3 3837 3836 3832
3 3833 3837 3832
3 3833 3832 3834
3 3835 3833 3834
3 3839 3835 3833
3 3837 3839 3833
3 3828 3816 3814
3 3826 3828 3814
3 3829 3817 3816
3 3829 3816 3828
3 3827 3829 3828
3 3827 3828 3826
3 3827 3826 3814
3 3815 3827 3814
3 3815 3814 3816
3 3817 3815 3816
3 3829 3817 3815
3 3827 3829 3815
3 3809 3801 3799
3 3807 3809 3799
3 3810 3802 3801
3 3810 3801 3809
3 3808 3810 3809
3 3808 3809 3807
3 3808 3807 3799
3 3800 3808 3799
3 3800 3799 3801
3 3802 3800 3801
3 3810 3802 3800
3 3808 3810 3800
3 3796 3775 3772
3 3794 3796 3772
3 3797 3776 3775
3 3797 3775 3796
3 3795 3797 3796
3 3795 3796 3794
3 3795 3794 3772
3 3773 3795 3772
3 3773 3772 3775
3 3776 3773 3775
3 3797 3776 3773
3 3795 3797 3773
3 3763 4130 4098
3 3743 3763 4098
3 3763 4130 4098
3 3743 3763 4098
3 3764 4131 4130
3 3764 4130 3763
3 3764 3763 3743
3 3744 3764 3743
3 3744 3743 4098
3 4099 3744 4098
3 4131 4099 4098
3 4131 4098 4130
3 3764 4131 4099
3 3744 3764 4099
3 3765 4132 4102
3 3747 3765 4102
3 3766 4133 4132
3 3766 4132 3765
3 3766 3765 3747
3 3748 3766 3747
3 3748 3747 4102
3 4103 3748 4102
3 4133 4103 4102
3 4133 4102 4132
3 3766 4133 4103
3 3748 3766 4103
3 3767 4134 4106
3 3751 3767 4106
3 3768 4135 4134
3 3768 4134 3767
3 3768 3767 3751
3 3752 3768 3751
3 3752 3751 4106
3 4107 3752 4106
3 4135 4107 4106
3 4135 4106 4134
3 3768 4135 4107
3 3752 3768 4107
3 3769 4136 4110
3 3755 3769 4110
3 3770 4137 4136
3 3770 4136 3769
3 3770 3769 3755
3 3756 3770 3755
3 3756 3755 4110
3 4111 3756 4110
3 4137 4111 4110
3 4137 4110 4136
3 3770 4137 4111
3 3756 3770 4111
3 3761 4128 4094
3 3739 3761 4094
3 3762 4129 4128
3 3762 4128 3761
3 3762 3761 3739
3 3740 3762 3739
3 3740 3739 4094
3 4095 3740 4094
3 4129 4095 4094
3 4129 4094 4128
3 3762 4129 4095
3 3740 3762 4095
3 3760 4127 4093
3 3738 3760 4093
3 3761 4128 4127
3 3761 4127 3760
3 3761 3760 3738
3 3739 3761 3738
3 3739 3738 4093
3 4094 3739 4093
3 4128 4094 4093
3 4128 4093 4127
3 3761 4128 4094
3 3739 3761 4094
3 3762 4129 4095
3 3740 3762 4095
3 3762 4129 4095
3 3740 3762 4095
3 3763 4130 4129
3 3763 4129 3762
3 3763 3762 3740
3 3743 3763 3740
3 3743 3740 4095
3 4098 3743 4095
3 4130 4098 4095
3 4130 4095 4129
3 3763 4130 4098
3 3743 3763 4098
3 3764 4131 4099
3 3744 3764 4099
3 3765 4132 4131
3 3765 4131 3764
3 3765 3764 3744
3 3747 3765 3744
3 3747 3744 4099
3 4102 3747 4099
3 4132 4102 4099
3 4132 4099 4131
3 3765 4132 4102
3 3747 3765 4102
3 3766 4133 4103
3 3748 3766 4103
3 3767 4134 4133
3 3767 4133 3766
3 3767 3766 3748
3 3751 3767 3748
3 3751 3748 4103
3 4106 3751 4103
3 4134 4106 4103
3 4134 4103 4133
3 3767 4134 4106
3 3751 3767 4106
3 3768 4135 4107
3 3752 3768 4107
3 3769 4136 4135
3 3769 4135 3768
3 3769 3768 3752
3 3755 3769 3752
3 3755 3752 4107
3 4110 3755 4107
3 4136 4110 4107
3 4136 4107 4135
3 3769 4136 4110
3 3755 3769 4110
3 3770 4137 4111
3 3756 3770 4111
3 3770 4137 4111
3 3756 3770 4111
3 3771 4138 4137
3 3771 4137 3770
3 3771 3770 3756
3 3757 3771 3756
3 3757 3756 4111
3 4112 3757 4111
3 4138 4112 4111
3 4138 4111 4137
3 3771 4138 4112
3 3757 3771 4112
3 3507 3555 3782
3 3728 3507 3782
3 3781 3554 3555
3 3781 3555 3782
3 3727 3781 3782
3 3727 3782 3728
3 3727 3728 3507
3 3506 3727 3507
3 3506 3507 3555
3 3554 3506 3555
3 3506 3554 3781
3 3727 3506 3781
3 3504 3553 3786
3 3746 3504 3786
3 3785 3552 3553
3 3785 3553 3786
3 3745 3785 3786
3 3745 3786 3746
3 3745 3746 3504
3 3502 3745 3504
3 3502 3504 3553
3 3552 3502 3553
3 3502 3552 3785
3 3745 3502 3785
3 3718 3710 3708
3 3716 3718 3708
3 3719 3711 3710
3 3719 3710 3718
3 3717 3719 3718
3 3717 3718 3716
3 3717 3716 3708
3 3709 3717 3708
3 3709 3708 3710
3 3711 3709 3710
3 3719 3711 3709
3 3717 3719 3709
3 3779 3723 3721
3 3777 3779 3721
3 3780 3724 3723
3 3780 3723 3779
3 3778 3780 3779
3 3778 3779 3777
3 3778 3777 3721
3 3722 3778 3721
3 3722 3721 3723
3 3724 3722 3723
3 3780 3724 3722
3 3778 3780 3722
3 3653 3588 3585
3 3650 3653 3585
3 3654 3589 3588
3 3654 3588 3653
3 3651 3654 3653
3 3651 3653 3650
3 3651 3650 3585
3 3586 3651 3585
3 3586 3585 3588
3 3589 3586 3588
3 3654 3589 3586
3 3651 3654 3586
3 3582 3574 3572
3 3580 3582 3572
3 3583 3575 3574
3 3583 3574 3582
3 3581 3583 3582
3 3581 3582 3580
3 3581 3580 3572
3 3573 3581 3572
3 3573 3572 3574
3 3575 3573 3574
3 3583 3575 3573
3 3581 3583 3573
3 3566 3561 3559
3 3564 3566 3559
3 3567 3562 3561
3 3567 3561 3566
3 3565 3567 3566
3 3565 3566 3564
3 3565 3564 3559
3 3560 3565 3559
3 3560 3559 3561
3 3562 3560 3561
3 3567 3562 3560
3 3565 3567 3560
3 3509 3557 3784
3 3731 3509 3784
3 3783 3556 3557
3 3783 3557 3784
3 3730 3783 3784
3 3730 3784 3731
3 3730 3731 3509
3 3508 3730 3509
3 3508 3509 3557
3 3556 3508 3557
3 3508 3556 3783
3 3730 3508 3783
3 3533 3738 3728
3 3514 3533 3728
3 3534 3740 3738
3 3534 3738 3533
3 3534 3533 3514
3 3515 3534 3514
3 3515 3514 3728
3 3729 3515 3728
3 3740 3729 3728
3 3740 3728 3738
3 3534 3740 3729
3 3515 3534 3729
3 3534 3740 3729
3 3515 3534 3729
3 3534 3740 3729
3 3515 3534 3729
3 3537 3743 3740
3 3537 3740 3534
3 3537 3534 3515
3 3516 3537 3515
3 3516 3515 3729
3 3732 3516 3729
3 3743 3732 3729
3 3743 3729 3740
3 3537 3743 3732
3 3516 3537 3732
3 3537 3743 3732
3 3516 3537 3732
3 3537 3743 3732
3 3516 3537 3732
3 3538 3744 3743
3 3538 3743 3537
3 3538 3537 3516
3 3517 3538 3516
3 3517 3516 3732
3 3733 3517 3732
3 3744 3733 3732
3 3744 3732 3743
3 3538 3744 3733
3 3517 3538 3733
3 3538 3744 3733
3 3517 3538 3733
3 3538 3744 3733
3 3517 3538 3733
3 3539 3745 3744
3 3539 3744 3538
3 3539 3538 3517
3 3518 3539 3517
3 3518 3517 3733
3 3734 3518 3733
3 3745 3734 3733
3 3745 3733 3744
3 3539 3745 3734
3 3518 3539 3734
3 222 205 189
3 220 222 189
3 223 206 205
3 223 205 222
3 221 223 222
3 221 222 220
3 221 220 189
3 190 221 189
3 190 189 205
3 206 190 205
3 223 206 190
3 221 223 190
3 16 8 6
3 14 16 6
3 17 9 8
3 17 8 16
3 15 17 16
3 15 16 14
3 15 14 6
3 7 15 6
3 7 6 8
3 9 7 8
3 17 9 7
3 15 17 7
3 525 445 429
3 523 525 429
3 526 446 445
3 526 445 525
3 524 526 525
3 524 525 523
3 524 523 429
3 430 524 429
3 430 429 445
3 446 430 445
3 526 446 430
3 524 526 430
3 733 711 695
3 731 733 695
3 734 712 711
3 734 711 733
3 732 734 733
3 732 733 731
3 732 731 695
3 696 732 695
3 696 695 711
3 712 696 711
3 734 712 696
3 732 734 696
3 937 915 899
3 935 937 899
3 938 916 915
3 938 915 937
3 936 938 937
3 936 937 935
3 936 935 899
3 900 936 899
3 900 899 915
3 916 900 915
3 938 916 900
3 936 938 900
3 1326 1237 1218
3 1324 1326 1218
3 1327 1238 1237
3 1327 1237 1326
3 1325 1327 1326
3 1325 1326 1324
3 1325 1324 1218
3 1219 1325 1218
3 1219 1218 1237
3 1238 1219 1237
3 1327 1238 1219
3 1325 1327 1219
3 1854 1584 1568
3 1852 1854 1568
3 1855 1585 1584
3 1855 1584 1854
3 1853 1855 1854
3 1853 1854 1852
3 1853 1852 1568
3 1569 1853 1568
3 1569 1568 1584
3 1585 1569 1584
3 1855 1585 1569
3 1853 1855 1569
3 201 203 199
3 197 201 199
3 193 197 199
3 187 193 199
3 183 187 199
3 179 183 199
3 175 179 199
3 171 175 199
3 167 171 199
3 163 167 199
3 159 163 199
3 155 159 199
3 149 155 199
3 145 149 199
3 141 145 199
3 137 141 199
3 133 137 199
3 127 133 199
3 123 127 199
3 119 123 199
3 115 119 199
3 103 115 199
3 99 103 199
3 95 99 199
3 91 95 199
3 87 91 199
3 83 87 199
3 79 83 199
3 75 79 199
3 71 75 199
3 67 71 199
3 63 67 199
3 54 63 199
3 50 54 199
3 46 50 199
3 42 46 199
3 44 42 199
3 48 44 199
3 52 48 199
3 61 52 199
3 65 61 199
3 69 65 199
3 73 69 199
3 77 73 199
3 81 77 199
3 85 81 199
3 89 85 199
3 93 89 199
3 97 93 199
3 101 97 199
3 113 101 199
3 117 113 199
3 121 117 199
3 125 121 199
3 131 125 199
3 135 131 199
3 139 135 199
3 143 139 199
3 147 143 199
3 153 147 199
3 157 153 199
3 161 157 199
3 165 161 199
3 169 165 199
3 173 169 199
3 177 173 199
3 181 177 199
3 185 181 199
3 191 185 199
3 195 191 199
3 202 204 203
3 202 203 201
3 198 202 201
3 198 201 197
3 194 198 197
3 194 197 193
3 188 194 193
3 188 193 187
3 184 188 187
3 184 187 183
3 180 184 183
3 180 183 179
3 176 180 179
3 176 179 175
3 172 176 175
3 172 175 171
3 168 172 171
3 168 171 167
3 168 167 163
3 164 168 163
3 164 163 159
3 160 164 159
3 160 159 155
3 156 160 155
3 156 155 149
3 150 156 149
3 150 149 145
3 146 150 145
3 146 145 141
3 142 146 141
3 142 141 137
3 138 142 137
3 138 137 133
3 134 138 133
3 134 133 127
3 128 134 127
3 128 127 123
3 124 128 123
3 124 123 119
3 120 124 119
3 120 119 115
3 116 120 115
3 116 115 103
3 104 116 103
3 104 103 99
3 100 104 99
3 100 99 95
3 96 100 95
3 96 95 91
3 92 96 91
3 92 91 87
3 88 92 87
3 88 87 83
3 84 88 83
3 84 83 79
3 80 84 79
3 80 79 75
3 76 80 75
3 76 75 71
3 72 76 71
3 72 71 67
3 68 72 67
3 68 67 63
3 64 68 63
3 64 63 54
3 55 64 54
3 55 54 50
3 51 55 50
3 51 50 46
3 47 51 46
3 47 46 42
3 43 47 42
3 43 42 44
3 45 43 44
3 45 44 48
3 49 45 48
3 49 48 52
3 53 49 52
3 53 52 61
3 62 53 61
3 62 61 65
3 66 62 65
3 66 65 69
3 70 66 69
3 70 69 73
3 74 70 73
3 74 73 77
3 78 74 77
3 78 77 81
3 82 78 81
3 86 82 81
3 86 81 85
3 90 86 85
3 90 85 89
3 94 90 89
3 94 89 93
3 98 94 93
3 98 93 97
3 102 98 97
3 102 97 101
3 114 102 101
3 114 101 113
3 118 114 113
3 118 113 117
3 122 118 117
3 122 117 121
3 126 122 121
3 126 121 125
3 132 126 125
3 132 125 131
3 136 132 131
3 136 131 135
3 140 136 135
3 140 135 139
3 144 140 139
3 144 139 143
3 148 144 143
3 148 143 147
3 154 148 147
3 154 147 153
3 158 154 153
3 158 153 157
3 162 158 157
3 162 157 161
3 166 162 161
3 166 161 165
3 170 166 165
3 170 165 169
3 174 170 169
3 174 169 173
3 178 174 173
3 178 173 177
3 182 178 177
3 182 177 181
3 186 182 181
3 186 181 185
3 192 186 185
3 192 185 191
3 196 192 191
3 196 191 195
3 200 196 195
3 200 195 199
3 204 200 199
3 204 199 203
3 202 204 200
3 198 202 200
3 194 198 200
3 188 194 200
3 184 188 200
3 180 184 200
3 176 180 200
3 172 176 200
3 168 172 200
3 164 168 200
3 160 164 200
3 156 160 200
3 150 156 200
3 146 150 200
3 142 146 200
3 138 142 200
3 134 138 200
3 128 134 200
3 124 128 200
3 120 124 200
3 116 120 200
3 104 116 200
3 100 104 200
3 96 100 200
3 92 96 200
3 88 92 200
3 84 88 200
3 80 84 200
3 76 80 200
3 72 76 200
3 68 72 200
3 64 68 200
3 55 64 200
3 51 55 200
3 47 51 200
3 43 47 200
3 45 43 200
3 49 45 200
3 53 49 200
3 62 53 200
3 66 62 200
3 70 66 200
3 74 70 200
3 78 74 200
3 82 78 200
3 86 82 200
3 90 86 200
3 94 90 200
3 98 94 200
3 102 98 200
3 114 102 200
3 118 114 200
3 122 118 200
3 126 122 200
3 132 126 200
3 136 132 200
3 140 136 200
3 144 140 200
3 148 144 200
3 154 148 200
3 158 154 200
3 162 158 200
3 166 162 200
3 170 166 200
3 174 170 200
3 178 174 200
3 182 178 200
3 186 182 200
3 192 186 200
3 196 192 200
3 441 443 439
3 437 441 439
3 433 437 439
3 427 433 439
3 423 427 439
3 419 423 439
3 415 419 439
3 411 415 439
3 407 411 439
3 403 407 439
3 399 403 439
3 395 399 439
3 389 395 439
3 385 389 439
3 381 385 439
3 377 381 439
3 373 377 439
3 369 373 439
3 365 369 439
3 359 365 439
3 355 359 439
3 351 355 439
3 347 351 439
3 343 347 439
3 339 343 439
3 335 339 439
3 331 335 439
3 327 331 439
3 323 327 439
3 319 323 439
3 315 319 439
3 311 315 439
3 307 311 439
3 303 307 439
3 299 303 439
3 295 299 439
3 297 295 439
3 301 297 439
3 305 301 439
3 309 305 439
3 313 309 439
3 317 313 439
3 321 317 439
3 325 321 439
3 329 325 439
3 333 329 439
3 337 333 439
3 341 337 439
3 345 341 439
3 349 345 439
3 353 349 439
3 357 353 439
3 363 357 439
3 367 363 439
3 371 367 439
3 375 371 439
3 379 375 439
3 383 379 439
3 387 383 439
3 393 387 439
3 397 393 439
3 401 397 439
3 405 401 439
3 409 405 439
3 413 409 439
3 417 413 439
3 421 417 439
3 425 421 439
3 431 425 439
3 435 431 439
3 442 444 443
3 442 443 441
3 438 442 441
3 438 441 437
3 434 438 437
3 434 437 433
3 428 434 433
3 428 433 427
3 424 428 427
3 424 427 423
3 420 424 423
3 420 423 419
3 416 420 419
3 416 419 415
3 412 416 415
3 412 415 411
3 408 412 411
3 408 411 407
3 408 407 403
3 404 408 403
3 404 403 399
3 400 404 399
3 400 399 395
3 396 400 395
3 396 395 389
3 390 396 389
3 390 389 385
3 386 390 385
3 386 385 381
3 382 386 381
3 382 381 377
3 378 382 377
3 378 377 373
3 374 378 373
3 374 373 369
3 370 374 369
3 370 369 365
3 366 370 365
3 366 365 359
3 360 366 359
3 360 359 355
3 356 360 355
3 356 355 351
3 352 356 351
3 352 351 347
3 348 352 347
3 348 347 343
3 344 348 343
3 344 343 339
3 340 344 339
3 340 339 335
3 336 340 335
3 336 335 331
3 332 336 331
3 332 331 327
3 328 332 327
3 328 327 323
3 324 328 323
3 324 323 319
3 320 324 319
3 320 319 315
3 316 320 315
3 316 315 311
3 312 316 311
3 312 311 307
3 308 312 307
3 308 307 303
3 304 308 303
3 304 303 299
3 300 304 299
3 300 299 295
3 296 300 295
3 296 295 297
3 298 296 297
3 298 297 301
3 302 298 301
3 302 301 305
3 306 302 305
3 306 305 309
3 310 306 309
3 310 309 313
3 314 310 313
3 314 313 317
3 318 314 317
3 318 317 321
3 322 318 321
3 322 321 325
3 326 322 325
3 326 325 329
3 330 326 329
3 334 330 329
3 334 329 333
3 338 334 333
3 338 333 337
3 342 338 337
3 342 337 341
3 346 342 341
3 346 341 345
3 350 346 345
3 350 345 349
3 354 350 349
3 354 349 353
3 358 354 353
3 358 353 357
3 364 358 357
3 364 357 363
3 368 364 363
3 368 363 367
3 372 368 367
3 372 367 371
3 376 372 371
3 376 371 375
3 380 376 375
3 380 375 379
3 384 380 379
3 384 379 383
3 388 384 383
3 388 383 387
3 394 388 387
3 394 387 393
3 398 394 393
3 398 393 397
3 402 398 397
3 402 397 401
3 406 402 401
3 406 401 405
3 410 406 405
3 410 405 409
3 414 410 409
3 414 409 413
3 418 414 413
3 418 413 417
3 422 418 417
3 422 417 421
3 426 422 421
3 426 421 425
3 432 426 425
3 432 425 431
3 436 432 431
3 436 431 435
3 440 436 435
3 440 435 439
3 444 440 439
3 444 439 443
3 442 444 440
3 438 442 440
3 434 438 440
3 428 434 440
3 424 428 440
3 420 424 440
3 416 420 440
3 412 416 440
3 408 412 440
3 404 408 440
3 400 404 440
3 396 400 440
3 390 396 440
3 386 390 440
3 382 386 440
3 378 382 440
3 374 378 440
3 370 374 440
3 366 370 440
3 360 366 440
3 356 360 440
3 352 356 440
3 348 352 440
3 344 348 440
3 340 344 440
3 336 340 440
3 332 336 440
3 328 332 440
3 324 328 440
3 320 324 440
3 316 320 440
3 312 316 440
3 308 312 440
3 304 308 440
3 300 304 440
3 296 300 440
3 298 296 440
3 302 298 440
3 306 302 440
3 310 306 440
3 314 310 440
3 318 314 440
3 322 318 440
3 326 322 440
3 330 326 440
3 334 330 440
3 338 334 440
3 342 338 440
3 346 342 440
3 350 346 440
3 354 350 440
3 358 354 440
3 364 358 440
3 368 364 440
3 372 368 440
3 376 372 440
3 380 376 440
3 384 380 440
3 388 384 440
3 394 388 440
3 398 394 440
3 402 398 440
3 406 402 440
3 410 406 440
3 414 410 440
3 418 414 440
3 422 418 440
3 426 422 440
3 432 426 440
3 436 432 440
3 707 709 705
3 703 707 705
3 699 703 705
3 693 699 705
3 689 693 705
3 685 689 705
3 681 685 705
3 677 681 705
3 673 677 705
3 669 673 705
3 665 669 705
3 661 665 705
3 655 661 705
3 651 655 705
3 647 651 705
3 643 647 705
3 639 643 705
3 635 639 705
3 631 635 705
3 625 631 705
3 621 625 705
3 617 621 705
3 613 617 705
3 607 613 705
3 603 607 705
3 599 603 705
3 595 599 705
3 591 595 705
3 587 591 705
3 583 587 705
3 577 583 705
3 571 577 705
3 567 571 705
3 563 567 705
3 559 563 705
3 555 559 705
3 557 555 705
3 561 557 705
3 565 561 705
3 569 565 705
3 575 569 705
3 581 575 705
3 585 581 705
3 589 585 705
3 593 589 705
3 597 593 705
3 601 597 705
3 605 601 705
3 611 605 705
3 615 611 705
3 619 615 705
3 623 619 705
3 629 623 705
3 633 629 705
3 637 633 705
3 641 637 705
3 645 641 705
3 649 645 705
3 653 649 705
3 659 653 705
3 663 659 705
3 667 663 705
3 671 667 705
3 675 671 705
3 679 675 705
3 683 679 705
3 687 683 705
3 691 687 705
3 697 691 705
3 701 697 705
3 708 710 709
3 708 709 707
3 704 708 707
3 704 707 703
3 700 704 703
3 700 703 699
3 694 700 699
3 694 699 693
3 690 694 693
3 690 693 689
3 686 690 689
3 686 689 685
3 682 686 685
3 682 685 681
3 678 682 681
3 678 681 677
3 674 678 677
3 674 677 673
3 674 673 669
3 670 674 669
3 670 669 665
3 666 670 665
3 666 665 661
3 662 666 661
3 662 661 655
3 656 662 655
3 656 655 651
3 652 656 651
3 652 651 647
3 648 652 647
3 648 647 643
3 644 648 643
3 644 643 639
3 640 644 639
3 640 639 635
3 636 640 635
3 636 635 631
3 632 636 631
3 632 631 625
3 626 632 625
3 626 625 621
3 622 626 621
3 622 621 617
3 618 622 617
3 618 617 613
3 614 618 613
3 614 613 607
3 608 614 607
3 608 607 603
3 604 608 603
3 604 603 599
3 600 604 599
3 600 599 595
3 596 600 595
3 596 595 591
3 592 596 591
3 592 591 587
3 588 592 587
3 588 587 583
3 584 588 583
3 584 583 577
3 578 584 577
3 578 577 571
3 572 578 571
3 572 571 567
3 568 572 567
3 568 567 563
3 564 568 563
3 564 563 559
3 560 564 559
3 560 559 555
3 556 560 555
3 556 555 557
3 558 556 557
3 558 557 561
3 562 558 561
3 562 561 565
3 566 562 565
3 566 565 569
3 570 566 569
3 570 569 575
3 576 570 575
3 576 575 581
3 582 576 581
3 582 581 585
3 586 582 585
3 586 585 589
3 590 586 589
3 590 589 593
3 594 590 593
3 598 594 593
3 598 593 597
3 602 598 597
3 602 597 601
3 606 602 601
3 606 601 605
3 612 606 605
3 612 605 611
3 616 612 611
3 616 611 615
3 620 616 615
3 620 615 619
3 624 620 619
3 624 619 623
3 630 624 623
3 630 623 629
3 634 630 629
3 634 629 633
3 638 634 633
3 638 633 637
3 642 638 637
3 642 637 641
3 646 642 641
3 646 641 645
3 650 646 645
3 650 645 649
3 654 650 649
3 654 649 653
3 660 654 653
3 660 653 659
3 664 660 659
3 664 659 663
3 668 664 663
3 668 663 667
3 672 668 667
3 672 667 671
3 676 672 671
3 676 671 675
3 680 676 675
3 680 675 679
3 684 680 679
3 684 679 683
3 688 684 683
3 688 683 687
3 692 688 687
3 692 687 691
3 698 692 691
3 698 691 697
3 702 698 697
3 702 697 701
3 706 702 701
3 706 701 705
3 710 706 705
3 710 705 709
3 708 710 706
3 704 708 706
3 700 704 706
3 694 700 706
3 690 694 706
3 686 690 706
3 682 686 706
3 678 682 706
3 674 678 706
3 670 674 706
3 666 670 706
3 662 666 706
3 656 662 706
3 652 656 706
3 648 652 706
3 644 648 706
3 640 644 706
3 636 640 706
3 632 636 706
3 626 632 706
3 622 626 706
3 618 622 706
3 614 618 706
3 608 614 706
3 604 608 706
3 600 604 706
3 596 600 706
3 592 596 706
3 588 592 706
3 584 588 706
3 578 584 706
3 572 578 706
3 568 572 706
3 564 568 706
3 560 564 706
3 556 560 706
3 558 556 706
3 562 558 706
3 566 562 706
3 570 566 706
3 576 570 706
3 582 576 706
3 586 582 706
3 590 586 706
3 594 590 706
3 598 594 706
3 602 598 706
3 606 602 706
3 612 606 706
3 616 612 706
3 620 616 706
3 624 620 706
3 630 624 706
3 634 630 706
3 638 634 706
3 642 638 706
3 646 642 706
3 650 646 706
3 654 650 706
3 660 654 706
3 664 660 706
3 668 664 706
3 672 668 706
3 676 672 706
3 680 676 706
3 684 680 706
3 688 684 706
3 692 688 706
3 698 692 706
3 702 698 706
3 911 913 909
3 907 911 909
3 903 907 909
3 897 903 909
3 893 897 909
3 889 893 909
3 885 889 909
3 881 885 909
3 877 881 909
3 873 877 909
3 869 873 909
3 865 869 909
3 859 865 909
3 855 859 909
3 851 855 909
3 847 851 909
3 843 847 909
3 839 843 909
3 835 839 909
3 831 835 909
3 827 831 909
3 823 827 909
3 819 823 909
3 813 819 909
3 809 813 909
3 805 809 909
3 801 805 909
3 797 801 909
3 793 797 909
3 789 793 909
3 783 789 909
3 777 783 909
3 773 777 909
3 769 773 909
3 765 769 909
3 761 765 909
3 763 761 909
3 767 763 909
3 771 767 909
3 775 771 909
3 781 775 909
3 787 781 909
3 791 787 909
3 795 791 909
3 799 795 909
3 803 799 909
3 807 803 909
3 811 807 909
3 817 811 909
3 821 817 909
3 825 821 909
3 829 825 909
3 833 829 909
3 837 833 909
3 841 837 909
3 845 841 909
3 849 845 909
3 853 849 909
3 857 853 909
3 863 857 909
3 867 863 909
3 871 867 909
3 875 871 909
3 879 875 909
3 883 879 909
3 887 883 909
3 891 887 909
3 895 891 909
3 901 895 909
3 905 901 909
3 912 914 913
3 912 913 911
3 908 912 911
3 908 911 907
3 904 908 907
3 904 907 903
3 898 904 903
3 898 903 897
3 894 898 897
3 894 897 893
3 890 894 893
3 890 893 889
3 886 890 889
3 886 889 885
3 882 886 885
3 882 885 881
3 878 882 881
3 878 881 877
3 878 877 873
3 874 878 873
3 874 873 869
3 870 874 869
3 870 869 865
3 866 870 865
3 866 865 859
3 860 866 859
3 860 859 855
3 856 860 855
3 856 855 851
3 852 856 851
3 852 851 847
3 848 852 847
3 848 847 843
3 844 848 843
3 844 843 839
3 840 844 839
3 840 839 835
3 836 840 835
3 836 835 831
3 832 836 831
3 832 831 827
3 828 832 827
3 828 827 823
3 824 828 823
3 824 823 819
3 820 824 819
3 820 819 813
3 814 820 813
3 814 813 809
3 810 814 809
3 810 809 805
3 806 810 805
3 806 805 801
3 802 806 801
3 802 801 797
3 798 802 797
3 798 797 793
3 794 798 793
3 794 793 789
3 790 794 789
3 790 789 783
3 784 790 783
3 784 783 777
3 778 784 777
3 778 777 773
3 774 778 773
3 774 773 769
3 770 774 769
3 770 769 765
3 766 770 765
3 766 765 761
3 762 766 761
3 762 761 763
3 764 762 763
3 764 763 767
3 768 764 767
3 768 767 771
3 772 768 771
3 772 771 775
3 776 772 775
3 776 775 781
3 782 776 781
3 782 781 787
3 788 782 787
3 788 787 791
3 792 788 791
3 792 791 795
3 796 792 795
3 796 795 799
3 800 796 799
3 804 800 799
3 804 799 803
3 808 804 803
3 808 803 807
3 812 808 807
3 812 807 811
3 818 812 811
3 818 811 817
3 822 818 817
3 822 817 821
3 826 822 821
3 826 821 825
3 830 826 825
3 830 825 829
3 834 830 829
3 834 829 833
3 838 834 833
3 838 833 837
3 842 838 837
3 842 837 841
3 846 842 841
3 846 841 845
3 850 846 845
3 850 845 849
3 854 850 849
3 854 849 853
3 858 854 853
3 858 853 857
3 864 858 857
3 864 857 863
3 868 864 863
3 868 863 867
3 872 868 867
3 872 867 871
3 876 872 871
3 876 871 875
3 880 876 875
3 880 875 879
3 884 880 879
3 884 879 883
3 888 884 883
3 888 883 887
3 892 888 887
3 892 887 891
3 896 892 891
3 896 891 895
3 902 896 895
3 902 895 901
3 906 902 901
3 906 901 905
3 910 906 905
3 910 905 909
3 914 910 909
3 914 909 913
3 912 914 910
3 908 912 910
3 904 908 910
3 898 904 910
3 894 898 910
3 890 894 910
3 886 890 910
3 882 886 910
3 878 882 910
3 874 878 910
3 870 874 910
3 866 870 910
3 860 866 910
3 856 860 910
3 852 856 910
3 848 852 910
3 844 848 910
3 840 844 910
3 836 840 910
3 832 836 910
3 828 832 910
3 824 828 910
3 820 824 910
3 814 820 910
3 810 814 910
3 806 810 910
3 802 806 910
3 798 802 910
3 794 798 910
3 790 794 910
3 784 790 910
3 778 784 910
3 774 778 910
3 770 774 910
3 766 770 910
3 762 766 910
3 764 762 910
3 768 764 910
3 772 768 910
3 776 772 910
3 782 776 910
3 788 782 910
3 792 788 910
3 796 792 910
3 800 796 910
3 804 800 910
3 808 804 910
3 812 808 910
3 818 812 910
3 822 818 910
3 826 822 910
3 830 826 910
3 834 830 910
3 838 834 910
3 842 838 910
3 846 842 910
3 850 846 910
3 854 850 910
3 858 854 910
3 864 858 910
3 868 864 910
3 872 868 910
3 876 872 910
3 880 876 910
3 884 880 910
3 888 884 910
3 892 888 910
3 896 892 910
3 902 896 910
3 906 902 910
3 1233 1235 1231
3 1229 1233 1231
3 1223 1229 1231
3 1216 1223 1231
3 1212 1216 1231
3 1206 1212 1231
3 1202 1206 1231
3 1198 1202 1231
3 1194 1198 1231
3 1190 1194 1231
3 1186 1190 1231
3 1182 1186 1231
3 1176 1182 1231
3 1170 1176 1231
3 1166 1170 1231
3 1152 1166 1231
3 1148 1152 1231
3 1125 1148 1231
3 1117 1125 1231
3 1084 1117 1231
3 1080 1084 1231
3 1076 1080 1231
3 1072 1076 1231
3 1063 1072 1231
3 1057 1063 1231
3 1053 1057 1231
3 1049 1053 1231
3 1045 1049 1231
3 1041 1045 1231
3 1037 1041 1231
3 1031 1037 1231
3 1025 1031 1231
3 1021 1025 1231
3 1017 1021 1231
3 1013 1017 1231
3 1009 1013 1231
3 1011 1009 1231
3 1015 1011 1231
3 1019 1015 1231
3 1023 1019 1231
3 1029 1023 1231
3 1035 1029 1231
3 1039 1035 1231
3 1043 1039 1231
3 1047 1043 1231
3 1051 1047 1231
3 1055 1051 1231
3 1061 1055 1231
3 1070 1061 1231
3 1074 1070 1231
3 1078 1074 1231
3 1082 1078 1231
3 1115 1082 1231
3 1123 1115 1231
3 1146 1123 1231
3 1150 1146 1231
3 1164 1150 1231
3 1168 1164 1231
3 1174 1168 1231
3 1180 1174 1231
3 1184 1180 1231
3 1188 1184 1231
3 1192 1188 1231
3 1196 1192 1231
3 1200 1196 1231
3 1204 1200 1231
3 1210 1204 1231
3 1214 1210 1231
3 1225 1214 1231
3 1227 1225 1231
3 1234 1236 1235
3 1234 1235 1233
3 1230 1234 1233
3 1230 1233 1229
3 1224 1230 1229
3 1224 1229 1223
3 1217 1224 1223
3 1217 1223 1216
3 1213 1217 1216
3 1213 1216 1212
3 1207 1213 1212
3 1207 1212 1206
3 1203 1207 1206
3 1203 1206 1202
3 1199 1203 1202
3 1199 1202 1198
3 1195 1199 1198
3 1195 1198 1194
3 1195 1194 1190
3 1191 1195 1190
3 1191 1190 1186
3 1187 1191 1186
3 1187 1186 1182
3 1183 1187 1182
3 1183 1182 1176
3 1177 1183 1176
3 1177 1176 1170
3 1171 1177 1170
3 1171 1170 1166
3 1167 1171 1166
3 1167 1166 1152
3 1153 1167 1152
3 1153 1152 1148
3 1149 1153 1148
3 1149 1148 1125
3 1126 1149 1125
3 1126 1125 1117
3 1118 1126 1117
3 1118 1117 1084
3 1085 1118 1084
3 1085 1084 1080
3 1081 1085 1080
3 1081 1080 1076
3 1077 1081 1076
3 1077 1076 1072
3 1073 1077 1072
3 1073 1072 1063
3 1064 1073 1063
3 1064 1063 1057
3 1058 1064 1057
3 1058 1057 1053
3 1054 1058 1053
3 1054 1053 1049
3 1050 1054 1049
3 1050 1049 1045
3 1046 1050 1045
3 1046 1045 1041
3 1042 1046 1041
3 1042 1041 1037
3 1038 1042 1037
3 1038 1037 1031
3 1032 1038 1031
3 1032 1031 1025
3 1026 1032 1025
3 1026 1025 1021
3 1022 1026 1021
3 1022 1021 1017
3 1018 1022 1017
3 1018 1017 1013
3 1014 1018 1013
3 1014 1013 1009
3 1010 1014 1009
3 1010 1009 1011
3 1012 1010 1011
3 1012 1011 1015
3 1016 1012 1015
3 1016 1015 1019
3 1020 1016 1019
3 1020 1019 1023
3 1024 1020 1023
3 1024 1023 1029
3 1030 1024 1029
3 1030 1029 1035
3 1036 1030 1035
3 1036 1035 1039
3 1040 1036 1039
3 1040 1039 1043
3 1044 1040 1043
3 1044 1043 1047
3 1048 1044 1047
3 1052 1048 1047
3 1052 1047 1051
3 1056 1052 1051
3 1056 1051 1055
3 1062 1056 1055
3 1062 1055 1061
3 1071 1062 1061
3 1071 1061 1070
3 1075 1071 1070
3 1075 1070 1074
3 1079 1075 1074
3 1079 1074 1078
3 1083 1079 1078
3 1083 1078 1082
3 1116 1083 1082
3 1116 1082 1115
3 1124 1116 1115
3 1124 1115 1123
3 1147 1124 1123
3 1147 1123 1146
3 1151 1147 1146
3 1151 1146 1150
3 1165 1151 1150
3 1165 1150 1164
3 1169 1165 1164
3 1169 1164 1168
3 1175 1169 1168
3 1175 1168 1174
3 1181 1175 1174
3 1181 1174 1180
3 1185 1181 1180
3 1185 1180 1184
3 1189 1185 1184
3 1189 1184 1188
3 1193 1189 1188
3 1193 1188 1192
3 1197 1193 1192
3 1197 1192 1196
3 1201 1197 1196
3 1201 1196 1200
3 1205 1201 1200
3 1205 1200 1204
3 1211 1205 1204
3 1211 1204 1210
3 1215 1211 1210
3 1215 1210 1214
3 1226 1215 1214
3 1226 1214 1225
3 1228 1226 1225
3 1228 1225 1227
3 1232 1228 1227
3 1232 1227 1231
3 1236 1232 1231
3 1236 1231 1235
3 1234 1236 1232
3 1230 1234 1232
3 1224 1230 1232
3 1217 1224 1232
3 1213 1217 1232
3 1207 1213 1232
3 1203 1207 1232
3 1199 1203 1232
3 1195 1199 1232
3 1191 1195 1232
3 1187 1191 1232
3 1183 1187 1232
3 1177 1183 1232
3 1171 1177 1232
3 1167 1171 1232
3 1153 1167 1232
3 1149 1153 1232
3 1126 1149 1232
3 1118 1126 1232
3 1085 1118 1232
3 1081 1085 1232
3 1077 1081 1232
3 1073 1077 1232
3 1064 1073 1232
3 1058 1064 1232
3 1054 1058 1232
3 1050 1054 1232
3 1046 1050 1232
3 1042 1046 1232
3 1038 1042 1232
3 1032 1038 1232
3 1026 1032 1232
3 1022 1026 1232
3 1018 1022 1232
3 1014 1018 1232
3 1010 1014 1232
3 1012 1010 1232
3 1016 1012 1232
3 1020 1016 1232
3 1024 1020 1232
3 1030 1024 1232
3 1036 1030 1232
3 1040 1036 1232
3 1044 1040 1232
3 1048 1044 1232
3 1052 1048 1232
3 1056 1052 1232
3 1062 1056 1232
3 1071 1062 1232
3 1075 1071 1232
3 1079 1075 1232
3 1083 1079 1232
3 1116 1083 1232
3 1124 1116 1232
3 1147 1124 1232
3 1151 1147 1232
3 1165 1151 1232
3 1169 1165 1232
3 1175 1169 1232
3 1181 1175 1232
3 1185 1181 1232
3 1189 1185 1232
3 1193 1189 1232
3 1197 1193 1232
3 1201 1197 1232
3 1205 1201 1232
3 1211 1205 1232
3 1215 1211 1232
3 1226 1215 1232
3 1228 1226 1232
3 1580 1582 1578
3 1576 1580 1578
3 1572 1576 1578
3 1566 1572 1578
3 1562 1566 1578
3 1552 1562 1578
3 1548 1552 1578
3 1544 1548 1578
3 1540 1544 1578
3 1534 1540 1578
3 1530 1534 1578
3 1526 1530 1578
3 1520 1526 1578
3 1516 1520 1578
3 1512 1516 1578
3 1508 1512 1578
3 1502 1508 1578
3 1498 1502 1578
3 1492 1498 1578
3 1488 1492 1578
3 1484 1488 1578
3 1480 1484 1578
3 1476 1480 1578
3 1472 1476 1578
3 1468 1472 1578
3 1464 1468 1578
3 1460 1464 1578
3 1456 1460 1578
3 1452 1456 1578
3 1448 1452 1578
3 1444 1448 1578
3 1440 1444 1578
3 1436 1440 1578
3 1432 1436 1578
3 1425 1432 1578
3 1421 1425 1578
3 1423 1421 1578
3 1430 1423 1578
3 1434 1430 1578
3 1438 1434 1578
3 1442 1438 1578
3 1446 1442 1578
3 1450 1446 1578
3 1454 1450 1578
3 1458 1454 1578
3 1462 1458 1578
3 1466 1462 1578
3 1470 1466 1578
3 1474 1470 1578
3 1478 1474 1578
3 1482 1478 1578
3 1486 1482 1578
3 1490 1486 1578
3 1496 1490 1578
3 1500 1496 1578
3 1506 1500 1578
3 1510 1506 1578
3 1514 1510 1578
3 1518 1514 1578
3 1524 1518 1578
3 1528 1524 1578
3 1532 1528 1578
3 1538 1532 1578
3 1542 1538 1578
3 1546 1542 1578
3 1550 1546 1578
3 1560 1550 1578
3 1564 1560 1578
3 1570 1564 1578
3 1574 1570 1578
3 1581 1583 1582
3 1581 1582 1580
3 1577 1581 1580
3 1577 1580 1576
3 1573 1577 1576
3 1573 1576 1572
3 1567 1573 1572
3 1567 1572 1566
3 1563 1567 1566
3 1563 1566 1562
3 1553 1563 1562
3 1553 1562 1552
3 1549 1553 1552
3 1549 1552 1548
3 1545 1549 1548
3 1545 1548 1544
3 1541 1545 1544
3 1541 1544 1540
3 1541 1540 1534
3 1535 1541 1534
3 1535 1534 1530
3 1531 1535 1530
3 1531 1530 1526
3 1527 1531 1526
3 1527 1526 1520
3 1521 1527 1520
3 1521 1520 1516
3 1517 1521 1516
3 1517 1516 1512
3 1513 1517 1512
3 1513 1512 1508
3 1509 1513 1508
3 1509 1508 1502
3 1503 1509 1502
3 1503 1502 1498
3 1499 1503 1498
3 1499 1498 1492
3 1493 1499 1492
3 1493 1492 1488
3 1489 1493 1488
3 1489 1488 1484
3 1485 1489 1484
3 1485 1484 1480
3 1481 1485 1480
3 1481 1480 1476
3 1477 1481 1476
3 1477 1476 1472
3 1473 1477 1472
3 1473 1472 1468
3 1469 1473 1468
3 1469 1468 1464
3 1465 1469 1464
3 1465 1464 1460
3 1461 1465 1460
3 1461 1460 1456
3 1457 1461 1456
3 1457 1456 1452
3 1453 1457 1452
3 1453 1452 1448
3 1449 1453 1448
3 1449 1448 1444
3 1445 1449 1444
3 1445 1444 1440
3 1441 1445 1440
3 1441 1440 1436
3 1437 1441 1436
3 1437 1436 1432
3 1433 1437 1432
3 1433 1432 1425
3 1426 1433 1425
3 1426 1425 1421
3 1422 1426 1421
3 1422 1421 1423
3 1424 1422 1423
3 1424 1423 1430
3 1431 1424 1430
3 1431 1430 1434
3 1435 1431 1434
3 1435 1434 1438
3 1439 1435 1438
3 1439 1438 1442
3 1443 1439 1442
3 1443 1442 1446
3 1447 1443 1446
3 1447 1446 1450
3 1451 1447 1450
3 1451 1450 1454
3 1455 1451 1454
3 1455 1454 1458
3 1459 1455 1458
3 1463 1459 1458
3 1463 1458 1462
3 1467 1463 1462
3 1467 1462 1466
3 1471 1467 1466
3 1471 1466 1470
3 1475 1471 1470
3 1475 1470 1474
3 1479 1475 1474
3 1479 1474 1478
3 1483 1479 1478
3 1483 1478 1482
3 1487 1483 1482
3 1487 1482 1486
3 1491 1487 1486
3 1491 1486 1490
3 1497 1491 1490
3 1497 1490 1496
3 1501 1497 1496
3 1501 1496 1500
3 1507 1501 1500
3 1507 1500 1506
3 1511 1507 1506
3 1511 1506 1510
3 1515 1511 1510
3 1515 1510 1514
3 1519 1515 1514
3 1519 1514 1518
3 1525 1519 1518
3 1525 1518 1524
3 1529 1525 1524
3 1529 1524 1528
3 1533 1529 1528
3 1533 1528 1532
3 1539 1533 1532
3 1539 1532 1538
3 1543 1539 1538
3 1543 1538 1542
3 1547 1543 1542
3 1547 1542 1546
3 1551 1547 1546
3 1551 1546 1550
3 1561 1551 1550
3 1561 1550 1560
3 1565 1561 1560
3 1565 1560 1564
3 1571 1565 1564
3 1571 1564 1570
3 1575 1571 1570
3 1575 1570 1574
3 1579 1575 1574
3 1579 1574 1578
3 1583 1579 1578
3 1583 1578 1582
3 1581 1583 1579
3 1577 1581 1579
3 1573 1577 1579
3 1567 1573 1579
3 1563 1567 1579
3 1553 1563 1579
3 1549 1553 1579
3 1545 1549 1579
3 1541 1545 1579
3 1535 1541 1579
3 1531 1535 1579
3 1527 1531 1579
3 1521 1527 1579
3 1517 1521 1579
3 1513 1517 1579
3 1509 1513 1579
3 1503 1509 1579
3 1499 1503 1579
3 1493 1499 1579
3 1489 1493 1579
3 1485 1489 1579
3 1481 1485 1579
3 1477 1481 1579
3 1473 1477 1579
3 1469 1473 1579
3 1465 1469 1579
3 1461 1465 1579
3 1457 1461 1579
3 1453 1457 1579
3 1449 1453 1579
3 1445 1449 1579
3 1441 1445 1579
3 1437 1441 1579
3 1433 1437 1579
3 1426 1433 1579
3 1422 1426 1579
3 1424 1422 1579
3 1431 1424 1579
3 1435 1431 1579
3 1439 1435 1579
3 1443 1439 1579
3 1447 1443 1579
3 1451 1447 1579
3 1455 1451 1579
3 1459 1455 1579
3 1463 1459 1579
3 1467 1463 1579
3 1471 1467 1579
3 1475 1471 1579
3 1479 1475 1579
3 1483 1479 1579
3 1487 1483 1579
3 1491 1487 1579
3 1497 1491 1579
3 1501 1497 1579
3 1507 1501 1579
3 1511 1507 1579
3 1515 1511 1579
3 1519 1515 1579
3 1525 1519 1579
3 1529 1525 1579
3 1533 1529 1579
3 1539 1533 1579
3 1543 1539 1579
3 1547 1543 1579
3 1551 1547 1579
3 1561 1551 1579
3 1565 1561 1579
3 1571 1565 1579
3 1575 1571 1579
3 4721 4546 4559
3 4734 4721 4559
3 4548 4546 4721
3 4722 4548 4721
3 4735 4722 4721
3 4735 4721 4734
3 4561 4735 4734
3 4561 4734 4559
3 4561 4559 4546
3 4548 4561 4546
3 4722 4548 4561
3 4735 4722 4561
3 110 214 40
3 4113 2498 2242
3 3758 4113 2242
3 3403 3758 2242
3 3374 3403 2242
3 3384 3393 3374
3 3119 3384 3374
3 3149 3124 3119
3 1154 1119 3159
3 1382 1154 3159
3 1389 1382 3159
3 110 40 10
3 2242 110 10
3 3149 3119 3374
3 3159 3149 3374
3 2242 10 1389
3 3159 3374 2242
3 1389 3159 2242
3 110 214 40
3 4113 2498 2242
3 3758 4113 2242
3 3403 3758 2242
3 3374 3403 2242
3 3384 3393 3374
3 3119 3384 3374
3 3149 3124 3119
3 1154 1119 3159
3 1382 1154 3159
3 1389 1382 3159
3 110 40 10
3 2242 110 10
3 3149 3119 3374
3 3159 3149 3374
3 2242 10 1389
3 3159 3374 2242
3 1389 3159 2242
3 112 215 214
3 112 214 110
3 2244 112 110
3 2244 110 2242
3 2244 2242 2498
3 2500 2244 2498
3 4114 2500 2498
3 4114 2498 4113
3 3759 4114 4113
3 3759 4113 3758
3 3759 3758 3403
3 3404 3759 3403
3 3375 3404 3403
3 3375 3403 3374
3 3394 3375 3374
3 3394 3374 3393
3 3385 3394 3393
3 3385 3393 3384
3 3385 3384 3119
3 3120 3385 3119
3 3120 3119 3124
3 3125 3120 3124
3 3150 3125 3124
3 3150 3124 3149
3 3150 3149 3159
3 3160 3150 3159
3 3160 3159 1119
3 1120 3160 1119
3 1120 1119 1154
3 1155 1120 1154
3 1383 1155 1154
3 1383 1154 1382
3 1383 1382 1389
3 1390 1383 1389
3 1390 1389 10
3 11 1390 10
3 11 10 40
3 41 11 40
3 215 41 40
3 215 40 214
3 112 215 41
3 4114 2500 2244
3 3759 4114 2244
3 3404 3759 2244
3 3375 3404 2244
3 3385 3394 3375
3 3120 3385 3375
3 3150 3125 3120
3 1155 1120 3160
3 1383 1155 3160
3 1390 1383 3160
3 112 41 11
3 2244 112 11
3 3150 3120 3375
3 3160 3150 3375
3 2244 11 1390
3 3160 3375 2244
3 1390 3160 2244
3 2953 2967 2901
3 2837 2953 2901
3 2954 2968 2967
3 2954 2967 2953
3 2954 2953 2837
3 2889 2954 2837
3 2889 2837 2901
3 2951 2889 2901
3 2968 2951 2901
3 2968 2901 2967
3 2954 2968 2951
3 2889 2954 2951
3 3093 3102 3085
3 3079 3093 3085
3 3094 3103 3102
3 3094 3102 3093
3 3094 3093 3079
3 3080 3094 3079
3 3080 3079 3085
3 3086 3080 3085
3 3103 3086 3085
3 3103 3085 3102
3 3094 3103 3086
3 3080 3094 3086
3 3174 3178 3172
3 3170 3174 3172
3 3175 3179 3178
3 3175 3178 3174
3 3175 3174 3170
3 3171 3175 3170
3 3171 3170 3172
3 3173 3171 3172
3 3179 3173 3172
3 3179 3172 3178
3 3175 3179 3173
3 3171 3175 3173
3 3210 3217 3208
3 3206 3210 3208
3 3211 3218 3217
3 3211 3217 3210
3 3211 3210 3206
3 3207 3211 3206
3 3207 3206 3208
3 3209 3207 3208
3 3218 3209 3208
3 3218 3208 3217
3 3211 3218 3209
3 3207 3211 3209
3 3329 3350 3327
3 3317 3329 3327
3 3330 3351 3350
3 3330 3350 3329
3 3330 3329 3317
3 3318 3330 3317
3 3318 3317 3327
3 3328 3318 3327
3 3351 3328 3327
3 3351 3327 3350
3 3330 3351 3328
3 3318 3330 3328
3 3523 3543 3521
3 3491 3523 3521
3 3524 3544 3543
3 3524 3543 3523
3 3524 3523 3491
3 3492 3524 3491
3 3492 3491 3521
3 3522 3492 3521
3 3544 3522 3521
3 3544 3521 3543
3 3524 3544 3522
3 3492 3524 3522
3 3594 3655 3592
3 3590 3594 3592
3 3646 3705 3655
3 3646 3655 3594
3 3646 3594 3590
3 3591 3646 3590
3 3591 3590 3592
3 3593 3591 3592
3 3705 3593 3592
3 3705 3592 3655
3 3646 3705 3593
3 3591 3646 3593
3 2848 3605 3665
3 2911 2848 3665
3 2848 3605 3665
3 2911 2848 3665
3 3606 3605 2848
3 2849 3606 2848
3 2849 2848 2911
3 2912 2849 2911
3 3666 2912 2911
3 3666 2911 3665
3 3606 3666 3665
3 3606 3665 3605
3 2849 3606 3666
3 2912 2849 3666
3 2858 3615 3675
3 2921 2858 3675
3 3616 3615 2858
3 2859 3616 2858
3 2859 2858 2921
3 2922 2859 2921
3 3676 2922 2921
3 3676 2921 3675
3 3616 3676 3675
3 3616 3675 3615
3 2859 3616 3676
3 2922 2859 3676
3 2868 3625 3685
3 2931 2868 3685
3 3626 3625 2868
3 2869 3626 2868
3 2869 2868 2931
3 2932 2869 2931
3 3686 2932 2931
3 3686 2931 3685
3 3626 3686 3685
3 3626 3685 3625
3 2869 3626 3686
3 2932 2869 3686
3 2878 3635 3695
3 2941 2878 3695
3 3636 3635 2878
3 2879 3636 2878
3 2879 2878 2941
3 2942 2879 2941
3 3696 2942 2941
3 3696 2941 3695
3 3636 3696 3695
3 3636 3695 3635
3 2879 3636 3696
3 2942 2879 3696
3 2889 3646 3705
3 2951 2889 3705
3 3647 3646 2889
3 2890 3647 2889
3 2890 2889 2951
3 2952 2890 2951
3 3706 2952 2951
3 3706 2951 3705
3 3647 3706 3705
3 3647 3705 3646
3 2890 3647 3706
3 2952 2890 3706
3 2839 3596 3656
3 2902 2839 3656
3 2838 3595 3648
3 2893 2838 3648
3 3645 3595 2838
3 2888 3645 2838
3 2888 2838 2893
3 2894 2888 2893
3 3649 2894 2893
3 3649 2893 3648
3 3645 3649 3648
3 3645 3648 3595
3 2888 3645 3649
3 2894 2888 3649
3 2850 3607 3667
3 2913 2850 3667
3 2850 3607 3667
3 2913 2850 3667
3 3608 3607 2850
3 2851 3608 2850
3 2851 2850 2913
3 2914 2851 2913
3 3668 2914 2913
3 3668 2913 3667
3 3608 3668 3667
3 3608 3667 3607
3 2851 3608 3668
3 2914 2851 3668
3 2852 3609 3669
3 2915 2852 3669
3 2852 3609 3669
3 2915 2852 3669
3 3610 3609 2852
3 2853 3610 2852
3 2853 2852 2915
3 2916 2853 2915
3 3670 2916 2915
3 3670 2915 3669
3 3610 3670 3669
3 3610 3669 3609
3 2853 3610 3670
3 2916 2853 3670
3 2854 3611 3671
3 2917 2854 3671
3 2854 3611 3671
3 2917 2854 3671
3 3612 3611 2854
3 2855 3612 2854
3 2855 2854 2917
3 2918 2855 2917
3 3672 2918 2917
3 3672 2917 3671
3 3612 3672 3671
3 3612 3671 3611
3 2855 3612 3672
3 2918 2855 3672
3 2856 3613 3673
3 2919 2856 3673
3 2856 3613 3673
3 2919 2856 3673
3 3614 3613 2856
3 2857 3614 2856
3 2857 2856 2919
3 2920 2857 2919
3 3674 2920 2919
3 3674 2919 3673
3 3614 3674 3673
3 3614 3673 3613
3 2857 3614 3674
3 2920 2857 3674
3 2860 3617 3677
3 2923 2860 3677
3 2860 3617 3677
3 2923 2860 3677
3 3618 3617 2860
3 2861 3618 2860
3 2861 2860 2923
3 2924 2861 2923
3 3678 2924 2923
3 3678 2923 3677
3 3618 3678 3677
3 3618 3677 3617
3 2861 3618 3678
3 2924 2861 3678
3 2862 3619 3679
3 2925 2862 3679
3 2862 3619 3679
3 2925 2862 3679
3 3620 3619 2862
3 2863 3620 2862
3 2863 2862 2925
3 2926 2863 2925
3 3680 2926 2925
3 3680 2925 3679
3 3620 3680 3679
3 3620 3679 3619
3 2863 3620 3680
3 2926 2863 3680
3 2864 3621 3681
3 2927 2864 3681
3 2864 3621 3681
3 2927 2864 3681
3 3622 3621 2864
3 2865 3622 2864
3 2865 2864 2927
3 2928 2865 2927
3 3682 2928 2927
3 3682 2927 3681
3 3622 3682 3681
3 3622 3681 3621
3 2865 3622 3682
3 2928 2865 3682
3 2866 3623 3683
3 2929 2866 3683
3 2866 3623 3683
3 2929 2866 3683
3 3624 3623 2866
3 2867 3624 2866
3 2867 2866 2929
3 2930 2867 2929
3 3684 2930 2929
3 3684 2929 3683
3 3624 3684 3683
3 3624 3683 3623
3 2867 3624 3684
3 2930 2867 3684
3 2870 3627 3687
3 2933 2870 3687
3 2870 3627 3687
3 2933 2870 3687
3 3628 3627 2870
3 2871 3628 2870
3 2871 2870 2933
3 2934 2871 2933
3 3688 2934 2933
3 3688 2933 3687
3 3628 3688 3687
3 3628 3687 3627
3 2871 3628 3688
3 2934 2871 3688
3 2872 3629 3689
3 2935 2872 3689
3 2872 3629 3689
3 2935 2872 3689
3 3630 3629 2872
3 2873 3630 2872
3 2873 2872 2935
3 2936 2873 2935
3 3690 2936 2935
3 3690 2935 3689
3 3630 3690 3689
3 3630 3689 3629
3 2873 3630 3690
3 2936 2873 3690
3 2874 3631 3691
3 2937 2874 3691
3 2874 3631 3691
3 2937 2874 3691
3 3632 3631 2874
3 2875 3632 2874
3 2875 2874 2937
3 2938 2875 2937
3 3692 2938 2937
3 3692 2937 3691
3 3632 3692 3691
3 3632 3691 3631
3 2875 3632 3692
3 2938 2875 3692
3 2876 3633 3693
3 2939 2876 3693
3 2876 3633 3693
3 2939 2876 3693
3 3634 3633 2876
3 2877 3634 2876
3 2877 2876 2939
3 2940 2877 2939
3 3694 2940 2939
3 3694 2939 3693
3 3634 3694 3693
3 3634 3693 3633
3 2877 3634 3694
3 2940 2877 3694
3 2880 3637 3697
3 2943 2880 3697
3 2880 3637 3697
3 2943 2880 3697
3 3638 3637 2880
3 2881 3638 2880
3 2881 2880 2943
3 2944 2881 2943
3 3698 2944 2943
3 3698 2943 3697
3 3638 3698 3697
3 3638 3697 3637
3 2881 3638 3698
3 2944 2881 3698
3 2882 3639 3699
3 2945 2882 3699
3 2882 3639 3699
3 2945 2882 3699
3 3640 3639 2882
3 2883 3640 2882
3 2883 2882 2945
3 2946 2883 2945
3 3700 2946 2945
3 3700 2945 3699
3 3640 3700 3699
3 3640 3699 3639
3 2883 3640 3700
3 2946 2883 3700
3 2884 3641 3701
3 2947 2884 3701
3 2884 3641 3701
3 2947 2884 3701
3 3642 3641 2884
3 2885 3642 2884
3 2885 2884 2947
3 2948 2885 2947
3 3702 2948 2947
3 3702 2947 3701
3 3642 3702 3701
3 3642 3701 3641
3 2885 3642 3702
3 2948 2885 3702
3 2886 3643 3703
3 2949 2886 3703
3 2886 3643 3703
3 2949 2886 3703
3 3644 3643 2886
3 2887 3644 2886
3 2887 2886 2949
3 2950 2887 2949
3 3704 2950 2949
3 3704 2949 3703
3 3644 3704 3703
3 3644 3703 3643
3 2887 3644 3704
3 2950 2887 3704
3 2840 3597 3657
3 2903 2840 3657
3 2840 3597 3657
3 2903 2840 3657
3 3598 3597 2840
3 2841 3598 2840
3 2841 2840 2903
3 2904 2841 2903
3 3658 2904 2903
3 3658 2903 3657
3 3598 3658 3657
3 3598 3657 3597
3 2841 3598 3658
3 2904 2841 3658
3 2842 3599 3659
3 2905 2842 3659
3 2842 3599 3659
3 2905 2842 3659
3 3600 3599 2842
3 2843 3600 2842
3 2843 2842 2905
3 2906 2843 2905
3 3660 2906 2905
3 3660 2905 3659
3 3600 3660 3659
3 3600 3659 3599
3 2843 3600 3660
3 2906 2843 3660
3 2844 3601 3661
3 2907 2844 3661
3 2844 3601 3661
3 2907 2844 3661
3 3602 3601 2844
3 2845 3602 2844
3 2845 2844 2907
3 2908 2845 2907
3 3662 2908 2907
3 3662 2907 3661
3 3602 3662 3661
3 3602 3661 3601
3 2845 3602 3662
3 2908 2845 3662
3 2846 3603 3663
3 2909 2846 3663
3 2846 3603 3663
3 2909 2846 3663
3 3604 3603 2846
3 2847 3604 2846
3 2847 2846 2909
3 2910 2847 2909
3 3664 2910 2909
3 3664 2909 3663
3 3604 3664 3663
3 3604 3663 3603
3 2847 3604 3664
3 2910 2847 3664
3 129 216 56
3 36 129 56
3 2768 2744 2742
3 2765 2768 2742
3 2752 2828 1372
3 2493 2752 1372
3 2237 2493 1372
3 105 2237 1372
3 210 105 1372
3 129 210 1372
3 216 129 1372
3 229 56 216
3 1086 229 216
3 1339 1172 1086
3 2643 1367 1339
3 2776 2746 2643
3 2375 2776 2643
3 3001 2823 2796
3 3154 3007 3001
3 2804 3154 3001
3 1554 2804 3001
3 216 1372 1554
3 1086 216 1554
3 1339 1086 1554
3 2643 1339 1554
3 2375 2643 1554
3 2796 2375 1554
3 3001 2796 1554
3 2794 2784 2782
3 2792 2794 2782
3 2899 2819 2813
3 2891 2899 2813
3 2997 2985 2969
3 2995 2997 2969
3 3024 3005 3003
3 3022 3024 3003
3 3056 3029 3027
3 3054 3056 3027
3 2660 2569 2552
3 2645 2660 2552
3 3030 2553 2646
3 3057 3030 2646
3 2544 3087 2772
3 2753 2829 1373
3 2495 2753 1373
3 2239 2495 1373
3 107 2239 1373
3 212 107 1373
3 38 212 1373
3 230 38 1373
3 2314 230 1373
3 2548 2314 1373
3 2544 2772 2761
3 1555 2544 2761
3 2548 1373 1555
3 2761 2548 1555
3 991 975 985
3 1059 991 985
3 1208 1059 985
3 1305 1269 1208
3 1312 1305 1208
3 1328 1312 1208
3 1335 1328 1208
3 1346 1335 1208
3 1365 1346 1208
3 1384 1365 1208
3 1391 1384 1208
3 1419 1391 1208
3 1536 1419 1208
3 1593 1536 1208
3 1616 1593 1208
3 1850 1616 1208
3 1928 1850 1208
3 2136 1928 1208
3 2233 2136 1208
3 2389 2233 1208
3 2573 2389 1208
3 2702 2573 1208
3 2777 2747 2702
3 2313 2777 2702
3 1087 2313 2702
3 1239 1087 2702
3 1001 1239 2702
3 1208 985 988
3 1001 2702 1208
3 996 1001 1208
3 988 996 1208
3 280 258 1097
3 1133 280 1097
3 2779 2749 2662
3 2315 2779 2662
3 1105 2315 2662
3 1240 1105 2662
3 1002 1240 2662
3 976 986 989
3 993 976 989
3 1067 993 989
3 1220 1067 989
3 1307 1273 1220
3 1314 1307 1220
3 1330 1314 1220
3 1343 1330 1220
3 1348 1343 1220
3 1369 1348 1220
3 1386 1369 1220
3 1393 1386 1220
3 1427 1393 1220
3 1586 1427 1220
3 1597 1586 1220
3 1704 1597 1220
3 1600 1704 1220
3 2662 1600 1220
3 1002 2662 1220
3 997 1002 1220
3 989 997 1220
3 30 21 23
3 32 30 23
3 22 21 30
3 31 22 30
3 34 31 30
3 34 30 32
3 25 34 32
3 25 32 23
3 25 23 21
3 22 25 21
3 31 22 25
3 34 31 25
3 957 969 967
3 955 957 967
3 959 955 967
3 961 959 967
3 973 971 961
3 977 973 961
3 994 977 961
3 1068 994 961
3 1221 1068 961
3 1274 1221 961
3 1308 1274 961
3 1315 1308 961
3 1331 1315 961
3 1344 1331 961
3 1349 1344 961
3 1370 1349 961
3 1387 1370 961
3 1394 1387 961
3 1428 1394 961
3 1587 1428 961
3 1598 1587 961
3 1712 1598 961
3 1602 1712 961
3 2664 1602 961
3 2780 2750 2664
3 2227 2780 2664
3 963 2227 2664
3 961 967 965
3 963 2664 961
3 965 963 961
3 207 108 2240
3 227 207 2240
3 361 227 2240
3 224 58 361
3 447 224 361
3 452 447 361
3 1242 452 361
3 2227 1319 1242
3 2762 2549 2227
3 3088 2773 2762
3 2545 3088 2762
3 1557 2545 2762
3 2755 2831 1375
3 2496 2755 1375
3 2240 2496 1375
3 361 2240 1375
3 1242 361 1375
3 2227 1242 1375
3 1557 2762 2227
3 1375 1557 2227
3 2663 2710 2611
3 1601 2663 2611
3 1711 1601 2611
3 1892 1711 2611
3 1972 1892 2611
3 2195 1972 2611
3 2281 2195 2611
3 2435 2281 2611
3 208 109 2241
3 543 208 2241
3 225 59 627
3 448 225 627
3 453 448 627
3 1250 453 627
3 2228 1320 1250
3 2763 2550 2228
3 3089 2774 2763
3 2546 3089 2763
3 1558 2546 2763
3 2241 2497 1341
3 543 2241 1341
3 627 543 1341
3 1250 627 1341
3 2228 1250 1341
3 1558 2763 2228
3 1341 1558 2228
3 949 947 951
3 953 949 951
3 927 925 929
3 933 927 929
3 779 759 785
3 815 779 785
3 745 743 747
3 749 745 747
3 723 721 725
3 729 723 725
3 573 553 579
3 609 573 579
3 537 535 539
3 541 537 539
3 463 461 465
3 515 463 465
3 1027 1004 1033
3 1065 1027 1033
3 2752 2828 1372
3 2493 2752 1372
3 2237 2493 1372
3 105 2237 1372
3 210 105 1372
3 129 210 1372
3 216 129 1372
3 229 56 216
3 1086 229 216
3 1339 1172 1086
3 2643 1367 1339
3 2776 2746 2643
3 2375 2776 2643
3 3001 2823 2796
3 3154 3007 3001
3 2804 3154 3001
3 1554 2804 3001
3 216 1372 1554
3 1086 216 1554
3 1339 1086 1554
3 2643 1339 1554
3 2375 2643 1554
3 2796 2375 1554
3 3001 2796 1554
3 2753 2829 2828
3 2753 2828 2752
3 2753 2752 2493
3 2495 2753 2493
3 2239 2495 2493
3 2239 2493 2237
3 2239 2237 105
3 107 2239 105
3 107 105 210
3 212 107 210
3 212 210 129
3 130 212 129
3 130 129 216
3 217 130 216
3 217 216 56
3 57 217 56
3 57 56 229
3 230 57 229
3 1088 230 229
3 1088 229 1086
3 1088 1086 1172
3 1173 1088 1172
3 1340 1173 1172
3 1340 1172 1339
3 1340 1339 1367
3 1368 1340 1367
3 2644 1368 1367
3 2644 1367 2643
3 2644 2643 2746
3 2748 2644 2746
3 2778 2748 2746
3 2778 2746 2776
3 2376 2778 2776
3 2376 2776 2375
3 2797 2376 2375
3 2797 2375 2796
3 2797 2796 2823
3 2824 2797 2823
3 3002 2824 2823
3 3002 2823 3001
3 3002 3001 3007
3 3008 3002 3007
3 3155 3008 3007
3 3155 3007 3154
3 2805 3155 3154
3 2805 3154 2804
3 2805 2804 1554
3 1555 2805 1554
3 1373 1555 1554
3 1373 1554 1372
3 2829 1373 1372
3 2829 1372 2828
3 2753 2829 1373
3 2495 2753 1373
3 2239 2495 1373
3 107 2239 1373
3 212 107 1373
3 130 212 1373
3 217 130 1373
3 230 57 217
3 1088 230 217
3 1340 1173 1088
3 2644 1368 1340
3 2778 2748 2644
3 2376 2778 2644
3 3002 2824 2797
3 3155 3008 3002
3 2805 3155 3002
3 1555 2805 3002
3 217 1373 1555
3 1088 217 1555
3 1340 1088 1555
3 2644 1340 1555
3 2376 2644 1555
3 2797 2376 1555
3 3002 2797 1555
3 2544 3087 2772
3 2753 2829 1373
3 2495 2753 1373
3 2239 2495 1373
3 107 2239 1373
3 212 107 1373
3 38 212 1373
3 230 38 1373
3 2314 230 1373
3 2548 2314 1373
3 2544 2772 2761
3 1555 2544 2761
3 2548 1373 1555
3 2761 2548 1555
3 2545 3088 3087
3 2545 3087 2544
3 2545 2544 1555
3 1557 2545 1555
3 1375 1557 1555
3 1375 1555 1373
3 2831 1375 1373
3 2831 1373 2829
3 2755 2831 2829
3 2755 2829 2753
3 2755 2753 2495
3 2496 2755 2495
3 2240 2496 2495
3 2240 2495 2239
3 2240 2239 107
3 108 2240 107
3 108 107 212
3 213 108 212
3 213 212 38
3 39 213 38
3 39 38 230
3 238 39 230
3 2316 238 230
3 2316 230 2314
3 2316 2314 2548
3 2549 2316 2548
3 2762 2549 2548
3 2762 2548 2761
3 2762 2761 2772
3 2773 2762 2772
3 3088 2773 2772
3 3088 2772 3087
3 2545 3088 2773
3 2755 2831 1375
3 2496 2755 1375
3 2240 2496 1375
3 108 2240 1375
3 213 108 1375
3 39 213 1375
3 238 39 1375
3 2316 238 1375
3 2549 2316 1375
3 2545 2773 2762
3 1557 2545 2762
3 2549 1375 1557
3 2762 2549 1557
3 207 108 2240
3 227 207 2240
3 361 227 2240
3 224 58 361
3 447 224 361
3 452 447 361
3 1242 452 361
3 2227 1319 1242
3 2762 2549 2227
3 3088 2773 2762
3 2545 3088 2762
3 1557 2545 2762
3 2755 2831 1375
3 2496 2755 1375
3 2240 2496 1375
3 361 2240 1375
3 1242 361 1375
3 2227 1242 1375
3 1557 2762 2227
3 1375 1557 2227
3 109 108 207
3 208 109 207
3 228 208 207
3 228 207 227
3 228 227 361
3 362 228 361
3 362 361 58
3 59 362 58
3 59 58 224
3 225 59 224
3 448 225 224
3 448 224 447
3 448 447 452
3 453 448 452
3 1250 453 452
3 1250 452 1242
3 1250 1242 1319
3 1320 1250 1319
3 2228 1320 1319
3 2228 1319 2227
3 2228 2227 2549
3 2550 2228 2549
3 2763 2550 2549
3 2763 2549 2762
3 2763 2762 2773
3 2774 2763 2773
3 3089 2774 2773
3 3089 2773 3088
3 2546 3089 3088
3 2546 3088 2545
3 2546 2545 1557
3 1558 2546 1557
3 1376 1558 1557
3 1376 1557 1375
3 2832 1376 1375
3 2832 1375 2831
3 2756 2832 2831
3 2756 2831 2755
3 2756 2755 2496
3 2497 2756 2496
3 2241 2497 2496
3 2241 2496 2240
3 2241 2240 108
3 109 2241 108
3 208 109 2241
3 228 208 2241
3 362 228 2241
3 225 59 362
3 448 225 362
3 453 448 362
3 1250 453 362
3 2228 1320 1250
3 2763 2550 2228
3 3089 2774 2763
3 2546 3089 2763
3 1558 2546 2763
3 2756 2832 1376
3 2497 2756 1376
3 2241 2497 1376
3 362 2241 1376
3 1250 362 1376
3 2228 1250 1376
3 1558 2763 2228
3 1376 1558 2228
3 208 109 2241
3 543 208 2241
3 225 59 627
3 448 225 627
3 453 448 627
3 1250 453 627
3 2228 1320 1250
3 2763 2550 2228
3 3089 2774 2763
3 2546 3089 2763
3 1558 2546 2763
3 2241 2497 1341
3 543 2241 1341
3 627 543 1341
3 1250 627 1341
3 2228 1250 1341
3 1558 2763 2228
3 1341 1558 2228
3 111 109 208
3 209 111 208
3 544 209 208
3 544 208 543
3 544 543 627
3 628 544 627
3 628 627 59
3 60 628 59
3 60 59 225
3 226 60 225
3 449 226 225
3 449 225 448
3 449 448 453
3 454 449 453
3 1268 454 453
3 1268 453 1250
3 1268 1250 1320
3 1321 1268 1320
3 2229 1321 1320
3 2229 1320 2228
3 2229 2228 2550
3 2551 2229 2550
3 2764 2551 2550
3 2764 2550 2763
3 2764 2763 2774
3 2775 2764 2774
3 3090 2775 2774
3 3090 2774 3089
3 2547 3090 3089
3 2547 3089 2546
3 2547 2546 1558
3 1559 2547 1558
3 1342 1559 1558
3 1342 1558 1341
3 2499 1342 1341
3 2499 1341 2497
3 2243 2499 2497
3 2243 2497 2241
3 2243 2241 109
3 111 2243 109
3 209 111 2243
3 544 209 2243
3 226 60 628
3 449 226 628
3 454 449 628
3 1268 454 628
3 2229 1321 1268
3 2764 2551 2229
3 3090 2775 2764
3 2547 3090 2764
3 1559 2547 2764
3 2243 2499 1342
3 544 2243 1342
3 628 544 1342
3 1268 628 1342
3 2229 1268 1342
3 1559 2764 2229
3 1342 1559 2229
3 1271 1310 1317
3 1303 1271 1317
3 1311 1310 1271
3 1272 1311 1271
3 1272 1271 1303
3 1304 1272 1303
3 1318 1304 1303
3 1318 1303 1317
3 1311 1318 1317
3 1311 1317 1310
3 1272 1311 1318
3 1304 1272 1318
3 1610 1784 1848
3 1589 1610 1848
3 1614 1591 1504
3 1504 1494 1589
3 1614 1504 1589
3 1848 1614 1589
3 1785 1784 1610
3 1611 1785 1610
3 1611 1610 1589
3 1590 1611 1589
3 1590 1589 1494
3 1495 1590 1494
3 1495 1494 1504
3 1505 1495 1504
3 1592 1505 1504
3 1592 1504 1591
3 1615 1592 1591
3 1615 1591 1614
3 1849 1615 1614
3 1849 1614 1848
3 1785 1849 1848
3 1785 1848 1784
3 1611 1785 1849
3 1590 1611 1849
3 1615 1592 1505
3 1505 1495 1590
3 1615 1505 1590
3 1849 1615 1590
3 991 975 985
3 1059 991 985
3 1208 1059 985
3 1305 1269 1208
3 1312 1305 1208
3 1328 1312 1208
3 1335 1328 1208
3 1346 1335 1208
3 1365 1346 1208
3 1384 1365 1208
3 1391 1384 1208
3 1419 1391 1208
3 1536 1419 1208
3 1593 1536 1208
3 1616 1593 1208
3 1850 1616 1208
3 1928 1850 1208
3 2136 1928 1208
3 2233 2136 1208
3 2389 2233 1208
3 2573 2389 1208
3 1208 985 988
3 2702 2573 1208
3 2777 2747 2702
3 2313 2777 2702
3 1087 2313 2702
3 1239 1087 2702
3 1001 1239 2702
3 1208 988 996
3 1001 2702 1208
3 996 1001 1208
3 976 975 991
3 992 976 991
3 992 991 1059
3 1060 992 1059
3 1060 1059 1208
3 1209 1060 1208
3 1270 1209 1208
3 1270 1208 1269
3 1306 1270 1269
3 1306 1269 1305
3 1313 1306 1305
3 1313 1305 1312
3 1329 1313 1312
3 1329 1312 1328
3 1336 1329 1328
3 1336 1328 1335
3 1347 1336 1335
3 1347 1335 1346
3 1366 1347 1346
3 1366 1346 1365
3 1385 1366 1365
3 1385 1365 1384
3 1392 1385 1384
3 1392 1384 1391
3 1420 1392 1391
3 1420 1391 1419
3 1537 1420 1419
3 1537 1419 1536
3 1594 1537 1536
3 1594 1536 1593
3 1617 1594 1593
3 1617 1593 1616
3 1851 1617 1616
3 1851 1616 1850
3 1929 1851 1850
3 1929 1850 1928
3 2137 1929 1928
3 2137 1928 2136
3 2234 2137 2136
3 2234 2136 2233
3 2390 2234 2233
3 2390 2233 2389
3 2574 2390 2389
3 2574 2389 2573
3 2703 2574 2573
3 2703 2573 2702
3 2703 2702 2747
3 2749 2703 2747
3 2779 2749 2747
3 2779 2747 2777
3 2315 2779 2777
3 2315 2777 2313
3 2315 2313 1087
3 1105 2315 1087
3 1105 1087 1239
3 1240 1105 1239
3 1240 1239 1001
3 1002 1240 1001
3 997 1002 1001
3 997 1001 996
3 989 997 996
3 989 996 988
3 986 989 988
3 986 988 985
3 986 985 975
3 976 986 975
3 992 976 986
3 1060 992 986
3 1209 1060 986
3 1306 1270 1209
3 1313 1306 1209
3 1329 1313 1209
3 1336 1329 1209
3 1347 1336 1209
3 1366 1347 1209
3 1385 1366 1209
3 1392 1385 1209
3 1420 1392 1209
3 1537 1420 1209
3 1594 1537 1209
3 1617 1594 1209
3 1851 1617 1209
3 1929 1851 1209
3 2137 1929 1209
3 2234 2137 1209
3 2390 2234 1209
3 2574 2390 1209
3 1209 986 989
3 2703 2574 1209
3 2779 2749 2703
3 2315 2779 2703
3 1105 2315 2703
3 1240 1105 2703
3 1002 1240 2703
3 1209 989 997
3 1002 2703 1209
3 997 1002 1209
3 1067 993 976
3 1220 1067 976
3 1273 1220 976
3 1307 1273 976
3 1314 1307 976
3 1330 1314 976
3 1343 1330 976
3 1348 1343 976
3 1369 1348 976
3 1386 1369 976
3 1393 1386 976
3 1427 1393 976
3 1586 1427 976
3 1597 1586 976
3 976 986 989
3 1704 1597 976
3 1600 1704 976
3 2779 2749 2662
3 2315 2779 2662
3 1105 2315 2662
3 1240 1105 2662
3 1002 1240 2662
3 976 989 997
3 1002 2662 1600
3 976 997 1002
3 1600 976 1002
3 2664 2662 2749
3 2750 2664 2749
3 2780 2750 2749
3 2780 2749 2779
3 2316 2780 2779
3 2316 2779 2315
3 2316 2315 1105
3 1114 2316 1105
3 1114 1105 1240
3 1241 1114 1240
3 1241 1240 1002
3 1003 1241 1002
3 998 1003 1002
3 998 1002 997
3 990 998 997
3 990 997 989
3 987 990 989
3 987 989 986
3 987 986 976
3 977 987 976
3 977 976 993
3 994 977 993
3 994 993 1067
3 1068 994 1067
3 1068 1067 1220
3 1221 1068 1220
3 1274 1221 1220
3 1274 1220 1273
3 1308 1274 1273
3 1308 1273 1307
3 1315 1308 1307
3 1315 1307 1314
3 1331 1315 1314
3 1331 1314 1330
3 1344 1331 1330
3 1344 1330 1343
3 1349 1344 1343
3 1349 1343 1348
3 1370 1349 1348
3 1370 1348 1369
3 1387 1370 1369
3 1387 1369 1386
3 1394 1387 1386
3 1394 1386 1393
3 1428 1394 1393
3 1428 1393 1427
3 1587 1428 1427
3 1587 1427 1586
3 1598 1587 1586
3 1598 1586 1597
3 1712 1598 1597
3 1712 1597 1704
3 1602 1712 1704
3 1602 1704 1600
3 2664 1602 1600
3 2664 1600 2662
3 1068 994 977
3 1221 1068 977
3 1274 1221 977
3 1308 1274 977
3 1315 1308 977
3 1331 1315 977
3 1344 1331 977
3 1349 1344 977
3 1370 1349 977
3 1387 1370 977
3 1394 1387 977
3 1428 1394 977
3 1587 1428 977
3 1598 1587 977
3 977 987 990
3 1712 1598 977
3 1602 1712 977
3 2780 2750 2664
3 2316 2780 2664
3 1114 2316 2664
3 1241 1114 2664
3 1003 1241 2664
3 977 990 998
3 1003 2664 1602
3 977 998 1003
3 1602 977 1003
3 959 955 957
3 961 959 957
3 971 961 957
3 973 971 957
3 1068 994 977
3 1221 1068 977
3 1274 1221 977
3 1308 1274 977
3 1315 1308 977
3 1331 1315 977
3 1344 1331 977
3 1349 1344 977
3 1370 1349 977
3 1387 1370 977
3 1394 1387 977
3 1428 1394 977
3 1587 1428 977
3 1598 1587 977
3 977 973 957
3 1712 1598 977
3 1602 1712 977
3 2664 1602 977
3 2780 2750 2664
3 2227 2780 2664
3 963 2227 2664
3 957 969 967
3 963 2664 977
3 957 967 965
3 963 977 957
3 965 963 957
3 2230 2227 963
3 964 2230 963
3 966 964 963
3 966 963 965
3 968 966 965
3 968 965 967
3 970 968 967
3 970 967 969
3 970 969 957
3 958 970 957
3 958 957 955
3 956 958 955
3 956 955 959
3 960 956 959
3 960 959 961
3 962 960 961
3 962 961 971
3 972 962 971
3 972 971 973
3 974 972 973
3 974 973 977
3 978 974 977
3 978 977 994
3 995 978 994
3 995 994 1068
3 1069 995 1068
3 1069 1068 1221
3 1222 1069 1221
3 1275 1222 1221
3 1275 1221 1274
3 1309 1275 1274
3 1309 1274 1308
3 1316 1309 1308
3 1316 1308 1315
3 1332 1316 1315
3 1332 1315 1331
3 1345 1332 1331
3 1345 1331 1344
3 1350 1345 1344
3 1350 1344 1349
3 1371 1350 1349
3 1371 1349 1370
3 1388 1371 1370
3 1388 1370 1387
3 1395 1388 1387
3 1395 1387 1394
3 1429 1395 1394
3 1429 1394 1428
3 1588 1429 1428
3 1588 1428 1587
3 1599 1588 1587
3 1599 1587 1598
3 1743 1599 1598
3 1743 1598 1712
3 1609 1743 1712
3 1609 1712 1602
3 2671 1609 1602
3 2671 1602 2664
3 2671 2664 2750
3 2751 2671 2750
3 2781 2751 2750
3 2781 2750 2780
3 2230 2781 2780
3 2230 2780 2227
3 960 956 958
3 962 960 958
3 972 962 958
3 974 972 958
3 1069 995 978
3 1222 1069 978
3 1275 1222 978
3 1309 1275 978
3 1316 1309 978
3 1332 1316 978
3 1345 1332 978
3 1350 1345 978
3 1371 1350 978
3 1388 1371 978
3 1395 1388 978
3 1429 1395 978
3 1588 1429 978
3 1599 1588 978
3 978 974 958
3 1743 1599 978
3 1609 1743 978
3 2671 1609 978
3 2781 2751 2671
3 2230 2781 2671
3 964 2230 2671
3 958 970 968
3 964 2671 978
3 958 968 966
3 964 978 958
3 966 964 958
3 1337 2229 2036
3 1333 1337 2036
3 1337 2229 2036
3 1333 1337 2036
3 1338 2230 2229
3 1338 2229 1337
3 1338 1337 1333
3 1334 1338 1333
3 1334 1333 2036
3 2037 1334 2036
3 2230 2037 2036
3 2230 2036 2229
3 1338 2230 2037
3 1334 1338 2037
3 1972 1892 1711
3 2195 1972 1711
3 2281 2195 1711
3 2435 2281 1711
3 2611 2435 1711
3 2710 2611 1711
3 1711 1601 2663
3 2710 1711 2663
3 2664 2711 2710
3 2664 2710 2663
3 2664 2663 1601
3 1602 2664 1601
3 1602 1601 1711
3 1712 1602 1711
3 1893 1712 1711
3 1893 1711 1892
3 1973 1893 1892
3 1973 1892 1972
3 2196 1973 1972
3 2196 1972 2195
3 2282 2196 2195
3 2282 2195 2281
3 2436 2282 2281
3 2436 2281 2435
3 2612 2436 2435
3 2612 2435 2611
3 2711 2612 2611
3 2711 2611 2710
3 1973 1893 1712
3 2196 1973 1712
3 2282 2196 1712
3 2436 2282 1712
3 2612 2436 1712
3 2711 2612 1712
3 1712 1602 2664
3 2711 1712 2664
3 1980 1900 1719
3 2203 1980 1719
3 2289 2203 1719
3 2443 2289 1719
3 2619 2443 1719
3 2718 2619 1719
3 1719 1603 2665
3 2718 1719 2665
3 2666 2719 2718
3 2666 2718 2665
3 2666 2665 1603
3 1604 2666 1603
3 1604 1603 1719
3 1720 1604 1719
3 1901 1720 1719
3 1901 1719 1900
3 1981 1901 1900
3 1981 1900 1980
3 2204 1981 1980
3 2204 1980 2203
3 2290 2204 2203
3 2290 2203 2289
3 2444 2290 2289
3 2444 2289 2443
3 2620 2444 2443
3 2620 2443 2619
3 2719 2620 2619
3 2719 2619 2718
3 1981 1901 1720
3 2204 1981 1720
3 2290 2204 1720
3 2444 2290 1720
3 2620 2444 1720
3 2719 2620 1720
3 1720 1604 2666
3 2719 1720 2666
3 1988 1908 1727
3 2211 1988 1727
3 2297 2211 1727
3 2451 2297 1727
3 2627 2451 1727
3 2726 2627 1727
3 1727 1605 2667
3 2726 1727 2667
3 2668 2727 2726
3 2668 2726 2667
3 2668 2667 1605
3 1606 2668 1605
3 1606 1605 1727
3 1728 1606 1727
3 1909 1728 1727
3 1909 1727 1908
3 1989 1909 1908
3 1989 1908 1988
3 2212 1989 1988
3 2212 1988 2211
3 2298 2212 2211
3 2298 2211 2297
3 2452 2298 2297
3 2452 2297 2451
3 2628 2452 2451
3 2628 2451 2627
3 2727 2628 2627
3 2727 2627 2726
3 1989 1909 1728
3 2212 1989 1728
3 2298 2212 1728
3 2452 2298 1728
3 2628 2452 1728
3 2727 2628 1728
3 1728 1606 2668
3 2727 1728 2668
3 1996 1916 1735
3 2219 1996 1735
3 2305 2219 1735
3 2459 2305 1735
3 2635 2459 1735
3 2734 2635 1735
3 1735 1607 2669
3 2734 1735 2669
3 2670 2735 2734
3 2670 2734 2669
3 2670 2669 1607
3 1608 2670 1607
3 1608 1607 1735
3 1736 1608 1735
3 1917 1736 1735
3 1917 1735 1916
3 1997 1917 1916
3 1997 1916 1996
3 2220 1997 1996
3 2220 1996 2219
3 2306 2220 2219
3 2306 2219 2305
3 2460 2306 2305
3 2460 2305 2459
3 2636 2460 2459
3 2636 2459 2635
3 2735 2636 2635
3 2735 2635 2734
3 1997 1917 1736
3 2220 1997 1736
3 2306 2220 1736
3 2460 2306 1736
3 2636 2460 1736
3 2735 2636 1736
3 1736 1608 2670
3 2735 1736 2670
3 1902 1721 1682
3 1982 1902 1682
3 2291 2205 1982
3 2445 2291 1982
3 2720 2621 2445
3 2684 2720 2445
3 2587 2684 2445
3 2407 2587 2445
3 2257 2407 2445
3 2171 2257 2445
3 1982 1682 1868
3 2171 2445 1982
3 1942 2171 1982
3 1868 1942 1982
3 1982 1902 1721
3 2205 1982 1721
3 2445 2291 2205
3 2621 2445 2205
3 1721 1682 1868
3 2205 1721 1868
3 2684 2720 2621
3 2587 2684 2621
3 2407 2587 2621
3 2257 2407 2621
3 2205 1868 1942
3 2257 2621 2205
3 2171 2257 2205
3 1942 2171 2205
3 1903 1722 1721
3 1903 1721 1902
3 1983 1903 1902
3 1983 1902 1982
3 2206 1983 1982
3 2206 1982 2205
3 2292 2206 2205
3 2292 2205 2291
3 2446 2292 2291
3 2446 2291 2445
3 2622 2446 2445
3 2622 2445 2621
3 2721 2622 2621
3 2721 2621 2720
3 2685 2721 2720
3 2685 2720 2684
3 2685 2684 2587
3 2588 2685 2587
3 2588 2587 2407
3 2408 2588 2407
3 2408 2407 2257
3 2258 2408 2257
3 2258 2257 2171
3 2172 2258 2171
3 2172 2171 1942
3 1943 2172 1942
3 1943 1942 1868
3 1869 1943 1868
3 1869 1868 1682
3 1683 1869 1682
3 1683 1682 1721
3 1722 1683 1721
3 1983 1903 1722
3 2206 1983 1722
3 2446 2292 2206
3 2622 2446 2206
3 1722 1683 1869
3 2206 1722 1869
3 2685 2721 2622
3 2588 2685 2622
3 2408 2588 2622
3 2258 2408 2622
3 2206 1869 1943
3 2258 2622 2206
3 2172 2258 2206
3 1943 2172 2206
3 1984 1904 1723
3 2207 1984 1723
3 2447 2293 2207
3 2623 2447 2207
3 1723 1684 1870
3 2207 1723 1870
3 2686 2722 2623
3 2589 2686 2623
3 2409 2589 2623
3 2259 2409 2623
3 2207 1870 1944
3 2259 2623 2207
3 2173 2259 2207
3 1944 2173 2207
3 1905 1724 1723
3 1905 1723 1904
3 1985 1905 1904
3 1985 1904 1984
3 2208 1985 1984
3 2208 1984 2207
3 2294 2208 2207
3 2294 2207 2293
3 2448 2294 2293
3 2448 2293 2447
3 2624 2448 2447
3 2624 2447 2623
3 2723 2624 2623
3 2723 2623 2722
3 2687 2723 2722
3 2687 2722 2686
3 2687 2686 2589
3 2590 2687 2589
3 2590 2589 2409
3 2410 2590 2409
3 2410 2409 2259
3 2260 2410 2259
3 2260 2259 2173
3 2174 2260 2173
3 2174 2173 1944
3 1945 2174 1944
3 1945 1944 1870
3 1871 1945 1870
3 1871 1870 1684
3 1685 1871 1684
3 1685 1684 1723
3 1724 1685 1723
3 1985 1905 1724
3 2208 1985 1724
3 2448 2294 2208
3 2624 2448 2208
3 1724 1685 1871
3 2208 1724 1871
3 2687 2723 2624
3 2590 2687 2624
3 2410 2590 2624
3 2260 2410 2624
3 2208 1871 1945
3 2260 2624 2208
3 2174 2260 2208
3 1945 2174 2208
3 1986 1906 1725
3 2209 1986 1725
3 2449 2295 2209
3 2625 2449 2209
3 1725 1686 1872
3 2209 1725 1872
3 2688 2724 2625
3 2591 2688 2625
3 2411 2591 2625
3 2261 2411 2625
3 2209 1872 1946
3 2261 2625 2209
3 2175 2261 2209
3 1946 2175 2209
3 1907 1726 1725
3 1907 1725 1906
3 1987 1907 1906
3 1987 1906 1986
3 2210 1987 1986
3 2210 1986 2209
3 2296 2210 2209
3 2296 2209 2295
3 2450 2296 2295
3 2450 2295 2449
3 2626 2450 2449
3 2626 2449 2625
3 2725 2626 2625
3 2725 2625 2724
3 2689 2725 2724
3 2689 2724 2688
3 2689 2688 2591
3 2592 2689 2591
3 2592 2591 2411
3 2412 2592 2411
3 2412 2411 2261
3 2262 2412 2261
3 2262 2261 2175
3 2176 2262 2175
3 2176 2175 1946
3 1947 2176 1946
3 1947 1946 1872
3 1873 1947 1872
3 1873 1872 1686
3 1687 1873 1686
3 1687 1686 1725
3 1726 1687 1725
3 1987 1907 1726
3 2210 1987 1726
3 2450 2296 2210
3 2626 2450 2210
3 1726 1687 1873
3 2210 1726 1873
3 2689 2725 2626
3 2592 2689 2626
3 2412 2592 2626
3 2262 2412 2626
3 2210 1873 1947
3 2262 2626 2210
3 2176 2262 2210
3 1947 2176 2210
3 1910 1729 1688
3 1990 1910 1688
3 2299 2213 1990
3 2453 2299 1990
3 2728 2629 2453
3 2690 2728 2453
3 2593 2690 2453
3 2413 2593 2453
3 2263 2413 2453
3 2177 2263 2453
3 1990 1688 1874
3 2177 2453 1990
3 1948 2177 1990
3 1874 1948 1990
3 1990 1910 1729
3 2213 1990 1729
3 2453 2299 2213
3 2629 2453 2213
3 1729 1688 1874
3 2213 1729 1874
3 2690 2728 2629
3 2593 2690 2629
3 2413 2593 2629
3 2263 2413 2629
3 2213 1874 1948
3 2263 2629 2213
3 2177 2263 2213
3 1948 2177 2213
3 1911 1730 1729
3 1911 1729 1910
3 1991 1911 1910
3 1991 1910 1990
3 2214 1991 1990
3 2214 1990 2213
3 2300 2214 2213
3 2300 2213 2299
3 2454 2300 2299
3 2454 2299 2453
3 2630 2454 2453
3 2630 2453 2629
3 2729 2630 2629
3 2729 2629 2728
3 2691 2729 2728
3 2691 2728 2690
3 2691 2690 2593
3 2594 2691 2593
3 2594 2593 2413
3 2414 2594 2413
3 2414 2413 2263
3 2264 2414 2263
3 2264 2263 2177
3 2178 2264 2177
3 2178 2177 1948
3 1949 2178 1948
3 1949 1948 1874
3 1875 1949 1874
3 1875 1874 1688
3 1689 1875 1688
3 1689 1688 1729
3 1730 1689 1729
3 1991 1911 1730
3 2214 1991 1730
3 2454 2300 2214
3 2630 2454 2214
3 1730 1689 1875
3 2214 1730 1875
3 2691 2729 2630
3 2594 2691 2630
3 2414 2594 2630
3 2264 2414 2630
3 2214 1875 1949
3 2264 2630 2214
3 2178 2264 2214
3 1949 2178 2214
3 1992 1912 1731
3 2215 1992 1731
3 2455 2301 2215
3 2631 2455 2215
3 1731 1690 1876
3 2215 1731 1876
3 2692 2730 2631
3 2595 2692 2631
3 2415 2595 2631
3 2265 2415 2631
3 2215 1876 1950
3 2265 2631 2215
3 2179 2265 2215
3 1950 2179 2215
3 1913 1732 1731
3 1913 1731 1912
3 1993 1913 1912
3 1993 1912 1992
3 2216 1993 1992
3 2216 1992 2215
3 2302 2216 2215
3 2302 2215 2301
3 2456 2302 2301
3 2456 2301 2455
3 2632 2456 2455
3 2632 2455 2631
3 2731 2632 2631
3 2731 2631 2730
3 2693 2731 2730
3 2693 2730 2692
3 2693 2692 2595
3 2596 2693 2595
3 2596 2595 2415
3 2416 2596 2415
3 2416 2415 2265
3 2266 2416 2265
3 2266 2265 2179
3 2180 2266 2179
3 2180 2179 1950
3 1951 2180 1950
3 1951 1950 1876
3 1877 1951 1876
3 1877 1876 1690
3 1691 1877 1690
3 1691 1690 1731
3 1732 1691 1731
3 1993 1913 1732
3 2216 1993 1732
3 2456 2302 2216
3 2632 2456 2216
3 1732 1691 1877
3 2216 1732 1877
3 2693 2731 2632
3 2596 2693 2632
3 2416 2596 2632
3 2266 2416 2632
3 2216 1877 1951
3 2266 2632 2216
3 2180 2266 2216
3 1951 2180 2216
3 1994 1914 1733
3 2217 1994 1733
3 2457 2303 2217
3 2633 2457 2217
3 1733 1692 1878
3 2217 1733 1878
3 2694 2732 2633
3 2597 2694 2633
3 2417 2597 2633
3 2267 2417 2633
3 2217 1878 1952
3 2267 2633 2217
3 2181 2267 2217
3 1952 2181 2217
3 1915 1734 1733
3 1915 1733 1914
3 1995 1915 1914
3 1995 1914 1994
3 2218 1995 1994
3 2218 1994 2217
3 2304 2218 2217
3 2304 2217 2303
3 2458 2304 2303
3 2458 2303 2457
3 2634 2458 2457
3 2634 2457 2633
3 2733 2634 2633
3 2733 2633 2732
3 2695 2733 2732
3 2695 2732 2694
3 2695 2694 2597
3 2598 2695 2597
3 2598 2597 2417
3 2418 2598 2417
3 2418 2417 2267
3 2268 2418 2267
3 2268 2267 2181
3 2182 2268 2181
3 2182 2181 1952
3 1953 2182 1952
3 1953 1952 1878
3 1879 1953 1878
3 1879 1878 1692
3 1693 1879 1692
3 1693 1692 1733
3 1734 1693 1733
3 1995 1915 1734
3 2218 1995 1734
3 2458 2304 2218
3 2634 2458 2218
3 1734 1693 1879
3 2218 1734 1879
3 2695 2733 2634
3 2598 2695 2634
3 2418 2598 2634
3 2268 2418 2634
3 2218 1879 1953
3 2268 2634 2218
3 2182 2268 2218
3 1953 2182 2218
3 1918 1737 1694
3 1998 1918 1694
3 2307 2221 1998
3 2461 2307 1998
3 2736 2637 2461
3 2696 2736 2461
3 2599 2696 2461
3 2419 2599 2461
3 2269 2419 2461
3 2183 2269 2461
3 1998 1694 1880
3 2183 2461 1998
3 1954 2183 1998
3 1880 1954 1998
3 1998 1918 1737
3 2221 1998 1737
3 2461 2307 2221
3 2637 2461 2221
3 1737 1694 1880
3 2221 1737 1880
3 2696 2736 2637
3 2599 2696 2637
3 2419 2599 2637
3 2269 2419 2637
3 2221 1880 1954
3 2269 2637 2221
3 2183 2269 2221
3 1954 2183 2221
3 1919 1738 1737
3 1919 1737 1918
3 1999 1919 1918
3 1999 1918 1998
3 2222 1999 1998
3 2222 1998 2221
3 2308 2222 2221
3 2308 2221 2307
3 2462 2308 2307
3 2462 2307 2461
3 2638 2462 2461
3 2638 2461 2637
3 2737 2638 2637
3 2737 2637 2736
3 2697 2737 2736
3 2697 2736 2696
3 2697 2696 2599
3 2600 2697 2599
3 2600 2599 2419
3 2420 2600 2419
3 2420 2419 2269
3 2270 2420 2269
3 2270 2269 2183
3 2184 2270 2183
3 2184 2183 1954
3 1955 2184 1954
3 1955 1954 1880
3 1881 1955 1880
3 1881 1880 1694
3 1695 1881 1694
3 1695 1694 1737
3 1738 1695 1737
3 1999 1919 1738
3 2222 1999 1738
3 2462 2308 2222
3 2638 2462 2222
3 1738 1695 1881
3 2222 1738 1881
3 2697 2737 2638
3 2600 2697 2638
3 2420 2600 2638
3 2270 2420 2638
3 2222 1881 1955
3 2270 2638 2222
3 2184 2270 2222
3 1955 2184 2222
3 2000 1920 1739
3 2223 2000 1739
3 2463 2309 2223
3 2639 2463 2223
3 1739 1696 1882
3 2223 1739 1882
3 2698 2738 2639
3 2601 2698 2639
3 2421 2601 2639
3 2271 2421 2639
3 2223 1882 1956
3 2271 2639 2223
3 2185 2271 2223
3 1956 2185 2223
3 1921 1740 1739
3 1921 1739 1920
3 2001 1921 1920
3 2001 1920 2000
3 2224 2001 2000
3 2224 2000 2223
3 2310 2224 2223
3 2310 2223 2309
3 2464 2310 2309
3 2464 2309 2463
3 2640 2464 2463
3 2640 2463 2639
3 2739 2640 2639
3 2739 2639 2738
3 2699 2739 2738
3 2699 2738 2698
3 2699 2698 2601
3 2602 2699 2601
3 2602 2601 2421
3 2422 2602 2421
3 2422 2421 2271
3 2272 2422 2271
3 2272 2271 2185
3 2186 2272 2185
3 2186 2185 1956
3 1957 2186 1956
3 1957 1956 1882
3 1883 1957 1882
3 1883 1882 1696
3 1697 1883 1696
3 1697 1696 1739
3 1740 1697 1739
3 2001 1921 1740
3 2224 2001 1740
3 2464 2310 2224
3 2640 2464 2224
3 1740 1697 1883
3 2224 1740 1883
3 2699 2739 2640
3 2602 2699 2640
3 2422 2602 2640
3 2272 2422 2640
3 2224 1883 1957
3 2272 2640 2224
3 2186 2272 2224
3 1957 2186 2224
3 2002 1922 1741
3 2225 2002 1741
3 2465 2311 2225
3 2641 2465 2225
3 1741 1698 1884
3 2225 1741 1884
3 2700 2740 2641
3 2603 2700 2641
3 2423 2603 2641
3 2273 2423 2641
3 2225 1884 1958
3 2273 2641 2225
3 2187 2273 2225
3 1958 2187 2225
3 1923 1742 1741
3 1923 1741 1922
3 2003 1923 1922
3 2003 1922 2002
3 2226 2003 2002
3 2226 2002 2225
3 2312 2226 2225
3 2312 2225 2311
3 2466 2312 2311
3 2466 2311 2465
3 2642 2466 2465
3 2642 2465 2641
3 2741 2642 2641
3 2741 2641 2740
3 2701 2741 2740
3 2701 2740 2700
3 2701 2700 2603
3 2604 2701 2603
3 2604 2603 2423
3 2424 2604 2423
3 2424 2423 2273
3 2274 2424 2273
3 2274 2273 2187
3 2188 2274 2187
3 2188 2187 1958
3 1959 2188 1958
3 1959 1958 1884
3 1885 1959 1884
3 1885 1884 1698
3 1699 1885 1698
3 1699 1698 1741
3 1742 1699 1741
3 2003 1923 1742
3 2226 2003 1742
3 2466 2312 2226
3 2642 2466 2226
3 1742 1699 1885
3 2226 1742 1885
3 2701 2741 2642
3 2604 2701 2642
3 2424 2604 2642
3 2274 2424 2642
3 2226 1885 1959
3 2274 2642 2226
3 2188 2274 2226
3 1959 2188 2226
3 1894 1713 1676
3 1974 1894 1676
3 2283 2197 1974
3 2437 2283 1974
3 2712 2613 2437
3 2678 2712 2437
3 2581 2678 2437
3 2401 2581 2437
3 2251 2401 2437
3 2165 2251 2437
3 1974 1676 1862
3 2165 2437 1974
3 1936 2165 1974
3 1862 1936 1974
3 1974 1894 1713
3 2197 1974 1713
3 2437 2283 2197
3 2613 2437 2197
3 1713 1676 1862
3 2197 1713 1862
3 2678 2712 2613
3 2581 2678 2613
3 2401 2581 2613
3 2251 2401 2613
3 2197 1862 1936
3 2251 2613 2197
3 2165 2251 2197
3 1936 2165 2197
3 1895 1714 1713
3 1895 1713 1894
3 1975 1895 1894
3 1975 1894 1974
3 2198 1975 1974
3 2198 1974 2197
3 2284 2198 2197
3 2284 2197 2283
3 2438 2284 2283
3 2438 2283 2437
3 2614 2438 2437
3 2614 2437 2613
3 2713 2614 2613
3 2713 2613 2712
3 2679 2713 2712
3 2679 2712 2678
3 2679 2678 2581
3 2582 2679 2581
3 2582 2581 2401
3 2402 2582 2401
3 2402 2401 2251
3 2252 2402 2251
3 2252 2251 2165
3 2166 2252 2165
3 2166 2165 1936
3 1937 2166 1936
3 1937 1936 1862
3 1863 1937 1862
3 1863 1862 1676
3 1677 1863 1676
3 1677 1676 1713
3 1714 1677 1713
3 1975 1895 1714
3 2198 1975 1714
3 2438 2284 2198
3 2614 2438 2198
3 1714 1677 1863
3 2198 1714 1863
3 2679 2713 2614
3 2582 2679 2614
3 2402 2582 2614
3 2252 2402 2614
3 2198 1863 1937
3 2252 2614 2198
3 2166 2252 2198
3 1937 2166 2198
3 1976 1896 1715
3 2199 1976 1715
3 2439 2285 2199
3 2615 2439 2199
3 1715 1678 1864
3 2199 1715 1864
3 2680 2714 2615
3 2583 2680 2615
3 2403 2583 2615
3 2253 2403 2615
3 2199 1864 1938
3 2253 2615 2199
3 2167 2253 2199
3 1938 2167 2199
3 1897 1716 1715
3 1897 1715 1896
3 1977 1897 1896
3 1977 1896 1976
3 2200 1977 1976
3 2200 1976 2199
3 2286 2200 2199
3 2286 2199 2285
3 2440 2286 2285
3 2440 2285 2439
3 2616 2440 2439
3 2616 2439 2615
3 2715 2616 2615
3 2715 2615 2714
3 2681 2715 2714
3 2681 2714 2680
3 2681 2680 2583
3 2584 2681 2583
3 2584 2583 2403
3 2404 2584 2403
3 2404 2403 2253
3 2254 2404 2253
3 2254 2253 2167
3 2168 2254 2167
3 2168 2167 1938
3 1939 2168 1938
3 1939 1938 1864
3 1865 1939 1864
3 1865 1864 1678
3 1679 1865 1678
3 1679 1678 1715
3 1716 1679 1715
3 1977 1897 1716
3 2200 1977 1716
3 2440 2286 2200
3 2616 2440 2200
3 1716 1679 1865
3 2200 1716 1865
3 2681 2715 2616
3 2584 2681 2616
3 2404 2584 2616
3 2254 2404 2616
3 2200 1865 1939
3 2254 2616 2200
3 2168 2254 2200
3 1939 2168 2200
3 1978 1898 1717
3 2201 1978 1717
3 2441 2287 2201
3 2617 2441 2201
3 1717 1680 1866
3 2201 1717 1866
3 2682 2716 2617
3 2585 2682 2617
3 2405 2585 2617
3 2255 2405 2617
3 2201 1866 1940
3 2255 2617 2201
3 2169 2255 2201
3 1940 2169 2201
3 1899 1718 1717
3 1899 1717 1898
3 1979 1899 1898
3 1979 1898 1978
3 2202 1979 1978
3 2202 1978 2201
3 2288 2202 2201
3 2288 2201 2287
3 2442 2288 2287
3 2442 2287 2441
3 2618 2442 2441
3 2618 2441 2617
3 2717 2618 2617
3 2717 2617 2716
3 2683 2717 2716
3 2683 2716 2682
3 2683 2682 2585
3 2586 2683 2585
3 2586 2585 2405
3 2406 2586 2405
3 2406 2405 2255
3 2256 2406 2255
3 2256 2255 2169
3 2170 2256 2169
3 2170 2169 1940
3 1941 2170 1940
3 1941 1940 1866
3 1867 1941 1866
3 1867 1866 1680
3 1681 1867 1680
3 1681 1680 1717
3 1718 1681 1717
3 1979 1899 1718
3 2202 1979 1718
3 2442 2288 2202
3 2618 2442 2202
3 1718 1681 1867
3 2202 1718 1867
3 2683 2717 2618
3 2586 2683 2618
3 2406 2586 2618
3 2256 2406 2618
3 2202 1867 1941
3 2256 2618 2202
3 2170 2256 2202
3 1941 2170 2202
3 1886 1705 1670
3 1966 1886 1670
3 2275 2189 1966
3 2429 2275 1966
3 2704 2605 2429
3 2672 2704 2429
3 2575 2672 2429
3 2395 2575 2429
3 2245 2395 2429
3 2159 2245 2429
3 1966 1670 1856
3 2159 2429 1966
3 1930 2159 1966
3 1856 1930 1966
3 1966 1886 1705
3 2189 1966 1705
3 2429 2275 2189
3 2605 2429 2189
3 1705 1670 1856
3 2189 1705 1856
3 2672 2704 2605
3 2575 2672 2605
3 2395 2575 2605
3 2245 2395 2605
3 2189 1856 1930
3 2245 2605 2189
3 2159 2245 2189
3 1930 2159 2189
3 1887 1706 1705
3 1887 1705 1886
3 1967 1887 1886
3 1967 1886 1966
3 2190 1967 1966
3 2190 1966 2189
3 2276 2190 2189
3 2276 2189 2275
3 2430 2276 2275
3 2430 2275 2429
3 2606 2430 2429
3 2606 2429 2605
3 2705 2606 2605
3 2705 2605 2704
3 2673 2705 2704
3 2673 2704 2672
3 2673 2672 2575
3 2576 2673 2575
3 2576 2575 2395
3 2396 2576 2395
3 2396 2395 2245
3 2246 2396 2245
3 2246 2245 2159
3 2160 2246 2159
3 2160 2159 1930
3 1931 2160 1930
3 1931 1930 1856
3 1857 1931 1856
3 1857 1856 1670
3 1671 1857 1670
3 1671 1670 1705
3 1706 1671 1705
3 1967 1887 1706
3 2190 1967 1706
3 2430 2276 2190
3 2606 2430 2190
3 1706 1671 1857
3 2190 1706 1857
3 2673 2705 2606
3 2576 2673 2606
3 2396 2576 2606
3 2246 2396 2606
3 2190 1857 1931
3 2246 2606 2190
3 2160 2246 2190
3 1931 2160 2190
3 1968 1888 1707
3 2191 1968 1707
3 2431 2277 2191
3 2607 2431 2191
3 1707 1672 1858
3 2191 1707 1858
3 2674 2706 2607
3 2577 2674 2607
3 2397 2577 2607
3 2247 2397 2607
3 2191 1858 1932
3 2247 2607 2191
3 2161 2247 2191
3 1932 2161 2191
3 1889 1708 1707
3 1889 1707 1888
3 1969 1889 1888
3 1969 1888 1968
3 2192 1969 1968
3 2192 1968 2191
3 2278 2192 2191
3 2278 2191 2277
3 2432 2278 2277
3 2432 2277 2431
3 2608 2432 2431
3 2608 2431 2607
3 2707 2608 2607
3 2707 2607 2706
3 2675 2707 2706
3 2675 2706 2674
3 2675 2674 2577
3 2578 2675 2577
3 2578 2577 2397
3 2398 2578 2397
3 2398 2397 2247
3 2248 2398 2247
3 2248 2247 2161
3 2162 2248 2161
3 2162 2161 1932
3 1933 2162 1932
3 1933 1932 1858
3 1859 1933 1858
3 1859 1858 1672
3 1673 1859 1672
3 1673 1672 1707
3 1708 1673 1707
3 1969 1889 1708
3 2192 1969 1708
3 2432 2278 2192
3 2608 2432 2192
3 1708 1673 1859
3 2192 1708 1859
3 2675 2707 2608
3 2578 2675 2608
3 2398 2578 2608
3 2248 2398 2608
3 2192 1859 1933
3 2248 2608 2192
3 2162 2248 2192
3 1933 2162 2192
3 1970 1890 1709
3 2193 1970 1709
3 2433 2279 2193
3 2609 2433 2193
3 1709 1674 1860
3 2193 1709 1860
3 2676 2708 2609
3 2579 2676 2609
3 2399 2579 2609
3 2249 2399 2609
3 2193 1860 1934
3 2249 2609 2193
3 2163 2249 2193
3 1934 2163 2193
3 1891 1710 1709
3 1891 1709 1890
3 1971 1891 1890
3 1971 1890 1970
3 2194 1971 1970
3 2194 1970 2193
3 2280 2194 2193
3 2280 2193 2279
3 2434 2280 2279
3 2434 2279 2433
3 2610 2434 2433
3 2610 2433 2609
3 2709 2610 2609
3 2709 2609 2708
3 2677 2709 2708
3 2677 2708 2676
3 2677 2676 2579
3 2580 2677 2579
3 2580 2579 2399
3 2400 2580 2399
3 2400 2399 2249
3 2250 2400 2249
3 2250 2249 2163
3 2164 2250 2163
3 2164 2163 1934
3 1935 2164 1934
3 1935 1934 1860
3 1861 1935 1860
3 1861 1860 1674
3 1675 1861 1674
3 1675 1674 1709
3 1710 1675 1709
3 1971 1891 1710
3 2194 1971 1710
3 2434 2280 2194
3 2610 2434 2194
3 1710 1675 1861
3 2194 1710 1861
3 2677 2709 2610
3 2580 2677 2610
3 2400 2580 2610
3 2250 2400 2610
3 2194 1861 1935
3 2250 2610 2194
3 2164 2250 2194
3 1935 2164 2194
3 3030 2553 2646
3 3057 3030 2646
3 2554 2553 3030
3 3031 2554 3030
3 3058 3031 3030
3 3058 3030 3057
3 2647 3058 3057
3 2647 3057 2646
3 2647 2646 2553
3 2554 2647 2553
3 3031 2554 2647
3 3058 3031 2647
3 3056 3029 3027
3 3054 3056 3027
3 3069 3042 3029
3 3069 3029 3056
3 3055 3069 3056
3 3055 3056 3054
3 3055 3054 3027
3 3028 3055 3027
3 3028 3027 3029
3 3042 3028 3029
3 3069 3042 3028
3 3055 3069 3028
3 3024 3005 3003
3 3022 3024 3003
3 3025 3006 3005
3 3025 3005 3024
3 3023 3025 3024
3 3023 3024 3022
3 3023 3022 3003
3 3004 3023 3003
3 3004 3003 3005
3 3006 3004 3005
3 3025 3006 3004
3 3023 3025 3004
3 2997 2985 2969
3 2995 2997 2969
3 2998 2986 2985
3 2998 2985 2997
3 2996 2998 2997
3 2996 2997 2995
3 2996 2995 2969
3 2970 2996 2969
3 2970 2969 2985
3 2986 2970 2985
3 2998 2986 2970
3 2996 2998 2970
3 2899 2819 2813
3 2891 2899 2813
3 2900 2820 2819
3 2900 2819 2899
3 2892 2900 2899
3 2892 2899 2891
3 2892 2891 2813
3 2814 2892 2813
3 2814 2813 2819
3 2820 2814 2819
3 2900 2820 2814
3 2892 2900 2814
3 2794 2784 2782
3 2792 2794 2782
3 2795 2785 2784
3 2795 2784 2794
3 2793 2795 2794
3 2793 2794 2792
3 2793 2792 2782
3 2783 2793 2782
3 2783 2782 2784
3 2785 2783 2784
3 2795 2785 2783
3 2793 2795 2783
3 2768 2744 2742
3 2765 2768 2742
3 2769 2745 2744
3 2769 2744 2768
3 2766 2769 2768
3 2766 2768 2765
3 2766 2765 2742
3 2743 2766 2742
3 2743 2742 2744
3 2745 2743 2744
3 2769 2745 2743
3 2766 2769 2743
3 2660 2569 2552
3 2645 2660 2552
3 2661 2570 2569
3 2661 2569 2660
3 2658 2661 2660
3 2658 2660 2645
3 2658 2645 2552
3 2565 2658 2552
3 2565 2552 2569
3 2570 2565 2569
3 2661 2570 2565
3 2658 2661 2565
3 3032 2555 2648
3 3059 3032 2648
3 2556 2555 3032
3 3033 2556 3032
3 3060 3033 3032
3 3060 3032 3059
3 2649 3060 3059
3 2649 3059 2648
3 2649 2648 2555
3 2556 2649 2555
3 3033 2556 2649
3 3060 3033 2649
3 3034 2557 2650
3 3061 3034 2650
3 2558 2557 3034
3 3035 2558 3034
3 3062 3035 3034
3 3062 3034 3061
3 2651 3062 3061
3 2651 3061 2650
3 2651 2650 2557
3 2558 2651 2557
3 3035 2558 2651
3 3062 3035 2651
3 3036 2559 2652
3 3063 3036 2652
3 2560 2559 3036
3 3037 2560 3036
3 3064 3037 3036
3 3064 3036 3063
3 2653 3064 3063
3 2653 3063 2652
3 2653 2652 2559
3 2560 2653 2559
3 3037 2560 2653
3 3064 3037 2653
3 3038 2561 2654
3 3065 3038 2654
3 2562 2561 3038
3 3039 2562 3038
3 3066 3039 3038
3 3066 3038 3065
3 2655 3066 3065
3 2655 3065 2654
3 2655 2654 2561
3 2562 2655 2561
3 3039 2562 2655
3 3066 3039 2655
3 3040 2563 2656
3 3067 3040 2656
3 2564 2563 3040
3 3041 2564 3040
3 3068 3041 3040
3 3068 3040 3067
3 2657 3068 3067
3 2657 3067 2656
3 2657 2656 2563
3 2564 2657 2563
3 3041 2564 2657
3 3068 3041 2657
3 3042 2565 2658
3 3069 3042 2658
3 2566 2565 3042
3 3043 2566 3042
3 3070 3043 3042
3 3070 3042 3069
3 2659 3070 3069
3 2659 3069 2658
3 2659 2658 2565
3 2566 2659 2565
3 3043 2566 2659
3 3070 3043 2659
3 3027 2569 2571
3 3044 3027 2571
3 3027 2569 2571
3 3044 3027 2571
3 2570 2569 3027
3 3028 2570 3027
3 3045 3028 3027
3 3045 3027 3044
3 2572 3045 3044
3 2572 3044 2571
3 2572 2571 2569
3 2570 2572 2569
3 3028 2570 2572
3 3045 3028 2572
3 249 247 251
3 293 249 251
3 248 247 249
3 250 248 249
3 294 250 249
3 294 249 293
3 271 294 293
3 271 293 251
3 271 251 247
3 248 271 247
3 250 248 271
3 294 250 271
3 455 450 457
3 459 455 457
3 451 450 455
3 456 451 455
3 460 456 455
3 460 455 459
3 458 460 459
3 458 459 457
3 458 457 450
3 451 458 450
3 456 451 458
3 460 456 458
3 529 527 531
3 533 529 531
3 528 527 529
3 530 528 529
3 534 530 529
3 534 529 533
3 532 534 533
3 532 533 531
3 532 531 527
3 528 532 527
3 530 528 532
3 534 530 532
3 547 545 549
3 551 547 549
3 546 545 547
3 548 546 547
3 552 548 547
3 552 547 551
3 550 552 551
3 550 551 549
3 550 549 545
3 546 550 545
3 548 546 550
3 552 548 550
3 715 713 717
3 719 715 717
3 714 713 715
3 716 714 715
3 720 716 715
3 720 715 719
3 718 720 719
3 718 719 717
3 718 717 713
3 714 718 713
3 716 714 718
3 720 716 718
3 737 735 739
3 741 737 739
3 736 735 737
3 738 736 737
3 742 738 737
3 742 737 741
3 740 742 741
3 740 741 739
3 740 739 735
3 736 740 735
3 738 736 740
3 742 738 740
3 753 751 755
3 757 753 755
3 752 751 753
3 754 752 753
3 758 754 753
3 758 753 757
3 756 758 757
3 756 757 755
3 756 755 751
3 752 756 751
3 754 752 756
3 758 754 756
3 919 917 921
3 923 919 921
3 918 917 919
3 920 918 919
3 924 920 919
3 924 919 923
3 922 924 923
3 922 923 921
3 922 921 917
3 918 922 917
3 920 918 922
3 924 920 922
3 941 939 943
3 945 941 943
3 940 939 941
3 942 940 941
3 946 942 941
3 946 941 945
3 944 946 945
3 944 945 943
3 944 943 939
3 940 944 939
3 942 940 944
3 946 942 944
3 981 979 983
3 999 981 983
3 980 979 981
3 982 980 981
3 1000 982 981
3 1000 981 999
3 984 1000 999
3 984 999 983
3 984 983 979
3 980 984 979
3 982 980 984
3 1000 982 984
3 245 237 1113
3 1162 245 1113
3 238 237 245
3 246 238 245
3 1163 246 245
3 1163 245 1162
3 1114 1163 1162
3 1114 1162 1113
3 1114 1113 237
3 238 1114 237
3 246 238 1114
3 1163 246 1114
3 243 235 1105
3 1160 243 1105
3 236 235 243
3 244 236 243
3 1161 244 243
3 1161 243 1160
3 1106 1161 1160
3 1106 1160 1105
3 1106 1105 235
3 236 1106 235
3 244 236 1106
3 1161 244 1106
3 241 233 1097
3 1158 241 1097
3 234 233 241
3 242 234 241
3 1159 242 241
3 1159 241 1158
3 1098 1159 1158
3 1098 1158 1097
3 1098 1097 233
3 234 1098 233
3 242 234 1098
3 1159 242 1098
3 239 231 1089
3 1156 239 1089
3 232 231 239
3 240 232 239
3 1157 240 239
3 1157 239 1156
3 1090 1157 1156
3 1090 1156 1089
3 1090 1089 231
3 232 1090 231
3 240 232 1090
3 1157 240 1090
3 272 251 1088
3 1121 272 1088
3 271 251 272
3 273 271 272
3 1122 273 272
3 1122 272 1121
3 1113 1122 1121
3 1113 1121 1088
3 1113 1088 251
3 271 1113 251
3 273 271 1113
3 1122 273 1113
3 272 251 1088
3 1121 272 1088
3 279 257 1096
3 1132 279 1096
3 279 257 1096
3 1132 279 1096
3 256 257 1096
3 1095 256 1096
3 1131 1095 1096
3 1131 1096 1132
3 278 1131 1132
3 278 1132 279
3 278 279 257
3 256 278 257
3 278 256 1095
3 1131 278 1095
3 277 255 1094
3 1130 277 1094
3 254 255 1094
3 1093 254 1094
3 1129 1093 1094
3 1129 1094 1130
3 276 1129 1130
3 276 1130 277
3 276 277 255
3 254 276 255
3 276 254 1093
3 1129 276 1093
3 275 253 1092
3 1128 275 1092
3 252 253 1092
3 1091 252 1092
3 1127 1091 1092
3 1127 1092 1128
3 274 1127 1128
3 274 1128 275
3 274 275 253
3 252 274 253
3 274 252 1091
3 1127 274 1091
3 286 264 1104
3 1139 286 1104
3 286 264 1104
3 1139 286 1104
3 263 264 1104
3 1103 263 1104
3 1138 1103 1104
3 1138 1104 1139
3 285 1138 1139
3 285 1139 286
3 285 286 264
3 263 285 264
3 285 263 1103
3 1138 285 1103
3 284 262 1102
3 1137 284 1102
3 261 262 1102
3 1101 261 1102
3 1136 1101 1102
3 1136 1102 1137
3 283 1136 1137
3 283 1137 284
3 283 284 262
3 261 283 262
3 283 261 1101
3 1136 283 1101
3 282 260 1100
3 1135 282 1100
3 259 260 1100
3 1099 259 1100
3 1134 1099 1100
3 1134 1100 1135
3 281 1134 1135
3 281 1135 282
3 281 282 260
3 259 281 260
3 281 259 1099
3 1134 281 1099
3 292 270 1112
3 1145 292 1112
3 292 270 1112
3 1145 292 1112
3 269 270 1112
3 1111 269 1112
3 1144 1111 1112
3 1144 1112 1145
3 291 1144 1145
3 291 1145 292
3 291 292 270
3 269 291 270
3 291 269 1111
3 1144 291 1111
3 290 268 1110
3 1143 290 1110
3 267 268 1110
3 1109 267 1110
3 1142 1109 1110
3 1142 1110 1143
3 289 1142 1143
3 289 1143 290
3 289 290 268
3 267 289 268
3 289 267 1109
3 1142 289 1109
3 288 266 1108
3 1141 288 1108
3 265 266 1108
3 1107 265 1108
3 1140 1107 1108
3 1140 1108 1141
3 287 1140 1141
3 287 1141 288
3 287 288 266
3 265 287 266
3 287 265 1107
3 1140 287 1107
3 463 461 465
3 515 463 465
3 462 461 463
3 464 462 463
3 521 464 463
3 521 463 515
3 490 521 515
3 490 515 465
3 490 465 461
3 462 490 461
3 464 462 490
3 521 464 490
3 537 535 539
3 541 537 539
3 536 535 537
3 538 536 537
3 542 538 537
3 542 537 541
3 540 542 541
3 540 541 539
3 540 539 535
3 536 540 535
3 538 536 540
3 542 538 540
3 573 553 579
3 609 573 579
3 554 553 573
3 574 554 573
3 610 574 573
3 610 573 609
3 580 610 609
3 580 609 579
3 580 579 553
3 554 580 553
3 574 554 580
3 610 574 580
3 723 721 725
3 729 723 725
3 722 721 723
3 724 722 723
3 730 724 723
3 730 723 729
3 726 730 729
3 726 729 725
3 726 725 721
3 722 726 721
3 724 722 726
3 730 724 726
3 745 743 747
3 749 745 747
3 744 743 745
3 746 744 745
3 750 746 745
3 750 745 749
3 748 750 749
3 748 749 747
3 748 747 743
3 744 748 743
3 746 744 748
3 750 746 748
3 779 759 785
3 815 779 785
3 760 759 779
3 780 760 779
3 816 780 779
3 816 779 815
3 786 816 815
3 786 815 785
3 786 785 759
3 760 786 759
3 780 760 786
3 816 780 786
3 927 925 929
3 933 927 929
3 926 925 927
3 928 926 927
3 934 928 927
3 934 927 933
3 930 934 933
3 930 933 929
3 930 929 925
3 926 930 925
3 928 926 930
3 934 928 930
3 949 947 951
3 953 949 951
3 948 947 949
3 950 948 949
3 954 950 949
3 954 949 953
3 952 954 953
3 952 953 951
3 952 951 947
3 948 952 947
3 950 948 952
3 954 950 952
3 1027 1004 1033
3 1065 1027 1033
3 1006 1004 1027
3 1028 1006 1027
3 1066 1028 1027
3 1066 1027 1065
3 1034 1066 1065
3 1034 1065 1033
3 1034 1033 1004
3 1006 1034 1004
3 1028 1006 1034
3 1066 1028 1034
3 492 465 1004
3 1007 492 1004
3 494 465 1242
3 1276 494 1242
3 522 491 1268
3 1302 522 1268
3 492 465 1004
3 1007 492 1004
3 481 465 492
3 493 481 492
3 1008 493 492
3 1008 492 1007
3 1005 1008 1007
3 1005 1007 1004
3 1005 1004 465
3 481 1005 465
3 493 481 1005
3 1008 493 1005
3 522 491 1268
3 1302 522 1268
3 490 491 1268
3 1267 490 1268
3 1301 1267 1268
3 1301 1268 1302
3 521 1301 1302
3 521 1302 522
3 521 522 491
3 490 521 491
3 521 490 1267
3 1301 521 1267
3 520 483 1260
3 1300 520 1260
3 482 483 1260
3 1259 482 1260
3 1299 1259 1260
3 1299 1260 1300
3 519 1299 1300
3 519 1300 520
3 519 520 483
3 482 519 483
3 519 482 1259
3 1299 519 1259
3 518 474 1252
3 1298 518 1252
3 473 474 1252
3 1251 473 1252
3 1297 1251 1252
3 1297 1252 1298
3 517 1297 1298
3 517 1298 518
3 517 518 474
3 473 517 474
3 517 473 1251
3 1297 517 1251
3 516 466 1243
3 1296 516 1243
3 465 466 1243
3 1242 465 1243
3 1295 1242 1243
3 1295 1243 1296
3 515 1295 1296
3 515 1296 516
3 515 516 466
3 465 515 466
3 515 465 1242
3 1295 515 1242
3 499 471 1248
3 1281 499 1248
3 499 471 1248
3 1281 499 1248
3 472 471 499
3 500 472 499
3 1282 500 499
3 1282 499 1281
3 1249 1282 1281
3 1249 1281 1248
3 1249 1248 471
3 472 1249 471
3 500 472 1249
3 1282 500 1249
3 497 469 1246
3 1279 497 1246
3 470 469 497
3 498 470 497
3 1280 498 497
3 1280 497 1279
3 1247 1280 1279
3 1247 1279 1246
3 1247 1246 469
3 470 1247 469
3 498 470 1247
3 1280 498 1247
3 495 467 1244
3 1277 495 1244
3 468 467 495
3 496 468 495
3 1278 496 495
3 1278 495 1277
3 1245 1278 1277
3 1245 1277 1244
3 1245 1244 467
3 468 1245 467
3 496 468 1245
3 1278 496 1245
3 505 479 1257
3 1287 505 1257
3 505 479 1257
3 1287 505 1257
3 480 479 505
3 506 480 505
3 1288 506 505
3 1288 505 1287
3 1258 1288 1287
3 1258 1287 1257
3 1258 1257 479
3 480 1258 479
3 506 480 1258
3 1288 506 1258
3 503 477 1255
3 1285 503 1255
3 478 477 503
3 504 478 503
3 1286 504 503
3 1286 503 1285
3 1256 1286 1285
3 1256 1285 1255
3 1256 1255 477
3 478 1256 477
3 504 478 1256
3 1286 504 1256
3 501 475 1253
3 1283 501 1253
3 476 475 501
3 502 476 501
3 1284 502 501
3 1284 501 1283
3 1254 1284 1283
3 1254 1283 1253
3 1254 1253 475
3 476 1254 475
3 502 476 1254
3 1284 502 1254
3 511 488 1265
3 1293 511 1265
3 511 488 1265
3 1293 511 1265
3 489 488 511
3 512 489 511
3 1294 512 511
3 1294 511 1293
3 1266 1294 1293
3 1266 1293 1265
3 1266 1265 488
3 489 1266 488
3 512 489 1266
3 1294 512 1266
3 509 486 1263
3 1291 509 1263
3 487 486 509
3 510 487 509
3 1292 510 509
3 1292 509 1291
3 1264 1292 1291
3 1264 1291 1263
3 1264 1263 486
3 487 1264 486
3 510 487 1264
3 1292 510 1264
3 507 484 1261
3 1289 507 1261
3 485 484 507
3 508 485 507
3 1290 508 507
3 1290 507 1289
3 1262 1290 1289
3 1262 1289 1261
3 1262 1261 484
3 485 1262 484
3 508 485 1262
3 1290 508 1262
3 1554 1372 2828
3 2800 2804 1554
3 5062 4715 4021
3 5054 5057 5062
3 5044 5048 5045
3 2828 5044 5045
3 1554 2828 5045
3 2800 1554 5045
3 4021 2800 5045
3 5054 5062 4021
3 5045 5054 4021
3 1374 1372 1554
3 1556 1374 1554
3 2806 1556 1554
3 2806 1554 2804
3 2800 2804 2806
3 2803 2800 2806
3 4020 2803 2800
3 4020 2800 4021
3 4020 4021 4715
3 4719 4020 4715
3 5064 4719 4715
3 5064 4715 5062
3 5057 5062 5064
3 5056 5057 5064
3 5053 5054 5057
3 5053 5057 5056
3 5045 5054 5053
3 5046 5045 5053
3 5047 5046 5045
3 5047 5045 5048
3 5044 5048 5047
3 5043 5044 5047
3 2827 2828 5044
3 2827 5044 5043
3 1374 1372 2828
3 1374 2828 2827
3 1556 1374 2827
3 2803 2806 1556
3 5064 4719 4020
3 5053 5056 5064
3 5043 5047 5046
3 2827 5043 5046
3 1556 2827 5046
3 2803 1556 5046
3 4020 2803 5046
3 5053 5064 4020
3 5046 5053 4020
3 5040 4658 2513
3 1374 5040 2513
3 2513 4658 4024
3 1556 2513 4024
3 1556 1374 2513
3 4398 4024 4658
3 5036 4398 4658
3 5055 5036 4658
3 5039 5055 4658
3 2801 2800 3167
3 3168 2801 3167
3 3168 3167 3097
3 3098 3168 3097
3 2568 3098 3097
3 2568 3097 2567
3 2801 2568 2567
3 2801 2567 2800
3 2802 3169 3167
3 2802 3167 2800
3 4023 2802 2800
3 4023 2800 4022
3 4023 4022 4715
3 4716 4023 4715
3 4716 4715 3167
3 3169 4716 3167
3 5059 5058 5063
3 5065 5059 5063
3 5065 5063 4718
3 4720 5065 4718
3 4399 4720 4718
3 4399 4718 4398
3 5059 4399 4398
3 5059 4398 5058
3 4717 4715 5049
3 5050 4717 5049
3 5050 5049 3713
3 3715 5050 3713
3 3203 3715 3713
3 3203 3713 3202
3 4717 3203 3202
3 4717 3202 4715
3 3248 3084 3083
3 3248 3083 3247
3 3248 3247 3440
3 3441 3248 3440
3 3441 3440 3186
3 3187 3441 3186
3 3084 3187 3186
3 3084 3186 3083
3 3105 3189 3188
3 3105 3188 3104
3 3291 3105 3104
3 3291 3104 3290
3 3291 3290 3303
3 3304 3291 3303
3 3546 3304 3303
3 3546 3303 3545
3 3546 3545 3713
3 3714 3546 3713
3 3714 3713 3188
3 3189 3714 3188
3 2801 2800 3167
3 3168 2801 3167
3 3168 3167 3097
3 3098 3168 3097
3 2568 3098 3097
3 2568 3097 2567
3 2801 2568 2567
3 2801 2567 2800
3 3475 3547 3021
3 2994 3475 3021
3 2833 3423 3475
3 2833 3475 2994
3 2833 3423 3426
3 2836 2833 3426
3 2993 2836 3426
3 2993 3426 3474
3 2993 3474 3542
3 3016 2993 3542
3 3016 3542 3547
3 3021 3016 3547
3 3152 3009 2767
3 3026 3152 2767
3 3026 3152 2758
3 2154 3026 2758
3 2767 3009 2758
3 2767 2758 2154
3 3338 3485 3292
3 3204 3338 3292
3 3153 3204 3292
3 3153 3292 3192
3 3485 3192 3153
3 3338 3485 3153
