OFF
8062 11294 0
0.000 74.295 8.600
0.249 74.162 0.000
0.249 74.162 8.600
1.893 68.051 11.800
3.786 61.807 8.600
3.919 62.057 0.000
3.919 62.057 8.600
15.601 72.206 8.600
17.627 66.212 0.000
17.627 66.212 8.600
17.715 65.233 8.600
17.848 65.483 0.000
17.848 65.483 8.600
21.042 73.856 11.800
23.156 66.883 11.800
26.483 75.505 8.600
27.917 126.346 0.000
27.917 126.346 12.800
27.917 126.346 12.900
27.917 126.346 13.800
28.127 69.395 0.000
28.127 69.395 8.600
28.348 68.666 0.000
28.348 68.666 8.600
28.597 68.532 8.600
36.413 89.641 0.000
36.413 89.641 12.800
36.413 89.641 12.900
36.413 89.641 13.800
37.609 85.696 8.600
37.667 85.504 0.000
37.667 85.504 8.600
38.824 90.372 0.000
38.824 90.372 12.800
38.824 90.372 12.900
38.824 90.372 13.800
39.502 79.452 11.800
40.283 90.814 0.000
40.283 90.814 12.800
40.283 90.814 12.900
40.283 90.814 13.800
40.739 106.638 0.000
40.739 106.638 12.800
40.739 106.638 12.900
40.739 106.638 13.800
40.813 89.064 0.000
40.813 89.064 12.800
40.813 89.064 12.900
40.813 89.064 13.800
41.337 73.399 0.000
41.337 73.399 8.600
41.337 73.399 12.800
41.337 73.399 12.900
41.337 73.399 13.800
41.395 73.208 8.600
44.181 74.261 0.000
44.181 74.261 12.800
44.181 74.261 12.900
44.181 74.261 13.800
45.626 90.523 0.000
45.626 90.523 12.800
45.626 90.523 12.900
45.626 90.523 13.800
46.155 67.751 0.000
46.155 67.751 12.800
46.155 67.751 12.900
46.155 67.751 13.800
49.071 68.635 0.000
49.071 68.635 12.800
49.071 68.635 12.900
49.071 68.635 13.800
52.357 37.002 13.800
52.357 37.002 18.600
52.941 80.968 26.000
52.941 80.968 36.640
52.942 80.966 26.000
52.942 80.966 36.640
53.524 79.048 27.371
53.524 79.048 29.402
53.524 79.048 29.879
53.524 79.048 30.640
53.524 79.048 34.640
53.524 79.048 35.859
53.635 78.679 34.640
53.635 78.679 35.859
53.710 78.433 27.371
53.710 78.433 29.402
53.710 78.433 33.879
53.710 78.433 34.640
53.803 78.126 29.879
53.803 78.126 30.640
53.990 77.512 30.640
53.990 77.512 31.859
53.990 77.512 33.879
53.990 77.512 34.640
54.101 77.143 30.640
54.101 77.143 31.859
54.394 76.177 27.371
54.394 76.177 28.640
54.394 76.177 33.371
54.394 76.177 34.640
54.403 51.022 0.000
54.403 51.022 12.800
54.403 51.022 12.900
54.403 51.022 13.800
54.422 110.786 0.000
54.422 110.786 12.800
54.422 110.786 12.900
54.422 110.786 13.800
54.581 75.562 35.371
54.581 75.562 36.133
54.855 81.548 28.506
54.855 81.548 29.640
54.860 74.641 27.371
54.860 74.641 28.640
54.860 74.641 30.640
54.860 74.641 31.859
54.860 74.641 33.371
54.860 74.641 34.640
54.860 74.641 35.371
54.860 74.641 36.133
54.972 74.272 30.640
54.972 74.272 31.859
55.012 28.299 13.800
55.012 28.299 18.600
55.083 81.617 31.506
55.083 81.617 32.414
55.133 27.899 0.000
55.133 27.899 12.800
55.133 27.899 12.900
55.133 27.899 13.800
55.265 73.306 27.371
55.265 73.306 28.640
55.265 73.306 29.371
55.265 73.306 30.133
55.265 73.306 33.371
55.265 73.306 35.402
55.451 72.691 33.371
55.451 72.691 35.402
55.492 37.952 13.800
55.492 37.952 18.600
55.544 72.384 29.371
55.544 72.384 30.133
55.652 81.789 34.506
55.652 81.789 34.846
55.731 71.770 27.371
55.731 71.770 28.640
55.993 81.893 28.506
55.993 81.893 29.640
55.993 81.893 31.506
55.993 81.893 32.414
55.993 81.893 34.506
55.993 81.893 34.846
56.136 70.435 27.371
56.136 70.435 28.640
56.136 70.435 29.371
56.136 70.435 31.402
56.136 70.435 33.371
56.136 70.435 34.640
56.322 69.821 29.371
56.322 69.821 31.402
56.601 68.899 27.371
56.601 68.899 28.640
56.601 68.899 33.371
56.601 68.899 34.640
56.769 82.128 27.206
56.769 82.128 28.340
57.006 67.564 29.371
57.006 67.564 30.640
57.360 66.397 34.153
57.360 66.397 35.371
57.472 66.028 29.371
57.472 66.028 30.640
57.472 66.028 34.153
57.472 66.028 35.371
57.607 31.018 13.800
57.607 31.018 18.600
57.877 64.693 27.371
57.877 64.693 28.640
57.877 64.693 29.371
57.877 64.693 30.640
57.877 64.693 33.371
57.877 64.693 35.402
57.907 82.473 27.206
57.907 82.473 28.340
58.063 64.079 33.371
58.063 64.079 35.402
58.343 63.157 27.371
58.343 63.157 28.640
58.343 63.157 29.371
58.343 63.157 30.640
58.682 82.708 28.506
58.682 82.708 29.073
58.682 82.708 34.506
58.682 82.708 35.640
58.747 61.822 27.371
58.747 61.822 28.640
58.747 61.822 33.371
58.747 61.822 34.133
58.747 61.822 35.371
58.747 61.822 36.133
58.822 61.577 30.183
58.822 61.577 31.402
58.910 82.777 31.506
58.910 82.777 32.414
58.934 61.208 30.183
58.934 61.208 31.402
59.027 60.901 33.371
59.027 60.901 34.133
59.027 60.901 35.371
59.027 60.901 36.133
59.213 60.286 27.371
59.213 60.286 28.640
59.252 82.881 28.506
59.252 82.881 29.073
59.309 94.670 0.000
59.309 94.670 12.800
59.309 94.670 12.900
59.309 94.670 13.800
59.618 58.952 27.371
59.618 58.952 28.640
59.618 58.952 29.371
59.618 58.952 30.640
59.618 58.952 33.371
59.618 58.952 34.640
59.821 83.053 31.506
59.821 83.053 32.414
59.821 83.053 34.506
59.821 83.053 35.640
60.084 57.415 27.371
60.084 57.415 28.640
60.084 57.415 29.371
60.084 57.415 30.640
60.084 57.415 33.371
60.084 57.415 34.640
60.489 56.081 27.371
60.489 56.081 29.402
60.489 56.081 31.371
60.489 56.081 32.640
60.489 56.081 33.371
60.489 56.081 34.767
60.675 55.466 27.371
60.675 55.466 29.402
60.768 55.159 33.371
60.768 55.159 34.767
60.954 54.544 31.371
60.954 54.544 32.640
61.279 83.495 28.506
61.279 83.495 28.960
61.279 83.495 35.487
61.279 83.495 35.940
61.359 53.210 27.371
61.359 53.210 28.640
61.359 53.210 29.371
61.359 53.210 30.767
61.359 53.210 33.371
61.359 53.210 34.640
61.639 52.288 29.371
61.639 52.288 30.767
61.734 83.634 28.506
61.734 83.634 28.960
61.734 83.634 35.487
61.734 83.634 35.940
61.825 51.674 27.371
61.825 51.674 28.640
61.825 51.674 33.371
61.825 51.674 34.640
62.230 50.339 31.371
62.230 50.339 32.006
62.230 50.339 33.371
62.230 50.339 34.767
62.416 49.724 27.879
62.416 49.724 29.275
62.463 49.571 31.371
62.463 49.571 32.006
62.509 49.417 33.371
62.509 49.417 34.767
62.510 83.869 34.006
62.510 83.869 35.140
62.696 48.803 27.879
62.696 48.803 29.275
62.737 83.938 31.506
62.737 83.938 32.414
62.927 136.960 0.000
62.927 136.960 12.800
62.927 136.960 12.900
62.927 136.960 13.800
62.933 136.962 0.000
62.933 136.962 12.800
62.933 136.962 12.900
62.933 136.962 13.800
63.100 47.468 27.371
63.100 47.468 28.640
63.100 47.468 31.371
63.100 47.468 32.450
63.100 47.468 33.879
63.100 47.468 34.640
63.220 137.049 0.000
63.220 137.049 12.800
63.380 46.546 33.879
63.380 46.546 34.640
63.424 137.111 0.000
63.424 137.111 12.800
63.424 137.111 12.900
63.424 137.111 13.800
63.496 46.162 31.371
63.496 46.162 32.450
63.566 45.932 27.371
63.566 45.932 28.640
63.648 84.214 31.506
63.648 84.214 32.414
63.648 84.214 34.006
63.648 84.214 35.140
63.799 45.164 30.006
63.799 45.164 30.640
63.971 44.597 27.371
63.971 44.597 28.640
63.971 44.597 33.371
63.971 44.597 34.640
64.032 44.396 30.006
64.032 44.396 30.640
64.111 134.134 2.000
64.111 134.134 4.300
64.111 134.134 5.500
64.111 134.134 7.800
64.111 134.134 9.000
64.111 134.134 11.300
64.204 43.829 35.506
64.204 43.829 36.140
64.315 134.196 2.000
64.315 134.196 4.300
64.315 134.196 5.500
64.315 134.196 7.800
64.315 134.196 9.000
64.315 134.196 11.300
64.423 84.449 28.506
64.423 84.449 29.640
64.437 43.061 27.371
64.437 43.061 28.640
64.437 43.061 33.371
64.437 43.061 34.640
64.437 43.061 35.506
64.437 43.061 36.140
64.607 69.765 12.900
64.607 69.765 26.000
64.642 132.384 9.000
64.642 132.384 11.300
64.842 41.726 28.006
64.842 41.726 28.640
64.842 41.726 29.371
64.842 41.726 30.640
64.842 41.726 33.371
64.842 41.726 34.006
64.842 41.726 35.371
64.842 41.726 36.006
64.846 132.446 9.000
64.846 132.446 11.300
64.993 84.621 32.506
64.993 84.621 33.073
65.000 131.202 2.000
65.000 131.202 7.800
65.058 131.010 2.000
65.058 131.010 7.800
65.075 40.958 28.006
65.075 40.958 28.640
65.075 40.958 33.371
65.075 40.958 34.006
65.075 40.958 35.371
65.075 40.958 36.006
65.106 84.656 34.506
65.106 84.656 34.960
65.203 131.263 2.000
65.203 131.263 7.800
65.261 131.072 2.000
65.261 131.072 7.800
65.307 40.190 29.371
65.307 40.190 30.640
65.416 129.828 9.000
65.416 129.828 11.300
65.562 84.794 28.506
65.562 84.794 29.640
65.562 84.794 32.506
65.562 84.794 33.073
65.562 84.794 34.506
65.562 84.794 34.960
65.621 129.890 9.000
65.621 129.890 11.300
65.712 38.855 33.371
65.712 38.855 34.640
65.829 38.471 27.371
65.829 38.471 28.323
65.945 38.087 30.006
65.945 38.087 30.640
65.947 128.078 9.000
65.947 128.078 11.300
65.992 37.934 31.371
65.992 37.934 31.879
66.151 128.140 9.000
66.151 128.140 11.300
66.178 37.319 27.371
66.178 37.319 28.323
66.178 37.319 30.006
66.178 37.319 30.640
66.178 37.319 31.371
66.178 37.319 31.879
66.178 37.319 33.371
66.178 37.319 34.640
66.306 126.896 2.000
66.306 126.896 7.800
66.337 85.029 29.006
66.337 85.029 30.140
66.364 126.704 2.000
66.364 126.704 7.800
66.509 126.957 2.000
66.509 126.957 7.800
66.567 126.766 2.000
66.567 126.766 7.800
66.722 125.522 9.000
66.722 125.522 11.300
66.862 35.063 29.371
66.862 35.063 29.879
66.862 35.063 31.371
66.862 35.063 33.402
66.926 125.584 9.000
66.926 125.584 11.300
67.049 34.448 29.371
67.049 34.448 29.879
67.049 34.448 31.371
67.049 34.448 33.402
67.253 123.772 9.000
67.253 123.772 11.300
67.453 33.114 27.371
67.453 33.114 28.640
67.457 123.834 9.000
67.457 123.834 11.300
67.475 85.374 29.006
67.475 85.374 30.140
67.570 32.729 33.371
67.570 32.729 34.323
67.570 32.729 35.371
67.570 32.729 36.323
67.611 122.590 2.000
67.611 122.590 7.800
67.669 122.399 2.000
67.669 122.399 7.800
67.733 32.192 29.371
67.733 32.192 29.879
67.814 122.652 2.000
67.814 122.652 7.800
67.872 122.460 2.000
67.872 122.460 7.800
67.898 58.850 12.900
67.898 58.850 26.000
67.919 31.577 27.371
67.919 31.577 28.640
67.919 31.577 29.371
67.919 31.577 29.879
67.919 31.577 33.371
67.919 31.577 34.323
67.919 31.577 35.371
67.919 31.577 36.323
68.028 121.216 9.000
68.028 121.216 11.300
68.232 121.278 9.000
68.232 121.278 11.300
68.251 85.609 28.506
68.251 85.609 29.640
68.251 85.609 34.506
68.251 85.609 35.640
68.324 30.243 27.371
68.324 30.243 28.640
68.324 30.243 29.689
68.324 30.243 30.640
68.324 30.243 33.689
68.324 30.243 34.640
68.557 29.475 32.006
68.557 29.475 32.640
68.558 119.466 9.000
68.558 119.466 11.300
68.673 29.091 29.689
68.673 29.091 30.640
68.673 29.091 33.689
68.673 29.091 34.640
68.762 119.528 9.000
68.762 119.528 11.300
68.790 28.707 27.371
68.790 28.707 28.640
68.790 28.707 32.006
68.790 28.707 32.640
68.917 118.284 2.000
68.917 118.284 7.800
68.975 118.093 2.000
68.975 118.093 7.800
69.026 85.844 32.006
69.026 85.844 33.140
69.120 118.346 2.000
69.120 118.346 7.800
69.178 118.154 2.000
69.178 118.154 7.800
69.311 26.988 29.371
69.311 26.988 30.323
69.333 116.911 9.000
69.333 116.911 11.300
69.389 85.954 28.506
69.389 85.954 29.640
69.389 85.954 34.506
69.389 85.954 35.640
69.428 26.604 28.006
69.428 26.604 28.640
69.497 26.374 32.196
69.497 26.374 33.275
69.537 116.973 9.000
69.537 116.973 11.300
69.660 25.836 28.006
69.660 25.836 28.640
69.660 25.836 29.371
69.660 25.836 30.323
69.864 115.160 9.000
69.864 115.160 11.300
69.864 115.161 9.000
69.864 115.161 11.300
69.893 25.068 32.196
69.893 25.068 33.275
70.065 24.501 33.371
70.065 24.501 34.640
70.068 115.222 9.000
70.068 115.222 11.300
70.164 86.189 32.006
70.164 86.189 33.140
70.164 86.189 34.506
70.164 86.189 35.640
70.182 24.117 35.371
70.182 24.117 36.323
70.222 113.978 2.000
70.222 113.978 7.800
70.280 113.787 2.000
70.280 113.787 7.800
70.298 23.733 28.006
70.298 23.733 28.640
70.345 23.580 31.371
70.345 23.580 31.879
70.425 114.040 2.000
70.425 114.040 7.800
70.438 86.268 38.900
70.438 86.268 38.902
70.483 113.849 2.000
70.483 113.849 7.800
70.501 86.287 38.427
70.501 86.287 39.379
70.519 86.292 38.288
70.519 86.292 39.512
70.531 22.965 28.006
70.531 22.965 28.640
70.531 22.965 31.371
70.531 22.965 31.879
70.531 22.965 33.371
70.531 22.965 34.640
70.531 22.965 35.371
70.531 22.965 36.323
70.612 85.693 38.900
70.613 85.693 38.902
70.639 112.605 9.000
70.639 112.605 11.300
70.660 86.335 38.014
70.662 86.336 39.791
70.675 85.713 38.427
70.675 85.713 39.379
70.693 85.718 38.288
70.693 85.718 39.512
70.791 86.375 37.758
70.791 86.375 40.043
70.818 86.384 37.735
70.825 86.386 40.071
70.834 85.761 38.014
70.836 85.762 39.791
70.837 86.389 38.900
70.837 86.389 38.902
70.843 112.667 9.000
70.843 112.667 11.300
70.847 86.397 28.187
70.847 86.397 28.640
70.893 86.406 38.427
70.893 86.406 39.379
70.936 21.631 35.371
70.936 21.631 36.323
70.955 86.425 39.512
70.956 86.425 37.623
70.958 86.426 38.288
70.963 86.428 40.182
70.965 85.801 37.758
70.965 85.801 40.043
70.971 86.430 37.612
70.981 86.432 40.196
70.981 86.433 40.196
70.993 85.809 37.735
71.000 85.811 40.071
71.011 85.815 38.902
71.012 85.815 38.900
71.029 21.324 27.371
71.029 21.324 28.387
71.052 21.247 33.371
71.052 21.247 34.323
71.068 85.832 38.427
71.068 85.832 39.379
71.084 86.464 38.014
71.084 86.464 39.791
71.130 85.851 39.512
71.131 85.851 37.623
71.132 85.851 38.288
71.138 85.853 40.182
71.146 85.855 37.612
71.155 85.858 40.196
71.155 85.859 40.196
71.169 20.863 30.006
71.169 20.863 30.640
71.169 110.855 9.000
71.169 110.855 11.300
71.234 86.510 37.398
71.234 86.510 40.402
71.239 30.494 0.001
71.239 30.496 0.001
71.240 30.471 0.001
71.240 30.472 0.001
71.240 30.517 0.001
71.240 30.520 0.001
71.242 30.539 0.001
71.243 30.447 0.001
71.243 30.448 0.001
71.243 30.543 0.001
71.247 30.560 0.001
71.248 30.424 0.001
71.248 30.567 0.001
71.249 30.423 0.001
71.252 30.581 0.001
71.256 30.399 0.001
71.256 30.402 0.001
71.256 30.590 0.001
71.258 85.890 38.014
71.258 85.890 39.791
71.259 30.600 0.001
71.265 30.379 0.001
71.265 30.612 0.001
71.266 30.376 0.001
71.267 30.617 0.001
71.269 30.525 0.700
71.270 30.495 0.700
71.270 30.554 0.700
71.273 30.583 0.700
71.274 30.465 0.700
71.276 30.358 0.001
71.276 30.633 0.001
71.277 30.634 0.001
71.279 30.354 0.001
71.279 30.610 0.700
71.281 30.434 0.700
71.285 20.479 35.371
71.285 20.479 36.323
71.286 30.635 0.700
71.287 30.651 0.001
71.289 30.338 0.001
71.289 30.653 0.001
71.291 30.404 0.700
71.293 30.332 0.001
71.295 30.659 0.700
71.299 30.556 1.400
71.299 30.558 1.400
71.299 30.566 1.400
71.300 30.520 1.400
71.300 30.521 1.400
71.300 30.529 1.400
71.300 30.592 1.400
71.300 30.595 1.400
71.300 30.668 0.001
71.301 30.603 1.400
71.303 30.319 0.001
71.303 30.672 0.001
71.303 86.535 28.187
71.303 86.535 28.640
71.303 86.535 32.006
71.303 86.535 33.140
71.303 86.535 34.506
71.303 86.535 35.640
71.304 30.375 0.700
71.304 30.493 1.400
71.304 30.626 1.400
71.305 30.485 1.400
71.305 30.632 1.400
71.306 30.483 1.400
71.307 30.640 1.400
71.309 30.313 0.001
71.311 30.456 1.400
71.311 30.659 1.400
71.313 30.448 1.400
71.313 30.668 1.400
71.314 30.446 1.400
71.314 30.685 0.001
71.315 30.676 1.400
71.317 30.704 0.700
71.319 30.346 0.700
71.320 30.301 0.001
71.320 30.690 0.001
71.320 30.690 1.400
71.322 30.421 1.400
71.324 30.413 1.400
71.324 30.704 1.400
71.326 30.295 0.001
71.326 30.409 1.400
71.327 30.711 1.400
71.330 30.700 0.001
71.330 30.719 1.400
71.330 30.725 0.700
71.335 30.386 1.400
71.337 30.285 0.001
71.337 30.319 0.700
71.337 30.706 0.001
71.338 30.379 1.400
71.338 30.738 1.400
71.341 30.373 1.400
71.342 30.745 1.400
71.343 30.746 1.400
71.345 30.279 0.001
71.346 30.747 0.700
71.348 30.715 0.001
71.352 30.353 1.400
71.355 30.771 1.400
71.356 30.270 0.001
71.356 30.346 1.400
71.356 30.721 0.001
71.357 30.294 0.700
71.357 30.773 1.400
71.360 30.339 1.400
71.360 30.778 1.400
71.364 30.767 0.700
71.365 30.264 0.001
71.367 30.728 0.001
71.370 86.551 40.043
71.371 30.321 1.400
71.373 30.799 1.400
71.373 110.917 9.000
71.373 110.917 11.300
71.375 30.315 1.400
71.375 30.802 1.400
71.376 30.734 0.001
71.377 30.257 0.001
71.377 86.553 37.758
71.380 30.271 0.700
71.380 30.809 1.400
71.381 30.306 1.400
71.385 30.787 0.700
71.386 30.252 0.001
71.388 30.740 0.001
71.393 30.292 1.400
71.393 30.825 1.400
71.398 30.246 0.001
71.398 30.285 1.400
71.398 30.745 0.001
71.398 30.832 1.400
71.402 20.095 27.371
71.402 20.095 28.387
71.402 20.095 30.006
71.402 20.095 30.640
71.402 20.095 33.371
71.402 20.095 34.323
71.403 30.838 1.400
71.403 86.561 37.735
71.403 86.561 40.071
71.404 30.251 0.700
71.406 30.276 1.400
71.407 30.242 0.001
71.407 30.806 0.700
71.408 85.936 37.398
71.408 85.936 40.402
71.411 30.750 0.001
71.415 30.850 1.400
71.417 30.264 1.400
71.420 30.237 0.001
71.420 30.754 0.001
71.423 30.258 1.400
71.423 30.859 1.400
71.429 30.233 0.700
71.429 30.234 0.001
71.429 30.865 1.400
71.432 30.823 0.700
71.433 30.248 1.400
71.434 30.759 0.001
71.440 30.874 1.400
71.443 30.230 0.001
71.443 30.761 0.001
71.444 30.238 1.400
71.450 30.228 0.001
71.450 30.233 1.400
71.450 30.884 1.400
71.456 30.217 0.700
71.457 30.889 1.400
71.458 30.765 0.001
71.459 30.838 0.700
71.463 30.223 1.400
71.466 30.225 0.001
71.466 30.766 0.001
71.467 30.897 1.400
71.471 30.224 0.001
71.473 30.215 1.400
71.480 30.210 1.400
71.480 30.906 1.400
71.483 30.205 0.700
71.483 30.769 0.001
71.486 30.911 1.400
71.487 30.851 0.700
71.490 30.222 0.001
71.490 30.769 0.001
71.492 30.221 0.001
71.493 30.201 1.400
71.497 30.918 1.400
71.504 30.194 1.400
71.509 30.770 0.001
71.510 30.194 0.700
71.511 30.190 1.400
71.511 30.926 1.400
71.512 30.221 0.001
71.514 30.221 0.001
71.514 30.771 0.001
71.517 30.862 0.700
71.518 30.930 1.400
71.526 30.182 1.400
71.528 109.673 2.000
71.528 109.673 7.800
71.529 30.936 1.400
71.532 30.221 0.001
71.534 30.770 0.001
71.537 30.177 1.400
71.538 30.187 0.700
71.538 30.222 0.001
71.538 30.769 0.001
71.544 30.173 1.400
71.544 30.944 1.400
71.545 85.977 40.043
71.548 30.870 0.700
71.551 30.947 1.400
71.551 85.979 37.758
71.552 30.223 0.001
71.559 30.167 1.400
71.559 30.767 0.001
71.562 30.225 0.001
71.562 30.766 0.001
71.564 30.952 1.400
71.565 30.181 0.700
71.571 30.162 1.400
71.573 30.227 0.001
71.577 85.987 37.735
71.577 85.987 40.071
71.578 30.159 1.400
71.578 30.958 1.400
71.580 30.875 0.700
71.583 30.762 0.001
71.585 30.230 0.001
71.585 30.761 0.001
71.586 30.960 1.400
71.586 109.481 2.000
71.586 109.481 7.800
71.591 30.178 0.700
71.592 30.154 1.400
71.594 30.232 0.001
71.600 30.965 1.400
71.606 30.150 1.400
71.607 30.754 0.001
71.608 30.237 0.001
71.608 30.754 0.001
71.612 30.877 0.700
71.614 30.148 1.400
71.614 30.969 1.400
71.615 30.240 0.001
71.617 30.177 0.700
71.621 30.971 1.400
71.625 30.145 1.400
71.629 30.745 0.001
71.630 30.246 0.001
71.630 30.745 0.001
71.637 30.249 0.001
71.638 30.974 1.400
71.642 30.141 1.400
71.644 30.876 0.700
71.650 30.140 1.400
71.650 30.734 0.001
71.650 30.977 1.400
71.651 30.257 0.001
71.651 30.734 0.001
71.658 30.139 1.400
71.658 30.261 0.001
71.658 30.978 1.400
71.667 30.180 0.700
71.670 30.722 0.001
71.672 30.270 0.001
71.672 30.721 0.001
71.676 30.872 0.700
71.676 30.981 1.400
71.678 30.136 1.400
71.678 30.275 0.001
71.686 30.135 1.400
71.686 30.982 1.400
71.688 30.709 0.001
71.690 30.135 1.400
71.691 30.285 0.001
71.691 30.706 0.001
71.694 30.185 0.700
71.695 30.982 1.400
71.698 30.291 0.001
71.704 30.694 0.001
71.707 30.865 0.700
71.708 30.301 0.001
71.708 30.690 0.001
71.715 30.134 1.400
71.715 30.983 1.400
71.716 30.309 0.001
71.718 30.679 0.001
71.721 30.134 1.400
71.721 30.192 0.700
71.724 30.133 1.400
71.724 30.983 1.400
71.725 30.319 0.001
71.725 30.672 0.001
71.731 30.664 0.001
71.731 109.734 2.000
71.731 109.734 7.800
71.732 30.983 1.400
71.733 30.329 0.001
71.737 30.856 0.700
71.739 30.338 0.001
71.739 30.653 0.001
71.743 30.648 0.001
71.748 30.202 0.700
71.748 30.351 0.001
71.751 30.134 1.400
71.752 30.134 1.400
71.752 30.358 0.001
71.752 30.633 0.001
71.753 30.631 0.001
71.755 30.982 1.400
71.761 30.135 1.400
71.761 30.374 0.001
71.761 30.982 1.400
71.763 30.379 0.001
71.763 30.612 0.001
71.765 30.845 0.700
71.769 30.981 1.400
71.771 30.398 0.001
71.771 30.592 0.001
71.772 30.401 0.001
71.772 30.590 0.001
71.775 30.214 0.700
71.776 86.675 37.253
71.776 86.675 40.547
71.779 30.423 0.001
71.779 30.571 0.001
71.780 30.424 0.001
71.780 30.567 0.001
71.782 30.138 1.400
71.784 30.548 0.001
71.785 30.448 0.001
71.785 30.543 0.001
71.787 30.524 0.001
71.788 30.472 0.001
71.788 30.474 0.001
71.788 30.519 0.001
71.789 30.139 1.400
71.789 30.496 0.001
71.789 30.499 0.001
71.789 109.543 2.000
71.789 109.543 7.800
71.792 30.831 0.700
71.793 30.977 1.400
71.797 30.140 1.400
71.797 30.977 1.400
71.802 30.229 0.700
71.805 30.975 1.400
71.806 18.760 27.371
71.806 18.760 28.640
71.806 18.760 33.371
71.806 18.760 34.640
71.814 30.143 1.400
71.817 30.815 0.700
71.826 30.146 1.400
71.828 30.246 0.700
71.831 30.969 1.400
71.833 30.969 1.400
71.834 30.148 1.400
71.840 30.798 0.700
71.841 30.967 1.400
71.847 30.152 1.400
71.853 30.267 0.700
71.860 30.780 0.700
71.861 30.156 1.400
71.867 30.958 1.400
71.869 30.159 1.400
71.869 30.958 1.400
71.876 30.290 0.700
71.876 30.955 1.400
71.878 86.706 37.623
71.878 86.706 40.182
71.879 30.761 0.700
71.879 86.706 37.623
71.880 30.163 1.400
71.895 30.741 0.700
71.896 30.170 1.400
71.897 30.315 0.700
71.902 30.944 1.400
71.903 30.173 1.400
71.903 30.943 1.400
71.910 30.940 1.400
71.913 30.178 1.400
71.916 30.343 0.700
71.923 30.699 0.700
71.929 30.186 1.400
71.933 30.372 0.700
71.934 30.927 1.400
71.936 30.190 1.400
71.936 30.675 0.700
71.936 30.926 1.400
71.943 30.922 1.400
71.944 108.299 9.000
71.944 108.299 11.300
71.946 30.196 1.400
71.946 30.403 0.700
71.946 30.650 0.700
71.951 86.101 37.253
71.951 86.101 40.547
71.955 30.622 0.700
71.956 30.435 0.700
71.961 30.206 1.400
71.962 30.593 0.700
71.963 30.467 0.700
71.964 30.909 1.400
71.967 30.210 1.400
71.967 30.563 0.700
71.967 30.906 1.400
71.968 30.500 0.700
71.969 30.532 0.700
71.974 30.902 1.400
71.977 30.218 1.400
71.990 30.228 1.400
71.992 30.888 1.400
71.997 30.233 1.400
71.997 30.884 1.400
72.003 30.879 1.400
72.007 30.242 1.400
72.017 30.866 1.400
72.018 30.252 1.400
72.024 30.258 1.400
72.024 30.859 1.400
72.030 30.853 1.400
72.036 30.270 1.400
72.039 30.843 1.400
72.044 30.279 1.400
72.049 30.285 1.400
72.049 30.831 1.400
72.053 86.131 37.623
72.053 86.131 40.182
72.053 86.132 37.623
72.054 30.825 1.400
72.059 30.819 1.400
72.062 30.301 1.400
72.067 30.308 1.400
72.072 30.315 1.400
72.072 30.802 1.400
72.076 30.795 1.400
72.077 30.794 1.400
72.078 86.770 28.506
72.078 86.770 29.640
72.085 30.335 1.400
72.087 30.339 1.400
72.092 30.346 1.400
72.092 30.771 1.400
72.093 30.768 1.400
72.095 30.764 1.400
72.104 30.370 1.400
72.105 30.371 1.400
72.108 30.739 1.400
72.109 30.379 1.400
72.109 30.738 1.400
72.112 30.731 1.400
72.120 30.405 1.400
72.121 30.408 1.400
72.121 30.708 1.400
72.123 30.413 1.400
72.123 30.704 1.400
72.126 30.696 1.400
72.132 30.441 1.400
72.132 30.674 1.400
72.133 30.446 1.400
72.134 30.448 1.400
72.134 30.668 1.400
72.136 30.660 1.400
72.140 30.477 1.400
72.141 30.639 1.400
72.142 30.485 1.400
72.142 30.486 1.400
72.142 30.632 1.400
72.143 30.624 1.400
72.146 30.513 1.400
72.146 30.602 1.400
72.147 30.521 1.400
72.147 30.525 1.400
72.147 30.587 1.400
72.147 30.595 1.400
72.148 30.550 1.400
72.148 30.558 1.400
72.148 30.564 1.400
72.148 108.361 9.000
72.148 108.361 11.300
72.211 17.426 30.640
72.211 17.426 31.275
72.272 17.224 27.371
72.272 17.224 28.640
72.272 17.224 33.371
72.272 17.224 34.640
72.421 86.871 37.612
72.421 86.871 40.196
72.437 86.875 37.240
72.437 86.875 40.564
72.444 16.658 30.640
72.444 16.658 31.275
72.453 72.144 12.900
72.453 72.144 26.000
72.475 106.549 9.000
72.475 106.549 11.300
72.596 86.296 37.612
72.596 86.296 40.196
72.611 86.301 37.240
72.611 86.301 40.564
72.664 86.944 37.612
72.664 86.944 37.623
72.664 86.944 37.735
72.664 86.944 37.758
72.664 86.944 38.014
72.664 86.944 38.288
72.664 86.944 38.427
72.664 86.944 38.900
72.664 86.944 38.902
72.664 86.944 39.379
72.664 86.944 39.512
72.664 86.944 39.791
72.664 86.944 40.043
72.664 86.944 40.071
72.664 86.944 40.182
72.664 86.944 40.196
72.677 15.889 27.371
72.677 15.889 28.640
72.677 15.889 33.371
72.677 15.889 34.640
72.679 106.611 9.000
72.679 106.611 11.300
72.761 86.977 32.187
72.761 86.977 32.640
72.770 15.582 31.371
72.770 15.582 32.387
72.833 105.367 2.000
72.833 105.367 7.800
72.839 86.370 37.612
72.839 86.370 37.623
72.839 86.370 37.735
72.839 86.370 37.758
72.839 86.370 38.014
72.839 86.370 38.288
72.839 86.370 38.427
72.839 86.370 38.900
72.839 86.370 38.902
72.839 86.370 39.379
72.839 86.370 39.512
72.839 86.370 39.791
72.839 86.370 40.043
72.839 86.370 40.071
72.839 86.370 40.182
72.839 86.370 40.196
72.891 105.175 2.000
72.891 105.175 7.800
73.036 105.428 2.000
73.036 105.428 7.800
73.046 87.061 37.240
73.046 87.061 37.253
73.046 87.061 37.398
73.046 87.061 37.612
73.046 87.061 37.623
73.046 87.061 37.735
73.046 87.061 37.758
73.046 87.061 38.014
73.046 87.061 38.288
73.046 87.061 38.427
73.046 87.061 38.900
73.046 87.061 38.902
73.046 87.061 39.379
73.046 87.061 39.512
73.046 87.061 39.791
73.046 87.061 40.043
73.046 87.061 40.071
73.046 87.061 40.182
73.046 87.061 40.196
73.046 87.061 40.402
73.046 87.061 40.547
73.046 87.061 40.564
73.094 105.237 2.000
73.094 105.237 7.800
73.143 14.353 27.371
73.143 14.353 28.640
73.143 14.353 31.371
73.143 14.353 32.387
73.143 14.353 33.371
73.143 14.353 34.640
73.216 87.115 28.506
73.216 87.115 29.640
73.216 87.115 32.187
73.216 87.115 32.640
73.221 86.486 37.240
73.221 86.486 37.253
73.221 86.486 37.398
73.221 86.486 37.612
73.221 86.486 37.623
73.221 86.486 37.735
73.221 86.486 37.758
73.221 86.486 38.014
73.221 86.486 38.288
73.221 86.486 38.427
73.221 86.486 38.900
73.221 86.486 38.902
73.221 86.486 39.379
73.221 86.486 39.512
73.221 86.486 39.791
73.221 86.486 40.043
73.221 86.486 40.071
73.221 86.486 40.182
73.221 86.486 40.196
73.221 86.486 40.402
73.221 86.486 40.547
73.221 86.486 40.564
73.250 103.993 9.000
73.250 103.993 11.300
73.372 87.160 37.240
73.454 104.055 9.000
73.454 104.055 11.300
73.547 86.586 37.240
73.780 102.243 2.000
73.780 102.243 4.300
73.780 102.243 5.500
73.780 102.243 7.800
73.780 102.243 9.000
73.780 102.243 11.300
73.781 87.284 37.240
73.798 87.289 38.260
73.827 12.097 33.371
73.827 12.097 33.879
73.939 87.332 38.596
73.956 86.710 37.240
73.973 86.715 38.260
73.984 102.305 2.000
73.984 102.305 4.300
73.984 102.305 5.500
73.984 102.305 7.800
73.984 102.305 9.000
73.984 102.305 11.300
73.992 87.350 27.906
73.992 87.350 29.040
74.013 11.483 33.371
74.013 11.483 33.879
74.113 86.758 38.596
74.195 87.410 38.260
74.276 87.436 34.506
74.276 87.436 35.357
74.310 87.445 38.596
74.370 86.835 38.260
74.371 99.237 0.000
74.371 99.237 12.800
74.371 99.237 12.900
74.371 99.237 13.800
74.418 10.148 29.371
74.418 10.148 30.640
74.451 87.488 39.821
74.452 87.487 39.821
74.485 86.870 38.596
74.561 87.522 31.506
74.561 87.522 32.073
74.626 86.913 39.821
74.665 99.326 0.000
74.665 99.326 12.800
74.698 9.226 31.371
74.698 9.226 31.879
74.816 87.598 39.821
74.816 87.598 40.694
74.857 76.453 0.000
74.857 76.453 5.000
74.857 76.453 13.800
74.869 99.388 0.000
74.869 99.388 12.800
74.869 99.388 12.900
74.869 99.388 13.800
74.884 8.612 29.371
74.884 8.612 30.640
74.884 8.612 31.371
74.884 8.612 31.879
74.990 87.024 39.821
74.990 87.024 40.694
75.130 87.695 27.906
75.130 87.695 29.040
75.130 87.695 31.506
75.130 87.695 32.073
75.130 87.695 34.506
75.130 87.695 35.357
75.134 31.708 26.000
75.134 31.716 26.000
75.135 31.679 26.000
75.136 31.671 26.000
75.136 31.745 26.000
75.137 31.753 26.000
75.139 31.642 26.000
75.141 31.634 26.000
75.141 31.782 26.000
75.142 31.790 26.000
75.147 31.606 26.000
75.149 31.598 26.000
75.149 31.818 26.000
75.151 31.826 26.000
75.157 31.571 26.000
75.160 31.563 26.000
75.160 31.854 26.000
75.163 31.861 26.000
75.171 31.536 26.000
75.174 31.529 26.000
75.174 31.888 26.000
75.178 31.895 26.000
75.180 87.709 39.821
75.187 31.503 26.000
75.191 31.496 26.000
75.191 31.921 26.000
75.195 31.928 26.000
75.207 31.471 26.000
75.211 31.464 26.000
75.211 31.952 26.000
75.216 31.959 26.000
75.229 31.441 26.000
75.234 31.435 26.000
75.234 31.981 26.000
75.239 31.988 26.000
75.253 31.414 26.000
75.259 31.408 26.000
75.259 32.009 26.000
75.265 32.014 26.000
75.280 31.388 26.000
75.286 31.383 26.000
75.286 32.034 26.000
75.289 7.278 33.371
75.289 7.278 34.640
75.292 32.039 26.000
75.309 31.365 26.000
75.316 31.360 26.000
75.316 32.056 26.000
75.322 32.061 26.000
75.326 87.754 38.596
75.340 31.344 26.000
75.347 31.340 26.000
75.347 32.076 26.000
75.354 32.080 26.000
75.355 87.135 39.821
75.372 31.327 26.000
75.380 31.323 26.000
75.380 32.093 26.000
75.387 32.097 26.000
75.406 31.312 26.000
75.414 31.309 26.000
75.414 32.108 26.000
75.422 32.110 26.000
75.437 87.788 38.260
75.441 31.300 26.000
75.449 31.298 26.000
75.449 32.119 26.000
75.457 32.121 26.000
75.478 31.291 26.000
75.485 31.290 26.000
75.485 32.127 26.000
75.493 32.128 26.000
75.501 87.180 38.596
75.514 31.286 26.000
75.522 6.509 29.371
75.522 6.509 30.006
75.522 31.285 26.000
75.522 32.132 26.000
75.530 32.132 26.000
75.551 31.283 26.000
75.559 31.283 26.000
75.559 32.133 26.000
75.567 32.133 26.000
75.588 31.284 26.000
75.596 31.285 26.000
75.596 32.132 26.000
75.604 32.131 26.000
75.612 87.213 38.260
75.625 31.288 26.000
75.633 31.290 26.000
75.633 32.127 26.000
75.641 32.125 26.000
75.661 31.296 26.000
75.669 31.298 26.000
75.669 32.119 26.000
75.677 32.117 26.000
75.693 87.865 38.596
75.697 31.306 26.000
75.705 31.309 26.000
75.705 32.108 26.000
75.712 32.105 26.000
75.731 31.320 26.000
75.739 31.323 26.000
75.739 32.093 26.000
75.744 61.229 12.900
75.744 61.229 26.000
75.746 32.090 26.000
75.755 5.741 27.371
75.755 5.741 28.387
75.755 5.741 29.371
75.755 5.741 30.006
75.755 5.741 33.371
75.755 5.741 34.640
75.765 31.336 26.000
75.772 31.340 26.000
75.772 32.076 26.000
75.779 32.072 26.000
75.796 31.355 26.000
75.803 31.360 26.000
75.803 32.056 26.000
75.810 32.052 26.000
75.826 31.377 26.000
75.832 31.383 26.000
75.832 32.034 26.000
75.833 87.908 38.260
75.839 32.029 26.000
75.851 87.913 37.240
75.854 31.402 26.000
75.860 31.408 26.000
75.860 32.009 26.000
75.865 32.003 26.000
75.868 87.291 38.596
75.880 31.429 26.000
75.885 31.435 26.000
75.885 31.981 26.000
75.890 31.975 26.000
75.903 31.458 26.000
75.905 87.930 28.506
75.905 87.930 29.640
75.905 87.930 35.006
75.905 87.930 36.140
75.907 31.464 26.000
75.907 31.952 26.000
75.912 31.945 26.000
75.923 31.489 26.000
75.927 31.496 26.000
75.927 31.921 26.000
75.931 31.914 26.000
75.941 31.521 26.000
75.944 31.529 26.000
75.944 31.888 26.000
75.948 31.880 26.000
75.956 31.555 26.000
75.959 31.563 26.000
75.959 31.854 26.000
75.961 31.846 26.000
75.968 31.590 26.000
75.970 31.598 26.000
75.970 31.818 26.000
75.972 31.810 26.000
75.976 31.626 26.000
75.978 31.634 26.000
75.978 31.782 26.000
75.979 31.774 26.000
75.982 31.663 26.000
75.983 31.671 26.000
75.983 31.737 26.000
75.983 31.745 26.000
75.984 31.700 26.000
75.984 31.708 26.000
76.008 87.334 38.260
76.025 87.339 37.240
76.127 4.512 27.371
76.127 4.512 28.387
76.159 4.407 33.871
76.159 4.407 35.140
76.253 4.100 29.371
76.253 4.100 30.387
76.253 4.100 32.271
76.253 4.100 33.287
76.260 88.037 37.240
76.434 87.463 37.240
76.466 88.100 37.512
76.466 88.100 37.515
76.466 88.100 37.602
76.466 88.100 37.621
76.466 88.100 37.684
76.466 88.100 37.846
76.466 88.100 37.898
76.466 88.100 38.041
76.466 88.100 39.766
76.466 88.100 39.871
76.466 88.100 39.976
76.466 88.100 40.154
76.466 88.100 40.169
76.466 88.100 40.196
76.466 88.100 40.276
76.466 88.100 40.286
76.574 88.133 39.871
76.602 88.142 37.898
76.625 2.871 29.371
76.625 2.871 30.387
76.625 2.871 32.271
76.625 2.871 33.287
76.625 2.871 33.871
76.625 2.871 35.140
76.630 88.150 40.394
76.640 87.526 37.512
76.640 87.526 37.515
76.640 87.526 37.602
76.640 87.526 37.621
76.640 87.526 37.684
76.640 87.526 37.846
76.640 87.526 37.898
76.640 87.526 38.041
76.640 87.526 39.766
76.640 87.526 39.871
76.640 87.526 39.976
76.640 87.526 40.154
76.640 87.526 40.169
76.640 87.526 40.196
76.640 87.526 40.276
76.640 87.526 40.286
76.641 88.153 37.394
76.651 88.156 37.846
76.666 32.173 26.000
76.667 32.136 26.000
76.668 32.210 26.000
76.672 32.099 26.000
76.673 32.246 26.000
76.680 32.063 26.000
76.681 32.282 26.000
76.683 88.166 39.976
76.691 32.027 26.000
76.692 32.318 26.000
76.705 31.993 26.000
76.707 32.352 26.000
76.722 31.960 26.000
76.724 32.385 26.000
76.741 31.928 26.000
76.744 32.416 26.000
76.748 87.559 39.871
76.764 31.899 26.000
76.767 32.445 26.000
76.776 87.567 37.898
76.789 31.871 26.000
76.792 32.472 26.000
76.805 87.576 40.394
76.815 87.579 37.394
76.816 31.846 26.000
76.820 32.497 26.000
76.825 87.582 37.846
76.845 31.823 26.000
76.849 32.520 26.000
76.858 87.592 39.976
76.876 31.803 26.000
76.881 32.539 26.000
76.883 88.227 37.292
76.899 88.232 37.684
76.909 31.786 26.000
76.914 32.556 26.000
76.914 88.236 40.522
76.943 31.772 26.000
76.948 32.570 26.000
76.978 31.760 26.000
76.983 32.581 26.000
76.984 88.258 40.154
76.993 88.261 37.621
77.009 88.266 40.169
77.015 31.752 26.000
77.020 32.589 26.000
77.028 88.271 40.573
77.030 1.536 29.371
77.030 1.536 30.006
77.030 1.536 35.371
77.030 1.536 36.006
77.036 88.274 37.228
77.044 88.275 28.506
77.044 88.275 29.640
77.044 88.275 35.006
77.044 88.275 36.140
77.051 31.747 26.000
77.056 32.594 26.000
77.057 87.652 37.292
77.057 88.280 40.196
77.073 87.658 37.684
77.075 88.286 37.602
77.088 31.745 26.000
77.089 87.662 40.522
77.093 32.595 26.000
77.125 31.746 26.000
77.131 32.593 26.000
77.158 87.684 40.154
77.162 31.751 26.000
77.167 32.588 26.000
77.168 87.686 37.621
77.184 87.691 40.169
77.198 31.759 26.000
77.203 32.580 26.000
77.203 87.697 40.573
77.210 87.699 37.228
77.231 87.706 40.196
77.234 31.770 26.000
77.239 32.568 26.000
77.249 87.711 37.602
77.263 0.768 29.371
77.263 0.768 30.006
77.263 0.768 35.371
77.263 0.768 36.006
77.268 31.784 26.000
77.273 32.554 26.000
77.301 31.801 26.000
77.306 32.537 26.000
77.333 31.820 26.000
77.337 32.517 26.000
77.362 31.843 26.000
77.366 32.494 26.000
77.390 31.868 26.000
77.393 32.469 26.000
77.415 31.895 26.000
77.418 32.441 26.000
77.438 31.924 26.000
77.438 88.396 37.515
77.440 32.412 26.000
77.458 31.955 26.000
77.460 32.380 26.000
77.475 31.988 26.000
77.477 32.347 26.000
77.489 32.022 26.000
77.491 0.000 26.000
77.491 0.000 36.640
77.491 32.313 26.000
77.496 0.000 26.000
77.496 0.000 36.640
77.501 32.057 26.000
77.502 32.277 26.000
77.509 32.094 26.000
77.510 32.241 26.000
77.514 32.130 26.000
77.514 32.204 26.000
77.516 32.167 26.000
77.524 88.422 40.276
77.535 79.175 0.000
77.535 79.175 5.000
77.535 79.175 5.400
77.535 79.175 12.800
77.535 79.175 12.900
77.535 79.175 13.800
77.559 88.432 40.640
77.559 88.433 40.640
77.590 88.442 37.154
77.613 87.822 37.515
77.698 87.848 40.276
77.733 87.858 40.640
77.734 87.858 40.640
77.764 87.868 37.154
77.819 88.510 27.006
77.819 88.510 28.140
77.819 88.510 34.506
77.819 88.510 35.640
77.885 88.532 40.196
77.886 88.531 40.196
77.893 88.534 40.573
77.907 88.538 37.228
77.966 88.556 37.602
77.995 88.565 37.621
78.013 88.570 40.169
78.034 88.577 40.154
78.060 87.957 40.196
78.060 87.958 40.196
78.065 77.425 0.000
78.065 77.425 5.000
78.065 77.425 5.400
78.065 77.425 12.800
78.065 77.425 12.900
78.065 77.425 13.800
78.067 87.960 40.573
78.081 87.964 37.228
78.088 88.593 37.684
78.131 80.948 26.000
78.131 80.957 26.000
78.132 80.911 26.000
78.132 80.920 26.000
78.132 80.985 26.000
78.133 80.994 26.000
78.136 80.883 26.000
78.137 80.874 26.000
78.137 81.021 26.000
78.139 81.031 26.000
78.141 87.982 37.602
78.143 80.847 26.000
78.145 80.838 26.000
78.145 81.058 26.000
78.148 81.067 26.000
78.151 88.613 40.522
78.153 80.811 26.000
78.156 80.802 26.000
78.156 81.093 26.000
78.160 81.102 26.000
78.167 80.777 26.000
78.169 87.990 37.621
78.170 87.991 37.621
78.171 80.768 26.000
78.171 81.127 26.000
78.175 81.136 26.000
78.183 80.743 26.000
78.187 87.996 40.169
78.187 88.623 37.292
78.188 80.735 26.000
78.188 81.160 26.000
78.193 81.168 26.000
78.202 80.712 26.000
78.208 80.704 26.000
78.208 81.191 26.000
78.208 88.002 40.154
78.209 88.002 40.154
78.213 81.199 26.000
78.224 80.682 26.000
78.230 80.674 26.000
78.230 81.221 26.000
78.236 81.228 26.000
78.249 80.654 26.000
78.255 80.647 26.000
78.255 81.248 26.000
78.262 81.255 26.000
78.263 88.019 37.684
78.275 80.628 26.000
78.283 80.622 26.000
78.283 81.273 26.000
78.283 88.652 39.976
78.290 81.279 26.000
78.304 80.605 26.000
78.312 80.599 26.000
78.312 81.296 26.000
78.320 81.301 26.000
78.326 88.038 40.522
78.328 88.666 37.394
78.330 88.667 37.846
78.335 80.584 26.000
78.340 88.670 40.394
78.343 80.580 26.000
78.343 81.316 26.000
78.351 81.320 26.000
78.361 88.049 37.292
78.368 80.567 26.000
78.376 80.562 26.000
78.376 81.333 26.000
78.385 81.337 26.000
78.388 88.683 31.506
78.388 88.683 32.073
78.402 80.552 26.000
78.407 88.690 37.898
78.410 80.548 26.000
78.410 81.347 26.000
78.419 81.350 26.000
78.430 88.697 39.871
78.437 80.540 26.000
78.446 80.537 26.000
78.446 81.358 26.000
78.455 81.360 26.000
78.457 88.078 39.976
78.473 80.531 26.000
78.482 80.529 26.000
78.482 81.366 26.000
78.491 81.368 26.000
78.492 88.716 37.512
78.494 88.716 39.766
78.495 88.717 37.515
78.498 88.718 40.286
78.503 88.092 37.394
78.505 88.092 37.846
78.509 80.525 26.000
78.511 79.694 26.000
78.513 79.657 26.000
78.513 79.731 26.000
78.513 88.723 40.276
78.515 88.096 40.394
78.517 79.620 26.000
78.517 79.768 26.000
78.519 80.524 26.000
78.519 81.371 26.000
78.525 79.584 26.000
78.525 79.804 26.000
78.528 81.372 26.000
78.537 79.549 26.000
78.537 79.839 26.000
78.546 80.523 26.000
78.551 79.514 26.000
78.551 79.874 26.000
78.556 80.523 26.000
78.556 81.373 26.000
78.565 81.372 26.000
78.568 79.481 26.000
78.568 79.906 26.000
78.581 88.116 37.898
78.583 80.523 26.000
78.588 79.450 26.000
78.588 79.938 26.000
78.590 88.746 39.606
78.593 80.524 26.000
78.593 81.371 26.000
78.602 81.370 26.000
78.605 88.123 39.871
78.610 79.421 26.000
78.610 79.967 26.000
78.616 88.754 37.602
78.620 80.528 26.000
78.629 88.758 40.196
78.630 80.529 26.000
78.630 81.366 26.000
78.633 88.759 38.233
78.635 79.393 26.000
78.635 79.995 26.000
78.639 81.364 26.000
78.642 88.762 37.621
78.657 80.535 26.000
78.663 79.368 26.000
78.663 80.020 26.000
78.666 80.537 26.000
78.666 81.358 26.000
78.666 88.142 37.512
78.668 88.142 39.766
78.670 88.143 37.515
78.670 88.770 40.169
78.673 88.144 40.286
78.675 81.356 26.000
78.687 88.148 40.276
78.691 88.777 38.319
78.692 79.346 26.000
78.692 80.042 26.000
78.692 80.545 26.000
78.693 88.777 40.154
78.701 80.548 26.000
78.701 81.347 26.000
78.710 81.344 26.000
78.714 88.784 39.400
78.723 79.326 26.000
78.723 80.062 26.000
78.727 80.559 26.000
78.729 88.789 37.684
78.735 5.715 0.000
78.735 5.724 0.000
78.735 5.739 0.000
78.735 80.562 26.000
78.735 81.333 26.000
78.736 5.701 0.000
78.736 5.745 0.000
78.737 5.691 0.000
78.738 5.763 0.000
78.738 5.766 0.000
78.739 5.678 0.000
78.740 5.667 0.000
78.742 5.786 0.000
78.744 5.654 0.000
78.744 81.329 26.000
78.745 5.820 0.700
78.746 5.644 0.000
78.746 5.791 0.700
78.746 5.847 0.700
78.748 5.806 0.000
78.749 5.809 0.000
78.750 5.761 0.700
78.750 5.874 0.700
78.751 5.630 0.000
78.754 5.621 0.000
78.755 5.825 0.000
78.756 5.731 0.700
78.756 5.903 1.400
78.756 5.916 1.400
78.756 5.941 1.400
78.756 79.309 26.000
78.756 80.079 26.000
78.757 5.881 1.400
78.757 5.949 1.400
78.758 5.832 0.000
78.758 5.867 1.400
78.760 5.607 0.000
78.760 5.977 1.400
78.760 80.575 26.000
78.761 5.845 1.400
78.761 5.982 1.400
78.762 5.924 0.700
78.764 5.599 0.000
78.764 5.830 1.400
78.764 5.845 0.000
78.765 5.701 0.700
78.765 88.172 39.606
78.767 6.012 1.400
78.767 6.014 1.400
78.768 5.853 0.000
78.768 80.580 26.000
78.768 81.316 26.000
78.769 5.808 1.400
78.771 5.949 0.700
78.772 5.584 0.000
78.773 5.794 1.400
78.775 5.865 0.000
78.775 6.043 1.400
78.776 5.578 0.000
78.776 81.311 26.000
78.778 5.671 0.700
78.778 6.049 1.400
78.780 5.772 1.400
78.780 5.874 0.000
78.782 5.975 0.700
78.785 5.759 1.400
78.786 5.562 0.000
78.787 6.073 1.400
78.788 5.885 0.000
78.789 5.558 0.000
78.790 88.180 37.602
78.791 6.084 1.400
78.791 79.295 26.000
78.791 80.093 26.000
78.792 80.594 26.000
78.792 88.807 38.886
78.793 5.642 0.700
78.794 5.893 0.000
78.795 5.736 1.400
78.795 88.808 38.857
78.796 6.000 0.700
78.799 80.599 26.000
78.799 81.296 26.000
78.800 5.725 1.400
78.800 6.104 1.400
78.803 5.542 0.000
78.803 5.903 0.000
78.804 5.540 0.000
78.804 88.184 40.196
78.807 6.117 1.400
78.807 81.290 26.000
78.808 88.185 38.233
78.810 5.911 0.000
78.811 5.614 0.700
78.811 88.813 39.976
78.813 5.700 1.400
78.813 6.025 0.700
78.817 6.135 1.400
78.817 88.188 37.621
78.818 5.692 1.400
78.820 5.921 0.000
78.821 5.523 0.000
78.822 80.616 26.000
78.826 6.149 1.400
78.826 79.283 26.000
78.826 80.105 26.000
78.827 5.928 0.000
78.829 80.622 26.000
78.829 81.273 26.000
78.830 88.819 37.846
78.831 5.588 0.700
78.832 6.049 0.700
78.835 5.667 1.400
78.836 81.267 26.000
78.838 5.662 1.400
78.838 6.165 1.400
78.839 5.507 0.000
78.839 5.938 0.000
78.841 5.505 0.000
78.845 88.196 40.169
78.846 5.943 0.000
78.848 6.179 1.400
78.850 80.641 26.000
78.854 6.071 0.700
78.855 5.564 0.700
78.856 80.647 26.000
78.856 81.248 26.000
78.858 5.493 0.000
78.860 5.635 1.400
78.860 5.953 0.000
78.861 6.194 1.400
78.862 5.490 0.000
78.862 5.633 1.400
78.862 79.275 26.000
78.862 80.112 26.000
78.863 81.241 26.000
78.863 88.829 37.898
78.866 5.957 0.000
78.866 88.202 38.319
78.867 88.203 40.154
78.873 6.207 1.400
78.875 80.667 26.000
78.878 6.092 0.700
78.879 5.480 0.000
78.880 5.542 0.700
78.881 80.674 26.000
78.881 81.221 26.000
78.882 88.835 39.871
78.883 5.966 0.000
78.885 5.477 0.000
78.887 5.606 1.400
78.887 5.968 0.000
78.887 6.221 1.400
78.887 81.213 26.000
78.888 5.605 1.400
78.889 88.210 39.400
78.898 80.696 26.000
78.899 6.233 1.400
78.899 79.271 26.000
78.899 80.117 26.000
78.901 5.470 0.000
78.903 88.214 37.684
78.904 6.112 0.700
78.904 80.704 26.000
78.904 81.191 26.000
78.906 5.977 0.000
78.908 5.523 0.700
78.909 5.467 0.000
78.909 5.978 0.000
78.909 81.184 26.000
78.915 5.582 1.400
78.917 6.247 1.400
78.919 5.579 1.400
78.919 80.727 26.000
78.923 5.461 0.000
78.924 80.735 26.000
78.924 81.160 26.000
78.928 6.256 1.400
78.928 81.152 26.000
78.931 5.986 0.000
78.932 5.458 0.000
78.933 6.128 0.700
78.936 5.506 0.700
78.936 79.269 26.000
78.936 80.119 26.000
78.937 80.759 26.000
78.941 80.768 26.000
78.941 81.127 26.000
78.945 5.560 1.400
78.945 81.119 26.000
78.946 5.455 0.000
78.949 6.270 1.400
78.952 80.793 26.000
78.952 88.856 39.766
78.953 5.555 1.400
78.955 5.992 0.000
78.955 80.802 26.000
78.955 81.093 26.000
78.956 5.453 0.000
78.957 5.992 0.000
78.957 88.855 27.006
78.957 88.855 28.140
78.957 88.855 31.506
78.957 88.855 32.073
78.957 88.855 34.506
78.957 88.855 35.640
78.958 81.084 26.000
78.959 6.277 1.400
78.963 6.142 0.700
78.964 80.828 26.000
78.966 5.493 0.700
78.966 80.838 26.000
78.966 81.058 26.000
78.966 88.233 38.886
78.969 81.048 26.000
78.970 5.450 0.000
78.970 88.234 38.857
78.973 79.271 26.000
78.973 80.117 26.000
78.973 80.865 26.000
78.974 80.874 26.000
78.974 81.021 26.000
78.976 81.012 26.000
78.977 5.541 1.400
78.978 5.995 0.000
78.978 80.901 26.000
78.979 80.911 26.000
78.979 80.985 26.000
78.980 5.449 0.000
78.980 80.975 26.000
78.981 80.938 26.000
78.981 80.948 26.000
78.983 5.996 0.000
78.984 6.291 1.400
78.986 88.239 39.976
78.988 5.535 1.400
78.991 6.294 1.400
78.994 5.448 0.000
78.995 6.153 0.700
78.997 5.482 0.700
79.002 5.997 0.000
79.004 5.447 0.000
79.005 88.245 37.846
79.009 5.997 0.000
79.010 5.524 1.400
79.010 79.275 26.000
79.010 80.112 26.000
79.018 5.447 0.000
79.021 6.308 1.400
79.024 5.519 1.400
79.025 6.310 1.400
79.026 5.448 0.000
79.026 5.997 0.000
79.027 5.475 0.700
79.028 6.162 0.700
79.035 5.996 0.000
79.037 88.254 37.898
79.041 5.449 0.000
79.045 5.511 1.400
79.046 79.283 26.000
79.046 80.104 26.000
79.048 5.450 0.000
79.050 5.994 0.000
79.056 88.260 39.871
79.057 5.470 0.700
79.059 6.321 1.400
79.059 88.889 39.606
79.060 5.993 0.000
79.060 6.322 1.400
79.061 5.506 1.400
79.061 6.166 0.700
79.065 5.453 0.000
79.069 5.454 0.000
79.073 88.893 38.233
79.074 5.990 0.000
79.081 5.501 1.400
79.081 79.295 26.000
79.081 80.093 26.000
79.084 5.987 0.000
79.087 5.468 0.700
79.088 5.459 0.000
79.089 88.898 38.319
79.094 6.168 0.700
79.095 79.649 5.000
79.095 79.649 13.800
79.095 79.649 14.350
79.096 6.330 1.400
79.096 88.900 39.400
79.097 5.983 0.000
79.098 5.497 1.400
79.099 6.331 1.400
79.100 79.650 14.350
79.107 5.980 0.000
79.108 5.465 0.000
79.111 5.467 0.000
79.115 79.309 26.000
79.115 80.079 26.000
79.116 5.469 0.700
79.117 5.494 1.400
79.119 5.975 0.000
79.126 88.282 39.766
79.127 5.474 0.000
79.127 6.167 0.700
79.128 5.970 0.000
79.133 5.476 0.000
79.133 6.336 1.400
79.135 5.492 1.400
79.139 6.337 1.400
79.141 5.964 0.000
79.144 5.472 0.700
79.146 5.484 0.000
79.148 5.960 0.000
79.148 79.326 26.000
79.148 80.062 26.000
79.154 5.488 0.000
79.154 5.490 1.400
79.159 6.162 0.700
79.161 5.952 0.000
79.166 5.496 0.000
79.167 5.948 0.000
79.170 5.476 0.700
79.170 6.339 1.400
79.171 5.489 1.400
79.174 5.502 0.000
79.179 6.339 1.400
79.180 79.346 26.000
79.180 80.042 26.000
79.181 5.938 0.000
79.184 5.510 0.000
79.184 5.935 0.000
79.184 88.926 38.857
79.189 6.155 0.700
79.190 88.928 38.886
79.191 5.489 1.400
79.192 5.517 0.000
79.199 5.922 0.000
79.202 5.526 0.000
79.206 5.490 1.400
79.207 6.338 1.400
79.209 79.368 26.000
79.209 80.020 26.000
79.210 5.533 0.000
79.213 5.908 0.000
79.216 5.905 0.000
79.218 6.146 0.700
79.219 5.491 0.700
79.219 5.544 0.000
79.219 6.337 1.400
79.225 5.551 0.000
79.227 5.892 0.000
79.228 5.492 1.400
79.231 5.886 0.000
79.233 88.314 39.606
79.235 5.564 0.000
79.236 79.393 26.000
79.236 79.994 26.000
79.239 5.493 1.400
79.239 5.571 0.000
79.239 5.874 0.000
79.244 5.502 0.700
79.244 5.866 0.000
79.244 6.334 1.400
79.246 6.134 0.700
79.248 5.586 0.000
79.248 88.319 38.233
79.251 5.854 0.000
79.252 5.591 0.000
79.256 5.845 0.000
79.257 6.332 1.400
79.260 5.609 0.000
79.261 5.833 0.000
79.261 79.421 26.000
79.261 79.967 26.000
79.262 5.613 0.000
79.264 88.324 38.319
79.265 5.497 1.400
79.266 5.823 0.000
79.269 5.514 0.700
79.270 5.633 0.000
79.270 5.811 0.000
79.271 5.499 1.400
79.271 5.635 0.000
79.271 6.120 0.700
79.271 88.326 39.400
79.273 5.801 0.000
79.277 5.659 0.000
79.277 5.787 0.000
79.279 5.778 0.000
79.280 6.327 1.400
79.282 5.682 0.000
79.282 5.685 0.000
79.282 5.762 0.000
79.283 5.754 0.000
79.284 5.706 0.000
79.284 5.737 0.000
79.284 79.450 26.000
79.284 79.938 26.000
79.285 5.711 0.000
79.285 5.730 0.000
79.293 5.530 0.700
79.295 6.105 0.700
79.295 6.323 1.400
79.301 5.506 1.400
79.302 5.507 1.400
79.304 79.481 26.000
79.304 79.906 26.000
79.316 6.089 0.700
79.316 6.317 1.400
79.317 5.548 0.700
79.321 79.514 26.000
79.321 79.874 26.000
79.330 6.311 1.400
79.331 5.517 1.400
79.335 79.549 26.000
79.335 79.839 26.000
79.336 5.518 1.400
79.340 5.568 0.700
79.346 79.584 26.000
79.346 79.804 26.000
79.350 6.303 1.400
79.354 6.054 0.700
79.354 79.620 26.000
79.354 79.768 26.000
79.359 79.657 26.000
79.359 79.731 26.000
79.359 88.352 38.857
79.361 5.530 1.400
79.361 5.591 0.700
79.361 79.694 26.000
79.363 6.297 1.400
79.364 88.354 38.886
79.369 5.533 1.400
79.371 6.033 0.700
79.381 5.616 0.700
79.384 6.287 1.400
79.387 6.011 0.700
79.391 5.545 1.400
79.394 6.281 1.400
79.399 5.644 0.700
79.402 5.551 1.400
79.402 5.986 0.700
79.405 0.580 28.506
79.405 0.580 29.640
79.414 5.674 0.700
79.415 5.959 0.700
79.415 6.268 1.400
79.421 5.564 1.400
79.423 6.263 1.400
79.426 5.705 0.700
79.426 5.931 0.700
79.433 5.572 1.400
79.435 5.901 0.700
79.436 5.737 0.700
79.441 5.869 0.700
79.442 5.770 0.700
79.445 5.803 0.700
79.445 5.836 0.700
79.445 6.246 1.400
79.449 6.243 1.400
79.450 5.585 1.400
79.462 5.595 1.400
79.472 6.223 1.400
79.473 6.222 1.400
79.478 5.610 1.400
79.488 5.621 1.400
79.494 6.200 1.400
79.499 6.195 1.400
79.504 5.638 1.400
79.513 5.649 1.400
79.515 6.175 1.400
79.522 6.166 1.400
79.528 5.669 1.400
79.534 5.679 1.400
79.535 6.148 1.400
79.543 6.135 1.400
79.549 5.703 1.400
79.553 6.118 1.400
79.554 5.711 1.400
79.561 6.103 1.400
79.567 5.738 1.400
79.569 6.085 1.400
79.570 5.744 1.400
79.576 6.069 1.400
79.582 5.776 1.400
79.583 5.778 1.400
79.583 6.051 1.400
79.588 6.034 1.400
79.593 5.814 1.400
79.593 6.014 1.400
79.594 5.815 1.400
79.597 5.998 1.400
79.601 5.850 1.400
79.601 5.855 1.400
79.601 5.976 1.400
79.603 5.961 1.400
79.605 5.887 1.400
79.605 5.896 1.400
79.605 5.924 1.400
79.605 5.936 1.400
79.633 0.649 31.506
79.633 0.649 32.414
79.663 89.072 38.896
79.732 89.091 32.206
79.732 89.091 33.340
79.763 89.103 38.371
79.763 89.103 39.423
79.789 89.111 38.231
79.789 89.111 39.563
79.837 88.498 38.896
79.937 88.528 38.371
79.937 88.528 39.423
79.963 88.536 38.231
79.963 88.536 39.563
79.987 89.171 37.928
79.991 89.171 39.871
80.017 89.177 28.789
80.017 89.177 29.640
80.059 89.192 38.896
80.112 79.957 5.000
80.112 79.957 14.350
80.157 89.222 38.371
80.157 89.222 39.423
80.159 89.223 37.665
80.159 89.223 40.129
80.161 88.597 37.928
80.165 88.597 39.871
80.201 58.828 0.000
80.201 58.828 5.000
80.201 58.828 13.800
80.202 0.822 34.506
80.202 0.822 34.846
80.208 79.986 0.000
80.208 79.986 5.000
80.208 79.986 5.400
80.208 79.986 12.800
80.208 79.986 12.900
80.208 79.986 13.800
80.208 79.986 14.350
80.213 89.239 37.629
80.216 89.240 40.168
80.233 88.618 38.896
80.245 89.249 39.563
80.246 89.249 38.231
80.331 88.647 38.371
80.331 88.647 39.423
80.333 88.649 37.665
80.333 88.649 40.129
80.367 89.286 37.523
80.367 89.286 40.271
80.387 88.665 37.629
80.390 88.665 40.168
80.420 88.675 39.563
80.421 88.675 38.231
80.441 89.309 37.928
80.441 89.309 39.871
80.459 78.284 0.000
80.459 78.284 1.200
80.459 78.284 14.350
80.466 78.286 1.200
80.466 78.286 1.500
80.466 78.286 5.000
80.466 78.286 5.300
80.466 78.286 8.000
80.466 78.286 8.300
80.466 78.286 11.000
80.466 78.286 11.300
80.479 36.022 14.200
80.479 36.022 17.900
80.498 33.333 1.400
80.498 33.334 1.400
80.499 33.302 1.400
80.500 33.297 1.400
80.500 33.364 1.400
80.500 33.371 1.400
80.503 33.269 1.400
80.503 33.397 1.400
80.504 33.260 1.400
80.505 33.408 1.400
80.509 33.236 1.400
80.510 33.430 1.400
80.512 33.224 1.400
80.513 33.444 1.400
80.518 33.202 1.400
80.519 33.463 1.400
80.523 33.189 1.400
80.525 33.479 1.400
80.531 33.168 1.400
80.532 33.497 1.400
80.533 78.040 0.000
80.533 78.040 1.200
80.533 78.040 14.350
80.537 33.154 1.400
80.539 33.514 1.400
80.542 88.712 37.523
80.542 88.712 40.271
80.544 0.925 28.506
80.544 0.925 29.640
80.544 0.925 31.506
80.544 0.925 32.414
80.544 0.925 34.506
80.544 0.925 34.846
80.547 33.135 1.400
80.548 33.531 1.400
80.554 33.121 1.400
80.556 33.546 1.400
80.566 33.102 1.400
80.567 33.564 1.400
80.574 33.090 1.400
80.576 33.577 1.400
80.589 33.070 1.400
80.590 33.595 1.400
80.596 33.060 1.400
80.599 33.607 1.400
80.614 33.040 1.400
80.615 88.735 37.928
80.615 88.735 39.871
80.616 33.625 1.400
80.621 33.033 1.400
80.624 33.634 1.400
80.643 78.207 0.000
80.643 78.207 5.000
80.644 33.012 1.400
80.645 33.653 1.400
80.648 33.008 1.400
80.652 33.659 1.400
80.675 32.987 1.400
80.677 32.985 1.400
80.677 33.678 1.400
80.679 33.340 0.700
80.679 33.389 0.700
80.681 33.314 0.700
80.681 33.681 1.400
80.682 33.415 0.700
80.686 33.288 0.700
80.687 33.441 0.700
80.693 33.261 0.700
80.694 33.467 0.700
80.701 78.357 5.000
80.701 78.357 5.300
80.701 78.357 8.000
80.701 78.357 8.300
80.701 78.357 11.000
80.701 78.357 11.300
80.702 33.234 0.700
80.702 78.357 0.000
80.702 78.357 1.200
80.702 78.357 1.500
80.702 78.357 14.350
80.703 33.494 0.700
80.708 32.965 1.400
80.708 89.390 37.291
80.708 89.390 40.503
80.710 32.964 1.400
80.712 33.700 1.400
80.713 33.701 1.400
80.714 33.208 0.700
80.715 33.521 0.700
80.729 33.181 0.700
80.730 33.547 0.700
80.739 78.236 0.000
80.739 78.236 5.000
80.739 78.236 5.400
80.741 32.948 1.400
80.746 32.946 1.400
80.746 33.156 0.700
80.746 33.718 1.400
80.747 33.572 0.700
80.748 33.719 1.400
80.766 33.132 0.700
80.767 33.597 0.700
80.775 32.933 1.400
80.775 78.114 0.000
80.775 78.114 1.200
80.775 78.114 14.350
80.780 33.732 1.400
80.784 32.930 1.400
80.786 33.734 1.400
80.788 33.109 0.700
80.789 33.619 0.700
80.807 89.420 40.129
80.810 89.421 37.665
80.811 32.922 1.400
80.812 33.088 0.700
80.814 33.640 0.700
80.816 33.743 1.400
80.822 32.919 1.400
80.825 33.745 1.400
80.838 33.069 0.700
80.840 33.659 0.700
80.847 32.914 1.400
80.852 33.751 1.400
80.857 33.396 0.001
80.858 33.372 0.001
80.858 33.377 0.001
80.858 33.415 0.001
80.859 33.420 0.001
80.860 33.356 0.001
80.860 33.435 0.001
80.861 32.911 1.400
80.862 33.348 0.001
80.862 33.444 0.001
80.862 89.436 37.629
80.862 89.436 40.168
80.864 33.336 0.001
80.864 33.456 0.001
80.864 33.752 1.400
80.866 33.053 0.700
80.867 33.325 0.001
80.867 33.467 0.001
80.868 33.675 0.700
80.869 33.315 0.001
80.870 33.477 0.001
80.871 89.436 28.789
80.871 89.436 29.640
80.871 89.436 32.206
80.871 89.436 33.340
80.874 33.302 0.001
80.874 33.490 0.001
80.877 33.294 0.001
80.877 33.498 0.001
80.883 32.908 1.400
80.883 33.280 0.001
80.883 88.815 37.291
80.883 88.815 40.503
80.884 33.512 0.001
80.886 33.273 0.001
80.887 33.519 0.001
80.889 33.755 1.400
80.894 33.258 0.001
80.895 33.039 0.700
80.895 33.533 0.001
80.897 33.688 0.700
80.898 33.252 0.001
80.898 33.539 0.001
80.900 32.907 1.400
80.903 33.756 1.400
80.907 33.238 0.001
80.908 33.554 0.001
80.911 33.232 0.001
80.912 33.559 0.001
80.921 32.907 1.400
80.921 33.219 0.001
80.922 33.573 0.001
80.926 33.029 0.700
80.926 33.213 0.001
80.926 33.757 1.400
80.927 33.578 0.001
80.928 33.699 0.700
80.937 33.201 0.001
80.938 32.907 1.400
80.939 33.590 0.001
80.941 33.756 1.400
80.944 33.195 0.001
80.945 33.596 0.001
80.955 33.185 0.001
80.956 33.021 0.700
80.956 33.606 0.001
80.958 32.908 1.400
80.958 33.706 0.700
80.963 33.179 0.001
80.963 33.755 1.400
80.964 33.613 0.001
80.974 33.170 0.001
80.975 32.910 1.400
80.975 33.621 0.001
80.978 33.753 1.400
80.981 88.845 40.129
80.983 33.164 0.001
80.984 88.847 37.665
80.985 33.627 0.001
80.987 33.016 0.700
80.989 33.711 0.700
80.994 32.913 1.400
80.994 33.157 0.001
80.996 33.634 0.001
80.999 33.750 1.400
81.005 33.151 0.001
81.007 33.640 0.001
81.011 32.916 1.400
81.013 33.747 1.400
81.015 33.146 0.001
81.017 33.645 0.001
81.018 33.014 0.700
81.020 33.713 0.700
81.028 33.141 0.001
81.030 33.650 0.001
81.031 32.920 1.400
81.036 33.741 1.400
81.036 88.862 37.629
81.036 88.862 40.168
81.038 33.137 0.001
81.039 33.654 0.001
81.045 32.925 1.400
81.047 33.738 1.400
81.048 33.014 0.700
81.050 33.713 0.700
81.052 33.132 0.001
81.054 33.659 0.001
81.061 33.130 0.001
81.062 33.661 0.001
81.066 32.931 1.400
81.071 33.730 1.400
81.076 33.126 0.001
81.077 32.936 1.400
81.077 33.017 0.700
81.078 33.665 0.001
81.079 33.710 0.700
81.079 33.727 1.400
81.084 33.124 0.001
81.086 33.666 0.001
81.100 32.945 1.400
81.100 33.122 0.001
81.102 33.668 0.001
81.105 33.022 0.700
81.105 33.716 1.400
81.107 32.948 1.400
81.107 33.704 0.700
81.108 33.121 0.001
81.109 33.669 0.001
81.109 33.714 1.400
81.124 33.120 0.001
81.126 33.670 0.001
81.131 33.029 0.700
81.132 33.120 0.001
81.133 32.962 1.400
81.133 33.670 0.001
81.133 33.697 0.700
81.134 32.963 1.400
81.137 33.699 1.400
81.138 33.698 1.400
81.148 33.121 0.001
81.150 33.670 0.001
81.156 33.038 0.700
81.156 33.121 0.001
81.157 33.669 0.001
81.158 33.688 0.700
81.160 32.979 1.400
81.162 33.683 1.400
81.165 32.982 1.400
81.169 33.678 1.400
81.171 33.123 0.001
81.173 33.667 0.001
81.179 33.124 0.001
81.180 33.048 0.700
81.181 33.666 0.001
81.182 33.678 0.700
81.185 32.997 1.400
81.187 33.664 1.400
81.193 33.127 0.001
81.194 33.004 1.400
81.195 33.663 0.001
81.198 33.656 1.400
81.203 33.129 0.001
81.204 33.660 0.001
81.210 33.018 1.400
81.212 33.643 1.400
81.214 33.132 0.001
81.215 33.657 0.001
81.222 33.029 1.400
81.223 33.073 0.700
81.225 33.630 1.400
81.225 33.653 0.700
81.226 33.136 0.001
81.227 33.653 0.001
81.234 33.042 1.400
81.234 33.139 0.001
81.235 33.620 1.400
81.235 33.650 0.001
81.244 33.088 0.700
81.245 33.637 0.700
81.247 33.056 1.400
81.248 33.145 0.001
81.249 33.644 0.001
81.250 33.603 1.400
81.252 33.147 0.001
81.254 33.642 0.001
81.256 33.068 1.400
81.258 33.593 1.400
81.264 33.105 0.700
81.265 33.620 0.700
81.269 33.156 0.001
81.270 33.086 1.400
81.271 33.633 0.001
81.273 33.573 1.400
81.277 33.097 1.400
81.278 33.565 1.400
81.283 33.124 0.700
81.285 33.601 0.700
81.286 33.167 0.001
81.287 33.622 0.001
81.290 33.117 1.400
81.290 33.169 0.001
81.291 33.620 0.001
81.292 33.542 1.400
81.296 33.128 1.400
81.297 33.533 1.400
81.302 33.146 0.700
81.302 33.179 0.001
81.303 33.579 0.700
81.303 33.611 0.001
81.307 33.150 1.400
81.309 33.184 0.001
81.309 33.509 1.400
81.310 33.605 0.001
81.312 33.161 1.400
81.313 33.500 1.400
81.318 33.192 0.001
81.319 1.160 27.206
81.319 1.160 28.340
81.319 33.170 0.700
81.319 33.597 0.001
81.320 33.555 0.700
81.322 33.184 1.400
81.323 33.474 1.400
81.326 33.197 1.400
81.326 33.200 0.001
81.327 33.464 1.400
81.327 33.589 0.001
81.329 75.415 0.000
81.329 75.415 14.350
81.333 33.207 0.001
81.333 33.219 1.400
81.334 33.439 1.400
81.335 33.195 0.700
81.335 33.582 0.001
81.336 33.233 1.400
81.336 33.529 0.700
81.337 33.427 1.400
81.341 33.255 1.400
81.342 33.403 1.400
81.343 33.218 0.001
81.344 33.272 1.400
81.344 33.389 1.400
81.344 33.571 0.001
81.346 33.292 1.400
81.347 33.311 1.400
81.347 33.366 1.400
81.348 33.223 0.700
81.348 33.224 0.001
81.348 33.329 1.400
81.348 33.350 1.400
81.349 33.502 0.700
81.349 33.565 0.001
81.357 33.237 0.001
81.358 33.552 0.001
81.360 33.252 0.700
81.360 33.473 0.700
81.360 89.588 37.153
81.360 89.588 40.640
81.361 89.588 37.523
81.361 89.588 40.271
81.361 89.588 40.640
81.362 33.243 0.001
81.362 33.546 0.001
81.368 33.283 0.700
81.369 33.442 0.700
81.370 33.257 0.001
81.371 33.532 0.001
81.374 33.263 0.001
81.374 33.314 0.700
81.374 33.411 0.700
81.374 33.526 0.001
81.377 33.346 0.700
81.377 33.378 0.700
81.381 33.278 0.001
81.382 33.511 0.001
81.384 33.285 0.001
81.385 33.504 0.001
81.391 33.300 0.001
81.391 33.488 0.001
81.393 33.308 0.001
81.394 33.481 0.001
81.398 33.323 0.001
81.398 33.465 0.001
81.400 33.332 0.001
81.400 33.457 0.001
81.402 75.172 0.000
81.402 75.172 14.350
81.403 33.347 0.001
81.403 33.442 0.001
81.405 33.356 0.001
81.405 33.432 0.001
81.406 33.370 0.001
81.406 33.418 0.001
81.407 33.382 0.001
81.407 33.394 0.001
81.407 33.407 0.001
81.535 89.014 37.153
81.535 89.014 40.640
81.536 89.014 37.523
81.536 89.014 40.271
81.536 89.014 40.640
81.571 75.489 0.000
81.571 75.489 14.350
81.645 75.246 0.000
81.645 75.246 14.350
81.646 89.671 28.506
81.646 89.671 29.640
81.646 89.671 31.506
81.646 89.671 32.640
81.646 89.671 34.506
81.646 89.671 35.357
81.860 9.391 26.000
81.861 9.428 26.000
81.862 89.740 37.629
81.862 89.740 40.168
81.863 9.354 26.000
81.865 9.465 26.000
81.869 9.318 26.000
81.872 9.502 26.000
81.878 9.282 26.000
81.882 9.537 26.000
81.890 9.247 26.000
81.896 9.572 26.000
81.905 9.213 26.000
81.912 9.605 26.000
81.913 89.756 37.665
81.917 89.757 40.129
81.923 9.180 26.000
81.931 9.637 26.000
81.943 9.150 26.000
81.953 9.667 26.000
81.967 9.121 26.000
81.977 9.695 26.000
81.992 9.094 26.000
82.004 9.721 26.000
82.013 89.786 37.291
82.013 89.786 40.503
82.020 9.070 26.000
82.033 9.744 26.000
82.036 89.166 37.629
82.036 89.166 40.168
82.050 9.048 26.000
82.064 9.765 26.000
82.082 9.029 26.000
82.088 89.182 37.665
82.092 89.183 40.129
82.096 9.783 26.000
82.115 9.012 26.000
82.130 9.798 26.000
82.150 8.999 26.000
82.165 9.810 26.000
82.185 8.989 26.000
82.187 89.212 37.291
82.187 89.212 40.503
82.199 72.547 0.000
82.199 72.547 14.350
82.201 9.818 26.000
82.222 8.982 26.000
82.238 9.824 26.000
82.259 8.978 26.000
82.272 72.304 0.000
82.272 72.304 14.350
82.275 9.827 26.000
82.282 89.868 37.928
82.282 89.868 39.871
82.296 8.977 26.000
82.312 9.826 26.000
82.315 85.654 1.400
82.315 85.656 1.400
82.315 85.666 1.400
82.316 85.628 1.400
82.317 85.617 1.400
82.317 85.619 1.400
82.317 85.689 1.400
82.317 85.693 1.400
82.318 85.703 1.400
82.320 85.592 1.400
82.321 85.724 1.400
82.322 85.581 1.400
82.322 85.582 1.400
82.322 85.730 1.400
82.323 85.739 1.400
82.327 85.555 1.400
82.327 85.756 1.400
82.330 85.546 1.400
82.330 85.766 1.400
82.331 85.544 1.400
82.332 85.775 1.400
82.333 8.980 26.000
82.336 85.788 1.400
82.338 85.520 1.400
82.341 85.511 1.400
82.341 85.802 1.400
82.342 85.507 1.400
82.344 85.810 1.400
82.347 85.817 1.400
82.349 9.822 26.000
82.351 85.485 1.400
82.354 89.890 37.523
82.354 89.890 40.271
82.355 85.477 1.400
82.355 85.836 1.400
82.358 85.471 1.400
82.359 85.844 1.400
82.368 85.452 1.400
82.369 8.985 26.000
82.372 85.444 1.400
82.372 85.869 1.400
82.373 85.871 1.400
82.376 85.437 1.400
82.377 85.877 1.400
82.385 9.815 26.000
82.387 85.420 1.400
82.390 85.897 1.400
82.392 85.412 1.400
82.392 85.900 1.400
82.398 85.404 1.400
82.398 85.908 1.400
82.405 8.994 26.000
82.409 85.390 1.400
82.409 85.923 1.400
82.415 85.383 1.400
82.415 85.929 1.400
82.421 9.805 26.000
82.421 85.936 1.400
82.423 85.374 1.400
82.432 85.948 1.400
82.433 85.362 1.400
82.440 9.006 26.000
82.440 85.356 1.400
82.440 85.957 1.400
82.441 72.621 0.000
82.441 72.621 14.350
82.446 85.963 1.400
82.450 85.346 1.400
82.455 9.791 26.000
82.456 85.972 1.400
82.456 89.294 37.928
82.456 89.294 39.871
82.457 1.505 27.206
82.457 1.505 28.340
82.460 85.337 1.400
82.467 85.331 1.400
82.467 85.982 1.400
82.474 9.021 26.000
82.474 85.988 1.400
82.476 89.928 38.231
82.477 89.928 39.563
82.479 85.321 1.400
82.484 85.995 1.400
82.489 9.775 26.000
82.489 85.313 1.400
82.496 85.308 1.400
82.496 86.004 1.400
82.500 89.930 34.506
82.500 89.930 35.357
82.504 86.010 1.400
82.506 89.936 40.168
82.507 9.039 26.000
82.509 89.937 37.629
82.510 85.299 1.400
82.514 86.015 1.400
82.515 72.378 0.000
82.515 72.378 14.350
82.520 9.756 26.000
82.520 85.293 1.400
82.522 85.802 0.700
82.523 85.772 0.700
82.523 85.832 0.700
82.526 85.860 0.700
82.527 85.742 0.700
82.528 85.288 1.400
82.528 86.024 1.400
82.528 89.316 37.523
82.528 89.316 40.271
82.532 85.887 0.700
82.534 85.712 0.700
82.536 86.029 1.400
82.538 9.060 26.000
82.539 85.912 0.700
82.542 85.280 1.400
82.544 85.681 0.700
82.546 86.034 1.400
82.548 85.937 0.700
82.550 9.734 26.000
82.552 85.275 1.400
82.557 85.652 0.700
82.561 85.271 1.400
82.561 86.041 1.400
82.563 89.953 37.665
82.563 89.953 40.129
82.565 89.955 38.371
82.565 89.955 39.423
82.566 9.083 26.000
82.569 86.045 1.400
82.570 85.981 0.700
82.572 85.624 0.700
82.575 85.265 1.400
82.578 9.710 26.000
82.580 86.050 1.400
82.583 86.003 0.700
82.586 85.260 1.400
82.590 85.597 0.700
82.593 9.109 26.000
82.595 85.257 1.400
82.595 86.056 1.400
82.599 86.024 0.700
82.604 9.683 26.000
82.604 86.059 1.400
82.608 85.252 1.400
82.610 85.572 0.700
82.617 9.137 26.000
82.617 86.063 1.400
82.618 86.045 0.700
82.621 85.248 1.400
82.627 9.654 26.000
82.630 85.246 1.400
82.630 86.067 1.400
82.633 85.549 0.700
82.638 86.065 0.700
82.639 9.167 26.000
82.639 86.069 1.400
82.642 85.243 1.400
82.648 9.623 26.000
82.650 89.353 38.231
82.651 89.353 39.563
82.654 86.072 1.400
82.657 85.239 1.400
82.657 85.528 0.700
82.658 9.199 26.000
82.660 86.083 0.700
82.663 89.984 38.896
82.666 9.591 26.000
82.666 85.238 1.400
82.666 86.075 1.400
82.675 9.232 26.000
82.675 85.236 1.400
82.676 86.076 1.400
82.680 89.362 40.168
82.681 9.557 26.000
82.682 85.510 0.700
82.683 89.363 37.629
82.685 86.100 0.700
82.688 9.266 26.000
82.693 9.522 26.000
82.693 86.078 1.400
82.694 85.234 1.400
82.698 9.302 26.000
82.702 9.486 26.000
82.703 85.233 1.400
82.703 86.080 1.400
82.705 9.338 26.000
82.707 85.233 1.400
82.708 9.449 26.000
82.709 9.375 26.000
82.709 85.495 0.700
82.710 9.412 26.000
82.712 86.080 1.400
82.712 86.115 0.700
82.728 85.951 0.000
82.728 85.952 0.000
82.729 85.928 0.000
82.729 85.974 0.000
82.729 85.976 0.000
82.730 85.927 0.000
82.731 85.231 1.400
82.731 90.005 39.871
82.732 85.996 0.000
82.732 86.081 1.400
82.733 85.903 0.000
82.733 85.905 0.000
82.733 86.000 0.000
82.734 90.006 37.928
82.736 85.482 0.700
82.736 86.017 0.000
82.737 89.379 37.665
82.737 89.379 40.129
82.738 85.231 1.400
82.738 85.879 0.000
82.738 85.881 0.000
82.738 86.024 0.000
82.740 85.231 1.400
82.740 86.081 1.400
82.740 86.128 0.700
82.740 89.380 38.371
82.740 89.380 39.423
82.742 86.037 0.000
82.745 85.858 0.000
82.745 86.046 0.000
82.746 85.856 0.000
82.749 86.056 0.000
82.750 86.081 1.400
82.754 85.836 0.000
82.754 86.069 0.000
82.756 85.833 0.000
82.757 86.074 0.000
82.763 85.472 0.700
82.765 85.815 0.000
82.765 86.090 0.000
82.766 86.091 0.000
82.768 85.232 1.400
82.768 85.810 0.000
82.770 86.139 0.700
82.771 86.080 1.400
82.777 85.233 1.400
82.777 86.080 1.400
82.777 86.108 0.000
82.778 85.795 0.000
82.778 86.110 0.000
82.782 85.789 0.000
82.784 90.016 28.506
82.784 90.016 29.640
82.784 90.016 31.506
82.784 90.016 32.640
82.787 86.079 1.400
82.789 86.125 0.000
82.791 85.464 0.700
82.793 85.776 0.000
82.793 86.129 0.000
82.798 85.770 0.000
82.799 85.235 1.400
82.801 86.147 0.700
82.804 86.141 0.000
82.805 85.236 1.400
82.809 85.758 0.000
82.809 86.147 0.000
82.810 86.075 1.400
82.814 85.238 1.400
82.814 86.075 1.400
82.816 85.752 0.000
82.818 85.459 0.700
82.820 86.157 0.000
82.823 86.073 1.400
82.827 85.742 0.000
82.827 86.163 0.000
82.831 85.241 1.400
82.833 86.152 0.700
82.834 85.735 0.000
82.837 86.172 0.000
82.838 89.410 38.896
82.841 85.243 1.400
82.844 85.455 0.700
82.846 85.727 0.000
82.846 86.178 0.000
82.847 86.067 1.400
82.850 85.246 1.400
82.850 86.067 1.400
82.854 85.721 0.000
82.857 86.185 0.000
82.859 86.064 1.400
82.864 85.250 1.400
82.865 86.154 0.700
82.866 85.714 0.000
82.866 86.190 0.000
82.870 85.454 0.700
82.872 36.744 14.200
82.872 36.744 17.900
82.875 85.709 0.000
82.877 85.254 1.400
82.878 86.197 0.000
82.884 86.056 1.400
82.885 86.055 1.400
82.886 85.257 1.400
82.887 85.703 0.000
82.887 86.202 0.000
82.894 86.052 1.400
82.897 85.261 1.400
82.897 85.699 0.000
82.897 86.153 0.700
82.900 86.207 0.000
82.906 89.430 39.871
82.909 85.694 0.000
82.909 86.211 0.000
82.909 89.432 37.928
82.911 85.267 1.400
82.918 85.691 0.000
82.918 86.042 1.400
82.920 85.271 1.400
82.920 85.458 0.700
82.920 86.041 1.400
82.923 86.215 0.000
82.928 86.037 1.400
82.929 86.149 0.700
82.930 85.276 1.400
82.932 85.687 0.000
82.932 86.218 0.000
82.932 90.066 38.231
82.932 90.066 39.563
82.940 85.685 0.000
82.944 85.283 1.400
82.947 85.462 0.700
82.948 86.222 0.000
82.951 86.025 1.400
82.953 85.288 1.400
82.953 86.024 1.400
82.956 85.682 0.000
82.956 86.223 0.000
82.959 90.074 38.371
82.959 90.074 39.423
82.960 86.143 0.700
82.961 85.681 0.000
82.961 86.019 1.400
82.962 85.294 1.400
82.973 85.469 0.700
82.973 86.226 0.000
82.976 85.303 1.400
82.979 85.678 0.000
82.979 86.226 0.000
82.981 86.006 1.400
82.982 85.678 0.000
82.984 85.308 1.400
82.984 86.004 1.400
82.990 86.134 0.700
82.991 85.999 1.400
82.994 85.315 1.400
82.995 90.080 26.000
82.995 90.080 36.640
82.996 90.078 26.000
82.996 90.078 36.640
82.998 86.227 0.000
83.001 85.479 0.700
83.002 85.677 0.000
83.003 85.677 0.000
83.003 86.227 0.000
83.006 85.325 1.400
83.008 85.986 1.400
83.013 85.331 1.400
83.013 85.982 1.400
83.018 86.122 0.700
83.020 85.976 1.400
83.021 85.678 0.000
83.023 86.227 0.000
83.024 85.340 1.400
83.027 85.678 0.000
83.027 86.226 0.000
83.028 85.491 0.700
83.033 85.964 1.400
83.034 85.349 1.400
83.041 85.356 1.400
83.041 85.680 0.000
83.041 85.957 1.400
83.045 86.108 0.700
83.047 85.950 1.400
83.048 86.224 0.000
83.051 85.682 0.000
83.051 86.223 0.000
83.052 85.368 1.400
83.055 85.506 0.700
83.056 85.940 1.400
83.058 90.104 38.896
83.060 85.376 1.400
83.062 85.684 0.000
83.066 85.383 1.400
83.066 85.929 1.400
83.068 69.679 0.000
83.068 69.679 14.350
83.070 86.093 0.700
83.072 85.922 1.400
83.073 86.218 0.000
83.075 85.687 0.000
83.075 86.218 0.000
83.076 85.916 1.400
83.078 85.399 1.400
83.081 85.524 0.700
83.083 85.405 1.400
83.083 85.689 0.000
83.088 85.412 1.400
83.088 85.900 1.400
83.093 85.892 1.400
83.093 86.076 0.700
83.094 85.892 1.400
83.096 86.211 0.000
83.097 85.694 0.000
83.097 86.211 0.000
83.101 85.432 1.400
83.103 85.436 1.400
83.105 85.697 0.000
83.106 85.544 0.700
83.107 89.492 38.231
83.107 89.492 39.563
83.108 85.444 1.400
83.108 85.869 1.400
83.110 85.865 1.400
83.113 85.860 1.400
83.113 86.057 0.700
83.119 86.202 0.000
83.120 85.703 0.000
83.120 86.202 0.000
83.121 85.468 1.400
83.125 85.476 1.400
83.125 85.836 1.400
83.126 85.706 0.000
83.129 85.567 0.700
83.129 85.827 1.400
83.132 86.038 0.700
83.133 89.500 38.371
83.133 89.500 39.423
83.136 85.502 1.400
83.137 85.506 1.400
83.138 85.805 1.400
83.139 85.511 1.400
83.139 85.801 1.400
83.140 86.191 0.000
83.141 85.714 0.000
83.141 86.190 0.000
83.142 69.436 0.000
83.142 69.436 14.350
83.143 85.793 1.400
83.147 85.718 0.000
83.148 85.537 1.400
83.148 86.019 0.700
83.149 85.772 1.400
83.150 85.544 1.400
83.150 85.592 0.700
83.151 85.546 1.400
83.151 85.766 1.400
83.153 85.757 1.400
83.157 85.573 1.400
83.157 85.737 1.400
83.159 85.582 1.400
83.159 85.583 1.400
83.159 85.730 1.400
83.159 86.179 0.000
83.160 85.721 1.400
83.161 85.727 0.000
83.161 86.178 0.000
83.163 85.610 1.400
83.163 85.693 1.400
83.163 85.700 1.400
83.164 85.619 1.400
83.164 85.623 1.400
83.164 85.684 1.400
83.165 85.647 1.400
83.165 85.656 1.400
83.165 85.662 1.400
83.168 85.732 0.000
83.169 85.620 0.700
83.176 85.977 0.700
83.177 86.166 0.000
83.180 85.742 0.000
83.180 86.163 0.000
83.185 85.649 0.700
83.187 85.748 0.000
83.189 85.953 0.700
83.193 86.151 0.000
83.198 85.758 0.000
83.198 86.147 0.000
83.199 85.680 0.700
83.199 85.927 0.700
83.205 85.766 0.000
83.208 85.900 0.700
83.208 86.136 0.000
83.209 85.712 0.700
83.214 85.776 0.000
83.214 86.129 0.000
83.215 85.871 0.700
83.217 85.744 0.700
83.220 85.840 0.700
83.221 85.777 0.700
83.221 86.121 0.000
83.222 85.786 0.000
83.222 85.809 0.700
83.229 85.795 0.000
83.229 86.110 0.000
83.232 86.105 0.000
83.233 1.740 28.506
83.233 1.740 29.073
83.233 1.740 34.506
83.233 1.740 35.640
83.233 89.530 38.896
83.237 85.807 0.000
83.242 85.815 0.000
83.242 86.090 0.000
83.243 86.088 0.000
83.250 85.831 0.000
83.252 86.069 0.000
83.253 85.836 0.000
83.253 86.069 0.000
83.261 85.855 0.000
83.261 86.049 0.000
83.262 85.858 0.000
83.262 86.046 0.000
83.268 86.027 0.000
83.269 85.880 0.000
83.269 85.881 0.000
83.269 86.023 0.000
83.273 86.005 0.000
83.274 85.905 0.000
83.274 86.000 0.000
83.277 85.928 0.000
83.277 85.976 0.000
83.277 85.981 0.000
83.278 85.931 0.000
83.278 85.952 0.000
83.278 85.956 0.000
83.311 69.753 0.000
83.311 69.753 14.350
83.384 69.509 0.000
83.384 69.509 14.350
83.392 9.848 26.000
83.392 9.864 26.000
83.393 9.885 26.000
83.394 9.827 26.000
83.394 9.901 26.000
83.395 9.811 26.000
83.396 9.922 26.000
83.398 9.790 26.000
83.398 9.937 26.000
83.402 9.774 26.000
83.403 9.958 26.000
83.406 9.754 26.000
83.406 9.974 26.000
83.411 9.738 26.000
83.412 9.994 26.000
83.418 9.718 26.000
83.418 10.009 26.000
83.423 9.703 26.000
83.425 10.029 26.000
83.432 9.684 26.000
83.432 10.043 26.000
83.439 9.670 26.000
83.441 10.062 26.000
83.449 9.651 26.000
83.449 10.076 26.000
83.457 9.638 26.000
83.460 1.809 31.506
83.460 1.809 32.414
83.460 10.094 26.000
83.469 9.620 26.000
83.469 10.107 26.000
83.478 9.607 26.000
83.481 10.124 26.000
83.491 9.590 26.000
83.491 10.137 26.000
83.502 9.578 26.000
83.505 10.153 26.000
83.516 9.563 26.000
83.516 10.164 26.000
83.528 9.552 26.000
83.532 10.179 26.000
83.544 9.538 26.000
83.544 10.189 26.000
83.556 9.528 26.000
83.560 10.202 26.000
83.573 9.515 26.000
83.573 10.212 26.000
83.577 88.160 27.371
83.577 88.160 29.402
83.577 88.160 29.879
83.577 88.160 30.640
83.577 88.160 34.640
83.577 88.160 35.859
83.586 9.507 26.000
83.591 10.223 26.000
83.604 9.496 26.000
83.604 10.232 26.000
83.618 9.488 26.000
83.623 10.242 26.000
83.637 9.478 26.000
83.637 10.249 26.000
83.652 9.472 26.000
83.657 10.257 26.000
83.672 9.464 26.000
83.672 10.263 26.000
83.687 9.459 26.000
83.689 87.791 34.640
83.689 87.791 35.859
83.692 10.270 26.000
83.707 9.453 26.000
83.707 10.274 26.000
83.722 9.449 26.000
83.728 10.279 26.000
83.743 9.445 26.000
83.743 10.282 26.000
83.759 9.443 26.000
83.764 10.285 26.000
83.764 87.545 27.371
83.764 87.545 29.402
83.764 87.545 33.879
83.764 87.545 34.640
83.780 9.440 26.000
83.780 10.287 26.000
83.796 9.439 26.000
83.801 10.288 26.000
83.802 1.913 28.506
83.802 1.913 29.073
83.817 9.439 26.000
83.817 10.289 26.000
83.833 9.439 26.000
83.838 10.288 26.000
83.854 9.440 26.000
83.854 10.287 26.000
83.857 87.238 29.879
83.857 87.238 30.640
83.870 9.442 26.000
83.875 10.285 26.000
83.891 9.445 26.000
83.891 10.282 26.000
83.906 9.448 26.000
83.912 10.278 26.000
83.927 9.453 26.000
83.927 10.274 26.000
83.938 66.811 0.000
83.938 66.811 14.350
83.942 9.457 26.000
83.947 10.268 26.000
83.962 9.464 26.000
83.962 10.263 26.000
83.977 9.470 26.000
83.982 10.255 26.000
83.997 9.478 26.000
83.997 10.249 26.000
84.011 9.485 26.000
84.012 66.567 0.000
84.012 66.567 14.350
84.016 10.239 26.000
84.029 9.496 26.000
84.029 10.232 26.000
84.043 9.504 26.000
84.043 86.624 30.640
84.043 86.624 31.859
84.043 86.624 33.879
84.043 86.624 34.640
84.048 10.221 26.000
84.061 9.515 26.000
84.061 10.212 26.000
84.074 9.525 26.000
84.078 10.199 26.000
84.090 9.538 26.000
84.090 10.189 26.000
84.102 9.548 26.000
84.106 10.175 26.000
84.117 9.563 26.000
84.117 10.164 26.000
84.128 9.574 26.000
84.132 10.149 26.000
84.142 9.590 26.000
84.142 10.137 26.000
84.152 9.603 26.000
84.155 86.255 30.640
84.155 86.255 31.859
84.156 10.120 26.000
84.165 9.620 26.000
84.165 10.107 26.000
84.174 9.633 26.000
84.177 10.090 26.000
84.180 66.884 0.000
84.180 66.884 14.350
84.185 9.651 26.000
84.185 10.076 26.000
84.193 9.665 26.000
84.195 10.057 26.000
84.202 9.684 26.000
84.202 10.043 26.000
84.208 9.698 26.000
84.211 10.024 26.000
84.216 9.718 26.000
84.216 10.009 26.000
84.221 9.733 26.000
84.223 9.989 26.000
84.227 9.754 26.000
84.227 9.974 26.000
84.231 9.769 26.000
84.232 9.953 26.000
84.235 9.790 26.000
84.235 9.937 26.000
84.238 9.805 26.000
84.239 9.916 26.000
84.240 9.827 26.000
84.240 9.901 26.000
84.241 9.842 26.000
84.242 9.864 26.000
84.242 9.879 26.000
84.254 66.641 0.000
84.254 66.641 14.350
84.371 2.085 31.506
84.371 2.085 32.414
84.371 2.085 34.506
84.371 2.085 35.640
84.448 85.289 27.371
84.448 85.289 28.640
84.448 85.289 33.371
84.448 85.289 34.640
84.606 78.101 1.400
84.607 78.064 1.400
84.607 78.139 1.400
84.608 78.061 1.400
84.608 78.142 1.400
84.612 78.028 1.400
84.612 78.175 1.400
84.614 78.020 1.400
84.614 78.183 1.400
84.620 77.992 1.400
84.620 78.212 1.400
84.623 77.981 1.400
84.623 78.222 1.400
84.631 77.956 1.400
84.631 78.247 1.400
84.634 84.675 35.371
84.634 84.675 36.133
84.636 77.944 1.400
84.636 78.259 1.400
84.645 77.922 1.400
84.645 78.281 1.400
84.652 77.908 1.400
84.652 78.295 1.400
84.663 77.889 1.400
84.663 78.314 1.400
84.671 77.875 1.400
84.671 78.328 1.400
84.682 77.858 1.400
84.682 78.345 1.400
84.692 77.844 1.400
84.692 78.359 1.400
84.705 77.828 1.400
84.705 78.375 1.400
84.715 77.817 1.400
84.715 78.386 1.400
84.730 77.801 1.400
84.730 78.402 1.400
84.740 77.792 1.400
84.740 78.411 1.400
84.746 59.128 26.000
84.746 59.138 26.000
84.747 59.101 26.000
84.748 59.091 26.000
84.748 59.165 26.000
84.749 59.175 26.000
84.751 59.064 26.000
84.752 59.055 26.000
84.752 59.202 26.000
84.754 59.211 26.000
84.757 77.776 1.400
84.757 78.427 1.400
84.758 59.027 26.000
84.760 59.018 26.000
84.760 59.238 26.000
84.763 59.247 26.000
84.765 77.770 1.400
84.765 78.433 1.400
84.768 58.992 26.000
84.772 58.983 26.000
84.772 59.274 26.000
84.775 59.282 26.000
84.782 58.957 26.000
84.786 58.949 26.000
84.786 59.308 26.000
84.787 77.753 1.400
84.787 78.450 1.400
84.790 59.316 26.000
84.792 77.750 1.400
84.792 78.453 1.400
84.798 58.924 26.000
84.803 58.916 26.000
84.803 59.341 26.000
84.808 59.349 26.000
84.808 63.942 0.000
84.808 63.942 14.350
84.818 58.892 26.000
84.818 77.733 1.400
84.818 77.734 1.400
84.818 78.469 1.400
84.818 78.470 1.400
84.823 58.885 26.000
84.823 59.372 26.000
84.828 59.380 26.000
84.839 58.862 26.000
84.845 58.855 26.000
84.845 59.401 26.000
84.846 77.719 1.400
84.846 78.484 1.400
84.851 59.409 26.000
84.851 77.716 1.400
84.851 78.487 1.400
84.864 58.835 26.000
84.870 58.828 26.000
84.870 59.429 26.000
84.872 78.051 0.700
84.874 78.018 0.700
84.874 78.085 0.700
84.876 77.706 1.400
84.876 78.497 1.400
84.877 59.435 26.000
84.879 77.985 0.700
84.879 78.118 0.700
84.881 63.699 0.000
84.881 63.699 14.350
84.885 77.702 1.400
84.885 78.501 1.400
84.887 77.952 0.700
84.887 78.150 0.700
84.891 58.809 26.000
84.897 77.922 0.700
84.897 78.181 0.700
84.898 58.803 26.000
84.898 59.454 26.000
84.905 59.460 26.000
84.908 77.695 1.400
84.908 78.508 1.400
84.911 77.892 0.700
84.911 78.211 0.700
84.914 83.753 27.371
84.914 83.753 28.640
84.914 83.753 30.640
84.914 83.753 31.859
84.914 83.753 33.371
84.914 83.753 34.640
84.914 83.753 35.371
84.914 83.753 36.133
84.920 58.786 26.000
84.921 77.691 1.400
84.921 78.512 1.400
84.926 77.865 0.700
84.926 78.238 0.700
84.927 58.780 26.000
84.927 59.476 26.000
84.935 59.482 26.000
84.941 77.686 1.400
84.941 78.517 1.400
84.944 77.840 0.700
84.944 78.263 0.700
84.950 58.765 26.000
84.957 77.683 1.400
84.957 78.520 1.400
84.958 58.760 26.000
84.958 59.496 26.000
84.963 77.817 0.700
84.963 78.286 0.700
84.967 59.501 26.000
84.970 60.274 5.000
84.970 60.274 13.800
84.970 60.274 14.350
84.977 77.680 1.400
84.977 78.523 1.400
84.983 58.747 26.000
84.983 77.796 0.700
84.983 78.307 0.700
84.991 58.743 26.000
84.991 59.514 26.000
84.993 78.525 1.400
84.994 77.678 1.400
85.000 59.517 26.000
85.004 77.778 0.700
85.004 78.325 0.700
85.014 77.677 1.400
85.014 78.526 1.400
85.017 58.732 26.000
85.025 77.762 0.700
85.025 78.341 0.700
85.025 83.384 30.640
85.025 83.384 31.859
85.026 58.729 26.000
85.026 59.528 26.000
85.031 77.677 1.400
85.031 78.526 1.400
85.034 59.531 26.000
85.050 64.016 0.000
85.050 64.016 14.350
85.052 58.720 26.000
85.052 77.677 1.400
85.052 78.526 1.400
85.061 58.718 26.000
85.061 59.539 26.000
85.068 77.678 1.400
85.068 78.525 1.400
85.070 59.541 26.000
85.070 77.736 0.700
85.070 78.367 0.700
85.088 58.712 26.000
85.091 77.681 1.400
85.091 78.522 1.400
85.095 77.726 0.700
85.095 78.377 0.700
85.096 20.710 26.000
85.097 58.710 26.000
85.097 59.547 26.000
85.104 77.683 1.400
85.104 78.520 1.400
85.106 59.548 26.000
85.121 77.716 0.700
85.121 78.386 0.700
85.124 58.706 26.000
85.124 63.773 0.000
85.124 63.773 14.350
85.126 57.875 26.000
85.128 57.838 26.000
85.128 57.912 26.000
85.130 77.688 1.400
85.130 78.514 1.400
85.132 57.801 26.000
85.132 57.948 26.000
85.134 58.705 26.000
85.134 59.552 26.000
85.139 78.001 0.000
85.140 57.765 26.000
85.140 57.985 26.000
85.140 77.975 0.000
85.140 77.977 0.000
85.140 78.025 0.000
85.140 78.028 0.000
85.141 77.691 1.400
85.141 78.512 1.400
85.143 59.552 26.000
85.143 77.954 0.000
85.143 78.049 0.000
85.144 77.949 0.000
85.144 78.054 0.000
85.148 77.930 0.000
85.148 78.073 0.000
85.149 77.709 0.700
85.149 78.394 0.700
85.150 77.924 0.000
85.150 78.079 0.000
85.152 57.729 26.000
85.152 58.020 26.000
85.156 77.907 0.000
85.156 78.095 0.000
85.159 77.899 0.000
85.159 78.103 0.000
85.162 58.703 26.000
85.165 77.885 0.000
85.165 78.118 0.000
85.166 57.695 26.000
85.166 58.054 26.000
85.169 77.700 1.400
85.169 77.876 0.000
85.169 78.126 0.000
85.169 78.503 1.400
85.171 58.703 26.000
85.171 59.553 26.000
85.176 77.702 1.400
85.176 77.864 0.000
85.176 78.139 0.000
85.176 78.501 1.400
85.178 77.704 0.700
85.178 78.399 0.700
85.180 59.553 26.000
85.181 77.855 0.000
85.181 78.148 0.000
85.183 57.662 26.000
85.183 58.087 26.000
85.189 77.844 0.000
85.189 78.159 0.000
85.195 77.835 0.000
85.195 78.168 0.000
85.199 58.704 26.000
85.203 57.631 26.000
85.203 58.118 26.000
85.203 77.825 0.000
85.203 78.178 0.000
85.207 77.715 1.400
85.207 78.488 1.400
85.208 58.705 26.000
85.208 59.552 26.000
85.209 77.702 0.700
85.209 78.401 0.700
85.210 77.716 1.400
85.210 77.817 0.000
85.210 78.186 0.000
85.210 78.487 1.400
85.217 59.551 26.000
85.219 77.807 0.000
85.219 78.196 0.000
85.225 57.602 26.000
85.225 58.148 26.000
85.226 77.801 0.000
85.226 78.202 0.000
85.235 58.708 26.000
85.237 77.791 0.000
85.237 78.212 0.000
85.240 77.702 0.700
85.240 78.401 0.700
85.242 77.786 0.000
85.242 78.216 0.000
85.243 77.733 1.400
85.243 77.734 1.400
85.243 78.469 1.400
85.245 58.710 26.000
85.245 59.547 26.000
85.250 58.175 26.000
85.251 57.574 26.000
85.254 59.545 26.000
85.256 77.776 0.000
85.256 78.227 0.000
85.259 77.774 0.000
85.259 78.229 0.000
85.272 58.715 26.000
85.272 77.705 0.700
85.272 78.398 0.700
85.274 77.753 1.400
85.274 78.450 1.400
85.276 77.763 0.000
85.276 78.239 0.000
85.277 77.756 1.400
85.277 78.447 1.400
85.278 57.549 26.000
85.278 58.200 26.000
85.281 58.718 26.000
85.281 59.539 26.000
85.290 59.536 26.000
85.294 77.754 0.000
85.294 78.249 0.000
85.298 77.752 0.000
85.298 78.251 0.000
85.304 77.711 0.700
85.304 77.776 1.400
85.304 78.392 0.700
85.304 78.427 1.400
85.307 57.527 26.000
85.307 58.223 26.000
85.307 58.726 26.000
85.309 77.781 1.400
85.309 78.422 1.400
85.314 77.745 0.000
85.314 78.257 0.000
85.316 58.729 26.000
85.316 59.528 26.000
85.318 82.418 27.371
85.318 82.418 28.640
85.318 82.418 29.371
85.318 82.418 30.133
85.318 82.418 33.371
85.318 82.418 35.402
85.320 77.743 0.000
85.320 78.260 0.000
85.325 59.524 26.000
85.331 77.801 1.400
85.331 78.402 1.400
85.334 77.738 0.000
85.334 78.265 0.000
85.336 77.721 0.700
85.336 78.382 0.700
85.338 58.243 26.000
85.338 77.809 1.400
85.338 78.394 1.400
85.339 57.507 26.000
85.342 58.739 26.000
85.343 77.736 0.000
85.343 78.267 0.000
85.350 59.514 26.000
85.351 58.743 26.000
85.356 77.732 0.000
85.356 77.828 1.400
85.356 78.270 0.000
85.356 78.375 1.400
85.359 59.509 26.000
85.364 77.839 1.400
85.364 78.364 1.400
85.366 77.730 0.000
85.366 78.272 0.000
85.367 77.733 0.700
85.367 78.370 0.700
85.371 57.489 26.000
85.371 58.260 26.000
85.375 58.756 26.000
85.379 77.729 0.000
85.379 77.858 1.400
85.379 78.274 0.000
85.379 78.345 1.400
85.383 58.760 26.000
85.383 59.496 26.000
85.387 77.870 1.400
85.387 78.333 1.400
85.390 77.727 0.000
85.390 78.275 0.000
85.391 59.492 26.000
85.397 77.748 0.700
85.397 78.354 0.700
85.399 77.889 1.400
85.399 78.314 1.400
85.403 77.727 0.000
85.403 78.276 0.000
85.406 57.475 26.000
85.406 58.274 26.000
85.406 77.903 1.400
85.406 78.300 1.400
85.407 58.775 26.000
85.414 77.726 0.000
85.414 78.276 0.000
85.415 58.780 26.000
85.415 59.476 26.000
85.416 77.922 1.400
85.416 78.281 1.400
85.422 59.471 26.000
85.422 77.937 1.400
85.422 78.266 1.400
85.425 77.767 0.700
85.425 78.336 0.700
85.428 77.727 0.000
85.428 78.276 0.000
85.430 77.956 1.400
85.430 78.247 1.400
85.435 77.971 1.400
85.435 78.232 1.400
85.437 58.797 26.000
85.438 77.727 0.000
85.438 78.275 0.000
85.441 57.464 26.000
85.441 58.285 26.000
85.441 77.991 1.400
85.441 78.211 1.400
85.444 58.803 26.000
85.444 59.454 26.000
85.444 78.005 1.400
85.444 78.198 1.400
85.449 78.028 1.400
85.449 78.175 1.400
85.451 59.448 26.000
85.451 78.038 1.400
85.451 78.165 1.400
85.452 77.787 0.700
85.452 78.316 0.700
85.453 77.729 0.000
85.453 78.274 0.000
85.454 78.064 1.400
85.454 78.070 1.400
85.454 78.133 1.400
85.454 78.138 1.400
85.455 78.101 1.400
85.462 77.731 0.000
85.462 78.272 0.000
85.465 58.821 26.000
85.471 58.828 26.000
85.471 59.429 26.000
85.476 77.810 0.700
85.476 78.293 0.700
85.477 57.456 26.000
85.477 58.293 26.000
85.478 59.422 26.000
85.478 77.734 0.000
85.478 78.269 0.000
85.485 77.736 0.000
85.485 78.267 0.000
85.490 58.848 26.000
85.496 58.855 26.000
85.496 59.401 26.000
85.497 77.835 0.700
85.497 78.268 0.700
85.502 59.394 26.000
85.503 77.741 0.000
85.503 78.261 0.000
85.505 81.804 33.371
85.505 81.804 35.402
85.508 77.743 0.000
85.508 78.260 0.000
85.514 57.451 26.000
85.514 58.298 26.000
85.514 58.877 26.000
85.516 77.861 0.700
85.516 78.242 0.700
85.519 58.885 26.000
85.519 59.372 26.000
85.524 59.364 26.000
85.528 77.751 0.000
85.528 78.252 0.000
85.530 77.752 0.000
85.530 78.251 0.000
85.532 77.888 0.700
85.532 78.215 0.700
85.534 58.908 26.000
85.539 58.916 26.000
85.539 59.341 26.000
85.543 59.333 26.000
85.545 77.916 0.700
85.545 78.187 0.700
85.551 57.450 26.000
85.551 58.300 26.000
85.551 77.763 0.000
85.551 78.239 0.000
85.552 58.940 26.000
85.555 77.944 0.700
85.555 78.159 0.700
85.556 58.949 26.000
85.556 59.308 26.000
85.560 59.299 26.000
85.563 77.972 0.700
85.563 78.131 0.700
85.567 58.974 26.000
85.568 77.999 0.700
85.568 78.104 0.700
85.570 58.983 26.000
85.570 59.274 26.000
85.571 78.026 0.700
85.571 78.077 0.700
85.572 77.776 0.000
85.572 78.227 0.000
85.573 59.265 26.000
85.574 77.777 0.000
85.574 78.225 0.000
85.579 59.009 26.000
85.581 59.018 26.000
85.581 59.238 26.000
85.584 59.229 26.000
85.588 57.451 26.000
85.588 58.298 26.000
85.588 59.045 26.000
85.589 59.055 26.000
85.589 59.202 26.000
85.591 59.193 26.000
85.591 77.791 0.000
85.591 78.212 0.000
85.593 59.082 26.000
85.594 59.091 26.000
85.594 59.165 26.000
85.594 77.794 0.000
85.594 78.209 0.000
85.595 59.156 26.000
85.596 59.119 26.000
85.596 59.128 26.000
85.598 81.496 29.371
85.598 81.496 30.133
85.608 77.807 0.000
85.608 78.196 0.000
85.613 77.812 0.000
85.613 78.191 0.000
85.625 57.456 26.000
85.625 58.293 26.000
85.625 77.825 0.000
85.625 78.178 0.000
85.630 77.831 0.000
85.630 78.171 0.000
85.639 77.844 0.000
85.639 78.159 0.000
85.645 77.852 0.000
85.645 78.151 0.000
85.652 77.864 0.000
85.652 78.139 0.000
85.657 77.873 0.000
85.657 78.130 0.000
85.661 57.464 26.000
85.661 58.285 26.000
85.663 77.885 0.000
85.663 78.118 0.000
85.667 77.895 0.000
85.667 78.108 0.000
85.672 77.907 0.000
85.672 78.095 0.000
85.676 77.917 0.000
85.676 78.086 0.000
85.679 78.072 0.000
85.680 77.930 0.000
85.682 77.939 0.000
85.682 78.064 0.000
85.685 77.954 0.000
85.685 78.049 0.000
85.686 77.960 0.000
85.686 78.042 0.000
85.688 77.977 0.000
85.688 77.981 0.000
85.688 78.022 0.000
85.688 78.025 0.000
85.689 78.001 0.000
85.696 57.475 26.000
85.696 58.274 26.000
85.731 57.489 26.000
85.731 58.260 26.000
85.763 57.507 26.000
85.763 58.243 26.000
85.784 80.882 27.371
85.784 80.882 28.640
85.795 57.527 26.000
85.795 58.223 26.000
85.824 57.549 26.000
85.824 58.200 26.000
85.829 2.528 28.506
85.829 2.528 28.960
85.829 2.528 35.487
85.829 2.528 35.940
85.847 60.539 0.000
85.847 60.539 5.000
85.847 60.539 5.300
85.847 60.539 8.000
85.847 60.539 8.300
85.847 60.539 11.000
85.847 60.539 11.300
85.847 60.539 12.800
85.847 60.539 12.900
85.847 60.539 13.800
85.851 57.574 26.000
85.851 58.175 26.000
85.876 57.601 26.000
85.876 58.148 26.000
85.899 57.631 26.000
85.899 58.118 26.000
85.919 57.662 26.000
85.919 58.087 26.000
85.936 57.695 26.000
85.936 58.054 26.000
85.950 57.729 26.000
85.950 58.020 26.000
85.961 57.765 26.000
85.961 57.985 26.000
85.969 57.801 26.000
85.969 57.948 26.000
85.974 57.838 26.000
85.974 57.912 26.000
85.976 57.875 26.000
85.987 60.582 0.000
85.987 60.582 5.000
85.987 60.582 14.350
86.016 59.956 0.000
86.016 59.956 5.000
86.078 60.609 14.350
86.082 60.611 5.000
86.082 60.611 5.300
86.082 60.611 8.000
86.082 60.611 8.300
86.082 60.611 11.000
86.082 60.611 11.300
86.082 60.611 12.800
86.082 60.611 12.900
86.082 60.611 13.800
86.090 59.713 0.000
86.090 59.713 5.000
86.189 79.547 27.371
86.189 79.547 28.640
86.189 79.547 29.371
86.189 79.547 31.402
86.189 79.547 33.371
86.189 79.547 34.640
86.259 60.030 0.000
86.259 60.030 5.000
86.285 2.666 28.506
86.285 2.666 28.960
86.285 2.666 35.487
86.285 2.666 35.940
86.332 59.787 0.000
86.332 59.787 5.000
86.375 78.933 29.371
86.375 78.933 31.402
86.655 78.011 27.371
86.655 78.011 28.640
86.655 78.011 33.371
86.655 78.011 34.640
86.679 47.407 13.800
86.679 47.407 18.600
86.845 33.708 1.400
86.846 33.671 1.400
86.846 33.677 1.400
86.846 33.739 1.400
86.846 33.745 1.400
86.849 33.644 1.400
86.850 33.772 1.400
86.851 33.634 1.400
86.851 33.782 1.400
86.855 33.663 0.700
86.855 33.713 0.700
86.856 33.611 1.400
86.856 33.805 1.400
86.858 33.638 0.700
86.858 33.738 0.700
86.859 33.598 1.400
86.859 33.818 1.400
86.863 33.612 0.700
86.863 33.765 0.700
86.864 33.668 0.000
86.865 33.577 1.400
86.865 33.645 0.000
86.865 33.649 0.000
86.865 33.688 0.000
86.865 33.692 0.000
86.866 33.838 1.400
86.867 33.629 0.000
86.867 33.708 0.000
86.868 33.621 0.000
86.869 33.716 0.000
86.870 33.563 1.400
86.870 33.585 0.700
86.870 33.791 0.700
86.871 33.608 0.000
86.871 33.729 0.000
86.871 33.853 1.400
86.873 33.597 0.000
86.874 33.740 0.000
86.876 33.587 0.000
86.877 33.543 1.400
86.877 33.749 0.000
86.878 33.872 1.400
86.879 33.558 0.700
86.880 33.818 0.700
86.881 33.574 0.000
86.881 33.762 0.000
86.884 33.528 1.400
86.884 33.566 0.000
86.884 33.770 0.000
86.885 33.887 1.400
86.886 57.088 0.000
86.886 57.088 5.000
86.890 33.552 0.000
86.890 33.785 0.000
86.891 33.532 0.700
86.892 33.845 0.700
86.893 33.510 1.400
86.893 33.545 0.000
86.894 33.791 0.000
86.894 33.906 1.400
86.901 33.495 1.400
86.901 33.531 0.000
86.902 33.806 0.000
86.902 33.920 1.400
86.904 33.525 0.000
86.905 33.505 0.700
86.905 33.812 0.000
86.907 33.871 0.700
86.912 33.477 1.400
86.914 33.511 0.000
86.914 33.826 0.000
86.914 33.939 1.400
86.918 33.505 0.000
86.919 33.832 0.000
86.921 33.464 1.400
86.922 33.951 1.400
86.923 33.480 0.700
86.924 33.896 0.700
86.928 33.492 0.000
86.929 33.845 0.000
86.933 33.486 0.000
86.934 33.851 0.000
86.935 33.445 1.400
86.937 33.970 1.400
86.942 33.455 0.700
86.943 33.435 1.400
86.944 33.474 0.000
86.944 33.920 0.700
86.945 33.863 0.000
86.945 33.981 1.400
86.951 33.468 0.000
86.952 33.869 0.000
86.960 56.845 0.000
86.960 56.845 5.000
86.961 33.415 1.400
86.962 33.457 0.000
86.963 33.879 0.000
86.963 34.000 1.400
86.964 33.433 0.700
86.966 33.943 0.700
86.968 33.407 1.400
86.970 33.451 0.000
86.970 34.008 1.400
86.971 33.885 0.000
86.981 33.443 0.000
86.982 33.893 0.000
86.988 33.412 0.700
86.990 33.387 1.400
86.990 33.437 0.000
86.990 33.964 0.700
86.992 33.900 0.000
86.992 34.028 1.400
86.995 33.382 1.400
86.997 34.033 1.400
87.001 33.430 0.000
87.002 33.906 0.000
87.012 33.424 0.000
87.014 33.912 0.000
87.015 33.393 0.700
87.017 33.982 0.700
87.022 33.362 1.400
87.022 33.419 0.000
87.024 33.917 0.000
87.024 34.053 1.400
87.025 33.359 1.400
87.027 34.056 1.400
87.035 33.413 0.000
87.037 33.923 0.000
87.043 33.377 0.700
87.044 33.410 0.000
87.045 33.998 0.700
87.046 33.926 0.000
87.056 33.339 1.400
87.058 34.075 1.400
87.059 33.405 0.000
87.059 76.676 29.371
87.059 76.676 30.640
87.060 2.900 34.006
87.060 2.900 35.140
87.060 33.931 0.000
87.067 33.402 0.000
87.069 33.933 0.000
87.072 33.363 0.700
87.074 34.012 0.700
87.083 33.398 0.000
87.085 33.937 0.000
87.089 33.322 1.400
87.091 33.397 0.000
87.091 34.092 1.400
87.092 33.321 1.400
87.092 33.939 0.000
87.095 34.094 1.400
87.102 33.352 0.700
87.104 34.022 0.700
87.107 33.394 0.000
87.109 33.941 0.000
87.114 33.394 0.000
87.116 33.942 0.000
87.123 33.308 1.400
87.125 34.106 1.400
87.128 57.161 0.000
87.128 57.161 5.000
87.130 33.305 1.400
87.131 33.393 0.000
87.132 34.109 1.400
87.133 33.345 0.700
87.133 33.943 0.000
87.135 34.030 0.700
87.138 33.393 0.000
87.140 33.943 0.000
87.155 33.393 0.000
87.156 33.942 0.000
87.158 33.297 1.400
87.161 34.118 1.400
87.162 33.394 0.000
87.164 33.340 0.700
87.164 33.941 0.000
87.166 34.035 0.700
87.169 33.294 1.400
87.171 34.120 1.400
87.178 33.395 0.000
87.179 33.940 0.000
87.186 33.397 0.000
87.188 33.938 0.000
87.194 33.288 1.400
87.194 33.337 0.700
87.196 34.037 0.700
87.197 34.125 1.400
87.200 33.399 0.000
87.201 33.936 0.000
87.202 56.918 0.000
87.202 56.918 5.000
87.205 13.716 26.000
87.208 33.286 1.400
87.210 33.402 0.000
87.210 34.127 1.400
87.211 33.933 0.000
87.221 33.405 0.000
87.222 33.930 0.000
87.224 33.338 0.700
87.226 34.036 0.700
87.231 33.283 1.400
87.233 33.409 0.000
87.234 33.926 0.000
87.234 34.130 1.400
87.240 33.412 0.000
87.242 33.923 0.000
87.246 33.282 1.400
87.249 34.131 1.400
87.253 33.341 0.700
87.255 33.418 0.000
87.255 34.033 0.700
87.256 33.916 0.000
87.259 33.420 0.000
87.260 33.915 0.000
87.268 33.282 1.400
87.271 34.132 1.400
87.276 33.429 0.000
87.277 33.905 0.000
87.281 33.346 0.700
87.283 34.028 0.700
87.285 33.282 1.400
87.287 34.131 1.400
87.288 2.970 31.506
87.288 2.970 32.414
87.292 33.439 0.000
87.294 33.895 0.000
87.296 33.442 0.000
87.298 33.892 0.000
87.305 33.283 1.400
87.308 33.353 0.700
87.308 34.130 1.400
87.309 33.451 0.000
87.310 33.883 0.000
87.310 34.021 0.700
87.315 33.456 0.000
87.317 33.878 0.000
87.322 33.285 1.400
87.324 34.128 1.400
87.325 33.465 0.000
87.326 33.869 0.000
87.333 33.362 0.700
87.333 33.473 0.000
87.334 33.861 0.000
87.335 34.012 0.700
87.340 33.480 0.000
87.341 33.854 0.000
87.342 33.288 1.400
87.345 34.125 1.400
87.349 33.490 0.000
87.350 33.844 0.000
87.355 33.497 0.000
87.356 33.372 0.700
87.356 33.837 0.000
87.357 33.291 1.400
87.358 34.001 0.700
87.360 34.122 1.400
87.364 33.509 0.000
87.365 33.825 0.000
87.368 33.515 0.000
87.369 33.818 0.000
87.377 33.529 0.000
87.378 33.296 1.400
87.378 33.804 0.000
87.380 33.536 0.000
87.381 33.798 0.000
87.381 34.117 1.400
87.388 33.551 0.000
87.389 33.783 0.000
87.391 33.300 1.400
87.391 33.557 0.000
87.392 33.776 0.000
87.394 34.113 1.400
87.397 33.573 0.000
87.398 33.761 0.000
87.399 33.397 0.700
87.400 33.580 0.000
87.400 33.753 0.000
87.401 33.976 0.700
87.405 33.596 0.000
87.405 33.738 0.000
87.407 33.604 0.000
87.407 33.729 0.000
87.410 33.619 0.000
87.410 33.714 0.000
87.411 33.629 0.000
87.412 33.705 0.000
87.413 33.643 0.000
87.413 33.691 0.000
87.413 75.509 34.153
87.413 75.509 35.371
87.414 33.307 1.400
87.414 33.654 0.000
87.414 33.667 0.000
87.414 33.679 0.000
87.416 34.106 1.400
87.420 33.412 0.700
87.422 33.961 0.700
87.423 33.311 1.400
87.426 34.102 1.400
87.440 33.429 0.700
87.442 33.944 0.700
87.448 33.321 1.400
87.450 34.091 1.400
87.453 33.323 1.400
87.455 34.089 1.400
87.460 33.448 0.700
87.461 33.924 0.700
87.479 33.470 0.700
87.480 33.903 0.700
87.481 33.338 1.400
87.483 34.074 1.400
87.489 21.431 26.000
87.496 33.493 0.700
87.497 33.879 0.700
87.506 33.354 1.400
87.508 34.058 1.400
87.511 33.519 0.700
87.512 33.358 1.400
87.512 33.853 0.700
87.514 34.054 1.400
87.525 33.547 0.700
87.525 75.140 29.371
87.525 75.140 30.640
87.525 75.140 34.153
87.525 75.140 35.371
87.526 33.826 0.700
87.531 33.372 1.400
87.534 34.039 1.400
87.536 33.576 0.700
87.537 33.796 0.700
87.542 33.380 1.400
87.544 34.031 1.400
87.545 33.606 0.700
87.545 33.766 0.700
87.551 33.638 0.700
87.551 33.734 0.700
87.554 33.670 0.700
87.554 33.702 0.700
87.556 33.393 1.400
87.558 34.018 1.400
87.569 33.405 1.400
87.571 34.006 1.400
87.580 33.417 1.400
87.582 33.995 1.400
87.594 33.432 1.400
87.596 33.979 1.400
87.602 33.443 1.400
87.604 33.968 1.400
87.617 33.462 1.400
87.618 33.949 1.400
87.623 33.471 1.400
87.625 33.940 1.400
87.637 33.493 1.400
87.638 33.918 1.400
87.642 33.503 1.400
87.643 33.908 1.400
87.654 33.526 1.400
87.655 33.885 1.400
87.659 33.536 1.400
87.660 33.875 1.400
87.668 33.560 1.400
87.669 33.851 1.400
87.672 33.571 1.400
87.673 33.839 1.400
87.680 33.595 1.400
87.680 33.815 1.400
87.683 33.609 1.400
87.683 33.802 1.400
87.688 33.632 1.400
87.688 33.779 1.400
87.690 33.647 1.400
87.690 33.764 1.400
87.693 33.668 1.400
87.693 33.742 1.400
87.694 33.686 1.400
87.694 33.705 1.400
87.694 33.725 1.400
87.756 54.220 3.000
87.756 54.220 5.000
87.757 54.239 1.200
87.757 54.239 1.500
87.762 54.222 0.000
87.762 54.222 3.000
87.829 53.976 3.000
87.829 53.976 5.000
87.908 8.657 1.400
87.908 8.676 1.400
87.908 8.694 1.400
87.909 8.642 1.400
87.909 8.708 1.400
87.911 8.620 1.400
87.912 8.731 1.400
87.913 8.608 1.400
87.913 8.739 1.400
87.917 8.583 1.400
87.918 8.767 1.400
87.919 8.769 1.400
87.920 8.573 1.400
87.927 8.547 1.400
87.927 8.798 1.400
87.928 8.803 1.400
87.930 8.538 1.400
87.930 73.805 27.371
87.930 73.805 28.640
87.930 73.805 29.371
87.930 73.805 30.640
87.930 73.805 33.371
87.930 73.805 35.402
87.937 8.827 1.400
87.939 8.513 1.400
87.941 8.838 1.400
87.943 8.503 1.400
87.950 8.857 1.400
87.954 8.479 1.400
87.957 8.871 1.400
87.960 8.469 1.400
87.965 8.886 1.400
87.973 8.447 1.400
87.976 8.903 1.400
87.980 8.436 1.400
87.984 8.915 1.400
87.993 54.311 1.200
87.993 54.311 1.500
87.994 8.416 1.400
87.997 8.934 1.400
87.998 54.293 0.000
87.998 54.293 3.000
87.998 54.293 5.000
88.003 8.405 1.400
88.005 8.944 1.400
88.018 8.388 1.400
88.021 8.962 1.400
88.029 8.376 1.400
88.030 8.971 1.400
88.044 8.361 1.400
88.047 8.988 1.400
88.057 8.349 1.400
88.057 8.996 1.400
88.072 8.337 1.400
88.072 54.050 3.000
88.072 54.050 5.000
88.076 9.011 1.400
88.087 9.019 1.400
88.088 8.325 1.400
88.102 8.316 1.400
88.107 8.643 0.700
88.107 9.033 1.400
88.108 8.615 0.700
88.108 8.669 0.700
88.111 8.587 0.700
88.111 8.695 0.700
88.116 73.191 33.371
88.116 73.191 35.402
88.117 8.558 0.700
88.119 9.040 1.400
88.121 8.304 1.400
88.122 8.743 0.700
88.125 8.529 0.700
88.131 8.767 0.700
88.134 8.297 1.400
88.136 8.501 0.700
88.139 9.051 1.400
88.141 8.791 0.700
88.149 8.473 0.700
88.154 8.816 0.700
88.154 9.058 1.400
88.155 8.287 1.400
88.166 8.445 0.700
88.168 8.281 1.400
88.169 8.840 0.700
88.172 9.066 1.400
88.185 8.420 0.700
88.187 8.863 0.700
88.190 9.073 1.400
88.191 8.272 1.400
88.199 3.246 31.506
88.199 3.246 32.414
88.199 3.246 34.006
88.199 3.246 35.140
88.202 8.268 1.400
88.206 8.396 0.700
88.207 8.885 0.700
88.207 9.079 1.400
88.226 8.261 1.400
88.228 9.084 1.400
88.230 8.373 0.700
88.230 8.906 0.700
88.238 8.258 1.400
88.243 9.088 1.400
88.254 8.925 0.700
88.255 8.354 0.700
88.262 8.254 1.400
88.266 9.092 1.400
88.275 8.252 1.400
88.280 9.094 1.400
88.281 8.943 0.700
88.282 8.337 0.700
88.297 8.249 1.400
88.304 9.097 1.400
88.306 8.588 0.000
88.306 8.607 0.000
88.306 8.609 0.000
88.307 8.583 0.000
88.307 8.630 0.000
88.307 8.631 0.000
88.309 8.565 0.000
88.309 8.650 0.000
88.309 8.957 0.700
88.310 8.560 0.000
88.310 8.655 0.000
88.311 8.248 1.400
88.311 8.322 0.700
88.313 8.543 0.000
88.313 8.669 0.000
88.315 8.536 0.000
88.315 8.678 0.000
88.317 9.097 1.400
88.318 8.689 0.000
88.320 8.520 0.000
88.322 8.513 0.000
88.322 8.701 0.000
88.325 8.709 0.000
88.328 8.498 0.000
88.331 8.248 1.400
88.331 8.491 0.000
88.331 8.723 0.000
88.334 8.729 0.000
88.339 8.476 0.000
88.339 8.970 0.700
88.340 8.310 0.700
88.343 8.470 0.000
88.343 8.745 0.000
88.343 9.097 1.400
88.345 8.749 0.000
88.349 8.248 1.400
88.352 8.454 0.000
88.354 9.097 1.400
88.355 8.450 0.000
88.355 8.765 0.000
88.358 8.768 0.000
88.365 8.249 1.400
88.367 8.434 0.000
88.369 8.301 0.700
88.370 8.430 0.000
88.370 8.784 0.000
88.370 8.979 0.700
88.373 8.787 0.000
88.381 9.095 1.400
88.384 8.415 0.000
88.385 8.251 1.400
88.386 8.413 0.000
88.386 8.802 0.000
88.390 8.805 0.000
88.391 9.094 1.400
88.396 72.269 27.371
88.396 72.269 28.640
88.396 72.269 29.371
88.396 72.269 30.640
88.397 8.253 1.400
88.398 8.295 0.700
88.402 8.986 0.700
88.403 8.398 0.000
88.404 8.397 0.000
88.404 8.818 0.000
88.409 8.822 0.000
88.418 9.089 1.400
88.422 8.257 1.400
88.423 8.382 0.000
88.423 8.833 0.000
88.427 8.291 0.700
88.427 9.087 1.400
88.428 8.259 1.400
88.429 8.837 0.000
88.433 8.989 0.700
88.443 8.369 0.000
88.443 8.845 0.000
88.444 8.369 0.000
88.452 8.850 0.000
88.453 9.080 1.400
88.456 8.290 0.700
88.457 8.266 1.400
88.458 8.267 1.400
88.463 9.077 1.400
88.464 8.856 0.000
88.465 8.358 0.000
88.465 8.990 0.700
88.466 8.357 0.000
88.476 8.861 0.000
88.483 8.291 0.700
88.485 8.276 1.400
88.487 8.349 0.000
88.487 8.866 0.000
88.487 9.069 1.400
88.489 8.348 0.000
88.493 8.279 1.400
88.496 8.988 0.700
88.498 9.064 1.400
88.500 8.870 0.000
88.509 8.873 0.000
88.510 8.294 0.700
88.510 8.342 0.000
88.512 8.341 0.000
88.514 8.288 1.400
88.518 9.055 1.400
88.526 8.295 1.400
88.526 8.877 0.000
88.527 8.983 0.700
88.531 9.048 1.400
88.533 8.336 0.000
88.533 8.878 0.000
88.535 8.299 0.700
88.535 8.336 0.000
88.542 8.303 1.400
88.548 9.039 1.400
88.552 8.881 0.000
88.556 8.976 0.700
88.557 8.333 0.000
88.557 8.881 0.000
88.558 8.333 0.000
88.559 8.313 1.400
88.563 9.030 1.400
88.571 8.321 1.400
88.575 9.022 1.400
88.578 8.882 0.000
88.580 8.332 0.000
88.581 8.332 0.000
88.581 8.882 0.000
88.582 8.313 0.700
88.583 8.966 0.700
88.589 8.334 1.400
88.593 9.008 1.400
88.599 8.341 1.400
88.600 9.003 1.400
88.602 8.333 0.000
88.604 8.881 0.000
88.605 8.333 0.000
88.605 8.881 0.000
88.606 8.323 0.700
88.610 8.955 0.700
88.618 8.358 1.400
88.622 8.335 0.000
88.622 8.984 1.400
88.623 8.983 1.400
88.625 8.365 1.400
88.625 51.351 3.000
88.625 51.351 5.000
88.628 8.336 0.000
88.628 8.878 0.000
88.629 8.336 0.700
88.629 8.878 0.000
88.634 8.942 0.700
88.642 8.339 0.000
88.644 8.384 1.400
88.644 8.962 1.400
88.648 8.958 1.400
88.651 8.391 1.400
88.652 8.342 0.000
88.652 8.873 0.000
88.653 8.350 0.700
88.653 8.873 0.000
88.656 8.927 0.700
88.661 8.344 0.000
88.664 8.938 1.400
88.668 8.412 1.400
88.671 8.929 1.400
88.674 8.420 1.400
88.675 8.349 0.000
88.675 8.866 0.000
88.676 8.367 0.700
88.676 8.865 0.000
88.677 8.912 0.700
88.680 8.351 0.000
88.683 8.912 1.400
88.690 8.442 1.400
88.692 8.899 1.400
88.695 8.451 1.400
88.697 8.358 0.000
88.697 8.856 0.000
88.698 8.386 0.700
88.699 8.359 0.000
88.699 51.108 3.000
88.699 51.108 5.000
88.701 8.884 1.400
88.708 8.474 1.400
88.711 8.866 1.400
88.713 8.878 0.700
88.714 8.485 1.400
88.717 8.853 1.400
88.718 8.369 0.000
88.718 8.845 0.000
88.718 8.846 0.000
88.719 8.369 0.000
88.719 8.408 0.700
88.724 8.508 1.400
88.726 8.833 1.400
88.729 8.521 1.400
88.730 8.859 0.700
88.731 8.821 1.400
88.736 8.834 0.000
88.737 8.542 1.400
88.738 8.382 0.000
88.738 8.432 0.700
88.738 8.833 0.000
88.739 8.798 1.400
88.742 8.558 1.400
88.742 8.786 1.400
88.746 8.837 0.700
88.747 8.578 1.400
88.748 8.762 1.400
88.750 8.750 1.400
88.751 8.596 1.400
88.753 8.821 0.000
88.754 8.615 1.400
88.754 8.725 1.400
88.755 8.458 0.700
88.756 8.396 0.000
88.756 8.635 1.400
88.756 8.712 1.400
88.757 8.397 0.000
88.757 8.651 1.400
88.757 8.674 1.400
88.757 8.688 1.400
88.757 8.818 0.000
88.760 8.814 0.700
88.768 8.808 0.000
88.771 8.485 0.700
88.771 40.465 13.800
88.771 40.465 18.600
88.773 8.789 0.700
88.774 8.412 0.000
88.775 8.413 0.000
88.775 8.802 0.000
88.783 8.515 0.700
88.783 8.794 0.000
88.785 8.762 0.700
88.791 8.430 0.000
88.791 8.784 0.000
88.794 8.545 0.700
88.794 8.733 0.700
88.796 8.778 0.000
88.800 70.934 27.371
88.800 70.934 28.640
88.800 70.934 33.371
88.800 70.934 34.133
88.800 70.934 35.371
88.800 70.934 36.133
88.801 8.577 0.700
88.801 8.703 0.700
88.805 8.609 0.700
88.805 8.672 0.700
88.806 8.450 0.000
88.806 8.765 0.000
88.807 8.641 0.700
88.809 8.760 0.000
88.819 8.470 0.000
88.819 8.745 0.000
88.820 8.472 0.000
88.821 8.741 0.000
88.830 8.491 0.000
88.830 8.723 0.000
88.831 8.720 0.000
88.832 8.495 0.000
88.839 8.513 0.000
88.839 8.701 0.000
88.840 8.698 0.000
88.841 8.520 0.000
88.846 8.536 0.000
88.846 8.678 0.000
88.847 8.674 0.000
88.849 8.545 0.000
88.851 8.560 0.000
88.851 8.655 0.000
88.852 8.649 0.000
88.853 8.571 0.000
88.855 8.583 0.000
88.855 8.597 0.000
88.855 8.623 0.000
88.855 8.631 0.000
88.856 8.607 0.000
88.868 51.425 3.000
88.868 51.425 5.000
88.875 70.688 30.183
88.875 70.688 31.402
88.930 63.835 1.400
88.930 63.837 1.400
88.930 63.846 1.400
88.931 63.809 1.400
88.932 63.798 1.400
88.932 63.800 1.400
88.932 63.870 1.400
88.932 63.874 1.400
88.933 63.883 1.400
88.935 63.772 1.400
88.936 63.904 1.400
88.937 63.761 1.400
88.937 63.763 1.400
88.937 63.911 1.400
88.939 63.920 1.400
88.941 51.182 3.000
88.941 51.182 5.000
88.942 63.736 1.400
88.942 63.937 1.400
88.945 63.727 1.400
88.945 63.947 1.400
88.946 63.724 1.400
88.947 63.956 1.400
88.951 63.968 1.400
88.953 63.700 1.400
88.956 63.692 1.400
88.956 63.982 1.400
88.958 63.688 1.400
88.959 63.991 1.400
88.962 63.998 1.400
88.966 63.666 1.400
88.970 63.657 1.400
88.970 64.016 1.400
88.973 63.652 1.400
88.974 3.481 28.506
88.974 3.481 29.640
88.974 64.025 1.400
88.983 63.633 1.400
88.987 63.624 1.400
88.987 64.049 1.400
88.987 70.320 30.183
88.987 70.320 31.402
88.989 64.051 1.400
88.991 63.617 1.400
88.992 64.057 1.400
89.002 63.601 1.400
89.005 64.078 1.400
89.007 63.593 1.400
89.007 64.081 1.400
89.013 63.585 1.400
89.013 64.088 1.400
89.024 63.571 1.400
89.025 64.104 1.400
89.030 63.564 1.400
89.030 64.110 1.400
89.036 64.117 1.400
89.038 63.554 1.400
89.047 64.129 1.400
89.048 63.543 1.400
89.055 63.536 1.400
89.055 64.137 1.400
89.062 64.144 1.400
89.065 63.527 1.400
89.071 64.153 1.400
89.075 63.517 1.400
89.080 70.013 33.371
89.080 70.013 34.133
89.080 70.013 35.371
89.080 70.013 36.133
89.082 63.511 1.400
89.082 64.162 1.400
89.089 64.168 1.400
89.094 63.502 1.400
89.099 64.175 1.400
89.104 63.494 1.400
89.112 63.489 1.400
89.112 64.185 1.400
89.119 64.190 1.400
89.125 63.480 1.400
89.129 64.196 1.400
89.135 63.474 1.400
89.137 63.983 0.700
89.138 63.953 0.700
89.138 64.012 0.700
89.141 64.041 0.700
89.143 63.469 1.400
89.143 63.923 0.700
89.143 64.205 1.400
89.147 64.068 0.700
89.150 63.892 0.700
89.151 64.209 1.400
89.154 64.093 0.700
89.157 63.461 1.400
89.159 63.862 0.700
89.161 64.215 1.400
89.163 64.117 0.700
89.167 63.456 1.400
89.172 63.833 0.700
89.176 63.452 1.400
89.176 64.222 1.400
89.184 64.226 1.400
89.185 64.162 0.700
89.187 63.804 0.700
89.190 63.445 1.400
89.195 64.230 1.400
89.199 35.453 26.000
89.199 64.183 0.700
89.200 35.416 26.000
89.200 35.490 26.000
89.201 63.441 1.400
89.205 35.379 26.000
89.205 35.526 26.000
89.205 63.777 0.700
89.210 63.437 1.400
89.210 64.236 1.400
89.213 35.343 26.000
89.214 35.562 26.000
89.215 64.205 0.700
89.219 64.239 1.400
89.224 35.307 26.000
89.224 63.433 1.400
89.225 35.598 26.000
89.225 63.752 0.700
89.232 64.243 1.400
89.233 64.225 0.700
89.236 63.429 1.400
89.238 35.273 26.000
89.239 35.632 26.000
89.245 63.426 1.400
89.245 64.247 1.400
89.248 63.729 0.700
89.253 64.245 0.700
89.254 64.250 1.400
89.255 35.240 26.000
89.256 35.665 26.000
89.257 63.424 1.400
89.266 69.398 27.371
89.266 69.398 28.640
89.269 64.253 1.400
89.272 63.420 1.400
89.272 63.709 0.700
89.275 35.209 26.000
89.276 35.696 26.000
89.276 64.264 0.700
89.282 63.418 1.400
89.282 64.255 1.400
89.290 63.417 1.400
89.291 64.257 1.400
89.297 35.179 26.000
89.297 63.691 0.700
89.299 35.725 26.000
89.300 64.281 0.700
89.308 64.259 1.400
89.309 63.414 1.400
89.318 63.413 1.400
89.318 64.260 1.400
89.322 35.152 26.000
89.322 63.413 1.400
89.324 35.753 26.000
89.324 63.675 0.700
89.327 64.296 0.700
89.328 64.261 1.400
89.344 64.132 0.000
89.344 64.133 0.000
89.344 64.155 0.000
89.345 64.108 0.000
89.345 64.109 0.000
89.345 64.157 0.000
89.346 63.412 1.400
89.347 64.177 0.000
89.347 64.262 1.400
89.348 64.084 0.000
89.348 64.085 0.000
89.348 64.181 0.000
89.350 35.127 26.000
89.351 63.662 0.700
89.351 64.198 0.000
89.352 35.778 26.000
89.353 63.412 1.400
89.353 64.060 0.000
89.353 64.062 0.000
89.353 64.204 0.000
89.355 63.412 1.400
89.355 64.262 1.400
89.355 64.309 0.700
89.357 64.218 0.000
89.360 64.039 0.000
89.360 64.227 0.000
89.361 64.036 0.000
89.364 64.237 0.000
89.365 64.262 1.400
89.369 64.017 0.000
89.369 64.249 0.000
89.371 64.013 0.000
89.372 64.255 0.000
89.378 63.652 0.700
89.379 35.104 26.000
89.380 63.996 0.000
89.380 64.271 0.000
89.381 35.800 26.000
89.381 64.272 0.000
89.383 63.413 1.400
89.383 63.991 0.000
89.385 64.320 0.700
89.386 64.261 1.400
89.392 63.413 1.400
89.392 64.260 1.400
89.392 64.289 0.000
89.393 63.975 0.000
89.393 64.291 0.000
89.397 63.970 0.000
89.402 64.259 1.400
89.404 64.306 0.000
89.406 63.645 0.700
89.408 63.956 0.000
89.408 64.310 0.000
89.410 35.084 26.000
89.412 35.820 26.000
89.413 63.950 0.000
89.414 63.416 1.400
89.416 64.328 0.700
89.419 64.322 0.000
89.420 63.417 1.400
89.424 63.939 0.000
89.424 64.327 0.000
89.425 64.256 1.400
89.429 63.418 1.400
89.429 64.255 1.400
89.431 63.932 0.000
89.433 63.639 0.700
89.435 64.338 0.000
89.438 64.254 1.400
89.442 63.922 0.000
89.442 64.344 0.000
89.443 35.067 26.000
89.445 35.837 26.000
89.446 63.422 1.400
89.448 64.333 0.700
89.450 63.916 0.000
89.452 64.352 0.000
89.456 63.424 1.400
89.459 63.636 0.700
89.461 63.908 0.000
89.461 64.358 0.000
89.463 64.248 1.400
89.465 63.426 1.400
89.465 64.247 1.400
89.470 63.902 0.000
89.472 64.366 0.000
89.474 64.245 1.400
89.477 35.052 26.000
89.479 63.430 1.400
89.480 35.851 26.000
89.480 64.335 0.700
89.481 63.895 0.000
89.481 64.371 0.000
89.485 63.635 0.700
89.490 63.890 0.000
89.492 63.434 1.400
89.493 64.378 0.000
89.495 48.483 3.000
89.495 48.483 5.000
89.499 64.237 1.400
89.501 63.437 1.400
89.501 64.236 1.400
89.502 63.884 0.000
89.502 64.382 0.000
89.509 64.233 1.400
89.512 63.442 1.400
89.512 63.880 0.000
89.512 64.334 0.700
89.513 35.041 26.000
89.515 35.862 26.000
89.515 64.388 0.000
89.524 63.875 0.000
89.524 64.391 0.000
89.526 63.448 1.400
89.533 63.872 0.000
89.533 64.223 1.400
89.535 63.452 1.400
89.535 63.638 0.700
89.535 64.222 1.400
89.539 64.396 0.000
89.543 3.653 32.506
89.543 3.653 33.073
89.543 64.218 1.400
89.544 64.330 0.700
89.545 63.457 1.400
89.547 63.867 0.000
89.547 64.399 0.000
89.549 35.033 26.000
89.551 35.870 26.000
89.555 63.866 0.000
89.560 63.464 1.400
89.562 63.643 0.700
89.563 64.402 0.000
89.566 64.206 1.400
89.568 63.469 1.400
89.568 64.205 1.400
89.569 48.240 3.000
89.569 48.240 5.000
89.571 63.862 0.000
89.571 64.404 0.000
89.575 64.323 0.700
89.576 63.861 0.000
89.576 64.200 1.400
89.577 63.475 1.400
89.585 35.028 26.000
89.588 35.875 26.000
89.588 64.406 0.000
89.589 63.650 0.700
89.591 63.483 1.400
89.595 63.859 0.000
89.595 64.407 0.000
89.596 64.187 1.400
89.597 63.859 0.000
89.598 14.437 26.000
89.599 63.489 1.400
89.599 64.185 1.400
89.605 64.314 0.700
89.607 64.179 1.400
89.609 63.496 1.400
89.613 64.408 0.000
89.616 63.660 0.700
89.617 63.858 0.000
89.618 64.408 0.000
89.619 63.858 0.000
89.621 63.505 1.400
89.622 35.026 26.000
89.623 64.166 1.400
89.625 35.876 26.000
89.628 63.511 1.400
89.628 64.162 1.400
89.634 64.303 0.700
89.636 63.859 0.000
89.636 64.156 1.400
89.639 63.521 1.400
89.639 64.407 0.000
89.642 63.859 0.000
89.642 64.407 0.000
89.643 63.672 0.700
89.649 63.530 1.400
89.649 64.144 1.400
89.656 63.536 1.400
89.656 64.137 1.400
89.657 3.688 34.506
89.657 3.688 34.960
89.657 63.861 0.000
89.659 35.028 26.000
89.660 64.289 0.700
89.662 35.874 26.000
89.662 64.131 1.400
89.664 64.404 0.000
89.666 63.862 0.000
89.666 64.404 0.000
89.668 63.549 1.400
89.670 63.687 0.700
89.671 64.121 1.400
89.671 68.063 27.371
89.671 68.063 28.640
89.671 68.063 29.371
89.671 68.063 30.640
89.671 68.063 33.371
89.671 68.063 34.640
89.675 63.556 1.400
89.677 63.864 0.000
89.681 63.564 1.400
89.681 64.110 1.400
89.685 64.273 0.700
89.687 64.103 1.400
89.688 64.399 0.000
89.690 63.867 0.000
89.690 64.399 0.000
89.691 64.097 1.400
89.693 63.580 1.400
89.696 35.032 26.000
89.696 63.704 0.700
89.698 63.585 1.400
89.698 63.870 0.000
89.699 35.869 26.000
89.703 63.593 1.400
89.703 64.081 1.400
89.708 64.256 0.700
89.709 64.073 1.400
89.711 64.392 0.000
89.713 63.875 0.000
89.713 64.391 0.000
89.716 63.613 1.400
89.718 63.616 1.400
89.720 63.877 0.000
89.721 63.725 0.700
89.723 63.624 1.400
89.723 64.049 1.400
89.725 64.046 1.400
89.728 64.041 1.400
89.728 64.238 0.700
89.732 35.040 26.000
89.734 64.383 0.000
89.735 35.861 26.000
89.735 63.884 0.000
89.735 64.382 0.000
89.736 63.649 1.400
89.737 48.557 3.000
89.737 48.557 5.000
89.740 63.657 1.400
89.740 64.016 1.400
89.740 64.017 1.400
89.741 63.887 0.000
89.744 63.748 0.700
89.744 64.008 1.400
89.747 64.219 0.700
89.751 63.683 1.400
89.753 63.686 1.400
89.753 63.986 1.400
89.755 63.691 1.400
89.755 63.982 1.400
89.755 64.372 0.000
89.756 63.895 0.000
89.756 64.371 0.000
89.758 63.973 1.400
89.762 63.899 0.000
89.763 63.718 1.400
89.763 64.199 0.700
89.764 63.953 1.400
89.765 63.725 1.400
89.765 63.773 0.700
89.766 63.727 1.400
89.766 63.947 1.400
89.768 35.051 26.000
89.768 63.938 1.400
89.770 35.850 26.000
89.772 63.754 1.400
89.772 63.918 1.400
89.774 63.763 1.400
89.774 63.764 1.400
89.774 63.911 1.400
89.774 64.360 0.000
89.775 63.901 1.400
89.776 63.908 0.000
89.776 64.358 0.000
89.778 63.790 1.400
89.778 63.881 1.400
89.779 63.800 1.400
89.779 63.804 1.400
89.779 63.864 1.400
89.779 63.874 1.400
89.780 63.827 1.400
89.780 63.837 1.400
89.780 63.843 1.400
89.783 63.912 0.000
89.784 63.801 0.700
89.791 64.157 0.700
89.792 64.346 0.000
89.795 63.922 0.000
89.795 64.344 0.000
89.801 63.830 0.700
89.802 35.065 26.000
89.802 63.928 0.000
89.804 35.836 26.000
89.804 64.133 0.700
89.808 64.332 0.000
89.811 48.314 3.000
89.811 48.314 5.000
89.813 48.357 13.800
89.813 48.357 18.600
89.813 63.939 0.000
89.813 64.327 0.000
89.814 63.861 0.700
89.815 64.108 0.700
89.821 63.947 0.000
89.823 64.317 0.000
89.824 63.893 0.700
89.824 64.080 0.700
89.829 63.956 0.000
89.829 64.310 0.000
89.830 64.051 0.700
89.832 63.925 0.700
89.835 35.082 26.000
89.835 64.021 0.700
89.836 63.958 0.700
89.836 64.301 0.000
89.837 35.819 26.000
89.837 63.966 0.000
89.837 63.990 0.700
89.844 63.975 0.000
89.844 64.291 0.000
89.847 64.286 0.000
89.852 63.988 0.000
89.857 63.996 0.000
89.857 64.270 0.000
89.858 64.268 0.000
89.865 64.011 0.000
89.866 35.102 26.000
89.867 64.250 0.000
89.868 35.799 26.000
89.868 64.017 0.000
89.868 64.249 0.000
89.876 64.036 0.000
89.876 64.230 0.000
89.877 64.039 0.000
89.877 64.227 0.000
89.883 64.208 0.000
89.884 64.061 0.000
89.884 64.062 0.000
89.884 64.204 0.000
89.888 64.185 0.000
89.889 64.085 0.000
89.889 64.086 0.000
89.889 64.181 0.000
89.892 64.109 0.000
89.892 64.157 0.000
89.892 64.161 0.000
89.893 64.112 0.000
89.893 64.133 0.000
89.893 64.137 0.000
89.896 35.125 26.000
89.898 35.776 26.000
89.923 35.150 26.000
89.925 35.751 26.000
89.948 35.177 26.000
89.950 35.723 26.000
89.971 35.206 26.000
89.973 35.694 26.000
89.991 35.238 26.000
89.992 35.663 26.000
90.008 35.270 26.000
90.009 35.630 26.000
90.023 35.305 26.000
90.023 35.595 26.000
90.034 35.340 26.000
90.035 35.560 26.000
90.042 35.376 26.000
90.042 35.524 26.000
90.047 35.413 26.000
90.047 35.487 26.000
90.049 35.450 26.000
90.112 3.826 28.506
90.112 3.826 29.640
90.112 3.826 32.506
90.112 3.826 33.073
90.112 3.826 34.506
90.112 3.826 34.960
90.137 66.527 27.371
90.137 66.527 28.640
90.137 66.527 29.371
90.137 66.527 30.640
90.137 66.527 33.371
90.137 66.527 34.640
90.364 45.615 0.000
90.364 45.615 5.000
90.365 45.615 3.000
90.365 45.615 5.000
90.438 45.372 0.000
90.438 45.372 3.000
90.438 45.372 5.000
90.438 45.372 12.800
90.438 45.372 12.900
90.438 45.372 13.800
90.445 45.374 0.000
90.445 45.374 3.000
90.445 45.374 5.000
90.445 45.374 12.800
90.445 45.374 12.900
90.445 45.374 13.800
90.512 45.659 0.000
90.512 45.659 5.000
90.541 65.192 27.371
90.541 65.192 29.402
90.541 65.192 31.371
90.541 65.192 32.640
90.541 65.192 33.371
90.541 65.192 34.767
90.607 45.688 3.000
90.607 45.688 5.000
90.681 45.445 0.000
90.681 45.445 3.000
90.681 45.445 5.000
90.681 45.445 12.800
90.681 45.445 12.900
90.681 45.445 13.800
90.684 45.446 0.000
90.684 45.446 12.800
90.684 45.446 12.900
90.684 45.446 13.800
90.727 64.578 27.371
90.727 64.578 29.402
90.821 64.271 33.371
90.821 64.271 34.767
90.888 4.061 29.006
90.888 4.061 30.140
91.007 63.656 31.371
91.007 63.656 32.640
91.221 56.282 1.400
91.222 56.245 1.400
91.222 56.319 1.400
91.223 56.241 1.400
91.223 56.323 1.400
91.227 56.208 1.400
91.227 56.356 1.400
91.229 56.201 1.400
91.229 56.363 1.400
91.235 56.172 1.400
91.235 56.392 1.400
91.238 56.162 1.400
91.238 56.402 1.400
91.246 56.137 1.400
91.246 56.428 1.400
91.251 56.124 1.400
91.251 56.440 1.400
91.261 56.103 1.400
91.261 56.462 1.400
91.267 56.089 1.400
91.267 56.475 1.400
91.278 56.070 1.400
91.278 56.495 1.400
91.286 56.056 1.400
91.286 56.509 1.400
91.298 56.038 1.400
91.298 56.526 1.400
91.307 56.025 1.400
91.307 56.539 1.400
91.320 56.009 1.400
91.320 56.555 1.400
91.331 55.997 1.400
91.331 56.567 1.400
91.345 55.982 1.400
91.345 56.583 1.400
91.355 55.972 1.400
91.355 56.592 1.400
91.373 55.957 1.400
91.373 56.608 1.400
91.381 55.950 1.400
91.381 56.614 1.400
91.402 55.934 1.400
91.402 56.630 1.400
91.407 55.931 1.400
91.407 56.634 1.400
91.412 62.322 27.371
91.412 62.322 28.640
91.412 62.322 29.371
91.412 62.322 30.767
91.412 62.322 33.371
91.412 62.322 34.640
91.433 55.914 1.400
91.433 56.650 1.400
91.461 55.900 1.400
91.461 56.665 1.400
91.466 55.897 1.400
91.466 56.667 1.400
91.487 56.232 0.700
91.489 56.199 0.700
91.489 56.266 0.700
91.491 55.887 1.400
91.491 56.678 1.400
91.494 56.165 0.700
91.494 56.299 0.700
91.500 55.883 1.400
91.500 56.682 1.400
91.502 56.133 0.700
91.502 56.331 0.700
91.513 56.102 0.700
91.513 56.362 0.700
91.523 55.876 1.400
91.523 56.689 1.400
91.526 56.073 0.700
91.526 56.391 0.700
91.536 55.872 1.400
91.536 56.693 1.400
91.541 56.046 0.700
91.541 56.419 0.700
91.557 55.867 1.400
91.557 56.698 1.400
91.559 56.020 0.700
91.559 56.444 0.700
91.572 55.864 1.400
91.572 56.701 1.400
91.578 55.997 0.700
91.578 56.467 0.700
91.592 55.861 1.400
91.592 56.704 1.400
91.598 55.977 0.700
91.598 56.487 0.700
91.609 55.859 1.400
91.609 56.706 1.400
91.619 55.959 0.700
91.619 56.505 0.700
91.629 55.858 1.400
91.629 56.707 1.400
91.641 55.943 0.700
91.641 56.521 0.700
91.646 55.857 1.400
91.646 56.707 1.400
91.668 55.858 1.400
91.668 56.706 1.400
91.683 55.859 1.400
91.683 56.706 1.400
91.685 55.917 0.700
91.685 56.547 0.700
91.688 37.246 26.000
91.689 37.209 26.000
91.689 37.283 26.000
91.691 61.400 29.371
91.691 61.400 30.767
91.694 37.172 26.000
91.694 37.320 26.000
91.702 37.136 26.000
91.702 37.356 26.000
91.706 55.862 1.400
91.706 56.703 1.400
91.710 55.906 0.700
91.710 56.558 0.700
91.713 37.101 26.000
91.713 37.391 26.000
91.719 56.701 1.400
91.720 55.864 1.400
91.727 37.066 26.000
91.728 37.426 26.000
91.736 55.897 0.700
91.736 56.567 0.700
91.745 37.034 26.000
91.745 37.458 26.000
91.745 55.869 1.400
91.745 56.695 1.400
91.754 56.182 0.000
91.755 56.156 0.000
91.755 56.158 0.000
91.755 56.206 0.000
91.755 56.208 0.000
91.756 55.872 1.400
91.756 56.693 1.400
91.758 56.134 0.000
91.758 56.230 0.000
91.759 56.130 0.000
91.759 56.234 0.000
91.764 55.890 0.700
91.764 56.111 0.000
91.764 56.253 0.000
91.764 56.574 0.700
91.765 37.002 26.000
91.765 37.490 26.000
91.765 56.104 0.000
91.765 56.260 0.000
91.771 56.088 0.000
91.771 56.276 0.000
91.774 56.080 0.000
91.774 56.284 0.000
91.780 56.066 0.000
91.780 56.298 0.000
91.784 55.880 1.400
91.784 56.057 0.000
91.784 56.307 0.000
91.784 56.684 1.400
91.787 36.973 26.000
91.787 37.519 26.000
91.791 55.883 1.400
91.791 56.045 0.000
91.791 56.319 0.000
91.791 56.682 1.400
91.793 55.885 0.700
91.793 56.579 0.700
91.796 56.035 0.000
91.796 56.329 0.000
91.804 56.024 0.000
91.804 56.340 0.000
91.810 56.016 0.000
91.810 56.348 0.000
91.812 36.945 26.000
91.812 37.547 26.000
91.818 56.005 0.000
91.818 56.359 0.000
91.822 55.896 1.400
91.822 56.669 1.400
91.824 55.882 0.700
91.824 56.582 0.700
91.825 55.897 1.400
91.825 55.998 0.000
91.825 56.366 0.000
91.825 56.667 1.400
91.835 55.988 0.000
91.835 56.376 0.000
91.839 36.920 26.000
91.839 37.572 26.000
91.841 55.981 0.000
91.841 56.383 0.000
91.852 55.971 0.000
91.852 56.393 0.000
91.855 55.883 0.700
91.855 56.582 0.700
91.857 56.397 0.000
91.858 55.914 1.400
91.858 55.967 0.000
91.858 56.650 1.400
91.869 36.898 26.000
91.869 37.594 26.000
91.871 55.957 0.000
91.871 56.407 0.000
91.874 56.409 0.000
91.875 55.955 0.000
91.878 60.785 27.371
91.878 60.785 28.640
91.878 60.785 33.371
91.878 60.785 34.640
91.887 55.886 0.700
91.887 56.578 0.700
91.889 55.934 1.400
91.889 56.630 1.400
91.892 55.936 1.400
91.892 55.944 0.000
91.892 56.420 0.000
91.892 56.628 1.400
91.900 36.878 26.000
91.900 37.614 26.000
91.910 55.934 0.000
91.910 56.430 0.000
91.913 55.933 0.000
91.913 56.431 0.000
91.919 55.957 1.400
91.919 56.572 0.700
91.919 56.608 1.400
91.920 55.892 0.700
91.924 55.961 1.400
91.924 56.603 1.400
91.929 55.926 0.000
91.929 56.438 0.000
91.933 36.861 26.000
91.933 37.631 26.000
91.935 55.924 0.000
91.935 56.440 0.000
91.946 55.982 1.400
91.946 56.583 1.400
91.950 55.919 0.000
91.950 56.445 0.000
91.951 55.901 0.700
91.951 56.563 0.700
91.953 56.575 1.400
91.954 55.989 1.400
91.958 55.916 0.000
91.958 56.448 0.000
91.967 36.847 26.000
91.967 37.645 26.000
91.971 55.913 0.000
91.971 56.009 1.400
91.971 56.451 0.000
91.971 56.555 1.400
91.979 56.019 1.400
91.980 56.545 1.400
91.981 55.911 0.000
91.981 56.453 0.000
91.982 55.914 0.700
91.982 56.551 0.700
91.994 56.038 1.400
91.994 56.455 0.000
91.994 56.526 1.400
91.995 55.909 0.000
92.002 56.051 1.400
92.002 56.513 1.400
92.003 36.835 26.000
92.003 37.657 26.000
92.005 55.908 0.000
92.005 56.456 0.000
92.012 55.929 0.700
92.012 56.535 0.700
92.014 56.070 1.400
92.014 56.495 1.400
92.018 56.457 0.000
92.019 55.907 0.000
92.021 56.480 1.400
92.022 56.084 1.400
92.026 4.406 29.006
92.026 4.406 30.140
92.029 55.907 0.000
92.029 56.457 0.000
92.031 56.103 1.400
92.031 56.462 1.400
92.037 56.118 1.400
92.037 56.447 1.400
92.039 36.827 26.000
92.039 37.665 26.000
92.041 55.947 0.700
92.041 56.517 0.700
92.043 55.907 0.000
92.043 56.457 0.000
92.045 56.137 1.400
92.045 56.427 1.400
92.050 56.152 1.400
92.050 56.413 1.400
92.053 55.908 0.000
92.053 56.456 0.000
92.056 56.172 1.400
92.056 56.392 1.400
92.059 56.185 1.400
92.059 56.379 1.400
92.064 56.208 1.400
92.064 56.356 1.400
92.066 56.218 1.400
92.066 56.346 1.400
92.067 55.968 0.700
92.067 56.496 0.700
92.068 55.910 0.000
92.068 56.454 0.000
92.069 56.245 1.400
92.069 56.251 1.400
92.069 56.313 1.400
92.069 56.319 1.400
92.071 56.282 1.400
92.076 36.823 26.000
92.076 37.669 26.000
92.077 55.911 0.000
92.077 56.453 0.000
92.091 55.991 0.700
92.091 56.473 0.700
92.094 55.915 0.000
92.094 56.449 0.000
92.100 55.916 0.000
92.100 56.448 0.000
92.112 56.016 0.700
92.112 56.449 0.700
92.113 36.821 26.000
92.113 37.671 26.000
92.119 55.922 0.000
92.119 56.442 0.000
92.123 55.924 0.000
92.123 56.440 0.000
92.131 56.042 0.700
92.131 56.422 0.700
92.143 55.932 0.000
92.143 56.432 0.000
92.145 55.933 0.000
92.145 56.431 0.000
92.147 56.069 0.700
92.147 56.395 0.700
92.150 36.823 26.000
92.150 37.669 26.000
92.160 56.097 0.700
92.160 56.367 0.700
92.167 55.944 0.000
92.167 56.420 0.000
92.170 56.125 0.700
92.170 56.340 0.700
92.178 56.152 0.700
92.178 56.312 0.700
92.183 56.180 0.700
92.183 56.284 0.700
92.186 36.827 26.000
92.186 37.664 26.000
92.186 56.206 0.700
92.186 56.258 0.700
92.187 55.957 0.000
92.187 56.407 0.000
92.189 55.958 0.000
92.189 56.406 0.000
92.206 55.971 0.000
92.206 56.393 0.000
92.209 55.974 0.000
92.209 56.390 0.000
92.223 36.835 26.000
92.223 37.656 26.000
92.224 55.988 0.000
92.224 56.376 0.000
92.228 55.992 0.000
92.228 56.372 0.000
92.240 56.005 0.000
92.240 56.359 0.000
92.245 56.012 0.000
92.245 56.352 0.000
92.254 56.024 0.000
92.254 56.340 0.000
92.258 36.847 26.000
92.258 37.645 26.000
92.260 56.032 0.000
92.260 56.332 0.000
92.267 56.045 0.000
92.267 56.319 0.000
92.272 56.054 0.000
92.272 56.310 0.000
92.278 56.066 0.000
92.278 56.298 0.000
92.282 59.451 31.371
92.282 59.451 32.006
92.282 59.451 33.371
92.282 59.451 34.767
92.283 56.076 0.000
92.283 56.288 0.000
92.287 56.276 0.000
92.288 56.088 0.000
92.291 56.097 0.000
92.291 56.267 0.000
92.292 36.861 26.000
92.292 37.631 26.000
92.295 56.111 0.000
92.295 56.253 0.000
92.297 56.119 0.000
92.297 56.245 0.000
92.300 56.134 0.000
92.300 56.230 0.000
92.301 56.141 0.000
92.301 56.223 0.000
92.303 56.158 0.000
92.303 56.162 0.000
92.303 56.202 0.000
92.303 56.206 0.000
92.304 56.182 0.000
92.325 36.878 26.000
92.325 37.614 26.000
92.356 36.898 26.000
92.356 37.594 26.000
92.386 36.920 26.000
92.386 37.572 26.000
92.413 36.945 26.000
92.413 37.546 26.000
92.438 36.973 26.000
92.438 37.519 26.000
92.440 39.644 13.800
92.440 39.644 18.600
92.461 37.002 26.000
92.461 37.490 26.000
92.469 58.836 27.879
92.469 58.836 29.275
92.481 37.033 26.000
92.481 37.458 26.000
92.498 37.066 26.000
92.498 37.426 26.000
92.512 37.101 26.000
92.512 37.391 26.000
92.515 58.682 31.371
92.515 58.682 32.006
92.523 37.136 26.000
92.523 37.356 26.000
92.531 37.172 26.000
92.531 37.320 26.000
92.536 37.209 26.000
92.536 37.283 26.000
92.538 37.246 26.000
92.561 39.245 0.000
92.561 39.245 12.800
92.561 39.245 12.900
92.561 39.245 13.800
92.562 58.529 33.371
92.562 58.529 34.767
92.748 57.914 27.879
92.748 57.914 29.275
92.801 4.641 28.506
92.801 4.641 29.640
92.801 4.641 34.506
92.801 4.641 35.640
93.153 56.580 27.371
93.153 56.580 28.640
93.153 56.580 31.371
93.153 56.580 32.450
93.153 56.580 33.879
93.153 56.580 34.640
93.432 55.658 33.879
93.432 55.658 34.640
93.549 55.274 31.371
93.549 55.274 32.450
93.577 4.876 32.006
93.577 4.876 33.140
93.618 55.043 27.371
93.618 55.043 28.640
93.851 54.275 30.006
93.851 54.275 30.640
93.940 4.986 28.506
93.940 4.986 29.640
93.940 4.986 34.506
93.940 4.986 35.640
94.023 53.709 27.371
94.023 53.709 28.640
94.023 53.709 33.371
94.023 53.709 34.640
94.037 38.998 1.400
94.038 38.961 1.400
94.038 39.035 1.400
94.039 38.957 1.400
94.039 39.039 1.400
94.043 38.924 1.400
94.043 39.072 1.400
94.044 38.917 1.400
94.045 39.079 1.400
94.051 38.888 1.400
94.051 39.108 1.400
94.054 38.878 1.400
94.054 39.118 1.400
94.062 38.852 1.400
94.062 39.143 1.400
94.067 38.840 1.400
94.067 39.155 1.400
94.076 38.818 1.400
94.076 39.177 1.400
94.083 38.805 1.400
94.083 39.191 1.400
94.084 53.507 30.006
94.084 53.507 30.640
94.093 39.210 1.400
94.094 38.785 1.400
94.102 38.771 1.400
94.102 39.224 1.400
94.113 38.754 1.400
94.113 39.242 1.400
94.123 38.741 1.400
94.123 39.255 1.400
94.136 38.725 1.400
94.136 39.271 1.400
94.146 38.713 1.400
94.146 39.283 1.400
94.161 38.697 1.400
94.161 39.298 1.400
94.171 38.688 1.400
94.171 39.308 1.400
94.177 39.017 0.700
94.178 38.984 0.700
94.178 39.051 0.700
94.183 38.951 0.700
94.183 39.084 0.700
94.188 38.672 1.400
94.188 39.323 1.400
94.191 38.919 0.700
94.191 39.116 0.700
94.196 38.666 1.400
94.196 39.330 1.400
94.202 38.888 0.700
94.202 39.147 0.700
94.215 38.858 0.700
94.215 39.177 0.700
94.218 38.650 1.400
94.218 39.346 1.400
94.223 38.646 1.400
94.223 39.349 1.400
94.230 39.204 0.700
94.231 38.831 0.700
94.248 38.806 0.700
94.248 39.229 0.700
94.249 38.630 1.400
94.249 39.366 1.400
94.256 52.940 35.506
94.256 52.940 36.140
94.267 38.783 0.700
94.267 39.252 0.700
94.277 38.615 1.400
94.277 39.380 1.400
94.282 38.613 1.400
94.282 39.383 1.400
94.287 38.762 0.700
94.287 39.273 0.700
94.307 38.602 1.400
94.307 39.393 1.400
94.308 38.744 0.700
94.308 39.291 0.700
94.316 38.598 1.400
94.316 39.397 1.400
94.317 39.037 0.000
94.318 39.011 0.000
94.318 39.013 0.000
94.318 39.061 0.000
94.318 39.064 0.000
94.321 38.989 0.000
94.321 39.085 0.000
94.322 38.985 0.000
94.322 39.090 0.000
94.326 38.966 0.000
94.326 39.108 0.000
94.328 38.959 0.000
94.328 39.115 0.000
94.330 38.728 0.700
94.330 39.307 0.700
94.333 38.943 0.000
94.333 39.131 0.000
94.336 38.935 0.000
94.336 39.139 0.000
94.338 39.404 1.400
94.339 38.591 1.400
94.342 38.921 0.000
94.342 39.153 0.000
94.347 38.912 0.000
94.347 39.162 0.000
94.352 38.587 1.400
94.352 39.408 1.400
94.353 38.900 0.000
94.353 39.175 0.000
94.359 38.891 0.000
94.359 39.184 0.000
94.366 38.879 0.000
94.366 39.195 0.000
94.372 38.582 1.400
94.372 39.413 1.400
94.373 38.871 0.000
94.373 39.204 0.000
94.374 38.702 0.700
94.374 39.333 0.700
94.381 38.860 0.000
94.381 39.214 0.000
94.388 38.579 1.400
94.388 38.853 0.000
94.388 39.222 0.000
94.388 39.416 1.400
94.397 38.843 0.000
94.397 39.232 0.000
94.399 9.668 1.400
94.399 38.692 0.700
94.399 39.343 0.700
94.400 9.667 1.400
94.401 9.631 1.400
94.401 9.635 1.400
94.401 9.698 1.400
94.401 9.705 1.400
94.403 39.238 0.000
94.404 9.603 1.400
94.404 38.837 0.000
94.405 9.730 1.400
94.406 9.594 1.400
94.406 9.742 1.400
94.408 38.576 1.400
94.408 39.419 1.400
94.410 9.570 1.400
94.411 9.763 1.400
94.413 9.558 1.400
94.414 9.529 0.700
94.414 9.578 0.700
94.415 9.778 1.400
94.415 38.826 0.000
94.415 39.248 0.000
94.417 9.503 0.700
94.417 9.604 0.700
94.420 9.536 1.400
94.420 38.822 0.000
94.420 39.252 0.000
94.421 9.797 1.400
94.422 9.477 0.700
94.422 9.630 0.700
94.424 9.522 1.400
94.424 39.421 1.400
94.425 38.574 1.400
94.425 38.683 0.700
94.425 39.352 0.700
94.426 9.813 1.400
94.427 9.440 0.000
94.428 9.416 0.000
94.428 9.421 0.000
94.428 9.460 0.000
94.428 9.464 0.000
94.429 9.450 0.700
94.429 9.657 0.700
94.430 9.401 0.000
94.430 9.480 0.000
94.431 9.393 0.000
94.432 9.488 0.000
94.432 9.502 1.400
94.433 9.831 1.400
94.434 9.380 0.000
94.434 9.501 0.000
94.434 38.812 0.000
94.434 39.262 0.000
94.436 9.369 0.000
94.437 9.512 0.000
94.437 38.810 0.000
94.437 39.265 0.000
94.438 9.424 0.700
94.438 9.488 1.400
94.439 9.359 0.000
94.439 9.683 0.700
94.440 9.521 0.000
94.440 9.847 1.400
94.444 9.346 0.000
94.444 9.535 0.000
94.445 38.573 1.400
94.445 39.422 1.400
94.447 9.338 0.000
94.447 9.542 0.000
94.448 9.468 1.400
94.449 9.864 1.400
94.450 9.397 0.700
94.451 9.710 0.700
94.453 9.324 0.000
94.453 9.557 0.000
94.453 38.675 0.700
94.453 39.360 0.700
94.454 38.799 0.000
94.454 39.275 0.000
94.455 9.455 1.400
94.456 9.317 0.000
94.457 9.563 0.000
94.458 9.880 1.400
94.462 38.573 1.400
94.462 39.423 1.400
94.464 9.303 0.000
94.464 9.371 0.700
94.465 9.578 0.000
94.466 9.736 0.700
94.467 9.297 0.000
94.467 9.435 1.400
94.468 9.584 0.000
94.469 9.897 1.400
94.472 38.790 0.000
94.472 39.285 0.000
94.475 9.424 1.400
94.475 38.788 0.000
94.475 39.286 0.000
94.477 9.283 0.000
94.478 9.598 0.000
94.478 9.911 1.400
94.481 9.277 0.000
94.482 9.345 0.700
94.482 9.604 0.000
94.483 9.762 0.700
94.483 38.573 1.400
94.483 38.670 0.700
94.483 39.365 0.700
94.483 39.422 1.400
94.489 52.172 27.371
94.489 52.172 28.640
94.489 52.172 33.371
94.489 52.172 34.640
94.489 52.172 35.506
94.489 52.172 36.140
94.490 9.403 1.400
94.491 9.264 0.000
94.491 9.929 1.400
94.491 38.781 0.000
94.491 39.293 0.000
94.492 9.617 0.000
94.496 9.258 0.000
94.497 9.394 1.400
94.497 9.623 0.000
94.498 38.779 0.000
94.498 39.296 0.000
94.499 38.574 1.400
94.499 39.421 1.400
94.501 9.321 0.700
94.501 9.940 1.400
94.503 9.786 0.700
94.507 9.246 0.000
94.508 9.635 0.000
94.512 38.774 0.000
94.512 39.300 0.000
94.513 38.668 0.700
94.513 39.367 0.700
94.514 9.240 0.000
94.515 9.641 0.000
94.516 9.373 1.400
94.518 9.959 1.400
94.520 38.772 0.000
94.520 39.303 0.000
94.522 9.367 1.400
94.522 38.577 1.400
94.522 39.418 1.400
94.523 9.298 0.700
94.525 9.230 0.000
94.525 9.808 0.700
94.526 9.651 0.000
94.526 9.967 1.400
94.533 9.223 0.000
94.534 9.657 0.000
94.534 38.768 0.000
94.534 39.306 0.000
94.535 38.579 1.400
94.535 39.416 1.400
94.544 9.215 0.000
94.544 38.766 0.000
94.544 39.308 0.000
94.545 9.345 1.400
94.545 9.665 0.000
94.545 38.668 0.700
94.545 39.367 0.700
94.547 9.277 0.700
94.547 9.987 1.400
94.549 9.341 1.400
94.549 9.829 0.700
94.553 9.209 0.000
94.553 9.992 1.400
94.555 9.672 0.000
94.557 38.764 0.000
94.557 39.310 0.000
94.561 38.585 1.400
94.561 39.411 1.400
94.564 9.202 0.000
94.566 9.678 0.000
94.568 38.763 0.000
94.568 39.311 0.000
94.571 39.408 1.400
94.572 38.587 1.400
94.574 9.258 0.700
94.575 9.196 0.000
94.576 9.848 0.700
94.577 9.320 1.400
94.577 9.684 0.000
94.577 38.671 0.700
94.577 39.364 0.700
94.579 9.319 1.400
94.579 10.012 1.400
94.581 38.762 0.000
94.581 39.312 0.000
94.583 10.015 1.400
94.585 9.191 0.000
94.587 9.689 0.000
94.592 38.762 0.000
94.592 39.312 0.000
94.598 9.185 0.000
94.599 5.812 38.896
94.600 9.695 0.000
94.600 38.596 1.400
94.600 39.399 1.400
94.602 9.242 0.700
94.604 9.864 0.700
94.606 38.763 0.000
94.606 39.312 0.000
94.607 38.598 1.400
94.607 39.397 1.400
94.608 9.182 0.000
94.609 9.698 0.000
94.609 38.677 0.700
94.609 39.358 0.700
94.610 9.298 1.400
94.611 9.298 1.400
94.613 10.034 1.400
94.614 10.034 1.400
94.616 38.763 0.000
94.616 39.311 0.000
94.622 9.177 0.000
94.623 9.703 0.000
94.630 9.174 0.000
94.631 9.229 0.700
94.631 38.765 0.000
94.631 39.309 0.000
94.632 9.705 0.000
94.633 9.877 0.700
94.638 38.611 1.400
94.638 39.384 1.400
94.639 38.766 0.000
94.639 39.308 0.000
94.641 38.613 1.400
94.641 38.687 0.700
94.641 39.348 0.700
94.641 39.383 1.400
94.643 9.281 1.400
94.646 9.170 0.000
94.647 9.279 1.400
94.647 10.051 1.400
94.648 9.709 0.000
94.649 10.052 1.400
94.654 9.169 0.000
94.655 9.711 0.000
94.656 38.770 0.000
94.656 39.304 0.000
94.661 9.218 0.700
94.663 9.888 0.700
94.663 38.772 0.000
94.663 39.303 0.000
94.670 9.167 0.000
94.672 9.713 0.000
94.672 38.699 0.700
94.672 39.336 0.700
94.674 38.630 1.400
94.674 39.366 1.400
94.677 9.267 1.400
94.678 9.166 0.000
94.679 9.714 0.000
94.681 38.777 0.000
94.681 39.297 0.000
94.682 10.065 1.400
94.685 9.264 1.400
94.686 38.779 0.000
94.686 39.296 0.000
94.687 10.067 1.400
94.692 9.210 0.700
94.694 9.165 0.000
94.694 9.895 0.700
94.696 9.714 0.000
94.699 5.843 38.371
94.699 5.843 39.423
94.701 9.165 0.000
94.701 39.320 0.700
94.702 38.714 0.700
94.703 9.715 0.000
94.705 38.650 1.400
94.705 39.346 1.400
94.706 38.787 0.000
94.706 39.287 0.000
94.708 38.652 1.400
94.708 38.788 0.000
94.708 39.286 0.000
94.708 39.344 1.400
94.712 9.255 1.400
94.715 5.221 32.006
94.715 5.221 33.140
94.715 5.221 34.506
94.715 5.221 35.640
94.717 10.076 1.400
94.718 9.165 0.000
94.720 9.714 0.000
94.723 9.205 0.700
94.724 9.253 1.400
94.725 5.850 38.231
94.725 5.850 39.563
94.725 9.166 0.000
94.725 9.900 0.700
94.726 10.078 1.400
94.727 9.713 0.000
94.729 38.799 0.000
94.729 39.275 0.000
94.730 38.733 0.700
94.730 39.302 0.700
94.735 38.672 1.400
94.735 39.323 1.400
94.740 38.677 1.400
94.740 39.318 1.400
94.741 9.167 0.000
94.742 9.712 0.000
94.748 9.247 1.400
94.749 9.169 0.000
94.749 38.812 0.000
94.749 39.262 0.000
94.751 9.710 0.000
94.751 38.813 0.000
94.751 39.261 0.000
94.753 9.203 0.700
94.753 10.084 1.400
94.755 9.902 0.700
94.756 38.753 0.700
94.756 39.282 0.700
94.762 38.697 1.400
94.762 39.298 1.400
94.763 9.171 0.000
94.763 9.245 1.400
94.764 9.708 0.000
94.765 10.086 1.400
94.768 38.827 0.000
94.768 39.248 0.000
94.769 38.705 1.400
94.769 39.291 1.400
94.772 38.830 0.000
94.772 39.245 0.000
94.773 5.238 38.896
94.773 9.174 0.000
94.774 9.705 0.000
94.780 38.776 0.700
94.780 39.259 0.700
94.783 9.203 0.700
94.784 9.177 0.000
94.785 9.242 1.400
94.785 9.702 0.000
94.785 9.902 0.700
94.786 38.843 0.000
94.786 39.232 0.000
94.787 38.725 1.400
94.787 39.271 1.400
94.790 10.089 1.400
94.791 38.848 0.000
94.791 39.227 0.000
94.795 38.735 1.400
94.795 39.261 1.400
94.796 9.181 0.000
94.797 9.698 0.000
94.801 9.241 1.400
94.801 39.234 0.700
94.802 38.801 0.700
94.802 38.860 0.000
94.802 39.214 0.000
94.803 9.184 0.000
94.804 10.090 1.400
94.805 9.695 0.000
94.808 38.867 0.000
94.808 39.207 0.000
94.810 38.754 1.400
94.810 39.241 1.400
94.812 9.206 0.700
94.814 9.899 0.700
94.817 38.879 0.000
94.817 39.195 0.000
94.818 9.190 0.000
94.818 38.767 1.400
94.818 39.229 1.400
94.819 9.688 0.000
94.820 38.827 0.700
94.820 39.208 0.700
94.822 9.192 0.000
94.822 9.240 1.400
94.822 38.888 0.000
94.822 39.187 0.000
94.823 9.686 0.000
94.827 10.090 1.400
94.830 38.785 1.400
94.830 38.900 0.000
94.830 39.175 0.000
94.830 39.210 1.400
94.835 38.909 0.000
94.835 39.165 0.000
94.836 38.854 0.700
94.836 39.181 0.700
94.837 38.800 1.400
94.837 39.196 1.400
94.839 9.201 0.000
94.840 9.211 0.700
94.840 9.241 1.400
94.840 9.677 0.000
94.841 38.921 0.000
94.841 39.153 0.000
94.842 9.893 0.700
94.842 10.090 1.400
94.845 38.931 0.000
94.845 39.144 0.000
94.847 38.818 1.400
94.847 39.177 1.400
94.849 38.882 0.700
94.849 39.153 0.700
94.850 38.943 0.000
94.850 39.131 0.000
94.853 38.833 1.400
94.853 38.953 0.000
94.853 39.122 0.000
94.853 39.162 1.400
94.856 9.211 0.000
94.857 9.667 0.000
94.857 38.966 0.000
94.857 39.108 0.000
94.859 9.214 0.000
94.859 9.242 1.400
94.859 38.974 0.000
94.859 39.100 0.000
94.859 39.125 0.700
94.860 38.910 0.700
94.861 9.664 0.000
94.861 38.852 1.400
94.861 39.143 1.400
94.862 38.989 0.000
94.862 39.085 0.000
94.863 39.078 0.000
94.864 10.088 1.400
94.864 38.996 0.000
94.866 38.867 1.400
94.866 39.013 0.000
94.866 39.017 0.000
94.866 39.057 0.000
94.866 39.061 0.000
94.866 39.128 1.400
94.867 9.218 0.700
94.867 38.938 0.700
94.867 39.037 0.000
94.867 39.097 0.700
94.869 9.886 0.700
94.872 9.223 0.000
94.872 38.888 1.400
94.872 39.108 1.400
94.873 5.268 38.371
94.873 5.268 39.423
94.873 9.655 0.000
94.873 38.965 0.700
94.873 39.070 0.700
94.875 38.901 1.400
94.875 39.094 1.400
94.876 38.992 0.700
94.876 39.043 0.700
94.877 9.244 1.400
94.878 9.228 0.000
94.879 10.086 1.400
94.880 9.650 0.000
94.880 38.924 1.400
94.880 39.071 1.400
94.882 38.934 1.400
94.882 39.061 1.400
94.885 38.961 1.400
94.885 38.966 1.400
94.885 39.029 1.400
94.885 39.035 1.400
94.886 38.998 1.400
94.888 9.237 0.000
94.889 9.641 0.000
94.892 9.227 0.700
94.894 9.877 0.700
94.894 50.838 28.006
94.894 50.838 28.640
94.894 50.838 29.371
94.894 50.838 30.640
94.894 50.838 33.371
94.894 50.838 34.006
94.894 50.838 35.371
94.894 50.838 36.006
94.896 9.245 0.000
94.896 9.246 1.400
94.897 9.633 0.000
94.899 5.276 38.231
94.899 5.276 39.563
94.901 10.083 1.400
94.903 9.252 0.000
94.904 9.626 0.000
94.912 9.250 1.400
94.912 9.262 0.000
94.913 9.616 0.000
94.915 10.080 1.400
94.916 9.237 0.700
94.917 9.867 0.700
94.918 9.269 0.000
94.919 9.609 0.000
94.923 5.910 37.928
94.926 5.912 39.871
94.927 9.281 0.000
94.928 9.597 0.000
94.931 9.287 0.000
94.932 9.254 1.400
94.932 9.590 0.000
94.937 10.075 1.400
94.940 9.301 0.000
94.941 9.576 0.000
94.944 9.308 0.000
94.944 9.570 0.000
94.946 9.258 1.400
94.949 10.071 1.400
94.951 9.323 0.000
94.952 9.555 0.000
94.954 9.329 0.000
94.955 9.548 0.000
94.958 9.262 0.700
94.960 9.345 0.000
94.960 9.842 0.700
94.961 9.533 0.000
94.963 9.352 0.000
94.964 9.525 0.000
94.967 9.265 1.400
94.968 9.368 0.000
94.968 9.510 0.000
94.970 9.376 0.000
94.970 9.501 0.000
94.972 10.064 1.400
94.973 9.391 0.000
94.973 9.487 0.000
94.975 9.401 0.000
94.975 9.477 0.000
94.976 9.415 0.000
94.976 9.463 0.000
94.977 9.426 0.000
94.977 9.439 0.000
94.977 9.451 0.000
94.978 9.269 1.400
94.979 9.277 0.700
94.981 9.826 0.700
94.981 10.060 1.400
94.994 5.932 38.896
95.000 9.294 0.700
95.001 9.809 0.700
95.002 9.279 1.400
95.006 10.049 1.400
95.008 9.282 1.400
95.010 10.047 1.400
95.019 9.314 0.700
95.021 9.790 0.700
95.035 9.296 1.400
95.036 9.297 1.400
95.038 9.335 0.700
95.038 10.032 1.400
95.039 9.768 0.700
95.039 10.032 1.400
95.055 9.359 0.700
95.056 9.744 0.700
95.061 9.312 1.400
95.063 10.016 1.400
95.066 9.316 1.400
95.070 9.384 0.700
95.070 10.012 1.400
95.071 9.718 0.700
95.084 9.412 0.700
95.085 9.691 0.700
95.087 9.331 1.400
95.089 9.998 1.400
95.092 5.962 38.371
95.092 5.962 39.423
95.094 5.963 37.665
95.094 5.963 40.129
95.095 9.441 0.700
95.096 9.338 1.400
95.096 9.662 0.700
95.097 5.336 37.928
95.100 5.337 39.871
95.100 9.989 1.400
95.104 9.472 0.700
95.104 9.631 0.700
95.110 9.503 0.700
95.110 9.600 0.700
95.111 9.352 1.400
95.113 9.535 0.700
95.113 9.567 0.700
95.113 9.977 1.400
95.123 9.363 1.400
95.127 9.964 1.400
95.127 50.070 28.006
95.127 50.070 28.640
95.127 50.070 33.371
95.127 50.070 34.006
95.127 50.070 35.371
95.127 50.070 36.006
95.135 9.375 1.400
95.137 9.953 1.400
95.148 5.979 37.629
95.148 9.390 1.400
95.151 5.980 40.168
95.152 9.936 1.400
95.157 9.401 1.400
95.159 9.927 1.400
95.168 5.358 38.896
95.171 9.419 1.400
95.174 9.907 1.400
95.178 9.430 1.400
95.180 5.988 39.563
95.180 9.898 1.400
95.181 5.989 38.231
95.191 9.450 1.400
95.194 9.875 1.400
95.197 9.461 1.400
95.198 9.867 1.400
95.208 9.483 1.400
95.211 9.842 1.400
95.214 9.495 1.400
95.215 9.833 1.400
95.223 9.517 1.400
95.225 9.808 1.400
95.227 9.530 1.400
95.228 9.798 1.400
95.234 9.553 1.400
95.236 9.773 1.400
95.238 9.567 1.400
95.238 9.761 1.400
95.242 9.589 1.400
95.243 9.736 1.400
95.245 9.605 1.400
95.245 9.722 1.400
95.248 9.626 1.400
95.248 9.700 1.400
95.249 9.644 1.400
95.249 9.663 1.400
95.249 9.683 1.400
95.266 5.387 38.371
95.266 5.387 39.423
95.269 5.388 37.665
95.269 5.388 40.129
95.303 6.026 37.523
95.303 6.026 40.271
95.322 5.404 37.629
95.325 5.405 40.168
95.354 5.414 39.563
95.355 5.414 38.231
95.359 49.301 29.371
95.359 49.301 30.640
95.376 6.048 37.928
95.376 6.048 39.871
95.398 5.428 28.187
95.398 5.428 28.640
95.477 5.452 37.523
95.477 5.452 40.271
95.550 5.474 37.928
95.550 5.474 39.871
95.644 6.129 37.291
95.644 6.129 40.503
95.740 6.158 40.129
95.744 6.160 37.665
95.764 47.967 33.371
95.764 47.967 34.640
95.796 6.175 37.629
95.796 6.175 40.168
95.818 5.555 37.291
95.818 5.555 40.503
95.853 5.566 28.187
95.853 5.566 28.640
95.853 5.566 32.006
95.853 5.566 33.140
95.853 5.566 34.506
95.853 5.566 35.640
95.881 47.583 27.371
95.881 47.583 28.323
95.914 5.584 40.129
95.918 5.585 37.665
95.970 5.601 37.629
95.970 5.601 40.168
95.997 47.199 30.006
95.997 47.199 30.640
96.044 47.045 31.371
96.044 47.045 31.879
96.230 46.430 27.371
96.230 46.430 28.323
96.230 46.430 30.006
96.230 46.430 30.640
96.230 46.430 31.371
96.230 46.430 31.879
96.230 46.430 33.371
96.230 46.430 34.640
96.296 6.327 37.523
96.296 6.327 40.271
96.296 6.327 40.640
96.297 6.327 37.153
96.297 6.327 40.640
96.470 5.752 37.523
96.470 5.752 40.271
96.470 5.753 40.640
96.471 5.753 37.153
96.471 5.753 40.640
96.623 13.774 26.000
96.625 13.737 26.000
96.625 13.811 26.000
96.629 5.801 28.506
96.629 5.801 29.640
96.629 13.700 26.000
96.630 13.848 26.000
96.637 13.664 26.000
96.638 13.884 26.000
96.648 13.629 26.000
96.650 13.919 26.000
96.662 13.594 26.000
96.664 13.953 26.000
96.679 13.561 26.000
96.682 13.986 26.000
96.699 13.530 26.000
96.702 14.017 26.000
96.721 13.500 26.000
96.724 14.047 26.000
96.746 13.473 26.000
96.750 14.074 26.000
96.773 13.448 26.000
96.777 14.099 26.000
96.796 6.478 37.629
96.796 6.478 40.168
96.802 13.425 26.000
96.807 14.121 26.000
96.834 13.405 26.000
96.838 14.141 26.000
96.848 6.494 37.665
96.851 6.495 40.129
96.866 13.387 26.000
96.871 14.158 26.000
96.900 13.373 26.000
96.905 14.172 26.000
96.914 44.174 29.371
96.914 44.174 29.879
96.914 44.174 31.371
96.914 44.174 33.402
96.936 13.362 26.000
96.941 14.183 26.000
96.949 6.525 37.291
96.949 6.525 40.503
96.970 5.904 37.629
96.970 5.904 40.168
96.972 13.353 26.000
96.977 14.190 26.000
97.009 13.348 26.000
97.014 14.195 26.000
97.022 5.919 37.665
97.025 5.921 40.129
97.046 13.346 26.000
97.051 14.196 26.000
97.083 13.348 26.000
97.088 14.195 26.000
97.100 43.559 29.371
97.100 43.559 29.879
97.100 43.559 31.371
97.100 43.559 33.402
97.120 13.352 26.000
97.123 5.951 37.291
97.123 5.951 40.503
97.125 14.189 26.000
97.156 13.360 26.000
97.161 14.181 26.000
97.191 13.371 26.000
97.196 14.170 26.000
97.217 6.606 37.928
97.217 6.606 39.871
97.225 13.385 26.000
97.230 14.155 26.000
97.258 13.402 26.000
97.263 14.138 26.000
97.290 6.628 37.523
97.290 6.628 40.271
97.290 13.422 26.000
97.294 14.118 26.000
97.312 6.008 32.187
97.312 6.008 32.640
97.319 13.444 26.000
97.323 14.095 26.000
97.347 13.469 26.000
97.351 14.070 26.000
97.372 13.496 26.000
97.375 14.043 26.000
97.391 6.031 37.928
97.391 6.031 39.871
97.395 13.526 26.000
97.398 14.013 26.000
97.411 6.665 38.231
97.412 6.665 39.563
97.415 13.557 26.000
97.418 13.982 26.000
97.427 15.268 26.000
97.429 15.231 26.000
97.429 15.305 26.000
97.432 13.589 26.000
97.434 13.949 26.000
97.434 15.195 26.000
97.434 15.342 26.000
97.442 6.674 40.168
97.442 15.158 26.000
97.442 15.378 26.000
97.445 6.675 37.629
97.447 13.624 26.000
97.448 13.914 26.000
97.453 15.123 26.000
97.453 15.414 26.000
97.458 13.659 26.000
97.459 13.879 26.000
97.464 6.054 37.523
97.464 6.054 40.271
97.466 13.695 26.000
97.467 13.843 26.000
97.467 15.089 26.000
97.468 15.448 26.000
97.471 13.732 26.000
97.472 13.806 26.000
97.473 13.769 26.000
97.484 15.056 26.000
97.485 15.481 26.000
97.499 6.691 37.665
97.499 6.691 40.129
97.501 6.692 38.371
97.501 6.692 39.423
97.503 15.024 26.000
97.505 15.512 26.000
97.505 42.225 27.371
97.505 42.225 28.640
97.526 14.995 26.000
97.528 15.541 26.000
97.551 14.968 26.000
97.553 15.568 26.000
97.578 14.942 26.000
97.580 15.593 26.000
97.585 6.091 38.231
97.586 6.091 39.563
97.599 6.722 38.896
97.608 14.920 26.000
97.610 15.616 26.000
97.616 6.100 40.168
97.619 6.101 37.629
97.622 41.841 33.371
97.622 41.841 34.323
97.622 41.841 35.371
97.622 41.841 36.323
97.639 14.900 26.000
97.641 15.636 26.000
97.667 6.743 39.871
97.671 6.743 37.928
97.672 14.882 26.000
97.673 6.117 37.665
97.673 6.117 40.129
97.674 15.653 26.000
97.675 6.118 38.371
97.675 6.118 39.423
97.706 14.868 26.000
97.708 15.667 26.000
97.741 14.857 26.000
97.744 15.678 26.000
97.767 6.146 28.506
97.767 6.146 29.640
97.767 6.146 32.187
97.767 6.146 32.640
97.773 6.147 38.896
97.777 14.849 26.000
97.780 15.686 26.000
97.785 41.303 29.371
97.785 41.303 29.879
97.814 14.844 26.000
97.817 15.691 26.000
97.841 6.168 39.871
97.845 6.169 37.928
97.851 14.842 26.000
97.854 15.692 26.000
97.869 6.803 38.231
97.869 6.803 39.563
97.888 14.844 26.000
97.891 15.690 26.000
97.895 6.811 38.371
97.895 6.811 39.423
97.925 14.848 26.000
97.927 15.685 26.000
97.961 14.856 26.000
97.964 15.677 26.000
97.971 40.689 27.371
97.971 40.689 28.640
97.971 40.689 29.371
97.971 40.689 29.879
97.971 40.689 33.371
97.971 40.689 34.323
97.971 40.689 35.371
97.971 40.689 36.323
97.995 6.842 38.896
97.997 14.867 26.000
97.999 15.666 26.000
98.031 14.881 26.000
98.033 15.652 26.000
98.043 6.229 38.231
98.043 6.229 39.563
98.064 14.898 26.000
98.066 15.634 26.000
98.069 6.237 38.371
98.069 6.237 39.423
98.095 14.918 26.000
98.097 15.614 26.000
98.125 14.941 26.000
98.126 15.592 26.000
98.152 14.966 26.000
98.154 15.567 26.000
98.169 6.267 38.896
98.177 14.993 26.000
98.179 15.539 26.000
98.200 15.022 26.000
98.201 15.510 26.000
98.220 15.053 26.000
98.221 15.478 26.000
98.237 15.086 26.000
98.238 15.445 26.000
98.251 15.120 26.000
98.252 15.411 26.000
98.262 15.156 26.000
98.263 15.376 26.000
98.271 15.192 26.000
98.271 15.340 26.000
98.276 15.229 26.000
98.276 15.303 26.000
98.277 15.266 26.000
98.376 39.354 27.371
98.376 39.354 28.640
98.376 39.354 29.689
98.376 39.354 30.640
98.376 39.354 33.689
98.376 39.354 34.640
98.468 6.985 38.886
98.474 6.987 38.857
98.542 6.381 27.906
98.542 6.381 29.040
98.562 7.014 39.400
98.569 7.016 38.319
98.585 7.020 38.233
98.599 7.025 39.606
98.609 38.586 32.006
98.609 38.586 32.640
98.642 6.411 38.886
98.648 6.413 38.857
98.706 7.057 39.766
98.725 38.202 29.689
98.725 38.202 30.640
98.725 38.202 33.689
98.725 38.202 34.640
98.736 6.439 39.400
98.743 6.441 38.319
98.759 6.446 38.233
98.773 6.451 39.606
98.776 7.078 39.871
98.795 7.084 37.898
98.827 6.467 34.506
98.827 6.467 35.357
98.828 7.094 37.846
98.841 37.818 27.371
98.841 37.818 28.640
98.841 37.818 32.006
98.841 37.818 32.640
98.847 7.100 39.976
98.863 7.105 38.857
98.867 7.106 38.886
98.880 6.483 39.766
98.930 7.125 37.684
98.944 7.129 39.400
98.950 6.504 39.871
98.966 7.136 40.154
98.967 7.136 38.319
98.969 6.510 37.898
98.988 7.143 40.169
99.002 6.520 37.846
99.016 7.151 37.621
99.021 6.526 39.976
99.025 7.154 38.233
99.029 7.155 40.196
99.037 6.530 38.857
99.041 6.532 38.886
99.043 7.159 37.602
99.068 7.167 39.606
99.104 6.550 37.684
99.112 6.553 31.506
99.112 6.553 32.073
99.118 6.555 39.400
99.140 6.562 40.154
99.141 6.562 38.319
99.146 7.190 40.276
99.160 7.195 40.286
99.162 6.568 40.169
99.163 7.196 37.515
99.165 7.196 39.766
99.166 7.197 37.512
99.190 6.577 37.621
99.199 6.580 38.233
99.203 6.581 40.196
99.217 6.585 37.602
99.228 7.216 39.871
99.242 6.592 39.606
99.252 7.223 37.898
99.318 7.243 40.394
99.320 6.616 40.276
99.328 7.246 37.846
99.330 7.246 37.394
99.334 6.620 40.286
99.337 6.622 37.515
99.339 6.622 39.766
99.340 6.622 37.512
99.363 36.099 29.371
99.363 36.099 30.323
99.376 7.260 39.976
99.402 6.641 39.871
99.426 6.648 37.898
99.472 7.290 37.292
99.479 35.715 28.006
99.479 35.715 28.640
99.492 6.668 40.394
99.502 6.672 37.846
99.504 6.672 37.394
99.507 7.300 40.522
99.549 35.484 32.196
99.549 35.484 33.275
99.550 6.686 39.976
99.570 7.319 37.684
99.624 7.336 40.154
99.625 7.336 40.154
99.639 19.380 1.400
99.639 19.381 1.400
99.640 19.344 1.400
99.640 19.418 1.400
99.641 19.339 1.400
99.641 19.421 1.400
99.645 19.308 1.400
99.645 19.455 1.400
99.646 6.715 37.292
99.646 7.342 40.169
99.647 19.299 1.400
99.647 19.461 1.400
99.653 19.271 1.400
99.653 19.491 1.400
99.656 19.260 1.400
99.656 19.500 1.400
99.663 7.347 37.621
99.664 7.347 37.621
99.664 19.236 1.400
99.665 19.527 1.400
99.669 19.222 1.400
99.669 19.538 1.400
99.678 19.202 1.400
99.679 19.561 1.400
99.681 6.726 27.906
99.681 6.726 29.040
99.681 6.726 31.506
99.681 6.726 32.073
99.681 6.726 34.506
99.681 6.726 35.357
99.681 6.726 40.522
99.685 19.187 1.400
99.685 19.573 1.400
99.692 7.356 37.602
99.695 19.169 1.400
99.696 19.594 1.400
99.704 19.154 1.400
99.704 19.606 1.400
99.712 34.947 28.006
99.712 34.947 28.640
99.712 34.947 29.371
99.712 34.947 30.323
99.715 19.137 1.400
99.716 19.625 1.400
99.725 19.123 1.400
99.725 19.637 1.400
99.737 19.108 1.400
99.739 19.654 1.400
99.744 6.745 37.684
99.748 19.095 1.400
99.748 19.665 1.400
99.752 7.374 37.228
99.762 19.081 1.400
99.764 19.681 1.400
99.766 7.378 40.573
99.773 7.381 40.196
99.773 19.070 1.400
99.773 19.690 1.400
99.774 19.493 0.700
99.776 19.459 0.700
99.776 19.527 0.700
99.781 19.426 0.700
99.781 19.560 0.700
99.789 19.055 1.400
99.789 19.394 0.700
99.789 19.592 0.700
99.791 19.706 1.400
99.798 6.761 40.154
99.798 19.048 1.400
99.798 19.712 1.400
99.799 6.762 40.154
99.799 19.363 0.700
99.799 19.623 0.700
99.813 19.334 0.700
99.813 19.652 0.700
99.819 19.033 1.400
99.820 6.768 40.169
99.821 19.729 1.400
99.825 19.029 1.400
99.825 19.731 1.400
99.828 19.307 0.700
99.828 19.680 0.700
99.837 6.773 37.621
99.838 6.773 37.621
99.846 19.281 0.700
99.846 19.705 0.700
99.850 19.013 1.400
99.851 19.012 1.400
99.851 19.748 1.400
99.852 19.749 1.400
99.865 19.258 0.700
99.865 19.728 0.700
99.866 6.782 37.602
99.879 18.998 1.400
99.879 19.763 1.400
99.883 18.995 1.400
99.885 19.238 0.700
99.885 19.748 0.700
99.885 19.766 1.400
99.906 19.220 0.700
99.906 19.766 0.700
99.909 18.984 1.400
99.909 19.776 1.400
99.910 19.606 0.000
99.911 19.580 0.000
99.911 19.582 0.000
99.911 19.630 0.000
99.911 19.632 0.000
99.914 19.558 0.000
99.914 19.654 0.000
99.915 19.554 0.000
99.915 19.658 0.000
99.917 18.981 1.400
99.919 19.535 0.000
99.919 19.677 0.000
99.919 19.780 1.400
99.921 19.528 0.000
99.921 19.684 0.000
99.926 6.800 37.228
99.927 19.512 0.000
99.927 19.700 0.000
99.927 19.782 0.700
99.928 19.204 0.700
99.930 19.504 0.000
99.930 19.708 0.000
99.936 19.490 0.000
99.936 19.722 0.000
99.940 6.804 40.573
99.940 19.481 0.000
99.940 19.731 0.000
99.941 18.973 1.400
99.941 19.787 1.400
99.945 34.178 32.196
99.945 34.178 33.275
99.947 6.806 40.196
99.947 19.469 0.000
99.947 19.744 0.000
99.952 18.970 1.400
99.952 19.459 0.000
99.952 19.753 0.000
99.955 19.791 1.400
99.960 19.448 0.000
99.960 19.764 0.000
99.966 19.440 0.000
99.966 19.772 0.000
99.972 19.178 0.700
99.972 19.808 0.700
99.974 18.965 1.400
99.974 19.429 0.000
99.974 19.783 0.000
99.974 19.795 1.400
99.981 19.422 0.000
99.981 19.790 0.000
99.988 18.962 1.400
99.991 19.412 0.000
99.991 19.799 1.400
99.991 19.800 0.000
99.997 19.167 0.700
99.997 19.405 0.000
99.997 19.807 0.000
99.997 19.819 0.700
100.008 19.395 0.000
100.008 19.817 0.000
100.010 18.959 1.400
100.010 19.801 1.400
100.013 19.391 0.000
100.013 19.821 0.000
100.023 19.158 0.700
100.023 19.828 0.700
100.025 18.957 1.400
100.027 19.381 0.000
100.027 19.831 0.000
100.028 19.803 1.400
100.030 19.379 0.000
100.030 19.833 0.000
100.047 18.956 1.400
100.047 19.805 1.400
100.048 19.368 0.000
100.048 19.844 0.000
100.051 19.151 0.700
100.051 19.835 0.700
100.062 18.955 1.400
100.065 19.358 0.000
100.065 19.805 1.400
100.065 19.854 0.000
100.069 7.470 37.154
100.069 19.357 0.000
100.069 19.855 0.000
100.080 19.146 0.700
100.080 19.840 0.700
100.085 18.956 1.400
100.085 19.350 0.000
100.085 19.804 1.400
100.085 19.862 0.000
100.091 19.348 0.000
100.091 19.864 0.000
100.099 7.479 40.640
100.099 18.957 1.400
100.100 7.480 40.640
100.102 19.803 1.400
100.105 19.343 0.000
100.105 19.869 0.000
100.111 19.143 0.700
100.111 19.843 0.700
100.114 19.340 0.000
100.114 19.872 0.000
100.117 33.612 33.371
100.117 33.612 34.640
100.124 18.960 1.400
100.124 19.800 1.400
100.127 19.337 0.000
100.127 19.875 0.000
100.135 7.490 40.276
100.136 18.961 1.400
100.137 19.335 0.000
100.137 19.877 0.000
100.139 19.798 1.400
100.142 19.144 0.700
100.142 19.842 0.700
100.150 19.333 0.000
100.150 19.879 0.000
100.161 19.332 0.000
100.161 19.880 0.000
100.163 18.967 1.400
100.163 19.793 1.400
100.172 18.969 1.400
100.174 19.147 0.700
100.174 19.331 0.000
100.174 19.839 0.700
100.174 19.881 0.000
100.175 19.790 1.400
100.185 19.331 0.000
100.185 19.881 0.000
100.199 19.331 0.000
100.199 19.881 0.000
100.202 18.978 1.400
100.202 19.782 1.400
100.206 19.153 0.700
100.206 19.833 0.700
100.208 18.980 1.400
100.209 19.332 0.000
100.209 19.880 0.000
100.210 19.779 1.400
100.220 7.516 37.515
100.224 19.334 0.000
100.224 19.878 0.000
100.233 19.335 0.000
100.233 19.877 0.000
100.233 33.228 35.371
100.233 33.228 36.323
100.238 19.162 0.700
100.238 19.824 0.700
100.240 18.993 1.400
100.240 19.767 1.400
100.242 18.994 1.400
100.243 6.896 37.154
100.244 19.765 1.400
100.250 19.339 0.000
100.250 19.873 0.000
100.256 19.340 0.000
100.256 19.872 0.000
100.269 19.175 0.700
100.269 19.811 0.700
100.273 6.905 40.640
100.274 6.906 40.640
100.275 19.011 1.400
100.275 19.346 0.000
100.275 19.866 0.000
100.276 19.012 1.400
100.276 19.748 1.400
100.277 19.747 1.400
100.279 19.348 0.000
100.279 19.864 0.000
100.299 19.190 0.700
100.299 19.356 0.000
100.299 19.796 0.700
100.299 19.856 0.000
100.301 19.357 0.000
100.301 19.855 0.000
100.306 19.031 1.400
100.308 19.727 1.400
100.309 6.916 40.276
100.310 19.034 1.400
100.310 19.726 1.400
100.322 19.368 0.000
100.322 19.844 0.000
100.327 19.208 0.700
100.327 19.778 0.700
100.336 19.054 1.400
100.338 19.705 1.400
100.342 19.059 1.400
100.342 19.701 1.400
100.343 19.381 0.000
100.343 19.831 0.000
100.345 19.382 0.000
100.345 19.830 0.000
100.350 32.844 28.006
100.350 32.844 28.640
100.354 19.229 0.700
100.354 19.757 0.700
100.362 19.395 0.000
100.362 19.817 0.000
100.363 19.079 1.400
100.365 19.398 0.000
100.365 19.680 1.400
100.365 19.814 0.000
100.371 19.087 1.400
100.371 19.673 1.400
100.378 19.252 0.700
100.378 19.734 0.700
100.379 19.412 0.000
100.379 19.800 0.000
100.384 19.416 0.000
100.384 19.795 0.000
100.388 19.106 1.400
100.390 19.652 1.400
100.394 6.942 37.515
100.396 19.429 0.000
100.396 19.783 0.000
100.396 32.690 31.371
100.396 32.690 31.879
100.397 19.117 1.400
100.397 19.643 1.400
100.399 19.277 0.700
100.399 19.709 0.700
100.401 19.436 0.000
100.401 19.776 0.000
100.410 19.448 0.000
100.410 19.764 0.000
100.411 19.135 1.400
100.412 19.623 1.400
100.416 19.456 0.000
100.416 19.756 0.000
100.418 19.303 0.700
100.418 19.683 0.700
100.420 19.149 1.400
100.420 19.611 1.400
100.423 19.469 0.000
100.423 19.743 0.000
100.428 19.478 0.000
100.428 19.734 0.000
100.431 19.166 1.400
100.432 19.591 1.400
100.434 19.330 0.700
100.434 19.490 0.000
100.434 19.656 0.700
100.434 19.722 0.000
100.439 19.182 1.400
100.439 19.500 0.000
100.439 19.578 1.400
100.439 19.712 0.000
100.443 19.512 0.000
100.443 19.700 0.000
100.447 19.358 0.700
100.447 19.521 0.000
100.447 19.628 0.700
100.447 19.690 0.000
100.448 19.199 1.400
100.449 19.558 1.400
100.451 19.535 0.000
100.451 19.677 0.000
100.453 19.543 0.000
100.453 19.669 0.000
100.455 19.216 1.400
100.455 19.544 1.400
100.456 6.961 28.506
100.456 6.961 29.640
100.456 6.961 35.006
100.456 6.961 36.140
100.456 19.558 0.000
100.456 19.654 0.000
100.457 19.385 0.700
100.457 19.565 0.000
100.457 19.600 0.700
100.457 19.647 0.000
100.459 19.582 0.000
100.459 19.586 0.000
100.459 19.626 0.000
100.459 19.630 0.000
100.460 19.606 0.000
100.462 19.233 1.400
100.463 19.524 1.400
100.465 19.413 0.700
100.465 19.573 0.700
100.468 19.249 1.400
100.468 19.511 1.400
100.470 19.441 0.700
100.470 19.545 0.700
100.473 19.467 0.700
100.473 19.519 0.700
100.474 19.269 1.400
100.474 19.489 1.400
100.477 19.283 1.400
100.477 19.477 1.400
100.482 19.305 1.400
100.482 19.453 1.400
100.484 19.316 1.400
100.484 19.444 1.400
100.487 19.342 1.400
100.487 19.349 1.400
100.487 19.411 1.400
100.487 19.416 1.400
100.488 19.379 1.400
100.488 19.380 1.400
100.583 32.076 28.006
100.583 32.076 28.640
100.583 32.076 31.371
100.583 32.076 31.879
100.583 32.076 33.371
100.583 32.076 34.640
100.583 32.076 35.371
100.583 32.076 36.323
100.584 7.626 37.602
100.602 7.632 40.196
100.623 7.638 37.228
100.630 7.641 40.573
100.650 7.646 40.169
100.665 7.651 37.621
100.675 7.654 40.154
100.744 7.675 40.522
100.758 7.052 37.602
100.760 7.680 37.684
100.776 7.057 40.196
100.776 7.685 37.292
100.797 7.064 37.228
100.804 7.066 40.573
100.824 7.072 40.169
100.839 7.077 37.621
100.849 7.079 40.154
100.918 7.101 40.522
100.934 7.105 37.684
100.950 7.110 37.292
100.976 7.745 39.976
100.987 30.741 35.371
100.987 30.741 36.323
101.008 7.755 37.846
101.018 7.758 37.394
101.029 7.761 40.394
101.057 7.770 37.898
101.080 30.434 27.371
101.080 30.434 28.387
101.085 7.778 39.871
101.104 30.357 33.371
101.104 30.357 34.323
101.150 7.171 39.976
101.182 7.181 37.846
101.192 7.184 37.394
101.193 7.811 37.512
101.193 7.811 37.515
101.193 7.811 37.602
101.193 7.811 37.621
101.193 7.811 37.684
101.193 7.811 37.846
101.193 7.811 37.898
101.193 7.811 38.041
101.193 7.811 39.766
101.193 7.811 39.871
101.193 7.811 39.976
101.193 7.811 40.154
101.193 7.811 40.169
101.193 7.811 40.196
101.193 7.811 40.276
101.193 7.811 40.286
101.203 7.187 40.394
101.220 29.973 30.006
101.220 29.973 30.640
101.231 7.195 37.898
101.259 7.204 39.871
101.337 29.589 35.371
101.337 29.589 36.323
101.367 7.237 37.512
101.367 7.237 37.515
101.367 7.237 37.602
101.367 7.237 37.621
101.367 7.237 37.684
101.367 7.237 37.846
101.367 7.237 37.898
101.367 7.237 38.041
101.367 7.237 39.766
101.367 7.237 39.871
101.367 7.237 39.976
101.367 7.237 40.154
101.367 7.237 40.169
101.367 7.237 40.196
101.367 7.237 40.276
101.367 7.237 40.286
101.399 7.874 37.240
101.453 29.205 27.371
101.453 29.205 28.387
101.453 29.205 30.006
101.453 29.205 30.640
101.453 29.205 33.371
101.453 29.205 34.323
101.573 7.299 37.240
101.595 7.306 28.506
101.595 7.306 29.640
101.595 7.306 35.006
101.595 7.306 36.140
101.808 7.998 37.240
101.826 8.003 38.260
101.858 27.870 27.371
101.858 27.870 28.640
101.858 27.870 33.371
101.858 27.870 34.640
101.966 8.045 38.596
101.982 7.423 37.240
102.000 7.429 38.260
102.140 7.471 38.596
102.222 8.123 38.260
102.262 26.536 30.640
102.262 26.536 31.275
102.324 26.334 27.371
102.324 26.334 28.640
102.324 26.334 33.371
102.324 26.334 34.640
102.333 8.156 38.596
102.370 7.541 27.006
102.370 7.541 28.140
102.370 7.541 34.506
102.370 7.541 35.640
102.396 7.548 38.260
102.479 8.201 39.821
102.495 25.768 30.640
102.495 25.768 31.275
102.507 7.582 38.596
102.653 7.626 39.821
102.728 25.000 27.371
102.728 25.000 28.640
102.728 25.000 33.371
102.728 25.000 34.640
102.821 24.692 31.371
102.821 24.692 32.387
102.844 8.312 39.821
102.844 8.312 40.694
102.939 7.713 31.506
102.939 7.713 32.073
103.018 7.737 39.821
103.018 7.737 40.694
103.194 23.463 27.371
103.194 23.463 28.640
103.194 23.463 31.371
103.194 23.463 32.387
103.194 23.463 33.371
103.194 23.463 34.640
103.208 8.422 39.821
103.209 8.422 39.821
103.349 8.465 38.596
103.382 7.848 39.821
103.383 7.848 39.821
103.464 8.499 38.260
103.508 7.886 27.006
103.508 7.886 28.140
103.508 7.886 31.506
103.508 7.886 32.073
103.508 7.886 34.506
103.508 7.886 35.640
103.523 7.890 38.596
103.638 7.925 38.260
103.721 8.577 38.596
103.861 8.620 38.260
103.878 8.625 37.240
103.878 21.207 33.371
103.878 21.207 33.879
103.895 8.003 38.596
104.035 8.045 38.260
104.052 8.051 37.240
104.065 20.593 33.371
104.065 20.593 33.879
104.284 8.121 32.206
104.284 8.121 33.340
104.288 8.749 37.240
104.462 8.175 37.240
104.469 19.258 29.371
104.469 19.258 30.640
104.568 8.207 28.789
104.568 8.207 29.640
104.614 8.848 37.240
104.614 8.848 37.253
104.614 8.848 37.398
104.614 8.848 37.612
104.614 8.848 37.623
104.614 8.848 37.735
104.614 8.848 37.758
104.614 8.848 38.014
104.614 8.848 38.288
104.614 8.848 38.427
104.614 8.848 38.900
104.614 8.848 38.902
104.614 8.848 39.379
104.614 8.848 39.512
104.614 8.848 39.791
104.614 8.848 40.043
104.614 8.848 40.071
104.614 8.848 40.182
104.614 8.848 40.196
104.614 8.848 40.402
104.614 8.848 40.547
104.614 8.848 40.564
104.749 18.336 31.371
104.749 18.336 31.879
104.788 8.273 37.240
104.788 8.273 37.253
104.788 8.273 37.398
104.788 8.273 37.612
104.788 8.273 37.623
104.788 8.273 37.735
104.788 8.273 37.758
104.788 8.273 38.014
104.788 8.273 38.288
104.788 8.273 38.427
104.788 8.273 38.900
104.788 8.273 38.902
104.788 8.273 39.379
104.788 8.273 39.512
104.788 8.273 39.791
104.788 8.273 40.043
104.788 8.273 40.071
104.788 8.273 40.182
104.788 8.273 40.196
104.788 8.273 40.402
104.788 8.273 40.547
104.788 8.273 40.564
104.935 17.722 29.371
104.935 17.722 30.640
104.935 17.722 31.371
104.935 17.722 31.879
104.996 8.964 37.612
104.996 8.964 37.623
104.996 8.964 37.735
104.996 8.964 37.758
104.996 8.964 38.014
104.996 8.964 38.288
104.996 8.964 38.427
104.996 8.964 38.900
104.996 8.964 38.902
104.996 8.964 39.379
104.996 8.964 39.512
104.996 8.964 39.791
104.996 8.964 40.043
104.996 8.964 40.071
104.996 8.964 40.182
104.996 8.964 40.196
105.170 8.389 37.612
105.170 8.389 37.623
105.170 8.389 37.735
105.170 8.389 37.758
105.170 8.389 38.014
105.170 8.389 38.288
105.170 8.389 38.427
105.170 8.389 38.900
105.170 8.389 38.902
105.170 8.389 39.379
105.170 8.389 39.512
105.170 8.389 39.791
105.170 8.389 40.043
105.170 8.389 40.071
105.170 8.389 40.182
105.170 8.389 40.196
105.223 9.032 37.240
105.223 9.032 40.564
105.238 9.037 37.612
105.238 9.037 40.196
105.340 16.388 33.371
105.340 16.388 34.640
105.397 8.458 37.240
105.397 8.458 40.564
105.412 8.463 37.612
105.412 8.463 40.196
105.422 8.466 28.789
105.422 8.466 29.640
105.422 8.466 32.206
105.422 8.466 33.340
105.573 15.619 29.371
105.573 15.619 30.006
105.782 9.202 37.623
105.782 9.202 40.182
105.806 14.851 27.371
105.806 14.851 28.387
105.806 14.851 29.371
105.806 14.851 30.006
105.806 14.851 33.371
105.806 14.851 34.640
105.884 9.233 37.253
105.884 9.233 40.547
105.956 8.627 37.623
105.956 8.628 37.623
105.956 8.628 40.182
106.058 8.658 37.253
106.058 8.658 40.547
106.178 13.622 27.371
106.178 13.622 28.387
106.197 8.701 28.506
106.197 8.701 29.640
106.197 8.701 31.506
106.197 8.701 32.640
106.197 8.701 34.506
106.197 8.701 35.357
106.210 13.517 33.871
106.210 13.517 35.140
106.257 9.346 37.735
106.257 9.346 40.071
106.283 9.354 37.758
106.289 9.356 40.043
106.303 13.210 29.371
106.303 13.210 30.387
106.303 13.210 32.271
106.303 13.210 33.287
106.426 9.397 37.398
106.426 9.397 40.402
106.431 8.772 37.735
106.431 8.772 40.071
106.457 8.780 37.758
106.463 8.782 40.043
106.577 9.443 38.014
106.577 9.443 39.791
106.600 8.823 37.398
106.600 8.823 40.402
106.676 11.981 29.371
106.676 11.981 30.387
106.676 11.981 32.271
106.676 11.981 33.287
106.676 11.981 33.871
106.676 11.981 35.140
106.679 9.474 40.196
106.680 9.474 40.196
106.689 9.477 37.612
106.697 9.479 40.182
106.703 9.481 38.288
106.704 9.482 37.623
106.705 9.482 39.512
106.751 8.868 38.014
106.751 8.868 39.791
106.767 9.501 38.427
106.767 9.501 39.379
106.823 9.517 38.900
106.824 9.517 38.902
106.835 9.521 40.071
106.842 9.523 37.735
106.853 8.900 40.196
106.854 8.900 40.196
106.863 8.903 37.612
106.870 9.532 37.758
106.870 9.532 40.043
106.871 8.905 40.182
106.877 8.907 38.288
106.878 8.907 37.623
106.879 8.908 39.512
106.941 8.926 38.427
106.941 8.926 39.379
106.997 8.943 38.900
106.998 8.943 38.902
106.999 9.571 39.791
107.001 9.571 38.014
107.009 8.947 40.071
107.016 8.949 37.735
107.044 8.958 37.758
107.044 8.958 40.043
107.051 8.960 34.506
107.051 8.960 35.357
107.081 10.646 29.371
107.081 10.646 30.006
107.081 10.646 35.371
107.081 10.646 36.006
107.142 9.614 38.288
107.142 9.614 39.512
107.159 9.619 39.379
107.160 9.619 38.427
107.173 8.996 39.791
107.175 8.997 38.014
107.223 9.639 38.900
107.223 9.639 38.902
107.314 9.878 29.371
107.314 9.878 30.006
107.314 9.878 35.371
107.314 9.878 36.006
107.316 9.040 38.288
107.316 9.040 39.512
107.333 9.045 39.379
107.334 9.045 38.427
107.336 9.046 28.506
107.336 9.046 29.640
107.336 9.046 31.506
107.336 9.046 32.640
107.397 9.064 38.900
107.397 9.064 38.902
107.547 9.110 26.000
107.547 9.110 36.640
3 1 30 49
3 8 5 1
3 22 11 8
3 20 22 8
3 1 49 20
3 8 1 20
3 1 30 49
3 8 5 1
3 22 11 8
3 20 22 8
3 1 49 20
3 8 1 20
3 31 30 1
3 2 31 1
3 2 1 5
3 6 2 5
3 8 5 6
3 9 8 6
3 9 8 11
3 12 9 11
3 22 11 12
3 23 22 12
3 20 22 23
3 21 20 23
3 49 20 21
3 50 49 21
3 30 49 50
3 31 30 50
3 2 31 50
3 9 6 2
3 23 12 9
3 21 23 9
3 2 50 21
3 9 2 21
3 3 0 4
3 10 24 14
3 37 32 16
3 59 45 37
3 41 59 37
3 1267 215 105
3 287 1267 105
3 16 287 105
3 41 37 16
3 105 41 16
3 2399 2488 2515
3 2432 2399 2515
3 2762 2836 2838
3 2820 2762 2838
3 2889 2966 2997
3 2895 2889 2997
3 3289 3430 3432
3 3340 3289 3432
3 3537 3581 3608
3 3548 3537 3608
3 3691 3791 3817
3 3720 3691 3817
3 4235 4255 4261
3 4247 4235 4261
3 4321 4431 4461
3 4363 4321 4461
3 4649 4698 4711
3 4655 4649 4711
3 4916 5051 5070
3 4952 4916 5070
3 5315 5457 5516
3 5354 5315 5516
3 5605 5627 5630
3 5608 5605 5630
3 2370 1285 1674
3 4232 2370 1674
3 2463 4232 1674
3 63 67 101
3 49 55 63
3 127 49 63
3 5635 6088 127
3 5607 5635 127
3 4203 5607 127
3 101 4203 127
3 63 101 127
3 4238 5631 5615
3 4204 4238 5615
3 4232 5619 5603
3 4203 4232 5603
3 4233 5620 5619
3 4233 5619 4232
3 4233 4232 4203
3 4204 4233 4203
3 4204 4203 5603
3 5604 4204 5603
3 5620 5604 5603
3 5620 5603 5619
3 4233 5620 5604
3 4204 4233 5604
3 4321 4431 4461
3 4363 4321 4461
3 4432 4431 4321
3 4322 4432 4321
3 4322 4321 4363
3 4364 4322 4363
3 4462 4364 4363
3 4462 4363 4461
3 4432 4462 4461
3 4432 4461 4431
3 4322 4432 4462
3 4364 4322 4462
3 4235 4255 4261
3 4247 4235 4261
3 4256 4255 4235
3 4236 4256 4235
3 4236 4235 4247
3 4248 4236 4247
3 4262 4248 4247
3 4262 4247 4261
3 4256 4262 4261
3 4256 4261 4255
3 4236 4256 4262
3 4248 4236 4262
3 2489 4693 4651
3 2402 2489 4651
3 2370 1285 1674
3 4232 2370 1674
3 2463 4232 1674
3 1286 1285 2370
3 2371 1286 2370
3 4233 2371 2370
3 4233 2370 4232
3 2464 4233 4232
3 2464 4232 2463
3 2464 2463 1674
3 1675 2464 1674
3 1675 1674 1285
3 1286 1675 1285
3 2371 1286 1675
3 4233 2371 1675
3 2464 4233 1675
3 2400 2489 2516
3 2433 2400 2516
3 2371 1286 1675
3 4233 2371 1675
3 2464 4233 1675
3 63 67 101
3 49 55 63
3 127 49 63
3 5635 6088 127
3 5607 5635 127
3 4203 5607 127
3 101 4203 127
3 63 101 127
3 68 67 63
3 64 68 63
3 56 64 63
3 56 63 55
3 56 55 49
3 51 56 49
3 51 49 127
3 128 51 127
3 6089 128 127
3 6089 127 6088
3 5636 6089 6088
3 5636 6088 5635
3 5636 5635 5607
3 5610 5636 5607
3 4210 5610 5607
3 4210 5607 4203
3 4210 4203 101
3 102 4210 101
3 68 102 101
3 68 101 67
3 64 68 102
3 51 56 64
3 128 51 64
3 5636 6089 128
3 5610 5636 128
3 4210 5610 128
3 102 4210 128
3 64 102 128
3 65 69 103
3 52 57 65
3 129 52 65
3 5637 6090 129
3 5611 5637 129
3 4211 5611 129
3 103 4211 129
3 65 103 129
3 65 69 103
3 52 57 65
3 129 52 65
3 5637 6090 129
3 5611 5637 129
3 4211 5611 129
3 103 4211 129
3 65 103 129
3 102 68 69
3 102 69 103
3 102 103 4211
3 4210 102 4211
3 5610 4210 4211
3 5610 4211 5611
3 5610 5611 5637
3 5636 5610 5637
3 6089 5636 5637
3 6089 5637 6090
3 128 6089 6090
3 128 6090 129
3 128 129 52
3 51 128 52
3 51 52 57
3 56 51 57
3 64 56 57
3 64 57 65
3 64 65 69
3 68 64 69
3 64 68 102
3 51 56 64
3 128 51 64
3 5636 6089 128
3 5610 5636 128
3 4210 5610 128
3 102 4210 128
3 64 102 128
3 4245 5633 5617
3 4211 4245 5617
3 4238 5631 5615
3 4204 4238 5615
3 4244 5632 5631
3 4244 5631 4238
3 4244 4238 4204
3 4210 4244 4204
3 4210 4204 5615
3 5616 4210 5615
3 5632 5616 5615
3 5632 5615 5631
3 4244 5632 5616
3 4210 4244 5616
3 4245 5633 5617
3 4211 4245 5617
3 5616 5632 5633
3 5616 5633 5617
3 5616 5617 4211
3 4210 5616 4211
3 4210 4211 4245
3 4244 4210 4245
3 5632 4244 4245
3 5632 4245 5633
3 4244 5632 5616
3 4210 4244 5616
3 301 1288 1267
3 283 301 1267
3 37 32 16
3 59 45 37
3 41 59 37
3 1267 215 105
3 287 1267 105
3 16 287 105
3 41 37 16
3 105 41 16
3 17 16 32
3 33 17 32
3 38 33 32
3 38 32 37
3 38 37 45
3 46 38 45
3 60 46 45
3 60 45 59
3 42 60 59
3 42 59 41
3 106 42 41
3 106 41 105
3 106 105 215
3 216 106 215
3 1268 216 215
3 1268 215 1267
3 288 1268 1267
3 288 1267 287
3 288 287 16
3 17 288 16
3 38 33 17
3 60 46 38
3 42 60 38
3 1268 216 106
3 288 1268 106
3 17 288 106
3 42 38 17
3 106 42 17
3 39 34 18
3 61 47 39
3 43 61 39
3 1269 217 107
3 289 1269 107
3 18 289 107
3 43 39 18
3 107 43 18
3 39 34 18
3 61 47 39
3 43 61 39
3 1269 217 107
3 289 1269 107
3 18 289 107
3 43 39 18
3 107 43 18
3 17 18 289
3 288 17 289
3 1268 288 289
3 1268 289 1269
3 216 1268 1269
3 216 1269 217
3 216 217 107
3 106 216 107
3 42 106 107
3 42 107 43
3 60 42 43
3 60 43 61
3 46 60 61
3 46 61 47
3 46 47 39
3 38 46 39
3 33 38 39
3 33 39 34
3 33 34 18
3 17 33 18
3 38 33 17
3 60 46 38
3 42 60 38
3 1268 216 106
3 288 1268 106
3 17 288 106
3 42 38 17
3 106 42 17
3 302 1289 1268
3 284 302 1268
3 302 1289 1268
3 284 302 1268
3 303 1290 1289
3 303 1289 302
3 303 302 284
3 285 303 284
3 285 284 1268
3 1269 285 1268
3 1290 1269 1268
3 1290 1268 1289
3 303 1290 1269
3 285 303 1269
3 1289 1288 1267
3 1268 1289 1267
3 287 288 302
3 301 287 302
3 321 1238 1239
3 322 321 1239
3 323 1240 1241
3 324 323 1241
3 1232 1242 1243
3 1233 1232 1243
3 1018 1122 1123
3 1019 1018 1123
3 561 615 616
3 562 561 616
3 501 519 520
3 502 501 520
3 461 477 478
3 462 461 478
3 417 429 430
3 418 417 430
3 377 393 394
3 378 377 394
3 325 345 346
3 326 325 346
3 301 1288 1289
3 302 301 1289
3 1235 1255 1256
3 1236 1235 1256
3 1106 1148 1149
3 1107 1106 1149
3 577 738 739
3 578 577 739
3 511 525 526
3 512 511 526
3 463 483 484
3 464 463 484
3 423 433 434
3 424 423 434
3 385 397 398
3 386 385 398
3 333 355 356
3 334 333 356
3 331 1253 1254
3 332 331 1254
3 330 1252 1251
3 330 1251 329
3 302 1289 1288
3 302 1288 301
3 1236 1256 1255
3 1236 1255 1235
3 1107 1149 1148
3 1107 1148 1106
3 578 739 738
3 578 738 577
3 512 526 525
3 512 525 511
3 464 484 483
3 464 483 463
3 424 434 433
3 424 433 423
3 386 398 397
3 386 397 385
3 334 356 355
3 334 355 333
3 332 1254 1253
3 332 1253 331
3 330 1252 1251
3 330 1251 329
3 1280 1279 1288
3 1280 1288 1289
3 302 1289 1280
3 298 302 1280
3 298 302 301
3 297 298 301
3 297 301 1288
3 1279 297 1288
3 1235 1255 1242
3 1232 1235 1242
3 1233 1232 1235
3 1233 1235 1236
3 1233 1236 1256
3 1243 1233 1256
3 1243 1256 1255
3 1242 1243 1255
3 1106 1148 1122
3 1018 1106 1122
3 1019 1018 1106
3 1019 1106 1107
3 1019 1107 1149
3 1123 1019 1149
3 1123 1149 1148
3 1122 1123 1148
3 577 738 615
3 561 577 615
3 562 561 577
3 562 577 578
3 562 578 739
3 616 562 739
3 616 739 738
3 615 616 738
3 511 525 517
3 501 511 517
3 502 501 511
3 502 511 512
3 502 512 526
3 518 502 526
3 518 526 525
3 517 518 525
3 463 483 477
3 461 463 477
3 462 461 463
3 462 463 464
3 462 464 484
3 478 462 484
3 478 484 483
3 477 478 483
3 423 433 429
3 417 423 429
3 418 417 423
3 418 423 424
3 418 424 434
3 430 418 434
3 430 434 433
3 429 430 433
3 385 397 393
3 377 385 393
3 378 377 385
3 378 385 386
3 378 386 398
3 394 378 398
3 394 398 397
3 393 394 397
3 333 355 345
3 325 333 345
3 326 325 333
3 326 333 334
3 326 334 356
3 346 326 356
3 346 356 355
3 345 346 355
3 331 1253 1240
3 323 331 1240
3 324 323 331
3 324 331 332
3 324 332 1254
3 1241 324 1254
3 1241 1254 1253
3 1240 1241 1253
3 329 1251 1238
3 321 329 1238
3 322 321 329
3 322 329 330
3 322 330 1252
3 1239 322 1252
3 1239 1252 1251
3 1238 1239 1251
3 297 1279 1280
3 298 297 1280
3 1232 1242 1243
3 1233 1232 1243
3 1018 1122 1123
3 1019 1018 1123
3 561 615 616
3 562 561 616
3 501 517 518
3 502 501 518
3 461 477 478
3 462 461 478
3 417 429 430
3 418 417 430
3 377 393 394
3 378 377 394
3 325 345 346
3 326 325 346
3 323 1240 1241
3 324 323 1241
3 321 1238 1239
3 322 321 1239
3 1172 1154 1174
3 1198 1172 1174
3 1172 1154 1174
3 1198 1172 1174
3 1155 1154 1172
3 1173 1155 1172
3 1199 1173 1172
3 1199 1172 1198
3 1175 1199 1198
3 1175 1198 1174
3 1175 1174 1154
3 1155 1175 1154
3 1173 1155 1175
3 1199 1173 1175
3 857 824 921
3 966 857 921
3 857 824 921
3 966 857 921
3 825 824 857
3 858 825 857
3 967 858 857
3 967 857 966
3 922 967 966
3 922 966 921
3 922 921 824
3 825 922 824
3 858 825 922
3 967 858 922
3 535 533 541
3 545 535 541
3 535 533 541
3 545 535 541
3 534 533 535
3 536 534 535
3 546 536 535
3 546 535 545
3 542 546 545
3 542 545 541
3 542 541 533
3 534 542 533
3 536 534 542
3 546 536 542
3 491 489 495
3 497 491 495
3 491 489 495
3 497 491 495
3 490 489 491
3 492 490 491
3 498 492 491
3 498 491 497
3 496 498 497
3 496 497 495
3 496 495 489
3 490 496 489
3 492 490 496
3 498 492 496
3 443 441 447
3 449 443 447
3 443 441 447
3 449 443 447
3 442 441 443
3 444 442 443
3 450 444 443
3 450 443 449
3 448 450 449
3 448 449 447
3 448 447 441
3 442 448 441
3 444 442 448
3 450 444 448
3 411 407 413
3 415 411 413
3 411 407 413
3 415 411 413
3 408 407 411
3 412 408 411
3 416 412 411
3 416 411 415
3 414 416 415
3 414 415 413
3 414 413 407
3 408 414 407
3 412 408 414
3 416 412 414
3 361 359 371
3 373 361 371
3 361 359 371
3 373 361 371
3 360 359 361
3 362 360 361
3 374 362 361
3 374 361 373
3 372 374 373
3 372 373 371
3 372 371 359
3 360 372 359
3 362 360 372
3 374 362 372
3 4697 5629 5613
3 4653 4697 5613
3 4697 5629 5613
3 4653 4697 5613
3 4698 5630 5629
3 4698 5629 4697
3 4698 4697 4653
3 4654 4698 4653
3 4654 4653 5613
3 5614 4654 5613
3 5630 5614 5613
3 5630 5613 5629
3 4698 5630 5614
3 4654 4698 5614
3 2489 4693 4651
3 2402 2489 4651
3 2490 4694 4693
3 2490 4693 2489
3 2490 2489 2402
3 2403 2490 2402
3 2403 2402 4651
3 4652 2403 4651
3 4694 4652 4651
3 4694 4651 4693
3 2490 4694 4652
3 2403 2490 4652
3 4649 4698 4711
3 4655 4649 4711
3 4699 4698 4649
3 4650 4699 4649
3 4650 4649 4655
3 4656 4650 4655
3 4712 4656 4655
3 4712 4655 4711
3 4699 4712 4711
3 4699 4711 4698
3 4650 4699 4712
3 4656 4650 4712
3 4916 5051 5070
3 4952 4916 5070
3 5052 5051 4916
3 4917 5052 4916
3 4917 4916 4952
3 4953 4917 4952
3 5071 4953 4952
3 5071 4952 5070
3 5052 5071 5070
3 5052 5070 5051
3 4917 5052 5071
3 4953 4917 5071
3 5315 5457 5516
3 5354 5315 5516
3 5458 5457 5315
3 5316 5458 5315
3 5316 5315 5354
3 5355 5316 5354
3 5517 5355 5354
3 5517 5354 5516
3 5458 5517 5516
3 5458 5516 5457
3 5316 5458 5517
3 5355 5316 5517
3 5605 5627 5630
3 5608 5605 5630
3 5628 5627 5605
3 5606 5628 5605
3 5606 5605 5608
3 5609 5606 5608
3 5631 5609 5608
3 5631 5608 5630
3 5628 5631 5630
3 5628 5630 5627
3 5606 5628 5631
3 5609 5606 5631
3 45 1267 2375
3 25 37 45
3 49 25 45
3 55 49 45
3 63 55 45
3 1674 63 45
3 1646 1674 45
3 2375 1646 45
3 45 1267 2375
3 25 37 45
3 49 25 45
3 55 49 45
3 63 55 45
3 1674 63 45
3 1646 1674 45
3 2375 1646 45
3 1268 1267 45
3 46 1268 45
3 38 46 45
3 38 45 37
3 38 37 25
3 26 38 25
3 26 25 49
3 51 26 49
3 56 51 49
3 56 49 55
3 56 55 63
3 64 56 63
3 1677 64 63
3 1677 63 1674
3 1649 1677 1674
3 1649 1674 1646
3 2378 1649 1646
3 2378 1646 2375
3 1268 2378 2375
3 1268 2375 1267
3 46 1268 2378
3 26 38 46
3 51 26 46
3 56 51 46
3 64 56 46
3 1677 64 46
3 1649 1677 46
3 2378 1649 46
3 1674 1646 2375
3 2503 1674 2375
3 47 1269 2379
3 27 39 47
3 52 27 47
3 57 52 47
3 65 57 47
3 1678 65 47
3 1650 1678 47
3 2379 1650 47
3 47 1269 2379
3 27 39 47
3 52 27 47
3 57 52 47
3 65 57 47
3 1678 65 47
3 1650 1678 47
3 2379 1650 47
3 2378 1268 1269
3 2378 1269 2379
3 1649 2378 2379
3 1649 2379 1650
3 1677 1649 1650
3 1677 1650 1678
3 64 1677 1678
3 64 1678 65
3 64 65 57
3 56 64 57
3 51 56 57
3 51 57 52
3 51 52 27
3 26 51 27
3 26 27 39
3 38 26 39
3 46 38 39
3 46 39 47
3 46 47 1269
3 1268 46 1269
3 46 1268 2378
3 26 38 46
3 51 26 46
3 56 51 46
3 64 56 46
3 1677 64 46
3 1649 1677 46
3 2378 1649 46
3 1674 1646 2375
3 2503 1674 2375
3 1647 1646 1674
3 1675 1647 1674
3 2504 1675 1674
3 2504 1674 2503
3 2376 2504 2503
3 2376 2503 2375
3 2376 2375 1646
3 1647 2376 1646
3 1675 1647 2376
3 2504 1675 2376
3 1676 1648 2377
3 2505 1676 2377
3 1675 1647 2376
3 2504 1675 2376
3 1634 74 3253
3 8061 1634 3253
3 6055 6056 6052
3 6049 6055 6052
3 6045 6049 6052
3 6038 6045 6052
3 6031 6038 6052
3 6027 6031 6052
3 6021 6027 6052
3 6017 6021 6052
3 6013 6017 6052
3 6007 6013 6052
3 6003 6007 6052
3 5991 6003 6052
3 5983 5991 6052
3 5977 5983 6052
3 5969 5977 6052
3 5963 5969 6052
3 5942 5963 6052
3 5926 5942 6052
3 5914 5926 6052
3 5902 5914 6052
3 5892 5902 6052
3 5882 5892 6052
3 5870 5882 6052
3 5863 5870 6052
3 5850 5863 6052
3 5840 5850 6052
3 5834 5840 6052
3 5824 5834 6052
3 5818 5824 6052
3 5811 5818 6052
3 5802 5811 6052
3 5798 5802 6052
3 5791 5798 6052
3 5786 5791 6052
3 5781 5786 6052
3 5778 5781 6052
3 5780 5778 6052
3 5785 5780 6052
3 5790 5785 6052
3 5797 5790 6052
3 5801 5797 6052
3 5810 5801 6052
3 5817 5810 6052
3 5823 5817 6052
3 5833 5823 6052
3 5839 5833 6052
3 5849 5839 6052
3 5862 5849 6052
3 5869 5862 6052
3 5881 5869 6052
3 5891 5881 6052
3 5901 5891 6052
3 5913 5901 6052
3 5925 5913 6052
3 5941 5925 6052
3 5962 5941 6052
3 5968 5962 6052
3 5976 5968 6052
3 5982 5976 6052
3 5990 5982 6052
3 6002 5990 6052
3 6006 6002 6052
3 6012 6006 6052
3 6016 6012 6052
3 6020 6016 6052
3 6026 6020 6052
3 6030 6026 6052
3 6039 6030 6052
3 6044 6039 6052
3 6048 6044 6052
3 4230 4231 4229
3 4228 4230 4229
3 4226 4228 4229
3 4224 4226 4229
3 4222 4224 4229
3 4220 4222 4229
3 4218 4220 4229
3 4216 4218 4229
3 4214 4216 4229
3 4198 4214 4229
3 4196 4198 4229
3 4192 4196 4229
3 4190 4192 4229
3 4188 4190 4229
3 4165 4188 4229
3 4151 4165 4229
3 4129 4151 4229
3 4101 4129 4229
3 4081 4101 4229
3 4062 4081 4229
3 4033 4062 4229
3 4008 4033 4229
3 3988 4008 4229
3 3967 3988 4229
3 3944 3967 4229
3 3931 3944 4229
3 3914 3931 4229
3 3899 3914 4229
3 3882 3899 4229
3 3875 3882 4229
3 3858 3875 4229
3 3849 3858 4229
3 3830 3849 4229
3 3825 3830 4229
3 3821 3825 4229
3 3819 3821 4229
3 3820 3819 4229
3 3824 3820 4229
3 3829 3824 4229
3 3848 3829 4229
3 3857 3848 4229
3 3874 3857 4229
3 3881 3874 4229
3 3898 3881 4229
3 3915 3898 4229
3 3930 3915 4229
3 3943 3930 4229
3 3970 3943 4229
3 3987 3970 4229
3 4007 3987 4229
3 4032 4007 4229
3 4061 4032 4229
3 4080 4061 4229
3 4100 4080 4229
3 4128 4100 4229
3 4150 4128 4229
3 4164 4150 4229
3 4187 4164 4229
3 4189 4187 4229
3 4191 4189 4229
3 4195 4191 4229
3 4197 4195 4229
3 4213 4197 4229
3 4215 4213 4229
3 4217 4215 4229
3 4219 4217 4229
3 4221 4219 4229
3 4223 4221 4229
3 4225 4223 4229
3 4227 4225 4229
3 5210 5238 5261
3 5200 5210 5261
3 5184 5200 5261
3 5169 5184 5261
3 5154 5169 5261
3 5142 5154 5261
3 5131 5142 5261
3 5125 5131 5261
3 5115 5125 5261
3 5109 5115 5261
3 5103 5109 5261
3 5094 5103 5261
3 5087 5094 5261
3 5081 5087 5261
3 5075 5081 5261
3 5068 5075 5261
3 5062 5068 5261
3 5056 5062 5261
3 5060 5056 5261
3 5067 5060 5261
3 5074 5067 5261
3 5080 5074 5261
3 5086 5080 5261
3 5093 5086 5261
3 5102 5093 5261
3 5108 5102 5261
3 5114 5108 5261
3 5124 5114 5261
3 5130 5124 5261
3 5140 5130 5261
3 5153 5140 5261
3 5168 5153 5261
3 5183 5168 5261
3 5199 5183 5261
3 5209 5199 5261
3 5237 5209 5261
3 5260 5237 5261
3 5281 5260 5261
3 5300 5281 5261
3 5318 5300 5261
3 5334 5318 5261
3 5352 5334 5261
3 5372 5352 5261
3 5386 5372 5261
3 5398 5386 5261
3 5421 5398 5261
3 5435 5421 5261
3 5446 5435 5261
3 5459 5446 5261
3 5469 5459 5261
3 5481 5469 5261
3 5488 5481 5261
3 5497 5488 5261
3 5502 5497 5261
3 5500 5502 5261
3 5490 5500 5261
3 5482 5490 5261
3 5470 5482 5261
3 5460 5470 5261
3 5447 5460 5261
3 5436 5447 5261
3 5422 5436 5261
3 5399 5422 5261
3 5387 5399 5261
3 5373 5387 5261
3 5353 5373 5261
3 5336 5353 5261
3 5319 5336 5261
3 5301 5319 5261
3 5282 5301 5261
3 3827 3864 3888
3 3810 3827 3888
3 3797 3810 3888
3 3787 3797 3888
3 3773 3787 3888
3 3760 3773 3888
3 3750 3760 3888
3 3730 3750 3888
3 3711 3730 3888
3 3703 3711 3888
3 3699 3703 3888
3 3689 3699 3888
3 3681 3689 3888
3 3677 3681 3888
3 3671 3677 3888
3 3665 3671 3888
3 3661 3665 3888
3 3657 3661 3888
3 3660 3657 3888
3 3664 3660 3888
3 3670 3664 3888
3 3676 3670 3888
3 3680 3676 3888
3 3688 3680 3888
3 3698 3688 3888
3 3702 3698 3888
3 3710 3702 3888
3 3729 3710 3888
3 3749 3729 3888
3 3759 3749 3888
3 3772 3759 3888
3 3786 3772 3888
3 3796 3786 3888
3 3809 3796 3888
3 3826 3809 3888
3 3863 3826 3888
3 3887 3863 3888
3 3912 3887 3888
3 3932 3912 3888
3 3950 3932 3888
3 3975 3950 3888
3 3994 3975 3888
3 4014 3994 3888
3 4036 4014 3888
3 4057 4036 3888
3 4069 4057 3888
3 4085 4069 3888
3 4095 4085 3888
3 4107 4095 3888
3 4115 4107 3888
3 4125 4115 3888
3 4131 4125 3888
3 4137 4131 3888
3 4143 4137 3888
3 4138 4143 3888
3 4132 4138 3888
3 4126 4132 3888
3 4116 4126 3888
3 4108 4116 3888
3 4096 4108 3888
3 4086 4096 3888
3 4070 4086 3888
3 4058 4070 3888
3 4037 4058 3888
3 4015 4037 3888
3 3995 4015 3888
3 3974 3995 3888
3 3951 3974 3888
3 3933 3951 3888
3 3913 3933 3888
3 4052 4053 4049
3 4041 4052 4049
3 4035 4041 4049
3 4026 4035 4049
3 4017 4026 4049
3 4004 4017 4049
3 3993 4004 4049
3 3979 3993 4049
3 3962 3979 4049
3 3942 3962 4049
3 3925 3942 4049
3 3911 3925 4049
3 3894 3911 4049
3 3868 3894 4049
3 3836 3868 4049
3 3812 3836 4049
3 3799 3812 4049
3 3789 3799 4049
3 3774 3789 4049
3 3758 3774 4049
3 3746 3758 4049
3 3723 3746 4049
3 3708 3723 4049
3 3697 3708 4049
3 3683 3697 4049
3 3668 3683 4049
3 3654 3668 4049
3 3650 3654 4049
3 3646 3650 4049
3 3642 3646 4049
3 3638 3642 4049
3 3632 3638 4049
3 3628 3632 4049
3 3624 3628 4049
3 3620 3624 4049
3 3618 3620 4049
3 3619 3618 4049
3 3623 3619 4049
3 3627 3623 4049
3 3631 3627 4049
3 3637 3631 4049
3 3641 3637 4049
3 3645 3641 4049
3 3649 3645 4049
3 3653 3649 4049
3 3667 3653 4049
3 3682 3667 4049
3 3694 3682 4049
3 3707 3694 4049
3 3722 3707 4049
3 3745 3722 4049
3 3757 3745 4049
3 3775 3757 4049
3 3788 3775 4049
3 3798 3788 4049
3 3811 3798 4049
3 3835 3811 4049
3 3865 3835 4049
3 3891 3865 4049
3 3909 3891 4049
3 3924 3909 4049
3 3940 3924 4049
3 3961 3940 4049
3 3977 3961 4049
3 3991 3977 4049
3 4003 3991 4049
3 4016 4003 4049
3 4025 4016 4049
3 4034 4025 4049
3 4040 4034 4049
3 2268 2272 2267
3 2266 2268 2267
3 2262 2266 2267
3 2258 2262 2267
3 2254 2258 2267
3 2249 2254 2267
3 2240 2249 2267
3 2216 2240 2267
3 2199 2216 2267
3 2184 2199 2267
3 2170 2184 2267
3 2157 2170 2267
3 2140 2157 2267
3 2121 2140 2267
3 2104 2121 2267
3 2090 2104 2267
3 2062 2090 2267
3 2028 2062 2267
3 2003 2028 2267
3 1978 2003 2267
3 1949 1978 2267
3 1917 1949 2267
3 1875 1917 2267
3 1841 1875 2267
3 1833 1841 2267
3 1821 1833 2267
3 1816 1821 2267
3 1808 1816 2267
3 1801 1808 2267
3 1797 1801 2267
3 1792 1797 2267
3 1789 1792 2267
3 1786 1789 2267
3 1782 1786 2267
3 1778 1782 2267
3 1776 1778 2267
3 1777 1776 2267
3 1781 1777 2267
3 1785 1781 2267
3 1788 1785 2267
3 1791 1788 2267
3 1796 1791 2267
3 1800 1796 2267
3 1807 1800 2267
3 1815 1807 2267
3 1820 1815 2267
3 1832 1820 2267
3 1840 1832 2267
3 1874 1840 2267
3 1916 1874 2267
3 1948 1916 2267
3 1977 1948 2267
3 2002 1977 2267
3 2027 2002 2267
3 2061 2027 2267
3 2089 2061 2267
3 2103 2089 2267
3 2120 2103 2267
3 2139 2120 2267
3 2156 2139 2267
3 2169 2156 2267
3 2183 2169 2267
3 2198 2183 2267
3 2215 2198 2267
3 2239 2215 2267
3 2248 2239 2267
3 2253 2248 2267
3 2257 2253 2267
3 2261 2257 2267
3 2265 2261 2267
3 3085 3117 3140
3 3069 3085 3140
3 3052 3069 3140
3 3040 3052 3140
3 3023 3040 3140
3 3007 3023 3140
3 2988 3007 3140
3 2978 2988 3140
3 2965 2978 3140
3 2957 2965 3140
3 2950 2957 3140
3 2942 2950 3140
3 2936 2942 3140
3 2927 2936 3140
3 2920 2927 3140
3 2915 2920 3140
3 2909 2915 3140
3 2903 2909 3140
3 2907 2903 3140
3 2914 2907 3140
3 2919 2914 3140
3 2926 2919 3140
3 2935 2926 3140
3 2941 2935 3140
3 2949 2941 3140
3 2956 2949 3140
3 2964 2956 3140
3 2977 2964 3140
3 2987 2977 3140
3 3006 2987 3140
3 3022 3006 3140
3 3039 3022 3140
3 3051 3039 3140
3 3068 3051 3140
3 3084 3068 3140
3 3116 3084 3140
3 3139 3116 3140
3 3162 3139 3140
3 3180 3162 3140
3 3197 3180 3140
3 3212 3197 3140
3 3228 3212 3140
3 3245 3228 3140
3 3261 3245 3140
3 3273 3261 3140
3 3287 3273 3140
3 3301 3287 3140
3 3315 3301 3140
3 3324 3315 3140
3 3335 3324 3140
3 3349 3335 3140
3 3354 3349 3140
3 3364 3354 3140
3 3368 3364 3140
3 3362 3368 3140
3 3356 3362 3140
3 3350 3356 3140
3 3336 3350 3140
3 3325 3336 3140
3 3316 3325 3140
3 3302 3316 3140
3 3288 3302 3140
3 3275 3288 3140
3 3262 3275 3140
3 3246 3262 3140
3 3229 3246 3140
3 3214 3229 3140
3 3196 3214 3140
3 3181 3196 3140
3 3163 3181 3140
3 1784 1794 1804
3 1767 1784 1804
3 1762 1767 1804
3 1757 1762 1804
3 1750 1757 1804
3 1745 1750 1804
3 1737 1745 1804
3 1732 1737 1804
3 1727 1732 1804
3 1723 1727 1804
3 1717 1723 1804
3 1713 1717 1804
3 1707 1713 1804
3 1701 1707 1804
3 1696 1701 1804
3 1691 1696 1804
3 1687 1691 1804
3 1683 1687 1804
3 1685 1683 1804
3 1690 1685 1804
3 1695 1690 1804
3 1700 1695 1804
3 1706 1700 1804
3 1712 1706 1804
3 1716 1712 1804
3 1722 1716 1804
3 1726 1722 1804
3 1731 1726 1804
3 1736 1731 1804
3 1744 1736 1804
3 1749 1744 1804
3 1756 1749 1804
3 1761 1756 1804
3 1766 1761 1804
3 1783 1766 1804
3 1793 1783 1804
3 1803 1793 1804
3 1812 1803 1804
3 1822 1812 1804
3 1836 1822 1804
3 1847 1836 1804
3 1894 1847 1804
3 1925 1894 1804
3 1951 1925 1804
3 1969 1951 1804
3 1989 1969 1804
3 2007 1989 1804
3 2019 2007 1804
3 2030 2019 1804
3 2040 2030 1804
3 2055 2040 1804
3 2064 2055 1804
3 2070 2064 1804
3 2075 2070 1804
3 2071 2075 1804
3 2065 2071 1804
3 2056 2065 1804
3 2041 2056 1804
3 2031 2041 1804
3 2020 2031 1804
3 2008 2020 1804
3 1990 2008 1804
3 1970 1990 1804
3 1952 1970 1804
3 1926 1952 1804
3 1895 1926 1804
3 1848 1895 1804
3 1837 1848 1804
3 1823 1837 1804
3 1813 1823 1804
3 6944 6910 6898
3 7006 6944 6898
3 6941 7056 7006
3 6922 6941 7006
3 7007 7057 6942
3 6945 7007 6942
3 6943 6945 6942
3 6911 6943 6942
3 6899 6911 6942
3 6889 6899 6942
3 6885 6889 6942
3 6734 6824 6885
3 6697 6734 6885
3 6585 6697 6885
3 6696 6585 6885
3 6733 6696 6885
3 6884 6823 6733
3 6888 6884 6733
3 6898 6888 6733
3 6922 7006 6898
3 6921 6922 6898
3 6900 6921 6898
3 6891 6900 6898
3 6882 6891 6898
3 6885 6942 6923
3 6882 6898 6733
3 6850 6882 6733
3 6883 6850 6733
3 6885 6923 6920
3 6883 6733 6885
3 6890 6883 6885
3 6901 6890 6885
3 6920 6901 6885
3 6902 6910 6898
3 6886 6902 6898
3 6886 6898 6888
3 6844 6886 6888
3 6844 6888 6884
3 6818 6844 6884
3 6818 6884 6823
3 6746 6818 6823
3 6746 6823 6733
3 6545 6746 6733
3 6545 6733 6696
3 6521 6545 6696
3 6521 6696 6585
3 6451 6521 6585
3 6522 6697 6585
3 6522 6585 6451
3 6546 6734 6697
3 6546 6697 6522
3 6747 6824 6734
3 6747 6734 6546
3 6819 6885 6824
3 6819 6824 6747
3 6889 6885 6819
3 6846 6889 6819
3 6899 6889 6846
3 6887 6899 6846
3 6911 6899 6887
3 6903 6911 6887
3 6943 6911 6903
3 6938 6943 6903
3 6945 6943 6938
3 6940 6945 6938
3 7007 6945 6940
3 6988 7007 6940
3 7057 7007 6988
3 7020 7057 6988
3 7020 7057 6942
3 6937 7020 6942
3 6937 6942 6923
3 6909 6937 6923
3 6909 6923 6920
3 6904 6909 6920
3 6904 6920 6901
3 6895 6904 6901
3 6854 6895 6901
3 6854 6901 6890
3 6817 6854 6890
3 6817 6890 6883
3 6789 6817 6883
3 6789 6883 6850
3 6882 6850 6789
3 6816 6882 6789
3 6891 6882 6816
3 6856 6891 6816
3 6900 6891 6856
3 6894 6900 6856
3 6921 6900 6894
3 6905 6921 6894
3 6922 6921 6905
3 6908 6922 6905
3 6941 6922 6908
3 6936 6941 6908
3 7056 6941 6936
3 7019 7056 6936
3 7019 7056 7006
3 6987 7019 7006
3 6987 7006 6944
3 6939 6987 6944
3 6939 6944 6910
3 6902 6939 6910
3 6939 6902 6886
3 6987 6939 6886
3 6936 7019 6987
3 6908 6936 6987
3 6988 7020 6937
3 6940 6988 6937
3 6938 6940 6937
3 6903 6938 6937
3 6887 6903 6937
3 6846 6887 6937
3 6819 6846 6937
3 6546 6747 6819
3 6522 6546 6819
3 6451 6522 6819
3 6521 6451 6819
3 6545 6521 6819
3 6818 6746 6545
3 6844 6818 6545
3 6886 6844 6545
3 6908 6987 6886
3 6905 6908 6886
3 6894 6905 6886
3 6856 6894 6886
3 6816 6856 6886
3 6819 6937 6909
3 6816 6886 6545
3 6789 6816 6545
3 6817 6789 6545
3 6819 6909 6904
3 6817 6545 6819
3 6854 6817 6819
3 6895 6854 6819
3 6904 6895 6819
3 7056 6941 6989
3 7087 7056 6989
3 7097 7087 6989
3 7118 7097 6989
3 7144 7118 6989
3 7148 7144 6989
3 7149 7156 7148
3 7145 7149 7148
3 7117 7145 7148
3 7098 7117 7148
3 7086 7098 7148
3 7057 7086 7148
3 6990 6942 7057
3 6996 6990 7057
3 7032 6996 7057
3 7082 7032 7057
3 7101 7082 7057
3 7031 7081 7100
3 7148 6989 6995
3 7101 7057 7148
3 7110 7101 7148
3 7100 7110 7148
3 7031 7100 7148
3 6995 7031 7148
3 6995 6989 6969
3 6975 6995 6969
3 7031 6995 6975
3 7013 7031 6975
3 7035 7081 7031
3 7035 7031 7013
3 7069 7100 7081
3 7069 7081 7035
3 7083 7110 7100
3 7083 7100 7069
3 7083 7110 7101
3 7070 7083 7101
3 7070 7101 7082
3 7036 7070 7082
3 7036 7082 7032
3 7014 7036 7032
3 7014 7032 6996
3 6976 7014 6996
3 6976 6996 6990
3 6970 6976 6990
3 6970 6990 6942
3 6937 6970 6942
3 7057 6942 6937
3 7020 7057 6937
3 7086 7057 7020
3 7046 7086 7020
3 7098 7086 7046
3 7068 7098 7046
3 7117 7098 7068
3 7094 7117 7068
3 7145 7117 7094
3 7122 7145 7094
3 7149 7145 7122
3 7126 7149 7122
3 7156 7149 7126
3 7139 7156 7126
3 7125 7139 7156
3 7125 7156 7148
3 7121 7125 7148
3 7121 7148 7144
3 7095 7121 7144
3 7095 7144 7118
3 7067 7095 7118
3 7067 7118 7097
3 7067 7097 7087
3 7049 7067 7087
3 7049 7087 7056
3 7019 7049 7056
3 7019 7056 6941
3 6936 7019 6941
3 6989 6941 6936
3 6969 6989 6936
3 7019 6936 6969
3 7049 7019 6969
3 7067 7049 6969
3 7095 7067 6969
3 7121 7095 6969
3 7125 7121 6969
3 7126 7139 7125
3 7122 7126 7125
3 7094 7122 7125
3 7068 7094 7125
3 7046 7068 7125
3 7020 7046 7125
3 6970 6937 7020
3 6976 6970 7020
3 7014 6976 7020
3 7036 7014 7020
3 7070 7036 7020
3 7013 7035 7069
3 7125 6969 6975
3 7070 7020 7125
3 7083 7070 7125
3 7069 7083 7125
3 7013 7069 7125
3 6975 7013 7125
3 7699 7530 7393
3 7706 7699 7393
3 7721 7706 7393
3 7745 7721 7393
3 7746 7745 7393
3 7591 7746 7393
3 7367 7591 7393
3 7358 7367 7393
3 7357 7358 7393
3 7323 7357 7393
3 7266 7323 7393
3 7261 7266 7393
3 7345 7271 7260
3 7342 7345 7260
3 7409 7409 7351
3 7556 7409 7351
3 7760 7759 7556
3 7738 7760 7556
3 7704 7738 7556
3 7700 7704 7556
3 7539 7700 7556
3 7538 7539 7556
3 7402 7538 7556
3 7305 7402 7556
3 7265 7305 7556
3 7253 7265 7556
3 7250 7253 7556
3 7244 7250 7556
3 7238 7244 7556
3 7234 7238 7556
3 7213 7216 7223
3 7200 7213 7223
3 7197 7200 7223
3 7190 7197 7223
3 7191 7190 7223
3 7198 7191 7223
3 7199 7198 7223
3 7219 7199 7223
3 7221 7219 7223
3 7242 7230 7221
3 7245 7242 7221
3 7254 7245 7221
3 7256 7254 7221
3 7267 7256 7221
3 7283 7267 7221
3 7393 7283 7221
3 7261 7393 7221
3 7243 7261 7221
3 7235 7243 7221
3 7226 7235 7221
3 7234 7556 7351
3 7223 7234 7351
3 7226 7221 7223
3 7227 7226 7223
3 7233 7227 7223
3 7247 7233 7223
3 7255 7247 7223
3 7260 7255 7223
3 7342 7260 7223
3 7351 7342 7223
3 7326 7393 7283
3 7262 7326 7283
3 7262 7283 7267
3 7252 7262 7267
3 7252 7267 7256
3 7241 7252 7256
3 7241 7256 7254
3 7239 7241 7254
3 7239 7254 7245
3 7228 7239 7245
3 7228 7245 7242
3 7222 7228 7242
3 7222 7242 7230
3 7214 7222 7230
3 7214 7230 7221
3 7205 7214 7221
3 7205 7221 7219
3 7202 7205 7219
3 7202 7219 7199
3 7186 7202 7199
3 7186 7199 7198
3 7185 7186 7198
3 7185 7198 7191
3 7181 7185 7191
3 7181 7191 7190
3 7180 7181 7190
3 7184 7197 7190
3 7184 7190 7180
3 7187 7200 7197
3 7187 7197 7184
3 7192 7213 7200
3 7192 7200 7187
3 7201 7216 7213
3 7201 7213 7192
3 7210 7223 7216
3 7210 7216 7201
3 7217 7234 7223
3 7217 7223 7210
3 7238 7234 7217
3 7220 7238 7217
3 7244 7238 7220
3 7225 7244 7220
3 7250 7244 7225
3 7236 7250 7225
3 7253 7250 7236
3 7237 7253 7236
3 7265 7253 7237
3 7249 7265 7237
3 7305 7265 7249
3 7268 7305 7249
3 7402 7305 7268
3 7329 7402 7268
3 7538 7402 7329
3 7471 7538 7329
3 7539 7538 7471
3 7473 7539 7471
3 7700 7539 7473
3 7690 7700 7473
3 7704 7700 7690
3 7694 7704 7690
3 7738 7704 7694
3 7712 7738 7694
3 7760 7738 7712
3 7737 7760 7712
3 7736 7737 7760
3 7736 7760 7759
3 7736 7759 7556
3 7487 7736 7556
3 7487 7556 7409
3 7330 7487 7409
3 7409 7409 7330
3 7330 7409 7330
3 7330 7409 7351
3 7284 7330 7351
3 7284 7351 7342
3 7273 7284 7342
3 7345 7342 7273
3 7274 7345 7273
3 7274 7345 7271
3 7259 7274 7271
3 7259 7271 7260
3 7246 7259 7260
3 7240 7246 7260
3 7240 7260 7255
3 7229 7240 7255
3 7229 7255 7247
3 7215 7229 7247
3 7215 7247 7233
3 7212 7215 7233
3 7212 7233 7227
3 7211 7212 7227
3 7211 7227 7226
3 7235 7226 7211
3 7218 7235 7211
3 7243 7235 7218
3 7224 7243 7218
3 7261 7243 7224
3 7248 7261 7224
3 7266 7261 7248
3 7251 7266 7248
3 7323 7266 7251
3 7272 7323 7251
3 7357 7323 7272
3 7291 7357 7272
3 7358 7357 7291
3 7292 7358 7291
3 7367 7358 7292
3 7308 7367 7292
3 7591 7367 7308
3 7518 7591 7308
3 7746 7591 7518
3 7723 7746 7518
3 7722 7723 7746
3 7722 7746 7745
3 7722 7745 7721
3 7711 7722 7721
3 7711 7721 7706
3 7698 7711 7706
3 7698 7706 7699
3 7689 7698 7699
3 7689 7699 7530
3 7460 7689 7530
3 7460 7530 7393
3 7326 7460 7393
3 7689 7460 7326
3 7698 7689 7326
3 7711 7698 7326
3 7722 7711 7326
3 7723 7722 7326
3 7518 7723 7326
3 7308 7518 7326
3 7292 7308 7326
3 7291 7292 7326
3 7272 7291 7326
3 7251 7272 7326
3 7248 7251 7326
3 7274 7259 7246
3 7273 7274 7246
3 7330 7330 7284
3 7487 7330 7284
3 7737 7736 7487
3 7712 7737 7487
3 7694 7712 7487
3 7690 7694 7487
3 7473 7690 7487
3 7471 7473 7487
3 7329 7471 7487
3 7268 7329 7487
3 7249 7268 7487
3 7237 7249 7487
3 7236 7237 7487
3 7225 7236 7487
3 7220 7225 7487
3 7217 7220 7487
3 7192 7201 7210
3 7187 7192 7210
3 7184 7187 7210
3 7180 7184 7210
3 7181 7180 7210
3 7185 7181 7210
3 7186 7185 7210
3 7202 7186 7210
3 7205 7202 7210
3 7222 7214 7205
3 7228 7222 7205
3 7239 7228 7205
3 7241 7239 7205
3 7252 7241 7205
3 7262 7252 7205
3 7326 7262 7205
3 7248 7326 7205
3 7224 7248 7205
3 7218 7224 7205
3 7211 7218 7205
3 7217 7487 7284
3 7210 7217 7284
3 7211 7205 7210
3 7212 7211 7210
3 7215 7212 7210
3 7229 7215 7210
3 7240 7229 7210
3 7246 7240 7210
3 7273 7246 7210
3 7284 7273 7210
3 7591 7695 7702
3 7746 7591 7702
3 7747 7746 7702
3 7748 7747 7702
3 7749 7748 7702
3 7750 7749 7702
3 7751 7750 7702
3 7741 7752 7751
3 7720 7741 7751
3 7705 7720 7751
3 7702 7705 7751
3 7702 7695 7687
3 7692 7702 7687
3 7705 7702 7692
3 7696 7705 7692
3 7720 7705 7696
3 7710 7720 7696
3 7741 7720 7710
3 7713 7741 7710
3 7752 7741 7713
3 7729 7752 7713
3 7728 7729 7752
3 7728 7752 7751
3 7727 7728 7751
3 7727 7751 7750
3 7726 7727 7750
3 7726 7750 7749
3 7725 7726 7749
3 7725 7749 7748
3 7724 7725 7748
3 7724 7748 7747
3 7723 7724 7747
3 7723 7747 7746
3 7723 7746 7591
3 7518 7723 7591
3 7695 7591 7518
3 7687 7695 7518
3 7518 7687 7692
3 7723 7518 7692
3 7724 7723 7692
3 7725 7724 7692
3 7726 7725 7692
3 7727 7726 7692
3 7728 7727 7692
3 7713 7729 7728
3 7710 7713 7728
3 7696 7710 7728
3 7692 7696 7728
3 7742 7753 7754
3 7742 7754 7755
3 7742 7755 7756
3 7742 7756 7757
3 7742 7757 7758
3 7742 7758 7759
3 7759 7556 7697
3 7759 7697 7701
3 7759 7701 7703
3 7759 7703 7719
3 7759 7719 7742
3 7716 7742 7719
3 7707 7716 7719
3 7707 7719 7703
3 7693 7707 7703
3 7693 7703 7701
3 7691 7693 7701
3 7691 7701 7697
3 7688 7691 7697
3 7688 7697 7556
3 7487 7688 7556
3 7759 7556 7487
3 7736 7759 7487
3 7735 7736 7759
3 7735 7759 7758
3 7734 7735 7758
3 7734 7758 7757
3 7733 7734 7757
3 7733 7757 7756
3 7732 7733 7756
3 7732 7756 7755
3 7731 7732 7755
3 7731 7755 7754
3 7730 7731 7754
3 7730 7754 7753
3 7730 7753 7742
3 7716 7730 7742
3 7716 7730 7731
3 7716 7731 7732
3 7716 7732 7733
3 7716 7733 7734
3 7716 7734 7735
3 7716 7735 7736
3 7736 7487 7688
3 7736 7688 7691
3 7736 7691 7693
3 7736 7693 7707
3 7736 7707 7716
3 7800 7782 7781
3 7800 7781 7768
3 7800 7768 7780
3 7800 7780 7795
3 7795 7839 7838
3 7795 7838 7799
3 7811 7822 7812
3 7811 7812 7800
3 7800 7795 7799
3 7800 7799 7811
3 7779 7782 7781
3 7779 7781 7774
3 7796 7800 7782
3 7796 7782 7779
3 7808 7812 7800
3 7808 7800 7796
3 7822 7812 7808
3 7819 7822 7808
3 7819 7822 7811
3 7807 7819 7811
3 7790 7807 7811
3 7790 7811 7799
3 7838 7799 7790
3 7833 7838 7790
3 7839 7838 7833
3 7834 7839 7833
3 7834 7839 7795
3 7783 7834 7795
3 7773 7783 7795
3 7773 7795 7780
3 7773 7780 7768
3 7761 7773 7768
3 7774 7781 7768
3 7774 7768 7761
3 7796 7779 7774
3 7796 7774 7761
3 7796 7761 7773
3 7796 7773 7783
3 7783 7834 7833
3 7783 7833 7790
3 7807 7819 7808
3 7807 7808 7796
3 7796 7783 7790
3 7796 7790 7807
3 7846 7839 7832
3 7846 7832 7840
3 7839 7832 7824
3 7834 7839 7824
3 7846 7839 7834
3 7845 7846 7834
3 7845 7846 7840
3 7835 7845 7840
3 7835 7840 7832
3 7824 7835 7832
3 7845 7834 7824
3 7845 7824 7835
3 7838 7823 7811
3 7838 7811 7831
3 7823 7811 7807
3 7820 7823 7807
3 7838 7823 7820
3 7833 7838 7820
3 7833 7838 7831
3 7821 7833 7831
3 7821 7831 7811
3 7807 7821 7811
3 7833 7820 7807
3 7833 7807 7821
3 7939 7875 7876
3 7962 7939 7876
3 7990 7962 7876
3 8015 7990 7876
3 7917 8015 7876
3 7918 7917 7876
3 7919 7918 7876
3 7920 7919 7876
3 7921 7920 7876
3 7922 7921 7876
3 7923 7922 7876
3 7924 7923 7876
3 7925 7924 7876
3 7926 7925 7876
3 7927 7926 7876
3 7928 7927 7876
3 7929 7928 7876
3 7930 7929 7876
3 7931 7930 7876
3 7932 7931 7876
3 7991 8013 7932
3 7963 7991 7932
3 7940 7963 7932
3 7896 7940 7932
3 7895 7896 7932
3 7894 7895 7932
3 7893 7894 7932
3 7892 7893 7932
3 7891 7892 7932
3 7890 7891 7932
3 7889 7890 7932
3 7888 7889 7932
3 7887 7888 7932
3 7886 7887 7932
3 7885 7886 7932
3 7884 7885 7932
3 7883 7884 7932
3 7882 7883 7932
3 7881 7882 7932
3 7880 7881 7932
3 7879 7880 7932
3 7878 7879 7932
3 7877 7878 7932
3 7876 7877 7932
3 7852 7876 7877
3 7853 7852 7877
3 7853 7877 7878
3 7854 7853 7878
3 7854 7878 7879
3 7855 7854 7879
3 7855 7879 7880
3 7856 7855 7880
3 7856 7880 7881
3 7857 7856 7881
3 7857 7881 7882
3 7858 7857 7882
3 7858 7882 7883
3 7859 7858 7883
3 7859 7883 7884
3 7860 7859 7884
3 7860 7884 7885
3 7861 7860 7885
3 7861 7885 7886
3 7862 7861 7886
3 7862 7886 7887
3 7863 7862 7887
3 7863 7887 7888
3 7864 7863 7888
3 7864 7888 7889
3 7865 7864 7889
3 7865 7889 7890
3 7866 7865 7890
3 7866 7890 7891
3 7867 7866 7891
3 7867 7891 7892
3 7868 7867 7892
3 7868 7892 7893
3 7869 7868 7893
3 7869 7893 7894
3 7870 7869 7894
3 7870 7894 7895
3 7871 7870 7895
3 7871 7895 7896
3 7872 7871 7896
3 7940 7896 7872
3 7934 7940 7872
3 7963 7940 7934
3 7958 7963 7934
3 7991 7963 7958
3 7983 7991 7958
3 8013 7991 7983
3 7998 8013 7983
3 7998 8013 7932
3 7916 7998 7932
3 7915 7916 7932
3 7915 7932 7931
3 7914 7915 7931
3 7914 7931 7930
3 7913 7914 7930
3 7913 7930 7929
3 7912 7913 7929
3 7912 7929 7928
3 7911 7912 7928
3 7911 7928 7927
3 7910 7911 7927
3 7910 7927 7926
3 7909 7910 7926
3 7909 7926 7925
3 7908 7909 7925
3 7908 7925 7924
3 7907 7908 7924
3 7907 7924 7923
3 7906 7907 7923
3 7906 7923 7922
3 7905 7906 7922
3 7905 7922 7921
3 7904 7905 7921
3 7904 7921 7920
3 7903 7904 7920
3 7903 7920 7919
3 7902 7903 7919
3 7902 7919 7918
3 7901 7902 7918
3 7901 7918 7917
3 8015 7917 7901
3 8000 8015 7901
3 8000 8015 7990
3 7982 8000 7990
3 7982 7990 7962
3 7957 7982 7962
3 7957 7962 7939
3 7933 7957 7939
3 7933 7939 7875
3 7851 7933 7875
3 7851 7875 7876
3 7852 7851 7876
3 7933 7851 7852
3 7957 7933 7852
3 7982 7957 7852
3 8000 7982 7852
3 7901 8000 7852
3 7902 7901 7852
3 7903 7902 7852
3 7904 7903 7852
3 7905 7904 7852
3 7906 7905 7852
3 7907 7906 7852
3 7908 7907 7852
3 7909 7908 7852
3 7910 7909 7852
3 7911 7910 7852
3 7912 7911 7852
3 7913 7912 7852
3 7914 7913 7852
3 7915 7914 7852
3 7916 7915 7852
3 7983 7998 7916
3 7958 7983 7916
3 7934 7958 7916
3 7872 7934 7916
3 7871 7872 7916
3 7870 7871 7916
3 7869 7870 7916
3 7868 7869 7916
3 7867 7868 7916
3 7866 7867 7916
3 7865 7866 7916
3 7864 7865 7916
3 7863 7864 7916
3 7862 7863 7916
3 7861 7862 7916
3 7860 7861 7916
3 7859 7860 7916
3 7858 7859 7916
3 7857 7858 7916
3 7856 7857 7916
3 7855 7856 7916
3 7854 7855 7916
3 7853 7854 7916
3 7852 7853 7916
3 8015 8020 7959
3 8015 7959 7941
3 8020 7959 7949
3 8003 8020 7949
3 8003 8020 8015
3 8000 8003 8015
3 8000 8015 7941
3 7935 8000 7941
3 7959 7941 7935
3 7949 7959 7935
3 8000 8003 7949
3 8000 7949 7935
3 8005 7986 7984
3 7984 7960 8020
3 7984 8020 8029
3 7984 8029 8030
3 7984 8030 8043
3 7984 8043 8050
3 7984 8050 8053
3 8053 8058 8059
3 8053 8059 8052
3 8053 8052 8051
3 8053 8051 8042
3 8053 8042 8031
3 8053 8031 8028
3 8053 8028 8018
3 8053 8018 8014
3 8014 7942 7961
3 8014 7961 7985
3 8014 7985 7987
3 8014 7987 8006
3 8014 8006 8021
3 8014 8021 8023
3 8014 8023 8025
3 8025 8024 8022
3 8022 8019 8005
3 8005 7984 8053
3 8053 8014 8025
3 8053 8025 8022
3 8053 8022 8005
3 7986 7984 7974
3 7976 7986 7974
3 8005 7986 7976
3 7988 8005 7976
3 8002 8019 8005
3 8002 8005 7988
3 8007 8022 8019
3 8007 8019 8002
3 8009 8024 8022
3 8009 8022 8007
3 8010 8025 8024
3 8010 8024 8009
3 8010 8025 8023
3 8008 8010 8023
3 8008 8023 8021
3 8004 8008 8021
3 8004 8021 8006
3 7989 8004 8006
3 7989 8006 7987
3 7977 7989 7987
3 7977 7987 7985
3 7975 7977 7985
3 7975 7985 7961
3 7950 7975 7961
3 7950 7961 7942
3 7936 7950 7942
3 8014 7942 7936
3 7999 8014 7936
3 8018 8014 7999
3 8001 8018 7999
3 8028 8018 8001
3 8011 8028 8001
3 8031 8028 8011
3 8017 8031 8011
3 8042 8031 8017
3 8026 8042 8017
3 8051 8042 8026
3 8039 8051 8026
3 8052 8051 8039
3 8040 8052 8039
3 8059 8052 8040
3 8045 8059 8040
3 8058 8059 8045
3 8044 8058 8045
3 8041 8044 8058
3 8041 8058 8053
3 8038 8041 8053
3 8038 8053 8050
3 8027 8038 8050
3 8027 8050 8043
3 8016 8027 8043
3 8016 8043 8030
3 8016 8030 8029
3 8012 8016 8029
3 8012 8029 8020
3 8003 8012 8020
3 8003 8020 7960
3 7949 8003 7960
3 7984 7960 7949
3 7974 7984 7949
3 7988 7976 7974
3 7974 7949 8003
3 7974 8003 8012
3 7974 8012 8016
3 7974 8016 8027
3 7974 8027 8038
3 7974 8038 8041
3 8041 8044 8045
3 8041 8045 8040
3 8041 8040 8039
3 8041 8039 8026
3 8041 8026 8017
3 8041 8017 8011
3 8041 8011 8001
3 8041 8001 7999
3 7999 7936 7950
3 7999 7950 7975
3 7999 7975 7977
3 7999 7977 7989
3 7999 7989 8004
3 7999 8004 8008
3 7999 8008 8010
3 8010 8009 8007
3 8007 8002 7988
3 7988 7974 8041
3 8041 7999 8010
3 8041 8010 8007
3 8041 8007 7988
3 1633 73 3252
3 8060 1633 3252
3 6686 6690 6683
3 6678 6686 6683
3 6667 6678 6683
3 6659 6667 6683
3 6649 6659 6683
3 6636 6649 6683
3 6621 6636 6683
3 6610 6621 6683
3 6596 6610 6683
3 6580 6596 6683
3 6564 6580 6683
3 6552 6564 6683
3 6533 6552 6683
3 6515 6533 6683
3 6500 6515 6683
3 6482 6500 6683
3 6470 6482 6683
3 6449 6470 6683
3 6431 6449 6683
3 6412 6431 6683
3 6395 6412 6683
3 6378 6395 6683
3 6350 6378 6683
3 6331 6350 6683
3 6305 6331 6683
3 6274 6305 6683
3 6250 6274 6683
3 6244 6250 6683
3 6236 6244 6683
3 6232 6236 6683
3 6226 6232 6683
3 6220 6226 6683
3 6214 6220 6683
3 6210 6214 6683
3 6207 6210 6683
3 6204 6207 6683
3 6206 6204 6683
3 6209 6206 6683
3 6213 6209 6683
3 6219 6213 6683
3 6225 6219 6683
3 6231 6225 6683
3 6235 6231 6683
3 6243 6235 6683
3 6249 6243 6683
3 6273 6249 6683
3 6304 6273 6683
3 6330 6304 6683
3 6349 6330 6683
3 6377 6349 6683
3 6394 6377 6683
3 6411 6394 6683
3 6430 6411 6683
3 6448 6430 6683
3 6469 6448 6683
3 6481 6469 6683
3 6499 6481 6683
3 6514 6499 6683
3 6532 6514 6683
3 6551 6532 6683
3 6563 6551 6683
3 6579 6563 6683
3 6595 6579 6683
3 6609 6595 6683
3 6620 6609 6683
3 6635 6620 6683
3 6648 6635 6683
3 6658 6648 6683
3 6666 6658 6683
3 6677 6666 6683
3 4272 4271 4275
3 4278 4272 4275
3 4286 4278 4275
3 4301 4286 4275
3 4317 4301 4275
3 4331 4317 4275
3 4345 4331 4275
3 4356 4345 4275
3 4371 4356 4275
3 4383 4371 4275
3 4395 4383 4275
3 4403 4395 4275
3 4417 4403 4275
3 4429 4417 4275
3 4443 4429 4275
3 4455 4443 4275
3 4472 4455 4275
3 4486 4472 4275
3 4500 4486 4275
3 4518 4500 4275
3 4533 4518 4275
3 4562 4533 4275
3 4573 4562 4275
3 4581 4573 4275
3 4589 4581 4275
3 4602 4589 4275
3 4612 4602 4275
3 4616 4612 4275
3 4620 4616 4275
3 4624 4620 4275
3 4628 4624 4275
3 4632 4628 4275
3 4636 4632 4275
3 4640 4636 4275
3 4644 4640 4275
3 4647 4644 4275
3 4645 4647 4275
3 4641 4645 4275
3 4637 4641 4275
3 4633 4637 4275
3 4629 4633 4275
3 4625 4629 4275
3 4621 4625 4275
3 4617 4621 4275
3 4613 4617 4275
3 4603 4613 4275
3 4591 4603 4275
3 4582 4591 4275
3 4574 4582 4275
3 4566 4574 4275
3 4537 4566 4275
3 4519 4537 4275
3 4502 4519 4275
3 4487 4502 4275
3 4475 4487 4275
3 4458 4475 4275
3 4444 4458 4275
3 4430 4444 4275
3 4419 4430 4275
3 4404 4419 4275
3 4396 4404 4275
3 4384 4396 4275
3 4373 4384 4275
3 4360 4373 4275
3 4346 4360 4275
3 4334 4346 4275
3 4320 4334 4275
3 4306 4320 4275
3 4287 4306 4275
3 4279 4287 4275
3 5162 5160 5163
3 5165 5162 5163
3 5170 5165 5163
3 5174 5170 5163
3 5181 5174 5163
3 5188 5181 5163
3 5196 5188 5163
3 5203 5196 5163
3 5211 5203 5163
3 5229 5211 5163
3 5251 5229 5163
3 5271 5251 5163
3 5289 5271 5163
3 5305 5289 5163
3 5326 5305 5163
3 5345 5326 5163
3 5362 5345 5163
3 5383 5362 5163
3 5403 5383 5163
3 5430 5403 5163
3 5451 5430 5163
3 5483 5451 5163
3 5511 5483 5163
3 5532 5511 5163
3 5547 5532 5163
3 5570 5547 5163
3 5572 5570 5163
3 5574 5572 5163
3 5576 5574 5163
3 5578 5576 5163
3 5580 5578 5163
3 5582 5580 5163
3 5584 5582 5163
3 5586 5584 5163
3 5588 5586 5163
3 5590 5588 5163
3 5589 5590 5163
3 5587 5589 5163
3 5585 5587 5163
3 5583 5585 5163
3 5581 5583 5163
3 5579 5581 5163
3 5577 5579 5163
3 5575 5577 5163
3 5573 5575 5163
3 5571 5573 5163
3 5549 5571 5163
3 5536 5549 5163
3 5513 5536 5163
3 5485 5513 5163
3 5453 5485 5163
3 5434 5453 5163
3 5405 5434 5163
3 5385 5405 5163
3 5363 5385 5163
3 5346 5363 5163
3 5327 5346 5163
3 5307 5327 5163
3 5290 5307 5163
3 5272 5290 5163
3 5254 5272 5163
3 5232 5254 5163
3 5213 5232 5163
3 5205 5213 5163
3 5197 5205 5163
3 5189 5197 5163
3 5182 5189 5163
3 5176 5182 5163
3 5171 5176 5163
3 5166 5171 5163
3 4292 4290 4295
3 4299 4292 4295
3 4307 4299 4295
3 4315 4307 4295
3 4323 4315 4295
3 4332 4323 4295
3 4340 4332 4295
3 4349 4340 4295
3 4357 4349 4295
3 4366 4357 4295
3 4375 4366 4295
3 4385 4375 4295
3 4392 4385 4295
3 4400 4392 4295
3 4411 4400 4295
3 4418 4411 4295
3 4427 4418 4295
3 4439 4427 4295
3 4445 4439 4295
3 4453 4445 4295
3 4465 4453 4295
3 4473 4465 4295
3 4481 4473 4295
3 4488 4481 4295
3 4498 4488 4295
3 4506 4498 4295
3 4513 4506 4295
3 4520 4513 4295
3 4528 4520 4295
3 4532 4528 4295
3 4538 4532 4295
3 4544 4538 4295
3 4550 4544 4295
3 4554 4550 4295
3 4558 4554 4295
3 4564 4558 4295
3 4559 4564 4295
3 4555 4559 4295
3 4551 4555 4295
3 4545 4551 4295
3 4539 4545 4295
3 4534 4539 4295
3 4529 4534 4295
3 4521 4529 4295
3 4514 4521 4295
3 4507 4514 4295
3 4499 4507 4295
3 4489 4499 4295
3 4483 4489 4295
3 4474 4483 4295
3 4467 4474 4295
3 4454 4467 4295
3 4447 4454 4295
3 4440 4447 4295
3 4428 4440 4295
3 4421 4428 4295
3 4412 4421 4295
3 4402 4412 4295
3 4393 4402 4295
3 4386 4393 4295
3 4376 4386 4295
3 4367 4376 4295
3 4359 4367 4295
3 4350 4359 4295
3 4341 4350 4295
3 4333 4341 4295
3 4324 4333 4295
3 4316 4324 4295
3 4308 4316 4295
3 4300 4308 4295
3 5368 5380 5394
3 5357 5368 5394
3 5344 5357 5394
3 5330 5344 5394
3 5321 5330 5394
3 5310 5321 5394
3 5298 5310 5394
3 5288 5298 5394
3 5279 5288 5394
3 5270 5279 5394
3 5264 5270 5394
3 5253 5264 5394
3 5247 5253 5394
3 5242 5247 5394
3 5236 5242 5394
3 5228 5236 5394
3 5222 5228 5394
3 5218 5222 5394
3 5221 5218 5394
3 5227 5221 5394
3 5235 5227 5394
3 5241 5235 5394
3 5246 5241 5394
3 5252 5246 5394
3 5263 5252 5394
3 5269 5263 5394
3 5278 5269 5394
3 5287 5278 5394
3 5297 5287 5394
3 5309 5297 5394
3 5320 5309 5394
3 5329 5320 5394
3 5343 5329 5394
3 5356 5343 5394
3 5367 5356 5394
3 5381 5367 5394
3 5393 5381 5394
3 5408 5393 5394
3 5426 5408 5394
3 5440 5426 5394
3 5454 5440 5394
3 5472 5454 5394
3 5493 5472 5394
3 5508 5493 5394
3 5520 5508 5394
3 5528 5520 5394
3 5539 5528 5394
3 5543 5539 5394
3 5550 5543 5394
3 5554 5550 5394
3 5558 5554 5394
3 5561 5558 5394
3 5564 5561 5394
3 5568 5564 5394
3 5565 5568 5394
3 5563 5565 5394
3 5559 5563 5394
3 5555 5559 5394
3 5551 5555 5394
3 5544 5551 5394
3 5540 5544 5394
3 5529 5540 5394
3 5521 5529 5394
3 5509 5521 5394
3 5494 5509 5394
3 5473 5494 5394
3 5455 5473 5394
3 5441 5455 5394
3 5427 5441 5394
3 5409 5427 5394
3 4185 4186 4182
3 4179 4185 4182
3 4174 4179 4182
3 4171 4174 4182
3 4167 4171 4182
3 4161 4167 4182
3 4157 4161 4182
3 4153 4157 4182
3 4147 4153 4182
3 4135 4147 4182
3 4120 4135 4182
3 4103 4120 4182
3 4091 4103 4182
3 4079 4091 4182
3 4067 4079 4182
3 4055 4067 4182
3 4031 4055 4182
3 4013 4031 4182
3 3999 4013 4182
3 3984 3999 4182
3 3973 3984 4182
3 3959 3973 4182
3 3938 3959 4182
3 3927 3938 4182
3 3918 3927 4182
3 3904 3918 4182
3 3897 3904 4182
3 3884 3897 4182
3 3877 3884 4182
3 3867 3877 4182
3 3856 3867 4182
3 3851 3856 4182
3 3843 3851 4182
3 3839 3843 4182
3 3833 3839 4182
3 3828 3833 4182
3 3832 3828 4182
3 3838 3832 4182
3 3842 3838 4182
3 3850 3842 4182
3 3855 3850 4182
3 3866 3855 4182
3 3876 3866 4182
3 3883 3876 4182
3 3896 3883 4182
3 3903 3896 4182
3 3917 3903 4182
3 3926 3917 4182
3 3937 3926 4182
3 3958 3937 4182
3 3972 3958 4182
3 3983 3972 4182
3 3998 3983 4182
3 4012 3998 4182
3 4030 4012 4182
3 4054 4030 4182
3 4066 4054 4182
3 4078 4066 4182
3 4090 4078 4182
3 4102 4090 4182
3 4119 4102 4182
3 4134 4119 4182
3 4146 4134 4182
3 4152 4146 4182
3 4156 4152 4182
3 4160 4156 4182
3 4166 4160 4182
3 4170 4166 4182
3 4175 4170 4182
3 4178 4175 4182
3 3085 3117 3140
3 3069 3085 3140
3 3052 3069 3140
3 3040 3052 3140
3 3023 3040 3140
3 3007 3023 3140
3 2988 3007 3140
3 2978 2988 3140
3 2965 2978 3140
3 2957 2965 3140
3 2950 2957 3140
3 2942 2950 3140
3 2936 2942 3140
3 2927 2936 3140
3 2920 2927 3140
3 2915 2920 3140
3 2909 2915 3140
3 2903 2909 3140
3 2907 2903 3140
3 2914 2907 3140
3 2919 2914 3140
3 2926 2919 3140
3 2935 2926 3140
3 2941 2935 3140
3 2949 2941 3140
3 2956 2949 3140
3 2964 2956 3140
3 2977 2964 3140
3 2987 2977 3140
3 3006 2987 3140
3 3022 3006 3140
3 3039 3022 3140
3 3051 3039 3140
3 3068 3051 3140
3 3084 3068 3140
3 3116 3084 3140
3 3139 3116 3140
3 3162 3139 3140
3 3180 3162 3140
3 3197 3180 3140
3 3212 3197 3140
3 3228 3212 3140
3 3245 3228 3140
3 3261 3245 3140
3 3273 3261 3140
3 3287 3273 3140
3 3301 3287 3140
3 3315 3301 3140
3 3324 3315 3140
3 3335 3324 3140
3 3349 3335 3140
3 3354 3349 3140
3 3364 3354 3140
3 3368 3364 3140
3 3362 3368 3140
3 3356 3362 3140
3 3350 3356 3140
3 3336 3350 3140
3 3325 3336 3140
3 3316 3325 3140
3 3302 3316 3140
3 3288 3302 3140
3 3275 3288 3140
3 3262 3275 3140
3 3246 3262 3140
3 3229 3246 3140
3 3214 3229 3140
3 3196 3214 3140
3 3181 3196 3140
3 3163 3181 3140
3 3242 3258 3269
3 3231 3242 3269
3 3220 3231 3269
3 3207 3220 3269
3 3199 3207 3269
3 3188 3199 3269
3 3178 3188 3269
3 3169 3178 3269
3 3160 3169 3269
3 3153 3160 3269
3 3143 3153 3269
3 3133 3143 3269
3 3128 3133 3269
3 3123 3128 3269
3 3115 3123 3269
3 3106 3115 3269
3 3098 3106 3269
3 3095 3098 3269
3 3096 3095 3269
3 3105 3096 3269
3 3114 3105 3269
3 3122 3114 3269
3 3127 3122 3269
3 3132 3127 3269
3 3142 3132 3269
3 3152 3142 3269
3 3159 3152 3269
3 3168 3159 3269
3 3177 3168 3269
3 3187 3177 3269
3 3198 3187 3269
3 3206 3198 3269
3 3219 3206 3269
3 3230 3219 3269
3 3241 3230 3269
3 3257 3241 3269
3 3268 3257 3269
3 3279 3268 3269
3 3294 3279 3269
3 3307 3294 3269
3 3321 3307 3269
3 3338 3321 3269
3 3359 3338 3269
3 3374 3359 3269
3 3380 3374 3269
3 3388 3380 3269
3 3397 3388 3269
3 3406 3397 3269
3 3411 3406 3269
3 3415 3411 3269
3 3419 3415 3269
3 3422 3419 3269
3 3424 3422 3269
3 3428 3424 3269
3 3425 3428 3269
3 3423 3425 3269
3 3420 3423 3269
3 3416 3420 3269
3 3412 3416 3269
3 3407 3412 3269
3 3398 3407 3269
3 3389 3398 3269
3 3381 3389 3269
3 3375 3381 3269
3 3360 3375 3269
3 3339 3360 3269
3 3322 3339 3269
3 3308 3322 3269
3 3295 3308 3269
3 3280 3295 3269
3 7040 7039 7041
3 7044 7040 7041
3 7047 7044 7041
3 7052 7047 7041
3 7060 7052 7041
3 7065 7060 7041
3 7071 7065 7041
3 7075 7071 7041
3 7077 7075 7041
3 7079 7077 7041
3 7084 7079 7041
3 7092 7084 7041
3 7096 7092 7041
3 7102 7096 7041
3 7104 7102 7041
3 7111 7104 7041
3 7115 7111 7041
3 7119 7115 7041
3 7123 7119 7041
3 7127 7123 7041
3 7129 7127 7041
3 7140 7129 7041
3 7142 7140 7041
3 7146 7142 7041
3 7150 7146 7041
3 7152 7150 7041
3 7154 7152 7041
3 7157 7154 7041
3 7159 7157 7041
3 7161 7159 7041
3 7163 7161 7041
3 7165 7163 7041
3 7167 7165 7041
3 7169 7167 7041
3 7171 7169 7041
3 7173 7171 7041
3 7172 7173 7041
3 7170 7172 7041
3 7168 7170 7041
3 7166 7168 7041
3 7164 7166 7041
3 7162 7164 7041
3 7160 7162 7041
3 7158 7160 7041
3 7155 7158 7041
3 7153 7155 7041
3 7151 7153 7041
3 7147 7151 7041
3 7143 7147 7041
3 7141 7143 7041
3 7130 7141 7041
3 7128 7130 7041
3 7124 7128 7041
3 7120 7124 7041
3 7116 7120 7041
3 7112 7116 7041
3 7105 7112 7041
3 7103 7105 7041
3 7099 7103 7041
3 7093 7099 7041
3 7085 7093 7041
3 7080 7085 7041
3 7078 7080 7041
3 7076 7078 7041
3 7072 7076 7041
3 7066 7072 7041
3 7061 7066 7041
3 7053 7061 7041
3 7048 7053 7041
3 7045 7048 7041
3 7653 7654 7650
3 7645 7653 7650
3 7635 7645 7650
3 7627 7635 7650
3 7621 7627 7650
3 7613 7621 7650
3 7603 7613 7650
3 7593 7603 7650
3 7586 7593 7650
3 7576 7586 7650
3 7568 7576 7650
3 7560 7568 7650
3 7553 7560 7650
3 7547 7553 7650
3 7535 7547 7650
3 7522 7535 7650
3 7516 7522 7650
3 7507 7516 7650
3 7497 7507 7650
3 7490 7497 7650
3 7480 7490 7650
3 7470 7480 7650
3 7462 7470 7650
3 7453 7462 7650
3 7446 7453 7650
3 7437 7446 7650
3 7431 7437 7650
3 7424 7431 7650
3 7417 7424 7650
3 7411 7417 7650
3 7401 7411 7650
3 7395 7401 7650
3 7389 7395 7650
3 7384 7389 7650
3 7381 7384 7650
3 7378 7381 7650
3 7380 7378 7650
3 7383 7380 7650
3 7388 7383 7650
3 7394 7388 7650
3 7400 7394 7650
3 7410 7400 7650
3 7416 7410 7650
3 7423 7416 7650
3 7429 7423 7650
3 7436 7429 7650
3 7445 7436 7650
3 7452 7445 7650
3 7461 7452 7650
3 7469 7461 7650
3 7479 7469 7650
3 7489 7479 7650
3 7496 7489 7650
3 7506 7496 7650
3 7515 7506 7650
3 7521 7515 7650
3 7534 7521 7650
3 7546 7534 7650
3 7552 7546 7650
3 7559 7552 7650
3 7567 7559 7650
3 7575 7567 7650
3 7585 7575 7650
3 7592 7585 7650
3 7602 7592 7650
3 7612 7602 7650
3 7619 7612 7650
3 7626 7619 7650
3 7634 7626 7650
3 7644 7634 7650
3 7063 7064 7062
3 7059 7063 7062
3 7055 7059 7062
3 7051 7055 7062
3 7043 7051 7062
3 7038 7043 7062
3 7034 7038 7062
3 7030 7034 7062
3 7028 7030 7062
3 7026 7028 7062
3 7022 7026 7062
3 7018 7022 7062
3 7016 7018 7062
3 7012 7016 7062
3 7010 7012 7062
3 7008 7010 7062
3 7000 7008 7062
3 6998 7000 7062
3 6994 6998 7062
3 6992 6994 7062
3 6986 6992 7062
3 6980 6986 7062
3 6978 6980 7062
3 6974 6978 7062
3 6972 6974 7062
3 6968 6972 7062
3 6966 6968 7062
3 6964 6966 7062
3 6962 6964 7062
3 6960 6962 7062
3 6958 6960 7062
3 6956 6958 7062
3 6954 6956 7062
3 6952 6954 7062
3 6948 6952 7062
3 6946 6948 7062
3 6947 6946 7062
3 6951 6947 7062
3 6953 6951 7062
3 6955 6953 7062
3 6957 6955 7062
3 6959 6957 7062
3 6961 6959 7062
3 6963 6961 7062
3 6965 6963 7062
3 6967 6965 7062
3 6971 6967 7062
3 6973 6971 7062
3 6977 6973 7062
3 6979 6977 7062
3 6985 6979 7062
3 6991 6985 7062
3 6993 6991 7062
3 6997 6993 7062
3 6999 6997 7062
3 7005 6999 7062
3 7009 7005 7062
3 7011 7009 7062
3 7015 7011 7062
3 7017 7015 7062
3 7021 7017 7062
3 7025 7021 7062
3 7027 7025 7062
3 7029 7027 7062
3 7033 7029 7062
3 7037 7033 7062
3 7042 7037 7062
3 7050 7042 7062
3 7054 7050 7062
3 7058 7054 7062
3 6290 6289 6293
3 6298 6290 6293
3 6306 6298 6293
3 6316 6306 6293
3 6326 6316 6293
3 6338 6326 6293
3 6351 6338 6293
3 6369 6351 6293
3 6384 6369 6293
3 6400 6384 6293
3 6410 6400 6293
3 6428 6410 6293
3 6446 6428 6293
3 6461 6446 6293
3 6473 6461 6293
3 6493 6473 6293
3 6508 6493 6293
3 6523 6508 6293
3 6547 6523 6293
3 6562 6547 6293
3 6586 6562 6293
3 6604 6586 6293
3 6622 6604 6293
3 6644 6622 6293
3 6668 6644 6293
3 6706 6668 6293
3 6730 6706 6293
3 6739 6730 6293
3 6748 6739 6293
3 6754 6748 6293
3 6760 6754 6293
3 6765 6760 6293
3 6771 6765 6293
3 6776 6771 6293
3 6780 6776 6293
3 6783 6780 6293
3 6781 6783 6293
3 6777 6781 6293
3 6772 6777 6293
3 6767 6772 6293
3 6761 6767 6293
3 6755 6761 6293
3 6749 6755 6293
3 6740 6749 6293
3 6732 6740 6293
3 6708 6732 6293
3 6674 6708 6293
3 6647 6674 6293
3 6625 6647 6293
3 6605 6625 6293
3 6587 6605 6293
3 6565 6587 6293
3 6550 6565 6293
3 6526 6550 6293
3 6509 6526 6293
3 6494 6509 6293
3 6477 6494 6293
3 6462 6477 6293
3 6447 6462 6293
3 6429 6447 6293
3 6414 6429 6293
3 6402 6414 6293
3 6385 6402 6293
3 6373 6385 6293
3 6352 6373 6293
3 6340 6352 6293
3 6327 6340 6293
3 6317 6327 6293
3 6307 6317 6293
3 6299 6307 6293
3 3516 3522 3526
3 3508 3516 3526
3 3504 3508 3526
3 3498 3504 3526
3 3494 3498 3526
3 3490 3494 3526
3 3480 3490 3526
3 3476 3480 3526
3 3472 3476 3526
3 3468 3472 3526
3 3464 3468 3526
3 3458 3464 3526
3 3454 3458 3526
3 3450 3454 3526
3 3446 3450 3526
3 3442 3446 3526
3 3438 3442 3526
3 3435 3438 3526
3 3437 3435 3526
3 3441 3437 3526
3 3445 3441 3526
3 3449 3445 3526
3 3453 3449 3526
3 3457 3453 3526
3 3463 3457 3526
3 3467 3463 3526
3 3471 3467 3526
3 3475 3471 3526
3 3479 3475 3526
3 3489 3479 3526
3 3493 3489 3526
3 3497 3493 3526
3 3503 3497 3526
3 3507 3503 3526
3 3515 3507 3526
3 3521 3515 3526
3 3525 3521 3526
3 3531 3525 3526
3 3535 3531 3526
3 3541 3535 3526
3 3545 3541 3526
3 3551 3545 3526
3 3559 3551 3526
3 3563 3559 3526
3 3567 3563 3526
3 3571 3567 3526
3 3577 3571 3526
3 3583 3577 3526
3 3587 3583 3526
3 3591 3587 3526
3 3595 3591 3526
3 3599 3595 3526
3 3603 3599 3526
3 3606 3603 3526
3 3604 3606 3526
3 3600 3604 3526
3 3596 3600 3526
3 3592 3596 3526
3 3588 3592 3526
3 3584 3588 3526
3 3578 3584 3526
3 3572 3578 3526
3 3568 3572 3526
3 3564 3568 3526
3 3560 3564 3526
3 3552 3560 3526
3 3546 3552 3526
3 3542 3546 3526
3 3536 3542 3526
3 3532 3536 3526
3 4889 4898 4908
3 4881 4889 4908
3 4870 4881 4908
3 4863 4870 4908
3 4855 4863 4908
3 4847 4855 4908
3 4840 4847 4908
3 4835 4840 4908
3 4823 4835 4908
3 4816 4823 4908
3 4810 4816 4908
3 4803 4810 4908
3 4797 4803 4908
3 4792 4797 4908
3 4787 4792 4908
3 4781 4787 4908
3 4776 4781 4908
3 4772 4776 4908
3 4774 4772 4908
3 4780 4774 4908
3 4786 4780 4908
3 4791 4786 4908
3 4796 4791 4908
3 4802 4796 4908
3 4809 4802 4908
3 4815 4809 4908
3 4822 4815 4908
3 4834 4822 4908
3 4839 4834 4908
3 4846 4839 4908
3 4856 4846 4908
3 4862 4856 4908
3 4872 4862 4908
3 4880 4872 4908
3 4888 4880 4908
3 4897 4888 4908
3 4907 4897 4908
3 4918 4907 4908
3 4928 4918 4908
3 4938 4928 4908
3 4948 4938 4908
3 4960 4948 4908
3 4972 4960 4908
3 4990 4972 4908
3 5002 4990 4908
3 5007 5002 4908
3 5022 5007 4908
3 5026 5022 4908
3 5030 5026 4908
3 5034 5030 4908
3 5038 5034 4908
3 5042 5038 4908
3 5046 5042 4908
3 5050 5046 4908
3 5049 5050 4908
3 5043 5049 4908
3 5039 5043 4908
3 5035 5039 4908
3 5031 5035 4908
3 5027 5031 4908
3 5023 5027 4908
3 5008 5023 4908
3 5003 5008 4908
3 4994 5003 4908
3 4974 4994 4908
3 4961 4974 4908
3 4949 4961 4908
3 4939 4949 4908
3 4929 4939 4908
3 4919 4929 4908
3 3086 3082 3078
3 3089 3086 3078
3 3091 3089 3078
3 3088 3091 3078
3 3083 3088 3078
3 3079 3083 3078
3 3074 3079 3078
3 3067 3074 3078
3 3058 3067 3078
3 3050 3058 3078
3 3042 3050 3078
3 3033 3042 3078
3 3019 3033 3078
3 2999 3019 3078
3 2985 2999 3078
3 2970 2985 3078
3 2958 2970 3078
3 2946 2958 3078
3 2931 2946 3078
3 2901 2931 3078
3 2897 2901 3078
3 2893 2897 3078
3 2891 2893 3078
3 2885 2891 3078
3 2883 2885 3078
3 2881 2883 3078
3 2877 2881 3078
3 2873 2877 3078
3 2869 2873 3078
3 2867 2869 3078
3 2865 2867 3078
3 2863 2865 3078
3 2859 2863 3078
3 2857 2859 3078
3 2855 2857 3078
3 2853 2855 3078
3 2851 2853 3078
3 2847 2851 3078
3 2846 2847 3078
3 2850 2846 3078
3 2852 2850 3078
3 2854 2852 3078
3 2856 2854 3078
3 2858 2856 3078
3 2862 2858 3078
3 2864 2862 3078
3 2866 2864 3078
3 2868 2866 3078
3 2872 2868 3078
3 2876 2872 3078
3 2878 2876 3078
3 2882 2878 3078
3 2884 2882 3078
3 2886 2884 3078
3 2892 2886 3078
3 2894 2892 3078
3 2900 2894 3078
3 2923 2900 3078
3 2940 2923 3078
3 2953 2940 3078
3 2963 2953 3078
3 2979 2963 3078
3 2993 2979 3078
3 3013 2993 3078
3 3028 3013 3078
3 3038 3028 3078
3 3046 3038 3078
3 3055 3046 3078
3 3064 3055 3078
3 3070 3064 3078
3 1852 1856 1864
3 1846 1852 1864
3 1844 1846 1864
3 1851 1844 1864
3 1855 1851 1864
3 1860 1855 1864
3 1868 1860 1864
3 1886 1868 1864
3 1902 1886 1864
3 1913 1902 1864
3 1931 1913 1864
3 1945 1931 1864
3 1960 1945 1864
3 1971 1960 1864
3 1987 1971 1864
3 2004 1987 1864
3 2018 2004 1864
3 2034 2018 1864
3 2059 2034 1864
3 2081 2059 1864
3 2091 2081 1864
3 2101 2091 1864
3 2115 2101 1864
3 2124 2115 1864
3 2138 2124 1864
3 2148 2138 1864
3 2158 2148 1864
3 2167 2158 1864
3 2178 2167 1864
3 2185 2178 1864
3 2192 2185 1864
3 2201 2192 1864
3 2210 2201 1864
3 2217 2210 1864
3 2225 2217 1864
3 2229 2225 1864
3 2233 2229 1864
3 2237 2233 1864
3 2242 2237 1864
3 2236 2242 1864
3 2231 2236 1864
3 2228 2231 1864
3 2220 2228 1864
3 2211 2220 1864
3 2204 2211 1864
3 2195 2204 1864
3 2187 2195 1864
3 2179 2187 1864
3 2171 2179 1864
3 2161 2171 1864
3 2152 2161 1864
3 2143 2152 1864
3 2132 2143 1864
3 2118 2132 1864
3 2106 2118 1864
3 2096 2106 1864
3 2084 2096 1864
3 2068 2084 1864
3 2039 2068 1864
3 2023 2039 1864
3 2012 2023 1864
3 1995 2012 1864
3 1981 1995 1864
3 1964 1981 1864
3 1950 1964 1864
3 1936 1950 1864
3 1921 1936 1864
3 1907 1921 1864
3 1893 1907 1864
3 1878 1893 1864
3 2780 2783 2778
3 2773 2780 2778
3 2766 2773 2778
3 2757 2766 2778
3 2746 2757 2778
3 2737 2746 2778
3 2727 2737 2778
3 2717 2727 2778
3 2704 2717 2778
3 2695 2704 2778
3 2683 2695 2778
3 2673 2683 2778
3 2658 2673 2778
3 2645 2658 2778
3 2631 2645 2778
3 2619 2631 2778
3 2604 2619 2778
3 2589 2604 2778
3 2571 2589 2778
3 2534 2571 2778
3 2528 2534 2778
3 2518 2528 2778
3 2509 2518 2778
3 2498 2509 2778
3 2475 2498 2778
3 2468 2475 2778
3 2462 2468 2778
3 2456 2462 2778
3 2452 2456 2778
3 2448 2452 2778
3 2436 2448 2778
3 2429 2436 2778
3 2425 2429 2778
3 2421 2425 2778
3 2417 2421 2778
3 2413 2417 2778
3 2415 2413 2778
3 2420 2415 2778
3 2424 2420 2778
3 2428 2424 2778
3 2435 2428 2778
3 2447 2435 2778
3 2451 2447 2778
3 2455 2451 2778
3 2461 2455 2778
3 2467 2461 2778
3 2470 2467 2778
3 2493 2470 2778
3 2506 2493 2778
3 2514 2506 2778
3 2525 2514 2778
3 2533 2525 2778
3 2564 2533 2778
3 2584 2564 2778
3 2601 2584 2778
3 2616 2601 2778
3 2630 2616 2778
3 2644 2630 2778
3 2654 2644 2778
3 2668 2654 2778
3 2682 2668 2778
3 2693 2682 2778
3 2702 2693 2778
3 2714 2702 2778
3 2725 2714 2778
3 2734 2725 2778
3 2744 2734 2778
3 2756 2744 2778
3 2765 2756 2778
3 2772 2765 2778
3 1643 1644 1642
3 1641 1643 1642
3 1639 1641 1642
3 1635 1639 1642
3 1631 1635 1642
3 1629 1631 1642
3 1627 1629 1642
3 1624 1627 1642
3 1622 1624 1642
3 1620 1622 1642
3 1618 1620 1642
3 1616 1618 1642
3 1614 1616 1642
3 1607 1614 1642
3 1602 1607 1642
3 1598 1602 1642
3 1595 1598 1642
3 1593 1595 1642
3 1586 1593 1642
3 1574 1586 1642
3 1569 1574 1642
3 1567 1569 1642
3 1564 1567 1642
3 1560 1564 1642
3 1557 1560 1642
3 1554 1557 1642
3 1550 1554 1642
3 1547 1550 1642
3 1544 1547 1642
3 1542 1544 1642
3 1540 1542 1642
3 1538 1540 1642
3 1535 1538 1642
3 1533 1535 1642
3 1531 1533 1642
3 1529 1531 1642
3 1530 1529 1642
3 1532 1530 1642
3 1534 1532 1642
3 1537 1534 1642
3 1539 1537 1642
3 1541 1539 1642
3 1543 1541 1642
3 1546 1543 1642
3 1549 1546 1642
3 1553 1549 1642
3 1556 1553 1642
3 1559 1556 1642
3 1563 1559 1642
3 1566 1563 1642
3 1568 1566 1642
3 1573 1568 1642
3 1585 1573 1642
3 1591 1585 1642
3 1594 1591 1642
3 1597 1594 1642
3 1601 1597 1642
3 1606 1601 1642
3 1613 1606 1642
3 1615 1613 1642
3 1617 1615 1642
3 1619 1617 1642
3 1621 1619 1642
3 1623 1621 1642
3 1625 1623 1642
3 1628 1625 1642
3 1630 1628 1642
3 1632 1630 1642
3 1638 1632 1642
3 1640 1638 1642
3 2536 2535 2539
3 2543 2536 2539
3 2551 2543 2539
3 2560 2551 2539
3 2565 2560 2539
3 2572 2565 2539
3 2580 2572 2539
3 2585 2580 2539
3 2592 2585 2539
3 2598 2592 2539
3 2606 2598 2539
3 2617 2606 2539
3 2624 2617 2539
3 2634 2624 2539
3 2642 2634 2539
3 2652 2642 2539
3 2661 2652 2539
3 2667 2661 2539
3 2677 2667 2539
3 2686 2677 2539
3 2696 2686 2539
3 2706 2696 2539
3 2715 2706 2539
3 2724 2715 2539
3 2735 2724 2539
3 2745 2735 2539
3 2759 2745 2539
3 2774 2759 2539
3 2787 2774 2539
3 2800 2787 2539
3 2808 2800 2539
3 2812 2808 2539
3 2816 2812 2539
3 2822 2816 2539
3 2826 2822 2539
3 2829 2826 2539
3 2827 2829 2539
3 2823 2827 2539
3 2817 2823 2539
3 2813 2817 2539
3 2809 2813 2539
3 2801 2809 2539
3 2788 2801 2539
3 2777 2788 2539
3 2761 2777 2539
3 2747 2761 2539
3 2736 2747 2539
3 2726 2736 2539
3 2716 2726 2539
3 2707 2716 2539
3 2697 2707 2539
3 2688 2697 2539
3 2678 2688 2539
3 2669 2678 2539
3 2662 2669 2539
3 2653 2662 2539
3 2643 2653 2539
3 2635 2643 2539
3 2625 2635 2539
3 2618 2625 2539
3 2608 2618 2539
3 2600 2608 2539
3 2594 2600 2539
3 2586 2594 2539
3 2581 2586 2539
3 2574 2581 2539
3 2568 2574 2539
3 2561 2568 2539
3 2552 2561 2539
3 2544 2552 2539
3 898 917 939
3 883 898 939
3 869 883 939
3 851 869 939
3 834 851 939
3 817 834 939
3 803 817 939
3 791 803 939
3 778 791 939
3 756 778 939
3 741 756 939
3 724 741 939
3 716 724 939
3 704 716 939
3 693 704 939
3 686 693 939
3 671 686 939
3 665 671 939
3 668 665 939
3 685 668 939
3 692 685 939
3 703 692 939
3 715 703 939
3 726 715 939
3 740 726 939
3 754 740 939
3 777 754 939
3 790 777 939
3 802 790 939
3 816 802 939
3 833 816 939
3 850 833 939
3 868 850 939
3 881 868 939
3 897 881 939
3 916 897 939
3 937 916 939
3 970 937 939
3 984 970 939
3 992 984 939
3 1005 992 939
3 1014 1005 939
3 1031 1014 939
3 1040 1031 939
3 1046 1040 939
3 1052 1046 939
3 1061 1052 939
3 1069 1061 939
3 1076 1069 939
3 1082 1076 939
3 1088 1082 939
3 1093 1088 939
3 1099 1093 939
3 1104 1099 939
3 1102 1104 939
3 1095 1102 939
3 1089 1095 939
3 1083 1089 939
3 1077 1083 939
3 1070 1077 939
3 1062 1070 939
3 1053 1062 939
3 1047 1053 939
3 1041 1047 939
3 1033 1041 939
3 1016 1033 939
3 1006 1016 939
3 993 1006 939
3 983 993 939
3 971 983 939
3 1381 1385 1389
3 1374 1381 1389
3 1370 1374 1389
3 1365 1370 1389
3 1361 1365 1389
3 1356 1361 1389
3 1351 1356 1389
3 1345 1351 1389
3 1341 1345 1389
3 1337 1341 1389
3 1333 1337 1389
3 1329 1333 1389
3 1324 1329 1389
3 1320 1324 1389
3 1316 1320 1389
3 1312 1316 1389
3 1308 1312 1389
3 1304 1308 1389
3 1307 1304 1389
3 1311 1307 1389
3 1315 1311 1389
3 1319 1315 1389
3 1323 1319 1389
3 1328 1323 1389
3 1332 1328 1389
3 1336 1332 1389
3 1340 1336 1389
3 1344 1340 1389
3 1350 1344 1389
3 1355 1350 1389
3 1360 1355 1389
3 1364 1360 1389
3 1369 1364 1389
3 1373 1369 1389
3 1380 1373 1389
3 1384 1380 1389
3 1388 1384 1389
3 1393 1388 1389
3 1397 1393 1389
3 1402 1397 1389
3 1406 1402 1389
3 1418 1406 1389
3 1422 1418 1389
3 1426 1422 1389
3 1432 1426 1389
3 1437 1432 1389
3 1445 1437 1389
3 1449 1445 1389
3 1453 1449 1389
3 1457 1453 1389
3 1461 1457 1389
3 1465 1461 1389
3 1469 1465 1389
3 1473 1469 1389
3 1471 1473 1389
3 1466 1471 1389
3 1462 1466 1389
3 1458 1462 1389
3 1454 1458 1389
3 1450 1454 1389
3 1446 1450 1389
3 1438 1446 1389
3 1433 1438 1389
3 1427 1433 1389
3 1423 1427 1389
3 1419 1423 1389
3 1407 1419 1389
3 1403 1407 1389
3 1398 1403 1389
3 1394 1398 1389
3 809 820 832
3 798 809 832
3 787 798 832
3 776 787 832
3 755 776 832
3 742 755 832
3 727 742 832
3 714 727 832
3 700 714 832
3 675 700 832
3 660 675 832
3 650 660 832
3 641 650 832
3 636 641 832
3 631 636 832
3 628 631 832
3 624 628 832
3 620 624 832
3 622 620 832
3 627 622 832
3 630 627 832
3 635 630 832
3 640 635 832
3 649 640 832
3 659 649 832
3 674 659 832
3 699 674 832
3 712 699 832
3 725 712 832
3 743 725 832
3 753 743 832
3 775 753 832
3 786 775 832
3 797 786 832
3 808 797 832
3 819 808 832
3 831 819 832
3 842 831 832
3 854 842 832
3 865 854 832
3 875 865 832
3 884 875 832
3 891 884 832
3 901 891 832
3 908 901 832
3 918 908 832
3 926 918 832
3 933 926 832
3 940 933 832
3 946 940 832
3 953 946 832
3 957 953 832
3 960 957 832
3 964 960 832
3 962 964 832
3 958 962 832
3 954 958 832
3 947 954 832
3 941 947 832
3 934 941 832
3 927 934 832
3 919 927 832
3 909 919 832
3 902 909 832
3 892 902 832
3 885 892 832
3 876 885 832
3 866 876 832
3 855 866 832
3 843 855 832
3 71 139 175
3 123 71 175
3 6067 123 175
3 4269 5518 6067
3 4998 4269 6067
3 175 4998 6067
3 1120 1408 451
3 343 1120 451
3 65 69 103
3 52 57 65
3 129 52 65
3 5637 6090 129
3 5611 5637 129
3 4211 5611 129
3 103 4211 129
3 65 103 129
3 70 69 65
3 66 70 65
3 58 66 65
3 58 65 57
3 58 57 52
3 53 58 52
3 53 52 129
3 130 53 129
3 6091 130 129
3 6091 129 6090
3 5638 6091 6090
3 5638 6090 5637
3 5638 5637 5611
3 5612 5638 5611
3 4212 5612 5611
3 4212 5611 4211
3 4212 4211 103
3 104 4212 103
3 70 104 103
3 70 103 69
3 66 70 104
3 53 58 66
3 130 53 66
3 5638 6091 130
3 5612 5638 130
3 4212 5612 130
3 104 4212 130
3 66 104 130
3 4245 5633 5617
3 4211 4245 5617
3 4246 5634 5633
3 4246 5633 4245
3 4246 4245 4211
3 4212 4246 4211
3 4212 4211 5617
3 5618 4212 5617
3 5634 5618 5617
3 5634 5617 5633
3 4246 5634 5618
3 4212 4246 5618
3 72 140 176
3 124 72 176
3 6068 124 176
3 4270 5519 6068
3 4999 4270 6068
3 176 4999 6068
3 3191 4583 5371
3 3191 5371 3190
3 47 1269 2379
3 27 39 47
3 52 27 47
3 57 52 47
3 65 57 47
3 1678 65 47
3 1650 1678 47
3 2379 1650 47
3 1270 1269 47
3 48 1270 47
3 40 48 47
3 40 47 39
3 40 39 27
3 28 40 27
3 28 27 52
3 53 28 52
3 58 53 52
3 58 52 57
3 58 57 65
3 66 58 65
3 1679 66 65
3 1679 65 1678
3 1651 1679 1678
3 1651 1678 1650
3 2380 1651 1650
3 2380 1650 2379
3 1270 2380 2379
3 1270 2379 1269
3 48 1270 2380
3 28 40 48
3 53 28 48
3 58 53 48
3 66 58 48
3 1679 66 48
3 1651 1679 48
3 2380 1651 48
3 39 34 18
3 61 47 39
3 43 61 39
3 1269 217 107
3 289 1269 107
3 18 289 107
3 43 39 18
3 107 43 18
3 19 18 34
3 35 19 34
3 40 35 34
3 40 34 39
3 40 39 47
3 48 40 47
3 62 48 47
3 62 47 61
3 44 62 61
3 44 61 43
3 108 44 43
3 108 43 107
3 108 107 217
3 218 108 217
3 1270 218 217
3 1270 217 1269
3 290 1270 1269
3 290 1269 289
3 290 289 18
3 19 290 18
3 40 35 19
3 62 48 40
3 44 62 40
3 1270 218 108
3 290 1270 108
3 19 290 108
3 44 40 19
3 108 44 19
3 302 1289 1268
3 284 302 1268
3 304 1291 1289
3 304 1289 302
3 304 302 284
3 286 304 284
3 286 284 1268
3 1270 286 1268
3 1291 1270 1268
3 1291 1268 1289
3 304 1291 1270
3 286 304 1270
3 104 70 1287
3 2372 104 1287
3 4237 3766 2135
3 2381 4237 2135
3 1651 2128 3765
3 1679 1651 3765
3 1287 1679 3765
3 2372 1287 3765
3 2481 4238 4204
3 2404 2481 4204
3 2481 4238 4204
3 2404 2481 4204
3 2482 4239 4238
3 2482 4238 2481
3 2482 2481 2404
3 2405 2482 2404
3 2405 2404 4204
3 4205 2405 4204
3 4239 4205 4204
3 4239 4204 4238
3 2482 4239 4205
3 2405 2482 4205
3 2483 4240 4206
3 2406 2483 4206
3 2484 4241 4240
3 2484 4240 2483
3 2484 2483 2406
3 2407 2484 2406
3 2407 2406 4206
3 4207 2407 4206
3 4241 4207 4206
3 4241 4206 4240
3 2484 4241 4207
3 2407 2484 4207
3 2485 4242 4208
3 2408 2485 4208
3 2486 4243 4242
3 2486 4242 2485
3 2486 2485 2408
3 2409 2486 2408
3 2409 2408 4208
3 4209 2409 4208
3 4243 4209 4208
3 4243 4208 4242
3 2486 4243 4209
3 2409 2486 4209
3 62 44 108
3 218 62 108
3 2373 2374 2444
3 2443 2373 2444
3 3402 3403 3613
3 3612 3402 3613
3 4201 4202 4260
3 4259 4201 4260
3 4408 4409 4750
3 4749 4408 4750
3 5400 5401 5596
3 5595 5400 5596
3 6098 6099 6119
3 6118 6098 6119
3 6538 6539 6917
3 6916 6538 6917
3 7203 7204 7304
3 7303 7203 7304
3 7642 7643 7772
3 7771 7642 7772
3 7793 7794 7830
3 7829 7793 7830
3 8032 8033 7971
3 8032 7971 7970
3 2343 2344 2442
3 2441 2343 2442
3 3460 3461 3611
3 3610 3460 3611
3 4494 4495 4748
3 4747 4494 4748
3 5338 5339 5594
3 5593 5338 5594
3 6110 6111 6537
3 6536 6110 6537
3 6536 6537 6915
3 6914 6536 6915
3 7023 7024 7109
3 7108 7023 7109
3 7231 7232 7302
3 7301 7231 7302
3 7809 7810 7828
3 7827 7809 7828
3 7843 7844 7946
3 7945 7843 7946
3 7968 7969 8057
3 8056 7968 8057
3 2285 2286 2440
3 2439 2285 2440
3 2751 2752 2975
3 2974 2751 2975
3 3400 3401 3520
3 3519 3400 3520
3 4199 4200 4258
3 4257 4199 4258
3 5089 5090 5592
3 5591 5089 5592
3 5643 5644 5924
3 5923 5643 5924
3 6096 6097 6117
3 6116 6096 6117
3 6896 6897 6913
3 6912 6896 6913
3 6949 6950 7107
3 7106 6949 7107
3 7182 7183 7300
3 7299 7182 7300
3 7640 7641 7770
3 7769 7640 7770
3 7791 7792 7826
3 7825 7791 7826
3 7943 7944 7850
3 7943 7850 7849
3 7966 7967 8055
3 8054 7966 8055
3 7943 7944 7850
3 7943 7850 7849
3 8032 8033 7971
3 8032 7971 7970
3 2373 2374 2444
3 2443 2373 2444
3 3402 3403 3613
3 3612 3402 3613
3 4201 4202 4260
3 4259 4201 4260
3 4257 4258 4200
3 4257 4200 4199
3 4408 4409 4750
3 4749 4408 4750
3 5400 5401 5596
3 5595 5400 5596
3 6098 6099 6119
3 6118 6098 6119
3 6116 6117 6097
3 6116 6097 6096
3 6538 6539 6917
3 6916 6538 6917
3 6914 6915 6537
3 6914 6537 6536
3 7203 7204 7304
3 7303 7203 7304
3 7642 7643 7772
3 7771 7642 7772
3 7769 7770 7641
3 7769 7641 7640
3 7793 7794 7830
3 7829 7793 7830
3 7825 7826 7792
3 7825 7792 7791
3 7968 7969 8057
3 8056 7968 8057
3 8054 8055 7967
3 8054 7967 7966
3 7843 7844 7946
3 7945 7843 7946
3 7809 7810 7828
3 7827 7809 7828
3 7231 7232 7302
3 7301 7231 7302
3 7023 7024 7109
3 7108 7023 7109
3 6110 6111 6537
3 6536 6110 6537
3 5338 5339 5594
3 5593 5338 5594
3 4494 4495 4748
3 4747 4494 4748
3 3460 3461 3611
3 3610 3460 3611
3 2343 2344 2442
3 2441 2343 2442
3 2285 2286 2440
3 2439 2285 2440
3 2751 2752 2975
3 2974 2751 2975
3 3400 3401 3520
3 3519 3400 3520
3 5089 5090 5592
3 5591 5089 5592
3 5643 5644 5924
3 5923 5643 5924
3 6896 6897 6913
3 6912 6896 6913
3 6949 6950 7107
3 7106 6949 7107
3 7182 7183 7300
3 7299 7182 7300
3 1633 1634 8061
3 8060 1633 8061
3 143 144 152
3 151 143 152
3 193 194 228
3 227 193 228
3 249 250 262
3 261 249 262
3 277 278 312
3 311 277 312
3 369 370 384
3 383 369 384
3 467 468 506
3 505 467 506
3 529 530 681
3 680 529 681
3 1263 1264 1303
3 1302 1263 1303
3 1443 1444 1584
3 1583 1443 1584
3 1662 1663 2049
3 2048 1662 2049
3 2844 2845 2990
3 2989 2844 2990
3 125 126 150
3 149 125 150
3 203 204 226
3 225 203 226
3 281 282 310
3 309 281 310
3 357 358 382
3 381 357 382
3 493 494 528
3 527 493 528
3 527 528 679
3 678 527 679
3 1150 1151 1209
3 1208 1150 1209
3 1276 1277 1301
3 1300 1276 1301
3 1752 1753 2047
3 2046 1752 2047
3 2346 2347 2559
3 2558 2346 2559
3 2842 2843 3148
3 3147 2842 3148
3 111 112 148
3 147 111 148
3 165 166 184
3 183 165 184
3 191 192 214
3 213 191 214
3 247 248 260
3 259 247 260
3 335 336 380
3 379 335 380
3 409 410 436
3 435 409 436
3 465 466 504
3 503 465 504
3 579 580 677
3 676 579 677
3 1065 1066 1207
3 1206 1065 1207
3 1257 1258 1299
3 1298 1257 1299
3 1441 1442 1582
3 1581 1441 1582
3 1660 1661 2045
3 2044 1660 2045
3 2359 2360 2557
3 2556 2359 2557
3 2840 2841 3146
3 3145 2840 3146
3 2359 2360 2557
3 2556 2359 2557
3 2844 2845 2990
3 2989 2844 2990
3 143 144 152
3 151 143 152
3 193 194 228
3 227 193 228
3 249 250 262
3 261 249 262
3 259 260 248
3 259 248 247
3 277 278 312
3 311 277 312
3 369 370 384
3 383 369 384
3 467 468 506
3 505 467 506
3 503 504 466
3 503 466 465
3 529 530 681
3 680 529 681
3 678 679 528
3 678 528 527
3 1263 1264 1303
3 1302 1263 1303
3 1443 1444 1584
3 1583 1443 1584
3 1581 1582 1442
3 1581 1442 1441
3 1662 1663 2049
3 2048 1662 2049
3 2044 2045 1661
3 2044 1661 1660
3 2842 2843 3148
3 3147 2842 3148
3 3145 3146 2841
3 3145 2841 2840
3 2346 2347 2559
3 2558 2346 2559
3 1752 1753 2047
3 2046 1752 2047
3 1276 1277 1301
3 1300 1276 1301
3 1150 1151 1209
3 1208 1150 1209
3 493 494 528
3 527 493 528
3 357 358 382
3 381 357 382
3 281 282 310
3 309 281 310
3 203 204 226
3 225 203 226
3 125 126 150
3 149 125 150
3 111 112 148
3 147 111 148
3 165 166 184
3 183 165 184
3 191 192 214
3 213 191 214
3 335 336 380
3 379 335 380
3 409 410 436
3 435 409 436
3 579 580 677
3 676 579 677
3 1065 1066 1207
3 1206 1065 1207
3 1257 1258 1299
3 1298 1257 1299
3 73 74 3251
3 3250 73 3251
3 8048 8049 8037
3 8036 8048 8037
3 8046 8047 8035
3 8034 8046 8035
3 7996 7997 7973
3 7972 7996 7973
3 7994 7995 7981
3 7980 7994 7981
3 7992 7993 7979
3 7978 7992 7979
3 7964 7965 7952
3 7951 7964 7952
3 7955 7956 7938
3 7937 7955 7938
3 7953 7954 7948
3 7947 7953 7948
3 7899 7900 7874
3 7873 7899 7874
3 7897 7898 7848
3 7847 7897 7848
3 7841 7842 7837
3 7836 7841 7837
3 7817 7818 7804
3 7803 7817 7804
3 7815 7816 7806
3 7805 7815 7806
3 7813 7814 7802
3 7801 7813 7802
3 7788 7789 7778
3 7777 7788 7778
3 7797 7798 7785
3 7784 7797 7785
3 7786 7787 7776
3 7775 7786 7776
3 7743 7744 7709
3 7708 7743 7709
3 7766 7767 7718
3 7717 7766 7718
3 7764 7765 7740
3 7739 7764 7740
3 7762 7763 7715
3 7714 7762 7715
3 7685 7686 7524
3 7523 7685 7524
3 7683 7684 7482
3 7481 7683 7482
3 7681 7682 7595
3 7594 7681 7595
3 7679 7680 7572
3 7571 7679 7572
3 7315 7316 7258
3 7257 7315 7258
3 7313 7314 7264
3 7263 7313 7264
3 7195 7196 7179
3 7178 7195 7179
3 7208 7209 7189
3 7188 7208 7189
3 7193 7194 7177
3 7176 7193 7177
3 7206 7207 7175
3 7174 7206 7175
3 7137 7138 7091
3 7090 7137 7091
3 7135 7136 7089
3 7088 7135 7089
3 7407 7408 7270
3 7269 7407 7270
3 7133 7134 7114
3 7113 7133 7114
3 7131 7132 7074
3 7073 7131 7074
3 7001 7002 6982
3 6981 7001 6982
3 6934 6935 6907
3 6906 6934 6907
3 6932 6933 6927
3 6926 6932 6927
3 6930 6931 6925
3 6924 6930 6925
3 6928 6929 6919
3 6918 6928 6919
3 6840 6841 6729
3 6728 6840 6729
3 6838 6839 6727
3 6726 6838 6727
3 6892 6893 6725
3 6724 6892 6725
3 6836 6837 6723
3 6722 6836 6723
3 6366 6367 6189
3 6188 6366 6189
3 6364 6365 6123
3 6122 6364 6123
3 6362 6363 6121
3 6120 6362 6121
3 6106 6107 6105
3 6104 6106 6105
3 6108 6109 6103
3 6102 6108 6103
3 6112 6113 6101
3 6100 6112 6101
3 6079 6080 6033
3 6032 6079 6033
3 5855 5856 5697
3 5696 5855 5697
3 5853 5854 5693
3 5692 5853 5693
3 5645 5646 5624
3 5623 5645 5624
3 5601 5602 5418
3 5417 5601 5418
3 5599 5600 5416
3 5415 5599 5416
3 5597 5598 5414
3 5413 5597 5414
3 5122 5123 5017
3 5016 5122 5017
3 5120 5121 5015
3 5014 5120 5015
3 5191 5192 5013
3 5012 5191 5013
3 4828 4829 4677
3 4676 4828 4677
3 4826 4827 4675
3 4674 4826 4675
3 4593 4594 4407
3 4406 4593 4407
3 4267 4268 4254
3 4253 4267 4254
3 4265 4266 4250
3 4249 4265 4250
3 4144 4145 3955
3 3954 4144 3955
3 4193 4194 3953
3 3952 4193 3953
3 3742 3743 3634
3 3633 3742 3634
3 3740 3741 3617
3 3616 3740 3617
3 3736 3737 3615
3 3614 3736 3615
3 3556 3557 3514
3 3513 3556 3514
3 3527 3528 3484
3 3483 3527 3484
3 6145 6146 6115
3 6114 6145 6115
3 6095 6094 6071
3 6095 6071 6072
3 5757 5756 5694
3 5757 5694 5695
3 5642 5641 5625
3 5642 5625 5626
3 6093 6092 6034
3 6093 6034 6035
3 5640 5639 5621
3 5640 5621 5622
3 7004 7003 6983
3 7004 6983 6984
3 4264 4263 4251
3 4264 4251 4252
3 4077 4076 3956
3 4077 3956 3957
3 4724 4723 4678
3 4724 4678 4679
3 5096 5095 5053
3 5096 5053 5054
3 4596 4595 4560
3 4596 4560 4561
3 3501 3500 3485
3 3501 3485 3486
3 3575 3574 3554
3 3575 3554 3555
3 3785 3784 3738
3 3785 3738 3739
3 3512 3511 3481
3 3512 3481 3482
3 8048 8049 8037
3 8036 8048 8037
3 8034 8035 8047
3 8034 8047 8046
3 7743 7744 7709
3 7708 7743 7709
3 8060 8061 3253
3 3252 8060 3253
3 3501 3500 3485
3 3501 3485 3486
3 3556 3557 3514
3 3513 3556 3514
3 3740 3741 3617
3 3616 3740 3617
3 3614 3615 3737
3 3614 3737 3736
3 3742 3743 3634
3 3633 3742 3634
3 4077 4076 3956
3 4077 3956 3957
3 4267 4268 4254
3 4253 4267 4254
3 4249 4250 4266
3 4249 4266 4265
3 4596 4595 4560
3 4596 4560 4561
3 4724 4723 4678
3 4724 4678 4679
3 5122 5123 5017
3 5016 5122 5017
3 5014 5015 5121
3 5014 5121 5120
3 5601 5602 5418
3 5417 5601 5418
3 5415 5416 5600
3 5415 5600 5599
3 5642 5641 5625
3 5642 5625 5626
3 5855 5856 5697
3 5696 5855 5697
3 5692 5693 5854
3 5692 5854 5853
3 6093 6092 6034
3 6093 6034 6035
3 6106 6107 6105
3 6104 6106 6105
3 6364 6365 6123
3 6122 6364 6123
3 6120 6121 6363
3 6120 6363 6362
3 6366 6367 6189
3 6188 6366 6189
3 6840 6841 6729
3 6728 6840 6729
3 6726 6727 6839
3 6726 6839 6838
3 6934 6935 6907
3 6906 6934 6907
3 7137 7138 7091
3 7090 7137 7091
3 7088 7089 7136
3 7088 7136 7135
3 7004 7003 6983
3 7004 6983 6984
3 6981 6982 7002
3 6981 7002 7001
3 7195 7196 7179
3 7178 7195 7179
3 7176 7177 7194
3 7176 7194 7193
3 7208 7209 7189
3 7188 7208 7189
3 7407 7408 7270
3 7269 7407 7270
3 7683 7684 7482
3 7481 7683 7482
3 7685 7686 7524
3 7523 7685 7524
3 7766 7767 7718
3 7717 7766 7718
3 7788 7789 7778
3 7777 7788 7778
3 7775 7776 7787
3 7775 7787 7786
3 7817 7818 7804
3 7803 7817 7804
3 7801 7802 7814
3 7801 7814 7813
3 7841 7842 7837
3 7836 7841 7837
3 7955 7956 7938
3 7937 7955 7938
3 7996 7997 7973
3 7972 7996 7973
3 7994 7995 7981
3 7980 7994 7981
3 7978 7979 7993
3 7978 7993 7992
3 7964 7965 7952
3 7951 7964 7952
3 7953 7954 7948
3 7947 7953 7948
3 7897 7898 7848
3 7847 7897 7848
3 7899 7900 7874
3 7873 7899 7874
3 7815 7816 7806
3 7805 7815 7806
3 7797 7798 7785
3 7784 7797 7785
3 7762 7763 7715
3 7714 7762 7715
3 7764 7765 7740
3 7739 7764 7740
3 7681 7682 7595
3 7594 7681 7595
3 7679 7680 7572
3 7571 7679 7572
3 7315 7316 7258
3 7257 7315 7258
3 7313 7314 7264
3 7263 7313 7264
3 7206 7207 7175
3 7174 7206 7175
3 7131 7132 7074
3 7073 7131 7074
3 7133 7134 7114
3 7113 7133 7114
3 6932 6933 6927
3 6926 6932 6927
3 6930 6931 6925
3 6924 6930 6925
3 6928 6929 6919
3 6918 6928 6919
3 6892 6893 6725
3 6724 6892 6725
3 6836 6837 6723
3 6722 6836 6723
3 6145 6146 6115
3 6114 6145 6115
3 6108 6109 6103
3 6102 6108 6103
3 6112 6113 6101
3 6100 6112 6101
3 6095 6094 6071
3 6095 6071 6072
3 6079 6080 6033
3 6032 6079 6033
3 5757 5756 5694
3 5757 5694 5695
3 5640 5639 5621
3 5640 5621 5622
3 5645 5646 5624
3 5623 5645 5624
3 5597 5598 5414
3 5413 5597 5414
3 5191 5192 5013
3 5012 5191 5013
3 5096 5095 5053
3 5096 5053 5054
3 4828 4829 4677
3 4676 4828 4677
3 4674 4675 4827
3 4674 4827 4826
3 4593 4594 4407
3 4406 4593 4407
3 4264 4263 4251
3 4264 4251 4252
3 4144 4145 3955
3 3954 4144 3955
3 4193 4194 3953
3 3952 4193 3953
3 3785 3784 3738
3 3785 3738 3739
3 3575 3574 3554
3 3575 3554 3555
3 3527 3528 3484
3 3483 3527 3484
3 3512 3511 3481
3 3512 3481 3482
3 1578 1579 1612
3 1578 1612 1611
3 1576 1577 1610
3 1576 1610 1609
3 1508 1509 1479
3 1478 1508 1479
3 1506 1507 1483
3 1482 1506 1483
3 1504 1505 1481
3 1480 1504 1481
3 1476 1477 1412
3 1411 1476 1412
3 1415 1416 1347
3 1346 1415 1347
3 1413 1414 1379
3 1378 1413 1379
3 1294 1295 1282
3 1281 1294 1282
3 1292 1293 1272
3 1271 1292 1272
3 1259 1260 1247
3 1246 1259 1247
3 1204 1205 1147
3 1146 1204 1147
3 1202 1203 1153
3 1152 1202 1153
3 1200 1201 1145
3 1144 1200 1145
3 1112 1113 977
3 976 1112 977
3 1118 1119 1109
3 1108 1118 1109
3 1110 1111 975
3 974 1110 975
3 583 584 656
3 583 656 655
3 761 762 601
3 600 761 601
3 759 760 614
3 613 759 614
3 757 758 599
3 598 757 599
3 557 558 532
3 531 557 532
3 555 556 524
3 523 555 524
3 553 554 540
3 539 553 540
3 551 552 538
3 537 551 538
3 515 516 500
3 499 515 500
3 513 514 508
3 507 513 508
3 481 482 474
3 473 481 474
3 487 488 476
3 475 487 476
3 479 480 472
3 471 479 472
3 485 486 470
3 469 485 470
3 459 460 440
3 439 459 440
3 457 458 438
3 437 457 438
3 521 522 510
3 509 521 510
3 455 456 446
3 445 455 446
3 453 454 432
3 431 453 432
3 425 426 420
3 419 425 420
3 405 406 388
3 387 405 388
3 403 404 396
3 395 403 396
3 401 402 392
3 391 401 392
3 399 400 390
3 389 399 390
3 367 368 354
3 353 367 354
3 365 366 352
3 351 365 352
3 375 376 350
3 349 375 350
3 363 364 348
3 347 363 348
3 341 342 328
3 327 341 328
3 339 340 318
3 317 339 318
3 337 338 316
3 315 337 316
3 299 300 296
3 295 299 296
3 305 306 294
3 293 305 294
3 307 308 292
3 291 307 292
3 273 274 268
3 267 273 268
3 265 266 256
3 255 265 256
3 263 264 252
3 251 263 252
3 245 246 238
3 237 245 238
3 233 234 224
3 223 233 224
3 231 232 222
3 221 231 222
3 229 230 220
3 219 229 220
3 209 210 200
3 199 209 200
3 207 208 198
3 197 207 198
3 211 212 196
3 195 211 196
3 189 190 180
3 179 189 180
3 187 188 178
3 177 187 178
3 171 172 168
3 167 171 168
3 163 164 158
3 157 163 158
3 161 162 154
3 153 161 154
3 141 142 134
3 133 141 134
3 145 146 132
3 131 145 132
3 119 120 110
3 109 119 110
3 117 118 100
3 99 117 100
3 113 114 98
3 97 113 98
3 93 94 88
3 87 93 88
3 89 90 80
3 79 89 80
3 319 320 314
3 313 319 314
3 280 279 271
3 280 271 272
3 258 257 253
3 258 253 254
3 244 243 239
3 244 239 240
3 276 275 269
3 276 269 270
3 242 241 235
3 242 235 236
3 428 427 421
3 428 421 422
3 160 159 155
3 160 155 156
3 138 137 135
3 138 135 136
3 186 185 181
3 186 181 182
3 206 205 201
3 206 201 202
3 174 173 169
3 174 169 170
3 84 83 81
3 84 81 82
3 96 95 91
3 96 91 92
3 122 121 115
3 122 115 116
3 86 85 77
3 86 77 78
3 1578 1579 1612
3 1578 1612 1611
3 1609 1610 1577
3 1576 1609 1577
3 583 584 656
3 583 656 655
3 1636 1637 76
3 75 1636 76
3 84 83 81
3 84 81 82
3 93 94 88
3 87 93 88
3 117 118 100
3 99 117 100
3 97 98 114
3 97 114 113
3 119 120 110
3 109 119 110
3 138 137 135
3 138 135 136
3 163 164 158
3 157 163 158
3 153 154 162
3 153 162 161
3 174 173 169
3 174 169 170
3 186 185 181
3 186 181 182
3 209 210 200
3 199 209 200
3 197 198 208
3 197 208 207
3 233 234 224
3 223 233 224
3 221 222 232
3 221 232 231
3 244 243 239
3 244 239 240
3 265 266 256
3 255 265 256
3 251 252 264
3 251 264 263
3 276 275 269
3 276 269 270
3 299 300 296
3 295 299 296
3 339 340 318
3 317 339 318
3 315 316 338
3 315 338 337
3 341 342 328
3 327 341 328
3 367 368 354
3 353 367 354
3 351 352 366
3 351 366 365
3 405 406 388
3 387 405 388
3 459 460 440
3 439 459 440
3 437 438 458
3 437 458 457
3 428 427 421
3 428 421 422
3 419 420 426
3 419 426 425
3 481 482 474
3 473 481 474
3 471 472 480
3 471 480 479
3 487 488 476
3 475 487 476
3 521 522 510
3 509 521 510
3 555 556 524
3 523 555 524
3 557 558 532
3 531 557 532
3 761 762 601
3 600 761 601
3 1112 1113 977
3 976 1112 977
3 974 975 1111
3 974 1111 1110
3 1204 1205 1147
3 1146 1204 1147
3 1144 1145 1201
3 1144 1201 1200
3 1259 1260 1247
3 1246 1259 1247
3 1415 1416 1347
3 1346 1415 1347
3 1508 1509 1479
3 1478 1508 1479
3 1506 1507 1483
3 1482 1506 1483
3 1480 1481 1505
3 1480 1505 1504
3 1476 1477 1412
3 1411 1476 1412
3 1413 1414 1379
3 1378 1413 1379
3 1292 1293 1272
3 1271 1292 1272
3 1294 1295 1282
3 1281 1294 1282
3 1202 1203 1153
3 1152 1202 1153
3 1118 1119 1109
3 1108 1118 1109
3 757 758 599
3 598 757 599
3 759 760 614
3 613 759 614
3 553 554 540
3 539 553 540
3 551 552 538
3 537 551 538
3 515 516 500
3 499 515 500
3 513 514 508
3 507 513 508
3 485 486 470
3 469 485 470
3 453 454 432
3 431 453 432
3 455 456 446
3 445 455 446
3 403 404 396
3 395 403 396
3 401 402 392
3 391 401 392
3 399 400 390
3 389 399 390
3 375 376 350
3 349 375 350
3 363 364 348
3 347 363 348
3 319 320 314
3 313 319 314
3 305 306 294
3 293 305 294
3 307 308 292
3 291 307 292
3 280 279 271
3 280 271 272
3 273 274 268
3 267 273 268
3 258 257 253
3 258 253 254
3 242 241 235
3 242 235 236
3 245 246 238
3 237 245 238
3 229 230 220
3 219 229 220
3 211 212 196
3 195 211 196
3 206 205 201
3 206 201 202
3 189 190 180
3 179 189 180
3 177 178 188
3 177 188 187
3 171 172 168
3 167 171 168
3 160 159 155
3 160 155 156
3 141 142 134
3 133 141 134
3 145 146 132
3 131 145 132
3 122 121 115
3 122 115 116
3 96 95 91
3 96 91 92
3 89 90 80
3 79 89 80
3 86 85 77
3 86 77 78
3 2494 2791 2870
3 2494 2870 2933
3 2494 2933 2994
3 2494 2994 3024
3 3107 3221 3232
3 3107 3232 3284
3 3107 3284 3233
3 3107 3233 3222
3 3107 3222 3101
3 3101 3025 2992
3 3101 2992 2934
3 3101 2934 2871
3 3101 2871 2795
3 3101 2795 2792
3 2792 2495 2392
3 2792 2392 2794
3 2792 2794 2849
3 2792 2849 2861
3 2792 2861 2899
3 2898 2981 3026
3 2793 2391 2494
3 2793 2494 3024
3 3101 2792 2899
3 3101 2899 2982
3 3101 2982 3027
3 3101 3027 3066
3 2848 2793 3024
3 2848 3024 3107
3 3107 3101 3066
3 3107 3066 3026
3 3107 3026 2898
3 3107 2898 2860
3 3107 2860 2848
3 2887 2870 2933
3 3008 2887 2933
3 3008 2933 2994
3 3076 3008 2994
3 3076 2994 3024
3 3110 3076 3024
3 3208 3110 3024
3 3208 3024 3107
3 3313 3208 3107
3 3313 3107 3221
3 3330 3313 3221
3 3330 3221 3232
3 3404 3330 3232
3 3404 3232 3284
3 3233 3284 3404
3 3331 3233 3404
3 3222 3233 3331
3 3314 3222 3331
3 3101 3222 3314
3 3205 3101 3314
3 3025 3101 3205
3 3111 3025 3205
3 2992 3025 3111
3 3073 2992 3111
3 2934 2992 3073
3 3009 2934 3073
3 2871 2934 3009
3 2888 2871 3009
3 2795 2871 2888
3 2835 2795 2888
3 2792 2795 2835
3 2832 2792 2835
3 2495 2792 2832
3 2567 2495 2832
3 2392 2495 2567
3 2438 2392 2567
3 2438 2392 2794
3 2834 2438 2794
3 2834 2794 2849
3 2875 2834 2849
3 2875 2849 2861
3 2880 2875 2861
3 2880 2861 2899
3 2973 2880 2899
3 2973 2899 2982
3 3060 2973 2982
3 3060 2982 3027
3 3120 3060 3027
3 3120 3027 3066
3 3174 3120 3066
3 3119 3026 3066
3 3119 3066 3174
3 3059 2981 3026
3 3059 3026 3119
3 2972 2898 2981
3 2972 2981 3059
3 2860 2898 2972
3 2879 2860 2972
3 2848 2860 2879
3 2874 2848 2879
3 2793 2848 2874
3 2833 2793 2874
3 2391 2793 2833
3 2437 2391 2833
3 2437 2391 2494
3 2566 2437 2494
3 2566 2494 2791
3 2831 2566 2791
3 2831 2791 2870
3 2887 2831 2870
3 2566 2831 2887
3 2566 2887 3008
3 2566 3008 3076
3 2566 3076 3110
3 3208 3313 3330
3 3208 3330 3404
3 3208 3404 3331
3 3208 3331 3314
3 3208 3314 3205
3 3205 3111 3073
3 3205 3073 3009
3 3205 3009 2888
3 3205 2888 2835
3 3205 2835 2832
3 2832 2567 2438
3 2832 2438 2834
3 2832 2834 2875
3 2832 2875 2880
3 2832 2880 2973
3 2972 3059 3119
3 2833 2437 2566
3 2833 2566 3110
3 3205 2832 2973
3 3205 2973 3060
3 3205 3060 3120
3 3205 3120 3174
3 2874 2833 3110
3 2874 3110 3208
3 3208 3205 3174
3 3208 3174 3119
3 3208 3119 2972
3 3208 2972 2879
3 3208 2879 2874
3 2391 2793 2545
3 2391 2545 2524
3 2391 2524 2397
3 2391 2397 2386
3 2391 2386 2364
3 2365 2385 2398
3 2398 2523 2546
3 2546 2794 2392
3 2546 2392 2383
3 2546 2383 2367
3 2546 2367 2358
3 2546 2358 2351
3 2546 2351 2349
3 2349 2345 2348
3 2349 2348 2350
3 2349 2350 2357
3 2349 2357 2366
3 2349 2366 2382
3 2349 2382 2391
3 2349 2391 2364
3 2349 2364 2361
3 2349 2361 2365
3 2349 2365 2398
3 2349 2398 2546
3 2524 2545 2632
3 2612 2524 2632
3 2397 2524 2612
3 2458 2397 2612
3 2386 2397 2458
3 2396 2386 2458
3 2364 2386 2396
3 2387 2364 2396
3 2361 2364 2387
3 2384 2361 2387
3 2388 2384 2361
3 2388 2361 2365
3 2395 2388 2365
3 2395 2365 2385
3 2459 2395 2385
3 2459 2385 2398
3 2459 2398 2523
3 2610 2459 2523
3 2610 2523 2546
3 2633 2610 2546
3 2633 2546 2794
3 2834 2633 2794
3 2392 2794 2834
3 2438 2392 2834
3 2383 2392 2438
3 2394 2383 2438
3 2367 2383 2394
3 2390 2367 2394
3 2369 2358 2367
3 2369 2367 2390
3 2356 2351 2358
3 2356 2358 2369
3 2354 2349 2351
3 2354 2351 2356
3 2352 2345 2349
3 2352 2349 2354
3 2352 2345 2348
3 2353 2352 2348
3 2353 2348 2350
3 2355 2353 2350
3 2355 2350 2357
3 2368 2355 2357
3 2368 2357 2366
3 2389 2368 2366
3 2389 2366 2382
3 2393 2389 2382
3 2393 2382 2391
3 2437 2393 2391
3 2437 2391 2793
3 2833 2437 2793
3 2545 2793 2833
3 2632 2545 2833
3 2437 2833 2632
3 2437 2632 2612
3 2437 2612 2458
3 2437 2458 2396
3 2437 2396 2387
3 2388 2395 2459
3 2459 2610 2633
3 2633 2834 2438
3 2633 2438 2394
3 2633 2394 2390
3 2633 2390 2369
3 2633 2369 2356
3 2633 2356 2354
3 2354 2352 2353
3 2354 2353 2355
3 2354 2355 2368
3 2354 2368 2389
3 2354 2389 2393
3 2354 2393 2437
3 2354 2437 2387
3 2354 2387 2384
3 2354 2384 2388
3 2354 2388 2459
3 2354 2459 2633
3 1740 1711 1667
3 1769 1740 1667
3 1771 1769 1667
3 1809 1771 1667
3 1818 1809 1667
3 1843 1818 1667
3 1953 1843 1667
3 1980 1953 1667
3 2117 1980 1667
3 2125 2117 1667
3 2174 2125 1667
3 2176 2174 1667
3 2110 2131 2176
3 2037 2110 2176
3 1991 2037 2176
3 1938 1991 2176
3 1835 1938 2176
3 1827 1835 2176
3 1811 1827 2176
3 1779 1811 2176
3 1772 1779 2176
3 1743 1772 2176
3 1698 1743 2176
3 1666 1698 2176
3 1652 1653 1666
3 1575 1652 1666
3 1565 1575 1666
3 1510 1565 1666
3 1501 1510 1666
3 1500 1501 1666
3 1645 1500 1666
3 1665 1645 1666
3 1670 1664 1665
3 1733 1671 1671
3 1759 1733 1671
3 1831 1814 1755
3 1669 1682 1741
3 1668 1669 1669
3 1486 1487 1626
3 1527 1486 1626
3 1561 1527 1626
3 1580 1561 1626
3 1654 1580 1626
3 1667 1654 1626
3 1670 1665 1666
3 1671 1670 1666
3 1759 1671 1666
3 1667 1626 1668
3 1759 1666 2176
3 1770 1759 2176
3 1802 1770 2176
3 1839 1802 2176
3 1919 1839 2176
3 1923 1919 2176
3 1831 1923 2176
3 1755 1831 2176
3 1667 1668 1669
3 1755 2176 1667
3 1741 1755 1667
3 1669 1741 1667
3 1681 1667 1711
3 1747 1681 1711
3 1747 1711 1740
3 1773 1747 1740
3 1773 1740 1769
3 1824 1773 1769
3 1824 1769 1771
3 1826 1824 1771
3 1826 1771 1809
3 1914 1826 1809
3 1914 1809 1818
3 1942 1914 1818
3 1942 1818 1843
3 2005 1942 1843
3 2086 2005 1843
3 2086 1843 1953
3 2100 2086 1953
3 2100 1953 1980
3 2208 2100 1980
3 2208 1980 2117
3 2218 2208 2117
3 2218 2117 2125
3 2269 2218 2125
3 2269 2125 2174
3 2274 2269 2174
3 2274 2174 2176
3 2131 2176 2274
3 2227 2131 2274
3 2110 2131 2227
3 2196 2110 2227
3 2037 2110 2196
3 2144 2037 2196
3 1991 2037 2144
3 2107 1991 2144
3 1938 1991 2107
3 2078 1938 2107
3 1835 1938 2078
3 1983 1835 2078
3 1827 1835 1983
3 1963 1827 1983
3 1811 1827 1963
3 1932 1811 1963
3 1779 1811 1932
3 1830 1779 1932
3 1772 1779 1830
3 1828 1772 1830
3 1743 1772 1828
3 1780 1743 1828
3 1698 1743 1780
3 1739 1698 1780
3 1666 1698 1739
3 1680 1666 1739
3 1653 1666 1680
3 1658 1653 1680
3 1652 1653 1658
3 1657 1652 1658
3 1575 1652 1657
3 1603 1575 1657
3 1565 1575 1603
3 1592 1565 1603
3 1510 1565 1592
3 1551 1510 1592
3 1501 1510 1551
3 1526 1501 1551
3 1526 1501 1500
3 1525 1526 1500
3 1525 1500 1645
3 1656 1525 1645
3 1656 1645 1665
3 1672 1656 1665
3 1664 1665 1672
3 1673 1664 1672
3 1673 1664 1670
3 1710 1673 1670
3 1710 1670 1671
3 1719 1710 1671
3 1671 1671 1719
3 1718 1671 1719
3 1718 1671 1733
3 1764 1718 1733
3 1764 1733 1759
3 1806 1764 1759
3 1806 1759 1770
3 1825 1806 1770
3 1825 1770 1802
3 1890 1825 1802
3 1890 1802 1839
3 1999 1890 1839
3 1999 1839 1919
3 2057 1999 1919
3 2057 1919 1923
3 2060 2057 1923
3 1982 1831 1923
3 1982 1923 2060
3 1935 1814 1831
3 1935 1831 1982
3 1798 1755 1814
3 1798 1814 1935
3 1741 1755 1798
3 1774 1741 1798
3 1682 1741 1774
3 1729 1682 1774
3 1669 1682 1729
3 1705 1669 1729
3 1669 1669 1705
3 1704 1669 1705
3 1668 1669 1704
3 1693 1668 1704
3 1626 1668 1693
3 1655 1626 1693
3 1487 1626 1655
3 1512 1487 1655
3 1512 1487 1486
3 1511 1512 1486
3 1511 1486 1527
3 1552 1511 1527
3 1552 1527 1561
3 1587 1552 1561
3 1587 1561 1580
3 1604 1587 1580
3 1604 1580 1654
3 1659 1604 1654
3 1659 1654 1667
3 1681 1659 1667
3 1773 1747 1681
3 1824 1773 1681
3 1826 1824 1681
3 1914 1826 1681
3 1942 1914 1681
3 2005 1942 1681
3 2086 2005 1681
3 2100 2086 1681
3 2208 2100 1681
3 2218 2208 1681
3 2269 2218 1681
3 2274 2269 1681
3 2196 2227 2274
3 2144 2196 2274
3 2107 2144 2274
3 2078 2107 2274
3 1983 2078 2274
3 1963 1983 2274
3 1932 1963 2274
3 1830 1932 2274
3 1828 1830 2274
3 1780 1828 2274
3 1739 1780 2274
3 1680 1739 2274
3 1657 1658 1680
3 1603 1657 1680
3 1592 1603 1680
3 1551 1592 1680
3 1526 1551 1680
3 1525 1526 1680
3 1656 1525 1680
3 1672 1656 1680
3 1710 1673 1672
3 1764 1718 1719
3 1806 1764 1719
3 1982 1935 1798
3 1705 1729 1774
3 1693 1704 1705
3 1511 1512 1655
3 1552 1511 1655
3 1587 1552 1655
3 1604 1587 1655
3 1659 1604 1655
3 1681 1659 1655
3 1710 1672 1680
3 1719 1710 1680
3 1806 1719 1680
3 1681 1655 1693
3 1806 1680 2274
3 1825 1806 2274
3 1890 1825 2274
3 1999 1890 2274
3 2057 1999 2274
3 2060 2057 2274
3 1982 2060 2274
3 1798 1982 2274
3 1681 1693 1705
3 1798 2274 1681
3 1774 1798 1681
3 1705 1774 1681
3 1487 1626 1590
3 1487 1590 1571
3 1487 1571 1562
3 1487 1562 1528
3 1487 1528 1503
3 1503 1493 1492
3 1503 1492 1491
3 1503 1491 1490
3 1503 1490 1489
3 1503 1489 1488
3 1503 1488 1487
3 1571 1590 1608
3 1599 1571 1608
3 1562 1571 1599
3 1589 1562 1599
3 1528 1562 1589
3 1555 1528 1589
3 1503 1528 1555
3 1548 1503 1555
3 1493 1503 1548
3 1518 1493 1548
3 1518 1493 1492
3 1517 1518 1492
3 1517 1492 1491
3 1516 1517 1491
3 1516 1491 1490
3 1515 1516 1490
3 1515 1490 1489
3 1514 1515 1489
3 1514 1489 1488
3 1513 1514 1488
3 1513 1488 1487
3 1512 1513 1487
3 1512 1487 1626
3 1655 1512 1626
3 1590 1626 1655
3 1608 1590 1655
3 1512 1655 1608
3 1512 1608 1599
3 1512 1599 1589
3 1512 1589 1555
3 1512 1555 1548
3 1548 1518 1517
3 1548 1517 1516
3 1548 1516 1515
3 1548 1515 1514
3 1548 1514 1513
3 1548 1513 1512
3 1572 1570 1536
3 1500 1645 1588
3 1499 1500 1588
3 1498 1499 1588
3 1497 1498 1588
3 1496 1497 1588
3 1495 1496 1588
3 1502 1494 1495
3 1536 1502 1495
3 1572 1536 1495
3 1588 1572 1495
3 1545 1502 1536
3 1558 1545 1536
3 1558 1536 1570
3 1596 1558 1570
3 1596 1570 1572
3 1600 1596 1572
3 1600 1572 1588
3 1605 1600 1588
3 1605 1588 1645
3 1656 1605 1645
3 1500 1645 1656
3 1525 1500 1656
3 1525 1500 1499
3 1524 1525 1499
3 1524 1499 1498
3 1523 1524 1498
3 1523 1498 1497
3 1522 1523 1497
3 1522 1497 1496
3 1521 1522 1496
3 1521 1496 1495
3 1520 1521 1495
3 1520 1495 1494
3 1519 1520 1494
3 1519 1494 1502
3 1545 1519 1502
3 1600 1596 1558
3 1525 1656 1605
3 1524 1525 1605
3 1523 1524 1605
3 1522 1523 1605
3 1521 1522 1605
3 1520 1521 1605
3 1545 1519 1520
3 1558 1545 1520
3 1600 1558 1520
3 1605 1600 1520
3 1326 1400 1428
3 1283 1274 1284
3 1353 1283 1284
3 1245 1248 1353
3 1367 1245 1353
3 1430 1367 1353
3 1484 1430 1353
3 1428 1484 1353
3 1326 1428 1353
3 1284 1326 1353
3 1400 1428 1474
3 1435 1400 1474
3 1326 1400 1435
3 1358 1326 1435
3 1284 1326 1358
3 1297 1284 1358
3 1278 1274 1284
3 1278 1284 1297
3 1278 1274 1283
3 1296 1278 1283
3 1296 1283 1353
3 1376 1296 1353
3 1248 1353 1376
3 1261 1248 1376
3 1250 1245 1248
3 1250 1248 1261
3 1250 1245 1367
3 1391 1250 1367
3 1391 1367 1430
3 1475 1391 1430
3 1475 1430 1484
3 1485 1475 1484
3 1428 1484 1485
3 1474 1428 1485
3 1358 1435 1474
3 1296 1278 1297
3 1376 1296 1297
3 1250 1261 1376
3 1391 1250 1376
3 1475 1391 1376
3 1485 1475 1376
3 1474 1485 1376
3 1358 1474 1376
3 1297 1358 1376
3 1234 1244 1262
3 1234 1262 1245
3 1245 1262 1266
3 1250 1245 1266
3 1237 1234 1245
3 1237 1245 1250
3 1237 1234 1244
3 1249 1237 1244
3 1266 1249 1244
3 1266 1244 1262
3 1237 1249 1266
3 1237 1266 1250
3 1273 1283 1265
3 1248 1273 1265
3 1273 1283 1296
3 1278 1273 1296
3 1261 1248 1273
3 1261 1273 1278
3 1261 1248 1265
3 1275 1261 1265
3 1296 1275 1265
3 1296 1265 1283
3 1278 1296 1275
3 1261 1278 1275
3 1116 1176 1177
3 1116 1177 1178
3 1116 1178 1179
3 1116 1179 1180
3 1116 1180 1181
3 1116 1181 1182
3 1116 1182 1183
3 1196 1197 1117
3 1196 1117 950
3 1196 950 618
3 1196 618 593
3 1196 593 1143
3 1196 1143 1142
3 1196 1142 1141
3 1196 1141 1140
3 1196 1140 1139
3 1196 1139 1138
3 1196 1138 1137
3 1196 1137 1136
3 1196 1136 1135
3 1196 1135 1134
3 1196 1134 1133
3 1196 1133 1132
3 1196 1132 1131
3 1196 1131 1130
3 1196 1130 1129
3 1196 1129 1128
3 1128 591 617
3 1128 617 949
3 1128 949 1116
3 1128 1116 1183
3 1128 1183 1184
3 1128 1184 1185
3 1128 1185 1186
3 1128 1186 1187
3 1128 1187 1188
3 1128 1188 1189
3 1128 1189 1190
3 1128 1190 1191
3 1128 1191 1192
3 1128 1192 1193
3 1128 1193 1194
3 1128 1194 1195
3 1128 1195 1196
3 1212 1211 1177
3 1212 1177 1178
3 1213 1212 1178
3 1213 1178 1179
3 1214 1213 1179
3 1214 1179 1180
3 1215 1214 1180
3 1215 1180 1181
3 1216 1215 1181
3 1216 1181 1182
3 1217 1216 1182
3 1217 1182 1183
3 1218 1217 1183
3 1218 1183 1184
3 1219 1218 1184
3 1219 1184 1185
3 1220 1219 1185
3 1220 1185 1186
3 1221 1220 1186
3 1221 1186 1187
3 1222 1221 1187
3 1222 1187 1188
3 1223 1222 1188
3 1223 1188 1189
3 1224 1223 1189
3 1224 1189 1190
3 1225 1224 1190
3 1225 1190 1191
3 1226 1225 1191
3 1226 1191 1192
3 1227 1226 1192
3 1227 1192 1193
3 1228 1227 1193
3 1228 1193 1194
3 1229 1228 1194
3 1229 1194 1195
3 1230 1229 1195
3 1230 1195 1196
3 1231 1230 1196
3 1231 1196 1197
3 1117 1197 1231
3 1127 1117 1231
3 950 1117 1127
3 1024 950 1127
3 618 950 1024
3 771 618 1024
3 593 618 771
3 612 593 771
3 612 593 1143
3 1171 612 1143
3 1171 1143 1142
3 1170 1171 1142
3 1170 1142 1141
3 1169 1170 1141
3 1169 1141 1140
3 1168 1169 1140
3 1168 1140 1139
3 1167 1168 1139
3 1167 1139 1138
3 1166 1167 1138
3 1166 1138 1137
3 1165 1166 1137
3 1165 1137 1136
3 1164 1165 1136
3 1164 1136 1135
3 1163 1164 1135
3 1163 1135 1134
3 1162 1163 1134
3 1162 1134 1133
3 1161 1162 1133
3 1161 1133 1132
3 1160 1161 1132
3 1160 1132 1131
3 1159 1160 1131
3 1159 1131 1130
3 1158 1159 1130
3 1158 1130 1129
3 1157 1158 1129
3 1157 1129 1128
3 1156 1157 1128
3 591 1128 1156
3 610 591 1156
3 610 591 617
3 770 610 617
3 770 617 949
3 1023 770 949
3 1023 949 1116
3 1126 1023 1116
3 1126 1116 1176
3 1210 1126 1176
3 1211 1210 1176
3 1211 1176 1177
3 1126 1210 1211
3 1126 1211 1212
3 1126 1212 1213
3 1126 1213 1214
3 1126 1214 1215
3 1126 1215 1216
3 1126 1216 1217
3 1230 1231 1127
3 1230 1127 1024
3 1230 1024 771
3 1230 771 612
3 1230 612 1171
3 1230 1171 1170
3 1230 1170 1169
3 1230 1169 1168
3 1230 1168 1167
3 1230 1167 1166
3 1230 1166 1165
3 1230 1165 1164
3 1230 1164 1163
3 1230 1163 1162
3 1230 1162 1161
3 1230 1161 1160
3 1230 1160 1159
3 1230 1159 1158
3 1230 1158 1157
3 1230 1157 1156
3 1156 610 770
3 1156 770 1023
3 1156 1023 1126
3 1156 1126 1217
3 1156 1217 1218
3 1156 1218 1219
3 1156 1219 1220
3 1156 1220 1221
3 1156 1221 1222
3 1156 1222 1223
3 1156 1223 1224
3 1156 1224 1225
3 1156 1225 1226
3 1156 1226 1227
3 1156 1227 1228
3 1156 1228 1229
3 1156 1229 1230
3 586 999 1114
3 591 586 1114
3 586 999 1056
3 607 586 1056
3 607 586 591
3 610 607 591
3 610 591 1114
3 1124 610 1114
3 999 1114 1124
3 1056 999 1124
3 607 1056 1124
3 610 607 1124
3 604 744 764
3 581 587 604
3 576 575 581
3 605 585 582
3 592 1115 997
3 588 592 997
3 572 588 997
3 570 572 997
3 548 550 564
3 544 548 564
3 543 544 564
3 547 543 564
3 549 547 564
3 563 549 564
3 569 563 564
3 571 569 564
3 586 571 564
3 764 996 586
3 604 764 586
3 581 604 586
3 576 581 586
3 570 997 765
3 564 570 765
3 576 586 564
3 582 576 564
3 605 582 564
3 735 605 564
3 765 735 564
3 744 764 848
3 838 744 848
3 604 744 838
3 637 604 838
3 587 604 637
3 608 587 637
3 581 587 608
3 602 581 608
3 575 581 602
3 597 575 602
3 576 575 597
3 596 576 597
3 603 596 576
3 603 576 582
3 606 603 582
3 606 582 585
3 638 606 585
3 638 585 605
3 638 605 735
3 835 638 735
3 835 735 765
3 849 835 765
3 849 765 997
3 1055 849 997
3 1055 997 1115
3 1125 1055 1115
3 592 1115 1125
3 611 592 1125
3 588 592 611
3 609 588 611
3 572 588 609
3 595 572 609
3 570 572 595
3 590 570 595
3 574 564 570
3 574 570 590
3 568 550 564
3 568 564 574
3 566 548 550
3 566 550 568
3 560 544 548
3 560 548 566
3 559 543 544
3 559 544 560
3 559 543 547
3 565 559 547
3 565 547 549
3 567 565 549
3 567 549 563
3 573 567 563
3 573 563 569
3 589 573 569
3 589 569 571
3 594 589 571
3 594 571 586
3 607 594 586
3 607 586 996
3 1054 607 996
3 764 996 1054
3 848 764 1054
3 637 838 848
3 602 608 637
3 596 597 602
3 638 606 603
3 611 1125 1055
3 609 611 1055
3 595 609 1055
3 590 595 1055
3 566 568 574
3 560 566 574
3 559 560 574
3 565 559 574
3 567 565 574
3 573 567 574
3 589 573 574
3 594 589 574
3 607 594 574
3 848 1054 607
3 637 848 607
3 602 637 607
3 596 602 607
3 590 1055 849
3 574 590 849
3 596 607 574
3 603 596 574
3 638 603 574
3 835 638 574
3 849 835 574
3 24 10 7
3 15 24 7
3 15 24 14
3 13 15 14
3 13 14 10
3 7 13 10
3 4 3 36
3 54 4 36
3 54 4 0
3 29 54 0
3 3 0 29
3 36 3 29
3 2377 2376 2504
3 2505 2377 2504
3 2505 2504 1675
3 1676 2505 1675
3 1648 1676 1675
3 1648 1675 1647
3 2377 1648 1647
3 2377 1647 2376
3 5948 5958 4230
3 4228 5948 4230
3 5944 5948 4228
3 4226 5944 4228
3 5938 5944 4226
3 4224 5938 4226
3 5928 5938 4224
3 4222 5928 4224
3 5918 5928 4222
3 4220 5918 4222
3 5907 5918 4220
3 4218 5907 4220
3 5898 5907 4218
3 4216 5898 4218
3 5884 5898 4216
3 4214 5884 4216
3 4198 5873 5884
3 4198 5884 4214
3 4196 5860 5873
3 4196 5873 4198
3 4192 5846 5860
3 4192 5860 4196
3 4190 5832 5846
3 4190 5846 4192
3 4188 5812 5832
3 4188 5832 4190
3 4165 5784 5812
3 4165 5812 4188
3 4165 5784 5768
3 4151 4165 5768
3 4151 5768 5750
3 4129 4151 5750
3 4129 5750 5746
3 4101 4129 5746
3 4101 5746 5738
3 4081 4101 5738
3 4081 5738 5730
3 4062 4081 5730
3 4062 5730 5722
3 4033 4062 5722
3 4033 5722 5712
3 4008 4033 5712
3 4008 5712 5703
3 3988 4008 5703
3 3988 5703 5699
3 3967 3988 5699
3 3967 5699 5689
3 3944 3967 5689
3 3944 5689 5685
3 3931 3944 5685
3 3931 5685 5681
3 3914 3931 5681
3 3914 5681 5677
3 3899 3914 5677
3 3899 5677 5673
3 3882 3899 5673
3 3882 5673 5669
3 3875 3882 5669
3 3875 5669 5665
3 3858 3875 5665
3 3858 5665 5661
3 3849 3858 5661
3 3849 5661 5657
3 3830 3849 5657
3 3830 5657 5653
3 3825 3830 5653
3 3825 5653 5649
3 3821 3825 5649
3 3821 5649 5647
3 3819 3821 5647
3 3819 5647 5648
3 3820 3819 5648
3 3820 5648 5652
3 3824 3820 5652
3 3824 5652 5656
3 3829 3824 5656
3 3829 5656 5660
3 3848 3829 5660
3 3848 5660 5664
3 3857 3848 5664
3 3857 5664 5668
3 3874 3857 5668
3 3874 5668 5672
3 3881 3874 5672
3 3881 5672 5676
3 3898 3881 5676
3 3898 5676 5680
3 3915 3898 5680
3 3930 3915 5680
3 3930 5680 5684
3 3943 3930 5684
3 3943 5684 5688
3 3970 3943 5688
3 3970 5688 5698
3 3987 3970 5698
3 3987 5698 5702
3 4007 3987 5702
3 4007 5702 5711
3 4032 4007 5711
3 4032 5711 5721
3 5729 5721 4032
3 4061 5729 4032
3 5737 5729 4061
3 4080 5737 4061
3 5745 5737 4080
3 4100 5745 4080
3 5749 5745 4100
3 4128 5749 4100
3 5769 5749 4128
3 4150 5769 4128
3 5783 5769 4150
3 4164 5783 4150
3 5809 5783 4164
3 4187 5809 4164
3 5829 5809 4187
3 4189 5829 4187
3 5844 5829 4189
3 4191 5844 4189
3 5859 5844 4191
3 4195 5859 4191
3 5871 5859 4195
3 4197 5871 4195
3 5883 5871 4197
3 4213 5883 4197
3 5896 5883 4213
3 4215 5896 4213
3 5905 5896 4215
3 4217 5905 4215
3 5917 5905 4217
3 4219 5917 4217
3 5927 5917 4219
3 4221 5927 4219
3 5937 5927 4221
3 4223 5937 4221
3 5943 5937 4223
3 4225 5943 4223
3 5947 5943 4225
3 4227 5947 4225
3 5955 5947 4227
3 4229 5955 4227
3 5959 5955 4229
3 4231 5959 4229
3 5958 5959 4231
3 4230 5958 4231
3 4097 5449 5464
3 4109 4097 5464
3 4109 5464 5474
3 4121 4109 5474
3 4121 5474 5484
3 4127 4121 5484
3 4127 5484 5492
3 4133 4127 5492
3 4133 5492 5499
3 4141 4133 5499
3 4141 5499 5501
3 4142 4141 5501
3 4142 5501 5495
3 4136 4142 5495
3 4136 5495 5486
3 4130 4136 5486
3 4130 5486 5476
3 4124 4130 5476
3 4124 5476 5466
3 4112 4124 5466
3 4112 5466 5456
3 4104 4112 5456
3 4104 5456 5443
3 4094 4104 5443
3 4094 5443 5432
3 4082 4094 5432
3 4082 5432 5419
3 4068 4082 5419
3 4056 5396 5419
3 4056 5419 4068
3 4029 5382 5396
3 4029 5396 4056
3 4011 5366 5382
3 4011 5382 4029
3 3989 5348 5366
3 3989 5366 4011
3 3971 5331 5348
3 3971 5348 3989
3 3945 5313 5331
3 3945 5331 3971
3 3921 5295 5313
3 3921 5313 3945
3 3902 5277 5295
3 3902 5295 3921
3 3880 5256 5277
3 3880 5277 3902
3 3854 5223 5256
3 3854 5256 3880
3 3816 5208 5223
3 3816 5223 3854
3 3803 5194 5208
3 3803 5208 3816
3 3793 5180 5194
3 3793 5194 3803
3 3781 5164 5180
3 3781 5180 3793
3 3769 5151 5164
3 3769 5164 3781
3 3756 5135 5151
3 3756 5151 3769
3 3744 5129 5135
3 3744 5135 3756
3 3726 5119 5129
3 3726 5129 3744
3 3709 5113 5119
3 3709 5119 3726
3 5106 5113 3709
3 3701 5106 3709
3 5100 5106 3701
3 3693 5100 3701
3 5092 5100 3693
3 3687 5092 3693
3 5085 5092 3687
3 3679 5085 3687
3 5079 5085 3679
3 3675 5079 3679
3 5072 5079 3675
3 3669 5072 3675
3 5064 5072 3669
3 3663 5064 3669
3 5058 5064 3663
3 3659 5058 3663
3 5057 5058 3659
3 3658 5057 3659
3 5063 5057 3658
3 3662 5063 3658
3 5069 5063 3662
3 3666 5069 3662
3 5077 5069 3666
3 3672 5077 3666
3 5083 5077 3672
3 3678 5083 3672
3 5091 5083 3678
3 3684 5091 3678
3 5099 5091 3684
3 3690 5099 3684
3 5105 5099 3690
3 3700 5105 3690
3 5110 5105 3700
3 3706 5110 3700
3 3717 3706 5110
3 3717 5110 5116
3 3731 3717 5116
3 3731 5116 5126
3 3751 3731 5126
3 3751 5126 5132
3 3763 3751 5132
3 3763 5132 5145
3 3776 3763 5145
3 3776 5145 5155
3 3790 3776 5155
3 3790 5155 5173
3 3800 3790 5173
3 3800 5173 5187
3 3813 3800 5187
3 3813 5187 5202
3 3837 3813 5202
3 3837 5202 5216
3 3871 3837 5216
3 3871 5216 5245
3 3895 3871 5245
3 3895 5245 5266
3 3916 3895 5266
3 3916 5266 5286
3 3934 3916 5286
3 3934 5286 5304
3 3960 3934 5304
3 3960 5304 5322
3 3980 3960 5322
3 3980 5322 5340
3 4000 3980 5340
3 4000 5340 5360
3 4018 4000 5360
3 4018 5360 5375
3 4042 4018 5375
3 4042 5375 5390
3 4063 4042 5390
3 4063 5390 5406
3 4063 5406 5424
3 4073 4063 5424
3 4073 5424 5438
3 4087 4073 5438
3 4087 5438 5449
3 4097 4087 5449
3 4041 4052 2268
3 2266 4041 2268
3 4035 4041 2266
3 2262 4035 2266
3 4026 4035 2262
3 2258 4026 2262
3 4017 4026 2258
3 2254 4017 2258
3 4004 4017 2254
3 2249 4004 2254
3 3993 4004 2249
3 2240 3993 2249
3 3979 3993 2240
3 2216 3979 2240
3 3962 3979 2216
3 2199 3962 2216
3 2184 3942 3962
3 2184 3962 2199
3 2170 3925 3942
3 2170 3942 2184
3 2157 3911 3925
3 2157 3925 2170
3 2140 3894 3911
3 2140 3911 2157
3 2121 3868 3894
3 2121 3894 2140
3 2104 3836 3868
3 2104 3868 2121
3 2104 3836 3812
3 2090 2104 3812
3 2090 3812 3799
3 2062 2090 3799
3 2062 3799 3789
3 2028 2062 3789
3 2028 3789 3774
3 2003 2028 3774
3 2003 3774 3758
3 1978 2003 3758
3 1978 3758 3746
3 1949 1978 3746
3 1949 3746 3723
3 1917 1949 3723
3 1917 3723 3708
3 1875 1917 3708
3 1875 3708 3697
3 1841 1875 3697
3 1841 3697 3683
3 1833 1841 3683
3 1833 3683 3668
3 1821 1833 3668
3 1821 3668 3654
3 1816 1821 3654
3 1816 3654 3650
3 1808 1816 3650
3 1808 3650 3646
3 1801 1808 3646
3 1801 3646 3642
3 1797 1801 3642
3 1797 3642 3638
3 1792 1797 3638
3 1792 3638 3632
3 1789 1792 3632
3 1789 3632 3628
3 1786 1789 3628
3 1786 3628 3624
3 1782 1786 3624
3 1782 3624 3620
3 1778 1782 3620
3 1778 3620 3618
3 1776 1778 3618
3 1776 3618 3619
3 1777 1776 3619
3 1777 3619 3623
3 1781 1777 3623
3 1781 3623 3627
3 1785 1781 3627
3 1785 3627 3631
3 1788 1785 3631
3 1788 3631 3637
3 1791 1788 3637
3 1791 3637 3641
3 1796 1791 3641
3 1796 3641 3645
3 1800 1796 3645
3 1800 3645 3649
3 1807 1800 3649
3 1807 3649 3653
3 1815 1807 3653
3 1820 1815 3653
3 1820 3653 3667
3 1832 1820 3667
3 1832 3667 3682
3 1840 1832 3682
3 1840 3682 3694
3 1874 1840 3694
3 1874 3694 3707
3 1916 1874 3707
3 1916 3707 3722
3 1948 1916 3722
3 1948 3722 3745
3 3757 3745 1948
3 1977 3757 1948
3 3775 3757 1977
3 2002 3775 1977
3 3788 3775 2002
3 2027 3788 2002
3 3798 3788 2027
3 2061 3798 2027
3 3811 3798 2061
3 2089 3811 2061
3 3835 3811 2089
3 2103 3835 2089
3 3865 3835 2103
3 2120 3865 2103
3 3891 3865 2120
3 2139 3891 2120
3 3909 3891 2139
3 2156 3909 2139
3 3924 3909 2156
3 2169 3924 2156
3 3940 3924 2169
3 2183 3940 2169
3 3961 3940 2183
3 2198 3961 2183
3 3977 3961 2198
3 2215 3977 2198
3 3991 3977 2215
3 2239 3991 2215
3 4003 3991 2239
3 2248 4003 2239
3 4016 4003 2248
3 2253 4016 2248
3 4025 4016 2253
3 2257 4025 2253
3 4034 4025 2257
3 2261 4034 2257
3 4040 4034 2261
3 2265 4040 2261
3 4049 4040 2265
3 2267 4049 2265
3 4053 4049 2267
3 2272 4053 2267
3 4052 4053 2272
3 2268 4052 2272
3 2022 3318 3328
3 2033 2022 3328
3 2033 3328 3342
3 2050 2033 3342
3 2050 3342 3351
3 2058 2050 3351
3 2058 3351 3358
3 2066 2058 3358
3 2066 3358 3366
3 2073 2066 3366
3 2073 3366 3367
3 2074 2073 3367
3 2074 3367 3361
3 2069 2074 3361
3 2069 3361 3352
3 2063 2069 3352
3 2063 3352 3344
3 2053 2063 3344
3 2053 3344 3332
3 2036 2053 3332
3 2036 3332 3323
3 2029 2036 3323
3 2029 3323 3310
3 2017 2029 3310
3 2017 3310 3299
3 2000 2017 3299
3 2000 3299 3285
3 1985 2000 3285
3 1966 3272 3285
3 1966 3285 1985
3 1946 3259 3272
3 1946 3272 1966
3 1918 3240 3259
3 1918 3259 1946
3 1882 3224 3240
3 1882 3240 1918
3 1842 3209 3224
3 1842 3224 1882
3 1834 3193 3209
3 1834 3209 1842
3 1819 3175 3193
3 1819 3193 1834
3 1810 3158 3175
3 1810 3175 1819
3 1799 3135 3158
3 1799 3158 1810
3 1790 3100 3135
3 1790 3135 1799
3 1775 3081 3100
3 1775 3100 1790
3 1765 3062 3081
3 1765 3081 1775
3 1760 3049 3062
3 1760 3062 1765
3 1754 3036 3049
3 1754 3049 1760
3 1748 3020 3036
3 1748 3036 1754
3 1742 3000 3020
3 1742 3020 1748
3 1735 2986 3000
3 1735 3000 1742
3 1730 2976 2986
3 1730 2986 1735
3 1725 2962 2976
3 1725 2976 1730
3 2954 2962 1725
3 1721 2954 1725
3 2947 2954 1721
3 1715 2947 1721
3 2939 2947 1715
3 1709 2939 1715
3 2932 2939 1709
3 1703 2932 1709
3 2925 2932 1703
3 1699 2925 1703
3 2917 2925 1699
3 1694 2917 1699
3 2911 2917 1694
3 1689 2911 1694
3 2905 2911 1689
3 1686 2905 1689
3 2904 2905 1686
3 1684 2904 1686
3 2910 2904 1684
3 1688 2910 1684
3 2916 2910 1688
3 1692 2916 1688
3 2922 2916 1692
3 1697 2922 1692
3 2929 2922 1697
3 1702 2929 1697
3 2938 2929 1702
3 1708 2938 1702
3 2945 2938 1708
3 1714 2945 1708
3 2952 2945 1714
3 1720 2952 1714
3 2959 2952 1720
3 1724 2959 1720
3 1728 1724 2959
3 1728 2959 2968
3 1734 1728 2968
3 1734 2968 2980
3 1738 1734 2980
3 1738 2980 2991
3 1746 1738 2991
3 1746 2991 3012
3 1751 1746 3012
3 1751 3012 3029
3 1758 1751 3029
3 1758 3029 3043
3 1763 1758 3043
3 1763 3043 3056
3 1768 1763 3056
3 1768 3056 3072
3 1787 1768 3072
3 1787 3072 3092
3 1795 1787 3092
3 1795 3092 3126
3 1805 1795 3126
3 1805 3126 3149
3 1817 1805 3149
3 1817 3149 3167
3 1829 1817 3167
3 1829 3167 3184
3 1838 1829 3184
3 1838 3184 3200
3 1858 1838 3200
3 1858 3200 3216
3 1903 1858 3216
3 1903 3216 3236
3 1934 1903 3236
3 1934 3236 3248
3 1957 1934 3248
3 1957 3248 3264
3 1979 1957 3264
3 1979 3264 3277
3 1979 3277 3292
3 1997 1979 3292
3 1997 3292 3305
3 2013 1997 3305
3 2013 3305 3318
3 2022 2013 3318
3 6710 6716 6086
3 6084 6710 6086
3 6695 6710 6084
3 6082 6695 6084
3 6676 6695 6082
3 6078 6676 6082
3 6655 6676 6078
3 6076 6655 6078
3 6637 6655 6076
3 6074 6637 6076
3 6617 6637 6074
3 6070 6617 6074
3 6598 6617 6070
3 6066 6598 6070
3 6574 6598 6066
3 6064 6574 6066
3 6062 6556 6574
3 6062 6574 6064
3 6060 6528 6556
3 6060 6556 6062
3 6058 6506 6528
3 6058 6528 6060
3 6043 6486 6506
3 6043 6506 6058
3 6023 6460 6486
3 6023 6486 6043
3 6011 6432 6460
3 6011 6460 6023
3 5999 6409 6432
3 5999 6432 6011
3 5987 6380 6409
3 5987 6409 5999
3 5973 6337 6380
3 5973 6380 5987
3 5961 6284 6337
3 5961 6337 5973
3 5932 6248 6284
3 5932 6284 5961
3 5912 6230 6248
3 5912 6248 5932
3 5894 6203 6230
3 5894 6230 5912
3 5880 6195 6203
3 5880 6203 5894
3 5866 6187 6195
3 5866 6195 5880
3 5848 6179 6187
3 5848 6187 5866
3 5848 6179 6169
3 5836 5848 6169
3 5836 6169 6160
3 5822 5836 6160
3 5822 6160 6156
3 5808 5822 6156
3 5808 6156 6152
3 5794 5808 6152
3 5794 6152 6147
3 5775 5794 6147
3 5775 6147 6142
3 5771 5775 6142
3 5771 6142 6138
3 5767 5771 6138
3 5767 6138 6134
3 5761 5767 6134
3 5761 6134 6130
3 5759 5761 6130
3 5759 6130 6126
3 5755 5759 6126
3 5755 6126 6124
3 5753 5755 6124
3 5753 6124 6125
3 5754 5753 6125
3 5754 6125 6129
3 5758 5754 6129
3 5758 6129 6133
3 5760 5758 6133
3 5760 6133 6137
3 5766 5760 6137
3 5766 6137 6141
3 5770 5766 6141
3 5770 6141 6148
3 5774 5770 6148
3 5774 6148 6151
3 5793 5774 6151
3 5793 6151 6155
3 5807 5793 6155
3 5807 6155 6159
3 5821 5807 6159
3 5835 5821 6159
3 5835 6159 6168
3 5847 5835 6168
3 5847 6168 6178
3 5865 5847 6178
3 5865 6178 6186
3 5879 5865 6186
3 5879 6186 6194
3 5893 5879 6194
3 5893 6194 6202
3 5911 5893 6202
3 5911 6202 6229
3 5931 5911 6229
3 5931 6229 6245
3 5960 5931 6245
3 5960 6245 6285
3 5972 5960 6285
3 5972 6285 6336
3 5986 5972 6336
3 5986 6336 6379
3 5998 5986 6379
3 5998 6379 6408
3 6010 5998 6408
3 6010 6408 6433
3 6022 6010 6433
3 6022 6433 6459
3 6042 6022 6459
3 6042 6459 6483
3 6057 6042 6483
3 6057 6483 6505
3 6059 6057 6505
3 6059 6505 6527
3 6555 6527 6059
3 6061 6555 6059
3 6573 6555 6061
3 6063 6573 6061
3 6597 6573 6063
3 6065 6597 6063
3 6616 6597 6065
3 6069 6616 6065
3 6634 6616 6069
3 6073 6634 6069
3 6654 6634 6073
3 6075 6654 6073
3 6675 6654 6075
3 6077 6675 6075
3 6694 6675 6077
3 6081 6694 6077
3 6709 6694 6081
3 6083 6709 6081
3 6713 6709 6083
3 6085 6713 6083
3 6717 6713 6085
3 6087 6717 6085
3 6716 6717 6087
3 6086 6716 6087
3 5165 4278 4272
3 5165 4272 5162
3 5170 4286 4278
3 5170 4278 5165
3 5174 4301 4286
3 5174 4286 5170
3 5181 4317 4301
3 5181 4301 5174
3 5188 4331 4317
3 5188 4317 5181
3 5196 4345 4331
3 5196 4331 5188
3 5203 4356 4345
3 5203 4345 5196
3 5211 4371 4356
3 5211 4356 5203
3 4383 4371 5211
3 5229 4383 5211
3 4395 4383 5229
3 5251 4395 5229
3 4403 4395 5251
3 5271 4403 5251
3 4417 4403 5271
3 5289 4417 5271
3 4429 4417 5289
3 5305 4429 5289
3 4443 4429 5305
3 5326 4443 5305
3 4455 4443 5326
3 5345 4455 5326
3 4472 4455 5345
3 5362 4472 5345
3 4486 4472 5362
3 5383 4486 5362
3 4500 4486 5383
3 5403 4500 5383
3 4518 4500 5403
3 5430 4518 5403
3 4533 4518 5430
3 5451 4533 5430
3 4562 4533 5451
3 5483 4562 5451
3 4573 4562 5483
3 5511 4573 5483
3 4581 4573 5511
3 5532 4581 5511
3 4589 4581 5532
3 5547 4589 5532
3 5570 5547 4589
3 5570 4589 4602
3 5572 5570 4602
3 5572 4602 4612
3 5574 5572 4612
3 5574 4612 4616
3 5576 5574 4616
3 5576 4616 4620
3 5578 5576 4620
3 5578 4620 4624
3 5580 5578 4624
3 5580 4624 4628
3 5582 5580 4628
3 5582 4628 4632
3 5584 5582 4632
3 5584 4632 4636
3 5586 5584 4636
3 5586 4636 4640
3 5588 5586 4640
3 5588 4640 4644
3 5590 5588 4644
3 5590 4644 4647
3 5589 5590 4647
3 5589 4647 4645
3 5587 5589 4645
3 5587 4645 4641
3 5585 5587 4641
3 5585 4641 4637
3 5583 5585 4637
3 5583 4637 4633
3 5581 5583 4633
3 5581 4633 4629
3 5579 5581 4629
3 5579 4629 4625
3 5577 5579 4625
3 5577 4625 4621
3 5575 5577 4621
3 5575 4621 4617
3 5573 5575 4617
3 5573 4617 4613
3 5573 4613 4603
3 5571 5573 4603
3 5571 4603 4591
3 5549 5571 4591
3 5549 4591 4582
3 5536 5549 4582
3 5536 4582 4574
3 5513 5536 4574
3 5513 4574 4566
3 5485 5513 4566
3 5485 4566 4537
3 5453 5485 4537
3 5453 4537 4519
3 5434 5453 4519
3 5434 4519 4502
3 5405 5434 4502
3 5405 4502 4487
3 5385 5405 4487
3 5385 4487 4475
3 5363 5385 4475
3 5363 4475 4458
3 5346 5363 4458
3 5346 4458 4444
3 5327 5346 4444
3 5327 4444 4430
3 5307 5327 4430
3 5307 4430 4419
3 5290 5307 4419
3 5290 4419 4404
3 5272 5290 4404
3 5272 4404 4396
3 5254 5272 4396
3 5232 4384 4396
3 5232 4396 5254
3 5213 4373 4384
3 5213 4384 5232
3 5205 4360 4373
3 5205 4373 5213
3 5197 4346 4360
3 5197 4360 5205
3 5189 4334 4346
3 5189 4346 5197
3 5182 4320 4334
3 5182 4334 5189
3 5176 4306 4320
3 5176 4320 5182
3 5171 4287 4306
3 5171 4306 5176
3 5166 4279 4287
3 5166 4287 5171
3 5163 4275 4279
3 5163 4279 5166
3 5160 4271 4275
3 5160 4275 5163
3 5162 4272 4271
3 5162 4271 5160
3 6685 6679 6704
3 6679 6700 6704
3 6679 6671 6700
3 6671 6691 6700
3 6671 6662 6691
3 6662 6672 6691
3 6662 6653 6672
3 6653 6657 6672
3 6653 6639 6657
3 6639 6641 6657
3 6639 6631 6641
3 6631 6627 6641
3 6631 6615 6627
3 6615 6607 6627
3 6615 6601 6607
3 6601 6589 6607
3 6584 6589 6601
3 6572 6589 6584
3 6567 6572 6584
3 6554 6572 6567
3 6552 6554 6567
3 6524 6554 6552
3 6530 6524 6552
3 6504 6524 6530
3 6511 6504 6530
3 6485 6504 6511
3 6496 6485 6511
3 6464 6485 6496
3 6476 6464 6496
3 6440 6464 6476
3 6458 6440 6476
3 6416 6440 6458
3 6444 6416 6458
3 6389 6416 6444
3 6425 6389 6444
3 6360 6389 6425
3 6407 6360 6425
3 6329 6360 6407
3 6387 6329 6407
3 6287 6329 6387
3 6372 6287 6387
3 6253 6287 6372
3 6347 6253 6372
3 6242 6253 6347
3 6331 6242 6347
3 6242 6331 6187
3 6717 6704 6715
3 6704 6712 6715
3 6704 6700 6712
3 6700 6702 6712
3 6700 6691 6702
3 6691 6687 6702
3 6691 6672 6687
3 6672 6663 6687
3 6672 6657 6663
3 6657 6643 6663
3 6657 6641 6643
3 6641 6624 6643
3 6641 6627 6624
3 6627 6603 6624
3 6627 6607 6603
3 6607 6582 6603
3 6607 6589 6582
3 6558 6582 6589
3 6572 6558 6589
3 6534 6558 6572
3 6554 6534 6572
3 6506 6534 6554
3 6524 6506 6554
3 6480 6506 6524
3 6504 6480 6524
3 6454 6480 6504
3 6485 6454 6504
3 6427 6454 6485
3 6464 6427 6485
3 6398 6427 6464
3 6440 6398 6464
3 6361 6398 6440
3 6416 6361 6440
3 6319 6361 6416
3 6389 6319 6416
3 6266 6319 6389
3 6360 6266 6389
3 6238 6266 6360
3 6329 6238 6360
3 6223 6238 6329
3 6287 6223 6329
3 6199 6223 6287
3 6253 6199 6287
3 6193 6199 6253
3 6242 6193 6253
3 6187 6193 6242
3 6704 6717 6690
3 6309 6218 6331
3 6201 6218 6309
3 6279 6201 6309
3 6197 6201 6279
3 6259 6197 6279
3 6191 6197 6259
3 6247 6191 6259
3 6185 6191 6247
3 6240 6185 6247
3 6182 6185 6240
3 6234 6182 6240
3 6177 6182 6234
3 6228 6177 6234
3 6175 6177 6228
3 6222 6175 6228
3 6171 6175 6222
3 6216 6171 6222
3 6167 6171 6216
3 6212 6167 6216
3 6165 6167 6212
3 6208 6165 6212
3 6163 6165 6208
3 6204 6163 6208
3 6164 6163 6204
3 6205 6164 6204
3 6166 6164 6205
3 6211 6166 6205
3 6170 6166 6211
3 6215 6170 6211
3 6174 6170 6215
3 6221 6174 6215
3 6176 6174 6221
3 6227 6176 6221
3 6183 6176 6227
3 6233 6183 6227
3 6184 6183 6233
3 6239 6184 6233
3 6190 6184 6239
3 6246 6190 6239
3 6196 6190 6246
3 6261 6196 6246
3 6261 6200 6196
3 6261 6278 6200
3 6278 6217 6200
3 6278 6308 6217
3 6308 6330 6217
3 6186 6217 6330
3 6218 6181 6187
3 6173 6181 6218
3 6201 6173 6218
3 6162 6173 6201
3 6197 6162 6201
3 6158 6162 6197
3 6191 6158 6197
3 6154 6158 6191
3 6185 6154 6191
3 6150 6154 6185
3 6182 6150 6185
3 6144 6150 6182
3 6177 6144 6182
3 6140 6144 6177
3 6175 6140 6177
3 6136 6140 6175
3 6171 6136 6175
3 6132 6136 6171
3 6167 6132 6171
3 6128 6132 6167
3 6165 6128 6167
3 6124 6128 6165
3 6163 6124 6165
3 6127 6124 6163
3 6164 6127 6163
3 6131 6127 6164
3 6166 6131 6164
3 6135 6131 6166
3 6170 6135 6166
3 6139 6135 6170
3 6174 6139 6170
3 6143 6139 6174
3 6176 6143 6174
3 6149 6143 6176
3 6183 6149 6176
3 6153 6149 6183
3 6184 6153 6183
3 6157 6153 6184
3 6190 6157 6184
3 6161 6157 6190
3 6196 6161 6190
3 6196 6172 6161
3 6196 6200 6172
3 6200 6180 6172
3 6200 6217 6180
3 6217 6186 6180
3 6187 6331 6218
3 6346 6241 6330
3 6346 6371 6241
3 6371 6252 6241
3 6371 6386 6252
3 6386 6286 6252
3 6386 6406 6286
3 6406 6328 6286
3 6406 6424 6328
3 6424 6359 6328
3 6424 6443 6359
3 6443 6388 6359
3 6443 6457 6388
3 6457 6415 6388
3 6457 6475 6415
3 6475 6439 6415
3 6475 6495 6439
3 6495 6463 6439
3 6495 6510 6463
3 6510 6484 6463
3 6510 6529 6484
3 6529 6503 6484
3 6529 6551 6503
3 6551 6525 6503
3 6551 6566 6525
3 6566 6553 6525
3 6566 6583 6553
3 6583 6571 6553
3 6583 6600 6571
3 6600 6588 6571
3 6600 6614 6588
3 6614 6608 6588
3 6614 6630 6608
3 6630 6626 6608
3 6630 6638 6626
3 6638 6640 6626
3 6638 6652 6640
3 6652 6656 6640
3 6652 6661 6656
3 6661 6673 6656
3 6661 6670 6673
3 6670 6689 6673
3 6670 6681 6689
3 6681 6699 6689
3 6681 6684 6699
3 6684 6703 6699
3 6684 6690 6703
3 6717 6703 6690
3 6186 6241 6192
3 6241 6198 6192
3 6241 6252 6198
3 6252 6224 6198
3 6252 6286 6224
3 6286 6237 6224
3 6286 6328 6237
3 6328 6265 6237
3 6328 6359 6265
3 6359 6318 6265
3 6359 6388 6318
3 6388 6358 6318
3 6388 6415 6358
3 6415 6397 6358
3 6415 6439 6397
3 6439 6426 6397
3 6439 6463 6426
3 6463 6453 6426
3 6463 6484 6453
3 6484 6479 6453
3 6484 6503 6479
3 6503 6505 6479
3 6503 6525 6505
3 6525 6531 6505
3 6525 6553 6531
3 6553 6557 6531
3 6553 6571 6557
3 6571 6581 6557
3 6571 6588 6581
3 6588 6602 6581
3 6588 6608 6602
3 6608 6623 6602
3 6608 6626 6623
3 6626 6642 6623
3 6626 6640 6642
3 6640 6660 6642
3 6640 6656 6660
3 6656 6682 6660
3 6656 6673 6682
3 6673 6701 6682
3 6673 6689 6701
3 6689 6711 6701
3 6689 6699 6711
3 6699 6714 6711
3 6699 6703 6714
3 6703 6717 6714
3 6241 6186 6330
3 6685 6704 6690
3 4297 4280 4293
3 4284 4280 4297
3 4304 4284 4297
3 4288 4284 4304
3 4309 4288 4304
3 4302 4288 4309
3 4318 4302 4309
3 4313 4302 4318
3 4328 4313 4318
3 4325 4313 4328
3 4335 4325 4328
3 4336 4325 4335
3 4343 4336 4335
3 4347 4336 4343
3 4351 4347 4343
3 4355 4347 4351
3 4361 4355 4351
3 4369 4355 4361
3 4361 4372 4369
3 4372 4377 4369
3 4372 4379 4377
3 4379 4389 4377
3 4379 4387 4389
3 4387 4399 4389
3 4387 4397 4399
3 4397 4413 4399
3 4397 4405 4413
3 4405 4423 4413
3 4405 4415 4423
3 4415 4436 4423
3 4415 4425 4436
3 4425 4446 4436
3 4425 4434 4446
3 4434 4456 4446
3 4434 4441 4456
3 4441 4470 4456
3 4441 4451 4470
3 4451 4480 4470
3 4451 4459 4480
3 4459 4490 4480
3 4459 4468 4490
3 4468 4501 4490
3 4468 4476 4501
3 4476 4512 4501
3 4476 4484 4512
3 4484 4523 4512
3 4484 4488 4523
3 4581 4523 4488
3 4280 4273 4271
3 4276 4273 4280
3 4284 4276 4280
3 4282 4276 4284
3 4288 4282 4284
3 4291 4282 4288
3 4302 4291 4288
3 4310 4291 4302
3 4313 4310 4302
3 4327 4310 4313
3 4325 4327 4313
3 4339 4327 4325
3 4336 4339 4325
3 4353 4339 4336
3 4347 4353 4336
3 4365 4353 4347
3 4355 4365 4347
3 4355 4378 4365
3 4369 4378 4355
3 4369 4391 4378
3 4369 4377 4391
3 4377 4403 4391
3 4377 4389 4403
3 4389 4399 4403
3 4399 4420 4403
3 4399 4413 4420
3 4413 4433 4420
3 4413 4423 4433
3 4423 4449 4433
3 4423 4436 4449
3 4436 4464 4449
3 4436 4446 4464
3 4446 4478 4464
3 4446 4456 4478
3 4456 4492 4478
3 4456 4470 4492
3 4470 4508 4492
3 4470 4480 4508
3 4480 4525 4508
3 4480 4490 4525
3 4490 4540 4525
3 4490 4501 4540
3 4501 4569 4540
3 4501 4512 4569
3 4512 4575 4569
3 4512 4523 4575
3 4523 4581 4575
3 4271 4290 4280
3 4496 4546 4488
3 4496 4503 4546
3 4503 4567 4546
3 4503 4510 4567
3 4510 4571 4567
3 4510 4516 4571
3 4516 4577 4571
3 4516 4522 4577
3 4522 4579 4577
3 4522 4530 4579
3 4530 4584 4579
3 4530 4535 4584
3 4535 4588 4584
3 4535 4541 4588
3 4541 4592 4588
3 4541 4547 4592
3 4547 4600 4592
3 4547 4552 4600
3 4552 4604 4600
3 4552 4556 4604
3 4556 4606 4604
3 4556 4563 4606
3 4563 4608 4606
3 4563 4565 4608
3 4565 4609 4608
3 4565 4557 4609
3 4557 4607 4609
3 4557 4553 4607
3 4553 4605 4607
3 4553 4548 4605
3 4548 4601 4605
3 4548 4542 4601
3 4542 4597 4601
3 4542 4536 4597
3 4536 4590 4597
3 4536 4531 4590
3 4531 4585 4590
3 4531 4524 4585
3 4524 4580 4585
3 4524 4517 4580
3 4517 4578 4580
3 4517 4511 4578
3 4511 4572 4578
3 4504 4572 4511
3 4568 4572 4504
3 4497 4568 4504
3 4549 4568 4497
3 4489 4549 4497
3 4549 4489 4582
3 4581 4546 4586
3 4546 4598 4586
3 4546 4567 4598
3 4567 4610 4598
3 4567 4571 4610
3 4571 4614 4610
3 4571 4577 4614
3 4577 4618 4614
3 4577 4579 4618
3 4579 4622 4618
3 4579 4584 4622
3 4584 4626 4622
3 4584 4588 4626
3 4588 4630 4626
3 4588 4592 4630
3 4592 4634 4630
3 4592 4600 4634
3 4600 4638 4634
3 4600 4604 4638
3 4604 4642 4638
3 4604 4606 4642
3 4606 4646 4642
3 4606 4608 4646
3 4608 4648 4646
3 4608 4609 4648
3 4609 4643 4648
3 4609 4607 4643
3 4607 4639 4643
3 4607 4605 4639
3 4605 4635 4639
3 4605 4601 4635
3 4601 4631 4635
3 4601 4597 4631
3 4597 4627 4631
3 4597 4590 4627
3 4590 4623 4627
3 4590 4585 4623
3 4585 4619 4623
3 4585 4580 4619
3 4580 4615 4619
3 4580 4578 4615
3 4578 4611 4615
3 4578 4572 4611
3 4599 4611 4572
3 4568 4599 4572
3 4587 4599 4568
3 4549 4587 4568
3 4582 4587 4549
3 4546 4581 4488
3 4485 4526 4489
3 4515 4526 4485
3 4477 4515 4485
3 4505 4515 4477
3 4469 4505 4477
3 4491 4505 4469
3 4460 4491 4469
3 4482 4491 4460
3 4452 4482 4460
3 4471 4482 4452
3 4442 4471 4452
3 4457 4471 4442
3 4437 4457 4442
3 4448 4457 4437
3 4426 4448 4437
3 4438 4448 4426
3 4416 4438 4426
3 4424 4438 4416
3 4410 4424 4416
3 4414 4424 4410
3 4398 4414 4410
3 4401 4414 4398
3 4388 4401 4398
3 4390 4401 4388
3 4381 4390 4388
3 4380 4390 4381
3 4374 4380 4381
3 4370 4380 4374
3 4362 4370 4374
3 4358 4370 4362
3 4352 4358 4362
3 4348 4358 4352
3 4344 4348 4352
3 4338 4348 4344
3 4337 4338 4344
3 4326 4338 4337
3 4329 4326 4337
3 4314 4326 4329
3 4319 4314 4329
3 4303 4314 4319
3 4311 4303 4319
3 4289 4303 4311
3 4305 4289 4311
3 4285 4289 4305
3 4298 4285 4305
3 4281 4285 4298
3 4294 4281 4298
3 4290 4281 4294
3 4281 4290 4271
3 4526 4576 4582
3 4570 4576 4526
3 4515 4570 4526
3 4543 4570 4515
3 4505 4543 4515
3 4527 4543 4505
3 4491 4527 4505
3 4509 4527 4491
3 4482 4509 4491
3 4493 4509 4482
3 4471 4493 4482
3 4479 4493 4471
3 4457 4479 4471
3 4466 4479 4457
3 4448 4466 4457
3 4450 4466 4448
3 4438 4450 4448
3 4435 4450 4438
3 4424 4435 4438
3 4422 4435 4424
3 4414 4422 4424
3 4404 4422 4414
3 4401 4404 4414
3 4390 4404 4401
3 4394 4404 4390
3 4380 4394 4390
3 4382 4394 4380
3 4370 4382 4380
3 4368 4382 4370
3 4358 4368 4370
3 4354 4368 4358
3 4348 4354 4358
3 4342 4354 4348
3 4338 4342 4348
3 4330 4342 4338
3 4326 4330 4338
3 4312 4330 4326
3 4314 4312 4326
3 4296 4312 4314
3 4303 4296 4314
3 4283 4296 4303
3 4289 4283 4303
3 4277 4283 4289
3 4285 4277 4289
3 4274 4277 4285
3 4281 4274 4285
3 4271 4274 4281
3 4582 4489 4526
3 4280 4290 4293
3 6054 6001 6051
3 6051 6001 5997
3 6051 5997 6047
3 6047 5997 5995
3 6047 5995 6041
3 6041 5995 5993
3 6041 5993 6037
3 6037 5993 5989
3 6037 5989 6029
3 6029 5989 5985
3 6029 5985 6025
3 6025 5985 5979
3 6025 5979 6019
3 6019 5979 5971
3 6019 5971 6015
3 6015 5971 5965
3 6009 6015 5965
3 5952 6009 5965
3 6005 6009 5952
3 5934 6005 5952
3 5991 5934 6005
3 5916 5934 5991
3 5981 5916 5991
3 5904 5916 5981
3 5975 5904 5981
3 5888 5904 5975
3 5967 5888 5975
3 5872 5888 5967
3 5954 5872 5967
3 5858 5872 5954
3 5936 5858 5954
3 5842 5858 5936
3 5919 5842 5936
3 5828 5842 5919
3 5906 5828 5919
3 5814 5828 5906
3 5897 5814 5906
3 5792 5814 5897
3 5886 5792 5897
3 5773 5792 5886
3 5878 5773 5886
3 5765 5773 5878
3 5868 5765 5878
3 5752 5765 5868
3 5863 5752 5868
3 5752 5863 5699
3 5959 5957 6001
3 6001 5957 5950
3 6001 5950 5997
3 5997 5950 5946
3 5997 5946 5995
3 5995 5946 5940
3 5995 5940 5993
3 5993 5940 5930
3 5993 5930 5989
3 5989 5930 5921
3 5989 5921 5985
3 5985 5921 5910
3 5985 5910 5979
3 5979 5910 5900
3 5979 5900 5971
3 5971 5900 5889
3 5971 5889 5965
3 5876 5965 5889
3 5952 5965 5876
3 5864 5952 5876
3 5934 5952 5864
3 5846 5864 5934
3 5916 5846 5934
3 5826 5846 5916
3 5904 5826 5916
3 5806 5826 5904
3 5888 5806 5904
3 5777 5806 5888
3 5872 5777 5888
3 5763 5777 5872
3 5858 5763 5872
3 5748 5763 5858
3 5842 5748 5858
3 5742 5748 5842
3 5828 5742 5842
3 5734 5742 5828
3 5814 5734 5828
3 5726 5734 5814
3 5792 5726 5814
3 5718 5726 5792
3 5773 5718 5792
3 5708 5718 5773
3 5765 5708 5773
3 5701 5708 5765
3 5752 5701 5765
3 5699 5701 5752
3 6001 6056 5959
3 5851 5744 5863
3 5740 5744 5851
3 5843 5740 5851
3 5736 5740 5843
3 5838 5736 5843
3 5732 5736 5838
3 5831 5732 5838
3 5728 5732 5831
3 5820 5728 5831
3 5724 5728 5820
3 5816 5724 5820
3 5720 5724 5816
3 5805 5720 5816
3 5716 5720 5805
3 5800 5716 5805
3 5714 5716 5800
3 5796 5714 5800
3 5710 5714 5796
3 5788 5710 5796
3 5706 5710 5788
3 5782 5706 5788
3 5704 5706 5782
3 5778 5704 5782
3 5705 5704 5778
3 5779 5705 5778
3 5709 5705 5779
3 5787 5709 5779
3 5713 5709 5787
3 5795 5713 5787
3 5715 5713 5795
3 5799 5715 5795
3 5719 5715 5799
3 5804 5719 5799
3 5723 5719 5804
3 5815 5723 5804
3 5727 5723 5815
3 5819 5727 5815
3 5731 5727 5819
3 5830 5731 5819
3 5735 5731 5830
3 5837 5735 5830
3 5837 5739 5735
3 5837 5845 5739
3 5845 5743 5739
3 5845 5852 5743
3 5852 5862 5743
3 5698 5743 5862
3 5744 5691 5699
3 5687 5691 5744
3 5740 5687 5744
3 5683 5687 5740
3 5736 5683 5740
3 5679 5683 5736
3 5732 5679 5736
3 5675 5679 5732
3 5728 5675 5732
3 5671 5675 5728
3 5724 5671 5728
3 5667 5671 5724
3 5720 5667 5724
3 5663 5667 5720
3 5716 5663 5720
3 5659 5663 5716
3 5714 5659 5716
3 5655 5659 5714
3 5710 5655 5714
3 5651 5655 5710
3 5706 5651 5710
3 5647 5651 5706
3 5704 5647 5706
3 5650 5647 5704
3 5705 5650 5704
3 5654 5650 5705
3 5709 5654 5705
3 5658 5654 5709
3 5713 5658 5709
3 5662 5658 5713
3 5715 5662 5713
3 5666 5662 5715
3 5719 5666 5715
3 5670 5666 5719
3 5723 5670 5719
3 5674 5670 5723
3 5727 5674 5723
3 5678 5674 5727
3 5731 5678 5727
3 5682 5678 5731
3 5735 5682 5731
3 5735 5686 5682
3 5735 5739 5686
3 5739 5690 5686
3 5739 5743 5690
3 5743 5698 5690
3 5699 5863 5744
3 5867 5751 5862
3 5867 5877 5751
3 5877 5764 5751
3 5877 5885 5764
3 5885 5772 5764
3 5885 5895 5772
3 5895 5789 5772
3 5895 5908 5789
3 5908 5813 5789
3 5908 5920 5813
3 5920 5827 5813
3 5920 5935 5827
3 5935 5841 5827
3 5935 5953 5841
3 5953 5857 5841
3 5953 5857 5966
3 5966 5857 5874
3 5966 5874 5974
3 5974 5874 5887
3 5974 5887 5980
3 5980 5887 5903
3 5980 5903 5990
3 5990 5903 5915
3 5990 5915 6004
3 6004 5915 5933
3 6004 5933 6008
3 6008 5933 5951
3 6008 5951 6014
3 6014 5951 5964
3 6014 5964 6018
3 6018 5964 5970
3 6018 5970 6024
3 6024 5970 5978
3 6024 5978 6028
3 6028 5978 5984
3 6028 5984 6036
3 6036 5984 5988
3 6036 5988 6040
3 6040 5988 5992
3 6040 5992 6046
3 6046 5992 5994
3 6046 5994 6050
3 6050 5994 5996
3 6050 5996 6053
3 6053 5996 6000
3 6053 6000 6056
3 5959 6056 6000
3 5698 5751 5700
3 5751 5707 5700
3 5751 5764 5707
3 5764 5717 5707
3 5764 5772 5717
3 5772 5725 5717
3 5772 5789 5725
3 5789 5733 5725
3 5789 5813 5733
3 5813 5741 5733
3 5813 5827 5741
3 5827 5747 5741
3 5827 5841 5747
3 5841 5762 5747
3 5841 5857 5762
3 5857 5762 5776
3 5857 5776 5874
3 5874 5776 5803
3 5874 5803 5887
3 5887 5803 5825
3 5887 5825 5903
3 5903 5825 5844
3 5903 5844 5915
3 5915 5844 5861
3 5915 5861 5933
3 5933 5861 5875
3 5933 5875 5951
3 5951 5875 5890
3 5951 5890 5964
3 5964 5890 5899
3 5964 5899 5970
3 5970 5899 5909
3 5970 5909 5978
3 5978 5909 5922
3 5978 5922 5984
3 5984 5922 5929
3 5984 5929 5988
3 5988 5929 5939
3 5988 5939 5992
3 5992 5939 5945
3 5992 5945 5994
3 5994 5945 5949
3 5994 5949 5996
3 5996 5949 5956
3 5996 5956 6000
3 6000 5956 5959
3 5751 5698 5862
3 6054 6056 6001
3 5548 5506 5545
3 5514 5506 5548
3 5553 5514 5548
3 5523 5514 5553
3 5556 5523 5553
3 5527 5523 5556
3 5560 5527 5556
3 5530 5527 5560
3 5566 5530 5560
3 5533 5530 5566
3 5569 5533 5566
3 5538 5533 5569
3 5567 5538 5569
3 5534 5538 5567
3 5562 5534 5567
3 5531 5534 5562
3 5557 5531 5562
3 5526 5531 5557
3 5552 5526 5557
3 5522 5526 5552
3 5546 5552 5522
3 5510 5546 5522
3 5542 5546 5510
3 5505 5542 5510
3 5537 5542 5505
3 5480 5537 5505
3 5524 5537 5480
3 5463 5524 5480
3 5512 5524 5463
3 5445 5512 5463
3 5504 5512 5445
3 5431 5504 5445
3 5475 5504 5431
3 5411 5475 5431
3 5462 5475 5411
3 5395 5462 5411
3 5444 5462 5395
3 5378 5444 5395
3 5433 5444 5378
3 5365 5433 5378
3 5420 5433 5365
3 5349 5420 5365
3 5402 5420 5349
3 5335 5402 5349
3 5389 5402 5335
3 5335 5256 5389
3 5506 5448 5438
3 5461 5448 5506
3 5514 5461 5506
3 5468 5461 5514
3 5523 5468 5514
3 5478 5468 5523
3 5527 5478 5523
3 5487 5478 5527
3 5530 5487 5527
3 5496 5487 5530
3 5533 5496 5530
3 5503 5496 5533
3 5538 5503 5533
3 5498 5503 5538
3 5534 5498 5538
3 5489 5498 5534
3 5531 5489 5534
3 5479 5489 5531
3 5526 5479 5531
3 5467 5479 5526
3 5522 5467 5526
3 5456 5522 5467
3 5510 5522 5456
3 5442 5510 5456
3 5505 5510 5442
3 5429 5505 5442
3 5480 5505 5429
3 5410 5480 5429
3 5463 5480 5410
3 5391 5463 5410
3 5445 5463 5391
3 5376 5445 5391
3 5431 5445 5376
3 5361 5431 5376
3 5411 5431 5361
3 5342 5411 5361
3 5395 5411 5342
3 5323 5395 5342
3 5378 5395 5323
3 5306 5378 5323
3 5365 5378 5306
3 5291 5365 5306
3 5349 5365 5291
3 5274 5349 5291
3 5335 5349 5274
3 5256 5335 5274
3 5438 5541 5506
3 5311 5379 5389
3 5370 5379 5311
3 5296 5370 5311
3 5359 5370 5296
3 5284 5359 5296
3 5347 5359 5284
3 5268 5347 5284
3 5332 5347 5268
3 5250 5332 5268
3 5324 5332 5250
3 5230 5324 5250
3 5312 5324 5230
3 5214 5312 5230
3 5302 5312 5214
3 5204 5302 5214
3 5293 5302 5204
3 5195 5293 5204
3 5283 5293 5195
3 5185 5283 5195
3 5283 5185 5273
3 5273 5185 5177
3 5273 5177 5265
3 5265 5177 5167
3 5265 5167 5257
3 5257 5167 5157
3 5257 5157 5248
3 5248 5157 5152
3 5248 5152 5243
3 5243 5152 5148
3 5243 5148 5234
3 5234 5148 5144
3 5234 5144 5226
3 5226 5144 5141
3 5226 5141 5220
3 5220 5141 5137
3 5220 5137 5217
3 5217 5137 5136
3 5217 5136 5219
3 5219 5136 5138
3 5219 5138 5224
3 5224 5138 5139
3 5224 5139 5231
3 5231 5139 5143
3 5231 5143 5240
3 5240 5143 5146
3 5240 5146 5244
3 5244 5146 5150
3 5244 5150 5249
3 5091 5249 5150
3 5311 5256 5233
3 5212 5311 5233
3 5296 5311 5212
3 5201 5296 5212
3 5284 5296 5201
3 5190 5284 5201
3 5268 5284 5190
3 5175 5268 5190
3 5250 5268 5175
3 5158 5250 5175
3 5230 5250 5158
3 5147 5230 5158
3 5214 5230 5147
3 5133 5214 5147
3 5204 5214 5133
3 5127 5204 5133
3 5195 5204 5127
3 5117 5195 5127
3 5185 5195 5117
3 5185 5117 5111
3 5185 5111 5177
3 5177 5111 5104
3 5177 5104 5167
3 5167 5104 5098
3 5167 5098 5157
3 5157 5098 5088
3 5157 5088 5152
3 5152 5088 5082
3 5152 5082 5148
3 5148 5082 5076
3 5148 5076 5144
3 5144 5076 5066
3 5144 5066 5141
3 5141 5066 5059
3 5141 5059 5137
3 5137 5059 5055
3 5137 5055 5136
3 5136 5055 5061
3 5136 5061 5138
3 5138 5061 5065
3 5138 5065 5139
3 5139 5065 5073
3 5139 5073 5143
3 5143 5073 5078
3 5143 5078 5146
3 5146 5078 5084
3 5146 5084 5150
3 5150 5084 5091
3 5256 5311 5389
3 5249 5156 5255
3 5255 5156 5161
3 5255 5161 5262
3 5262 5161 5172
3 5262 5172 5267
3 5267 5172 5179
3 5267 5179 5276
3 5276 5179 5186
3 5276 5186 5285
3 5285 5186 5198
3 5285 5198 5294
3 5294 5198 5206
3 5294 5206 5303
3 5303 5206 5215
3 5303 5215 5314
3 5314 5239 5215
3 5314 5328 5239
3 5328 5258 5239
3 5328 5337 5258
3 5337 5275 5258
3 5337 5350 5275
3 5350 5292 5275
3 5350 5364 5292
3 5364 5308 5292
3 5364 5377 5308
3 5377 5325 5308
3 5377 5392 5325
3 5392 5341 5325
3 5392 5407 5341
3 5407 5358 5341
3 5407 5425 5358
3 5425 5374 5358
3 5425 5439 5374
3 5439 5388 5374
3 5439 5452 5388
3 5452 5404 5388
3 5452 5471 5404
3 5471 5423 5404
3 5471 5491 5423
3 5491 5437 5423
3 5491 5507 5437
3 5507 5450 5437
3 5507 5515 5450
3 5465 5450 5515
3 5525 5465 5515
3 5477 5465 5525
3 5535 5477 5525
3 5541 5477 5535
3 5477 5541 5438
3 5091 5097 5156
3 5156 5097 5101
3 5156 5101 5161
3 5161 5101 5107
3 5161 5107 5172
3 5172 5107 5112
3 5172 5112 5179
3 5179 5112 5118
3 5179 5118 5186
3 5186 5118 5128
3 5186 5128 5198
3 5198 5128 5134
3 5198 5134 5206
3 5206 5134 5149
3 5206 5149 5215
3 5215 5159 5149
3 5215 5239 5159
3 5239 5178 5159
3 5239 5258 5178
3 5258 5193 5178
3 5258 5275 5193
3 5275 5207 5193
3 5275 5292 5207
3 5292 5225 5207
3 5292 5308 5225
3 5308 5259 5225
3 5308 5325 5259
3 5325 5280 5259
3 5325 5341 5280
3 5341 5299 5280
3 5341 5358 5299
3 5358 5317 5299
3 5358 5374 5317
3 5374 5333 5317
3 5374 5388 5333
3 5388 5351 5333
3 5388 5404 5351
3 5404 5369 5351
3 5404 5423 5369
3 5423 5384 5369
3 5423 5437 5384
3 5437 5397 5384
3 5437 5450 5397
3 5412 5397 5450
3 5465 5412 5450
3 5428 5412 5465
3 5477 5428 5465
3 5438 5428 5477
3 5156 5249 5091
3 5506 5541 5545
3 4184 4118 4181
3 4181 4118 4114
3 4181 4114 4177
3 4177 4114 4111
3 4177 4111 4173
3 4173 4111 4106
3 4173 4106 4169
3 4169 4106 4099
3 4169 4099 4163
3 4163 4099 4093
3 4163 4093 4159
3 4159 4093 4084
3 4159 4084 4155
3 4155 4084 4072
3 4155 4072 4149
3 4149 4072 4060
3 4140 4149 4060
3 4046 4140 4060
3 4123 4140 4046
3 4022 4123 4046
3 4103 4022 4123
3 4002 4022 4103
3 4089 4002 4103
3 3986 4002 4089
3 4075 3986 4089
3 3966 3986 4075
3 4065 3966 4075
3 3941 3966 4065
3 4048 3941 4065
3 3923 3941 4048
3 4024 3923 4048
3 3906 3923 4024
3 4006 3906 4024
3 3890 3906 4006
3 3992 3890 4006
3 3870 3890 3992
3 3978 3870 3992
3 3845 3870 3978
3 3964 3845 3978
3 3815 3845 3964
3 3949 3815 3964
3 3807 3815 3949
3 3936 3807 3949
3 3802 3807 3936
3 3927 3802 3936
3 3802 3927 3696
3 4053 4051 4118
3 4118 4051 4044
3 4118 4044 4114
3 4114 4044 4039
3 4114 4039 4111
3 4111 4039 4028
3 4111 4028 4106
3 4106 4028 4020
3 4106 4020 4099
3 4099 4020 4010
3 4099 4010 4093
3 4093 4010 3997
3 4093 3997 4084
3 4084 3997 3982
3 4084 3982 4072
3 4072 3982 3969
3 4072 3969 4060
3 3947 4060 3969
3 4046 4060 3947
3 3929 4046 3947
3 4022 4046 3929
3 3911 3929 4022
3 4002 3911 4022
3 3886 3911 4002
3 3986 3886 4002
3 3862 3886 3986
3 3966 3862 3986
3 3823 3862 3966
3 3941 3823 3966
3 3805 3823 3941
3 3923 3805 3941
3 3795 3805 3923
3 3906 3795 3923
3 3780 3795 3906
3 3890 3780 3906
3 3768 3780 3890
3 3870 3768 3890
3 3753 3768 3870
3 3845 3753 3870
3 3733 3753 3845
3 3815 3733 3845
3 3716 3733 3815
3 3807 3716 3815
3 3705 3716 3807
3 3802 3705 3807
3 3696 3705 3802
3 4118 4186 4053
3 3920 3783 3927
3 3778 3783 3920
3 3908 3778 3920
3 3771 3778 3908
3 3901 3771 3908
3 3762 3771 3901
3 3893 3762 3901
3 3755 3762 3893
3 3879 3755 3893
3 3748 3755 3879
3 3873 3748 3879
3 3735 3748 3873
3 3861 3735 3873
3 3728 3735 3861
3 3853 3728 3861
3 3725 3728 3853
3 3847 3725 3853
3 3719 3725 3847
3 3841 3719 3847
3 3714 3719 3841
3 3834 3714 3841
3 3712 3714 3834
3 3828 3712 3834
3 3713 3712 3828
3 3831 3713 3828
3 3718 3713 3831
3 3840 3718 3831
3 3724 3718 3840
3 3846 3724 3840
3 3727 3724 3846
3 3852 3727 3846
3 3734 3727 3852
3 3860 3734 3852
3 3747 3734 3860
3 3872 3747 3860
3 3754 3747 3872
3 3878 3754 3872
3 3761 3754 3878
3 3892 3761 3878
3 3770 3761 3892
3 3900 3770 3892
3 3900 3777 3770
3 3900 3907 3777
3 3907 3782 3777
3 3907 3919 3782
3 3919 3926 3782
3 3695 3782 3926
3 3783 3686 3696
3 3674 3686 3783
3 3778 3674 3783
3 3656 3674 3778
3 3771 3656 3778
3 3652 3656 3771
3 3762 3652 3771
3 3648 3652 3762
3 3755 3648 3762
3 3644 3648 3755
3 3748 3644 3755
3 3640 3644 3748
3 3735 3640 3748
3 3636 3640 3735
3 3728 3636 3735
3 3630 3636 3728
3 3725 3630 3728
3 3626 3630 3725
3 3719 3626 3725
3 3622 3626 3719
3 3714 3622 3719
3 3618 3622 3714
3 3712 3618 3714
3 3621 3618 3712
3 3713 3621 3712
3 3625 3621 3713
3 3718 3625 3713
3 3629 3625 3718
3 3724 3629 3718
3 3635 3629 3724
3 3727 3635 3724
3 3639 3635 3727
3 3734 3639 3727
3 3643 3639 3734
3 3747 3643 3734
3 3647 3643 3747
3 3754 3647 3747
3 3651 3647 3754
3 3761 3651 3754
3 3655 3651 3761
3 3770 3655 3761
3 3770 3673 3655
3 3770 3777 3673
3 3777 3685 3673
3 3777 3782 3685
3 3782 3695 3685
3 3696 3927 3783
3 3935 3801 3926
3 3935 3948 3801
3 3948 3806 3801
3 3948 3963 3806
3 3963 3814 3806
3 3963 3976 3814
3 3976 3844 3814
3 3976 3990 3844
3 3990 3869 3844
3 3990 4005 3869
3 4005 3889 3869
3 4005 4023 3889
3 4023 3905 3889
3 4023 4047 3905
3 4047 3922 3905
3 4047 3922 4064
3 4064 3922 3939
3 4064 3939 4074
3 4074 3939 3965
3 4074 3965 4088
3 4088 3965 3985
3 4088 3985 4102
3 4102 3985 4001
3 4102 4001 4122
3 4122 4001 4021
3 4122 4021 4139
3 4139 4021 4045
3 4139 4045 4148
3 4148 4045 4059
3 4148 4059 4154
3 4154 4059 4071
3 4154 4071 4158
3 4158 4071 4083
3 4158 4083 4162
3 4162 4083 4092
3 4162 4092 4168
3 4168 4092 4098
3 4168 4098 4172
3 4172 4098 4105
3 4172 4105 4176
3 4176 4105 4110
3 4176 4110 4180
3 4180 4110 4113
3 4180 4113 4183
3 4183 4113 4117
3 4183 4117 4186
3 4053 4186 4117
3 3695 3801 3704
3 3801 3715 3704
3 3801 3806 3715
3 3806 3732 3715
3 3806 3814 3732
3 3814 3752 3732
3 3814 3844 3752
3 3844 3767 3752
3 3844 3869 3767
3 3869 3779 3767
3 3869 3889 3779
3 3889 3794 3779
3 3889 3905 3794
3 3905 3804 3794
3 3905 3922 3804
3 3922 3804 3822
3 3922 3822 3939
3 3939 3822 3859
3 3939 3859 3965
3 3965 3859 3885
3 3965 3885 3985
3 3985 3885 3910
3 3985 3910 4001
3 4001 3910 3928
3 4001 3928 4021
3 4021 3928 3946
3 4021 3946 4045
3 4045 3946 3968
3 4045 3968 4059
3 4059 3968 3981
3 4059 3981 4071
3 4071 3981 3996
3 4071 3996 4083
3 4083 3996 4009
3 4083 4009 4092
3 4092 4009 4019
3 4092 4019 4098
3 4098 4019 4027
3 4098 4027 4105
3 4105 4027 4038
3 4105 4038 4110
3 4110 4038 4043
3 4110 4043 4113
3 4113 4043 4050
3 4113 4050 4117
3 4117 4050 4053
3 3801 3695 3926
3 4184 4186 4118
3 3410 3372 3408
3 3378 3372 3410
3 3414 3378 3410
3 3383 3378 3414
3 3417 3383 3414
3 3385 3383 3417
3 3421 3385 3417
3 3390 3385 3421
3 3426 3390 3421
3 3392 3390 3426
3 3429 3392 3426
3 3396 3392 3429
3 3427 3396 3429
3 3393 3396 3427
3 3422 3393 3427
3 3391 3393 3422
3 3418 3391 3422
3 3387 3391 3418
3 3413 3387 3418
3 3382 3387 3413
3 3409 3413 3382
3 3376 3409 3382
3 3405 3409 3376
3 3371 3405 3376
3 3395 3405 3371
3 3348 3395 3371
3 3384 3395 3348
3 3327 3384 3348
3 3377 3384 3327
3 3312 3377 3327
3 3370 3377 3312
3 3298 3370 3312
3 3343 3370 3298
3 3282 3343 3298
3 3326 3343 3282
3 3270 3326 3282
3 3311 3326 3270
3 3255 3311 3270
3 3300 3311 3255
3 3238 3300 3255
3 3286 3300 3238
3 3225 3286 3238
3 3274 3286 3225
3 3213 3274 3225
3 3265 3274 3213
3 3213 3135 3265
3 3372 3317 3303
3 3325 3317 3372
3 3378 3325 3372
3 3334 3325 3378
3 3383 3334 3378
3 3346 3334 3383
3 3385 3346 3383
3 3353 3346 3385
3 3390 3353 3385
3 3363 3353 3390
3 3392 3363 3390
3 3369 3363 3392
3 3396 3369 3392
3 3365 3369 3396
3 3393 3365 3396
3 3355 3365 3393
3 3391 3355 3393
3 3347 3355 3391
3 3387 3347 3391
3 3333 3347 3387
3 3382 3333 3387
3 3323 3382 3333
3 3376 3382 3323
3 3309 3376 3323
3 3371 3376 3309
3 3297 3371 3309
3 3348 3371 3297
3 3281 3348 3297
3 3327 3348 3281
3 3267 3327 3281
3 3312 3327 3267
3 3249 3312 3267
3 3298 3312 3249
3 3237 3298 3249
3 3282 3298 3237
3 3218 3282 3237
3 3270 3282 3218
3 3201 3270 3218
3 3255 3270 3201
3 3185 3255 3201
3 3238 3255 3185
3 3170 3238 3185
3 3225 3238 3170
3 3155 3225 3170
3 3213 3225 3155
3 3135 3213 3155
3 3303 3399 3372
3 3189 3256 3265
3 3244 3256 3189
3 3176 3244 3189
3 3235 3244 3176
3 3165 3235 3176
3 3223 3235 3165
3 3151 3223 3165
3 3210 3223 3151
3 3131 3210 3151
3 3202 3210 3131
3 3108 3202 3131
3 3192 3202 3108
3 3090 3192 3108
3 3182 3192 3090
3 3075 3182 3090
3 3172 3182 3075
3 3063 3172 3075
3 3164 3172 3063
3 3053 3164 3063
3 3164 3053 3154
3 3154 3053 3045
3 3154 3045 3144
3 3144 3045 3037
3 3144 3037 3136
3 3136 3037 3031
3 3136 3031 3129
3 3129 3031 3021
3 3129 3021 3124
3 3124 3021 3016
3 3124 3016 3113
3 3113 3016 3011
3 3113 3011 3104
3 3104 3011 3005
3 3104 3005 3099
3 3099 3005 3002
3 3099 3002 3094
3 3094 3002 3001
3 3094 3001 3097
3 3097 3001 3003
3 3097 3003 3102
3 3102 3003 3004
3 3102 3004 3109
3 3109 3004 3010
3 3109 3010 3121
3 3121 3010 3014
3 3121 3014 3125
3 3125 3014 3018
3 3125 3018 3130
3 2938 3130 3018
3 3189 3135 3112
3 3087 3189 3112
3 3176 3189 3087
3 3071 3176 3087
3 3165 3176 3071
3 3057 3165 3071
3 3151 3165 3057
3 3044 3151 3057
3 3131 3151 3044
3 3032 3131 3044
3 3108 3131 3032
3 3015 3108 3032
3 3090 3108 3015
3 2995 3090 3015
3 3075 3090 2995
3 2983 3075 2995
3 3063 3075 2983
3 2969 3063 2983
3 3053 3063 2969
3 3053 2969 2960
3 3053 2960 3045
3 3045 2960 2951
3 3045 2951 3037
3 3037 2951 2944
3 3037 2944 3031
3 3031 2944 2937
3 3031 2937 3021
3 3021 2937 2928
3 3021 2928 3016
3 3016 2928 2921
3 3016 2921 3011
3 3011 2921 2913
3 3011 2913 3005
3 3005 2913 2906
3 3005 2906 3002
3 3002 2906 2902
3 3002 2902 3001
3 3001 2902 2908
3 3001 2908 3003
3 3003 2908 2912
3 3003 2912 3004
3 3004 2912 2918
3 3004 2918 3010
3 3010 2918 2924
3 3010 2924 3014
3 3014 2924 2930
3 3014 2930 3018
3 3018 2930 2938
3 3135 3189 3265
3 3130 3030 3134
3 3134 3030 3035
3 3134 3035 3141
3 3141 3035 3041
3 3141 3041 3150
3 3150 3041 3048
3 3150 3048 3157
3 3157 3048 3054
3 3157 3054 3166
3 3166 3054 3065
3 3166 3065 3173
3 3173 3065 3077
3 3173 3077 3183
3 3183 3077 3093
3 3183 3093 3194
3 3194 3118 3093
3 3194 3204 3118
3 3204 3137 3118
3 3204 3215 3137
3 3215 3156 3137
3 3215 3226 3156
3 3226 3171 3156
3 3226 3239 3171
3 3239 3186 3171
3 3239 3254 3186
3 3254 3203 3186
3 3254 3266 3203
3 3266 3217 3203
3 3266 3278 3217
3 3278 3234 3217
3 3278 3293 3234
3 3293 3247 3234
3 3293 3306 3247
3 3306 3263 3247
3 3306 3320 3263
3 3320 3276 3263
3 3320 3337 3276
3 3337 3291 3276
3 3337 3357 3291
3 3357 3304 3291
3 3357 3373 3304
3 3373 3319 3304
3 3373 3379 3319
3 3329 3319 3379
3 3386 3329 3379
3 3345 3329 3386
3 3394 3345 3386
3 3399 3345 3394
3 3345 3399 3303
3 2938 2943 3030
3 3030 2943 2948
3 3030 2948 3035
3 3035 2948 2955
3 3035 2955 3041
3 3041 2955 2961
3 3041 2961 3048
3 3048 2961 2971
3 3048 2971 3054
3 3054 2971 2984
3 3054 2984 3065
3 3065 2984 2996
3 3065 2996 3077
3 3077 2996 3017
3 3077 3017 3093
3 3093 3034 3017
3 3093 3118 3034
3 3118 3047 3034
3 3118 3137 3047
3 3137 3061 3047
3 3137 3156 3061
3 3156 3080 3061
3 3156 3171 3080
3 3171 3103 3080
3 3171 3186 3103
3 3186 3138 3103
3 3186 3203 3138
3 3203 3161 3138
3 3203 3217 3161
3 3217 3179 3161
3 3217 3234 3179
3 3234 3195 3179
3 3234 3247 3195
3 3247 3211 3195
3 3247 3263 3211
3 3263 3227 3211
3 3263 3276 3227
3 3276 3243 3227
3 3276 3291 3243
3 3291 3260 3243
3 3291 3304 3260
3 3304 3271 3260
3 3304 3319 3271
3 3283 3271 3319
3 3329 3283 3319
3 3296 3283 3329
3 3345 3296 3329
3 3303 3296 3345
3 3030 3130 2938
3 3372 3399 3408
3 7040 7277 7281
3 7044 7040 7281
3 7044 7281 7287
3 7047 7044 7287
3 7047 7287 7293
3 7052 7047 7293
3 7052 7293 7297
3 7060 7052 7297
3 7060 7297 7309
3 7065 7060 7309
3 7065 7309 7317
3 7071 7065 7317
3 7071 7317 7321
3 7075 7071 7321
3 7075 7321 7327
3 7077 7075 7327
3 7079 7077 7327
3 7079 7327 7338
3 7084 7079 7338
3 7084 7338 7350
3 7092 7084 7350
3 7092 7350 7361
3 7096 7092 7361
3 7096 7361 7370
3 7102 7096 7370
3 7102 7370 7387
3 7104 7102 7387
3 7104 7387 7412
3 7111 7104 7412
3 7111 7412 7428
3 7115 7111 7428
3 7115 7428 7444
3 7119 7115 7444
3 7119 7444 7456
3 7123 7119 7456
3 7123 7456 7472
3 7127 7123 7472
3 7127 7472 7488
3 7129 7127 7488
3 7129 7488 7500
3 7140 7129 7500
3 7140 7500 7514
3 7142 7140 7514
3 7142 7514 7529
3 7146 7142 7529
3 7146 7529 7540
3 7150 7146 7540
3 7150 7540 7554
3 7152 7150 7554
3 7152 7554 7563
3 7154 7152 7563
3 7154 7563 7577
3 7157 7154 7577
3 7157 7577 7589
3 7159 7157 7589
3 7159 7589 7604
3 7161 7159 7604
3 7161 7604 7616
3 7632 7616 7161
3 7163 7632 7161
3 7655 7632 7163
3 7165 7655 7163
3 7665 7655 7165
3 7167 7665 7165
3 7669 7665 7167
3 7169 7669 7167
3 7673 7669 7169
3 7171 7673 7169
3 7677 7673 7171
3 7173 7677 7171
3 7676 7677 7173
3 7172 7676 7173
3 7670 7676 7172
3 7170 7670 7172
3 7666 7670 7170
3 7168 7666 7170
3 7656 7666 7168
3 7166 7656 7168
3 7633 7656 7166
3 7164 7633 7166
3 7617 7633 7164
3 7162 7617 7164
3 7605 7617 7162
3 7160 7605 7162
3 7590 7605 7160
3 7158 7590 7160
3 7579 7590 7158
3 7155 7579 7158
3 7153 7564 7579
3 7153 7579 7155
3 7151 7555 7564
3 7151 7564 7153
3 7147 7545 7555
3 7147 7555 7151
3 7143 7531 7545
3 7143 7545 7147
3 7141 7517 7531
3 7141 7531 7143
3 7130 7505 7517
3 7130 7517 7141
3 7128 7491 7505
3 7128 7505 7130
3 7124 7474 7491
3 7124 7491 7128
3 7120 7458 7474
3 7120 7474 7124
3 7116 7447 7458
3 7116 7458 7120
3 7112 7430 7447
3 7112 7447 7116
3 7105 7415 7430
3 7105 7430 7112
3 7103 7390 7415
3 7103 7415 7105
3 7099 7373 7390
3 7099 7390 7103
3 7093 7364 7373
3 7093 7373 7099
3 7085 7352 7364
3 7085 7364 7093
3 7080 7341 7352
3 7080 7352 7085
3 7078 7328 7341
3 7078 7341 7080
3 7076 7322 7328
3 7076 7328 7078
3 7072 7318 7322
3 7072 7322 7076
3 7066 7310 7318
3 7066 7318 7072
3 7066 7310 7298
3 7061 7066 7298
3 7061 7298 7294
3 7053 7061 7294
3 7053 7294 7288
3 7048 7053 7288
3 7048 7288 7282
3 7045 7048 7282
3 7045 7282 7278
3 7041 7045 7278
3 7041 7278 7276
3 7039 7041 7276
3 7039 7276 7277
3 7040 7039 7277
3 7652 7649 7664
3 7649 7662 7664
3 7649 7662 7637
3 7637 7662 7658
3 7637 7658 7631
3 7631 7658 7648
3 7631 7648 7625
3 7625 7648 7630
3 7625 7630 7615
3 7615 7630 7620
3 7615 7620 7607
3 7607 7620 7609
3 7607 7609 7601
3 7601 7609 7599
3 7601 7599 7588
3 7588 7599 7584
3 7580 7588 7584
3 7574 7580 7584
3 7570 7580 7574
3 7562 7570 7574
3 7560 7570 7562
3 7550 7560 7562
3 7551 7560 7550
3 7537 7551 7550
3 7542 7551 7537
3 7526 7542 7537
3 7533 7542 7526
3 7513 7533 7526
3 7520 7533 7513
3 7503 7520 7513
3 7509 7520 7503
3 7493 7509 7503
3 7504 7509 7493
3 7478 7504 7493
3 7495 7504 7478
3 7464 7495 7478
3 7486 7495 7464
3 7455 7486 7464
3 7476 7486 7455
3 7443 7476 7455
3 7468 7476 7443
3 7435 7468 7443
3 7459 7468 7435
3 7421 7459 7435
3 7453 7421 7459
3 7421 7453 7363
3 7678 7664 7675
3 7664 7672 7675
3 7664 7662 7672
3 7662 7672 7668
3 7662 7668 7658
3 7658 7668 7660
3 7658 7660 7648
3 7648 7660 7639
3 7648 7639 7630
3 7630 7639 7624
3 7630 7624 7620
3 7620 7624 7611
3 7620 7611 7609
3 7609 7611 7597
3 7609 7597 7599
3 7599 7597 7582
3 7599 7582 7584
3 7566 7584 7582
3 7574 7584 7566
3 7558 7574 7566
3 7562 7574 7558
3 7544 7562 7558
3 7550 7562 7544
3 7528 7550 7544
3 7537 7550 7528
3 7511 7537 7528
3 7526 7537 7511
3 7499 7526 7511
3 7513 7526 7499
3 7484 7513 7499
3 7503 7513 7484
3 7467 7503 7484
3 7493 7503 7467
3 7451 7493 7467
3 7478 7493 7451
3 7439 7478 7451
3 7464 7478 7439
3 7425 7464 7439
3 7455 7464 7425
3 7406 7455 7425
3 7443 7455 7406
3 7377 7443 7406
3 7435 7443 7377
3 7369 7435 7377
3 7421 7435 7369
3 7363 7369 7421
3 7664 7678 7654
3 7449 7396 7453
3 7375 7396 7449
3 7441 7375 7449
3 7372 7375 7441
3 7434 7372 7441
3 7366 7372 7434
3 7427 7366 7434
3 7360 7366 7427
3 7419 7360 7427
3 7356 7360 7419
3 7414 7356 7419
3 7349 7356 7414
3 7404 7349 7414
3 7347 7349 7404
3 7399 7347 7404
3 7340 7347 7399
3 7392 7340 7399
3 7337 7340 7392
3 7386 7337 7392
3 7335 7337 7386
3 7382 7335 7386
3 7333 7335 7382
3 7378 7333 7382
3 7334 7333 7378
3 7379 7334 7378
3 7336 7334 7379
3 7385 7336 7379
3 7339 7336 7385
3 7391 7339 7385
3 7346 7339 7391
3 7398 7346 7391
3 7348 7346 7398
3 7403 7348 7398
3 7355 7348 7403
3 7413 7355 7403
3 7359 7355 7413
3 7418 7359 7413
3 7365 7359 7418
3 7426 7365 7418
3 7371 7365 7426
3 7433 7371 7426
3 7433 7374 7371
3 7433 7440 7374
3 7440 7397 7374
3 7440 7448 7397
3 7448 7452 7397
3 7362 7397 7452
3 7396 7354 7363
3 7344 7354 7396
3 7375 7344 7396
3 7332 7344 7375
3 7372 7332 7375
3 7325 7332 7372
3 7366 7325 7372
3 7320 7325 7366
3 7360 7320 7366
3 7312 7320 7360
3 7356 7312 7360
3 7307 7312 7356
3 7349 7307 7356
3 7296 7307 7349
3 7347 7296 7349
3 7290 7296 7347
3 7340 7290 7347
3 7286 7290 7340
3 7337 7286 7340
3 7280 7286 7337
3 7335 7280 7337
3 7275 7280 7335
3 7333 7275 7335
3 7279 7275 7333
3 7334 7279 7333
3 7285 7279 7334
3 7336 7285 7334
3 7289 7285 7336
3 7339 7289 7336
3 7295 7289 7339
3 7346 7295 7339
3 7306 7295 7346
3 7348 7306 7346
3 7311 7306 7348
3 7355 7311 7348
3 7319 7311 7355
3 7359 7319 7355
3 7324 7319 7359
3 7365 7324 7359
3 7331 7324 7365
3 7371 7331 7365
3 7371 7343 7331
3 7371 7374 7343
3 7374 7353 7343
3 7374 7397 7353
3 7397 7362 7353
3 7363 7453 7396
3 7457 7420 7452
3 7457 7466 7420
3 7466 7432 7420
3 7466 7475 7432
3 7475 7442 7432
3 7475 7485 7442
3 7485 7454 7442
3 7485 7494 7454
3 7494 7463 7454
3 7494 7502 7463
3 7502 7477 7463
3 7502 7508 7477
3 7508 7492 7477
3 7508 7519 7492
3 7519 7501 7492
3 7519 7532 7501
3 7532 7512 7501
3 7532 7541 7512
3 7541 7525 7512
3 7541 7549 7525
3 7549 7536 7525
3 7549 7559 7536
3 7559 7548 7536
3 7559 7569 7548
3 7569 7561 7548
3 7569 7578 7561
3 7578 7573 7561
3 7578 7587 7573
3 7587 7583 7573
3 7587 7600 7583
3 7600 7598 7583
3 7600 7606 7598
3 7606 7608 7598
3 7606 7614 7608
3 7614 7618 7608
3 7614 7623 7618
3 7623 7628 7618
3 7623 7629 7628
3 7629 7646 7628
3 7629 7636 7646
3 7636 7657 7646
3 7636 7647 7657
3 7647 7661 7657
3 7647 7651 7661
3 7651 7663 7661
3 7651 7654 7663
3 7678 7663 7654
3 7362 7420 7368
3 7420 7376 7368
3 7420 7432 7376
3 7432 7405 7376
3 7432 7442 7405
3 7442 7422 7405
3 7442 7454 7422
3 7454 7438 7422
3 7454 7463 7438
3 7463 7450 7438
3 7463 7477 7450
3 7477 7465 7450
3 7477 7492 7465
3 7492 7483 7465
3 7492 7501 7483
3 7501 7498 7483
3 7501 7512 7498
3 7512 7510 7498
3 7512 7525 7510
3 7525 7527 7510
3 7525 7536 7527
3 7536 7543 7527
3 7536 7548 7543
3 7548 7557 7543
3 7548 7561 7557
3 7561 7565 7557
3 7561 7573 7565
3 7573 7581 7565
3 7573 7583 7581
3 7583 7596 7581
3 7583 7598 7596
3 7598 7610 7596
3 7598 7608 7610
3 7608 7622 7610
3 7608 7618 7622
3 7618 7638 7622
3 7618 7628 7638
3 7628 7659 7638
3 7628 7646 7659
3 7646 7667 7659
3 7646 7657 7667
3 7657 7671 7667
3 7657 7661 7671
3 7661 7674 7671
3 7661 7663 7674
3 7663 7678 7674
3 7420 7362 7452
3 7652 7664 7654
3 7059 7063 6878
3 7059 6878 6874
3 7055 7059 6874
3 7055 6874 6870
3 7051 7055 6870
3 7051 6870 6866
3 7043 7051 6866
3 7043 6866 6862
3 7038 7043 6862
3 7038 6862 6858
3 7034 7038 6858
3 7034 6858 6852
3 7030 7034 6852
3 7030 6852 6847
3 7028 7030 6847
3 7028 6847 6835
3 7028 6835 6825
3 7026 7028 6825
3 7026 6825 6810
3 7022 7026 6810
3 7022 6810 6803
3 7018 7022 6803
3 7018 6803 6793
3 7016 7018 6793
3 7016 6793 6775
3 7012 7016 6775
3 7012 6775 6753
3 7010 7012 6753
3 7010 6753 6735
3 7008 7010 6735
3 7008 6735 6680
3 7000 7008 6680
3 7000 6680 6633
3 6998 7000 6633
3 6998 6633 6599
3 6994 6998 6599
3 6994 6599 6569
3 6992 6994 6569
3 6992 6569 6540
3 6986 6992 6540
3 6986 6540 6512
3 6980 6986 6512
3 6980 6512 6490
3 6978 6980 6490
3 6978 6490 6468
3 6974 6978 6468
3 6974 6468 6445
3 6972 6974 6445
3 6972 6445 6422
3 6968 6972 6422
3 6968 6422 6403
3 6966 6968 6403
3 6966 6403 6382
3 6964 6966 6382
3 6964 6382 6353
3 6962 6964 6353
3 6962 6353 6335
3 6960 6962 6335
3 6958 6315 6335
3 6958 6335 6960
3 6956 6288 6315
3 6956 6315 6958
3 6954 6272 6288
3 6954 6288 6956
3 6952 6264 6272
3 6952 6272 6954
3 6948 6258 6264
3 6948 6264 6952
3 6946 6251 6258
3 6946 6258 6948
3 6947 6255 6251
3 6947 6251 6946
3 6951 6263 6255
3 6951 6255 6947
3 6953 6269 6263
3 6953 6263 6951
3 6955 6283 6269
3 6955 6269 6953
3 6957 6311 6283
3 6957 6283 6955
3 6959 6332 6311
3 6959 6311 6957
3 6961 6348 6332
3 6961 6332 6959
3 6963 6375 6348
3 6963 6348 6961
3 6965 6396 6375
3 6965 6375 6963
3 6419 6396 6965
3 6967 6419 6965
3 6441 6419 6967
3 6971 6441 6967
3 6465 6441 6971
3 6973 6465 6971
3 6487 6465 6973
3 6977 6487 6973
3 6507 6487 6977
3 6979 6507 6977
3 6535 6507 6979
3 6985 6535 6979
3 6561 6535 6985
3 6991 6561 6985
3 6592 6561 6991
3 6993 6592 6991
3 6629 6592 6993
3 6997 6629 6993
3 6669 6629 6997
3 6999 6669 6997
3 6731 6669 6999
3 7005 6731 6999
3 6751 6731 7005
3 7009 6751 7005
3 6770 6751 7009
3 7011 6770 7009
3 6792 6770 7011
3 7015 6792 7011
3 6798 6792 7015
3 7017 6798 7015
3 6808 6798 7017
3 7021 6808 7017
3 6821 6808 7021
3 7025 6821 7021
3 6834 6821 7025
3 7027 6834 7025
3 6845 6834 7027
3 7029 6845 7027
3 6851 6845 7029
3 7033 6851 7029
3 6857 6851 7033
3 7037 6857 7033
3 7042 7037 6857
3 7042 6857 6861
3 7050 7042 6861
3 7050 6861 6865
3 7054 7050 6865
3 7054 6865 6869
3 7058 7054 6869
3 7058 6869 6873
3 7062 7058 6873
3 7062 6873 6877
3 7064 7062 6877
3 7064 6877 6880
3 7063 7064 6880
3 7063 6880 6878
3 6296 6270 6291
3 6275 6270 6296
3 6302 6296 6275
3 6281 6302 6275
3 6312 6302 6281
3 6294 6312 6281
3 6320 6312 6294
3 6310 6320 6294
3 6333 6320 6310
3 6324 6333 6310
3 6342 6333 6324
3 6339 6342 6324
3 6354 6342 6339
3 6355 6354 6339
3 6374 6354 6355
3 6381 6374 6355
3 6390 6374 6381
3 6399 6390 6381
3 6390 6399 6404
3 6404 6399 6417
3 6404 6417 6421
3 6421 6417 6434
3 6421 6434 6435
3 6435 6434 6455
3 6435 6455 6450
3 6450 6455 6474
3 6450 6474 6471
3 6471 6474 6497
3 6471 6497 6488
3 6488 6497 6517
3 6488 6517 6501
3 6501 6517 6543
3 6501 6543 6518
3 6518 6543 6568
3 6518 6568 6541
3 6541 6568 6590
3 6541 6590 6559
3 6559 6590 6618
3 6559 6618 6575
3 6575 6618 6645
3 6575 6645 6591
3 6591 6645 6688
3 6591 6688 6611
3 6611 6688 6720
3 6611 6720 6628
3 6628 6720 6742
3 6628 6644 6742
3 6799 6742 6644
3 6270 6256 6254
3 6260 6256 6270
3 6275 6260 6270
3 6267 6275 6260
3 6281 6275 6267
3 6277 6281 6267
3 6294 6281 6277
3 6300 6294 6277
3 6310 6294 6300
3 6322 6310 6300
3 6324 6310 6322
3 6343 6324 6322
3 6339 6324 6343
3 6368 6339 6343
3 6355 6339 6368
3 6392 6355 6368
3 6381 6355 6392
3 6381 6392 6413
3 6399 6381 6413
3 6399 6413 6437
3 6399 6437 6417
3 6417 6437 6466
3 6417 6466 6434
3 6434 6466 6455
3 6455 6466 6489
3 6455 6489 6474
3 6474 6489 6513
3 6474 6513 6497
3 6497 6513 6544
3 6497 6544 6517
3 6517 6544 6576
3 6517 6576 6543
3 6543 6576 6606
3 6543 6606 6568
3 6568 6606 6646
3 6568 6646 6590
3 6590 6646 6705
3 6590 6705 6618
3 6618 6705 6738
3 6618 6738 6645
3 6645 6738 6758
3 6645 6758 6688
3 6688 6758 6785
3 6688 6785 6720
3 6720 6785 6794
3 6720 6794 6742
3 6742 6799 6794
3 6254 6289 6270
3 6664 6764 6644
3 6664 6693 6764
3 6693 6786 6764
3 6693 6718 6786
3 6718 6790 6786
3 6718 6736 6790
3 6736 6796 6790
3 6736 6744 6796
3 6744 6800 6796
3 6744 6750 6800
3 6750 6804 6800
3 6750 6756 6804
3 6756 6809 6804
3 6756 6762 6809
3 6762 6812 6809
3 6762 6768 6812
3 6768 6820 6812
3 6768 6773 6820
3 6773 6826 6820
3 6773 6778 6826
3 6778 6828 6826
3 6778 6782 6828
3 6782 6831 6828
3 6782 6784 6831
3 6784 6832 6831
3 6784 6779 6832
3 6779 6829 6832
3 6779 6774 6829
3 6774 6827 6829
3 6774 6769 6827
3 6769 6822 6827
3 6769 6763 6822
3 6763 6813 6822
3 6763 6757 6813
3 6757 6811 6813
3 6757 6752 6811
3 6752 6805 6811
3 6752 6745 6805
3 6745 6802 6805
3 6745 6737 6802
3 6737 6797 6802
3 6719 6797 6737
3 6719 6791 6797
3 6698 6791 6719
3 6787 6791 6698
3 6665 6787 6698
3 6766 6787 6665
3 6647 6766 6665
3 6766 6647 6801
3 6799 6764 6806
3 6764 6814 6806
3 6764 6786 6814
3 6786 6830 6814
3 6786 6790 6830
3 6790 6842 6830
3 6790 6796 6842
3 6796 6848 6842
3 6796 6800 6848
3 6800 6853 6848
3 6800 6804 6853
3 6804 6859 6853
3 6804 6809 6859
3 6809 6863 6859
3 6809 6812 6863
3 6812 6867 6863
3 6812 6820 6867
3 6820 6871 6867
3 6820 6826 6871
3 6826 6875 6871
3 6826 6828 6875
3 6828 6879 6875
3 6828 6831 6879
3 6831 6881 6879
3 6831 6832 6881
3 6832 6876 6881
3 6832 6829 6876
3 6829 6872 6876
3 6829 6827 6872
3 6827 6868 6872
3 6827 6822 6868
3 6822 6864 6868
3 6822 6813 6864
3 6813 6860 6864
3 6813 6811 6860
3 6811 6855 6860
3 6811 6805 6855
3 6805 6849 6855
3 6805 6802 6849
3 6802 6843 6849
3 6802 6797 6843
3 6797 6833 6843
3 6797 6791 6833
3 6815 6833 6791
3 6787 6815 6791
3 6807 6815 6787
3 6766 6807 6787
3 6801 6807 6766
3 6764 6799 6644
3 6632 6743 6647
3 6721 6743 6632
3 6613 6721 6632
3 6692 6721 6613
3 6593 6692 6613
3 6650 6692 6593
3 6577 6650 6593
3 6619 6650 6577
3 6560 6619 6577
3 6594 6619 6560
3 6542 6594 6560
3 6570 6594 6542
3 6520 6570 6542
3 6548 6570 6520
3 6502 6548 6520
3 6519 6548 6502
3 6491 6519 6502
3 6498 6519 6491
3 6472 6498 6491
3 6478 6498 6472
3 6452 6478 6472
3 6456 6478 6452
3 6438 6456 6452
3 6436 6456 6438
3 6423 6436 6438
3 6420 6436 6423
3 6405 6420 6423
3 6401 6420 6405
3 6391 6401 6405
3 6383 6401 6391
3 6376 6383 6391
3 6357 6383 6376
3 6356 6357 6376
3 6341 6357 6356
3 6344 6341 6356
3 6325 6341 6344
3 6334 6325 6344
3 6313 6325 6334
3 6321 6313 6334
3 6295 6313 6321
3 6314 6295 6321
3 6282 6295 6314
3 6303 6282 6314
3 6276 6282 6303
3 6297 6276 6303
3 6271 6276 6297
3 6292 6271 6297
3 6289 6271 6292
3 6271 6289 6254
3 6743 6795 6801
3 6788 6795 6743
3 6721 6788 6743
3 6759 6788 6721
3 6692 6759 6721
3 6741 6759 6692
3 6650 6741 6692
3 6707 6741 6650
3 6619 6707 6650
3 6651 6707 6619
3 6594 6651 6619
3 6612 6651 6594
3 6570 6612 6594
3 6578 6612 6570
3 6548 6578 6570
3 6549 6578 6548
3 6519 6549 6548
3 6516 6549 6519
3 6498 6516 6519
3 6492 6516 6498
3 6478 6492 6498
3 6467 6492 6478
3 6456 6467 6478
3 6436 6467 6456
3 6442 6467 6436
3 6420 6442 6436
3 6418 6442 6420
3 6401 6418 6420
3 6393 6418 6401
3 6383 6393 6401
3 6370 6393 6383
3 6357 6370 6383
3 6345 6370 6357
3 6341 6345 6357
3 6323 6345 6341
3 6325 6323 6341
3 6301 6323 6325
3 6313 6301 6325
3 6280 6301 6313
3 6295 6280 6313
3 6268 6280 6295
3 6282 6268 6295
3 6262 6268 6282
3 6276 6262 6282
3 6257 6262 6276
3 6271 6257 6276
3 6254 6257 6271
3 6801 6647 6743
3 6270 6289 6291
3 4695 4702 3469
3 3465 4695 3469
3 4689 4695 3465
3 3459 4689 3465
3 4685 4689 3459
3 3455 4685 3459
3 4681 4685 3455
3 3451 4681 3455
3 4670 4681 3451
3 3447 4670 3451
3 4666 4670 3447
3 3443 4666 3447
3 4662 4666 3443
3 3439 4662 3443
3 4657 4662 3439
3 3434 4657 3439
3 4659 4657 3434
3 3436 4659 3434
3 4663 4659 3436
3 3440 4663 3436
3 4667 4663 3440
3 3444 4667 3440
3 4672 4667 3444
3 3448 4672 3444
3 4682 4672 3448
3 3452 4682 3448
3 4686 4682 3452
3 3456 4686 3452
3 4690 4686 3456
3 3462 4690 3456
3 4696 4690 3462
3 3466 4696 3462
3 4703 4696 3466
3 3470 4703 3466
3 4707 4703 3470
3 3474 4707 3470
3 4713 4707 3474
3 3478 4713 3474
3 4718 4713 3478
3 3488 4718 3478
3 4733 4718 3488
3 3492 4733 3488
3 4742 4733 3492
3 3496 4742 3492
3 4754 4742 3496
3 3502 4754 3496
3 4760 4754 3502
3 3506 4760 3502
3 4766 4760 3506
3 3510 4766 3506
3 4788 4766 3510
3 3518 4788 3510
3 4808 4788 3518
3 3524 4808 3518
3 4825 4808 3524
3 3530 4825 3524
3 4842 4825 3530
3 3534 4842 3530
3 3540 3534 4842
3 3540 4842 4854
3 3544 3540 4854
3 3544 4854 4868
3 3550 3544 4868
3 3550 4868 4879
3 3558 3550 4879
3 3558 4879 4892
3 3562 3558 4892
3 3562 4892 4902
3 3566 3562 4902
3 3566 4902 4913
3 3566 4913 4926
3 3570 3566 4926
3 3570 4926 4936
3 3576 3570 4936
3 3576 4936 4946
3 3580 3576 4946
3 3580 4946 4956
3 3586 3580 4956
3 3586 4956 4966
3 3590 3586 4966
3 3590 4966 4975
3 3594 3590 4975
3 3594 4975 4980
3 3598 3594 4980
3 3598 4980 4985
3 3602 3598 4985
3 3602 4985 4993
3 3607 3602 4993
3 3607 4993 4991
3 3605 3607 4991
3 3605 4991 4984
3 3601 3605 4984
3 3601 4984 4979
3 3597 3601 4979
3 3597 4979 4971
3 3593 3597 4971
3 3593 4971 4965
3 3589 3593 4965
3 3589 4965 4955
3 3585 3589 4955
3 3585 4955 4945
3 3579 3585 4945
3 3579 4945 4935
3 3573 3579 4935
3 3573 4935 4924
3 3569 3573 4924
3 3569 4924 4911
3 3565 3569 4911
3 3565 4911 4901
3 3561 3565 4901
3 3561 4901 4891
3 3553 3561 4891
3 3553 4891 4876
3 3547 3553 4876
3 3547 4876 4866
3 3543 3547 4866
3 3543 4866 4853
3 3539 3543 4853
3 3539 4853 4838
3 3533 3539 4838
3 3533 4838 4821
3 3529 3533 4821
3 3529 4821 4806
3 3523 3529 4806
3 3523 4806 4782
3 3517 3523 4782
3 3517 4782 4765
3 3509 3517 4765
3 3509 4765 4759
3 3505 3509 4759
3 3499 4751 4759
3 3499 4759 3505
3 3495 4740 4751
3 3495 4751 3499
3 3491 4731 4740
3 3491 4740 3495
3 3487 4716 4731
3 3487 4731 3491
3 3477 4710 4716
3 3477 4716 3487
3 3473 4706 4710
3 3473 4710 3477
3 4702 4706 3473
3 3469 4702 3473
3 5011 5005 4957
3 4968 5011 4957
3 5025 4968 5011
3 4978 4968 5025
3 5029 4978 5025
3 4995 4978 5029
3 5032 4995 5029
3 5000 4995 5032
3 5036 5000 5032
3 5006 5000 5036
3 5040 5006 5036
3 5010 5006 5040
3 5044 5010 5040
3 5019 5010 5044
3 5048 5019 5044
3 5021 5019 5048
3 5047 5021 5048
3 5024 5021 5047
3 5045 5024 5047
3 5020 5024 5045
3 5041 5020 5045
3 5018 5020 5041
3 5009 5018 5041
3 5037 5009 5041
3 5004 5009 5037
3 5033 5004 5037
3 4997 5004 5033
3 5028 4997 5033
3 4986 4997 5028
3 5022 4986 5028
3 4973 4986 5022
3 5007 4973 5022
3 4964 4973 5007
3 5001 4964 5007
3 4950 4964 5001
3 4987 4950 5001
3 4940 4950 4987
3 4972 4940 4987
3 4930 4940 4972
3 4963 4930 4972
3 4920 4930 4963
3 4951 4920 4963
3 4909 4920 4951
3 4943 4909 4951
3 4899 4909 4943
3 4933 4943 4899
3 4899 4852 4933
3 4957 4914 4925
3 4934 4957 4925
3 4968 4957 4934
3 4944 4934 4968
3 4978 4944 4968
3 4954 4944 4978
3 4995 4954 4978
3 4959 4954 4995
3 5000 4959 4995
3 4969 4959 5000
3 5006 4969 5000
3 4977 4969 5006
3 5010 4977 5006
3 4981 4977 5010
3 5019 4981 5010
3 4989 4981 5019
3 5021 4989 5019
3 4992 4989 5021
3 5024 4992 5021
3 4988 4992 5024
3 5020 4988 5024
3 4982 4988 5020
3 5018 4982 5020
3 4976 4982 5018
3 5009 4976 5018
3 4967 4976 5009
3 5004 4967 5009
3 4958 4967 5004
3 4997 4958 5004
3 4947 4958 4997
3 4986 4947 4997
3 4937 4947 4986
3 4973 4937 4986
3 4927 4937 4973
3 4964 4927 4973
3 4915 4927 4964
3 4950 4915 4964
3 4903 4915 4950
3 4940 4903 4950
3 4893 4903 4940
3 4930 4893 4940
3 4884 4893 4930
3 4920 4884 4930
3 4874 4884 4920
3 4909 4874 4920
3 4861 4874 4909
3 4899 4861 4909
3 4852 4899 4861
3 4914 4957 4996
3 4882 4923 4933
3 4912 4923 4882
3 4871 4912 4882
3 4905 4912 4871
3 4860 4905 4871
3 4896 4905 4860
3 4851 4896 4860
3 4890 4896 4851
3 4841 4890 4851
3 4883 4890 4841
3 4831 4883 4841
3 4873 4883 4831
3 4814 4873 4831
3 4865 4873 4814
3 4801 4865 4814
3 4858 4865 4801
3 4783 4858 4801
3 4848 4858 4783
3 4768 4848 4783
3 4839 4848 4768
3 4762 4839 4768
3 4833 4839 4762
3 4757 4833 4762
3 4820 4833 4757
3 4752 4820 4757
3 4820 4752 4813
3 4813 4752 4743
3 4813 4743 4807
3 4807 4743 4739
3 4807 4739 4799
3 4799 4739 4735
3 4799 4735 4794
3 4794 4735 4732
3 4794 4732 4790
3 4790 4732 4729
3 4790 4729 4784
3 4784 4729 4725
3 4784 4725 4777
3 4777 4725 4721
3 4777 4721 4771
3 4771 4721 4719
3 4771 4719 4773
3 4773 4719 4717
3 4773 4717 4775
3 4775 4717 4720
3 4775 4720 4778
3 4778 4720 4722
3 4778 4722 4785
3 4668 4785 4722
3 4882 4852 4843
3 4830 4882 4843
3 4871 4882 4830
3 4812 4871 4830
3 4860 4871 4812
3 4795 4860 4812
3 4851 4860 4795
3 4769 4851 4795
3 4841 4851 4769
3 4763 4841 4769
3 4831 4841 4763
3 4755 4831 4763
3 4814 4831 4755
3 4746 4814 4755
3 4801 4814 4746
3 4738 4801 4746
3 4783 4801 4738
3 4727 4783 4738
3 4768 4783 4727
3 4715 4768 4727
3 4762 4768 4715
3 4708 4762 4715
3 4757 4762 4708
3 4704 4757 4708
3 4752 4757 4704
3 4752 4704 4700
3 4752 4700 4743
3 4743 4700 4691
3 4743 4691 4739
3 4739 4691 4687
3 4739 4687 4735
3 4735 4687 4683
3 4735 4683 4732
3 4732 4683 4673
3 4732 4673 4729
3 4729 4673 4669
3 4729 4669 4725
3 4725 4669 4664
3 4725 4664 4721
3 4721 4664 4660
3 4721 4660 4719
3 4719 4660 4658
3 4719 4658 4717
3 4717 4658 4661
3 4717 4661 4720
3 4720 4661 4665
3 4720 4665 4722
3 4722 4665 4668
3 4852 4882 4933
3 4789 4785 4728
3 4789 4728 4793
3 4793 4728 4730
3 4793 4730 4798
3 4798 4730 4734
3 4798 4734 4805
3 4805 4734 4736
3 4805 4736 4811
3 4811 4736 4741
3 4811 4741 4818
3 4818 4741 4744
3 4818 4744 4824
3 4824 4744 4753
3 4824 4753 4836
3 4836 4753 4758
3 4836 4758 4844
3 4844 4758 4761
3 4844 4761 4849
3 4849 4761 4767
3 4849 4767 4859
3 4859 4767 4779
3 4859 4779 4869
3 4869 4779 4800
3 4869 4800 4817
3 4869 4817 4877
3 4877 4817 4832
3 4877 4832 4886
3 4886 4832 4845
3 4886 4845 4895
3 4895 4845 4857
3 4895 4857 4906
3 4906 4857 4867
3 4906 4867 4921
3 4921 4867 4878
3 4921 4878 4931
3 4931 4878 4887
3 4931 4887 4941
3 4941 4887 4900
3 4941 4900 4949
3 4949 4900 4910
3 4949 4910 4962
3 4962 4910 4922
3 4962 4922 4970
3 4970 4922 4932
3 4970 4932 4983
3 4983 4932 4942
3 4983 4942 4996
3 4914 4996 4942
3 4668 4671 4728
3 4728 4671 4680
3 4728 4680 4730
3 4730 4680 4684
3 4730 4684 4734
3 4734 4684 4688
3 4734 4688 4736
3 4736 4688 4692
3 4736 4692 4741
3 4741 4692 4701
3 4741 4701 4744
3 4744 4701 4705
3 4744 4705 4753
3 4753 4705 4709
3 4753 4709 4758
3 4758 4709 4714
3 4758 4714 4761
3 4761 4714 4726
3 4761 4726 4767
3 4767 4726 4737
3 4767 4737 4779
3 4779 4737 4745
3 4779 4745 4800
3 4800 4745 4756
3 4800 4756 4817
3 4817 4756 4764
3 4817 4764 4832
3 4832 4764 4770
3 4832 4770 4845
3 4845 4770 4804
3 4845 4804 4857
3 4857 4804 4819
3 4857 4819 4867
3 4867 4819 4837
3 4867 4837 4878
3 4878 4837 4850
3 4878 4850 4887
3 4887 4850 4864
3 4887 4864 4900
3 4900 4864 4875
3 4900 4875 4910
3 4910 4875 4885
3 4910 4885 4922
3 4922 4885 4894
3 4922 4894 4932
3 4932 4894 4904
3 4932 4904 4942
3 4942 4904 4914
3 4728 4785 4668
3 4957 5005 4996
3 3089 3086 2335
3 3089 2335 2339
3 3091 3089 2339
3 3091 2339 2341
3 3088 3091 2341
3 3088 2341 2338
3 3083 3088 2338
3 3083 2338 2334
3 3079 3083 2334
3 3079 2334 2330
3 3074 3079 2330
3 3074 2330 2326
3 3067 3074 2326
3 3067 2326 2322
3 3058 3067 2322
3 3058 2322 2318
3 3050 3058 2318
3 3050 2318 2314
3 3042 3050 2314
3 3042 2314 2310
3 3033 3042 2310
3 3033 2310 2306
3 3033 2306 2301
3 3019 3033 2301
3 3019 2301 2289
3 2999 3019 2289
3 2999 2289 2278
3 2985 2999 2278
3 2985 2278 2263
3 2970 2985 2263
3 2970 2263 2251
3 2958 2970 2251
3 2958 2251 2232
3 2946 2958 2232
3 2946 2232 2205
3 2931 2946 2205
3 2931 2205 2182
3 2901 2931 2182
3 2901 2182 2165
3 2897 2901 2165
3 2897 2165 2149
3 2893 2897 2149
3 2893 2149 2130
3 2891 2893 2130
3 2891 2130 2112
3 2885 2891 2112
3 2885 2112 2094
3 2883 2885 2094
3 2883 2094 2080
3 2881 2883 2080
3 2881 2080 2051
3 2877 2881 2051
3 2877 2051 2021
3 2873 2877 2021
3 2873 2021 2001
3 2869 2873 2001
3 2869 2001 1984
3 2867 2869 1984
3 2865 1965 1984
3 2865 1984 2867
3 2863 1947 1965
3 2863 1965 2865
3 2859 1933 1947
3 2859 1947 2863
3 2857 1915 1933
3 2857 1933 2859
3 2855 1905 1915
3 2855 1915 2857
3 2853 1892 1905
3 2853 1905 2855
3 2851 1881 1892
3 2851 1892 2853
3 2847 1873 1881
3 2847 1881 2851
3 2846 1871 1873
3 2846 1873 2847
3 2850 1879 1871
3 2850 1871 2846
3 2852 1887 1879
3 2852 1879 2850
3 2854 1899 1887
3 2854 1887 2852
3 2856 1909 1899
3 2856 1899 2854
3 2858 1927 1909
3 2858 1909 2856
3 2862 1943 1927
3 2862 1927 2858
3 2864 1958 1943
3 2864 1943 2862
3 2866 1976 1958
3 2866 1958 2864
3 2868 1994 1976
3 2868 1976 2866
3 2014 1994 2868
3 2872 2014 2868
3 2032 2014 2872
3 2876 2032 2872
3 2067 2032 2876
3 2878 2067 2876
3 2088 2067 2878
3 2882 2088 2878
3 2102 2088 2882
3 2884 2102 2882
3 2119 2102 2884
3 2886 2119 2884
3 2142 2119 2886
3 2892 2142 2886
3 2159 2142 2892
3 2894 2159 2892
3 2177 2159 2894
3 2900 2177 2894
3 2194 2177 2900
3 2923 2194 2900
3 2219 2194 2923
3 2940 2219 2923
3 2246 2219 2940
3 2953 2246 2940
3 2259 2246 2953
3 2963 2259 2953
3 2275 2259 2963
3 2979 2275 2963
3 2283 2275 2979
3 2993 2283 2979
3 2294 2283 2993
3 3013 2294 2993
3 2304 2294 3013
3 3028 2304 3013
3 2308 2304 3028
3 3038 2308 3028
3 3046 3038 2308
3 3046 2308 2312
3 3055 3046 2312
3 3055 2312 2316
3 3064 3055 2316
3 3064 2316 2321
3 3070 3064 2321
3 3070 2321 2325
3 3078 3070 2325
3 3078 2325 2328
3 3082 3078 2328
3 3082 2328 2331
3 3086 3082 2331
3 3086 2331 2335
3 1850 1866 1853
3 1862 1866 1850
3 1845 1850 1862
3 1859 1845 1862
3 1849 1845 1859
3 1861 1849 1859
3 1854 1849 1861
3 1865 1854 1861
3 1857 1854 1865
3 1870 1857 1865
3 1867 1857 1870
3 1889 1867 1870
3 1880 1867 1889
3 1904 1880 1889
3 1898 1880 1904
3 1920 1898 1904
3 1910 1898 1920
3 1937 1910 1920
3 1929 1910 1937
3 1954 1929 1937
3 1945 1929 1954
3 1968 1945 1954
3 1945 1968 1962
3 1962 1968 1988
3 1962 1988 1975
3 1975 1988 2010
3 1975 2010 1993
3 1993 2010 2026
3 1993 2026 2011
3 2011 2026 2054
3 2011 2054 2024
3 2024 2054 2083
3 2024 2083 2042
3 2042 2083 2097
3 2042 2097 2072
3 2072 2097 2108
3 2072 2108 2085
3 2085 2108 2123
3 2085 2123 2095
3 2095 2123 2141
3 2095 2141 2105
3 2105 2141 2153
3 2105 2153 2116
3 2116 2153 2164
3 2116 2124 2164
3 2247 2164 2124
3 1866 1884 1891
3 1877 1884 1866
3 1862 1877 1866
3 1872 1862 1877
3 1859 1862 1872
3 1876 1859 1872
3 1861 1859 1876
3 1883 1861 1876
3 1865 1861 1883
3 1896 1865 1883
3 1870 1865 1896
3 1906 1870 1896
3 1889 1870 1906
3 1922 1889 1906
3 1904 1889 1922
3 1939 1904 1922
3 1920 1904 1939
3 1956 1920 1939
3 1937 1920 1956
3 1972 1937 1956
3 1954 1937 1972
3 1998 1954 1972
3 1968 1954 1998
3 1968 1998 2016
3 1968 2016 1988
3 1988 2016 2038
3 1988 2038 2010
3 2010 2038 2079
3 2010 2079 2026
3 2026 2079 2093
3 2026 2093 2054
3 2054 2093 2113
3 2054 2113 2083
3 2083 2113 2133
3 2083 2133 2097
3 2097 2133 2150
3 2097 2150 2108
3 2108 2150 2166
3 2108 2166 2123
3 2123 2166 2181
3 2123 2181 2141
3 2141 2181 2200
3 2141 2200 2153
3 2153 2200 2224
3 2153 2224 2164
3 2164 2247 2224
3 1891 1856 1866
3 2124 2137 2189
3 2137 2203 2189
3 2137 2145 2203
3 2145 2221 2203
3 2145 2154 2221
3 2154 2243 2221
3 2154 2162 2243
3 2162 2252 2243
3 2162 2172 2252
3 2172 2260 2252
3 2172 2180 2260
3 2180 2271 2260
3 2180 2190 2271
3 2190 2277 2271
3 2190 2197 2277
3 2197 2282 2277
3 2197 2207 2282
3 2207 2287 2282
3 2207 2213 2287
3 2213 2292 2287
3 2213 2222 2292
3 2222 2296 2292
3 2222 2229 2296
3 2229 2298 2296
3 2229 2234 2298
3 2234 2299 2298
3 2234 2241 2299
3 2241 2300 2299
3 2241 2238 2300
3 2238 2297 2300
3 2238 2235 2297
3 2235 2295 2297
3 2235 2230 2295
3 2230 2293 2295
3 2230 2223 2293
3 2223 2288 2293
3 2223 2214 2288
3 2214 2284 2288
3 2214 2209 2284
3 2209 2279 2284
3 2209 2202 2279
3 2202 2276 2279
3 2202 2193 2276
3 2193 2264 2276
3 2193 2186 2264
3 2186 2179 2264
3 2305 2264 2179
3 2247 2189 2256
3 2189 2270 2256
3 2189 2203 2270
3 2203 2280 2270
3 2203 2221 2280
3 2221 2290 2280
3 2221 2243 2290
3 2243 2303 2290
3 2243 2252 2303
3 2252 2307 2303
3 2252 2260 2307
3 2260 2311 2307
3 2260 2271 2311
3 2271 2315 2311
3 2271 2277 2315
3 2277 2319 2315
3 2277 2282 2319
3 2282 2323 2319
3 2282 2287 2323
3 2287 2327 2323
3 2287 2292 2327
3 2292 2333 2327
3 2292 2296 2333
3 2296 2336 2333
3 2296 2298 2336
3 2298 2340 2336
3 2298 2299 2340
3 2299 2342 2340
3 2299 2300 2342
3 2300 2337 2342
3 2300 2297 2337
3 2297 2332 2337
3 2297 2295 2332
3 2295 2329 2332
3 2295 2293 2329
3 2293 2324 2329
3 2293 2288 2324
3 2288 2320 2324
3 2288 2284 2320
3 2284 2317 2320
3 2284 2279 2317
3 2279 2313 2317
3 2279 2276 2313
3 2276 2309 2313
3 2276 2264 2309
3 2264 2305 2309
3 2189 2247 2124
3 2250 2179 2173
3 2163 2250 2173
3 2244 2250 2163
3 2155 2244 2163
3 2226 2244 2155
3 2147 2226 2155
3 2206 2226 2147
3 2136 2206 2147
3 2188 2206 2136
3 2122 2188 2136
3 2175 2188 2122
3 2111 2175 2122
3 2160 2175 2111
3 2099 2160 2111
3 2146 2160 2099
3 2087 2146 2099
3 2126 2146 2087
3 2076 2126 2087
3 2114 2126 2076
3 2043 2114 2076
3 2098 2114 2043
3 2023 2098 2043
3 2082 2098 2023
3 2009 2082 2023
3 2052 2082 2009
3 1992 2052 2009
3 2025 2052 1992
3 1973 2025 1992
3 2006 2025 1973
3 1961 2006 1973
3 1986 2006 1961
3 1944 1986 1961
3 1967 1986 1944
3 1930 1967 1944
3 1955 1967 1930
3 1912 1955 1930
3 1940 1955 1912
3 1900 1940 1912
3 1924 1940 1900
3 1888 1924 1900
3 1908 1924 1888
3 1869 1908 1888
3 1897 1908 1869
3 1863 1897 1869
3 1885 1897 1863
3 1856 1885 1863
3 1885 1856 1891
3 2250 2302 2305
3 2291 2302 2250
3 2244 2291 2250
3 2281 2291 2244
3 2226 2281 2244
3 2273 2281 2226
3 2206 2273 2226
3 2255 2273 2206
3 2188 2255 2206
3 2245 2255 2188
3 2175 2245 2188
3 2212 2245 2175
3 2160 2212 2175
3 2191 2212 2160
3 2146 2191 2160
3 2168 2191 2146
3 2126 2168 2146
3 2151 2168 2126
3 2114 2151 2126
3 2134 2151 2114
3 2098 2134 2114
3 2109 2134 2098
3 2082 2109 2098
3 2092 2109 2082
3 2052 2092 2082
3 2077 2092 2052
3 2025 2077 2052
3 2035 2077 2025
3 2006 2035 2025
3 2015 2035 2006
3 1986 2015 2006
3 1996 2015 1986
3 1967 1996 1986
3 1974 1996 1967
3 1955 1974 1967
3 1959 1974 1955
3 1940 1959 1955
3 1941 1959 1940
3 1924 1941 1940
3 1928 1941 1924
3 1908 1928 1924
3 1911 1928 1908
3 1897 1911 1908
3 1901 1911 1897
3 1885 1901 1897
3 1891 1901 1885
3 2305 2179 2250
3 1866 1856 1853
3 2773 2780 1643
3 1641 2773 1643
3 2766 2773 1641
3 1639 2766 1641
3 2757 2766 1639
3 1635 2757 1639
3 2746 2757 1635
3 1631 2746 1635
3 2737 2746 1631
3 1629 2737 1631
3 2727 2737 1629
3 1627 2727 1629
3 2717 2727 1627
3 1624 2717 1627
3 2704 2717 1624
3 1622 2704 1624
3 1620 2695 2704
3 1620 2704 1622
3 1618 2683 2695
3 1618 2695 1620
3 1616 2673 2683
3 1616 2683 1618
3 1614 2658 2673
3 1614 2673 1616
3 1607 2645 2658
3 1607 2658 1614
3 1602 2631 2645
3 1602 2645 1607
3 1598 2619 2631
3 1598 2631 1602
3 1595 2604 2619
3 1595 2619 1598
3 1593 2589 2604
3 1593 2604 1595
3 1586 2571 2589
3 1586 2589 1593
3 1574 2534 2571
3 1574 2571 1586
3 1569 2528 2534
3 1569 2534 1574
3 1569 2528 2518
3 1567 1569 2518
3 1567 2518 2509
3 1564 1567 2509
3 1564 2509 2498
3 1560 1564 2498
3 1560 2498 2475
3 1557 1560 2475
3 1557 2475 2468
3 1554 1557 2468
3 1554 2468 2462
3 1550 1554 2462
3 1550 2462 2456
3 1547 1550 2456
3 1547 2456 2452
3 1544 1547 2452
3 1544 2452 2448
3 1542 1544 2448
3 1542 2448 2436
3 1540 1542 2436
3 1540 2436 2429
3 1538 1540 2429
3 1538 2429 2425
3 1535 1538 2425
3 1535 2425 2421
3 1533 1535 2421
3 1533 2421 2417
3 1531 1533 2417
3 1531 2417 2413
3 1529 1531 2413
3 1529 2413 2415
3 1530 1529 2415
3 1530 2415 2420
3 1532 1530 2420
3 1532 2420 2424
3 1534 1532 2424
3 1534 2424 2428
3 1537 1534 2428
3 1537 2428 2435
3 1539 1537 2435
3 1539 2435 2447
3 1541 1539 2447
3 1541 2447 2451
3 1543 1541 2451
3 1543 2451 2455
3 1546 1543 2455
3 1546 2455 2461
3 1549 1546 2461
3 1553 1549 2461
3 1553 2461 2467
3 1556 1553 2467
3 1556 2467 2470
3 1559 1556 2470
3 1559 2470 2493
3 1563 1559 2493
3 1563 2493 2506
3 1566 1563 2506
3 1566 2506 2514
3 1568 1566 2514
3 1568 2514 2525
3 1573 1568 2525
3 1573 2525 2533
3 1585 1573 2533
3 1585 2533 2564
3 1591 1585 2564
3 1591 2564 2584
3 1594 1591 2584
3 1594 2584 2601
3 1597 1594 2601
3 1597 2601 2616
3 1601 1597 2616
3 1601 2616 2630
3 2644 2630 1601
3 1606 2644 1601
3 2654 2644 1606
3 1613 2654 1606
3 2668 2654 1613
3 1615 2668 1613
3 2682 2668 1615
3 1617 2682 1615
3 2693 2682 1617
3 1619 2693 1617
3 2702 2693 1619
3 1621 2702 1619
3 2714 2702 1621
3 1623 2714 1621
3 2725 2714 1623
3 1625 2725 1623
3 2734 2725 1625
3 1628 2734 1625
3 2744 2734 1628
3 1630 2744 1628
3 2756 2744 1630
3 1632 2756 1630
3 2765 2756 1632
3 1638 2765 1632
3 2772 2765 1638
3 1640 2772 1638
3 2778 2772 1640
3 1642 2778 1640
3 2783 2778 1642
3 1644 2783 1642
3 2780 2783 1644
3 1643 2780 1644
3 2540 2472 2537
3 2474 2472 2540
3 2547 2474 2540
3 2477 2474 2547
3 2554 2477 2547
3 2479 2477 2554
3 2562 2479 2554
3 2487 2479 2562
3 2569 2487 2562
3 2499 2487 2569
3 2576 2499 2569
3 2501 2499 2576
3 2582 2501 2576
3 2508 2501 2582
3 2588 2508 2582
3 2512 2508 2588
3 2596 2512 2588
3 2521 2512 2596
3 2596 2603 2521
3 2603 2526 2521
3 2603 2611 2526
3 2611 2531 2526
3 2611 2620 2531
3 2620 2550 2531
3 2620 2628 2550
3 2628 2573 2550
3 2628 2640 2573
3 2640 2587 2573
3 2640 2646 2587
3 2646 2599 2587
3 2646 2655 2599
3 2655 2614 2599
3 2655 2664 2614
3 2664 2626 2614
3 2664 2674 2626
3 2674 2638 2626
3 2674 2684 2638
3 2684 2648 2638
3 2684 2692 2648
3 2692 2657 2648
3 2692 2700 2657
3 2700 2666 2657
3 2700 2709 2666
3 2709 2676 2666
3 2709 2718 2676
3 2718 2687 2676
3 2718 2724 2687
3 2671 2687 2724
3 2472 2414 2412
3 2418 2414 2472
3 2474 2418 2472
3 2422 2418 2474
3 2477 2422 2474
3 2426 2422 2477
3 2479 2426 2477
3 2430 2426 2479
3 2487 2430 2479
3 2445 2430 2487
3 2499 2445 2487
3 2449 2445 2499
3 2501 2449 2499
3 2453 2449 2501
3 2508 2453 2501
3 2457 2453 2508
3 2512 2457 2508
3 2512 2465 2457
3 2521 2465 2512
3 2521 2469 2465
3 2521 2526 2469
3 2526 2496 2469
3 2526 2531 2496
3 2531 2550 2496
3 2550 2507 2496
3 2550 2573 2507
3 2573 2519 2507
3 2573 2587 2519
3 2587 2529 2519
3 2587 2599 2529
3 2599 2542 2529
3 2599 2614 2542
3 2614 2578 2542
3 2614 2626 2578
3 2626 2593 2578
3 2626 2638 2593
3 2638 2607 2593
3 2638 2648 2607
3 2648 2622 2607
3 2648 2657 2622
3 2657 2636 2622
3 2657 2666 2636
3 2666 2647 2636
3 2666 2676 2647
3 2676 2659 2647
3 2676 2687 2659
3 2687 2671 2659
3 2412 2535 2472
3 2732 2703 2724
3 2732 2741 2703
3 2741 2712 2703
3 2741 2750 2712
3 2750 2722 2712
3 2750 2764 2722
3 2764 2730 2722
3 2764 2782 2730
3 2782 2740 2730
3 2782 2796 2740
3 2796 2753 2740
3 2796 2802 2753
3 2802 2767 2753
3 2802 2767 2810
3 2810 2767 2781
3 2810 2781 2814
3 2814 2781 2789
3 2814 2789 2818
3 2818 2789 2798
3 2818 2798 2824
3 2824 2798 2803
3 2824 2803 2828
3 2828 2803 2806
3 2828 2806 2830
3 2830 2806 2807
3 2830 2807 2825
3 2825 2807 2804
3 2825 2804 2819
3 2819 2804 2799
3 2819 2799 2815
3 2815 2799 2790
3 2815 2790 2811
3 2811 2790 2785
3 2811 2785 2805
3 2805 2785 2770
3 2805 2770 2797
3 2797 2770 2755
3 2797 2755 2786
3 2786 2755 2742
3 2786 2742 2768
3 2768 2742 2731
3 2768 2731 2754
3 2754 2731 2723
3 2743 2754 2723
3 2713 2743 2723
3 2733 2743 2713
3 2705 2733 2713
3 2726 2733 2705
3 2705 2672 2726
3 2671 2703 2680
3 2703 2690 2680
3 2703 2712 2690
3 2712 2698 2690
3 2712 2722 2698
3 2722 2708 2698
3 2722 2730 2708
3 2730 2720 2708
3 2730 2740 2720
3 2740 2728 2720
3 2740 2753 2728
3 2753 2738 2728
3 2753 2767 2738
3 2767 2738 2748
3 2767 2748 2781
3 2781 2748 2758
3 2781 2758 2789
3 2789 2758 2769
3 2789 2769 2798
3 2798 2769 2775
3 2798 2775 2803
3 2803 2775 2779
3 2803 2779 2806
3 2806 2779 2784
3 2806 2784 2807
3 2807 2784 2776
3 2807 2776 2804
3 2804 2776 2771
3 2804 2771 2799
3 2799 2771 2760
3 2799 2760 2790
3 2790 2760 2749
3 2790 2749 2785
3 2785 2749 2739
3 2785 2739 2770
3 2770 2739 2729
3 2770 2729 2755
3 2755 2729 2721
3 2755 2721 2742
3 2742 2721 2710
3 2742 2710 2731
3 2731 2710 2699
3 2731 2699 2723
3 2691 2723 2699
3 2713 2723 2691
3 2681 2713 2691
3 2705 2713 2681
3 2672 2705 2681
3 2703 2671 2724
3 2719 2726 2689
3 2679 2689 2719
3 2711 2679 2719
3 2670 2679 2711
3 2701 2670 2711
3 2660 2670 2701
3 2694 2660 2701
3 2650 2660 2694
3 2685 2650 2694
3 2639 2650 2685
3 2675 2639 2685
3 2627 2639 2675
3 2665 2627 2675
3 2615 2627 2665
3 2656 2615 2665
3 2602 2615 2656
3 2649 2602 2656
3 2591 2602 2649
3 2641 2591 2649
3 2575 2591 2641
3 2629 2575 2641
3 2553 2575 2629
3 2621 2553 2629
3 2532 2553 2621
3 2613 2532 2621
3 2527 2532 2613
3 2605 2527 2613
3 2522 2527 2605
3 2597 2522 2605
3 2513 2522 2597
3 2590 2513 2597
3 2510 2513 2590
3 2583 2510 2590
3 2502 2510 2583
3 2577 2502 2583
3 2500 2502 2577
3 2570 2500 2577
3 2492 2500 2570
3 2563 2492 2570
3 2480 2492 2563
3 2555 2480 2563
3 2478 2480 2555
3 2548 2478 2555
3 2476 2478 2548
3 2541 2476 2548
3 2473 2476 2541
3 2538 2473 2541
3 2535 2473 2538
3 2473 2535 2412
3 2689 2672 2663
3 2651 2663 2689
3 2679 2651 2689
3 2637 2651 2679
3 2670 2637 2679
3 2623 2637 2670
3 2660 2623 2670
3 2609 2623 2660
3 2650 2609 2660
3 2595 2609 2650
3 2639 2595 2650
3 2579 2595 2639
3 2627 2579 2639
3 2549 2579 2627
3 2615 2549 2627
3 2530 2549 2615
3 2602 2530 2615
3 2520 2530 2602
3 2591 2520 2602
3 2511 2520 2591
3 2575 2511 2591
3 2497 2511 2575
3 2553 2497 2575
3 2532 2497 2553
3 2471 2497 2532
3 2527 2471 2532
3 2466 2471 2527
3 2522 2466 2527
3 2460 2466 2522
3 2513 2460 2522
3 2454 2460 2513
3 2510 2454 2513
3 2450 2454 2510
3 2502 2450 2510
3 2446 2450 2502
3 2500 2446 2502
3 2431 2446 2500
3 2492 2431 2500
3 2427 2431 2492
3 2480 2427 2492
3 2423 2427 2480
3 2478 2423 2480
3 2419 2423 2478
3 2476 2419 2478
3 2416 2419 2476
3 2473 2416 2476
3 2412 2416 2473
3 2672 2689 2726
3 2472 2535 2537
3 1322 1327 723
3 1322 723 711
3 1318 1322 711
3 1318 711 702
3 1314 1318 702
3 1314 702 690
3 1310 1314 690
3 1310 690 683
3 1306 1310 683
3 1306 683 669
3 1305 1306 669
3 1305 669 666
3 1309 1305 666
3 1309 666 673
3 1313 1309 673
3 1313 673 688
3 1317 1313 688
3 1317 688 696
3 1321 1317 696
3 1321 696 707
3 1325 1321 707
3 1325 707 718
3 1330 1325 718
3 1330 718 731
3 1334 1330 731
3 1334 731 746
3 1338 1334 746
3 1338 746 763
3 1342 1338 763
3 1342 763 781
3 1348 1342 781
3 1348 781 793
3 1352 1348 793
3 1352 793 806
3 1357 1352 806
3 1357 806 822
3 1362 1357 822
3 1362 822 837
3 1366 1362 837
3 1366 837 856
3 872 856 1366
3 1371 872 1366
3 888 872 1371
3 1375 888 1371
3 904 888 1375
3 1382 904 1375
3 923 904 1382
3 1386 923 1382
3 943 923 1386
3 1390 943 1386
3 973 943 1390
3 1395 973 1390
3 986 973 1395
3 1399 986 1395
3 995 986 1399
3 1404 995 1399
3 1007 995 1404
3 1410 1007 1404
3 1017 1007 1410
3 1420 1017 1410
3 1036 1017 1420
3 1424 1036 1420
3 1042 1036 1424
3 1429 1042 1424
3 1048 1042 1429
3 1434 1048 1429
3 1439 1057 1048
3 1439 1048 1434
3 1447 1063 1057
3 1447 1057 1439
3 1451 1072 1063
3 1451 1063 1447
3 1455 1078 1072
3 1455 1072 1451
3 1459 1084 1078
3 1459 1078 1455
3 1463 1090 1084
3 1463 1084 1459
3 1467 1096 1090
3 1467 1090 1463
3 1470 1101 1096
3 1470 1096 1467
3 1472 1103 1101
3 1472 1101 1470
3 1468 1097 1103
3 1468 1103 1472
3 1464 1091 1097
3 1464 1097 1468
3 1460 1085 1091
3 1460 1091 1464
3 1456 1079 1085
3 1456 1085 1460
3 1452 1074 1079
3 1452 1079 1456
3 1448 1068 1074
3 1448 1074 1452
3 1440 1060 1068
3 1440 1068 1448
3 1436 1051 1060
3 1436 1060 1440
3 1431 1045 1051
3 1431 1051 1436
3 1425 1038 1045
3 1425 1045 1431
3 1421 1027 1038
3 1421 1038 1425
3 1417 1011 1027
3 1417 1027 1421
3 1405 1002 1011
3 1405 1011 1417
3 1401 990 1002
3 1401 1002 1405
3 1401 990 980
3 1396 1401 980
3 1396 980 963
3 1392 1396 963
3 1392 963 932
3 1387 1392 932
3 1387 932 910
3 1383 1387 910
3 1383 910 895
3 1377 1383 895
3 1377 895 879
3 1372 1377 879
3 1372 879 863
3 1368 1372 863
3 1368 863 846
3 1363 1368 846
3 1363 846 829
3 1359 1363 829
3 1359 829 813
3 1354 1359 813
3 1354 813 801
3 1349 1354 801
3 1349 801 788
3 1343 1349 788
3 1343 788 774
3 1339 1343 774
3 1335 1339 774
3 1335 774 751
3 1331 1335 751
3 1331 751 736
3 1327 1331 736
3 1327 736 723
3 941 935 1010
3 1015 941 1010
3 945 941 1015
3 1022 945 1015
3 952 945 1022
3 1025 952 1022
3 956 952 1025
3 1028 956 1025
3 959 956 1028
3 1032 959 1028
3 965 959 1032
3 1035 965 1032
3 961 965 1035
3 1034 961 1035
3 957 961 1034
3 1029 957 1034
3 951 957 1029
3 1026 951 1029
3 944 951 1026
3 1021 944 1026
3 938 944 1021
3 1012 938 1021
3 930 938 1012
3 1009 930 1012
3 924 930 1009
3 1003 924 1009
3 912 924 1003
3 994 912 1003
3 905 912 994
3 988 905 994
3 896 905 988
3 981 896 988
3 887 896 981
3 972 887 981
3 877 887 972
3 948 877 972
3 870 877 948
3 929 870 948
3 861 870 929
3 915 861 929
3 847 861 915
3 903 847 915
3 839 847 903
3 889 839 903
3 827 839 889
3 889 931 827
3 1010 1064 1071
3 1075 1010 1071
3 1015 1010 1075
3 1081 1015 1075
3 1022 1015 1081
3 1086 1022 1081
3 1025 1022 1086
3 1092 1025 1086
3 1028 1025 1092
3 1098 1028 1092
3 1032 1028 1098
3 1105 1032 1098
3 1035 1032 1105
3 1100 1035 1105
3 1034 1035 1100
3 1094 1034 1100
3 1029 1034 1094
3 1087 1029 1094
3 1026 1029 1087
3 1080 1026 1087
3 1021 1026 1080
3 1073 1021 1080
3 1012 1021 1073
3 1067 1012 1073
3 1009 1012 1067
3 1059 1009 1067
3 1003 1009 1059
3 1049 1003 1059
3 994 1003 1049
3 1043 994 1049
3 988 994 1043
3 1037 988 1043
3 981 988 1037
3 1020 981 1037
3 972 981 1020
3 1008 972 1020
3 948 972 1008
3 1000 948 1008
3 929 948 1000
3 987 929 1000
3 915 929 987
3 978 915 987
3 903 915 978
3 955 903 978
3 889 903 955
3 931 889 955
3 1064 1010 928
3 871 818 827
3 810 818 871
3 859 810 871
3 800 810 859
3 845 800 859
3 789 800 845
3 830 789 845
3 780 789 830
3 815 780 830
3 768 780 815
3 804 768 815
3 749 768 804
3 792 749 804
3 733 792 749
3 779 792 733
3 720 779 733
3 766 779 720
3 705 766 720
3 745 766 705
3 705 689 745
3 689 728 745
3 689 662 728
3 662 713 728
3 662 652 713
3 652 698 713
3 652 642 698
3 642 682 698
3 642 634 682
3 634 661 682
3 634 632 661
3 632 654 661
3 632 626 654
3 626 648 654
3 626 621 648
3 621 645 648
3 621 619 645
3 619 644 645
3 619 623 644
3 623 646 644
3 623 625 646
3 625 647 646
3 625 629 647
3 629 653 647
3 629 633 653
3 633 657 653
3 633 639 657
3 639 663 657
3 639 643 663
3 719 663 643
3 871 931 914
3 900 871 914
3 859 871 900
3 886 859 900
3 845 859 886
3 873 845 886
3 830 845 873
3 860 830 873
3 815 830 860
3 840 815 860
3 804 815 840
3 823 804 840
3 792 804 823
3 811 823 792
3 779 811 792
3 796 811 779
3 766 796 779
3 783 796 766
3 745 783 766
3 745 767 783
3 745 728 767
3 728 747 767
3 728 713 747
3 713 730 747
3 713 698 730
3 698 717 730
3 698 682 717
3 682 706 717
3 682 661 706
3 661 694 706
3 661 654 694
3 654 687 694
3 654 648 687
3 648 667 687
3 648 645 667
3 645 664 667
3 645 644 664
3 644 670 664
3 644 646 670
3 646 684 670
3 646 647 684
3 647 691 684
3 647 653 691
3 653 701 691
3 653 657 701
3 657 709 701
3 657 663 709
3 663 719 709
3 931 871 827
3 643 651 697
3 651 697 710
3 651 710 658
3 658 710 721
3 658 721 672
3 672 721 732
3 672 732 695
3 695 732 748
3 695 748 708
3 708 748 769
3 708 769 722
3 722 769 782
3 722 782 734
3 734 782 795
3 734 795 750
3 750 795 807
3 750 807 772
3 772 807 821
3 772 821 784
3 784 821 836
3 784 836 794
3 794 836 852
3 794 852 805
3 805 852 867
3 805 867 814
3 814 867 880
3 814 880 828
3 828 880 893
3 828 893 841
3 841 893 907
3 841 907 853
3 853 907 925
3 853 925 864
3 864 925 942
3 864 942 874
3 874 942 968
3 874 968 882
3 882 968 979
3 882 979 890
3 890 979 985
3 890 985 899
3 899 985 989
3 899 989 906
3 998 906 989
3 913 906 998
3 1001 913 998
3 920 913 1001
3 928 920 1001
3 1001 1064 928
3 719 697 729
3 697 729 737
3 697 737 710
3 710 737 752
3 710 752 721
3 721 752 773
3 721 773 732
3 732 773 785
3 732 785 748
3 748 785 799
3 748 799 769
3 769 799 812
3 769 812 782
3 782 812 826
3 782 826 795
3 795 826 844
3 795 844 807
3 807 844 862
3 807 862 821
3 821 862 878
3 821 878 836
3 836 878 894
3 836 894 852
3 852 894 911
3 852 911 867
3 867 911 936
3 867 936 880
3 880 936 969
3 880 969 893
3 893 969 982
3 893 982 907
3 907 982 991
3 907 991 925
3 925 991 1004
3 925 1004 942
3 942 1004 1013
3 942 1013 968
3 968 1013 1030
3 968 1030 979
3 979 1030 1039
3 979 1039 985
3 985 1039 1044
3 985 1044 989
3 1050 989 1044
3 998 989 1050
3 1058 998 1050
3 1001 998 1058
3 1064 1001 1058
3 697 719 643
3 1010 935 928
3 344 452 451
3 344 451 343
3 1121 344 343
3 1121 343 1120
3 1121 1120 1408
3 1409 1121 1408
3 1409 1408 451
3 452 1409 451
3 4999 176 175
3 4999 175 4998
3 4270 4999 4998
3 4270 4998 4269
3 5519 4270 4269
3 5519 4269 5518
3 5519 5518 6067
3 6068 5519 6067
3 6068 6067 123
3 124 6068 123
3 72 124 123
3 72 123 71
3 140 72 71
3 140 71 139
3 140 139 175
3 176 140 175
3 3191 4583 3808
3 2411 3191 3808
3 2411 3191 3190
3 2410 2411 3190
3 2410 3190 5371
3 4463 2410 5371
3 4583 5371 4463
3 3808 4583 4463
3 2127 2129 2363
3 2362 2127 2363
3 4233 2362 2363
3 4233 2363 4234
3 3764 4233 4234
3 3764 4234 3766
3 3764 3766 2129
3 2127 3764 2129
3 2763 2762 2820
3 2821 2763 2820
3 2839 2821 2820
3 2839 2820 2838
3 2837 2839 2838
3 2837 2838 2836
3 2837 2836 2762
3 2763 2837 2762
3 3692 3691 3720
3 3721 3692 3720
3 3818 3721 3720
3 3818 3720 3817
3 3792 3818 3817
3 3792 3817 3791
3 3792 3791 3691
3 3692 3792 3691
3 3538 3537 3548
3 3549 3538 3548
3 3609 3549 3548
3 3609 3548 3608
3 3582 3609 3608
3 3582 3608 3581
3 3582 3581 3537
3 3538 3582 3537
3 3290 3289 3340
3 3341 3290 3340
3 3433 3341 3340
3 3433 3340 3432
3 3431 3433 3432
3 3431 3432 3430
3 3431 3430 3289
3 3290 3431 3289
3 2890 2889 2895
3 2896 2890 2895
3 2998 2896 2895
3 2998 2895 2997
3 2967 2998 2997
3 2967 2997 2966
3 2967 2966 2889
3 2890 2967 2889
3 2401 2399 2432
3 2434 2401 2432
3 2517 2434 2432
3 2517 2432 2515
3 2491 2517 2515
3 2491 2515 2488
3 2491 2488 2399
3 2401 2491 2399
