OFF
14904 28843 0
0.000 152.229 11.800
2.129 132.242 18.000
2.129 132.242 18.400
2.129 132.242 21.700
2.129 132.242 22.100
2.129 132.242 23.400
2.129 132.242 24.400
2.321 132.301 18.000
2.321 132.301 18.400
2.321 132.301 21.700
2.321 132.301 22.100
2.321 132.301 23.400
2.321 132.301 24.400
2.379 132.110 1.400
2.379 132.110 18.000
2.379 132.110 18.400
2.379 132.110 21.700
2.379 132.110 22.100
2.379 132.110 23.400
2.379 132.110 24.400
2.762 130.847 6.300
2.762 130.847 14.500
2.763 130.844 14.660
2.768 130.829 14.819
2.776 130.800 14.976
2.789 130.758 15.130
2.805 130.704 15.279
2.826 130.638 15.423
2.849 130.560 15.560
2.876 130.471 15.690
2.906 130.372 15.812
2.939 130.263 15.924
2.975 130.145 16.026
3.013 130.019 16.116
3.053 129.886 16.196
3.096 129.747 16.262
3.139 129.604 16.317
3.184 129.456 16.357
3.230 129.305 16.385
3.276 129.153 16.399
3.322 129.000 16.399
3.346 131.024 6.300
3.346 131.024 14.500
3.347 131.021 14.660
3.351 131.005 14.819
3.360 130.977 14.976
3.368 128.848 16.385
3.373 130.935 15.130
3.389 130.881 15.279
3.409 130.815 15.423
3.414 128.697 16.357
3.433 130.737 15.560
3.459 128.549 16.317
3.460 130.648 15.690
3.490 130.548 15.812
3.502 128.405 16.262
3.523 130.440 15.924
3.545 128.267 16.196
3.559 130.322 16.026
3.585 128.134 16.116
3.597 130.196 16.116
3.623 128.008 16.026
3.637 130.063 16.196
3.659 127.890 15.924
3.670 117.860 18.000
3.670 117.860 18.400
3.670 117.860 21.700
3.670 117.860 22.100
3.670 117.860 23.400
3.670 117.860 24.400
3.679 129.924 16.262
3.692 127.781 15.812
3.722 127.682 15.690
3.723 129.780 16.317
3.749 127.593 15.560
3.768 129.633 16.357
3.772 127.515 15.423
3.792 127.449 15.279
3.809 127.394 15.130
3.813 129.482 16.385
3.821 127.353 14.976
3.830 127.324 14.819
3.835 127.308 14.660
3.836 127.306 6.300
3.836 127.306 14.500
3.859 129.330 16.399
3.894 117.809 1.400
3.894 117.809 18.000
3.894 117.809 18.400
3.894 117.809 21.700
3.894 117.809 22.100
3.894 117.809 23.400
3.894 117.809 24.400
3.906 129.177 16.399
3.952 129.024 16.385
3.998 128.874 16.357
4.042 128.726 16.317
4.086 128.582 16.262
4.128 128.443 16.196
4.168 128.310 16.116
4.206 128.185 16.026
4.242 128.067 15.924
4.275 127.958 15.812
4.305 127.858 15.690
4.332 127.770 15.560
4.356 127.692 15.423
4.376 127.625 15.279
4.392 127.571 15.130
4.405 127.530 14.976
4.414 127.501 14.819
4.419 127.483 6.300
4.419 127.483 14.500
4.419 127.485 14.660
4.632 124.681 14.660
4.632 124.683 6.300
4.632 124.683 14.500
4.637 124.665 14.819
4.646 124.636 14.976
4.658 124.595 15.130
4.675 124.541 15.279
4.695 124.474 15.423
4.719 124.396 15.560
4.746 124.308 15.690
4.776 124.208 15.812
4.809 124.099 15.924
4.841 113.996 18.000
4.841 113.996 18.400
4.841 113.996 21.700
4.841 113.996 22.100
4.841 113.996 23.400
4.841 113.996 24.400
4.844 123.981 16.026
4.883 123.855 16.116
4.923 123.723 16.196
4.965 123.584 16.262
4.999 114.162 1.400
4.999 114.162 18.000
4.999 114.162 18.400
4.999 114.162 21.700
4.999 114.162 22.100
4.999 114.162 23.400
4.999 114.162 24.400
5.009 123.440 16.317
5.053 123.292 16.357
5.099 123.142 16.385
5.145 122.989 16.399
5.192 122.836 16.399
5.214 124.860 6.300
5.214 124.860 14.500
5.215 124.858 14.660
5.220 124.842 14.819
5.229 124.813 14.976
5.238 122.684 16.385
5.241 124.772 15.130
5.258 124.717 15.279
5.278 124.651 15.423
5.283 122.533 16.357
5.301 124.573 15.560
5.328 122.386 16.317
5.328 124.484 15.690
5.358 124.385 15.812
5.372 122.242 16.262
5.391 124.276 15.924
5.414 122.103 16.196
5.423 119.782 18.000
5.423 119.782 18.400
5.423 119.782 21.700
5.423 119.782 22.100
5.423 119.782 23.400
5.423 119.782 24.400
5.427 124.158 16.026
5.454 121.970 16.116
5.465 124.032 16.116
5.492 121.844 16.026
5.506 123.899 16.196
5.528 121.726 15.924
5.533 119.606 1.400
5.533 119.606 18.000
5.533 119.606 18.400
5.533 119.606 21.700
5.533 119.606 22.100
5.533 119.606 23.400
5.533 119.606 24.400
5.548 123.761 16.262
5.561 121.617 15.812
5.591 121.518 15.690
5.591 123.617 16.317
5.618 121.429 15.560
5.636 123.469 16.357
5.642 121.351 15.423
5.662 121.285 15.279
5.678 121.231 15.130
5.682 123.318 16.385
5.691 121.189 14.976
5.700 121.160 14.819
5.704 121.145 14.660
5.705 121.142 6.300
5.705 121.142 14.500
5.728 123.166 16.399
5.774 123.013 16.399
5.820 122.861 16.385
5.866 122.710 16.357
5.869 119.917 18.000
5.869 119.917 18.400
5.869 119.917 21.700
5.869 119.917 22.100
5.869 119.917 23.400
5.869 119.917 24.400
5.911 122.562 16.317
5.955 122.419 16.262
5.997 122.280 16.196
6.037 122.147 16.116
6.075 122.021 16.026
6.111 121.903 15.924
6.117 119.783 1.400
6.117 119.783 18.000
6.117 119.783 18.400
6.117 119.783 21.700
6.117 119.783 22.100
6.117 119.783 23.400
6.117 119.783 24.400
6.144 121.794 15.812
6.174 121.695 15.690
6.201 121.606 15.560
6.225 121.528 15.423
6.245 121.462 15.279
6.261 121.408 15.130
6.274 121.366 14.976
6.282 121.337 14.819
6.287 121.322 14.660
6.288 121.319 6.300
6.288 121.319 14.500
6.737 133.432 10.300
6.737 133.432 15.100
6.795 133.241 10.300
6.795 133.241 15.100
7.361 113.577 1.400
7.361 113.577 18.000
7.361 113.577 18.400
7.361 113.577 21.700
7.361 113.577 22.100
7.361 113.577 23.400
7.361 113.577 24.400
7.367 113.370 18.000
7.367 113.370 18.400
7.367 113.370 21.700
7.367 113.370 22.100
7.367 113.370 23.400
7.367 113.370 24.400
7.810 113.504 18.000
7.810 113.504 18.400
7.810 113.504 21.700
7.810 113.504 22.100
7.810 113.504 23.400
7.810 113.504 24.400
7.944 113.754 1.400
7.944 113.754 18.000
7.944 113.754 18.400
7.944 113.754 21.700
7.944 113.754 22.100
7.944 113.754 23.400
7.944 113.754 24.400
8.359 112.396 6.300
8.359 112.396 14.500
8.360 112.394 14.660
8.364 112.378 14.819
8.373 112.349 14.976
8.386 112.307 15.130
8.402 112.253 15.279
8.422 112.187 15.423
8.446 112.109 15.560
8.473 112.020 15.690
8.488 133.963 10.300
8.488 133.963 15.100
8.503 111.921 15.812
8.536 111.812 15.924
8.546 133.771 10.300
8.546 133.771 15.100
8.572 111.694 16.026
8.610 111.568 16.116
8.650 111.435 16.196
8.692 111.297 16.262
8.736 111.153 16.317
8.781 111.005 16.357
8.826 110.854 16.385
8.872 110.702 16.399
8.919 110.549 16.399
8.938 112.572 6.300
8.938 112.572 14.500
8.939 112.569 14.660
8.944 112.553 14.819
8.953 112.525 14.976
8.965 110.397 16.385
8.965 112.483 15.130
8.982 112.429 15.279
9.002 112.363 15.423
9.011 110.246 16.357
9.025 112.285 15.560
9.052 112.196 15.690
9.055 110.098 16.317
9.083 112.096 15.812
9.099 109.955 16.262
9.116 111.987 15.924
9.141 109.816 16.196
9.151 111.870 16.026
9.181 109.683 16.116
9.189 111.744 16.116
9.220 109.557 16.026
9.230 111.611 16.196
9.255 109.439 15.924
9.272 111.472 16.262
9.288 109.330 15.812
9.315 111.328 16.317
9.318 109.231 15.690
9.345 109.142 15.560
9.360 111.180 16.357
9.369 109.064 15.423
9.389 108.998 15.279
9.406 108.944 15.130
9.406 111.030 16.385
9.418 108.902 14.976
9.427 108.873 14.819
9.432 108.855 6.300
9.432 108.855 14.500
9.432 108.857 14.660
9.452 110.878 16.399
9.498 110.725 16.399
9.545 110.572 16.385
9.590 110.422 16.357
9.635 110.274 16.317
9.679 110.130 16.262
9.721 109.991 16.196
9.761 109.858 16.116
9.799 109.733 16.026
9.835 109.615 15.924
9.868 109.506 15.812
9.898 109.406 15.690
9.925 109.317 15.560
9.949 109.240 15.423
9.969 109.173 15.279
9.985 109.119 15.130
9.998 109.078 14.976
10.006 109.049 14.819
10.011 109.033 14.660
10.012 109.031 6.300
10.012 109.031 14.500
10.228 106.233 6.300
10.228 106.233 14.500
10.229 106.230 14.660
10.234 106.215 14.819
10.243 106.186 14.976
10.255 106.144 15.130
10.272 106.090 15.279
10.292 106.024 15.423
10.315 105.946 15.560
10.342 105.857 15.690
10.372 105.758 15.812
10.405 105.649 15.924
10.441 105.531 16.026
10.479 105.405 16.116
10.520 105.272 16.196
10.562 105.133 16.262
10.605 104.989 16.317
10.650 104.842 16.357
10.696 104.691 16.385
10.742 104.539 16.399
10.747 157.100 1.400
10.788 104.386 16.399
10.805 106.408 6.300
10.805 106.408 14.500
10.806 106.405 14.660
10.811 106.389 14.819
10.820 106.361 14.976
10.832 106.319 15.130
10.834 104.234 16.385
10.849 106.265 15.279
10.869 106.199 15.423
10.880 104.083 16.357
10.892 106.121 15.560
10.919 106.032 15.690
10.925 103.935 16.317
10.949 105.932 15.812
10.968 103.791 16.262
10.983 105.823 15.924
11.011 103.652 16.196
11.018 105.706 16.026
11.051 103.520 16.116
11.056 105.580 16.116
11.089 103.394 16.026
11.097 105.447 16.196
11.102 157.310 0.000
11.125 103.276 15.924
11.139 105.308 16.262
11.158 103.167 15.812
11.182 105.164 16.317
11.188 103.068 15.690
11.215 102.979 15.560
11.227 105.016 16.357
11.238 102.901 15.423
11.259 102.834 15.279
11.273 104.866 16.385
11.275 102.780 15.130
11.288 102.739 14.976
11.296 102.710 14.819
11.301 102.694 14.660
11.302 102.692 6.300
11.302 102.692 14.500
11.319 104.714 16.399
11.365 104.561 16.399
11.412 104.408 16.385
11.457 104.258 16.357
11.502 104.110 16.317
11.546 103.966 16.262
11.588 103.827 16.196
11.628 103.694 16.116
11.666 103.569 16.026
11.702 103.451 15.924
11.735 103.342 15.812
11.765 103.242 15.690
11.792 103.153 15.560
11.816 103.076 15.423
11.836 103.009 15.279
11.838 134.978 10.300
11.838 134.978 15.100
11.852 102.955 15.130
11.865 102.914 14.976
11.873 102.885 14.819
11.878 102.869 14.660
11.879 102.867 6.300
11.879 102.867 14.500
11.896 134.788 10.300
11.896 134.788 15.100
12.094 100.068 6.300
12.094 100.068 14.500
12.095 100.065 14.660
12.100 100.050 14.819
12.108 100.021 14.976
12.121 99.979 15.130
12.137 99.925 15.279
12.158 99.859 15.423
12.181 99.781 15.560
12.208 99.692 15.690
12.238 99.593 15.812
12.271 99.484 15.924
12.274 74.494 21.400
12.307 99.366 16.026
12.345 99.240 16.116
12.385 99.107 16.196
12.428 98.968 16.262
12.471 98.825 16.317
12.516 98.677 16.357
12.562 98.526 16.385
12.608 98.374 16.399
12.654 98.221 16.399
12.673 100.244 6.300
12.673 100.244 14.500
12.674 100.241 14.660
12.679 100.226 14.819
12.688 100.197 14.976
12.700 98.069 16.385
12.700 100.155 15.130
12.717 100.101 15.279
12.737 100.035 15.423
12.746 97.918 16.357
12.760 99.957 15.560
12.787 99.868 15.690
12.791 97.770 16.317
12.817 99.769 15.812
12.834 97.626 16.262
12.850 99.660 15.924
12.876 97.488 16.196
12.886 99.542 16.026
12.917 97.355 16.116
12.924 99.416 16.116
12.955 97.229 16.026
12.965 99.283 16.196
12.991 97.111 15.924
13.004 87.081 18.000
13.004 87.081 18.400
13.004 87.081 21.700
13.004 87.081 22.100
13.004 87.081 23.400
13.004 87.081 24.400
13.007 99.144 16.262
13.024 97.002 15.812
13.050 99.001 16.317
13.054 96.903 15.690
13.081 96.814 15.560
13.095 98.853 16.357
13.104 96.736 15.423
13.124 96.670 15.279
13.141 96.616 15.130
13.141 98.702 16.385
13.153 96.574 14.976
13.162 96.545 14.819
13.167 96.529 14.660
13.168 96.527 6.300
13.168 96.527 14.500
13.187 98.550 16.399
13.229 87.030 1.400
13.229 87.030 18.000
13.229 87.030 18.400
13.229 87.030 21.700
13.229 87.030 22.100
13.229 87.030 23.400
13.229 87.030 24.400
13.233 98.397 16.399
13.279 98.245 16.385
13.325 98.094 16.357
13.370 97.946 16.317
13.413 97.802 16.262
13.456 97.664 16.196
13.496 97.531 16.116
13.534 97.405 16.026
13.570 97.287 15.924
13.589 135.509 10.300
13.589 135.509 15.100
13.603 97.178 15.812
13.633 97.079 15.690
13.647 135.318 10.300
13.647 135.318 15.100
13.660 96.990 15.560
13.683 96.912 15.423
13.704 96.846 15.279
13.720 96.791 15.130
13.733 96.750 14.976
13.741 96.721 14.819
13.746 96.705 14.660
13.747 96.703 6.300
13.747 96.703 14.500
13.962 93.904 6.300
13.962 93.904 14.500
13.963 93.901 14.660
13.968 93.886 14.819
13.976 93.857 14.976
13.989 93.815 15.130
14.005 93.761 15.279
14.025 93.695 15.423
14.049 93.617 15.560
14.076 93.528 15.690
14.106 93.429 15.812
14.139 93.320 15.924
14.175 93.202 16.026
14.177 83.216 18.000
14.177 83.216 18.400
14.177 83.216 21.700
14.177 83.216 22.100
14.177 83.216 23.400
14.177 83.216 24.400
14.213 93.076 16.116
14.253 92.943 16.196
14.295 92.804 16.262
14.335 83.383 1.400
14.335 83.383 18.000
14.335 83.383 18.400
14.335 83.383 21.700
14.335 83.383 22.100
14.335 83.383 23.400
14.335 83.383 24.400
14.339 92.661 16.317
14.384 92.513 16.357
14.429 92.362 16.385
14.476 92.210 16.399
14.522 92.057 16.399
14.545 94.082 6.300
14.545 94.082 14.500
14.546 94.079 14.660
14.551 94.063 14.819
14.559 94.035 14.976
14.568 91.905 16.385
14.572 93.993 15.130
14.588 93.939 15.279
14.608 93.873 15.423
14.614 91.754 16.357
14.632 93.795 15.560
14.659 91.606 16.317
14.659 93.706 15.690
14.689 93.606 15.812
14.702 91.462 16.262
14.722 93.497 15.924
14.744 91.324 16.196
14.755 89.003 18.000
14.755 89.003 18.400
14.755 89.003 21.700
14.755 89.003 22.100
14.755 89.003 23.400
14.755 89.003 24.400
14.758 93.380 16.026
14.785 91.191 16.116
14.796 93.254 16.116
14.823 91.065 16.026
14.836 93.121 16.196
14.855 136.307 8.400
14.858 90.947 15.924
14.867 88.828 1.400
14.867 88.828 18.000
14.867 88.828 18.400
14.867 88.828 21.700
14.867 88.828 22.100
14.867 88.828 23.400
14.867 88.828 24.400
14.879 92.982 16.262
14.892 90.838 15.812
14.922 90.739 15.690
14.922 92.838 16.317
14.949 90.650 15.560
14.967 92.690 16.357
14.972 90.572 15.423
14.992 90.506 15.279
15.009 90.452 15.130
15.013 92.540 16.385
15.021 90.410 14.976
15.030 90.381 14.819
15.035 90.365 14.660
15.036 90.363 6.300
15.036 90.363 14.500
15.059 92.387 16.399
15.105 92.235 16.399
15.151 92.082 16.385
15.186 89.134 18.000
15.186 89.134 18.400
15.186 89.134 21.700
15.186 89.134 22.100
15.186 89.134 23.400
15.186 89.134 24.400
15.197 91.932 16.357
15.242 91.784 16.317
15.285 91.640 16.262
15.327 91.501 16.196
15.368 91.368 16.116
15.406 91.243 16.026
15.442 91.125 15.924
15.451 89.006 1.400
15.451 89.006 18.000
15.451 89.006 18.400
15.451 89.006 21.700
15.451 89.006 22.100
15.451 89.006 23.400
15.451 89.006 24.400
15.475 91.016 15.812
15.505 90.916 15.690
15.532 90.827 15.560
15.555 90.750 15.423
15.575 90.683 15.279
15.592 90.629 15.130
15.604 90.588 14.976
15.613 90.559 14.819
15.618 90.543 14.660
15.619 90.541 6.300
15.619 90.541 14.500
16.696 82.798 1.400
16.696 82.798 18.000
16.696 82.798 18.400
16.696 82.798 21.700
16.696 82.798 22.100
16.696 82.798 23.400
16.696 82.798 24.400
16.702 82.590 18.000
16.702 82.590 18.400
16.702 82.590 21.700
16.702 82.590 22.100
16.702 82.590 23.400
16.702 82.590 24.400
16.938 136.525 10.300
16.938 136.525 15.100
16.996 136.334 10.300
16.996 136.334 15.100
17.145 82.724 18.000
17.145 82.724 18.400
17.145 82.724 21.700
17.145 82.724 22.100
17.145 82.724 23.400
17.145 82.724 24.400
17.280 82.974 1.400
17.280 82.974 18.000
17.280 82.974 18.400
17.280 82.974 21.700
17.280 82.974 22.100
17.280 82.974 23.400
17.280 82.974 24.400
17.695 81.617 6.300
17.695 81.617 14.500
17.696 81.615 14.660
17.701 81.599 14.819
17.710 81.570 14.976
17.722 81.529 15.130
17.739 81.474 15.279
17.759 81.408 15.423
17.782 81.330 15.560
17.809 81.241 15.690
17.839 81.142 15.812
17.872 81.033 15.924
17.908 80.915 16.026
17.946 80.789 16.116
17.987 80.657 16.196
18.029 80.518 16.262
18.072 80.374 16.317
18.117 80.226 16.357
18.163 80.075 16.385
18.209 79.923 16.399
18.255 79.770 16.399
18.274 81.792 6.300
18.274 81.792 14.500
18.275 81.790 14.660
18.280 81.774 14.819
18.288 81.745 14.976
18.301 81.704 15.130
18.302 79.618 16.385
18.317 81.650 15.279
18.338 81.583 15.423
18.347 79.467 16.357
18.361 81.505 15.560
18.388 81.416 15.690
18.392 79.319 16.317
18.418 81.317 15.812
18.436 79.176 16.262
18.451 81.208 15.924
18.478 79.037 16.196
18.487 81.090 16.026
18.518 78.904 16.116
18.525 80.965 16.116
18.556 78.778 16.026
18.565 80.832 16.196
18.592 78.660 15.924
18.607 80.693 16.262
18.625 78.551 15.812
18.651 80.549 16.317
18.655 78.452 15.690
18.682 78.363 15.560
18.689 137.056 10.300
18.689 137.056 15.100
18.696 80.401 16.357
18.706 78.285 15.423
18.726 78.219 15.279
18.742 78.165 15.130
18.742 80.251 16.385
18.747 136.864 10.300
18.747 136.864 15.100
18.755 78.123 14.976
18.763 78.094 14.819
18.768 78.079 14.660
18.769 78.076 6.300
18.769 78.076 14.500
18.788 80.098 16.399
18.834 79.945 16.399
18.880 79.793 16.385
18.926 79.642 16.357
18.971 79.495 16.317
19.014 79.351 16.262
19.056 79.212 16.196
19.097 79.079 16.116
19.135 78.953 16.026
19.171 78.835 15.924
19.204 78.726 15.812
19.234 78.627 15.690
19.261 78.538 15.560
19.284 78.460 15.423
19.304 78.394 15.279
19.321 78.340 15.130
19.333 78.298 14.976
19.342 78.269 14.819
19.347 78.254 14.660
19.348 78.251 6.300
19.348 78.251 14.500
19.565 75.454 6.300
19.565 75.454 14.500
19.566 75.451 14.660
19.570 75.436 14.819
19.579 75.407 14.976
19.592 75.365 15.130
19.608 75.311 15.279
19.628 75.245 15.423
19.652 75.167 15.560
19.679 75.078 15.690
19.709 74.979 15.812
19.742 74.870 15.924
19.778 74.752 16.026
19.816 74.626 16.116
19.856 74.493 16.196
19.898 74.354 16.262
19.942 74.211 16.317
19.987 74.063 16.357
20.032 73.912 16.385
20.078 73.760 16.399
20.125 73.607 16.399
20.141 75.629 6.300
20.141 75.629 14.500
20.142 75.626 14.660
20.147 75.611 14.819
20.155 75.582 14.976
20.168 75.540 15.130
20.171 73.455 16.385
20.184 75.486 15.279
20.205 75.420 15.423
20.217 73.304 16.357
20.228 75.342 15.560
20.255 75.253 15.690
20.261 73.156 16.317
20.285 75.154 15.812
20.305 73.012 16.262
20.318 75.045 15.924
20.347 72.874 16.196
20.354 74.927 16.026
20.387 72.741 16.116
20.392 74.801 16.116
20.426 72.615 16.026
20.432 74.668 16.196
20.461 72.497 15.924
20.475 74.529 16.262
20.494 72.388 15.812
20.518 74.385 16.317
20.524 72.289 15.690
20.551 72.200 15.560
20.563 74.238 16.357
20.575 72.122 15.423
20.595 72.056 15.279
20.609 74.087 16.385
20.612 72.001 15.130
20.624 71.960 14.976
20.633 71.931 14.819
20.638 71.913 6.300
20.638 71.913 14.500
20.638 71.915 14.660
20.655 73.935 16.399
20.701 73.782 16.399
20.747 73.629 16.385
20.793 73.479 16.357
20.838 73.331 16.317
20.881 73.187 16.262
20.924 73.048 16.196
20.964 72.915 16.116
21.002 72.790 16.026
21.038 72.672 15.924
21.071 72.563 15.812
21.101 72.464 15.690
21.128 72.375 15.560
21.151 72.297 15.423
21.172 72.230 15.279
21.188 72.176 15.130
21.201 72.135 14.976
21.209 72.106 14.819
21.214 72.090 14.660
21.215 72.088 6.300
21.215 72.088 14.500
21.434 69.290 6.300
21.434 69.290 14.500
21.435 69.288 14.660
21.440 69.272 14.819
21.449 69.243 14.976
21.461 69.202 15.130
21.478 69.148 15.279
21.498 69.081 15.423
21.521 69.003 15.560
21.548 68.915 15.690
21.578 68.815 15.812
21.611 68.706 15.924
21.647 68.588 16.026
21.685 68.463 16.116
21.726 68.330 16.196
21.768 68.191 16.262
21.811 68.047 16.317
21.856 67.899 16.357
21.902 67.749 16.385
21.948 67.596 16.399
21.994 67.443 16.399
22.010 69.463 14.660
22.010 69.465 6.300
22.010 69.465 14.500
22.015 69.447 14.819
22.024 69.418 14.976
22.036 69.377 15.130
22.041 67.291 16.385
22.053 69.322 15.279
22.073 69.256 15.423
22.086 67.140 16.357
22.097 69.178 15.560
22.123 69.089 15.690
22.131 66.993 16.317
22.154 68.990 15.812
22.175 66.849 16.262
22.187 68.881 15.924
22.217 66.710 16.196
22.222 68.763 16.026
22.247 138.134 1.400
22.257 66.577 16.116
22.260 68.637 16.116
22.295 66.451 16.026
22.301 68.504 16.196
22.331 66.333 15.924
22.341 56.302 18.000
22.341 56.302 18.400
22.341 56.302 21.700
22.341 56.302 22.100
22.341 56.302 23.400
22.341 56.302 24.400
22.343 68.366 16.262
22.364 66.225 15.812
22.386 68.222 16.317
22.394 66.125 15.690
22.421 66.036 15.560
22.431 68.074 16.357
22.445 65.958 15.423
22.465 65.892 15.279
22.477 67.923 16.385
22.481 65.838 15.130
22.494 65.796 14.976
22.502 65.768 14.819
22.507 65.752 14.660
22.508 65.749 6.300
22.508 65.749 14.500
22.523 67.771 16.399
22.565 56.251 1.400
22.565 56.251 18.000
22.565 56.251 18.400
22.565 56.251 21.700
22.565 56.251 22.100
22.565 56.251 23.400
22.565 56.251 24.400
22.569 67.618 16.399
22.616 67.466 16.385
22.661 67.315 16.357
22.706 67.167 16.317
22.750 67.024 16.262
22.792 66.885 16.196
22.832 66.752 16.116
22.870 66.626 16.026
22.906 66.508 15.924
22.939 66.399 15.812
22.969 66.300 15.690
22.996 66.211 15.560
23.020 66.133 15.423
23.040 66.067 15.279
23.047 138.377 1.400
23.047 138.377 18.000
23.047 138.377 18.400
23.047 138.377 21.700
23.047 138.377 22.100
23.047 138.377 23.400
23.047 138.377 24.400
23.048 138.377 24.400
23.056 66.013 15.130
23.069 65.971 14.976
23.078 65.942 14.819
23.082 65.927 14.660
23.083 65.924 6.300
23.083 65.924 14.500
23.181 138.627 18.000
23.181 138.627 18.400
23.181 138.627 21.700
23.181 138.627 22.100
23.181 138.627 23.400
23.181 138.627 24.400
23.261 75.471 36.700
23.304 63.127 6.300
23.304 63.127 14.500
23.305 63.124 14.660
23.310 63.109 14.819
23.319 63.080 14.976
23.331 63.038 15.130
23.348 62.984 15.279
23.368 62.918 15.423
23.391 62.840 15.560
23.418 62.751 15.690
23.448 62.652 15.812
23.481 62.543 15.924
23.514 52.438 18.000
23.514 52.438 18.400
23.514 52.438 21.700
23.514 52.438 22.100
23.514 52.438 23.400
23.514 52.438 24.400
23.517 62.425 16.026
23.555 62.299 16.116
23.596 62.166 16.196
23.638 62.027 16.262
23.672 52.604 1.400
23.672 52.604 18.000
23.672 52.604 18.400
23.672 52.604 21.700
23.672 52.604 22.100
23.672 52.604 23.400
23.672 52.604 24.400
23.681 61.883 16.317
23.726 61.736 16.357
23.772 61.585 16.385
23.818 61.433 16.399
23.864 61.280 16.399
23.881 63.303 6.300
23.881 63.303 14.500
23.882 63.300 14.660
23.887 63.284 14.819
23.896 63.256 14.976
23.908 63.214 15.130
23.910 61.127 16.385
23.925 63.160 15.279
23.945 63.094 15.423
23.956 60.977 16.357
23.968 63.016 15.560
23.995 62.927 15.690
24.001 60.829 16.317
24.025 62.828 15.812
24.044 60.685 16.262
24.059 62.719 15.924
24.087 60.546 16.196
24.092 58.224 18.000
24.092 58.224 18.400
24.092 58.224 21.700
24.092 58.224 22.100
24.092 58.224 23.400
24.092 58.224 24.400
24.094 62.601 16.026
24.127 60.414 16.116
24.132 62.475 16.116
24.165 60.288 16.026
24.173 62.342 16.196
24.201 60.170 15.924
24.203 58.049 1.400
24.203 58.049 18.000
24.203 58.049 18.400
24.203 58.049 21.700
24.203 58.049 22.100
24.203 58.049 23.400
24.203 58.049 24.400
24.215 62.203 16.262
24.234 60.061 15.812
24.258 62.059 16.317
24.264 59.962 15.690
24.291 59.873 15.560
24.303 61.912 16.357
24.315 59.795 15.423
24.335 59.728 15.279
24.349 61.761 16.385
24.351 59.674 15.130
24.364 59.633 14.976
24.372 59.604 14.819
24.377 59.588 14.660
24.378 59.586 6.300
24.378 59.586 14.500
24.395 61.609 16.399
24.441 61.456 16.399
24.488 61.303 16.385
24.521 58.355 18.000
24.521 58.355 18.400
24.521 58.355 21.700
24.521 58.355 22.100
24.521 58.355 23.400
24.521 58.355 24.400
24.533 61.153 16.357
24.578 61.005 16.317
24.622 60.861 16.262
24.664 60.722 16.196
24.668 133.041 24.400
24.704 60.589 16.116
24.742 60.464 16.026
24.754 147.081 33.700
24.778 60.346 15.924
24.787 58.227 1.400
24.787 58.227 18.000
24.787 58.227 18.400
24.787 58.227 21.700
24.787 58.227 22.100
24.787 58.227 23.400
24.787 58.227 24.400
24.811 60.237 15.812
24.841 60.138 15.690
24.868 60.049 15.560
24.892 59.971 15.423
24.912 59.904 15.279
24.928 59.850 15.130
24.941 59.809 14.976
24.949 59.780 14.819
24.954 59.764 14.660
24.955 59.762 6.300
24.955 59.762 14.500
25.133 131.509 18.000
25.133 131.509 18.400
25.133 131.509 21.700
25.133 131.509 22.100
25.133 131.509 23.400
25.133 131.509 24.400
25.324 131.567 18.000
25.324 131.567 18.400
25.324 131.567 21.700
25.324 131.567 22.100
25.324 131.567 23.400
25.324 131.567 24.400
26.033 52.021 1.400
26.033 52.021 18.000
26.033 52.021 18.400
26.033 52.021 21.700
26.033 52.021 22.100
26.033 52.021 23.400
26.033 52.021 24.400
26.038 51.814 18.000
26.038 51.814 18.400
26.038 51.814 21.700
26.038 51.814 22.100
26.038 51.814 23.400
26.038 51.814 24.400
26.485 51.949 18.000
26.485 51.949 18.400
26.485 51.949 21.700
26.485 51.949 22.100
26.485 51.949 23.400
26.485 51.949 24.400
26.617 52.198 1.400
26.617 52.198 18.000
26.617 52.198 18.400
26.617 52.198 21.700
26.617 52.198 22.100
26.617 52.198 23.400
26.617 52.198 24.400
26.629 152.961 17.100
26.958 29.446 1.400
26.958 29.446 24.400
27.031 50.840 6.300
27.031 50.840 14.500
27.032 50.837 14.660
27.037 50.821 14.819
27.046 50.793 14.976
27.058 50.751 15.130
27.075 50.697 15.279
27.095 50.631 15.423
27.118 50.553 15.560
27.145 50.464 15.690
27.175 50.364 15.812
27.208 50.255 15.924
27.244 50.138 16.026
27.282 50.012 16.116
27.323 49.879 16.196
27.365 49.740 16.262
27.408 49.596 16.317
27.453 49.448 16.357
27.499 49.298 16.385
27.545 49.146 16.399
27.591 48.993 16.399
27.606 123.363 24.400
27.612 51.016 6.300
27.612 51.016 14.500
27.613 51.013 14.660
27.618 50.998 14.819
27.627 50.969 14.976
27.637 48.840 16.385
27.639 50.927 15.130
27.656 50.873 15.279
27.676 50.807 15.423
27.683 48.690 16.357
27.700 50.729 15.560
27.726 50.640 15.690
27.728 48.542 16.317
27.757 50.541 15.812
27.772 48.398 16.262
27.790 50.432 15.924
27.814 48.259 16.196
27.825 50.314 16.026
27.854 48.126 16.116
27.863 50.188 16.116
27.892 48.001 16.026
27.904 50.055 16.196
27.928 47.883 15.924
27.946 49.916 16.262
27.961 47.774 15.812
27.989 49.773 16.317
27.991 47.674 15.690
28.018 47.585 15.560
28.034 49.625 16.357
28.042 47.508 15.423
28.062 47.441 15.279
28.078 47.387 15.130
28.080 49.474 16.385
28.091 47.346 14.976
28.099 47.317 14.819
28.104 47.301 14.660
28.105 47.299 6.300
28.105 47.299 14.500
28.126 49.322 16.399
28.172 49.169 16.399
28.219 49.017 16.385
28.264 48.866 16.357
28.309 48.718 16.317
28.353 48.574 16.262
28.395 48.436 16.196
28.435 48.303 16.116
28.473 48.177 16.026
28.509 48.059 15.924
28.542 47.950 15.812
28.572 47.851 15.690
28.599 47.762 15.560
28.623 47.684 15.423
28.643 47.618 15.279
28.659 47.564 15.130
28.672 47.522 14.976
28.681 47.493 14.819
28.685 47.477 14.660
28.686 47.475 6.300
28.686 47.475 14.500
28.901 44.676 6.300
28.901 44.676 14.500
28.902 44.674 14.660
28.906 44.658 14.819
28.915 44.629 14.976
28.928 44.588 15.130
28.944 44.534 15.279
28.964 44.467 15.423
28.988 44.390 15.560
29.015 44.301 15.690
29.045 44.201 15.812
29.078 44.092 15.924
29.114 43.974 16.026
29.152 43.849 16.116
29.192 43.716 16.196
29.234 43.577 16.262
29.278 43.433 16.317
29.323 43.285 16.357
29.368 43.135 16.385
29.414 42.982 16.399
29.461 42.829 16.399
29.483 44.853 6.300
29.483 44.853 14.500
29.484 44.851 14.660
29.488 44.835 14.819
29.497 44.806 14.976
29.507 42.677 16.385
29.510 44.765 15.130
29.526 44.711 15.279
29.546 44.644 15.423
29.553 42.526 16.357
29.570 44.566 15.560
29.597 44.477 15.690
29.598 42.379 16.317
29.627 44.378 15.812
29.641 42.235 16.262
29.660 44.269 15.924
29.683 42.096 16.196
29.696 44.151 16.026
29.723 41.963 16.116
29.734 44.025 16.116
29.762 41.837 16.026
29.774 43.893 16.196
29.797 41.720 15.924
29.816 43.754 16.262
29.830 41.611 15.812
29.860 43.610 16.317
29.861 41.511 15.690
29.888 41.422 15.560
29.905 43.462 16.357
29.911 41.344 15.423
29.931 41.278 15.279
29.948 41.224 15.130
29.950 43.311 16.385
29.960 41.182 14.976
29.969 41.154 14.819
29.974 41.135 6.300
29.974 41.135 14.500
29.974 41.138 14.660
29.996 43.159 16.399
30.043 43.006 16.399
30.077 131.241 20.200
30.089 42.854 16.385
30.135 42.703 16.357
30.179 42.556 16.317
30.223 42.412 16.262
30.265 42.273 16.196
30.305 42.140 16.116
30.344 42.014 16.026
30.379 41.896 15.924
30.412 41.787 15.812
30.442 41.688 15.690
30.469 41.599 15.560
30.493 41.521 15.423
30.513 41.455 15.279
30.530 41.401 15.130
30.542 41.359 14.976
30.551 41.330 14.819
30.556 41.312 6.300
30.556 41.312 14.500
30.556 41.315 14.660
30.771 38.513 6.300
30.771 38.513 14.500
30.772 38.511 14.660
30.776 38.495 14.819
30.785 38.466 14.976
30.798 38.425 15.130
30.814 38.371 15.279
30.834 38.304 15.423
30.858 38.226 15.560
30.885 38.137 15.690
30.915 38.038 15.812
30.948 37.929 15.924
30.984 37.811 16.026
31.022 37.685 16.116
31.062 37.553 16.196
31.104 37.414 16.262
31.148 37.270 16.317
31.185 15.502 1.400
31.185 15.502 24.400
31.193 37.122 16.357
31.238 36.971 16.385
31.277 158.885 19.192
31.284 36.819 16.399
31.331 36.666 16.399
31.354 38.687 14.660
31.354 38.690 6.300
31.354 38.690 14.500
31.359 38.672 14.819
31.368 38.643 14.976
31.377 36.514 16.385
31.380 38.601 15.130
31.397 38.547 15.279
31.417 38.481 15.423
31.423 36.363 16.357
31.441 38.403 15.560
31.467 36.216 16.317
31.468 38.314 15.690
31.498 38.215 15.812
31.511 36.072 16.262
31.531 38.106 15.924
31.553 35.933 16.196
31.566 37.988 16.026
31.593 35.800 16.116
31.605 37.862 16.116
31.632 35.674 16.026
31.645 37.729 16.196
31.667 35.556 15.924
31.687 37.591 16.262
31.700 35.447 15.812
31.731 35.348 15.690
31.731 37.447 16.317
31.757 35.259 15.560
31.775 37.299 16.357
31.781 35.181 15.423
31.801 35.115 15.279
31.818 35.061 15.130
31.821 37.148 16.385
31.830 35.019 14.976
31.839 34.990 14.819
31.844 34.972 6.300
31.844 34.972 14.500
31.844 34.975 14.660
31.867 36.996 16.399
31.914 36.843 16.399
31.960 36.691 16.385
32.005 36.540 16.357
32.050 36.392 16.317
32.094 36.248 16.262
32.136 36.110 16.196
32.176 35.977 16.116
32.214 35.851 16.026
32.250 35.733 15.924
32.283 35.624 15.812
32.313 35.525 15.690
32.340 35.436 15.560
32.364 35.358 15.423
32.384 35.292 15.279
32.400 35.238 15.130
32.413 35.196 14.976
32.422 35.167 14.819
32.426 35.151 14.660
32.427 35.149 6.300
32.427 35.149 14.500
32.774 31.209 18.000
32.774 31.209 18.400
32.774 31.209 21.700
32.774 31.209 22.100
32.774 31.209 23.400
32.774 31.209 24.400
32.968 31.268 1.400
32.968 31.268 18.000
32.968 31.268 18.400
32.968 31.268 21.700
32.968 31.268 22.100
32.968 31.268 23.400
32.968 31.268 24.400
33.298 131.991 26.600
34.502 100.601 1.400
34.502 100.601 23.400
34.502 100.601 24.400
39.903 159.837 1.400
43.510 174.477 24.700
47.697 153.081 27.200
47.789 170.012 19.400
47.945 168.807 1.400
48.100 72.672 23.400
48.100 72.672 27.900
49.434 117.702 27.700
50.431 148.886 22.700
51.169 105.636 23.400
51.328 119.727 30.900
51.353 73.658 23.400
51.353 73.658 27.900
51.353 73.658 30.100
52.829 94.088 24.400
52.829 94.088 31.400
53.660 130.648 26.400
53.760 163.756 25.700
54.255 64.088 23.400
54.255 64.088 27.900
54.255 64.088 30.100
54.573 31.329 1.400
54.573 31.329 24.400
54.993 161.410 1.400
55.464 31.599 1.400
55.464 31.599 23.400
55.464 31.599 24.400
57.001 23.328 1.400
57.001 23.328 24.400
57.449 68.716 23.400
57.449 68.716 30.100
57.449 68.716 32.200
58.047 186.837 29.600
58.051 75.689 23.400
58.051 75.689 27.900
58.051 75.689 30.100
58.465 65.364 23.400
58.465 65.364 27.900
58.465 65.364 30.100
59.382 135.552 32.197
59.937 69.470 23.400
59.937 69.470 27.900
59.937 69.470 30.100
60.123 33.011 1.400
60.123 33.011 23.400
60.465 136.481 33.295
62.302 125.918 23.900
62.551 25.011 1.400
62.551 25.011 23.400
62.551 25.011 27.900
62.610 36.525 23.400
62.610 36.525 27.900
65.603 140.884 38.500
66.823 37.802 23.400
66.823 37.802 27.900
66.823 37.802 32.200
70.500 173.865 1.400
70.500 173.865 20.300
70.937 174.525 4.400
70.937 174.525 4.600
70.937 174.525 14.100
70.937 174.525 14.600
70.995 174.334 1.400
70.995 174.334 4.400
70.995 174.334 4.600
70.995 174.334 14.100
70.995 174.334 14.600
70.995 174.334 20.300
71.083 174.042 1.400
71.083 174.042 20.300
71.515 170.516 2.400
71.515 170.516 6.500
71.515 170.516 9.200
71.515 170.516 13.700
71.803 170.603 2.400
71.803 170.603 6.500
71.803 170.603 9.200
71.803 170.603 13.700
71.966 146.432 27.100
71.984 146.411 27.100
71.987 168.961 2.400
71.987 168.961 6.500
71.987 168.961 9.200
71.987 168.961 13.700
72.274 169.048 2.400
72.274 169.048 6.500
72.274 169.048 9.200
72.274 169.048 13.700
72.883 174.774 1.400
72.935 174.603 1.400
73.154 165.109 1.400
73.154 165.109 18.400
73.154 165.109 19.000
73.154 165.109 20.300
73.252 176.658 1.400
73.594 165.242 1.400
73.594 165.242 18.400
73.594 165.242 19.000
73.594 165.242 20.300
73.830 174.875 20.300
73.830 174.875 20.900
74.007 174.291 20.300
74.007 174.291 20.900
74.122 163.501 5.300
74.122 163.501 7.800
74.122 163.501 11.000
74.122 163.501 13.500
74.458 163.602 5.300
74.458 163.602 7.800
74.458 163.602 11.000
74.458 163.602 13.500
74.877 161.012 5.300
74.877 161.012 7.800
74.877 161.012 11.000
74.877 161.012 13.500
75.013 175.761 4.400
75.013 175.761 4.600
75.013 175.761 14.100
75.013 175.761 14.600
75.071 175.570 1.400
75.071 175.570 4.400
75.071 175.570 4.600
75.071 175.570 14.100
75.071 175.570 14.600
75.071 175.570 20.300
75.159 175.278 1.400
75.159 175.278 20.300
75.212 161.114 5.300
75.212 161.114 7.800
75.212 161.114 11.000
75.212 161.114 13.500
75.462 175.227 1.400
76.261 156.448 5.300
76.261 156.448 7.800
76.261 156.448 11.000
76.261 156.448 13.500
76.461 175.672 20.300
76.461 175.672 20.900
76.594 156.549 5.300
76.594 156.549 7.800
76.594 156.549 11.000
76.594 156.549 13.500
76.911 152.720 1.400
76.911 152.720 18.400
76.911 152.720 19.000
77.015 153.960 5.300
77.015 153.960 7.800
77.015 153.960 11.000
77.015 153.960 13.500
77.088 184.685 6.900
77.158 175.884 14.940
77.159 175.884 15.212
77.181 175.891 14.668
77.181 175.891 15.484
77.226 175.905 8.700
77.226 175.905 14.400
77.227 175.904 15.752
77.294 175.925 16.015
77.335 175.300 14.940
77.335 175.300 15.212
77.346 176.260 9.735
77.349 154.061 5.300
77.349 154.061 7.800
77.349 154.061 11.000
77.349 154.061 13.500
77.351 152.853 1.400
77.351 152.853 18.400
77.351 152.853 19.000
77.358 175.307 14.668
77.358 175.307 15.484
77.383 175.952 16.272
77.403 175.321 8.700
77.403 175.321 14.400
77.403 175.321 15.752
77.471 175.341 16.015
77.493 175.985 16.519
77.560 175.368 16.272
77.624 176.025 16.755
77.670 175.402 16.519
77.763 81.666 23.400
77.763 81.666 27.900
77.763 81.666 30.100
77.773 176.070 16.978
77.801 175.441 16.755
77.941 176.121 17.187
77.950 175.487 16.978
78.100 151.702 18.000
78.118 175.537 17.187
78.125 176.177 17.379
78.302 175.593 17.379
78.325 176.237 17.554
78.502 175.654 17.554
78.539 176.302 17.711
78.716 175.719 17.711
78.765 176.371 17.847
78.941 175.787 17.847
79.001 176.442 17.962
79.117 166.914 19.000
79.117 166.914 20.296
79.178 175.859 17.962
79.246 176.517 18.055
79.423 175.933 18.055
79.498 176.593 18.126
79.648 75.447 23.400
79.648 75.447 27.900
79.648 75.447 30.100
79.675 176.009 18.126
79.755 176.671 18.173
79.932 176.087 18.173
80.015 176.750 18.197
80.145 176.789 22.900
80.191 176.166 18.197
80.275 176.829 18.197
80.452 176.245 18.197
80.535 176.907 18.173
80.712 176.324 18.173
80.751 142.266 28.100
80.792 176.985 18.126
80.969 176.402 18.126
81.044 177.062 18.055
81.221 176.478 18.055
81.289 177.136 17.962
81.466 176.552 17.962
81.525 177.207 17.847
81.702 176.624 17.847
81.751 177.276 17.711
81.928 176.692 17.711
81.965 177.341 17.554
82.141 176.757 17.554
82.164 177.401 17.379
82.341 176.818 17.379
82.349 177.457 17.187
82.516 177.508 16.978
82.526 176.874 17.187
82.666 177.553 16.755
82.693 176.924 16.978
82.796 177.593 16.519
82.843 176.970 16.755
82.907 177.626 16.272
82.973 177.009 16.519
82.996 177.653 16.015
83.063 177.674 8.700
83.063 177.674 14.400
83.063 177.674 15.752
83.083 177.043 16.272
83.109 177.688 14.668
83.109 177.688 15.484
83.131 177.695 14.940
83.131 177.695 15.212
83.173 177.070 16.015
83.240 177.090 8.700
83.240 177.090 14.400
83.240 177.090 15.752
83.285 177.104 14.668
83.285 177.104 15.484
83.308 177.111 14.940
83.308 177.111 15.212
83.537 115.413 1.400
83.537 115.413 23.400
83.689 114.919 1.400
83.689 114.919 26.400
83.689 114.919 26.450
83.829 177.906 20.300
83.829 177.906 20.900
84.983 178.783 4.400
84.983 178.783 4.600
84.983 178.783 14.100
84.983 178.783 14.600
85.041 178.592 1.400
85.041 178.592 4.400
85.041 178.592 4.600
85.041 178.592 14.100
85.041 178.592 14.600
85.041 178.592 20.300
85.130 178.300 1.400
85.130 178.300 20.300
85.387 77.187 23.400
85.387 77.187 30.100
85.387 77.187 32.200
85.966 115.750 35.000
86.404 73.835 23.400
86.404 73.835 27.900
86.404 73.835 30.100
86.460 178.704 20.300
86.460 178.704 20.900
86.485 169.148 19.000
86.485 169.148 20.296
86.637 178.120 20.300
86.637 178.120 20.900
87.332 84.567 23.400
87.332 84.567 27.900
87.332 84.567 30.100
87.812 116.762 1.400
87.812 116.762 19.000
87.977 116.219 1.400
89.060 180.019 4.400
89.060 180.019 4.600
89.060 180.019 14.100
89.060 180.019 14.600
89.118 179.828 1.400
89.118 179.828 4.400
89.118 179.828 4.600
89.118 179.828 14.100
89.118 179.828 14.600
89.118 179.828 20.300
89.206 179.536 20.300
89.207 179.536 1.400
89.207 179.536 20.300
89.348 96.557 1.400
89.348 96.557 26.400
89.348 96.557 26.450
89.533 95.955 1.400
89.533 95.955 23.400
89.790 179.713 1.400
89.790 179.713 20.300
90.232 74.996 23.400
90.232 74.996 27.900
90.232 74.996 30.100
90.394 85.495 23.400
90.394 85.495 27.900
91.283 26.252 1.400
91.283 26.252 2.800
91.283 26.252 5.700
91.283 26.252 12.400
91.863 170.772 20.300
91.917 170.788 1.400
91.917 170.788 19.400
92.204 170.875 1.400
92.204 170.875 19.400
92.204 170.875 20.300
92.447 170.949 1.400
92.447 170.949 19.000
92.447 170.949 20.300
92.452 169.021 4.800
92.452 169.021 7.230
92.452 169.021 10.040
92.452 169.021 12.470
92.453 169.021 4.800
92.453 169.021 5.370
92.453 169.021 5.445
92.453 169.021 5.978
92.453 169.021 6.053
92.453 169.021 6.585
92.453 169.021 6.660
92.453 169.021 7.230
92.453 169.021 10.040
92.453 169.021 10.610
92.453 169.021 10.685
92.453 169.021 11.218
92.453 169.021 11.293
92.453 169.021 11.825
92.453 169.021 11.900
92.453 169.021 12.470
92.542 168.725 4.800
92.542 168.725 7.230
92.542 168.725 10.040
92.542 168.725 12.470
92.549 169.050 5.370
92.549 169.050 5.445
92.549 169.050 5.978
92.549 169.050 6.053
92.549 169.050 6.585
92.549 169.050 6.660
92.549 169.050 10.610
92.549 169.050 10.685
92.549 169.050 11.218
92.549 169.050 11.293
92.549 169.050 11.825
92.549 169.050 11.900
92.575 111.847 26.400
92.575 111.847 29.400
92.583 168.591 4.800
92.583 168.591 7.230
92.583 168.591 10.040
92.583 168.591 12.470
92.614 168.486 16.327
92.614 168.487 16.327
92.615 168.485 16.353
92.615 168.486 15.100
92.615 168.486 16.300
92.616 168.482 16.380
92.617 168.476 16.406
92.618 168.476 16.406
92.620 168.468 16.431
92.623 168.458 16.455
92.626 168.446 16.479
92.626 168.447 16.479
92.631 168.433 16.501
92.635 168.417 16.522
92.641 168.400 16.542
92.646 168.381 16.559
92.652 168.361 16.576
92.659 168.339 16.590
92.666 168.317 16.602
92.673 168.293 16.612
92.676 168.766 4.800
92.676 168.766 7.230
92.676 168.766 10.040
92.676 168.766 12.470
92.680 168.269 16.620
92.687 168.247 4.800
92.687 168.247 7.230
92.687 168.247 10.040
92.687 168.247 12.470
92.688 168.244 16.626
92.695 168.219 16.629
92.703 168.194 16.630
92.711 168.168 16.629
92.717 168.632 4.800
92.717 168.632 7.230
92.717 168.632 10.040
92.717 168.632 12.470
92.718 168.143 16.626
92.726 168.118 16.620
92.728 168.113 4.800
92.728 168.113 7.230
92.728 168.113 10.040
92.728 168.113 12.470
92.733 168.094 16.612
92.740 168.070 16.602
92.740 168.071 16.602
92.740 169.108 4.800
92.740 169.108 7.230
92.740 169.108 10.040
92.740 169.108 12.470
92.747 168.048 16.590
92.754 168.026 16.576
92.754 168.027 16.576
92.760 168.006 16.559
92.766 167.987 16.542
92.766 167.988 16.542
92.770 167.995 7.230
92.770 167.995 10.040
92.771 167.970 16.522
92.771 167.982 7.230
92.771 167.982 10.040
92.771 168.008 7.230
92.771 168.008 10.040
92.772 167.969 7.230
92.772 167.969 10.040
92.772 168.021 7.230
92.772 168.021 10.040
92.775 167.955 16.501
92.775 167.956 7.230
92.775 167.956 10.040
92.775 168.034 7.230
92.775 168.034 10.040
92.776 167.955 16.501
92.779 167.944 7.230
92.779 167.944 10.040
92.779 168.046 7.230
92.779 168.046 10.040
92.780 167.941 16.479
92.783 167.929 16.455
92.784 167.932 7.230
92.784 167.932 10.040
92.784 168.059 7.230
92.784 168.059 10.040
92.786 167.919 16.431
92.789 167.911 16.406
92.790 167.906 16.380
92.790 167.920 7.230
92.790 167.920 10.040
92.790 168.070 7.230
92.790 168.070 10.040
92.791 167.902 16.353
92.792 167.901 16.327
92.792 167.902 15.100
92.792 167.902 16.300
92.797 167.909 7.230
92.797 167.909 10.040
92.797 168.081 7.230
92.797 168.081 10.040
92.805 167.899 7.230
92.805 167.899 10.040
92.805 168.092 7.230
92.805 168.092 10.040
92.814 167.889 7.230
92.814 167.889 10.040
92.814 168.101 7.230
92.814 168.101 10.040
92.821 168.287 4.800
92.821 168.287 7.230
92.821 168.287 10.040
92.821 168.287 12.470
92.824 167.880 7.230
92.824 167.880 10.040
92.824 168.110 7.230
92.824 168.110 10.040
92.832 167.768 4.800
92.832 167.768 7.230
92.832 167.768 10.040
92.832 167.768 12.470
92.834 167.872 7.230
92.834 167.872 10.040
92.834 168.118 7.230
92.834 168.118 10.040
92.845 167.865 7.230
92.845 167.865 10.040
92.845 168.125 7.230
92.845 168.125 10.040
92.857 167.859 7.230
92.857 167.859 10.040
92.857 168.131 7.230
92.857 168.131 10.040
92.862 168.153 4.800
92.862 168.153 7.230
92.862 168.153 10.040
92.862 168.153 12.470
92.869 167.854 7.230
92.869 167.854 10.040
92.869 168.136 7.230
92.869 168.136 10.040
92.873 167.634 4.800
92.873 167.634 7.230
92.873 167.634 10.040
92.873 167.634 12.470
92.881 167.850 7.230
92.881 167.850 10.040
92.881 168.140 7.230
92.881 168.140 10.040
92.894 167.847 7.230
92.894 167.847 10.040
92.894 168.143 7.230
92.894 168.143 10.040
92.902 168.572 16.353
92.902 168.573 15.100
92.902 168.573 16.300
92.902 168.574 16.327
92.903 168.569 16.380
92.905 168.563 16.406
92.907 167.846 7.230
92.907 167.846 10.040
92.907 168.145 7.230
92.907 168.145 10.040
92.907 168.555 16.431
92.909 167.514 15.100
92.909 167.514 16.300
92.909 167.514 16.353
92.909 167.515 16.327
92.910 167.510 16.380
92.910 168.545 16.455
92.912 167.505 16.406
92.914 167.497 16.431
92.914 168.534 16.479
92.917 167.487 16.455
92.918 168.520 16.501
92.920 167.845 7.230
92.920 167.845 10.040
92.920 168.145 7.230
92.920 168.145 10.040
92.921 167.475 16.479
92.922 168.504 16.522
92.925 167.461 16.501
92.928 168.487 16.542
92.930 167.446 16.522
92.933 167.846 7.230
92.933 167.846 10.040
92.933 168.145 7.230
92.933 168.145 10.040
92.933 168.468 16.559
92.935 167.428 16.542
92.935 167.429 16.542
92.940 168.448 16.576
92.941 167.410 16.559
92.946 167.847 7.230
92.946 167.847 10.040
92.946 168.143 7.230
92.946 168.143 10.040
92.946 168.427 16.590
92.947 167.389 16.576
92.947 167.390 16.576
92.953 167.368 16.590
92.953 168.404 16.602
92.959 167.850 7.230
92.959 167.850 10.040
92.959 168.140 7.230
92.959 168.140 10.040
92.960 167.345 16.602
92.960 167.346 16.602
92.960 168.380 16.612
92.966 167.809 4.800
92.966 167.809 7.230
92.966 167.809 10.040
92.966 167.809 12.470
92.967 167.322 16.612
92.967 168.356 16.620
92.971 167.854 7.230
92.971 167.854 10.040
92.971 168.136 7.230
92.971 168.136 10.040
92.975 167.298 16.620
92.975 168.331 16.626
92.978 167.289 4.800
92.978 167.289 7.230
92.978 167.289 10.040
92.978 167.289 12.470
92.982 167.273 16.626
92.983 167.859 7.230
92.983 167.859 10.040
92.983 168.306 16.629
92.984 168.131 7.230
92.984 168.131 10.040
92.990 167.248 16.629
92.990 168.281 16.630
92.995 167.865 7.230
92.995 167.865 10.040
92.995 168.125 7.230
92.995 168.125 10.040
92.997 167.222 16.630
92.998 167.222 16.630
92.998 168.255 16.629
93.005 167.197 16.629
93.006 167.872 7.230
93.006 167.872 10.040
93.006 168.118 7.230
93.006 168.118 10.040
93.006 168.230 16.626
93.007 167.675 4.800
93.007 167.675 7.230
93.007 167.675 10.040
93.007 167.675 12.470
93.013 167.172 16.626
93.013 168.205 16.620
93.017 167.880 7.230
93.017 167.880 10.040
93.017 168.110 7.230
93.017 168.110 10.040
93.018 167.155 4.800
93.018 167.155 7.230
93.018 167.155 10.040
93.018 167.155 12.470
93.020 167.147 16.620
93.020 168.181 16.612
93.026 167.889 7.230
93.026 167.889 10.040
93.026 168.101 7.230
93.026 168.101 10.040
93.028 167.123 16.612
93.028 168.158 16.602
93.034 168.135 16.590
93.035 167.099 16.602
93.035 167.899 7.230
93.035 167.899 10.040
93.035 168.092 7.230
93.035 168.092 10.040
93.041 168.114 16.576
93.042 167.077 16.590
93.043 167.909 7.230
93.043 167.909 10.040
93.043 168.081 7.230
93.043 168.081 10.040
93.047 168.093 16.559
93.048 167.055 16.576
93.050 167.920 7.230
93.050 167.920 10.040
93.050 168.070 7.230
93.050 168.070 10.040
93.053 168.075 16.542
93.054 167.035 16.559
93.056 167.932 7.230
93.056 167.932 10.040
93.056 168.059 7.230
93.056 168.059 10.040
93.058 168.057 16.522
93.060 167.016 16.542
93.061 167.944 7.230
93.061 167.944 10.040
93.061 168.046 7.230
93.061 168.046 10.040
93.063 168.042 16.501
93.065 166.999 16.522
93.065 167.956 7.230
93.065 167.956 10.040
93.065 168.034 7.230
93.065 168.034 10.040
93.067 168.028 16.479
93.068 167.969 7.230
93.068 167.969 10.040
93.068 168.021 7.230
93.068 168.021 10.040
93.070 166.983 16.501
93.070 167.982 7.230
93.070 167.982 10.040
93.070 167.995 7.230
93.070 167.995 10.040
93.070 168.008 7.230
93.070 168.008 10.040
93.070 168.016 16.455
93.073 168.006 16.431
93.074 166.969 16.479
93.074 166.970 16.479
93.076 167.998 16.406
93.078 166.958 16.455
93.078 167.993 16.380
93.079 167.988 16.327
93.079 167.989 15.100
93.079 167.989 16.300
93.079 167.989 16.353
93.081 166.948 16.431
93.083 166.940 16.406
93.085 166.934 16.380
93.086 166.929 16.327
93.086 166.930 15.100
93.086 166.930 16.300
93.086 166.930 16.327
93.086 166.931 16.353
93.112 167.330 4.800
93.112 167.330 7.230
93.112 167.330 10.040
93.112 167.330 12.470
93.123 166.811 4.800
93.123 166.811 7.230
93.123 166.811 10.040
93.123 166.811 12.470
93.152 167.196 4.800
93.152 167.196 7.230
93.152 167.196 10.040
93.152 167.196 12.470
93.163 166.677 4.800
93.163 166.677 7.230
93.163 166.677 10.040
93.163 166.677 12.470
93.196 167.601 15.100
93.196 167.601 16.300
93.196 167.601 16.353
93.196 167.602 16.327
93.197 167.597 16.380
93.199 167.592 16.406
93.201 167.584 16.431
93.203 166.543 15.100
93.203 166.543 16.300
93.203 166.544 16.327
93.204 166.542 16.353
93.204 166.543 15.100
93.204 166.543 16.300
93.204 167.574 16.455
93.205 166.539 16.380
93.206 166.533 16.406
93.208 167.562 16.479
93.209 166.525 16.431
93.212 166.515 16.455
93.212 166.516 16.455
93.212 166.537 7.230
93.212 166.537 10.040
93.212 167.548 16.501
93.213 166.524 7.230
93.213 166.524 10.040
93.213 166.550 7.230
93.213 166.550 10.040
93.214 166.511 7.230
93.214 166.511 10.040
93.215 166.504 16.479
93.215 166.563 7.230
93.215 166.563 10.040
93.217 166.498 7.230
93.217 166.498 10.040
93.217 166.575 7.230
93.217 166.575 10.040
93.217 167.533 16.522
93.220 166.490 16.501
93.221 166.485 7.230
93.221 166.485 10.040
93.221 166.588 7.230
93.221 166.588 10.040
93.222 167.516 16.542
93.224 166.474 16.522
93.226 166.473 7.230
93.226 166.473 10.040
93.226 166.600 7.230
93.226 166.600 10.040
93.228 167.497 16.559
93.229 166.457 16.542
93.232 166.462 7.230
93.232 166.462 10.040
93.232 166.612 7.230
93.232 166.612 10.040
93.234 167.477 16.576
93.235 166.438 16.559
93.239 166.451 7.230
93.239 166.451 10.040
93.239 166.623 7.230
93.239 166.623 10.040
93.241 166.418 16.576
93.241 167.455 16.590
93.247 166.440 7.230
93.247 166.440 10.040
93.247 166.633 7.230
93.247 166.633 10.040
93.247 167.433 16.602
93.248 166.397 16.590
93.255 166.374 16.602
93.255 167.409 16.612
93.256 166.431 7.230
93.256 166.431 10.040
93.256 166.643 7.230
93.256 166.643 10.040
93.257 166.852 4.800
93.257 166.852 7.230
93.257 166.852 10.040
93.257 166.852 12.470
93.262 166.350 16.612
93.262 166.351 16.612
93.262 167.385 16.620
93.266 166.422 7.230
93.266 166.422 10.040
93.266 166.652 7.230
93.266 166.652 10.040
93.268 166.332 4.800
93.268 166.332 7.230
93.268 166.332 10.040
93.268 166.332 12.470
93.269 166.326 16.620
93.269 167.360 16.626
93.276 166.414 7.230
93.276 166.414 10.040
93.276 166.660 7.230
93.276 166.660 10.040
93.277 166.301 16.626
93.277 166.302 16.626
93.277 167.335 16.629
93.284 166.276 16.629
93.285 167.309 16.630
93.287 166.407 7.230
93.287 166.407 10.040
93.287 166.667 7.230
93.287 166.667 10.040
93.292 166.251 16.630
93.292 167.284 16.629
93.297 166.718 4.800
93.297 166.718 7.230
93.297 166.718 10.040
93.297 166.718 12.470
93.299 166.401 7.230
93.299 166.401 10.040
93.299 166.673 7.230
93.299 166.673 10.040
93.300 166.225 16.629
93.300 166.226 16.629
93.300 167.259 16.626
93.307 166.200 16.626
93.308 166.198 4.800
93.308 166.198 7.230
93.308 166.198 10.040
93.308 166.198 12.470
93.308 167.234 16.620
93.311 166.396 7.230
93.311 166.396 10.040
93.311 166.678 7.230
93.311 166.678 10.040
93.315 166.175 16.620
93.315 166.176 16.620
93.315 167.210 16.612
93.322 166.151 16.612
93.322 167.186 16.602
93.323 166.392 7.230
93.323 166.392 10.040
93.323 166.682 7.230
93.323 166.682 10.040
93.329 166.128 16.602
93.329 167.164 16.590
93.335 167.142 16.576
93.336 166.105 16.590
93.336 166.389 7.230
93.336 166.389 10.040
93.336 166.684 7.230
93.336 166.684 10.040
93.342 167.122 16.559
93.343 166.084 16.576
93.347 167.103 16.542
93.349 166.063 16.559
93.349 166.064 16.559
93.349 166.387 7.230
93.349 166.387 10.040
93.349 166.686 7.230
93.349 166.686 10.040
93.352 167.086 16.522
93.354 166.045 16.542
93.357 167.070 16.501
93.360 166.027 16.522
93.361 167.057 16.479
93.362 166.387 7.230
93.362 166.387 10.040
93.362 166.687 7.230
93.362 166.687 10.040
93.364 166.012 16.501
93.365 167.045 16.455
93.368 167.035 16.431
93.369 165.998 16.479
93.370 167.027 16.406
93.372 165.986 16.455
93.372 167.021 16.380
93.373 167.017 16.327
93.373 167.018 15.100
93.373 167.018 16.300
93.373 167.018 16.353
93.375 165.976 16.431
93.375 166.387 7.230
93.375 166.387 10.040
93.375 166.686 7.230
93.375 166.686 10.040
93.378 165.969 16.406
93.379 165.963 16.380
93.380 165.959 15.100
93.380 165.959 16.300
93.380 165.959 16.353
93.381 165.958 16.327
93.388 166.389 7.230
93.388 166.389 10.040
93.388 166.684 7.230
93.388 166.684 10.040
93.401 166.392 7.230
93.401 166.392 10.040
93.401 166.682 7.230
93.401 166.682 10.040
93.402 166.373 4.800
93.402 166.373 7.230
93.402 166.373 10.040
93.402 166.373 12.470
93.413 165.854 4.800
93.413 165.854 7.230
93.413 165.854 10.040
93.413 165.854 12.470
93.414 166.396 7.230
93.414 166.396 10.040
93.414 166.678 7.230
93.414 166.678 10.040
93.426 166.401 7.230
93.426 166.401 10.040
93.426 166.673 7.230
93.426 166.673 10.040
93.437 166.407 7.230
93.437 166.407 10.040
93.437 166.667 7.230
93.437 166.667 10.040
93.442 166.239 4.800
93.442 166.239 7.230
93.442 166.239 10.040
93.442 166.239 12.470
93.448 166.414 7.230
93.448 166.414 10.040
93.448 166.659 7.230
93.448 166.659 10.040
93.453 165.720 4.800
93.453 165.720 7.230
93.453 165.720 10.040
93.453 165.720 12.470
93.459 166.422 7.230
93.459 166.422 10.040
93.459 166.652 7.230
93.459 166.652 10.040
93.468 166.431 7.230
93.468 166.431 10.040
93.468 166.643 7.230
93.468 166.643 10.040
93.477 166.440 7.230
93.477 166.440 10.040
93.477 166.633 7.230
93.477 166.633 10.040
93.485 166.451 7.230
93.485 166.451 10.040
93.485 166.623 7.230
93.485 166.623 10.040
93.488 97.173 1.400
93.488 97.173 23.400
93.490 166.631 16.327
93.491 166.630 15.100
93.491 166.630 16.300
93.491 166.630 16.353
93.492 166.462 7.230
93.492 166.462 10.040
93.492 166.612 7.230
93.492 166.612 10.040
93.492 166.626 16.380
93.494 166.620 16.406
93.496 166.613 16.431
93.498 166.473 7.230
93.498 166.473 10.040
93.498 166.600 7.230
93.498 166.600 10.040
93.499 166.603 16.455
93.503 166.485 7.230
93.503 166.485 10.040
93.503 166.588 7.230
93.503 166.588 10.040
93.503 166.591 16.479
93.507 166.498 7.230
93.507 166.498 10.040
93.507 166.575 7.230
93.507 166.575 10.040
93.507 166.577 16.501
93.510 166.511 7.230
93.510 166.511 10.040
93.510 166.563 7.230
93.510 166.563 10.040
93.511 166.561 16.522
93.512 166.524 7.230
93.512 166.524 10.040
93.512 166.537 7.230
93.512 166.537 10.040
93.512 166.550 7.230
93.512 166.550 10.040
93.517 166.544 16.542
93.522 166.525 16.559
93.528 166.505 16.576
93.535 166.484 16.590
93.542 166.461 16.602
93.543 165.424 4.800
93.543 165.424 5.370
93.543 165.424 5.445
93.543 165.424 5.978
93.543 165.424 6.053
93.543 165.424 6.585
93.543 165.424 6.660
93.543 165.424 7.230
93.543 165.424 10.040
93.543 165.424 10.610
93.543 165.424 10.685
93.543 165.424 11.218
93.543 165.424 11.293
93.543 165.424 11.825
93.543 165.424 11.900
93.543 165.424 12.470
93.547 165.894 4.800
93.547 165.894 7.230
93.547 165.894 10.040
93.547 165.894 12.470
93.549 166.438 16.612
93.556 166.413 16.620
93.564 166.389 16.626
93.571 166.363 16.629
93.579 166.338 16.630
93.587 165.761 4.800
93.587 165.761 7.230
93.587 165.761 10.040
93.587 165.761 12.470
93.587 166.313 16.629
93.594 166.287 16.626
93.602 166.263 16.620
93.609 166.238 16.612
93.617 166.215 16.602
93.623 166.192 16.590
93.630 166.171 16.576
93.636 166.151 16.559
93.639 165.453 5.370
93.639 165.453 5.445
93.639 165.453 5.978
93.639 165.453 6.053
93.639 165.453 6.585
93.639 165.453 6.660
93.639 165.453 10.610
93.639 165.453 10.685
93.639 165.453 11.218
93.639 165.453 11.293
93.639 165.453 11.825
93.639 165.453 11.900
93.642 166.132 16.542
93.647 166.115 16.522
93.652 166.099 16.501
93.656 166.085 16.479
93.659 166.073 16.455
93.662 166.063 16.431
93.665 166.056 16.406
93.666 166.050 16.380
93.668 166.045 16.327
93.668 166.046 15.100
93.668 166.046 16.300
93.668 166.047 16.353
93.673 97.420 1.400
93.673 97.420 19.000
93.770 118.585 19.004
93.770 118.585 20.300
93.770 118.585 20.900
93.830 165.511 4.800
93.830 165.511 7.230
93.830 165.511 10.040
93.830 165.511 12.470
94.096 12.772 1.400
94.096 12.772 2.800
94.096 12.772 5.700
94.096 12.772 12.400
94.128 114.753 26.400
94.128 114.753 29.400
94.406 111.667 29.399
94.406 111.667 29.400
94.515 162.216 4.800
94.515 162.216 7.230
94.515 162.216 10.040
94.515 162.216 12.470
94.516 162.216 4.800
94.516 162.216 5.370
94.516 162.216 5.445
94.516 162.216 5.978
94.516 162.216 6.053
94.516 162.216 6.585
94.516 162.216 6.660
94.516 162.216 7.230
94.516 162.216 10.040
94.516 162.216 10.610
94.516 162.216 10.685
94.516 162.216 11.218
94.516 162.216 11.293
94.516 162.216 11.825
94.516 162.216 11.900
94.516 162.216 12.470
94.605 161.921 4.800
94.605 161.921 7.230
94.605 161.921 10.040
94.605 161.921 12.470
94.611 162.245 5.370
94.611 162.245 5.445
94.611 162.245 5.978
94.611 162.245 6.053
94.611 162.245 6.585
94.611 162.245 6.660
94.611 162.245 10.610
94.611 162.245 10.685
94.611 162.245 11.218
94.611 162.245 11.293
94.611 162.245 11.825
94.611 162.245 11.900
94.646 161.787 4.800
94.646 161.787 7.230
94.646 161.787 10.040
94.646 161.787 12.470
94.647 17.106 2.800
94.647 17.106 5.700
94.647 17.106 12.400
94.647 17.106 14.000
94.655 16.658 14.000
94.668 17.857 14.000
94.677 161.681 15.100
94.677 161.681 16.300
94.677 161.682 16.327
94.678 161.681 16.353
94.679 161.677 16.380
94.680 161.672 16.406
94.683 161.664 16.431
94.686 161.654 16.455
94.689 161.642 16.479
94.693 161.628 16.501
94.694 161.628 16.501
94.698 161.613 16.522
94.699 16.660 15.108
94.699 18.303 2.800
94.699 18.303 5.700
94.699 18.303 12.400
94.699 18.303 14.000
94.700 15.908 2.800
94.700 15.908 5.700
94.700 15.908 12.400
94.700 15.908 14.000
94.703 161.596 16.542
94.709 161.577 16.559
94.712 17.855 15.108
94.715 161.557 16.576
94.722 161.535 16.590
94.729 161.513 16.602
94.736 161.489 16.612
94.739 161.961 4.800
94.739 161.961 7.230
94.739 161.961 10.040
94.739 161.961 12.470
94.743 161.465 16.620
94.746 15.463 14.000
94.750 161.442 4.800
94.750 161.442 7.230
94.750 161.442 10.040
94.750 161.442 12.470
94.751 161.440 16.626
94.758 161.415 16.629
94.762 46.274 23.400
94.762 46.274 27.900
94.762 46.274 32.200
94.766 161.389 16.630
94.774 161.364 16.629
94.780 161.827 4.800
94.780 161.827 7.230
94.780 161.827 10.040
94.780 161.827 12.470
94.781 161.339 16.626
94.785 19.050 14.000
94.789 161.314 16.620
94.790 15.468 15.108
94.791 161.308 4.800
94.791 161.308 7.230
94.791 161.308 10.040
94.791 161.308 12.470
94.796 161.290 16.612
94.803 161.266 16.602
94.803 162.303 4.800
94.803 162.303 7.230
94.803 162.303 10.040
94.803 162.303 12.470
94.810 161.244 16.590
94.817 161.222 16.576
94.823 161.202 16.559
94.828 161.183 16.542
94.829 161.183 16.542
94.830 19.044 15.108
94.833 161.191 7.230
94.833 161.191 10.040
94.834 161.166 16.522
94.834 161.178 7.230
94.834 161.178 10.040
94.834 161.204 7.230
94.834 161.204 10.040
94.835 161.165 7.230
94.835 161.165 10.040
94.835 161.217 7.230
94.835 161.217 10.040
94.838 161.150 16.501
94.838 161.152 7.230
94.838 161.152 10.040
94.838 161.230 7.230
94.838 161.230 10.040
94.840 16.664 16.209
94.842 161.140 7.230
94.842 161.140 10.040
94.842 161.242 7.230
94.842 161.242 10.040
94.843 161.137 16.479
94.846 161.125 16.455
94.847 161.127 7.230
94.847 161.127 10.040
94.847 161.254 7.230
94.847 161.254 10.040
94.849 161.115 16.431
94.852 161.107 16.406
94.853 17.847 16.209
94.853 161.101 16.380
94.853 161.116 7.230
94.853 161.116 10.040
94.853 161.266 7.230
94.853 161.266 10.040
94.854 161.097 15.100
94.854 161.097 16.300
94.854 161.098 15.100
94.854 161.098 16.300
94.854 161.098 16.353
94.855 161.097 16.327
94.856 14.719 2.800
94.856 14.719 5.700
94.856 14.719 12.400
94.856 14.719 14.000
94.856 19.492 2.800
94.856 19.492 5.700
94.856 19.492 12.400
94.856 19.492 14.000
94.860 161.105 7.230
94.860 161.105 10.040
94.860 161.277 7.230
94.860 161.277 10.040
94.868 161.095 7.230
94.868 161.095 10.040
94.868 161.287 7.230
94.868 161.287 10.040
94.877 161.085 7.230
94.877 161.085 10.040
94.877 161.297 7.230
94.877 161.297 10.040
94.884 161.483 4.800
94.884 161.483 7.230
94.884 161.483 10.040
94.884 161.483 12.470
94.887 161.076 7.230
94.887 161.076 10.040
94.887 161.306 7.230
94.887 161.306 10.040
94.895 160.964 4.800
94.895 160.964 7.230
94.895 160.964 10.040
94.895 160.964 12.470
94.897 161.068 7.230
94.897 161.068 10.040
94.897 161.314 7.230
94.897 161.314 10.040
94.908 104.153 26.400
94.908 104.153 29.400
94.908 161.061 7.230
94.908 161.061 10.040
94.908 161.321 7.230
94.908 161.321 10.040
94.920 161.055 7.230
94.920 161.055 10.040
94.920 161.327 7.230
94.920 161.327 10.040
94.925 161.349 4.800
94.925 161.349 7.230
94.925 161.349 10.040
94.925 161.349 12.470
94.930 15.485 16.209
94.932 161.050 7.230
94.932 161.050 10.040
94.932 161.332 7.230
94.932 161.332 10.040
94.936 160.830 4.800
94.936 160.830 7.230
94.936 160.830 10.040
94.936 160.830 12.470
94.941 14.280 14.000
94.944 161.046 7.230
94.944 161.046 10.040
94.944 161.336 7.230
94.944 161.336 10.040
94.957 161.043 7.230
94.957 161.043 10.040
94.957 161.339 7.230
94.957 161.339 10.040
94.964 161.769 16.327
94.965 161.768 15.100
94.965 161.768 16.300
94.965 161.768 16.353
94.966 161.764 16.380
94.968 161.759 16.406
94.969 19.024 16.209
94.970 161.041 7.230
94.970 161.041 10.040
94.970 161.340 7.230
94.970 161.340 10.040
94.970 161.751 16.431
94.972 160.709 16.353
94.972 160.710 15.100
94.972 160.710 16.300
94.972 160.710 16.353
94.972 160.711 16.327
94.973 160.706 16.380
94.973 161.741 16.455
94.975 160.700 16.406
94.977 160.692 16.431
94.977 160.693 16.431
94.977 161.729 16.479
94.980 160.683 16.455
94.981 161.716 16.501
94.983 161.041 7.230
94.983 161.041 10.040
94.983 161.341 7.230
94.983 161.341 10.040
94.984 160.671 16.479
94.985 14.289 15.108
94.985 161.700 16.522
94.988 160.657 16.501
94.991 161.683 16.542
94.993 160.641 16.522
94.993 160.642 16.522
94.996 161.041 7.230
94.996 161.041 10.040
94.996 161.340 7.230
94.996 161.340 10.040
94.996 161.664 16.559
94.998 160.624 16.542
95.002 161.644 16.576
95.004 160.605 16.559
95.007 20.228 14.000
95.009 161.043 7.230
95.009 161.043 10.040
95.009 161.339 7.230
95.009 161.339 10.040
95.009 161.622 16.590
95.010 160.585 16.576
95.016 160.564 16.590
95.016 161.600 16.602
95.022 161.046 7.230
95.022 161.046 10.040
95.022 161.336 7.230
95.022 161.336 10.040
95.023 160.541 16.602
95.023 161.576 16.612
95.029 161.004 4.800
95.029 161.004 7.230
95.029 161.004 10.040
95.029 161.004 12.470
95.030 160.518 16.612
95.030 161.552 16.620
95.034 161.050 7.230
95.034 161.050 10.040
95.034 161.332 7.230
95.034 161.332 10.040
95.038 160.493 16.620
95.038 161.527 16.626
95.040 160.485 4.800
95.040 160.485 7.230
95.040 160.485 10.040
95.040 160.485 12.470
95.045 160.468 16.626
95.045 160.469 16.626
95.045 161.502 16.629
95.046 161.055 7.230
95.046 161.055 10.040
95.046 161.327 7.230
95.046 161.327 10.040
95.050 20.218 15.108
95.053 160.443 16.629
95.053 161.477 16.630
95.058 161.061 7.230
95.058 161.061 10.040
95.058 161.321 7.230
95.058 161.321 10.040
95.060 160.418 16.630
95.061 161.451 16.629
95.068 160.393 16.629
95.069 161.068 7.230
95.069 161.068 10.040
95.069 161.314 7.230
95.069 161.314 10.040
95.069 161.426 16.626
95.070 160.870 4.800
95.070 160.870 7.230
95.070 160.870 10.040
95.070 160.870 12.470
95.075 16.672 17.293
95.076 160.367 16.626
95.076 161.401 16.620
95.079 161.076 7.230
95.079 161.076 10.040
95.079 161.306 7.230
95.079 161.306 10.040
95.081 160.351 4.800
95.081 160.351 7.230
95.081 160.351 10.040
95.081 160.351 12.470
95.083 160.343 16.620
95.083 161.377 16.612
95.088 17.834 17.293
95.089 161.085 7.230
95.089 161.085 10.040
95.089 161.297 7.230
95.089 161.297 10.040
95.090 161.353 16.602
95.091 160.318 16.612
95.097 161.331 16.590
95.098 160.295 16.602
95.098 161.094 7.230
95.098 161.094 10.040
95.098 161.287 7.230
95.098 161.287 10.040
95.104 161.309 16.576
95.105 160.272 16.590
95.106 161.105 7.230
95.106 161.105 10.040
95.106 161.277 7.230
95.106 161.277 10.040
95.110 161.289 16.559
95.111 160.251 16.576
95.113 161.116 7.230
95.113 161.116 10.040
95.113 161.266 7.230
95.113 161.266 10.040
95.115 13.549 2.800
95.115 13.549 5.700
95.115 13.549 12.400
95.115 13.549 14.000
95.115 20.662 2.800
95.115 20.662 5.700
95.115 20.662 12.400
95.115 20.662 14.000
95.116 161.270 16.542
95.117 160.231 16.559
95.119 161.127 7.230
95.119 161.127 10.040
95.119 161.254 7.230
95.119 161.254 10.040
95.121 161.253 16.522
95.122 14.318 16.209
95.123 160.212 16.542
95.124 161.140 7.230
95.124 161.140 10.040
95.124 161.242 7.230
95.124 161.242 10.040
95.126 161.237 16.501
95.128 160.194 16.522
95.128 160.195 16.522
95.128 161.152 7.230
95.128 161.152 10.040
95.128 161.230 7.230
95.128 161.230 10.040
95.130 161.224 16.479
95.131 161.165 7.230
95.131 161.165 10.040
95.131 161.217 7.230
95.131 161.217 10.040
95.132 161.178 7.230
95.132 161.178 10.040
95.132 161.204 7.230
95.132 161.204 10.040
95.133 160.179 16.501
95.133 161.191 7.230
95.133 161.191 10.040
95.133 161.212 16.455
95.136 161.202 16.431
95.137 160.165 16.479
95.139 161.194 16.406
95.140 161.189 16.380
95.141 160.153 16.455
95.142 161.184 16.327
95.142 161.185 15.100
95.142 161.185 16.300
95.142 161.185 16.353
95.144 160.143 16.431
95.144 160.144 16.431
95.146 160.136 16.406
95.148 160.130 16.380
95.149 160.125 16.327
95.149 160.126 15.100
95.149 160.126 16.300
95.149 160.126 16.353
95.149 160.127 16.353
95.163 15.513 17.293
95.174 160.526 4.800
95.174 160.526 7.230
95.174 160.526 10.040
95.174 160.526 12.470
95.185 160.007 4.800
95.185 160.007 7.230
95.185 160.007 10.040
95.185 160.007 12.470
95.187 20.186 16.209
95.202 18.990 17.293
95.215 160.392 4.800
95.215 160.392 7.230
95.215 160.392 10.040
95.215 160.392 12.470
95.226 159.873 4.800
95.226 159.873 7.230
95.226 159.873 10.040
95.226 159.873 12.470
95.238 13.119 14.000
95.259 160.797 15.100
95.259 160.797 16.300
95.259 160.797 16.353
95.259 160.798 16.327
95.260 160.793 16.380
95.262 160.787 16.406
95.264 160.780 16.431
95.266 159.738 15.100
95.266 159.738 16.300
95.266 159.739 15.100
95.266 159.739 16.300
95.266 159.739 16.327
95.267 159.738 16.353
95.267 160.770 16.455
95.268 159.735 16.380
95.269 159.729 16.406
95.271 160.758 16.479
95.272 159.721 16.431
95.275 159.711 16.455
95.275 159.732 7.230
95.275 159.732 10.040
95.275 160.744 16.501
95.276 159.719 7.230
95.276 159.719 10.040
95.276 159.745 7.230
95.276 159.745 10.040
95.277 159.706 7.230
95.277 159.706 10.040
95.277 159.758 7.230
95.277 159.758 10.040
95.278 159.699 16.479
95.280 159.694 7.230
95.280 159.694 10.040
95.280 159.771 7.230
95.280 159.771 10.040
95.280 160.729 16.522
95.281 13.132 15.108
95.282 159.686 16.501
95.284 159.681 7.230
95.284 159.681 10.040
95.284 159.784 7.230
95.284 159.784 10.040
95.285 160.711 16.542
95.287 159.670 16.522
95.289 159.669 7.230
95.289 159.669 10.040
95.289 159.796 7.230
95.289 159.796 10.040
95.291 160.693 16.559
95.292 159.653 16.542
95.295 113.330 29.400
95.295 159.657 7.230
95.295 159.657 10.040
95.295 159.807 7.230
95.295 159.807 10.040
95.297 160.672 16.576
95.298 159.634 16.559
95.302 159.646 7.230
95.302 159.646 10.040
95.302 159.818 7.230
95.302 159.818 10.040
95.303 160.651 16.590
95.304 159.614 16.576
95.310 159.636 7.230
95.310 159.636 10.040
95.310 159.829 7.230
95.310 159.829 10.040
95.310 160.628 16.602
95.311 159.592 16.590
95.317 160.605 16.612
95.318 159.570 16.602
95.319 159.626 7.230
95.319 159.626 10.040
95.319 159.838 7.230
95.319 159.838 10.040
95.319 160.047 4.800
95.319 160.047 7.230
95.319 160.047 10.040
95.319 160.047 12.470
95.325 159.546 16.612
95.325 160.581 16.620
95.329 159.617 7.230
95.329 159.617 10.040
95.329 159.847 7.230
95.329 159.847 10.040
95.330 21.383 14.000
95.331 159.528 4.800
95.331 159.528 7.230
95.331 159.528 10.040
95.331 159.528 12.470
95.332 159.522 16.620
95.332 160.556 16.626
95.339 159.609 7.230
95.339 159.609 10.040
95.339 159.855 7.230
95.339 159.855 10.040
95.340 159.497 16.626
95.340 160.531 16.629
95.347 159.472 16.629
95.348 160.505 16.630
95.350 159.602 7.230
95.350 159.602 10.040
95.350 159.862 7.230
95.350 159.862 10.040
95.352 14.367 17.293
95.355 159.447 16.630
95.355 160.480 16.629
95.360 159.913 4.800
95.360 159.913 7.230
95.360 159.913 10.040
95.360 159.913 12.470
95.362 159.596 7.230
95.362 159.596 10.040
95.362 159.868 7.230
95.362 159.868 10.040
95.363 159.421 16.629
95.363 160.455 16.626
95.370 159.396 16.626
95.370 160.430 16.620
95.371 159.394 4.800
95.371 159.394 7.230
95.371 159.394 10.040
95.371 159.394 12.470
95.372 21.369 15.108
95.374 159.591 7.230
95.374 159.591 10.040
95.374 159.873 7.230
95.374 159.873 10.040
95.378 159.371 16.620
95.378 160.405 16.612
95.385 159.347 16.612
95.385 160.382 16.602
95.386 159.588 7.230
95.386 159.588 10.040
95.386 159.877 7.230
95.386 159.877 10.040
95.392 159.323 16.602
95.392 159.324 16.602
95.392 160.359 16.590
95.398 160.338 16.576
95.399 159.301 16.590
95.399 159.585 7.230
95.399 159.585 10.040
95.399 159.880 7.230
95.399 159.880 10.040
95.403 16.683 18.353
95.404 160.318 16.559
95.406 159.279 16.576
95.410 160.299 16.542
95.412 159.259 16.559
95.412 159.583 7.230
95.412 159.583 10.040
95.412 159.882 7.230
95.412 159.882 10.040
95.415 17.816 18.353
95.415 160.282 16.522
95.416 13.173 16.209
95.416 20.133 17.293
95.417 159.240 16.542
95.420 160.266 16.501
95.423 159.223 16.522
95.424 160.252 16.479
95.425 159.582 7.230
95.425 159.582 10.040
95.425 159.882 7.230
95.425 159.882 10.040
95.427 159.208 16.501
95.428 160.241 16.455
95.431 159.194 16.479
95.431 160.231 16.431
95.432 159.194 16.479
95.433 160.223 16.406
95.435 159.182 16.455
95.435 160.217 16.380
95.436 160.212 16.327
95.436 160.213 15.100
95.436 160.213 16.300
95.436 160.214 16.353
95.438 159.172 16.431
95.438 159.583 7.230
95.438 159.583 10.040
95.438 159.882 7.230
95.438 159.882 10.040
95.440 159.164 16.406
95.442 159.159 16.380
95.443 159.155 15.100
95.443 159.155 16.300
95.443 159.155 16.353
95.444 159.154 16.327
95.451 159.585 7.230
95.451 159.585 10.040
95.451 159.880 7.230
95.451 159.880 10.040
95.464 159.587 7.230
95.464 159.587 10.040
95.464 159.877 7.230
95.464 159.877 10.040
95.465 159.569 4.800
95.465 159.569 7.230
95.465 159.569 10.040
95.465 159.569 12.470
95.476 12.406 2.800
95.476 12.406 5.700
95.476 12.406 12.400
95.476 12.406 14.000
95.476 21.805 2.800
95.476 21.805 5.700
95.476 21.805 12.400
95.476 21.805 14.000
95.476 159.050 4.800
95.476 159.050 7.230
95.476 159.050 10.040
95.476 159.050 12.470
95.476 159.591 7.230
95.476 159.591 10.040
95.476 159.873 7.230
95.476 159.873 10.040
95.488 159.868 7.230
95.488 159.868 10.040
95.489 15.552 18.353
95.489 159.596 7.230
95.489 159.596 10.040
95.500 159.602 7.230
95.500 159.602 10.040
95.500 159.862 7.230
95.500 159.862 10.040
95.505 21.325 16.209
95.505 159.435 4.800
95.505 159.435 7.230
95.505 159.435 10.040
95.505 159.435 12.470
95.511 159.609 7.230
95.511 159.609 10.040
95.511 159.855 7.230
95.511 159.855 10.040
95.516 158.916 4.800
95.516 158.916 7.230
95.516 158.916 10.040
95.516 158.916 12.470
95.522 159.617 7.230
95.522 159.617 10.040
95.522 159.847 7.230
95.522 159.847 10.040
95.527 18.944 18.353
95.531 159.626 7.230
95.531 159.626 10.040
95.531 159.838 7.230
95.531 159.838 10.040
95.540 159.636 7.230
95.540 159.636 10.040
95.540 159.829 7.230
95.540 159.829 10.040
95.548 159.646 7.230
95.548 159.646 10.040
95.548 159.818 7.230
95.548 159.818 10.040
95.553 159.827 16.327
95.554 159.825 16.353
95.554 159.826 15.100
95.554 159.826 16.300
95.555 159.657 7.230
95.555 159.657 10.040
95.555 159.807 7.230
95.555 159.807 10.040
95.555 159.822 16.380
95.557 159.816 16.406
95.559 159.808 16.431
95.561 159.669 7.230
95.561 159.669 10.040
95.561 159.796 7.230
95.561 159.796 10.040
95.562 159.798 16.455
95.565 159.787 16.479
95.566 159.681 7.230
95.566 159.681 10.040
95.566 159.784 7.230
95.566 159.784 10.040
95.570 159.693 7.230
95.570 159.693 10.040
95.570 159.771 7.230
95.570 159.771 10.040
95.570 159.773 16.501
95.573 159.706 7.230
95.573 159.706 10.040
95.573 159.758 7.230
95.573 159.758 10.040
95.574 159.757 16.522
95.575 159.719 7.230
95.575 159.719 10.040
95.575 159.732 7.230
95.575 159.732 10.040
95.575 159.745 7.230
95.575 159.745 10.040
95.580 159.740 16.542
95.585 159.721 16.559
95.591 159.701 16.576
95.598 159.679 16.590
95.605 158.620 4.800
95.605 158.620 7.230
95.605 158.620 10.040
95.605 158.620 12.470
95.605 159.657 16.602
95.606 158.620 4.800
95.606 158.620 5.370
95.606 158.620 5.445
95.606 158.620 5.978
95.606 158.620 6.053
95.606 158.620 6.585
95.606 158.620 6.660
95.606 158.620 7.230
95.606 158.620 10.040
95.606 158.620 10.610
95.606 158.620 10.685
95.606 158.620 11.218
95.606 158.620 11.293
95.606 158.620 11.825
95.606 158.620 11.900
95.606 158.620 12.470
95.610 159.090 4.800
95.610 159.090 7.230
95.610 159.090 10.040
95.610 159.090 12.470
95.612 159.633 16.612
95.619 159.609 16.620
95.627 159.584 16.626
95.634 159.559 16.629
95.636 11.988 14.000
95.641 13.241 17.293
95.642 159.534 16.630
95.650 158.956 4.800
95.650 158.956 7.230
95.650 158.956 10.040
95.650 158.956 12.470
95.650 159.508 16.629
95.657 159.483 16.626
95.665 159.458 16.620
95.672 159.434 16.612
95.674 14.434 18.353
95.677 12.005 15.108
95.679 159.411 16.602
95.686 159.388 16.590
95.693 159.367 16.576
95.699 159.346 16.559
95.702 158.649 5.370
95.702 158.649 5.445
95.702 158.649 5.978
95.702 158.649 6.053
95.702 158.649 6.585
95.702 158.649 6.660
95.702 158.649 10.610
95.702 158.649 10.685
95.702 158.649 11.218
95.702 158.649 11.293
95.702 158.649 11.825
95.702 158.649 11.900
95.705 159.328 16.542
95.710 159.310 16.522
95.715 159.295 16.501
95.719 159.281 16.479
95.722 159.269 16.455
95.725 159.259 16.431
95.728 159.251 16.406
95.729 21.252 17.293
95.729 159.246 16.380
95.730 159.242 16.353
95.731 159.241 16.327
95.731 159.242 15.100
95.731 159.242 16.300
95.736 20.058 18.353
95.752 22.505 14.000
95.793 22.487 15.108
95.808 12.057 16.209
95.821 16.696 19.380
95.834 17.793 19.380
95.893 158.707 4.800
95.893 158.707 7.230
95.893 158.707 10.040
95.893 158.707 12.470
95.905 15.602 19.380
95.922 22.432 16.209
95.934 22.913 2.800
95.934 22.913 5.700
95.934 22.913 12.400
95.934 22.913 14.000
95.935 11.298 2.800
95.935 11.298 5.700
95.935 11.298 12.400
95.935 11.298 14.000
95.941 18.885 19.380
95.955 13.336 18.353
96.026 12.144 17.293
96.041 21.149 18.353
96.084 14.520 19.380
96.130 10.896 14.000
96.139 22.339 17.293
96.144 19.963 19.380
96.160 35.375 5.700
96.160 35.375 12.400
96.160 35.375 14.000
96.170 10.916 15.108
96.271 23.585 14.000
96.296 10.979 16.209
96.310 23.564 15.108
96.327 16.713 20.367
96.330 105.320 29.400
96.331 12.267 18.353
96.339 17.765 20.367
96.356 13.457 19.380
96.408 15.663 20.367
96.434 23.498 16.209
96.439 21.019 19.380
96.440 22.210 18.353
96.442 18.813 20.367
96.488 10.235 2.800
96.488 10.235 5.700
96.488 10.235 12.400
96.488 10.235 14.000
96.488 23.976 2.800
96.488 23.976 5.700
96.488 23.976 12.400
96.488 23.976 14.000
96.505 11.086 17.293
96.578 155.412 4.800
96.578 155.412 7.230
96.578 155.412 10.040
96.578 155.412 12.470
96.579 14.624 20.367
96.579 155.412 4.800
96.579 155.412 5.370
96.579 155.412 5.445
96.579 155.412 5.978
96.579 155.412 6.053
96.579 155.412 6.585
96.579 155.412 6.660
96.579 155.412 7.230
96.579 155.412 10.040
96.579 155.412 10.610
96.579 155.412 10.685
96.579 155.412 11.218
96.579 155.412 11.293
96.579 155.412 11.825
96.579 155.412 11.900
96.579 155.412 12.470
96.637 19.848 20.367
96.641 23.387 17.293
96.668 155.116 4.800
96.668 155.116 7.230
96.668 155.116 10.040
96.668 155.116 12.470
96.674 155.441 5.370
96.674 155.441 5.445
96.674 155.441 5.978
96.674 155.441 6.053
96.674 155.441 6.585
96.674 155.441 6.660
96.674 155.441 10.610
96.674 155.441 10.685
96.674 155.441 11.218
96.674 155.441 11.293
96.674 155.441 11.825
96.674 155.441 11.900
96.709 154.982 4.800
96.709 154.982 7.230
96.709 154.982 10.040
96.709 154.982 12.470
96.718 9.851 14.000
96.719 12.423 19.380
96.740 154.877 15.100
96.740 154.877 16.300
96.740 154.878 16.327
96.741 154.877 16.353
96.742 154.873 16.380
96.743 154.867 16.406
96.746 154.860 16.431
96.749 154.850 16.455
96.752 154.838 16.479
96.756 9.875 15.108
96.756 154.824 16.501
96.761 154.809 16.522
96.766 154.791 16.542
96.772 154.772 16.559
96.772 154.773 16.559
96.778 154.752 16.576
96.785 154.731 16.590
96.792 154.708 16.602
96.798 11.234 18.353
96.799 154.685 16.612
96.802 155.157 4.800
96.802 155.157 7.230
96.802 155.157 10.040
96.802 155.157 12.470
96.806 154.660 16.620
96.806 154.661 16.620
96.813 154.638 4.800
96.813 154.638 7.230
96.813 154.638 10.040
96.813 154.638 12.470
96.814 154.636 16.626
96.821 154.610 16.629
96.821 154.611 16.629
96.826 22.045 19.380
96.829 154.585 16.630
96.837 154.560 16.629
96.840 13.604 20.367
96.843 155.023 4.800
96.843 155.023 7.230
96.843 155.023 10.040
96.843 155.023 12.470
96.844 154.534 16.626
96.844 154.535 16.626
96.852 154.510 16.620
96.854 154.504 4.800
96.854 154.504 7.230
96.854 154.504 10.040
96.854 154.504 12.470
96.859 154.485 16.612
96.859 154.486 16.612
96.865 155.499 4.800
96.865 155.499 7.230
96.865 155.499 10.040
96.865 155.499 12.470
96.866 154.462 16.602
96.873 154.439 16.590
96.875 9.949 16.209
96.880 154.418 16.576
96.881 24.617 14.000
96.886 154.398 16.559
96.891 154.379 16.542
96.896 154.387 7.230
96.896 154.387 10.040
96.897 154.362 16.522
96.897 154.374 7.230
96.897 154.374 10.040
96.897 154.400 7.230
96.897 154.400 10.040
96.898 154.361 7.230
96.898 154.361 10.040
96.898 154.413 7.230
96.898 154.413 10.040
96.901 154.346 16.501
96.901 154.348 7.230
96.901 154.348 10.040
96.901 154.425 7.230
96.901 154.425 10.040
96.905 154.335 7.230
96.905 154.335 10.040
96.905 154.438 7.230
96.905 154.438 10.040
96.906 154.332 16.479
96.909 154.320 16.455
96.909 154.321 16.455
96.910 154.323 7.230
96.910 154.323 10.040
96.910 154.450 7.230
96.910 154.450 10.040
96.912 154.311 16.431
96.914 154.303 16.406
96.916 154.297 16.380
96.916 154.312 7.230
96.916 154.312 10.040
96.916 154.462 7.230
96.916 154.462 10.040
96.917 16.732 21.307
96.917 154.293 15.100
96.917 154.293 16.300
96.917 154.294 16.353
96.918 154.292 16.327
96.919 24.592 15.108
96.920 20.861 20.367
96.923 154.301 7.230
96.923 154.301 10.040
96.923 154.473 7.230
96.923 154.473 10.040
96.928 17.733 21.307
96.931 23.232 18.353
96.931 154.290 7.230
96.931 154.290 10.040
96.931 154.483 7.230
96.931 154.483 10.040
96.940 154.281 7.230
96.940 154.281 10.040
96.940 154.493 7.230
96.940 154.493 10.040
96.947 154.679 4.800
96.947 154.679 7.230
96.947 154.679 10.040
96.947 154.679 12.470
96.950 154.272 7.230
96.950 154.272 10.040
96.950 154.502 7.230
96.950 154.502 10.040
96.958 154.159 4.800
96.958 154.159 7.230
96.958 154.159 10.040
96.958 154.159 12.470
96.960 154.264 7.230
96.960 154.264 10.040
96.960 154.509 7.230
96.960 154.509 10.040
96.971 154.257 7.230
96.971 154.257 10.040
96.971 154.517 7.230
96.971 154.517 10.040
96.983 154.251 7.230
96.983 154.251 10.040
96.983 154.523 7.230
96.983 154.523 10.040
96.988 154.545 4.800
96.988 154.545 7.230
96.988 154.545 10.040
96.988 154.545 12.470
96.993 15.733 21.307
96.995 154.246 7.230
96.995 154.246 10.040
96.995 154.528 7.230
96.995 154.528 10.040
96.999 154.025 4.800
96.999 154.025 7.230
96.999 154.025 10.040
96.999 154.025 12.470
97.007 154.242 7.230
97.007 154.242 10.040
97.007 154.531 7.230
97.007 154.531 10.040
97.020 154.239 7.230
97.020 154.239 10.040
97.020 154.534 7.230
97.020 154.534 10.040
97.026 18.729 21.307
97.027 154.965 16.327
97.028 154.964 15.100
97.028 154.964 16.300
97.028 154.964 16.353
97.029 154.960 16.380
97.030 154.955 16.406
97.033 154.237 7.230
97.033 154.237 10.040
97.033 154.536 7.230
97.033 154.536 10.040
97.033 154.947 16.431
97.035 153.905 16.353
97.035 153.906 15.100
97.035 153.906 16.300
97.035 153.906 16.327
97.035 153.907 16.327
97.036 24.515 16.209
97.036 153.902 16.380
97.036 154.937 16.455
97.038 153.896 16.406
97.039 154.925 16.479
97.040 153.888 16.431
97.043 153.878 16.455
97.044 154.911 16.501
97.046 154.237 7.230
97.046 154.237 10.040
97.046 154.537 7.230
97.046 154.537 10.040
97.047 153.866 16.479
97.047 153.867 16.479
97.048 154.896 16.522
97.051 153.853 16.501
97.054 154.878 16.542
97.056 153.837 16.522
97.059 154.237 7.230
97.059 154.237 10.040
97.059 154.536 7.230
97.059 154.536 10.040
97.059 154.860 16.559
97.061 153.820 16.542
97.065 154.839 16.576
97.067 153.801 16.559
97.072 154.239 7.230
97.072 154.239 10.040
97.072 154.534 7.230
97.072 154.534 10.040
97.072 154.818 16.590
97.073 153.781 16.576
97.075 10.073 17.293
97.079 153.759 16.590
97.079 153.760 16.590
97.079 154.795 16.602
97.085 154.242 7.230
97.085 154.242 10.040
97.085 154.532 7.230
97.085 154.532 10.040
97.086 153.737 16.602
97.086 154.772 16.612
97.092 154.200 4.800
97.092 154.200 7.230
97.092 154.200 10.040
97.092 154.200 12.470
97.093 153.713 16.612
97.093 154.748 16.620
97.097 154.246 7.230
97.097 154.246 10.040
97.097 154.528 7.230
97.097 154.528 10.040
97.100 153.689 16.620
97.101 154.723 16.626
97.103 153.681 4.800
97.103 153.681 7.230
97.103 153.681 10.040
97.103 153.681 12.470
97.108 153.664 16.626
97.108 154.698 16.629
97.109 154.251 7.230
97.109 154.251 10.040
97.109 154.523 7.230
97.109 154.523 10.040
97.116 153.639 16.629
97.116 154.672 16.630
97.121 154.257 7.230
97.121 154.257 10.040
97.121 154.516 7.230
97.121 154.516 10.040
97.123 153.614 16.630
97.124 154.647 16.629
97.131 153.588 16.629
97.131 154.622 16.626
97.132 9.224 2.800
97.132 9.224 5.700
97.132 9.224 12.400
97.132 9.224 14.000
97.132 24.987 2.800
97.132 24.987 5.700
97.132 24.987 12.400
97.132 24.987 14.000
97.132 154.264 7.230
97.132 154.264 10.040
97.132 154.509 7.230
97.132 154.509 10.040
97.133 154.066 4.800
97.133 154.066 7.230
97.133 154.066 10.040
97.133 154.066 12.470
97.139 153.563 16.626
97.139 154.597 16.620
97.142 154.272 7.230
97.142 154.272 10.040
97.142 154.501 7.230
97.142 154.501 10.040
97.144 153.547 4.800
97.144 153.547 7.230
97.144 153.547 10.040
97.144 153.547 12.470
97.146 153.538 16.620
97.146 154.573 16.612
97.152 154.281 7.230
97.152 154.281 10.040
97.152 154.493 7.230
97.152 154.493 10.040
97.153 154.549 16.602
97.154 153.514 16.612
97.156 14.745 21.307
97.160 154.526 16.590
97.161 153.491 16.602
97.161 154.290 7.230
97.161 154.290 10.040
97.161 154.483 7.230
97.161 154.483 10.040
97.167 153.468 16.590
97.167 154.505 16.576
97.168 153.468 16.590
97.169 154.301 7.230
97.169 154.301 10.040
97.169 154.473 7.230
97.169 154.473 10.040
97.172 11.423 19.380
97.173 154.485 16.559
97.174 153.446 16.576
97.174 153.447 16.576
97.176 154.312 7.230
97.176 154.312 10.040
97.176 154.462 7.230
97.176 154.462 10.040
97.179 154.466 16.542
97.180 153.426 16.559
97.182 154.323 7.230
97.182 154.323 10.040
97.182 154.450 7.230
97.182 154.450 10.040
97.184 154.449 16.522
97.186 153.407 16.542
97.186 153.408 16.542
97.187 154.335 7.230
97.187 154.335 10.040
97.187 154.438 7.230
97.187 154.438 10.040
97.188 154.433 16.501
97.189 12.611 20.367
97.191 153.390 16.522
97.191 154.348 7.230
97.191 154.348 10.040
97.191 154.425 7.230
97.191 154.425 10.040
97.193 154.419 16.479
97.194 154.361 7.230
97.194 154.361 10.040
97.194 154.413 7.230
97.194 154.413 10.040
97.195 154.373 7.230
97.195 154.373 10.040
97.195 154.400 7.230
97.195 154.400 10.040
97.196 153.375 16.501
97.196 154.387 7.230
97.196 154.387 10.040
97.196 154.408 16.455
97.199 154.398 16.431
97.200 153.361 16.479
97.202 154.390 16.406
97.203 154.384 16.380
97.204 153.349 16.455
97.204 154.381 16.353
97.205 154.379 16.327
97.205 154.380 15.100
97.205 154.380 16.300
97.207 153.339 16.431
97.209 153.331 16.406
97.211 19.713 21.307
97.211 153.326 16.380
97.212 153.321 16.327
97.212 153.322 15.100
97.212 153.322 16.300
97.212 153.322 16.353
97.233 24.387 17.293
97.237 153.721 4.800
97.237 153.721 7.230
97.237 153.721 10.040
97.237 153.721 12.470
97.248 153.202 4.800
97.248 153.202 7.230
97.248 153.202 10.040
97.248 153.202 12.470
97.278 153.588 4.800
97.278 153.588 7.230
97.278 153.588 10.040
97.278 153.588 12.470
97.289 153.068 4.800
97.289 153.068 7.230
97.289 153.068 10.040
97.289 153.068 12.470
97.291 21.846 20.367
97.300 23.034 19.380
97.322 153.992 16.353
97.322 153.993 15.100
97.322 153.993 16.300
97.322 153.994 16.327
97.323 153.989 16.380
97.325 153.983 16.406
97.327 153.975 16.431
97.329 152.934 15.100
97.329 152.934 16.300
97.329 152.934 16.353
97.329 152.935 16.327
97.330 153.966 16.455
97.331 152.930 16.380
97.332 152.925 16.406
97.334 153.954 16.479
97.335 152.917 16.431
97.338 152.907 16.455
97.338 152.928 7.230
97.338 152.928 10.040
97.338 153.940 16.501
97.339 152.915 7.230
97.339 152.915 10.040
97.339 152.941 7.230
97.339 152.941 10.040
97.340 152.902 7.230
97.340 152.902 10.040
97.340 152.954 7.230
97.340 152.954 10.040
97.341 152.895 16.479
97.343 152.889 7.230
97.343 152.889 10.040
97.343 152.967 7.230
97.343 152.967 10.040
97.343 153.924 16.522
97.345 152.881 16.501
97.347 152.877 7.230
97.347 152.877 10.040
97.347 152.979 7.230
97.347 152.979 10.040
97.348 153.907 16.542
97.350 152.866 16.522
97.352 152.865 7.230
97.352 152.865 10.040
97.352 152.991 7.230
97.352 152.991 10.040
97.354 10.246 18.353
97.354 153.888 16.559
97.355 152.848 16.542
97.355 152.849 16.542
97.358 152.853 7.230
97.358 152.853 10.040
97.358 153.003 7.230
97.358 153.003 10.040
97.360 153.868 16.576
97.361 152.830 16.559
97.365 152.842 7.230
97.365 152.842 10.040
97.365 153.014 7.230
97.365 153.014 10.040
97.366 153.847 16.590
97.367 152.809 16.576
97.367 152.810 16.576
97.373 152.832 7.230
97.373 152.832 10.040
97.373 153.025 7.230
97.373 153.025 10.040
97.373 153.824 16.602
97.374 152.788 16.590
97.380 152.765 16.602
97.380 152.766 16.602
97.380 153.800 16.612
97.382 152.822 7.230
97.382 152.822 10.040
97.382 153.034 7.230
97.382 153.034 10.040
97.382 153.243 4.800
97.382 153.243 7.230
97.382 153.243 10.040
97.382 153.243 12.470
97.388 152.742 16.612
97.388 153.776 16.620
97.392 152.813 7.230
97.392 152.813 10.040
97.392 153.043 7.230
97.392 153.043 10.040
97.394 152.724 4.800
97.394 152.724 7.230
97.394 152.724 10.040
97.394 152.724 12.470
97.395 8.862 14.000
97.395 152.718 16.620
97.395 153.751 16.626
97.402 152.693 16.626
97.402 152.805 7.230
97.402 152.805 10.040
97.402 153.051 7.230
97.402 153.051 10.040
97.403 153.726 16.629
97.405 13.775 21.307
97.410 152.668 16.629
97.411 153.701 16.630
97.413 152.798 7.230
97.413 152.798 10.040
97.413 153.058 7.230
97.413 153.058 10.040
97.418 152.642 16.630
97.418 153.675 16.629
97.423 153.109 4.800
97.423 153.109 7.230
97.423 153.109 10.040
97.423 153.109 12.470
97.425 152.617 16.629
97.425 152.792 7.230
97.425 152.792 10.040
97.425 153.064 7.230
97.425 153.064 10.040
97.426 152.617 16.629
97.426 153.650 16.626
97.431 8.888 15.108
97.433 152.592 16.626
97.433 153.625 16.620
97.434 152.590 4.800
97.434 152.590 7.230
97.434 152.590 10.040
97.434 152.590 12.470
97.437 152.787 7.230
97.437 152.787 10.040
97.437 153.069 7.230
97.437 153.069 10.040
97.441 152.567 16.620
97.441 153.601 16.612
97.448 152.543 16.612
97.448 153.578 16.602
97.449 152.783 7.230
97.449 152.783 10.040
97.449 153.073 7.230
97.449 153.073 10.040
97.454 119.702 22.900
97.455 152.519 16.602
97.455 153.555 16.590
97.461 153.534 16.576
97.462 152.497 16.590
97.462 152.780 7.230
97.462 152.780 10.040
97.462 153.076 7.230
97.462 153.076 10.040
97.467 153.513 16.559
97.468 152.475 16.576
97.469 152.475 16.576
97.473 153.495 16.542
97.475 152.455 16.559
97.475 152.779 7.230
97.475 152.779 10.040
97.475 153.077 7.230
97.475 153.077 10.040
97.478 153.477 16.522
97.480 152.436 16.542
97.481 20.678 21.307
97.483 153.462 16.501
97.486 152.419 16.522
97.487 153.448 16.479
97.488 152.778 7.230
97.488 152.778 10.040
97.488 153.078 7.230
97.488 153.078 10.040
97.490 152.403 16.501
97.491 153.436 16.455
97.494 152.389 16.479
97.494 152.390 16.479
97.494 153.426 16.431
97.496 153.419 16.406
97.498 152.378 16.455
97.498 153.413 16.380
97.499 153.408 16.327
97.499 153.409 15.100
97.499 153.409 16.300
97.499 153.409 16.353
97.501 152.368 16.431
97.501 152.779 7.230
97.501 152.779 10.040
97.501 153.078 7.230
97.501 153.078 10.040
97.503 152.360 16.406
97.505 152.354 16.380
97.506 152.350 15.100
97.506 152.350 16.300
97.506 152.350 16.327
97.506 152.351 15.100
97.506 152.351 16.300
97.506 152.351 16.353
97.507 152.349 16.327
97.508 24.207 18.353
97.514 152.780 7.230
97.514 152.780 10.040
97.514 153.076 7.230
97.514 153.076 10.040
97.527 152.764 4.800
97.527 152.764 7.230
97.527 152.764 10.040
97.527 152.764 12.470
97.527 152.783 7.230
97.527 152.783 10.040
97.527 153.073 7.230
97.527 153.073 10.040
97.538 152.245 4.800
97.538 152.245 7.230
97.538 152.245 10.040
97.538 152.245 12.470
97.539 152.787 7.230
97.539 152.787 10.040
97.539 153.069 7.230
97.539 153.069 10.040
97.543 8.973 16.209
97.551 152.792 7.230
97.551 152.792 10.040
97.551 153.064 7.230
97.551 153.064 10.040
97.563 152.798 7.230
97.563 152.798 10.040
97.563 153.058 7.230
97.563 153.058 10.040
97.568 152.630 4.800
97.568 152.630 7.230
97.568 152.630 10.040
97.568 152.630 12.470
97.574 152.805 7.230
97.574 152.805 10.040
97.574 153.051 7.230
97.574 153.051 10.040
97.579 152.111 4.800
97.579 152.111 7.230
97.579 152.111 10.040
97.579 152.111 12.470
97.580 25.591 14.000
97.584 152.813 7.230
97.584 152.813 10.040
97.584 153.043 7.230
97.584 153.043 10.040
97.586 16.753 22.192
97.594 152.822 7.230
97.594 152.822 10.040
97.594 153.034 7.230
97.594 153.034 10.040
97.596 17.696 22.192
97.603 152.832 7.230
97.603 152.832 10.040
97.603 153.025 7.230
97.603 153.025 10.040
97.611 152.842 7.230
97.611 152.842 10.040
97.611 153.014 7.230
97.611 153.014 10.040
97.615 25.563 15.108
97.616 153.021 15.100
97.616 153.021 16.300
97.616 153.022 16.327
97.617 153.021 16.353
97.618 152.853 7.230
97.618 152.853 10.040
97.618 153.003 7.230
97.618 153.003 10.040
97.618 153.017 16.380
97.619 153.012 16.406
97.622 153.004 16.431
97.624 11.652 20.367
97.624 152.865 7.230
97.624 152.865 10.040
97.624 152.991 7.230
97.624 152.991 10.040
97.625 152.994 16.455
97.628 152.982 16.479
97.629 152.877 7.230
97.629 152.877 10.040
97.629 152.979 7.230
97.629 152.979 10.040
97.633 152.889 7.230
97.633 152.889 10.040
97.633 152.967 7.230
97.633 152.967 10.040
97.633 152.968 16.501
97.636 152.902 7.230
97.636 152.902 10.040
97.636 152.954 7.230
97.636 152.954 10.040
97.637 152.915 7.230
97.637 152.915 10.040
97.637 152.941 7.230
97.637 152.941 10.040
97.637 152.953 16.522
97.638 152.928 7.230
97.638 152.928 10.040
97.642 152.936 16.542
97.648 152.917 16.559
97.654 152.897 16.576
97.658 15.813 22.192
97.661 152.875 16.590
97.668 151.815 4.800
97.668 151.815 7.230
97.668 151.815 10.040
97.668 151.815 12.470
97.668 152.853 16.602
97.669 151.815 4.800
97.669 151.815 5.370
97.669 151.815 5.445
97.669 151.815 5.978
97.669 151.815 6.053
97.669 151.815 6.585
97.669 151.815 6.660
97.669 151.815 7.230
97.669 151.815 10.040
97.669 151.815 10.610
97.669 151.815 10.685
97.669 151.815 11.218
97.669 151.815 11.293
97.669 151.815 11.825
97.669 151.815 11.900
97.669 151.815 12.470
97.672 152.286 4.800
97.672 152.286 7.230
97.672 152.286 10.040
97.672 152.286 12.470
97.675 152.829 16.612
97.682 152.805 16.620
97.689 18.635 22.192
97.690 152.780 16.626
97.697 152.755 16.629
97.705 152.729 16.630
97.710 10.467 19.380
97.713 152.152 4.800
97.713 152.152 7.230
97.713 152.152 10.040
97.713 152.152 12.470
97.713 152.704 16.629
97.720 152.679 16.626
97.725 25.477 16.209
97.728 152.654 16.620
97.731 9.114 17.293
97.735 152.630 16.612
97.737 12.831 21.307
97.742 152.606 16.602
97.746 22.796 20.367
97.749 152.584 16.590
97.756 152.562 16.576
97.762 152.542 16.559
97.765 151.844 5.370
97.765 151.844 5.445
97.765 151.844 5.978
97.765 151.844 6.053
97.765 151.844 6.585
97.765 151.844 6.660
97.765 151.844 10.610
97.765 151.844 10.685
97.765 151.844 11.218
97.765 151.844 11.293
97.765 151.844 11.825
97.765 151.844 11.900
97.768 152.523 16.542
97.773 152.506 16.522
97.777 152.490 16.501
97.782 152.477 16.479
97.785 152.465 16.455
97.788 152.455 16.431
97.791 152.447 16.406
97.792 152.441 16.380
97.793 152.438 15.100
97.793 152.438 16.300
97.793 152.438 16.353
97.794 152.437 16.327
97.811 14.883 22.192
97.813 102.598 26.400
97.813 102.598 29.400
97.834 21.615 21.307
97.859 23.978 19.380
97.861 25.938 2.800
97.861 25.938 5.700
97.861 25.938 12.400
97.861 25.938 14.000
97.862 8.273 2.800
97.862 8.273 5.700
97.862 8.273 12.400
97.862 8.273 14.000
97.863 19.561 22.192
97.910 25.331 17.293
97.956 151.903 4.800
97.956 151.903 7.230
97.956 151.903 10.040
97.956 151.903 12.470
97.992 104.435 29.385
97.994 9.311 18.353
97.994 104.429 29.400
98.045 13.969 22.192
98.095 28.996 5.700
98.095 28.996 12.400
98.117 20.469 22.192
98.140 10.735 20.367
98.150 11.919 21.307
98.155 7.935 14.000
98.168 25.128 18.353
98.188 7.964 15.108
98.267 22.517 21.307
98.283 23.701 20.367
98.293 8.058 16.209
98.328 16.778 23.015
98.329 9.562 19.380
98.338 17.656 23.015
98.358 13.080 22.192
98.360 26.501 14.000
98.393 26.470 15.108
98.395 15.902 23.015
98.424 18.529 23.015
98.449 21.352 22.192
98.468 8.215 17.293
98.495 26.374 16.209
98.498 24.870 19.380
98.538 15.036 23.015
98.586 19.392 23.015
98.590 47.434 23.400
98.590 47.434 27.900
98.641 11.046 21.307
98.641 148.608 4.800
98.641 148.608 7.230
98.641 148.608 10.040
98.641 148.608 12.470
98.642 148.608 4.800
98.642 148.608 5.370
98.642 148.608 5.445
98.642 148.608 5.978
98.642 148.608 6.053
98.642 148.608 6.585
98.642 148.608 6.660
98.642 148.608 7.230
98.642 148.608 10.040
98.642 148.608 10.610
98.642 148.608 10.685
98.642 148.608 11.218
98.642 148.608 11.293
98.642 148.608 11.825
98.642 148.608 11.900
98.642 148.608 12.470
98.667 26.213 17.293
98.671 26.822 2.800
98.671 26.822 5.700
98.671 26.822 12.400
98.671 26.822 14.000
98.672 7.389 2.800
98.672 7.389 5.700
98.672 7.389 12.400
98.672 7.389 14.000
98.713 8.434 18.353
98.731 148.312 4.800
98.731 148.312 7.230
98.731 148.312 10.040
98.731 148.312 12.470
98.734 9.866 20.367
98.735 26.885 12.400
98.735 26.885 14.000
98.737 148.637 5.370
98.737 148.637 5.445
98.737 148.637 5.978
98.737 148.637 6.053
98.737 148.637 6.585
98.737 148.637 6.660
98.737 148.637 10.610
98.737 148.637 10.685
98.737 148.637 11.218
98.737 148.637 11.293
98.737 148.637 11.825
98.737 148.637 11.900
98.747 12.221 22.192
98.756 14.185 23.015
98.772 148.178 4.800
98.772 148.178 7.230
98.772 148.178 10.040
98.772 148.178 12.470
98.777 23.379 21.307
98.803 148.072 16.353
98.803 148.073 15.100
98.803 148.073 16.300
98.803 148.074 16.327
98.804 148.069 16.380
98.805 148.069 16.380
98.806 148.063 16.406
98.809 148.055 16.431
98.812 148.045 16.455
98.812 148.046 16.455
98.815 148.034 16.479
98.819 148.020 16.501
98.823 20.238 23.015
98.824 148.004 16.522
98.829 147.987 16.542
98.835 147.968 16.559
98.841 147.948 16.576
98.848 147.927 16.590
98.854 147.904 16.602
98.857 22.202 22.192
98.862 147.880 16.612
98.862 147.881 16.612
98.865 148.353 4.800
98.865 148.353 7.230
98.865 148.353 10.040
98.865 148.353 12.470
98.869 147.856 16.620
98.876 147.831 16.626
98.876 147.834 4.800
98.876 147.834 7.230
98.876 147.834 10.040
98.876 147.834 12.470
98.877 147.831 16.626
98.884 147.806 16.629
98.892 147.781 16.630
98.896 24.557 20.367
98.899 147.755 16.629
98.906 25.988 18.353
98.906 148.219 4.800
98.906 148.219 7.230
98.906 148.219 10.040
98.906 148.219 12.470
98.907 147.730 16.626
98.915 147.705 16.620
98.917 147.700 4.800
98.917 147.700 7.230
98.917 147.700 10.040
98.917 147.700 12.470
98.922 147.681 16.612
98.928 148.695 4.800
98.928 148.695 7.230
98.928 148.695 10.040
98.928 148.695 12.470
98.929 147.658 16.602
98.936 147.635 16.590
98.942 147.614 16.576
98.949 147.593 16.559
98.954 147.575 16.542
98.959 147.569 7.230
98.959 147.569 10.040
98.959 147.582 7.230
98.959 147.582 10.040
98.959 147.595 7.230
98.959 147.595 10.040
98.960 147.557 16.522
98.961 147.556 7.230
98.961 147.556 10.040
98.961 147.608 7.230
98.961 147.608 10.040
98.964 147.542 16.501
98.964 147.543 7.230
98.964 147.543 10.040
98.964 147.621 7.230
98.964 147.621 10.040
98.968 147.528 16.479
98.968 147.531 7.230
98.968 147.531 10.040
98.968 147.634 7.230
98.968 147.634 10.040
98.972 147.516 16.455
98.973 147.519 7.230
98.973 147.519 10.040
98.973 147.646 7.230
98.973 147.646 10.040
98.975 147.506 16.431
98.977 147.498 16.406
98.977 147.499 16.406
98.979 147.493 16.380
98.979 147.507 7.230
98.979 147.507 10.040
98.979 147.657 7.230
98.979 147.657 10.040
98.980 147.489 15.100
98.980 147.489 16.300
98.980 147.489 16.353
98.981 147.488 16.327
98.986 147.496 7.230
98.986 147.496 10.040
98.986 147.668 7.230
98.986 147.668 10.040
98.993 7.078 14.000
98.994 147.486 7.230
98.994 147.486 10.040
98.994 147.679 7.230
98.994 147.679 10.040
99.003 147.476 7.230
99.003 147.476 10.040
99.003 147.688 7.230
99.003 147.688 10.040
99.010 147.874 4.800
99.010 147.874 7.230
99.010 147.874 10.040
99.010 147.874 12.470
99.012 147.467 7.230
99.012 147.467 10.040
99.012 147.697 7.230
99.012 147.697 10.040
99.021 147.355 4.800
99.021 147.355 7.230
99.021 147.355 10.040
99.021 147.355 12.470
99.023 147.459 7.230
99.023 147.459 10.040
99.023 147.705 7.230
99.023 147.705 10.040
99.024 7.110 15.108
99.025 8.714 19.380
99.034 147.452 7.230
99.034 147.452 10.040
99.034 147.712 7.230
99.034 147.712 10.040
99.045 147.446 7.230
99.045 147.446 10.040
99.045 147.718 7.230
99.045 147.718 10.040
99.047 13.357 23.015
99.051 147.740 4.800
99.051 147.740 7.230
99.051 147.740 10.040
99.051 147.740 12.470
99.058 147.441 7.230
99.058 147.441 10.040
99.058 147.723 7.230
99.058 147.723 10.040
99.062 147.221 4.800
99.062 147.221 7.230
99.062 147.221 10.040
99.062 147.221 12.470
99.070 147.437 7.230
99.070 147.437 10.040
99.070 147.727 7.230
99.070 147.727 10.040
99.083 147.435 7.230
99.083 147.435 10.040
99.083 147.730 7.230
99.083 147.730 10.040
99.090 148.161 16.327
99.091 148.159 16.353
99.091 148.160 15.100
99.091 148.160 16.300
99.092 148.156 16.380
99.093 148.150 16.406
99.096 147.433 7.230
99.096 147.433 10.040
99.096 147.732 7.230
99.096 147.732 10.040
99.096 148.142 16.431
99.097 147.102 16.327
99.098 147.101 15.100
99.098 147.101 16.300
99.098 147.101 16.353
99.098 147.102 16.327
99.099 147.097 16.380
99.099 148.133 16.455
99.101 147.092 16.406
99.102 148.121 16.479
99.103 147.084 16.431
99.106 147.074 16.455
99.107 148.107 16.501
99.109 147.432 7.230
99.109 147.432 10.040
99.109 147.732 7.230
99.109 147.732 10.040
99.110 147.062 16.479
99.111 148.091 16.522
99.114 147.048 16.501
99.114 147.049 16.501
99.116 148.074 16.542
99.118 147.033 16.522
99.119 147.033 16.522
99.120 7.213 16.209
99.122 147.433 7.230
99.122 147.433 10.040
99.122 147.732 7.230
99.122 147.732 10.040
99.122 148.055 16.559
99.124 147.016 16.542
99.128 148.035 16.576
99.129 146.997 16.559
99.132 21.060 23.015
99.135 147.435 7.230
99.135 147.435 10.040
99.135 147.730 7.230
99.135 147.730 10.040
99.135 148.014 16.590
99.136 146.977 16.576
99.140 16.804 23.772
99.142 146.955 16.590
99.142 147.991 16.602
99.148 147.437 7.230
99.148 147.437 10.040
99.148 147.727 7.230
99.148 147.727 10.040
99.149 17.611 23.772
99.149 146.932 16.602
99.149 146.933 16.602
99.149 147.968 16.612
99.155 147.396 4.800
99.155 147.396 7.230
99.155 147.396 10.040
99.155 147.396 12.470
99.156 146.909 16.612
99.156 147.943 16.620
99.160 147.441 7.230
99.160 147.441 10.040
99.160 147.723 7.230
99.160 147.723 10.040
99.163 146.885 16.620
99.164 147.919 16.626
99.166 146.877 4.800
99.166 146.877 7.230
99.166 146.877 10.040
99.166 146.877 12.470
99.171 146.860 16.626
99.171 147.893 16.629
99.172 147.446 7.230
99.172 147.446 10.040
99.172 147.718 7.230
99.172 147.718 10.040
99.179 146.835 16.629
99.179 147.868 16.630
99.184 147.452 7.230
99.184 147.452 10.040
99.184 147.712 7.230
99.184 147.712 10.040
99.186 146.809 16.630
99.187 147.843 16.629
99.194 146.784 16.629
99.194 147.817 16.626
99.195 147.459 7.230
99.195 147.459 10.040
99.195 147.705 7.230
99.195 147.705 10.040
99.196 147.262 4.800
99.196 147.262 7.230
99.196 147.262 10.040
99.196 147.262 12.470
99.201 15.999 23.772
99.202 146.759 16.626
99.202 147.793 16.620
99.205 147.467 7.230
99.205 147.467 10.040
99.205 147.697 7.230
99.205 147.697 10.040
99.206 10.219 21.307
99.207 146.743 4.800
99.207 146.743 7.230
99.207 146.743 10.040
99.207 146.743 12.470
99.209 11.399 22.192
99.209 146.734 16.620
99.209 147.768 16.612
99.212 25.702 19.380
99.215 147.476 7.230
99.215 147.476 10.040
99.215 147.688 7.230
99.215 147.688 10.040
99.216 146.710 16.612
99.216 147.745 16.602
99.217 27.339 14.000
99.223 147.722 16.590
99.224 146.686 16.602
99.224 147.486 7.230
99.224 147.486 10.040
99.224 147.679 7.230
99.224 147.679 10.040
99.228 18.414 23.772
99.230 146.664 16.590
99.230 147.701 16.576
99.232 147.496 7.230
99.232 147.496 10.040
99.232 147.668 7.230
99.232 147.668 10.040
99.236 147.681 16.559
99.237 146.642 16.576
99.239 147.507 7.230
99.239 147.507 10.040
99.239 147.657 7.230
99.239 147.657 10.040
99.241 147.662 16.542
99.242 0.000 1.400
99.242 0.000 2.800
99.242 0.000 5.700
99.242 0.000 12.400
99.243 146.622 16.559
99.245 147.519 7.230
99.245 147.519 10.040
99.245 147.646 7.230
99.245 147.646 10.040
99.247 27.305 15.108
99.247 147.644 16.522
99.249 146.603 16.542
99.250 147.531 7.230
99.250 147.531 10.040
99.250 147.634 7.230
99.250 147.634 10.040
99.251 147.629 16.501
99.254 146.586 16.522
99.254 147.543 7.230
99.254 147.543 10.040
99.254 147.621 7.230
99.254 147.621 10.040
99.256 147.615 16.479
99.257 147.556 7.230
99.257 147.556 10.040
99.257 147.608 7.230
99.257 147.608 10.040
99.258 147.569 7.230
99.258 147.569 10.040
99.258 147.595 7.230
99.258 147.595 10.040
99.259 146.570 16.501
99.259 147.582 7.230
99.259 147.582 10.040
99.259 147.603 16.455
99.262 147.593 16.431
99.263 146.557 16.479
99.265 147.586 16.406
99.266 146.545 16.455
99.266 147.580 16.380
99.267 147.576 15.100
99.267 147.576 16.300
99.267 147.576 16.353
99.268 147.575 16.327
99.269 146.535 16.431
99.272 146.527 16.406
99.274 146.521 16.380
99.274 146.522 16.380
99.275 146.517 15.100
99.275 146.517 16.300
99.275 146.517 16.327
99.275 146.518 15.100
99.275 146.518 16.300
99.275 146.518 16.353
99.281 7.384 17.293
99.300 146.917 4.800
99.300 146.917 7.230
99.300 146.917 10.040
99.300 146.917 12.470
99.311 146.398 4.800
99.311 146.398 7.230
99.311 146.398 10.040
99.311 146.398 12.470
99.333 15.202 23.772
99.337 23.013 22.192
99.341 27.201 16.209
99.341 146.783 4.800
99.341 146.783 7.230
99.341 146.783 10.040
99.341 146.783 12.470
99.352 146.264 4.800
99.352 146.264 7.230
99.352 146.264 10.040
99.352 146.264 12.470
99.360 24.193 21.307
99.377 19.208 23.772
99.385 147.188 15.100
99.385 147.188 16.300
99.385 147.188 16.353
99.385 147.189 16.327
99.386 147.185 16.380
99.388 147.179 16.406
99.390 147.171 16.431
99.392 146.129 16.353
99.392 146.130 15.100
99.392 146.130 16.300
99.392 146.130 16.353
99.392 146.131 16.327
99.393 146.126 16.380
99.393 147.161 16.455
99.395 146.120 16.406
99.397 146.112 16.431
99.397 146.113 16.431
99.397 147.149 16.479
99.400 146.103 16.455
99.401 146.103 16.455
99.401 146.124 7.230
99.401 146.124 10.040
99.401 147.136 16.501
99.402 9.052 20.367
99.402 146.111 7.230
99.402 146.111 10.040
99.402 146.137 7.230
99.402 146.137 10.040
99.403 146.098 7.230
99.403 146.098 10.040
99.403 146.150 7.230
99.403 146.150 10.040
99.404 146.091 16.479
99.406 146.085 7.230
99.406 146.085 10.040
99.406 146.163 7.230
99.406 146.163 10.040
99.406 147.120 16.522
99.408 146.077 16.501
99.410 12.557 23.015
99.410 146.072 7.230
99.410 146.072 10.040
99.410 146.175 7.230
99.410 146.175 10.040
99.411 147.103 16.542
99.413 146.061 16.522
99.413 146.062 16.522
99.415 146.060 7.230
99.415 146.060 10.040
99.415 146.187 7.230
99.415 146.187 10.040
99.417 147.084 16.559
99.418 146.044 16.542
99.421 146.049 7.230
99.421 146.049 10.040
99.421 146.199 7.230
99.421 146.199 10.040
99.423 147.064 16.576
99.424 146.025 16.559
99.428 146.038 7.230
99.428 146.038 10.040
99.428 146.210 7.230
99.428 146.210 10.040
99.429 147.042 16.590
99.430 146.005 16.576
99.436 146.027 7.230
99.436 146.027 10.040
99.436 146.220 7.230
99.436 146.220 10.040
99.436 147.020 16.602
99.437 145.984 16.590
99.443 145.961 16.602
99.443 146.996 16.612
99.445 146.018 7.230
99.445 146.018 10.040
99.445 146.230 7.230
99.445 146.230 10.040
99.445 146.439 4.800
99.445 146.439 7.230
99.445 146.439 10.040
99.445 146.439 12.470
99.450 145.938 16.612
99.451 146.972 16.620
99.455 146.009 7.230
99.455 146.009 10.040
99.455 146.239 7.230
99.455 146.239 10.040
99.456 145.920 4.800
99.456 145.920 7.230
99.456 145.920 10.040
99.456 145.920 12.470
99.458 145.913 16.620
99.458 145.914 16.620
99.458 146.947 16.626
99.465 145.889 16.626
99.465 146.001 7.230
99.465 146.001 10.040
99.465 146.247 7.230
99.465 146.247 10.040
99.466 146.922 16.629
99.473 145.863 16.629
99.473 146.897 16.630
99.476 145.994 7.230
99.476 145.994 10.040
99.476 146.254 7.230
99.476 146.254 10.040
99.481 145.838 16.630
99.481 146.871 16.629
99.486 146.305 4.800
99.486 146.305 7.230
99.486 146.305 10.040
99.486 146.305 12.470
99.488 145.813 16.629
99.488 145.988 7.230
99.488 145.988 10.040
99.488 146.260 7.230
99.488 146.260 10.040
99.489 146.846 16.626
99.496 145.787 16.626
99.496 145.788 16.626
99.496 146.821 16.620
99.497 145.786 4.800
99.497 145.786 7.230
99.497 145.786 10.040
99.497 145.786 12.470
99.498 27.026 17.293
99.500 145.983 7.230
99.500 145.983 10.040
99.500 146.265 7.230
99.500 146.265 10.040
99.504 145.763 16.620
99.504 146.797 16.612
99.505 7.624 18.353
99.511 145.738 16.612
99.511 146.773 16.602
99.512 21.851 23.015
99.512 145.979 7.230
99.512 145.979 10.040
99.512 146.269 7.230
99.512 146.269 10.040
99.518 145.715 16.602
99.518 146.751 16.590
99.524 146.729 16.576
99.525 145.692 16.590
99.525 145.976 7.230
99.525 145.976 10.040
99.525 146.272 7.230
99.525 146.272 10.040
99.530 146.709 16.559
99.531 145.671 16.576
99.533 14.420 23.772
99.536 146.690 16.542
99.538 145.651 16.559
99.538 145.974 7.230
99.538 145.974 10.040
99.538 146.273 7.230
99.538 146.273 10.040
99.541 146.673 16.522
99.543 145.632 16.542
99.546 146.658 16.501
99.548 145.615 16.522
99.550 146.644 16.479
99.551 145.974 7.230
99.551 145.974 10.040
99.551 146.274 7.230
99.551 146.274 10.040
99.553 145.599 16.501
99.554 146.632 16.455
99.555 27.632 2.800
99.555 27.632 5.700
99.555 27.632 12.400
99.555 27.632 14.000
99.556 6.579 2.800
99.556 6.579 5.700
99.556 6.579 12.400
99.556 6.579 14.000
99.557 145.585 16.479
99.557 146.622 16.431
99.559 146.614 16.406
99.561 145.573 16.455
99.561 146.609 16.380
99.562 146.604 16.327
99.562 146.605 15.100
99.562 146.605 16.300
99.562 146.605 16.353
99.564 145.563 16.431
99.564 145.564 16.431
99.564 145.974 7.230
99.564 145.974 10.040
99.564 146.273 7.230
99.564 146.273 10.040
99.566 145.556 16.406
99.568 145.550 16.380
99.569 145.545 16.327
99.569 145.546 15.100
99.569 145.546 16.300
99.569 145.546 16.353
99.569 145.547 16.353
99.577 145.976 7.230
99.577 145.976 10.040
99.577 146.271 7.230
99.577 146.271 10.040
99.582 25.356 20.367
99.590 145.960 4.800
99.590 145.960 7.230
99.590 145.960 10.040
99.590 145.960 12.470
99.590 145.979 7.230
99.590 145.979 10.040
99.590 146.269 7.230
99.590 146.269 10.040
99.594 19.985 23.772
99.601 145.441 4.800
99.601 145.441 7.230
99.601 145.441 10.040
99.601 145.441 12.470
99.602 145.983 7.230
99.602 145.983 10.040
99.602 146.265 7.230
99.602 146.265 10.040
99.614 145.988 7.230
99.614 145.988 10.040
99.614 146.260 7.230
99.614 146.260 10.040
99.626 145.994 7.230
99.626 145.994 10.040
99.626 146.254 7.230
99.626 146.254 10.040
99.631 109.946 31.000
99.631 109.946 31.610
99.631 145.826 4.800
99.631 145.826 7.230
99.631 145.826 10.040
99.631 145.826 12.470
99.637 146.001 7.230
99.637 146.001 10.040
99.637 146.247 7.230
99.637 146.247 10.040
99.640 99.210 20.300
99.640 99.210 20.900
99.641 99.210 19.004
99.641 99.210 20.300
99.642 145.307 4.800
99.642 145.307 7.230
99.642 145.307 10.040
99.642 145.307 12.470
99.647 146.009 7.230
99.647 146.009 10.040
99.647 146.239 7.230
99.647 146.239 10.040
99.657 146.018 7.230
99.657 146.018 10.040
99.657 146.230 7.230
99.657 146.230 10.040
99.666 146.027 7.230
99.666 146.027 10.040
99.666 146.220 7.230
99.666 146.220 10.040
99.674 146.038 7.230
99.674 146.038 10.040
99.674 146.210 7.230
99.674 146.210 10.040
99.679 146.217 15.100
99.679 146.217 16.300
99.679 146.218 16.327
99.680 146.217 16.353
99.681 146.049 7.230
99.681 146.049 10.040
99.681 146.199 7.230
99.681 146.199 10.040
99.681 146.213 16.380
99.682 146.207 16.406
99.685 110.063 31.000
99.685 110.063 31.610
99.685 146.200 16.431
99.687 146.060 7.230
99.687 146.060 10.040
99.687 146.187 7.230
99.687 146.187 10.040
99.688 146.190 16.455
99.691 146.178 16.479
99.692 146.072 7.230
99.692 146.072 10.040
99.692 146.175 7.230
99.692 146.175 10.040
99.695 146.164 16.501
99.696 146.085 7.230
99.696 146.085 10.040
99.696 146.163 7.230
99.696 146.163 10.040
99.699 146.098 7.230
99.699 146.098 10.040
99.699 146.150 7.230
99.699 146.150 10.040
99.700 146.111 7.230
99.700 146.111 10.040
99.700 146.137 7.230
99.700 146.137 10.040
99.700 146.149 16.522
99.701 146.124 7.230
99.701 146.124 10.040
99.705 146.131 16.542
99.711 146.113 16.559
99.717 26.781 18.353
99.717 146.092 16.576
99.721 109.648 31.000
99.721 109.648 31.610
99.724 146.071 16.590
99.731 145.011 4.800
99.731 145.011 7.230
99.731 145.011 10.040
99.731 145.011 12.470
99.731 146.048 16.602
99.732 145.011 4.800
99.732 145.011 5.370
99.732 145.011 5.445
99.732 145.011 5.978
99.732 145.011 6.053
99.732 145.011 6.585
99.732 145.011 6.660
99.732 145.011 7.230
99.732 145.011 10.040
99.732 145.011 10.610
99.732 145.011 10.685
99.732 145.011 11.218
99.732 145.011 11.293
99.732 145.011 11.825
99.732 145.011 11.900
99.732 145.011 12.470
99.735 145.482 4.800
99.735 145.482 7.230
99.735 145.482 10.040
99.735 145.482 12.470
99.738 146.025 16.612
99.741 10.621 22.192
99.745 146.001 16.620
99.753 145.976 16.626
99.760 145.951 16.629
99.768 145.925 16.630
99.776 145.348 4.800
99.776 145.348 7.230
99.776 145.348 10.040
99.776 145.348 12.470
99.776 145.900 16.629
99.783 145.875 16.626
99.791 145.850 16.620
99.792 7.930 19.380
99.797 27.830 12.400
99.797 27.830 14.000
99.798 145.826 16.612
99.801 13.659 23.772
99.805 145.802 16.602
99.812 145.779 16.590
99.819 145.758 16.576
99.825 145.738 16.559
99.827 145.040 5.370
99.827 145.040 5.445
99.827 145.040 5.978
99.827 145.040 6.053
99.827 145.040 6.585
99.827 145.040 6.660
99.827 145.040 10.610
99.827 145.040 10.685
99.827 145.040 11.218
99.827 145.040 11.293
99.827 145.040 11.825
99.827 145.040 11.900
99.830 145.719 16.542
99.833 109.585 31.000
99.833 109.585 31.610
99.833 109.586 30.999
99.836 145.702 16.522
99.840 11.791 23.015
99.840 145.686 16.501
99.841 9.445 21.307
99.844 145.672 16.479
99.848 145.660 16.455
99.851 145.651 16.431
99.853 145.643 16.406
99.855 145.637 16.380
99.856 145.633 15.100
99.856 145.633 16.300
99.856 145.634 16.353
99.857 145.632 16.327
99.879 20.741 23.772
99.886 23.779 22.192
99.903 6.297 14.000
99.931 6.332 15.108
99.959 22.607 23.015
99.996 26.469 19.380
99.998 110.158 31.000
99.998 110.158 31.610
100.012 24.952 21.307
100.013 16.832 24.455
100.017 6.442 16.209
100.019 145.098 4.800
100.019 145.098 7.230
100.019 145.098 10.040
100.019 145.098 12.470
100.022 17.563 24.455
100.069 16.103 24.455
100.093 18.291 24.455
100.109 110.092 31.000
100.109 110.092 31.610
100.134 12.923 23.772
100.138 8.299 20.367
100.141 109.679 31.000
100.141 109.679 31.610
100.144 28.099 14.000
100.163 6.627 17.293
100.171 28.063 15.108
100.188 15.382 24.455
100.199 109.793 31.000
100.199 109.793 31.610
100.228 19.009 24.455
100.228 21.468 23.772
100.255 27.951 16.209
100.334 26.092 20.367
100.336 11.067 23.015
100.339 9.892 22.192
100.366 6.886 18.353
100.370 14.674 24.455
100.396 27.763 17.293
100.425 19.713 24.455
100.471 23.320 23.015
100.500 24.495 22.192
100.506 28.361 2.800
100.506 28.361 5.700
100.506 28.361 12.400
100.506 28.361 14.000
100.507 5.849 2.800
100.507 5.849 5.700
100.507 5.849 12.400
100.507 5.849 14.000
100.530 12.220 23.772
100.541 8.729 21.307
100.593 27.500 18.353
100.594 28.423 12.400
100.594 28.423 14.000
100.612 13.984 24.455
100.624 7.215 19.380
100.639 22.163 23.772
100.683 20.397 24.455
100.704 141.803 4.800
100.704 141.803 5.370
100.704 141.803 5.445
100.704 141.803 5.978
100.704 141.803 6.053
100.704 141.803 6.585
100.704 141.803 6.660
100.704 141.803 7.230
100.704 141.803 10.040
100.704 141.803 10.610
100.704 141.803 10.685
100.704 141.803 11.218
100.704 141.803 11.293
100.704 141.803 11.825
100.704 141.803 11.900
100.704 141.803 12.470
100.728 25.653 21.307
100.794 141.508 4.800
100.794 141.508 7.230
100.794 141.508 10.040
100.794 141.508 12.470
100.800 141.832 5.370
100.800 141.832 5.445
100.800 141.832 5.978
100.800 141.832 6.053
100.800 141.832 6.585
100.800 141.832 6.660
100.800 141.832 10.610
100.800 141.832 10.685
100.800 141.832 11.218
100.800 141.832 11.293
100.800 141.832 11.825
100.800 141.832 11.900
100.835 141.374 4.800
100.835 141.374 7.230
100.835 141.374 10.040
100.835 141.374 12.470
100.844 27.165 19.380
100.866 141.268 15.100
100.866 141.268 16.300
100.866 141.268 16.353
100.866 141.269 16.327
100.867 141.264 16.380
100.867 141.265 16.380
100.869 141.259 16.406
100.871 141.251 16.431
100.872 141.251 16.431
100.874 141.241 16.455
100.877 5.598 14.000
100.878 141.229 16.479
100.882 141.215 16.501
100.882 141.216 16.501
100.887 141.200 16.522
100.892 141.183 16.542
100.893 10.388 23.015
100.898 141.164 16.559
100.902 5.636 15.108
100.904 141.144 16.576
100.911 141.122 16.590
100.913 13.318 24.455
100.917 141.100 16.602
100.924 141.076 16.612
100.928 141.548 4.800
100.928 141.548 7.230
100.928 141.548 10.040
100.928 141.548 12.470
100.932 141.052 16.620
100.937 7.613 20.367
100.939 141.027 16.626
100.939 141.029 4.800
100.939 141.029 7.230
100.939 141.029 10.040
100.939 141.029 12.470
100.943 16.863 25.059
100.947 141.002 16.629
100.950 17.512 25.059
100.955 140.976 16.630
100.955 140.977 16.630
100.962 140.951 16.629
100.969 141.414 4.800
100.969 141.414 7.230
100.969 141.414 10.040
100.969 141.414 12.470
100.970 140.926 16.626
100.978 140.901 16.620
100.979 5.753 16.209
100.980 140.895 4.800
100.980 140.895 7.230
100.980 140.895 10.040
100.980 140.895 12.470
100.985 11.554 23.772
100.985 140.877 16.612
100.991 141.890 4.800
100.991 141.890 7.230
100.991 141.890 10.040
100.991 141.890 12.470
100.992 16.215 25.059
100.992 140.853 16.602
100.999 9.218 22.192
100.999 21.056 24.455
100.999 140.831 16.590
101.005 140.809 16.576
101.011 140.789 16.559
101.014 18.159 25.059
101.017 140.770 16.542
101.022 140.753 16.522
101.022 140.765 7.230
101.022 140.765 10.040
101.022 140.778 7.230
101.022 140.778 10.040
101.022 140.791 7.230
101.022 140.791 10.040
101.024 140.752 7.230
101.024 140.752 10.040
101.024 140.804 7.230
101.024 140.804 10.040
101.027 140.737 16.501
101.027 140.738 16.501
101.027 140.739 7.230
101.027 140.739 10.040
101.027 140.817 7.230
101.027 140.817 10.040
101.031 140.724 16.479
101.031 140.727 7.230
101.031 140.727 10.040
101.031 140.829 7.230
101.031 140.829 10.040
101.035 140.712 16.455
101.036 140.715 7.230
101.036 140.715 10.040
101.036 140.841 7.230
101.036 140.841 10.040
101.038 140.702 16.431
101.040 140.694 16.406
101.042 140.688 16.380
101.042 140.689 16.380
101.042 140.703 7.230
101.042 140.703 10.040
101.042 140.853 7.230
101.042 140.853 10.040
101.043 23.987 23.015
101.043 140.684 16.327
101.043 140.685 15.100
101.043 140.685 16.300
101.043 140.685 16.353
101.049 140.692 7.230
101.049 140.692 10.040
101.049 140.864 7.230
101.049 140.864 10.040
101.057 140.682 7.230
101.057 140.682 10.040
101.057 140.874 7.230
101.057 140.874 10.040
101.066 140.672 7.230
101.066 140.672 10.040
101.066 140.884 7.230
101.066 140.884 10.040
101.073 141.070 4.800
101.073 141.070 7.230
101.073 141.070 10.040
101.073 141.070 12.470
101.075 140.663 7.230
101.075 140.663 10.040
101.075 140.893 7.230
101.075 140.893 10.040
101.084 140.551 4.800
101.084 140.551 7.230
101.084 140.551 10.040
101.084 140.551 12.470
101.086 140.655 7.230
101.086 140.655 10.040
101.086 140.901 7.230
101.086 140.901 10.040
101.097 140.648 7.230
101.097 140.648 10.040
101.097 140.908 7.230
101.097 140.908 10.040
101.098 15.573 25.059
101.107 5.950 17.293
101.108 140.642 7.230
101.108 140.642 10.040
101.108 140.914 7.230
101.108 140.914 10.040
101.109 22.819 23.772
101.114 140.936 4.800
101.114 140.936 7.230
101.114 140.936 10.040
101.114 140.936 12.470
101.120 140.637 7.230
101.120 140.637 10.040
101.120 140.919 7.230
101.120 140.919 10.040
101.125 140.417 4.800
101.125 140.417 7.230
101.125 140.417 10.040
101.125 140.417 12.470
101.133 28.776 14.000
101.133 140.633 7.230
101.133 140.633 10.040
101.133 140.923 7.230
101.133 140.923 10.040
101.134 18.798 25.059
101.138 120.819 19.004
101.138 120.819 20.300
101.138 120.819 20.900
101.146 140.630 7.230
101.146 140.630 10.040
101.146 140.926 7.230
101.146 140.926 10.040
101.148 26.760 20.367
101.153 141.355 15.100
101.153 141.355 16.300
101.153 141.355 16.353
101.153 141.356 16.327
101.155 141.352 16.380
101.156 141.346 16.406
101.157 28.738 15.108
101.159 140.629 7.230
101.159 140.629 10.040
101.159 140.927 7.230
101.159 140.927 10.040
101.159 141.338 16.431
101.160 140.298 16.327
101.161 140.296 16.353
101.161 140.297 15.100
101.161 140.297 16.300
101.161 140.297 16.353
101.162 140.293 16.380
101.162 141.328 16.455
101.164 140.287 16.406
101.165 141.316 16.479
101.166 140.280 16.431
101.169 140.270 16.455
101.169 141.303 16.501
101.172 140.258 16.479
101.172 140.628 7.230
101.172 140.628 10.040
101.172 140.928 7.230
101.172 140.928 10.040
101.173 140.258 16.479
101.174 25.154 22.192
101.174 141.287 16.522
101.177 140.244 16.501
101.179 141.270 16.542
101.181 140.228 16.522
101.181 140.229 16.522
101.185 140.628 7.230
101.185 140.628 10.040
101.185 140.927 7.230
101.185 140.927 10.040
101.185 141.251 16.559
101.187 140.211 16.542
101.191 141.231 16.576
101.192 140.192 16.559
101.192 140.193 16.559
101.198 140.172 16.576
101.198 140.630 7.230
101.198 140.630 10.040
101.198 140.926 7.230
101.198 140.926 10.040
101.198 141.209 16.590
101.205 140.151 16.590
101.205 141.187 16.602
101.211 140.633 7.230
101.211 140.633 10.040
101.211 140.923 7.230
101.211 140.923 10.040
101.212 140.128 16.602
101.212 141.163 16.612
101.218 140.591 4.800
101.218 140.591 7.230
101.218 140.591 10.040
101.218 140.591 12.470
101.219 140.105 16.612
101.219 141.139 16.620
101.223 140.637 7.230
101.223 140.637 10.040
101.223 140.919 7.230
101.223 140.919 10.040
101.226 140.080 16.620
101.226 140.081 16.620
101.227 141.114 16.626
101.229 140.072 4.800
101.229 140.072 7.230
101.229 140.072 10.040
101.229 140.072 12.470
101.231 28.618 16.209
101.234 140.056 16.626
101.234 141.089 16.629
101.235 140.642 7.230
101.235 140.642 10.040
101.235 140.914 7.230
101.235 140.914 10.040
101.241 140.030 16.629
101.241 140.031 16.629
101.242 141.064 16.630
101.247 140.648 7.230
101.247 140.648 10.040
101.247 140.908 7.230
101.247 140.908 10.040
101.249 140.005 16.630
101.250 141.038 16.629
101.257 139.980 16.629
101.257 141.013 16.626
101.258 140.655 7.230
101.258 140.655 10.040
101.258 140.901 7.230
101.258 140.901 10.040
101.259 140.457 4.800
101.259 140.457 7.230
101.259 140.457 10.040
101.259 140.457 12.470
101.260 14.944 25.059
101.264 139.955 16.626
101.265 139.954 16.626
101.265 140.988 16.620
101.268 140.663 7.230
101.268 140.663 10.040
101.268 140.893 7.230
101.268 140.893 10.040
101.270 139.938 4.800
101.270 139.938 7.230
101.270 139.938 10.040
101.270 139.938 12.470
101.272 12.681 24.455
101.272 139.930 16.620
101.272 140.964 16.612
101.278 140.672 7.230
101.278 140.672 10.040
101.278 140.884 7.230
101.278 140.884 10.040
101.279 139.905 16.612
101.279 140.940 16.602
101.286 139.882 16.602
101.286 140.918 16.590
101.287 6.225 18.353
101.287 140.682 7.230
101.287 140.682 10.040
101.287 140.874 7.230
101.287 140.874 10.040
101.293 139.859 16.590
101.293 140.896 16.576
101.295 140.692 7.230
101.295 140.692 10.040
101.295 140.864 7.230
101.295 140.864 10.040
101.299 140.876 16.559
101.300 139.838 16.576
101.301 8.077 21.307
101.302 140.703 7.230
101.302 140.703 10.040
101.302 140.853 7.230
101.302 140.853 10.040
101.304 140.857 16.542
101.306 139.818 16.559
101.308 140.715 7.230
101.308 140.715 10.040
101.308 140.841 7.230
101.308 140.841 10.040
101.309 19.423 25.059
101.310 140.840 16.522
101.312 139.799 16.542
101.313 140.727 7.230
101.313 140.727 10.040
101.313 140.829 7.230
101.313 140.829 10.040
101.314 140.825 16.501
101.317 139.782 16.522
101.317 140.739 7.230
101.317 140.739 10.040
101.317 140.817 7.230
101.317 140.817 10.040
101.318 140.811 16.479
101.319 140.752 7.230
101.319 140.752 10.040
101.319 140.804 7.230
101.319 140.804 10.040
101.321 140.765 7.230
101.321 140.765 10.040
101.321 140.791 7.230
101.321 140.791 10.040
101.322 139.766 16.501
101.322 140.778 7.230
101.322 140.778 10.040
101.322 140.799 16.455
101.325 140.789 16.431
101.326 139.752 16.479
101.327 140.781 16.406
101.329 139.740 16.455
101.329 140.776 16.380
101.330 140.772 15.100
101.330 140.772 16.300
101.330 140.772 16.353
101.331 140.771 16.327
101.332 139.731 16.431
101.335 139.723 16.406
101.336 139.717 16.380
101.337 139.714 16.353
101.338 139.712 16.327
101.338 139.713 15.100
101.338 139.713 16.300
101.355 28.418 17.293
101.363 140.113 4.800
101.363 140.113 7.230
101.363 140.113 10.040
101.363 140.113 12.470
101.371 21.685 24.455
101.374 139.594 4.800
101.374 139.594 7.230
101.374 139.594 10.040
101.374 139.594 12.470
101.404 139.979 4.800
101.404 139.979 7.230
101.404 139.979 10.040
101.404 139.979 12.470
101.415 139.460 4.800
101.415 139.460 7.230
101.415 139.460 10.040
101.415 139.460 12.470
101.448 140.384 15.100
101.448 140.384 16.300
101.448 140.384 16.353
101.448 140.385 16.327
101.449 140.380 16.380
101.451 140.375 16.406
101.453 140.367 16.431
101.455 139.325 16.353
101.455 139.326 15.100
101.455 139.326 16.300
101.455 139.326 16.327
101.455 139.327 16.327
101.456 139.322 16.380
101.456 140.357 16.455
101.458 139.316 16.406
101.460 139.308 16.431
101.460 140.345 16.479
101.463 139.298 16.455
101.464 139.306 7.230
101.464 139.306 10.040
101.464 139.319 7.230
101.464 139.319 10.040
101.464 139.332 7.230
101.464 139.332 10.040
101.464 140.331 16.501
101.466 139.293 7.230
101.466 139.293 10.040
101.466 139.345 7.230
101.466 139.345 10.040
101.467 139.286 16.479
101.469 139.281 7.230
101.469 139.281 10.040
101.469 139.358 7.230
101.469 139.358 10.040
101.469 140.316 16.522
101.471 139.273 16.501
101.473 139.268 7.230
101.473 139.268 10.040
101.473 139.371 7.230
101.473 139.371 10.040
101.474 140.298 16.542
101.475 14.331 25.059
101.476 139.257 16.522
101.478 139.256 7.230
101.478 139.256 10.040
101.478 139.383 7.230
101.478 139.383 10.040
101.480 140.280 16.559
101.481 139.240 16.542
101.484 139.244 7.230
101.484 139.244 10.040
101.484 139.394 7.230
101.484 139.394 10.040
101.486 140.259 16.576
101.487 139.221 16.559
101.491 139.233 7.230
101.491 139.233 10.040
101.491 139.405 7.230
101.491 139.405 10.040
101.492 140.238 16.590
101.493 139.201 16.576
101.497 10.929 23.772
101.499 139.179 16.590
101.499 139.223 7.230
101.499 139.223 10.040
101.499 139.416 7.230
101.499 139.416 10.040
101.499 140.215 16.602
101.502 26.288 21.307
101.506 139.157 16.602
101.506 140.192 16.612
101.507 9.760 23.015
101.508 139.213 7.230
101.508 139.213 10.040
101.508 139.426 7.230
101.508 139.426 10.040
101.508 139.634 4.800
101.508 139.634 7.230
101.508 139.634 10.040
101.508 139.634 12.470
101.513 139.133 16.612
101.513 140.168 16.620
101.516 6.576 19.380
101.517 29.006 2.800
101.517 29.006 5.700
101.517 29.006 12.400
101.517 29.006 14.000
101.517 139.205 7.230
101.517 139.205 10.040
101.517 139.434 7.230
101.517 139.434 10.040
101.518 5.205 2.800
101.518 5.205 5.700
101.518 5.205 12.400
101.518 5.205 14.000
101.519 139.115 4.800
101.519 139.115 7.230
101.519 139.115 10.040
101.519 139.115 12.470
101.521 139.109 16.620
101.521 140.143 16.626
101.528 28.140 18.353
101.528 139.084 16.626
101.528 139.197 7.230
101.528 139.197 10.040
101.528 139.442 7.230
101.528 139.442 10.040
101.529 140.118 16.629
101.536 139.059 16.629
101.536 140.092 16.630
101.538 20.032 25.059
101.539 139.189 7.230
101.539 139.189 10.040
101.539 139.449 7.230
101.539 139.449 10.040
101.544 139.034 16.630
101.544 140.067 16.629
101.549 139.500 4.800
101.549 139.500 7.230
101.549 139.500 10.040
101.549 139.500 12.470
101.550 139.183 7.230
101.550 139.183 10.040
101.550 139.455 7.230
101.550 139.455 10.040
101.551 139.008 16.629
101.552 140.042 16.626
101.559 138.983 16.626
101.559 140.017 16.620
101.560 138.981 4.800
101.560 138.981 7.230
101.560 138.981 10.040
101.560 138.981 12.470
101.563 139.178 7.230
101.563 139.178 10.040
101.563 139.460 7.230
101.563 139.460 10.040
101.566 138.958 16.620
101.567 139.993 16.612
101.574 138.934 16.612
101.574 139.969 16.602
101.575 139.175 7.230
101.575 139.175 10.040
101.575 139.464 7.230
101.575 139.464 10.040
101.581 138.910 16.602
101.581 138.911 16.602
101.581 139.946 16.590
101.587 139.925 16.576
101.588 138.888 16.590
101.588 139.172 7.230
101.588 139.172 10.040
101.588 139.467 7.230
101.588 139.467 10.040
101.593 139.905 16.559
101.594 138.866 16.576
101.594 138.867 16.576
101.599 139.886 16.542
101.600 138.846 16.559
101.601 139.170 7.230
101.601 139.170 10.040
101.601 139.469 7.230
101.601 139.469 10.040
101.604 139.869 16.522
101.606 138.827 16.542
101.606 138.828 16.542
101.609 139.853 16.501
101.611 138.810 16.522
101.613 139.839 16.479
101.614 139.169 7.230
101.614 139.169 10.040
101.614 139.469 7.230
101.614 139.469 10.040
101.616 138.795 16.501
101.617 139.828 16.455
101.620 138.781 16.479
101.620 139.818 16.431
101.622 139.810 16.406
101.624 138.769 16.455
101.624 139.804 16.380
101.625 139.799 16.327
101.625 139.800 15.100
101.625 139.800 16.300
101.625 139.801 16.353
101.627 138.759 16.431
101.627 139.170 7.230
101.627 139.170 10.040
101.627 139.469 7.230
101.627 139.469 10.040
101.629 138.751 16.406
101.631 138.746 16.380
101.632 138.741 16.327
101.632 138.742 15.100
101.632 138.742 16.300
101.632 138.742 16.353
101.635 23.432 23.772
101.640 139.172 7.230
101.640 139.172 10.040
101.640 139.467 7.230
101.640 139.467 10.040
101.653 139.156 4.800
101.653 139.156 7.230
101.653 139.156 10.040
101.653 139.156 12.470
101.653 139.175 7.230
101.653 139.175 10.040
101.653 139.464 7.230
101.653 139.464 10.040
101.660 29.087 12.400
101.660 29.087 14.000
101.664 138.637 4.800
101.664 138.637 7.230
101.664 138.637 10.040
101.664 138.637 12.470
101.665 139.178 7.230
101.665 139.178 10.040
101.665 139.460 7.230
101.665 139.460 10.040
101.670 24.601 23.015
101.677 139.183 7.230
101.677 139.183 10.040
101.677 139.455 7.230
101.677 139.455 10.040
101.685 12.078 24.455
101.689 139.190 7.230
101.689 139.190 10.040
101.689 139.449 7.230
101.689 139.449 10.040
101.694 139.022 4.800
101.694 139.022 7.230
101.694 139.022 10.040
101.694 139.022 12.470
101.700 139.197 7.230
101.700 139.197 10.040
101.700 139.442 7.230
101.700 139.442 10.040
101.705 138.503 4.800
101.705 138.503 7.230
101.705 138.503 10.040
101.705 138.503 12.470
101.710 139.205 7.230
101.710 139.205 10.040
101.710 139.434 7.230
101.710 139.434 10.040
101.714 8.604 22.192
101.720 139.213 7.230
101.720 139.213 10.040
101.720 139.425 7.230
101.720 139.425 10.040
101.729 139.223 7.230
101.729 139.223 10.040
101.729 139.416 7.230
101.729 139.416 10.040
101.737 139.233 7.230
101.737 139.233 10.040
101.737 139.405 7.230
101.737 139.405 10.040
101.742 139.412 16.353
101.742 139.413 15.100
101.742 139.413 16.300
101.742 139.414 16.327
101.743 13.739 25.059
101.743 139.409 16.380
101.744 139.244 7.230
101.744 139.244 10.040
101.744 139.394 7.230
101.744 139.394 10.040
101.745 139.403 16.406
101.748 139.395 16.431
101.749 27.784 19.380
101.750 139.256 7.230
101.750 139.256 10.040
101.750 139.383 7.230
101.750 139.383 10.040
101.751 139.385 16.455
101.754 139.374 16.479
101.755 139.268 7.230
101.755 139.268 10.040
101.755 139.371 7.230
101.755 139.371 10.040
101.758 139.360 16.501
101.759 139.281 7.230
101.759 139.281 10.040
101.759 139.358 7.230
101.759 139.358 10.040
101.762 139.293 7.230
101.762 139.293 10.040
101.762 139.345 7.230
101.762 139.345 10.040
101.763 139.306 7.230
101.763 139.306 10.040
101.763 139.332 7.230
101.763 139.332 10.040
101.763 139.344 16.522
101.764 139.319 7.230
101.764 139.319 10.040
101.768 139.327 16.542
101.774 139.308 16.559
101.780 139.288 16.576
101.787 139.267 16.590
101.792 7.000 20.367
101.793 139.244 16.602
101.794 138.207 4.800
101.794 138.207 7.230
101.794 138.207 10.040
101.794 138.207 12.470
101.795 138.207 4.800
101.795 138.207 5.370
101.795 138.207 5.445
101.795 138.207 5.978
101.795 138.207 6.053
101.795 138.207 6.585
101.795 138.207 6.660
101.795 138.207 7.230
101.795 138.207 10.040
101.795 138.207 10.610
101.795 138.207 10.685
101.795 138.207 11.218
101.795 138.207 11.293
101.795 138.207 11.825
101.795 138.207 11.900
101.795 138.207 12.470
101.797 22.279 24.455
101.798 138.677 4.800
101.798 138.677 7.230
101.798 138.677 10.040
101.798 138.677 12.470
101.801 139.220 16.612
101.808 139.196 16.620
101.815 139.171 16.626
101.819 20.617 25.059
101.823 139.146 16.629
101.831 139.121 16.630
101.832 115.310 29.400
101.838 139.095 16.629
101.839 138.543 4.800
101.839 138.543 7.230
101.839 138.543 10.040
101.839 138.543 12.470
101.846 139.070 16.626
101.854 139.045 16.620
101.861 139.021 16.612
101.868 138.998 16.602
101.875 138.975 16.590
101.881 138.954 16.576
101.888 138.933 16.559
101.890 138.236 5.370
101.890 138.236 5.445
101.890 138.236 5.978
101.890 138.236 6.053
101.890 138.236 6.585
101.890 138.236 6.660
101.890 138.236 10.610
101.890 138.236 10.685
101.890 138.236 11.218
101.890 138.236 11.293
101.890 138.236 11.825
101.890 138.236 11.900
101.893 138.915 16.542
101.899 138.897 16.522
101.903 25.752 22.192
101.903 138.882 16.501
101.907 138.868 16.479
101.909 4.987 14.000
101.911 138.856 16.455
101.914 138.846 16.431
101.916 138.838 16.406
101.918 138.833 16.380
101.919 138.829 15.100
101.919 138.829 16.300
101.919 138.829 16.353
101.920 138.828 16.327
101.921 16.894 25.581
101.928 17.459 25.581
101.930 5.027 15.108
101.964 16.331 25.581
101.983 18.020 25.581
101.996 5.151 16.209
102.013 117.141 26.400
102.013 117.141 29.400
102.017 27.354 20.367
102.056 15.775 25.581
102.062 10.352 23.772
102.062 13.172 25.059
102.081 138.294 4.800
102.081 138.294 7.230
102.081 138.294 10.040
102.081 138.294 12.470
102.087 18.575 25.581
102.107 5.358 17.293
102.115 7.494 21.307
102.148 11.513 24.455
102.150 21.177 25.059
102.173 9.188 23.015
102.178 29.363 14.000
102.196 15.228 25.581
102.198 29.324 15.108
102.212 23.996 23.772
102.239 19.119 25.581
102.261 29.198 16.209
102.262 5.648 18.353
102.273 22.834 24.455
102.328 26.853 21.307
102.349 25.158 23.015
102.368 28.988 17.293
102.384 14.695 25.581
102.418 45.836 1.400
102.418 45.836 23.400
102.429 12.636 25.059
102.438 19.647 25.581
102.459 6.017 19.380
102.480 8.054 22.192
102.516 28.695 18.353
102.528 21.705 25.059
102.580 29.559 2.800
102.580 29.559 5.700
102.580 29.559 12.400
102.580 29.559 14.000
102.581 4.651 2.800
102.581 4.651 5.700
102.581 4.651 12.400
102.581 4.651 14.000
102.603 29.570 12.400
102.603 29.570 14.000
102.616 14.181 25.581
102.659 10.990 24.455
102.674 9.827 23.772
102.681 26.284 22.192
102.682 20.156 25.581
102.698 6.463 20.367
102.705 28.322 19.380
102.767 134.999 4.800
102.767 134.999 5.370
102.767 134.999 5.445
102.767 134.999 5.978
102.767 134.999 6.053
102.767 134.999 6.585
102.767 134.999 6.660
102.767 134.999 7.230
102.767 134.999 10.040
102.767 134.999 10.610
102.767 134.999 10.685
102.767 134.999 11.218
102.767 134.999 11.293
102.767 134.999 11.825
102.767 134.999 11.900
102.767 134.999 12.470
102.795 23.345 24.455
102.836 24.508 23.772
102.841 12.134 25.059
102.857 134.704 4.800
102.857 134.704 7.230
102.857 134.704 10.040
102.857 134.704 12.470
102.863 135.028 5.370
102.863 135.028 5.445
102.863 135.028 5.978
102.863 135.028 6.053
102.863 135.028 6.585
102.863 135.028 6.660
102.863 135.028 10.610
102.863 135.028 10.685
102.863 135.028 11.218
102.863 135.028 11.293
102.863 135.028 11.825
102.863 135.028 11.900
102.887 8.676 23.015
102.893 13.689 25.581
102.898 134.570 4.800
102.898 134.570 7.230
102.898 134.570 10.040
102.898 134.570 12.470
102.929 134.464 15.100
102.929 134.464 16.300
102.929 134.464 16.353
102.929 134.465 16.327
102.930 134.460 16.380
102.932 134.454 16.406
102.932 134.455 16.406
102.934 27.870 20.367
102.934 134.447 16.431
102.937 134.437 16.455
102.941 16.928 26.016
102.941 134.425 16.479
102.945 134.411 16.501
102.947 17.403 26.016
102.950 134.396 16.522
102.952 22.198 25.059
102.955 134.378 16.542
102.961 134.360 16.559
102.967 134.339 16.576
102.970 20.641 25.581
102.973 134.318 16.590
102.976 6.984 21.307
102.978 16.453 26.016
102.980 134.295 16.602
102.987 134.272 16.612
102.989 4.469 14.000
102.991 134.744 4.800
102.991 134.744 7.230
102.991 134.744 10.040
102.991 134.744 12.470
102.993 17.876 26.016
102.995 134.248 16.620
103.002 134.223 16.626
103.002 134.225 4.800
103.002 134.225 7.230
103.002 134.225 10.040
103.002 134.225 12.470
103.007 4.510 15.108
103.010 134.198 16.629
103.018 134.172 16.630
103.025 134.147 16.629
103.032 134.610 4.800
103.032 134.610 7.230
103.032 134.610 10.040
103.032 134.610 12.470
103.033 134.122 16.626
103.040 134.097 16.620
103.043 134.091 4.800
103.043 134.091 7.230
103.043 134.091 10.040
103.043 134.091 12.470
103.048 134.072 16.612
103.048 134.073 16.612
103.054 135.086 4.800
103.054 135.086 7.230
103.054 135.086 10.040
103.054 135.086 12.470
103.055 15.984 26.016
103.055 134.049 16.602
103.062 4.639 16.209
103.062 134.026 16.590
103.062 134.027 16.590
103.068 134.005 16.576
103.074 25.653 23.015
103.074 133.985 16.559
103.080 133.966 16.542
103.081 18.343 26.016
103.085 133.949 16.522
103.085 133.961 7.230
103.085 133.961 10.040
103.085 133.974 7.230
103.085 133.974 10.040
103.085 133.987 7.230
103.085 133.987 10.040
103.087 133.948 7.230
103.087 133.948 10.040
103.087 134.000 7.230
103.087 134.000 10.040
103.090 133.933 16.501
103.090 133.935 7.230
103.090 133.935 10.040
103.090 134.012 7.230
103.090 134.012 10.040
103.094 133.919 16.479
103.094 133.922 7.230
103.094 133.922 10.040
103.094 134.025 7.230
103.094 134.025 10.040
103.098 133.907 16.455
103.098 133.908 16.455
103.099 133.910 7.230
103.099 133.910 10.040
103.099 134.037 7.230
103.099 134.037 10.040
103.101 133.898 16.431
103.103 133.890 16.406
103.105 133.884 16.380
103.105 133.899 7.230
103.105 133.899 10.040
103.105 134.049 7.230
103.105 134.049 10.040
103.106 133.879 16.327
103.106 133.880 15.100
103.106 133.880 16.300
103.106 133.881 16.353
103.112 133.888 7.230
103.112 133.888 10.040
103.112 134.060 7.230
103.112 134.060 10.040
103.120 133.877 7.230
103.120 133.877 10.040
103.120 134.070 7.230
103.120 134.070 10.040
103.129 133.868 7.230
103.129 133.868 10.040
103.129 134.080 7.230
103.129 134.080 10.040
103.136 134.266 4.800
103.136 134.266 7.230
103.136 134.266 10.040
103.136 134.266 12.470
103.138 133.859 7.230
103.138 133.859 10.040
103.138 134.089 7.230
103.138 134.089 10.040
103.147 133.746 4.800
103.147 133.746 7.230
103.147 133.746 10.040
103.147 133.746 12.470
103.149 133.851 7.230
103.149 133.851 10.040
103.149 134.097 7.230
103.149 134.097 10.040
103.155 4.855 17.293
103.160 133.844 7.230
103.160 133.844 10.040
103.160 134.104 7.230
103.160 134.104 10.040
103.171 133.838 7.230
103.171 133.838 10.040
103.171 134.110 7.230
103.171 134.110 10.040
103.173 15.524 26.016
103.177 134.132 4.800
103.177 134.132 7.230
103.177 134.132 10.040
103.177 134.132 12.470
103.183 133.833 7.230
103.183 133.833 10.040
103.183 134.115 7.230
103.183 134.115 10.040
103.188 133.613 4.800
103.188 133.613 7.230
103.188 133.613 10.040
103.188 133.613 12.470
103.196 133.829 7.230
103.196 133.829 10.040
103.196 134.119 7.230
103.196 134.119 10.040
103.201 27.344 21.307
103.209 18.801 26.016
103.209 133.826 7.230
103.209 133.826 10.040
103.209 134.121 7.230
103.209 134.121 10.040
103.212 13.223 25.581
103.214 10.514 24.455
103.216 134.551 15.100
103.216 134.551 16.300
103.216 134.551 16.353
103.216 134.552 16.327
103.218 134.547 16.380
103.219 134.542 16.406
103.222 133.824 7.230
103.222 133.824 10.040
103.222 134.123 7.230
103.222 134.123 10.040
103.222 134.534 16.431
103.223 133.494 16.327
103.224 133.492 16.353
103.224 133.493 15.100
103.224 133.493 16.300
103.225 133.489 16.380
103.225 134.524 16.455
103.226 133.483 16.406
103.228 134.512 16.479
103.229 133.475 16.431
103.232 133.465 16.455
103.232 134.498 16.501
103.235 133.453 16.479
103.235 133.454 16.479
103.235 133.824 7.230
103.235 133.824 10.040
103.235 134.124 7.230
103.235 134.124 10.040
103.237 134.483 16.522
103.240 133.440 16.501
103.242 134.466 16.542
103.244 133.424 16.522
103.248 133.824 7.230
103.248 133.824 10.040
103.248 134.123 7.230
103.248 134.123 10.040
103.248 134.447 16.559
103.250 133.407 16.542
103.254 134.426 16.576
103.255 133.388 16.559
103.261 133.368 16.576
103.261 133.826 7.230
103.261 133.826 10.040
103.261 134.121 7.230
103.261 134.121 10.040
103.261 134.405 16.590
103.268 133.346 16.590
103.268 133.347 16.590
103.268 134.382 16.602
103.270 29.858 14.000
103.273 134.119 7.230
103.273 134.119 10.040
103.274 133.829 7.230
103.274 133.829 10.040
103.275 133.324 16.602
103.275 134.359 16.612
103.281 133.787 4.800
103.281 133.787 7.230
103.281 133.787 10.040
103.281 133.787 12.470
103.282 133.300 16.612
103.282 134.335 16.620
103.284 5.157 18.353
103.286 29.816 15.108
103.286 133.833 7.230
103.286 133.833 10.040
103.286 134.115 7.230
103.286 134.115 10.040
103.289 133.276 16.620
103.289 134.310 16.626
103.292 7.574 22.192
103.292 133.268 4.800
103.292 133.268 7.230
103.292 133.268 10.040
103.292 133.268 12.470
103.295 11.669 25.059
103.297 133.251 16.626
103.297 134.285 16.629
103.298 21.100 25.581
103.298 133.838 7.230
103.298 133.838 10.040
103.298 134.110 7.230
103.298 134.110 10.040
103.304 133.226 16.629
103.305 134.259 16.630
103.310 133.844 7.230
103.310 133.844 10.040
103.310 134.104 7.230
103.310 134.104 10.040
103.312 133.201 16.630
103.313 134.234 16.629
103.320 133.175 16.629
103.320 134.209 16.626
103.321 133.851 7.230
103.321 133.851 10.040
103.321 134.096 7.230
103.321 134.096 10.040
103.322 133.653 4.800
103.322 133.653 7.230
103.322 133.653 10.040
103.322 133.653 12.470
103.325 100.325 22.900
103.327 133.150 16.626
103.328 134.184 16.620
103.330 9.356 23.772
103.330 15.075 26.016
103.331 133.859 7.230
103.331 133.859 10.040
103.331 134.089 7.230
103.331 134.089 10.040
103.333 133.134 4.800
103.333 133.134 7.230
103.333 133.134 10.040
103.333 133.134 12.470
103.335 133.125 16.620
103.335 134.160 16.612
103.339 29.686 16.209
103.341 133.868 7.230
103.341 133.868 10.040
103.341 134.080 7.230
103.341 134.080 10.040
103.342 133.101 16.612
103.342 134.136 16.602
103.349 133.078 16.602
103.349 134.114 16.590
103.350 133.877 7.230
103.350 133.877 10.040
103.350 134.070 7.230
103.350 134.070 10.040
103.355 134.092 16.576
103.356 133.055 16.590
103.358 133.888 7.230
103.358 133.888 10.040
103.358 134.060 7.230
103.358 134.060 10.040
103.360 23.809 24.455
103.362 134.072 16.559
103.363 133.033 16.576
103.363 133.034 16.576
103.365 133.899 7.230
103.365 133.899 10.040
103.365 134.049 7.230
103.365 134.049 10.040
103.367 134.053 16.542
103.369 133.013 16.559
103.371 133.910 7.230
103.371 133.910 10.040
103.371 134.037 7.230
103.371 134.037 10.040
103.373 134.036 16.522
103.375 132.995 16.542
103.376 19.246 26.016
103.376 133.922 7.230
103.376 133.922 10.040
103.376 134.025 7.230
103.376 134.025 10.040
103.377 134.020 16.501
103.380 132.977 16.522
103.380 133.935 7.230
103.380 133.935 10.040
103.380 134.012 7.230
103.380 134.012 10.040
103.381 134.006 16.479
103.382 133.948 7.230
103.382 133.948 10.040
103.382 134.000 7.230
103.382 134.000 10.040
103.384 133.961 7.230
103.384 133.961 10.040
103.384 133.987 7.230
103.384 133.987 10.040
103.385 132.962 16.501
103.385 133.974 7.230
103.385 133.974 10.040
103.385 133.995 16.455
103.388 133.985 16.431
103.389 132.948 16.479
103.390 133.977 16.406
103.392 132.936 16.455
103.392 133.971 16.380
103.393 133.967 15.100
103.393 133.967 16.300
103.393 133.968 16.353
103.394 133.967 16.327
103.395 132.926 16.431
103.398 132.918 16.406
103.398 132.919 16.406
103.399 132.913 16.380
103.400 132.909 16.353
103.401 132.908 16.327
103.401 132.909 15.100
103.401 132.909 16.300
103.416 22.652 25.059
103.426 29.468 17.293
103.426 133.309 4.800
103.426 133.309 7.230
103.426 133.309 10.040
103.426 133.309 12.470
103.437 132.789 4.800
103.437 132.789 7.230
103.437 132.789 10.040
103.437 132.789 12.470
103.448 5.542 19.380
103.467 133.175 4.800
103.467 133.175 7.230
103.467 133.175 10.040
103.467 133.175 12.470
103.478 132.655 4.800
103.478 132.655 7.230
103.478 132.655 10.040
103.478 132.655 12.470
103.497 114.420 29.400
103.502 24.964 23.772
103.503 26.747 22.192
103.510 133.581 16.327
103.511 133.579 16.353
103.511 133.580 15.100
103.511 133.580 16.300
103.512 133.576 16.380
103.514 133.570 16.406
103.516 133.562 16.431
103.518 132.521 15.100
103.518 132.521 16.300
103.518 132.521 16.353
103.518 132.522 16.327
103.519 132.517 16.380
103.519 133.553 16.455
103.521 132.512 16.406
103.523 132.504 16.431
103.523 133.541 16.479
103.526 132.494 16.455
103.527 14.642 26.016
103.527 132.502 7.230
103.527 132.502 10.040
103.527 132.515 7.230
103.527 132.515 10.040
103.527 132.528 7.230
103.527 132.528 10.040
103.527 133.527 16.501
103.529 132.489 7.230
103.529 132.489 10.040
103.529 132.541 7.230
103.529 132.541 10.040
103.530 132.482 16.479
103.532 132.476 7.230
103.532 132.476 10.040
103.532 132.554 7.230
103.532 132.554 10.040
103.532 133.511 16.522
103.534 132.468 16.501
103.536 132.464 7.230
103.536 132.464 10.040
103.536 132.566 7.230
103.536 132.566 10.040
103.537 133.494 16.542
103.539 132.453 16.522
103.541 132.452 7.230
103.541 132.452 10.040
103.541 132.578 7.230
103.541 132.578 10.040
103.542 133.475 16.559
103.544 132.435 16.542
103.544 132.436 16.542
103.547 132.440 7.230
103.547 132.440 10.040
103.547 132.590 7.230
103.547 132.590 10.040
103.548 29.163 18.353
103.549 133.455 16.576
103.550 132.417 16.559
103.554 132.429 7.230
103.554 132.429 10.040
103.554 132.601 7.230
103.554 132.601 10.040
103.555 133.434 16.590
103.556 132.397 16.576
103.562 132.375 16.590
103.562 132.419 7.230
103.562 132.419 10.040
103.562 132.612 7.230
103.562 132.612 10.040
103.562 133.411 16.602
103.569 132.352 16.602
103.569 132.353 16.602
103.569 133.388 16.612
103.570 12.787 25.581
103.571 132.409 7.230
103.571 132.409 10.040
103.571 132.621 7.230
103.571 132.621 10.040
103.571 132.830 4.800
103.571 132.830 7.230
103.571 132.830 10.040
103.571 132.830 12.470
103.576 132.329 16.612
103.576 133.363 16.620
103.580 132.400 7.230
103.580 132.400 10.040
103.580 132.630 7.230
103.580 132.630 10.040
103.582 19.675 26.016
103.582 132.311 4.800
103.582 132.311 7.230
103.582 132.311 10.040
103.582 132.311 12.470
103.584 132.305 16.620
103.584 133.338 16.626
103.591 132.280 16.626
103.591 132.392 7.230
103.591 132.392 10.040
103.591 132.638 7.230
103.591 132.638 10.040
103.592 133.313 16.629
103.599 132.255 16.629
103.599 133.288 16.630
103.602 132.385 7.230
103.602 132.385 10.040
103.602 132.645 7.230
103.602 132.645 10.040
103.607 132.229 16.630
103.607 133.262 16.629
103.612 132.696 4.800
103.612 132.696 7.230
103.612 132.696 10.040
103.612 132.696 12.470
103.613 132.379 7.230
103.613 132.379 10.040
103.613 132.651 7.230
103.613 132.651 10.040
103.614 132.204 16.629
103.615 133.237 16.626
103.622 132.179 16.626
103.622 133.212 16.620
103.623 132.177 4.800
103.623 132.177 7.230
103.623 132.177 10.040
103.623 132.177 12.470
103.625 132.374 7.230
103.625 132.374 10.040
103.625 132.656 7.230
103.625 132.656 10.040
103.629 132.154 16.620
103.630 133.188 16.612
103.637 132.130 16.612
103.637 133.165 16.602
103.638 132.370 7.230
103.638 132.370 10.040
103.638 132.660 7.230
103.638 132.660 10.040
103.642 8.229 23.015
103.643 133.142 16.590
103.644 132.106 16.602
103.647 6.008 20.367
103.650 133.121 16.576
103.651 132.084 16.590
103.651 132.367 7.230
103.651 132.367 10.040
103.651 132.663 7.230
103.651 132.663 10.040
103.656 133.100 16.559
103.657 132.062 16.576
103.662 133.082 16.542
103.663 132.042 16.559
103.664 132.366 7.230
103.664 132.366 10.040
103.664 132.665 7.230
103.664 132.665 10.040
103.666 21.528 25.581
103.667 133.064 16.522
103.669 132.023 16.542
103.672 133.049 16.501
103.674 132.006 16.522
103.676 133.035 16.479
103.677 132.365 7.230
103.677 132.365 10.040
103.677 132.665 7.230
103.677 132.665 10.040
103.679 131.990 16.501
103.679 133.023 16.455
103.682 133.013 16.431
103.683 131.977 16.479
103.685 133.006 16.406
103.687 30.018 2.800
103.687 30.018 5.700
103.687 30.018 12.400
103.687 30.018 14.000
103.687 131.965 16.455
103.687 133.000 16.380
103.688 132.995 16.327
103.688 132.996 15.100
103.688 132.996 16.300
103.688 132.996 16.353
103.689 4.192 2.800
103.689 4.192 5.700
103.689 4.192 12.400
103.689 4.192 14.000
103.690 131.955 16.431
103.690 132.366 7.230
103.690 132.366 10.040
103.690 132.665 7.230
103.690 132.665 10.040
103.692 131.947 16.406
103.694 131.941 16.380
103.695 131.936 16.327
103.695 131.937 15.100
103.695 131.937 16.300
103.695 131.937 16.327
103.695 131.938 15.100
103.695 131.938 16.300
103.695 131.938 16.353
103.703 132.367 7.230
103.703 132.367 10.040
103.703 132.663 7.230
103.703 132.663 10.040
103.704 28.774 19.380
103.716 132.352 4.800
103.716 132.352 7.230
103.716 132.352 10.040
103.716 132.352 12.470
103.716 132.370 7.230
103.716 132.370 10.040
103.716 132.660 7.230
103.716 132.660 10.040
103.727 131.832 4.800
103.727 131.832 7.230
103.727 131.832 10.040
103.727 131.832 12.470
103.728 132.374 7.230
103.728 132.374 10.040
103.728 132.656 7.230
103.728 132.656 10.040
103.740 132.379 7.230
103.740 132.379 10.040
103.740 132.651 7.230
103.740 132.651 10.040
103.752 132.385 7.230
103.752 132.385 10.040
103.752 132.645 7.230
103.752 132.645 10.040
103.757 132.218 4.800
103.757 132.218 7.230
103.757 132.218 10.040
103.757 132.218 12.470
103.760 14.228 26.016
103.763 132.392 7.230
103.763 132.392 10.040
103.763 132.638 7.230
103.763 132.638 10.040
103.768 131.698 4.800
103.768 131.698 7.230
103.768 131.698 10.040
103.768 131.698 12.470
103.773 132.400 7.230
103.773 132.400 10.040
103.773 132.630 7.230
103.773 132.630 10.040
103.783 132.409 7.230
103.783 132.409 10.040
103.783 132.621 7.230
103.783 132.621 10.040
103.788 11.246 25.059
103.792 132.419 7.230
103.792 132.419 10.040
103.792 132.612 7.230
103.792 132.612 10.040
103.800 132.429 7.230
103.800 132.429 10.040
103.800 132.601 7.230
103.800 132.601 10.040
103.805 132.608 15.100
103.805 132.608 16.300
103.805 132.608 16.353
103.805 132.609 16.327
103.806 132.604 16.380
103.807 30.061 12.400
103.807 30.061 14.000
103.807 132.440 7.230
103.807 132.440 10.040
103.807 132.590 7.230
103.807 132.590 10.040
103.808 10.088 24.455
103.808 132.599 16.406
103.811 132.591 16.431
103.813 132.452 7.230
103.813 132.452 10.040
103.813 132.578 7.230
103.813 132.578 10.040
103.813 132.581 16.455
103.817 132.569 16.479
103.818 132.464 7.230
103.818 132.464 10.040
103.818 132.566 7.230
103.818 132.566 10.040
103.821 132.556 16.501
103.822 132.476 7.230
103.822 132.476 10.040
103.822 132.554 7.230
103.822 132.554 10.040
103.824 20.083 26.016
103.824 132.489 7.230
103.824 132.489 10.040
103.824 132.541 7.230
103.824 132.541 10.040
103.826 132.502 7.230
103.826 132.502 10.040
103.826 132.528 7.230
103.826 132.528 10.040
103.826 132.540 16.522
103.827 132.515 7.230
103.827 132.515 10.040
103.831 132.523 16.542
103.837 132.504 16.559
103.839 26.084 23.015
103.843 132.484 16.576
103.850 132.462 16.590
103.856 132.440 16.602
103.857 131.403 4.800
103.857 131.403 7.230
103.857 131.403 10.040
103.857 131.403 12.470
103.858 131.402 4.800
103.858 131.402 5.370
103.858 131.402 5.445
103.858 131.402 5.978
103.858 131.402 6.053
103.858 131.402 6.585
103.858 131.402 6.660
103.858 131.402 7.230
103.858 131.402 10.040
103.858 131.402 10.610
103.858 131.402 10.685
103.858 131.402 11.218
103.858 131.402 11.293
103.858 131.402 11.825
103.858 131.402 11.900
103.858 131.402 12.470
103.861 131.873 4.800
103.861 131.873 7.230
103.861 131.873 10.040
103.861 131.873 12.470
103.864 132.416 16.612
103.871 132.392 16.620
103.878 132.367 16.626
103.879 6.550 21.307
103.886 132.342 16.629
103.893 28.304 20.367
103.894 132.316 16.630
103.901 132.291 16.629
103.902 131.739 4.800
103.902 131.739 7.230
103.902 131.739 10.040
103.902 131.739 12.470
103.909 132.266 16.626
103.917 132.241 16.620
103.918 23.064 25.059
103.924 132.217 16.612
103.931 132.193 16.602
103.938 132.171 16.590
103.944 132.149 16.576
103.951 132.129 16.559
103.953 131.431 5.370
103.953 131.431 5.445
103.953 131.431 5.978
103.953 131.431 6.053
103.953 131.431 6.585
103.953 131.431 6.660
103.953 131.431 10.610
103.953 131.431 10.685
103.953 131.431 11.218
103.953 131.431 11.293
103.953 131.431 11.825
103.953 131.431 11.900
103.956 132.110 16.542
103.961 132.093 16.522
103.964 12.383 25.581
103.964 24.221 24.455
103.966 132.077 16.501
103.970 132.064 16.479
103.974 132.052 16.455
103.977 132.042 16.431
103.979 132.034 16.406
103.981 132.029 16.380
103.982 132.024 16.327
103.982 132.025 15.100
103.982 132.025 16.300
103.982 132.025 16.353
103.995 16.962 26.361
103.999 17.345 26.361
104.024 16.579 26.361
104.025 8.945 23.772
104.028 13.836 26.016
104.037 17.727 26.361
104.054 31.398 1.400
104.054 31.398 2.800
104.054 31.398 5.700
104.054 31.398 12.400
104.069 21.923 25.581
104.087 16.201 26.361
104.101 20.470 26.016
104.108 18.104 26.361
104.111 4.046 14.000
104.113 27.757 21.307
104.125 4.089 15.108
104.142 7.166 22.192
104.144 131.490 4.800
104.144 131.490 7.230
104.144 131.490 10.040
104.144 131.490 12.470
104.169 4.222 16.209
104.182 15.830 26.361
104.206 25.360 23.772
104.211 18.473 26.361
104.242 4.446 17.293
104.309 15.468 26.361
104.316 10.867 25.059
104.330 13.468 26.016
104.344 4.758 18.353
104.346 18.832 26.361
104.362 27.136 22.192
104.393 12.016 25.581
104.400 30.255 14.000
104.411 20.831 26.016
104.413 30.213 15.108
104.434 7.849 23.015
104.437 9.716 24.455
104.454 30.078 16.209
104.455 23.431 25.059
104.467 15.119 26.361
104.475 5.156 19.380
104.506 22.281 25.581
104.512 19.177 26.361
104.522 29.853 17.293
104.532 106.410 29.400
104.563 61.458 1.400
104.563 61.458 18.400
104.563 61.458 19.000
104.601 24.580 24.455
104.618 29.539 18.353
104.632 5.637 20.367
104.638 26.446 23.015
104.655 14.785 26.361
104.662 13.128 26.016
104.707 19.507 26.361
104.739 29.138 19.380
104.750 21.163 26.016
104.753 8.596 23.772
104.816 6.198 21.307
104.830 30.378 2.800
104.830 30.378 5.700
104.830 30.378 12.400
104.830 30.378 14.000
104.832 3.832 2.800
104.832 3.832 5.700
104.832 3.832 12.400
104.832 3.832 14.000
104.838 128.168 4.800
104.838 128.168 7.230
104.838 128.168 10.040
104.838 128.168 12.470
104.839 128.168 4.800
104.839 128.168 5.370
104.839 128.168 5.445
104.839 128.168 5.977
104.839 128.168 6.052
104.839 128.168 6.585
104.839 128.168 6.660
104.839 128.168 7.230
104.839 128.168 10.040
104.839 128.168 10.610
104.839 128.168 10.685
104.839 128.168 11.217
104.839 128.168 11.292
104.839 128.168 11.825
104.839 128.168 11.900
104.839 128.168 12.470
104.845 37.835 1.400
104.845 37.835 23.400
104.845 37.835 27.900
104.852 11.687 25.581
104.872 14.468 26.361
104.876 10.536 25.059
104.886 28.653 20.367
104.919 115.587 26.400
104.919 115.587 29.400
104.928 127.872 4.800
104.928 127.872 7.230
104.928 127.872 10.040
104.928 127.872 12.470
104.930 19.819 26.361
104.934 128.197 5.370
104.934 128.197 5.445
104.934 128.197 5.977
104.934 128.197 6.052
104.934 128.197 6.585
104.934 128.197 6.660
104.934 128.197 10.610
104.934 128.197 10.685
104.934 128.197 11.217
104.934 128.197 11.292
104.934 128.197 11.825
104.934 128.197 11.900
104.941 25.693 23.772
104.969 127.738 4.800
104.969 127.738 7.230
104.969 127.738 10.040
104.969 127.738 12.470
104.972 22.600 25.581
105.000 127.632 15.100
105.000 127.632 16.300
105.000 127.633 15.100
105.000 127.633 16.300
105.000 127.633 16.326
105.000 127.634 16.326
105.001 127.632 16.353
105.002 127.629 16.379
105.003 61.592 1.400
105.003 61.592 18.400
105.003 61.592 19.000
105.003 127.623 16.405
105.006 127.615 16.430
105.009 127.605 16.455
105.012 127.593 16.478
105.012 127.594 16.478
105.017 127.580 16.501
105.018 30.427 12.400
105.018 30.427 14.000
105.021 23.750 25.059
105.021 127.564 16.522
105.023 12.818 26.016
105.024 6.833 22.192
105.026 127.547 16.541
105.032 127.528 16.559
105.038 127.508 16.575
105.045 127.486 16.589
105.052 127.464 16.602
105.057 28.089 21.307
105.059 127.440 16.612
105.062 127.913 4.800
105.062 127.913 7.230
105.062 127.913 10.040
105.062 127.913 12.470
105.066 127.416 16.620
105.073 127.393 4.800
105.073 127.393 7.230
105.073 127.393 10.040
105.073 127.393 12.470
105.074 127.391 16.625
105.075 16.997 26.614
105.078 17.286 26.614
105.081 127.366 16.629
105.089 127.341 16.630
105.096 9.400 24.455
105.097 16.709 26.614
105.097 127.315 16.629
105.103 127.779 4.800
105.103 127.779 7.230
105.103 127.779 10.040
105.103 127.779 12.470
105.104 127.290 16.625
105.106 17.574 26.614
105.112 127.265 16.620
105.114 127.259 4.800
105.114 127.259 7.230
105.114 127.259 10.040
105.114 127.259 12.470
105.115 14.172 26.361
105.118 21.465 26.016
105.119 127.241 16.612
105.126 127.217 16.602
105.126 127.218 16.602
105.126 128.255 4.800
105.126 128.255 7.230
105.126 128.255 10.040
105.126 128.255 12.470
105.133 127.195 16.589
105.140 127.173 16.575
105.140 127.174 16.575
105.144 16.423 26.614
105.146 127.153 16.559
105.151 127.135 16.541
105.152 127.134 16.541
105.156 127.142 7.230
105.156 127.142 10.040
105.157 127.117 16.522
105.157 127.129 7.230
105.157 127.129 10.040
105.157 127.155 7.230
105.157 127.155 10.040
105.158 127.116 7.230
105.158 127.116 10.040
105.158 127.168 7.230
105.158 127.168 10.040
105.160 17.858 26.614
105.161 127.102 16.501
105.161 127.103 7.230
105.161 127.103 10.040
105.161 127.181 7.230
105.161 127.181 10.040
105.165 127.091 7.230
105.165 127.091 10.040
105.165 127.193 7.230
105.165 127.193 10.040
105.166 127.088 16.478
105.169 127.076 16.455
105.170 127.079 7.230
105.170 127.079 10.040
105.170 127.206 7.230
105.170 127.206 10.040
105.172 127.066 16.430
105.175 127.058 16.405
105.176 127.053 16.379
105.176 127.067 7.230
105.176 127.067 10.040
105.176 127.217 7.230
105.176 127.217 10.040
105.177 127.049 15.100
105.177 127.049 16.300
105.177 127.049 16.353
105.178 127.048 16.326
105.180 20.110 26.361
105.183 127.056 7.230
105.183 127.056 10.040
105.183 127.228 7.230
105.183 127.228 10.040
105.191 127.046 7.230
105.191 127.046 10.040
105.191 127.239 7.230
105.191 127.239 10.040
105.200 127.036 7.230
105.200 127.036 10.040
105.200 127.248 7.230
105.200 127.248 10.040
105.207 127.434 4.800
105.207 127.434 7.230
105.207 127.434 10.040
105.207 127.434 12.470
105.210 127.027 7.230
105.210 127.027 10.040
105.210 127.257 7.230
105.210 127.257 10.040
105.216 16.143 26.614
105.218 126.915 4.800
105.218 126.915 7.230
105.218 126.915 10.040
105.218 126.915 12.470
105.220 127.019 7.230
105.220 127.019 10.040
105.220 127.265 7.230
105.220 127.265 10.040
105.231 127.012 7.230
105.231 127.012 10.040
105.231 127.272 7.230
105.231 127.272 10.040
105.237 18.136 26.614
105.243 127.006 7.230
105.243 127.006 10.040
105.243 127.278 7.230
105.243 127.278 10.040
105.248 127.300 4.800
105.248 127.300 7.230
105.248 127.300 10.040
105.248 127.300 12.470
105.251 27.448 22.192
105.255 7.540 23.015
105.255 127.001 7.230
105.255 127.001 10.040
105.255 127.283 7.230
105.255 127.283 10.040
105.259 126.781 4.800
105.259 126.781 7.230
105.259 126.781 10.040
105.259 126.781 12.470
105.265 3.723 14.000
105.266 24.881 24.455
105.267 126.997 7.230
105.267 126.997 10.040
105.267 127.287 7.230
105.267 127.287 10.040
105.276 3.767 15.108
105.280 126.994 7.230
105.280 126.994 10.040
105.280 127.290 7.230
105.280 127.290 10.040
105.287 127.721 16.326
105.288 127.719 16.353
105.288 127.720 15.100
105.288 127.720 16.300
105.289 127.716 16.379
105.291 127.710 16.405
105.293 126.993 7.230
105.293 126.993 10.040
105.293 127.292 7.230
105.293 127.292 10.040
105.293 127.702 16.430
105.295 126.661 15.100
105.295 126.661 16.300
105.295 126.661 16.353
105.295 126.662 16.326
105.296 126.657 16.379
105.296 127.692 16.455
105.298 126.652 16.405
105.300 126.644 16.430
105.300 127.681 16.478
105.303 126.634 16.455
105.304 127.667 16.501
105.306 126.992 7.230
105.306 126.992 10.040
105.306 127.292 7.230
105.306 127.292 10.040
105.307 126.622 16.478
105.308 3.903 16.209
105.308 127.651 16.522
105.311 15.870 26.614
105.311 126.608 16.501
105.314 127.634 16.541
105.316 126.593 16.522
105.319 126.993 7.230
105.319 126.993 10.040
105.319 127.292 7.230
105.319 127.292 10.040
105.319 127.615 16.559
105.321 126.575 16.541
105.321 126.576 16.541
105.326 127.595 16.575
105.327 126.557 16.559
105.332 126.994 7.230
105.332 126.994 10.040
105.332 127.290 7.230
105.332 127.290 10.040
105.332 127.574 16.589
105.333 126.536 16.575
105.333 126.537 16.575
105.337 11.399 25.581
105.338 60.485 5.300
105.338 60.485 7.800
105.338 60.485 11.000
105.338 60.485 13.500
105.339 18.407 26.614
105.339 126.515 16.589
105.339 127.551 16.602
105.345 126.997 7.230
105.345 126.997 10.040
105.345 127.287 7.230
105.345 127.287 10.040
105.346 126.492 16.602
105.346 127.527 16.612
105.352 126.956 4.800
105.352 126.956 7.230
105.352 126.956 10.040
105.352 126.956 12.470
105.353 126.469 16.612
105.353 127.503 16.620
105.357 127.001 7.230
105.357 127.001 10.040
105.357 127.283 7.230
105.357 127.283 10.040
105.361 4.132 17.293
105.361 126.445 16.620
105.361 127.478 16.625
105.363 126.436 4.800
105.363 126.436 7.230
105.363 126.436 10.040
105.363 126.436 12.470
105.368 126.420 16.625
105.368 127.453 16.629
105.369 127.006 7.230
105.369 127.006 10.040
105.369 127.278 7.230
105.369 127.278 10.040
105.376 126.395 16.629
105.376 127.428 16.630
105.381 127.012 7.230
105.381 127.012 10.040
105.381 127.272 7.230
105.381 127.272 10.040
105.383 13.897 26.361
105.383 126.369 16.630
105.384 127.402 16.629
105.391 126.344 16.629
105.392 127.019 7.230
105.392 127.019 10.040
105.392 127.265 7.230
105.392 127.265 10.040
105.392 127.377 16.625
105.393 126.822 4.800
105.393 126.822 7.230
105.393 126.822 10.040
105.393 126.822 12.470
105.399 126.319 16.625
105.399 127.352 16.620
105.402 127.027 7.230
105.402 127.027 10.040
105.402 127.257 7.230
105.402 127.257 10.040
105.404 126.302 4.800
105.404 126.302 7.230
105.404 126.302 10.040
105.404 126.302 12.470
105.406 126.294 16.620
105.406 127.328 16.612
105.409 12.541 26.016
105.412 127.036 7.230
105.412 127.036 10.040
105.412 127.248 7.230
105.412 127.248 10.040
105.413 127.305 16.602
105.414 126.270 16.612
105.420 127.282 16.589
105.421 108.073 29.399
105.421 126.246 16.602
105.421 127.046 7.230
105.421 127.046 10.040
105.421 127.239 7.230
105.421 127.239 10.040
105.422 108.073 29.400
105.427 127.261 16.575
105.428 126.223 16.589
105.428 126.224 16.589
105.429 127.056 7.230
105.429 127.056 10.040
105.429 127.228 7.230
105.429 127.228 10.040
105.431 15.607 26.614
105.433 127.240 16.559
105.434 126.202 16.575
105.436 4.452 18.353
105.436 127.067 7.230
105.436 127.067 10.040
105.436 127.217 7.230
105.436 127.217 10.040
105.439 127.222 16.541
105.440 126.182 16.559
105.442 127.079 7.230
105.442 127.079 10.040
105.442 127.206 7.230
105.442 127.206 10.040
105.444 127.204 16.522
105.446 126.163 16.541
105.447 127.091 7.230
105.447 127.091 10.040
105.447 127.193 7.230
105.447 127.193 10.040
105.449 127.189 16.501
105.451 126.146 16.522
105.451 127.103 7.230
105.451 127.103 10.040
105.451 127.181 7.230
105.451 127.181 10.040
105.453 127.175 16.478
105.454 20.378 26.361
105.454 127.116 7.230
105.454 127.116 10.040
105.454 127.168 7.230
105.454 127.168 10.040
105.455 127.129 7.230
105.455 127.129 10.040
105.455 127.155 7.230
105.455 127.155 10.040
105.456 126.130 16.501
105.456 127.142 7.230
105.456 127.142 10.040
105.456 127.163 16.455
105.459 127.153 16.430
105.460 126.116 16.478
105.460 126.117 16.478
105.461 10.255 25.059
105.462 127.146 16.405
105.463 22.876 25.581
105.463 127.140 16.379
105.464 18.668 26.614
105.464 126.105 16.455
105.465 127.135 16.326
105.465 127.136 15.100
105.465 127.136 16.300
105.465 127.136 16.353
105.467 26.737 23.015
105.467 126.095 16.430
105.469 126.087 16.405
105.471 126.081 16.379
105.472 126.076 16.326
105.472 126.077 15.100
105.472 126.077 16.300
105.472 126.077 16.326
105.472 126.078 16.353
105.497 126.477 4.800
105.497 126.477 7.230
105.497 126.477 10.040
105.497 126.477 12.470
105.508 8.311 23.772
105.509 125.958 4.800
105.509 125.958 7.230
105.509 125.958 10.040
105.509 125.958 12.470
105.510 21.733 26.016
105.531 4.860 19.380
105.538 126.343 4.800
105.538 126.343 7.230
105.538 126.343 10.040
105.538 126.343 12.470
105.549 125.824 4.800
105.549 125.824 7.230
105.549 125.824 10.040
105.549 125.824 12.470
105.562 30.553 14.000
105.571 30.509 15.108
105.573 15.355 26.614
105.582 126.748 15.100
105.582 126.748 16.300
105.582 126.748 16.353
105.582 126.749 16.326
105.583 126.744 16.379
105.585 126.739 16.405
105.587 126.731 16.430
105.589 125.690 15.100
105.589 125.690 16.300
105.589 125.691 16.326
105.590 125.689 16.353
105.590 126.721 16.455
105.591 125.686 16.379
105.592 125.680 16.405
105.594 126.709 16.478
105.595 125.672 16.430
105.598 125.662 16.455
105.598 125.663 16.455
105.598 125.684 7.230
105.598 125.684 10.040
105.598 126.695 16.501
105.599 125.671 7.230
105.599 125.671 10.040
105.599 125.697 7.230
105.599 125.697 10.040
105.600 30.371 16.209
105.600 125.658 7.230
105.600 125.658 10.040
105.600 125.710 7.230
105.600 125.710 10.040
105.601 125.651 16.478
105.603 125.645 7.230
105.603 125.645 10.040
105.603 125.722 7.230
105.603 125.722 10.040
105.603 126.680 16.522
105.605 125.637 16.501
105.607 125.632 7.230
105.607 125.632 10.040
105.607 125.735 7.230
105.607 125.735 10.040
105.608 126.663 16.541
105.610 125.621 16.522
105.612 18.917 26.614
105.612 125.620 7.230
105.612 125.620 10.040
105.612 125.747 7.230
105.612 125.747 10.040
105.613 24.018 25.059
105.614 126.644 16.559
105.615 125.604 16.541
105.618 125.609 7.230
105.618 125.609 10.040
105.618 125.759 7.230
105.618 125.759 10.040
105.620 126.624 16.575
105.621 125.585 16.559
105.625 125.598 7.230
105.625 125.598 10.040
105.625 125.770 7.230
105.625 125.770 10.040
105.626 126.602 16.589
105.627 125.565 16.575
105.633 125.587 7.230
105.633 125.587 10.040
105.633 125.780 7.230
105.633 125.780 10.040
105.633 126.580 16.602
105.634 125.543 16.589
105.634 125.544 16.589
105.640 126.556 16.612
105.641 125.521 16.602
105.642 125.578 7.230
105.642 125.578 10.040
105.642 125.790 7.230
105.642 125.790 10.040
105.642 125.999 4.800
105.642 125.999 7.230
105.642 125.999 10.040
105.642 125.999 12.470
105.646 5.353 20.367
105.648 30.141 17.293
105.648 125.497 16.612
105.648 125.498 16.612
105.648 126.532 16.620
105.652 125.569 7.230
105.652 125.569 10.040
105.652 125.799 7.230
105.652 125.799 10.040
105.654 125.479 4.800
105.654 125.479 7.230
105.654 125.479 10.040
105.654 125.479 12.470
105.655 125.473 16.620
105.655 126.507 16.625
105.662 125.561 7.230
105.662 125.561 10.040
105.662 125.807 7.230
105.662 125.807 10.040
105.663 125.448 16.625
105.663 125.449 16.625
105.663 126.482 16.629
105.670 125.423 16.629
105.671 60.586 5.300
105.671 60.586 7.800
105.671 60.586 11.000
105.671 60.586 13.500
105.671 126.456 16.630
105.673 125.554 7.230
105.673 125.554 10.040
105.673 125.814 7.230
105.673 125.814 10.040
105.674 13.648 26.361
105.678 125.398 16.630
105.678 126.431 16.629
105.683 125.865 4.800
105.683 125.865 7.230
105.683 125.865 10.040
105.683 125.865 12.470
105.685 125.548 7.230
105.685 125.548 10.040
105.685 125.820 7.230
105.685 125.820 10.040
105.686 125.372 16.629
105.686 125.373 16.629
105.686 126.406 16.625
105.693 125.347 16.625
105.694 125.345 4.800
105.694 125.345 7.230
105.694 125.345 10.040
105.694 125.345 12.470
105.694 126.381 16.620
105.697 125.543 7.230
105.697 125.543 10.040
105.697 125.825 7.230
105.697 125.825 10.040
105.699 104.987 26.400
105.699 104.987 29.400
105.701 125.322 16.620
105.701 125.323 16.620
105.701 126.357 16.612
105.702 25.960 23.772
105.708 125.298 16.612
105.708 126.333 16.602
105.709 125.539 7.230
105.709 125.539 10.040
105.709 125.829 7.230
105.709 125.829 10.040
105.715 29.820 18.353
105.715 125.275 16.602
105.715 126.311 16.589
105.721 126.289 16.575
105.722 125.252 16.589
105.722 125.536 7.230
105.722 125.536 10.040
105.722 125.831 7.230
105.722 125.831 10.040
105.727 126.269 16.559
105.729 125.231 16.575
105.733 126.250 16.541
105.735 125.210 16.559
105.735 125.211 16.559
105.735 125.534 7.230
105.735 125.534 10.040
105.735 125.833 7.230
105.735 125.833 10.040
105.736 15.116 26.614
105.738 126.233 16.522
105.740 125.192 16.541
105.743 126.217 16.501
105.746 125.174 16.522
105.747 126.204 16.478
105.748 125.534 7.230
105.748 125.534 10.040
105.748 125.834 7.230
105.748 125.834 10.040
105.750 20.621 26.361
105.750 125.159 16.501
105.751 126.192 16.455
105.754 125.145 16.478
105.754 126.182 16.430
105.755 125.145 16.478
105.756 126.174 16.405
105.758 125.133 16.455
105.758 126.168 16.379
105.759 126.164 15.100
105.759 126.164 16.300
105.759 126.164 16.326
105.759 126.165 16.353
105.761 125.123 16.430
105.761 125.534 7.230
105.761 125.534 10.040
105.761 125.833 7.230
105.761 125.833 10.040
105.763 125.116 16.405
105.764 125.116 16.405
105.765 125.110 16.379
105.766 125.106 15.100
105.766 125.106 16.300
105.766 125.106 16.353
105.767 125.105 16.326
105.774 125.536 7.230
105.774 125.536 10.040
105.774 125.831 7.230
105.774 125.831 10.040
105.780 5.928 21.307
105.780 9.142 24.455
105.780 19.152 26.614
105.787 125.539 7.230
105.787 125.539 10.040
105.787 125.828 7.230
105.787 125.828 10.040
105.788 125.520 4.800
105.788 125.520 7.230
105.788 125.520 10.040
105.788 125.520 12.470
105.799 125.001 4.800
105.799 125.001 7.230
105.799 125.001 10.040
105.799 125.001 12.470
105.799 125.543 7.230
105.799 125.543 10.040
105.799 125.825 7.230
105.799 125.825 10.040
105.802 29.410 19.380
105.812 125.548 7.230
105.812 125.548 10.040
105.812 125.820 7.230
105.812 125.820 10.040
105.818 12.299 26.016
105.823 125.554 7.230
105.823 125.554 10.040
105.823 125.814 7.230
105.823 125.814 10.040
105.828 125.386 4.800
105.828 125.386 7.230
105.828 125.386 10.040
105.828 125.386 12.470
105.834 125.561 7.230
105.834 125.561 10.040
105.834 125.807 7.230
105.834 125.807 10.040
105.839 124.867 4.800
105.839 124.867 7.230
105.839 124.867 10.040
105.839 124.867 12.470
105.845 125.569 7.230
105.845 125.569 10.040
105.845 125.799 7.230
105.845 125.799 10.040
105.846 11.155 25.581
105.854 125.578 7.230
105.854 125.578 10.040
105.854 125.790 7.230
105.854 125.790 10.040
105.863 125.587 7.230
105.863 125.587 10.040
105.863 125.780 7.230
105.863 125.780 10.040
105.871 125.598 7.230
105.871 125.598 10.040
105.871 125.770 7.230
105.871 125.770 10.040
105.876 125.778 16.326
105.877 125.776 16.353
105.877 125.777 15.100
105.877 125.777 16.300
105.878 125.609 7.230
105.878 125.609 10.040
105.878 125.759 7.230
105.878 125.759 10.040
105.878 125.773 16.379
105.880 125.767 16.405
105.882 125.760 16.430
105.884 125.620 7.230
105.884 125.620 10.040
105.884 125.747 7.230
105.884 125.747 10.040
105.885 125.750 16.455
105.888 125.738 16.478
105.889 125.632 7.230
105.889 125.632 10.040
105.889 125.735 7.230
105.889 125.735 10.040
105.893 125.645 7.230
105.893 125.645 10.040
105.893 125.722 7.230
105.893 125.722 10.040
105.893 125.724 16.501
105.896 125.658 7.230
105.896 125.658 10.040
105.896 125.710 7.230
105.896 125.710 10.040
105.897 125.708 16.522
105.898 125.671 7.230
105.898 125.671 10.040
105.898 125.684 7.230
105.898 125.684 10.040
105.898 125.697 7.230
105.898 125.697 10.040
105.903 125.691 16.541
105.906 28.914 20.367
105.908 125.672 16.559
105.914 125.652 16.575
105.919 14.893 26.614
105.921 125.631 16.589
105.925 21.966 26.016
105.928 124.571 4.800
105.928 124.571 7.230
105.928 124.571 10.040
105.928 124.571 12.470
105.928 125.608 16.602
105.929 124.571 4.800
105.929 124.571 5.370
105.929 124.571 5.445
105.929 124.571 5.977
105.929 124.571 6.052
105.929 124.571 6.585
105.929 124.571 6.660
105.929 124.571 7.230
105.929 124.571 10.040
105.929 124.571 10.610
105.929 124.571 10.685
105.929 124.571 11.217
105.929 124.571 11.292
105.929 124.571 11.825
105.929 124.571 11.900
105.929 124.571 12.470
105.932 6.579 22.192
105.933 125.042 4.800
105.933 125.042 7.230
105.933 125.042 10.040
105.933 125.042 12.470
105.935 125.585 16.612
105.942 125.560 16.620
105.950 125.536 16.625
105.956 25.124 24.455
105.957 125.510 16.629
105.965 125.485 16.630
105.968 19.371 26.614
105.973 124.908 4.800
105.973 124.908 7.230
105.973 124.908 10.040
105.973 124.908 12.470
105.973 125.460 16.629
105.977 23.109 25.581
105.980 125.434 16.625
105.985 13.424 26.361
105.988 125.410 16.620
105.995 125.385 16.612
106.001 30.637 2.800
106.001 30.637 5.700
106.001 30.637 12.400
106.001 30.637 14.000
106.002 3.572 2.800
106.002 3.572 5.700
106.002 3.572 12.400
106.002 3.572 14.000
106.002 125.362 16.602
106.009 125.339 16.589
106.016 125.318 16.575
106.022 125.298 16.559
106.025 124.600 5.370
106.025 124.600 5.445
106.025 124.600 5.977
106.025 124.600 6.052
106.025 124.600 6.585
106.025 124.600 6.660
106.025 124.600 10.610
106.025 124.600 10.685
106.025 124.600 11.217
106.025 124.600 11.292
106.025 124.600 11.825
106.025 124.600 11.900
106.027 28.337 21.307
106.028 125.279 16.541
106.033 125.262 16.522
106.038 125.246 16.501
106.042 125.232 16.478
106.045 125.220 16.455
106.048 125.211 16.430
106.051 125.203 16.405
106.052 125.197 16.379
106.053 125.193 16.353
106.054 125.192 16.326
106.054 125.193 15.100
106.054 125.193 16.300
106.067 20.837 26.361
106.070 10.026 25.059
106.091 57.996 5.300
106.091 57.996 7.800
106.091 57.996 11.000
106.091 57.996 13.500
106.101 7.303 23.015
106.121 14.686 26.614
106.164 27.682 22.192
106.172 17.033 26.772
106.174 17.226 26.772
106.175 19.573 26.614
106.187 16.840 26.772
106.193 17.418 26.772
106.216 124.658 4.800
106.216 124.658 7.230
106.216 124.658 10.040
106.216 124.658 12.470
106.218 16.649 26.772
106.226 24.233 25.059
106.229 17.608 26.772
106.247 12.094 26.016
106.266 16.462 26.772
106.281 17.795 26.772
106.285 8.093 23.772
106.315 13.229 26.361
106.317 26.955 23.015
106.330 16.279 26.772
106.341 14.497 26.614
106.349 17.976 26.772
106.358 22.162 26.016
106.374 10.956 25.581
106.399 19.757 26.614
106.401 21.025 26.361
106.410 16.103 26.772
106.425 58.098 5.300
106.425 58.098 7.800
106.425 58.098 11.000
106.425 58.098 13.500
106.433 18.150 26.772
106.444 3.502 14.000
106.450 3.546 15.108
106.463 30.711 12.400
106.463 30.711 14.000
106.470 3.685 16.209
106.484 8.945 24.455
106.484 26.160 23.772
106.503 3.918 17.293
106.505 15.935 26.772
106.510 23.296 25.581
106.531 18.316 26.772
106.550 4.243 18.353
106.576 14.329 26.614
106.609 4.658 19.380
106.614 15.775 26.772
106.637 19.920 26.614
106.644 18.473 26.772
106.661 13.063 26.361
106.664 25.305 24.455
106.681 5.159 20.367
106.692 11.926 26.016
106.695 9.851 25.059
106.737 15.625 26.772
106.737 121.906 1.400
106.737 121.906 19.400
106.744 30.748 14.000
106.750 21.184 26.361
106.750 30.703 15.108
106.764 5.743 21.307
106.766 30.564 16.209
106.770 18.620 26.772
106.794 30.330 17.293
106.806 22.320 26.016
106.825 14.182 26.614
106.834 30.004 18.353
106.855 24.395 25.059
106.859 6.405 22.192
106.872 15.487 26.772
106.884 29.588 19.380
106.889 20.062 26.614
106.908 18.755 26.772
106.918 10.804 25.581
106.944 29.086 20.367
106.964 7.141 23.015
107.010 101.441 19.004
107.010 101.441 20.300
107.010 101.441 20.900
107.015 28.500 21.307
107.019 15.361 26.772
107.020 12.928 26.361
107.024 121.993 1.400
107.024 121.993 19.400
107.057 18.878 26.772
107.057 23.436 25.581
107.079 7.944 23.772
107.084 122.669 19.000
107.085 14.057 26.614
107.095 27.836 22.192
107.112 21.311 26.361
107.149 11.798 26.016
107.153 20.181 26.614
107.176 15.249 26.772
107.184 27.098 23.015
107.189 30.794 2.800
107.189 30.794 5.700
107.189 30.794 12.400
107.189 30.794 14.000
107.190 3.416 2.800
107.190 3.416 5.700
107.190 3.416 12.400
107.190 3.416 14.000
107.202 8.810 24.455
107.217 18.987 26.772
107.253 107.893 26.400
107.253 107.893 29.400
107.266 22.438 26.016
107.279 17.069 26.834
107.280 17.165 26.834
107.281 26.292 23.772
107.286 16.972 26.834
107.290 17.262 26.834
107.302 16.877 26.834
107.307 17.357 26.834
107.326 16.783 26.834
107.334 9.731 25.059
107.334 17.450 26.834
107.342 15.150 26.772
107.356 13.955 26.614
107.358 16.692 26.834
107.368 17.540 26.834
107.385 25.424 24.455
107.386 19.082 26.772
107.389 12.825 26.361
107.398 16.604 26.834
107.409 17.628 26.834
107.425 20.277 26.614
107.446 16.519 26.834
107.459 17.711 26.834
107.472 10.700 25.581
107.474 53.431 5.300
107.474 53.431 7.800
107.474 53.431 11.000
107.474 53.431 13.500
107.483 21.406 26.361
107.496 24.500 25.059
107.500 16.439 26.834
107.515 17.789 26.834
107.517 15.066 26.772
107.562 16.365 26.834
107.562 19.162 26.772
107.578 17.863 26.834
107.613 23.528 25.581
107.617 11.710 26.016
107.629 16.295 26.834
107.634 13.877 26.614
107.636 3.384 14.000
107.639 3.429 15.108
107.647 3.569 16.209
107.647 17.931 26.834
107.660 3.804 17.293
107.678 4.132 18.353
107.698 14.998 26.772
107.700 4.550 19.380
107.703 16.232 26.834
107.706 20.349 26.614
107.722 17.992 26.834
107.728 5.055 20.367
107.736 22.515 26.016
107.744 19.226 26.772
107.760 5.644 21.307
107.766 12.754 26.361
107.781 16.176 26.834
107.797 6.313 22.192
107.802 18.046 26.834
107.809 53.533 5.300
107.809 53.533 7.800
107.809 53.533 11.000
107.809 53.533 13.500
107.838 7.055 23.015
107.841 30.835 12.400
107.841 30.835 14.000
107.862 21.468 26.361
107.865 16.127 26.834
107.882 7.865 23.772
107.884 14.946 26.772
107.886 18.094 26.834
107.919 13.823 26.614
107.930 8.738 24.455
107.931 19.274 26.772
107.940 30.839 14.000
107.941 30.794 15.108
107.945 30.654 16.209
107.952 16.085 26.834
107.953 30.419 17.293
107.964 30.090 18.353
107.974 18.134 26.834
107.977 29.672 19.380
107.981 9.667 25.059
107.991 20.396 26.614
107.994 29.166 20.367
108.013 28.576 21.307
108.034 10.644 25.581
108.035 27.907 22.192
108.042 16.051 26.834
108.059 27.165 23.015
108.065 18.166 26.834
108.074 14.910 26.772
108.085 26.353 23.772
108.090 11.663 26.016
108.114 25.479 24.455
108.122 19.305 26.772
108.135 16.025 26.834
108.144 24.550 25.059
108.147 12.716 26.361
108.159 18.190 26.834
108.176 23.571 25.581
108.206 13.795 26.614
108.209 22.551 26.016
108.227 50.943 5.300
108.227 50.943 7.800
108.227 50.943 11.000
108.227 50.943 13.500
108.231 16.007 26.834
108.244 21.497 26.361
108.255 18.206 26.834
108.266 14.891 26.772
108.279 20.418 26.614
108.315 19.320 26.772
108.315 49.068 1.400
108.315 49.068 18.400
108.315 49.068 19.000
108.315 49.068 20.300
108.327 15.997 26.834
108.351 18.213 26.834
108.387 17.105 14.000
108.387 17.105 26.800
108.387 30.846 2.800
108.387 30.846 5.700
108.387 30.846 12.400
108.387 30.846 14.000
108.388 3.363 2.800
108.388 3.363 5.700
108.388 3.363 12.400
108.388 3.363 14.000
108.409 39.088 5.700
108.409 39.088 12.400
108.409 39.088 14.000
108.423 15.996 26.834
108.448 18.212 26.834
108.460 14.889 26.772
108.495 13.792 26.614
108.508 19.318 26.772
108.520 16.004 26.834
108.531 12.712 26.361
108.544 18.202 26.834
108.563 51.044 5.300
108.563 51.044 7.800
108.563 51.044 11.000
108.563 51.044 13.500
108.565 11.658 26.016
108.568 20.414 26.614
108.598 10.638 25.581
108.615 16.019 26.834
108.627 21.493 26.361
108.630 9.660 25.059
108.639 18.185 26.834
108.652 14.904 26.772
108.661 8.730 24.455
108.685 22.546 26.016
108.689 7.856 23.772
108.701 19.299 26.772
108.709 16.043 26.834
108.716 7.045 23.015
108.732 18.159 26.834
108.740 6.302 22.192
108.741 23.565 25.581
108.754 49.201 1.400
108.754 49.201 18.400
108.754 49.201 19.000
108.754 49.201 20.300
108.762 5.633 21.307
108.781 5.044 20.367
108.784 13.814 26.614
108.794 24.542 25.059
108.797 4.538 19.380
108.800 16.076 26.834
108.811 4.119 18.353
108.821 3.791 17.293
108.823 18.124 26.834
108.829 3.556 16.209
108.834 3.415 15.108
108.835 3.371 14.000
108.843 14.935 26.772
108.845 25.471 24.455
108.856 20.386 26.614
108.888 16.115 26.834
108.891 19.263 26.772
108.893 26.344 23.772
108.910 18.083 26.834
108.913 12.741 26.361
108.937 27.155 23.015
108.945 47.816 1.400
108.945 47.816 23.400
108.973 16.163 26.834
108.978 27.897 22.192
108.993 18.033 26.834
109.009 21.455 26.361
109.014 28.565 21.307
109.030 14.983 26.772
109.039 11.694 26.016
109.046 29.154 20.367
109.053 16.218 26.834
109.069 13.861 26.614
109.072 17.977 26.834
109.074 29.660 19.380
109.077 19.211 26.772
109.097 30.078 18.353
109.115 30.406 17.293
109.127 16.279 26.834
109.128 30.641 16.209
109.136 30.781 15.108
109.138 30.825 14.000
109.140 20.333 26.614
109.145 17.914 26.834
109.158 22.499 26.016
109.161 10.681 25.581
109.196 16.346 26.834
109.213 15.047 26.772
109.213 17.845 26.834
109.258 19.143 26.772
109.259 16.420 26.834
109.274 17.770 26.834
109.278 9.709 25.059
109.291 12.803 26.361
109.302 23.509 25.581
109.316 16.499 26.834
109.329 17.690 26.834
109.349 13.932 26.614
109.365 16.582 26.834
109.376 17.606 26.834
109.386 21.385 26.361
109.389 8.786 24.455
109.389 15.127 26.772
109.407 16.669 26.834
109.416 17.518 26.834
109.419 20.255 26.614
109.428 115.633 1.400
109.428 115.633 26.400
109.432 19.059 26.772
109.441 16.760 26.834
109.441 24.479 25.059
109.448 17.426 26.834
109.467 16.853 26.834
109.472 17.333 26.834
109.481 45.215 2.400
109.481 45.215 6.500
109.481 45.215 9.200
109.481 45.215 13.700
109.485 16.948 26.834
109.488 17.237 26.834
109.494 7.918 23.772
109.494 17.044 26.834
109.495 17.141 26.834
109.508 11.772 26.016
109.558 15.222 26.772
109.572 25.399 24.455
109.584 30.794 2.800
109.584 30.794 5.700
109.584 30.794 12.400
109.584 30.794 14.000
109.585 3.415 2.800
109.585 3.415 5.700
109.585 3.415 12.400
109.585 3.415 14.000
109.591 7.112 23.015
109.599 18.961 26.772
109.622 14.028 26.614
109.625 22.412 26.016
109.663 12.899 26.361
109.680 6.374 22.192
109.689 20.153 26.614
109.696 26.265 23.772
109.717 15.331 26.772
109.718 10.773 25.581
109.755 21.281 26.361
109.756 18.848 26.772
109.760 5.709 21.307
109.769 45.302 2.400
109.769 45.302 6.500
109.769 45.302 9.200
109.769 45.302 13.700
109.811 27.068 23.015
109.830 5.124 20.367
109.857 23.405 25.581
109.867 15.454 26.772
109.885 14.148 26.614
109.891 4.621 19.380
109.902 18.722 26.772
109.916 27.804 22.192
109.919 9.815 25.059
109.941 4.205 18.353
109.950 20.028 26.614
109.953 30.757 12.400
109.953 30.757 14.000
109.953 43.661 2.400
109.953 43.661 6.500
109.953 43.661 9.200
109.953 43.661 13.700
109.969 11.890 26.016
109.980 3.879 17.293
110.005 15.589 26.772
110.008 3.646 16.209
110.010 28.467 21.307
110.017 122.900 1.400
110.017 122.900 26.400
110.024 13.026 26.361
110.025 3.506 15.108
110.030 3.462 14.000
110.038 18.584 26.772
110.079 24.359 25.059
110.083 22.283 26.016
110.094 29.051 20.367
110.111 8.905 24.455
110.114 21.146 26.361
110.131 15.736 26.772
110.137 14.289 26.614
110.160 18.434 26.772
110.166 29.552 19.380
110.199 19.880 26.614
110.208 122.958 1.400
110.208 122.958 23.300
110.208 122.958 26.400
110.208 122.958 26.450
110.225 29.966 18.353
110.240 43.747 2.400
110.240 43.747 6.500
110.240 43.747 9.200
110.240 43.747 13.700
110.243 15.893 26.772
110.265 10.913 25.581
110.269 18.275 26.772
110.271 30.291 17.293
110.290 8.049 23.772
110.291 25.264 24.455
110.305 30.524 16.209
110.325 30.663 15.108
110.331 30.708 14.000
110.342 16.059 26.772
110.343 32.709 5.700
110.343 32.709 12.400
110.343 32.709 14.000
110.364 18.106 26.772
110.373 13.184 26.361
110.376 14.453 26.614
110.400 23.253 25.581
110.417 12.047 26.016
110.426 16.234 26.772
110.434 19.712 26.614
110.444 17.930 26.772
110.457 7.255 23.015
110.459 20.980 26.361
110.489 26.116 23.772
110.494 16.415 26.772
110.508 17.748 26.772
110.528 22.116 26.016
110.546 16.601 26.772
110.549 9.976 25.059
110.556 17.560 26.772
110.581 16.791 26.772
110.588 17.370 26.772
110.599 14.636 26.614
110.600 16.983 26.772
110.602 17.177 26.772
110.610 6.527 22.192
110.653 19.524 26.614
110.674 26.906 23.015
110.705 24.184 25.059
110.708 13.372 26.361
110.748 5.872 21.307
110.773 30.637 2.800
110.773 30.637 5.700
110.773 30.637 12.400
110.773 30.637 14.000
110.774 3.572 2.800
110.774 3.572 5.700
110.774 3.572 12.400
110.774 3.572 14.000
110.789 20.785 26.361
110.797 11.100 25.581
110.806 14.838 26.614
110.819 9.086 24.455
110.842 27.630 22.192
110.850 12.243 26.016
110.855 19.317 26.614
110.869 5.295 20.367
110.879 123.161 1.400
110.879 123.161 23.300
110.929 23.054 25.581
110.956 21.910 26.016
110.967 40.310 1.400
110.967 40.310 20.300
110.973 4.799 19.380
110.983 30.598 12.400
110.983 30.598 14.000
110.994 15.058 26.614
110.994 25.068 24.455
110.994 28.282 21.307
111.024 13.588 26.361
111.039 19.093 26.614
111.050 110.362 1.400
111.050 110.362 26.400
111.056 122.579 1.400
111.056 122.579 23.300
111.059 4.390 18.353
111.072 8.249 23.772
111.101 20.562 26.361
111.127 4.068 17.293
111.129 28.856 20.367
111.162 10.191 25.059
111.163 15.293 26.614
111.175 3.838 16.209
111.202 18.855 26.614
111.204 3.700 15.108
111.213 3.657 14.000
111.244 29.349 19.380
111.264 12.476 26.016
111.267 25.898 23.772
111.308 7.472 23.015
111.310 15.542 26.614
111.311 11.333 25.581
111.313 23.955 25.059
111.320 13.832 26.361
111.339 29.757 18.353
111.343 122.664 1.400
111.343 122.664 23.300
111.344 18.602 26.614
111.365 21.668 26.016
111.392 20.312 26.361
111.413 30.077 17.293
111.435 15.802 26.614
111.437 22.810 25.581
111.463 18.339 26.614
111.467 30.306 16.209
111.499 30.443 15.108
111.508 9.328 24.455
111.509 30.486 14.000
111.519 26.670 23.015
111.523 6.761 22.192
111.537 16.073 26.614
111.550 40.487 1.400
111.550 40.487 20.300
111.559 18.066 26.614
111.594 14.100 26.361
111.615 16.351 26.614
111.631 17.786 26.614
111.639 40.195 1.400
111.639 40.195 4.400
111.639 40.195 4.600
111.639 40.195 14.100
111.639 40.195 14.600
111.639 40.195 20.300
111.657 12.745 26.016
111.660 20.038 26.361
111.668 16.636 26.614
111.678 17.501 26.614
111.678 24.810 24.455
111.697 16.923 26.614
111.697 40.004 4.400
111.697 40.004 4.600
111.697 40.004 14.100
111.697 40.004 14.600
111.698 116.320 18.840
111.700 17.212 26.614
111.701 116.309 8.200
111.701 116.309 18.600
111.701 116.310 19.080
111.710 116.280 19.319
111.718 6.121 21.307
111.725 116.230 19.554
111.745 116.161 19.784
111.750 27.376 22.192
111.752 21.391 26.016
111.754 10.459 25.059
111.758 116.327 8.770
111.758 116.327 8.845
111.758 116.327 9.520
111.758 116.327 9.595
111.758 116.327 10.270
111.758 116.327 10.345
111.758 116.327 11.020
111.758 116.327 11.095
111.758 116.327 11.770
111.758 116.327 11.845
111.758 116.327 12.520
111.758 116.327 12.595
111.758 116.327 13.270
111.758 116.327 13.345
111.758 116.327 14.020
111.758 116.327 14.095
111.758 116.327 14.770
111.758 116.327 14.845
111.758 116.327 15.520
111.758 116.327 15.595
111.758 116.327 16.270
111.758 116.327 16.345
111.758 116.327 17.020
111.758 116.327 17.095
111.758 116.327 17.770
111.758 116.327 17.845
111.758 116.327 18.520
111.758 116.327 18.595
111.758 116.327 19.270
111.758 116.327 19.345
111.758 116.327 20.020
111.758 116.327 20.095
111.758 116.327 20.770
111.758 116.327 20.845
111.772 116.073 20.006
111.803 11.610 25.581
111.804 115.967 20.220
111.809 116.159 8.200
111.809 116.159 21.589
111.834 8.517 23.772
111.842 115.844 20.423
111.844 14.391 26.361
111.850 116.025 8.200
111.850 116.025 21.589
111.854 116.356 8.770
111.854 116.356 8.845
111.854 116.356 9.520
111.854 116.356 9.595
111.854 116.356 10.270
111.854 116.356 10.345
111.854 116.356 11.020
111.854 116.356 11.095
111.854 116.356 11.770
111.854 116.356 11.845
111.854 116.356 12.520
111.854 116.356 12.595
111.854 116.356 13.270
111.854 116.356 13.345
111.854 116.356 14.020
111.854 116.356 14.095
111.854 116.356 14.770
111.854 116.356 14.845
111.854 116.356 15.520
111.854 116.356 15.595
111.854 116.356 16.270
111.854 116.356 16.345
111.854 116.356 17.020
111.854 116.356 17.095
111.854 116.356 17.770
111.854 116.356 17.845
111.854 116.356 18.520
111.854 116.356 18.595
111.854 116.356 19.270
111.854 116.356 19.345
111.854 116.356 20.020
111.854 116.356 20.095
111.854 116.356 20.770
111.854 116.356 20.845
111.884 115.704 20.614
111.889 5.556 20.367
111.899 23.673 25.059
111.901 116.684 2.600
111.901 116.684 5.140
111.903 19.741 26.361
111.923 22.522 25.581
111.931 115.548 20.791
111.943 30.378 2.800
111.943 30.378 5.700
111.943 30.378 12.400
111.943 30.378 14.000
111.943 116.199 8.200
111.943 116.199 21.589
111.944 3.831 2.800
111.944 3.831 5.700
111.944 3.831 12.400
111.944 3.831 14.000
111.954 115.680 8.200
111.954 115.680 21.589
111.959 28.012 21.307
111.983 115.378 20.954
111.984 116.065 8.200
111.984 116.065 21.589
111.985 116.407 18.840
111.987 116.397 19.080
111.988 116.397 8.200
111.988 116.397 18.600
111.995 115.546 8.200
111.995 115.546 21.589
111.997 116.367 19.319
112.012 116.318 19.554
112.022 25.614 23.772
112.024 13.046 26.016
112.032 116.249 19.784
112.036 5.072 19.380
112.038 115.196 21.100
112.059 116.161 20.006
112.067 14.702 26.361
112.088 115.721 8.200
112.088 115.721 21.589
112.091 116.054 20.220
112.092 116.742 2.600
112.092 116.742 5.140
112.097 115.002 21.230
112.099 115.202 8.200
112.099 115.202 21.589
112.112 21.081 26.016
112.119 19.425 26.361
112.129 115.587 8.200
112.129 115.587 21.589
112.129 115.931 20.423
112.136 7.763 23.015
112.140 115.068 8.200
112.140 115.068 21.589
112.142 28.572 20.367
112.157 4.671 18.353
112.159 114.797 21.341
112.171 115.791 20.614
112.174 9.630 24.455
112.176 116.465 18.840
112.179 116.455 1.400
112.179 116.455 2.600
112.179 116.455 8.200
112.179 116.455 18.600
112.179 116.455 19.080
112.179 116.455 23.300
112.179 116.455 26.400
112.179 116.455 26.450
112.188 116.425 19.319
112.203 116.376 19.554
112.218 115.635 20.791
112.223 114.585 21.433
112.224 116.307 19.784
112.233 115.242 8.200
112.233 115.242 21.589
112.243 118.519 2.600
112.243 118.519 3.650
112.244 114.723 8.200
112.244 114.723 21.589
112.250 116.219 20.006
112.252 4.356 17.293
112.255 103.639 1.400
112.255 103.639 19.400
112.261 117.220 1.400
112.261 117.220 2.600
112.261 117.220 23.300
112.263 15.032 26.361
112.269 11.928 25.581
112.270 115.466 20.954
112.274 115.108 8.200
112.274 115.108 21.589
112.283 116.112 20.220
112.285 114.589 8.200
112.285 114.589 21.589
112.290 114.365 21.505
112.291 118.502 1.400
112.291 118.502 2.600
112.291 118.502 23.300
112.295 118.352 2.600
112.295 118.352 3.650
112.300 29.054 19.380
112.307 19.091 26.361
112.320 4.131 16.209
112.320 10.778 25.059
112.320 115.989 20.423
112.325 115.283 21.100
112.337 24.494 24.455
112.341 26.360 23.015
112.357 115.177 2.600
112.357 115.177 5.140
112.358 114.140 21.558
112.361 3.997 15.108
112.363 115.849 20.614
112.364 13.379 26.016
112.374 3.954 14.000
112.378 114.764 8.200
112.378 114.764 21.589
112.382 22.194 25.581
112.384 115.089 21.230
112.389 114.245 8.200
112.389 114.245 21.589
112.410 115.693 20.791
112.410 118.571 2.600
112.410 118.571 3.650
112.413 7.074 22.192
112.419 114.630 8.200
112.419 114.630 21.589
112.427 113.912 21.589
112.429 15.378 26.361
112.430 29.452 18.353
112.430 114.111 8.200
112.430 114.111 21.589
112.438 118.482 3.100
112.438 118.482 3.150
112.443 118.466 3.100
112.443 118.466 3.150
112.445 20.741 26.016
112.446 114.884 21.341
112.458 23.342 25.059
112.461 115.524 20.954
112.462 118.405 2.600
112.462 118.405 3.650
112.466 18.741 26.361
112.467 116.541 1.400
112.467 116.541 2.600
112.467 116.541 23.300
112.497 113.682 21.600
112.510 114.672 21.433
112.517 115.341 21.100
112.523 114.285 8.200
112.523 114.285 21.589
112.532 29.764 17.293
112.534 113.766 8.200
112.534 113.766 21.589
112.542 103.727 1.400
112.542 103.727 19.400
112.542 103.727 20.300
112.549 115.235 2.600
112.549 115.235 5.140
112.557 114.520 2.600
112.557 114.520 5.140
112.564 15.737 26.361
112.564 114.151 8.200
112.564 114.151 21.589
112.567 113.452 21.589
112.569 8.850 23.772
112.575 113.632 8.200
112.575 113.632 21.589
112.575 115.147 21.230
112.577 114.452 21.505
112.578 118.587 1.400
112.578 118.587 23.300
112.580 118.518 2.600
112.580 118.518 3.650
112.586 118.548 2.600
112.586 118.548 3.650
112.593 18.380 26.361
112.603 118.497 2.600
112.603 118.497 3.650
112.606 29.987 16.209
112.616 118.558 2.600
112.616 118.558 3.650
112.632 118.507 2.600
112.632 118.507 3.650
112.633 27.044 22.192
112.636 113.223 21.558
112.637 114.942 21.341
112.638 118.537 2.600
112.638 118.537 3.650
112.645 114.227 21.558
112.645 117.334 1.400
112.645 117.334 2.600
112.645 117.334 23.300
112.649 30.121 15.108
112.662 6.453 21.307
112.663 30.163 14.000
112.667 16.106 26.361
112.668 113.807 8.200
112.668 113.807 21.589
112.673 13.739 26.016
112.679 113.288 8.200
112.679 113.288 21.589
112.688 18.008 26.361
112.702 114.730 21.433
112.704 112.998 21.505
112.705 12.286 25.581
112.709 113.673 8.200
112.709 113.673 21.589
112.714 113.999 21.589
112.720 113.154 8.200
112.720 113.154 21.589
112.721 2.812 1.400
112.721 2.812 2.800
112.721 2.812 5.700
112.721 2.812 12.400
112.738 16.483 26.361
112.746 20.374 26.016
112.748 114.578 2.600
112.748 114.578 5.140
112.750 17.630 26.361
112.750 25.265 23.772
112.768 114.510 21.505
112.771 112.779 21.433
112.775 16.864 26.361
112.780 17.248 26.361
112.784 113.769 21.600
112.785 103.800 1.400
112.785 103.800 20.300
112.791 101.872 4.800
112.791 101.872 5.370
112.791 101.872 5.445
112.791 101.872 5.978
112.791 101.872 6.053
112.791 101.872 6.585
112.791 101.872 6.660
112.791 101.872 7.230
112.791 101.872 10.040
112.791 101.872 10.610
112.791 101.872 10.685
112.791 101.872 11.218
112.791 101.872 11.293
112.791 101.872 11.825
112.791 101.872 11.900
112.791 101.872 12.470
112.810 21.826 25.581
112.811 9.988 24.455
112.813 113.328 8.200
112.813 113.328 21.589
112.824 112.809 8.200
112.824 112.809 21.589
112.835 112.566 21.341
112.836 114.285 21.558
112.854 113.194 8.200
112.854 113.194 21.589
112.854 113.539 21.589
112.856 11.145 25.059
112.865 112.675 8.200
112.865 112.675 21.589
112.866 118.608 2.600
112.866 118.608 3.650
112.872 118.638 2.600
112.872 118.638 3.650
112.881 101.576 4.800
112.881 101.576 7.230
112.881 101.576 10.040
112.881 101.576 12.470
112.882 5.905 20.367
112.887 101.901 5.370
112.887 101.901 5.445
112.887 101.901 5.978
112.887 101.901 6.053
112.887 101.901 6.585
112.887 101.901 6.660
112.887 101.901 10.610
112.887 101.901 10.685
112.887 101.901 11.218
112.887 101.901 11.293
112.887 101.901 11.825
112.887 101.901 11.900
112.889 118.587 2.600
112.889 118.587 3.650
112.896 27.659 21.307
112.897 112.362 21.230
112.902 118.648 2.600
112.902 118.648 3.650
112.906 114.057 21.589
112.918 118.597 2.600
112.918 118.597 3.650
112.921 101.442 4.800
112.921 101.442 7.230
112.921 101.442 10.040
112.921 101.442 12.470
112.923 113.310 21.558
112.925 118.627 2.600
112.925 118.627 3.650
112.936 8.126 23.015
112.950 14.126 26.016
112.952 101.338 16.327
112.953 101.336 16.353
112.953 101.337 15.100
112.953 101.337 16.300
112.953 101.337 16.353
112.954 101.333 16.380
112.956 101.327 16.406
112.956 112.168 21.100
112.958 101.320 16.431
112.958 112.850 8.200
112.958 112.850 21.589
112.961 101.310 16.455
112.965 101.298 16.479
112.966 24.121 24.455
112.969 101.284 16.501
112.970 112.331 8.200
112.970 112.331 21.589
112.973 101.268 16.522
112.973 101.269 16.522
112.975 113.827 21.600
112.979 101.251 16.542
112.983 103.202 19.000
112.984 101.232 16.559
112.984 101.233 16.559
112.986 22.964 25.059
112.991 101.212 16.576
112.991 113.086 21.505
112.997 101.191 16.590
112.999 112.716 8.200
112.999 112.716 21.589
113.004 101.168 16.602
113.010 112.197 8.200
113.010 112.197 21.589
113.011 101.145 16.612
113.011 111.985 20.954
113.013 113.013 2.600
113.013 113.013 5.140
113.015 19.981 26.016
113.015 101.617 4.800
113.015 101.617 7.230
113.015 101.617 10.040
113.015 101.617 12.470
113.018 101.120 16.620
113.018 101.121 16.620
113.026 101.096 16.626
113.026 101.098 4.800
113.026 101.098 7.230
113.026 101.098 10.040
113.026 101.098 12.470
113.034 101.070 16.629
113.034 101.071 16.629
113.041 101.045 16.630
113.045 113.597 21.589
113.049 101.020 16.629
113.055 101.483 4.800
113.055 101.483 7.230
113.055 101.483 10.040
113.055 101.483 12.470
113.057 100.994 16.626
113.057 100.995 16.626
113.058 112.866 21.433
113.063 111.815 20.791
113.064 100.970 16.620
113.066 100.964 4.800
113.066 100.964 7.230
113.066 100.964 10.040
113.066 100.964 12.470
113.070 5.435 19.380
113.071 100.945 16.612
113.078 101.959 4.800
113.078 101.959 7.230
113.078 101.959 10.040
113.078 101.959 12.470
113.079 100.922 16.602
113.085 100.899 16.590
113.086 30.017 2.800
113.086 30.017 5.700
113.086 30.017 12.400
113.086 30.017 14.000
113.087 4.192 2.800
113.087 4.192 5.700
113.087 4.192 12.400
113.087 4.192 14.000
113.092 100.878 16.576
113.098 100.858 16.559
113.103 112.371 8.200
113.103 112.371 21.589
113.104 100.839 16.542
113.108 100.847 7.230
113.108 100.847 10.040
113.109 12.681 25.581
113.109 100.822 16.522
113.109 100.834 7.230
113.109 100.834 10.040
113.109 100.860 7.230
113.109 100.860 10.040
113.110 111.660 20.614
113.111 100.821 7.230
113.111 100.821 10.040
113.111 100.873 7.230
113.111 100.873 10.040
113.113 100.808 7.230
113.113 100.808 10.040
113.113 100.885 7.230
113.113 100.885 10.040
113.114 100.806 16.501
113.114 113.368 21.558
113.115 111.852 8.200
113.115 111.852 21.589
113.117 100.795 7.230
113.117 100.795 10.040
113.117 100.898 7.230
113.117 100.898 10.040
113.118 100.792 16.479
113.121 100.780 16.455
113.122 100.783 7.230
113.122 100.783 10.040
113.122 100.910 7.230
113.122 100.910 10.040
113.122 112.653 21.341
113.124 100.771 16.431
113.127 28.201 20.367
113.127 100.763 16.406
113.128 100.772 7.230
113.128 100.772 10.040
113.128 100.922 7.230
113.128 100.922 10.040
113.129 100.757 16.380
113.130 100.752 16.327
113.130 100.753 15.100
113.130 100.753 16.300
113.130 100.753 16.353
113.130 100.754 16.353
113.132 25.980 23.015
113.135 100.761 7.230
113.135 100.761 10.040
113.135 100.933 7.230
113.135 100.933 10.040
113.143 100.750 7.230
113.143 100.750 10.040
113.143 100.943 7.230
113.143 100.943 10.040
113.144 112.237 8.200
113.144 112.237 21.589
113.152 100.740 7.230
113.152 100.740 10.040
113.152 100.953 7.230
113.152 100.953 10.040
113.152 111.520 20.423
113.152 118.698 2.600
113.152 118.698 3.650
113.155 111.718 8.200
113.155 111.718 21.589
113.158 118.728 2.600
113.158 118.728 3.650
113.160 101.139 4.800
113.160 101.139 7.230
113.160 101.139 10.040
113.160 101.139 12.470
113.162 100.732 7.230
113.162 100.732 10.040
113.162 100.961 7.230
113.162 100.961 10.040
113.171 100.619 4.800
113.171 100.619 7.230
113.171 100.619 10.040
113.171 100.619 12.470
113.172 100.724 7.230
113.172 100.724 10.040
113.172 100.969 7.230
113.172 100.969 10.040
113.175 118.677 2.600
113.175 118.677 3.650
113.183 100.717 7.230
113.183 100.717 10.040
113.183 100.976 7.230
113.183 100.976 10.040
113.183 113.144 21.505
113.184 112.449 21.230
113.188 118.738 2.600
113.188 118.738 3.650
113.190 111.396 20.220
113.193 14.535 26.016
113.195 100.711 7.230
113.195 100.711 10.040
113.195 100.982 7.230
113.195 100.982 10.040
113.200 101.005 4.800
113.200 101.005 7.230
113.200 101.005 10.040
113.200 101.005 12.470
113.204 118.687 2.600
113.204 118.687 3.650
113.205 21.422 25.581
113.205 113.071 2.600
113.205 113.071 5.140
113.207 100.706 7.230
113.207 100.706 10.040
113.207 100.987 7.230
113.207 100.987 10.040
113.211 100.485 4.800
113.211 100.485 7.230
113.211 100.485 10.040
113.211 100.485 12.470
113.211 118.717 2.600
113.211 118.717 3.650
113.212 112.356 2.600
113.212 112.356 5.140
113.219 100.702 7.230
113.219 100.702 10.040
113.219 100.991 7.230
113.219 100.991 10.040
113.222 111.290 20.006
113.226 5.046 18.353
113.232 100.699 7.230
113.232 100.699 10.040
113.232 100.994 7.230
113.232 100.994 10.040
113.240 101.424 15.100
113.240 101.424 16.300
113.240 101.424 16.353
113.240 101.425 16.327
113.241 101.420 16.380
113.243 101.415 16.406
113.243 112.255 21.100
113.245 100.697 7.230
113.245 100.697 10.040
113.245 100.996 7.230
113.245 100.996 10.040
113.245 101.407 16.431
113.247 100.365 15.100
113.247 100.365 16.300
113.247 100.365 16.353
113.247 100.366 15.100
113.247 100.366 16.300
113.247 100.366 16.327
113.248 19.567 26.016
113.248 100.362 16.380
113.248 101.397 16.455
113.249 111.202 19.784
113.249 111.893 8.200
113.249 111.893 21.589
113.249 112.924 21.433
113.250 100.356 16.406
113.252 100.348 16.431
113.252 101.385 16.479
113.255 100.338 16.455
113.256 101.371 16.501
113.258 100.697 7.230
113.258 100.697 10.040
113.258 100.997 7.230
113.258 100.997 10.040
113.259 100.326 16.479
113.259 100.327 16.479
113.260 111.374 8.200
113.260 111.374 21.589
113.261 101.356 16.522
113.263 100.313 16.501
113.266 101.338 16.542
113.268 100.297 16.522
113.270 111.133 19.554
113.271 100.697 7.230
113.271 100.697 10.040
113.271 100.996 7.230
113.271 100.996 10.040
113.272 7.463 22.192
113.272 9.246 23.772
113.272 101.320 16.559
113.273 100.280 16.542
113.278 101.299 16.576
113.279 100.261 16.559
113.284 100.699 7.230
113.284 100.699 10.040
113.284 100.994 7.230
113.284 100.994 10.040
113.284 101.278 16.590
113.285 100.241 16.576
113.285 111.083 19.319
113.289 111.759 8.200
113.289 111.759 21.589
113.291 100.219 16.590
113.291 101.255 16.602
113.292 100.219 16.590
113.294 111.053 19.080
113.294 111.054 8.200
113.294 111.054 18.600
113.297 100.702 7.230
113.297 100.702 10.040
113.297 100.991 7.230
113.297 100.991 10.040
113.297 111.044 18.840
113.298 100.197 16.602
113.298 101.232 16.612
113.298 112.072 20.954
113.300 111.240 8.200
113.300 111.240 21.589
113.305 100.173 16.612
113.305 100.660 4.800
113.305 100.660 7.230
113.305 100.660 10.040
113.305 100.660 12.470
113.306 100.173 16.612
113.306 101.208 16.620
113.310 100.706 7.230
113.310 100.706 10.040
113.310 100.988 7.230
113.310 100.988 10.040
113.313 100.149 16.620
113.313 101.183 16.626
113.314 112.711 21.341
113.316 100.141 4.800
113.316 100.141 7.230
113.316 100.141 10.040
113.316 100.141 12.470
113.320 100.124 16.626
113.321 101.158 16.629
113.322 100.711 7.230
113.322 100.711 10.040
113.322 100.983 7.230
113.322 100.983 10.040
113.326 28.667 19.380
113.328 100.099 16.629
113.328 101.132 16.630
113.333 100.717 7.230
113.333 100.717 10.040
113.333 100.976 7.230
113.333 100.976 10.040
113.336 100.074 16.630
113.336 101.107 16.629
113.343 100.048 16.629
113.344 100.724 7.230
113.344 100.724 10.040
113.344 100.969 7.230
113.344 100.969 10.040
113.344 101.082 16.626
113.345 100.526 4.800
113.345 100.526 7.230
113.345 100.526 10.040
113.345 100.526 12.470
113.348 4.742 17.293
113.350 111.902 20.791
113.351 100.023 16.626
113.351 101.057 16.620
113.351 111.072 8.770
113.351 111.072 8.845
113.351 111.072 9.520
113.351 111.072 9.595
113.351 111.072 10.270
113.351 111.072 10.345
113.351 111.072 11.020
113.351 111.072 11.095
113.351 111.072 11.770
113.351 111.072 11.845
113.351 111.072 12.520
113.351 111.072 12.595
113.351 111.072 13.270
113.351 111.072 13.345
113.351 111.072 14.020
113.351 111.072 14.095
113.351 111.072 14.770
113.351 111.072 14.845
113.351 111.072 15.520
113.351 111.072 15.595
113.351 111.072 16.270
113.351 111.072 16.345
113.351 111.072 17.020
113.351 111.072 17.095
113.351 111.072 17.770
113.351 111.072 17.845
113.351 111.072 18.520
113.351 111.072 18.595
113.351 111.072 19.270
113.351 111.072 19.345
113.351 111.072 20.020
113.351 111.072 20.095
113.351 111.072 20.770
113.351 111.072 20.845
113.355 100.732 7.230
113.355 100.732 10.040
113.355 100.961 7.230
113.355 100.961 10.040
113.356 100.007 4.800
113.356 100.007 7.230
113.356 100.007 10.040
113.356 100.007 12.470
113.358 11.557 25.059
113.358 99.998 16.620
113.359 99.998 16.620
113.359 101.033 16.612
113.364 100.741 7.230
113.364 100.741 10.040
113.364 100.953 7.230
113.364 100.953 10.040
113.366 99.974 16.612
113.366 101.009 16.602
113.373 99.950 16.602
113.373 99.951 16.602
113.373 100.750 7.230
113.373 100.750 10.040
113.373 100.943 7.230
113.373 100.943 10.040
113.373 100.986 16.590
113.375 112.507 21.230
113.379 100.965 16.576
113.380 99.928 16.590
113.381 100.761 7.230
113.381 100.761 10.040
113.381 100.933 7.230
113.381 100.933 10.040
113.385 100.945 16.559
113.386 99.906 16.576
113.386 99.907 16.576
113.388 100.772 7.230
113.388 100.772 10.040
113.388 100.922 7.230
113.388 100.922 10.040
113.391 100.926 16.542
113.392 99.886 16.559
113.393 99.886 16.559
113.394 100.783 7.230
113.394 100.783 10.040
113.394 100.910 7.230
113.394 100.910 10.040
113.394 111.414 8.200
113.394 111.414 21.589
113.396 100.909 16.522
113.397 111.747 20.614
113.398 14.963 26.016
113.398 99.867 16.542
113.399 100.795 7.230
113.399 100.795 10.040
113.399 100.898 7.230
113.399 100.898 10.040
113.401 100.893 16.501
113.403 99.850 16.522
113.403 100.808 7.230
113.403 100.808 10.040
113.403 100.885 7.230
113.403 100.885 10.040
113.404 112.414 2.600
113.404 112.414 5.140
113.405 100.879 16.479
113.406 100.820 7.230
113.406 100.820 10.040
113.406 100.873 7.230
113.406 100.873 10.040
113.408 99.835 16.501
113.408 100.833 7.230
113.408 100.833 10.040
113.408 100.847 7.230
113.408 100.847 10.040
113.408 100.860 7.230
113.408 100.860 10.040
113.409 100.868 16.455
113.412 99.821 16.479
113.412 100.858 16.431
113.414 10.401 24.455
113.414 100.850 16.406
113.416 99.809 16.455
113.416 100.844 16.380
113.417 100.839 16.327
113.417 100.840 15.100
113.417 100.840 16.300
113.417 100.841 16.353
113.419 99.799 16.431
113.421 99.791 16.406
113.423 99.786 16.380
113.424 99.781 16.327
113.424 99.782 15.100
113.424 99.782 16.300
113.424 99.782 16.353
113.434 111.280 8.200
113.434 111.280 21.589
113.434 112.313 21.100
113.436 4.523 16.209
113.438 118.788 2.600
113.438 118.788 3.650
113.439 111.607 20.423
113.444 19.134 26.016
113.444 24.853 23.772
113.445 118.818 2.600
113.445 118.818 3.650
113.447 111.101 8.770
113.447 111.101 8.845
113.447 111.101 9.520
113.447 111.101 9.595
113.447 111.101 10.270
113.447 111.101 10.345
113.447 111.101 11.020
113.447 111.101 11.095
113.447 111.101 11.770
113.447 111.101 11.845
113.447 111.101 12.520
113.447 111.101 12.595
113.447 111.101 13.270
113.447 111.101 13.345
113.447 111.101 14.020
113.447 111.101 14.095
113.447 111.101 14.770
113.447 111.101 14.845
113.447 111.101 15.520
113.447 111.101 15.595
113.447 111.101 16.270
113.447 111.101 16.345
113.447 111.101 17.020
113.447 111.101 17.095
113.447 111.101 17.770
113.447 111.101 17.845
113.447 111.101 18.520
113.447 111.101 18.595
113.447 111.101 19.270
113.447 111.101 19.345
113.447 111.101 20.020
113.447 111.101 20.095
113.447 111.101 20.770
113.447 111.101 20.845
113.450 100.181 4.800
113.450 100.181 7.230
113.450 100.181 10.040
113.450 100.181 12.470
113.461 99.662 4.800
113.461 99.662 7.230
113.461 99.662 10.040
113.461 99.662 12.470
113.461 118.767 2.600
113.461 118.767 3.650
113.474 118.827 2.600
113.474 118.827 3.650
113.476 13.109 25.581
113.477 111.483 20.220
113.479 22.540 25.059
113.483 26.636 22.192
113.488 4.393 15.108
113.490 100.047 4.800
113.490 100.047 7.230
113.490 100.047 10.040
113.490 100.047 12.470
113.490 112.130 20.954
113.491 29.052 18.353
113.491 118.777 2.600
113.491 118.777 3.650
113.497 118.807 2.600
113.497 118.807 3.650
113.501 99.528 4.800
113.501 99.528 7.230
113.501 99.528 10.040
113.501 99.528 12.470
113.505 4.351 14.000
113.509 111.377 20.006
113.534 100.453 15.100
113.534 100.453 16.300
113.534 100.454 16.327
113.535 100.452 16.353
113.536 100.449 16.380
113.536 111.289 19.784
113.537 100.443 16.406
113.540 100.435 16.431
113.541 99.395 16.327
113.541 111.960 20.791
113.542 99.394 15.100
113.542 99.394 16.300
113.542 99.394 16.353
113.543 99.390 16.380
113.543 100.425 16.455
113.545 99.385 16.406
113.546 100.414 16.479
113.547 99.377 16.431
113.550 99.367 16.455
113.550 99.388 7.230
113.550 99.388 10.040
113.550 100.400 16.501
113.551 99.375 7.230
113.551 99.375 10.040
113.551 99.401 7.230
113.551 99.401 10.040
113.553 99.355 16.479
113.553 99.362 7.230
113.553 99.362 10.040
113.553 99.414 7.230
113.553 99.414 10.040
113.554 99.355 16.479
113.555 99.349 7.230
113.555 99.349 10.040
113.555 100.384 16.522
113.556 99.427 7.230
113.556 99.427 10.040
113.557 111.220 19.554
113.558 99.341 16.501
113.559 99.337 7.230
113.559 99.337 10.040
113.559 99.439 7.230
113.559 99.439 10.040
113.560 23.695 24.455
113.560 100.367 16.542
113.562 99.326 16.522
113.563 20.986 25.581
113.564 99.325 7.230
113.564 99.325 10.040
113.564 99.451 7.230
113.564 99.451 10.040
113.566 15.408 26.016
113.566 100.348 16.559
113.568 99.308 16.542
113.568 99.309 16.542
113.570 99.463 7.230
113.570 99.463 10.040
113.571 99.313 7.230
113.571 99.313 10.040
113.572 100.328 16.576
113.572 111.170 19.319
113.573 99.290 16.559
113.574 6.866 21.307
113.578 99.302 7.230
113.578 99.302 10.040
113.578 99.474 7.230
113.578 99.474 10.040
113.579 99.269 16.576
113.579 100.306 16.590
113.580 99.269 16.576
113.581 111.141 8.200
113.581 111.141 18.600
113.581 111.141 19.080
113.584 111.131 18.840
113.585 99.292 7.230
113.585 99.292 10.040
113.585 99.484 7.230
113.585 99.484 10.040
113.586 99.248 16.590
113.586 100.284 16.602
113.588 111.805 20.614
113.593 99.225 16.602
113.593 100.260 16.612
113.594 99.282 7.230
113.594 99.282 10.040
113.594 99.494 7.230
113.594 99.494 10.040
113.595 99.703 4.800
113.595 99.703 7.230
113.595 99.703 10.040
113.595 99.703 12.470
113.600 99.202 16.612
113.600 100.236 16.620
113.602 18.686 26.016
113.604 99.273 7.230
113.604 99.273 10.040
113.604 99.503 7.230
113.604 99.503 10.040
113.606 99.184 4.800
113.606 99.184 7.230
113.606 99.184 10.040
113.606 99.184 12.470
113.607 99.178 16.620
113.608 100.211 16.626
113.614 99.265 7.230
113.614 99.265 10.040
113.614 99.511 7.230
113.614 99.511 10.040
113.615 99.153 16.626
113.615 100.186 16.629
113.620 29.354 17.293
113.622 99.128 16.629
113.623 100.161 16.630
113.625 99.258 7.230
113.625 99.258 10.040
113.625 99.518 7.230
113.625 99.518 10.040
113.630 99.102 16.630
113.631 100.135 16.629
113.631 111.665 20.423
113.635 99.569 4.800
113.635 99.569 7.230
113.635 99.569 10.040
113.635 99.569 12.470
113.637 99.252 7.230
113.637 99.252 10.040
113.637 99.524 7.230
113.637 99.524 10.040
113.638 99.077 16.629
113.638 100.110 16.626
113.645 99.052 16.626
113.646 99.050 4.800
113.646 99.050 7.230
113.646 99.050 10.040
113.646 99.050 12.470
113.646 100.085 16.620
113.649 99.247 7.230
113.649 99.247 10.040
113.649 99.529 7.230
113.649 99.529 10.040
113.653 99.027 16.620
113.653 100.061 16.612
113.660 99.003 16.612
113.660 100.038 16.602
113.662 99.243 7.230
113.662 99.243 10.040
113.662 99.533 7.230
113.662 99.533 10.040
113.667 98.979 16.602
113.667 100.015 16.590
113.668 111.541 20.220
113.669 110.849 2.600
113.669 110.849 5.140
113.674 98.957 16.590
113.674 99.240 7.230
113.674 99.240 10.040
113.674 99.536 7.230
113.674 99.536 10.040
113.674 99.994 16.576
113.680 99.973 16.559
113.681 98.935 16.576
113.685 99.955 16.542
113.687 98.915 16.559
113.687 99.239 7.230
113.687 99.239 10.040
113.687 99.537 7.230
113.687 99.537 10.040
113.691 99.937 16.522
113.693 98.896 16.542
113.694 15.866 26.016
113.695 99.922 16.501
113.698 98.879 16.522
113.700 99.238 7.230
113.700 99.238 10.040
113.700 99.538 7.230
113.700 99.538 10.040
113.700 99.908 16.479
113.700 111.435 20.006
113.701 8.556 23.015
113.703 98.863 16.501
113.703 99.896 16.455
113.706 99.886 16.431
113.707 98.849 16.479
113.707 98.850 16.479
113.708 99.879 16.406
113.710 98.838 16.455
113.710 99.873 16.380
113.711 99.869 15.100
113.711 99.869 16.300
113.711 99.869 16.353
113.712 29.570 16.209
113.712 99.868 16.327
113.713 98.828 16.431
113.713 99.239 7.230
113.713 99.239 10.040
113.713 99.537 7.230
113.713 99.537 10.040
113.716 98.820 16.406
113.717 98.814 16.380
113.718 98.811 16.353
113.719 98.809 16.327
113.719 98.810 15.100
113.719 98.810 16.300
113.719 98.810 16.327
113.719 98.811 16.353
113.720 18.225 26.016
113.724 118.878 2.600
113.724 118.878 3.650
113.726 99.240 7.230
113.726 99.240 10.040
113.726 99.536 7.230
113.726 99.536 10.040
113.727 111.347 19.784
113.731 118.908 2.600
113.731 118.908 3.650
113.739 99.243 7.230
113.739 99.243 10.040
113.739 99.533 7.230
113.739 99.533 10.040
113.740 99.224 4.800
113.740 99.224 7.230
113.740 99.224 10.040
113.740 99.224 12.470
113.747 118.857 2.600
113.747 118.857 3.650
113.748 111.278 19.554
113.751 98.705 4.800
113.751 98.705 7.230
113.751 98.705 10.040
113.751 98.705 12.470
113.752 99.247 7.230
113.752 99.247 10.040
113.752 99.529 7.230
113.752 99.529 10.040
113.760 118.917 2.600
113.760 118.917 3.650
113.763 111.228 19.319
113.764 99.252 7.230
113.764 99.252 10.040
113.764 99.524 7.230
113.764 99.524 10.040
113.768 29.700 15.108
113.772 111.199 1.400
113.772 111.199 2.600
113.772 111.199 8.200
113.772 111.199 18.600
113.772 111.199 19.080
113.772 111.199 23.300
113.772 111.199 26.400
113.772 111.199 26.450
113.775 99.258 7.230
113.775 99.258 10.040
113.775 99.518 7.230
113.775 99.518 10.040
113.775 111.189 18.840
113.777 118.867 2.600
113.777 118.867 3.650
113.780 99.090 4.800
113.780 99.090 7.230
113.780 99.090 10.040
113.780 99.090 12.470
113.781 16.333 26.016
113.783 118.897 2.600
113.783 118.897 3.650
113.785 29.741 14.000
113.786 99.265 7.230
113.786 99.265 10.040
113.786 99.511 7.230
113.786 99.511 10.040
113.791 98.571 4.800
113.791 98.571 7.230
113.791 98.571 10.040
113.791 98.571 12.470
113.797 17.756 26.016
113.797 99.273 7.230
113.797 99.273 10.040
113.797 99.503 7.230
113.797 99.503 10.040
113.798 27.226 21.307
113.805 13.568 25.581
113.806 99.282 7.230
113.806 99.282 10.040
113.806 99.494 7.230
113.806 99.494 10.040
113.815 99.292 7.230
113.815 99.292 10.040
113.815 99.484 7.230
113.815 99.484 10.040
113.823 12.011 25.059
113.823 99.302 7.230
113.823 99.302 10.040
113.823 99.474 7.230
113.823 99.474 10.040
113.828 16.807 26.016
113.829 99.481 15.100
113.829 99.481 16.300
113.829 99.481 16.353
113.829 99.482 16.327
113.830 99.313 7.230
113.830 99.313 10.040
113.830 99.463 7.230
113.830 99.463 10.040
113.830 99.477 16.380
113.832 99.472 16.406
113.833 17.282 26.016
113.834 99.464 16.431
113.836 99.325 7.230
113.836 99.325 10.040
113.836 99.451 7.230
113.836 99.451 10.040
113.837 99.454 16.455
113.841 6.339 20.367
113.841 99.337 7.230
113.841 99.337 10.040
113.841 99.439 7.230
113.841 99.439 10.040
113.841 99.442 16.479
113.845 99.349 7.230
113.845 99.349 10.040
113.845 99.427 7.230
113.845 99.427 10.040
113.845 99.428 16.501
113.848 99.362 7.230
113.848 99.362 10.040
113.848 99.414 7.230
113.848 99.414 10.040
113.850 99.375 7.230
113.850 99.375 10.040
113.850 99.388 7.230
113.850 99.388 10.040
113.850 99.401 7.230
113.850 99.401 10.040
113.850 99.413 16.522
113.855 99.396 16.542
113.860 110.907 2.600
113.860 110.907 5.140
113.861 99.377 16.559
113.867 99.357 16.576
113.873 99.335 16.590
113.880 99.313 16.602
113.881 20.520 25.581
113.881 98.275 4.800
113.881 98.275 5.370
113.881 98.275 5.445
113.881 98.275 5.978
113.881 98.275 6.053
113.881 98.275 6.585
113.881 98.275 6.660
113.881 98.275 7.230
113.881 98.275 10.040
113.881 98.275 10.610
113.881 98.275 10.685
113.881 98.275 11.218
113.881 98.275 11.293
113.881 98.275 11.825
113.881 98.275 11.900
113.881 98.275 12.470
113.885 98.746 4.800
113.885 98.746 7.230
113.885 98.746 10.040
113.885 98.746 12.470
113.887 99.289 16.612
113.888 25.533 23.015
113.894 99.265 16.620
113.902 99.240 16.626
113.910 99.215 16.629
113.917 99.189 16.630
113.925 98.612 4.800
113.925 98.612 7.230
113.925 98.612 10.040
113.925 98.612 12.470
113.925 99.164 16.629
113.933 99.139 16.626
113.934 22.076 25.059
113.939 9.701 23.772
113.940 99.114 16.620
113.948 99.090 16.612
113.955 99.066 16.602
113.962 99.044 16.590
113.968 99.022 16.576
113.974 99.002 16.559
113.977 98.304 5.370
113.977 98.304 5.445
113.977 98.304 5.978
113.977 98.304 6.053
113.977 98.304 6.585
113.977 98.304 6.660
113.977 98.304 10.610
113.977 98.304 10.685
113.977 98.304 11.218
113.977 98.304 11.293
113.977 98.304 11.825
113.977 98.304 11.900
113.979 10.864 24.455
113.980 98.983 16.542
113.985 98.966 16.522
113.990 98.950 16.501
113.994 98.937 16.479
113.998 98.925 16.455
114.001 98.915 16.431
114.003 98.907 16.406
114.005 98.901 16.380
114.006 98.897 15.100
114.006 98.897 16.300
114.006 98.897 16.327
114.006 98.898 16.353
114.011 118.968 2.600
114.011 118.968 3.650
114.017 118.998 2.600
114.017 118.998 3.650
114.033 118.947 2.600
114.033 118.947 3.650
114.046 119.007 2.600
114.046 119.007 3.650
114.059 111.288 1.400
114.059 111.288 2.600
114.059 111.288 23.300
114.063 118.956 2.600
114.063 118.956 3.650
114.069 5.888 19.380
114.069 118.987 2.600
114.069 118.987 3.650
114.076 27.746 20.367
114.092 14.054 25.581
114.093 7.925 22.192
114.100 24.383 23.772
114.115 23.219 24.455
114.120 41.903 20.300
114.120 41.903 20.900
114.158 20.028 25.581
114.168 98.363 4.800
114.168 98.363 7.230
114.168 98.363 10.040
114.168 98.363 12.470
114.193 29.558 2.800
114.193 29.558 5.700
114.193 29.558 12.400
114.193 29.558 14.000
114.195 4.650 2.800
114.195 4.650 5.700
114.195 4.650 12.400
114.195 4.650 14.000
114.246 12.505 25.059
114.259 5.514 18.353
114.265 110.608 1.400
114.265 110.608 2.600
114.265 110.608 23.300
114.276 50.876 19.000
114.276 50.876 20.296
114.294 26.155 22.192
114.297 41.319 20.300
114.297 41.319 20.900
114.297 119.058 2.600
114.297 119.058 3.650
114.303 119.088 2.600
114.303 119.088 3.650
114.315 28.192 19.380
114.320 119.037 2.600
114.320 119.037 3.650
114.332 119.097 2.600
114.332 119.097 3.650
114.337 14.562 25.581
114.346 21.573 25.059
114.349 119.047 2.600
114.349 119.047 3.650
114.355 119.077 2.600
114.355 119.077 3.650
114.391 19.514 25.581
114.407 5.221 17.293
114.426 9.052 23.015
114.446 7.357 21.307
114.502 11.375 24.455
114.513 5.011 16.209
114.513 28.562 18.353
114.535 15.091 25.581
114.563 10.213 23.772
114.577 4.886 15.108
114.578 18.982 25.581
114.583 119.148 2.600
114.583 119.148 3.650
114.589 119.178 2.600
114.589 119.178 3.650
114.597 4.846 14.000
114.601 25.021 23.015
114.606 119.127 2.600
114.606 119.127 3.650
114.619 119.187 2.600
114.619 119.187 3.650
114.625 13.033 25.059
114.626 22.696 24.455
114.635 119.136 2.600
114.635 119.136 3.650
114.642 119.167 2.600
114.642 119.167 3.650
114.647 110.726 1.400
114.647 110.726 2.600
114.647 110.726 23.300
114.660 26.715 21.307
114.668 28.851 17.293
114.687 15.634 25.581
114.713 21.037 25.059
114.713 23.857 23.772
114.718 18.435 25.581
114.758 6.856 20.367
114.778 29.059 16.209
114.792 16.189 25.581
114.810 17.878 25.581
114.843 119.336 2.600
114.843 119.336 3.650
114.845 29.183 15.108
114.847 16.751 25.581
114.853 17.315 25.581
114.854 95.068 4.800
114.854 95.068 5.370
114.854 95.068 5.445
114.854 95.068 5.978
114.854 95.068 6.053
114.854 95.068 6.585
114.854 95.068 6.660
114.854 95.068 7.230
114.854 95.068 10.040
114.854 95.068 10.610
114.854 95.068 10.685
114.854 95.068 11.218
114.854 95.068 11.293
114.854 95.068 11.825
114.854 95.068 11.900
114.854 95.068 12.470
114.866 29.222 14.000
114.871 8.457 22.192
114.871 119.247 3.100
114.871 119.247 3.150
114.876 119.231 3.100
114.876 119.231 3.150
114.896 119.170 2.600
114.896 119.170 3.650
114.933 119.145 2.600
114.933 119.145 3.650
114.940 119.182 3.100
114.940 119.182 3.150
114.943 119.115 2.600
114.943 119.115 3.650
114.944 94.772 4.800
114.944 94.772 7.230
114.944 94.772 10.040
114.944 94.772 12.470
114.950 95.097 5.370
114.950 95.097 5.445
114.950 95.097 5.978
114.950 95.097 6.053
114.950 95.097 6.585
114.950 95.097 6.660
114.950 95.097 10.610
114.950 95.097 10.685
114.950 95.097 11.218
114.950 95.097 11.293
114.950 95.097 11.825
114.950 95.097 11.900
114.951 109.726 2.600
114.951 109.726 3.650
114.954 119.168 2.600
114.954 119.168 3.650
114.956 13.592 25.059
114.956 119.187 3.100
114.956 119.187 3.150
114.974 119.109 2.600
114.974 119.109 3.650
114.978 11.930 24.455
114.982 27.209 20.367
114.984 94.638 4.800
114.984 94.638 7.230
114.984 94.638 10.040
114.984 94.638 12.470
114.984 119.162 2.600
114.984 119.162 3.650
114.994 119.132 2.600
114.994 119.132 3.650
115.001 109.558 1.400
115.001 109.558 2.600
115.001 109.558 3.650
115.001 109.558 23.300
115.010 119.389 2.600
115.010 119.389 3.650
115.015 94.534 16.327
115.016 94.532 16.353
115.016 94.533 15.100
115.016 94.533 16.300
115.017 94.529 16.380
115.019 94.523 16.406
115.021 94.515 16.431
115.024 94.505 16.455
115.025 6.426 19.380
115.027 118.859 2.600
115.027 118.859 3.650
115.028 94.493 16.479
115.028 94.494 16.479
115.031 20.471 25.059
115.032 94.480 16.501
115.036 94.464 16.522
115.037 118.830 2.600
115.037 118.830 3.650
115.042 94.447 16.542
115.047 94.428 16.559
115.047 118.883 2.600
115.047 118.883 3.650
115.054 94.408 16.576
115.060 25.606 22.192
115.060 94.386 16.590
115.060 94.387 16.590
115.063 119.222 2.600
115.063 119.222 3.650
115.066 119.343 1.400
115.066 119.343 1.530
115.066 119.343 2.600
115.067 94.364 16.602
115.067 118.824 2.600
115.067 118.824 3.650
115.074 94.340 16.612
115.077 94.813 4.800
115.077 94.813 7.230
115.077 94.813 10.040
115.077 94.813 12.470
115.078 118.877 2.600
115.078 118.877 3.650
115.081 94.316 16.620
115.088 118.847 2.600
115.088 118.847 3.650
115.089 94.291 16.626
115.089 94.294 4.800
115.089 94.294 7.230
115.089 94.294 10.040
115.089 94.294 12.470
115.090 22.131 24.455
115.096 94.266 16.629
115.104 9.609 23.015
115.104 94.241 16.630
115.112 94.215 16.629
115.118 94.679 4.800
115.118 94.679 7.230
115.118 94.679 10.040
115.118 94.679 12.470
115.118 109.776 2.600
115.118 109.776 3.650
115.119 94.190 16.626
115.120 94.190 16.626
115.121 118.574 2.600
115.121 118.574 3.650
115.127 94.165 16.620
115.129 94.160 4.800
115.129 94.160 7.230
115.129 94.160 10.040
115.129 94.160 12.470
115.130 118.545 2.600
115.130 118.545 3.650
115.132 119.126 1.400
115.132 119.126 1.530
115.132 119.126 1.660
115.134 94.141 16.612
115.137 109.715 3.100
115.137 109.715 3.150
115.140 10.778 23.772
115.141 95.155 4.800
115.141 95.155 7.230
115.141 95.155 10.040
115.141 95.155 12.470
115.141 109.699 3.100
115.141 109.699 3.150
115.141 118.598 2.600
115.141 118.598 3.650
115.142 94.118 16.602
115.148 94.095 16.590
115.155 94.073 16.576
115.155 94.074 16.576
115.161 94.053 16.559
115.161 118.539 2.600
115.161 118.539 3.650
115.167 94.035 16.542
115.169 109.609 2.600
115.169 109.609 3.650
115.171 94.042 7.230
115.171 94.042 10.040
115.171 118.592 2.600
115.171 118.592 3.650
115.172 94.017 16.522
115.172 94.029 7.230
115.172 94.029 10.040
115.172 94.055 7.230
115.172 94.055 10.040
115.174 94.016 7.230
115.174 94.016 10.040
115.174 94.068 7.230
115.174 94.068 10.040
115.176 94.003 7.230
115.176 94.003 10.040
115.176 94.081 7.230
115.176 94.081 10.040
115.177 94.002 16.501
115.180 93.991 7.230
115.180 93.991 10.040
115.180 94.094 7.230
115.180 94.094 10.040
115.181 93.988 16.479
115.181 118.562 2.600
115.181 118.562 3.650
115.184 93.976 16.455
115.185 93.979 7.230
115.185 93.979 10.040
115.185 94.106 7.230
115.185 94.106 10.040
115.187 93.966 16.431
115.190 93.958 16.406
115.190 93.959 16.406
115.190 118.934 1.400
115.190 118.934 1.660
115.190 118.934 1.790
115.191 93.953 16.380
115.191 93.967 7.230
115.191 93.967 10.040
115.191 94.117 7.230
115.191 94.117 10.040
115.192 93.953 16.380
115.193 93.948 16.327
115.193 93.949 15.100
115.193 93.949 16.300
115.193 93.949 16.353
115.198 93.956 7.230
115.198 93.956 10.040
115.198 94.128 7.230
115.198 94.128 10.040
115.206 93.946 7.230
115.206 93.946 10.040
115.206 94.139 7.230
115.206 94.139 10.040
115.214 118.289 2.600
115.214 118.289 3.650
115.215 93.936 7.230
115.215 93.936 10.040
115.215 94.148 7.230
115.215 94.148 10.040
115.215 118.138 2.600
115.215 118.138 3.650
115.223 94.334 4.800
115.223 94.334 7.230
115.223 94.334 10.040
115.223 94.334 12.470
115.224 118.260 2.600
115.224 118.260 3.650
115.225 93.927 7.230
115.225 93.927 10.040
115.225 94.157 7.230
115.225 94.157 10.040
115.234 93.815 4.800
115.234 93.815 7.230
115.234 93.815 10.040
115.234 93.815 12.470
115.234 118.313 2.600
115.234 118.313 3.650
115.235 93.919 7.230
115.235 93.919 10.040
115.235 94.165 7.230
115.235 94.165 10.040
115.237 14.178 25.059
115.246 6.070 18.353
115.246 93.912 7.230
115.246 93.912 10.040
115.246 94.172 7.230
115.246 94.172 10.040
115.248 118.743 1.400
115.248 118.743 1.790
115.248 118.743 1.932
115.254 118.254 2.600
115.254 118.254 3.650
115.257 29.005 2.800
115.257 29.005 5.700
115.257 29.005 12.400
115.257 29.005 14.000
115.258 5.204 2.800
115.258 5.204 5.700
115.258 5.204 12.400
115.258 5.204 14.000
115.258 93.906 7.230
115.258 93.906 10.040
115.258 94.178 7.230
115.258 94.178 10.040
115.259 27.633 19.380
115.263 94.200 4.800
115.263 94.200 7.230
115.263 94.200 10.040
115.263 94.200 12.470
115.265 118.307 2.600
115.265 118.307 3.650
115.268 24.449 23.015
115.269 117.972 2.600
115.269 117.972 3.650
115.270 93.901 7.230
115.270 93.901 10.040
115.270 94.183 7.230
115.270 94.183 10.040
115.273 7.922 21.307
115.274 93.681 4.800
115.274 93.681 7.230
115.274 93.681 10.040
115.274 93.681 12.470
115.275 118.277 2.600
115.275 118.277 3.650
115.276 118.158 3.100
115.276 118.158 3.150
115.277 23.280 23.772
115.279 109.748 2.600
115.279 109.748 3.650
115.282 93.897 7.230
115.282 93.897 10.040
115.282 94.187 7.230
115.282 94.187 10.040
115.286 109.779 2.600
115.286 109.779 3.650
115.288 109.647 1.400
115.288 109.647 23.300
115.292 118.164 3.100
115.292 118.164 3.150
115.295 93.894 7.230
115.295 93.894 10.040
115.295 94.190 7.230
115.295 94.190 10.040
115.299 19.879 25.059
115.301 109.727 2.600
115.301 109.727 3.650
115.303 94.619 16.353
115.303 94.620 15.100
115.303 94.620 16.300
115.303 94.621 16.327
115.304 94.616 16.380
115.306 94.610 16.406
115.306 118.551 1.400
115.306 118.551 1.932
115.306 118.551 2.065
115.308 93.893 7.230
115.308 93.893 10.040
115.308 94.192 7.230
115.308 94.192 10.040
115.308 94.602 16.431
115.310 93.561 15.100
115.310 93.561 16.300
115.310 93.561 16.353
115.310 93.562 16.327
115.311 93.557 16.380
115.311 94.593 16.455
115.313 93.552 16.406
115.315 93.544 16.431
115.315 94.581 16.479
115.316 109.787 2.600
115.316 109.787 3.650
115.318 93.534 16.455
115.319 94.567 16.501
115.321 93.892 7.230
115.321 93.892 10.040
115.321 94.192 7.230
115.321 94.192 10.040
115.322 93.522 16.479
115.324 94.551 16.522
115.326 93.508 16.501
115.329 94.534 16.542
115.331 93.493 16.522
115.331 109.736 2.600
115.331 109.736 3.650
115.334 93.893 7.230
115.334 93.893 10.040
115.334 94.192 7.230
115.334 94.192 10.040
115.335 94.515 16.559
115.336 93.475 16.542
115.336 93.476 16.542
115.338 109.766 2.600
115.338 109.766 3.650
115.341 94.495 16.576
115.342 93.457 16.559
115.347 93.894 7.230
115.347 93.894 10.040
115.347 94.190 7.230
115.347 94.190 10.040
115.347 94.474 16.590
115.348 93.437 16.576
115.354 93.415 16.590
115.354 94.451 16.602
115.360 93.897 7.230
115.360 93.897 10.040
115.360 94.187 7.230
115.360 94.187 10.040
115.361 93.392 16.602
115.361 93.393 16.602
115.361 94.428 16.612
115.364 118.360 1.400
115.364 118.360 2.065
115.364 118.360 2.198
115.368 93.369 16.612
115.368 93.856 4.800
115.368 93.856 7.230
115.368 93.856 10.040
115.368 93.856 12.470
115.368 94.403 16.620
115.373 93.901 7.230
115.373 93.901 10.040
115.373 94.183 7.230
115.373 94.183 10.040
115.376 93.345 16.620
115.376 94.378 16.626
115.379 93.336 4.800
115.379 93.336 7.230
115.379 93.336 10.040
115.379 93.336 12.470
115.381 118.193 2.600
115.381 118.193 3.650
115.383 93.320 16.626
115.384 94.353 16.629
115.385 93.906 7.230
115.385 93.906 10.040
115.385 94.178 7.230
115.385 94.178 10.040
115.391 93.295 16.629
115.391 94.328 16.630
115.396 93.912 7.230
115.396 93.912 10.040
115.396 94.172 7.230
115.396 94.172 10.040
115.399 93.269 16.630
115.399 94.302 16.629
115.403 12.524 24.455
115.406 93.244 16.629
115.407 93.919 7.230
115.407 93.919 10.040
115.407 94.165 7.230
115.407 94.165 10.040
115.407 94.277 16.626
115.408 93.722 4.800
115.408 93.722 7.230
115.408 93.722 10.040
115.408 93.722 12.470
115.414 93.219 16.626
115.414 94.252 16.620
115.418 93.927 7.230
115.418 93.927 10.040
115.418 94.157 7.230
115.418 94.157 10.040
115.419 93.203 4.800
115.419 93.203 7.230
115.419 93.203 10.040
115.419 93.203 12.470
115.420 5.791 17.293
115.421 93.194 16.620
115.422 93.194 16.620
115.422 94.228 16.612
115.422 118.169 1.400
115.422 118.169 2.198
115.422 118.169 2.331
115.427 93.936 7.230
115.427 93.936 10.040
115.427 94.148 7.230
115.427 94.148 10.040
115.429 93.170 16.612
115.429 94.205 16.602
115.436 93.146 16.602
115.436 93.946 7.230
115.436 93.946 10.040
115.436 94.139 7.230
115.436 94.139 10.040
115.436 94.182 16.590
115.436 118.027 2.600
115.436 118.027 3.650
115.442 94.161 16.576
115.443 93.124 16.590
115.444 93.956 7.230
115.444 93.956 10.040
115.444 94.128 7.230
115.444 94.128 10.040
115.448 94.140 16.559
115.449 93.102 16.576
115.451 93.967 7.230
115.451 93.967 10.040
115.451 94.117 7.230
115.451 94.117 10.040
115.454 94.122 16.542
115.455 93.082 16.559
115.457 93.979 7.230
115.457 93.979 10.040
115.457 94.106 7.230
115.457 94.106 10.040
115.459 94.104 16.522
115.461 93.063 16.542
115.462 93.991 7.230
115.462 93.991 10.040
115.462 94.094 7.230
115.462 94.094 10.040
115.464 94.089 16.501
115.466 14.786 25.059
115.466 93.046 16.522
115.466 94.003 7.230
115.466 94.003 10.040
115.466 94.081 7.230
115.466 94.081 10.040
115.468 94.075 16.479
115.469 94.016 7.230
115.469 94.016 10.040
115.469 94.068 7.230
115.469 94.068 10.040
115.471 93.030 16.501
115.471 94.029 7.230
115.471 94.029 10.040
115.471 94.042 7.230
115.471 94.042 10.040
115.471 94.055 7.230
115.471 94.055 10.040
115.472 94.063 16.455
115.473 26.132 21.307
115.475 93.017 16.479
115.475 94.053 16.431
115.477 94.046 16.406
115.479 93.005 16.455
115.479 94.040 16.380
115.480 94.035 16.327
115.480 94.036 15.100
115.480 94.036 16.300
115.480 94.036 16.353
115.480 117.977 1.400
115.480 117.977 2.331
115.480 117.977 2.464
115.482 92.995 16.431
115.484 92.987 16.406
115.486 92.981 16.380
115.487 92.976 16.327
115.487 92.977 15.100
115.487 92.977 16.300
115.487 92.977 16.327
115.487 92.978 16.353
115.488 27.984 18.353
115.503 21.528 24.455
115.513 93.377 4.800
115.513 93.377 7.230
115.513 93.377 10.040
115.513 93.377 12.470
115.515 19.266 25.059
115.524 92.858 4.800
115.524 92.858 7.230
115.524 92.858 10.040
115.524 92.858 12.470
115.544 5.591 16.209
115.553 93.243 4.800
115.553 93.243 7.230
115.553 93.243 10.040
115.553 93.243 12.470
115.553 104.633 1.400
115.553 104.633 26.400
115.564 92.724 4.800
115.564 92.724 7.230
115.564 92.724 10.040
115.564 92.724 12.470
115.566 109.835 2.600
115.566 109.835 3.650
115.573 109.865 2.600
115.573 109.865 3.650
115.588 109.814 2.600
115.588 109.814 3.650
115.597 93.648 15.100
115.597 93.648 16.300
115.597 93.649 16.327
115.598 93.648 16.353
115.599 93.644 16.380
115.600 9.055 22.192
115.600 93.639 16.406
115.603 93.631 16.431
115.603 109.874 2.600
115.603 109.874 3.650
115.604 92.591 16.327
115.605 92.589 16.353
115.605 92.590 15.100
115.605 92.590 16.300
115.606 92.586 16.380
115.606 93.621 16.455
115.608 92.580 16.406
115.609 93.609 16.479
115.610 92.572 16.431
115.610 92.573 16.431
115.613 92.563 16.455
115.613 92.584 7.230
115.613 92.584 10.040
115.613 93.596 16.501
115.614 92.571 7.230
115.614 92.571 10.040
115.614 92.597 7.230
115.614 92.597 10.040
115.616 92.551 16.479
115.616 92.558 7.230
115.616 92.558 10.040
115.616 92.610 7.230
115.616 92.610 10.040
115.617 92.551 16.479
115.618 5.472 15.108
115.618 92.545 7.230
115.618 92.545 10.040
115.618 92.623 7.230
115.618 92.623 10.040
115.618 93.580 16.522
115.618 109.822 2.600
115.618 109.822 3.650
115.621 92.537 16.501
115.622 92.532 7.230
115.622 92.532 10.040
115.622 92.635 7.230
115.622 92.635 10.040
115.623 93.563 16.542
115.625 92.521 16.522
115.625 109.852 2.600
115.625 109.852 3.650
115.627 7.450 20.367
115.627 41.722 1.400
115.627 41.722 20.300
115.627 92.520 7.230
115.627 92.520 10.040
115.627 92.647 7.230
115.627 92.647 10.040
115.629 93.544 16.559
115.631 92.504 16.542
115.633 92.509 7.230
115.633 92.509 10.040
115.633 92.659 7.230
115.633 92.659 10.040
115.635 93.524 16.576
115.636 92.485 16.559
115.640 92.498 7.230
115.640 92.498 10.040
115.640 92.670 7.230
115.640 92.670 10.040
115.641 5.434 14.000
115.641 15.412 25.059
115.642 92.465 16.576
115.642 93.502 16.590
115.648 92.487 7.230
115.648 92.487 10.040
115.648 92.680 7.230
115.648 92.680 10.040
115.649 92.444 16.590
115.649 93.480 16.602
115.656 92.421 16.602
115.656 93.456 16.612
115.657 92.478 7.230
115.657 92.478 10.040
115.657 92.690 7.230
115.657 92.690 10.040
115.658 92.899 4.800
115.658 92.899 7.230
115.658 92.899 10.040
115.658 92.899 12.470
115.663 92.398 16.612
115.663 93.432 16.620
115.665 11.390 23.772
115.667 28.259 17.293
115.667 92.469 7.230
115.667 92.469 10.040
115.667 92.699 7.230
115.667 92.699 10.040
115.669 92.379 4.800
115.669 92.379 7.230
115.669 92.379 10.040
115.669 92.379 12.470
115.670 92.373 16.620
115.670 93.407 16.626
115.671 118.035 1.400
115.671 118.035 2.331
115.671 118.035 2.464
115.676 18.636 25.059
115.677 92.461 7.230
115.677 92.461 10.040
115.677 92.707 7.230
115.677 92.707 10.040
115.678 92.348 16.626
115.678 92.349 16.626
115.678 93.382 16.629
115.685 92.323 16.629
115.686 93.356 16.630
115.688 92.454 7.230
115.688 92.454 10.040
115.688 92.714 7.230
115.688 92.714 10.040
115.693 92.298 16.630
115.694 93.331 16.629
115.698 92.765 4.800
115.698 92.765 7.230
115.698 92.765 10.040
115.698 92.765 12.470
115.700 92.448 7.230
115.700 92.448 10.040
115.700 92.720 7.230
115.700 92.720 10.040
115.701 92.272 16.629
115.701 92.273 16.629
115.701 93.306 16.626
115.708 92.247 16.626
115.709 92.245 4.800
115.709 92.245 7.230
115.709 92.245 10.040
115.709 92.245 12.470
115.709 93.281 16.620
115.712 92.443 7.230
115.712 92.443 10.040
115.712 92.725 7.230
115.712 92.725 10.040
115.716 41.430 1.400
115.716 41.430 4.400
115.716 41.430 4.600
115.716 41.430 14.100
115.716 41.430 14.600
115.716 41.430 20.300
115.716 92.222 16.620
115.716 92.223 16.620
115.716 93.257 16.612
115.723 92.198 16.612
115.723 93.233 16.602
115.725 92.439 7.230
115.725 92.439 10.040
115.725 92.729 7.230
115.725 92.729 10.040
115.730 92.175 16.602
115.730 93.211 16.590
115.732 10.223 23.015
115.737 92.152 16.590
115.737 92.436 7.230
115.737 92.436 10.040
115.737 92.731 7.230
115.737 92.731 10.040
115.737 93.189 16.576
115.743 93.169 16.559
115.744 92.131 16.576
115.744 104.691 1.400
115.744 104.691 23.300
115.744 104.691 26.400
115.744 104.691 26.450
115.748 93.150 16.542
115.750 92.110 16.559
115.750 92.111 16.559
115.750 92.434 7.230
115.750 92.434 10.040
115.750 92.733 7.230
115.750 92.733 10.040
115.754 93.133 16.522
115.756 92.092 16.542
115.758 93.117 16.501
115.761 16.050 25.059
115.761 92.074 16.522
115.761 92.075 16.522
115.762 93.104 16.479
115.763 92.434 7.230
115.763 92.434 10.040
115.763 92.734 7.230
115.763 92.734 10.040
115.766 92.059 16.501
115.766 93.092 16.455
115.769 93.082 16.431
115.770 92.045 16.479
115.771 93.074 16.406
115.773 92.033 16.455
115.773 93.069 16.380
115.774 41.239 4.400
115.774 41.239 4.600
115.774 41.239 14.100
115.774 41.239 14.600
115.774 93.065 15.100
115.774 93.065 16.300
115.774 93.065 16.353
115.775 93.064 16.327
115.776 13.153 24.455
115.776 24.992 22.192
115.776 92.023 16.431
115.776 92.024 16.431
115.776 92.434 7.230
115.776 92.434 10.040
115.776 92.733 7.230
115.776 92.733 10.040
115.779 92.016 16.406
115.780 92.010 16.380
115.781 92.007 16.353
115.782 17.995 25.059
115.782 92.005 16.327
115.782 92.006 15.100
115.782 92.006 16.300
115.782 92.006 16.353
115.789 22.656 23.772
115.789 92.436 7.230
115.789 92.436 10.040
115.789 92.731 7.230
115.789 92.731 10.040
115.796 28.456 16.209
115.802 92.439 7.230
115.802 92.439 10.040
115.802 92.729 7.230
115.802 92.729 10.040
115.803 92.420 4.800
115.803 92.420 7.230
115.803 92.420 10.040
115.803 92.420 12.470
115.805 118.285 1.400
115.805 118.285 2.198
115.805 118.285 2.331
115.814 91.901 4.800
115.814 91.901 7.230
115.814 91.901 10.040
115.814 91.901 12.470
115.815 92.443 7.230
115.815 92.443 10.040
115.815 92.725 7.230
115.815 92.725 10.040
115.824 16.697 25.059
115.827 92.448 7.230
115.827 92.448 10.040
115.827 92.720 7.230
115.827 92.720 10.040
115.832 17.347 25.059
115.838 26.596 20.367
115.838 92.454 7.230
115.838 92.454 10.040
115.838 92.714 7.230
115.838 92.714 10.040
115.843 92.286 4.800
115.843 92.286 7.230
115.843 92.286 10.040
115.843 92.286 12.470
115.849 92.461 7.230
115.849 92.461 10.040
115.849 92.707 7.230
115.849 92.707 10.040
115.853 109.922 2.600
115.853 109.922 3.650
115.854 91.767 4.800
115.854 91.767 7.230
115.854 91.767 10.040
115.854 91.767 12.470
115.860 92.469 7.230
115.860 92.469 10.040
115.860 92.699 7.230
115.860 92.699 10.040
115.861 20.891 24.455
115.861 109.951 2.600
115.861 109.951 3.650
115.869 92.478 7.230
115.869 92.478 10.040
115.869 92.690 7.230
115.869 92.690 10.040
115.873 28.574 15.108
115.876 109.900 2.600
115.876 109.900 3.650
115.878 92.487 7.230
115.878 92.487 10.040
115.878 92.680 7.230
115.878 92.680 10.040
115.882 23.822 23.015
115.886 92.498 7.230
115.886 92.498 10.040
115.886 92.670 7.230
115.886 92.670 10.040
115.890 109.960 2.600
115.890 109.960 3.650
115.892 92.677 15.100
115.892 92.677 16.300
115.892 92.677 16.353
115.892 92.678 16.327
115.893 92.509 7.230
115.893 92.509 10.040
115.893 92.659 7.230
115.893 92.659 10.040
115.893 92.673 16.380
115.895 92.667 16.406
115.897 28.611 14.000
115.897 92.660 16.431
115.899 92.520 7.230
115.899 92.520 10.040
115.899 92.647 7.230
115.899 92.647 10.040
115.900 92.650 16.455
115.904 92.532 7.230
115.904 92.532 10.040
115.904 92.635 7.230
115.904 92.635 10.040
115.904 92.638 16.479
115.905 109.909 2.600
115.905 109.909 3.650
115.908 92.545 7.230
115.908 92.545 10.040
115.908 92.622 7.230
115.908 92.622 10.040
115.908 92.624 16.501
115.911 92.558 7.230
115.911 92.558 10.040
115.911 92.610 7.230
115.911 92.610 10.040
115.913 92.571 7.230
115.913 92.571 10.040
115.913 92.584 7.230
115.913 92.584 10.040
115.913 92.597 7.230
115.913 92.597 10.040
115.913 92.609 16.522
115.913 109.939 2.600
115.913 109.939 3.650
115.918 92.591 16.542
115.924 92.572 16.559
115.930 7.045 19.380
115.930 92.552 16.576
115.936 92.531 16.590
115.938 118.534 1.400
115.938 118.534 2.065
115.938 118.534 2.198
115.943 92.508 16.602
115.944 91.471 4.800
115.944 91.471 5.370
115.944 91.471 5.445
115.944 91.471 5.978
115.944 91.471 6.053
115.944 91.471 6.585
115.944 91.471 6.660
115.944 91.471 7.230
115.944 91.471 10.040
115.944 91.471 10.610
115.944 91.471 10.685
115.944 91.471 11.218
115.944 91.471 11.293
115.944 91.471 11.825
115.944 91.471 11.900
115.944 91.471 12.470
115.948 91.942 4.800
115.948 91.942 7.230
115.948 91.942 10.040
115.948 91.942 12.470
115.950 92.485 16.612
115.957 92.460 16.620
115.965 92.436 16.626
115.973 92.410 16.629
115.980 92.385 16.630
115.988 91.808 4.800
115.988 91.808 7.230
115.988 91.808 10.040
115.988 91.808 12.470
115.988 92.360 16.629
115.996 92.334 16.626
116.003 92.310 16.620
116.011 92.285 16.612
116.018 92.262 16.602
116.024 92.239 16.590
116.031 92.218 16.576
116.037 92.198 16.559
116.040 91.500 5.370
116.040 91.500 5.445
116.040 91.500 5.978
116.040 91.500 6.053
116.040 91.500 6.585
116.040 91.500 6.660
116.040 91.500 10.610
116.040 91.500 10.685
116.040 91.500 11.218
116.040 91.500 11.293
116.040 91.500 11.825
116.040 91.500 11.900
116.043 92.179 16.542
116.047 8.557 21.307
116.048 92.162 16.522
116.053 92.146 16.501
116.057 92.132 16.479
116.061 92.120 16.455
116.063 92.111 16.431
116.066 92.103 16.406
116.068 92.097 16.380
116.069 92.092 16.327
116.069 92.093 15.100
116.069 92.093 16.300
116.069 92.094 16.353
116.072 118.783 1.400
116.072 118.783 1.932
116.072 118.783 2.065
116.092 13.812 24.455
116.135 12.046 23.772
116.141 110.008 2.600
116.141 110.008 3.650
116.148 110.038 2.600
116.148 110.038 3.650
116.150 26.994 19.380
116.163 20.225 24.455
116.163 109.987 2.600
116.163 109.987 3.650
116.178 110.047 2.600
116.178 110.047 3.650
116.182 6.709 18.353
116.193 109.995 2.600
116.193 109.995 3.650
116.200 110.025 2.600
116.200 110.025 3.650
116.205 119.033 1.400
116.205 119.033 1.790
116.205 119.033 1.932
116.231 91.558 4.800
116.231 91.558 7.230
116.231 91.558 10.040
116.231 91.558 12.470
116.233 25.480 21.307
116.237 105.481 1.400
116.237 105.481 23.300
116.245 21.989 23.772
116.268 28.360 2.800
116.268 28.360 5.700
116.268 28.360 12.400
116.268 28.360 14.000
116.269 5.848 2.800
116.269 5.848 5.700
116.269 5.848 12.400
116.269 5.848 14.000
116.274 9.714 22.192
116.304 10.889 23.015
116.338 119.282 1.400
116.338 119.282 1.660
116.338 119.282 1.790
116.350 14.496 24.455
116.379 6.447 17.293
116.405 19.535 24.455
116.409 27.324 18.353
116.414 104.898 1.400
116.414 104.898 23.300
116.428 110.094 2.600
116.428 110.094 3.650
116.435 24.318 22.192
116.435 110.125 2.600
116.435 110.125 3.650
116.439 23.143 23.015
116.441 8.117 20.367
116.450 110.073 2.600
116.450 110.073 3.650
116.465 110.133 2.600
116.465 110.133 3.650
116.472 119.532 1.400
116.472 119.532 1.530
116.472 119.532 1.660
116.480 110.082 2.600
116.480 110.082 3.650
116.487 110.112 2.600
116.487 110.112 3.650
116.520 6.259 16.209
116.524 105.570 1.400
116.524 105.570 23.300
116.547 12.741 23.772
116.547 15.200 24.455
116.586 18.827 24.455
116.597 119.807 1.400
116.597 119.807 1.530
116.604 6.146 15.108
116.612 27.582 17.293
116.631 6.110 14.000
116.637 25.910 20.367
116.641 21.286 23.772
116.681 15.919 24.455
116.705 18.106 24.455
116.715 110.181 2.600
116.715 110.181 3.650
116.722 110.211 2.600
116.722 110.211 3.650
116.737 110.160 2.600
116.737 110.160 3.650
116.752 110.220 2.600
116.752 110.220 3.650
116.753 16.646 24.455
116.757 27.767 16.209
116.761 17.377 24.455
116.763 9.257 21.307
116.767 110.168 2.600
116.767 110.168 3.650
116.774 110.198 2.600
116.774 110.198 3.650
116.778 7.740 19.380
116.815 11.603 23.015
116.844 27.877 15.108
116.871 27.912 14.000
116.888 10.430 22.192
116.896 13.469 23.772
116.917 88.263 4.800
116.917 88.263 5.370
116.917 88.263 5.445
116.917 88.263 5.978
116.917 88.263 6.053
116.917 88.263 6.585
116.917 88.263 6.660
116.917 88.263 7.230
116.917 88.263 10.040
116.917 88.263 10.610
116.917 88.263 10.685
116.917 88.263 11.218
116.917 88.263 11.293
116.917 88.263 11.825
116.917 88.263 11.900
116.917 88.263 12.470
116.929 42.116 20.300
116.929 42.116 20.900
116.933 24.764 21.307
116.934 22.418 23.015
116.974 20.551 23.772
116.983 26.280 19.380
117.002 110.267 2.600
117.002 110.267 3.650
117.006 87.968 4.800
117.006 87.968 7.230
117.006 87.968 10.040
117.006 87.968 12.470
117.010 110.298 2.600
117.010 110.298 3.650
117.013 88.292 5.370
117.013 88.292 5.445
117.013 88.292 5.978
117.013 88.292 6.053
117.013 88.292 6.585
117.013 88.292 6.660
117.013 88.292 10.610
117.013 88.292 10.685
117.013 88.292 11.218
117.013 88.292 11.293
117.013 88.292 11.825
117.013 88.292 11.900
117.025 110.246 2.600
117.025 110.246 3.650
117.033 23.589 22.192
117.039 110.306 2.600
117.039 110.306 3.650
117.047 87.834 4.800
117.047 87.834 7.230
117.047 87.834 10.040
117.047 87.834 12.470
117.054 110.255 2.600
117.054 110.255 3.650
117.058 7.428 18.353
117.062 110.285 2.600
117.062 110.285 3.650
117.078 87.729 16.327
117.079 87.728 15.100
117.079 87.728 16.300
117.079 87.728 16.353
117.080 87.724 16.380
117.082 87.719 16.406
117.084 87.711 16.431
117.087 87.701 16.455
117.091 87.689 16.479
117.095 87.675 16.501
117.095 87.676 16.501
117.099 87.660 16.522
117.105 87.643 16.542
117.110 87.624 16.559
117.116 87.604 16.576
117.123 87.582 16.590
117.130 87.560 16.602
117.137 87.536 16.612
117.140 88.008 4.800
117.140 88.008 7.230
117.140 88.008 10.040
117.140 88.008 12.470
117.144 87.512 16.620
117.152 87.487 16.626
117.152 87.489 4.800
117.152 87.489 7.230
117.152 87.489 10.040
117.152 87.489 12.470
117.159 87.462 16.629
117.167 87.436 16.630
117.175 87.411 16.629
117.180 14.224 23.772
117.181 87.874 4.800
117.181 87.874 7.230
117.181 87.874 10.040
117.181 87.874 12.470
117.182 87.386 16.626
117.190 87.361 16.620
117.192 87.355 4.800
117.192 87.355 7.230
117.192 87.355 10.040
117.192 87.355 12.470
117.193 8.854 20.367
117.196 111.712 2.600
117.196 111.712 3.650
117.197 87.337 16.612
117.204 87.313 16.602
117.204 88.350 4.800
117.204 88.350 7.230
117.204 88.350 10.040
117.204 88.350 12.470
117.205 87.313 16.602
117.211 87.291 16.590
117.218 87.269 16.576
117.219 27.631 2.800
117.219 27.631 5.700
117.219 27.631 12.400
117.219 27.631 14.000
117.220 6.578 2.800
117.220 6.578 5.700
117.220 6.578 12.400
117.220 6.578 14.000
117.224 87.249 16.559
117.230 87.230 16.542
117.234 87.238 7.230
117.234 87.238 10.040
117.235 87.213 16.522
117.235 87.225 7.230
117.235 87.225 10.040
117.235 87.251 7.230
117.235 87.251 10.040
117.237 87.212 7.230
117.237 87.212 10.040
117.237 87.264 7.230
117.237 87.264 10.040
117.239 87.199 7.230
117.239 87.199 10.040
117.239 87.277 7.230
117.239 87.277 10.040
117.240 87.197 16.501
117.242 19.789 23.772
117.243 87.187 7.230
117.243 87.187 10.040
117.243 87.289 7.230
117.243 87.289 10.040
117.244 87.184 16.479
117.245 111.544 2.600
117.245 111.544 3.650
117.247 87.172 16.455
117.248 87.175 7.230
117.248 87.175 10.040
117.248 87.301 7.230
117.248 87.301 10.040
117.250 87.162 16.431
117.253 87.154 16.406
117.254 87.149 16.380
117.254 87.163 7.230
117.254 87.163 10.040
117.254 87.313 7.230
117.254 87.313 10.040
117.255 87.148 16.380
117.256 87.144 16.327
117.256 87.145 15.100
117.256 87.145 16.300
117.256 87.145 16.353
117.261 87.152 7.230
117.261 87.152 10.040
117.261 87.324 7.230
117.261 87.324 10.040
117.263 12.358 23.015
117.269 26.585 18.353
117.269 87.141 7.230
117.269 87.141 10.040
117.269 87.334 7.230
117.269 87.334 10.040
117.277 7.184 17.293
117.278 87.132 7.230
117.278 87.132 10.040
117.278 87.344 7.230
117.278 87.344 10.040
117.286 87.530 4.800
117.286 87.530 7.230
117.286 87.530 10.040
117.286 87.530 12.470
117.288 87.123 7.230
117.288 87.123 10.040
117.288 87.353 7.230
117.288 87.353 10.040
117.289 110.354 2.600
117.289 110.354 3.650
117.297 87.011 4.800
117.297 87.011 7.230
117.297 87.011 10.040
117.297 87.011 12.470
117.297 110.384 2.600
117.297 110.384 3.650
117.298 87.115 7.230
117.298 87.115 10.040
117.298 87.361 7.230
117.298 87.361 10.040
117.306 111.561 3.100
117.306 111.561 3.150
117.309 87.108 7.230
117.309 87.108 10.040
117.309 87.368 7.230
117.309 87.368 10.040
117.312 110.333 2.600
117.312 110.333 3.650
117.321 87.102 7.230
117.321 87.102 10.040
117.321 87.374 7.230
117.321 87.374 10.040
117.321 111.448 2.600
117.321 111.448 3.650
117.322 111.566 3.100
117.322 111.566 3.150
117.326 87.396 4.800
117.326 87.396 7.230
117.326 87.396 10.040
117.326 87.396 12.470
117.327 110.393 2.600
117.327 110.393 3.650
117.329 111.419 2.600
117.329 111.419 3.650
117.333 87.097 7.230
117.333 87.097 10.040
117.333 87.379 7.230
117.333 87.379 10.040
117.337 86.877 4.800
117.337 86.877 7.230
117.337 86.877 10.040
117.337 86.877 12.470
117.341 110.341 2.600
117.341 110.341 3.650
117.342 111.470 2.600
117.342 111.470 3.650
117.345 87.093 7.230
117.345 87.093 10.040
117.345 87.383 7.230
117.345 87.383 10.040
117.349 110.371 2.600
117.349 110.371 3.650
117.358 87.090 7.230
117.358 87.090 10.040
117.358 87.386 7.230
117.358 87.386 10.040
117.359 111.411 2.600
117.359 111.411 3.650
117.364 111.760 1.400
117.364 111.760 2.331
117.364 111.760 2.464
117.364 111.760 2.600
117.364 111.760 3.650
117.365 21.653 23.015
117.366 87.815 15.100
117.366 87.815 16.300
117.366 87.815 16.353
117.366 87.816 16.327
117.367 87.812 16.380
117.369 87.806 16.406
117.371 87.088 7.230
117.371 87.088 10.040
117.371 87.387 7.230
117.371 87.387 10.040
117.371 87.798 16.431
117.372 111.463 2.600
117.372 111.463 3.650
117.373 25.158 20.367
117.373 86.756 16.353
117.373 86.757 15.100
117.373 86.757 16.300
117.373 86.757 16.353
117.373 86.758 16.327
117.374 86.753 16.380
117.374 87.788 16.455
117.376 86.747 16.406
117.378 86.739 16.431
117.378 86.740 16.431
117.378 87.776 16.479
117.380 111.433 2.600
117.380 111.433 3.650
117.381 86.730 16.455
117.382 87.763 16.501
117.384 87.088 7.230
117.384 87.088 10.040
117.384 87.388 7.230
117.384 87.388 10.040
117.385 86.718 16.479
117.387 87.747 16.522
117.389 86.704 16.501
117.392 87.730 16.542
117.394 86.688 16.522
117.394 86.689 16.522
117.397 87.089 7.230
117.397 87.089 10.040
117.397 87.387 7.230
117.397 87.387 10.040
117.398 15.002 23.772
117.398 87.711 16.559
117.399 86.671 16.542
117.404 87.691 16.576
117.404 111.160 2.600
117.404 111.160 3.650
117.405 86.652 16.559
117.405 86.653 16.559
117.410 87.090 7.230
117.410 87.090 10.040
117.410 87.386 7.230
117.410 87.386 10.040
117.410 87.669 16.590
117.411 86.632 16.576
117.412 111.130 2.600
117.412 111.130 3.650
117.413 111.592 2.600
117.413 111.592 3.650
117.415 10.017 21.307
117.417 86.611 16.590
117.417 87.647 16.602
117.422 111.569 1.400
117.422 111.569 2.198
117.422 111.569 2.331
117.423 87.093 7.230
117.423 87.093 10.040
117.423 87.383 7.230
117.423 87.383 10.040
117.424 86.588 16.602
117.424 87.623 16.612
117.425 111.182 2.600
117.425 111.182 3.650
117.431 86.565 16.612
117.431 87.051 4.800
117.431 87.051 7.230
117.431 87.051 10.040
117.431 87.051 12.470
117.431 87.599 16.620
117.434 7.009 16.209
117.436 87.097 7.230
117.436 87.097 10.040
117.436 87.379 7.230
117.436 87.379 10.040
117.438 11.196 22.192
117.439 86.540 16.620
117.439 86.541 16.620
117.439 87.574 16.626
117.442 19.007 23.772
117.442 86.532 4.800
117.442 86.532 7.230
117.442 86.532 10.040
117.442 86.532 12.470
117.442 111.123 2.600
117.442 111.123 3.650
117.446 86.516 16.626
117.447 87.549 16.629
117.448 87.102 7.230
117.448 87.102 10.040
117.448 87.374 7.230
117.448 87.374 10.040
117.450 42.911 14.940
117.450 42.911 15.212
117.454 86.490 16.629
117.454 86.491 16.629
117.454 87.524 16.630
117.455 111.174 2.600
117.455 111.174 3.650
117.459 87.108 7.230
117.459 87.108 10.040
117.459 87.368 7.230
117.459 87.368 10.040
117.462 86.465 16.630
117.462 87.498 16.629
117.463 111.145 2.600
117.463 111.145 3.650
117.469 86.440 16.629
117.470 87.115 7.230
117.470 87.115 10.040
117.470 87.361 7.230
117.470 87.361 10.040
117.470 87.473 16.626
117.471 86.917 4.800
117.471 86.917 7.230
117.471 86.917 10.040
117.471 86.917 12.470
117.472 42.918 14.668
117.472 42.918 15.484
117.473 42.918 14.668
117.473 42.918 15.484
117.477 86.414 16.626
117.477 86.415 16.626
117.477 87.448 16.620
117.480 111.377 1.400
117.480 111.377 2.065
117.480 111.377 2.198
117.481 87.123 7.230
117.481 87.123 10.040
117.481 87.353 7.230
117.481 87.353 10.040
117.482 86.398 4.800
117.482 86.398 7.230
117.482 86.398 10.040
117.482 86.398 12.470
117.484 86.390 16.620
117.485 87.424 16.612
117.486 110.872 2.600
117.486 110.872 3.650
117.490 87.132 7.230
117.490 87.132 10.040
117.490 87.344 7.230
117.490 87.344 10.040
117.492 86.365 16.612
117.492 87.400 16.602
117.494 26.825 17.293
117.495 110.842 2.600
117.495 110.842 3.650
117.498 87.378 16.590
117.499 86.342 16.602
117.499 87.141 7.230
117.499 87.141 10.040
117.499 87.334 7.230
117.499 87.334 10.040
117.505 87.356 16.576
117.506 86.319 16.590
117.507 87.152 7.230
117.507 87.152 10.040
117.507 87.324 7.230
117.507 87.324 10.040
117.508 110.894 2.600
117.508 110.894 3.650
117.511 87.336 16.559
117.512 86.298 16.576
117.514 87.163 7.230
117.514 87.163 10.040
117.514 87.313 7.230
117.514 87.313 10.040
117.517 87.317 16.542
117.518 42.931 8.700
117.518 42.931 14.400
117.518 42.931 15.752
117.518 86.278 16.559
117.520 87.175 7.230
117.520 87.175 10.040
117.520 87.301 7.230
117.520 87.301 10.040
117.522 87.300 16.522
117.524 86.259 16.542
117.525 87.187 7.230
117.525 87.187 10.040
117.525 87.289 7.230
117.525 87.289 10.040
117.525 110.834 2.600
117.525 110.834 3.650
117.527 87.285 16.501
117.528 6.904 15.108
117.529 86.242 16.522
117.529 87.199 7.230
117.529 87.199 10.040
117.529 87.277 7.230
117.529 87.277 10.040
117.531 87.271 16.479
117.532 87.212 7.230
117.532 87.212 10.040
117.532 87.264 7.230
117.532 87.264 10.040
117.533 34.209 1.400
117.533 34.209 2.800
117.533 34.209 5.700
117.533 34.209 12.400
117.534 86.226 16.501
117.534 87.225 7.230
117.534 87.225 10.040
117.534 87.238 7.230
117.534 87.238 10.040
117.534 87.251 7.230
117.534 87.251 10.040
117.535 87.259 16.455
117.538 86.212 16.479
117.538 87.249 16.431
117.538 110.886 2.600
117.538 110.886 3.650
117.538 111.186 1.400
117.538 111.186 1.932
117.538 111.186 2.065
117.540 87.241 16.406
117.542 86.200 16.455
117.542 87.236 16.380
117.543 87.231 16.327
117.543 87.232 15.100
117.543 87.232 16.300
117.543 87.232 16.353
117.545 86.190 16.431
117.545 86.191 16.431
117.546 110.856 2.600
117.546 110.856 3.650
117.547 15.795 23.772
117.547 86.183 16.406
117.549 86.177 16.380
117.550 86.172 16.327
117.550 86.173 15.100
117.550 86.173 16.300
117.550 86.173 16.353
117.550 86.174 16.353
117.556 111.818 1.400
117.556 111.818 2.331
117.556 111.818 2.464
117.557 6.871 14.000
117.560 110.512 2.600
117.560 110.512 3.650
117.562 8.507 19.380
117.565 22.810 22.192
117.568 23.990 21.307
117.569 110.583 2.600
117.569 110.583 3.650
117.573 18.210 23.772
117.576 86.573 4.800
117.576 86.573 7.230
117.576 86.573 10.040
117.576 86.573 12.470
117.578 110.554 2.600
117.578 110.554 3.650
117.579 110.450 3.100
117.579 110.450 3.150
117.584 110.434 3.100
117.584 110.434 3.150
117.585 42.952 16.015
117.587 86.054 4.800
117.587 86.054 7.230
117.587 86.054 10.040
117.587 86.054 12.470
117.591 110.605 2.600
117.591 110.605 3.650
117.596 110.995 1.400
117.596 110.995 1.790
117.596 110.995 1.932
117.604 110.526 3.100
117.604 110.526 3.150
117.608 110.546 2.600
117.608 110.546 3.650
117.611 110.344 2.600
117.611 110.344 3.650
117.616 86.439 4.800
117.616 86.439 7.230
117.616 86.439 10.040
117.616 86.439 12.470
117.620 110.531 3.100
117.620 110.531 3.150
117.621 110.598 2.600
117.621 110.598 3.650
117.626 16.598 23.772
117.627 42.327 14.940
117.627 42.327 15.212
117.627 85.920 4.800
117.627 85.920 7.230
117.627 85.920 10.040
117.627 85.920 12.470
117.629 110.568 2.600
117.629 110.568 3.650
117.635 17.405 23.772
117.642 13.150 23.015
117.649 42.334 14.668
117.649 42.334 15.484
117.654 26.997 16.209
117.654 110.803 1.400
117.654 110.803 1.660
117.654 110.803 1.790
117.660 86.844 15.100
117.660 86.844 16.300
117.660 86.844 16.353
117.660 86.845 16.327
117.662 86.840 16.380
117.663 86.834 16.406
117.666 86.827 16.431
117.667 85.786 16.327
117.668 85.785 15.100
117.668 85.785 16.300
117.668 85.785 16.353
117.668 85.786 15.100
117.668 85.786 16.300
117.669 85.782 16.380
117.669 86.817 16.455
117.670 85.776 16.406
117.672 86.805 16.479
117.673 85.768 16.431
117.675 42.979 16.272
117.676 85.758 16.455
117.676 85.779 7.230
117.676 85.779 10.040
117.676 86.791 16.501
117.677 85.766 7.230
117.677 85.766 10.040
117.677 85.792 7.230
117.677 85.792 10.040
117.679 85.746 16.479
117.679 85.753 7.230
117.679 85.753 10.040
117.679 85.805 7.230
117.679 85.805 10.040
117.681 85.741 7.230
117.681 85.741 10.040
117.681 85.818 7.230
117.681 85.818 10.040
117.681 86.776 16.522
117.684 85.733 16.501
117.685 85.728 7.230
117.685 85.728 10.040
117.685 85.831 7.230
117.685 85.831 10.040
117.686 86.758 16.542
117.688 85.717 16.522
117.690 85.716 7.230
117.690 85.716 10.040
117.690 85.843 7.230
117.690 85.843 10.040
117.692 86.740 16.559
117.694 85.700 16.542
117.695 42.348 8.700
117.695 42.348 14.400
117.695 42.348 15.752
117.696 85.704 7.230
117.696 85.704 10.040
117.696 85.854 7.230
117.696 85.854 10.040
117.698 86.719 16.576
117.699 85.681 16.559
117.703 85.693 7.230
117.703 85.693 10.040
117.703 85.865 7.230
117.703 85.865 10.040
117.705 85.661 16.576
117.705 86.698 16.590
117.711 85.683 7.230
117.711 85.683 10.040
117.711 85.876 7.230
117.711 85.876 10.040
117.712 85.639 16.590
117.712 86.675 16.602
117.712 110.612 1.400
117.712 110.612 1.530
117.712 110.612 1.660
117.719 85.617 16.602
117.719 86.652 16.612
117.720 85.673 7.230
117.720 85.673 10.040
117.720 85.885 7.230
117.720 85.885 10.040
117.721 86.094 4.800
117.721 86.094 7.230
117.721 86.094 10.040
117.721 86.094 12.470
117.726 85.593 16.612
117.726 86.628 16.620
117.727 20.853 23.015
117.728 110.562 2.600
117.728 110.562 3.650
117.730 85.664 7.230
117.730 85.664 10.040
117.730 85.894 7.230
117.730 85.894 10.040
117.732 85.575 4.800
117.732 85.575 7.230
117.732 85.575 10.040
117.732 85.575 12.470
117.733 85.569 16.620
117.733 86.603 16.626
117.740 85.656 7.230
117.740 85.656 10.040
117.740 85.902 7.230
117.740 85.902 10.040
117.741 85.544 16.626
117.741 86.578 16.629
117.748 85.519 16.629
117.749 86.552 16.630
117.750 25.496 19.380
117.751 27.099 15.108
117.751 85.650 7.230
117.751 85.650 10.040
117.751 85.909 7.230
117.751 85.909 10.040
117.756 85.494 16.630
117.757 86.527 16.629
117.761 85.960 4.800
117.761 85.960 7.230
117.761 85.960 10.040
117.761 85.960 12.470
117.762 42.368 16.015
117.763 85.643 7.230
117.763 85.643 10.040
117.763 85.915 7.230
117.763 85.915 10.040
117.764 85.468 16.629
117.764 86.502 16.626
117.771 85.443 16.626
117.772 85.441 4.800
117.772 85.441 7.230
117.772 85.441 10.040
117.772 85.441 12.470
117.772 86.477 16.620
117.775 85.638 7.230
117.775 85.638 10.040
117.775 85.920 7.230
117.775 85.920 10.040
117.778 110.395 1.400
117.778 110.395 1.530
117.778 110.395 2.600
117.778 110.395 3.650
117.779 85.418 16.620
117.779 86.453 16.612
117.781 27.132 14.000
117.785 43.012 16.519
117.786 85.394 16.612
117.786 86.429 16.602
117.788 85.634 7.230
117.788 85.634 10.040
117.788 85.924 7.230
117.788 85.924 10.040
117.793 85.370 16.602
117.793 85.371 16.602
117.793 86.406 16.590
117.799 86.385 16.576
117.800 85.348 16.590
117.800 85.632 7.230
117.800 85.632 10.040
117.800 85.927 7.230
117.800 85.927 10.040
117.805 111.685 1.400
117.805 111.685 2.198
117.805 111.685 2.331
117.806 86.365 16.559
117.807 85.326 16.576
117.807 85.327 16.576
117.811 86.346 16.542
117.813 85.306 16.559
117.813 85.630 7.230
117.813 85.630 10.040
117.813 85.929 7.230
117.813 85.929 10.040
117.817 86.329 16.522
117.819 85.287 16.542
117.821 86.313 16.501
117.824 85.270 16.522
117.825 86.299 16.479
117.826 85.629 7.230
117.826 85.629 10.040
117.826 85.929 7.230
117.826 85.929 10.040
117.829 85.255 16.501
117.829 86.288 16.455
117.832 86.278 16.431
117.833 85.241 16.479
117.834 86.270 16.406
117.836 85.229 16.455
117.836 86.264 16.380
117.837 86.260 15.100
117.837 86.260 16.300
117.837 86.261 16.353
117.838 86.259 16.327
117.839 85.219 16.431
117.839 85.630 7.230
117.839 85.630 10.040
117.839 85.929 7.230
117.839 85.929 10.040
117.842 85.211 16.406
117.843 85.206 16.380
117.844 85.202 16.353
117.845 85.201 16.327
117.845 85.202 15.100
117.845 85.202 16.300
117.851 42.395 16.272
117.852 85.632 7.230
117.852 85.632 10.040
117.852 85.927 7.230
117.852 85.927 10.040
117.865 85.634 7.230
117.865 85.634 10.040
117.865 85.924 7.230
117.865 85.924 10.040
117.866 85.616 4.800
117.866 85.616 7.230
117.866 85.616 10.040
117.866 85.616 12.470
117.868 8.221 18.353
117.877 85.097 4.800
117.877 85.097 7.230
117.877 85.097 10.040
117.877 85.097 12.470
117.878 9.652 20.367
117.878 85.638 7.230
117.878 85.638 10.040
117.878 85.920 7.230
117.878 85.920 10.040
117.890 85.643 7.230
117.890 85.643 10.040
117.890 85.915 7.230
117.890 85.915 10.040
117.901 85.649 7.230
117.901 85.649 10.040
117.901 85.909 7.230
117.901 85.909 10.040
117.906 85.482 4.800
117.906 85.482 7.230
117.906 85.482 10.040
117.906 85.482 12.470
117.912 85.657 7.230
117.912 85.657 10.040
117.912 85.902 7.230
117.912 85.902 10.040
117.915 43.052 16.755
117.917 84.963 4.800
117.917 84.963 7.230
117.917 84.963 10.040
117.917 84.963 12.470
117.918 12.008 22.192
117.923 85.664 7.230
117.923 85.664 10.040
117.923 85.894 7.230
117.923 85.894 10.040
117.932 85.673 7.230
117.932 85.673 10.040
117.932 85.885 7.230
117.932 85.885 10.040
117.941 85.683 7.230
117.941 85.683 10.040
117.941 85.876 7.230
117.941 85.876 10.040
117.949 85.693 7.230
117.949 85.693 10.040
117.949 85.865 7.230
117.949 85.865 10.040
117.952 13.971 23.015
117.954 85.874 16.327
117.955 85.872 16.353
117.955 85.873 15.100
117.955 85.873 16.300
117.956 85.704 7.230
117.956 85.704 10.040
117.956 85.854 7.230
117.956 85.854 10.040
117.956 85.869 16.380
117.958 85.863 16.406
117.960 85.855 16.431
117.962 42.429 16.519
117.962 85.716 7.230
117.962 85.716 10.040
117.962 85.843 7.230
117.962 85.843 10.040
117.963 85.845 16.455
117.967 85.728 7.230
117.967 85.728 10.040
117.967 85.831 7.230
117.967 85.831 10.040
117.967 85.834 16.479
117.971 85.741 7.230
117.971 85.741 10.040
117.971 85.818 7.230
117.971 85.818 10.040
117.971 85.820 16.501
117.974 85.753 7.230
117.974 85.753 10.040
117.974 85.805 7.230
117.974 85.805 10.040
117.976 85.766 7.230
117.976 85.766 10.040
117.976 85.779 7.230
117.976 85.779 10.040
117.976 85.792 7.230
117.976 85.792 10.040
117.976 85.804 16.522
117.981 85.787 16.542
117.986 85.768 16.559
117.993 85.748 16.576
117.998 10.831 21.307
117.999 85.726 16.590
118.006 85.704 16.602
118.007 84.667 4.800
118.007 84.667 5.370
118.007 84.667 5.445
118.007 84.667 5.978
118.007 84.667 6.053
118.007 84.667 6.585
118.007 84.667 6.660
118.007 84.667 7.230
118.007 84.667 10.040
118.007 84.667 10.610
118.007 84.667 10.685
118.007 84.667 11.218
118.007 84.667 11.293
118.007 84.667 11.825
118.007 84.667 11.900
118.007 84.667 12.470
118.011 85.137 4.800
118.011 85.137 7.230
118.011 85.137 10.040
118.011 85.137 12.470
118.013 85.680 16.612
118.018 20.024 23.015
118.020 85.656 16.620
118.028 21.988 22.192
118.028 85.631 16.626
118.036 85.606 16.629
118.040 24.344 20.367
118.043 85.581 16.630
118.051 85.003 4.800
118.051 85.003 7.230
118.051 85.003 10.040
118.051 85.003 12.470
118.051 85.555 16.629
118.054 111.551 1.400
118.054 111.551 2.065
118.054 111.551 2.198
118.059 85.530 16.626
118.062 25.775 18.353
118.065 43.097 16.978
118.066 85.505 16.620
118.074 85.481 16.612
118.081 85.458 16.602
118.087 85.435 16.590
118.092 42.468 16.755
118.094 85.414 16.576
118.100 85.393 16.559
118.102 26.821 2.800
118.102 26.821 5.700
118.102 26.821 12.400
118.102 26.821 14.000
118.103 7.387 2.800
118.103 7.387 5.700
118.103 7.387 12.400
118.103 7.387 14.000
118.103 84.696 5.370
118.103 84.696 5.445
118.103 84.696 5.978
118.103 84.696 6.053
118.103 84.696 6.585
118.103 84.696 6.660
118.103 84.696 10.610
118.103 84.696 10.685
118.103 84.696 11.218
118.103 84.696 11.293
118.103 84.696 11.825
118.103 84.696 11.900
118.106 85.375 16.542
118.108 7.996 17.293
118.111 85.357 16.522
118.116 85.342 16.501
118.120 85.328 16.479
118.123 85.316 16.455
118.126 85.306 16.431
118.129 85.298 16.406
118.131 85.293 16.380
118.132 85.288 16.327
118.132 85.289 15.100
118.132 85.289 16.300
118.132 85.289 16.353
118.134 23.163 21.307
118.188 14.817 23.015
118.232 43.148 17.187
118.236 19.174 23.015
118.242 42.513 16.978
118.277 9.340 19.380
118.279 7.835 16.209
118.294 84.754 4.800
118.294 84.754 7.230
118.294 84.754 10.040
118.294 84.754 12.470
118.304 111.418 1.400
118.304 111.418 1.932
118.304 111.418 2.065
118.306 25.994 17.293
118.326 12.858 22.192
118.350 15.680 23.015
118.379 18.307 23.015
118.382 7.739 15.108
118.409 42.564 17.187
118.414 7.709 14.000
118.417 21.130 22.192
118.417 43.204 17.379
118.436 16.554 23.015
118.445 24.647 19.380
118.446 17.432 23.015
118.481 26.151 16.209
118.492 10.508 20.367
118.508 11.692 21.307
118.553 111.285 1.400
118.553 111.285 1.790
118.553 111.285 1.932
118.586 26.245 15.108
118.594 42.620 17.379
118.606 9.081 18.353
118.617 43.264 17.554
118.619 26.275 14.000
118.625 22.291 21.307
118.635 23.475 20.367
118.658 13.740 22.192
118.730 20.240 22.192
118.780 24.899 18.353
118.794 42.681 17.554
118.803 111.151 1.400
118.803 111.151 1.660
118.803 111.151 1.790
118.830 43.329 17.711
118.864 8.878 17.293
118.912 14.648 22.192
118.912 25.937 2.800
118.912 25.937 5.700
118.912 25.937 12.400
118.912 25.937 14.000
118.913 8.271 2.800
118.913 8.271 5.700
118.913 8.271 12.400
118.913 8.271 14.000
118.916 10.231 19.380
118.941 12.595 21.307
118.964 19.326 22.192
118.979 81.459 4.800
118.979 81.459 7.230
118.979 81.459 10.040
118.979 81.459 12.470
118.980 81.459 4.800
118.980 81.459 5.370
118.980 81.459 5.445
118.980 81.459 5.978
118.980 81.459 6.053
118.980 81.459 6.585
118.980 81.459 6.660
118.980 81.459 7.230
118.980 81.459 10.040
118.980 81.459 10.610
118.980 81.459 10.685
118.980 81.459 11.218
118.980 81.459 11.293
118.980 81.459 11.825
118.980 81.459 11.900
118.980 81.459 12.470
119.007 42.745 17.711
119.028 11.414 20.367
119.038 21.379 21.307
119.043 25.096 17.293
119.049 8.733 16.209
119.052 111.018 1.400
119.052 111.018 1.530
119.052 111.018 1.660
119.056 43.397 17.847
119.065 23.742 19.380
119.069 81.163 4.800
119.069 81.163 7.230
119.069 81.163 10.040
119.069 81.163 12.470
119.076 81.488 5.370
119.076 81.488 5.445
119.076 81.488 5.978
119.076 81.488 6.053
119.076 81.488 6.585
119.076 81.488 6.660
119.076 81.488 10.610
119.076 81.488 10.685
119.076 81.488 11.218
119.076 81.488 11.293
119.076 81.488 11.825
119.076 81.488 11.900
119.086 15.575 22.192
119.110 81.030 4.800
119.110 81.030 7.230
119.110 81.030 10.040
119.110 81.030 12.470
119.117 18.396 22.192
119.141 80.925 16.327
119.142 80.924 15.100
119.142 80.924 16.300
119.142 80.924 16.353
119.143 80.920 16.380
119.145 80.914 16.406
119.147 80.907 16.431
119.150 80.897 16.455
119.151 22.557 20.367
119.154 80.885 16.479
119.158 80.871 16.501
119.160 8.646 15.108
119.162 80.856 16.522
119.168 80.838 16.542
119.173 80.819 16.559
119.173 80.820 16.559
119.178 16.513 22.192
119.179 80.799 16.576
119.186 80.778 16.590
119.189 17.456 22.192
119.193 80.755 16.602
119.195 8.618 14.000
119.200 80.732 16.612
119.203 81.204 4.800
119.203 81.204 7.230
119.203 81.204 10.040
119.203 81.204 12.470
119.207 80.707 16.620
119.207 80.708 16.620
119.215 80.683 16.626
119.215 80.685 4.800
119.215 80.685 7.230
119.215 80.685 10.040
119.215 80.685 12.470
119.222 80.657 16.629
119.222 80.658 16.629
119.230 80.632 16.630
119.231 25.237 16.209
119.233 42.814 17.847
119.238 80.607 16.629
119.244 81.070 4.800
119.244 81.070 7.230
119.244 81.070 10.040
119.244 81.070 12.470
119.245 80.581 16.626
119.245 80.582 16.626
119.253 80.557 16.620
119.255 80.551 4.800
119.255 80.551 7.230
119.255 80.551 10.040
119.255 80.551 12.470
119.260 80.532 16.612
119.260 80.533 16.612
119.266 10.002 18.353
119.267 80.509 16.602
119.267 81.546 4.800
119.267 81.546 7.230
119.267 81.546 10.040
119.267 81.546 12.470
119.268 80.509 16.602
119.274 80.486 16.590
119.281 80.465 16.576
119.287 80.445 16.559
119.293 43.469 17.962
119.293 80.426 16.542
119.294 13.532 21.307
119.297 80.434 7.230
119.297 80.434 10.040
119.298 80.409 16.522
119.298 80.421 7.230
119.298 80.421 10.040
119.298 80.447 7.230
119.298 80.447 10.040
119.299 80.408 7.230
119.299 80.408 10.040
119.299 80.460 7.230
119.299 80.460 10.040
119.302 80.395 7.230
119.302 80.395 10.040
119.302 80.472 7.230
119.302 80.472 10.040
119.303 80.393 16.501
119.306 80.382 7.230
119.306 80.382 10.040
119.306 80.485 7.230
119.306 80.485 10.040
119.307 80.379 16.479
119.309 110.859 1.400
119.309 110.859 1.530
119.310 80.367 16.455
119.310 80.368 16.455
119.311 80.370 7.230
119.311 80.370 10.040
119.311 80.497 7.230
119.311 80.497 10.040
119.313 80.358 16.431
119.316 80.350 16.406
119.317 80.344 16.380
119.317 80.359 7.230
119.317 80.359 10.040
119.317 80.509 7.230
119.317 80.509 10.040
119.318 80.341 16.353
119.319 80.339 16.327
119.319 80.340 15.100
119.319 80.340 16.300
119.319 80.341 16.353
119.324 80.348 7.230
119.324 80.348 10.040
119.324 80.520 7.230
119.324 80.520 10.040
119.332 80.337 7.230
119.332 80.337 10.040
119.332 80.530 7.230
119.332 80.530 10.040
119.341 80.328 7.230
119.341 80.328 10.040
119.341 80.540 7.230
119.341 80.540 10.040
119.344 25.321 15.108
119.349 80.726 4.800
119.349 80.726 7.230
119.349 80.726 10.040
119.349 80.726 12.470
119.351 80.319 7.230
119.351 80.319 10.040
119.351 80.549 7.230
119.351 80.549 10.040
119.360 80.206 4.800
119.360 80.206 7.230
119.360 80.206 10.040
119.360 80.206 12.470
119.361 80.311 7.230
119.361 80.311 10.040
119.361 80.556 7.230
119.361 80.556 10.040
119.370 20.434 21.307
119.372 80.304 7.230
119.372 80.304 10.040
119.372 80.563 7.230
119.372 80.563 10.040
119.380 25.348 14.000
119.384 80.298 7.230
119.384 80.298 10.040
119.384 80.570 7.230
119.384 80.570 10.040
119.389 80.592 4.800
119.389 80.592 7.230
119.389 80.592 10.040
119.389 80.592 12.470
119.396 80.293 7.230
119.396 80.293 10.040
119.396 80.575 7.230
119.396 80.575 10.040
119.400 80.072 4.800
119.400 80.072 7.230
119.400 80.072 10.040
119.400 80.072 12.470
119.408 80.289 7.230
119.408 80.289 10.040
119.408 80.578 7.230
119.408 80.578 10.040
119.420 23.963 18.353
119.421 80.286 7.230
119.421 80.286 10.040
119.421 80.581 7.230
119.421 80.581 10.040
119.429 81.011 15.100
119.429 81.011 16.300
119.429 81.011 16.353
119.429 81.012 16.327
119.430 81.007 16.380
119.432 81.002 16.406
119.434 80.284 7.230
119.434 80.284 10.040
119.434 80.583 7.230
119.434 80.583 10.040
119.434 80.994 16.431
119.436 79.952 16.353
119.436 79.953 15.100
119.436 79.953 16.300
119.436 79.953 16.327
119.436 79.954 16.327
119.437 79.949 16.380
119.437 80.984 16.455
119.439 79.943 16.406
119.441 79.935 16.431
119.441 80.972 16.479
119.444 79.925 16.455
119.445 80.958 16.501
119.447 80.284 7.230
119.447 80.284 10.040
119.447 80.584 7.230
119.447 80.584 10.040
119.448 79.913 16.479
119.448 79.914 16.479
119.450 80.943 16.522
119.452 79.900 16.501
119.455 80.925 16.542
119.457 79.884 16.522
119.460 80.284 7.230
119.460 80.284 10.040
119.460 80.583 7.230
119.460 80.583 10.040
119.461 80.907 16.559
119.462 79.867 16.542
119.467 80.886 16.576
119.468 79.848 16.559
119.469 42.885 17.962
119.473 80.286 7.230
119.473 80.286 10.040
119.473 80.581 7.230
119.473 80.581 10.040
119.473 80.865 16.590
119.474 79.828 16.576
119.475 11.175 19.380
119.480 79.806 16.590
119.480 79.807 16.590
119.480 80.842 16.602
119.483 12.363 20.367
119.486 80.289 7.230
119.486 80.289 10.040
119.486 80.579 7.230
119.486 80.579 10.040
119.487 79.784 16.602
119.487 80.819 16.612
119.494 79.760 16.612
119.494 80.247 4.800
119.494 80.247 7.230
119.494 80.247 10.040
119.494 80.247 12.470
119.494 80.795 16.620
119.498 80.575 7.230
119.498 80.575 10.040
119.499 80.293 7.230
119.499 80.293 10.040
119.502 79.736 16.620
119.502 80.770 16.626
119.505 79.728 4.800
119.505 79.728 7.230
119.505 79.728 10.040
119.505 79.728 12.470
119.509 79.711 16.626
119.510 80.745 16.629
119.511 80.298 7.230
119.511 80.298 10.040
119.511 80.570 7.230
119.511 80.570 10.040
119.517 79.686 16.629
119.517 80.719 16.630
119.522 80.304 7.230
119.522 80.304 10.040
119.522 80.564 7.230
119.522 80.564 10.040
119.525 79.661 16.630
119.525 80.694 16.629
119.532 79.635 16.629
119.533 80.311 7.230
119.533 80.311 10.040
119.533 80.556 7.230
119.533 80.556 10.040
119.533 80.669 16.626
119.534 80.113 4.800
119.534 80.113 7.230
119.534 80.113 10.040
119.534 80.113 12.470
119.538 43.543 18.055
119.540 79.610 16.626
119.540 80.644 16.620
119.541 9.823 17.293
119.544 80.319 7.230
119.544 80.319 10.040
119.544 80.548 7.230
119.544 80.548 10.040
119.545 79.594 4.800
119.545 79.594 7.230
119.545 79.594 10.040
119.545 79.594 12.470
119.547 79.585 16.620
119.548 80.620 16.612
119.553 80.328 7.230
119.553 80.328 10.040
119.553 80.540 7.230
119.553 80.540 10.040
119.555 79.561 16.612
119.555 80.596 16.602
119.561 80.574 16.590
119.562 79.537 16.602
119.562 79.538 16.602
119.562 80.337 7.230
119.562 80.337 10.040
119.562 80.530 7.230
119.562 80.530 10.040
119.564 14.496 21.307
119.568 80.552 16.576
119.569 79.515 16.590
119.570 80.348 7.230
119.570 80.348 10.040
119.570 80.520 7.230
119.570 80.520 10.040
119.574 80.532 16.559
119.575 79.493 16.576
119.575 79.494 16.576
119.577 80.359 7.230
119.577 80.359 10.040
119.577 80.509 7.230
119.577 80.509 10.040
119.580 80.513 16.542
119.581 79.473 16.559
119.583 80.370 7.230
119.583 80.370 10.040
119.583 80.497 7.230
119.583 80.497 10.040
119.585 21.598 20.367
119.585 80.496 16.522
119.587 79.454 16.542
119.587 79.455 16.542
119.588 80.382 7.230
119.588 80.382 10.040
119.588 80.485 7.230
119.588 80.485 10.040
119.590 80.480 16.501
119.592 79.437 16.522
119.592 80.395 7.230
119.592 80.395 10.040
119.592 80.472 7.230
119.592 80.472 10.040
119.594 80.466 16.479
119.595 80.408 7.230
119.595 80.408 10.040
119.595 80.460 7.230
119.595 80.460 10.040
119.597 79.422 16.501
119.597 80.421 7.230
119.597 80.421 10.040
119.597 80.434 7.230
119.597 80.434 10.040
119.597 80.447 7.230
119.597 80.447 10.040
119.598 80.455 16.455
119.601 79.408 16.479
119.601 80.445 16.431
119.602 22.786 19.380
119.603 80.437 16.406
119.605 79.396 16.455
119.605 80.431 16.380
119.606 80.426 16.327
119.606 80.427 15.100
119.606 80.427 16.300
119.606 80.428 16.353
119.608 79.386 16.431
119.610 79.378 16.406
119.612 79.373 16.380
119.613 79.368 16.327
119.613 79.369 15.100
119.613 79.369 16.300
119.613 79.369 16.353
119.618 19.464 21.307
119.639 79.769 4.800
119.639 79.769 7.230
119.639 79.769 10.040
119.639 79.769 12.470
119.642 24.986 2.800
119.642 24.986 5.700
119.642 24.986 12.400
119.642 24.986 14.000
119.643 9.222 2.800
119.643 9.222 5.700
119.643 9.222 12.400
119.643 9.222 14.000
119.650 79.249 4.800
119.650 79.249 7.230
119.650 79.249 10.040
119.650 79.249 12.470
119.679 79.635 4.800
119.679 79.635 7.230
119.679 79.635 10.040
119.679 79.635 12.470
119.690 79.115 4.800
119.690 79.115 7.230
119.690 79.115 10.040
119.690 79.115 12.470
119.699 24.136 17.293
119.714 42.959 18.055
119.723 80.039 16.353
119.723 80.040 15.100
119.723 80.040 16.300
119.723 80.041 16.327
119.725 80.036 16.380
119.726 80.030 16.406
119.729 80.022 16.431
119.730 78.982 16.327
119.731 78.981 15.100
119.731 78.981 16.300
119.731 78.981 16.353
119.732 78.977 16.380
119.732 80.012 16.455
119.733 78.972 16.406
119.735 80.001 16.479
119.736 78.964 16.431
119.738 9.694 16.209
119.739 78.954 16.455
119.739 78.975 7.230
119.739 78.975 10.040
119.739 79.987 16.501
119.740 78.962 7.230
119.740 78.962 10.040
119.740 78.988 7.230
119.740 78.988 10.040
119.742 78.942 16.479
119.742 78.949 7.230
119.742 78.949 10.040
119.742 79.001 7.230
119.742 79.001 10.040
119.744 78.936 7.230
119.744 78.936 10.040
119.744 79.014 7.230
119.744 79.014 10.040
119.744 79.971 16.522
119.747 78.928 16.501
119.748 15.480 21.307
119.748 78.924 7.230
119.748 78.924 10.040
119.748 79.026 7.230
119.748 79.026 10.040
119.749 79.954 16.542
119.751 78.913 16.522
119.753 78.912 7.230
119.753 78.912 10.040
119.753 79.038 7.230
119.753 79.038 10.040
119.755 79.935 16.559
119.757 78.895 16.542
119.757 78.896 16.542
119.759 78.900 7.230
119.759 78.900 10.040
119.759 79.050 7.230
119.759 79.050 10.040
119.761 79.915 16.576
119.762 78.877 16.559
119.766 78.889 7.230
119.766 78.889 10.040
119.766 79.061 7.230
119.766 79.061 10.040
119.768 78.856 16.576
119.768 78.857 16.576
119.768 79.894 16.590
119.774 78.879 7.230
119.774 78.879 10.040
119.774 79.071 7.230
119.774 79.071 10.040
119.774 79.871 16.602
119.775 78.835 16.590
119.781 18.476 21.307
119.782 78.812 16.602
119.782 78.813 16.602
119.782 79.847 16.612
119.783 78.869 7.230
119.783 78.869 10.040
119.783 79.081 7.230
119.783 79.081 10.040
119.784 79.290 4.800
119.784 79.290 7.230
119.784 79.290 10.040
119.784 79.290 12.470
119.789 78.789 16.612
119.789 79.823 16.620
119.790 43.619 18.126
119.793 78.860 7.230
119.793 78.860 10.040
119.793 79.090 7.230
119.793 79.090 10.040
119.795 78.771 4.800
119.795 78.771 7.230
119.795 78.771 10.040
119.795 78.771 12.470
119.796 78.765 16.620
119.796 79.798 16.626
119.803 78.852 7.230
119.803 78.852 10.040
119.803 79.098 7.230
119.803 79.098 10.040
119.804 78.740 16.626
119.804 79.773 16.629
119.811 78.715 16.629
119.812 79.748 16.630
119.814 78.845 7.230
119.814 78.845 10.040
119.814 79.105 7.230
119.814 79.105 10.040
119.819 78.689 16.630
119.819 79.722 16.629
119.824 79.156 4.800
119.824 79.156 7.230
119.824 79.156 10.040
119.824 79.156 12.470
119.826 78.839 7.230
119.826 78.839 10.040
119.826 79.111 7.230
119.826 79.111 10.040
119.827 78.664 16.629
119.827 79.697 16.626
119.834 78.639 16.626
119.835 78.637 4.800
119.835 78.637 7.230
119.835 78.637 10.040
119.835 78.637 12.470
119.835 79.672 16.620
119.838 78.834 7.230
119.838 78.834 10.040
119.838 79.116 7.230
119.838 79.116 10.040
119.842 78.614 16.620
119.842 79.648 16.612
119.844 10.977 18.353
119.846 16.476 21.307
119.849 78.590 16.612
119.849 79.625 16.602
119.851 78.830 7.230
119.851 78.830 10.040
119.851 79.120 7.230
119.851 79.120 10.040
119.854 13.348 20.367
119.856 9.617 15.108
119.856 78.566 16.602
119.856 79.602 16.590
119.857 17.478 21.307
119.862 79.581 16.576
119.863 78.544 16.590
119.863 78.827 7.230
119.863 78.827 10.040
119.863 79.123 7.230
119.863 79.123 10.040
119.869 79.560 16.559
119.870 78.522 16.576
119.874 79.542 16.542
119.876 78.502 16.559
119.876 78.826 7.230
119.876 78.826 10.040
119.876 79.125 7.230
119.876 79.125 10.040
119.880 79.524 16.522
119.882 78.483 16.542
119.884 79.509 16.501
119.887 78.466 16.522
119.888 79.495 16.479
119.889 78.825 7.230
119.889 78.825 10.040
119.889 79.125 7.230
119.889 79.125 10.040
119.892 78.450 16.501
119.892 79.483 16.455
119.893 9.593 14.000
119.895 79.473 16.431
119.896 78.436 16.479
119.896 78.437 16.479
119.897 79.466 16.406
119.899 24.261 16.209
119.899 78.425 16.455
119.899 79.460 16.380
119.900 79.456 15.100
119.900 79.456 16.300
119.900 79.456 16.353
119.901 79.455 16.327
119.902 78.415 16.431
119.902 78.826 7.230
119.902 78.826 10.040
119.902 79.124 7.230
119.902 79.124 10.040
119.905 78.407 16.406
119.906 78.401 16.380
119.907 78.398 16.353
119.908 78.396 16.327
119.908 78.397 15.100
119.908 78.397 16.300
119.908 78.397 16.327
119.915 78.827 7.230
119.915 78.827 10.040
119.915 79.123 7.230
119.915 79.123 10.040
119.928 78.830 7.230
119.928 78.830 10.040
119.928 79.120 7.230
119.928 79.120 10.040
119.929 78.811 4.800
119.929 78.811 7.230
119.929 78.811 10.040
119.929 78.811 12.470
119.934 20.605 20.367
119.940 78.292 4.800
119.940 78.292 7.230
119.940 78.292 10.040
119.940 78.292 12.470
119.941 78.834 7.230
119.941 78.834 10.040
119.941 79.116 7.230
119.941 79.116 10.040
119.949 12.164 19.380
119.953 78.839 7.230
119.953 78.839 10.040
119.953 79.111 7.230
119.953 79.111 10.040
119.964 78.845 7.230
119.964 78.845 10.040
119.964 79.105 7.230
119.964 79.105 10.040
119.966 43.036 18.126
119.969 78.677 4.800
119.969 78.677 7.230
119.969 78.677 10.040
119.969 78.677 12.470
119.975 78.852 7.230
119.975 78.852 10.040
119.975 79.098 7.230
119.975 79.098 10.040
119.976 22.975 18.353
119.980 78.158 4.800
119.980 78.158 7.230
119.980 78.158 10.040
119.980 78.158 12.470
119.986 78.860 7.230
119.986 78.860 10.040
119.986 79.090 7.230
119.986 79.090 10.040
119.995 78.869 7.230
119.995 78.869 10.040
119.995 79.081 7.230
119.995 79.081 10.040
120.004 78.879 7.230
120.004 78.879 10.040
120.004 79.071 7.230
120.004 79.071 10.040
120.012 78.889 7.230
120.012 78.889 10.040
120.012 79.061 7.230
120.012 79.061 10.040
120.017 79.069 16.327
120.018 24.335 15.108
120.018 79.068 15.100
120.018 79.068 16.300
120.018 79.068 16.353
120.019 78.900 7.230
120.019 78.900 10.040
120.019 79.050 7.230
120.019 79.050 10.040
120.019 79.064 16.380
120.021 79.059 16.406
120.023 79.051 16.431
120.025 78.912 7.230
120.025 78.912 10.040
120.025 79.038 7.230
120.025 79.038 10.040
120.026 79.041 16.455
120.030 78.924 7.230
120.030 78.924 10.040
120.030 79.026 7.230
120.030 79.026 10.040
120.030 79.029 16.479
120.034 78.936 7.230
120.034 78.936 10.040
120.034 79.014 7.230
120.034 79.014 10.040
120.034 79.015 16.501
120.037 78.949 7.230
120.037 78.949 10.040
120.037 79.001 7.230
120.037 79.001 10.040
120.039 78.962 7.230
120.039 78.962 10.040
120.039 78.975 7.230
120.039 78.975 10.040
120.039 78.988 7.230
120.039 78.988 10.040
120.039 79.000 16.522
120.044 78.983 16.542
120.046 43.697 18.173
120.049 78.964 16.559
120.055 21.787 19.380
120.056 24.358 14.000
120.056 78.944 16.576
120.062 78.922 16.590
120.069 78.900 16.602
120.070 77.862 4.800
120.070 77.862 5.370
120.070 77.862 5.445
120.070 77.862 5.978
120.070 77.862 6.053
120.070 77.862 6.585
120.070 77.862 6.660
120.070 77.862 7.230
120.070 77.862 10.040
120.070 77.862 10.610
120.070 77.862 10.685
120.070 77.862 11.218
120.070 77.862 11.293
120.070 77.862 11.825
120.070 77.862 11.900
120.070 77.862 12.470
120.074 78.333 4.800
120.074 78.333 7.230
120.074 78.333 10.040
120.074 78.333 12.470
120.076 78.876 16.612
120.083 78.852 16.620
120.091 78.827 16.626
120.099 78.802 16.629
120.106 78.776 16.630
120.114 78.199 4.800
120.114 78.199 7.230
120.114 78.199 10.040
120.114 78.199 12.470
120.114 78.751 16.629
120.122 78.726 16.626
120.129 78.701 16.620
120.133 10.822 17.293
120.136 78.677 16.612
120.138 14.362 20.367
120.144 78.653 16.602
120.150 78.631 16.590
120.157 78.609 16.576
120.163 78.589 16.559
120.166 77.891 5.370
120.166 77.891 5.445
120.166 77.891 5.978
120.166 77.891 6.053
120.166 77.891 6.585
120.166 77.891 6.660
120.166 77.891 10.610
120.166 77.891 10.685
120.166 77.891 11.218
120.166 77.891 11.293
120.166 77.891 11.825
120.166 77.891 11.900
120.169 78.570 16.542
120.174 78.553 16.522
120.179 78.537 16.501
120.183 78.524 16.479
120.186 78.512 16.455
120.189 78.502 16.431
120.192 78.494 16.406
120.194 78.488 16.380
120.195 19.585 20.367
120.195 78.484 16.327
120.195 78.485 15.100
120.195 78.485 16.300
120.195 78.485 16.353
120.223 43.113 18.173
120.269 23.124 17.293
120.286 23.975 2.800
120.286 23.975 5.700
120.286 23.975 12.400
120.286 23.975 14.000
120.287 10.233 2.800
120.287 10.233 5.700
120.287 10.233 12.400
120.287 10.233 14.000
120.306 43.776 18.197
120.332 15.397 20.367
120.334 11.999 18.353
120.335 13.190 19.380
120.341 10.711 16.209
120.357 77.950 4.800
120.357 77.950 7.230
120.357 77.950 10.040
120.357 77.950 12.470
120.367 18.547 20.367
120.419 20.752 19.380
120.435 16.444 20.367
120.444 21.943 18.353
120.447 17.497 20.367
120.465 10.645 15.108
120.479 23.230 16.209
120.483 43.192 18.197
120.504 10.624 14.000
120.567 43.855 18.197
120.604 23.293 15.108
120.613 43.231 22.900
120.631 14.247 19.380
120.636 11.870 17.293
120.644 23.313 14.000
120.691 19.689 19.380
120.733 13.060 18.353
120.744 43.271 18.197
120.748 22.065 17.293
120.820 20.873 18.353
120.827 43.933 18.173
120.833 15.325 19.380
120.840 11.297 2.800
120.840 11.297 5.700
120.840 11.297 12.400
120.840 11.297 14.000
120.840 22.911 2.800
120.840 22.911 5.700
120.840 22.911 12.400
120.840 22.911 14.000
120.852 11.778 16.209
120.869 18.607 19.380
120.941 16.416 19.380
120.953 17.513 19.380
120.967 22.152 16.209
120.981 11.722 15.108
121.004 43.350 18.173
121.022 11.705 14.000
121.039 14.151 18.353
121.042 74.655 4.800
121.042 74.655 7.230
121.042 74.655 10.040
121.042 74.655 12.470
121.043 74.655 4.800
121.043 74.655 5.370
121.043 74.655 5.445
121.043 74.655 5.978
121.043 74.655 6.053
121.043 74.655 6.585
121.043 74.655 6.660
121.043 74.655 7.230
121.043 74.655 10.040
121.043 74.655 10.610
121.043 74.655 10.685
121.043 74.655 11.218
121.043 74.655 11.293
121.043 74.655 11.825
121.043 74.655 11.900
121.043 74.655 12.470
121.045 12.958 17.293
121.084 44.011 18.126
121.097 22.205 15.108
121.101 19.775 18.353
121.132 74.359 4.800
121.132 74.359 7.230
121.132 74.359 10.040
121.132 74.359 12.470
121.134 20.969 17.293
121.139 22.221 14.000
121.139 74.684 5.370
121.139 74.684 5.445
121.139 74.684 5.978
121.139 74.684 6.053
121.139 74.684 6.585
121.139 74.684 6.660
121.139 74.684 10.610
121.139 74.684 10.685
121.139 74.684 11.218
121.139 74.684 11.293
121.139 74.684 11.825
121.139 74.684 11.900
121.173 74.225 4.800
121.173 74.225 7.230
121.173 74.225 10.040
121.173 74.225 12.470
121.204 74.121 16.327
121.205 74.119 16.353
121.205 74.120 15.100
121.205 74.120 16.300
121.206 74.116 16.380
121.207 74.110 16.406
121.208 74.110 16.406
121.210 74.102 16.431
121.213 74.092 16.455
121.213 74.093 16.455
121.216 74.081 16.479
121.217 74.081 16.479
121.221 74.067 16.501
121.225 74.051 16.522
121.231 74.034 16.542
121.236 74.015 16.559
121.242 73.995 16.576
121.248 15.265 18.353
121.249 73.973 16.590
121.249 73.974 16.590
121.256 73.951 16.602
121.261 43.427 18.126
121.263 73.927 16.612
121.266 74.400 4.800
121.266 74.400 7.230
121.266 74.400 10.040
121.266 74.400 12.470
121.269 12.884 16.209
121.270 73.903 16.620
121.277 73.881 4.800
121.277 73.881 7.230
121.277 73.881 10.040
121.277 73.881 12.470
121.278 73.878 16.626
121.285 18.657 18.353
121.285 73.853 16.629
121.293 73.828 16.630
121.298 21.804 2.800
121.298 21.804 5.700
121.298 21.804 12.400
121.298 21.804 14.000
121.299 12.404 2.800
121.299 12.404 5.700
121.299 12.404 12.400
121.299 12.404 14.000
121.301 73.802 16.629
121.307 74.266 4.800
121.307 74.266 7.230
121.307 74.266 10.040
121.307 74.266 12.470
121.308 73.777 16.626
121.316 73.752 16.620
121.318 73.747 4.800
121.318 73.747 7.230
121.318 73.747 10.040
121.318 73.747 12.470
121.323 73.728 16.612
121.330 73.705 16.602
121.330 74.742 4.800
121.330 74.742 7.230
121.330 74.742 10.040
121.330 74.742 12.470
121.336 44.087 18.055
121.337 73.682 16.590
121.344 73.661 16.576
121.350 73.640 16.559
121.356 73.622 16.542
121.359 14.077 17.293
121.359 16.393 18.353
121.359 21.037 16.209
121.360 73.629 7.230
121.360 73.629 10.040
121.361 73.604 16.522
121.361 73.616 7.230
121.361 73.616 10.040
121.361 73.642 7.230
121.361 73.642 10.040
121.362 73.603 7.230
121.362 73.603 10.040
121.362 73.655 7.230
121.362 73.655 10.040
121.365 73.590 7.230
121.365 73.590 10.040
121.365 73.668 7.230
121.365 73.668 10.040
121.366 73.589 16.501
121.369 73.578 7.230
121.369 73.578 10.040
121.369 73.681 7.230
121.369 73.681 10.040
121.370 73.575 16.479
121.372 17.527 18.353
121.373 73.563 16.455
121.374 73.566 7.230
121.374 73.566 10.040
121.374 73.693 7.230
121.374 73.693 10.040
121.376 73.553 16.431
121.379 73.545 16.406
121.379 73.546 16.406
121.380 73.540 16.380
121.380 73.554 7.230
121.380 73.554 10.040
121.380 73.704 7.230
121.380 73.704 10.040
121.381 73.536 16.353
121.382 73.535 16.327
121.382 73.536 15.100
121.382 73.536 16.300
121.382 73.536 16.353
121.387 73.543 7.230
121.387 73.543 10.040
121.387 73.715 7.230
121.387 73.715 10.040
121.395 73.533 7.230
121.395 73.533 10.040
121.395 73.726 7.230
121.395 73.726 10.040
121.402 12.841 15.108
121.404 73.523 7.230
121.404 73.523 10.040
121.404 73.735 7.230
121.404 73.735 10.040
121.411 73.921 4.800
121.411 73.921 7.230
121.411 73.921 10.040
121.411 73.921 12.470
121.414 73.514 7.230
121.414 73.514 10.040
121.414 73.744 7.230
121.414 73.744 10.040
121.422 19.843 17.293
121.423 73.402 4.800
121.423 73.402 7.230
121.423 73.402 10.040
121.423 73.402 12.470
121.424 73.506 7.230
121.424 73.506 10.040
121.424 73.752 7.230
121.424 73.752 10.040
121.435 73.499 7.230
121.435 73.499 10.040
121.435 73.759 7.230
121.435 73.759 10.040
121.445 12.827 14.000
121.447 73.493 7.230
121.447 73.493 10.040
121.447 73.765 7.230
121.447 73.765 10.040
121.452 73.787 4.800
121.452 73.787 7.230
121.452 73.787 10.040
121.452 73.787 12.470
121.459 73.488 7.230
121.459 73.488 10.040
121.459 73.770 7.230
121.459 73.770 10.040
121.463 73.268 4.800
121.463 73.268 7.230
121.463 73.268 10.040
121.463 73.268 12.470
121.471 73.484 7.230
121.471 73.484 10.040
121.471 73.774 7.230
121.471 73.774 10.040
121.484 73.482 7.230
121.484 73.482 10.040
121.484 73.777 7.230
121.484 73.777 10.040
121.492 74.206 16.353
121.492 74.207 15.100
121.492 74.207 16.300
121.492 74.208 16.327
121.493 21.077 15.108
121.493 74.203 16.380
121.495 74.197 16.406
121.497 73.480 7.230
121.497 73.480 10.040
121.497 73.779 7.230
121.497 73.779 10.040
121.497 74.189 16.431
121.499 73.148 15.100
121.499 73.148 16.300
121.499 73.148 16.353
121.499 73.149 16.327
121.500 73.144 16.380
121.500 74.180 16.455
121.502 73.139 16.406
121.504 73.131 16.431
121.504 74.168 16.479
121.507 73.121 16.455
121.508 74.154 16.501
121.510 73.479 7.230
121.510 73.479 10.040
121.510 73.779 7.230
121.510 73.779 10.040
121.511 73.109 16.479
121.512 43.504 18.055
121.513 74.138 16.522
121.515 73.095 16.501
121.518 74.121 16.542
121.520 73.080 16.522
121.523 73.480 7.230
121.523 73.480 10.040
121.523 73.779 7.230
121.523 73.779 10.040
121.524 74.102 16.559
121.525 73.063 16.542
121.530 74.082 16.576
121.531 73.044 16.559
121.536 21.090 14.000
121.536 73.482 7.230
121.536 73.482 10.040
121.536 73.777 7.230
121.536 73.777 10.040
121.536 74.061 16.590
121.537 73.023 16.576
121.537 73.024 16.576
121.543 73.002 16.590
121.543 74.038 16.602
121.549 73.484 7.230
121.549 73.484 10.040
121.549 73.774 7.230
121.549 73.774 10.040
121.550 72.979 16.602
121.550 72.980 16.602
121.550 74.015 16.612
121.557 72.956 16.612
121.557 73.443 4.800
121.557 73.443 7.230
121.557 73.443 10.040
121.557 73.443 12.470
121.557 73.990 16.620
121.561 73.488 7.230
121.561 73.488 10.040
121.561 73.770 7.230
121.561 73.770 10.040
121.565 72.932 16.620
121.565 73.965 16.626
121.568 72.924 4.800
121.568 72.924 7.230
121.568 72.924 10.040
121.568 72.924 12.470
121.572 72.907 16.626
121.573 15.219 17.293
121.573 73.940 16.629
121.574 73.493 7.230
121.574 73.493 10.040
121.574 73.765 7.230
121.574 73.765 10.040
121.580 72.882 16.629
121.580 73.915 16.630
121.581 44.162 17.962
121.585 73.499 7.230
121.585 73.499 10.040
121.585 73.759 7.230
121.585 73.759 10.040
121.588 14.023 16.209
121.588 72.856 16.630
121.588 73.890 16.629
121.595 72.831 16.629
121.596 73.506 7.230
121.596 73.506 10.040
121.596 73.752 7.230
121.596 73.752 10.040
121.596 73.864 16.626
121.597 73.309 4.800
121.597 73.309 7.230
121.597 73.309 10.040
121.597 73.309 12.470
121.603 72.806 16.626
121.603 73.840 16.620
121.607 73.514 7.230
121.607 73.514 10.040
121.607 73.744 7.230
121.607 73.744 10.040
121.608 72.790 4.800
121.608 72.790 7.230
121.608 72.790 10.040
121.608 72.790 12.470
121.610 72.781 16.620
121.611 18.696 17.293
121.611 73.815 16.612
121.616 73.523 7.230
121.616 73.523 10.040
121.616 73.735 7.230
121.616 73.735 10.040
121.618 72.757 16.612
121.618 73.792 16.602
121.624 73.769 16.590
121.625 72.733 16.602
121.625 73.533 7.230
121.625 73.533 10.040
121.625 73.726 7.230
121.625 73.726 10.040
121.631 73.748 16.576
121.632 72.711 16.590
121.633 73.543 7.230
121.633 73.543 10.040
121.633 73.715 7.230
121.633 73.715 10.040
121.637 73.728 16.559
121.638 72.689 16.576
121.640 73.554 7.230
121.640 73.554 10.040
121.640 73.704 7.230
121.640 73.704 10.040
121.643 73.709 16.542
121.644 72.669 16.559
121.645 53.107 19.000
121.645 53.107 20.296
121.646 73.566 7.230
121.646 73.566 10.040
121.646 73.693 7.230
121.646 73.693 10.040
121.648 73.691 16.522
121.650 72.650 16.542
121.651 73.578 7.230
121.651 73.578 10.040
121.651 73.681 7.230
121.651 73.681 10.040
121.652 19.891 16.209
121.653 73.676 16.501
121.655 72.633 16.522
121.655 73.590 7.230
121.655 73.590 10.040
121.655 73.668 7.230
121.655 73.668 10.040
121.657 73.662 16.479
121.658 73.603 7.230
121.658 73.603 10.040
121.658 73.655 7.230
121.658 73.655 10.040
121.659 13.547 2.800
121.659 13.547 5.700
121.659 13.547 12.400
121.659 13.547 14.000
121.659 20.660 2.800
121.659 20.660 5.700
121.659 20.660 12.400
121.659 20.660 14.000
121.660 72.617 16.501
121.660 73.616 7.230
121.660 73.616 10.040
121.660 73.629 7.230
121.660 73.629 10.040
121.660 73.642 7.230
121.660 73.642 10.040
121.660 73.650 16.455
121.663 73.640 16.431
121.664 72.604 16.479
121.666 73.633 16.406
121.668 72.592 16.455
121.668 73.627 16.380
121.669 73.622 16.327
121.669 73.623 15.100
121.669 73.623 16.300
121.669 73.623 16.353
121.671 72.582 16.431
121.673 72.574 16.406
121.675 72.568 16.380
121.676 72.564 15.100
121.676 72.564 16.300
121.676 72.564 16.327
121.676 72.565 15.100
121.676 72.565 16.300
121.676 72.565 16.353
121.687 16.375 17.293
121.700 17.537 17.293
121.702 72.964 4.800
121.702 72.964 7.230
121.702 72.964 10.040
121.702 72.964 12.470
121.713 72.445 4.800
121.713 72.445 7.230
121.713 72.445 10.040
121.713 72.445 12.470
121.724 13.991 15.108
121.742 72.830 4.800
121.742 72.830 7.230
121.742 72.830 10.040
121.742 72.830 12.470
121.753 72.311 4.800
121.753 72.311 7.230
121.753 72.311 10.040
121.753 72.311 12.470
121.758 43.578 17.962
121.768 13.981 14.000
121.786 73.235 15.100
121.786 73.235 16.300
121.786 73.235 16.353
121.786 73.236 16.327
121.787 73.232 16.380
121.789 73.226 16.406
121.790 19.920 15.108
121.792 73.218 16.431
121.793 72.178 16.327
121.794 72.176 16.353
121.794 72.177 15.100
121.794 72.177 16.300
121.794 72.177 16.353
121.795 72.173 16.380
121.795 73.208 16.455
121.796 72.167 16.406
121.798 73.196 16.479
121.799 72.159 16.431
121.799 72.160 16.431
121.802 72.150 16.455
121.802 72.171 7.230
121.802 72.171 10.040
121.802 73.183 16.501
121.803 72.158 7.230
121.803 72.158 10.040
121.803 72.184 7.230
121.803 72.184 10.040
121.805 72.138 16.479
121.805 72.145 7.230
121.805 72.145 10.040
121.805 72.197 7.230
121.805 72.197 10.040
121.806 15.186 16.209
121.807 72.132 7.230
121.807 72.132 10.040
121.807 72.210 7.230
121.807 72.210 10.040
121.807 73.167 16.522
121.810 72.124 16.501
121.811 72.119 7.230
121.811 72.119 10.040
121.811 72.222 7.230
121.811 72.222 10.040
121.812 73.150 16.542
121.814 72.108 16.522
121.816 72.107 7.230
121.816 72.107 10.040
121.816 72.234 7.230
121.816 72.234 10.040
121.817 44.233 17.847
121.818 73.131 16.559
121.819 72.091 16.542
121.820 72.091 16.542
121.822 72.096 7.230
121.822 72.096 10.040
121.822 72.246 7.230
121.822 72.246 10.040
121.824 73.111 16.576
121.825 72.072 16.559
121.829 72.085 7.230
121.829 72.085 10.040
121.829 72.257 7.230
121.829 72.257 10.040
121.831 72.052 16.576
121.831 73.089 16.590
121.834 19.929 14.000
121.837 72.074 7.230
121.837 72.074 10.040
121.837 72.267 7.230
121.837 72.267 10.040
121.837 73.067 16.602
121.838 72.031 16.590
121.845 18.724 16.209
121.845 72.008 16.602
121.845 73.043 16.612
121.846 72.065 7.230
121.846 72.065 10.040
121.846 72.277 7.230
121.846 72.277 10.040
121.847 72.486 4.800
121.847 72.486 7.230
121.847 72.486 10.040
121.847 72.486 12.470
121.852 71.985 16.612
121.852 73.019 16.620
121.856 72.056 7.230
121.856 72.056 10.040
121.856 72.286 7.230
121.856 72.286 10.040
121.858 71.967 4.800
121.858 71.967 7.230
121.858 71.967 10.040
121.858 71.967 12.470
121.859 71.960 16.620
121.859 72.994 16.626
121.866 72.048 7.230
121.866 72.048 10.040
121.866 72.294 7.230
121.866 72.294 10.040
121.867 71.936 16.626
121.867 72.969 16.629
121.874 71.910 16.629
121.875 72.944 16.630
121.877 72.041 7.230
121.877 72.041 10.040
121.877 72.301 7.230
121.877 72.301 10.040
121.882 71.885 16.630
121.882 72.918 16.629
121.887 72.352 4.800
121.887 72.352 7.230
121.887 72.352 10.040
121.887 72.352 12.470
121.889 72.035 7.230
121.889 72.035 10.040
121.889 72.307 7.230
121.889 72.307 10.040
121.890 71.860 16.629
121.890 72.893 16.626
121.897 71.834 16.626
121.898 71.833 4.800
121.898 71.833 7.230
121.898 71.833 10.040
121.898 71.833 12.470
121.898 72.868 16.620
121.901 72.030 7.230
121.901 72.030 10.040
121.901 72.312 7.230
121.901 72.312 10.040
121.905 71.810 16.620
121.905 72.844 16.612
121.912 71.785 16.612
121.912 72.820 16.602
121.913 72.026 7.230
121.913 72.026 10.040
121.913 72.316 7.230
121.913 72.316 10.040
121.918 19.490 2.800
121.918 19.490 5.700
121.918 19.490 12.400
121.918 19.490 14.000
121.919 14.718 2.800
121.919 14.718 5.700
121.919 14.718 12.400
121.919 14.718 14.000
121.919 71.762 16.602
121.919 72.798 16.590
121.922 16.362 16.209
121.925 72.776 16.576
121.926 71.739 16.590
121.926 72.023 7.230
121.926 72.023 10.040
121.926 72.318 7.230
121.926 72.318 10.040
121.932 72.756 16.559
121.933 71.718 16.576
121.935 17.545 16.209
121.937 72.737 16.542
121.939 71.698 16.559
121.939 72.021 7.230
121.939 72.021 10.040
121.939 72.320 7.230
121.939 72.320 10.040
121.942 72.720 16.522
121.945 15.166 15.108
121.945 71.679 16.542
121.947 72.705 16.501
121.950 71.661 16.522
121.950 71.662 16.522
121.951 72.691 16.479
121.952 72.021 7.230
121.952 72.021 10.040
121.952 72.321 7.230
121.952 72.321 10.040
121.955 71.646 16.501
121.955 72.679 16.455
121.958 72.669 16.431
121.959 71.632 16.479
121.960 72.661 16.406
121.962 71.620 16.455
121.962 72.656 16.380
121.963 72.652 15.100
121.963 72.652 16.300
121.963 72.652 16.353
121.964 72.651 16.327
121.965 71.610 16.431
121.965 71.611 16.431
121.965 72.021 7.230
121.965 72.021 10.040
121.965 72.320 7.230
121.965 72.320 10.040
121.968 71.603 16.406
121.969 71.597 16.380
121.970 71.593 16.353
121.970 71.594 16.353
121.971 71.592 16.327
121.971 71.593 15.100
121.971 71.593 16.300
121.978 72.023 7.230
121.978 72.023 10.040
121.978 72.318 7.230
121.978 72.318 10.040
121.984 18.741 15.108
121.989 15.159 14.000
121.991 72.026 7.230
121.991 72.026 10.040
121.991 72.316 7.230
121.991 72.316 10.040
121.992 72.007 4.800
121.992 72.007 7.230
121.992 72.007 10.040
121.992 72.007 12.470
121.994 43.649 17.847
122.003 71.488 4.800
122.003 71.488 7.230
122.003 71.488 10.040
122.003 71.488 12.470
122.004 72.030 7.230
122.004 72.030 10.040
122.004 72.312 7.230
122.004 72.312 10.040
122.016 72.035 7.230
122.016 72.035 10.040
122.016 72.307 7.230
122.016 72.307 10.040
122.027 72.041 7.230
122.027 72.041 10.040
122.027 72.301 7.230
122.027 72.301 10.040
122.029 18.746 14.000
122.032 71.873 4.800
122.032 71.873 7.230
122.032 71.873 10.040
122.032 71.873 12.470
122.038 72.048 7.230
122.038 72.048 10.040
122.038 72.294 7.230
122.038 72.294 10.040
122.043 44.302 17.711
122.043 71.354 4.800
122.043 71.354 7.230
122.043 71.354 10.040
122.043 71.354 12.470
122.049 72.056 7.230
122.049 72.056 10.040
122.049 72.286 7.230
122.049 72.286 10.040
122.058 72.065 7.230
122.058 72.065 10.040
122.058 72.277 7.230
122.058 72.277 10.040
122.062 16.355 15.108
122.067 72.074 7.230
122.067 72.074 10.040
122.067 72.267 7.230
122.067 72.267 10.040
122.075 15.906 2.800
122.075 15.906 5.700
122.075 15.906 12.400
122.075 15.906 14.000
122.075 17.550 15.108
122.075 18.301 2.800
122.075 18.301 5.700
122.075 18.301 12.400
122.075 18.301 14.000
122.075 72.085 7.230
122.075 72.085 10.040
122.075 72.257 7.230
122.075 72.257 10.040
122.080 72.265 16.327
122.081 72.264 15.100
122.081 72.264 16.300
122.081 72.264 16.353
122.082 72.096 7.230
122.082 72.096 10.040
122.082 72.246 7.230
122.082 72.246 10.040
122.082 72.260 16.380
122.084 72.254 16.406
122.086 72.247 16.431
122.088 72.107 7.230
122.088 72.107 10.040
122.088 72.234 7.230
122.088 72.234 10.040
122.089 72.237 16.455
122.093 72.119 7.230
122.093 72.119 10.040
122.093 72.222 7.230
122.093 72.222 10.040
122.093 72.225 16.479
122.097 72.132 7.230
122.097 72.132 10.040
122.097 72.210 7.230
122.097 72.210 10.040
122.097 72.211 16.501
122.100 72.145 7.230
122.100 72.145 10.040
122.100 72.197 7.230
122.100 72.197 10.040
122.102 72.158 7.230
122.102 72.158 10.040
122.102 72.171 7.230
122.102 72.171 10.040
122.102 72.184 7.230
122.102 72.184 10.040
122.102 72.196 16.522
122.107 16.352 14.000
122.107 72.178 16.542
122.112 72.160 16.559
122.119 72.139 16.576
122.120 17.551 14.000
122.125 72.118 16.590
122.127 17.104 2.800
122.127 17.104 5.700
122.127 17.104 12.400
122.127 17.104 14.000
122.132 72.095 16.602
122.133 71.058 4.800
122.133 71.058 5.370
122.133 71.058 5.445
122.133 71.058 5.978
122.133 71.058 6.053
122.133 71.058 6.585
122.133 71.058 6.660
122.133 71.058 7.230
122.133 71.058 10.040
122.133 71.058 10.610
122.133 71.058 10.685
122.133 71.058 11.218
122.133 71.058 11.293
122.133 71.058 11.825
122.133 71.058 11.900
122.133 71.058 12.470
122.137 71.529 4.800
122.137 71.529 7.230
122.137 71.529 10.040
122.137 71.529 12.470
122.139 72.072 16.612
122.146 72.048 16.620
122.154 72.023 16.626
122.162 71.997 16.629
122.169 71.972 16.630
122.177 71.395 4.800
122.177 71.395 7.230
122.177 71.395 10.040
122.177 71.395 12.470
122.177 71.947 16.629
122.185 71.922 16.626
122.192 71.897 16.620
122.199 71.872 16.612
122.207 71.849 16.602
122.213 71.826 16.590
122.220 43.718 17.711
122.220 71.805 16.576
122.226 71.785 16.559
122.229 71.087 5.370
122.229 71.087 5.445
122.229 71.087 5.978
122.229 71.087 6.053
122.229 71.087 6.585
122.229 71.087 6.660
122.229 71.087 10.610
122.229 71.087 10.685
122.229 71.087 11.218
122.229 71.087 11.293
122.229 71.087 11.825
122.229 71.087 11.900
122.232 71.766 16.542
122.237 71.749 16.522
122.242 71.733 16.501
122.246 71.719 16.479
122.249 71.707 16.455
122.252 71.698 16.431
122.255 71.690 16.406
122.257 44.366 17.554
122.257 71.684 16.380
122.258 71.679 16.327
122.258 71.680 15.100
122.258 71.680 16.300
122.258 71.681 16.353
122.420 71.145 4.800
122.420 71.145 7.230
122.420 71.145 10.040
122.420 71.145 12.470
122.433 43.783 17.554
122.456 44.427 17.379
122.633 43.843 17.379
122.641 44.482 17.187
122.679 21.437 1.400
122.679 21.437 2.800
122.679 21.437 5.700
122.679 21.437 12.400
122.808 44.533 16.978
122.818 43.899 17.187
122.958 44.579 16.755
122.985 43.950 16.978
123.088 44.618 16.519
123.105 67.850 4.800
123.105 67.850 7.230
123.105 67.850 10.040
123.105 67.850 12.470
123.106 67.850 4.800
123.106 67.850 5.370
123.106 67.850 5.445
123.106 67.850 5.978
123.106 67.850 6.053
123.106 67.850 6.585
123.106 67.850 6.660
123.106 67.850 7.230
123.106 67.850 10.040
123.106 67.850 10.610
123.106 67.850 10.685
123.106 67.850 11.218
123.106 67.850 11.293
123.106 67.850 11.825
123.106 67.850 11.900
123.106 67.850 12.470
123.135 43.995 16.755
123.195 67.555 4.800
123.195 67.555 7.230
123.195 67.555 10.040
123.195 67.555 12.470
123.199 44.651 16.272
123.202 67.879 5.370
123.202 67.879 5.445
123.202 67.879 5.978
123.202 67.879 6.053
123.202 67.879 6.585
123.202 67.879 6.660
123.202 67.879 10.610
123.202 67.879 10.685
123.202 67.879 11.218
123.202 67.879 11.293
123.202 67.879 11.825
123.202 67.879 11.900
123.236 67.421 4.800
123.236 67.421 7.230
123.236 67.421 10.040
123.236 67.421 12.470
123.265 44.034 16.519
123.267 67.316 16.327
123.268 67.315 15.100
123.268 67.315 16.300
123.268 67.315 16.353
123.269 67.311 16.380
123.269 67.312 16.380
123.270 67.306 16.406
123.273 67.298 16.431
123.276 67.288 16.455
123.279 67.276 16.479
123.280 67.276 16.479
123.284 67.262 16.501
123.284 67.263 16.501
123.288 44.678 16.015
123.288 67.247 16.522
123.294 67.230 16.542
123.299 67.211 16.559
123.305 67.191 16.576
123.312 67.169 16.590
123.319 67.147 16.602
123.326 67.123 16.612
123.329 67.595 4.800
123.329 67.595 7.230
123.329 67.595 10.040
123.329 67.595 12.470
123.333 67.099 16.620
123.340 67.076 4.800
123.340 67.076 7.230
123.340 67.076 10.040
123.340 67.076 12.470
123.341 67.074 16.626
123.348 67.049 16.629
123.355 44.699 15.752
123.356 44.699 8.700
123.356 44.699 14.400
123.356 67.023 16.630
123.356 67.024 16.630
123.364 66.998 16.629
123.370 67.461 4.800
123.370 67.461 7.230
123.370 67.461 10.040
123.370 67.461 12.470
123.371 66.973 16.626
123.376 44.068 16.272
123.379 66.948 16.620
123.381 66.942 4.800
123.381 66.942 7.230
123.381 66.942 10.040
123.381 66.942 12.470
123.386 66.924 16.612
123.393 66.900 16.602
123.393 67.937 4.800
123.393 67.937 7.230
123.393 67.937 10.040
123.393 67.937 12.470
123.400 66.878 16.590
123.401 44.712 14.668
123.401 44.712 15.484
123.407 66.856 16.576
123.413 66.836 16.559
123.419 66.817 16.542
123.423 44.719 14.940
123.423 44.719 15.212
123.423 66.825 7.230
123.423 66.825 10.040
123.424 44.719 14.940
123.424 44.719 15.212
123.424 66.800 16.522
123.424 66.812 7.230
123.424 66.812 10.040
123.424 66.838 7.230
123.424 66.838 10.040
123.425 66.799 7.230
123.425 66.799 10.040
123.425 66.851 7.230
123.425 66.851 10.040
123.428 66.786 7.230
123.428 66.786 10.040
123.428 66.864 7.230
123.428 66.864 10.040
123.429 66.784 16.501
123.429 66.785 16.501
123.432 66.774 7.230
123.432 66.774 10.040
123.432 66.876 7.230
123.432 66.876 10.040
123.433 66.771 16.479
123.436 66.759 16.455
123.437 66.762 7.230
123.437 66.762 10.040
123.437 66.888 7.230
123.437 66.888 10.040
123.439 66.749 16.431
123.442 66.741 16.406
123.443 66.735 16.380
123.443 66.736 16.380
123.443 66.750 7.230
123.443 66.750 10.040
123.443 66.900 7.230
123.443 66.900 10.040
123.444 66.732 16.353
123.445 66.731 15.100
123.445 66.731 16.300
123.445 66.731 16.327
123.445 66.732 15.100
123.445 66.732 16.300
123.450 66.739 7.230
123.450 66.739 10.040
123.450 66.911 7.230
123.450 66.911 10.040
123.458 66.729 7.230
123.458 66.729 10.040
123.458 66.921 7.230
123.458 66.921 10.040
123.465 44.095 16.015
123.467 66.719 7.230
123.467 66.719 10.040
123.467 66.931 7.230
123.467 66.931 10.040
123.474 67.117 4.800
123.474 67.117 7.230
123.474 67.117 10.040
123.474 67.117 12.470
123.477 66.710 7.230
123.477 66.710 10.040
123.477 66.940 7.230
123.477 66.940 10.040
123.486 66.598 4.800
123.486 66.598 7.230
123.486 66.598 10.040
123.486 66.598 12.470
123.487 66.702 7.230
123.487 66.702 10.040
123.487 66.948 7.230
123.487 66.948 10.040
123.498 66.695 7.230
123.498 66.695 10.040
123.498 66.955 7.230
123.498 66.955 10.040
123.510 66.689 7.230
123.510 66.689 10.040
123.510 66.961 7.230
123.510 66.961 10.040
123.515 66.983 4.800
123.515 66.983 7.230
123.515 66.983 10.040
123.515 66.983 12.470
123.522 66.684 7.230
123.522 66.684 10.040
123.522 66.966 7.230
123.522 66.966 10.040
123.526 66.464 4.800
123.526 66.464 7.230
123.526 66.464 10.040
123.526 66.464 12.470
123.532 44.115 8.700
123.532 44.115 14.400
123.532 44.115 15.752
123.534 66.680 7.230
123.534 66.680 10.040
123.534 66.970 7.230
123.534 66.970 10.040
123.547 66.677 7.230
123.547 66.677 10.040
123.547 66.973 7.230
123.547 66.973 10.040
123.555 67.402 15.100
123.555 67.402 16.300
123.555 67.402 16.353
123.555 67.403 16.327
123.556 67.399 16.380
123.558 67.393 16.406
123.560 66.676 7.230
123.560 66.676 10.040
123.560 66.974 7.230
123.560 66.974 10.040
123.560 67.385 16.431
123.562 66.343 16.353
123.562 66.344 15.100
123.562 66.344 16.300
123.562 66.344 16.353
123.562 66.345 16.327
123.563 66.340 16.380
123.563 67.375 16.455
123.565 66.334 16.406
123.567 66.326 16.431
123.567 66.327 16.431
123.567 67.363 16.479
123.570 66.317 16.455
123.571 67.350 16.501
123.573 66.675 7.230
123.573 66.675 10.040
123.573 66.975 7.230
123.573 66.975 10.040
123.574 66.305 16.479
123.576 67.334 16.522
123.578 44.129 14.668
123.578 44.129 15.484
123.578 66.291 16.501
123.581 67.317 16.542
123.583 66.275 16.522
123.583 66.276 16.522
123.586 66.675 7.230
123.586 66.675 10.040
123.586 66.974 7.230
123.586 66.974 10.040
123.587 67.298 16.559
123.588 66.258 16.542
123.593 67.278 16.576
123.594 66.239 16.559
123.594 66.240 16.559
123.599 66.677 7.230
123.599 66.677 10.040
123.599 66.973 7.230
123.599 66.973 10.040
123.599 67.256 16.590
123.600 44.136 14.940
123.600 44.136 15.212
123.600 66.219 16.576
123.606 66.198 16.590
123.606 67.234 16.602
123.612 66.680 7.230
123.612 66.680 10.040
123.612 66.970 7.230
123.612 66.970 10.040
123.613 66.175 16.602
123.613 67.210 16.612
123.620 66.152 16.612
123.620 66.638 4.800
123.620 66.638 7.230
123.620 66.638 10.040
123.620 66.638 12.470
123.620 67.186 16.620
123.624 66.684 7.230
123.624 66.684 10.040
123.624 66.966 7.230
123.624 66.966 10.040
123.628 66.127 16.620
123.628 66.128 16.620
123.628 67.161 16.626
123.631 66.119 4.800
123.631 66.119 7.230
123.631 66.119 10.040
123.631 66.119 12.470
123.635 66.103 16.626
123.636 66.961 7.230
123.636 66.961 10.040
123.636 67.136 16.629
123.637 66.689 7.230
123.637 66.689 10.040
123.643 66.077 16.629
123.643 66.078 16.629
123.643 67.111 16.630
123.648 66.695 7.230
123.648 66.695 10.040
123.648 66.955 7.230
123.648 66.955 10.040
123.651 66.052 16.630
123.651 67.085 16.629
123.658 66.027 16.629
123.659 66.702 7.230
123.659 66.702 10.040
123.659 66.948 7.230
123.659 66.948 10.040
123.659 67.060 16.626
123.660 66.504 4.800
123.660 66.504 7.230
123.660 66.504 10.040
123.660 66.504 12.470
123.666 66.001 16.626
123.666 66.002 16.626
123.666 67.035 16.620
123.670 66.710 7.230
123.670 66.710 10.040
123.670 66.940 7.230
123.670 66.940 10.040
123.671 65.985 4.800
123.671 65.985 7.230
123.671 65.985 10.040
123.671 65.985 12.470
123.673 65.977 16.620
123.674 67.011 16.612
123.679 66.719 7.230
123.679 66.719 10.040
123.679 66.931 7.230
123.679 66.931 10.040
123.681 65.952 16.612
123.681 66.987 16.602
123.687 66.965 16.590
123.688 65.929 16.602
123.688 66.729 7.230
123.688 66.729 10.040
123.688 66.921 7.230
123.688 66.921 10.040
123.694 66.943 16.576
123.695 65.906 16.590
123.696 66.739 7.230
123.696 66.739 10.040
123.696 66.911 7.230
123.696 66.911 10.040
123.700 66.923 16.559
123.701 65.885 16.576
123.703 66.750 7.230
123.703 66.750 10.040
123.703 66.900 7.230
123.703 66.900 10.040
123.706 66.904 16.542
123.707 65.865 16.559
123.709 66.762 7.230
123.709 66.762 10.040
123.709 66.888 7.230
123.709 66.888 10.040
123.711 66.887 16.522
123.713 65.846 16.542
123.714 66.774 7.230
123.714 66.774 10.040
123.714 66.876 7.230
123.714 66.876 10.040
123.716 66.872 16.501
123.718 65.829 16.522
123.718 66.786 7.230
123.718 66.786 10.040
123.718 66.864 7.230
123.718 66.864 10.040
123.720 66.858 16.479
123.721 66.799 7.230
123.721 66.799 10.040
123.721 66.851 7.230
123.721 66.851 10.040
123.723 65.813 16.501
123.723 66.812 7.230
123.723 66.812 10.040
123.723 66.825 7.230
123.723 66.825 10.040
123.723 66.838 7.230
123.723 66.838 10.040
123.724 66.846 16.455
123.726 66.836 16.431
123.727 65.799 16.479
123.729 66.828 16.406
123.731 65.787 16.455
123.731 66.823 16.380
123.732 66.818 16.327
123.732 66.819 15.100
123.732 66.819 16.300
123.732 66.819 16.353
123.734 65.777 16.431
123.734 65.778 16.431
123.736 65.770 16.406
123.738 65.764 16.380
123.739 65.759 16.327
123.739 65.760 15.100
123.739 65.760 16.300
123.739 65.761 16.353
123.765 66.160 4.800
123.765 66.160 7.230
123.765 66.160 10.040
123.765 66.160 12.470
123.776 65.641 4.800
123.776 65.641 7.230
123.776 65.641 10.040
123.776 65.641 12.470
123.805 66.026 4.800
123.805 66.026 7.230
123.805 66.026 10.040
123.805 66.026 12.470
123.816 65.507 4.800
123.816 65.507 7.230
123.816 65.507 10.040
123.816 65.507 12.470
123.849 66.431 15.100
123.849 66.431 16.300
123.849 66.431 16.353
123.849 66.432 16.327
123.850 66.427 16.380
123.852 66.422 16.406
123.855 66.414 16.431
123.856 65.373 16.327
123.856 65.374 16.327
123.857 65.372 16.353
123.857 65.373 15.100
123.857 65.373 16.300
123.858 65.369 16.380
123.858 66.404 16.455
123.859 65.363 16.406
123.861 66.392 16.479
123.862 65.355 16.431
123.865 65.345 16.455
123.865 65.366 7.230
123.865 65.366 10.040
123.865 66.378 16.501
123.866 65.353 7.230
123.866 65.353 10.040
123.866 65.379 7.230
123.866 65.379 10.040
123.868 65.333 16.479
123.868 65.340 7.230
123.868 65.340 10.040
123.868 65.392 7.230
123.868 65.392 10.040
123.870 65.328 7.230
123.870 65.328 10.040
123.870 65.405 7.230
123.870 65.405 10.040
123.870 66.363 16.522
123.873 65.320 16.501
123.874 65.315 7.230
123.874 65.315 10.040
123.874 65.418 7.230
123.874 65.418 10.040
123.875 66.345 16.542
123.877 65.304 16.522
123.879 65.303 7.230
123.879 65.303 10.040
123.879 65.430 7.230
123.879 65.430 10.040
123.881 66.327 16.559
123.882 65.287 16.542
123.883 65.287 16.542
123.885 65.291 7.230
123.885 65.291 10.040
123.885 65.441 7.230
123.885 65.441 10.040
123.887 66.306 16.576
123.888 65.268 16.559
123.892 65.280 7.230
123.892 65.280 10.040
123.892 65.452 7.230
123.892 65.452 10.040
123.894 65.248 16.576
123.894 66.285 16.590
123.900 65.270 7.230
123.900 65.270 10.040
123.900 65.463 7.230
123.900 65.463 10.040
123.900 66.262 16.602
123.901 65.226 16.590
123.908 65.204 16.602
123.908 66.239 16.612
123.909 65.260 7.230
123.909 65.260 10.040
123.909 65.472 7.230
123.909 65.472 10.040
123.910 65.681 4.800
123.910 65.681 7.230
123.910 65.681 10.040
123.910 65.681 12.470
123.915 65.180 16.612
123.915 66.215 16.620
123.919 65.252 7.230
123.919 65.252 10.040
123.919 65.481 7.230
123.919 65.481 10.040
123.921 65.162 4.800
123.921 65.162 7.230
123.921 65.162 10.040
123.921 65.162 12.470
123.922 65.156 16.620
123.922 66.190 16.626
123.929 65.244 7.230
123.929 65.244 10.040
123.929 65.489 7.230
123.929 65.489 10.040
123.930 65.131 16.626
123.930 66.165 16.629
123.937 65.106 16.629
123.938 66.139 16.630
123.940 65.236 7.230
123.940 65.236 10.040
123.940 65.496 7.230
123.940 65.496 10.040
123.945 65.081 16.630
123.945 66.114 16.629
123.950 65.547 4.800
123.950 65.547 7.230
123.950 65.547 10.040
123.950 65.547 12.470
123.952 65.230 7.230
123.952 65.230 10.040
123.952 65.502 7.230
123.952 65.502 10.040
123.953 65.055 16.629
123.953 66.089 16.626
123.960 65.030 16.626
123.961 65.028 4.800
123.961 65.028 7.230
123.961 65.028 10.040
123.961 65.028 12.470
123.961 66.064 16.620
123.964 65.225 7.230
123.964 65.225 10.040
123.964 65.507 7.230
123.964 65.507 10.040
123.968 65.005 16.620
123.968 66.040 16.612
123.975 64.981 16.612
123.975 66.016 16.602
123.976 65.222 7.230
123.976 65.222 10.040
123.976 65.511 7.230
123.976 65.511 10.040
123.982 64.957 16.602
123.982 64.958 16.602
123.982 65.993 16.590
123.988 65.972 16.576
123.989 64.935 16.590
123.989 65.219 7.230
123.989 65.219 10.040
123.989 65.514 7.230
123.989 65.514 10.040
123.995 65.952 16.559
123.996 64.913 16.576
124.000 65.933 16.542
124.002 64.893 16.559
124.002 65.217 7.230
124.002 65.217 10.040
124.002 65.516 7.230
124.002 65.516 10.040
124.005 65.916 16.522
124.007 64.875 16.542
124.008 64.874 16.542
124.010 65.900 16.501
124.013 64.857 16.522
124.014 65.886 16.479
124.015 65.216 7.230
124.015 65.216 10.040
124.015 65.516 7.230
124.015 65.516 10.040
124.017 64.842 16.501
124.018 64.842 16.501
124.018 65.875 16.455
124.021 65.865 16.431
124.022 64.828 16.479
124.023 65.857 16.406
124.025 64.816 16.455
124.025 65.851 16.380
124.026 65.847 15.100
124.026 65.847 16.300
124.026 65.848 16.353
124.027 65.846 16.327
124.028 64.806 16.431
124.028 65.217 7.230
124.028 65.217 10.040
124.028 65.516 7.230
124.028 65.516 10.040
124.031 64.798 16.406
124.032 64.793 16.380
124.033 64.789 16.353
124.034 64.788 16.327
124.034 64.789 15.100
124.034 64.789 16.300
124.041 65.219 7.230
124.041 65.219 10.040
124.041 65.514 7.230
124.041 65.514 10.040
124.054 65.222 7.230
124.054 65.222 10.040
124.054 65.511 7.230
124.054 65.511 10.040
124.055 65.203 4.800
124.055 65.203 7.230
124.055 65.203 10.040
124.055 65.203 12.470
124.066 64.684 4.800
124.066 64.684 7.230
124.066 64.684 10.040
124.066 64.684 12.470
124.067 65.225 7.230
124.067 65.225 10.040
124.067 65.507 7.230
124.067 65.507 10.040
124.079 65.230 7.230
124.079 65.230 10.040
124.079 65.502 7.230
124.079 65.502 10.040
124.090 65.237 7.230
124.090 65.237 10.040
124.090 65.496 7.230
124.090 65.496 10.040
124.095 65.069 4.800
124.095 65.069 7.230
124.095 65.069 10.040
124.095 65.069 12.470
124.101 65.244 7.230
124.101 65.244 10.040
124.101 65.489 7.230
124.101 65.489 10.040
124.106 64.550 4.800
124.106 64.550 7.230
124.106 64.550 10.040
124.106 64.550 12.470
124.112 65.251 7.230
124.112 65.251 10.040
124.112 65.481 7.230
124.112 65.481 10.040
124.121 65.260 7.230
124.121 65.260 10.040
124.121 65.472 7.230
124.121 65.472 10.040
124.130 65.270 7.230
124.130 65.270 10.040
124.130 65.463 7.230
124.130 65.463 10.040
124.138 65.280 7.230
124.138 65.280 10.040
124.138 65.452 7.230
124.138 65.452 10.040
124.143 65.461 16.327
124.144 65.459 16.353
124.144 65.460 15.100
124.144 65.460 16.300
124.145 65.291 7.230
124.145 65.291 10.040
124.145 65.441 7.230
124.145 65.441 10.040
124.145 65.456 16.380
124.147 65.450 16.406
124.149 65.442 16.431
124.151 65.303 7.230
124.151 65.303 10.040
124.151 65.430 7.230
124.151 65.430 10.040
124.152 65.432 16.455
124.156 65.315 7.230
124.156 65.315 10.040
124.156 65.418 7.230
124.156 65.418 10.040
124.156 65.421 16.479
124.160 65.328 7.230
124.160 65.328 10.040
124.160 65.405 7.230
124.160 65.405 10.040
124.160 65.407 16.501
124.163 65.340 7.230
124.163 65.340 10.040
124.163 65.392 7.230
124.163 65.392 10.040
124.164 65.391 16.522
124.165 65.353 7.230
124.165 65.353 10.040
124.165 65.366 7.230
124.165 65.366 10.040
124.165 65.379 7.230
124.165 65.379 10.040
124.170 65.374 16.542
124.175 65.355 16.559
124.182 65.335 16.576
124.188 65.314 16.590
124.195 65.291 16.602
124.196 64.254 4.800
124.196 64.254 5.370
124.196 64.254 5.445
124.196 64.254 5.978
124.196 64.254 6.053
124.196 64.254 6.585
124.196 64.254 6.660
124.196 64.254 7.230
124.196 64.254 10.040
124.196 64.254 10.610
124.196 64.254 10.685
124.196 64.254 11.218
124.196 64.254 11.293
124.196 64.254 11.825
124.196 64.254 11.900
124.196 64.254 12.470
124.200 64.724 4.800
124.200 64.724 7.230
124.200 64.724 10.040
124.200 64.724 12.470
124.202 65.267 16.612
124.209 65.243 16.620
124.217 65.218 16.626
124.225 65.193 16.629
124.232 65.168 16.630
124.240 64.590 4.800
124.240 64.590 7.230
124.240 64.590 10.040
124.240 64.590 12.470
124.240 65.142 16.629
124.248 65.117 16.626
124.255 65.092 16.620
124.262 65.068 16.612
124.270 65.045 16.602
124.276 65.022 16.590
124.283 65.001 16.576
124.289 64.980 16.559
124.292 64.283 5.370
124.292 64.283 5.445
124.292 64.283 5.978
124.292 64.283 6.053
124.292 64.283 6.585
124.292 64.283 6.660
124.292 64.283 10.610
124.292 64.283 10.685
124.292 64.283 11.218
124.292 64.283 11.293
124.292 64.283 11.825
124.292 64.283 11.900
124.295 64.962 16.542
124.298 44.347 20.300
124.298 44.347 20.900
124.300 64.944 16.522
124.305 64.929 16.501
124.309 64.915 16.479
124.312 64.903 16.455
124.315 64.893 16.431
124.318 64.885 16.406
124.319 64.880 16.380
124.321 64.875 16.327
124.321 64.876 15.100
124.321 64.876 16.300
124.321 64.876 16.353
124.483 64.341 4.800
124.483 64.341 7.230
124.483 64.341 10.040
124.483 64.341 12.470
125.177 61.019 4.800
125.177 61.019 5.370
125.177 61.019 5.445
125.177 61.019 5.977
125.177 61.019 6.052
125.177 61.019 6.585
125.177 61.019 6.660
125.177 61.019 7.230
125.177 61.019 10.040
125.177 61.019 10.610
125.177 61.019 10.685
125.177 61.019 11.217
125.177 61.019 11.292
125.177 61.019 11.825
125.177 61.019 11.900
125.177 61.019 12.470
125.267 60.723 4.800
125.267 60.723 7.230
125.267 60.723 10.040
125.267 60.723 12.470
125.273 61.048 5.370
125.273 61.048 5.445
125.273 61.048 5.977
125.273 61.048 6.052
125.273 61.048 6.585
125.273 61.048 6.660
125.273 61.048 10.610
125.273 61.048 10.685
125.273 61.048 11.217
125.273 61.048 11.292
125.273 61.048 11.825
125.273 61.048 11.900
125.307 60.589 4.800
125.307 60.589 7.230
125.307 60.589 10.040
125.307 60.589 12.470
125.339 60.483 16.353
125.339 60.484 15.100
125.339 60.484 16.300
125.339 60.485 16.326
125.340 60.480 16.379
125.342 60.474 16.405
125.344 60.466 16.430
125.344 60.467 16.430
125.347 60.457 16.455
125.351 60.445 16.478
125.355 60.431 16.501
125.360 60.415 16.522
125.365 60.398 16.541
125.371 60.379 16.559
125.377 60.359 16.575
125.383 60.338 16.589
125.390 60.315 16.602
125.397 60.292 16.612
125.401 60.764 4.800
125.401 60.764 7.230
125.401 60.764 10.040
125.401 60.764 12.470
125.405 60.267 16.620
125.412 60.242 16.625
125.412 60.243 16.625
125.412 60.245 4.800
125.412 60.245 7.230
125.412 60.245 10.040
125.412 60.245 12.470
125.420 60.217 16.629
125.427 60.192 16.630
125.428 60.192 16.630
125.435 60.166 16.629
125.435 60.167 16.629
125.441 60.630 4.800
125.441 60.630 7.230
125.441 60.630 10.040
125.441 60.630 12.470
125.443 60.141 16.625
125.450 60.116 16.620
125.450 60.117 16.620
125.452 60.111 4.800
125.452 60.111 7.230
125.452 60.111 10.040
125.452 60.111 12.470
125.458 60.092 16.612
125.464 61.106 4.800
125.464 61.106 7.230
125.464 61.106 10.040
125.464 61.106 12.470
125.465 60.069 16.602
125.472 60.046 16.589
125.478 60.025 16.575
125.484 60.004 16.559
125.484 60.005 16.559
125.490 59.986 16.541
125.492 7.958 1.400
125.492 7.958 2.800
125.492 7.958 5.700
125.492 7.958 12.400
125.495 59.968 16.522
125.495 59.969 16.522
125.495 59.980 7.230
125.495 59.980 10.040
125.495 59.993 7.230
125.495 59.993 10.040
125.495 60.006 7.230
125.495 60.006 10.040
125.497 59.967 7.230
125.497 59.967 10.040
125.497 60.019 7.230
125.497 60.019 10.040
125.500 59.953 16.501
125.500 59.955 7.230
125.500 59.955 10.040
125.500 60.032 7.230
125.500 60.032 10.040
125.504 59.939 16.478
125.504 59.942 7.230
125.504 59.942 10.040
125.504 60.045 7.230
125.504 60.045 10.040
125.508 59.927 16.455
125.509 59.930 7.230
125.509 59.930 10.040
125.509 60.057 7.230
125.509 60.057 10.040
125.511 59.917 16.430
125.513 59.910 16.405
125.515 59.904 16.379
125.515 59.918 7.230
125.515 59.918 10.040
125.515 60.068 7.230
125.515 60.068 10.040
125.516 59.899 16.326
125.516 59.900 15.100
125.516 59.900 16.300
125.516 59.900 16.353
125.516 59.901 16.353
125.522 59.907 7.230
125.522 59.907 10.040
125.522 60.079 7.230
125.522 60.079 10.040
125.530 59.897 7.230
125.530 59.897 10.040
125.530 60.090 7.230
125.530 60.090 10.040
125.538 59.887 7.230
125.538 59.887 10.040
125.538 60.100 7.230
125.538 60.100 10.040
125.546 60.285 4.800
125.546 60.285 7.230
125.546 60.285 10.040
125.546 60.285 12.470
125.548 59.878 7.230
125.548 59.878 10.040
125.548 60.108 7.230
125.548 60.108 10.040
125.557 59.766 4.800
125.557 59.766 7.230
125.557 59.766 10.040
125.557 59.766 12.470
125.559 59.871 7.230
125.559 59.871 10.040
125.559 60.116 7.230
125.559 60.116 10.040
125.570 59.863 7.230
125.570 59.863 10.040
125.570 60.123 7.230
125.570 60.123 10.040
125.581 59.857 7.230
125.581 59.857 10.040
125.581 60.129 7.230
125.581 60.129 10.040
125.586 60.151 4.800
125.586 60.151 7.230
125.586 60.151 10.040
125.586 60.151 12.470
125.593 59.852 7.230
125.593 59.852 10.040
125.593 60.134 7.230
125.593 60.134 10.040
125.598 59.632 4.800
125.598 59.632 7.230
125.598 59.632 10.040
125.598 59.632 12.470
125.599 44.741 1.400
125.599 44.741 20.300
125.606 59.849 7.230
125.606 59.849 10.040
125.606 60.138 7.230
125.606 60.138 10.040
125.618 59.846 7.230
125.618 59.846 10.040
125.618 60.141 7.230
125.618 60.141 10.040
125.626 60.571 15.100
125.626 60.571 16.300
125.626 60.571 16.353
125.626 60.572 16.326
125.627 60.567 16.379
125.629 60.561 16.405
125.631 59.844 7.230
125.631 59.844 10.040
125.631 60.143 7.230
125.631 60.143 10.040
125.631 60.554 16.430
125.633 59.512 15.100
125.633 59.512 16.300
125.633 59.513 15.100
125.633 59.513 16.300
125.633 59.513 16.326
125.634 59.512 16.353
125.634 60.544 16.455
125.635 59.508 16.379
125.635 59.509 16.379
125.636 59.503 16.405
125.638 60.532 16.478
125.639 59.495 16.430
125.642 59.485 16.455
125.642 60.518 16.501
125.645 59.473 16.478
125.645 59.843 7.230
125.645 59.843 10.040
125.645 60.143 7.230
125.645 60.143 10.040
125.647 60.502 16.522
125.649 59.459 16.501
125.649 59.460 16.501
125.652 60.485 16.541
125.654 59.444 16.522
125.658 59.844 7.230
125.658 59.844 10.040
125.658 60.143 7.230
125.658 60.143 10.040
125.658 60.466 16.559
125.659 59.427 16.541
125.664 60.446 16.575
125.665 59.408 16.559
125.670 60.425 16.589
125.671 59.388 16.575
125.671 59.846 7.230
125.671 59.846 10.040
125.671 60.141 7.230
125.671 60.141 10.040
125.677 60.402 16.602
125.678 59.366 16.589
125.683 59.849 7.230
125.683 59.849 10.040
125.683 60.138 7.230
125.683 60.138 10.040
125.684 60.379 16.612
125.685 59.344 16.602
125.687 44.449 1.400
125.687 44.449 4.400
125.687 44.449 4.600
125.687 44.449 14.100
125.687 44.449 14.600
125.687 44.449 20.300
125.691 59.807 4.800
125.691 59.807 7.230
125.691 59.807 10.040
125.691 59.807 12.470
125.692 59.320 16.612
125.692 60.354 16.620
125.696 59.852 7.230
125.696 59.852 10.040
125.696 60.134 7.230
125.696 60.134 10.040
125.699 59.296 16.620
125.699 60.330 16.625
125.702 59.288 4.800
125.702 59.288 7.230
125.702 59.288 10.040
125.702 59.288 12.470
125.707 59.271 16.625
125.707 60.304 16.629
125.708 59.857 7.230
125.708 59.857 10.040
125.708 60.129 7.230
125.708 60.129 10.040
125.714 59.246 16.629
125.715 60.279 16.630
125.720 59.863 7.230
125.720 59.863 10.040
125.720 60.123 7.230
125.720 60.123 10.040
125.722 59.220 16.630
125.722 59.221 16.630
125.722 60.254 16.629
125.730 59.195 16.629
125.730 60.228 16.625
125.731 59.673 4.800
125.731 59.673 7.230
125.731 59.673 10.040
125.731 59.673 12.470
125.731 59.871 7.230
125.731 59.871 10.040
125.731 60.116 7.230
125.731 60.116 10.040
125.737 59.170 16.625
125.738 60.204 16.620
125.741 59.879 7.230
125.741 59.879 10.040
125.741 60.108 7.230
125.741 60.108 10.040
125.743 59.154 4.800
125.743 59.154 7.230
125.743 59.154 10.040
125.743 59.154 12.470
125.745 44.258 4.400
125.745 44.258 4.600
125.745 44.258 14.100
125.745 44.258 14.600
125.745 59.145 16.620
125.745 60.179 16.612
125.751 59.887 7.230
125.751 59.887 10.040
125.751 60.100 7.230
125.751 60.100 10.040
125.752 59.121 16.612
125.752 60.156 16.602
125.759 59.097 16.602
125.759 59.897 7.230
125.759 59.897 10.040
125.759 60.090 7.230
125.759 60.090 10.040
125.759 60.133 16.589
125.765 60.112 16.575
125.766 59.075 16.589
125.767 59.907 7.230
125.767 59.907 10.040
125.767 60.079 7.230
125.767 60.079 10.040
125.771 60.092 16.559
125.773 59.053 16.575
125.774 59.918 7.230
125.774 59.918 10.040
125.774 60.068 7.230
125.774 60.068 10.040
125.777 60.073 16.541
125.779 59.033 16.559
125.780 59.930 7.230
125.780 59.930 10.040
125.780 60.057 7.230
125.780 60.057 10.040
125.782 60.056 16.522
125.784 59.014 16.541
125.785 59.942 7.230
125.785 59.942 10.040
125.785 60.045 7.230
125.785 60.045 10.040
125.787 60.040 16.501
125.789 59.955 7.230
125.789 59.955 10.040
125.789 60.032 7.230
125.789 60.032 10.040
125.790 58.997 16.522
125.791 60.026 16.478
125.792 59.967 7.230
125.792 59.967 10.040
125.792 60.019 7.230
125.792 60.019 10.040
125.794 58.981 16.501
125.794 58.982 16.501
125.794 59.980 7.230
125.794 59.980 10.040
125.794 60.007 7.230
125.794 60.007 10.040
125.795 59.993 7.230
125.795 59.993 10.040
125.795 60.014 16.455
125.798 60.005 16.430
125.799 58.968 16.478
125.800 59.997 16.405
125.802 58.956 16.455
125.802 59.991 16.379
125.803 59.986 16.326
125.803 59.987 15.100
125.803 59.987 16.300
125.803 59.988 16.353
125.805 58.946 16.430
125.807 58.938 16.405
125.808 58.938 16.405
125.809 58.932 16.379
125.809 58.933 16.379
125.810 58.929 15.100
125.810 58.929 16.300
125.810 58.929 16.353
125.811 58.928 16.326
125.836 59.328 4.800
125.836 59.328 7.230
125.836 59.328 10.040
125.836 59.328 12.470
125.847 58.809 4.800
125.847 58.809 7.230
125.847 58.809 10.040
125.847 58.809 12.470
125.877 59.194 4.800
125.877 59.194 7.230
125.877 59.194 10.040
125.877 59.194 12.470
125.888 58.675 4.800
125.888 58.675 7.230
125.888 58.675 10.040
125.888 58.675 12.470
125.920 59.600 16.326
125.921 59.599 16.353
125.921 59.600 15.100
125.921 59.600 16.300
125.922 59.596 16.379
125.924 59.590 16.405
125.926 59.582 16.430
125.928 58.541 15.100
125.928 58.541 16.300
125.928 58.541 16.353
125.928 58.542 16.326
125.929 58.537 16.379
125.929 59.572 16.455
125.931 58.531 16.405
125.933 58.524 16.430
125.933 59.560 16.478
125.936 58.514 16.455
125.937 58.522 7.230
125.937 58.522 10.040
125.937 58.535 7.230
125.937 58.535 10.040
125.937 58.548 7.230
125.937 58.548 10.040
125.937 59.547 16.501
125.939 58.509 7.230
125.939 58.509 10.040
125.939 58.561 7.230
125.939 58.561 10.040
125.940 58.502 16.478
125.941 59.531 16.522
125.942 58.496 7.230
125.942 58.496 10.040
125.942 58.574 7.230
125.942 58.574 10.040
125.944 58.488 16.501
125.946 58.484 7.230
125.946 58.484 10.040
125.946 58.586 7.230
125.946 58.586 10.040
125.947 59.514 16.541
125.949 58.473 16.522
125.951 58.472 7.230
125.951 58.472 10.040
125.951 58.598 7.230
125.951 58.598 10.040
125.952 59.495 16.559
125.954 58.455 16.541
125.957 58.460 7.230
125.957 58.460 10.040
125.957 58.610 7.230
125.957 58.610 10.040
125.958 59.475 16.575
125.960 58.436 16.559
125.960 58.437 16.559
125.964 58.449 7.230
125.964 58.449 10.040
125.964 58.621 7.230
125.964 58.621 10.040
125.965 59.453 16.589
125.966 58.416 16.575
125.972 58.395 16.589
125.972 58.438 7.230
125.972 58.438 10.040
125.972 58.631 7.230
125.972 58.631 10.040
125.972 59.431 16.602
125.979 58.372 16.602
125.979 59.407 16.612
125.981 58.429 7.230
125.981 58.429 10.040
125.981 58.641 7.230
125.981 58.641 10.040
125.981 58.850 4.800
125.981 58.850 7.230
125.981 58.850 10.040
125.981 58.850 12.470
125.986 58.349 16.612
125.986 59.383 16.620
125.990 58.420 7.230
125.990 58.420 10.040
125.990 58.650 7.230
125.990 58.650 10.040
125.992 58.331 4.800
125.992 58.331 7.230
125.992 58.331 10.040
125.992 58.331 12.470
125.994 58.324 16.620
125.994 58.325 16.620
125.994 59.358 16.625
126.001 58.300 16.625
126.001 58.412 7.230
126.001 58.412 10.040
126.001 58.658 7.230
126.001 58.658 10.040
126.001 59.333 16.629
126.009 58.274 16.629
126.009 58.275 16.629
126.009 59.308 16.630
126.012 58.405 7.230
126.012 58.405 10.040
126.012 58.665 7.230
126.012 58.665 10.040
126.016 58.249 16.630
126.017 59.282 16.629
126.022 58.716 4.800
126.022 58.716 7.230
126.022 58.716 10.040
126.022 58.716 12.470
126.023 58.399 7.230
126.023 58.399 10.040
126.023 58.671 7.230
126.023 58.671 10.040
126.024 58.224 16.629
126.024 59.257 16.625
126.032 58.198 16.625
126.032 58.199 16.625
126.032 59.232 16.620
126.033 58.197 4.800
126.033 58.197 7.230
126.033 58.197 10.040
126.033 58.197 12.470
126.035 58.394 7.230
126.035 58.394 10.040
126.035 58.676 7.230
126.035 58.676 10.040
126.039 58.174 16.620
126.039 59.208 16.612
126.046 59.185 16.602
126.047 58.149 16.612
126.047 58.150 16.612
126.048 58.390 7.230
126.048 58.390 10.040
126.048 58.680 7.230
126.048 58.680 10.040
126.053 59.162 16.589
126.054 58.126 16.602
126.060 59.140 16.575
126.061 58.103 16.589
126.061 58.387 7.230
126.061 58.387 10.040
126.061 58.683 7.230
126.061 58.683 10.040
126.066 59.120 16.559
126.067 58.082 16.575
126.072 59.101 16.541
126.073 58.062 16.559
126.074 58.385 7.230
126.074 58.385 10.040
126.074 58.684 7.230
126.074 58.684 10.040
126.077 59.084 16.522
126.079 58.043 16.541
126.082 59.069 16.501
126.084 58.026 16.522
126.086 59.055 16.478
126.087 58.385 7.230
126.087 58.385 10.040
126.087 58.685 7.230
126.087 58.685 10.040
126.089 58.010 16.501
126.089 59.043 16.455
126.092 59.033 16.430
126.093 57.996 16.478
126.095 59.025 16.405
126.096 59.020 16.379
126.097 57.984 16.455
126.097 57.985 16.455
126.097 59.016 16.353
126.098 59.015 16.326
126.098 59.016 15.100
126.098 59.016 16.300
126.100 57.975 16.430
126.100 58.385 7.230
126.100 58.385 10.040
126.100 58.684 7.230
126.100 58.684 10.040
126.102 57.967 16.405
126.104 57.961 16.379
126.105 57.956 16.326
126.105 57.957 15.100
126.105 57.957 16.300
126.105 57.958 16.353
126.113 58.387 7.230
126.113 58.387 10.040
126.113 58.683 7.230
126.113 58.683 10.040
126.125 58.390 7.230
126.125 58.390 10.040
126.125 58.680 7.230
126.125 58.680 10.040
126.126 58.371 4.800
126.126 58.371 7.230
126.126 58.371 10.040
126.126 58.371 12.470
126.137 57.852 4.800
126.137 57.852 7.230
126.137 57.852 10.040
126.137 57.852 12.470
126.138 58.394 7.230
126.138 58.394 10.040
126.138 58.676 7.230
126.138 58.676 10.040
126.150 58.399 7.230
126.150 58.399 10.040
126.150 58.671 7.230
126.150 58.671 10.040
126.162 58.405 7.230
126.162 58.405 10.040
126.162 58.665 7.230
126.162 58.665 10.040
126.167 58.237 4.800
126.167 58.237 7.230
126.167 58.237 10.040
126.167 58.237 12.470
126.173 58.412 7.230
126.173 58.412 10.040
126.173 58.658 7.230
126.173 58.658 10.040
126.178 57.718 4.800
126.178 57.718 7.230
126.178 57.718 10.040
126.178 57.718 12.470
126.183 58.420 7.230
126.183 58.420 10.040
126.183 58.650 7.230
126.183 58.650 10.040
126.193 58.429 7.230
126.193 58.429 10.040
126.193 58.641 7.230
126.193 58.641 10.040
126.202 58.438 7.230
126.202 58.438 10.040
126.202 58.631 7.230
126.202 58.631 10.040
126.210 58.449 7.230
126.210 58.449 10.040
126.210 58.621 7.230
126.210 58.621 10.040
126.215 58.628 15.100
126.215 58.628 16.300
126.215 58.628 16.353
126.215 58.629 16.326
126.216 58.624 16.379
126.217 58.460 7.230
126.217 58.460 10.040
126.217 58.610 7.230
126.217 58.610 10.040
126.218 58.619 16.405
126.220 58.611 16.430
126.223 58.471 7.230
126.223 58.471 10.040
126.223 58.598 7.230
126.223 58.598 10.040
126.223 58.601 16.455
126.227 58.589 16.478
126.228 58.484 7.230
126.228 58.484 10.040
126.228 58.586 7.230
126.228 58.586 10.040
126.231 58.575 16.501
126.232 58.496 7.230
126.232 58.496 10.040
126.232 58.574 7.230
126.232 58.574 10.040
126.234 58.509 7.230
126.234 58.509 10.040
126.234 58.561 7.230
126.234 58.561 10.040
126.236 58.522 7.230
126.236 58.522 10.040
126.236 58.548 7.230
126.236 58.548 10.040
126.236 58.560 16.522
126.237 58.535 7.230
126.237 58.535 10.040
126.241 58.542 16.541
126.247 58.524 16.559
126.253 58.503 16.575
126.259 58.482 16.589
126.266 58.459 16.602
126.267 57.422 4.800
126.267 57.422 5.370
126.267 57.422 5.445
126.267 57.422 5.977
126.267 57.422 6.052
126.267 57.422 6.585
126.267 57.422 6.660
126.267 57.422 7.230
126.267 57.422 10.040
126.267 57.422 10.610
126.267 57.422 10.685
126.267 57.422 11.217
126.267 57.422 11.292
126.267 57.422 11.825
126.267 57.422 11.900
126.267 57.422 12.470
126.271 57.893 4.800
126.271 57.893 7.230
126.271 57.893 10.040
126.271 57.893 12.470
126.273 58.436 16.612
126.281 58.412 16.620
126.288 58.387 16.625
126.296 58.362 16.629
126.304 58.336 16.630
126.311 58.311 16.629
126.312 57.759 4.800
126.312 57.759 7.230
126.312 57.759 10.040
126.312 57.759 12.470
126.319 58.286 16.625
126.326 58.261 16.620
126.334 58.237 16.612
126.341 58.213 16.602
126.348 58.191 16.589
126.354 58.169 16.575
126.360 58.149 16.559
126.363 57.451 5.370
126.363 57.451 5.445
126.363 57.451 5.977
126.363 57.451 6.052
126.363 57.451 6.585
126.363 57.451 6.660
126.363 57.451 10.610
126.363 57.451 10.685
126.363 57.451 11.217
126.363 57.451 11.292
126.363 57.451 11.825
126.363 57.451 11.900
126.366 58.130 16.541
126.371 58.113 16.522
126.376 58.097 16.501
126.380 58.083 16.478
126.384 58.072 16.455
126.387 58.062 16.430
126.389 58.054 16.405
126.391 58.048 16.379
126.392 58.043 16.326
126.392 58.044 15.100
126.392 58.044 16.300
126.392 58.045 16.353
126.554 57.509 4.800
126.554 57.509 7.230
126.554 57.509 10.040
126.554 57.509 12.470
126.753 45.727 20.300
126.753 45.727 20.900
126.930 45.144 20.300
126.930 45.144 20.900
127.075 54.757 1.400
127.075 54.757 19.400
127.362 54.844 1.400
127.362 54.844 19.400
127.362 54.844 20.300
127.605 54.917 1.400
127.605 54.917 19.000
127.605 54.917 20.300
129.676 45.976 1.400
129.676 45.976 20.300
129.764 45.683 1.400
129.764 45.683 4.400
129.764 45.683 4.600
129.764 45.683 14.100
129.764 45.683 14.600
129.764 45.683 20.300
129.822 45.492 4.400
129.822 45.492 4.600
129.822 45.492 14.100
129.822 45.492 14.600
130.260 46.152 1.400
130.260 46.152 20.300
3 13235 13286 13230
3 13111 13235 13230
3 12923 13111 13230
3 12623 12923 13230
3 12527 12623 13230
3 12484 12527 13230
3 12098 12484 13230
3 11673 12098 13230
3 11591 11673 13230
3 10788 11591 13230
3 10604 10788 13230
3 9873 10604 13230
3 9535 9873 13230
3 8627 9535 13230
3 8262 8627 13230
3 8072 8262 13230
3 7959 8072 13230
3 7829 7959 13230
3 7696 7829 13230
3 7556 7696 13230
3 6747 7556 13230
3 6482 6747 13230
3 5875 6482 13230
3 5544 5875 13230
3 5025 5544 13230
3 4767 5025 13230
3 4188 4767 13230
3 4121 4188 13230
3 3627 4121 13230
3 3321 3627 13230
3 3284 3321 13230
3 3109 3284 13230
3 2829 3109 13230
3 2622 2829 13230
3 2521 2622 13230
3 2502 2521 13230
3 2525 2502 13230
3 2618 2525 13230
3 2825 2618 13230
3 3105 2825 13230
3 3288 3105 13230
3 3317 3288 13230
3 3623 3317 13230
3 4125 3623 13230
3 4192 4125 13230
3 4771 4192 13230
3 5029 4771 13230
3 5552 5029 13230
3 5879 5552 13230
3 6492 5879 13230
3 6751 6492 13230
3 7560 6751 13230
3 7700 7560 13230
3 7833 7700 13230
3 7963 7833 13230
3 8076 7963 13230
3 8268 8076 13230
3 8631 8268 13230
3 9539 8631 13230
3 9877 9539 13230
3 10608 9877 13230
3 10792 10608 13230
3 11595 10792 13230
3 11677 11595 13230
3 12102 11677 13230
3 12488 12102 13230
3 12523 12488 13230
3 12627 12523 13230
3 12919 12627 13230
3 13115 12919 13230
3 2454 1697 6692
3 4523 2454 6692
3 8466 4523 6692
3 14222 8466 6692
3 13362 14222 6692
3 11136 13362 6692
3 6694 4139 3300
3 8041 6694 3300
3 7837 8041 3300
3 4946 4202 3301
3 5036 4946 3301
3 5669 5036 3301
3 5883 5669 3301
3 6574 5883 3301
3 6824 6574 3301
3 7635 6824 3301
3 7772 7635 3301
3 7831 7772 3301
3 7995 7831 3301
3 8095 7995 3301
3 8042 8095 3301
3 7838 8042 3301
3 6695 4140 3301
3 8042 6695 3301
3 7838 8042 3301
3 2455 1698 6693
3 4524 2455 6693
3 8467 4524 6693
3 14223 8467 6693
3 13363 14223 6693
3 11137 13363 6693
3 13237 13288 13232
3 13113 13237 13232
3 12925 13113 13232
3 12625 12925 13232
3 12529 12625 13232
3 12486 12529 13232
3 12100 12486 13232
3 11675 12100 13232
3 11593 11675 13232
3 10790 11593 13232
3 10606 10790 13232
3 9875 10606 13232
3 9537 9875 13232
3 8629 9537 13232
3 8264 8629 13232
3 8074 8264 13232
3 7961 8074 13232
3 7831 7961 13232
3 7698 7831 13232
3 7558 7698 13232
3 6749 7558 13232
3 6484 6749 13232
3 5877 6484 13232
3 5546 5877 13232
3 5027 5546 13232
3 4769 5027 13232
3 4190 4769 13232
3 4123 4190 13232
3 3629 4123 13232
3 3323 3629 13232
3 3286 3323 13232
3 3111 3286 13232
3 2831 3111 13232
3 2624 2831 13232
3 2523 2624 13232
3 2504 2523 13232
3 2527 2504 13232
3 2620 2527 13232
3 2827 2620 13232
3 3107 2827 13232
3 3290 3107 13232
3 3319 3290 13232
3 3625 3319 13232
3 4127 3625 13232
3 4194 4127 13232
3 4773 4194 13232
3 5031 4773 13232
3 5554 5031 13232
3 5881 5554 13232
3 6494 5881 13232
3 6753 6494 13232
3 7562 6753 13232
3 7702 7562 13232
3 7835 7702 13232
3 7965 7835 13232
3 8078 7965 13232
3 8270 8078 13232
3 8633 8270 13232
3 9541 8633 13232
3 9879 9541 13232
3 10610 9879 13232
3 10794 10610 13232
3 11597 10794 13232
3 11679 11597 13232
3 12104 11679 13232
3 12490 12104 13232
3 12525 12490 13232
3 12629 12525 13232
3 12921 12629 13232
3 13117 12921 13232
3 2456 1699 6694
3 4525 2456 6694
3 8468 4525 6694
3 14224 8468 6694
3 13364 14224 6694
3 11138 13364 6694
3 2457 1700 6695
3 4526 2457 6695
3 8469 4526 6695
3 14225 8469 6695
3 13365 14225 6695
3 11139 13365 6695
3 13238 13289 13233
3 13114 13238 13233
3 12926 13114 13233
3 12626 12926 13233
3 12530 12626 13233
3 12487 12530 13233
3 12101 12487 13233
3 11676 12101 13233
3 11594 11676 13233
3 10791 11594 13233
3 10607 10791 13233
3 9876 10607 13233
3 9538 9876 13233
3 8630 9538 13233
3 8265 8630 13233
3 8075 8265 13233
3 7962 8075 13233
3 7832 7962 13233
3 7699 7832 13233
3 7559 7699 13233
3 6750 7559 13233
3 6485 6750 13233
3 5878 6485 13233
3 5547 5878 13233
3 5028 5547 13233
3 4770 5028 13233
3 4191 4770 13233
3 4124 4191 13233
3 3630 4124 13233
3 3324 3630 13233
3 3287 3324 13233
3 3112 3287 13233
3 2832 3112 13233
3 2625 2832 13233
3 2524 2625 13233
3 2505 2524 13233
3 2528 2505 13233
3 2621 2528 13233
3 2828 2621 13233
3 3108 2828 13233
3 3291 3108 13233
3 3320 3291 13233
3 3626 3320 13233
3 4128 3626 13233
3 4195 4128 13233
3 4774 4195 13233
3 5032 4774 13233
3 5555 5032 13233
3 5882 5555 13233
3 6495 5882 13233
3 6754 6495 13233
3 7563 6754 13233
3 7703 7563 13233
3 7836 7703 13233
3 7966 7836 13233
3 8079 7966 13233
3 8271 8079 13233
3 8634 8271 13233
3 9542 8634 13233
3 9880 9542 13233
3 10611 9880 13233
3 10795 10611 13233
3 11598 10795 13233
3 11680 11598 13233
3 12105 11680 13233
3 12491 12105 13233
3 12526 12491 13233
3 12630 12526 13233
3 12922 12630 13233
3 13118 12922 13233
3 4947 4203 3302
3 5037 4947 3302
3 5670 5037 3302
3 5884 5670 3302
3 6575 5884 3302
3 6825 6575 3302
3 7636 6825 3302
3 7773 7636 3302
3 7832 7773 3302
3 7996 7832 3302
3 8096 7996 3302
3 8043 8096 3302
3 7839 8043 3302
3 7828 7864 7901
3 7828 7901 7930
3 7828 7930 7971
3 7828 7971 8001
3 7828 8001 8032
3 7828 8032 8059
3 7828 8059 8083
3 7828 8083 8107
3 7828 8107 8120
3 7828 8120 8140
3 7828 8140 8170
3 7828 8170 8255
3 7828 8255 8289
3 7828 8289 8310
3 7828 8310 8335
3 7828 8335 8357
3 7828 8357 8366
3 8369 7827 7828
3 8369 7828 8366
3 1549 1548 1627
3 1628 1630 1632
3 1628 1632 1633
3 1628 1633 1631
3 1628 1631 1629
3 1628 1629 1626
3 1628 1626 1621
3 1628 1621 1616
3 1628 1616 1614
3 1628 1614 1612
3 1628 1612 1610
3 1628 1610 1607
3 1628 1607 1605
3 1628 1605 1603
3 1628 1603 1601
3 1628 1601 1599
3 1628 1599 1597
3 1628 1597 1595
3 1628 1595 1592
3 1628 1592 1590
3 1628 1590 1588
3 1628 1588 1585
3 1628 1585 1583
3 1628 1583 1578
3 1628 1578 1576
3 1628 1576 1572
3 1628 1572 1570
3 1628 1570 1568
3 1628 1568 1566
3 1628 1566 1564
3 1628 1564 1562
3 1628 1562 1560
3 1628 1560 1555
3 1628 1555 1553
3 1628 1553 1551
3 1628 1551 1550
3 1628 1550 1546
3 1628 1546 1536
3 1628 1536 1535
3 1628 1535 1545
3 1549 1627 1628
3 1549 1628 1545
3 1445 1439 1496
3 1502 1445 1496
3 1645 1676 1683
3 1651 1645 1683
3 1499 1442 1437
3 1494 1499 1437
3 1648 1643 1674
3 1679 1648 1674
3 1664 1478 1476
3 1660 1664 1476
3 1645 1676 1683
3 1651 1645 1683
3 1681 1676 1645
3 1650 1681 1645
3 1650 1645 1651
3 1652 1650 1651
3 1684 1652 1651
3 1684 1651 1683
3 1681 1684 1683
3 1681 1683 1676
3 1650 1681 1684
3 1652 1650 1684
3 1648 1643 1674
3 1679 1648 1674
3 1644 1643 1648
3 1649 1644 1648
3 1680 1649 1648
3 1680 1648 1679
3 1675 1680 1679
3 1675 1679 1674
3 1675 1674 1643
3 1644 1675 1643
3 1649 1644 1675
3 1680 1649 1675
3 1445 1439 1496
3 1502 1445 1496
3 1444 1439 1445
3 1446 1444 1445
3 1503 1446 1445
3 1503 1445 1502
3 1501 1503 1502
3 1501 1502 1496
3 1501 1496 1439
3 1444 1501 1439
3 1446 1444 1501
3 1503 1446 1501
3 1499 1442 1437
3 1494 1499 1437
3 1500 1443 1442
3 1500 1442 1499
3 1495 1500 1499
3 1495 1499 1494
3 1495 1494 1437
3 1438 1495 1437
3 1438 1437 1442
3 1443 1438 1442
3 1500 1443 1438
3 1495 1500 1438
3 1664 1478 1476
3 1660 1664 1476
3 1665 1479 1478
3 1665 1478 1664
3 1661 1665 1664
3 1661 1664 1660
3 1661 1660 1476
3 1477 1661 1476
3 1477 1476 1478
3 1479 1477 1478
3 1665 1479 1477
3 1661 1665 1477
3 1640 1639 1513
3 1587 1640 1513
3 1514 1587 1513
3 1640 1639 1513
3 1587 1640 1513
3 1514 1587 1513
3 5246 5245 1639
3 5246 1639 1640
3 1587 1640 5246
3 3885 1587 5246
3 1514 1587 3885
3 2449 1514 3885
3 2449 1514 1513
3 2448 2449 1513
3 2448 1513 1639
3 5245 2448 1639
3 5246 5245 2448
3 3885 5246 2448
3 2449 3885 2448
3 1646 1641 1672
3 1677 1646 1672
3 1646 1641 1672
3 1677 1646 1672
3 1642 1641 1646
3 1647 1642 1646
3 1678 1647 1646
3 1678 1646 1677
3 1673 1678 1677
3 1673 1677 1672
3 1673 1672 1641
3 1642 1673 1641
3 1647 1642 1673
3 1678 1647 1673
3 1497 1440 1435
3 1492 1497 1435
3 1497 1440 1435
3 1492 1497 1435
3 1498 1441 1440
3 1498 1440 1497
3 1493 1498 1497
3 1493 1497 1492
3 1493 1492 1435
3 1436 1493 1435
3 1436 1435 1440
3 1441 1436 1440
3 1498 1441 1436
3 1493 1498 1436
3 1532 1531 1618
3 1619 1622 1624
3 1619 1624 1625
3 1619 1625 1623
3 1619 1623 1620
3 1619 1620 1617
3 1619 1617 1615
3 1619 1615 1613
3 1619 1613 1611
3 1619 1611 1609
3 1619 1609 1608
3 1619 1608 1606
3 1619 1606 1604
3 1619 1604 1602
3 1619 1602 1600
3 1619 1600 1598
3 1619 1598 1596
3 1619 1596 1594
3 1619 1594 1591
3 1619 1591 1589
3 1619 1589 1586
3 1619 1586 1584
3 1619 1584 1579
3 1619 1579 1577
3 1619 1577 1573
3 1619 1573 1571
3 1619 1571 1569
3 1619 1569 1567
3 1619 1567 1565
3 1619 1565 1561
3 1619 1561 1559
3 1619 1559 1554
3 1619 1554 1552
3 1619 1552 1547
3 1619 1547 1534
3 1619 1534 1533
3 1619 1533 1530
3 1619 1530 1528
3 1619 1528 1527
3 1619 1527 1529
3 1532 1618 1619
3 1532 1619 1529
3 1433 1690 1691
3 1433 1691 1434
3 1670 1521 1519
3 1669 1670 1519
3 1462 1461 1451
3 1462 1451 1452
3 1464 1463 1453
3 1464 1453 1454
3 1475 1470 1467
3 1475 1467 1472
3 1691 1709 1470
3 1434 1691 1470
3 1544 1474 1708
3 1670 1521 1544
3 7688 1670 1544
3 1708 7688 1544
3 1470 1469 1708
3 1470 1708 1709
3 1505 1504 1484
3 1505 1484 1485
3 1507 1506 1486
3 1507 1486 1487
3 1539 1538 1515
3 1539 1515 1516
3 1541 1540 1517
3 1541 1517 1518
3 5245 2448 2447
3 5245 2447 5244
3 1574 2447 2448
3 1575 1574 2448
3 5245 2448 1575
3 1663 5245 1575
3 1662 1663 5245
3 1662 5245 5244
3 1662 5244 2447
3 1574 1662 2447
3 1662 1574 1575
3 1663 1662 1575
3 1520 1468 1473
3 1543 1520 1473
3 1520 1468 1473
3 1543 1520 1473
3 1469 1468 1520
3 1521 1469 1520
3 1544 1521 1520
3 1544 1520 1543
3 1474 1544 1543
3 1474 1543 1473
3 1474 1473 1468
3 1469 1474 1468
3 1521 1469 1474
3 1544 1521 1474
3 1542 1519 1521
3 1544 1542 1521
3 666 665 736
3 666 736 737
3 431 430 519
3 431 519 520
3 235 234 276
3 235 276 277
3 933 14 7
3 1080 1074 933
3 946 1080 933
3 7 946 933
3 933 14 7
3 1080 1074 933
3 946 1080 933
3 7 946 933
3 934 15 14
3 934 14 933
3 934 933 1074
3 1075 934 1074
3 1081 1075 1074
3 1081 1074 1080
3 947 1081 1080
3 947 1080 946
3 947 946 7
3 8 947 7
3 8 7 14
3 15 8 14
3 934 15 8
3 1081 1075 934
3 947 1081 934
3 8 947 934
3 938 19 12
3 1085 1079 938
3 951 1085 938
3 12 951 938
3 938 19 12
3 1085 1079 938
3 951 1085 938
3 12 951 938
3 18 19 12
3 11 18 12
3 11 12 951
3 950 11 951
3 1084 950 951
3 1084 951 1085
3 1078 1084 1085
3 1078 1085 1079
3 1078 1079 938
3 937 1078 938
3 18 937 938
3 18 938 19
3 937 18 11
3 1084 1078 937
3 950 1084 937
3 11 950 937
3 935 16 9
3 1082 1076 935
3 948 1082 935
3 9 948 935
3 935 16 9
3 1082 1076 935
3 948 1082 935
3 9 948 935
3 936 17 16
3 936 16 935
3 936 935 1076
3 1077 936 1076
3 1083 1077 1076
3 1083 1076 1082
3 949 1083 1082
3 949 1082 948
3 949 948 9
3 10 949 9
3 10 9 16
3 17 10 16
3 936 17 10
3 1083 1077 936
3 949 1083 936
3 10 949 936
3 176 214 255
3 86 176 255
3 135 86 255
3 236 135 255
3 594 632 673
3 499 594 673
3 552 499 673
3 650 552 673
3 1016 1056 1105
3 911 1016 1105
3 975 911 1105
3 1086 975 1105
3 41 110 111
3 44 43 42
3 45 44 42
3 47 45 42
3 48 47 42
3 49 48 42
3 51 49 42
3 53 51 42
3 54 53 42
3 56 54 42
3 58 56 42
3 60 58 42
3 62 60 42
3 70 62 42
3 73 70 42
3 75 73 42
3 79 75 42
3 85 79 42
3 93 85 42
3 94 93 42
3 95 94 42
3 96 95 42
3 97 96 42
3 98 97 42
3 99 98 42
3 100 99 42
3 101 100 42
3 102 101 42
3 103 102 42
3 104 103 42
3 105 104 42
3 106 105 42
3 107 106 42
3 108 107 42
3 109 108 42
3 112 109 42
3 42 41 111
3 112 42 111
3 147 230 231
3 150 149 148
3 151 150 148
3 153 151 148
3 154 153 148
3 155 154 148
3 157 155 148
3 159 157 148
3 160 159 148
3 162 160 148
3 170 162 148
3 172 170 148
3 174 172 148
3 183 174 148
3 186 183 148
3 188 186 148
3 192 188 148
3 198 192 148
3 199 198 148
3 200 199 148
3 201 200 148
3 208 201 148
3 209 208 148
3 210 209 148
3 211 210 148
3 212 211 148
3 213 212 148
3 221 213 148
3 222 221 148
3 223 222 148
3 224 223 148
3 225 224 148
3 226 225 148
3 227 226 148
3 228 227 148
3 229 228 148
3 148 147 231
3 229 148 231
3 287 344 345
3 290 289 288
3 291 290 288
3 293 291 288
3 294 293 288
3 295 294 288
3 297 295 288
3 298 297 288
3 300 298 288
3 302 300 288
3 304 302 288
3 306 304 288
3 308 306 288
3 310 308 288
3 312 310 288
3 315 312 288
3 319 315 288
3 325 319 288
3 326 325 288
3 327 326 288
3 328 327 288
3 329 328 288
3 330 329 288
3 331 330 288
3 332 331 288
3 333 332 288
3 334 333 288
3 335 334 288
3 336 335 288
3 337 336 288
3 338 337 288
3 339 338 288
3 340 339 288
3 341 340 288
3 342 341 288
3 343 342 288
3 288 287 345
3 343 288 345
3 368 428 429
3 371 370 369
3 372 371 369
3 373 372 369
3 375 373 369
3 376 375 369
3 378 376 369
3 379 378 369
3 381 379 369
3 383 381 369
3 385 383 369
3 387 385 369
3 389 387 369
3 392 389 369
3 394 392 369
3 397 394 369
3 400 397 369
3 407 400 369
3 408 407 369
3 409 408 369
3 410 409 369
3 411 410 369
3 412 411 369
3 413 412 369
3 414 413 369
3 415 414 369
3 416 415 369
3 417 416 369
3 418 417 369
3 419 418 369
3 420 419 369
3 421 420 369
3 424 421 369
3 425 424 369
3 426 425 369
3 427 426 369
3 369 368 429
3 427 369 429
3 454 528 529
3 457 456 455
3 458 457 455
3 460 458 455
3 461 460 455
3 462 461 455
3 464 462 455
3 465 464 455
3 467 465 455
3 469 467 455
3 471 469 455
3 473 471 455
3 475 473 455
3 483 475 455
3 485 483 455
3 488 485 455
3 492 488 455
3 498 492 455
3 506 498 455
3 507 506 455
3 508 507 455
3 509 508 455
3 510 509 455
3 511 510 455
3 512 511 455
3 513 512 455
3 514 513 455
3 517 514 455
3 518 517 455
3 521 518 455
3 522 521 455
3 523 522 455
3 524 523 455
3 525 524 455
3 526 525 455
3 527 526 455
3 455 454 529
3 527 455 529
3 564 648 649
3 567 566 565
3 568 567 565
3 570 568 565
3 571 570 565
3 572 571 565
3 574 572 565
3 576 574 565
3 577 576 565
3 579 577 565
3 587 579 565
3 589 587 565
3 591 589 565
3 601 591 565
3 604 601 565
3 606 604 565
3 610 606 565
3 616 610 565
3 617 616 565
3 618 617 565
3 625 618 565
3 626 625 565
3 627 626 565
3 628 627 565
3 629 628 565
3 630 629 565
3 631 630 565
3 639 631 565
3 640 639 565
3 641 640 565
3 642 641 565
3 643 642 565
3 644 643 565
3 645 644 565
3 646 645 565
3 647 646 565
3 565 564 649
3 647 565 649
3 176 214 255
3 86 176 255
3 135 86 255
3 236 135 255
3 220 214 176
3 182 220 176
3 182 176 86
3 92 182 86
3 92 86 135
3 141 92 135
3 242 141 135
3 242 135 236
3 261 242 236
3 261 236 255
3 220 261 255
3 220 255 214
3 182 220 261
3 92 182 261
3 141 92 261
3 242 141 261
3 594 632 673
3 499 594 673
3 552 499 673
3 650 552 673
3 638 632 594
3 600 638 594
3 600 594 499
3 505 600 499
3 505 499 552
3 558 505 552
3 656 558 552
3 656 552 650
3 679 656 650
3 679 650 673
3 638 679 673
3 638 673 632
3 600 638 679
3 505 600 679
3 558 505 679
3 656 558 679
3 701 762 763
3 704 703 702
3 705 704 702
3 706 705 702
3 708 706 702
3 709 708 702
3 711 709 702
3 712 711 702
3 714 712 702
3 716 714 702
3 718 716 702
3 720 718 702
3 722 720 702
3 724 722 702
3 726 724 702
3 731 726 702
3 735 731 702
3 743 735 702
3 744 743 702
3 745 744 702
3 746 745 702
3 747 746 702
3 748 747 702
3 749 748 702
3 750 749 702
3 751 750 702
3 752 751 702
3 753 752 702
3 754 753 702
3 755 754 702
3 756 755 702
3 757 756 702
3 758 757 702
3 759 758 702
3 760 759 702
3 761 760 702
3 702 701 763
3 761 702 763
3 785 842 843
3 788 787 786
3 789 788 786
3 790 789 786
3 792 790 786
3 793 792 786
3 795 793 786
3 796 795 786
3 798 796 786
3 800 798 786
3 802 800 786
3 804 802 786
3 806 804 786
3 808 806 786
3 810 808 786
3 813 810 786
3 816 813 786
3 823 816 786
3 824 823 786
3 825 824 786
3 826 825 786
3 827 826 786
3 828 827 786
3 829 828 786
3 830 829 786
3 831 830 786
3 832 831 786
3 833 832 786
3 834 833 786
3 835 834 786
3 836 835 786
3 837 836 786
3 838 837 786
3 839 838 786
3 840 839 786
3 841 840 786
3 786 785 843
3 841 786 843
3 866 944 945
3 868 865 867
3 869 868 867
3 870 869 867
3 872 870 867
3 873 872 867
3 875 873 867
3 876 875 867
3 878 876 867
3 880 878 867
3 882 880 867
3 885 882 867
3 887 885 867
3 895 887 867
3 897 895 867
3 900 897 867
3 903 900 867
3 910 903 867
3 918 910 867
3 919 918 867
3 920 919 867
3 921 920 867
3 922 921 867
3 923 922 867
3 924 923 867
3 925 924 867
3 926 925 867
3 927 926 867
3 928 927 867
3 929 928 867
3 930 929 867
3 931 930 867
3 940 931 867
3 941 940 867
3 942 941 867
3 943 942 867
3 867 866 945
3 943 867 945
3 987 1072 1073
3 990 989 988
3 991 990 988
3 992 991 988
3 994 992 988
3 995 994 988
3 997 995 988
3 998 997 988
3 1000 998 988
3 1002 1000 988
3 1010 1002 988
3 1012 1010 988
3 1014 1012 988
3 1023 1014 988
3 1025 1023 988
3 1028 1025 988
3 1031 1028 988
3 1038 1031 988
3 1039 1038 988
3 1040 1039 988
3 1047 1040 988
3 1048 1047 988
3 1049 1048 988
3 1050 1049 988
3 1052 1050 988
3 1053 1052 988
3 1055 1053 988
3 1063 1055 988
3 1064 1063 988
3 1065 1064 988
3 1066 1065 988
3 1067 1066 988
3 1068 1067 988
3 1069 1068 988
3 1070 1069 988
3 1071 1070 988
3 988 987 1073
3 1071 988 1073
3 1016 1056 1105
3 911 1016 1105
3 975 911 1105
3 1086 975 1105
3 1062 1056 1016
3 1022 1062 1016
3 1022 1016 911
3 917 1022 911
3 917 911 975
3 981 917 975
3 1092 981 975
3 1092 975 1086
3 1111 1092 1086
3 1111 1086 1105
3 1062 1111 1105
3 1062 1105 1056
3 1022 1062 1111
3 917 1022 1111
3 981 917 1111
3 1092 981 1111
3 1137 1194 1195
3 1140 1139 1138
3 1141 1140 1138
3 1143 1141 1138
3 1144 1143 1138
3 1145 1144 1138
3 1147 1145 1138
3 1148 1147 1138
3 1150 1148 1138
3 1152 1150 1138
3 1154 1152 1138
3 1156 1154 1138
3 1158 1156 1138
3 1160 1158 1138
3 1162 1160 1138
3 1165 1162 1138
3 1169 1165 1138
3 1175 1169 1138
3 1176 1175 1138
3 1177 1176 1138
3 1178 1177 1138
3 1179 1178 1138
3 1180 1179 1138
3 1181 1180 1138
3 1182 1181 1138
3 1183 1182 1138
3 1184 1183 1138
3 1185 1184 1138
3 1186 1185 1138
3 1187 1186 1138
3 1188 1187 1138
3 1189 1188 1138
3 1190 1189 1138
3 1191 1190 1138
3 1192 1191 1138
3 1193 1192 1138
3 1138 1137 1195
3 1193 1138 1195
3 1217 1274 1275
3 1220 1219 1218
3 1221 1220 1218
3 1223 1221 1218
3 1224 1223 1218
3 1225 1224 1218
3 1227 1225 1218
3 1228 1227 1218
3 1230 1228 1218
3 1232 1230 1218
3 1234 1232 1218
3 1236 1234 1218
3 1238 1236 1218
3 1240 1238 1218
3 1242 1240 1218
3 1245 1242 1218
3 1249 1245 1218
3 1255 1249 1218
3 1256 1255 1218
3 1258 1256 1218
3 1259 1258 1218
3 1260 1259 1218
3 1261 1260 1218
3 1262 1261 1218
3 1263 1262 1218
3 1264 1263 1218
3 1265 1264 1218
3 1266 1265 1218
3 1267 1266 1218
3 1268 1267 1218
3 1269 1268 1218
3 1270 1269 1218
3 1271 1270 1218
3 1272 1271 1218
3 1273 1272 1218
3 1276 1273 1218
3 1218 1217 1275
3 1276 1218 1275
3 1302 1358 1359
3 1304 1301 1303
3 1305 1304 1303
3 1307 1305 1303
3 1308 1307 1303
3 1309 1308 1303
3 1311 1309 1303
3 1313 1311 1303
3 1314 1313 1303
3 1316 1314 1303
3 1318 1316 1303
3 1320 1318 1303
3 1322 1320 1303
3 1324 1322 1303
3 1327 1324 1303
3 1329 1327 1303
3 1333 1329 1303
3 1339 1333 1303
3 1340 1339 1303
3 1341 1340 1303
3 1342 1341 1303
3 1343 1342 1303
3 1344 1343 1303
3 1345 1344 1303
3 1346 1345 1303
3 1347 1346 1303
3 1348 1347 1303
3 1349 1348 1303
3 1350 1349 1303
3 1351 1350 1303
3 1352 1351 1303
3 1353 1352 1303
3 1354 1353 1303
3 1355 1354 1303
3 1356 1355 1303
3 1357 1356 1303
3 1303 1302 1359
3 1357 1303 1359
3 1108 1369 1362
3 3 16 217
3 204 3 217
3 166 204 217
3 479 583 621
3 891 1006 1043
3 1108 1362 1101
3 1089 1108 1101
3 166 217 179
3 66 166 179
3 1089 1101 1095
3 978 1089 1095
3 66 179 89
3 127 66 89
3 978 1095 967
3 914 978 967
3 127 89 138
3 245 127 138
3 914 967 891
3 1019 914 891
3 245 138 239
3 251 245 239
3 1019 891 1043
3 1059 1019 1043
3 676 1059 1043
3 251 239 258
3 621 251 258
3 676 1043 669
3 653 676 669
3 621 258 635
3 653 669 659
3 555 653 659
3 621 635 597
3 479 621 597
3 555 659 545
3 502 555 545
3 479 597 502
3 545 479 502
3 1106 1367 1360
3 1 14 215
3 202 1 215
3 164 202 215
3 477 581 619
3 889 1004 1041
3 1106 1360 1099
3 1087 1106 1099
3 164 215 177
3 64 164 177
3 1087 1099 1093
3 976 1087 1093
3 64 177 87
3 125 64 87
3 976 1093 965
3 912 976 965
3 125 87 136
3 243 125 136
3 912 965 889
3 1017 912 889
3 243 136 237
3 249 243 237
3 1017 889 1041
3 1057 1017 1041
3 674 1057 1041
3 249 237 256
3 619 249 256
3 674 1041 667
3 651 674 667
3 619 256 633
3 651 667 657
3 553 651 657
3 619 633 595
3 477 619 595
3 553 657 543
3 500 553 543
3 477 595 500
3 543 477 500
3 1106 1367 1360
3 1 14 215
3 202 1 215
3 164 202 215
3 477 581 619
3 889 1004 1041
3 1106 1360 1099
3 1087 1106 1099
3 164 215 177
3 64 164 177
3 1087 1099 1093
3 976 1087 1093
3 64 177 87
3 125 64 87
3 976 1093 965
3 912 976 965
3 125 87 136
3 243 125 136
3 912 965 889
3 1017 912 889
3 243 136 237
3 249 243 237
3 1017 889 1041
3 1057 1017 1041
3 674 1057 1041
3 249 237 256
3 619 249 256
3 674 1041 667
3 651 674 667
3 619 256 633
3 651 667 657
3 553 651 657
3 619 633 595
3 477 619 595
3 553 657 543
3 500 553 543
3 477 595 500
3 543 477 500
3 1107 1368 1367
3 1107 1367 1106
3 1107 1106 1087
3 1088 1107 1087
3 1088 1087 976
3 977 1088 976
3 913 977 976
3 913 976 912
3 1018 913 912
3 1018 912 1017
3 1058 1018 1017
3 1058 1017 1057
3 675 1058 1057
3 675 1057 674
3 675 674 651
3 652 675 651
3 652 651 553
3 554 652 553
3 501 554 553
3 501 553 500
3 596 501 500
3 596 500 595
3 634 596 595
3 634 595 633
3 257 634 633
3 257 633 256
3 257 256 237
3 238 257 237
3 238 237 136
3 137 238 136
3 88 137 136
3 88 136 87
3 178 88 87
3 178 87 177
3 216 178 177
3 216 177 215
3 15 216 215
3 15 215 14
3 15 14 1
3 2 15 1
3 2 1 202
3 203 2 202
3 203 202 164
3 165 203 164
3 165 164 64
3 65 165 64
3 65 64 125
3 126 65 125
3 244 126 125
3 244 125 243
3 250 244 243
3 250 243 249
3 250 249 619
3 620 250 619
3 620 619 581
3 582 620 581
3 582 581 477
3 478 582 477
3 478 477 543
3 544 478 543
3 658 544 543
3 658 543 657
3 668 658 657
3 668 657 667
3 668 667 1041
3 1042 668 1041
3 1042 1041 1004
3 1005 1042 1004
3 1005 1004 889
3 890 1005 889
3 890 889 965
3 966 890 965
3 1094 966 965
3 1094 965 1093
3 1100 1094 1093
3 1100 1093 1099
3 1100 1099 1360
3 1361 1100 1360
3 1368 1361 1360
3 1368 1360 1367
3 1107 1368 1361
3 2 15 216
3 203 2 216
3 165 203 216
3 478 582 620
3 890 1005 1042
3 1107 1361 1100
3 1088 1107 1100
3 165 216 178
3 65 165 178
3 1088 1100 1094
3 977 1088 1094
3 65 178 88
3 126 65 88
3 977 1094 966
3 913 977 966
3 126 88 137
3 244 126 137
3 913 966 890
3 1018 913 890
3 244 137 238
3 250 244 238
3 1018 890 1042
3 1058 1018 1042
3 675 1058 1042
3 250 238 257
3 620 250 257
3 675 1042 668
3 652 675 668
3 620 257 634
3 652 668 658
3 554 652 658
3 620 634 596
3 478 620 596
3 554 658 544
3 501 554 544
3 478 596 501
3 544 478 501
3 1108 1369 1362
3 3 16 217
3 204 3 217
3 166 204 217
3 479 583 621
3 891 1006 1043
3 1108 1362 1101
3 1089 1108 1101
3 166 217 179
3 66 166 179
3 1089 1101 1095
3 978 1089 1095
3 66 179 89
3 127 66 89
3 978 1095 967
3 914 978 967
3 127 89 138
3 245 127 138
3 914 967 891
3 1019 914 891
3 245 138 239
3 251 245 239
3 1019 891 1043
3 1059 1019 1043
3 676 1059 1043
3 251 239 258
3 621 251 258
3 676 1043 669
3 653 676 669
3 621 258 635
3 653 669 659
3 555 653 659
3 621 635 597
3 479 621 597
3 555 659 545
3 502 555 545
3 479 597 502
3 545 479 502
3 1109 1370 1369
3 1109 1369 1108
3 1109 1108 1089
3 1090 1109 1089
3 1090 1089 978
3 979 1090 978
3 915 979 978
3 915 978 914
3 1020 915 914
3 1020 914 1019
3 1060 1020 1019
3 1060 1019 1059
3 677 1060 1059
3 677 1059 676
3 677 676 653
3 654 677 653
3 654 653 555
3 556 654 555
3 503 556 555
3 503 555 502
3 598 503 502
3 598 502 597
3 636 598 597
3 636 597 635
3 259 636 635
3 259 635 258
3 259 258 239
3 240 259 239
3 240 239 138
3 139 240 138
3 90 139 138
3 90 138 89
3 180 90 89
3 180 89 179
3 218 180 179
3 218 179 217
3 17 218 217
3 17 217 16
3 17 16 3
3 4 17 3
3 4 3 204
3 205 4 204
3 205 204 166
3 167 205 166
3 167 166 66
3 67 167 66
3 67 66 127
3 128 67 127
3 246 128 127
3 246 127 245
3 252 246 245
3 252 245 251
3 252 251 621
3 622 252 621
3 622 621 583
3 584 622 583
3 584 583 479
3 480 584 479
3 480 479 545
3 546 480 545
3 660 546 545
3 660 545 659
3 670 660 659
3 670 659 669
3 670 669 1043
3 1044 670 1043
3 1044 1043 1006
3 1007 1044 1006
3 1007 1006 891
3 892 1007 891
3 892 891 967
3 968 892 967
3 1096 968 967
3 1096 967 1095
3 1102 1096 1095
3 1102 1095 1101
3 1102 1101 1362
3 1363 1102 1362
3 1370 1363 1362
3 1370 1362 1369
3 1109 1370 1363
3 4 17 218
3 205 4 218
3 167 205 218
3 480 584 622
3 892 1007 1044
3 1109 1363 1102
3 1090 1109 1102
3 167 218 180
3 67 167 180
3 1090 1102 1096
3 979 1090 1096
3 67 180 90
3 128 67 90
3 979 1096 968
3 915 979 968
3 128 90 139
3 246 128 139
3 915 968 892
3 1020 915 892
3 246 139 240
3 252 246 240
3 1020 892 1044
3 1060 1020 1044
3 677 1060 1044
3 252 240 259
3 622 252 259
3 677 1044 670
3 654 677 670
3 622 259 636
3 654 670 660
3 556 654 660
3 622 636 598
3 480 622 598
3 556 660 546
3 503 556 546
3 480 598 503
3 546 480 503
3 1111 1372 1365
3 6 19 220
3 207 6 220
3 169 207 220
3 482 586 624
3 894 1009 1046
3 1111 1365 1104
3 1092 1111 1104
3 169 220 182
3 69 169 182
3 1092 1104 1098
3 981 1092 1098
3 69 182 92
3 130 69 92
3 981 1098 970
3 917 981 970
3 130 92 141
3 248 130 141
3 917 970 894
3 1022 917 894
3 248 141 242
3 254 248 242
3 1022 894 1046
3 1062 1022 1046
3 679 1062 1046
3 254 242 261
3 624 254 261
3 679 1046 672
3 656 679 672
3 624 261 638
3 656 672 662
3 558 656 662
3 624 638 600
3 482 624 600
3 558 662 548
3 505 558 548
3 482 600 505
3 548 482 505
3 1111 1372 1365
3 6 19 220
3 207 6 220
3 169 207 220
3 482 586 624
3 894 1009 1046
3 1111 1365 1104
3 1092 1111 1104
3 169 220 182
3 69 169 182
3 1092 1104 1098
3 981 1092 1098
3 69 182 92
3 130 69 92
3 981 1098 970
3 917 981 970
3 130 92 141
3 248 130 141
3 917 970 894
3 1022 917 894
3 248 141 242
3 254 248 242
3 1022 894 1046
3 1062 1022 1046
3 679 1062 1046
3 254 242 261
3 624 254 261
3 679 1046 672
3 656 679 672
3 624 261 638
3 656 672 662
3 558 656 662
3 624 638 600
3 482 624 600
3 558 662 548
3 505 558 548
3 482 600 505
3 548 482 505
3 1364 1371 1372
3 1364 1372 1365
3 1364 1365 1104
3 1103 1364 1104
3 1097 1103 1104
3 1097 1104 1098
3 969 1097 1098
3 969 1098 970
3 969 970 894
3 893 969 894
3 893 894 1009
3 1008 893 1009
3 1008 1009 1046
3 1045 1008 1046
3 1045 1046 672
3 671 1045 672
3 661 671 672
3 661 672 662
3 547 661 662
3 547 662 548
3 547 548 482
3 481 547 482
3 481 482 586
3 585 481 586
3 585 586 624
3 623 585 624
3 623 624 254
3 253 623 254
3 247 253 254
3 247 254 248
3 129 247 248
3 129 248 130
3 129 130 69
3 68 129 69
3 68 69 169
3 168 68 169
3 168 169 207
3 206 168 207
3 206 207 6
3 5 206 6
3 5 6 19
3 18 5 19
3 219 18 19
3 219 19 220
3 181 219 220
3 181 220 182
3 91 181 182
3 91 182 92
3 140 91 92
3 140 92 141
3 140 141 242
3 241 140 242
3 241 242 261
3 260 241 261
3 637 260 261
3 637 261 638
3 599 637 638
3 599 638 600
3 504 599 600
3 504 600 505
3 557 504 505
3 557 505 558
3 557 558 656
3 655 557 656
3 655 656 679
3 678 655 679
3 1061 678 679
3 1061 679 1062
3 1021 1061 1062
3 1021 1062 1022
3 916 1021 1022
3 916 1022 917
3 980 916 917
3 980 917 981
3 980 981 1092
3 1091 980 1092
3 1091 1092 1111
3 1110 1091 1111
3 1371 1110 1111
3 1371 1111 1372
3 1110 1371 1364
3 5 18 219
3 206 5 219
3 168 206 219
3 481 585 623
3 893 1008 1045
3 1110 1364 1103
3 1091 1110 1103
3 168 219 181
3 68 168 181
3 1091 1103 1097
3 980 1091 1097
3 68 181 91
3 129 68 91
3 980 1097 969
3 916 980 969
3 129 91 140
3 247 129 140
3 916 969 893
3 1021 916 893
3 247 140 241
3 253 247 241
3 1021 893 1045
3 1061 1021 1045
3 678 1061 1045
3 253 241 260
3 623 253 260
3 678 1045 671
3 655 678 671
3 623 260 637
3 655 671 661
3 557 655 661
3 623 637 599
3 481 623 599
3 557 661 547
3 504 557 547
3 481 599 504
3 547 481 504
3 1113 1366 1372
3 1113 1372 1114
3 1295 1294 1113
3 1295 1113 1114
3 1295 1405 1404
3 1294 1295 1404
3 932 1374 1376
3 938 932 1376
3 1470 1467 1433
3 1470 1433 1434
3 1460 1459 1449
3 1460 1449 1450
3 1448 1447 1457
3 1458 1448 1457
3 1474 1472 1542
3 1544 1474 1542
3 1491 1490 1482
3 1491 1482 1483
3 1481 1480 1488
3 1489 1481 1488
3 1525 1524 1511
3 1525 1511 1512
3 1510 1509 1522
3 1523 1510 1522
3 19 13 932
3 19 932 938
3 233 232 272
3 233 272 273
3 423 422 515
3 423 515 516
3 664 663 729
3 664 729 730
3 530 614 615
3 533 532 531
3 534 533 531
3 535 534 531
3 536 535 531
3 537 536 531
3 538 537 531
3 539 538 531
3 540 539 531
3 541 540 531
3 542 541 531
3 549 542 531
3 550 549 531
3 551 550 531
3 559 551 531
3 560 559 531
3 561 560 531
3 562 561 531
3 563 562 531
3 569 563 531
3 573 569 531
3 575 573 531
3 578 575 531
3 580 578 531
3 588 580 531
3 590 588 531
3 593 590 531
3 602 593 531
3 603 602 531
3 605 603 531
3 607 605 531
3 608 607 531
3 609 608 531
3 611 609 531
3 612 611 531
3 613 612 531
3 531 530 615
3 613 531 615
3 953 1036 1037
3 956 955 954
3 957 956 954
3 958 957 954
3 959 958 954
3 960 959 954
3 961 960 954
3 962 961 954
3 963 962 954
3 964 963 954
3 971 964 954
3 972 971 954
3 973 972 954
3 974 973 954
3 982 974 954
3 983 982 954
3 984 983 954
3 985 984 954
3 986 985 954
3 993 986 954
3 996 993 954
3 999 996 954
3 1001 999 954
3 1003 1001 954
3 1011 1003 954
3 1013 1011 954
3 1015 1013 954
3 1024 1015 954
3 1026 1024 954
3 1027 1026 954
3 1029 1027 954
3 1030 1029 954
3 1032 1030 954
3 1033 1032 954
3 1034 1033 954
3 1035 1034 954
3 954 953 1037
3 1035 954 1037
3 114 196 197
3 116 113 115
3 117 116 115
3 118 117 115
3 119 118 115
3 120 119 115
3 121 120 115
3 122 121 115
3 123 122 115
3 124 123 115
3 131 124 115
3 132 131 115
3 133 132 115
3 134 133 115
3 142 134 115
3 143 142 115
3 144 143 115
3 145 144 115
3 146 145 115
3 152 146 115
3 156 152 115
3 158 156 115
3 161 158 115
3 163 161 115
3 171 163 115
3 173 171 115
3 175 173 115
3 184 175 115
3 185 184 115
3 187 185 115
3 189 187 115
3 190 189 115
3 191 190 115
3 193 191 115
3 194 193 115
3 195 194 115
3 115 114 197
3 195 115 197
3 432 496 497
3 435 434 433
3 436 435 433
3 437 436 433
3 438 437 433
3 439 438 433
3 440 439 433
3 441 440 433
3 442 441 433
3 443 442 433
3 445 443 433
3 446 445 433
3 447 446 433
3 448 447 433
3 449 448 433
3 450 449 433
3 451 450 433
3 452 451 433
3 453 452 433
3 459 453 433
3 463 459 433
3 466 463 433
3 468 466 433
3 470 468 433
3 472 470 433
3 474 472 433
3 476 474 433
3 484 476 433
3 486 484 433
3 487 486 433
3 489 487 433
3 490 489 433
3 491 490 433
3 493 491 433
3 494 493 433
3 495 494 433
3 433 432 497
3 495 433 497
3 764 820 821
3 767 766 765
3 768 767 765
3 769 768 765
3 770 769 765
3 771 770 765
3 772 771 765
3 773 772 765
3 774 773 765
3 775 774 765
3 776 775 765
3 777 776 765
3 778 777 765
3 779 778 765
3 780 779 765
3 781 780 765
3 782 781 765
3 783 782 765
3 784 783 765
3 791 784 765
3 794 791 765
3 797 794 765
3 799 797 765
3 801 799 765
3 803 801 765
3 805 803 765
3 807 805 765
3 809 807 765
3 811 809 765
3 812 811 765
3 814 812 765
3 815 814 765
3 817 815 765
3 818 817 765
3 819 818 765
3 822 819 765
3 765 764 821
3 822 765 821
3 844 908 909
3 847 846 845
3 848 847 845
3 849 848 845
3 850 849 845
3 851 850 845
3 852 851 845
3 853 852 845
3 854 853 845
3 855 854 845
3 856 855 845
3 857 856 845
3 858 857 845
3 859 858 845
3 860 859 845
3 861 860 845
3 862 861 845
3 863 862 845
3 864 863 845
3 871 864 845
3 874 871 845
3 877 874 845
3 879 877 845
3 881 879 845
3 884 881 845
3 886 884 845
3 888 886 845
3 896 888 845
3 898 896 845
3 899 898 845
3 901 899 845
3 902 901 845
3 904 902 845
3 905 904 845
3 906 905 845
3 907 906 845
3 845 844 909
3 907 845 909
3 1115 1173 1174
3 1118 1117 1116
3 1119 1118 1116
3 1120 1119 1116
3 1121 1120 1116
3 1122 1121 1116
3 1123 1122 1116
3 1124 1123 1116
3 1125 1124 1116
3 1126 1125 1116
3 1127 1126 1116
3 1128 1127 1116
3 1129 1128 1116
3 1130 1129 1116
3 1131 1130 1116
3 1132 1131 1116
3 1133 1132 1116
3 1134 1133 1116
3 1135 1134 1116
3 1142 1135 1116
3 1146 1142 1116
3 1149 1146 1116
3 1151 1149 1116
3 1153 1151 1116
3 1155 1153 1116
3 1157 1155 1116
3 1159 1157 1116
3 1161 1159 1116
3 1163 1161 1116
3 1164 1163 1116
3 1166 1164 1116
3 1167 1166 1116
3 1168 1167 1116
3 1170 1168 1116
3 1171 1170 1116
3 1172 1171 1116
3 1116 1115 1174
3 1172 1116 1174
3 1196 1252 1253
3 1199 1198 1197
3 1200 1199 1197
3 1201 1200 1197
3 1202 1201 1197
3 1203 1202 1197
3 1204 1203 1197
3 1205 1204 1197
3 1206 1205 1197
3 1207 1206 1197
3 1208 1207 1197
3 1209 1208 1197
3 1210 1209 1197
3 1211 1210 1197
3 1212 1211 1197
3 1213 1212 1197
3 1214 1213 1197
3 1215 1214 1197
3 1216 1215 1197
3 1222 1216 1197
3 1226 1222 1197
3 1229 1226 1197
3 1231 1229 1197
3 1233 1231 1197
3 1235 1233 1197
3 1237 1235 1197
3 1239 1237 1197
3 1241 1239 1197
3 1243 1241 1197
3 1244 1243 1197
3 1246 1244 1197
3 1247 1246 1197
3 1248 1247 1197
3 1250 1248 1197
3 1251 1250 1197
3 1254 1251 1197
3 1197 1196 1253
3 1254 1197 1253
3 1277 1336 1337
3 1280 1279 1278
3 1281 1280 1278
3 1282 1281 1278
3 1283 1282 1278
3 1284 1283 1278
3 1285 1284 1278
3 1286 1285 1278
3 1287 1286 1278
3 1288 1287 1278
3 1289 1288 1278
3 1290 1289 1278
3 1291 1290 1278
3 1292 1291 1278
3 1293 1292 1278
3 1296 1293 1278
3 1297 1296 1278
3 1299 1297 1278
3 1300 1299 1278
3 1306 1300 1278
3 1310 1306 1278
3 1312 1310 1278
3 1315 1312 1278
3 1317 1315 1278
3 1319 1317 1278
3 1321 1319 1278
3 1323 1321 1278
3 1325 1323 1278
3 1326 1325 1278
3 1328 1326 1278
3 1330 1328 1278
3 1331 1330 1278
3 1332 1331 1278
3 1334 1332 1278
3 1335 1334 1278
3 1338 1335 1278
3 1278 1277 1337
3 1338 1278 1337
3 20 83 84
3 23 22 21
3 24 23 21
3 25 24 21
3 26 25 21
3 27 26 21
3 28 27 21
3 29 28 21
3 30 29 21
3 31 30 21
3 32 31 21
3 33 32 21
3 34 33 21
3 35 34 21
3 36 35 21
3 37 36 21
3 38 37 21
3 39 38 21
3 40 39 21
3 46 40 21
3 50 46 21
3 52 50 21
3 55 52 21
3 57 55 21
3 59 57 21
3 61 59 21
3 63 61 21
3 71 63 21
3 72 71 21
3 74 72 21
3 76 74 21
3 77 76 21
3 78 77 21
3 80 78 21
3 81 80 21
3 82 81 21
3 21 20 84
3 82 21 84
3 262 322 323
3 265 264 263
3 266 265 263
3 267 266 263
3 268 267 263
3 269 268 263
3 270 269 263
3 271 270 263
3 274 271 263
3 275 274 263
3 278 275 263
3 279 278 263
3 280 279 263
3 281 280 263
3 282 281 263
3 283 282 263
3 284 283 263
3 285 284 263
3 286 285 263
3 292 286 263
3 296 292 263
3 299 296 263
3 301 299 263
3 303 301 263
3 305 303 263
3 307 305 263
3 309 307 263
3 311 309 263
3 313 311 263
3 314 313 263
3 316 314 263
3 317 316 263
3 318 317 263
3 320 318 263
3 321 320 263
3 324 321 263
3 263 262 323
3 324 263 323
3 346 405 406
3 349 348 347
3 350 349 347
3 351 350 347
3 352 351 347
3 353 352 347
3 354 353 347
3 355 354 347
3 356 355 347
3 357 356 347
3 358 357 347
3 359 358 347
3 360 359 347
3 361 360 347
3 362 361 347
3 363 362 347
3 364 363 347
3 365 364 347
3 367 365 347
3 374 367 347
3 377 374 347
3 380 377 347
3 382 380 347
3 384 382 347
3 386 384 347
3 388 386 347
3 391 388 347
3 393 391 347
3 395 393 347
3 396 395 347
3 398 396 347
3 399 398 347
3 401 399 347
3 402 401 347
3 403 402 347
3 404 403 347
3 347 346 406
3 404 347 406
3 680 741 742
3 683 682 681
3 684 683 681
3 685 684 681
3 686 685 681
3 687 686 681
3 688 687 681
3 689 688 681
3 690 689 681
3 691 690 681
3 692 691 681
3 693 692 681
3 694 693 681
3 695 694 681
3 696 695 681
3 697 696 681
3 698 697 681
3 699 698 681
3 700 699 681
3 707 700 681
3 710 707 681
3 713 710 681
3 715 713 681
3 717 715 681
3 719 717 681
3 721 719 681
3 723 721 681
3 725 723 681
3 727 725 681
3 728 727 681
3 732 728 681
3 733 732 681
3 734 733 681
3 738 734 681
3 739 738 681
3 740 739 681
3 681 680 742
3 740 681 742
3 13 19 1372
3 13 1372 1366
3 1399 1405 1295
3 939 1403 1399
3 19 939 1399
3 1372 19 1399
3 1114 1372 1399
3 1295 1114 1399
3 5244 2447 2448
3 5245 5244 2448
3 6775 1424 1420
3 5867 6775 1420
3 7894 5867 1420
3 2340 7894 1420
3 1688 2340 1420
3 1634 1688 1420
3 1374 1634 1420
3 1401 1374 1420
3 1405 1404 1398
3 1405 1398 1399
3 1398 1401 1403
3 1398 1403 1399
3 8315 8022 8088
3 8338 8398 8315
3 8350 8445 8338
3 8126 8425 8350
3 8104 8126 8350
3 8088 8104 8350
3 8315 8088 8350
3 8338 8315 8350
3 10332 9343 9515
3 10601 10621 10332
3 9917 10642 10601
3 9678 9917 10601
3 9595 9678 10601
3 9545 9595 10601
3 10332 9515 9545
3 10601 10332 9545
3 1685 1636 8022
3 9343 10332 1685
3 8102 9343 1685
3 7939 8102 1685
3 8022 8315 7939
3 1685 8022 7939
3 8837 8836 8166
3 8167 8164 8168
3 8167 8168 8169
3 8167 8169 8171
3 8167 8171 8172
3 8167 8172 8210
3 8167 8210 8212
3 8167 8212 8216
3 8167 8216 8254
3 8167 8254 8261
3 8167 8261 8275
3 8167 8275 8290
3 8167 8290 8298
3 8167 8298 8311
3 8167 8311 8326
3 8167 8326 8349
3 8167 8349 8365
3 8167 8365 8382
3 8167 8382 8401
3 8167 8401 8419
3 8167 8419 8440
3 8167 8440 8459
3 8167 8459 8477
3 8167 8477 8505
3 8167 8505 8537
3 8167 8537 8559
3 8167 8559 8586
3 8167 8586 8613
3 8167 8613 8648
3 8167 8648 8700
3 8167 8700 8733
3 8167 8733 8764
3 8167 8764 8791
3 8167 8791 8812
3 8167 8812 8829
3 8167 8829 8835
3 8167 8835 8842
3 8837 8166 8167
3 8837 8167 8842
3 13447 11108 11109
3 13448 13448 13447
3 13475 13470 13448
3 13476 13475 13448
3 13471 13476 13448
3 13446 13471 13448
3 13427 13446 13448
3 13396 13427 13448
3 13370 13396 13448
3 13368 13370 13448
3 13366 13368 13448
3 13361 13366 13448
3 13359 13361 13448
3 13348 13359 13448
3 13212 13348 13448
3 13023 13212 13448
3 12838 13023 13448
3 12648 12838 13448
3 12561 12648 13448
3 12521 12561 13448
3 12510 12521 13448
3 12492 12510 13448
3 12411 12492 13448
3 12203 12411 13448
3 12002 12203 13448
3 11799 12002 13448
3 11712 11799 13448
3 11670 11712 13448
3 11659 11670 13448
3 11646 11659 13448
3 11626 11646 13448
3 11583 11626 13448
3 11478 11583 13448
3 11380 11478 13448
3 11255 11380 13448
3 11196 11255 13448
3 11110 11196 13448
3 11057 11110 13448
3 11032 11057 13448
3 11031 11032 13448
3 11056 11031 13448
3 11109 11109 11056
3 13447 11109 11056
3 13448 13447 11056
3 10306 8148 8142
3 10214 10306 8142
3 14890 14892 14380
3 14313 14890 14380
3 8162 8151 10309
3 10363 8162 10309
3 14900 14439 14383
3 14895 14900 14383
3 9551 9528 14878
3 14880 9551 14878
3 14890 14892 14380
3 14313 14890 14380
3 14891 14897 14892
3 14891 14892 14890
3 14891 14890 14313
3 14314 14891 14313
3 14314 14313 14380
3 14385 14314 14380
3 14897 14385 14380
3 14897 14380 14892
3 14891 14897 14385
3 14314 14891 14385
3 14900 14439 14383
3 14895 14900 14383
3 14901 14440 14439
3 14901 14439 14900
3 14896 14901 14900
3 14896 14900 14895
3 14896 14895 14383
3 14384 14896 14383
3 14384 14383 14439
3 14440 14384 14439
3 14901 14440 14384
3 14896 14901 14384
3 10306 8148 8142
3 10214 10306 8142
3 10311 8153 8148
3 10311 8148 10306
3 10215 10311 10306
3 10215 10306 10214
3 10215 10214 8142
3 8143 10215 8142
3 8143 8142 8148
3 8153 8143 8148
3 10311 8153 8143
3 10215 10311 8143
3 8162 8151 10309
3 10363 8162 10309
3 8152 8151 8162
3 8163 8152 8162
3 10364 8163 8162
3 10364 8162 10363
3 10310 10364 10363
3 10310 10363 10309
3 10310 10309 8151
3 8152 10310 8151
3 8163 8152 10310
3 10364 8163 10310
3 9551 9528 14878
3 14880 9551 14878
3 9529 9528 9551
3 9552 9529 9551
3 14881 9552 9551
3 14881 9551 14880
3 14879 14881 14880
3 14879 14880 14878
3 14879 14878 9528
3 9529 14879 9528
3 9552 9529 14879
3 14881 9552 14879
3 10695 10694 14113
3 10695 14113 14114
3 10695 14114 12512
3 10695 10694 14113
3 10695 14113 14114
3 10695 14114 12512
3 7678 14113 10694
3 4837 7678 10694
3 4837 10694 10695
3 4838 4837 10695
3 12512 10695 4838
3 6201 12512 4838
3 14114 12512 6201
3 7679 14114 6201
3 7678 7679 14114
3 7678 14114 14113
3 4838 4837 7678
3 4838 7678 7679
3 4838 7679 6201
3 14898 14437 14381
3 14893 14898 14381
3 14898 14437 14381
3 14893 14898 14381
3 14899 14438 14437
3 14899 14437 14898
3 14894 14899 14898
3 14894 14898 14893
3 14894 14893 14381
3 14382 14894 14381
3 14382 14381 14437
3 14438 14382 14437
3 14899 14438 14382
3 14894 14899 14382
3 8160 8149 10307
3 10361 8160 10307
3 8160 8149 10307
3 10361 8160 10307
3 8150 8149 8160
3 8161 8150 8160
3 10362 8161 8160
3 10362 8160 10361
3 10308 10362 10361
3 10308 10361 10307
3 10308 10307 8149
3 8150 10308 8149
3 8161 8150 10308
3 10362 8161 10308
3 13569 11287 11288
3 13570 13570 13569
3 13630 13610 13570
3 13631 13630 13570
3 13611 13631 13570
3 13571 13611 13570
3 13528 13571 13570
3 13457 13528 13570
3 13413 13457 13570
3 13391 13413 13570
3 13369 13391 13570
3 13367 13369 13570
3 13360 13367 13570
3 13358 13360 13570
3 13326 13358 13570
3 13186 13326 13570
3 12972 13186 13570
3 12783 12972 13570
3 12607 12783 13570
3 12537 12607 13570
3 12518 12537 13570
3 12508 12518 13570
3 12482 12508 13570
3 12342 12482 13570
3 12119 12342 13570
3 11944 12119 13570
3 11774 11944 13570
3 11704 11774 13570
3 11666 11704 13570
3 11657 11666 13570
3 11643 11657 13570
3 11628 11643 13570
3 11588 11628 13570
3 11512 11588 13570
3 11439 11512 13570
3 11356 11439 13570
3 11289 11356 13570
3 11232 11289 13570
3 11222 11232 13570
3 11221 11222 13570
3 11231 11221 13570
3 13570 13569 11288
3 11231 13570 11288
3 11288 11231 11288
3 8092 14902 14903
3 8092 14903 8093
3 2445 2446 6735
3 2445 6735 6733
3 7980 8027 8028
3 7981 7980 8028
3 7982 8029 8030
3 7983 7982 8030
3 7872 7824 7821
3 7872 7821 7869
3 7824 14889 14903
3 8093 7824 14903
3 14888 7871 6817
3 8573 14888 6817
3 2446 8573 6817
3 6735 2446 6817
3 7824 7823 14888
3 7824 14888 14889
3 7767 7848 7849
3 7768 7767 7849
3 7769 7850 7851
3 7770 7769 7851
3 7309 7628 7629
3 7310 7309 7629
3 7311 7630 7631
3 7312 7311 7631
3 7677 4839 4840
3 7678 7677 4840
3 7677 4839 4840
3 7678 7677 4840
3 9548 4839 7677
3 12895 9548 7677
3 12896 12895 7677
3 12896 7677 7678
3 4840 7678 12896
3 9549 4840 12896
3 9549 4840 4839
3 9548 9549 4839
3 12896 9549 9548
3 12896 9548 12895
3 7870 7822 6734
3 6816 7870 6734
3 7870 7822 6734
3 6816 7870 6734
3 7871 7823 7822
3 7871 7822 7870
3 6817 7871 7870
3 6817 7870 6816
3 6817 6816 6734
3 6735 6817 6734
3 6735 6734 7822
3 7823 6735 7822
3 7871 7823 6735
3 6817 7871 6735
3 6815 6733 6735
3 6817 6815 6735
3 7821 8092 8093
3 7824 7821 8093
3 7949 7999 8000
3 7950 7949 8000
3 7948 7998 7997
3 7948 7997 7947
3 6817 7871 7869
3 6817 7869 6815
3 7734 7813 7814
3 7735 7734 7814
3 7733 7812 7811
3 7733 7811 7732
3 7035 7597 7598
3 7036 7035 7598
3 7034 7596 7595
3 7034 7595 7033
3 14903 14902 14887
3 14903 14887 14889
3 14889 14887 14884
3 14886 14889 14884
3 6775 1424 1420
3 5867 6775 1420
3 7894 5867 1420
3 2340 7894 1420
3 1688 2340 1420
3 1634 1688 1420
3 1374 1634 1420
3 1401 1374 1420
3 6776 1425 1424
3 6776 1424 6775
3 5868 6776 6775
3 5868 6775 5867
3 7895 5868 5867
3 7895 5867 7894
3 2341 7895 7894
3 2341 7894 2340
3 2341 2340 1688
3 1689 2341 1688
3 1635 1689 1688
3 1635 1688 1634
3 1635 1634 1374
3 1375 1635 1374
3 1375 1374 1401
3 1402 1375 1401
3 1421 1402 1401
3 1421 1401 1420
3 1421 1420 1424
3 1425 1421 1424
3 6776 1425 1421
3 5868 6776 1421
3 7895 5868 1421
3 2341 7895 1421
3 1689 2341 1421
3 1635 1689 1421
3 1375 1635 1421
3 1402 1375 1421
3 1690 1707 1709
3 1691 1690 1709
3 1709 1707 1704
3 1706 1709 1704
3 1563 1429 1409
3 1526 1563 1409
3 1508 1526 1537
3 1394 1380 1409
3 1394 1409 1429
3 1394 1429 1393
3 1394 1393 1385
3 1112 1378 1394
3 1379 1112 1394
3 1385 1379 1394
3 592 0 1054
3 1257 592 1054
3 1373 1257 1054
3 1384 1373 1054
3 1387 1384 1054
3 1387 1054 1379
3 1416 1423 1387
3 1393 1416 1387
3 1385 1393 1387
3 1379 1385 1387
3 1593 1455 1563
3 1593 1656 1422
3 1455 1593 1422
3 1429 1422 1456
3 1429 1456 1563
3 1054 0 390
3 390 1298 1112
3 1112 1379 1054
3 1112 1054 390
3 1392 952 1373
3 1384 1392 1373
3 1257 1373 952
3 1257 952 444
3 1635 1386 1384
3 1656 1635 1384
3 1416 1422 1656
3 1423 1416 1656
3 1387 1423 1656
3 1384 1387 1656
3 1257 1136 1051
3 1386 1384 1392
3 1634 1374 932
3 1472 1542 1519
3 1467 1472 1519
3 1465 1466 1433
3 1471 1465 1433
3 1400 1471 1433
3 1377 1381 1400
3 1467 1519 1671
3 1400 1433 1467
3 1400 1467 1671
3 1377 1400 1671
3 366 1377 1671
3 1671 1636 1634
3 366 1671 1634
3 932 883 366
3 1634 932 366
3 1400 1381 1380
3 1409 1400 1380
3 1378 1380 1381
3 1377 1378 1381
3 1380 1394 1378
3 1409 1471 1400
3 1471 1526 1508
3 1409 1526 1471
3 1377 366 1298
3 1378 1377 1298
3 883 592 0
3 366 883 0
3 952 444 1391
3 952 1391 1392
3 1392 1386 1391
3 1563 1593 1656
3 1563 1656 1635
3 4137 3308 2461
3 6732 4137 2461
3 7114 6732 2461
3 6311 7114 2461
3 5794 6311 2461
3 2954 5794 2461
3 5011 5005 4967
3 5001 5011 4967
3 4989 5001 4967
3 4871 4989 4967
3 4827 4871 4967
3 4904 4827 4967
3 1714 2384 2391
3 1721 1714 2391
3 1721 1722 2392
3 1721 2392 2391
3 1722 2392 2399
3 1729 1722 2399
3 2063 2061 2059
3 2056 2063 2059
3 2051 2056 2059
3 2045 2051 2059
3 2039 2045 2059
3 2033 2039 2059
3 2027 2033 2059
3 2021 2027 2059
3 2013 2021 2059
3 2003 2013 2059
3 1992 2003 2059
3 1984 1992 2059
3 1978 1984 2059
3 1966 1978 2059
3 1953 1966 2059
3 1944 1953 2059
3 1935 1944 2059
3 1926 1935 2059
3 1910 1926 2059
3 1900 1910 2059
3 1896 1900 2059
3 1888 1896 2059
3 1880 1888 2059
3 1876 1880 2059
3 1872 1876 2059
3 1864 1872 2059
3 1856 1864 2059
3 1852 1856 2059
3 1848 1852 2059
3 1840 1848 2059
3 1833 1840 2059
3 1827 1833 2059
3 1822 1827 2059
3 1817 1822 2059
3 1813 1817 2059
3 1808 1813 2059
3 1811 1808 2059
3 1815 1811 2059
3 1820 1815 2059
3 1825 1820 2059
3 1831 1825 2059
3 1838 1831 2059
3 1846 1838 2059
3 1850 1846 2059
3 1854 1850 2059
3 1862 1854 2059
3 1870 1862 2059
3 1874 1870 2059
3 1878 1874 2059
3 1886 1878 2059
3 1894 1886 2059
3 1898 1894 2059
3 1908 1898 2059
3 1924 1908 2059
3 1933 1924 2059
3 1942 1933 2059
3 1951 1942 2059
3 1964 1951 2059
3 1975 1964 2059
3 1982 1975 2059
3 1990 1982 2059
3 2001 1990 2059
3 2011 2001 2059
3 2019 2011 2059
3 2025 2019 2059
3 2031 2025 2059
3 2037 2031 2059
3 2043 2037 2059
3 2049 2043 2059
3 2054 2049 2059
3 2377 2375 2373
3 2370 2377 2373
3 2365 2370 2373
3 2360 2365 2373
3 2355 2360 2373
3 2348 2355 2373
3 2338 2348 2373
3 2334 2338 2373
3 2330 2334 2373
3 2326 2330 2373
3 2318 2326 2373
3 2310 2318 2373
3 2306 2310 2373
3 2302 2306 2373
3 2290 2302 2373
3 2286 2290 2373
3 2276 2286 2373
3 2260 2276 2373
3 2251 2260 2373
3 2242 2251 2373
3 2234 2242 2373
3 2225 2234 2373
3 2212 2225 2373
3 2202 2212 2373
3 2193 2202 2373
3 2183 2193 2373
3 2172 2183 2373
3 2164 2172 2373
3 2158 2164 2373
3 2152 2158 2373
3 2146 2152 2373
3 2140 2146 2373
3 2134 2140 2373
3 2130 2134 2373
3 2125 2130 2373
3 2120 2125 2373
3 2123 2120 2373
3 2127 2123 2373
3 2132 2127 2373
3 2138 2132 2373
3 2144 2138 2373
3 2150 2144 2373
3 2156 2150 2373
3 2162 2156 2373
3 2170 2162 2373
3 2181 2170 2373
3 2191 2181 2373
3 2200 2191 2373
3 2210 2200 2373
3 2223 2210 2373
3 2232 2223 2373
3 2240 2232 2373
3 2249 2240 2373
3 2258 2249 2373
3 2274 2258 2373
3 2284 2274 2373
3 2288 2284 2373
3 2300 2288 2373
3 2304 2300 2373
3 2308 2304 2373
3 2316 2308 2373
3 2324 2316 2373
3 2328 2324 2373
3 2332 2328 2373
3 2336 2332 2373
3 2346 2336 2373
3 2353 2346 2373
3 2358 2353 2373
3 2363 2358 2373
3 2368 2363 2373
3 2385 1715 1734
3 2421 2385 1734
3 1716 1715 2385
3 2386 1716 2385
3 2422 2386 2385
3 2422 2385 2421
3 1735 2422 2421
3 1735 2421 1734
3 1735 1734 1715
3 1716 1735 1715
3 2386 1716 1735
3 2422 2386 1735
3 2387 1717 1736
3 2423 2387 1736
3 1718 1717 2387
3 2388 1718 2387
3 2424 2388 2387
3 2424 2387 2423
3 1737 2424 2423
3 1737 2423 1736
3 1737 1736 1717
3 1718 1737 1717
3 2388 1718 1737
3 2424 2388 1737
3 2389 1719 1738
3 2425 2389 1738
3 1720 1719 2389
3 2390 1720 2389
3 2426 2390 2389
3 2426 2389 2425
3 1739 2426 2425
3 1739 2425 1738
3 1739 1738 1719
3 1720 1739 1719
3 2390 1720 1739
3 2426 2390 1739
3 2393 1723 1740
3 2427 2393 1740
3 1724 1723 2393
3 2394 1724 2393
3 2428 2394 2393
3 2428 2393 2427
3 1741 2428 2427
3 1741 2427 1740
3 1741 1740 1723
3 1724 1741 1723
3 2394 1724 1741
3 2428 2394 1741
3 2395 1725 1742
3 2429 2395 1742
3 1726 1725 2395
3 2396 1726 2395
3 2430 2396 2395
3 2430 2395 2429
3 1743 2430 2429
3 1743 2429 1742
3 1743 1742 1725
3 1726 1743 1725
3 2396 1726 1743
3 2430 2396 1743
3 2397 1727 1744
3 2431 2397 1744
3 1728 1727 2397
3 2398 1728 2397
3 2432 2398 2397
3 2432 2397 2431
3 1745 2432 2431
3 1745 2431 1744
3 1745 1744 1727
3 1728 1745 1727
3 2398 1728 1745
3 2432 2398 1745
3 2110 2109 2112
3 2114 2110 2112
3 2115 2114 2112
3 2117 2115 2112
3 2118 2117 2112
3 2129 2118 2112
3 2137 2129 2112
3 2143 2137 2112
3 2149 2143 2112
3 2155 2149 2112
3 2160 2155 2112
3 2167 2160 2112
3 2168 2167 2112
3 2178 2168 2112
3 2189 2178 2112
3 2195 2189 2112
3 2198 2195 2112
3 2204 2198 2112
3 2214 2204 2112
3 2217 2214 2112
3 2227 2217 2112
3 2230 2227 2112
3 2236 2230 2112
3 2239 2236 2112
3 2245 2239 2112
3 2247 2245 2112
3 2254 2247 2112
3 2256 2254 2112
3 2262 2256 2112
3 2265 2262 2112
3 2267 2265 2112
3 2273 2267 2112
3 2278 2273 2112
3 2279 2278 2112
3 2282 2279 2112
3 2283 2282 2112
3 2111 2280 2281
3 2281 2283 2112
3 2111 2281 2112
3 1915 1916 1914
3 1917 1915 1914
3 1919 1917 1914
3 1920 1919 1914
3 1922 1920 1914
3 1928 1922 1914
3 1930 1928 1914
3 1932 1930 1914
3 1938 1932 1914
3 1941 1938 1914
3 1947 1941 1914
3 1949 1947 1914
3 1955 1949 1914
3 1962 1955 1914
3 1968 1962 1914
3 1974 1968 1914
3 1980 1974 1914
3 1987 1980 1914
3 1989 1987 1914
3 1999 1989 1914
3 2009 1999 1914
3 2015 2009 1914
3 2018 2015 1914
3 2024 2018 1914
3 2030 2024 1914
3 2036 2030 1914
3 2042 2036 1914
3 2048 2042 1914
3 2058 2048 1914
3 2067 2058 1914
3 2070 2067 1914
3 2076 2070 1914
3 2077 2076 1914
3 2078 2077 1914
3 2083 2078 1914
3 2079 2083 1914
3 1913 2080 2081
3 2081 2079 1914
3 1913 2081 1914
3 1754 1752 1756
3 1757 1754 1756
3 1759 1757 1756
3 1760 1759 1756
3 1761 1760 1756
3 1762 1761 1756
3 1764 1762 1756
3 1765 1764 1756
3 1766 1765 1756
3 1767 1766 1756
3 1768 1767 1756
3 1769 1768 1756
3 1770 1769 1756
3 1771 1770 1756
3 1776 1771 1756
3 1781 1776 1756
3 1782 1781 1756
3 1783 1782 1756
3 1784 1783 1756
3 1789 1784 1756
3 1790 1789 1756
3 1795 1790 1756
3 1796 1795 1756
3 1802 1796 1756
3 1803 1802 1756
3 1805 1803 1756
3 1806 1805 1756
3 1810 1806 1756
3 1824 1810 1756
3 1829 1824 1756
3 1830 1829 1756
3 1835 1830 1756
3 1836 1835 1756
3 1837 1836 1756
3 1842 1837 1756
3 1843 1842 1756
3 1755 1844 1845
3 1845 1843 1756
3 1755 1845 1756
3 2916 2915 2912
3 2918 2916 2912
3 2919 2918 2912
3 2921 2919 2912
3 2922 2921 2912
3 2934 2922 2912
3 2941 2934 2912
3 2947 2941 2912
3 2953 2947 2912
3 2960 2953 2912
3 2966 2960 2912
3 2972 2966 2912
3 2974 2972 2912
3 2983 2974 2912
3 2994 2983 2912
3 3000 2994 2912
3 3002 3000 2912
3 3009 3002 2912
3 3019 3009 2912
3 3021 3019 2912
3 3032 3021 2912
3 3034 3032 2912
3 3040 3034 2912
3 3044 3040 2912
3 3051 3044 2912
3 3053 3051 2912
3 3062 3053 2912
3 3064 3062 2912
3 3070 3064 2912
3 3074 3070 2912
3 3076 3074 2912
3 3082 3076 2912
3 3087 3082 2912
3 3088 3087 2912
3 3091 3088 2912
3 3092 3091 2912
3 2911 3089 3090
3 3090 3092 2912
3 2911 3090 2912
3 2698 2702 2700
3 2703 2698 2700
3 2705 2703 2700
3 2706 2705 2700
3 2709 2706 2700
3 2715 2709 2700
3 2718 2715 2700
3 2720 2718 2700
3 2727 2720 2700
3 2729 2727 2700
3 2736 2729 2700
3 2737 2736 2700
3 2743 2737 2700
3 2749 2743 2700
3 2755 2749 2700
3 2761 2755 2700
3 2769 2761 2700
3 2775 2769 2700
3 2777 2775 2700
3 2788 2777 2700
3 2798 2788 2700
3 2806 2798 2700
3 2808 2806 2700
3 2814 2808 2700
3 2820 2814 2700
3 2834 2820 2700
3 2841 2834 2700
3 2847 2841 2700
3 2862 2847 2700
3 2867 2862 2700
3 2870 2867 2700
3 2875 2870 2700
3 2877 2875 2700
3 2878 2877 2700
3 2882 2878 2700
3 2879 2882 2700
3 2699 2880 2881
3 2881 2879 2700
3 2699 2881 2700
3 2511 2510 2509
3 2512 2511 2509
3 2513 2512 2509
3 2514 2513 2509
3 2515 2514 2509
3 2516 2515 2509
3 2518 2516 2509
3 2519 2518 2509
3 2529 2519 2509
3 2530 2529 2509
3 2532 2530 2509
3 2533 2532 2509
3 2534 2533 2509
3 2535 2534 2509
3 2540 2535 2509
3 2546 2540 2509
3 2547 2546 2509
3 2551 2547 2509
3 2552 2551 2509
3 2557 2552 2509
3 2559 2557 2509
3 2565 2559 2509
3 2566 2565 2509
3 2571 2566 2509
3 2572 2571 2509
3 2573 2572 2509
3 2575 2573 2509
3 2579 2575 2509
3 2588 2579 2509
3 2598 2588 2509
3 2599 2598 2509
3 2604 2599 2509
3 2605 2604 2509
3 2607 2605 2509
3 2616 2607 2509
3 2617 2616 2509
3 2508 2612 2613
3 2613 2617 2509
3 2508 2613 2509
3 3757 3758 3756
3 3760 3757 3756
3 3761 3760 3756
3 3763 3761 3756
3 3764 3763 3756
3 3776 3764 3756
3 3782 3776 3756
3 3788 3782 3756
3 3795 3788 3756
3 3802 3795 3756
3 3808 3802 3756
3 3815 3808 3756
3 3816 3815 3756
3 3827 3816 3756
3 3838 3827 3756
3 3840 3838 3756
3 3847 3840 3756
3 3853 3847 3756
3 3864 3853 3756
3 3867 3864 3756
3 3877 3867 3756
3 3879 3877 3756
3 3886 3879 3756
3 3889 3886 3756
3 3896 3889 3756
3 3898 3896 3756
3 3904 3898 3756
3 3907 3904 3756
3 3913 3907 3756
3 3915 3913 3756
3 3919 3915 3756
3 3925 3919 3756
3 3930 3925 3756
3 3931 3930 3756
3 3937 3931 3756
3 3938 3937 3756
3 3755 3932 3933
3 3933 3938 3756
3 3755 3933 3756
3 3544 3547 3546
3 3550 3544 3546
3 3552 3550 3546
3 3554 3552 3546
3 3555 3554 3546
3 3561 3555 3546
3 3564 3561 3546
3 3566 3564 3546
3 3572 3566 3546
3 3574 3572 3546
3 3580 3574 3546
3 3582 3580 3546
3 3589 3582 3546
3 3595 3589 3546
3 3601 3595 3546
3 3607 3601 3546
3 3613 3607 3546
3 3619 3613 3546
3 3621 3619 3546
3 3639 3621 3546
3 3649 3639 3546
3 3656 3649 3546
3 3659 3656 3546
3 3666 3659 3546
3 3673 3666 3546
3 3680 3673 3546
3 3686 3680 3546
3 3694 3686 3546
3 3708 3694 3546
3 3713 3708 3546
3 3716 3713 3546
3 3721 3716 3546
3 3722 3721 3546
3 3724 3722 3546
3 3728 3724 3546
3 3725 3728 3546
3 3545 3726 3727
3 3727 3725 3546
3 3545 3727 3546
3 3374 3373 3372
3 3375 3374 3372
3 3376 3375 3372
3 3377 3376 3372
3 3378 3377 3372
3 3379 3378 3372
3 3381 3379 3372
3 3382 3381 3372
3 3383 3382 3372
3 3384 3383 3372
3 3386 3384 3372
3 3387 3386 3372
3 3388 3387 3372
3 3390 3388 3372
3 3395 3390 3372
3 3401 3395 3372
3 3402 3401 3372
3 3405 3402 3372
3 3406 3405 3372
3 3412 3406 3372
3 3414 3412 3372
3 3419 3414 3372
3 3425 3419 3372
3 3426 3425 3372
3 3428 3426 3372
3 3430 3428 3372
3 3431 3430 3372
3 3434 3431 3372
3 3443 3434 3372
3 3452 3443 3372
3 3453 3452 3372
3 3459 3453 3372
3 3460 3459 3372
3 3461 3460 3372
3 3469 3461 3372
3 3470 3469 3372
3 3371 3467 3468
3 3468 3470 3372
3 3371 3468 3372
3 4606 4610 4608
3 4611 4606 4608
3 4613 4611 4608
3 4614 4613 4608
3 4618 4614 4608
3 4631 4618 4608
3 4637 4631 4608
3 4644 4637 4608
3 4651 4644 4608
3 4657 4651 4608
3 4663 4657 4608
3 4669 4663 4608
3 4670 4669 4608
3 4680 4670 4608
3 4690 4680 4608
3 4693 4690 4608
3 4699 4693 4608
3 4705 4699 4608
3 4711 4705 4608
3 4717 4711 4608
3 4729 4717 4608
3 4732 4729 4608
3 4739 4732 4608
3 4742 4739 4608
3 4748 4742 4608
3 4751 4748 4608
3 4757 4751 4608
3 4759 4757 4608
3 4765 4759 4608
3 4775 4765 4608
3 4778 4775 4608
3 4784 4778 4608
3 4790 4784 4608
3 4791 4790 4608
3 4795 4791 4608
3 4792 4795 4608
3 4607 4793 4794
3 4794 4792 4608
3 4607 4794 4608
3 4393 4394 4392
3 4395 4393 4392
3 4397 4395 4392
3 4399 4397 4392
3 4400 4399 4392
3 4406 4400 4392
3 4408 4406 4392
3 4412 4408 4392
3 4419 4412 4392
3 4421 4419 4392
3 4428 4421 4392
3 4430 4428 4392
3 4437 4430 4392
3 4444 4437 4392
3 4450 4444 4392
3 4456 4450 4392
3 4462 4456 4392
3 4468 4462 4392
3 4470 4468 4392
3 4481 4470 4392
3 4493 4481 4392
3 4500 4493 4392
3 4504 4500 4392
3 4510 4504 4392
3 4517 4510 4392
3 4527 4517 4392
3 4534 4527 4392
3 4540 4534 4392
3 4554 4540 4392
3 4559 4554 4392
3 4561 4559 4392
3 4567 4561 4392
3 4568 4567 4392
3 4569 4568 4392
3 4576 4569 4392
3 4573 4576 4392
3 4391 4571 4572
3 4572 4573 4392
3 4391 4572 4392
3 4223 4226 4225
3 4228 4223 4225
3 4229 4228 4225
3 4230 4229 4225
3 4231 4230 4225
3 4233 4231 4225
3 4234 4233 4225
3 4236 4234 4225
3 4237 4236 4225
3 4238 4237 4225
3 4239 4238 4225
3 4240 4239 4225
3 4241 4240 4225
3 4243 4241 4225
3 4249 4243 4225
3 4255 4249 4225
3 4256 4255 4225
3 4257 4256 4225
3 4259 4257 4225
3 4265 4259 4225
3 4266 4265 4225
3 4271 4266 4225
3 4276 4271 4225
3 4277 4276 4225
3 4278 4277 4225
3 4279 4278 4225
3 4280 4279 4225
3 4287 4280 4225
3 4292 4287 4225
3 4297 4292 4225
3 4302 4297 4225
3 4307 4302 4225
3 4308 4307 4225
3 4310 4308 4225
3 4317 4310 4225
3 4318 4317 4225
3 4224 4315 4316
3 4316 4318 4225
3 4224 4316 4225
3 5468 5471 5470
3 5473 5468 5470
3 5475 5473 5470
3 5476 5475 5470
3 5478 5476 5470
3 5490 5478 5470
3 5496 5490 5470
3 5503 5496 5470
3 5509 5503 5470
3 5515 5509 5470
3 5521 5515 5470
3 5523 5521 5470
3 5530 5523 5470
3 5541 5530 5470
3 5560 5541 5470
3 5563 5560 5470
3 5569 5563 5470
3 5576 5569 5470
3 5586 5576 5470
3 5588 5586 5470
3 5598 5588 5470
3 5600 5598 5470
3 5606 5600 5470
3 5610 5606 5470
3 5616 5610 5470
3 5619 5616 5470
3 5625 5619 5470
3 5628 5625 5470
3 5634 5628 5470
3 5636 5634 5470
3 5639 5636 5470
3 5645 5639 5470
3 5650 5645 5470
3 5651 5650 5470
3 5655 5651 5470
3 5652 5655 5470
3 5469 5653 5654
3 5654 5652 5470
3 5469 5654 5470
3 5265 5264 5267
3 5269 5265 5267
3 5271 5269 5267
3 5273 5271 5267
3 5274 5273 5267
3 5281 5274 5267
3 5284 5281 5267
3 5286 5284 5267
3 5293 5286 5267
3 5295 5293 5267
3 5297 5295 5267
3 5303 5297 5267
3 5309 5303 5267
3 5315 5309 5267
3 5321 5315 5267
3 5329 5321 5267
3 5335 5329 5267
3 5342 5335 5267
3 5344 5342 5267
3 5356 5344 5267
3 5367 5356 5267
3 5373 5367 5267
3 5375 5373 5267
3 5382 5375 5267
3 5389 5382 5267
3 5396 5389 5267
3 5403 5396 5267
3 5409 5403 5267
3 5423 5409 5267
3 5428 5423 5267
3 5430 5428 5267
3 5436 5430 5267
3 5437 5436 5267
3 5438 5437 5267
3 5439 5438 5267
3 5440 5439 5267
3 5266 5441 5442
3 5442 5440 5267
3 5266 5442 5267
3 5082 5083 5081
3 5084 5082 5081
3 5086 5084 5081
3 5088 5086 5081
3 5089 5088 5081
3 5091 5089 5081
3 5092 5091 5081
3 5094 5092 5081
3 5095 5094 5081
3 5097 5095 5081
3 5099 5097 5081
3 5100 5099 5081
3 5102 5100 5081
3 5103 5102 5081
3 5108 5103 5081
3 5110 5108 5081
3 5116 5110 5081
3 5118 5116 5081
3 5120 5118 5081
3 5125 5120 5081
3 5126 5125 5081
3 5133 5126 5081
3 5139 5133 5081
3 5142 5139 5081
3 5143 5142 5081
3 5144 5143 5081
3 5146 5144 5081
3 5147 5146 5081
3 5158 5147 5081
3 5164 5158 5081
3 5169 5164 5081
3 5174 5169 5081
3 5175 5174 5081
3 5176 5175 5081
3 5186 5176 5081
3 5183 5186 5081
3 5080 5184 5185
3 5185 5183 5081
3 5080 5185 5081
3 6323 6324 6322
3 6325 6323 6322
3 6327 6325 6322
3 6328 6327 6322
3 6330 6328 6322
3 6343 6330 6322
3 6349 6343 6322
3 6355 6349 6322
3 6361 6355 6322
3 6369 6361 6322
3 6375 6369 6322
3 6376 6375 6322
3 6382 6376 6322
3 6394 6382 6322
3 6405 6394 6322
3 6407 6405 6322
3 6413 6407 6322
3 6419 6413 6322
3 6429 6419 6322
3 6431 6429 6322
3 6441 6431 6322
3 6443 6441 6322
3 6451 6443 6322
3 6454 6451 6322
3 6460 6454 6322
3 6462 6460 6322
3 6469 6462 6322
3 6471 6469 6322
3 6477 6471 6322
3 6480 6477 6322
3 6486 6480 6322
3 6496 6486 6322
3 6501 6496 6322
3 6502 6501 6322
3 6509 6502 6322
3 6503 6509 6322
3 6321 6504 6505
3 6505 6503 6322
3 6321 6505 6322
3 6112 6111 6114
3 6115 6112 6114
3 6117 6115 6114
3 6119 6117 6114
3 6120 6119 6114
3 6122 6120 6114
3 6129 6122 6114
3 6131 6129 6114
3 6137 6131 6114
3 6139 6137 6114
3 6140 6139 6114
3 6146 6140 6114
3 6154 6146 6114
3 6160 6154 6114
3 6168 6160 6114
3 6176 6168 6114
3 6183 6176 6114
3 6189 6183 6114
3 6191 6189 6114
3 6202 6191 6114
3 6214 6202 6114
3 6221 6214 6114
3 6223 6221 6114
3 6230 6223 6114
3 6237 6230 6114
3 6244 6237 6114
3 6250 6244 6114
3 6257 6250 6114
3 6271 6257 6114
3 6276 6271 6114
3 6278 6276 6114
3 6284 6278 6114
3 6285 6284 6114
3 6287 6285 6114
3 6288 6287 6114
3 6289 6288 6114
3 6113 6290 6291
3 6291 6289 6114
3 6113 6291 6114
3 5935 5936 5934
3 5937 5935 5934
3 5938 5937 5934
3 5941 5938 5934
3 5942 5941 5934
3 5944 5942 5934
3 5945 5944 5934
3 5947 5945 5934
3 5949 5947 5934
3 5950 5949 5934
3 5951 5950 5934
3 5953 5951 5934
3 5956 5953 5934
3 5957 5956 5934
3 5964 5957 5934
3 5965 5964 5934
3 5971 5965 5934
3 5972 5971 5934
3 5973 5972 5934
3 5978 5973 5934
3 5979 5978 5934
3 5984 5979 5934
3 5991 5984 5934
3 5993 5991 5934
3 5995 5993 5934
3 5997 5995 5934
3 5998 5997 5934
3 6000 5998 5934
3 6011 6000 5934
3 6016 6011 5934
3 6021 6016 5934
3 6027 6021 5934
3 6028 6027 5934
3 6029 6028 5934
3 6037 6029 5934
3 6034 6037 5934
3 5933 6035 6036
3 6036 6034 5934
3 5933 6036 5934
3 7216 7215 7214
3 7218 7216 7214
3 7219 7218 7214
3 7221 7219 7214
3 7222 7221 7214
3 7236 7222 7214
3 7242 7236 7214
3 7248 7242 7214
3 7256 7248 7214
3 7262 7256 7214
3 7268 7262 7214
3 7274 7268 7214
3 7277 7274 7214
3 7288 7277 7214
3 7299 7288 7214
3 7305 7299 7214
3 7308 7305 7214
3 7319 7308 7214
3 7329 7319 7214
3 7332 7329 7214
3 7344 7332 7214
3 7348 7344 7214
3 7355 7348 7214
3 7358 7355 7214
3 7364 7358 7214
3 7366 7364 7214
3 7374 7366 7214
3 7376 7374 7214
3 7383 7376 7214
3 7387 7383 7214
3 7389 7387 7214
3 7395 7389 7214
3 7401 7395 7214
3 7402 7401 7214
3 7405 7402 7214
3 7406 7405 7214
3 7213 7403 7404
3 7404 7406 7214
3 7213 7404 7214
3 6996 6997 6995
3 6998 6996 6995
3 7000 6998 6995
3 7001 7000 6995
3 7003 7001 6995
3 7009 7003 6995
3 7013 7009 6995
3 7015 7013 6995
3 7021 7015 6995
3 7024 7021 6995
3 7030 7024 6995
3 7038 7030 6995
3 7044 7038 6995
3 7050 7044 6995
3 7057 7050 6995
3 7063 7057 6995
3 7069 7063 6995
3 7076 7069 6995
3 7078 7076 6995
3 7088 7078 6995
3 7098 7088 6995
3 7106 7098 6995
3 7109 7106 6995
3 7116 7109 6995
3 7124 7116 6995
3 7131 7124 6995
3 7137 7131 6995
3 7143 7137 6995
3 7158 7143 6995
3 7163 7158 6995
3 7170 7163 6995
3 7176 7170 6995
3 7177 7176 6995
3 7178 7177 6995
3 7183 7178 6995
3 7179 7183 6995
3 6994 7180 7181
3 7181 7179 6995
3 6994 7181 6995
3 6813 6811 6808
3 6814 6813 6808
3 6818 6814 6808
3 6819 6818 6808
3 6820 6819 6808
3 6821 6820 6808
3 6823 6821 6808
3 6827 6823 6808
3 6830 6827 6808
3 6831 6830 6808
3 6832 6831 6808
3 6833 6832 6808
3 6834 6833 6808
3 6836 6834 6808
3 6841 6836 6808
3 6846 6841 6808
3 6849 6846 6808
3 6850 6849 6808
3 6853 6850 6808
3 6858 6853 6808
3 6860 6858 6808
3 6867 6860 6808
3 6868 6867 6808
3 6874 6868 6808
3 6875 6874 6808
3 6878 6875 6808
3 6880 6878 6808
3 6883 6880 6808
3 6893 6883 6808
3 6902 6893 6808
3 6903 6902 6808
3 6908 6903 6808
3 6909 6908 6808
3 6910 6909 6808
3 6917 6910 6808
3 6918 6917 6808
3 6807 6915 6916
3 6916 6918 6808
3 6807 6916 6808
3 2689 2686 2688
3 2690 2689 2688
3 2691 2690 2688
3 2697 2691 2688
3 2704 2697 2688
3 2708 2704 2688
3 2710 2708 2688
3 2717 2710 2688
3 2719 2717 2688
3 2726 2719 2688
3 2728 2726 2688
3 2735 2728 2688
3 2738 2735 2688
3 2744 2738 2688
3 2750 2744 2688
3 2756 2750 2688
3 2763 2756 2688
3 2770 2763 2688
3 2776 2770 2688
3 2782 2776 2688
3 2789 2782 2688
3 2799 2789 2688
3 2805 2799 2688
3 2807 2805 2688
3 2813 2807 2688
3 2819 2813 2688
3 2833 2819 2688
3 2839 2833 2688
3 2846 2839 2688
3 2853 2846 2688
3 2865 2853 2688
3 2866 2865 2688
3 2868 2866 2688
3 2869 2868 2688
3 2874 2869 2688
3 2871 2874 2688
3 2687 2872 2873
3 2873 2871 2688
3 2687 2873 2688
3 4380 4379 4382
3 4383 4380 4382
3 4384 4383 4382
3 4389 4384 4382
3 4396 4389 4382
3 4398 4396 4382
3 4401 4398 4382
3 4407 4401 4382
3 4410 4407 4382
3 4418 4410 4382
3 4420 4418 4382
3 4427 4420 4382
3 4431 4427 4382
3 4439 4431 4382
3 4445 4439 4382
3 4451 4445 4382
3 4457 4451 4382
3 4463 4457 4382
3 4469 4463 4382
3 4471 4469 4382
3 4482 4471 4382
3 4494 4482 4382
3 4501 4494 4382
3 4503 4501 4382
3 4511 4503 4382
3 4516 4511 4382
3 4522 4516 4382
3 4533 4522 4382
3 4539 4533 4382
3 4545 4539 4382
3 4557 4545 4382
3 4558 4557 4382
3 4560 4558 4382
3 4562 4560 4382
3 4565 4562 4382
3 4566 4565 4382
3 4381 4563 4564
3 4564 4566 4382
3 4381 4564 4382
3 6102 6103 6101
3 6104 6102 6101
3 6105 6104 6101
3 6110 6105 6101
3 6116 6110 6101
3 6118 6116 6101
3 6121 6118 6101
3 6128 6121 6101
3 6130 6128 6101
3 6136 6130 6101
3 6138 6136 6101
3 6145 6138 6101
3 6148 6145 6101
3 6155 6148 6101
3 6161 6155 6101
3 6169 6161 6101
3 6177 6169 6101
3 6184 6177 6101
3 6190 6184 6101
3 6192 6190 6101
3 6203 6192 6101
3 6215 6203 6101
3 6222 6215 6101
3 6224 6222 6101
3 6229 6224 6101
3 6236 6229 6101
3 6243 6236 6101
3 6249 6243 6101
3 6256 6249 6101
3 6262 6256 6101
3 6274 6262 6101
3 6275 6274 6101
3 6277 6275 6101
3 6279 6277 6101
3 6282 6279 6101
3 6283 6282 6101
3 6100 6280 6281
3 6281 6283 6101
3 6100 6281 6101
3 7470 7469 7472
3 7477 7470 7472
3 7478 7477 7472
3 7479 7478 7472
3 7484 7479 7472
3 7485 7484 7472
3 7494 7485 7472
3 7499 7494 7472
3 7506 7499 7472
3 7508 7506 7472
3 7509 7508 7472
3 7511 7509 7472
3 7517 7511 7472
3 7539 7517 7472
3 7540 7539 7472
3 7541 7540 7472
3 7543 7541 7472
3 7544 7543 7472
3 7550 7544 7472
3 7552 7550 7472
3 7554 7552 7472
3 7555 7554 7472
3 7564 7555 7472
3 7565 7564 7472
3 7566 7565 7472
3 7567 7566 7472
3 7581 7567 7472
3 7582 7581 7472
3 7583 7582 7472
3 7584 7583 7472
3 7585 7584 7472
3 7586 7585 7472
3 7587 7586 7472
3 7588 7587 7472
3 7589 7588 7472
3 7590 7589 7472
3 7471 7591 7592
3 7592 7590 7472
3 7471 7592 7472
3 3161 3160 3163
3 3168 3161 3163
3 3169 3168 3163
3 3170 3169 3163
3 3175 3170 3163
3 3176 3175 3163
3 3185 3176 3163
3 3190 3185 3163
3 3197 3190 3163
3 3198 3197 3163
3 3199 3198 3163
3 3200 3199 3163
3 3205 3200 3163
3 3226 3205 3163
3 3227 3226 3163
3 3228 3227 3163
3 3229 3228 3163
3 3232 3229 3163
3 3237 3232 3163
3 3238 3237 3163
3 3239 3238 3163
3 3240 3239 3163
3 3243 3240 3163
3 3244 3243 3163
3 3245 3244 3163
3 3246 3245 3163
3 3259 3246 3163
3 3260 3259 3163
3 3261 3260 3163
3 3262 3261 3163
3 3263 3262 3163
3 3264 3263 3163
3 3265 3264 3163
3 3267 3265 3163
3 3268 3267 3163
3 3269 3268 3163
3 3162 3270 3271
3 3271 3269 3163
3 3162 3271 3163
3 4864 4863 4862
3 4869 4864 4862
3 4870 4869 4862
3 4873 4870 4862
3 4878 4873 4862
3 4879 4878 4862
3 4884 4879 4862
3 4897 4884 4862
3 4900 4897 4862
3 4901 4900 4862
3 4903 4901 4862
3 4906 4903 4862
3 4911 4906 4862
3 4932 4911 4862
3 4934 4932 4862
3 4935 4934 4862
3 4936 4935 4862
3 4937 4936 4862
3 4942 4937 4862
3 4943 4942 4862
3 4944 4943 4862
3 4948 4944 4862
3 4950 4948 4862
3 4951 4950 4862
3 4952 4951 4862
3 4953 4952 4862
3 4966 4953 4862
3 4970 4966 4862
3 4972 4970 4862
3 4974 4972 4862
3 4975 4974 4862
3 4976 4975 4862
3 4977 4976 4862
3 4978 4977 4862
3 4981 4978 4862
3 4982 4981 4862
3 4861 4979 4980
3 4980 4982 4862
3 4861 4980 4862
3 6571 6572 6570
3 6573 6571 6570
3 6581 6573 6570
3 6582 6581 6570
3 6587 6582 6570
3 6588 6587 6570
3 6593 6588 6570
3 6607 6593 6570
3 6610 6607 6570
3 6611 6610 6570
3 6613 6611 6570
3 6614 6613 6570
3 6615 6614 6570
3 6640 6615 6570
3 6641 6640 6570
3 6642 6641 6570
3 6644 6642 6570
3 6646 6644 6570
3 6647 6646 6570
3 6652 6647 6570
3 6653 6652 6570
3 6655 6653 6570
3 6656 6655 6570
3 6657 6656 6570
3 6658 6657 6570
3 6659 6658 6570
3 6672 6659 6570
3 6673 6672 6570
3 6676 6673 6570
3 6677 6676 6570
3 6678 6677 6570
3 6679 6678 6570
3 6680 6679 6570
3 6681 6680 6570
3 6685 6681 6570
3 6682 6685 6570
3 6569 6683 6684
3 6684 6682 6570
3 6569 6684 6570
3 6984 6983 6986
3 6987 6984 6986
3 6988 6987 6986
3 6993 6988 6986
3 6999 6993 6986
3 7002 6999 6986
3 7004 7002 6986
3 7011 7004 6986
3 7014 7011 6986
3 7020 7014 6986
3 7023 7020 6986
3 7029 7023 6986
3 7039 7029 6986
3 7045 7039 6986
3 7051 7045 6986
3 7058 7051 6986
3 7064 7058 6986
3 7070 7064 6986
3 7077 7070 6986
3 7083 7077 6986
3 7089 7083 6986
3 7099 7089 6986
3 7105 7099 6986
3 7107 7105 6986
3 7115 7107 6986
3 7123 7115 6986
3 7130 7123 6986
3 7136 7130 6986
3 7142 7136 6986
3 7148 7142 6986
3 7161 7148 6986
3 7162 7161 6986
3 7166 7162 6986
3 7168 7166 6986
3 7174 7168 6986
3 7171 7174 6986
3 6985 7172 7173
3 7173 7171 6986
3 6985 7173 6986
3 3748 3751 3750
3 3752 3748 3750
3 3753 3752 3750
3 3754 3753 3750
3 3759 3754 3750
3 3762 3759 3750
3 3767 3762 3750
3 3781 3767 3750
3 3787 3781 3750
3 3794 3787 3750
3 3801 3794 3750
3 3807 3801 3750
3 3814 3807 3750
3 3818 3814 3750
3 3828 3818 3750
3 3839 3828 3750
3 3845 3839 3750
3 3848 3845 3750
3 3854 3848 3750
3 3865 3854 3750
3 3868 3865 3750
3 3878 3868 3750
3 3880 3878 3750
3 3887 3880 3750
3 3888 3887 3750
3 3894 3888 3750
3 3897 3894 3750
3 3903 3897 3750
3 3906 3903 3750
3 3908 3906 3750
3 3914 3908 3750
3 3917 3914 3750
3 3918 3917 3750
3 3920 3918 3750
3 3924 3920 3750
3 3921 3924 3750
3 3749 3922 3923
3 3923 3921 3750
3 3749 3923 3750
3 4004 4003 4002
3 4009 4004 4002
3 4010 4009 4002
3 4011 4010 4002
3 4017 4011 4002
3 4018 4017 4002
3 4027 4018 4002
3 4036 4027 4002
3 4039 4036 4002
3 4040 4039 4002
3 4041 4040 4002
3 4043 4041 4002
3 4048 4043 4002
3 4069 4048 4002
3 4070 4069 4002
3 4072 4070 4002
3 4073 4072 4002
3 4074 4073 4002
3 4080 4074 4002
3 4081 4080 4002
3 4083 4081 4002
3 4085 4083 4002
3 4087 4085 4002
3 4089 4087 4002
3 4090 4089 4002
3 4091 4090 4002
3 4104 4091 4002
3 4105 4104 4002
3 4106 4105 4002
3 4107 4106 4002
3 4108 4107 4002
3 4109 4108 4002
3 4110 4109 4002
3 4111 4110 4002
3 4114 4111 4002
3 4115 4114 4002
3 4001 4112 4113
3 4113 4115 4002
3 4001 4113 4002
3 5254 5255 5253
3 5256 5254 5253
3 5257 5256 5253
3 5263 5257 5253
3 5270 5263 5253
3 5272 5270 5253
3 5275 5272 5253
3 5283 5275 5253
3 5285 5283 5253
3 5292 5285 5253
3 5294 5292 5253
3 5302 5294 5253
3 5304 5302 5253
3 5310 5304 5253
3 5316 5310 5253
3 5323 5316 5253
3 5330 5323 5253
3 5337 5330 5253
3 5343 5337 5253
3 5345 5343 5253
3 5357 5345 5253
3 5368 5357 5253
3 5374 5368 5253
3 5376 5374 5253
3 5383 5376 5253
3 5388 5383 5253
3 5395 5388 5253
3 5402 5395 5253
3 5408 5402 5253
3 5414 5408 5253
3 5426 5414 5253
3 5427 5426 5253
3 5429 5427 5253
3 5431 5429 5253
3 5434 5431 5253
3 5435 5434 5253
3 5252 5432 5433
3 5433 5435 5253
3 5252 5433 5253
3 1902 1905 1904
3 1906 1902 1904
3 1907 1906 1904
3 1912 1907 1904
3 1918 1912 1904
3 1921 1918 1904
3 1923 1921 1904
3 1929 1923 1904
3 1931 1929 1904
3 1937 1931 1904
3 1940 1937 1904
3 1946 1940 1904
3 1950 1946 1904
3 1957 1950 1904
3 1963 1957 1904
3 1969 1963 1904
3 1977 1969 1904
3 1981 1977 1904
3 1988 1981 1904
3 1994 1988 1904
3 2000 1994 1904
3 2010 2000 1904
3 2016 2010 1904
3 2017 2016 1904
3 2023 2017 1904
3 2029 2023 1904
3 2035 2029 1904
3 2041 2035 1904
3 2047 2041 1904
3 2053 2047 1904
3 2065 2053 1904
3 2066 2065 1904
3 2069 2066 1904
3 2071 2069 1904
3 2075 2071 1904
3 2072 2075 1904
3 1903 2073 2074
3 2074 2072 1904
3 1903 2074 1904
3 2102 2103 2101
3 2104 2102 2101
3 2105 2104 2101
3 2106 2105 2101
3 2113 2106 2101
3 2116 2113 2101
3 2122 2116 2101
3 2136 2122 2101
3 2142 2136 2101
3 2148 2142 2101
3 2154 2148 2101
3 2161 2154 2101
3 2166 2161 2101
3 2169 2166 2101
3 2180 2169 2101
3 2190 2180 2101
3 2197 2190 2101
3 2199 2197 2101
3 2205 2199 2101
3 2216 2205 2101
3 2222 2216 2101
3 2229 2222 2101
3 2231 2229 2101
3 2237 2231 2101
3 2238 2237 2101
3 2244 2238 2101
3 2246 2244 2101
3 2253 2246 2101
3 2255 2253 2101
3 2257 2255 2101
3 2263 2257 2101
3 2264 2263 2101
3 2266 2264 2101
3 2268 2266 2101
3 2272 2268 2101
3 2269 2272 2101
3 2100 2270 2271
3 2271 2269 2101
3 2100 2271 2101
3 2345 2342 2344
3 2350 2345 2344
3 2351 2350 2344
3 2352 2351 2344
3 2357 2352 2344
3 2362 2357 2344
3 2367 2362 2344
3 2372 2367 2344
3 2379 2372 2344
3 2380 2379 2344
3 2381 2380 2344
3 2382 2381 2344
3 2383 2382 2344
3 2404 2383 2344
3 2405 2404 2344
3 2406 2405 2344
3 2407 2406 2344
3 2408 2407 2344
3 2413 2408 2344
3 2414 2413 2344
3 2415 2414 2344
3 2416 2415 2344
3 2417 2416 2344
3 2418 2417 2344
3 2419 2418 2344
3 2420 2419 2344
3 2433 2420 2344
3 2434 2433 2344
3 2435 2434 2344
3 2436 2435 2344
3 2437 2436 2344
3 2438 2437 2344
3 2439 2438 2344
3 2440 2439 2344
3 2444 2440 2344
3 2441 2444 2344
3 2343 2442 2443
3 2443 2441 2344
3 2343 2443 2344
3 3536 3533 3535
3 3537 3536 3535
3 3538 3537 3535
3 3543 3538 3535
3 3551 3543 3535
3 3553 3551 3535
3 3556 3553 3535
3 3563 3556 3535
3 3565 3563 3535
3 3571 3565 3535
3 3573 3571 3535
3 3579 3573 3535
3 3584 3579 3535
3 3590 3584 3535
3 3596 3590 3535
3 3602 3596 3535
3 3608 3602 3535
3 3614 3608 3535
3 3620 3614 3535
3 3622 3620 3535
3 3640 3622 3535
3 3650 3640 3535
3 3655 3650 3535
3 3658 3655 3535
3 3665 3658 3535
3 3672 3665 3535
3 3679 3672 3535
3 3685 3679 3535
3 3692 3685 3535
3 3699 3692 3535
3 3711 3699 3535
3 3712 3711 3535
3 3714 3712 3535
3 3715 3714 3535
3 3717 3715 3535
3 3718 3717 3535
3 3534 3719 3720
3 3720 3718 3535
3 3534 3720 3535
3 5463 5464 5462
3 5465 5463 5462
3 5466 5465 5462
3 5467 5466 5462
3 5474 5467 5462
3 5477 5474 5462
3 5485 5477 5462
3 5495 5485 5462
3 5501 5495 5462
3 5508 5501 5462
3 5514 5508 5462
3 5520 5514 5462
3 5528 5520 5462
3 5531 5528 5462
3 5542 5531 5462
3 5561 5542 5462
3 5568 5561 5462
3 5570 5568 5462
3 5577 5570 5462
3 5587 5577 5462
3 5589 5587 5462
3 5599 5589 5462
3 5601 5599 5462
3 5608 5601 5462
3 5609 5608 5462
3 5615 5609 5462
3 5618 5615 5462
3 5624 5618 5462
3 5627 5624 5462
3 5629 5627 5462
3 5635 5629 5462
3 5637 5635 5462
3 5638 5637 5462
3 5640 5638 5462
3 5644 5640 5462
3 5641 5644 5462
3 5461 5642 5643
3 5643 5641 5462
3 5461 5643 5462
3 5718 5721 5720
3 5723 5718 5720
3 5728 5723 5720
3 5729 5728 5720
3 5735 5729 5720
3 5736 5735 5720
3 5741 5736 5720
3 5754 5741 5720
3 5757 5754 5720
3 5758 5757 5720
3 5759 5758 5720
3 5760 5759 5720
3 5762 5760 5720
3 5788 5762 5720
3 5789 5788 5720
3 5790 5789 5720
3 5792 5790 5720
3 5793 5792 5720
3 5795 5793 5720
3 5800 5795 5720
3 5801 5800 5720
3 5802 5801 5720
3 5803 5802 5720
3 5804 5803 5720
3 5805 5804 5720
3 5806 5805 5720
3 5819 5806 5720
3 5820 5819 5720
3 5822 5820 5720
3 5823 5822 5720
3 5825 5823 5720
3 5826 5825 5720
3 5827 5826 5720
3 5828 5827 5720
3 5831 5828 5720
3 5832 5831 5720
3 5719 5829 5830
3 5830 5832 5720
3 5719 5830 5720
3 6315 6314 6317
3 6318 6315 6317
3 6319 6318 6317
3 6320 6319 6317
3 6326 6320 6317
3 6329 6326 6317
3 6338 6329 6317
3 6348 6338 6317
3 6354 6348 6317
3 6360 6354 6317
3 6368 6360 6317
3 6374 6368 6317
3 6381 6374 6317
3 6384 6381 6317
3 6395 6384 6317
3 6406 6395 6317
3 6412 6406 6317
3 6414 6412 6317
3 6420 6414 6317
3 6430 6420 6317
3 6432 6430 6317
3 6442 6432 6317
3 6444 6442 6317
3 6450 6444 6317
3 6453 6450 6317
3 6459 6453 6317
3 6461 6459 6317
3 6468 6461 6317
3 6470 6468 6317
3 6472 6470 6317
3 6478 6472 6317
3 6479 6478 6317
3 6481 6479 6317
3 6487 6481 6317
3 6491 6487 6317
3 6488 6491 6317
3 6316 6489 6490
3 6490 6488 6317
3 6316 6490 6317
3 2906 2907 2905
3 2908 2906 2905
3 2909 2908 2905
3 2910 2909 2905
3 2917 2910 2905
3 2920 2917 2905
3 2925 2920 2905
3 2939 2925 2905
3 2946 2939 2905
3 2952 2946 2905
3 2959 2952 2905
3 2965 2959 2905
3 2971 2965 2905
3 2973 2971 2905
3 2984 2973 2905
3 2995 2984 2905
3 3001 2995 2905
3 3003 3001 2905
3 3010 3003 2905
3 3020 3010 2905
3 3022 3020 2905
3 3033 3022 2905
3 3035 3033 2905
3 3042 3035 2905
3 3043 3042 2905
3 3050 3043 2905
3 3052 3050 2905
3 3059 3052 2905
3 3063 3059 2905
3 3065 3063 2905
3 3071 3065 2905
3 3073 3071 2905
3 3075 3073 2905
3 3077 3075 2905
3 3081 3077 2905
3 3078 3081 2905
3 2904 3079 3080
3 3080 3078 2905
3 2904 3080 2905
3 7208 7209 7207
3 7210 7208 7207
3 7211 7210 7207
3 7212 7211 7207
3 7217 7212 7207
3 7220 7217 7207
3 7226 7220 7207
3 7241 7226 7207
3 7247 7241 7207
3 7255 7247 7207
3 7261 7255 7207
3 7267 7261 7207
3 7273 7267 7207
3 7276 7273 7207
3 7290 7276 7207
3 7300 7290 7207
3 7307 7300 7207
3 7313 7307 7207
3 7320 7313 7207
3 7331 7320 7207
3 7337 7331 7207
3 7346 7337 7207
3 7349 7346 7207
3 7356 7349 7207
3 7357 7356 7207
3 7363 7357 7207
3 7365 7363 7207
3 7373 7365 7207
3 7375 7373 7207
3 7377 7375 7207
3 7384 7377 7207
3 7386 7384 7207
3 7388 7386 7207
3 7390 7388 7207
3 7394 7390 7207
3 7393 7394 7207
3 7206 7391 7392
3 7392 7393 7207
3 7206 7392 7207
3 4601 4602 4600
3 4603 4601 4600
3 4604 4603 4600
3 4605 4604 4600
3 4612 4605 4600
3 4616 4612 4600
3 4621 4616 4600
3 4636 4621 4600
3 4643 4636 4600
3 4650 4643 4600
3 4656 4650 4600
3 4662 4656 4600
3 4668 4662 4600
3 4671 4668 4600
3 4681 4671 4600
3 4692 4681 4600
3 4698 4692 4600
3 4700 4698 4600
3 4706 4700 4600
3 4716 4706 4600
3 4719 4716 4600
3 4730 4719 4600
3 4733 4730 4600
3 4740 4733 4600
3 4741 4740 4600
3 4747 4741 4600
3 4750 4747 4600
3 4756 4750 4600
3 4758 4756 4600
3 4760 4758 4600
3 4766 4760 4600
3 4776 4766 4600
3 4777 4776 4600
3 4779 4777 4600
3 4783 4779 4600
3 4780 4783 4600
3 4599 4781 4782
3 4782 4780 4600
3 4599 4782 4600
3 5987 5988 6706
3 5987 6706 6705
3 5989 6707 6706
3 5989 6706 5988
3 7683 7684 1705
3 1704 7683 1705
3 6870 7607 7608
3 6871 6870 7608
3 7608 7609 6872
3 6871 7608 6872
3 6872 7609 7610
3 6873 6872 7610
3 1800 2452 2453
3 1801 1800 2453
3 1799 2451 2450
3 1799 2450 1798
3 5986 6704 6705
3 5987 5986 6705
3 5134 5845 5846
3 5135 5134 5846
3 5846 5847 5136
3 5135 5846 5136
3 5136 5847 5848
3 5137 5136 5848
3 4274 4996 4997
3 4275 4274 4997
3 4995 4996 4274
3 4273 4995 4274
3 4272 4994 4995
3 4273 4272 4995
3 3421 4131 4132
3 3422 3421 4132
3 4132 4133 3423
3 3422 4132 3423
3 2569 3280 3281
3 2570 2569 3281
3 3279 3280 2569
3 2568 3279 2569
3 3423 4133 4134
3 3424 3423 4134
3 2567 3278 3279
3 2568 2567 3279
3 1799 1800 2452
3 1799 2452 2451
3 2377 2375 2373
3 2370 2377 2373
3 2365 2370 2373
3 2360 2365 2373
3 2355 2360 2373
3 2348 2355 2373
3 2338 2348 2373
3 2334 2338 2373
3 2330 2334 2373
3 2326 2330 2373
3 2318 2326 2373
3 2310 2318 2373
3 2306 2310 2373
3 2302 2306 2373
3 2290 2302 2373
3 2286 2290 2373
3 2276 2286 2373
3 2260 2276 2373
3 2251 2260 2373
3 2242 2251 2373
3 2234 2242 2373
3 2225 2234 2373
3 2212 2225 2373
3 2202 2212 2373
3 2193 2202 2373
3 2183 2193 2373
3 2172 2183 2373
3 2164 2172 2373
3 2158 2164 2373
3 2152 2158 2373
3 2146 2152 2373
3 2140 2146 2373
3 2134 2140 2373
3 2130 2134 2373
3 2125 2130 2373
3 2120 2125 2373
3 2123 2120 2373
3 2127 2123 2373
3 2132 2127 2373
3 2138 2132 2373
3 2144 2138 2373
3 2150 2144 2373
3 2156 2150 2373
3 2162 2156 2373
3 2170 2162 2373
3 2181 2170 2373
3 2191 2181 2373
3 2200 2191 2373
3 2210 2200 2373
3 2223 2210 2373
3 2232 2223 2373
3 2240 2232 2373
3 2249 2240 2373
3 2258 2249 2373
3 2274 2258 2373
3 2284 2274 2373
3 2288 2284 2373
3 2300 2288 2373
3 2304 2300 2373
3 2308 2304 2373
3 2316 2308 2373
3 2324 2316 2373
3 2328 2324 2373
3 2332 2328 2373
3 2336 2332 2373
3 2346 2336 2373
3 2353 2346 2373
3 2358 2353 2373
3 2363 2358 2373
3 2368 2363 2373
3 2378 2376 2375
3 2378 2375 2377
3 2371 2378 2377
3 2371 2377 2370
3 2366 2371 2370
3 2366 2370 2365
3 2361 2366 2365
3 2361 2365 2360
3 2356 2361 2360
3 2356 2360 2355
3 2349 2356 2355
3 2349 2355 2348
3 2339 2349 2348
3 2339 2348 2338
3 2335 2339 2338
3 2335 2338 2334
3 2331 2335 2334
3 2331 2334 2330
3 2331 2330 2326
3 2327 2331 2326
3 2327 2326 2318
3 2319 2327 2318
3 2319 2318 2310
3 2311 2319 2310
3 2311 2310 2306
3 2307 2311 2306
3 2307 2306 2302
3 2303 2307 2302
3 2303 2302 2290
3 2291 2303 2290
3 2291 2290 2286
3 2287 2291 2286
3 2287 2286 2276
3 2277 2287 2276
3 2277 2276 2260
3 2261 2277 2260
3 2261 2260 2251
3 2252 2261 2251
3 2252 2251 2242
3 2243 2252 2242
3 2243 2242 2234
3 2235 2243 2234
3 2235 2234 2225
3 2226 2235 2225
3 2226 2225 2212
3 2213 2226 2212
3 2213 2212 2202
3 2203 2213 2202
3 2203 2202 2193
3 2194 2203 2193
3 2194 2193 2183
3 2184 2194 2183
3 2184 2183 2172
3 2173 2184 2172
3 2173 2172 2164
3 2165 2173 2164
3 2165 2164 2158
3 2159 2165 2158
3 2159 2158 2152
3 2153 2159 2152
3 2153 2152 2146
3 2147 2153 2146
3 2147 2146 2140
3 2141 2147 2140
3 2141 2140 2134
3 2135 2141 2134
3 2135 2134 2130
3 2131 2135 2130
3 2131 2130 2125
3 2126 2131 2125
3 2126 2125 2120
3 2121 2126 2120
3 2121 2120 2123
3 2124 2121 2123
3 2124 2123 2127
3 2128 2124 2127
3 2128 2127 2132
3 2133 2128 2132
3 2133 2132 2138
3 2139 2133 2138
3 2139 2138 2144
3 2145 2139 2144
3 2145 2144 2150
3 2151 2145 2150
3 2151 2150 2156
3 2157 2151 2156
3 2157 2156 2162
3 2163 2157 2162
3 2163 2162 2170
3 2171 2163 2170
3 2182 2171 2170
3 2182 2170 2181
3 2192 2182 2181
3 2192 2181 2191
3 2201 2192 2191
3 2201 2191 2200
3 2211 2201 2200
3 2211 2200 2210
3 2224 2211 2210
3 2224 2210 2223
3 2233 2224 2223
3 2233 2223 2232
3 2241 2233 2232
3 2241 2232 2240
3 2250 2241 2240
3 2250 2240 2249
3 2259 2250 2249
3 2259 2249 2258
3 2275 2259 2258
3 2275 2258 2274
3 2285 2275 2274
3 2285 2274 2284
3 2289 2285 2284
3 2289 2284 2288
3 2301 2289 2288
3 2301 2288 2300
3 2305 2301 2300
3 2305 2300 2304
3 2309 2305 2304
3 2309 2304 2308
3 2317 2309 2308
3 2317 2308 2316
3 2325 2317 2316
3 2325 2316 2324
3 2329 2325 2324
3 2329 2324 2328
3 2333 2329 2328
3 2333 2328 2332
3 2337 2333 2332
3 2337 2332 2336
3 2347 2337 2336
3 2347 2336 2346
3 2354 2347 2346
3 2354 2346 2353
3 2359 2354 2353
3 2359 2353 2358
3 2364 2359 2358
3 2364 2358 2363
3 2369 2364 2363
3 2369 2363 2368
3 2374 2369 2368
3 2374 2368 2373
3 2376 2374 2373
3 2376 2373 2375
3 2378 2376 2374
3 2371 2378 2374
3 2366 2371 2374
3 2361 2366 2374
3 2356 2361 2374
3 2349 2356 2374
3 2339 2349 2374
3 2335 2339 2374
3 2331 2335 2374
3 2327 2331 2374
3 2319 2327 2374
3 2311 2319 2374
3 2307 2311 2374
3 2303 2307 2374
3 2291 2303 2374
3 2287 2291 2374
3 2277 2287 2374
3 2261 2277 2374
3 2252 2261 2374
3 2243 2252 2374
3 2235 2243 2374
3 2226 2235 2374
3 2213 2226 2374
3 2203 2213 2374
3 2194 2203 2374
3 2184 2194 2374
3 2173 2184 2374
3 2165 2173 2374
3 2159 2165 2374
3 2153 2159 2374
3 2147 2153 2374
3 2141 2147 2374
3 2135 2141 2374
3 2131 2135 2374
3 2126 2131 2374
3 2121 2126 2374
3 2124 2121 2374
3 2128 2124 2374
3 2133 2128 2374
3 2139 2133 2374
3 2145 2139 2374
3 2151 2145 2374
3 2157 2151 2374
3 2163 2157 2374
3 2171 2163 2374
3 2182 2171 2374
3 2192 2182 2374
3 2201 2192 2374
3 2211 2201 2374
3 2224 2211 2374
3 2233 2224 2374
3 2241 2233 2374
3 2250 2241 2374
3 2259 2250 2374
3 2275 2259 2374
3 2285 2275 2374
3 2289 2285 2374
3 2301 2289 2374
3 2305 2301 2374
3 2309 2305 2374
3 2317 2309 2374
3 2325 2317 2374
3 2329 2325 2374
3 2333 2329 2374
3 2337 2333 2374
3 2347 2337 2374
3 2354 2347 2374
3 2359 2354 2374
3 2364 2359 2374
3 2369 2364 2374
3 2063 2061 2059
3 2056 2063 2059
3 2051 2056 2059
3 2045 2051 2059
3 2039 2045 2059
3 2033 2039 2059
3 2027 2033 2059
3 2021 2027 2059
3 2013 2021 2059
3 2003 2013 2059
3 1992 2003 2059
3 1984 1992 2059
3 1978 1984 2059
3 1966 1978 2059
3 1953 1966 2059
3 1944 1953 2059
3 1935 1944 2059
3 1926 1935 2059
3 1910 1926 2059
3 1900 1910 2059
3 1896 1900 2059
3 1888 1896 2059
3 1880 1888 2059
3 1876 1880 2059
3 1872 1876 2059
3 1864 1872 2059
3 1856 1864 2059
3 1852 1856 2059
3 1848 1852 2059
3 1840 1848 2059
3 1833 1840 2059
3 1827 1833 2059
3 1822 1827 2059
3 1817 1822 2059
3 1813 1817 2059
3 1808 1813 2059
3 1811 1808 2059
3 1815 1811 2059
3 1820 1815 2059
3 1825 1820 2059
3 1831 1825 2059
3 1838 1831 2059
3 1846 1838 2059
3 1850 1846 2059
3 1854 1850 2059
3 1862 1854 2059
3 1870 1862 2059
3 1874 1870 2059
3 1878 1874 2059
3 1886 1878 2059
3 1894 1886 2059
3 1898 1894 2059
3 1908 1898 2059
3 1924 1908 2059
3 1933 1924 2059
3 1942 1933 2059
3 1951 1942 2059
3 1964 1951 2059
3 1975 1964 2059
3 1982 1975 2059
3 1990 1982 2059
3 2001 1990 2059
3 2011 2001 2059
3 2019 2011 2059
3 2025 2019 2059
3 2031 2025 2059
3 2037 2031 2059
3 2043 2037 2059
3 2049 2043 2059
3 2054 2049 2059
3 2064 2062 2061
3 2064 2061 2063
3 2057 2064 2063
3 2057 2063 2056
3 2052 2057 2056
3 2052 2056 2051
3 2046 2052 2051
3 2046 2051 2045
3 2040 2046 2045
3 2040 2045 2039
3 2034 2040 2039
3 2034 2039 2033
3 2028 2034 2033
3 2028 2033 2027
3 2022 2028 2027
3 2022 2027 2021
3 2014 2022 2021
3 2014 2021 2013
3 2014 2013 2003
3 2004 2014 2003
3 2004 2003 1992
3 1993 2004 1992
3 1993 1992 1984
3 1985 1993 1984
3 1985 1984 1978
3 1979 1985 1978
3 1979 1978 1966
3 1967 1979 1966
3 1967 1966 1953
3 1954 1967 1953
3 1954 1953 1944
3 1945 1954 1944
3 1945 1944 1935
3 1936 1945 1935
3 1936 1935 1926
3 1927 1936 1926
3 1927 1926 1910
3 1911 1927 1910
3 1911 1910 1900
3 1901 1911 1900
3 1901 1900 1896
3 1897 1901 1896
3 1897 1896 1888
3 1889 1897 1888
3 1889 1888 1880
3 1881 1889 1880
3 1881 1880 1876
3 1877 1881 1876
3 1877 1876 1872
3 1873 1877 1872
3 1873 1872 1864
3 1865 1873 1864
3 1865 1864 1856
3 1857 1865 1856
3 1857 1856 1852
3 1853 1857 1852
3 1853 1852 1848
3 1849 1853 1848
3 1849 1848 1840
3 1841 1849 1840
3 1841 1840 1833
3 1834 1841 1833
3 1834 1833 1827
3 1828 1834 1827
3 1828 1827 1822
3 1823 1828 1822
3 1823 1822 1817
3 1818 1823 1817
3 1818 1817 1813
3 1814 1818 1813
3 1814 1813 1808
3 1809 1814 1808
3 1809 1808 1811
3 1812 1809 1811
3 1812 1811 1815
3 1816 1812 1815
3 1816 1815 1820
3 1821 1816 1820
3 1821 1820 1825
3 1826 1821 1825
3 1826 1825 1831
3 1832 1826 1831
3 1832 1831 1838
3 1839 1832 1838
3 1839 1838 1846
3 1847 1839 1846
3 1847 1846 1850
3 1851 1847 1850
3 1851 1850 1854
3 1855 1851 1854
3 1863 1855 1854
3 1863 1854 1862
3 1871 1863 1862
3 1871 1862 1870
3 1875 1871 1870
3 1875 1870 1874
3 1879 1875 1874
3 1879 1874 1878
3 1887 1879 1878
3 1887 1878 1886
3 1895 1887 1886
3 1895 1886 1894
3 1899 1895 1894
3 1899 1894 1898
3 1909 1899 1898
3 1909 1898 1908
3 1925 1909 1908
3 1925 1908 1924
3 1934 1925 1924
3 1934 1924 1933
3 1943 1934 1933
3 1943 1933 1942
3 1952 1943 1942
3 1952 1942 1951
3 1965 1952 1951
3 1965 1951 1964
3 1976 1965 1964
3 1976 1964 1975
3 1983 1976 1975
3 1983 1975 1982
3 1991 1983 1982
3 1991 1982 1990
3 2002 1991 1990
3 2002 1990 2001
3 2012 2002 2001
3 2012 2001 2011
3 2020 2012 2011
3 2020 2011 2019
3 2026 2020 2019
3 2026 2019 2025
3 2032 2026 2025
3 2032 2025 2031
3 2038 2032 2031
3 2038 2031 2037
3 2044 2038 2037
3 2044 2037 2043
3 2050 2044 2043
3 2050 2043 2049
3 2055 2050 2049
3 2055 2049 2054
3 2060 2055 2054
3 2060 2054 2059
3 2062 2060 2059
3 2062 2059 2061
3 2064 2062 2060
3 2057 2064 2060
3 2052 2057 2060
3 2046 2052 2060
3 2040 2046 2060
3 2034 2040 2060
3 2028 2034 2060
3 2022 2028 2060
3 2014 2022 2060
3 2004 2014 2060
3 1993 2004 2060
3 1985 1993 2060
3 1979 1985 2060
3 1967 1979 2060
3 1954 1967 2060
3 1945 1954 2060
3 1936 1945 2060
3 1927 1936 2060
3 1911 1927 2060
3 1901 1911 2060
3 1897 1901 2060
3 1889 1897 2060
3 1881 1889 2060
3 1877 1881 2060
3 1873 1877 2060
3 1865 1873 2060
3 1857 1865 2060
3 1853 1857 2060
3 1849 1853 2060
3 1841 1849 2060
3 1834 1841 2060
3 1828 1834 2060
3 1823 1828 2060
3 1818 1823 2060
3 1814 1818 2060
3 1809 1814 2060
3 1812 1809 2060
3 1816 1812 2060
3 1821 1816 2060
3 1826 1821 2060
3 1832 1826 2060
3 1839 1832 2060
3 1847 1839 2060
3 1851 1847 2060
3 1855 1851 2060
3 1863 1855 2060
3 1871 1863 2060
3 1875 1871 2060
3 1879 1875 2060
3 1887 1879 2060
3 1895 1887 2060
3 1899 1895 2060
3 1909 1899 2060
3 1925 1909 2060
3 1934 1925 2060
3 1943 1934 2060
3 1952 1943 2060
3 1965 1952 2060
3 1976 1965 2060
3 1983 1976 2060
3 1991 1983 2060
3 2002 1991 2060
3 2012 2002 2060
3 2020 2012 2060
3 2026 2020 2060
3 2032 2026 2060
3 2038 2032 2060
3 2044 2038 2060
3 2050 2044 2060
3 2055 2050 2060
3 2466 3206 3213
3 2473 2466 3213
3 2473 2474 3214
3 2473 3214 3213
3 2474 3214 3221
3 2481 2474 3221
3 2860 2863 2858
3 2856 2860 2858
3 2851 2856 2858
3 2844 2851 2858
3 2837 2844 2858
3 2823 2837 2858
3 2817 2823 2858
3 2811 2817 2858
3 2803 2811 2858
3 2792 2803 2858
3 2780 2792 2858
3 2773 2780 2858
3 2766 2773 2858
3 2753 2766 2858
3 2741 2753 2858
3 2733 2741 2858
3 2724 2733 2858
3 2713 2724 2858
3 2695 2713 2858
3 2684 2695 2858
3 2680 2684 2858
3 2671 2680 2858
3 2662 2671 2858
3 2658 2662 2858
3 2652 2658 2858
3 2644 2652 2858
3 2636 2644 2858
3 2632 2636 2858
3 2628 2632 2858
3 2610 2628 2858
3 2602 2610 2858
3 2596 2602 2858
3 2591 2596 2858
3 2586 2591 2858
3 2582 2586 2858
3 2577 2582 2858
3 2580 2577 2858
3 2584 2580 2858
3 2589 2584 2858
3 2594 2589 2858
3 2600 2594 2858
3 2608 2600 2858
3 2626 2608 2858
3 2630 2626 2858
3 2634 2630 2858
3 2642 2634 2858
3 2650 2642 2858
3 2656 2650 2858
3 2660 2656 2858
3 2669 2660 2858
3 2678 2669 2858
3 2682 2678 2858
3 2693 2682 2858
3 2711 2693 2858
3 2722 2711 2858
3 2731 2722 2858
3 2739 2731 2858
3 2751 2739 2858
3 2764 2751 2858
3 2771 2764 2858
3 2778 2771 2858
3 2790 2778 2858
3 2801 2790 2858
3 2809 2801 2858
3 2815 2809 2858
3 2821 2815 2858
3 2835 2821 2858
3 2842 2835 2858
3 2849 2842 2858
3 2854 2849 2858
3 3195 3193 3191
3 3188 3195 3191
3 3183 3188 3191
3 3179 3183 3191
3 3173 3179 3191
3 3166 3173 3191
3 3158 3166 3191
3 3154 3158 3191
3 3150 3154 3191
3 3145 3150 3191
3 3137 3145 3191
3 3128 3137 3191
3 3121 3128 3191
3 3119 3121 3191
3 3099 3119 3191
3 3095 3099 3191
3 3085 3095 3191
3 3068 3085 3191
3 3056 3068 3191
3 3047 3056 3191
3 3038 3047 3191
3 3030 3038 3191
3 3017 3030 3191
3 3006 3017 3191
3 2998 3006 3191
3 2987 2998 3191
3 2977 2987 3191
3 2969 2977 3191
3 2963 2969 3191
3 2957 2963 3191
3 2950 2957 3191
3 2944 2950 3191
3 2937 2944 3191
3 2932 2937 3191
3 2928 2932 3191
3 2923 2928 3191
3 2926 2923 3191
3 2930 2926 3191
3 2935 2930 3191
3 2942 2935 3191
3 2948 2942 3191
3 2955 2948 3191
3 2961 2955 3191
3 2967 2961 3191
3 2975 2967 3191
3 2985 2975 3191
3 2996 2985 3191
3 3004 2996 3191
3 3015 3004 3191
3 3028 3015 3191
3 3036 3028 3191
3 3045 3036 3191
3 3054 3045 3191
3 3066 3054 3191
3 3083 3066 3191
3 3093 3083 3191
3 3097 3093 3191
3 3117 3097 3191
3 3124 3117 3191
3 3126 3124 3191
3 3135 3126 3191
3 3143 3135 3191
3 3148 3143 3191
3 3152 3148 3191
3 3156 3152 3191
3 3164 3156 3191
3 3171 3164 3191
3 3177 3171 3191
3 3181 3177 3191
3 3186 3181 3191
3 3207 2467 2486
3 3247 3207 2486
3 2468 2467 3207
3 3208 2468 3207
3 3248 3208 3207
3 3248 3207 3247
3 2487 3248 3247
3 2487 3247 2486
3 2487 2486 2467
3 2468 2487 2467
3 3208 2468 2487
3 3248 3208 2487
3 3209 2469 2488
3 3249 3209 2488
3 2470 2469 3209
3 3210 2470 3209
3 3250 3210 3209
3 3250 3209 3249
3 2489 3250 3249
3 2489 3249 2488
3 2489 2488 2469
3 2470 2489 2469
3 3210 2470 2489
3 3250 3210 2489
3 3211 2471 2490
3 3251 3211 2490
3 2472 2471 3211
3 3212 2472 3211
3 3252 3212 3211
3 3252 3211 3251
3 2491 3252 3251
3 2491 3251 2490
3 2491 2490 2471
3 2472 2491 2471
3 3212 2472 2491
3 3252 3212 2491
3 3215 2475 2492
3 3253 3215 2492
3 2476 2475 3215
3 3216 2476 3215
3 3254 3216 3215
3 3254 3215 3253
3 2493 3254 3253
3 2493 3253 2492
3 2493 2492 2475
3 2476 2493 2475
3 3216 2476 2493
3 3254 3216 2493
3 3217 2477 2494
3 3255 3217 2494
3 2478 2477 3217
3 3218 2478 3217
3 3256 3218 3217
3 3256 3217 3255
3 2495 3256 3255
3 2495 3255 2494
3 2495 2494 2477
3 2478 2495 2477
3 3218 2478 2495
3 3256 3218 2495
3 3219 2479 2496
3 3257 3219 2496
3 2480 2479 3219
3 3220 2480 3219
3 3258 3220 3219
3 3258 3219 3257
3 2497 3258 3257
3 2497 3257 2496
3 2497 2496 2479
3 2480 2497 2479
3 3220 2480 2497
3 3258 3220 2497
3 3195 3193 3191
3 3188 3195 3191
3 3183 3188 3191
3 3179 3183 3191
3 3173 3179 3191
3 3166 3173 3191
3 3158 3166 3191
3 3154 3158 3191
3 3150 3154 3191
3 3145 3150 3191
3 3137 3145 3191
3 3128 3137 3191
3 3121 3128 3191
3 3119 3121 3191
3 3099 3119 3191
3 3095 3099 3191
3 3085 3095 3191
3 3068 3085 3191
3 3056 3068 3191
3 3047 3056 3191
3 3038 3047 3191
3 3030 3038 3191
3 3017 3030 3191
3 3006 3017 3191
3 2998 3006 3191
3 2987 2998 3191
3 2977 2987 3191
3 2969 2977 3191
3 2963 2969 3191
3 2957 2963 3191
3 2950 2957 3191
3 2944 2950 3191
3 2937 2944 3191
3 2932 2937 3191
3 2928 2932 3191
3 2923 2928 3191
3 2926 2923 3191
3 2930 2926 3191
3 2935 2930 3191
3 2942 2935 3191
3 2948 2942 3191
3 2955 2948 3191
3 2961 2955 3191
3 2967 2961 3191
3 2975 2967 3191
3 2985 2975 3191
3 2996 2985 3191
3 3004 2996 3191
3 3015 3004 3191
3 3028 3015 3191
3 3036 3028 3191
3 3045 3036 3191
3 3054 3045 3191
3 3066 3054 3191
3 3083 3066 3191
3 3093 3083 3191
3 3097 3093 3191
3 3117 3097 3191
3 3124 3117 3191
3 3126 3124 3191
3 3135 3126 3191
3 3143 3135 3191
3 3148 3143 3191
3 3152 3148 3191
3 3156 3152 3191
3 3164 3156 3191
3 3171 3164 3191
3 3177 3171 3191
3 3181 3177 3191
3 3186 3181 3191
3 3196 3194 3193
3 3196 3193 3195
3 3189 3196 3195
3 3189 3195 3188
3 3184 3189 3188
3 3184 3188 3183
3 3180 3184 3183
3 3180 3183 3179
3 3174 3180 3179
3 3174 3179 3173
3 3167 3174 3173
3 3167 3173 3166
3 3159 3167 3166
3 3159 3166 3158
3 3155 3159 3158
3 3155 3158 3154
3 3151 3155 3154
3 3151 3154 3150
3 3151 3150 3145
3 3146 3151 3145
3 3146 3145 3137
3 3138 3146 3137
3 3138 3137 3128
3 3129 3138 3128
3 3129 3128 3121
3 3122 3129 3121
3 3122 3121 3119
3 3120 3122 3119
3 3120 3119 3099
3 3100 3120 3099
3 3100 3099 3095
3 3096 3100 3095
3 3096 3095 3085
3 3086 3096 3085
3 3086 3085 3068
3 3069 3086 3068
3 3069 3068 3056
3 3057 3069 3056
3 3057 3056 3047
3 3048 3057 3047
3 3048 3047 3038
3 3039 3048 3038
3 3039 3038 3030
3 3031 3039 3030
3 3031 3030 3017
3 3018 3031 3017
3 3018 3017 3006
3 3007 3018 3006
3 3007 3006 2998
3 2999 3007 2998
3 2999 2998 2987
3 2988 2999 2987
3 2988 2987 2977
3 2978 2988 2977
3 2978 2977 2969
3 2970 2978 2969
3 2970 2969 2963
3 2964 2970 2963
3 2964 2963 2957
3 2958 2964 2957
3 2958 2957 2950
3 2951 2958 2950
3 2951 2950 2944
3 2945 2951 2944
3 2945 2944 2937
3 2938 2945 2937
3 2938 2937 2932
3 2933 2938 2932
3 2933 2932 2928
3 2929 2933 2928
3 2929 2928 2923
3 2924 2929 2923
3 2924 2923 2926
3 2927 2924 2926
3 2927 2926 2930
3 2931 2927 2930
3 2931 2930 2935
3 2936 2931 2935
3 2936 2935 2942
3 2943 2936 2942
3 2943 2942 2948
3 2949 2943 2948
3 2949 2948 2955
3 2956 2949 2955
3 2956 2955 2961
3 2962 2956 2961
3 2962 2961 2967
3 2968 2962 2967
3 2968 2967 2975
3 2976 2968 2975
3 2986 2976 2975
3 2986 2975 2985
3 2997 2986 2985
3 2997 2985 2996
3 3005 2997 2996
3 3005 2996 3004
3 3016 3005 3004
3 3016 3004 3015
3 3029 3016 3015
3 3029 3015 3028
3 3037 3029 3028
3 3037 3028 3036
3 3046 3037 3036
3 3046 3036 3045
3 3055 3046 3045
3 3055 3045 3054
3 3067 3055 3054
3 3067 3054 3066
3 3084 3067 3066
3 3084 3066 3083
3 3094 3084 3083
3 3094 3083 3093
3 3098 3094 3093
3 3098 3093 3097
3 3118 3098 3097
3 3118 3097 3117
3 3125 3118 3117
3 3125 3117 3124
3 3127 3125 3124
3 3127 3124 3126
3 3136 3127 3126
3 3136 3126 3135
3 3144 3136 3135
3 3144 3135 3143
3 3149 3144 3143
3 3149 3143 3148
3 3153 3149 3148
3 3153 3148 3152
3 3157 3153 3152
3 3157 3152 3156
3 3165 3157 3156
3 3165 3156 3164
3 3172 3165 3164
3 3172 3164 3171
3 3178 3172 3171
3 3178 3171 3177
3 3182 3178 3177
3 3182 3177 3181
3 3187 3182 3181
3 3187 3181 3186
3 3192 3187 3186
3 3192 3186 3191
3 3194 3192 3191
3 3194 3191 3193
3 3196 3194 3192
3 3189 3196 3192
3 3184 3189 3192
3 3180 3184 3192
3 3174 3180 3192
3 3167 3174 3192
3 3159 3167 3192
3 3155 3159 3192
3 3151 3155 3192
3 3146 3151 3192
3 3138 3146 3192
3 3129 3138 3192
3 3122 3129 3192
3 3120 3122 3192
3 3100 3120 3192
3 3096 3100 3192
3 3086 3096 3192
3 3069 3086 3192
3 3057 3069 3192
3 3048 3057 3192
3 3039 3048 3192
3 3031 3039 3192
3 3018 3031 3192
3 3007 3018 3192
3 2999 3007 3192
3 2988 2999 3192
3 2978 2988 3192
3 2970 2978 3192
3 2964 2970 3192
3 2958 2964 3192
3 2951 2958 3192
3 2945 2951 3192
3 2938 2945 3192
3 2933 2938 3192
3 2929 2933 3192
3 2924 2929 3192
3 2927 2924 3192
3 2931 2927 3192
3 2936 2931 3192
3 2943 2936 3192
3 2949 2943 3192
3 2956 2949 3192
3 2962 2956 3192
3 2968 2962 3192
3 2976 2968 3192
3 2986 2976 3192
3 2997 2986 3192
3 3005 2997 3192
3 3016 3005 3192
3 3029 3016 3192
3 3037 3029 3192
3 3046 3037 3192
3 3055 3046 3192
3 3067 3055 3192
3 3084 3067 3192
3 3094 3084 3192
3 3098 3094 3192
3 3118 3098 3192
3 3125 3118 3192
3 3127 3125 3192
3 3136 3127 3192
3 3144 3136 3192
3 3149 3144 3192
3 3153 3149 3192
3 3157 3153 3192
3 3165 3157 3192
3 3172 3165 3192
3 3178 3172 3192
3 3182 3178 3192
3 3187 3182 3192
3 2860 2863 2858
3 2856 2860 2858
3 2851 2856 2858
3 2844 2851 2858
3 2837 2844 2858
3 2823 2837 2858
3 2817 2823 2858
3 2811 2817 2858
3 2803 2811 2858
3 2792 2803 2858
3 2780 2792 2858
3 2773 2780 2858
3 2766 2773 2858
3 2753 2766 2858
3 2741 2753 2858
3 2733 2741 2858
3 2724 2733 2858
3 2713 2724 2858
3 2695 2713 2858
3 2684 2695 2858
3 2680 2684 2858
3 2671 2680 2858
3 2662 2671 2858
3 2658 2662 2858
3 2652 2658 2858
3 2644 2652 2858
3 2636 2644 2858
3 2632 2636 2858
3 2628 2632 2858
3 2610 2628 2858
3 2602 2610 2858
3 2596 2602 2858
3 2591 2596 2858
3 2586 2591 2858
3 2582 2586 2858
3 2577 2582 2858
3 2580 2577 2858
3 2584 2580 2858
3 2589 2584 2858
3 2594 2589 2858
3 2600 2594 2858
3 2608 2600 2858
3 2626 2608 2858
3 2630 2626 2858
3 2634 2630 2858
3 2642 2634 2858
3 2650 2642 2858
3 2656 2650 2858
3 2660 2656 2858
3 2669 2660 2858
3 2678 2669 2858
3 2682 2678 2858
3 2693 2682 2858
3 2711 2693 2858
3 2722 2711 2858
3 2731 2722 2858
3 2739 2731 2858
3 2751 2739 2858
3 2764 2751 2858
3 2771 2764 2858
3 2778 2771 2858
3 2790 2778 2858
3 2801 2790 2858
3 2809 2801 2858
3 2815 2809 2858
3 2821 2815 2858
3 2835 2821 2858
3 2842 2835 2858
3 2849 2842 2858
3 2854 2849 2858
3 2861 2864 2863
3 2861 2863 2860
3 2857 2861 2860
3 2857 2860 2856
3 2852 2857 2856
3 2852 2856 2851
3 2845 2852 2851
3 2845 2851 2844
3 2838 2845 2844
3 2838 2844 2837
3 2824 2838 2837
3 2824 2837 2823
3 2818 2824 2823
3 2818 2823 2817
3 2812 2818 2817
3 2812 2817 2811
3 2804 2812 2811
3 2804 2811 2803
3 2804 2803 2792
3 2793 2804 2792
3 2793 2792 2780
3 2781 2793 2780
3 2781 2780 2773
3 2774 2781 2773
3 2774 2773 2766
3 2767 2774 2766
3 2767 2766 2753
3 2754 2767 2753
3 2754 2753 2741
3 2742 2754 2741
3 2742 2741 2733
3 2734 2742 2733
3 2734 2733 2724
3 2725 2734 2724
3 2725 2724 2713
3 2714 2725 2713
3 2714 2713 2695
3 2696 2714 2695
3 2696 2695 2684
3 2685 2696 2684
3 2685 2684 2680
3 2681 2685 2680
3 2681 2680 2671
3 2672 2681 2671
3 2672 2671 2662
3 2663 2672 2662
3 2663 2662 2658
3 2659 2663 2658
3 2659 2658 2652
3 2653 2659 2652
3 2653 2652 2644
3 2645 2653 2644
3 2645 2644 2636
3 2637 2645 2636
3 2637 2636 2632
3 2633 2637 2632
3 2633 2632 2628
3 2629 2633 2628
3 2629 2628 2610
3 2611 2629 2610
3 2611 2610 2602
3 2603 2611 2602
3 2603 2602 2596
3 2597 2603 2596
3 2597 2596 2591
3 2592 2597 2591
3 2592 2591 2586
3 2587 2592 2586
3 2587 2586 2582
3 2583 2587 2582
3 2583 2582 2577
3 2578 2583 2577
3 2578 2577 2580
3 2581 2578 2580
3 2581 2580 2584
3 2585 2581 2584
3 2585 2584 2589
3 2590 2585 2589
3 2590 2589 2594
3 2595 2590 2594
3 2595 2594 2600
3 2601 2595 2600
3 2601 2600 2608
3 2609 2601 2608
3 2609 2608 2626
3 2627 2609 2626
3 2627 2626 2630
3 2631 2627 2630
3 2631 2630 2634
3 2635 2631 2634
3 2643 2635 2634
3 2643 2634 2642
3 2651 2643 2642
3 2651 2642 2650
3 2657 2651 2650
3 2657 2650 2656
3 2661 2657 2656
3 2661 2656 2660
3 2670 2661 2660
3 2670 2660 2669
3 2679 2670 2669
3 2679 2669 2678
3 2683 2679 2678
3 2683 2678 2682
3 2694 2683 2682
3 2694 2682 2693
3 2712 2694 2693
3 2712 2693 2711
3 2723 2712 2711
3 2723 2711 2722
3 2732 2723 2722
3 2732 2722 2731
3 2740 2732 2731
3 2740 2731 2739
3 2752 2740 2739
3 2752 2739 2751
3 2765 2752 2751
3 2765 2751 2764
3 2772 2765 2764
3 2772 2764 2771
3 2779 2772 2771
3 2779 2771 2778
3 2791 2779 2778
3 2791 2778 2790
3 2802 2791 2790
3 2802 2790 2801
3 2810 2802 2801
3 2810 2801 2809
3 2816 2810 2809
3 2816 2809 2815
3 2822 2816 2815
3 2822 2815 2821
3 2836 2822 2821
3 2836 2821 2835
3 2843 2836 2835
3 2843 2835 2842
3 2850 2843 2842
3 2850 2842 2849
3 2855 2850 2849
3 2855 2849 2854
3 2859 2855 2854
3 2859 2854 2858
3 2864 2859 2858
3 2864 2858 2863
3 2861 2864 2859
3 2857 2861 2859
3 2852 2857 2859
3 2845 2852 2859
3 2838 2845 2859
3 2824 2838 2859
3 2818 2824 2859
3 2812 2818 2859
3 2804 2812 2859
3 2793 2804 2859
3 2781 2793 2859
3 2774 2781 2859
3 2767 2774 2859
3 2754 2767 2859
3 2742 2754 2859
3 2734 2742 2859
3 2725 2734 2859
3 2714 2725 2859
3 2696 2714 2859
3 2685 2696 2859
3 2681 2685 2859
3 2672 2681 2859
3 2663 2672 2859
3 2659 2663 2859
3 2653 2659 2859
3 2645 2653 2859
3 2637 2645 2859
3 2633 2637 2859
3 2629 2633 2859
3 2611 2629 2859
3 2603 2611 2859
3 2597 2603 2859
3 2592 2597 2859
3 2587 2592 2859
3 2583 2587 2859
3 2578 2583 2859
3 2581 2578 2859
3 2585 2581 2859
3 2590 2585 2859
3 2595 2590 2859
3 2601 2595 2859
3 2609 2601 2859
3 2627 2609 2859
3 2631 2627 2859
3 2635 2631 2859
3 2643 2635 2859
3 2651 2643 2859
3 2657 2651 2859
3 2661 2657 2859
3 2670 2661 2859
3 2679 2670 2859
3 2683 2679 2859
3 2694 2683 2859
3 2712 2694 2859
3 2723 2712 2859
3 2732 2723 2859
3 2740 2732 2859
3 2752 2740 2859
3 2765 2752 2859
3 2772 2765 2859
3 2779 2772 2859
3 2791 2779 2859
3 2802 2791 2859
3 2810 2802 2859
3 2816 2810 2859
3 2822 2816 2859
3 2836 2822 2859
3 2843 2836 2859
3 2850 2843 2859
3 2855 2850 2859
3 3331 4049 4056
3 3338 3331 4056
3 3338 3339 4057
3 3338 4057 4056
3 3339 4057 4064
3 3346 3339 4064
3 3706 3709 3704
3 3702 3706 3704
3 3697 3702 3704
3 3690 3697 3704
3 3683 3690 3704
3 3677 3683 3704
3 3669 3677 3704
3 3662 3669 3704
3 3653 3662 3704
3 3643 3653 3704
3 3633 3643 3704
3 3617 3633 3704
3 3611 3617 3704
3 3599 3611 3704
3 3587 3599 3704
3 3577 3587 3704
3 3569 3577 3704
3 3559 3569 3704
3 3541 3559 3704
3 3530 3541 3704
3 3526 3530 3704
3 3518 3526 3704
3 3509 3518 3704
3 3505 3509 3704
3 3501 3505 3704
3 3493 3501 3704
3 3485 3493 3704
3 3481 3485 3704
3 3475 3481 3704
3 3464 3475 3704
3 3457 3464 3704
3 3450 3457 3704
3 3446 3450 3704
3 3441 3446 3704
3 3437 3441 3704
3 3432 3437 3704
3 3435 3432 3704
3 3439 3435 3704
3 3444 3439 3704
3 3448 3444 3704
3 3455 3448 3704
3 3462 3455 3704
3 3473 3462 3704
3 3479 3473 3704
3 3483 3479 3704
3 3491 3483 3704
3 3499 3491 3704
3 3503 3499 3704
3 3507 3503 3704
3 3516 3507 3704
3 3524 3516 3704
3 3528 3524 3704
3 3539 3528 3704
3 3557 3539 3704
3 3567 3557 3704
3 3575 3567 3704
3 3585 3575 3704
3 3597 3585 3704
3 3609 3597 3704
3 3615 3609 3704
3 3631 3615 3704
3 3641 3631 3704
3 3651 3641 3704
3 3660 3651 3704
3 3667 3660 3704
3 3675 3667 3704
3 3681 3675 3704
3 3688 3681 3704
3 3695 3688 3704
3 3700 3695 3704
3 4034 4037 4032
3 4030 4034 4032
3 4025 4030 4032
3 4021 4025 4032
3 4015 4021 4032
3 4007 4015 4032
3 3998 4007 4032
3 3994 3998 4032
3 3989 3994 4032
3 3984 3989 4032
3 3975 3984 4032
3 3967 3975 4032
3 3963 3967 4032
3 3958 3963 4032
3 3950 3958 4032
3 3942 3950 4032
3 3928 3942 4032
3 3911 3928 4032
3 3901 3911 4032
3 3892 3901 4032
3 3883 3892 4032
3 3875 3883 4032
3 3862 3875 4032
3 3851 3862 4032
3 3843 3851 4032
3 3831 3843 4032
3 3821 3831 4032
3 3812 3821 4032
3 3805 3812 4032
3 3799 3805 4032
3 3791 3799 4032
3 3785 3791 4032
3 3779 3785 4032
3 3774 3779 4032
3 3770 3774 4032
3 3765 3770 4032
3 3768 3765 4032
3 3772 3768 4032
3 3777 3772 4032
3 3783 3777 4032
3 3789 3783 4032
3 3797 3789 4032
3 3803 3797 4032
3 3810 3803 4032
3 3819 3810 4032
3 3829 3819 4032
3 3841 3829 4032
3 3849 3841 4032
3 3860 3849 4032
3 3873 3860 4032
3 3881 3873 4032
3 3890 3881 4032
3 3899 3890 4032
3 3909 3899 4032
3 3926 3909 4032
3 3940 3926 4032
3 3948 3940 4032
3 3956 3948 4032
3 3961 3956 4032
3 3965 3961 4032
3 3973 3965 4032
3 3982 3973 4032
3 3987 3982 4032
3 3992 3987 4032
3 3996 3992 4032
3 4005 3996 4032
3 4013 4005 4032
3 4019 4013 4032
3 4023 4019 4032
3 4028 4023 4032
3 4050 3332 3353
3 4092 4050 3353
3 3333 3332 4050
3 4051 3333 4050
3 4093 4051 4050
3 4093 4050 4092
3 3354 4093 4092
3 3354 4092 3353
3 3354 3353 3332
3 3333 3354 3332
3 4051 3333 3354
3 4093 4051 3354
3 4052 3334 3355
3 4094 4052 3355
3 3335 3334 4052
3 4053 3335 4052
3 4095 4053 4052
3 4095 4052 4094
3 3356 4095 4094
3 3356 4094 3355
3 3356 3355 3334
3 3335 3356 3334
3 4053 3335 3356
3 4095 4053 3356
3 4054 3336 3357
3 4096 4054 3357
3 3337 3336 4054
3 4055 3337 4054
3 4097 4055 4054
3 4097 4054 4096
3 3358 4097 4096
3 3358 4096 3357
3 3358 3357 3336
3 3337 3358 3336
3 4055 3337 3358
3 4097 4055 3358
3 4058 3340 3359
3 4098 4058 3359
3 3341 3340 4058
3 4059 3341 4058
3 4099 4059 4058
3 4099 4058 4098
3 3360 4099 4098
3 3360 4098 3359
3 3360 3359 3340
3 3341 3360 3340
3 4059 3341 3360
3 4099 4059 3360
3 4060 3342 3361
3 4100 4060 3361
3 3343 3342 4060
3 4061 3343 4060
3 4101 4061 4060
3 4101 4060 4100
3 3362 4101 4100
3 3362 4100 3361
3 3362 3361 3342
3 3343 3362 3342
3 4061 3343 3362
3 4101 4061 3362
3 4062 3344 3363
3 4102 4062 3363
3 3345 3344 4062
3 4063 3345 4062
3 4103 4063 4062
3 4103 4062 4102
3 3364 4103 4102
3 3364 4102 3363
3 3364 3363 3344
3 3345 3364 3344
3 4063 3345 3364
3 4103 4063 3364
3 4034 4037 4032
3 4030 4034 4032
3 4025 4030 4032
3 4021 4025 4032
3 4015 4021 4032
3 4007 4015 4032
3 3998 4007 4032
3 3994 3998 4032
3 3989 3994 4032
3 3984 3989 4032
3 3975 3984 4032
3 3967 3975 4032
3 3963 3967 4032
3 3958 3963 4032
3 3950 3958 4032
3 3942 3950 4032
3 3928 3942 4032
3 3911 3928 4032
3 3901 3911 4032
3 3892 3901 4032
3 3883 3892 4032
3 3875 3883 4032
3 3862 3875 4032
3 3851 3862 4032
3 3843 3851 4032
3 3831 3843 4032
3 3821 3831 4032
3 3812 3821 4032
3 3805 3812 4032
3 3799 3805 4032
3 3791 3799 4032
3 3785 3791 4032
3 3779 3785 4032
3 3774 3779 4032
3 3770 3774 4032
3 3765 3770 4032
3 3768 3765 4032
3 3772 3768 4032
3 3777 3772 4032
3 3783 3777 4032
3 3789 3783 4032
3 3797 3789 4032
3 3803 3797 4032
3 3810 3803 4032
3 3819 3810 4032
3 3829 3819 4032
3 3841 3829 4032
3 3849 3841 4032
3 3860 3849 4032
3 3873 3860 4032
3 3881 3873 4032
3 3890 3881 4032
3 3899 3890 4032
3 3909 3899 4032
3 3926 3909 4032
3 3940 3926 4032
3 3948 3940 4032
3 3956 3948 4032
3 3961 3956 4032
3 3965 3961 4032
3 3973 3965 4032
3 3982 3973 4032
3 3987 3982 4032
3 3992 3987 4032
3 3996 3992 4032
3 4005 3996 4032
3 4013 4005 4032
3 4019 4013 4032
3 4023 4019 4032
3 4028 4023 4032
3 4035 4038 4037
3 4035 4037 4034
3 4031 4035 4034
3 4031 4034 4030
3 4026 4031 4030
3 4026 4030 4025
3 4022 4026 4025
3 4022 4025 4021
3 4016 4022 4021
3 4016 4021 4015
3 4008 4016 4015
3 4008 4015 4007
3 3999 4008 4007
3 3999 4007 3998
3 3995 3999 3998
3 3995 3998 3994
3 3990 3995 3994
3 3990 3994 3989
3 3990 3989 3984
3 3985 3990 3984
3 3985 3984 3975
3 3976 3985 3975
3 3976 3975 3967
3 3968 3976 3967
3 3968 3967 3963
3 3964 3968 3963
3 3964 3963 3958
3 3959 3964 3958
3 3959 3958 3950
3 3951 3959 3950
3 3951 3950 3942
3 3943 3951 3942
3 3943 3942 3928
3 3929 3943 3928
3 3929 3928 3911
3 3912 3929 3911
3 3912 3911 3901
3 3902 3912 3901
3 3902 3901 3892
3 3893 3902 3892
3 3893 3892 3883
3 3884 3893 3883
3 3884 3883 3875
3 3876 3884 3875
3 3876 3875 3862
3 3863 3876 3862
3 3863 3862 3851
3 3852 3863 3851
3 3852 3851 3843
3 3844 3852 3843
3 3844 3843 3831
3 3832 3844 3831
3 3832 3831 3821
3 3822 3832 3821
3 3822 3821 3812
3 3813 3822 3812
3 3813 3812 3805
3 3806 3813 3805
3 3806 3805 3799
3 3800 3806 3799
3 3800 3799 3791
3 3792 3800 3791
3 3792 3791 3785
3 3786 3792 3785
3 3786 3785 3779
3 3780 3786 3779
3 3780 3779 3774
3 3775 3780 3774
3 3775 3774 3770
3 3771 3775 3770
3 3771 3770 3765
3 3766 3771 3765
3 3766 3765 3768
3 3769 3766 3768
3 3769 3768 3772
3 3773 3769 3772
3 3773 3772 3777
3 3778 3773 3777
3 3778 3777 3783
3 3784 3778 3783
3 3784 3783 3789
3 3790 3784 3789
3 3790 3789 3797
3 3798 3790 3797
3 3798 3797 3803
3 3804 3798 3803
3 3804 3803 3810
3 3811 3804 3810
3 3811 3810 3819
3 3820 3811 3819
3 3830 3820 3819
3 3830 3819 3829
3 3842 3830 3829
3 3842 3829 3841
3 3850 3842 3841
3 3850 3841 3849
3 3861 3850 3849
3 3861 3849 3860
3 3874 3861 3860
3 3874 3860 3873
3 3882 3874 3873
3 3882 3873 3881
3 3891 3882 3881
3 3891 3881 3890
3 3900 3891 3890
3 3900 3890 3899
3 3910 3900 3899
3 3910 3899 3909
3 3927 3910 3909
3 3927 3909 3926
3 3941 3927 3926
3 3941 3926 3940
3 3949 3941 3940
3 3949 3940 3948
3 3957 3949 3948
3 3957 3948 3956
3 3962 3957 3956
3 3962 3956 3961
3 3966 3962 3961
3 3966 3961 3965
3 3974 3966 3965
3 3974 3965 3973
3 3983 3974 3973
3 3983 3973 3982
3 3988 3983 3982
3 3988 3982 3987
3 3993 3988 3987
3 3993 3987 3992
3 3997 3993 3992
3 3997 3992 3996
3 4006 3997 3996
3 4006 3996 4005
3 4014 4006 4005
3 4014 4005 4013
3 4020 4014 4013
3 4020 4013 4019
3 4024 4020 4019
3 4024 4019 4023
3 4029 4024 4023
3 4029 4023 4028
3 4033 4029 4028
3 4033 4028 4032
3 4038 4033 4032
3 4038 4032 4037
3 4035 4038 4033
3 4031 4035 4033
3 4026 4031 4033
3 4022 4026 4033
3 4016 4022 4033
3 4008 4016 4033
3 3999 4008 4033
3 3995 3999 4033
3 3990 3995 4033
3 3985 3990 4033
3 3976 3985 4033
3 3968 3976 4033
3 3964 3968 4033
3 3959 3964 4033
3 3951 3959 4033
3 3943 3951 4033
3 3929 3943 4033
3 3912 3929 4033
3 3902 3912 4033
3 3893 3902 4033
3 3884 3893 4033
3 3876 3884 4033
3 3863 3876 4033
3 3852 3863 4033
3 3844 3852 4033
3 3832 3844 4033
3 3822 3832 4033
3 3813 3822 4033
3 3806 3813 4033
3 3800 3806 4033
3 3792 3800 4033
3 3786 3792 4033
3 3780 3786 4033
3 3775 3780 4033
3 3771 3775 4033
3 3766 3771 4033
3 3769 3766 4033
3 3773 3769 4033
3 3778 3773 4033
3 3784 3778 4033
3 3790 3784 4033
3 3798 3790 4033
3 3804 3798 4033
3 3811 3804 4033
3 3820 3811 4033
3 3830 3820 4033
3 3842 3830 4033
3 3850 3842 4033
3 3861 3850 4033
3 3874 3861 4033
3 3882 3874 4033
3 3891 3882 4033
3 3900 3891 4033
3 3910 3900 4033
3 3927 3910 4033
3 3941 3927 4033
3 3949 3941 4033
3 3957 3949 4033
3 3962 3957 4033
3 3966 3962 4033
3 3974 3966 4033
3 3983 3974 4033
3 3988 3983 4033
3 3993 3988 4033
3 3997 3993 4033
3 4006 3997 4033
3 4014 4006 4033
3 4020 4014 4033
3 4024 4020 4033
3 4029 4024 4033
3 3706 3709 3704
3 3702 3706 3704
3 3697 3702 3704
3 3690 3697 3704
3 3683 3690 3704
3 3677 3683 3704
3 3669 3677 3704
3 3662 3669 3704
3 3653 3662 3704
3 3643 3653 3704
3 3633 3643 3704
3 3617 3633 3704
3 3611 3617 3704
3 3599 3611 3704
3 3587 3599 3704
3 3577 3587 3704
3 3569 3577 3704
3 3559 3569 3704
3 3541 3559 3704
3 3530 3541 3704
3 3526 3530 3704
3 3518 3526 3704
3 3509 3518 3704
3 3505 3509 3704
3 3501 3505 3704
3 3493 3501 3704
3 3485 3493 3704
3 3481 3485 3704
3 3475 3481 3704
3 3464 3475 3704
3 3457 3464 3704
3 3450 3457 3704
3 3446 3450 3704
3 3441 3446 3704
3 3437 3441 3704
3 3432 3437 3704
3 3435 3432 3704
3 3439 3435 3704
3 3444 3439 3704
3 3448 3444 3704
3 3455 3448 3704
3 3462 3455 3704
3 3473 3462 3704
3 3479 3473 3704
3 3483 3479 3704
3 3491 3483 3704
3 3499 3491 3704
3 3503 3499 3704
3 3507 3503 3704
3 3516 3507 3704
3 3524 3516 3704
3 3528 3524 3704
3 3539 3528 3704
3 3557 3539 3704
3 3567 3557 3704
3 3575 3567 3704
3 3585 3575 3704
3 3597 3585 3704
3 3609 3597 3704
3 3615 3609 3704
3 3631 3615 3704
3 3641 3631 3704
3 3651 3641 3704
3 3660 3651 3704
3 3667 3660 3704
3 3675 3667 3704
3 3681 3675 3704
3 3688 3681 3704
3 3695 3688 3704
3 3700 3695 3704
3 3707 3710 3709
3 3707 3709 3706
3 3703 3707 3706
3 3703 3706 3702
3 3698 3703 3702
3 3698 3702 3697
3 3691 3698 3697
3 3691 3697 3690
3 3684 3691 3690
3 3684 3690 3683
3 3678 3684 3683
3 3678 3683 3677
3 3670 3678 3677
3 3670 3677 3669
3 3663 3670 3669
3 3663 3669 3662
3 3654 3663 3662
3 3654 3662 3653
3 3654 3653 3643
3 3644 3654 3643
3 3644 3643 3633
3 3634 3644 3633
3 3634 3633 3617
3 3618 3634 3617
3 3618 3617 3611
3 3612 3618 3611
3 3612 3611 3599
3 3600 3612 3599
3 3600 3599 3587
3 3588 3600 3587
3 3588 3587 3577
3 3578 3588 3577
3 3578 3577 3569
3 3570 3578 3569
3 3570 3569 3559
3 3560 3570 3559
3 3560 3559 3541
3 3542 3560 3541
3 3542 3541 3530
3 3531 3542 3530
3 3531 3530 3526
3 3527 3531 3526
3 3527 3526 3518
3 3519 3527 3518
3 3519 3518 3509
3 3510 3519 3509
3 3510 3509 3505
3 3506 3510 3505
3 3506 3505 3501
3 3502 3506 3501
3 3502 3501 3493
3 3494 3502 3493
3 3494 3493 3485
3 3486 3494 3485
3 3486 3485 3481
3 3482 3486 3481
3 3482 3481 3475
3 3476 3482 3475
3 3476 3475 3464
3 3465 3476 3464
3 3465 3464 3457
3 3458 3465 3457
3 3458 3457 3450
3 3451 3458 3450
3 3451 3450 3446
3 3447 3451 3446
3 3447 3446 3441
3 3442 3447 3441
3 3442 3441 3437
3 3438 3442 3437
3 3438 3437 3432
3 3433 3438 3432
3 3433 3432 3435
3 3436 3433 3435
3 3436 3435 3439
3 3440 3436 3439
3 3440 3439 3444
3 3445 3440 3444
3 3445 3444 3448
3 3449 3445 3448
3 3449 3448 3455
3 3456 3449 3455
3 3456 3455 3462
3 3463 3456 3462
3 3463 3462 3473
3 3474 3463 3473
3 3474 3473 3479
3 3480 3474 3479
3 3480 3479 3483
3 3484 3480 3483
3 3492 3484 3483
3 3492 3483 3491
3 3500 3492 3491
3 3500 3491 3499
3 3504 3500 3499
3 3504 3499 3503
3 3508 3504 3503
3 3508 3503 3507
3 3517 3508 3507
3 3517 3507 3516
3 3525 3517 3516
3 3525 3516 3524
3 3529 3525 3524
3 3529 3524 3528
3 3540 3529 3528
3 3540 3528 3539
3 3558 3540 3539
3 3558 3539 3557
3 3568 3558 3557
3 3568 3557 3567
3 3576 3568 3567
3 3576 3567 3575
3 3586 3576 3575
3 3586 3575 3585
3 3598 3586 3585
3 3598 3585 3597
3 3610 3598 3597
3 3610 3597 3609
3 3616 3610 3609
3 3616 3609 3615
3 3632 3616 3615
3 3632 3615 3631
3 3642 3632 3631
3 3642 3631 3641
3 3652 3642 3641
3 3652 3641 3651
3 3661 3652 3651
3 3661 3651 3660
3 3668 3661 3660
3 3668 3660 3667
3 3676 3668 3667
3 3676 3667 3675
3 3682 3676 3675
3 3682 3675 3681
3 3689 3682 3681
3 3689 3681 3688
3 3696 3689 3688
3 3696 3688 3695
3 3701 3696 3695
3 3701 3695 3700
3 3705 3701 3700
3 3705 3700 3704
3 3710 3705 3704
3 3710 3704 3709
3 3707 3710 3705
3 3703 3707 3705
3 3698 3703 3705
3 3691 3698 3705
3 3684 3691 3705
3 3678 3684 3705
3 3670 3678 3705
3 3663 3670 3705
3 3654 3663 3705
3 3644 3654 3705
3 3634 3644 3705
3 3618 3634 3705
3 3612 3618 3705
3 3600 3612 3705
3 3588 3600 3705
3 3578 3588 3705
3 3570 3578 3705
3 3560 3570 3705
3 3542 3560 3705
3 3531 3542 3705
3 3527 3531 3705
3 3519 3527 3705
3 3510 3519 3705
3 3506 3510 3705
3 3502 3506 3705
3 3494 3502 3705
3 3486 3494 3705
3 3482 3486 3705
3 3476 3482 3705
3 3465 3476 3705
3 3458 3465 3705
3 3451 3458 3705
3 3447 3451 3705
3 3442 3447 3705
3 3438 3442 3705
3 3433 3438 3705
3 3436 3433 3705
3 3440 3436 3705
3 3445 3440 3705
3 3449 3445 3705
3 3456 3449 3705
3 3463 3456 3705
3 3474 3463 3705
3 3480 3474 3705
3 3484 3480 3705
3 3492 3484 3705
3 3500 3492 3705
3 3504 3500 3705
3 3508 3504 3705
3 3517 3508 3705
3 3525 3517 3705
3 3529 3525 3705
3 3540 3529 3705
3 3558 3540 3705
3 3568 3558 3705
3 3576 3568 3705
3 3586 3576 3705
3 3598 3586 3705
3 3610 3598 3705
3 3616 3610 3705
3 3632 3616 3705
3 3642 3632 3705
3 3652 3642 3705
3 3661 3652 3705
3 3668 3661 3705
3 3676 3668 3705
3 3682 3676 3705
3 3689 3682 3705
3 3696 3689 3705
3 3701 3696 3705
3 4171 4912 4919
3 4178 4171 4919
3 4178 4179 4920
3 4178 4920 4919
3 4179 4920 4927
3 4186 4179 4927
3 4552 4555 4550
3 4548 4552 4550
3 4543 4548 4550
3 4537 4543 4550
3 4530 4537 4550
3 4520 4530 4550
3 4514 4520 4550
3 4507 4514 4550
3 4498 4507 4550
3 4485 4498 4550
3 4474 4485 4550
3 4466 4474 4550
3 4460 4466 4550
3 4448 4460 4550
3 4434 4448 4550
3 4425 4434 4550
3 4416 4425 4550
3 4404 4416 4550
3 4387 4404 4550
3 4377 4387 4550
3 4373 4377 4550
3 4365 4373 4550
3 4356 4365 4550
3 4352 4356 4550
3 4346 4352 4550
3 4338 4346 4550
3 4330 4338 4550
3 4326 4330 4550
3 4321 4326 4550
3 4313 4321 4550
3 4305 4313 4550
3 4300 4305 4550
3 4295 4300 4550
3 4290 4295 4550
3 4285 4290 4550
3 4283 4285 4550
3 4281 4283 4550
3 4288 4281 4550
3 4293 4288 4550
3 4298 4293 4550
3 4303 4298 4550
3 4311 4303 4550
3 4319 4311 4550
3 4324 4319 4550
3 4328 4324 4550
3 4336 4328 4550
3 4344 4336 4550
3 4350 4344 4550
3 4354 4350 4550
3 4363 4354 4550
3 4371 4363 4550
3 4375 4371 4550
3 4385 4375 4550
3 4402 4385 4550
3 4414 4402 4550
3 4423 4414 4550
3 4432 4423 4550
3 4446 4432 4550
3 4458 4446 4550
3 4464 4458 4550
3 4472 4464 4550
3 4483 4472 4550
3 4496 4483 4550
3 4505 4496 4550
3 4512 4505 4550
3 4518 4512 4550
3 4528 4518 4550
3 4535 4528 4550
3 4541 4535 4550
3 4546 4541 4550
3 4895 4898 4893
3 4891 4895 4893
3 4887 4891 4893
3 4882 4887 4893
3 4876 4882 4893
3 4867 4876 4893
3 4859 4867 4893
3 4855 4859 4893
3 4851 4855 4893
3 4847 4851 4893
3 4835 4847 4893
3 4825 4835 4893
3 4821 4825 4893
3 4817 4821 4893
3 4808 4817 4893
3 4799 4808 4893
3 4788 4799 4893
3 4763 4788 4893
3 4754 4763 4893
3 4745 4754 4893
3 4737 4745 4893
3 4727 4737 4893
3 4714 4727 4893
3 4703 4714 4893
3 4696 4703 4893
3 4684 4696 4893
3 4674 4684 4893
3 4666 4674 4893
3 4660 4666 4893
3 4654 4660 4893
3 4648 4654 4893
3 4641 4648 4893
3 4634 4641 4893
3 4629 4634 4893
3 4625 4629 4893
3 4619 4625 4893
3 4623 4619 4893
3 4627 4623 4893
3 4632 4627 4893
3 4639 4632 4893
3 4646 4639 4893
3 4652 4646 4893
3 4658 4652 4893
3 4664 4658 4893
3 4672 4664 4893
3 4682 4672 4893
3 4694 4682 4893
3 4701 4694 4893
3 4712 4701 4893
3 4725 4712 4893
3 4735 4725 4893
3 4743 4735 4893
3 4752 4743 4893
3 4761 4752 4893
3 4786 4761 4893
3 4797 4786 4893
3 4806 4797 4893
3 4815 4806 4893
3 4819 4815 4893
3 4823 4819 4893
3 4833 4823 4893
3 4845 4833 4893
3 4849 4845 4893
3 4853 4849 4893
3 4857 4853 4893
3 4865 4857 4893
3 4874 4865 4893
3 4880 4874 4893
3 4885 4880 4893
3 4889 4885 4893
3 4913 4172 4204
3 4954 4913 4204
3 4173 4172 4913
3 4914 4173 4913
3 4955 4914 4913
3 4955 4913 4954
3 4205 4955 4954
3 4205 4954 4204
3 4205 4204 4172
3 4173 4205 4172
3 4914 4173 4205
3 4955 4914 4205
3 4915 4174 4206
3 4956 4915 4206
3 4175 4174 4915
3 4916 4175 4915
3 4957 4916 4915
3 4957 4915 4956
3 4207 4957 4956
3 4207 4956 4206
3 4207 4206 4174
3 4175 4207 4174
3 4916 4175 4207
3 4957 4916 4207
3 4917 4176 4208
3 4958 4917 4208
3 4177 4176 4917
3 4918 4177 4917
3 4959 4918 4917
3 4959 4917 4958
3 4209 4959 4958
3 4209 4958 4208
3 4209 4208 4176
3 4177 4209 4176
3 4918 4177 4209
3 4959 4918 4209
3 4921 4180 4210
3 4960 4921 4210
3 4181 4180 4921
3 4922 4181 4921
3 4961 4922 4921
3 4961 4921 4960
3 4211 4961 4960
3 4211 4960 4210
3 4211 4210 4180
3 4181 4211 4180
3 4922 4181 4211
3 4961 4922 4211
3 4923 4182 4212
3 4962 4923 4212
3 4183 4182 4923
3 4924 4183 4923
3 4963 4924 4923
3 4963 4923 4962
3 4213 4963 4962
3 4213 4962 4212
3 4213 4212 4182
3 4183 4213 4182
3 4924 4183 4213
3 4963 4924 4213
3 4925 4184 4214
3 4964 4925 4214
3 4185 4184 4925
3 4926 4185 4925
3 4965 4926 4925
3 4965 4925 4964
3 4215 4965 4964
3 4215 4964 4214
3 4215 4214 4184
3 4185 4215 4184
3 4926 4185 4215
3 4965 4926 4215
3 4895 4898 4893
3 4891 4895 4893
3 4887 4891 4893
3 4882 4887 4893
3 4876 4882 4893
3 4867 4876 4893
3 4859 4867 4893
3 4855 4859 4893
3 4851 4855 4893
3 4847 4851 4893
3 4835 4847 4893
3 4825 4835 4893
3 4821 4825 4893
3 4817 4821 4893
3 4808 4817 4893
3 4799 4808 4893
3 4788 4799 4893
3 4763 4788 4893
3 4754 4763 4893
3 4745 4754 4893
3 4737 4745 4893
3 4727 4737 4893
3 4714 4727 4893
3 4703 4714 4893
3 4696 4703 4893
3 4684 4696 4893
3 4674 4684 4893
3 4666 4674 4893
3 4660 4666 4893
3 4654 4660 4893
3 4648 4654 4893
3 4641 4648 4893
3 4634 4641 4893
3 4629 4634 4893
3 4625 4629 4893
3 4619 4625 4893
3 4623 4619 4893
3 4627 4623 4893
3 4632 4627 4893
3 4639 4632 4893
3 4646 4639 4893
3 4652 4646 4893
3 4658 4652 4893
3 4664 4658 4893
3 4672 4664 4893
3 4682 4672 4893
3 4694 4682 4893
3 4701 4694 4893
3 4712 4701 4893
3 4725 4712 4893
3 4735 4725 4893
3 4743 4735 4893
3 4752 4743 4893
3 4761 4752 4893
3 4786 4761 4893
3 4797 4786 4893
3 4806 4797 4893
3 4815 4806 4893
3 4819 4815 4893
3 4823 4819 4893
3 4833 4823 4893
3 4845 4833 4893
3 4849 4845 4893
3 4853 4849 4893
3 4857 4853 4893
3 4865 4857 4893
3 4874 4865 4893
3 4880 4874 4893
3 4885 4880 4893
3 4889 4885 4893
3 4896 4899 4898
3 4896 4898 4895
3 4892 4896 4895
3 4892 4895 4891
3 4888 4892 4891
3 4888 4891 4887
3 4883 4888 4887
3 4883 4887 4882
3 4877 4883 4882
3 4877 4882 4876
3 4868 4877 4876
3 4868 4876 4867
3 4860 4868 4867
3 4860 4867 4859
3 4856 4860 4859
3 4856 4859 4855
3 4852 4856 4855
3 4852 4855 4851
3 4852 4851 4847
3 4848 4852 4847
3 4848 4847 4835
3 4836 4848 4835
3 4836 4835 4825
3 4826 4836 4825
3 4826 4825 4821
3 4822 4826 4821
3 4822 4821 4817
3 4818 4822 4817
3 4818 4817 4808
3 4809 4818 4808
3 4809 4808 4799
3 4800 4809 4799
3 4800 4799 4788
3 4789 4800 4788
3 4789 4788 4763
3 4764 4789 4763
3 4764 4763 4754
3 4755 4764 4754
3 4755 4754 4745
3 4746 4755 4745
3 4746 4745 4737
3 4738 4746 4737
3 4738 4737 4727
3 4728 4738 4727
3 4728 4727 4714
3 4715 4728 4714
3 4715 4714 4703
3 4704 4715 4703
3 4704 4703 4696
3 4697 4704 4696
3 4697 4696 4684
3 4685 4697 4684
3 4685 4684 4674
3 4675 4685 4674
3 4675 4674 4666
3 4667 4675 4666
3 4667 4666 4660
3 4661 4667 4660
3 4661 4660 4654
3 4655 4661 4654
3 4655 4654 4648
3 4649 4655 4648
3 4649 4648 4641
3 4642 4649 4641
3 4642 4641 4634
3 4635 4642 4634
3 4635 4634 4629
3 4630 4635 4629
3 4630 4629 4625
3 4626 4630 4625
3 4626 4625 4619
3 4620 4626 4619
3 4620 4619 4623
3 4624 4620 4623
3 4624 4623 4627
3 4628 4624 4627
3 4628 4627 4632
3 4633 4628 4632
3 4633 4632 4639
3 4640 4633 4639
3 4640 4639 4646
3 4647 4640 4646
3 4647 4646 4652
3 4653 4647 4652
3 4653 4652 4658
3 4659 4653 4658
3 4659 4658 4664
3 4665 4659 4664
3 4665 4664 4672
3 4673 4665 4672
3 4683 4673 4672
3 4683 4672 4682
3 4695 4683 4682
3 4695 4682 4694
3 4702 4695 4694
3 4702 4694 4701
3 4713 4702 4701
3 4713 4701 4712
3 4726 4713 4712
3 4726 4712 4725
3 4736 4726 4725
3 4736 4725 4735
3 4744 4736 4735
3 4744 4735 4743
3 4753 4744 4743
3 4753 4743 4752
3 4762 4753 4752
3 4762 4752 4761
3 4787 4762 4761
3 4787 4761 4786
3 4798 4787 4786
3 4798 4786 4797
3 4807 4798 4797
3 4807 4797 4806
3 4816 4807 4806
3 4816 4806 4815
3 4820 4816 4815
3 4820 4815 4819
3 4824 4820 4819
3 4824 4819 4823
3 4834 4824 4823
3 4834 4823 4833
3 4846 4834 4833
3 4846 4833 4845
3 4850 4846 4845
3 4850 4845 4849
3 4854 4850 4849
3 4854 4849 4853
3 4858 4854 4853
3 4858 4853 4857
3 4866 4858 4857
3 4866 4857 4865
3 4875 4866 4865
3 4875 4865 4874
3 4881 4875 4874
3 4881 4874 4880
3 4886 4881 4880
3 4886 4880 4885
3 4890 4886 4885
3 4890 4885 4889
3 4894 4890 4889
3 4894 4889 4893
3 4899 4894 4893
3 4899 4893 4898
3 4896 4899 4894
3 4892 4896 4894
3 4888 4892 4894
3 4883 4888 4894
3 4877 4883 4894
3 4868 4877 4894
3 4860 4868 4894
3 4856 4860 4894
3 4852 4856 4894
3 4848 4852 4894
3 4836 4848 4894
3 4826 4836 4894
3 4822 4826 4894
3 4818 4822 4894
3 4809 4818 4894
3 4800 4809 4894
3 4789 4800 4894
3 4764 4789 4894
3 4755 4764 4894
3 4746 4755 4894
3 4738 4746 4894
3 4728 4738 4894
3 4715 4728 4894
3 4704 4715 4894
3 4697 4704 4894
3 4685 4697 4894
3 4675 4685 4894
3 4667 4675 4894
3 4661 4667 4894
3 4655 4661 4894
3 4649 4655 4894
3 4642 4649 4894
3 4635 4642 4894
3 4630 4635 4894
3 4626 4630 4894
3 4620 4626 4894
3 4624 4620 4894
3 4628 4624 4894
3 4633 4628 4894
3 4640 4633 4894
3 4647 4640 4894
3 4653 4647 4894
3 4659 4653 4894
3 4665 4659 4894
3 4673 4665 4894
3 4683 4673 4894
3 4695 4683 4894
3 4702 4695 4894
3 4713 4702 4894
3 4726 4713 4894
3 4736 4726 4894
3 4744 4736 4894
3 4753 4744 4894
3 4762 4753 4894
3 4787 4762 4894
3 4798 4787 4894
3 4807 4798 4894
3 4816 4807 4894
3 4820 4816 4894
3 4824 4820 4894
3 4834 4824 4894
3 4846 4834 4894
3 4850 4846 4894
3 4854 4850 4894
3 4858 4854 4894
3 4866 4858 4894
3 4875 4866 4894
3 4881 4875 4894
3 4886 4881 4894
3 4890 4886 4894
3 4552 4555 4550
3 4548 4552 4550
3 4543 4548 4550
3 4537 4543 4550
3 4530 4537 4550
3 4520 4530 4550
3 4514 4520 4550
3 4507 4514 4550
3 4498 4507 4550
3 4485 4498 4550
3 4474 4485 4550
3 4466 4474 4550
3 4460 4466 4550
3 4448 4460 4550
3 4434 4448 4550
3 4425 4434 4550
3 4416 4425 4550
3 4404 4416 4550
3 4387 4404 4550
3 4377 4387 4550
3 4373 4377 4550
3 4365 4373 4550
3 4356 4365 4550
3 4352 4356 4550
3 4346 4352 4550
3 4338 4346 4550
3 4330 4338 4550
3 4326 4330 4550
3 4321 4326 4550
3 4313 4321 4550
3 4305 4313 4550
3 4300 4305 4550
3 4295 4300 4550
3 4290 4295 4550
3 4285 4290 4550
3 4283 4285 4550
3 4281 4283 4550
3 4288 4281 4550
3 4293 4288 4550
3 4298 4293 4550
3 4303 4298 4550
3 4311 4303 4550
3 4319 4311 4550
3 4324 4319 4550
3 4328 4324 4550
3 4336 4328 4550
3 4344 4336 4550
3 4350 4344 4550
3 4354 4350 4550
3 4363 4354 4550
3 4371 4363 4550
3 4375 4371 4550
3 4385 4375 4550
3 4402 4385 4550
3 4414 4402 4550
3 4423 4414 4550
3 4432 4423 4550
3 4446 4432 4550
3 4458 4446 4550
3 4464 4458 4550
3 4472 4464 4550
3 4483 4472 4550
3 4496 4483 4550
3 4505 4496 4550
3 4512 4505 4550
3 4518 4512 4550
3 4528 4518 4550
3 4535 4528 4550
3 4541 4535 4550
3 4546 4541 4550
3 4553 4556 4555
3 4553 4555 4552
3 4549 4553 4552
3 4549 4552 4548
3 4544 4549 4548
3 4544 4548 4543
3 4538 4544 4543
3 4538 4543 4537
3 4531 4538 4537
3 4531 4537 4530
3 4521 4531 4530
3 4521 4530 4520
3 4515 4521 4520
3 4515 4520 4514
3 4508 4515 4514
3 4508 4514 4507
3 4499 4508 4507
3 4499 4507 4498
3 4499 4498 4485
3 4486 4499 4485
3 4486 4485 4474
3 4475 4486 4474
3 4475 4474 4466
3 4467 4475 4466
3 4467 4466 4460
3 4461 4467 4460
3 4461 4460 4448
3 4449 4461 4448
3 4449 4448 4434
3 4435 4449 4434
3 4435 4434 4425
3 4426 4435 4425
3 4426 4425 4416
3 4417 4426 4416
3 4417 4416 4404
3 4405 4417 4404
3 4405 4404 4387
3 4388 4405 4387
3 4388 4387 4377
3 4378 4388 4377
3 4378 4377 4373
3 4374 4378 4373
3 4374 4373 4365
3 4366 4374 4365
3 4366 4365 4356
3 4357 4366 4356
3 4357 4356 4352
3 4353 4357 4352
3 4353 4352 4346
3 4347 4353 4346
3 4347 4346 4338
3 4339 4347 4338
3 4339 4338 4330
3 4331 4339 4330
3 4331 4330 4326
3 4327 4331 4326
3 4327 4326 4321
3 4322 4327 4321
3 4322 4321 4313
3 4314 4322 4313
3 4314 4313 4305
3 4306 4314 4305
3 4306 4305 4300
3 4301 4306 4300
3 4301 4300 4295
3 4296 4301 4295
3 4296 4295 4290
3 4291 4296 4290
3 4291 4290 4285
3 4286 4291 4285
3 4286 4285 4283
3 4284 4286 4283
3 4284 4283 4281
3 4282 4284 4281
3 4282 4281 4288
3 4289 4282 4288
3 4289 4288 4293
3 4294 4289 4293
3 4294 4293 4298
3 4299 4294 4298
3 4299 4298 4303
3 4304 4299 4303
3 4304 4303 4311
3 4312 4304 4311
3 4312 4311 4319
3 4320 4312 4319
3 4320 4319 4324
3 4325 4320 4324
3 4325 4324 4328
3 4329 4325 4328
3 4337 4329 4328
3 4337 4328 4336
3 4345 4337 4336
3 4345 4336 4344
3 4351 4345 4344
3 4351 4344 4350
3 4355 4351 4350
3 4355 4350 4354
3 4364 4355 4354
3 4364 4354 4363
3 4372 4364 4363
3 4372 4363 4371
3 4376 4372 4371
3 4376 4371 4375
3 4386 4376 4375
3 4386 4375 4385
3 4403 4386 4385
3 4403 4385 4402
3 4415 4403 4402
3 4415 4402 4414
3 4424 4415 4414
3 4424 4414 4423
3 4433 4424 4423
3 4433 4423 4432
3 4447 4433 4432
3 4447 4432 4446
3 4459 4447 4446
3 4459 4446 4458
3 4465 4459 4458
3 4465 4458 4464
3 4473 4465 4464
3 4473 4464 4472
3 4484 4473 4472
3 4484 4472 4483
3 4497 4484 4483
3 4497 4483 4496
3 4506 4497 4496
3 4506 4496 4505
3 4513 4506 4505
3 4513 4505 4512
3 4519 4513 4512
3 4519 4512 4518
3 4529 4519 4518
3 4529 4518 4528
3 4536 4529 4528
3 4536 4528 4535
3 4542 4536 4535
3 4542 4535 4541
3 4547 4542 4541
3 4547 4541 4546
3 4551 4547 4546
3 4551 4546 4550
3 4556 4551 4550
3 4556 4550 4555
3 4553 4556 4551
3 4549 4553 4551
3 4544 4549 4551
3 4538 4544 4551
3 4531 4538 4551
3 4521 4531 4551
3 4515 4521 4551
3 4508 4515 4551
3 4499 4508 4551
3 4486 4499 4551
3 4475 4486 4551
3 4467 4475 4551
3 4461 4467 4551
3 4449 4461 4551
3 4435 4449 4551
3 4426 4435 4551
3 4417 4426 4551
3 4405 4417 4551
3 4388 4405 4551
3 4378 4388 4551
3 4374 4378 4551
3 4366 4374 4551
3 4357 4366 4551
3 4353 4357 4551
3 4347 4353 4551
3 4339 4347 4551
3 4331 4339 4551
3 4327 4331 4551
3 4322 4327 4551
3 4314 4322 4551
3 4306 4314 4551
3 4301 4306 4551
3 4296 4301 4551
3 4291 4296 4551
3 4286 4291 4551
3 4284 4286 4551
3 4282 4284 4551
3 4289 4282 4551
3 4294 4289 4551
3 4299 4294 4551
3 4304 4299 4551
3 4312 4304 4551
3 4320 4312 4551
3 4325 4320 4551
3 4329 4325 4551
3 4337 4329 4551
3 4345 4337 4551
3 4351 4345 4551
3 4355 4351 4551
3 4364 4355 4551
3 4372 4364 4551
3 4376 4372 4551
3 4386 4376 4551
3 4403 4386 4551
3 4415 4403 4551
3 4424 4415 4551
3 4433 4424 4551
3 4447 4433 4551
3 4459 4447 4551
3 4465 4459 4551
3 4473 4465 4551
3 4484 4473 4551
3 4497 4484 4551
3 4506 4497 4551
3 4513 4506 4551
3 4519 4513 4551
3 4529 4519 4551
3 4536 4529 4551
3 4542 4536 4551
3 4547 4542 4551
3 5042 5767 5774
3 5049 5042 5774
3 5049 5050 5775
3 5049 5775 5774
3 5050 5775 5782
3 5057 5050 5782
3 5421 5424 5419
3 5417 5421 5419
3 5412 5417 5419
3 5406 5412 5419
3 5399 5406 5419
3 5393 5399 5419
3 5386 5393 5419
3 5380 5386 5419
3 5371 5380 5419
3 5360 5371 5419
3 5348 5360 5419
3 5340 5348 5419
3 5333 5340 5419
3 5319 5333 5419
3 5307 5319 5419
3 5300 5307 5419
3 5290 5300 5419
3 5279 5290 5419
3 5261 5279 5419
3 5249 5261 5419
3 5241 5249 5419
3 5232 5241 5419
3 5223 5232 5419
3 5217 5223 5419
3 5213 5217 5419
3 5205 5213 5419
3 5197 5205 5419
3 5193 5197 5419
3 5189 5193 5419
3 5180 5189 5419
3 5172 5180 5419
3 5167 5172 5419
3 5162 5167 5419
3 5156 5162 5419
3 5152 5156 5419
3 5150 5152 5419
3 5148 5150 5419
3 5154 5148 5419
3 5160 5154 5419
3 5165 5160 5419
3 5170 5165 5419
3 5178 5170 5419
3 5187 5178 5419
3 5191 5187 5419
3 5195 5191 5419
3 5203 5195 5419
3 5211 5203 5419
3 5215 5211 5419
3 5221 5215 5419
3 5230 5221 5419
3 5239 5230 5419
3 5247 5239 5419
3 5259 5247 5419
3 5277 5259 5419
3 5288 5277 5419
3 5298 5288 5419
3 5305 5298 5419
3 5317 5305 5419
3 5331 5317 5419
3 5338 5331 5419
3 5346 5338 5419
3 5358 5346 5419
3 5369 5358 5419
3 5378 5369 5419
3 5384 5378 5419
3 5391 5384 5419
3 5397 5391 5419
3 5404 5397 5419
3 5410 5404 5419
3 5415 5410 5419
3 5752 5755 5750
3 5748 5752 5750
3 5744 5748 5750
3 5739 5744 5750
3 5733 5739 5750
3 5726 5733 5750
3 5716 5726 5750
3 5712 5716 5750
3 5708 5712 5750
3 5703 5708 5750
3 5695 5703 5750
3 5687 5695 5750
3 5682 5687 5750
3 5677 5682 5750
3 5667 5677 5750
3 5659 5667 5750
3 5648 5659 5750
3 5632 5648 5750
3 5622 5632 5750
3 5613 5622 5750
3 5604 5613 5750
3 5596 5604 5750
3 5584 5596 5750
3 5574 5584 5750
3 5566 5574 5750
3 5550 5566 5750
3 5535 5550 5750
3 5526 5535 5750
3 5518 5526 5750
3 5512 5518 5750
3 5506 5512 5750
3 5499 5506 5750
3 5493 5499 5750
3 5488 5493 5750
3 5483 5488 5750
3 5481 5483 5750
3 5479 5481 5750
3 5486 5479 5750
3 5491 5486 5750
3 5497 5491 5750
3 5504 5497 5750
3 5510 5504 5750
3 5516 5510 5750
3 5524 5516 5750
3 5533 5524 5750
3 5548 5533 5750
3 5564 5548 5750
3 5572 5564 5750
3 5582 5572 5750
3 5594 5582 5750
3 5602 5594 5750
3 5611 5602 5750
3 5620 5611 5750
3 5630 5620 5750
3 5646 5630 5750
3 5657 5646 5750
3 5665 5657 5750
3 5675 5665 5750
3 5680 5675 5750
3 5685 5680 5750
3 5693 5685 5750
3 5701 5693 5750
3 5706 5701 5750
3 5710 5706 5750
3 5714 5710 5750
3 5724 5714 5750
3 5731 5724 5750
3 5737 5731 5750
3 5742 5737 5750
3 5746 5742 5750
3 5768 5043 5063
3 5807 5768 5063
3 5044 5043 5768
3 5769 5044 5768
3 5808 5769 5768
3 5808 5768 5807
3 5064 5808 5807
3 5064 5807 5063
3 5064 5063 5043
3 5044 5064 5043
3 5769 5044 5064
3 5808 5769 5064
3 5770 5045 5065
3 5809 5770 5065
3 5046 5045 5770
3 5771 5046 5770
3 5810 5771 5770
3 5810 5770 5809
3 5066 5810 5809
3 5066 5809 5065
3 5066 5065 5045
3 5046 5066 5045
3 5771 5046 5066
3 5810 5771 5066
3 5772 5047 5067
3 5811 5772 5067
3 5048 5047 5772
3 5773 5048 5772
3 5812 5773 5772
3 5812 5772 5811
3 5068 5812 5811
3 5068 5811 5067
3 5068 5067 5047
3 5048 5068 5047
3 5773 5048 5068
3 5812 5773 5068
3 5776 5051 5069
3 5813 5776 5069
3 5052 5051 5776
3 5777 5052 5776
3 5814 5777 5776
3 5814 5776 5813
3 5070 5814 5813
3 5070 5813 5069
3 5070 5069 5051
3 5052 5070 5051
3 5777 5052 5070
3 5814 5777 5070
3 5778 5053 5071
3 5815 5778 5071
3 5054 5053 5778
3 5779 5054 5778
3 5816 5779 5778
3 5816 5778 5815
3 5072 5816 5815
3 5072 5815 5071
3 5072 5071 5053
3 5054 5072 5053
3 5779 5054 5072
3 5816 5779 5072
3 5780 5055 5073
3 5817 5780 5073
3 5056 5055 5780
3 5781 5056 5780
3 5818 5781 5780
3 5818 5780 5817
3 5074 5818 5817
3 5074 5817 5073
3 5074 5073 5055
3 5056 5074 5055
3 5781 5056 5074
3 5818 5781 5074
3 5752 5755 5750
3 5748 5752 5750
3 5744 5748 5750
3 5739 5744 5750
3 5733 5739 5750
3 5726 5733 5750
3 5716 5726 5750
3 5712 5716 5750
3 5708 5712 5750
3 5703 5708 5750
3 5695 5703 5750
3 5687 5695 5750
3 5682 5687 5750
3 5677 5682 5750
3 5667 5677 5750
3 5659 5667 5750
3 5648 5659 5750
3 5632 5648 5750
3 5622 5632 5750
3 5613 5622 5750
3 5604 5613 5750
3 5596 5604 5750
3 5584 5596 5750
3 5574 5584 5750
3 5566 5574 5750
3 5550 5566 5750
3 5535 5550 5750
3 5526 5535 5750
3 5518 5526 5750
3 5512 5518 5750
3 5506 5512 5750
3 5499 5506 5750
3 5493 5499 5750
3 5488 5493 5750
3 5483 5488 5750
3 5481 5483 5750
3 5479 5481 5750
3 5486 5479 5750
3 5491 5486 5750
3 5497 5491 5750
3 5504 5497 5750
3 5510 5504 5750
3 5516 5510 5750
3 5524 5516 5750
3 5533 5524 5750
3 5548 5533 5750
3 5564 5548 5750
3 5572 5564 5750
3 5582 5572 5750
3 5594 5582 5750
3 5602 5594 5750
3 5611 5602 5750
3 5620 5611 5750
3 5630 5620 5750
3 5646 5630 5750
3 5657 5646 5750
3 5665 5657 5750
3 5675 5665 5750
3 5680 5675 5750
3 5685 5680 5750
3 5693 5685 5750
3 5701 5693 5750
3 5706 5701 5750
3 5710 5706 5750
3 5714 5710 5750
3 5724 5714 5750
3 5731 5724 5750
3 5737 5731 5750
3 5742 5737 5750
3 5746 5742 5750
3 5753 5756 5755
3 5753 5755 5752
3 5749 5753 5752
3 5749 5752 5748
3 5745 5749 5748
3 5745 5748 5744
3 5740 5745 5744
3 5740 5744 5739
3 5734 5740 5739
3 5734 5739 5733
3 5727 5734 5733
3 5727 5733 5726
3 5717 5727 5726
3 5717 5726 5716
3 5713 5717 5716
3 5713 5716 5712
3 5709 5713 5712
3 5709 5712 5708
3 5709 5708 5703
3 5704 5709 5703
3 5704 5703 5695
3 5696 5704 5695
3 5696 5695 5687
3 5688 5696 5687
3 5688 5687 5682
3 5683 5688 5682
3 5683 5682 5677
3 5678 5683 5677
3 5678 5677 5667
3 5668 5678 5667
3 5668 5667 5659
3 5660 5668 5659
3 5660 5659 5648
3 5649 5660 5648
3 5649 5648 5632
3 5633 5649 5632
3 5633 5632 5622
3 5623 5633 5622
3 5623 5622 5613
3 5614 5623 5613
3 5614 5613 5604
3 5605 5614 5604
3 5605 5604 5596
3 5597 5605 5596
3 5597 5596 5584
3 5585 5597 5584
3 5585 5584 5574
3 5575 5585 5574
3 5575 5574 5566
3 5567 5575 5566
3 5567 5566 5550
3 5551 5567 5550
3 5551 5550 5535
3 5536 5551 5535
3 5536 5535 5526
3 5527 5536 5526
3 5527 5526 5518
3 5519 5527 5518
3 5519 5518 5512
3 5513 5519 5512
3 5513 5512 5506
3 5507 5513 5506
3 5507 5506 5499
3 5500 5507 5499
3 5500 5499 5493
3 5494 5500 5493
3 5494 5493 5488
3 5489 5494 5488
3 5489 5488 5483
3 5484 5489 5483
3 5484 5483 5481
3 5482 5484 5481
3 5482 5481 5479
3 5480 5482 5479
3 5480 5479 5486
3 5487 5480 5486
3 5487 5486 5491
3 5492 5487 5491
3 5492 5491 5497
3 5498 5492 5497
3 5498 5497 5504
3 5505 5498 5504
3 5505 5504 5510
3 5511 5505 5510
3 5511 5510 5516
3 5517 5511 5516
3 5517 5516 5524
3 5525 5517 5524
3 5525 5524 5533
3 5534 5525 5533
3 5549 5534 5533
3 5549 5533 5548
3 5565 5549 5548
3 5565 5548 5564
3 5573 5565 5564
3 5573 5564 5572
3 5583 5573 5572
3 5583 5572 5582
3 5595 5583 5582
3 5595 5582 5594
3 5603 5595 5594
3 5603 5594 5602
3 5612 5603 5602
3 5612 5602 5611
3 5621 5612 5611
3 5621 5611 5620
3 5631 5621 5620
3 5631 5620 5630
3 5647 5631 5630
3 5647 5630 5646
3 5658 5647 5646
3 5658 5646 5657
3 5666 5658 5657
3 5666 5657 5665
3 5676 5666 5665
3 5676 5665 5675
3 5681 5676 5675
3 5681 5675 5680
3 5686 5681 5680
3 5686 5680 5685
3 5694 5686 5685
3 5694 5685 5693
3 5702 5694 5693
3 5702 5693 5701
3 5707 5702 5701
3 5707 5701 5706
3 5711 5707 5706
3 5711 5706 5710
3 5715 5711 5710
3 5715 5710 5714
3 5725 5715 5714
3 5725 5714 5724
3 5732 5725 5724
3 5732 5724 5731
3 5738 5732 5731
3 5738 5731 5737
3 5743 5738 5737
3 5743 5737 5742
3 5747 5743 5742
3 5747 5742 5746
3 5751 5747 5746
3 5751 5746 5750
3 5756 5751 5750
3 5756 5750 5755
3 5753 5756 5751
3 5749 5753 5751
3 5745 5749 5751
3 5740 5745 5751
3 5734 5740 5751
3 5727 5734 5751
3 5717 5727 5751
3 5713 5717 5751
3 5709 5713 5751
3 5704 5709 5751
3 5696 5704 5751
3 5688 5696 5751
3 5683 5688 5751
3 5678 5683 5751
3 5668 5678 5751
3 5660 5668 5751
3 5649 5660 5751
3 5633 5649 5751
3 5623 5633 5751
3 5614 5623 5751
3 5605 5614 5751
3 5597 5605 5751
3 5585 5597 5751
3 5575 5585 5751
3 5567 5575 5751
3 5551 5567 5751
3 5536 5551 5751
3 5527 5536 5751
3 5519 5527 5751
3 5513 5519 5751
3 5507 5513 5751
3 5500 5507 5751
3 5494 5500 5751
3 5489 5494 5751
3 5484 5489 5751
3 5482 5484 5751
3 5480 5482 5751
3 5487 5480 5751
3 5492 5487 5751
3 5498 5492 5751
3 5505 5498 5751
3 5511 5505 5751
3 5517 5511 5751
3 5525 5517 5751
3 5534 5525 5751
3 5549 5534 5751
3 5565 5549 5751
3 5573 5565 5751
3 5583 5573 5751
3 5595 5583 5751
3 5603 5595 5751
3 5612 5603 5751
3 5621 5612 5751
3 5631 5621 5751
3 5647 5631 5751
3 5658 5647 5751
3 5666 5658 5751
3 5676 5666 5751
3 5681 5676 5751
3 5686 5681 5751
3 5694 5686 5751
3 5702 5694 5751
3 5707 5702 5751
3 5711 5707 5751
3 5715 5711 5751
3 5725 5715 5751
3 5732 5725 5751
3 5738 5732 5751
3 5743 5738 5751
3 5747 5743 5751
3 5421 5424 5419
3 5417 5421 5419
3 5412 5417 5419
3 5406 5412 5419
3 5399 5406 5419
3 5393 5399 5419
3 5386 5393 5419
3 5380 5386 5419
3 5371 5380 5419
3 5360 5371 5419
3 5348 5360 5419
3 5340 5348 5419
3 5333 5340 5419
3 5319 5333 5419
3 5307 5319 5419
3 5300 5307 5419
3 5290 5300 5419
3 5279 5290 5419
3 5261 5279 5419
3 5249 5261 5419
3 5241 5249 5419
3 5232 5241 5419
3 5223 5232 5419
3 5217 5223 5419
3 5213 5217 5419
3 5205 5213 5419
3 5197 5205 5419
3 5193 5197 5419
3 5189 5193 5419
3 5180 5189 5419
3 5172 5180 5419
3 5167 5172 5419
3 5162 5167 5419
3 5156 5162 5419
3 5152 5156 5419
3 5150 5152 5419
3 5148 5150 5419
3 5154 5148 5419
3 5160 5154 5419
3 5165 5160 5419
3 5170 5165 5419
3 5178 5170 5419
3 5187 5178 5419
3 5191 5187 5419
3 5195 5191 5419
3 5203 5195 5419
3 5211 5203 5419
3 5215 5211 5419
3 5221 5215 5419
3 5230 5221 5419
3 5239 5230 5419
3 5247 5239 5419
3 5259 5247 5419
3 5277 5259 5419
3 5288 5277 5419
3 5298 5288 5419
3 5305 5298 5419
3 5317 5305 5419
3 5331 5317 5419
3 5338 5331 5419
3 5346 5338 5419
3 5358 5346 5419
3 5369 5358 5419
3 5378 5369 5419
3 5384 5378 5419
3 5391 5384 5419
3 5397 5391 5419
3 5404 5397 5419
3 5410 5404 5419
3 5415 5410 5419
3 5422 5425 5424
3 5422 5424 5421
3 5418 5422 5421
3 5418 5421 5417
3 5413 5418 5417
3 5413 5417 5412
3 5407 5413 5412
3 5407 5412 5406
3 5400 5407 5406
3 5400 5406 5399
3 5394 5400 5399
3 5394 5399 5393
3 5387 5394 5393
3 5387 5393 5386
3 5381 5387 5386
3 5381 5386 5380
3 5372 5381 5380
3 5372 5380 5371
3 5372 5371 5360
3 5361 5372 5360
3 5361 5360 5348
3 5349 5361 5348
3 5349 5348 5340
3 5341 5349 5340
3 5341 5340 5333
3 5334 5341 5333
3 5334 5333 5319
3 5320 5334 5319
3 5320 5319 5307
3 5308 5320 5307
3 5308 5307 5300
3 5301 5308 5300
3 5301 5300 5290
3 5291 5301 5290
3 5291 5290 5279
3 5280 5291 5279
3 5280 5279 5261
3 5262 5280 5261
3 5262 5261 5249
3 5250 5262 5249
3 5250 5249 5241
3 5242 5250 5241
3 5242 5241 5232
3 5233 5242 5232
3 5233 5232 5223
3 5224 5233 5223
3 5224 5223 5217
3 5218 5224 5217
3 5218 5217 5213
3 5214 5218 5213
3 5214 5213 5205
3 5206 5214 5205
3 5206 5205 5197
3 5198 5206 5197
3 5198 5197 5193
3 5194 5198 5193
3 5194 5193 5189
3 5190 5194 5189
3 5190 5189 5180
3 5181 5190 5180
3 5181 5180 5172
3 5173 5181 5172
3 5173 5172 5167
3 5168 5173 5167
3 5168 5167 5162
3 5163 5168 5162
3 5163 5162 5156
3 5157 5163 5156
3 5157 5156 5152
3 5153 5157 5152
3 5153 5152 5150
3 5151 5153 5150
3 5151 5150 5148
3 5149 5151 5148
3 5149 5148 5154
3 5155 5149 5154
3 5155 5154 5160
3 5161 5155 5160
3 5161 5160 5165
3 5166 5161 5165
3 5166 5165 5170
3 5171 5166 5170
3 5171 5170 5178
3 5179 5171 5178
3 5179 5178 5187
3 5188 5179 5187
3 5188 5187 5191
3 5192 5188 5191
3 5192 5191 5195
3 5196 5192 5195
3 5204 5196 5195
3 5204 5195 5203
3 5212 5204 5203
3 5212 5203 5211
3 5216 5212 5211
3 5216 5211 5215
3 5222 5216 5215
3 5222 5215 5221
3 5231 5222 5221
3 5231 5221 5230
3 5240 5231 5230
3 5240 5230 5239
3 5248 5240 5239
3 5248 5239 5247
3 5260 5248 5247
3 5260 5247 5259
3 5278 5260 5259
3 5278 5259 5277
3 5289 5278 5277
3 5289 5277 5288
3 5299 5289 5288
3 5299 5288 5298
3 5306 5299 5298
3 5306 5298 5305
3 5318 5306 5305
3 5318 5305 5317
3 5332 5318 5317
3 5332 5317 5331
3 5339 5332 5331
3 5339 5331 5338
3 5347 5339 5338
3 5347 5338 5346
3 5359 5347 5346
3 5359 5346 5358
3 5370 5359 5358
3 5370 5358 5369
3 5379 5370 5369
3 5379 5369 5378
3 5385 5379 5378
3 5385 5378 5384
3 5392 5385 5384
3 5392 5384 5391
3 5398 5392 5391
3 5398 5391 5397
3 5405 5398 5397
3 5405 5397 5404
3 5411 5405 5404
3 5411 5404 5410
3 5416 5411 5410
3 5416 5410 5415
3 5420 5416 5415
3 5420 5415 5419
3 5425 5420 5419
3 5425 5419 5424
3 5422 5425 5420
3 5418 5422 5420
3 5413 5418 5420
3 5407 5413 5420
3 5400 5407 5420
3 5394 5400 5420
3 5387 5394 5420
3 5381 5387 5420
3 5372 5381 5420
3 5361 5372 5420
3 5349 5361 5420
3 5341 5349 5420
3 5334 5341 5420
3 5320 5334 5420
3 5308 5320 5420
3 5301 5308 5420
3 5291 5301 5420
3 5280 5291 5420
3 5262 5280 5420
3 5250 5262 5420
3 5242 5250 5420
3 5233 5242 5420
3 5224 5233 5420
3 5218 5224 5420
3 5214 5218 5420
3 5206 5214 5420
3 5198 5206 5420
3 5194 5198 5420
3 5190 5194 5420
3 5181 5190 5420
3 5173 5181 5420
3 5168 5173 5420
3 5163 5168 5420
3 5157 5163 5420
3 5153 5157 5420
3 5151 5153 5420
3 5149 5151 5420
3 5155 5149 5420
3 5161 5155 5420
3 5166 5161 5420
3 5171 5166 5420
3 5179 5171 5420
3 5188 5179 5420
3 5192 5188 5420
3 5196 5192 5420
3 5204 5196 5420
3 5212 5204 5420
3 5216 5212 5420
3 5222 5216 5420
3 5231 5222 5420
3 5240 5231 5420
3 5248 5240 5420
3 5260 5248 5420
3 5278 5260 5420
3 5289 5278 5420
3 5299 5289 5420
3 5306 5299 5420
3 5318 5306 5420
3 5332 5318 5420
3 5339 5332 5420
3 5347 5339 5420
3 5359 5347 5420
3 5370 5359 5420
3 5379 5370 5420
3 5385 5379 5420
3 5392 5385 5420
3 5398 5392 5420
3 5405 5398 5420
3 5411 5405 5420
3 5416 5411 5420
3 5892 6620 6627
3 5899 5892 6627
3 5899 5900 6628
3 5899 6628 6627
3 5900 6628 6635
3 5907 5900 6635
3 6269 6272 6267
3 6265 6269 6267
3 6260 6265 6267
3 6254 6260 6267
3 6247 6254 6267
3 6241 6247 6267
3 6233 6241 6267
3 6227 6233 6267
3 6219 6227 6267
3 6208 6219 6267
3 6195 6208 6267
3 6187 6195 6267
3 6181 6187 6267
3 6166 6181 6267
3 6150 6166 6267
3 6143 6150 6267
3 6134 6143 6267
3 6126 6134 6267
3 6108 6126 6267
3 6096 6108 6267
3 6090 6096 6267
3 6082 6090 6267
3 6073 6082 6267
3 6069 6073 6267
3 6064 6069 6267
3 6056 6064 6267
3 6048 6056 6267
3 6044 6048 6267
3 6040 6044 6267
3 6032 6040 6267
3 6025 6032 6267
3 6019 6025 6267
3 6014 6019 6267
3 6009 6014 6267
3 6005 6009 6267
3 6003 6005 6267
3 6001 6003 6267
3 6007 6001 6267
3 6012 6007 6267
3 6017 6012 6267
3 6023 6017 6267
3 6030 6023 6267
3 6038 6030 6267
3 6042 6038 6267
3 6046 6042 6267
3 6054 6046 6267
3 6062 6054 6267
3 6067 6062 6267
3 6071 6067 6267
3 6080 6071 6267
3 6088 6080 6267
3 6094 6088 6267
3 6106 6094 6267
3 6124 6106 6267
3 6132 6124 6267
3 6141 6132 6267
3 6152 6141 6267
3 6164 6152 6267
3 6179 6164 6267
3 6185 6179 6267
3 6193 6185 6267
3 6206 6193 6267
3 6217 6206 6267
3 6225 6217 6267
3 6231 6225 6267
3 6239 6231 6267
3 6245 6239 6267
3 6252 6245 6267
3 6258 6252 6267
3 6263 6258 6267
3 6605 6608 6603
3 6601 6605 6603
3 6596 6601 6603
3 6591 6596 6603
3 6585 6591 6603
3 6578 6585 6603
3 6567 6578 6603
3 6563 6567 6603
3 6558 6563 6603
3 6554 6558 6603
3 6546 6554 6603
3 6537 6546 6603
3 6533 6537 6603
3 6529 6533 6603
3 6521 6529 6603
3 6512 6521 6603
3 6499 6512 6603
3 6475 6499 6603
3 6465 6475 6603
3 6457 6465 6603
3 6447 6457 6603
3 6439 6447 6603
3 6427 6439 6603
3 6417 6427 6603
3 6410 6417 6603
3 6398 6410 6603
3 6388 6398 6603
3 6379 6388 6603
3 6372 6379 6603
3 6365 6372 6603
3 6358 6365 6603
3 6352 6358 6603
3 6346 6352 6603
3 6341 6346 6603
3 6336 6341 6603
3 6334 6336 6603
3 6332 6334 6603
3 6339 6332 6603
3 6344 6339 6603
3 6350 6344 6603
3 6356 6350 6603
3 6363 6356 6603
3 6370 6363 6603
3 6377 6370 6603
3 6386 6377 6603
3 6396 6386 6603
3 6408 6396 6603
3 6415 6408 6603
3 6425 6415 6603
3 6437 6425 6603
3 6445 6437 6603
3 6455 6445 6603
3 6463 6455 6603
3 6473 6463 6603
3 6497 6473 6603
3 6510 6497 6603
3 6519 6510 6603
3 6527 6519 6603
3 6531 6527 6603
3 6535 6531 6603
3 6544 6535 6603
3 6552 6544 6603
3 6556 6552 6603
3 6561 6556 6603
3 6565 6561 6603
3 6576 6565 6603
3 6583 6576 6603
3 6589 6583 6603
3 6594 6589 6603
3 6599 6594 6603
3 6621 5893 5915
3 6660 6621 5915
3 5894 5893 6621
3 6622 5894 6621
3 6661 6622 6621
3 6661 6621 6660
3 5916 6661 6660
3 5916 6660 5915
3 5916 5915 5893
3 5894 5916 5893
3 6622 5894 5916
3 6661 6622 5916
3 6623 5895 5917
3 6662 6623 5917
3 5896 5895 6623
3 6624 5896 6623
3 6663 6624 6623
3 6663 6623 6662
3 5918 6663 6662
3 5918 6662 5917
3 5918 5917 5895
3 5896 5918 5895
3 6624 5896 5918
3 6663 6624 5918
3 6625 5897 5919
3 6664 6625 5919
3 5898 5897 6625
3 6626 5898 6625
3 6665 6626 6625
3 6665 6625 6664
3 5920 6665 6664
3 5920 6664 5919
3 5920 5919 5897
3 5898 5920 5897
3 6626 5898 5920
3 6665 6626 5920
3 6629 5901 5921
3 6666 6629 5921
3 5902 5901 6629
3 6630 5902 6629
3 6667 6630 6629
3 6667 6629 6666
3 5922 6667 6666
3 5922 6666 5921
3 5922 5921 5901
3 5902 5922 5901
3 6630 5902 5922
3 6667 6630 5922
3 6631 5903 5923
3 6668 6631 5923
3 5904 5903 6631
3 6632 5904 6631
3 6669 6632 6631
3 6669 6631 6668
3 5924 6669 6668
3 5924 6668 5923
3 5924 5923 5903
3 5904 5924 5903
3 6632 5904 5924
3 6669 6632 5924
3 6633 5905 5925
3 6670 6633 5925
3 5906 5905 6633
3 6634 5906 6633
3 6671 6634 6633
3 6671 6633 6670
3 5926 6671 6670
3 5926 6670 5925
3 5926 5925 5905
3 5906 5926 5905
3 6634 5906 5926
3 6671 6634 5926
3 6605 6608 6603
3 6601 6605 6603
3 6596 6601 6603
3 6591 6596 6603
3 6585 6591 6603
3 6578 6585 6603
3 6567 6578 6603
3 6563 6567 6603
3 6558 6563 6603
3 6554 6558 6603
3 6546 6554 6603
3 6537 6546 6603
3 6533 6537 6603
3 6529 6533 6603
3 6521 6529 6603
3 6512 6521 6603
3 6499 6512 6603
3 6475 6499 6603
3 6465 6475 6603
3 6457 6465 6603
3 6447 6457 6603
3 6439 6447 6603
3 6427 6439 6603
3 6417 6427 6603
3 6410 6417 6603
3 6398 6410 6603
3 6388 6398 6603
3 6379 6388 6603
3 6372 6379 6603
3 6365 6372 6603
3 6358 6365 6603
3 6352 6358 6603
3 6346 6352 6603
3 6341 6346 6603
3 6336 6341 6603
3 6334 6336 6603
3 6332 6334 6603
3 6339 6332 6603
3 6344 6339 6603
3 6350 6344 6603
3 6356 6350 6603
3 6363 6356 6603
3 6370 6363 6603
3 6377 6370 6603
3 6386 6377 6603
3 6396 6386 6603
3 6408 6396 6603
3 6415 6408 6603
3 6425 6415 6603
3 6437 6425 6603
3 6445 6437 6603
3 6455 6445 6603
3 6463 6455 6603
3 6473 6463 6603
3 6497 6473 6603
3 6510 6497 6603
3 6519 6510 6603
3 6527 6519 6603
3 6531 6527 6603
3 6535 6531 6603
3 6544 6535 6603
3 6552 6544 6603
3 6556 6552 6603
3 6561 6556 6603
3 6565 6561 6603
3 6576 6565 6603
3 6583 6576 6603
3 6589 6583 6603
3 6594 6589 6603
3 6599 6594 6603
3 6606 6609 6608
3 6606 6608 6605
3 6602 6606 6605
3 6602 6605 6601
3 6597 6602 6601
3 6597 6601 6596
3 6592 6597 6596
3 6592 6596 6591
3 6586 6592 6591
3 6586 6591 6585
3 6579 6586 6585
3 6579 6585 6578
3 6568 6579 6578
3 6568 6578 6567
3 6564 6568 6567
3 6564 6567 6563
3 6559 6564 6563
3 6559 6563 6558
3 6559 6558 6554
3 6555 6559 6554
3 6555 6554 6546
3 6547 6555 6546
3 6547 6546 6537
3 6538 6547 6537
3 6538 6537 6533
3 6534 6538 6533
3 6534 6533 6529
3 6530 6534 6529
3 6530 6529 6521
3 6522 6530 6521
3 6522 6521 6512
3 6513 6522 6512
3 6513 6512 6499
3 6500 6513 6499
3 6500 6499 6475
3 6476 6500 6475
3 6476 6475 6465
3 6466 6476 6465
3 6466 6465 6457
3 6458 6466 6457
3 6458 6457 6447
3 6448 6458 6447
3 6448 6447 6439
3 6440 6448 6439
3 6440 6439 6427
3 6428 6440 6427
3 6428 6427 6417
3 6418 6428 6417
3 6418 6417 6410
3 6411 6418 6410
3 6411 6410 6398
3 6399 6411 6398
3 6399 6398 6388
3 6389 6399 6388
3 6389 6388 6379
3 6380 6389 6379
3 6380 6379 6372
3 6373 6380 6372
3 6373 6372 6365
3 6366 6373 6365
3 6366 6365 6358
3 6359 6366 6358
3 6359 6358 6352
3 6353 6359 6352
3 6353 6352 6346
3 6347 6353 6346
3 6347 6346 6341
3 6342 6347 6341
3 6342 6341 6336
3 6337 6342 6336
3 6337 6336 6334
3 6335 6337 6334
3 6335 6334 6332
3 6333 6335 6332
3 6333 6332 6339
3 6340 6333 6339
3 6340 6339 6344
3 6345 6340 6344
3 6345 6344 6350
3 6351 6345 6350
3 6351 6350 6356
3 6357 6351 6356
3 6357 6356 6363
3 6364 6357 6363
3 6364 6363 6370
3 6371 6364 6370
3 6371 6370 6377
3 6378 6371 6377
3 6378 6377 6386
3 6387 6378 6386
3 6397 6387 6386
3 6397 6386 6396
3 6409 6397 6396
3 6409 6396 6408
3 6416 6409 6408
3 6416 6408 6415
3 6426 6416 6415
3 6426 6415 6425
3 6438 6426 6425
3 6438 6425 6437
3 6446 6438 6437
3 6446 6437 6445
3 6456 6446 6445
3 6456 6445 6455
3 6464 6456 6455
3 6464 6455 6463
3 6474 6464 6463
3 6474 6463 6473
3 6498 6474 6473
3 6498 6473 6497
3 6511 6498 6497
3 6511 6497 6510
3 6520 6511 6510
3 6520 6510 6519
3 6528 6520 6519
3 6528 6519 6527
3 6532 6528 6527
3 6532 6527 6531
3 6536 6532 6531
3 6536 6531 6535
3 6545 6536 6535
3 6545 6535 6544
3 6553 6545 6544
3 6553 6544 6552
3 6557 6553 6552
3 6557 6552 6556
3 6562 6557 6556
3 6562 6556 6561
3 6566 6562 6561
3 6566 6561 6565
3 6577 6566 6565
3 6577 6565 6576
3 6584 6577 6576
3 6584 6576 6583
3 6590 6584 6583
3 6590 6583 6589
3 6595 6590 6589
3 6595 6589 6594
3 6600 6595 6594
3 6600 6594 6599
3 6604 6600 6599
3 6604 6599 6603
3 6609 6604 6603
3 6609 6603 6608
3 6606 6609 6604
3 6602 6606 6604
3 6597 6602 6604
3 6592 6597 6604
3 6586 6592 6604
3 6579 6586 6604
3 6568 6579 6604
3 6564 6568 6604
3 6559 6564 6604
3 6555 6559 6604
3 6547 6555 6604
3 6538 6547 6604
3 6534 6538 6604
3 6530 6534 6604
3 6522 6530 6604
3 6513 6522 6604
3 6500 6513 6604
3 6476 6500 6604
3 6466 6476 6604
3 6458 6466 6604
3 6448 6458 6604
3 6440 6448 6604
3 6428 6440 6604
3 6418 6428 6604
3 6411 6418 6604
3 6399 6411 6604
3 6389 6399 6604
3 6380 6389 6604
3 6373 6380 6604
3 6366 6373 6604
3 6359 6366 6604
3 6353 6359 6604
3 6347 6353 6604
3 6342 6347 6604
3 6337 6342 6604
3 6335 6337 6604
3 6333 6335 6604
3 6340 6333 6604
3 6345 6340 6604
3 6351 6345 6604
3 6357 6351 6604
3 6364 6357 6604
3 6371 6364 6604
3 6378 6371 6604
3 6387 6378 6604
3 6397 6387 6604
3 6409 6397 6604
3 6416 6409 6604
3 6426 6416 6604
3 6438 6426 6604
3 6446 6438 6604
3 6456 6446 6604
3 6464 6456 6604
3 6474 6464 6604
3 6498 6474 6604
3 6511 6498 6604
3 6520 6511 6604
3 6528 6520 6604
3 6532 6528 6604
3 6536 6532 6604
3 6545 6536 6604
3 6553 6545 6604
3 6557 6553 6604
3 6562 6557 6604
3 6566 6562 6604
3 6577 6566 6604
3 6584 6577 6604
3 6590 6584 6604
3 6595 6590 6604
3 6600 6595 6604
3 6269 6272 6267
3 6265 6269 6267
3 6260 6265 6267
3 6254 6260 6267
3 6247 6254 6267
3 6241 6247 6267
3 6233 6241 6267
3 6227 6233 6267
3 6219 6227 6267
3 6208 6219 6267
3 6195 6208 6267
3 6187 6195 6267
3 6181 6187 6267
3 6166 6181 6267
3 6150 6166 6267
3 6143 6150 6267
3 6134 6143 6267
3 6126 6134 6267
3 6108 6126 6267
3 6096 6108 6267
3 6090 6096 6267
3 6082 6090 6267
3 6073 6082 6267
3 6069 6073 6267
3 6064 6069 6267
3 6056 6064 6267
3 6048 6056 6267
3 6044 6048 6267
3 6040 6044 6267
3 6032 6040 6267
3 6025 6032 6267
3 6019 6025 6267
3 6014 6019 6267
3 6009 6014 6267
3 6005 6009 6267
3 6003 6005 6267
3 6001 6003 6267
3 6007 6001 6267
3 6012 6007 6267
3 6017 6012 6267
3 6023 6017 6267
3 6030 6023 6267
3 6038 6030 6267
3 6042 6038 6267
3 6046 6042 6267
3 6054 6046 6267
3 6062 6054 6267
3 6067 6062 6267
3 6071 6067 6267
3 6080 6071 6267
3 6088 6080 6267
3 6094 6088 6267
3 6106 6094 6267
3 6124 6106 6267
3 6132 6124 6267
3 6141 6132 6267
3 6152 6141 6267
3 6164 6152 6267
3 6179 6164 6267
3 6185 6179 6267
3 6193 6185 6267
3 6206 6193 6267
3 6217 6206 6267
3 6225 6217 6267
3 6231 6225 6267
3 6239 6231 6267
3 6245 6239 6267
3 6252 6245 6267
3 6258 6252 6267
3 6263 6258 6267
3 6270 6273 6272
3 6270 6272 6269
3 6266 6270 6269
3 6266 6269 6265
3 6261 6266 6265
3 6261 6265 6260
3 6255 6261 6260
3 6255 6260 6254
3 6248 6255 6254
3 6248 6254 6247
3 6242 6248 6247
3 6242 6247 6241
3 6234 6242 6241
3 6234 6241 6233
3 6228 6234 6233
3 6228 6233 6227
3 6220 6228 6227
3 6220 6227 6219
3 6220 6219 6208
3 6209 6220 6208
3 6209 6208 6195
3 6196 6209 6195
3 6196 6195 6187
3 6188 6196 6187
3 6188 6187 6181
3 6182 6188 6181
3 6182 6181 6166
3 6167 6182 6166
3 6167 6166 6150
3 6151 6167 6150
3 6151 6150 6143
3 6144 6151 6143
3 6144 6143 6134
3 6135 6144 6134
3 6135 6134 6126
3 6127 6135 6126
3 6127 6126 6108
3 6109 6127 6108
3 6109 6108 6096
3 6097 6109 6096
3 6097 6096 6090
3 6091 6097 6090
3 6091 6090 6082
3 6083 6091 6082
3 6083 6082 6073
3 6074 6083 6073
3 6074 6073 6069
3 6070 6074 6069
3 6070 6069 6064
3 6065 6070 6064
3 6065 6064 6056
3 6057 6065 6056
3 6057 6056 6048
3 6049 6057 6048
3 6049 6048 6044
3 6045 6049 6044
3 6045 6044 6040
3 6041 6045 6040
3 6041 6040 6032
3 6033 6041 6032
3 6033 6032 6025
3 6026 6033 6025
3 6026 6025 6019
3 6020 6026 6019
3 6020 6019 6014
3 6015 6020 6014
3 6015 6014 6009
3 6010 6015 6009
3 6010 6009 6005
3 6006 6010 6005
3 6006 6005 6003
3 6004 6006 6003
3 6004 6003 6001
3 6002 6004 6001
3 6002 6001 6007
3 6008 6002 6007
3 6008 6007 6012
3 6013 6008 6012
3 6013 6012 6017
3 6018 6013 6017
3 6018 6017 6023
3 6024 6018 6023
3 6024 6023 6030
3 6031 6024 6030
3 6031 6030 6038
3 6039 6031 6038
3 6039 6038 6042
3 6043 6039 6042
3 6043 6042 6046
3 6047 6043 6046
3 6055 6047 6046
3 6055 6046 6054
3 6063 6055 6054
3 6063 6054 6062
3 6068 6063 6062
3 6068 6062 6067
3 6072 6068 6067
3 6072 6067 6071
3 6081 6072 6071
3 6081 6071 6080
3 6089 6081 6080
3 6089 6080 6088
3 6095 6089 6088
3 6095 6088 6094
3 6107 6095 6094
3 6107 6094 6106
3 6125 6107 6106
3 6125 6106 6124
3 6133 6125 6124
3 6133 6124 6132
3 6142 6133 6132
3 6142 6132 6141
3 6153 6142 6141
3 6153 6141 6152
3 6165 6153 6152
3 6165 6152 6164
3 6180 6165 6164
3 6180 6164 6179
3 6186 6180 6179
3 6186 6179 6185
3 6194 6186 6185
3 6194 6185 6193
3 6207 6194 6193
3 6207 6193 6206
3 6218 6207 6206
3 6218 6206 6217
3 6226 6218 6217
3 6226 6217 6225
3 6232 6226 6225
3 6232 6225 6231
3 6240 6232 6231
3 6240 6231 6239
3 6246 6240 6239
3 6246 6239 6245
3 6253 6246 6245
3 6253 6245 6252
3 6259 6253 6252
3 6259 6252 6258
3 6264 6259 6258
3 6264 6258 6263
3 6268 6264 6263
3 6268 6263 6267
3 6273 6268 6267
3 6273 6267 6272
3 6270 6273 6268
3 6266 6270 6268
3 6261 6266 6268
3 6255 6261 6268
3 6248 6255 6268
3 6242 6248 6268
3 6234 6242 6268
3 6228 6234 6268
3 6220 6228 6268
3 6209 6220 6268
3 6196 6209 6268
3 6188 6196 6268
3 6182 6188 6268
3 6167 6182 6268
3 6151 6167 6268
3 6144 6151 6268
3 6135 6144 6268
3 6127 6135 6268
3 6109 6127 6268
3 6097 6109 6268
3 6091 6097 6268
3 6083 6091 6268
3 6074 6083 6268
3 6070 6074 6268
3 6065 6070 6268
3 6057 6065 6268
3 6049 6057 6268
3 6045 6049 6268
3 6041 6045 6268
3 6033 6041 6268
3 6026 6033 6268
3 6020 6026 6268
3 6015 6020 6268
3 6010 6015 6268
3 6006 6010 6268
3 6004 6006 6268
3 6002 6004 6268
3 6008 6002 6268
3 6013 6008 6268
3 6018 6013 6268
3 6024 6018 6268
3 6031 6024 6268
3 6039 6031 6268
3 6043 6039 6268
3 6047 6043 6268
3 6055 6047 6268
3 6063 6055 6268
3 6068 6063 6268
3 6072 6068 6268
3 6081 6072 6268
3 6089 6081 6268
3 6095 6089 6268
3 6107 6095 6268
3 6125 6107 6268
3 6133 6125 6268
3 6142 6133 6268
3 6153 6142 6268
3 6165 6153 6268
3 6180 6165 6268
3 6186 6180 6268
3 6194 6186 6268
3 6207 6194 6268
3 6218 6207 6268
3 6226 6218 6268
3 6232 6226 6268
3 6240 6232 6268
3 6246 6240 6268
3 6253 6246 6268
3 6259 6253 6268
3 6264 6259 6268
3 6759 7518 7525
3 6766 6759 7525
3 6766 6767 7526
3 6766 7526 7525
3 6767 7526 7533
3 6774 6767 7533
3 7156 7159 7154
3 7152 7156 7154
3 7146 7152 7154
3 7140 7146 7154
3 7134 7140 7154
3 7128 7134 7154
3 7120 7128 7154
3 7112 7120 7154
3 7103 7112 7154
3 7092 7103 7154
3 7081 7092 7154
3 7073 7081 7154
3 7067 7073 7154
3 7054 7067 7154
3 7042 7054 7154
3 7027 7042 7154
3 7018 7027 7154
3 7007 7018 7154
3 6991 7007 7154
3 6981 6991 7154
3 6976 6981 7154
3 6966 6976 7154
3 6956 6966 7154
3 6951 6956 7154
3 6947 6951 7154
3 6938 6947 7154
3 6930 6938 7154
3 6926 6930 7154
3 6922 6926 7154
3 6913 6922 7154
3 6906 6913 7154
3 6900 6906 7154
3 6896 6900 7154
3 6890 6896 7154
3 6886 6890 7154
3 6881 6886 7154
3 6884 6881 7154
3 6888 6884 7154
3 6894 6888 7154
3 6898 6894 7154
3 6904 6898 7154
3 6911 6904 7154
3 6920 6911 7154
3 6924 6920 7154
3 6928 6924 7154
3 6936 6928 7154
3 6945 6936 7154
3 6949 6945 7154
3 6954 6949 7154
3 6964 6954 7154
3 6974 6964 7154
3 6979 6974 7154
3 6989 6979 7154
3 7005 6989 7154
3 7016 7005 7154
3 7025 7016 7154
3 7040 7025 7154
3 7052 7040 7154
3 7065 7052 7154
3 7071 7065 7154
3 7079 7071 7154
3 7090 7079 7154
3 7101 7090 7154
3 7110 7101 7154
3 7118 7110 7154
3 7126 7118 7154
3 7132 7126 7154
3 7138 7132 7154
3 7144 7138 7154
3 7150 7144 7154
3 7504 7502 7500
3 7497 7504 7500
3 7492 7497 7500
3 7488 7492 7500
3 7482 7488 7500
3 7475 7482 7500
3 7467 7475 7500
3 7463 7467 7500
3 7459 7463 7500
3 7454 7459 7500
3 7446 7454 7500
3 7438 7446 7500
3 7433 7438 7500
3 7428 7433 7500
3 7416 7428 7500
3 7409 7416 7500
3 7398 7409 7500
3 7380 7398 7500
3 7370 7380 7500
3 7361 7370 7500
3 7352 7361 7500
3 7340 7352 7500
3 7327 7340 7500
3 7316 7327 7500
3 7303 7316 7500
3 7293 7303 7500
3 7280 7293 7500
3 7271 7280 7500
3 7265 7271 7500
3 7259 7265 7500
3 7252 7259 7500
3 7245 7252 7500
3 7239 7245 7500
3 7234 7239 7500
3 7229 7234 7500
3 7224 7229 7500
3 7227 7224 7500
3 7232 7227 7500
3 7237 7232 7500
3 7243 7237 7500
3 7250 7243 7500
3 7257 7250 7500
3 7263 7257 7500
3 7269 7263 7500
3 7278 7269 7500
3 7291 7278 7500
3 7301 7291 7500
3 7314 7301 7500
3 7325 7314 7500
3 7338 7325 7500
3 7350 7338 7500
3 7359 7350 7500
3 7368 7359 7500
3 7378 7368 7500
3 7396 7378 7500
3 7407 7396 7500
3 7414 7407 7500
3 7426 7414 7500
3 7431 7426 7500
3 7436 7431 7500
3 7444 7436 7500
3 7452 7444 7500
3 7457 7452 7500
3 7461 7457 7500
3 7465 7461 7500
3 7473 7465 7500
3 7480 7473 7500
3 7486 7480 7500
3 7490 7486 7500
3 7495 7490 7500
3 7519 6760 6789
3 7568 7519 6789
3 6761 6760 7519
3 7520 6761 7519
3 7569 7520 7519
3 7569 7519 7568
3 6790 7569 7568
3 6790 7568 6789
3 6790 6789 6760
3 6761 6790 6760
3 7520 6761 6790
3 7569 7520 6790
3 7521 6762 6791
3 7570 7521 6791
3 6763 6762 7521
3 7522 6763 7521
3 7571 7522 7521
3 7571 7521 7570
3 6792 7571 7570
3 6792 7570 6791
3 6792 6791 6762
3 6763 6792 6762
3 7522 6763 6792
3 7571 7522 6792
3 7523 6764 6793
3 7572 7523 6793
3 6765 6764 7523
3 7524 6765 7523
3 7573 7524 7523
3 7573 7523 7572
3 6794 7573 7572
3 6794 7572 6793
3 6794 6793 6764
3 6765 6794 6764
3 7524 6765 6794
3 7573 7524 6794
3 7527 6768 6795
3 7574 7527 6795
3 6769 6768 7527
3 7528 6769 7527
3 7575 7528 7527
3 7575 7527 7574
3 6796 7575 7574
3 6796 7574 6795
3 6796 6795 6768
3 6769 6796 6768
3 7528 6769 6796
3 7575 7528 6796
3 7529 6770 6797
3 7576 7529 6797
3 6771 6770 7529
3 7530 6771 7529
3 7577 7530 7529
3 7577 7529 7576
3 6798 7577 7576
3 6798 7576 6797
3 6798 6797 6770
3 6771 6798 6770
3 7530 6771 6798
3 7577 7530 6798
3 7531 6772 6799
3 7578 7531 6799
3 6773 6772 7531
3 7532 6773 7531
3 7579 7532 7531
3 7579 7531 7578
3 6800 7579 7578
3 6800 7578 6799
3 6800 6799 6772
3 6773 6800 6772
3 7532 6773 6800
3 7579 7532 6800
3 7504 7502 7500
3 7497 7504 7500
3 7492 7497 7500
3 7488 7492 7500
3 7482 7488 7500
3 7475 7482 7500
3 7467 7475 7500
3 7463 7467 7500
3 7459 7463 7500
3 7454 7459 7500
3 7446 7454 7500
3 7438 7446 7500
3 7433 7438 7500
3 7428 7433 7500
3 7416 7428 7500
3 7409 7416 7500
3 7398 7409 7500
3 7380 7398 7500
3 7370 7380 7500
3 7361 7370 7500
3 7352 7361 7500
3 7340 7352 7500
3 7327 7340 7500
3 7316 7327 7500
3 7303 7316 7500
3 7293 7303 7500
3 7280 7293 7500
3 7271 7280 7500
3 7265 7271 7500
3 7259 7265 7500
3 7252 7259 7500
3 7245 7252 7500
3 7239 7245 7500
3 7234 7239 7500
3 7229 7234 7500
3 7224 7229 7500
3 7227 7224 7500
3 7232 7227 7500
3 7237 7232 7500
3 7243 7237 7500
3 7250 7243 7500
3 7257 7250 7500
3 7263 7257 7500
3 7269 7263 7500
3 7278 7269 7500
3 7291 7278 7500
3 7301 7291 7500
3 7314 7301 7500
3 7325 7314 7500
3 7338 7325 7500
3 7350 7338 7500
3 7359 7350 7500
3 7368 7359 7500
3 7378 7368 7500
3 7396 7378 7500
3 7407 7396 7500
3 7414 7407 7500
3 7426 7414 7500
3 7431 7426 7500
3 7436 7431 7500
3 7444 7436 7500
3 7452 7444 7500
3 7457 7452 7500
3 7461 7457 7500
3 7465 7461 7500
3 7473 7465 7500
3 7480 7473 7500
3 7486 7480 7500
3 7490 7486 7500
3 7495 7490 7500
3 7505 7503 7502
3 7505 7502 7504
3 7498 7505 7504
3 7498 7504 7497
3 7493 7498 7497
3 7493 7497 7492
3 7489 7493 7492
3 7489 7492 7488
3 7483 7489 7488
3 7483 7488 7482
3 7476 7483 7482
3 7476 7482 7475
3 7468 7476 7475
3 7468 7475 7467
3 7464 7468 7467
3 7464 7467 7463
3 7460 7464 7463
3 7460 7463 7459
3 7460 7459 7454
3 7455 7460 7454
3 7455 7454 7446
3 7447 7455 7446
3 7447 7446 7438
3 7439 7447 7438
3 7439 7438 7433
3 7434 7439 7433
3 7434 7433 7428
3 7429 7434 7428
3 7429 7428 7416
3 7417 7429 7416
3 7417 7416 7409
3 7410 7417 7409
3 7410 7409 7398
3 7399 7410 7398
3 7399 7398 7380
3 7381 7399 7380
3 7381 7380 7370
3 7371 7381 7370
3 7371 7370 7361
3 7362 7371 7361
3 7362 7361 7352
3 7353 7362 7352
3 7353 7352 7340
3 7341 7353 7340
3 7341 7340 7327
3 7328 7341 7327
3 7328 7327 7316
3 7317 7328 7316
3 7317 7316 7303
3 7304 7317 7303
3 7304 7303 7293
3 7294 7304 7293
3 7294 7293 7280
3 7281 7294 7280
3 7281 7280 7271
3 7272 7281 7271
3 7272 7271 7265
3 7266 7272 7265
3 7266 7265 7259
3 7260 7266 7259
3 7260 7259 7252
3 7253 7260 7252
3 7253 7252 7245
3 7246 7253 7245
3 7246 7245 7239
3 7240 7246 7239
3 7240 7239 7234
3 7235 7240 7234
3 7235 7234 7229
3 7230 7235 7229
3 7230 7229 7224
3 7225 7230 7224
3 7225 7224 7227
3 7228 7225 7227
3 7228 7227 7232
3 7233 7228 7232
3 7233 7232 7237
3 7238 7233 7237
3 7238 7237 7243
3 7244 7238 7243
3 7244 7243 7250
3 7251 7244 7250
3 7251 7250 7257
3 7258 7251 7257
3 7258 7257 7263
3 7264 7258 7263
3 7264 7263 7269
3 7270 7264 7269
3 7270 7269 7278
3 7279 7270 7278
3 7292 7279 7278
3 7292 7278 7291
3 7302 7292 7291
3 7302 7291 7301
3 7315 7302 7301
3 7315 7301 7314
3 7326 7315 7314
3 7326 7314 7325
3 7339 7326 7325
3 7339 7325 7338
3 7351 7339 7338
3 7351 7338 7350
3 7360 7351 7350
3 7360 7350 7359
3 7369 7360 7359
3 7369 7359 7368
3 7379 7369 7368
3 7379 7368 7378
3 7397 7379 7378
3 7397 7378 7396
3 7408 7397 7396
3 7408 7396 7407
3 7415 7408 7407
3 7415 7407 7414
3 7427 7415 7414
3 7427 7414 7426
3 7432 7427 7426
3 7432 7426 7431
3 7437 7432 7431
3 7437 7431 7436
3 7445 7437 7436
3 7445 7436 7444
3 7453 7445 7444
3 7453 7444 7452
3 7458 7453 7452
3 7458 7452 7457
3 7462 7458 7457
3 7462 7457 7461
3 7466 7462 7461
3 7466 7461 7465
3 7474 7466 7465
3 7474 7465 7473
3 7481 7474 7473
3 7481 7473 7480
3 7487 7481 7480
3 7487 7480 7486
3 7491 7487 7486
3 7491 7486 7490
3 7496 7491 7490
3 7496 7490 7495
3 7501 7496 7495
3 7501 7495 7500
3 7503 7501 7500
3 7503 7500 7502
3 7505 7503 7501
3 7498 7505 7501
3 7493 7498 7501
3 7489 7493 7501
3 7483 7489 7501
3 7476 7483 7501
3 7468 7476 7501
3 7464 7468 7501
3 7460 7464 7501
3 7455 7460 7501
3 7447 7455 7501
3 7439 7447 7501
3 7434 7439 7501
3 7429 7434 7501
3 7417 7429 7501
3 7410 7417 7501
3 7399 7410 7501
3 7381 7399 7501
3 7371 7381 7501
3 7362 7371 7501
3 7353 7362 7501
3 7341 7353 7501
3 7328 7341 7501
3 7317 7328 7501
3 7304 7317 7501
3 7294 7304 7501
3 7281 7294 7501
3 7272 7281 7501
3 7266 7272 7501
3 7260 7266 7501
3 7253 7260 7501
3 7246 7253 7501
3 7240 7246 7501
3 7235 7240 7501
3 7230 7235 7501
3 7225 7230 7501
3 7228 7225 7501
3 7233 7228 7501
3 7238 7233 7501
3 7244 7238 7501
3 7251 7244 7501
3 7258 7251 7501
3 7264 7258 7501
3 7270 7264 7501
3 7279 7270 7501
3 7292 7279 7501
3 7302 7292 7501
3 7315 7302 7501
3 7326 7315 7501
3 7339 7326 7501
3 7351 7339 7501
3 7360 7351 7501
3 7369 7360 7501
3 7379 7369 7501
3 7397 7379 7501
3 7408 7397 7501
3 7415 7408 7501
3 7427 7415 7501
3 7432 7427 7501
3 7437 7432 7501
3 7445 7437 7501
3 7453 7445 7501
3 7458 7453 7501
3 7462 7458 7501
3 7466 7462 7501
3 7474 7466 7501
3 7481 7474 7501
3 7487 7481 7501
3 7491 7487 7501
3 7496 7491 7501
3 7156 7159 7154
3 7152 7156 7154
3 7146 7152 7154
3 7140 7146 7154
3 7134 7140 7154
3 7128 7134 7154
3 7120 7128 7154
3 7112 7120 7154
3 7103 7112 7154
3 7092 7103 7154
3 7081 7092 7154
3 7073 7081 7154
3 7067 7073 7154
3 7054 7067 7154
3 7042 7054 7154
3 7027 7042 7154
3 7018 7027 7154
3 7007 7018 7154
3 6991 7007 7154
3 6981 6991 7154
3 6976 6981 7154
3 6966 6976 7154
3 6956 6966 7154
3 6951 6956 7154
3 6947 6951 7154
3 6938 6947 7154
3 6930 6938 7154
3 6926 6930 7154
3 6922 6926 7154
3 6913 6922 7154
3 6906 6913 7154
3 6900 6906 7154
3 6896 6900 7154
3 6890 6896 7154
3 6886 6890 7154
3 6881 6886 7154
3 6884 6881 7154
3 6888 6884 7154
3 6894 6888 7154
3 6898 6894 7154
3 6904 6898 7154
3 6911 6904 7154
3 6920 6911 7154
3 6924 6920 7154
3 6928 6924 7154
3 6936 6928 7154
3 6945 6936 7154
3 6949 6945 7154
3 6954 6949 7154
3 6964 6954 7154
3 6974 6964 7154
3 6979 6974 7154
3 6989 6979 7154
3 7005 6989 7154
3 7016 7005 7154
3 7025 7016 7154
3 7040 7025 7154
3 7052 7040 7154
3 7065 7052 7154
3 7071 7065 7154
3 7079 7071 7154
3 7090 7079 7154
3 7101 7090 7154
3 7110 7101 7154
3 7118 7110 7154
3 7126 7118 7154
3 7132 7126 7154
3 7138 7132 7154
3 7144 7138 7154
3 7150 7144 7154
3 7157 7160 7159
3 7157 7159 7156
3 7153 7157 7156
3 7153 7156 7152
3 7147 7153 7152
3 7147 7152 7146
3 7141 7147 7146
3 7141 7146 7140
3 7135 7141 7140
3 7135 7140 7134
3 7129 7135 7134
3 7129 7134 7128
3 7121 7129 7128
3 7121 7128 7120
3 7113 7121 7120
3 7113 7120 7112
3 7104 7113 7112
3 7104 7112 7103
3 7104 7103 7092
3 7093 7104 7092
3 7093 7092 7081
3 7082 7093 7081
3 7082 7081 7073
3 7074 7082 7073
3 7074 7073 7067
3 7068 7074 7067
3 7068 7067 7054
3 7055 7068 7054
3 7055 7054 7042
3 7043 7055 7042
3 7043 7042 7027
3 7028 7043 7027
3 7028 7027 7018
3 7019 7028 7018
3 7019 7018 7007
3 7008 7019 7007
3 7008 7007 6991
3 6992 7008 6991
3 6992 6991 6981
3 6982 6992 6981
3 6982 6981 6976
3 6977 6982 6976
3 6977 6976 6966
3 6967 6977 6966
3 6967 6966 6956
3 6957 6967 6956
3 6957 6956 6951
3 6952 6957 6951
3 6952 6951 6947
3 6948 6952 6947
3 6948 6947 6938
3 6939 6948 6938
3 6939 6938 6930
3 6931 6939 6930
3 6931 6930 6926
3 6927 6931 6926
3 6927 6926 6922
3 6923 6927 6922
3 6923 6922 6913
3 6914 6923 6913
3 6914 6913 6906
3 6907 6914 6906
3 6907 6906 6900
3 6901 6907 6900
3 6901 6900 6896
3 6897 6901 6896
3 6897 6896 6890
3 6891 6897 6890
3 6891 6890 6886
3 6887 6891 6886
3 6887 6886 6881
3 6882 6887 6881
3 6882 6881 6884
3 6885 6882 6884
3 6885 6884 6888
3 6889 6885 6888
3 6889 6888 6894
3 6895 6889 6894
3 6895 6894 6898
3 6899 6895 6898
3 6899 6898 6904
3 6905 6899 6904
3 6905 6904 6911
3 6912 6905 6911
3 6912 6911 6920
3 6921 6912 6920
3 6921 6920 6924
3 6925 6921 6924
3 6925 6924 6928
3 6929 6925 6928
3 6937 6929 6928
3 6937 6928 6936
3 6946 6937 6936
3 6946 6936 6945
3 6950 6946 6945
3 6950 6945 6949
3 6955 6950 6949
3 6955 6949 6954
3 6965 6955 6954
3 6965 6954 6964
3 6975 6965 6964
3 6975 6964 6974
3 6980 6975 6974
3 6980 6974 6979
3 6990 6980 6979
3 6990 6979 6989
3 7006 6990 6989
3 7006 6989 7005
3 7017 7006 7005
3 7017 7005 7016
3 7026 7017 7016
3 7026 7016 7025
3 7041 7026 7025
3 7041 7025 7040
3 7053 7041 7040
3 7053 7040 7052
3 7066 7053 7052
3 7066 7052 7065
3 7072 7066 7065
3 7072 7065 7071
3 7080 7072 7071
3 7080 7071 7079
3 7091 7080 7079
3 7091 7079 7090
3 7102 7091 7090
3 7102 7090 7101
3 7111 7102 7101
3 7111 7101 7110
3 7119 7111 7110
3 7119 7110 7118
3 7127 7119 7118
3 7127 7118 7126
3 7133 7127 7126
3 7133 7126 7132
3 7139 7133 7132
3 7139 7132 7138
3 7145 7139 7138
3 7145 7138 7144
3 7151 7145 7144
3 7151 7144 7150
3 7155 7151 7150
3 7155 7150 7154
3 7160 7155 7154
3 7160 7154 7159
3 7157 7160 7155
3 7153 7157 7155
3 7147 7153 7155
3 7141 7147 7155
3 7135 7141 7155
3 7129 7135 7155
3 7121 7129 7155
3 7113 7121 7155
3 7104 7113 7155
3 7093 7104 7155
3 7082 7093 7155
3 7074 7082 7155
3 7068 7074 7155
3 7055 7068 7155
3 7043 7055 7155
3 7028 7043 7155
3 7019 7028 7155
3 7008 7019 7155
3 6992 7008 7155
3 6982 6992 7155
3 6977 6982 7155
3 6967 6977 7155
3 6957 6967 7155
3 6952 6957 7155
3 6948 6952 7155
3 6939 6948 7155
3 6931 6939 7155
3 6927 6931 7155
3 6923 6927 7155
3 6914 6923 7155
3 6907 6914 7155
3 6901 6907 7155
3 6897 6901 7155
3 6891 6897 7155
3 6887 6891 7155
3 6882 6887 7155
3 6885 6882 7155
3 6889 6885 7155
3 6895 6889 7155
3 6899 6895 7155
3 6905 6899 7155
3 6912 6905 7155
3 6921 6912 7155
3 6925 6921 7155
3 6929 6925 7155
3 6937 6929 7155
3 6946 6937 7155
3 6950 6946 7155
3 6955 6950 7155
3 6965 6955 7155
3 6975 6965 7155
3 6980 6975 7155
3 6990 6980 7155
3 7006 6990 7155
3 7017 7006 7155
3 7026 7017 7155
3 7041 7026 7155
3 7053 7041 7155
3 7066 7053 7155
3 7072 7066 7155
3 7080 7072 7155
3 7091 7080 7155
3 7102 7091 7155
3 7111 7102 7155
3 7119 7111 7155
3 7127 7119 7155
3 7133 7127 7155
3 7139 7133 7155
3 7145 7139 7155
3 7151 7145 7155
3 1401 1403 1376
3 1374 1401 1376
3 8482 8481 8409
3 8411 8482 8409
3 8483 9442 9449
3 8490 8483 9449
3 8490 8491 9450
3 8490 9450 9449
3 8491 9450 9457
3 8498 8491 9457
3 9003 9001 8999
3 8996 9003 8999
3 8989 8996 8999
3 8983 8989 8999
3 8973 8983 8999
3 8966 8973 8999
3 8959 8966 8999
3 8951 8959 8999
3 8943 8951 8999
3 8931 8943 8999
3 8884 8931 8999
3 8877 8884 8999
3 8870 8877 8999
3 8857 8870 8999
3 8840 8857 8999
3 8825 8840 8999
3 8815 8825 8999
3 8802 8815 8999
3 8779 8802 8999
3 8768 8779 8999
3 8762 8768 8999
3 8750 8762 8999
3 8737 8750 8999
3 8727 8737 8999
3 8721 8727 8999
3 8713 8721 8999
3 8698 8713 8999
3 8692 8698 8999
3 8688 8692 8999
3 8677 8688 8999
3 8669 8677 8999
3 8663 8669 8999
3 8655 8663 8999
3 8651 8655 8999
3 8646 8651 8999
3 8640 8646 8999
3 8644 8640 8999
3 8649 8644 8999
3 8653 8649 8999
3 8661 8653 8999
3 8667 8661 8999
3 8675 8667 8999
3 8686 8675 8999
3 8690 8686 8999
3 8696 8690 8999
3 8711 8696 8999
3 8719 8711 8999
3 8725 8719 8999
3 8735 8725 8999
3 8748 8735 8999
3 8760 8748 8999
3 8766 8760 8999
3 8777 8766 8999
3 8800 8777 8999
3 8813 8800 8999
3 8823 8813 8999
3 8838 8823 8999
3 8855 8838 8999
3 8868 8855 8999
3 8875 8868 8999
3 8882 8875 8999
3 8929 8882 8999
3 8941 8929 8999
3 8949 8941 8999
3 8957 8949 8999
3 8964 8957 8999
3 8971 8964 8999
3 8981 8971 8999
3 8987 8981 8999
3 8994 8987 8999
3 9431 9429 9427
3 9425 9431 9427
3 9420 9425 9427
3 9415 9420 9427
3 9409 9415 9427
3 9401 9409 9427
3 9392 9401 9427
3 9387 9392 9427
3 9383 9387 9427
3 9377 9383 9427
3 9368 9377 9427
3 9353 9368 9427
3 9340 9353 9427
3 9333 9340 9427
3 9318 9333 9427
3 9311 9318 9427
3 9296 9311 9427
3 9275 9296 9427
3 9266 9275 9427
3 9257 9266 9427
3 9247 9257 9427
3 9239 9247 9427
3 9227 9239 9427
3 9216 9227 9427
3 9207 9216 9427
3 9197 9207 9427
3 9186 9197 9427
3 9177 9186 9427
3 9166 9177 9427
3 9156 9166 9427
3 9150 9156 9427
3 9142 9150 9427
3 9136 9142 9427
3 9130 9136 9427
3 9125 9130 9427
3 9120 9125 9427
3 9123 9120 9427
3 9128 9123 9427
3 9133 9128 9427
3 9140 9133 9427
3 9148 9140 9427
3 9158 9148 9427
3 9164 9158 9427
3 9175 9164 9427
3 9184 9175 9427
3 9195 9184 9427
3 9205 9195 9427
3 9214 9205 9427
3 9225 9214 9427
3 9237 9225 9427
3 9245 9237 9427
3 9255 9245 9427
3 9264 9255 9427
3 9273 9264 9427
3 9294 9273 9427
3 9309 9294 9427
3 9316 9309 9427
3 9331 9316 9427
3 9338 9331 9427
3 9351 9338 9427
3 9366 9351 9427
3 9375 9366 9427
3 9381 9375 9427
3 9385 9381 9427
3 9390 9385 9427
3 9399 9390 9427
3 9407 9399 9427
3 9413 9407 9427
3 9418 9413 9427
3 9423 9418 9427
3 9443 8484 8522
3 9482 9443 8522
3 8485 8484 9443
3 9444 8485 9443
3 9483 9444 9443
3 9483 9443 9482
3 8523 9483 9482
3 8523 9482 8522
3 8523 8522 8484
3 8485 8523 8484
3 9444 8485 8523
3 9483 9444 8523
3 9445 8486 8524
3 9484 9445 8524
3 8487 8486 9445
3 9446 8487 9445
3 9485 9446 9445
3 9485 9445 9484
3 8525 9485 9484
3 8525 9484 8524
3 8525 8524 8486
3 8487 8525 8486
3 9446 8487 8525
3 9485 9446 8525
3 9447 8488 8526
3 9486 9447 8526
3 8489 8488 9447
3 9448 8489 9447
3 9487 9448 9447
3 9487 9447 9486
3 8527 9487 9486
3 8527 9486 8526
3 8527 8526 8488
3 8489 8527 8488
3 9448 8489 8527
3 9487 9448 8527
3 9451 8492 8528
3 9488 9451 8528
3 8493 8492 9451
3 9452 8493 9451
3 9489 9452 9451
3 9489 9451 9488
3 8529 9489 9488
3 8529 9488 8528
3 8529 8528 8492
3 8493 8529 8492
3 9452 8493 8529
3 9489 9452 8529
3 9453 8494 8530
3 9490 9453 8530
3 8495 8494 9453
3 9454 8495 9453
3 9491 9454 9453
3 9491 9453 9490
3 8531 9491 9490
3 8531 9490 8530
3 8531 8530 8494
3 8495 8531 8494
3 9454 8495 8531
3 9491 9454 8531
3 9455 8496 8532
3 9492 9455 8532
3 8497 8496 9455
3 9456 8497 9455
3 9493 9456 9455
3 9493 9455 9492
3 8533 9493 9492
3 8533 9492 8532
3 8533 8532 8496
3 8497 8533 8496
3 9456 8497 8533
3 9493 9456 8533
3 9113 9109 9112
3 9114 9113 9112
3 9116 9114 9112
3 9118 9116 9112
3 9119 9118 9112
3 9132 9119 9112
3 9139 9132 9112
3 9146 9139 9112
3 9154 9146 9112
3 9162 9154 9112
3 9170 9162 9112
3 9179 9170 9112
3 9182 9179 9112
3 9192 9182 9112
3 9203 9192 9112
3 9209 9203 9112
3 9212 9209 9112
3 9218 9212 9112
3 9229 9218 9112
3 9231 9229 9112
3 9241 9231 9112
3 9243 9241 9112
3 9249 9243 9112
3 9254 9249 9112
3 9261 9254 9112
3 9263 9261 9112
3 9269 9263 9112
3 9272 9269 9112
3 9280 9272 9112
3 9283 9280 9112
3 9286 9283 9112
3 9293 9286 9112
3 9298 9293 9112
3 9299 9298 9112
3 9305 9299 9112
3 9301 9305 9112
3 9111 9302 9303
3 9303 9301 9112
3 9111 9303 9112
3 8784 8787 8783
3 8789 8784 8783
3 8795 8789 8783
3 8796 8795 8783
3 8798 8796 8783
3 8804 8798 8783
3 8809 8804 8783
3 8811 8809 8783
3 8820 8811 8783
3 8822 8820 8783
3 8828 8822 8783
3 8834 8828 8783
3 8843 8834 8783
3 8853 8843 8783
3 8859 8853 8783
3 8866 8859 8783
3 8873 8866 8783
3 8879 8873 8783
3 8881 8879 8783
3 8893 8881 8783
3 8939 8893 8783
3 8945 8939 8783
3 8947 8945 8783
3 8956 8947 8783
3 8962 8956 8783
3 8970 8962 8783
3 8980 8970 8783
3 8986 8980 8783
3 8998 8986 8783
3 9006 8998 8783
3 9010 9006 8783
3 9016 9010 8783
3 9017 9016 8783
3 9018 9017 8783
3 9022 9018 8783
3 9019 9022 8783
3 8782 9020 9021
3 9021 9019 8783
3 8782 9021 8783
3 8553 8552 8555
3 8557 8553 8555
3 8558 8557 8555
3 8560 8558 8555
3 8563 8560 8555
3 8564 8563 8555
3 8566 8564 8555
3 8569 8566 8555
3 8572 8569 8555
3 8574 8572 8555
3 8577 8574 8555
3 8579 8577 8555
3 8582 8579 8555
3 8585 8582 8555
3 8594 8585 8555
3 8596 8594 8555
3 8601 8596 8555
3 8603 8601 8555
3 8605 8603 8555
3 8610 8605 8555
3 8614 8610 8555
3 8620 8614 8555
3 8625 8620 8555
3 8626 8625 8555
3 8635 8626 8555
3 8636 8635 8555
3 8639 8636 8555
3 8643 8639 8555
3 8657 8643 8555
3 8665 8657 8555
3 8666 8665 8555
3 8672 8666 8555
3 8674 8672 8555
3 8679 8674 8555
3 8683 8679 8555
3 8680 8683 8555
3 8554 8681 8682
3 8682 8680 8555
3 8554 8682 8555
3 10173 10172 10175
3 10176 10173 10175
3 10178 10176 10175
3 10180 10178 10175
3 10182 10180 10175
3 10195 10182 10175
3 10204 10195 10175
3 10210 10204 10175
3 10221 10210 10175
3 10227 10221 10175
3 10234 10227 10175
3 10240 10234 10175
3 10242 10240 10175
3 10252 10242 10175
3 10264 10252 10175
3 10274 10264 10175
3 10277 10274 10175
3 10283 10277 10175
3 10293 10283 10175
3 10296 10293 10175
3 10312 10296 10175
3 10315 10312 10175
3 10321 10315 10175
3 10324 10321 10175
3 10331 10324 10175
3 10337 10331 10175
3 10344 10337 10175
3 10347 10344 10175
3 10354 10347 10175
3 10357 10354 10175
3 10359 10357 10175
3 10371 10359 10175
3 10377 10371 10175
3 10378 10377 10175
3 10384 10378 10175
3 10381 10384 10175
3 10174 10382 10383
3 10383 10381 10175
3 10174 10383 10175
3 9944 9945 9943
3 9946 9944 9943
3 9948 9946 9943
3 9949 9948 9943
3 9953 9949 9943
3 9959 9953 9943
3 9961 9959 9943
3 9963 9961 9943
3 9971 9963 9943
3 9976 9971 9943
3 9982 9976 9943
3 9983 9982 9943
3 9989 9983 9943
3 9995 9989 9943
3 10005 9995 9943
3 10013 10005 9943
3 10019 10013 9943
3 10025 10019 9943
3 10028 10025 9943
3 10038 10028 9943
3 10050 10038 9943
3 10059 10050 9943
3 10061 10059 9943
3 10070 10061 9943
3 10076 10070 9943
3 10082 10076 9943
3 10088 10082 9943
3 10095 10088 9943
3 10105 10095 9943
3 10114 10105 9943
3 10117 10114 9943
3 10126 10117 9943
3 10127 10126 9943
3 10128 10127 9943
3 10133 10128 9943
3 10129 10133 9943
3 9942 10130 10131
3 10131 10129 9943
3 9942 10131 9943
3 9685 9684 9687
3 9688 9685 9687
3 9689 9688 9687
3 9690 9689 9687
3 9691 9690 9687
3 9695 9691 9687
3 9698 9695 9687
3 9699 9698 9687
3 9702 9699 9687
3 9703 9702 9687
3 9706 9703 9687
3 9708 9706 9687
3 9715 9708 9687
3 9718 9715 9687
3 9725 9718 9687
3 9728 9725 9687
3 9734 9728 9687
3 9736 9734 9687
3 9737 9736 9687
3 9745 9737 9687
3 9748 9745 9687
3 9758 9748 9687
3 9770 9758 9687
3 9771 9770 9687
3 9772 9771 9687
3 9774 9772 9687
3 9777 9774 9687
3 9784 9777 9687
3 9797 9784 9687
3 9802 9797 9687
3 9805 9802 9687
3 9810 9805 9687
3 9811 9810 9687
3 9821 9811 9687
3 9825 9821 9687
3 9822 9825 9687
3 9686 9823 9824
3 9824 9822 9687
3 9686 9824 9687
3 11247 11244 11246
3 11250 11247 11246
3 11252 11250 11246
3 11254 11252 11246
3 11256 11254 11246
3 11264 11256 11246
3 11274 11264 11246
3 11280 11274 11246
3 11286 11280 11246
3 11295 11286 11246
3 11300 11295 11246
3 11306 11300 11246
3 11311 11306 11246
3 11321 11311 11246
3 11334 11321 11246
3 11340 11334 11246
3 11342 11340 11246
3 11350 11342 11246
3 11361 11350 11246
3 11363 11361 11246
3 11377 11363 11246
3 11381 11377 11246
3 11387 11381 11246
3 11391 11387 11246
3 11400 11391 11246
3 11403 11400 11246
3 11409 11403 11246
3 11411 11409 11246
3 11417 11411 11246
3 11420 11417 11246
3 11422 11420 11246
3 11428 11422 11246
3 11433 11428 11246
3 11434 11433 11246
3 11435 11434 11246
3 11436 11435 11246
3 11245 11437 11438
3 11438 11436 11246
3 11245 11438 11246
3 10942 10946 10944
3 10947 10942 10944
3 10949 10947 10944
3 10950 10949 10944
3 10955 10950 10944
3 10961 10955 10944
3 10963 10961 10944
3 10965 10963 10944
3 10973 10965 10944
3 10977 10973 10944
3 10984 10977 10944
3 10990 10984 10944
3 10999 10990 10944
3 11003 10999 10944
3 11015 11003 10944
3 11025 11015 10944
3 11033 11025 10944
3 11042 11033 10944
3 11046 11042 10944
3 11060 11046 10944
3 11074 11060 10944
3 11082 11074 10944
3 11088 11082 10944
3 11094 11088 10944
3 11102 11094 10944
3 11111 11102 10944
3 11117 11111 10944
3 11126 11117 10944
3 11140 11126 10944
3 11148 11140 10944
3 11156 11148 10944
3 11162 11156 10944
3 11167 11162 10944
3 11168 11167 10944
3 11172 11168 10944
3 11169 11172 10944
3 10943 11170 11171
3 11171 11169 10944
3 10943 11171 10944
3 10737 10734 10736
3 10738 10737 10736
3 10739 10738 10736
3 10740 10739 10736
3 10741 10740 10736
3 10742 10741 10736
3 10743 10742 10736
3 10745 10743 10736
3 10746 10745 10736
3 10747 10746 10736
3 10748 10747 10736
3 10749 10748 10736
3 10750 10749 10736
3 10751 10750 10736
3 10756 10751 10736
3 10757 10756 10736
3 10762 10757 10736
3 10763 10762 10736
3 10764 10763 10736
3 10770 10764 10736
3 10771 10770 10736
3 10779 10771 10736
3 10785 10779 10736
3 10786 10785 10736
3 10787 10786 10736
3 10796 10787 10736
3 10797 10796 10736
3 10800 10797 10736
3 10813 10800 10736
3 10819 10813 10736
3 10822 10819 10736
3 10827 10822 10736
3 10828 10827 10736
3 10834 10828 10736
3 10838 10834 10736
3 10835 10838 10736
3 10735 10836 10837
3 10837 10835 10736
3 10735 10837 10736
3 12130 12127 12129
3 12131 12130 12129
3 12133 12131 12129
3 12135 12133 12129
3 12137 12135 12129
3 12145 12137 12129
3 12155 12145 12129
3 12162 12155 12129
3 12168 12162 12129
3 12175 12168 12129
3 12180 12175 12129
3 12188 12180 12129
3 12190 12188 12129
3 12201 12190 12129
3 12212 12201 12129
3 12218 12212 12129
3 12220 12218 12129
3 12226 12220 12129
3 12236 12226 12129
3 12238 12236 12129
3 12248 12238 12129
3 12252 12248 12129
3 12260 12252 12129
3 12264 12260 12129
3 12270 12264 12129
3 12272 12270 12129
3 12278 12272 12129
3 12280 12278 12129
3 12286 12280 12129
3 12290 12286 12129
3 12294 12290 12129
3 12300 12294 12129
3 12305 12300 12129
3 12306 12305 12129
3 12307 12306 12129
3 12308 12307 12129
3 12128 12309 12310
3 12310 12308 12129
3 12128 12310 12129
3 11914 11917 11916
3 11919 11914 11916
3 11921 11919 11916
3 11922 11921 11916
3 11924 11922 11916
3 11930 11924 11916
3 11933 11930 11916
3 11935 11933 11916
3 11941 11935 11916
3 11943 11941 11916
3 11950 11943 11916
3 11952 11950 11916
3 11960 11952 11916
3 11962 11960 11916
3 11972 11962 11916
3 11978 11972 11916
3 11984 11978 11916
3 11990 11984 11916
3 11992 11990 11916
3 12003 11992 11916
3 12014 12003 11916
3 12020 12014 11916
3 12023 12020 11916
3 12031 12023 11916
3 12037 12031 11916
3 12044 12037 11916
3 12051 12044 11916
3 12058 12051 11916
3 12068 12058 11916
3 12076 12068 11916
3 12080 12076 11916
3 12086 12080 11916
3 12087 12086 11916
3 12088 12087 11916
3 12092 12088 11916
3 12089 12092 11916
3 11915 12090 12091
3 12091 12089 11916
3 11915 12091 11916
3 11739 11736 11738
3 11740 11739 11738
3 11741 11740 11738
3 11742 11741 11738
3 11743 11742 11738
3 11745 11743 11738
3 11746 11745 11738
3 11748 11746 11738
3 11749 11748 11738
3 11750 11749 11738
3 11753 11750 11738
3 11754 11753 11738
3 11756 11754 11738
3 11758 11756 11738
3 11763 11758 11738
3 11765 11763 11738
3 11770 11765 11738
3 11772 11770 11738
3 11775 11772 11738
3 11780 11775 11738
3 11782 11780 11738
3 11787 11782 11738
3 11795 11787 11738
3 11796 11795 11738
3 11797 11796 11738
3 11798 11797 11738
3 11800 11798 11738
3 11804 11800 11738
3 11817 11804 11738
3 11822 11817 11738
3 11825 11822 11738
3 11831 11825 11738
3 11832 11831 11738
3 11833 11832 11738
3 11842 11833 11738
3 11839 11842 11738
3 11737 11840 11841
3 11841 11839 11738
3 11737 11841 11738
3 12983 12982 12985
3 12987 12983 12985
3 12989 12987 12985
3 12991 12989 12985
3 12993 12991 12985
3 13001 12993 12985
3 13012 13001 12985
3 13018 13012 12985
3 13026 13018 12985
3 13032 13026 12985
3 13037 13032 12985
3 13045 13037 12985
3 13047 13045 12985
3 13057 13047 12985
3 13067 13057 12985
3 13073 13067 12985
3 13075 13073 12985
3 13081 13075 12985
3 13091 13081 12985
3 13093 13091 12985
3 13103 13093 12985
3 13105 13103 12985
3 13119 13105 12985
3 13123 13119 12985
3 13129 13123 12985
3 13132 13129 12985
3 13139 13132 12985
3 13141 13139 12985
3 13148 13141 12985
3 13151 13148 12985
3 13153 13151 12985
3 13159 13153 12985
3 13165 13159 12985
3 13166 13165 12985
3 13167 13166 12985
3 13169 13167 12985
3 12984 13170 13171
3 13171 13169 12985
3 12984 13171 12985
3 12769 12770 12768
3 12771 12769 12768
3 12773 12771 12768
3 12774 12773 12768
3 12776 12774 12768
3 12782 12776 12768
3 12785 12782 12768
3 12787 12785 12768
3 12793 12787 12768
3 12795 12793 12768
3 12802 12795 12768
3 12804 12802 12768
3 12810 12804 12768
3 12813 12810 12768
3 12823 12813 12768
3 12829 12823 12768
3 12836 12829 12768
3 12844 12836 12768
3 12846 12844 12768
3 12856 12846 12768
3 12866 12856 12768
3 12873 12866 12768
3 12876 12873 12768
3 12882 12876 12768
3 12888 12882 12768
3 12894 12888 12768
3 12902 12894 12768
3 12909 12902 12768
3 12927 12909 12768
3 12936 12927 12768
3 12938 12936 12768
3 12944 12938 12768
3 12945 12944 12768
3 12946 12945 12768
3 12952 12946 12768
3 12949 12952 12768
3 12767 12947 12948
3 12948 12949 12768
3 12767 12948 12768
3 12587 12586 12589
3 12590 12587 12589
3 12592 12590 12589
3 12593 12592 12589
3 12594 12593 12589
3 12597 12594 12589
3 12598 12597 12589
3 12599 12598 12589
3 12600 12599 12589
3 12601 12600 12589
3 12602 12601 12589
3 12604 12602 12589
3 12606 12604 12589
3 12608 12606 12589
3 12614 12608 12589
3 12619 12614 12589
3 12621 12619 12589
3 12622 12621 12589
3 12631 12622 12589
3 12636 12631 12589
3 12637 12636 12589
3 12642 12637 12589
3 12643 12642 12589
3 12649 12643 12589
3 12650 12649 12589
3 12651 12650 12589
3 12652 12651 12589
3 12658 12652 12589
3 12671 12658 12589
3 12676 12671 12589
3 12678 12676 12589
3 12683 12678 12589
3 12684 12683 12589
3 12686 12684 12589
3 12695 12686 12589
3 12692 12695 12589
3 12588 12693 12694
3 12694 12692 12589
3 12588 12694 12589
3 13793 13791 13795
3 13796 13793 13795
3 13798 13796 13795
3 13800 13798 13795
3 13801 13800 13795
3 13809 13801 13795
3 13819 13809 13795
3 13825 13819 13795
3 13832 13825 13795
3 13838 13832 13795
3 13843 13838 13795
3 13850 13843 13795
3 13851 13850 13795
3 13861 13851 13795
3 13871 13861 13795
3 13877 13871 13795
3 13879 13877 13795
3 13885 13879 13795
3 13895 13885 13795
3 13897 13895 13795
3 13907 13897 13795
3 13909 13907 13795
3 13915 13909 13795
3 13919 13915 13795
3 13925 13919 13795
3 13927 13925 13795
3 13934 13927 13795
3 13936 13934 13795
3 13943 13936 13795
3 13946 13943 13795
3 13948 13946 13795
3 13954 13948 13795
3 13959 13954 13795
3 13960 13959 13795
3 13961 13960 13795
3 13962 13961 13795
3 13794 13963 13964
3 13964 13962 13795
3 13794 13964 13795
3 13591 13595 13593
3 13596 13591 13593
3 13598 13596 13593
3 13599 13598 13593
3 13602 13599 13593
3 13608 13602 13593
3 13612 13608 13593
3 13614 13612 13593
3 13621 13614 13593
3 13623 13621 13593
3 13632 13623 13593
3 13633 13632 13593
3 13639 13633 13593
3 13641 13639 13593
3 13651 13641 13593
3 13658 13651 13593
3 13664 13658 13593
3 13671 13664 13593
3 13673 13671 13593
3 13683 13673 13593
3 13694 13683 13593
3 13700 13694 13593
3 13703 13700 13593
3 13709 13703 13593
3 13715 13709 13593
3 13721 13715 13593
3 13727 13721 13593
3 13733 13727 13593
3 13743 13733 13593
3 13752 13743 13593
3 13754 13752 13593
3 13760 13754 13593
3 13762 13760 13593
3 13763 13762 13593
3 13767 13763 13593
3 13764 13767 13593
3 13592 13765 13766
3 13766 13764 13593
3 13592 13766 13593
3 13417 13414 13416
3 13418 13417 13416
3 13420 13418 13416
3 13421 13420 13416
3 13422 13421 13416
3 13424 13422 13416
3 13425 13424 13416
3 13428 13425 13416
3 13429 13428 13416
3 13430 13429 13416
3 13431 13430 13416
3 13432 13431 13416
3 13433 13432 13416
3 13434 13433 13416
3 13439 13434 13416
3 13444 13439 13416
3 13445 13444 13416
3 13449 13445 13416
3 13451 13449 13416
3 13456 13451 13416
3 13458 13456 13416
3 13463 13458 13416
3 13464 13463 13416
3 13469 13464 13416
3 13472 13469 13416
3 13473 13472 13416
3 13474 13473 13416
3 13481 13474 13416
3 13494 13481 13416
3 13500 13494 13416
3 13501 13500 13416
3 13506 13501 13416
3 13507 13506 13416
3 13508 13507 13416
3 13514 13508 13416
3 13517 13514 13416
3 13415 13515 13516
3 13516 13517 13416
3 13415 13516 13416
3 14542 14543 14541
3 14544 14542 14541
3 14546 14544 14541
3 14547 14546 14541
3 14549 14547 14541
3 14561 14549 14541
3 14567 14561 14541
3 14573 14567 14541
3 14579 14573 14541
3 14585 14579 14541
3 14592 14585 14541
3 14593 14592 14541
3 14599 14593 14541
3 14609 14599 14541
3 14619 14609 14541
3 14622 14619 14541
3 14628 14622 14541
3 14635 14628 14541
3 14645 14635 14541
3 14647 14645 14541
3 14658 14647 14541
3 14661 14658 14541
3 14668 14661 14541
3 14670 14668 14541
3 14676 14670 14541
3 14678 14676 14541
3 14684 14678 14541
3 14686 14684 14541
3 14692 14686 14541
3 14695 14692 14541
3 14698 14695 14541
3 14704 14698 14541
3 14709 14704 14541
3 14710 14709 14541
3 14714 14710 14541
3 14711 14714 14541
3 14540 14712 14713
3 14713 14711 14541
3 14540 14713 14541
3 14339 14338 14335
3 14341 14339 14335
3 14343 14341 14335
3 14345 14343 14335
3 14346 14345 14335
3 14348 14346 14335
3 14354 14348 14335
3 14357 14354 14335
3 14363 14357 14335
3 14365 14363 14335
3 14367 14365 14335
3 14373 14367 14335
3 14379 14373 14335
3 14390 14379 14335
3 14396 14390 14335
3 14402 14396 14335
3 14408 14402 14335
3 14414 14408 14335
3 14417 14414 14335
3 14427 14417 14335
3 14441 14427 14335
3 14447 14441 14335
3 14449 14447 14335
3 14456 14449 14335
3 14462 14456 14335
3 14468 14462 14335
3 14474 14468 14335
3 14484 14474 14335
3 14490 14484 14335
3 14500 14490 14335
3 14502 14500 14335
3 14508 14502 14335
3 14510 14508 14335
3 14511 14510 14335
3 14515 14511 14335
3 14516 14515 14335
3 14334 14513 14514
3 14514 14516 14335
3 14334 14514 14335
3 14166 14169 14168
3 14170 14166 14168
3 14171 14170 14168
3 14172 14171 14168
3 14174 14172 14168
3 14175 14174 14168
3 14176 14175 14168
3 14177 14176 14168
3 14178 14177 14168
3 14179 14178 14168
3 14180 14179 14168
3 14181 14180 14168
3 14182 14181 14168
3 14183 14182 14168
3 14188 14183 14168
3 14189 14188 14168
3 14195 14189 14168
3 14197 14195 14168
3 14198 14197 14168
3 14204 14198 14168
3 14205 14204 14168
3 14211 14205 14168
3 14216 14211 14168
3 14217 14216 14168
3 14218 14217 14168
3 14219 14218 14168
3 14221 14219 14168
3 14226 14221 14168
3 14238 14226 14168
3 14243 14238 14168
3 14248 14243 14168
3 14253 14248 14168
3 14254 14253 14168
3 14255 14254 14168
3 14263 14255 14168
3 14260 14263 14168
3 14167 14261 14262
3 14262 14260 14168
3 14167 14262 14168
3 14773 14774 14772
3 14775 14773 14772
3 14780 14775 14772
3 14781 14780 14772
3 14786 14781 14772
3 14787 14786 14772
3 14792 14787 14772
3 14805 14792 14772
3 14808 14805 14772
3 14809 14808 14772
3 14810 14809 14772
3 14811 14810 14772
3 14812 14811 14772
3 14833 14812 14772
3 14834 14833 14772
3 14835 14834 14772
3 14836 14835 14772
3 14837 14836 14772
3 14838 14837 14772
3 14843 14838 14772
3 14844 14843 14772
3 14845 14844 14772
3 14846 14845 14772
3 14847 14846 14772
3 14848 14847 14772
3 14849 14848 14772
3 14862 14849 14772
3 14863 14862 14772
3 14864 14863 14772
3 14865 14864 14772
3 14866 14865 14772
3 14867 14866 14772
3 14868 14867 14772
3 14869 14868 14772
3 14873 14869 14772
3 14870 14873 14772
3 14771 14871 14872
3 14872 14870 14772
3 14771 14872 14772
3 8772 8773 8771
3 8774 8772 8771
3 8775 8774 8771
3 8781 8775 8771
3 8790 8781 8771
3 8797 8790 8771
3 8799 8797 8771
3 8808 8799 8771
3 8810 8808 8771
3 8819 8810 8771
3 8821 8819 8771
3 8827 8821 8771
3 8833 8827 8771
3 8844 8833 8771
3 8854 8844 8771
3 8860 8854 8771
3 8867 8860 8771
3 8874 8867 8771
3 8880 8874 8771
3 8886 8880 8771
3 8894 8886 8771
3 8940 8894 8771
3 8946 8940 8771
3 8953 8946 8771
3 8955 8953 8771
3 8961 8955 8771
3 8968 8961 8771
3 8977 8968 8771
3 8985 8977 8771
3 8993 8985 8771
3 9005 8993 8771
3 9007 9005 8771
3 9009 9007 8771
3 9011 9009 8771
3 9015 9011 8771
3 9012 9015 8771
3 8770 9013 9014
3 9014 9012 8771
3 8770 9014 8771
3 12755 12758 12757
3 12760 12755 12757
3 12761 12760 12757
3 12766 12761 12757
3 12772 12766 12757
3 12775 12772 12757
3 12777 12775 12757
3 12784 12777 12757
3 12786 12784 12757
3 12792 12786 12757
3 12794 12792 12757
3 12801 12794 12757
3 12805 12801 12757
3 12812 12805 12757
3 12818 12812 12757
3 12824 12818 12757
3 12831 12824 12757
3 12837 12831 12757
3 12845 12837 12757
3 12851 12845 12757
3 12857 12851 12757
3 12868 12857 12757
3 12874 12868 12757
3 12875 12874 12757
3 12881 12875 12757
3 12887 12881 12757
3 12893 12887 12757
3 12901 12893 12757
3 12908 12901 12757
3 12914 12908 12757
3 12934 12914 12757
3 12935 12934 12757
3 12937 12935 12757
3 12939 12937 12757
3 12943 12939 12757
3 12940 12943 12757
3 12756 12941 12942
3 12942 12940 12757
3 12756 12942 12757
3 9397 9398 9396
3 9403 9397 9396
3 9404 9403 9396
3 9406 9404 9396
3 9411 9406 9396
3 9417 9411 9396
3 9422 9417 9396
3 9433 9422 9396
3 9434 9433 9396
3 9437 9434 9396
3 9438 9437 9396
3 9439 9438 9396
3 9440 9439 9396
3 9462 9440 9396
3 9464 9462 9396
3 9465 9464 9396
3 9466 9465 9396
3 9467 9466 9396
3 9472 9467 9396
3 9473 9472 9396
3 9476 9473 9396
3 9477 9476 9396
3 9478 9477 9396
3 9479 9478 9396
3 9480 9479 9396
3 9481 9480 9396
3 9495 9481 9396
3 9496 9495 9396
3 9497 9496 9396
3 9498 9497 9396
3 9499 9498 9396
3 9500 9499 9396
3 9501 9500 9396
3 9502 9501 9396
3 9506 9502 9396
3 9505 9506 9396
3 9395 9503 9504
3 9504 9505 9396
3 9395 9504 9396
3 10930 10931 10929
3 10932 10930 10929
3 10933 10932 10929
3 10938 10933 10929
3 10948 10938 10929
3 10952 10948 10929
3 10956 10952 10929
3 10962 10956 10929
3 10964 10962 10929
3 10972 10964 10929
3 10974 10972 10929
3 10983 10974 10929
3 10991 10983 10929
3 11000 10991 10929
3 11008 11000 10929
3 11017 11008 10929
3 11026 11017 10929
3 11035 11026 10929
3 11043 11035 10929
3 11051 11043 10929
3 11062 11051 10929
3 11075 11062 10929
3 11083 11075 10929
3 11087 11083 10929
3 11093 11087 10929
3 11101 11093 10929
3 11107 11101 10929
3 11116 11107 10929
3 11124 11116 10929
3 11131 11124 10929
3 11147 11131 10929
3 11149 11147 10929
3 11155 11149 10929
3 11157 11155 10929
3 11161 11157 10929
3 11158 11161 10929
3 10928 11159 11160
3 11160 11158 10929
3 10928 11160 10929
3 11502 11501 11504
3 11509 11502 11504
3 11510 11509 11504
3 11511 11510 11504
3 11517 11511 11504
3 11522 11517 11504
3 11527 11522 11504
3 11538 11527 11504
3 11539 11538 11504
3 11540 11539 11504
3 11541 11540 11504
3 11543 11541 11504
3 11544 11543 11504
3 11565 11544 11504
3 11567 11565 11504
3 11569 11567 11504
3 11570 11569 11504
3 11572 11570 11504
3 11577 11572 11504
3 11581 11577 11504
3 11584 11581 11504
3 11585 11584 11504
3 11586 11585 11504
3 11587 11586 11504
3 11589 11587 11504
3 11590 11589 11504
3 11611 11590 11504
3 11613 11611 11504
3 11614 11613 11504
3 11615 11614 11504
3 11616 11615 11504
3 11617 11616 11504
3 11618 11617 11504
3 11619 11618 11504
3 11623 11619 11504
3 11620 11623 11504
3 11503 11621 11622
3 11622 11620 11504
3 11503 11622 11504
3 13246 13243 13245
3 13251 13246 13245
3 13252 13251 13245
3 13253 13252 13245
3 13258 13253 13245
3 13263 13258 13245
3 13268 13263 13245
3 13279 13268 13245
3 13281 13279 13245
3 13282 13281 13245
3 13283 13282 13245
3 13285 13283 13245
3 13290 13285 13245
3 13311 13290 13245
3 13312 13311 13245
3 13313 13312 13245
3 13314 13313 13245
3 13315 13314 13245
3 13320 13315 13245
3 13321 13320 13245
3 13322 13321 13245
3 13323 13322 13245
3 13324 13323 13245
3 13325 13324 13245
3 13327 13325 13245
3 13328 13327 13245
3 13341 13328 13245
3 13342 13341 13245
3 13343 13342 13245
3 13344 13343 13245
3 13345 13344 13245
3 13346 13345 13245
3 13347 13346 13245
3 13349 13347 13245
3 13353 13349 13245
3 13350 13353 13245
3 13244 13351 13352
3 13352 13350 13245
3 13244 13352 13245
3 12120 12123 12122
3 12124 12120 12122
3 12125 12124 12122
3 12126 12125 12122
3 12132 12126 12122
3 12134 12132 12122
3 12140 12134 12122
3 12154 12140 12122
3 12161 12154 12122
3 12167 12161 12122
3 12174 12167 12122
3 12182 12174 12122
3 12187 12182 12122
3 12192 12187 12122
3 12202 12192 12122
3 12213 12202 12122
3 12219 12213 12122
3 12221 12219 12122
3 12227 12221 12122
3 12237 12227 12122
3 12243 12237 12122
3 12249 12243 12122
3 12253 12249 12122
3 12261 12253 12122
3 12263 12261 12122
3 12269 12263 12122
3 12271 12269 12122
3 12277 12271 12122
3 12279 12277 12122
3 12281 12279 12122
3 12287 12281 12122
3 12289 12287 12122
3 12292 12289 12122
3 12295 12292 12122
3 12298 12295 12122
3 12299 12298 12122
3 12121 12296 12297
3 12297 12299 12122
3 12121 12297 12122
3 12376 12372 12375
3 12381 12376 12375
3 12382 12381 12375
3 12383 12382 12375
3 12388 12383 12375
3 12393 12388 12375
3 12398 12393 12375
3 12409 12398 12375
3 12410 12409 12375
3 12412 12410 12375
3 12415 12412 12375
3 12416 12415 12375
3 12417 12416 12375
3 12438 12417 12375
3 12439 12438 12375
3 12440 12439 12375
3 12441 12440 12375
3 12442 12441 12375
3 12447 12442 12375
3 12448 12447 12375
3 12449 12448 12375
3 12451 12449 12375
3 12453 12451 12375
3 12454 12453 12375
3 12455 12454 12375
3 12456 12455 12375
3 12469 12456 12375
3 12470 12469 12375
3 12471 12470 12375
3 12472 12471 12375
3 12473 12472 12375
3 12474 12473 12375
3 12475 12474 12375
3 12476 12475 12375
3 12481 12476 12375
3 12478 12481 12375
3 12374 12479 12480
3 12480 12478 12375
3 12374 12480 12375
3 10165 10164 10163
3 10166 10165 10163
3 10168 10166 10163
3 10169 10168 10163
3 10177 10169 10163
3 10179 10177 10163
3 10185 10179 10163
3 10201 10185 10163
3 10209 10201 10163
3 10220 10209 10163
3 10226 10220 10163
3 10235 10226 10163
3 10241 10235 10163
3 10243 10241 10163
3 10253 10243 10163
3 10265 10253 10163
3 10276 10265 10163
3 10278 10276 10163
3 10284 10278 10163
3 10295 10284 10163
3 10301 10295 10163
3 10314 10301 10163
3 10316 10314 10163
3 10322 10316 10163
3 10329 10322 10163
3 10330 10329 10163
3 10336 10330 10163
3 10343 10336 10163
3 10345 10343 10163
3 10349 10345 10163
3 10355 10349 10163
3 10356 10355 10163
3 10358 10356 10163
3 10360 10358 10163
3 10367 10360 10163
3 10368 10367 10163
3 10162 10365 10366
3 10366 10368 10163
3 10162 10366 10163
3 9928 9931 9930
3 9932 9928 9930
3 9933 9932 9930
3 9941 9933 9930
3 9947 9941 9930
3 9950 9947 9930
3 9954 9950 9930
3 9960 9954 9930
3 9962 9960 9930
3 9970 9962 9930
3 9975 9970 9930
3 9981 9975 9930
3 9984 9981 9930
3 9991 9984 9930
3 10000 9991 9930
3 10006 10000 9930
3 10014 10006 9930
3 10020 10014 9930
3 10026 10020 9930
3 10033 10026 9930
3 10039 10033 9930
3 10051 10039 9930
3 10060 10051 9930
3 10066 10060 9930
3 10069 10066 9930
3 10075 10069 9930
3 10081 10075 9930
3 10087 10081 9930
3 10093 10087 9930
3 10100 10093 9930
3 10112 10100 9930
3 10115 10112 9930
3 10116 10115 9930
3 10118 10116 9930
3 10122 10118 9930
3 10119 10122 9930
3 9929 10120 10121
3 10121 10119 9930
3 9929 10121 9930
3 10462 10463 10461
3 10468 10462 10461
3 10469 10468 10461
3 10471 10469 10461
3 10476 10471 10461
3 10481 10476 10461
3 10488 10481 10461
3 10499 10488 10461
3 10502 10499 10461
3 10503 10502 10461
3 10505 10503 10461
3 10506 10505 10461
3 10510 10506 10461
3 10531 10510 10461
3 10532 10531 10461
3 10533 10532 10461
3 10534 10533 10461
3 10535 10534 10461
3 10540 10535 10461
3 10541 10540 10461
3 10542 10541 10461
3 10543 10542 10461
3 10544 10543 10461
3 10545 10544 10461
3 10546 10545 10461
3 10547 10546 10461
3 10560 10547 10461
3 10562 10560 10461
3 10563 10562 10461
3 10564 10563 10461
3 10565 10564 10461
3 10566 10565 10461
3 10567 10566 10461
3 10568 10567 10461
3 10572 10568 10461
3 10569 10572 10461
3 10460 10570 10571
3 10571 10569 10461
3 10460 10571 10461
3 11905 11906 11904
3 11907 11905 11904
3 11908 11907 11904
3 11913 11908 11904
3 11920 11913 11904
3 11923 11920 11904
3 11925 11923 11904
3 11932 11925 11904
3 11934 11932 11904
3 11940 11934 11904
3 11942 11940 11904
3 11949 11942 11904
3 11954 11949 11904
3 11961 11954 11904
3 11967 11961 11904
3 11973 11967 11904
3 11979 11973 11904
3 11985 11979 11904
3 11991 11985 11904
3 11997 11991 11904
3 12004 11997 11904
3 12015 12004 11904
3 12021 12015 11904
3 12022 12021 11904
3 12030 12022 11904
3 12036 12030 11904
3 12043 12036 11904
3 12050 12043 11904
3 12057 12050 11904
3 12063 12057 11904
3 12075 12063 11904
3 12077 12075 11904
3 12079 12077 11904
3 12081 12079 11904
3 12085 12081 11904
3 12082 12085 11904
3 11903 12083 12084
3 12084 12082 11904
3 11903 12084 11904
3 13786 13787 13785
3 13788 13786 13785
3 13789 13788 13785
3 13790 13789 13785
3 13797 13790 13785
3 13799 13797 13785
3 13804 13799 13785
3 13818 13804 13785
3 13824 13818 13785
3 13830 13824 13785
3 13837 13830 13785
3 13844 13837 13785
3 13849 13844 13785
3 13852 13849 13785
3 13862 13852 13785
3 13872 13862 13785
3 13878 13872 13785
3 13880 13878 13785
3 13886 13880 13785
3 13896 13886 13785
3 13902 13896 13785
3 13908 13902 13785
3 13910 13908 13785
3 13917 13910 13785
3 13918 13917 13785
3 13924 13918 13785
3 13926 13924 13785
3 13932 13926 13785
3 13935 13932 13785
3 13937 13935 13785
3 13944 13937 13785
3 13945 13944 13785
3 13947 13945 13785
3 13949 13947 13785
3 13952 13949 13785
3 13953 13952 13785
3 13784 13950 13951
3 13951 13953 13785
3 13784 13951 13785
3 14022 14021 14024
3 14029 14022 14024
3 14030 14029 14024
3 14031 14030 14024
3 14036 14031 14024
3 14041 14036 14024
3 14046 14041 14024
3 14051 14046 14024
3 14058 14051 14024
3 14059 14058 14024
3 14060 14059 14024
3 14061 14060 14024
3 14062 14061 14024
3 14083 14062 14024
3 14084 14083 14024
3 14085 14084 14024
3 14086 14085 14024
3 14087 14086 14024
3 14092 14087 14024
3 14093 14092 14024
3 14094 14093 14024
3 14095 14094 14024
3 14096 14095 14024
3 14097 14096 14024
3 14098 14097 14024
3 14099 14098 14024
3 14112 14099 14024
3 14115 14112 14024
3 14116 14115 14024
3 14117 14116 14024
3 14118 14117 14024
3 14119 14118 14024
3 14120 14119 14024
3 14121 14120 14024
3 14125 14121 14024
3 14122 14125 14024
3 14023 14123 14124
3 14124 14122 14024
3 14023 14124 14024
3 14325 14326 14324
3 14327 14325 14324
3 14328 14327 14324
3 14333 14328 14324
3 14340 14333 14324
3 14344 14340 14324
3 14347 14344 14324
3 14353 14347 14324
3 14356 14353 14324
3 14362 14356 14324
3 14364 14362 14324
3 14366 14364 14324
3 14372 14366 14324
3 14378 14372 14324
3 14391 14378 14324
3 14397 14391 14324
3 14403 14397 14324
3 14409 14403 14324
3 14416 14409 14324
3 14418 14416 14324
3 14428 14418 14324
3 14442 14428 14324
3 14448 14442 14324
3 14454 14448 14324
3 14455 14454 14324
3 14461 14455 14324
3 14467 14461 14324
3 14473 14467 14324
3 14479 14473 14324
3 14485 14479 14324
3 14498 14485 14324
3 14499 14498 14324
3 14501 14499 14324
3 14503 14501 14324
3 14507 14503 14324
3 14504 14507 14324
3 14323 14505 14506
3 14506 14504 14324
3 14323 14506 14324
3 14534 14533 14536
3 14537 14534 14536
3 14538 14537 14536
3 14539 14538 14536
3 14545 14539 14536
3 14548 14545 14536
3 14556 14548 14536
3 14562 14556 14536
3 14572 14562 14536
3 14578 14572 14536
3 14584 14578 14536
3 14591 14584 14536
3 14598 14591 14536
3 14600 14598 14536
3 14610 14600 14536
3 14621 14610 14536
3 14627 14621 14536
3 14630 14627 14536
3 14636 14630 14536
3 14646 14636 14536
3 14649 14646 14536
3 14659 14649 14536
3 14660 14659 14536
3 14667 14660 14536
3 14669 14667 14536
3 14675 14669 14536
3 14677 14675 14536
3 14683 14677 14536
3 14685 14683 14536
3 14687 14685 14536
3 14693 14687 14536
3 14694 14693 14536
3 14696 14694 14536
3 14697 14696 14536
3 14700 14697 14536
3 14701 14700 14536
3 14535 14702 14703
3 14703 14701 14536
3 14535 14703 14536
3 13582 13583 13581
3 13584 13582 13581
3 13585 13584 13581
3 13590 13585 13581
3 13597 13590 13581
3 13601 13597 13581
3 13603 13601 13581
3 13609 13603 13581
3 13613 13609 13581
3 13620 13613 13581
3 13622 13620 13581
3 13629 13622 13581
3 13634 13629 13581
3 13640 13634 13581
3 13646 13640 13581
3 13653 13646 13581
3 13661 13653 13581
3 13666 13661 13581
3 13672 13666 13581
3 13678 13672 13581
3 13685 13678 13581
3 13695 13685 13581
3 13701 13695 13581
3 13702 13701 13581
3 13708 13702 13581
3 13714 13708 13581
3 13720 13714 13581
3 13726 13720 13581
3 13732 13726 13581
3 13738 13732 13581
3 13750 13738 13581
3 13751 13750 13581
3 13753 13751 13581
3 13755 13753 13581
3 13759 13755 13581
3 13756 13759 13581
3 13580 13757 13758
3 13758 13756 13581
3 13580 13758 13581
3 9104 9103 9102
3 9105 9104 9102
3 9107 9105 9102
3 9108 9107 9102
3 9115 9108 9102
3 9117 9115 9102
3 9122 9117 9102
3 9135 9122 9102
3 9145 9135 9102
3 9153 9145 9102
3 9160 9153 9102
3 9169 9160 9102
3 9180 9169 9102
3 9183 9180 9102
3 9193 9183 9102
3 9204 9193 9102
3 9210 9204 9102
3 9213 9210 9102
3 9219 9213 9102
3 9230 9219 9102
3 9236 9230 9102
3 9242 9236 9102
3 9244 9242 9102
3 9250 9244 9102
3 9259 9250 9102
3 9260 9259 9102
3 9262 9260 9102
3 9268 9262 9102
3 9271 9268 9102
3 9277 9271 9102
3 9281 9277 9102
3 9282 9281 9102
3 9285 9282 9102
3 9287 9285 9102
3 9290 9287 9102
3 9292 9290 9102
3 9101 9288 9289
3 9289 9292 9102
3 9101 9289 9102
3 11239 11240 11238
3 11241 11239 11238
3 11242 11241 11238
3 11243 11242 11238
3 11251 11243 11238
3 11253 11251 11238
3 11259 11253 11238
3 11273 11259 11238
3 11279 11273 11238
3 11285 11279 11238
3 11294 11285 11238
3 11301 11294 11238
3 11307 11301 11238
3 11312 11307 11238
3 11322 11312 11238
3 11335 11322 11238
3 11341 11335 11238
3 11343 11341 11238
3 11351 11343 11238
3 11362 11351 11238
3 11368 11362 11238
3 11378 11368 11238
3 11382 11378 11238
3 11389 11382 11238
3 11390 11389 11238
3 11399 11390 11238
3 11402 11399 11238
3 11408 11402 11238
3 11410 11408 11238
3 11412 11410 11238
3 11418 11412 11238
3 11419 11418 11238
3 11421 11419 11238
3 11423 11421 11238
3 11426 11423 11238
3 11427 11426 11238
3 11237 11424 11425
3 11425 11427 11238
3 11237 11425 11238
3 12976 12977 12975
3 12978 12976 12975
3 12979 12978 12975
3 12981 12979 12975
3 12988 12981 12975
3 12990 12988 12975
3 12996 12990 12975
3 13011 12996 12975
3 13017 13011 12975
3 13024 13017 12975
3 13031 13024 12975
3 13038 13031 12975
3 13044 13038 12975
3 13048 13044 12975
3 13058 13048 12975
3 13068 13058 12975
3 13074 13068 12975
3 13076 13074 12975
3 13082 13076 12975
3 13092 13082 12975
3 13098 13092 12975
3 13104 13098 12975
3 13106 13104 12975
3 13120 13106 12975
3 13122 13120 12975
3 13128 13122 12975
3 13131 13128 12975
3 13137 13131 12975
3 13140 13137 12975
3 13143 13140 12975
3 13149 13143 12975
3 13150 13149 12975
3 13152 13150 12975
3 13154 13152 12975
3 13157 13154 12975
3 13158 13157 12975
3 12974 13155 13156
3 13156 13158 12975
3 12974 13156 12975
3 13466 13467 14128
3 13466 14128 14127
3 13468 14129 14128
3 13468 14128 13467
3 14884 14885 8410
3 8409 14884 8410
3 14212 14874 14875
3 14213 14212 14875
3 14875 14876 14214
3 14213 14875 14214
3 14214 14876 14877
3 14215 14214 14877
3 8623 9533 9534
3 8624 8623 9534
3 8622 9532 9531
3 8622 9531 8621
3 13465 14126 14127
3 13466 13465 14127
3 12644 13354 13355
3 12645 12644 13355
3 13355 13356 12646
3 12645 13355 12646
3 12646 13356 13357
3 12647 12646 13357
3 11793 12499 12500
3 11794 11793 12500
3 12498 12499 11793
3 11792 12498 11793
3 11791 12497 12498
3 11792 11791 12498
3 10781 11631 11632
3 10782 10781 11632
3 11632 11633 10783
3 10782 11632 10783
3 9764 10598 10599
3 9765 9764 10599
3 10597 10598 9764
3 9763 10597 9764
3 10783 11633 11634
3 10784 10783 11634
3 9762 10596 10597
3 9763 9762 10597
3 8622 8623 9533
3 8622 9533 9532
3 9431 9429 9427
3 9425 9431 9427
3 9420 9425 9427
3 9415 9420 9427
3 9409 9415 9427
3 9401 9409 9427
3 9392 9401 9427
3 9387 9392 9427
3 9383 9387 9427
3 9377 9383 9427
3 9368 9377 9427
3 9353 9368 9427
3 9340 9353 9427
3 9333 9340 9427
3 9318 9333 9427
3 9311 9318 9427
3 9296 9311 9427
3 9275 9296 9427
3 9266 9275 9427
3 9257 9266 9427
3 9247 9257 9427
3 9239 9247 9427
3 9227 9239 9427
3 9216 9227 9427
3 9207 9216 9427
3 9197 9207 9427
3 9186 9197 9427
3 9177 9186 9427
3 9166 9177 9427
3 9156 9166 9427
3 9150 9156 9427
3 9142 9150 9427
3 9136 9142 9427
3 9130 9136 9427
3 9125 9130 9427
3 9120 9125 9427
3 9123 9120 9427
3 9128 9123 9427
3 9133 9128 9427
3 9140 9133 9427
3 9148 9140 9427
3 9158 9148 9427
3 9164 9158 9427
3 9175 9164 9427
3 9184 9175 9427
3 9195 9184 9427
3 9205 9195 9427
3 9214 9205 9427
3 9225 9214 9427
3 9237 9225 9427
3 9245 9237 9427
3 9255 9245 9427
3 9264 9255 9427
3 9273 9264 9427
3 9294 9273 9427
3 9309 9294 9427
3 9316 9309 9427
3 9331 9316 9427
3 9338 9331 9427
3 9351 9338 9427
3 9366 9351 9427
3 9375 9366 9427
3 9381 9375 9427
3 9385 9381 9427
3 9390 9385 9427
3 9399 9390 9427
3 9407 9399 9427
3 9413 9407 9427
3 9418 9413 9427
3 9423 9418 9427
3 9432 9430 9429
3 9432 9429 9431
3 9426 9432 9431
3 9426 9431 9425
3 9421 9426 9425
3 9421 9425 9420
3 9416 9421 9420
3 9416 9420 9415
3 9410 9416 9415
3 9410 9415 9409
3 9402 9410 9409
3 9402 9409 9401
3 9393 9402 9401
3 9393 9401 9392
3 9388 9393 9392
3 9388 9392 9387
3 9384 9388 9387
3 9384 9387 9383
3 9384 9383 9377
3 9378 9384 9377
3 9378 9377 9368
3 9369 9378 9368
3 9369 9368 9353
3 9354 9369 9353
3 9354 9353 9340
3 9341 9354 9340
3 9341 9340 9333
3 9334 9341 9333
3 9334 9333 9318
3 9319 9334 9318
3 9319 9318 9311
3 9312 9319 9311
3 9312 9311 9296
3 9297 9312 9296
3 9297 9296 9275
3 9276 9297 9275
3 9276 9275 9266
3 9267 9276 9266
3 9267 9266 9257
3 9258 9267 9257
3 9258 9257 9247
3 9248 9258 9247
3 9248 9247 9239
3 9240 9248 9239
3 9240 9239 9227
3 9228 9240 9227
3 9228 9227 9216
3 9217 9228 9216
3 9217 9216 9207
3 9208 9217 9207
3 9208 9207 9197
3 9198 9208 9197
3 9198 9197 9186
3 9187 9198 9186
3 9187 9186 9177
3 9178 9187 9177
3 9178 9177 9166
3 9167 9178 9166
3 9167 9166 9156
3 9157 9167 9156
3 9157 9156 9150
3 9151 9157 9150
3 9151 9150 9142
3 9143 9151 9142
3 9143 9142 9136
3 9137 9143 9136
3 9137 9136 9130
3 9131 9137 9130
3 9131 9130 9125
3 9126 9131 9125
3 9126 9125 9120
3 9121 9126 9120
3 9121 9120 9123
3 9124 9121 9123
3 9124 9123 9128
3 9129 9124 9128
3 9129 9128 9133
3 9134 9129 9133
3 9134 9133 9140
3 9141 9134 9140
3 9141 9140 9148
3 9149 9141 9148
3 9149 9148 9158
3 9159 9149 9158
3 9159 9158 9164
3 9165 9159 9164
3 9165 9164 9175
3 9176 9165 9175
3 9176 9175 9184
3 9185 9176 9184
3 9196 9185 9184
3 9196 9184 9195
3 9206 9196 9195
3 9206 9195 9205
3 9215 9206 9205
3 9215 9205 9214
3 9226 9215 9214
3 9226 9214 9225
3 9238 9226 9225
3 9238 9225 9237
3 9246 9238 9237
3 9246 9237 9245
3 9256 9246 9245
3 9256 9245 9255
3 9265 9256 9255
3 9265 9255 9264
3 9274 9265 9264
3 9274 9264 9273
3 9295 9274 9273
3 9295 9273 9294
3 9310 9295 9294
3 9310 9294 9309
3 9317 9310 9309
3 9317 9309 9316
3 9332 9317 9316
3 9332 9316 9331
3 9339 9332 9331
3 9339 9331 9338
3 9352 9339 9338
3 9352 9338 9351
3 9367 9352 9351
3 9367 9351 9366
3 9376 9367 9366
3 9376 9366 9375
3 9382 9376 9375
3 9382 9375 9381
3 9386 9382 9381
3 9386 9381 9385
3 9391 9386 9385
3 9391 9385 9390
3 9400 9391 9390
3 9400 9390 9399
3 9408 9400 9399
3 9408 9399 9407
3 9414 9408 9407
3 9414 9407 9413
3 9419 9414 9413
3 9419 9413 9418
3 9424 9419 9418
3 9424 9418 9423
3 9428 9424 9423
3 9428 9423 9427
3 9430 9428 9427
3 9430 9427 9429
3 9432 9430 9428
3 9426 9432 9428
3 9421 9426 9428
3 9416 9421 9428
3 9410 9416 9428
3 9402 9410 9428
3 9393 9402 9428
3 9388 9393 9428
3 9384 9388 9428
3 9378 9384 9428
3 9369 9378 9428
3 9354 9369 9428
3 9341 9354 9428
3 9334 9341 9428
3 9319 9334 9428
3 9312 9319 9428
3 9297 9312 9428
3 9276 9297 9428
3 9267 9276 9428
3 9258 9267 9428
3 9248 9258 9428
3 9240 9248 9428
3 9228 9240 9428
3 9217 9228 9428
3 9208 9217 9428
3 9198 9208 9428
3 9187 9198 9428
3 9178 9187 9428
3 9167 9178 9428
3 9157 9167 9428
3 9151 9157 9428
3 9143 9151 9428
3 9137 9143 9428
3 9131 9137 9428
3 9126 9131 9428
3 9121 9126 9428
3 9124 9121 9428
3 9129 9124 9428
3 9134 9129 9428
3 9141 9134 9428
3 9149 9141 9428
3 9159 9149 9428
3 9165 9159 9428
3 9176 9165 9428
3 9185 9176 9428
3 9196 9185 9428
3 9206 9196 9428
3 9215 9206 9428
3 9226 9215 9428
3 9238 9226 9428
3 9246 9238 9428
3 9256 9246 9428
3 9265 9256 9428
3 9274 9265 9428
3 9295 9274 9428
3 9310 9295 9428
3 9317 9310 9428
3 9332 9317 9428
3 9339 9332 9428
3 9352 9339 9428
3 9367 9352 9428
3 9376 9367 9428
3 9382 9376 9428
3 9386 9382 9428
3 9391 9386 9428
3 9400 9391 9428
3 9408 9400 9428
3 9414 9408 9428
3 9419 9414 9428
3 9424 9419 9428
3 9003 9001 8999
3 8996 9003 8999
3 8989 8996 8999
3 8983 8989 8999
3 8973 8983 8999
3 8966 8973 8999
3 8959 8966 8999
3 8951 8959 8999
3 8943 8951 8999
3 8931 8943 8999
3 8884 8931 8999
3 8877 8884 8999
3 8870 8877 8999
3 8857 8870 8999
3 8840 8857 8999
3 8825 8840 8999
3 8815 8825 8999
3 8802 8815 8999
3 8779 8802 8999
3 8768 8779 8999
3 8762 8768 8999
3 8750 8762 8999
3 8737 8750 8999
3 8727 8737 8999
3 8721 8727 8999
3 8713 8721 8999
3 8698 8713 8999
3 8692 8698 8999
3 8688 8692 8999
3 8677 8688 8999
3 8669 8677 8999
3 8663 8669 8999
3 8655 8663 8999
3 8651 8655 8999
3 8646 8651 8999
3 8640 8646 8999
3 8644 8640 8999
3 8649 8644 8999
3 8653 8649 8999
3 8661 8653 8999
3 8667 8661 8999
3 8675 8667 8999
3 8686 8675 8999
3 8690 8686 8999
3 8696 8690 8999
3 8711 8696 8999
3 8719 8711 8999
3 8725 8719 8999
3 8735 8725 8999
3 8748 8735 8999
3 8760 8748 8999
3 8766 8760 8999
3 8777 8766 8999
3 8800 8777 8999
3 8813 8800 8999
3 8823 8813 8999
3 8838 8823 8999
3 8855 8838 8999
3 8868 8855 8999
3 8875 8868 8999
3 8882 8875 8999
3 8929 8882 8999
3 8941 8929 8999
3 8949 8941 8999
3 8957 8949 8999
3 8964 8957 8999
3 8971 8964 8999
3 8981 8971 8999
3 8987 8981 8999
3 8994 8987 8999
3 9004 9002 9001
3 9004 9001 9003
3 8997 9004 9003
3 8997 9003 8996
3 8990 8997 8996
3 8990 8996 8989
3 8984 8990 8989
3 8984 8989 8983
3 8974 8984 8983
3 8974 8983 8973
3 8967 8974 8973
3 8967 8973 8966
3 8960 8967 8966
3 8960 8966 8959
3 8952 8960 8959
3 8952 8959 8951
3 8944 8952 8951
3 8944 8951 8943
3 8944 8943 8931
3 8932 8944 8931
3 8932 8931 8884
3 8885 8932 8884
3 8885 8884 8877
3 8878 8885 8877
3 8878 8877 8870
3 8871 8878 8870
3 8871 8870 8857
3 8858 8871 8857
3 8858 8857 8840
3 8841 8858 8840
3 8841 8840 8825
3 8826 8841 8825
3 8826 8825 8815
3 8816 8826 8815
3 8816 8815 8802
3 8803 8816 8802
3 8803 8802 8779
3 8780 8803 8779
3 8780 8779 8768
3 8769 8780 8768
3 8769 8768 8762
3 8763 8769 8762
3 8763 8762 8750
3 8751 8763 8750
3 8751 8750 8737
3 8738 8751 8737
3 8738 8737 8727
3 8728 8738 8727
3 8728 8727 8721
3 8722 8728 8721
3 8722 8721 8713
3 8714 8722 8713
3 8714 8713 8698
3 8699 8714 8698
3 8699 8698 8692
3 8693 8699 8692
3 8693 8692 8688
3 8689 8693 8688
3 8689 8688 8677
3 8678 8689 8677
3 8678 8677 8669
3 8670 8678 8669
3 8670 8669 8663
3 8664 8670 8663
3 8664 8663 8655
3 8656 8664 8655
3 8656 8655 8651
3 8652 8656 8651
3 8652 8651 8646
3 8647 8652 8646
3 8647 8646 8640
3 8641 8647 8640
3 8641 8640 8644
3 8645 8641 8644
3 8645 8644 8649
3 8650 8645 8649
3 8650 8649 8653
3 8654 8650 8653
3 8654 8653 8661
3 8662 8654 8661
3 8662 8661 8667
3 8668 8662 8667
3 8668 8667 8675
3 8676 8668 8675
3 8676 8675 8686
3 8687 8676 8686
3 8687 8686 8690
3 8691 8687 8690
3 8691 8690 8696
3 8697 8691 8696
3 8712 8697 8696
3 8712 8696 8711
3 8720 8712 8711
3 8720 8711 8719
3 8726 8720 8719
3 8726 8719 8725
3 8736 8726 8725
3 8736 8725 8735
3 8749 8736 8735
3 8749 8735 8748
3 8761 8749 8748
3 8761 8748 8760
3 8767 8761 8760
3 8767 8760 8766
3 8778 8767 8766
3 8778 8766 8777
3 8801 8778 8777
3 8801 8777 8800
3 8814 8801 8800
3 8814 8800 8813
3 8824 8814 8813
3 8824 8813 8823
3 8839 8824 8823
3 8839 8823 8838
3 8856 8839 8838
3 8856 8838 8855
3 8869 8856 8855
3 8869 8855 8868
3 8876 8869 8868
3 8876 8868 8875
3 8883 8876 8875
3 8883 8875 8882
3 8930 8883 8882
3 8930 8882 8929
3 8942 8930 8929
3 8942 8929 8941
3 8950 8942 8941
3 8950 8941 8949
3 8958 8950 8949
3 8958 8949 8957
3 8965 8958 8957
3 8965 8957 8964
3 8972 8965 8964
3 8972 8964 8971
3 8982 8972 8971
3 8982 8971 8981
3 8988 8982 8981
3 8988 8981 8987
3 8995 8988 8987
3 8995 8987 8994
3 9000 8995 8994
3 9000 8994 8999
3 9002 9000 8999
3 9002 8999 9001
3 9004 9002 9000
3 8997 9004 9000
3 8990 8997 9000
3 8984 8990 9000
3 8974 8984 9000
3 8967 8974 9000
3 8960 8967 9000
3 8952 8960 9000
3 8944 8952 9000
3 8932 8944 9000
3 8885 8932 9000
3 8878 8885 9000
3 8871 8878 9000
3 8858 8871 9000
3 8841 8858 9000
3 8826 8841 9000
3 8816 8826 9000
3 8803 8816 9000
3 8780 8803 9000
3 8769 8780 9000
3 8763 8769 9000
3 8751 8763 9000
3 8738 8751 9000
3 8728 8738 9000
3 8722 8728 9000
3 8714 8722 9000
3 8699 8714 9000
3 8693 8699 9000
3 8689 8693 9000
3 8678 8689 9000
3 8670 8678 9000
3 8664 8670 9000
3 8656 8664 9000
3 8652 8656 9000
3 8647 8652 9000
3 8641 8647 9000
3 8645 8641 9000
3 8650 8645 9000
3 8654 8650 9000
3 8662 8654 9000
3 8668 8662 9000
3 8676 8668 9000
3 8687 8676 9000
3 8691 8687 9000
3 8697 8691 9000
3 8712 8697 9000
3 8720 8712 9000
3 8726 8720 9000
3 8736 8726 9000
3 8749 8736 9000
3 8761 8749 9000
3 8767 8761 9000
3 8778 8767 9000
3 8801 8778 9000
3 8814 8801 9000
3 8824 8814 9000
3 8839 8824 9000
3 8856 8839 9000
3 8869 8856 9000
3 8876 8869 9000
3 8883 8876 9000
3 8930 8883 9000
3 8942 8930 9000
3 8950 8942 9000
3 8958 8950 9000
3 8965 8958 9000
3 8972 8965 9000
3 8982 8972 9000
3 8988 8982 9000
3 8995 8988 9000
3 9613 10511 10518
3 9620 9613 10518
3 9620 9621 10519
3 9620 10519 10518
3 9621 10519 10526
3 9628 9621 10526
3 10110 10108 10106
3 10103 10110 10106
3 10098 10103 10106
3 10091 10098 10106
3 10085 10091 10106
3 10079 10085 10106
3 10073 10079 10106
3 10064 10073 10106
3 10057 10064 10106
3 10042 10057 10106
3 10031 10042 10106
3 10023 10031 10106
3 10017 10023 10106
3 10003 10017 10106
3 9987 10003 10106
3 9979 9987 10106
3 9968 9979 10106
3 9957 9968 10106
3 9939 9957 10106
3 9923 9939 10106
3 9913 9923 10106
3 9897 9913 10106
3 9883 9897 10106
3 9866 9883 10106
3 9860 9866 10106
3 9850 9860 10106
3 9838 9850 10106
3 9832 9838 10106
3 9828 9832 10106
3 9819 9828 10106
3 9808 9819 10106
3 9800 9808 10106
3 9795 9800 10106
3 9791 9795 10106
3 9787 9791 10106
3 9780 9787 10106
3 9785 9780 10106
3 9789 9785 10106
3 9793 9789 10106
3 9798 9793 10106
3 9806 9798 10106
3 9817 9806 10106
3 9826 9817 10106
3 9830 9826 10106
3 9836 9830 10106
3 9848 9836 10106
3 9858 9848 10106
3 9864 9858 10106
3 9881 9864 10106
3 9895 9881 10106
3 9911 9895 10106
3 9921 9911 10106
3 9937 9921 10106
3 9955 9937 10106
3 9966 9955 10106
3 9977 9966 10106
3 9985 9977 10106
3 10001 9985 10106
3 10015 10001 10106
3 10021 10015 10106
3 10029 10021 10106
3 10040 10029 10106
3 10055 10040 10106
3 10062 10055 10106
3 10071 10062 10106
3 10077 10071 10106
3 10083 10077 10106
3 10089 10083 10106
3 10096 10089 10106
3 10101 10096 10106
3 10497 10495 10493
3 10491 10497 10493
3 10486 10491 10493
3 10479 10486 10493
3 10474 10479 10493
3 10466 10474 10493
3 10456 10466 10493
3 10451 10456 10493
3 10444 10451 10493
3 10437 10444 10493
3 10427 10437 10493
3 10419 10427 10493
3 10413 10419 10493
3 10408 10413 10493
3 10393 10408 10493
3 10388 10393 10493
3 10375 10388 10493
3 10352 10375 10493
3 10341 10352 10493
3 10327 10341 10493
3 10319 10327 10493
3 10304 10319 10493
3 10291 10304 10493
3 10281 10291 10493
3 10272 10281 10493
3 10258 10272 10493
3 10246 10258 10493
3 10238 10246 10493
3 10230 10238 10493
3 10224 10230 10493
3 10218 10224 10493
3 10207 10218 10493
3 10199 10207 10493
3 10193 10199 10493
3 10188 10193 10493
3 10183 10188 10493
3 10186 10183 10493
3 10191 10186 10493
3 10197 10191 10493
3 10205 10197 10493
3 10216 10205 10493
3 10222 10216 10493
3 10228 10222 10493
3 10236 10228 10493
3 10244 10236 10493
3 10256 10244 10493
3 10270 10256 10493
3 10279 10270 10493
3 10289 10279 10493
3 10302 10289 10493
3 10317 10302 10493
3 10325 10317 10493
3 10339 10325 10493
3 10350 10339 10493
3 10373 10350 10493
3 10386 10373 10493
3 10391 10386 10493
3 10406 10391 10493
3 10411 10406 10493
3 10417 10411 10493
3 10425 10417 10493
3 10435 10425 10493
3 10442 10435 10493
3 10449 10442 10493
3 10454 10449 10493
3 10464 10454 10493
3 10472 10464 10493
3 10477 10472 10493
3 10484 10477 10493
3 10489 10484 10493
3 10512 9614 9647
3 10548 10512 9647
3 9615 9614 10512
3 10513 9615 10512
3 10549 10513 10512
3 10549 10512 10548
3 9648 10549 10548
3 9648 10548 9647
3 9648 9647 9614
3 9615 9648 9614
3 10513 9615 9648
3 10549 10513 9648
3 10514 9616 9649
3 10550 10514 9649
3 9617 9616 10514
3 10515 9617 10514
3 10551 10515 10514
3 10551 10514 10550
3 9650 10551 10550
3 9650 10550 9649
3 9650 9649 9616
3 9617 9650 9616
3 10515 9617 9650
3 10551 10515 9650
3 10516 9618 9651
3 10552 10516 9651
3 9619 9618 10516
3 10517 9619 10516
3 10553 10517 10516
3 10553 10516 10552
3 9652 10553 10552
3 9652 10552 9651
3 9652 9651 9618
3 9619 9652 9618
3 10517 9619 9652
3 10553 10517 9652
3 10520 9622 9653
3 10554 10520 9653
3 9623 9622 10520
3 10521 9623 10520
3 10555 10521 10520
3 10555 10520 10554
3 9654 10555 10554
3 9654 10554 9653
3 9654 9653 9622
3 9623 9654 9622
3 10521 9623 9654
3 10555 10521 9654
3 10522 9624 9655
3 10556 10522 9655
3 9625 9624 10522
3 10523 9625 10522
3 10557 10523 10522
3 10557 10522 10556
3 9656 10557 10556
3 9656 10556 9655
3 9656 9655 9624
3 9625 9656 9624
3 10523 9625 9656
3 10557 10523 9656
3 10524 9626 9657
3 10558 10524 9657
3 9627 9626 10524
3 10525 9627 10524
3 10559 10525 10524
3 10559 10524 10558
3 9658 10559 10558
3 9658 10558 9657
3 9658 9657 9626
3 9627 9658 9626
3 10525 9627 9658
3 10559 10525 9658
3 10497 10495 10493
3 10491 10497 10493
3 10486 10491 10493
3 10479 10486 10493
3 10474 10479 10493
3 10466 10474 10493
3 10456 10466 10493
3 10451 10456 10493
3 10444 10451 10493
3 10437 10444 10493
3 10427 10437 10493
3 10419 10427 10493
3 10413 10419 10493
3 10408 10413 10493
3 10393 10408 10493
3 10388 10393 10493
3 10375 10388 10493
3 10352 10375 10493
3 10341 10352 10493
3 10327 10341 10493
3 10319 10327 10493
3 10304 10319 10493
3 10291 10304 10493
3 10281 10291 10493
3 10272 10281 10493
3 10258 10272 10493
3 10246 10258 10493
3 10238 10246 10493
3 10230 10238 10493
3 10224 10230 10493
3 10218 10224 10493
3 10207 10218 10493
3 10199 10207 10493
3 10193 10199 10493
3 10188 10193 10493
3 10183 10188 10493
3 10186 10183 10493
3 10191 10186 10493
3 10197 10191 10493
3 10205 10197 10493
3 10216 10205 10493
3 10222 10216 10493
3 10228 10222 10493
3 10236 10228 10493
3 10244 10236 10493
3 10256 10244 10493
3 10270 10256 10493
3 10279 10270 10493
3 10289 10279 10493
3 10302 10289 10493
3 10317 10302 10493
3 10325 10317 10493
3 10339 10325 10493
3 10350 10339 10493
3 10373 10350 10493
3 10386 10373 10493
3 10391 10386 10493
3 10406 10391 10493
3 10411 10406 10493
3 10417 10411 10493
3 10425 10417 10493
3 10435 10425 10493
3 10442 10435 10493
3 10449 10442 10493
3 10454 10449 10493
3 10464 10454 10493
3 10472 10464 10493
3 10477 10472 10493
3 10484 10477 10493
3 10489 10484 10493
3 10498 10496 10495
3 10498 10495 10497
3 10492 10498 10497
3 10492 10497 10491
3 10487 10492 10491
3 10487 10491 10486
3 10480 10487 10486
3 10480 10486 10479
3 10475 10480 10479
3 10475 10479 10474
3 10467 10475 10474
3 10467 10474 10466
3 10457 10467 10466
3 10457 10466 10456
3 10452 10457 10456
3 10452 10456 10451
3 10445 10452 10451
3 10445 10451 10444
3 10445 10444 10437
3 10438 10445 10437
3 10438 10437 10427
3 10428 10438 10427
3 10428 10427 10419
3 10420 10428 10419
3 10420 10419 10413
3 10414 10420 10413
3 10414 10413 10408
3 10409 10414 10408
3 10409 10408 10393
3 10394 10409 10393
3 10394 10393 10388
3 10389 10394 10388
3 10389 10388 10375
3 10376 10389 10375
3 10376 10375 10352
3 10353 10376 10352
3 10353 10352 10341
3 10342 10353 10341
3 10342 10341 10327
3 10328 10342 10327
3 10328 10327 10319
3 10320 10328 10319
3 10320 10319 10304
3 10305 10320 10304
3 10305 10304 10291
3 10292 10305 10291
3 10292 10291 10281
3 10282 10292 10281
3 10282 10281 10272
3 10273 10282 10272
3 10273 10272 10258
3 10259 10273 10258
3 10259 10258 10246
3 10247 10259 10246
3 10247 10246 10238
3 10239 10247 10238
3 10239 10238 10230
3 10231 10239 10230
3 10231 10230 10224
3 10225 10231 10224
3 10225 10224 10218
3 10219 10225 10218
3 10219 10218 10207
3 10208 10219 10207
3 10208 10207 10199
3 10200 10208 10199
3 10200 10199 10193
3 10194 10200 10193
3 10194 10193 10188
3 10189 10194 10188
3 10189 10188 10183
3 10184 10189 10183
3 10184 10183 10186
3 10187 10184 10186
3 10187 10186 10191
3 10192 10187 10191
3 10192 10191 10197
3 10198 10192 10197
3 10198 10197 10205
3 10206 10198 10205
3 10206 10205 10216
3 10217 10206 10216
3 10217 10216 10222
3 10223 10217 10222
3 10223 10222 10228
3 10229 10223 10228
3 10229 10228 10236
3 10237 10229 10236
3 10237 10236 10244
3 10245 10237 10244
3 10257 10245 10244
3 10257 10244 10256
3 10271 10257 10256
3 10271 10256 10270
3 10280 10271 10270
3 10280 10270 10279
3 10290 10280 10279
3 10290 10279 10289
3 10303 10290 10289
3 10303 10289 10302
3 10318 10303 10302
3 10318 10302 10317
3 10326 10318 10317
3 10326 10317 10325
3 10340 10326 10325
3 10340 10325 10339
3 10351 10340 10339
3 10351 10339 10350
3 10374 10351 10350
3 10374 10350 10373
3 10387 10374 10373
3 10387 10373 10386
3 10392 10387 10386
3 10392 10386 10391
3 10407 10392 10391
3 10407 10391 10406
3 10412 10407 10406
3 10412 10406 10411
3 10418 10412 10411
3 10418 10411 10417
3 10426 10418 10417
3 10426 10417 10425
3 10436 10426 10425
3 10436 10425 10435
3 10443 10436 10435
3 10443 10435 10442
3 10450 10443 10442
3 10450 10442 10449
3 10455 10450 10449
3 10455 10449 10454
3 10465 10455 10454
3 10465 10454 10464
3 10473 10465 10464
3 10473 10464 10472
3 10478 10473 10472
3 10478 10472 10477
3 10485 10478 10477
3 10485 10477 10484
3 10490 10485 10484
3 10490 10484 10489
3 10494 10490 10489
3 10494 10489 10493
3 10496 10494 10493
3 10496 10493 10495
3 10498 10496 10494
3 10492 10498 10494
3 10487 10492 10494
3 10480 10487 10494
3 10475 10480 10494
3 10467 10475 10494
3 10457 10467 10494
3 10452 10457 10494
3 10445 10452 10494
3 10438 10445 10494
3 10428 10438 10494
3 10420 10428 10494
3 10414 10420 10494
3 10409 10414 10494
3 10394 10409 10494
3 10389 10394 10494
3 10376 10389 10494
3 10353 10376 10494
3 10342 10353 10494
3 10328 10342 10494
3 10320 10328 10494
3 10305 10320 10494
3 10292 10305 10494
3 10282 10292 10494
3 10273 10282 10494
3 10259 10273 10494
3 10247 10259 10494
3 10239 10247 10494
3 10231 10239 10494
3 10225 10231 10494
3 10219 10225 10494
3 10208 10219 10494
3 10200 10208 10494
3 10194 10200 10494
3 10189 10194 10494
3 10184 10189 10494
3 10187 10184 10494
3 10192 10187 10494
3 10198 10192 10494
3 10206 10198 10494
3 10217 10206 10494
3 10223 10217 10494
3 10229 10223 10494
3 10237 10229 10494
3 10245 10237 10494
3 10257 10245 10494
3 10271 10257 10494
3 10280 10271 10494
3 10290 10280 10494
3 10303 10290 10494
3 10318 10303 10494
3 10326 10318 10494
3 10340 10326 10494
3 10351 10340 10494
3 10374 10351 10494
3 10387 10374 10494
3 10392 10387 10494
3 10407 10392 10494
3 10412 10407 10494
3 10418 10412 10494
3 10426 10418 10494
3 10436 10426 10494
3 10443 10436 10494
3 10450 10443 10494
3 10455 10450 10494
3 10465 10455 10494
3 10473 10465 10494
3 10478 10473 10494
3 10485 10478 10494
3 10490 10485 10494
3 10110 10108 10106
3 10103 10110 10106
3 10098 10103 10106
3 10091 10098 10106
3 10085 10091 10106
3 10079 10085 10106
3 10073 10079 10106
3 10064 10073 10106
3 10057 10064 10106
3 10042 10057 10106
3 10031 10042 10106
3 10023 10031 10106
3 10017 10023 10106
3 10003 10017 10106
3 9987 10003 10106
3 9979 9987 10106
3 9968 9979 10106
3 9957 9968 10106
3 9939 9957 10106
3 9923 9939 10106
3 9913 9923 10106
3 9897 9913 10106
3 9883 9897 10106
3 9866 9883 10106
3 9860 9866 10106
3 9850 9860 10106
3 9838 9850 10106
3 9832 9838 10106
3 9828 9832 10106
3 9819 9828 10106
3 9808 9819 10106
3 9800 9808 10106
3 9795 9800 10106
3 9791 9795 10106
3 9787 9791 10106
3 9780 9787 10106
3 9785 9780 10106
3 9789 9785 10106
3 9793 9789 10106
3 9798 9793 10106
3 9806 9798 10106
3 9817 9806 10106
3 9826 9817 10106
3 9830 9826 10106
3 9836 9830 10106
3 9848 9836 10106
3 9858 9848 10106
3 9864 9858 10106
3 9881 9864 10106
3 9895 9881 10106
3 9911 9895 10106
3 9921 9911 10106
3 9937 9921 10106
3 9955 9937 10106
3 9966 9955 10106
3 9977 9966 10106
3 9985 9977 10106
3 10001 9985 10106
3 10015 10001 10106
3 10021 10015 10106
3 10029 10021 10106
3 10040 10029 10106
3 10055 10040 10106
3 10062 10055 10106
3 10071 10062 10106
3 10077 10071 10106
3 10083 10077 10106
3 10089 10083 10106
3 10096 10089 10106
3 10101 10096 10106
3 10111 10109 10108
3 10111 10108 10110
3 10104 10111 10110
3 10104 10110 10103
3 10099 10104 10103
3 10099 10103 10098
3 10092 10099 10098
3 10092 10098 10091
3 10086 10092 10091
3 10086 10091 10085
3 10080 10086 10085
3 10080 10085 10079
3 10074 10080 10079
3 10074 10079 10073
3 10065 10074 10073
3 10065 10073 10064
3 10058 10065 10064
3 10058 10064 10057
3 10058 10057 10042
3 10043 10058 10042
3 10043 10042 10031
3 10032 10043 10031
3 10032 10031 10023
3 10024 10032 10023
3 10024 10023 10017
3 10018 10024 10017
3 10018 10017 10003
3 10004 10018 10003
3 10004 10003 9987
3 9988 10004 9987
3 9988 9987 9979
3 9980 9988 9979
3 9980 9979 9968
3 9969 9980 9968
3 9969 9968 9957
3 9958 9969 9957
3 9958 9957 9939
3 9940 9958 9939
3 9940 9939 9923
3 9924 9940 9923
3 9924 9923 9913
3 9914 9924 9913
3 9914 9913 9897
3 9898 9914 9897
3 9898 9897 9883
3 9884 9898 9883
3 9884 9883 9866
3 9867 9884 9866
3 9867 9866 9860
3 9861 9867 9860
3 9861 9860 9850
3 9851 9861 9850
3 9851 9850 9838
3 9839 9851 9838
3 9839 9838 9832
3 9833 9839 9832
3 9833 9832 9828
3 9829 9833 9828
3 9829 9828 9819
3 9820 9829 9819
3 9820 9819 9808
3 9809 9820 9808
3 9809 9808 9800
3 9801 9809 9800
3 9801 9800 9795
3 9796 9801 9795
3 9796 9795 9791
3 9792 9796 9791
3 9792 9791 9787
3 9788 9792 9787
3 9788 9787 9780
3 9781 9788 9780
3 9781 9780 9785
3 9786 9781 9785
3 9786 9785 9789
3 9790 9786 9789
3 9790 9789 9793
3 9794 9790 9793
3 9794 9793 9798
3 9799 9794 9798
3 9799 9798 9806
3 9807 9799 9806
3 9807 9806 9817
3 9818 9807 9817
3 9818 9817 9826
3 9827 9818 9826
3 9827 9826 9830
3 9831 9827 9830
3 9831 9830 9836
3 9837 9831 9836
3 9849 9837 9836
3 9849 9836 9848
3 9859 9849 9848
3 9859 9848 9858
3 9865 9859 9858
3 9865 9858 9864
3 9882 9865 9864
3 9882 9864 9881
3 9896 9882 9881
3 9896 9881 9895
3 9912 9896 9895
3 9912 9895 9911
3 9922 9912 9911
3 9922 9911 9921
3 9938 9922 9921
3 9938 9921 9937
3 9956 9938 9937
3 9956 9937 9955
3 9967 9956 9955
3 9967 9955 9966
3 9978 9967 9966
3 9978 9966 9977
3 9986 9978 9977
3 9986 9977 9985
3 10002 9986 9985
3 10002 9985 10001
3 10016 10002 10001
3 10016 10001 10015
3 10022 10016 10015
3 10022 10015 10021
3 10030 10022 10021
3 10030 10021 10029
3 10041 10030 10029
3 10041 10029 10040
3 10056 10041 10040
3 10056 10040 10055
3 10063 10056 10055
3 10063 10055 10062
3 10072 10063 10062
3 10072 10062 10071
3 10078 10072 10071
3 10078 10071 10077
3 10084 10078 10077
3 10084 10077 10083
3 10090 10084 10083
3 10090 10083 10089
3 10097 10090 10089
3 10097 10089 10096
3 10102 10097 10096
3 10102 10096 10101
3 10107 10102 10101
3 10107 10101 10106
3 10109 10107 10106
3 10109 10106 10108
3 10111 10109 10107
3 10104 10111 10107
3 10099 10104 10107
3 10092 10099 10107
3 10086 10092 10107
3 10080 10086 10107
3 10074 10080 10107
3 10065 10074 10107
3 10058 10065 10107
3 10043 10058 10107
3 10032 10043 10107
3 10024 10032 10107
3 10018 10024 10107
3 10004 10018 10107
3 9988 10004 10107
3 9980 9988 10107
3 9969 9980 10107
3 9958 9969 10107
3 9940 9958 10107
3 9924 9940 10107
3 9914 9924 10107
3 9898 9914 10107
3 9884 9898 10107
3 9867 9884 10107
3 9861 9867 10107
3 9851 9861 10107
3 9839 9851 10107
3 9833 9839 10107
3 9829 9833 10107
3 9820 9829 10107
3 9809 9820 10107
3 9801 9809 10107
3 9796 9801 10107
3 9792 9796 10107
3 9788 9792 10107
3 9781 9788 10107
3 9786 9781 10107
3 9790 9786 10107
3 9794 9790 10107
3 9799 9794 10107
3 9807 9799 10107
3 9818 9807 10107
3 9827 9818 10107
3 9831 9827 10107
3 9837 9831 10107
3 9849 9837 10107
3 9859 9849 10107
3 9865 9859 10107
3 9882 9865 10107
3 9896 9882 10107
3 9912 9896 10107
3 9922 9912 10107
3 9938 9922 10107
3 9956 9938 10107
3 9967 9956 10107
3 9978 9967 10107
3 9986 9978 10107
3 10002 9986 10107
3 10016 10002 10107
3 10022 10016 10107
3 10030 10022 10107
3 10041 10030 10107
3 10056 10041 10107
3 10063 10056 10107
3 10072 10063 10107
3 10078 10072 10107
3 10084 10078 10107
3 10090 10084 10107
3 10097 10090 10107
3 10102 10097 10107
3 10678 11545 11552
3 10685 10678 11552
3 10685 10686 11553
3 10685 11553 11552
3 10686 11553 11560
3 10693 10686 11560
3 11145 11143 11141
3 11134 11145 11141
3 11129 11134 11141
3 11120 11129 11141
3 11114 11120 11141
3 11105 11114 11141
3 11097 11105 11141
3 11091 11097 11141
3 11080 11091 11141
3 11068 11080 11141
3 11049 11068 11141
3 11040 11049 11141
3 11029 11040 11141
3 11012 11029 11141
3 10997 11012 11141
3 10981 10997 11141
3 10969 10981 11141
3 10959 10969 11141
3 10936 10959 11141
3 10918 10936 11141
3 10912 10918 11141
3 10900 10912 11141
3 10884 10900 11141
3 10878 10884 11141
3 10872 10878 11141
3 10860 10872 11141
3 10852 10860 11141
3 10847 10852 11141
3 10841 10847 11141
3 10832 10841 11141
3 10825 10832 11141
3 10817 10825 11141
3 10811 10817 11141
3 10807 10811 11141
3 10803 10807 11141
3 10798 10803 11141
3 10801 10798 11141
3 10805 10801 11141
3 10809 10805 11141
3 10815 10809 11141
3 10823 10815 11141
3 10830 10823 11141
3 10839 10830 11141
3 10845 10839 11141
3 10850 10845 11141
3 10858 10850 11141
3 10870 10858 11141
3 10876 10870 11141
3 10882 10876 11141
3 10898 10882 11141
3 10910 10898 11141
3 10916 10910 11141
3 10934 10916 11141
3 10957 10934 11141
3 10967 10957 11141
3 10979 10967 11141
3 10995 10979 11141
3 11010 10995 11141
3 11027 11010 11141
3 11038 11027 11141
3 11047 11038 11141
3 11066 11047 11141
3 11078 11066 11141
3 11089 11078 11141
3 11095 11089 11141
3 11103 11095 11141
3 11112 11103 11141
3 11118 11112 11141
3 11127 11118 11141
3 11132 11127 11141
3 11536 11534 11532
3 11530 11536 11532
3 11525 11530 11532
3 11520 11525 11532
3 11515 11520 11532
3 11507 11515 11532
3 11498 11507 11532
3 11494 11498 11532
3 11490 11494 11532
3 11486 11490 11532
3 11476 11486 11532
3 11468 11476 11532
3 11464 11468 11532
3 11460 11464 11532
3 11446 11460 11532
3 11442 11446 11532
3 11431 11442 11532
3 11415 11431 11532
3 11406 11415 11532
3 11394 11406 11532
3 11385 11394 11532
3 11371 11385 11532
3 11359 11371 11532
3 11348 11359 11532
3 11338 11348 11532
3 11328 11338 11532
3 11315 11328 11532
3 11304 11315 11532
3 11298 11304 11532
3 11292 11298 11532
3 11283 11292 11532
3 11277 11283 11532
3 11271 11277 11532
3 11267 11271 11532
3 11262 11267 11532
3 11257 11262 11532
3 11260 11257 11532
3 11265 11260 11532
3 11269 11265 11532
3 11275 11269 11532
3 11281 11275 11532
3 11290 11281 11532
3 11296 11290 11532
3 11302 11296 11532
3 11313 11302 11532
3 11326 11313 11532
3 11336 11326 11532
3 11346 11336 11532
3 11357 11346 11532
3 11369 11357 11532
3 11383 11369 11532
3 11392 11383 11532
3 11404 11392 11532
3 11413 11404 11532
3 11429 11413 11532
3 11440 11429 11532
3 11444 11440 11532
3 11458 11444 11532
3 11462 11458 11532
3 11466 11462 11532
3 11474 11466 11532
3 11484 11474 11532
3 11488 11484 11532
3 11492 11488 11532
3 11496 11492 11532
3 11505 11496 11532
3 11513 11505 11532
3 11518 11513 11532
3 11523 11518 11532
3 11528 11523 11532
3 11546 10679 10708
3 11599 11546 10708
3 10680 10679 11546
3 11547 10680 11546
3 11600 11547 11546
3 11600 11546 11599
3 10709 11600 11599
3 10709 11599 10708
3 10709 10708 10679
3 10680 10709 10679
3 11547 10680 10709
3 11600 11547 10709
3 11548 10681 10710
3 11601 11548 10710
3 10682 10681 11548
3 11549 10682 11548
3 11602 11549 11548
3 11602 11548 11601
3 10711 11602 11601
3 10711 11601 10710
3 10711 10710 10681
3 10682 10711 10681
3 11549 10682 10711
3 11602 11549 10711
3 11550 10683 10712
3 11603 11550 10712
3 10684 10683 11550
3 11551 10684 11550
3 11604 11551 11550
3 11604 11550 11603
3 10713 11604 11603
3 10713 11603 10712
3 10713 10712 10683
3 10684 10713 10683
3 11551 10684 10713
3 11604 11551 10713
3 11554 10687 10714
3 11605 11554 10714
3 10688 10687 11554
3 11555 10688 11554
3 11606 11555 11554
3 11606 11554 11605
3 10715 11606 11605
3 10715 11605 10714
3 10715 10714 10687
3 10688 10715 10687
3 11555 10688 10715
3 11606 11555 10715
3 11556 10689 10716
3 11607 11556 10716
3 10690 10689 11556
3 11557 10690 11556
3 11608 11557 11556
3 11608 11556 11607
3 10717 11608 11607
3 10717 11607 10716
3 10717 10716 10689
3 10690 10717 10689
3 11557 10690 10717
3 11608 11557 10717
3 11558 10691 10718
3 11609 11558 10718
3 10692 10691 11558
3 11559 10692 11558
3 11610 11559 11558
3 11610 11558 11609
3 10719 11610 11609
3 10719 11609 10718
3 10719 10718 10691
3 10692 10719 10691
3 11559 10692 10719
3 11610 11559 10719
3 11536 11534 11532
3 11530 11536 11532
3 11525 11530 11532
3 11520 11525 11532
3 11515 11520 11532
3 11507 11515 11532
3 11498 11507 11532
3 11494 11498 11532
3 11490 11494 11532
3 11486 11490 11532
3 11476 11486 11532
3 11468 11476 11532
3 11464 11468 11532
3 11460 11464 11532
3 11446 11460 11532
3 11442 11446 11532
3 11431 11442 11532
3 11415 11431 11532
3 11406 11415 11532
3 11394 11406 11532
3 11385 11394 11532
3 11371 11385 11532
3 11359 11371 11532
3 11348 11359 11532
3 11338 11348 11532
3 11328 11338 11532
3 11315 11328 11532
3 11304 11315 11532
3 11298 11304 11532
3 11292 11298 11532
3 11283 11292 11532
3 11277 11283 11532
3 11271 11277 11532
3 11267 11271 11532
3 11262 11267 11532
3 11257 11262 11532
3 11260 11257 11532
3 11265 11260 11532
3 11269 11265 11532
3 11275 11269 11532
3 11281 11275 11532
3 11290 11281 11532
3 11296 11290 11532
3 11302 11296 11532
3 11313 11302 11532
3 11326 11313 11532
3 11336 11326 11532
3 11346 11336 11532
3 11357 11346 11532
3 11369 11357 11532
3 11383 11369 11532
3 11392 11383 11532
3 11404 11392 11532
3 11413 11404 11532
3 11429 11413 11532
3 11440 11429 11532
3 11444 11440 11532
3 11458 11444 11532
3 11462 11458 11532
3 11466 11462 11532
3 11474 11466 11532
3 11484 11474 11532
3 11488 11484 11532
3 11492 11488 11532
3 11496 11492 11532
3 11505 11496 11532
3 11513 11505 11532
3 11518 11513 11532
3 11523 11518 11532
3 11528 11523 11532
3 11537 11535 11534
3 11537 11534 11536
3 11531 11537 11536
3 11531 11536 11530
3 11526 11531 11530
3 11526 11530 11525
3 11521 11526 11525
3 11521 11525 11520
3 11516 11521 11520
3 11516 11520 11515
3 11508 11516 11515
3 11508 11515 11507
3 11499 11508 11507
3 11499 11507 11498
3 11495 11499 11498
3 11495 11498 11494
3 11491 11495 11494
3 11491 11494 11490
3 11491 11490 11486
3 11487 11491 11486
3 11487 11486 11476
3 11477 11487 11476
3 11477 11476 11468
3 11469 11477 11468
3 11469 11468 11464
3 11465 11469 11464
3 11465 11464 11460
3 11461 11465 11460
3 11461 11460 11446
3 11447 11461 11446
3 11447 11446 11442
3 11443 11447 11442
3 11443 11442 11431
3 11432 11443 11431
3 11432 11431 11415
3 11416 11432 11415
3 11416 11415 11406
3 11407 11416 11406
3 11407 11406 11394
3 11395 11407 11394
3 11395 11394 11385
3 11386 11395 11385
3 11386 11385 11371
3 11372 11386 11371
3 11372 11371 11359
3 11360 11372 11359
3 11360 11359 11348
3 11349 11360 11348
3 11349 11348 11338
3 11339 11349 11338
3 11339 11338 11328
3 11329 11339 11328
3 11329 11328 11315
3 11316 11329 11315
3 11316 11315 11304
3 11305 11316 11304
3 11305 11304 11298
3 11299 11305 11298
3 11299 11298 11292
3 11293 11299 11292
3 11293 11292 11283
3 11284 11293 11283
3 11284 11283 11277
3 11278 11284 11277
3 11278 11277 11271
3 11272 11278 11271
3 11272 11271 11267
3 11268 11272 11267
3 11268 11267 11262
3 11263 11268 11262
3 11263 11262 11257
3 11258 11263 11257
3 11258 11257 11260
3 11261 11258 11260
3 11261 11260 11265
3 11266 11261 11265
3 11266 11265 11269
3 11270 11266 11269
3 11270 11269 11275
3 11276 11270 11275
3 11276 11275 11281
3 11282 11276 11281
3 11282 11281 11290
3 11291 11282 11290
3 11291 11290 11296
3 11297 11291 11296
3 11297 11296 11302
3 11303 11297 11302
3 11303 11302 11313
3 11314 11303 11313
3 11327 11314 11313
3 11327 11313 11326
3 11337 11327 11326
3 11337 11326 11336
3 11347 11337 11336
3 11347 11336 11346
3 11358 11347 11346
3 11358 11346 11357
3 11370 11358 11357
3 11370 11357 11369
3 11384 11370 11369
3 11384 11369 11383
3 11393 11384 11383
3 11393 11383 11392
3 11405 11393 11392
3 11405 11392 11404
3 11414 11405 11404
3 11414 11404 11413
3 11430 11414 11413
3 11430 11413 11429
3 11441 11430 11429
3 11441 11429 11440
3 11445 11441 11440
3 11445 11440 11444
3 11459 11445 11444
3 11459 11444 11458
3 11463 11459 11458
3 11463 11458 11462
3 11467 11463 11462
3 11467 11462 11466
3 11475 11467 11466
3 11475 11466 11474
3 11485 11475 11474
3 11485 11474 11484
3 11489 11485 11484
3 11489 11484 11488
3 11493 11489 11488
3 11493 11488 11492
3 11497 11493 11492
3 11497 11492 11496
3 11506 11497 11496
3 11506 11496 11505
3 11514 11506 11505
3 11514 11505 11513
3 11519 11514 11513
3 11519 11513 11518
3 11524 11519 11518
3 11524 11518 11523
3 11529 11524 11523
3 11529 11523 11528
3 11533 11529 11528
3 11533 11528 11532
3 11535 11533 11532
3 11535 11532 11534
3 11537 11535 11533
3 11531 11537 11533
3 11526 11531 11533
3 11521 11526 11533
3 11516 11521 11533
3 11508 11516 11533
3 11499 11508 11533
3 11495 11499 11533
3 11491 11495 11533
3 11487 11491 11533
3 11477 11487 11533
3 11469 11477 11533
3 11465 11469 11533
3 11461 11465 11533
3 11447 11461 11533
3 11443 11447 11533
3 11432 11443 11533
3 11416 11432 11533
3 11407 11416 11533
3 11395 11407 11533
3 11386 11395 11533
3 11372 11386 11533
3 11360 11372 11533
3 11349 11360 11533
3 11339 11349 11533
3 11329 11339 11533
3 11316 11329 11533
3 11305 11316 11533
3 11299 11305 11533
3 11293 11299 11533
3 11284 11293 11533
3 11278 11284 11533
3 11272 11278 11533
3 11268 11272 11533
3 11263 11268 11533
3 11258 11263 11533
3 11261 11258 11533
3 11266 11261 11533
3 11270 11266 11533
3 11276 11270 11533
3 11282 11276 11533
3 11291 11282 11533
3 11297 11291 11533
3 11303 11297 11533
3 11314 11303 11533
3 11327 11314 11533
3 11337 11327 11533
3 11347 11337 11533
3 11358 11347 11533
3 11370 11358 11533
3 11384 11370 11533
3 11393 11384 11533
3 11405 11393 11533
3 11414 11405 11533
3 11430 11414 11533
3 11441 11430 11533
3 11445 11441 11533
3 11459 11445 11533
3 11463 11459 11533
3 11467 11463 11533
3 11475 11467 11533
3 11485 11475 11533
3 11489 11485 11533
3 11493 11489 11533
3 11497 11493 11533
3 11506 11497 11533
3 11514 11506 11533
3 11519 11514 11533
3 11524 11519 11533
3 11529 11524 11533
3 11145 11143 11141
3 11134 11145 11141
3 11129 11134 11141
3 11120 11129 11141
3 11114 11120 11141
3 11105 11114 11141
3 11097 11105 11141
3 11091 11097 11141
3 11080 11091 11141
3 11068 11080 11141
3 11049 11068 11141
3 11040 11049 11141
3 11029 11040 11141
3 11012 11029 11141
3 10997 11012 11141
3 10981 10997 11141
3 10969 10981 11141
3 10959 10969 11141
3 10936 10959 11141
3 10918 10936 11141
3 10912 10918 11141
3 10900 10912 11141
3 10884 10900 11141
3 10878 10884 11141
3 10872 10878 11141
3 10860 10872 11141
3 10852 10860 11141
3 10847 10852 11141
3 10841 10847 11141
3 10832 10841 11141
3 10825 10832 11141
3 10817 10825 11141
3 10811 10817 11141
3 10807 10811 11141
3 10803 10807 11141
3 10798 10803 11141
3 10801 10798 11141
3 10805 10801 11141
3 10809 10805 11141
3 10815 10809 11141
3 10823 10815 11141
3 10830 10823 11141
3 10839 10830 11141
3 10845 10839 11141
3 10850 10845 11141
3 10858 10850 11141
3 10870 10858 11141
3 10876 10870 11141
3 10882 10876 11141
3 10898 10882 11141
3 10910 10898 11141
3 10916 10910 11141
3 10934 10916 11141
3 10957 10934 11141
3 10967 10957 11141
3 10979 10967 11141
3 10995 10979 11141
3 11010 10995 11141
3 11027 11010 11141
3 11038 11027 11141
3 11047 11038 11141
3 11066 11047 11141
3 11078 11066 11141
3 11089 11078 11141
3 11095 11089 11141
3 11103 11095 11141
3 11112 11103 11141
3 11118 11112 11141
3 11127 11118 11141
3 11132 11127 11141
3 11146 11144 11143
3 11146 11143 11145
3 11135 11146 11145
3 11135 11145 11134
3 11130 11135 11134
3 11130 11134 11129
3 11121 11130 11129
3 11121 11129 11120
3 11115 11121 11120
3 11115 11120 11114
3 11106 11115 11114
3 11106 11114 11105
3 11098 11106 11105
3 11098 11105 11097
3 11092 11098 11097
3 11092 11097 11091
3 11081 11092 11091
3 11081 11091 11080
3 11081 11080 11068
3 11069 11081 11068
3 11069 11068 11049
3 11050 11069 11049
3 11050 11049 11040
3 11041 11050 11040
3 11041 11040 11029
3 11030 11041 11029
3 11030 11029 11012
3 11013 11030 11012
3 11013 11012 10997
3 10998 11013 10997
3 10998 10997 10981
3 10982 10998 10981
3 10982 10981 10969
3 10970 10982 10969
3 10970 10969 10959
3 10960 10970 10959
3 10960 10959 10936
3 10937 10960 10936
3 10937 10936 10918
3 10919 10937 10918
3 10919 10918 10912
3 10913 10919 10912
3 10913 10912 10900
3 10901 10913 10900
3 10901 10900 10884
3 10885 10901 10884
3 10885 10884 10878
3 10879 10885 10878
3 10879 10878 10872
3 10873 10879 10872
3 10873 10872 10860
3 10861 10873 10860
3 10861 10860 10852
3 10853 10861 10852
3 10853 10852 10847
3 10848 10853 10847
3 10848 10847 10841
3 10842 10848 10841
3 10842 10841 10832
3 10833 10842 10832
3 10833 10832 10825
3 10826 10833 10825
3 10826 10825 10817
3 10818 10826 10817
3 10818 10817 10811
3 10812 10818 10811
3 10812 10811 10807
3 10808 10812 10807
3 10808 10807 10803
3 10804 10808 10803
3 10804 10803 10798
3 10799 10804 10798
3 10799 10798 10801
3 10802 10799 10801
3 10802 10801 10805
3 10806 10802 10805
3 10806 10805 10809
3 10810 10806 10809
3 10810 10809 10815
3 10816 10810 10815
3 10816 10815 10823
3 10824 10816 10823
3 10824 10823 10830
3 10831 10824 10830
3 10831 10830 10839
3 10840 10831 10839
3 10840 10839 10845
3 10846 10840 10845
3 10846 10845 10850
3 10851 10846 10850
3 10859 10851 10850
3 10859 10850 10858
3 10871 10859 10858
3 10871 10858 10870
3 10877 10871 10870
3 10877 10870 10876
3 10883 10877 10876
3 10883 10876 10882
3 10899 10883 10882
3 10899 10882 10898
3 10911 10899 10898
3 10911 10898 10910
3 10917 10911 10910
3 10917 10910 10916
3 10935 10917 10916
3 10935 10916 10934
3 10958 10935 10934
3 10958 10934 10957
3 10968 10958 10957
3 10968 10957 10967
3 10980 10968 10967
3 10980 10967 10979
3 10996 10980 10979
3 10996 10979 10995
3 11011 10996 10995
3 11011 10995 11010
3 11028 11011 11010
3 11028 11010 11027
3 11039 11028 11027
3 11039 11027 11038
3 11048 11039 11038
3 11048 11038 11047
3 11067 11048 11047
3 11067 11047 11066
3 11079 11067 11066
3 11079 11066 11078
3 11090 11079 11078
3 11090 11078 11089
3 11096 11090 11089
3 11096 11089 11095
3 11104 11096 11095
3 11104 11095 11103
3 11113 11104 11103
3 11113 11103 11112
3 11119 11113 11112
3 11119 11112 11118
3 11128 11119 11118
3 11128 11118 11127
3 11133 11128 11127
3 11133 11127 11132
3 11142 11133 11132
3 11142 11132 11141
3 11144 11142 11141
3 11144 11141 11143
3 11146 11144 11142
3 11135 11146 11142
3 11130 11135 11142
3 11121 11130 11142
3 11115 11121 11142
3 11106 11115 11142
3 11098 11106 11142
3 11092 11098 11142
3 11081 11092 11142
3 11069 11081 11142
3 11050 11069 11142
3 11041 11050 11142
3 11030 11041 11142
3 11013 11030 11142
3 10998 11013 11142
3 10982 10998 11142
3 10970 10982 11142
3 10960 10970 11142
3 10937 10960 11142
3 10919 10937 11142
3 10913 10919 11142
3 10901 10913 11142
3 10885 10901 11142
3 10879 10885 11142
3 10873 10879 11142
3 10861 10873 11142
3 10853 10861 11142
3 10848 10853 11142
3 10842 10848 11142
3 10833 10842 11142
3 10826 10833 11142
3 10818 10826 11142
3 10812 10818 11142
3 10808 10812 11142
3 10804 10808 11142
3 10799 10804 11142
3 10802 10799 11142
3 10806 10802 11142
3 10810 10806 11142
3 10816 10810 11142
3 10824 10816 11142
3 10831 10824 11142
3 10840 10831 11142
3 10846 10840 11142
3 10851 10846 11142
3 10859 10851 11142
3 10871 10859 11142
3 10877 10871 11142
3 10883 10877 11142
3 10899 10883 11142
3 10911 10899 11142
3 10917 10911 11142
3 10935 10917 11142
3 10958 10935 11142
3 10968 10958 11142
3 10980 10968 11142
3 10996 10980 11142
3 11011 10996 11142
3 11028 11011 11142
3 11039 11028 11142
3 11048 11039 11142
3 11067 11048 11142
3 11079 11067 11142
3 11090 11079 11142
3 11096 11090 11142
3 11104 11096 11142
3 11113 11104 11142
3 11119 11113 11142
3 11128 11119 11142
3 11133 11128 11142
3 11688 12418 12425
3 11695 11688 12425
3 11695 11696 12426
3 11695 12426 12425
3 11696 12426 12433
3 11703 11696 12433
3 12073 12071 12069
3 12066 12073 12069
3 12061 12066 12069
3 12055 12061 12069
3 12047 12055 12069
3 12041 12047 12069
3 12034 12041 12069
3 12027 12034 12069
3 12018 12027 12069
3 12008 12018 12069
3 11995 12008 12069
3 11988 11995 12069
3 11982 11988 12069
3 11968 11982 12069
3 11958 11968 12069
3 11947 11958 12069
3 11938 11947 12069
3 11928 11938 12069
3 11911 11928 12069
3 11901 11911 12069
3 11896 11901 12069
3 11888 11896 12069
3 11880 11888 12069
3 11875 11880 12069
3 11870 11875 12069
3 11862 11870 12069
3 11853 11862 12069
3 11849 11853 12069
3 11845 11849 12069
3 11836 11845 12069
3 11829 11836 12069
3 11820 11829 12069
3 11815 11820 12069
3 11811 11815 12069
3 11807 11811 12069
3 11802 11807 12069
3 11805 11802 12069
3 11809 11805 12069
3 11813 11809 12069
3 11818 11813 12069
3 11827 11818 12069
3 11834 11827 12069
3 11843 11834 12069
3 11847 11843 12069
3 11851 11847 12069
3 11860 11851 12069
3 11868 11860 12069
3 11873 11868 12069
3 11878 11873 12069
3 11886 11878 12069
3 11894 11886 12069
3 11899 11894 12069
3 11909 11899 12069
3 11926 11909 12069
3 11936 11926 12069
3 11945 11936 12069
3 11956 11945 12069
3 11970 11956 12069
3 11980 11970 12069
3 11986 11980 12069
3 11993 11986 12069
3 12006 11993 12069
3 12016 12006 12069
3 12025 12016 12069
3 12032 12025 12069
3 12039 12032 12069
3 12045 12039 12069
3 12053 12045 12069
3 12059 12053 12069
3 12064 12059 12069
3 12407 12405 12403
3 12401 12407 12403
3 12396 12401 12403
3 12391 12396 12403
3 12386 12391 12403
3 12379 12386 12403
3 12370 12379 12403
3 12366 12370 12403
3 12362 12366 12403
3 12358 12362 12403
3 12349 12358 12403
3 12340 12349 12403
3 12336 12340 12403
3 12331 12336 12403
3 12318 12331 12403
3 12314 12318 12403
3 12303 12314 12403
3 12284 12303 12403
3 12275 12284 12403
3 12267 12275 12403
3 12256 12267 12403
3 12246 12256 12403
3 12234 12246 12403
3 12224 12234 12403
3 12216 12224 12403
3 12206 12216 12403
3 12195 12206 12403
3 12185 12195 12403
3 12178 12185 12403
3 12172 12178 12403
3 12165 12172 12403
3 12159 12165 12403
3 12152 12159 12403
3 12148 12152 12403
3 12143 12148 12403
3 12138 12143 12403
3 12141 12138 12403
3 12146 12141 12403
3 12150 12146 12403
3 12157 12150 12403
3 12163 12157 12403
3 12170 12163 12403
3 12176 12170 12403
3 12183 12176 12403
3 12193 12183 12403
3 12204 12193 12403
3 12214 12204 12403
3 12222 12214 12403
3 12232 12222 12403
3 12244 12232 12403
3 12254 12244 12403
3 12265 12254 12403
3 12273 12265 12403
3 12282 12273 12403
3 12301 12282 12403
3 12312 12301 12403
3 12316 12312 12403
3 12329 12316 12403
3 12334 12329 12403
3 12338 12334 12403
3 12347 12338 12403
3 12356 12347 12403
3 12360 12356 12403
3 12364 12360 12403
3 12368 12364 12403
3 12377 12368 12403
3 12384 12377 12403
3 12389 12384 12403
3 12394 12389 12403
3 12399 12394 12403
3 12419 11689 11718
3 12457 12419 11718
3 11690 11689 12419
3 12420 11690 12419
3 12458 12420 12419
3 12458 12419 12457
3 11719 12458 12457
3 11719 12457 11718
3 11719 11718 11689
3 11690 11719 11689
3 12420 11690 11719
3 12458 12420 11719
3 12421 11691 11720
3 12459 12421 11720
3 11692 11691 12421
3 12422 11692 12421
3 12460 12422 12421
3 12460 12421 12459
3 11721 12460 12459
3 11721 12459 11720
3 11721 11720 11691
3 11692 11721 11691
3 12422 11692 11721
3 12460 12422 11721
3 12423 11693 11722
3 12461 12423 11722
3 11694 11693 12423
3 12424 11694 12423
3 12462 12424 12423
3 12462 12423 12461
3 11723 12462 12461
3 11723 12461 11722
3 11723 11722 11693
3 11694 11723 11693
3 12424 11694 11723
3 12462 12424 11723
3 12427 11697 11724
3 12463 12427 11724
3 11698 11697 12427
3 12428 11698 12427
3 12464 12428 12427
3 12464 12427 12463
3 11725 12464 12463
3 11725 12463 11724
3 11725 11724 11697
3 11698 11725 11697
3 12428 11698 11725
3 12464 12428 11725
3 12429 11699 11726
3 12465 12429 11726
3 11700 11699 12429
3 12430 11700 12429
3 12466 12430 12429
3 12466 12429 12465
3 11727 12466 12465
3 11727 12465 11726
3 11727 11726 11699
3 11700 11727 11699
3 12430 11700 11727
3 12466 12430 11727
3 12431 11701 11728
3 12467 12431 11728
3 11702 11701 12431
3 12432 11702 12431
3 12468 12432 12431
3 12468 12431 12467
3 11729 12468 12467
3 11729 12467 11728
3 11729 11728 11701
3 11702 11729 11701
3 12432 11702 11729
3 12468 12432 11729
3 12407 12405 12403
3 12401 12407 12403
3 12396 12401 12403
3 12391 12396 12403
3 12386 12391 12403
3 12379 12386 12403
3 12370 12379 12403
3 12366 12370 12403
3 12362 12366 12403
3 12358 12362 12403
3 12349 12358 12403
3 12340 12349 12403
3 12336 12340 12403
3 12331 12336 12403
3 12318 12331 12403
3 12314 12318 12403
3 12303 12314 12403
3 12284 12303 12403
3 12275 12284 12403
3 12267 12275 12403
3 12256 12267 12403
3 12246 12256 12403
3 12234 12246 12403
3 12224 12234 12403
3 12216 12224 12403
3 12206 12216 12403
3 12195 12206 12403
3 12185 12195 12403
3 12178 12185 12403
3 12172 12178 12403
3 12165 12172 12403
3 12159 12165 12403
3 12152 12159 12403
3 12148 12152 12403
3 12143 12148 12403
3 12138 12143 12403
3 12141 12138 12403
3 12146 12141 12403
3 12150 12146 12403
3 12157 12150 12403
3 12163 12157 12403
3 12170 12163 12403
3 12176 12170 12403
3 12183 12176 12403
3 12193 12183 12403
3 12204 12193 12403
3 12214 12204 12403
3 12222 12214 12403
3 12232 12222 12403
3 12244 12232 12403
3 12254 12244 12403
3 12265 12254 12403
3 12273 12265 12403
3 12282 12273 12403
3 12301 12282 12403
3 12312 12301 12403
3 12316 12312 12403
3 12329 12316 12403
3 12334 12329 12403
3 12338 12334 12403
3 12347 12338 12403
3 12356 12347 12403
3 12360 12356 12403
3 12364 12360 12403
3 12368 12364 12403
3 12377 12368 12403
3 12384 12377 12403
3 12389 12384 12403
3 12394 12389 12403
3 12399 12394 12403
3 12408 12406 12405
3 12408 12405 12407
3 12402 12408 12407
3 12402 12407 12401
3 12397 12402 12401
3 12397 12401 12396
3 12392 12397 12396
3 12392 12396 12391
3 12387 12392 12391
3 12387 12391 12386
3 12380 12387 12386
3 12380 12386 12379
3 12371 12380 12379
3 12371 12379 12370
3 12367 12371 12370
3 12367 12370 12366
3 12363 12367 12366
3 12363 12366 12362
3 12363 12362 12358
3 12359 12363 12358
3 12359 12358 12349
3 12350 12359 12349
3 12350 12349 12340
3 12341 12350 12340
3 12341 12340 12336
3 12337 12341 12336
3 12337 12336 12331
3 12332 12337 12331
3 12332 12331 12318
3 12319 12332 12318
3 12319 12318 12314
3 12315 12319 12314
3 12315 12314 12303
3 12304 12315 12303
3 12304 12303 12284
3 12285 12304 12284
3 12285 12284 12275
3 12276 12285 12275
3 12276 12275 12267
3 12268 12276 12267
3 12268 12267 12256
3 12257 12268 12256
3 12257 12256 12246
3 12247 12257 12246
3 12247 12246 12234
3 12235 12247 12234
3 12235 12234 12224
3 12225 12235 12224
3 12225 12224 12216
3 12217 12225 12216
3 12217 12216 12206
3 12207 12217 12206
3 12207 12206 12195
3 12196 12207 12195
3 12196 12195 12185
3 12186 12196 12185
3 12186 12185 12178
3 12179 12186 12178
3 12179 12178 12172
3 12173 12179 12172
3 12173 12172 12165
3 12166 12173 12165
3 12166 12165 12159
3 12160 12166 12159
3 12160 12159 12152
3 12153 12160 12152
3 12153 12152 12148
3 12149 12153 12148
3 12149 12148 12143
3 12144 12149 12143
3 12144 12143 12138
3 12139 12144 12138
3 12139 12138 12141
3 12142 12139 12141
3 12142 12141 12146
3 12147 12142 12146
3 12147 12146 12150
3 12151 12147 12150
3 12151 12150 12157
3 12158 12151 12157
3 12158 12157 12163
3 12164 12158 12163
3 12164 12163 12170
3 12171 12164 12170
3 12171 12170 12176
3 12177 12171 12176
3 12177 12176 12183
3 12184 12177 12183
3 12184 12183 12193
3 12194 12184 12193
3 12205 12194 12193
3 12205 12193 12204
3 12215 12205 12204
3 12215 12204 12214
3 12223 12215 12214
3 12223 12214 12222
3 12233 12223 12222
3 12233 12222 12232
3 12245 12233 12232
3 12245 12232 12244
3 12255 12245 12244
3 12255 12244 12254
3 12266 12255 12254
3 12266 12254 12265
3 12274 12266 12265
3 12274 12265 12273
3 12283 12274 12273
3 12283 12273 12282
3 12302 12283 12282
3 12302 12282 12301
3 12313 12302 12301
3 12313 12301 12312
3 12317 12313 12312
3 12317 12312 12316
3 12330 12317 12316
3 12330 12316 12329
3 12335 12330 12329
3 12335 12329 12334
3 12339 12335 12334
3 12339 12334 12338
3 12348 12339 12338
3 12348 12338 12347
3 12357 12348 12347
3 12357 12347 12356
3 12361 12357 12356
3 12361 12356 12360
3 12365 12361 12360
3 12365 12360 12364
3 12369 12365 12364
3 12369 12364 12368
3 12378 12369 12368
3 12378 12368 12377
3 12385 12378 12377
3 12385 12377 12384
3 12390 12385 12384
3 12390 12384 12389
3 12395 12390 12389
3 12395 12389 12394
3 12400 12395 12394
3 12400 12394 12399
3 12404 12400 12399
3 12404 12399 12403
3 12406 12404 12403
3 12406 12403 12405
3 12408 12406 12404
3 12402 12408 12404
3 12397 12402 12404
3 12392 12397 12404
3 12387 12392 12404
3 12380 12387 12404
3 12371 12380 12404
3 12367 12371 12404
3 12363 12367 12404
3 12359 12363 12404
3 12350 12359 12404
3 12341 12350 12404
3 12337 12341 12404
3 12332 12337 12404
3 12319 12332 12404
3 12315 12319 12404
3 12304 12315 12404
3 12285 12304 12404
3 12276 12285 12404
3 12268 12276 12404
3 12257 12268 12404
3 12247 12257 12404
3 12235 12247 12404
3 12225 12235 12404
3 12217 12225 12404
3 12207 12217 12404
3 12196 12207 12404
3 12186 12196 12404
3 12179 12186 12404
3 12173 12179 12404
3 12166 12173 12404
3 12160 12166 12404
3 12153 12160 12404
3 12149 12153 12404
3 12144 12149 12404
3 12139 12144 12404
3 12142 12139 12404
3 12147 12142 12404
3 12151 12147 12404
3 12158 12151 12404
3 12164 12158 12404
3 12171 12164 12404
3 12177 12171 12404
3 12184 12177 12404
3 12194 12184 12404
3 12205 12194 12404
3 12215 12205 12404
3 12223 12215 12404
3 12233 12223 12404
3 12245 12233 12404
3 12255 12245 12404
3 12266 12255 12404
3 12274 12266 12404
3 12283 12274 12404
3 12302 12283 12404
3 12313 12302 12404
3 12317 12313 12404
3 12330 12317 12404
3 12335 12330 12404
3 12339 12335 12404
3 12348 12339 12404
3 12357 12348 12404
3 12361 12357 12404
3 12365 12361 12404
3 12369 12365 12404
3 12378 12369 12404
3 12385 12378 12404
3 12390 12385 12404
3 12395 12390 12404
3 12400 12395 12404
3 12073 12071 12069
3 12066 12073 12069
3 12061 12066 12069
3 12055 12061 12069
3 12047 12055 12069
3 12041 12047 12069
3 12034 12041 12069
3 12027 12034 12069
3 12018 12027 12069
3 12008 12018 12069
3 11995 12008 12069
3 11988 11995 12069
3 11982 11988 12069
3 11968 11982 12069
3 11958 11968 12069
3 11947 11958 12069
3 11938 11947 12069
3 11928 11938 12069
3 11911 11928 12069
3 11901 11911 12069
3 11896 11901 12069
3 11888 11896 12069
3 11880 11888 12069
3 11875 11880 12069
3 11870 11875 12069
3 11862 11870 12069
3 11853 11862 12069
3 11849 11853 12069
3 11845 11849 12069
3 11836 11845 12069
3 11829 11836 12069
3 11820 11829 12069
3 11815 11820 12069
3 11811 11815 12069
3 11807 11811 12069
3 11802 11807 12069
3 11805 11802 12069
3 11809 11805 12069
3 11813 11809 12069
3 11818 11813 12069
3 11827 11818 12069
3 11834 11827 12069
3 11843 11834 12069
3 11847 11843 12069
3 11851 11847 12069
3 11860 11851 12069
3 11868 11860 12069
3 11873 11868 12069
3 11878 11873 12069
3 11886 11878 12069
3 11894 11886 12069
3 11899 11894 12069
3 11909 11899 12069
3 11926 11909 12069
3 11936 11926 12069
3 11945 11936 12069
3 11956 11945 12069
3 11970 11956 12069
3 11980 11970 12069
3 11986 11980 12069
3 11993 11986 12069
3 12006 11993 12069
3 12016 12006 12069
3 12025 12016 12069
3 12032 12025 12069
3 12039 12032 12069
3 12045 12039 12069
3 12053 12045 12069
3 12059 12053 12069
3 12064 12059 12069
3 12074 12072 12071
3 12074 12071 12073
3 12067 12074 12073
3 12067 12073 12066
3 12062 12067 12066
3 12062 12066 12061
3 12056 12062 12061
3 12056 12061 12055
3 12048 12056 12055
3 12048 12055 12047
3 12042 12048 12047
3 12042 12047 12041
3 12035 12042 12041
3 12035 12041 12034
3 12028 12035 12034
3 12028 12034 12027
3 12019 12028 12027
3 12019 12027 12018
3 12019 12018 12008
3 12009 12019 12008
3 12009 12008 11995
3 11996 12009 11995
3 11996 11995 11988
3 11989 11996 11988
3 11989 11988 11982
3 11983 11989 11982
3 11983 11982 11968
3 11969 11983 11968
3 11969 11968 11958
3 11959 11969 11958
3 11959 11958 11947
3 11948 11959 11947
3 11948 11947 11938
3 11939 11948 11938
3 11939 11938 11928
3 11929 11939 11928
3 11929 11928 11911
3 11912 11929 11911
3 11912 11911 11901
3 11902 11912 11901
3 11902 11901 11896
3 11897 11902 11896
3 11897 11896 11888
3 11889 11897 11888
3 11889 11888 11880
3 11881 11889 11880
3 11881 11880 11875
3 11876 11881 11875
3 11876 11875 11870
3 11871 11876 11870
3 11871 11870 11862
3 11863 11871 11862
3 11863 11862 11853
3 11854 11863 11853
3 11854 11853 11849
3 11850 11854 11849
3 11850 11849 11845
3 11846 11850 11845
3 11846 11845 11836
3 11837 11846 11836
3 11837 11836 11829
3 11830 11837 11829
3 11830 11829 11820
3 11821 11830 11820
3 11821 11820 11815
3 11816 11821 11815
3 11816 11815 11811
3 11812 11816 11811
3 11812 11811 11807
3 11808 11812 11807
3 11808 11807 11802
3 11803 11808 11802
3 11803 11802 11805
3 11806 11803 11805
3 11806 11805 11809
3 11810 11806 11809
3 11810 11809 11813
3 11814 11810 11813
3 11814 11813 11818
3 11819 11814 11818
3 11819 11818 11827
3 11828 11819 11827
3 11828 11827 11834
3 11835 11828 11834
3 11835 11834 11843
3 11844 11835 11843
3 11844 11843 11847
3 11848 11844 11847
3 11848 11847 11851
3 11852 11848 11851
3 11861 11852 11851
3 11861 11851 11860
3 11869 11861 11860
3 11869 11860 11868
3 11874 11869 11868
3 11874 11868 11873
3 11879 11874 11873
3 11879 11873 11878
3 11887 11879 11878
3 11887 11878 11886
3 11895 11887 11886
3 11895 11886 11894
3 11900 11895 11894
3 11900 11894 11899
3 11910 11900 11899
3 11910 11899 11909
3 11927 11910 11909
3 11927 11909 11926
3 11937 11927 11926
3 11937 11926 11936
3 11946 11937 11936
3 11946 11936 11945
3 11957 11946 11945
3 11957 11945 11956
3 11971 11957 11956
3 11971 11956 11970
3 11981 11971 11970
3 11981 11970 11980
3 11987 11981 11980
3 11987 11980 11986
3 11994 11987 11986
3 11994 11986 11993
3 12007 11994 11993
3 12007 11993 12006
3 12017 12007 12006
3 12017 12006 12016
3 12026 12017 12016
3 12026 12016 12025
3 12033 12026 12025
3 12033 12025 12032
3 12040 12033 12032
3 12040 12032 12039
3 12046 12040 12039
3 12046 12039 12045
3 12054 12046 12045
3 12054 12045 12053
3 12060 12054 12053
3 12060 12053 12059
3 12065 12060 12059
3 12065 12059 12064
3 12070 12065 12064
3 12070 12064 12069
3 12072 12070 12069
3 12072 12069 12071
3 12074 12072 12070
3 12067 12074 12070
3 12062 12067 12070
3 12056 12062 12070
3 12048 12056 12070
3 12042 12048 12070
3 12035 12042 12070
3 12028 12035 12070
3 12019 12028 12070
3 12009 12019 12070
3 11996 12009 12070
3 11989 11996 12070
3 11983 11989 12070
3 11969 11983 12070
3 11959 11969 12070
3 11948 11959 12070
3 11939 11948 12070
3 11929 11939 12070
3 11912 11929 12070
3 11902 11912 12070
3 11897 11902 12070
3 11889 11897 12070
3 11881 11889 12070
3 11876 11881 12070
3 11871 11876 12070
3 11863 11871 12070
3 11854 11863 12070
3 11850 11854 12070
3 11846 11850 12070
3 11837 11846 12070
3 11830 11837 12070
3 11821 11830 12070
3 11816 11821 12070
3 11812 11816 12070
3 11808 11812 12070
3 11803 11808 12070
3 11806 11803 12070
3 11810 11806 12070
3 11814 11810 12070
3 11819 11814 12070
3 11828 11819 12070
3 11835 11828 12070
3 11844 11835 12070
3 11848 11844 12070
3 11852 11848 12070
3 11861 11852 12070
3 11869 11861 12070
3 11874 11869 12070
3 11879 11874 12070
3 11887 11879 12070
3 11895 11887 12070
3 11900 11895 12070
3 11910 11900 12070
3 11927 11910 12070
3 11937 11927 12070
3 11946 11937 12070
3 11957 11946 12070
3 11971 11957 12070
3 11981 11971 12070
3 11987 11981 12070
3 11994 11987 12070
3 12007 11994 12070
3 12017 12007 12070
3 12026 12017 12070
3 12033 12026 12070
3 12040 12033 12070
3 12046 12040 12070
3 12054 12046 12070
3 12060 12054 12070
3 12065 12060 12070
3 12544 13291 13298
3 12551 12544 13298
3 12551 12552 13299
3 12551 13299 13298
3 12552 13299 13306
3 12559 12552 13306
3 12932 12930 12928
3 12917 12932 12928
3 12912 12917 12928
3 12905 12912 12928
3 12899 12905 12928
3 12891 12899 12928
3 12885 12891 12928
3 12879 12885 12928
3 12871 12879 12928
3 12860 12871 12928
3 12849 12860 12928
3 12841 12849 12928
3 12834 12841 12928
3 12821 12834 12928
3 12808 12821 12928
3 12799 12808 12928
3 12790 12799 12928
3 12780 12790 12928
3 12764 12780 12928
3 12753 12764 12928
3 12749 12753 12928
3 12741 12749 12928
3 12733 12741 12928
3 12728 12733 12928
3 12724 12728 12928
3 12715 12724 12928
3 12707 12715 12928
3 12702 12707 12928
3 12698 12702 12928
3 12689 12698 12928
3 12681 12689 12928
3 12674 12681 12928
3 12669 12674 12928
3 12665 12669 12928
3 12661 12665 12928
3 12656 12661 12928
3 12659 12656 12928
3 12663 12659 12928
3 12667 12663 12928
3 12672 12667 12928
3 12679 12672 12928
3 12687 12679 12928
3 12696 12687 12928
3 12700 12696 12928
3 12705 12700 12928
3 12713 12705 12928
3 12722 12713 12928
3 12726 12722 12928
3 12731 12726 12928
3 12739 12731 12928
3 12747 12739 12928
3 12751 12747 12928
3 12762 12751 12928
3 12778 12762 12928
3 12788 12778 12928
3 12797 12788 12928
3 12806 12797 12928
3 12819 12806 12928
3 12832 12819 12928
3 12839 12832 12928
3 12847 12839 12928
3 12858 12847 12928
3 12869 12858 12928
3 12877 12869 12928
3 12883 12877 12928
3 12889 12883 12928
3 12897 12889 12928
3 12903 12897 12928
3 12910 12903 12928
3 12915 12910 12928
3 13277 13275 13273
3 13271 13277 13273
3 13266 13271 13273
3 13261 13266 13273
3 13256 13261 13273
3 13249 13256 13273
3 13241 13249 13273
3 13228 13241 13273
3 13223 13228 13273
3 13219 13223 13273
3 13210 13219 13273
3 13201 13210 13273
3 13197 13201 13273
3 13193 13197 13273
3 13180 13193 13273
3 13174 13180 13273
3 13163 13174 13273
3 13146 13163 13273
3 13135 13146 13273
3 13126 13135 13273
3 13109 13126 13273
3 13101 13109 13273
3 13089 13101 13273
3 13079 13089 13273
3 13071 13079 13273
3 13061 13071 13273
3 13051 13061 13273
3 13042 13051 13273
3 13035 13042 13273
3 13029 13035 13273
3 13021 13029 13273
3 13015 13021 13273
3 13009 13015 13273
3 13004 13009 13273
3 12999 13004 13273
3 12994 12999 13273
3 12997 12994 13273
3 13002 12997 13273
3 13007 13002 13273
3 13013 13007 13273
3 13019 13013 13273
3 13027 13019 13273
3 13033 13027 13273
3 13040 13033 13273
3 13049 13040 13273
3 13059 13049 13273
3 13069 13059 13273
3 13077 13069 13273
3 13087 13077 13273
3 13099 13087 13273
3 13107 13099 13273
3 13124 13107 13273
3 13133 13124 13273
3 13144 13133 13273
3 13161 13144 13273
3 13172 13161 13273
3 13178 13172 13273
3 13191 13178 13273
3 13195 13191 13273
3 13199 13195 13273
3 13208 13199 13273
3 13217 13208 13273
3 13221 13217 13273
3 13226 13221 13273
3 13239 13226 13273
3 13247 13239 13273
3 13254 13247 13273
3 13259 13254 13273
3 13264 13259 13273
3 13269 13264 13273
3 13292 12545 12570
3 13329 13292 12570
3 12546 12545 13292
3 13293 12546 13292
3 13330 13293 13292
3 13330 13292 13329
3 12571 13330 13329
3 12571 13329 12570
3 12571 12570 12545
3 12546 12571 12545
3 13293 12546 12571
3 13330 13293 12571
3 13294 12547 12572
3 13331 13294 12572
3 12548 12547 13294
3 13295 12548 13294
3 13332 13295 13294
3 13332 13294 13331
3 12573 13332 13331
3 12573 13331 12572
3 12573 12572 12547
3 12548 12573 12547
3 13295 12548 12573
3 13332 13295 12573
3 13296 12549 12574
3 13333 13296 12574
3 12550 12549 13296
3 13297 12550 13296
3 13334 13297 13296
3 13334 13296 13333
3 12575 13334 13333
3 12575 13333 12574
3 12575 12574 12549
3 12550 12575 12549
3 13297 12550 12575
3 13334 13297 12575
3 13300 12553 12576
3 13335 13300 12576
3 12554 12553 13300
3 13301 12554 13300
3 13336 13301 13300
3 13336 13300 13335
3 12577 13336 13335
3 12577 13335 12576
3 12577 12576 12553
3 12554 12577 12553
3 13301 12554 12577
3 13336 13301 12577
3 13302 12555 12578
3 13337 13302 12578
3 12556 12555 13302
3 13303 12556 13302
3 13338 13303 13302
3 13338 13302 13337
3 12579 13338 13337
3 12579 13337 12578
3 12579 12578 12555
3 12556 12579 12555
3 13303 12556 12579
3 13338 13303 12579
3 13304 12557 12580
3 13339 13304 12580
3 12558 12557 13304
3 13305 12558 13304
3 13340 13305 13304
3 13340 13304 13339
3 12581 13340 13339
3 12581 13339 12580
3 12581 12580 12557
3 12558 12581 12557
3 13305 12558 12581
3 13340 13305 12581
3 13277 13275 13273
3 13271 13277 13273
3 13266 13271 13273
3 13261 13266 13273
3 13256 13261 13273
3 13249 13256 13273
3 13241 13249 13273
3 13228 13241 13273
3 13223 13228 13273
3 13219 13223 13273
3 13210 13219 13273
3 13201 13210 13273
3 13197 13201 13273
3 13193 13197 13273
3 13180 13193 13273
3 13174 13180 13273
3 13163 13174 13273
3 13146 13163 13273
3 13135 13146 13273
3 13126 13135 13273
3 13109 13126 13273
3 13101 13109 13273
3 13089 13101 13273
3 13079 13089 13273
3 13071 13079 13273
3 13061 13071 13273
3 13051 13061 13273
3 13042 13051 13273
3 13035 13042 13273
3 13029 13035 13273
3 13021 13029 13273
3 13015 13021 13273
3 13009 13015 13273
3 13004 13009 13273
3 12999 13004 13273
3 12994 12999 13273
3 12997 12994 13273
3 13002 12997 13273
3 13007 13002 13273
3 13013 13007 13273
3 13019 13013 13273
3 13027 13019 13273
3 13033 13027 13273
3 13040 13033 13273
3 13049 13040 13273
3 13059 13049 13273
3 13069 13059 13273
3 13077 13069 13273
3 13087 13077 13273
3 13099 13087 13273
3 13107 13099 13273
3 13124 13107 13273
3 13133 13124 13273
3 13144 13133 13273
3 13161 13144 13273
3 13172 13161 13273
3 13178 13172 13273
3 13191 13178 13273
3 13195 13191 13273
3 13199 13195 13273
3 13208 13199 13273
3 13217 13208 13273
3 13221 13217 13273
3 13226 13221 13273
3 13239 13226 13273
3 13247 13239 13273
3 13254 13247 13273
3 13259 13254 13273
3 13264 13259 13273
3 13269 13264 13273
3 13278 13276 13275
3 13278 13275 13277
3 13272 13278 13277
3 13272 13277 13271
3 13267 13272 13271
3 13267 13271 13266
3 13262 13267 13266
3 13262 13266 13261
3 13257 13262 13261
3 13257 13261 13256
3 13250 13257 13256
3 13250 13256 13249
3 13242 13250 13249
3 13242 13249 13241
3 13229 13242 13241
3 13229 13241 13228
3 13224 13229 13228
3 13224 13228 13223
3 13224 13223 13219
3 13220 13224 13219
3 13220 13219 13210
3 13211 13220 13210
3 13211 13210 13201
3 13202 13211 13201
3 13202 13201 13197
3 13198 13202 13197
3 13198 13197 13193
3 13194 13198 13193
3 13194 13193 13180
3 13181 13194 13180
3 13181 13180 13174
3 13175 13181 13174
3 13175 13174 13163
3 13164 13175 13163
3 13164 13163 13146
3 13147 13164 13146
3 13147 13146 13135
3 13136 13147 13135
3 13136 13135 13126
3 13127 13136 13126
3 13127 13126 13109
3 13110 13127 13109
3 13110 13109 13101
3 13102 13110 13101
3 13102 13101 13089
3 13090 13102 13089
3 13090 13089 13079
3 13080 13090 13079
3 13080 13079 13071
3 13072 13080 13071
3 13072 13071 13061
3 13062 13072 13061
3 13062 13061 13051
3 13052 13062 13051
3 13052 13051 13042
3 13043 13052 13042
3 13043 13042 13035
3 13036 13043 13035
3 13036 13035 13029
3 13030 13036 13029
3 13030 13029 13021
3 13022 13030 13021
3 13022 13021 13015
3 13016 13022 13015
3 13016 13015 13009
3 13010 13016 13009
3 13010 13009 13004
3 13005 13010 13004
3 13005 13004 12999
3 13000 13005 12999
3 13000 12999 12994
3 12995 13000 12994
3 12995 12994 12997
3 12998 12995 12997
3 12998 12997 13002
3 13003 12998 13002
3 13003 13002 13007
3 13008 13003 13007
3 13008 13007 13013
3 13014 13008 13013
3 13014 13013 13019
3 13020 13014 13019
3 13020 13019 13027
3 13028 13020 13027
3 13028 13027 13033
3 13034 13028 13033
3 13034 13033 13040
3 13041 13034 13040
3 13041 13040 13049
3 13050 13041 13049
3 13060 13050 13049
3 13060 13049 13059
3 13070 13060 13059
3 13070 13059 13069
3 13078 13070 13069
3 13078 13069 13077
3 13088 13078 13077
3 13088 13077 13087
3 13100 13088 13087
3 13100 13087 13099
3 13108 13100 13099
3 13108 13099 13107
3 13125 13108 13107
3 13125 13107 13124
3 13134 13125 13124
3 13134 13124 13133
3 13145 13134 13133
3 13145 13133 13144
3 13162 13145 13144
3 13162 13144 13161
3 13173 13162 13161
3 13173 13161 13172
3 13179 13173 13172
3 13179 13172 13178
3 13192 13179 13178
3 13192 13178 13191
3 13196 13192 13191
3 13196 13191 13195
3 13200 13196 13195
3 13200 13195 13199
3 13209 13200 13199
3 13209 13199 13208
3 13218 13209 13208
3 13218 13208 13217
3 13222 13218 13217
3 13222 13217 13221
3 13227 13222 13221
3 13227 13221 13226
3 13240 13227 13226
3 13240 13226 13239
3 13248 13240 13239
3 13248 13239 13247
3 13255 13248 13247
3 13255 13247 13254
3 13260 13255 13254
3 13260 13254 13259
3 13265 13260 13259
3 13265 13259 13264
3 13270 13265 13264
3 13270 13264 13269
3 13274 13270 13269
3 13274 13269 13273
3 13276 13274 13273
3 13276 13273 13275
3 13278 13276 13274
3 13272 13278 13274
3 13267 13272 13274
3 13262 13267 13274
3 13257 13262 13274
3 13250 13257 13274
3 13242 13250 13274
3 13229 13242 13274
3 13224 13229 13274
3 13220 13224 13274
3 13211 13220 13274
3 13202 13211 13274
3 13198 13202 13274
3 13194 13198 13274
3 13181 13194 13274
3 13175 13181 13274
3 13164 13175 13274
3 13147 13164 13274
3 13136 13147 13274
3 13127 13136 13274
3 13110 13127 13274
3 13102 13110 13274
3 13090 13102 13274
3 13080 13090 13274
3 13072 13080 13274
3 13062 13072 13274
3 13052 13062 13274
3 13043 13052 13274
3 13036 13043 13274
3 13030 13036 13274
3 13022 13030 13274
3 13016 13022 13274
3 13010 13016 13274
3 13005 13010 13274
3 13000 13005 13274
3 12995 13000 13274
3 12998 12995 13274
3 13003 12998 13274
3 13008 13003 13274
3 13014 13008 13274
3 13020 13014 13274
3 13028 13020 13274
3 13034 13028 13274
3 13041 13034 13274
3 13050 13041 13274
3 13060 13050 13274
3 13070 13060 13274
3 13078 13070 13274
3 13088 13078 13274
3 13100 13088 13274
3 13108 13100 13274
3 13125 13108 13274
3 13134 13125 13274
3 13145 13134 13274
3 13162 13145 13274
3 13173 13162 13274
3 13179 13173 13274
3 13192 13179 13274
3 13196 13192 13274
3 13200 13196 13274
3 13209 13200 13274
3 13218 13209 13274
3 13222 13218 13274
3 13227 13222 13274
3 13240 13227 13274
3 13248 13240 13274
3 13255 13248 13274
3 13260 13255 13274
3 13265 13260 13274
3 13270 13265 13274
3 12932 12930 12928
3 12917 12932 12928
3 12912 12917 12928
3 12905 12912 12928
3 12899 12905 12928
3 12891 12899 12928
3 12885 12891 12928
3 12879 12885 12928
3 12871 12879 12928
3 12860 12871 12928
3 12849 12860 12928
3 12841 12849 12928
3 12834 12841 12928
3 12821 12834 12928
3 12808 12821 12928
3 12799 12808 12928
3 12790 12799 12928
3 12780 12790 12928
3 12764 12780 12928
3 12753 12764 12928
3 12749 12753 12928
3 12741 12749 12928
3 12733 12741 12928
3 12728 12733 12928
3 12724 12728 12928
3 12715 12724 12928
3 12707 12715 12928
3 12702 12707 12928
3 12698 12702 12928
3 12689 12698 12928
3 12681 12689 12928
3 12674 12681 12928
3 12669 12674 12928
3 12665 12669 12928
3 12661 12665 12928
3 12656 12661 12928
3 12659 12656 12928
3 12663 12659 12928
3 12667 12663 12928
3 12672 12667 12928
3 12679 12672 12928
3 12687 12679 12928
3 12696 12687 12928
3 12700 12696 12928
3 12705 12700 12928
3 12713 12705 12928
3 12722 12713 12928
3 12726 12722 12928
3 12731 12726 12928
3 12739 12731 12928
3 12747 12739 12928
3 12751 12747 12928
3 12762 12751 12928
3 12778 12762 12928
3 12788 12778 12928
3 12797 12788 12928
3 12806 12797 12928
3 12819 12806 12928
3 12832 12819 12928
3 12839 12832 12928
3 12847 12839 12928
3 12858 12847 12928
3 12869 12858 12928
3 12877 12869 12928
3 12883 12877 12928
3 12889 12883 12928
3 12897 12889 12928
3 12903 12897 12928
3 12910 12903 12928
3 12915 12910 12928
3 12933 12931 12930
3 12933 12930 12932
3 12918 12933 12932
3 12918 12932 12917
3 12913 12918 12917
3 12913 12917 12912
3 12906 12913 12912
3 12906 12912 12905
3 12900 12906 12905
3 12900 12905 12899
3 12892 12900 12899
3 12892 12899 12891
3 12886 12892 12891
3 12886 12891 12885
3 12880 12886 12885
3 12880 12885 12879
3 12872 12880 12879
3 12872 12879 12871
3 12872 12871 12860
3 12861 12872 12860
3 12861 12860 12849
3 12850 12861 12849
3 12850 12849 12841
3 12842 12850 12841
3 12842 12841 12834
3 12835 12842 12834
3 12835 12834 12821
3 12822 12835 12821
3 12822 12821 12808
3 12809 12822 12808
3 12809 12808 12799
3 12800 12809 12799
3 12800 12799 12790
3 12791 12800 12790
3 12791 12790 12780
3 12781 12791 12780
3 12781 12780 12764
3 12765 12781 12764
3 12765 12764 12753
3 12754 12765 12753
3 12754 12753 12749
3 12750 12754 12749
3 12750 12749 12741
3 12742 12750 12741
3 12742 12741 12733
3 12734 12742 12733
3 12734 12733 12728
3 12729 12734 12728
3 12729 12728 12724
3 12725 12729 12724
3 12725 12724 12715
3 12716 12725 12715
3 12716 12715 12707
3 12708 12716 12707
3 12708 12707 12702
3 12703 12708 12702
3 12703 12702 12698
3 12699 12703 12698
3 12699 12698 12689
3 12690 12699 12689
3 12690 12689 12681
3 12682 12690 12681
3 12682 12681 12674
3 12675 12682 12674
3 12675 12674 12669
3 12670 12675 12669
3 12670 12669 12665
3 12666 12670 12665
3 12666 12665 12661
3 12662 12666 12661
3 12662 12661 12656
3 12657 12662 12656
3 12657 12656 12659
3 12660 12657 12659
3 12660 12659 12663
3 12664 12660 12663
3 12664 12663 12667
3 12668 12664 12667
3 12668 12667 12672
3 12673 12668 12672
3 12673 12672 12679
3 12680 12673 12679
3 12680 12679 12687
3 12688 12680 12687
3 12688 12687 12696
3 12697 12688 12696
3 12697 12696 12700
3 12701 12697 12700
3 12701 12700 12705
3 12706 12701 12705
3 12714 12706 12705
3 12714 12705 12713
3 12723 12714 12713
3 12723 12713 12722
3 12727 12723 12722
3 12727 12722 12726
3 12732 12727 12726
3 12732 12726 12731
3 12740 12732 12731
3 12740 12731 12739
3 12748 12740 12739
3 12748 12739 12747
3 12752 12748 12747
3 12752 12747 12751
3 12763 12752 12751
3 12763 12751 12762
3 12779 12763 12762
3 12779 12762 12778
3 12789 12779 12778
3 12789 12778 12788
3 12798 12789 12788
3 12798 12788 12797
3 12807 12798 12797
3 12807 12797 12806
3 12820 12807 12806
3 12820 12806 12819
3 12833 12820 12819
3 12833 12819 12832
3 12840 12833 12832
3 12840 12832 12839
3 12848 12840 12839
3 12848 12839 12847
3 12859 12848 12847
3 12859 12847 12858
3 12870 12859 12858
3 12870 12858 12869
3 12878 12870 12869
3 12878 12869 12877
3 12884 12878 12877
3 12884 12877 12883
3 12890 12884 12883
3 12890 12883 12889
3 12898 12890 12889
3 12898 12889 12897
3 12904 12898 12897
3 12904 12897 12903
3 12911 12904 12903
3 12911 12903 12910
3 12916 12911 12910
3 12916 12910 12915
3 12929 12916 12915
3 12929 12915 12928
3 12931 12929 12928
3 12931 12928 12930
3 12933 12931 12929
3 12918 12933 12929
3 12913 12918 12929
3 12906 12913 12929
3 12900 12906 12929
3 12892 12900 12929
3 12886 12892 12929
3 12880 12886 12929
3 12872 12880 12929
3 12861 12872 12929
3 12850 12861 12929
3 12842 12850 12929
3 12835 12842 12929
3 12822 12835 12929
3 12809 12822 12929
3 12800 12809 12929
3 12791 12800 12929
3 12781 12791 12929
3 12765 12781 12929
3 12754 12765 12929
3 12750 12754 12929
3 12742 12750 12929
3 12734 12742 12929
3 12729 12734 12929
3 12725 12729 12929
3 12716 12725 12929
3 12708 12716 12929
3 12703 12708 12929
3 12699 12703 12929
3 12690 12699 12929
3 12682 12690 12929
3 12675 12682 12929
3 12670 12675 12929
3 12666 12670 12929
3 12662 12666 12929
3 12657 12662 12929
3 12660 12657 12929
3 12664 12660 12929
3 12668 12664 12929
3 12673 12668 12929
3 12680 12673 12929
3 12688 12680 12929
3 12697 12688 12929
3 12701 12697 12929
3 12706 12701 12929
3 12714 12706 12929
3 12723 12714 12929
3 12727 12723 12929
3 12732 12727 12929
3 12740 12732 12929
3 12748 12740 12929
3 12752 12748 12929
3 12763 12752 12929
3 12779 12763 12929
3 12789 12779 12929
3 12798 12789 12929
3 12807 12798 12929
3 12820 12807 12929
3 12833 12820 12929
3 12840 12833 12929
3 12848 12840 12929
3 12859 12848 12929
3 12870 12859 12929
3 12878 12870 12929
3 12884 12878 12929
3 12890 12884 12929
3 12898 12890 12929
3 12904 12898 12929
3 12911 12904 12929
3 12916 12911 12929
3 13375 14063 14070
3 13382 13375 14070
3 13382 13383 14071
3 13382 14071 14070
3 13383 14071 14078
3 13390 13383 14078
3 13748 13746 13744
3 13741 13748 13744
3 13736 13741 13744
3 13730 13736 13744
3 13724 13730 13744
3 13718 13724 13744
3 13712 13718 13744
3 13706 13712 13744
3 13698 13706 13744
3 13688 13698 13744
3 13676 13688 13744
3 13669 13676 13744
3 13659 13669 13744
3 13649 13659 13744
3 13637 13649 13744
3 13627 13637 13744
3 13618 13627 13744
3 13606 13618 13744
3 13588 13606 13744
3 13578 13588 13744
3 13574 13578 13744
3 13563 13574 13744
3 13555 13563 13744
3 13551 13555 13744
3 13547 13551 13744
3 13539 13547 13744
3 13531 13539 13744
3 13526 13531 13744
3 13522 13526 13744
3 13512 13522 13744
3 13504 13512 13744
3 13498 13504 13744
3 13492 13498 13744
3 13488 13492 13744
3 13484 13488 13744
3 13477 13484 13744
3 13482 13477 13744
3 13486 13482 13744
3 13490 13486 13744
3 13496 13490 13744
3 13502 13496 13744
3 13510 13502 13744
3 13520 13510 13744
3 13524 13520 13744
3 13529 13524 13744
3 13537 13529 13744
3 13545 13537 13744
3 13549 13545 13744
3 13553 13549 13744
3 13561 13553 13744
3 13572 13561 13744
3 13576 13572 13744
3 13586 13576 13744
3 13604 13586 13744
3 13616 13604 13744
3 13625 13616 13744
3 13635 13625 13744
3 13647 13635 13744
3 13662 13647 13744
3 13667 13662 13744
3 13674 13667 13744
3 13686 13674 13744
3 13696 13686 13744
3 13704 13696 13744
3 13710 13704 13744
3 13716 13710 13744
3 13722 13716 13744
3 13728 13722 13744
3 13734 13728 13744
3 13739 13734 13744
3 14056 14054 14052
3 14049 14056 14052
3 14044 14049 14052
3 14039 14044 14052
3 14034 14039 14052
3 14027 14034 14052
3 14019 14027 14052
3 14015 14019 14052
3 14011 14015 14052
3 14007 14011 14052
3 13999 14007 14052
3 13991 13999 14052
3 13987 13991 14052
3 13983 13987 14052
3 13971 13983 14052
3 13967 13971 14052
3 13957 13967 14052
3 13940 13957 14052
3 13930 13940 14052
3 13922 13930 14052
3 13913 13922 14052
3 13905 13913 14052
3 13893 13905 14052
3 13883 13893 14052
3 13875 13883 14052
3 13865 13875 14052
3 13855 13865 14052
3 13847 13855 14052
3 13841 13847 14052
3 13835 13841 14052
3 13828 13835 14052
3 13822 13828 14052
3 13816 13822 14052
3 13812 13816 14052
3 13807 13812 14052
3 13802 13807 14052
3 13805 13802 14052
3 13810 13805 14052
3 13814 13810 14052
3 13820 13814 14052
3 13826 13820 14052
3 13833 13826 14052
3 13839 13833 14052
3 13845 13839 14052
3 13853 13845 14052
3 13863 13853 14052
3 13873 13863 14052
3 13881 13873 14052
3 13891 13881 14052
3 13903 13891 14052
3 13911 13903 14052
3 13920 13911 14052
3 13928 13920 14052
3 13938 13928 14052
3 13955 13938 14052
3 13965 13955 14052
3 13969 13965 14052
3 13981 13969 14052
3 13985 13981 14052
3 13989 13985 14052
3 13997 13989 14052
3 14005 13997 14052
3 14009 14005 14052
3 14013 14009 14052
3 14017 14013 14052
3 14025 14017 14052
3 14032 14025 14052
3 14037 14032 14052
3 14042 14037 14052
3 14047 14042 14052
3 14064 13376 13397
3 14100 14064 13397
3 13377 13376 14064
3 14065 13377 14064
3 14101 14065 14064
3 14101 14064 14100
3 13398 14101 14100
3 13398 14100 13397
3 13398 13397 13376
3 13377 13398 13376
3 14065 13377 13398
3 14101 14065 13398
3 14066 13378 13399
3 14102 14066 13399
3 13379 13378 14066
3 14067 13379 14066
3 14103 14067 14066
3 14103 14066 14102
3 13400 14103 14102
3 13400 14102 13399
3 13400 13399 13378
3 13379 13400 13378
3 14067 13379 13400
3 14103 14067 13400
3 14068 13380 13401
3 14104 14068 13401
3 13381 13380 14068
3 14069 13381 14068
3 14105 14069 14068
3 14105 14068 14104
3 13402 14105 14104
3 13402 14104 13401
3 13402 13401 13380
3 13381 13402 13380
3 14069 13381 13402
3 14105 14069 13402
3 14072 13384 13403
3 14106 14072 13403
3 13385 13384 14072
3 14073 13385 14072
3 14107 14073 14072
3 14107 14072 14106
3 13404 14107 14106
3 13404 14106 13403
3 13404 13403 13384
3 13385 13404 13384
3 14073 13385 13404
3 14107 14073 13404
3 14074 13386 13405
3 14108 14074 13405
3 13387 13386 14074
3 14075 13387 14074
3 14109 14075 14074
3 14109 14074 14108
3 13406 14109 14108
3 13406 14108 13405
3 13406 13405 13386
3 13387 13406 13386
3 14075 13387 13406
3 14109 14075 13406
3 14076 13388 13407
3 14110 14076 13407
3 13389 13388 14076
3 14077 13389 14076
3 14111 14077 14076
3 14111 14076 14110
3 13408 14111 14110
3 13408 14110 13407
3 13408 13407 13388
3 13389 13408 13388
3 14077 13389 13408
3 14111 14077 13408
3 14056 14054 14052
3 14049 14056 14052
3 14044 14049 14052
3 14039 14044 14052
3 14034 14039 14052
3 14027 14034 14052
3 14019 14027 14052
3 14015 14019 14052
3 14011 14015 14052
3 14007 14011 14052
3 13999 14007 14052
3 13991 13999 14052
3 13987 13991 14052
3 13983 13987 14052
3 13971 13983 14052
3 13967 13971 14052
3 13957 13967 14052
3 13940 13957 14052
3 13930 13940 14052
3 13922 13930 14052
3 13913 13922 14052
3 13905 13913 14052
3 13893 13905 14052
3 13883 13893 14052
3 13875 13883 14052
3 13865 13875 14052
3 13855 13865 14052
3 13847 13855 14052
3 13841 13847 14052
3 13835 13841 14052
3 13828 13835 14052
3 13822 13828 14052
3 13816 13822 14052
3 13812 13816 14052
3 13807 13812 14052
3 13802 13807 14052
3 13805 13802 14052
3 13810 13805 14052
3 13814 13810 14052
3 13820 13814 14052
3 13826 13820 14052
3 13833 13826 14052
3 13839 13833 14052
3 13845 13839 14052
3 13853 13845 14052
3 13863 13853 14052
3 13873 13863 14052
3 13881 13873 14052
3 13891 13881 14052
3 13903 13891 14052
3 13911 13903 14052
3 13920 13911 14052
3 13928 13920 14052
3 13938 13928 14052
3 13955 13938 14052
3 13965 13955 14052
3 13969 13965 14052
3 13981 13969 14052
3 13985 13981 14052
3 13989 13985 14052
3 13997 13989 14052
3 14005 13997 14052
3 14009 14005 14052
3 14013 14009 14052
3 14017 14013 14052
3 14025 14017 14052
3 14032 14025 14052
3 14037 14032 14052
3 14042 14037 14052
3 14047 14042 14052
3 14057 14055 14054
3 14057 14054 14056
3 14050 14057 14056
3 14050 14056 14049
3 14045 14050 14049
3 14045 14049 14044
3 14040 14045 14044
3 14040 14044 14039
3 14035 14040 14039
3 14035 14039 14034
3 14028 14035 14034
3 14028 14034 14027
3 14020 14028 14027
3 14020 14027 14019
3 14016 14020 14019
3 14016 14019 14015
3 14012 14016 14015
3 14012 14015 14011
3 14012 14011 14007
3 14008 14012 14007
3 14008 14007 13999
3 14000 14008 13999
3 14000 13999 13991
3 13992 14000 13991
3 13992 13991 13987
3 13988 13992 13987
3 13988 13987 13983
3 13984 13988 13983
3 13984 13983 13971
3 13972 13984 13971
3 13972 13971 13967
3 13968 13972 13967
3 13968 13967 13957
3 13958 13968 13957
3 13958 13957 13940
3 13941 13958 13940
3 13941 13940 13930
3 13931 13941 13930
3 13931 13930 13922
3 13923 13931 13922
3 13923 13922 13913
3 13914 13923 13913
3 13914 13913 13905
3 13906 13914 13905
3 13906 13905 13893
3 13894 13906 13893
3 13894 13893 13883
3 13884 13894 13883
3 13884 13883 13875
3 13876 13884 13875
3 13876 13875 13865
3 13866 13876 13865
3 13866 13865 13855
3 13856 13866 13855
3 13856 13855 13847
3 13848 13856 13847
3 13848 13847 13841
3 13842 13848 13841
3 13842 13841 13835
3 13836 13842 13835
3 13836 13835 13828
3 13829 13836 13828
3 13829 13828 13822
3 13823 13829 13822
3 13823 13822 13816
3 13817 13823 13816
3 13817 13816 13812
3 13813 13817 13812
3 13813 13812 13807
3 13808 13813 13807
3 13808 13807 13802
3 13803 13808 13802
3 13803 13802 13805
3 13806 13803 13805
3 13806 13805 13810
3 13811 13806 13810
3 13811 13810 13814
3 13815 13811 13814
3 13815 13814 13820
3 13821 13815 13820
3 13821 13820 13826
3 13827 13821 13826
3 13827 13826 13833
3 13834 13827 13833
3 13834 13833 13839
3 13840 13834 13839
3 13840 13839 13845
3 13846 13840 13845
3 13846 13845 13853
3 13854 13846 13853
3 13864 13854 13853
3 13864 13853 13863
3 13874 13864 13863
3 13874 13863 13873
3 13882 13874 13873
3 13882 13873 13881
3 13892 13882 13881
3 13892 13881 13891
3 13904 13892 13891
3 13904 13891 13903
3 13912 13904 13903
3 13912 13903 13911
3 13921 13912 13911
3 13921 13911 13920
3 13929 13921 13920
3 13929 13920 13928
3 13939 13929 13928
3 13939 13928 13938
3 13956 13939 13938
3 13956 13938 13955
3 13966 13956 13955
3 13966 13955 13965
3 13970 13966 13965
3 13970 13965 13969
3 13982 13970 13969
3 13982 13969 13981
3 13986 13982 13981
3 13986 13981 13985
3 13990 13986 13985
3 13990 13985 13989
3 13998 13990 13989
3 13998 13989 13997
3 14006 13998 13997
3 14006 13997 14005
3 14010 14006 14005
3 14010 14005 14009
3 14014 14010 14009
3 14014 14009 14013
3 14018 14014 14013
3 14018 14013 14017
3 14026 14018 14017
3 14026 14017 14025
3 14033 14026 14025
3 14033 14025 14032
3 14038 14033 14032
3 14038 14032 14037
3 14043 14038 14037
3 14043 14037 14042
3 14048 14043 14042
3 14048 14042 14047
3 14053 14048 14047
3 14053 14047 14052
3 14055 14053 14052
3 14055 14052 14054
3 14057 14055 14053
3 14050 14057 14053
3 14045 14050 14053
3 14040 14045 14053
3 14035 14040 14053
3 14028 14035 14053
3 14020 14028 14053
3 14016 14020 14053
3 14012 14016 14053
3 14008 14012 14053
3 14000 14008 14053
3 13992 14000 14053
3 13988 13992 14053
3 13984 13988 14053
3 13972 13984 14053
3 13968 13972 14053
3 13958 13968 14053
3 13941 13958 14053
3 13931 13941 14053
3 13923 13931 14053
3 13914 13923 14053
3 13906 13914 14053
3 13894 13906 14053
3 13884 13894 14053
3 13876 13884 14053
3 13866 13876 14053
3 13856 13866 14053
3 13848 13856 14053
3 13842 13848 14053
3 13836 13842 14053
3 13829 13836 14053
3 13823 13829 14053
3 13817 13823 14053
3 13813 13817 14053
3 13808 13813 14053
3 13803 13808 14053
3 13806 13803 14053
3 13811 13806 14053
3 13815 13811 14053
3 13821 13815 14053
3 13827 13821 14053
3 13834 13827 14053
3 13840 13834 14053
3 13846 13840 14053
3 13854 13846 14053
3 13864 13854 14053
3 13874 13864 14053
3 13882 13874 14053
3 13892 13882 14053
3 13904 13892 14053
3 13912 13904 14053
3 13921 13912 14053
3 13929 13921 14053
3 13939 13929 14053
3 13956 13939 14053
3 13966 13956 14053
3 13970 13966 14053
3 13982 13970 14053
3 13986 13982 14053
3 13990 13986 14053
3 13998 13990 14053
3 14006 13998 14053
3 14010 14006 14053
3 14014 14010 14053
3 14018 14014 14053
3 14026 14018 14053
3 14033 14026 14053
3 14038 14033 14053
3 14043 14038 14053
3 14048 14043 14053
3 13748 13746 13744
3 13741 13748 13744
3 13736 13741 13744
3 13730 13736 13744
3 13724 13730 13744
3 13718 13724 13744
3 13712 13718 13744
3 13706 13712 13744
3 13698 13706 13744
3 13688 13698 13744
3 13676 13688 13744
3 13669 13676 13744
3 13659 13669 13744
3 13649 13659 13744
3 13637 13649 13744
3 13627 13637 13744
3 13618 13627 13744
3 13606 13618 13744
3 13588 13606 13744
3 13578 13588 13744
3 13574 13578 13744
3 13563 13574 13744
3 13555 13563 13744
3 13551 13555 13744
3 13547 13551 13744
3 13539 13547 13744
3 13531 13539 13744
3 13526 13531 13744
3 13522 13526 13744
3 13512 13522 13744
3 13504 13512 13744
3 13498 13504 13744
3 13492 13498 13744
3 13488 13492 13744
3 13484 13488 13744
3 13477 13484 13744
3 13482 13477 13744
3 13486 13482 13744
3 13490 13486 13744
3 13496 13490 13744
3 13502 13496 13744
3 13510 13502 13744
3 13520 13510 13744
3 13524 13520 13744
3 13529 13524 13744
3 13537 13529 13744
3 13545 13537 13744
3 13549 13545 13744
3 13553 13549 13744
3 13561 13553 13744
3 13572 13561 13744
3 13576 13572 13744
3 13586 13576 13744
3 13604 13586 13744
3 13616 13604 13744
3 13625 13616 13744
3 13635 13625 13744
3 13647 13635 13744
3 13662 13647 13744
3 13667 13662 13744
3 13674 13667 13744
3 13686 13674 13744
3 13696 13686 13744
3 13704 13696 13744
3 13710 13704 13744
3 13716 13710 13744
3 13722 13716 13744
3 13728 13722 13744
3 13734 13728 13744
3 13739 13734 13744
3 13749 13747 13746
3 13749 13746 13748
3 13742 13749 13748
3 13742 13748 13741
3 13737 13742 13741
3 13737 13741 13736
3 13731 13737 13736
3 13731 13736 13730
3 13725 13731 13730
3 13725 13730 13724
3 13719 13725 13724
3 13719 13724 13718
3 13713 13719 13718
3 13713 13718 13712
3 13707 13713 13712
3 13707 13712 13706
3 13699 13707 13706
3 13699 13706 13698
3 13699 13698 13688
3 13689 13699 13688
3 13689 13688 13676
3 13677 13689 13676
3 13677 13676 13669
3 13670 13677 13669
3 13670 13669 13659
3 13660 13670 13659
3 13660 13659 13649
3 13650 13660 13649
3 13650 13649 13637
3 13638 13650 13637
3 13638 13637 13627
3 13628 13638 13627
3 13628 13627 13618
3 13619 13628 13618
3 13619 13618 13606
3 13607 13619 13606
3 13607 13606 13588
3 13589 13607 13588
3 13589 13588 13578
3 13579 13589 13578
3 13579 13578 13574
3 13575 13579 13574
3 13575 13574 13563
3 13564 13575 13563
3 13564 13563 13555
3 13556 13564 13555
3 13556 13555 13551
3 13552 13556 13551
3 13552 13551 13547
3 13548 13552 13547
3 13548 13547 13539
3 13540 13548 13539
3 13540 13539 13531
3 13532 13540 13531
3 13532 13531 13526
3 13527 13532 13526
3 13527 13526 13522
3 13523 13527 13522
3 13523 13522 13512
3 13513 13523 13512
3 13513 13512 13504
3 13505 13513 13504
3 13505 13504 13498
3 13499 13505 13498
3 13499 13498 13492
3 13493 13499 13492
3 13493 13492 13488
3 13489 13493 13488
3 13489 13488 13484
3 13485 13489 13484
3 13485 13484 13477
3 13478 13485 13477
3 13478 13477 13482
3 13483 13478 13482
3 13483 13482 13486
3 13487 13483 13486
3 13487 13486 13490
3 13491 13487 13490
3 13491 13490 13496
3 13497 13491 13496
3 13497 13496 13502
3 13503 13497 13502
3 13503 13502 13510
3 13511 13503 13510
3 13511 13510 13520
3 13521 13511 13520
3 13521 13520 13524
3 13525 13521 13524
3 13525 13524 13529
3 13530 13525 13529
3 13538 13530 13529
3 13538 13529 13537
3 13546 13538 13537
3 13546 13537 13545
3 13550 13546 13545
3 13550 13545 13549
3 13554 13550 13549
3 13554 13549 13553
3 13562 13554 13553
3 13562 13553 13561
3 13573 13562 13561
3 13573 13561 13572
3 13577 13573 13572
3 13577 13572 13576
3 13587 13577 13576
3 13587 13576 13586
3 13605 13587 13586
3 13605 13586 13604
3 13617 13605 13604
3 13617 13604 13616
3 13626 13617 13616
3 13626 13616 13625
3 13636 13626 13625
3 13636 13625 13635
3 13648 13636 13635
3 13648 13635 13647
3 13663 13648 13647
3 13663 13647 13662
3 13668 13663 13662
3 13668 13662 13667
3 13675 13668 13667
3 13675 13667 13674
3 13687 13675 13674
3 13687 13674 13686
3 13697 13687 13686
3 13697 13686 13696
3 13705 13697 13696
3 13705 13696 13704
3 13711 13705 13704
3 13711 13704 13710
3 13717 13711 13710
3 13717 13710 13716
3 13723 13717 13716
3 13723 13716 13722
3 13729 13723 13722
3 13729 13722 13728
3 13735 13729 13728
3 13735 13728 13734
3 13740 13735 13734
3 13740 13734 13739
3 13745 13740 13739
3 13745 13739 13744
3 13747 13745 13744
3 13747 13744 13746
3 13749 13747 13745
3 13742 13749 13745
3 13737 13742 13745
3 13731 13737 13745
3 13725 13731 13745
3 13719 13725 13745
3 13713 13719 13745
3 13707 13713 13745
3 13699 13707 13745
3 13689 13699 13745
3 13677 13689 13745
3 13670 13677 13745
3 13660 13670 13745
3 13650 13660 13745
3 13638 13650 13745
3 13628 13638 13745
3 13619 13628 13745
3 13607 13619 13745
3 13589 13607 13745
3 13579 13589 13745
3 13575 13579 13745
3 13564 13575 13745
3 13556 13564 13745
3 13552 13556 13745
3 13548 13552 13745
3 13540 13548 13745
3 13532 13540 13745
3 13527 13532 13745
3 13523 13527 13745
3 13513 13523 13745
3 13505 13513 13745
3 13499 13505 13745
3 13493 13499 13745
3 13489 13493 13745
3 13485 13489 13745
3 13478 13485 13745
3 13483 13478 13745
3 13487 13483 13745
3 13491 13487 13745
3 13497 13491 13745
3 13503 13497 13745
3 13511 13503 13745
3 13521 13511 13745
3 13525 13521 13745
3 13530 13525 13745
3 13538 13530 13745
3 13546 13538 13745
3 13550 13546 13745
3 13554 13550 13745
3 13562 13554 13745
3 13573 13562 13745
3 13577 13573 13745
3 13587 13577 13745
3 13605 13587 13745
3 13617 13605 13745
3 13626 13617 13745
3 13636 13626 13745
3 13648 13636 13745
3 13663 13648 13745
3 13668 13663 13745
3 13675 13668 13745
3 13687 13675 13745
3 13697 13687 13745
3 13705 13697 13745
3 13711 13705 13745
3 13717 13711 13745
3 13723 13717 13745
3 13729 13723 13745
3 13735 13729 13745
3 13740 13735 13745
3 14130 14813 14820
3 14137 14130 14820
3 14137 14138 14821
3 14137 14821 14820
3 14138 14821 14828
3 14145 14138 14828
3 14494 14496 14492
3 14488 14494 14492
3 14482 14488 14492
3 14477 14482 14492
3 14471 14477 14492
3 14465 14471 14492
3 14459 14465 14492
3 14452 14459 14492
3 14445 14452 14492
3 14431 14445 14492
3 14425 14431 14492
3 14412 14425 14492
3 14406 14412 14492
3 14394 14406 14492
3 14376 14394 14492
3 14370 14376 14492
3 14360 14370 14492
3 14351 14360 14492
3 14331 14351 14492
3 14321 14331 14492
3 14317 14321 14492
3 14307 14317 14492
3 14299 14307 14492
3 14295 14299 14492
3 14291 14295 14492
3 14283 14291 14492
3 14275 14283 14492
3 14271 14275 14492
3 14267 14271 14492
3 14258 14267 14492
3 14251 14258 14492
3 14246 14251 14492
3 14241 14246 14492
3 14236 14241 14492
3 14232 14236 14492
3 14230 14232 14492
3 14228 14230 14492
3 14234 14228 14492
3 14239 14234 14492
3 14244 14239 14492
3 14249 14244 14492
3 14256 14249 14492
3 14265 14256 14492
3 14269 14265 14492
3 14273 14269 14492
3 14281 14273 14492
3 14289 14281 14492
3 14293 14289 14492
3 14297 14293 14492
3 14305 14297 14492
3 14315 14305 14492
3 14319 14315 14492
3 14329 14319 14492
3 14349 14329 14492
3 14358 14349 14492
3 14368 14358 14492
3 14374 14368 14492
3 14392 14374 14492
3 14404 14392 14492
3 14410 14404 14492
3 14423 14410 14492
3 14429 14423 14492
3 14443 14429 14492
3 14450 14443 14492
3 14457 14450 14492
3 14463 14457 14492
3 14469 14463 14492
3 14475 14469 14492
3 14480 14475 14492
3 14486 14480 14492
3 14803 14806 14801
3 14799 14803 14801
3 14795 14799 14801
3 14790 14795 14801
3 14784 14790 14801
3 14778 14784 14801
3 14769 14778 14801
3 14765 14769 14801
3 14761 14765 14801
3 14757 14761 14801
3 14749 14757 14801
3 14741 14749 14801
3 14737 14741 14801
3 14733 14737 14801
3 14721 14733 14801
3 14717 14721 14801
3 14707 14717 14801
3 14690 14707 14801
3 14681 14690 14801
3 14673 14681 14801
3 14665 14673 14801
3 14656 14665 14801
3 14643 14656 14801
3 14633 14643 14801
3 14625 14633 14801
3 14613 14625 14801
3 14603 14613 14801
3 14596 14603 14801
3 14589 14596 14801
3 14582 14589 14801
3 14576 14582 14801
3 14570 14576 14801
3 14565 14570 14801
3 14559 14565 14801
3 14554 14559 14801
3 14552 14554 14801
3 14550 14552 14801
3 14557 14550 14801
3 14563 14557 14801
3 14568 14563 14801
3 14574 14568 14801
3 14580 14574 14801
3 14587 14580 14801
3 14594 14587 14801
3 14601 14594 14801
3 14611 14601 14801
3 14623 14611 14801
3 14631 14623 14801
3 14641 14631 14801
3 14654 14641 14801
3 14663 14654 14801
3 14671 14663 14801
3 14679 14671 14801
3 14688 14679 14801
3 14705 14688 14801
3 14715 14705 14801
3 14719 14715 14801
3 14731 14719 14801
3 14735 14731 14801
3 14739 14735 14801
3 14747 14739 14801
3 14755 14747 14801
3 14759 14755 14801
3 14763 14759 14801
3 14767 14763 14801
3 14776 14767 14801
3 14782 14776 14801
3 14788 14782 14801
3 14793 14788 14801
3 14797 14793 14801
3 14814 14131 14150
3 14850 14814 14150
3 14132 14131 14814
3 14815 14132 14814
3 14851 14815 14814
3 14851 14814 14850
3 14151 14851 14850
3 14151 14850 14150
3 14151 14150 14131
3 14132 14151 14131
3 14815 14132 14151
3 14851 14815 14151
3 14816 14133 14152
3 14852 14816 14152
3 14134 14133 14816
3 14817 14134 14816
3 14853 14817 14816
3 14853 14816 14852
3 14153 14853 14852
3 14153 14852 14152
3 14153 14152 14133
3 14134 14153 14133
3 14817 14134 14153
3 14853 14817 14153
3 14818 14135 14154
3 14854 14818 14154
3 14136 14135 14818
3 14819 14136 14818
3 14855 14819 14818
3 14855 14818 14854
3 14155 14855 14854
3 14155 14854 14154
3 14155 14154 14135
3 14136 14155 14135
3 14819 14136 14155
3 14855 14819 14155
3 14822 14139 14156
3 14856 14822 14156
3 14140 14139 14822
3 14823 14140 14822
3 14857 14823 14822
3 14857 14822 14856
3 14157 14857 14856
3 14157 14856 14156
3 14157 14156 14139
3 14140 14157 14139
3 14823 14140 14157
3 14857 14823 14157
3 14824 14141 14158
3 14858 14824 14158
3 14142 14141 14824
3 14825 14142 14824
3 14859 14825 14824
3 14859 14824 14858
3 14159 14859 14858
3 14159 14858 14158
3 14159 14158 14141
3 14142 14159 14141
3 14825 14142 14159
3 14859 14825 14159
3 14826 14143 14160
3 14860 14826 14160
3 14144 14143 14826
3 14827 14144 14826
3 14861 14827 14826
3 14861 14826 14860
3 14161 14861 14860
3 14161 14860 14160
3 14161 14160 14143
3 14144 14161 14143
3 14827 14144 14161
3 14861 14827 14161
3 14803 14806 14801
3 14799 14803 14801
3 14795 14799 14801
3 14790 14795 14801
3 14784 14790 14801
3 14778 14784 14801
3 14769 14778 14801
3 14765 14769 14801
3 14761 14765 14801
3 14757 14761 14801
3 14749 14757 14801
3 14741 14749 14801
3 14737 14741 14801
3 14733 14737 14801
3 14721 14733 14801
3 14717 14721 14801
3 14707 14717 14801
3 14690 14707 14801
3 14681 14690 14801
3 14673 14681 14801
3 14665 14673 14801
3 14656 14665 14801
3 14643 14656 14801
3 14633 14643 14801
3 14625 14633 14801
3 14613 14625 14801
3 14603 14613 14801
3 14596 14603 14801
3 14589 14596 14801
3 14582 14589 14801
3 14576 14582 14801
3 14570 14576 14801
3 14565 14570 14801
3 14559 14565 14801
3 14554 14559 14801
3 14552 14554 14801
3 14550 14552 14801
3 14557 14550 14801
3 14563 14557 14801
3 14568 14563 14801
3 14574 14568 14801
3 14580 14574 14801
3 14587 14580 14801
3 14594 14587 14801
3 14601 14594 14801
3 14611 14601 14801
3 14623 14611 14801
3 14631 14623 14801
3 14641 14631 14801
3 14654 14641 14801
3 14663 14654 14801
3 14671 14663 14801
3 14679 14671 14801
3 14688 14679 14801
3 14705 14688 14801
3 14715 14705 14801
3 14719 14715 14801
3 14731 14719 14801
3 14735 14731 14801
3 14739 14735 14801
3 14747 14739 14801
3 14755 14747 14801
3 14759 14755 14801
3 14763 14759 14801
3 14767 14763 14801
3 14776 14767 14801
3 14782 14776 14801
3 14788 14782 14801
3 14793 14788 14801
3 14797 14793 14801
3 14804 14807 14806
3 14804 14806 14803
3 14800 14804 14803
3 14800 14803 14799
3 14796 14800 14799
3 14796 14799 14795
3 14791 14796 14795
3 14791 14795 14790
3 14785 14791 14790
3 14785 14790 14784
3 14779 14785 14784
3 14779 14784 14778
3 14770 14779 14778
3 14770 14778 14769
3 14766 14770 14769
3 14766 14769 14765
3 14762 14766 14765
3 14762 14765 14761
3 14762 14761 14757
3 14758 14762 14757
3 14758 14757 14749
3 14750 14758 14749
3 14750 14749 14741
3 14742 14750 14741
3 14742 14741 14737
3 14738 14742 14737
3 14738 14737 14733
3 14734 14738 14733
3 14734 14733 14721
3 14722 14734 14721
3 14722 14721 14717
3 14718 14722 14717
3 14718 14717 14707
3 14708 14718 14707
3 14708 14707 14690
3 14691 14708 14690
3 14691 14690 14681
3 14682 14691 14681
3 14682 14681 14673
3 14674 14682 14673
3 14674 14673 14665
3 14666 14674 14665
3 14666 14665 14656
3 14657 14666 14656
3 14657 14656 14643
3 14644 14657 14643
3 14644 14643 14633
3 14634 14644 14633
3 14634 14633 14625
3 14626 14634 14625
3 14626 14625 14613
3 14614 14626 14613
3 14614 14613 14603
3 14604 14614 14603
3 14604 14603 14596
3 14597 14604 14596
3 14597 14596 14589
3 14590 14597 14589
3 14590 14589 14582
3 14583 14590 14582
3 14583 14582 14576
3 14577 14583 14576
3 14577 14576 14570
3 14571 14577 14570
3 14571 14570 14565
3 14566 14571 14565
3 14566 14565 14559
3 14560 14566 14559
3 14560 14559 14554
3 14555 14560 14554
3 14555 14554 14552
3 14553 14555 14552
3 14553 14552 14550
3 14551 14553 14550
3 14551 14550 14557
3 14558 14551 14557
3 14558 14557 14563
3 14564 14558 14563
3 14564 14563 14568
3 14569 14564 14568
3 14569 14568 14574
3 14575 14569 14574
3 14575 14574 14580
3 14581 14575 14580
3 14581 14580 14587
3 14588 14581 14587
3 14588 14587 14594
3 14595 14588 14594
3 14595 14594 14601
3 14602 14595 14601
3 14612 14602 14601
3 14612 14601 14611
3 14624 14612 14611
3 14624 14611 14623
3 14632 14624 14623
3 14632 14623 14631
3 14642 14632 14631
3 14642 14631 14641
3 14655 14642 14641
3 14655 14641 14654
3 14664 14655 14654
3 14664 14654 14663
3 14672 14664 14663
3 14672 14663 14671
3 14680 14672 14671
3 14680 14671 14679
3 14689 14680 14679
3 14689 14679 14688
3 14706 14689 14688
3 14706 14688 14705
3 14716 14706 14705
3 14716 14705 14715
3 14720 14716 14715
3 14720 14715 14719
3 14732 14720 14719
3 14732 14719 14731
3 14736 14732 14731
3 14736 14731 14735
3 14740 14736 14735
3 14740 14735 14739
3 14748 14740 14739
3 14748 14739 14747
3 14756 14748 14747
3 14756 14747 14755
3 14760 14756 14755
3 14760 14755 14759
3 14764 14760 14759
3 14764 14759 14763
3 14768 14764 14763
3 14768 14763 14767
3 14777 14768 14767
3 14777 14767 14776
3 14783 14777 14776
3 14783 14776 14782
3 14789 14783 14782
3 14789 14782 14788
3 14794 14789 14788
3 14794 14788 14793
3 14798 14794 14793
3 14798 14793 14797
3 14802 14798 14797
3 14802 14797 14801
3 14807 14802 14801
3 14807 14801 14806
3 14804 14807 14802
3 14800 14804 14802
3 14796 14800 14802
3 14791 14796 14802
3 14785 14791 14802
3 14779 14785 14802
3 14770 14779 14802
3 14766 14770 14802
3 14762 14766 14802
3 14758 14762 14802
3 14750 14758 14802
3 14742 14750 14802
3 14738 14742 14802
3 14734 14738 14802
3 14722 14734 14802
3 14718 14722 14802
3 14708 14718 14802
3 14691 14708 14802
3 14682 14691 14802
3 14674 14682 14802
3 14666 14674 14802
3 14657 14666 14802
3 14644 14657 14802
3 14634 14644 14802
3 14626 14634 14802
3 14614 14626 14802
3 14604 14614 14802
3 14597 14604 14802
3 14590 14597 14802
3 14583 14590 14802
3 14577 14583 14802
3 14571 14577 14802
3 14566 14571 14802
3 14560 14566 14802
3 14555 14560 14802
3 14553 14555 14802
3 14551 14553 14802
3 14558 14551 14802
3 14564 14558 14802
3 14569 14564 14802
3 14575 14569 14802
3 14581 14575 14802
3 14588 14581 14802
3 14595 14588 14802
3 14602 14595 14802
3 14612 14602 14802
3 14624 14612 14802
3 14632 14624 14802
3 14642 14632 14802
3 14655 14642 14802
3 14664 14655 14802
3 14672 14664 14802
3 14680 14672 14802
3 14689 14680 14802
3 14706 14689 14802
3 14716 14706 14802
3 14720 14716 14802
3 14732 14720 14802
3 14736 14732 14802
3 14740 14736 14802
3 14748 14740 14802
3 14756 14748 14802
3 14760 14756 14802
3 14764 14760 14802
3 14768 14764 14802
3 14777 14768 14802
3 14783 14777 14802
3 14789 14783 14802
3 14794 14789 14802
3 14798 14794 14802
3 14494 14496 14492
3 14488 14494 14492
3 14482 14488 14492
3 14477 14482 14492
3 14471 14477 14492
3 14465 14471 14492
3 14459 14465 14492
3 14452 14459 14492
3 14445 14452 14492
3 14431 14445 14492
3 14425 14431 14492
3 14412 14425 14492
3 14406 14412 14492
3 14394 14406 14492
3 14376 14394 14492
3 14370 14376 14492
3 14360 14370 14492
3 14351 14360 14492
3 14331 14351 14492
3 14321 14331 14492
3 14317 14321 14492
3 14307 14317 14492
3 14299 14307 14492
3 14295 14299 14492
3 14291 14295 14492
3 14283 14291 14492
3 14275 14283 14492
3 14271 14275 14492
3 14267 14271 14492
3 14258 14267 14492
3 14251 14258 14492
3 14246 14251 14492
3 14241 14246 14492
3 14236 14241 14492
3 14232 14236 14492
3 14230 14232 14492
3 14228 14230 14492
3 14234 14228 14492
3 14239 14234 14492
3 14244 14239 14492
3 14249 14244 14492
3 14256 14249 14492
3 14265 14256 14492
3 14269 14265 14492
3 14273 14269 14492
3 14281 14273 14492
3 14289 14281 14492
3 14293 14289 14492
3 14297 14293 14492
3 14305 14297 14492
3 14315 14305 14492
3 14319 14315 14492
3 14329 14319 14492
3 14349 14329 14492
3 14358 14349 14492
3 14368 14358 14492
3 14374 14368 14492
3 14392 14374 14492
3 14404 14392 14492
3 14410 14404 14492
3 14423 14410 14492
3 14429 14423 14492
3 14443 14429 14492
3 14450 14443 14492
3 14457 14450 14492
3 14463 14457 14492
3 14469 14463 14492
3 14475 14469 14492
3 14480 14475 14492
3 14486 14480 14492
3 14495 14497 14496
3 14495 14496 14494
3 14489 14495 14494
3 14489 14494 14488
3 14483 14489 14488
3 14483 14488 14482
3 14478 14483 14482
3 14478 14482 14477
3 14472 14478 14477
3 14472 14477 14471
3 14466 14472 14471
3 14466 14471 14465
3 14460 14466 14465
3 14460 14465 14459
3 14453 14460 14459
3 14453 14459 14452
3 14446 14453 14452
3 14446 14452 14445
3 14446 14445 14431
3 14432 14446 14431
3 14432 14431 14425
3 14426 14432 14425
3 14426 14425 14412
3 14413 14426 14412
3 14413 14412 14406
3 14407 14413 14406
3 14407 14406 14394
3 14395 14407 14394
3 14395 14394 14376
3 14377 14395 14376
3 14377 14376 14370
3 14371 14377 14370
3 14371 14370 14360
3 14361 14371 14360
3 14361 14360 14351
3 14352 14361 14351
3 14352 14351 14331
3 14332 14352 14331
3 14332 14331 14321
3 14322 14332 14321
3 14322 14321 14317
3 14318 14322 14317
3 14318 14317 14307
3 14308 14318 14307
3 14308 14307 14299
3 14300 14308 14299
3 14300 14299 14295
3 14296 14300 14295
3 14296 14295 14291
3 14292 14296 14291
3 14292 14291 14283
3 14284 14292 14283
3 14284 14283 14275
3 14276 14284 14275
3 14276 14275 14271
3 14272 14276 14271
3 14272 14271 14267
3 14268 14272 14267
3 14268 14267 14258
3 14259 14268 14258
3 14259 14258 14251
3 14252 14259 14251
3 14252 14251 14246
3 14247 14252 14246
3 14247 14246 14241
3 14242 14247 14241
3 14242 14241 14236
3 14237 14242 14236
3 14237 14236 14232
3 14233 14237 14232
3 14233 14232 14230
3 14231 14233 14230
3 14231 14230 14228
3 14229 14231 14228
3 14229 14228 14234
3 14235 14229 14234
3 14235 14234 14239
3 14240 14235 14239
3 14240 14239 14244
3 14245 14240 14244
3 14245 14244 14249
3 14250 14245 14249
3 14250 14249 14256
3 14257 14250 14256
3 14257 14256 14265
3 14266 14257 14265
3 14266 14265 14269
3 14270 14266 14269
3 14270 14269 14273
3 14274 14270 14273
3 14282 14274 14273
3 14282 14273 14281
3 14290 14282 14281
3 14290 14281 14289
3 14294 14290 14289
3 14294 14289 14293
3 14298 14294 14293
3 14298 14293 14297
3 14306 14298 14297
3 14306 14297 14305
3 14316 14306 14305
3 14316 14305 14315
3 14320 14316 14315
3 14320 14315 14319
3 14330 14320 14319
3 14330 14319 14329
3 14350 14330 14329
3 14350 14329 14349
3 14359 14350 14349
3 14359 14349 14358
3 14369 14359 14358
3 14369 14358 14368
3 14375 14369 14368
3 14375 14368 14374
3 14393 14375 14374
3 14393 14374 14392
3 14405 14393 14392
3 14405 14392 14404
3 14411 14405 14404
3 14411 14404 14410
3 14424 14411 14410
3 14424 14410 14423
3 14430 14424 14423
3 14430 14423 14429
3 14444 14430 14429
3 14444 14429 14443
3 14451 14444 14443
3 14451 14443 14450
3 14458 14451 14450
3 14458 14450 14457
3 14464 14458 14457
3 14464 14457 14463
3 14470 14464 14463
3 14470 14463 14469
3 14476 14470 14469
3 14476 14469 14475
3 14481 14476 14475
3 14481 14475 14480
3 14487 14481 14480
3 14487 14480 14486
3 14493 14487 14486
3 14493 14486 14492
3 14497 14493 14492
3 14497 14492 14496
3 14495 14497 14493
3 14489 14495 14493
3 14483 14489 14493
3 14478 14483 14493
3 14472 14478 14493
3 14466 14472 14493
3 14460 14466 14493
3 14453 14460 14493
3 14446 14453 14493
3 14432 14446 14493
3 14426 14432 14493
3 14413 14426 14493
3 14407 14413 14493
3 14395 14407 14493
3 14377 14395 14493
3 14371 14377 14493
3 14361 14371 14493
3 14352 14361 14493
3 14332 14352 14493
3 14322 14332 14493
3 14318 14322 14493
3 14308 14318 14493
3 14300 14308 14493
3 14296 14300 14493
3 14292 14296 14493
3 14284 14292 14493
3 14276 14284 14493
3 14272 14276 14493
3 14268 14272 14493
3 14259 14268 14493
3 14252 14259 14493
3 14247 14252 14493
3 14242 14247 14493
3 14237 14242 14493
3 14233 14237 14493
3 14231 14233 14493
3 14229 14231 14493
3 14235 14229 14493
3 14240 14235 14493
3 14245 14240 14493
3 14250 14245 14493
3 14257 14250 14493
3 14266 14257 14493
3 14270 14266 14493
3 14274 14270 14493
3 14282 14274 14493
3 14290 14282 14493
3 14294 14290 14493
3 14298 14294 14493
3 14306 14298 14493
3 14316 14306 14493
3 14320 14316 14493
3 14330 14320 14493
3 14350 14330 14493
3 14359 14350 14493
3 14369 14359 14493
3 14375 14369 14493
3 14393 14375 14493
3 14405 14393 14493
3 14411 14405 14493
3 14424 14411 14493
3 14430 14424 14493
3 14444 14430 14493
3 14451 14444 14493
3 14458 14451 14493
3 14464 14458 14493
3 14470 14464 14493
3 14476 14470 14493
3 14481 14476 14493
3 14487 14481 14493
3 8317 9345 8836
3 8166 8317 8836
3 8895 8896 9035
3 9034 8895 9035
3 9034 9035 8896
3 9034 8896 8895
3 9035 8896 8177
3 8221 9035 8177
3 8220 8221 9035
3 8220 9035 9034
3 8220 9034 8895
3 8176 8220 8895
3 8176 8895 8896
3 8177 8176 8896
3 8176 8177 8221
3 8220 8176 8221
3 9036 9037 8898
3 9036 8898 8897
3 9037 8898 8179
3 8223 9037 8179
3 8222 8223 9037
3 8222 9037 9036
3 8222 9036 8897
3 8178 8222 8897
3 8178 8897 8898
3 8179 8178 8898
3 8178 8179 8223
3 8222 8178 8223
3 9038 9039 8900
3 9038 8900 8899
3 9039 8900 8181
3 8225 9039 8181
3 8224 8225 9039
3 8224 9039 9038
3 8224 9038 8899
3 8180 8224 8899
3 8180 8899 8900
3 8181 8180 8900
3 8180 8181 8225
3 8224 8180 8225
3 9040 9041 8902
3 9040 8902 8901
3 9041 8902 8183
3 8227 9041 8183
3 8226 8227 9041
3 8226 9041 9040
3 8226 9040 8901
3 8182 8226 8901
3 8182 8901 8902
3 8183 8182 8902
3 8182 8183 8227
3 8226 8182 8227
3 9042 9043 8904
3 9042 8904 8903
3 9043 8904 8185
3 8229 9043 8185
3 8228 8229 9043
3 8228 9043 9042
3 8228 9042 8903
3 8184 8228 8903
3 8184 8903 8904
3 8185 8184 8904
3 8184 8185 8229
3 8228 8184 8229
3 9044 9045 8906
3 9044 8906 8905
3 9045 8906 8187
3 8231 9045 8187
3 8230 8231 9045
3 8230 9045 9044
3 8230 9044 8905
3 8186 8230 8905
3 8186 8905 8906
3 8187 8186 8906
3 8186 8187 8231
3 8230 8186 8231
3 9046 9047 8908
3 9046 8908 8907
3 9047 8908 8189
3 8233 9047 8189
3 8232 8233 9047
3 8232 9047 9046
3 8232 9046 8907
3 8188 8232 8907
3 8188 8907 8908
3 8189 8188 8908
3 8188 8189 8233
3 8232 8188 8233
3 9048 9049 8910
3 9048 8910 8909
3 9049 8910 8191
3 8235 9049 8191
3 8234 8235 9049
3 8234 9049 9048
3 8234 9048 8909
3 8190 8234 8909
3 8190 8909 8910
3 8191 8190 8910
3 8190 8191 8235
3 8234 8190 8235
3 9050 9051 8912
3 9050 8912 8911
3 9051 8912 8193
3 8237 9051 8193
3 8236 8237 9051
3 8236 9051 9050
3 8236 9050 8911
3 8192 8236 8911
3 8192 8911 8912
3 8193 8192 8912
3 8192 8193 8237
3 8236 8192 8237
3 9052 9053 8914
3 9052 8914 8913
3 9053 8914 8195
3 8239 9053 8195
3 8238 8239 9053
3 8238 9053 9052
3 8238 9052 8913
3 8194 8238 8913
3 8194 8913 8914
3 8195 8194 8914
3 8194 8195 8239
3 8238 8194 8239
3 9054 9055 8916
3 9054 8916 8915
3 9055 8916 8197
3 8241 9055 8197
3 8240 8241 9055
3 8240 9055 9054
3 8240 9054 8915
3 8196 8240 8915
3 8196 8915 8916
3 8197 8196 8916
3 8196 8197 8241
3 8240 8196 8241
3 9056 9057 8918
3 9056 8918 8917
3 9057 8918 8199
3 8243 9057 8199
3 8242 8243 9057
3 8242 9057 9056
3 8242 9056 8917
3 8198 8242 8917
3 8198 8917 8918
3 8199 8198 8918
3 8198 8199 8243
3 8242 8198 8243
3 9058 9059 8920
3 9058 8920 8919
3 9059 8920 8201
3 8245 9059 8201
3 8244 8245 9059
3 8244 9059 9058
3 8244 9058 8919
3 8200 8244 8919
3 8200 8919 8920
3 8201 8200 8920
3 8200 8201 8245
3 8244 8200 8245
3 9060 9061 8922
3 9060 8922 8921
3 9061 8922 8203
3 8247 9061 8203
3 8246 8247 9061
3 8246 9061 9060
3 8246 9060 8921
3 8202 8246 8921
3 8202 8921 8922
3 8203 8202 8922
3 8202 8203 8247
3 8246 8202 8247
3 9062 9063 8924
3 9062 8924 8923
3 9063 8924 8205
3 8249 9063 8205
3 8248 8249 9063
3 8248 9063 9062
3 8248 9062 8923
3 8204 8248 8923
3 8204 8923 8924
3 8205 8204 8924
3 8204 8205 8249
3 8248 8204 8249
3 9064 9065 8926
3 9064 8926 8925
3 9065 8926 8207
3 8251 9065 8207
3 8250 8251 9065
3 8250 9065 9064
3 8250 9064 8925
3 8206 8250 8925
3 8206 8925 8926
3 8207 8206 8926
3 8206 8207 8251
3 8250 8206 8251
3 9066 9067 8928
3 9066 8928 8927
3 9067 8928 8209
3 8253 9067 8209
3 8252 8253 9067
3 8252 9067 9066
3 8252 9066 8927
3 8208 8252 8927
3 8208 8927 8928
3 8209 8208 8928
3 8208 8209 8253
3 8252 8208 8253
3 8975 9023 8846
3 8806 8975 8846
3 9023 8846 8806
3 8975 9023 8806
3 8975 9023 8846
3 8806 8975 8846
3 8976 9024 9023
3 8976 9023 8975
3 8976 8975 8806
3 8807 8976 8806
3 8807 8806 8846
3 8847 8807 8846
3 9024 8847 8846
3 9024 8846 9023
3 8976 9024 8847
3 8807 8976 8847
3 8792 8830 8703
3 8659 8792 8703
3 8793 8831 8830
3 8793 8830 8792
3 8793 8792 8659
3 8660 8793 8659
3 8660 8659 8703
3 8704 8660 8703
3 8831 8704 8703
3 8831 8703 8830
3 8793 8831 8704
3 8660 8793 8704
3 8637 8694 8583
3 8567 8637 8583
3 8638 8695 8694
3 8638 8694 8637
3 8638 8637 8567
3 8568 8638 8567
3 8568 8567 8583
3 8584 8568 8583
3 8695 8584 8583
3 8695 8583 8694
3 8638 8695 8584
3 8568 8638 8584
3 8561 8580 8511
3 8503 8561 8511
3 8562 8581 8580
3 8562 8580 8561
3 8562 8561 8503
3 8504 8562 8503
3 8504 8503 8511
3 8512 8504 8511
3 8581 8512 8511
3 8581 8511 8580
3 8562 8581 8512
3 8504 8562 8512
3 8501 8507 8464
3 8455 8501 8464
3 8502 8508 8507
3 8502 8507 8501
3 8502 8501 8455
3 8456 8502 8455
3 8456 8455 8464
3 8465 8456 8464
3 8508 8465 8464
3 8508 8464 8507
3 8502 8508 8465
3 8456 8502 8465
3 8452 8461 8421
3 8407 8452 8421
3 8453 8462 8461
3 8453 8461 8452
3 8453 8452 8407
3 8408 8453 8407
3 8408 8407 8421
3 8422 8408 8421
3 8462 8422 8421
3 8462 8421 8461
3 8453 8462 8422
3 8408 8453 8422
3 8404 8417 8385
3 8374 8404 8385
3 8405 8418 8417
3 8405 8417 8404
3 8405 8404 8374
3 8375 8405 8374
3 8375 8374 8385
3 8386 8375 8385
3 8418 8386 8385
3 8418 8385 8417
3 8405 8418 8386
3 8375 8405 8386
3 8370 8380 8347
3 8332 8370 8347
3 8371 8381 8380
3 8371 8380 8370
3 8371 8370 8332
3 8333 8371 8332
3 8333 8332 8347
3 8348 8333 8347
3 8381 8348 8347
3 8381 8347 8380
3 8371 8381 8348
3 8333 8371 8348
3 8328 8344 8307
3 8299 8328 8307
3 8329 8345 8344
3 8329 8344 8328
3 8329 8328 8299
3 8300 8329 8299
3 8300 8299 8307
3 8308 8300 8307
3 8345 8308 8307
3 8345 8307 8344
3 8329 8345 8308
3 8300 8329 8308
3 8293 8303 8282
3 8272 8293 8282
3 8294 8304 8303
3 8294 8303 8293
3 8294 8293 8272
3 8273 8294 8272
3 8273 8272 8282
3 8283 8273 8282
3 8304 8283 8282
3 8304 8282 8303
3 8294 8304 8283
3 8273 8294 8283
3 8266 8276 8218
3 8213 8266 8218
3 8267 8277 8276
3 8267 8276 8266
3 8267 8266 8213
3 8214 8267 8213
3 8214 8213 8218
3 8219 8214 8218
3 8277 8219 8218
3 8277 8218 8276
3 8267 8277 8219
3 8214 8267 8219
3 4118 2655 1747
3 7343 4118 1747
3 7707 7343 1747
3 6783 7707 1747
3 5840 6783 1747
3 2459 5840 1747
3 5001 4989 5794
3 6311 5001 5794
3 4967 4904 4827
3 5005 4967 4827
3 5011 5005 4827
3 5001 5011 4827
3 4989 5001 4827
3 4871 4989 4827
3 5012 5006 5005
3 5012 5005 5011
3 5002 5012 5011
3 5002 5011 5001
3 5002 5001 4989
3 4990 5002 4989
3 4990 4989 4871
3 4872 4990 4871
3 4872 4871 4827
3 4828 4872 4827
3 4828 4827 4904
3 4905 4828 4904
3 4968 4905 4904
3 4968 4904 4967
3 5006 4968 4967
3 5006 4967 5005
3 4968 4905 4828
3 5006 4968 4828
3 5012 5006 4828
3 5002 5012 4828
3 4990 5002 4828
3 4872 4990 4828
3 7108 5011 5001
3 6311 7108 5001
3 2954 5794 4989
3 4871 2954 4989
3 2954 4871 4827
3 2461 2954 4827
3 2460 4827 4904
3 3308 2460 4904
3 4969 4137 3308
3 4904 4969 3308
3 4135 4969 5005
3 6732 4135 5005
3 6732 5005 5011
3 7108 6732 5011
3 1691 1709 1701
3 1682 1691 1701
3 8758 9252 9253
3 8759 8758 9253
3 8414 8587 8588
3 8415 8414 8588
3 8257 8363 8364
3 8258 8257 8364
3 8350 9712 11373
3 8445 8350 11373
3 8338 8445 11373
3 8398 8338 11373
3 8315 8398 11373
3 9515 9343 8315
3 9595 9545 9515
3 11373 9678 9595
3 8315 11373 9595
3 9515 8315 9595
3 11373 11308 11709
3 11823 11373 11709
3 10647 11823 11709
3 9755 9712 10647
3 10634 9755 10647
3 11709 10634 10647
3 11308 11234 11667
3 11709 11308 11667
3 10634 11709 11667
3 9813 9755 10634
3 10614 9813 10634
3 11667 10614 10634
3 11234 11203 11653
3 11667 11234 11653
3 10614 11667 11653
3 9868 9813 10614
3 10593 9868 10614
3 11653 10593 10614
3 11653 11203 11152
3 9934 9868 10593
3 10573 9934 10593
3 11635 10573 10593
3 11653 11152 11635
3 10593 11653 11635
3 11152 11063 11578
3 11635 11152 11578
3 10573 11635 11578
3 9992 9934 10573
3 10507 9992 10573
3 11578 10507 10573
3 10052 9992 10507
3 10399 10052 10507
3 11396 10399 10507
3 11063 10992 11396
3 11578 11063 11396
3 10507 11578 11396
3 10992 10922 11174
3 11396 10992 11174
3 10399 11396 11174
3 10123 10052 10399
3 10266 10123 10399
3 11174 10266 10399
3 10123 10266 11174
3 10922 10123 11174
3 9346 9345 8317
3 8318 8314 8319
3 8318 8319 8323
3 8318 8323 8324
3 8318 8324 8327
3 8318 8327 8334
3 8318 8334 8346
3 8318 8346 8359
3 8318 8359 8367
3 8318 8367 8376
3 8318 8376 8394
3 8318 8394 8403
3 8318 8403 8423
3 8318 8423 8441
3 8318 8441 8458
3 8318 8458 8476
3 8318 8476 8506
3 8318 8506 8540
3 8318 8540 8571
3 8318 8571 8604
3 8318 8604 8658
3 8318 8658 8729
3 8318 8729 8794
3 8318 8794 8861
3 8318 8861 8954
3 8318 8954 9025
3 8318 9025 9089
3 8318 9089 9110
3 8318 9110 9181
3 8318 9181 9220
3 8318 9220 9251
3 8318 9251 9278
3 8318 9278 9313
3 8318 9313 9326
3 8318 9326 9337
3 8318 9337 9347
3 8318 9347 9355
3 9346 8317 8318
3 9346 8318 9355
3 10332 10334 8024
3 8022 10332 8024
3 8991 9435 9436
3 8992 8991 9436
3 8472 8746 8747
3 8473 8472 8747
3 8296 8412 8413
3 8297 8296 8413
3 10332 10334 8024
3 8022 10332 8024
3 8991 9435 9436
3 8992 8991 9436
3 8472 8746 8747
3 8473 8472 8747
3 8296 8412 8413
3 8297 8296 8413
3 8319 8314 8318
3 8323 8319 8318
3 8324 8323 8318
3 8327 8324 8318
3 8334 8327 8318
3 8346 8334 8318
3 8359 8346 8318
3 8367 8359 8318
3 8376 8367 8318
3 8394 8376 8318
3 8403 8394 8318
3 8423 8403 8318
3 8441 8423 8318
3 8458 8441 8318
3 8476 8458 8318
3 8506 8476 8318
3 8540 8506 8318
3 8571 8540 8318
3 8604 8571 8318
3 8658 8604 8318
3 8729 8658 8318
3 8794 8729 8318
3 8861 8794 8318
3 8954 8861 8318
3 9025 8954 8318
3 9089 9025 8318
3 9110 9089 8318
3 9181 9110 8318
3 9220 9181 8318
3 9251 9220 8318
3 9278 9251 8318
3 9313 9278 8318
3 9326 9313 8318
3 9337 9326 8318
3 9347 9337 8318
3 9355 9347 8318
3 8318 8317 9345
3 9346 9355 8318
3 9345 9346 8318
3 8022 8024 10334
3 8022 10334 10332
3 8992 9436 9435
3 8992 9435 8991
3 8473 8747 8746
3 8473 8746 8472
3 8297 8413 8412
3 8297 8412 8296
3 8319 8314 8318
3 8323 8319 8318
3 8324 8323 8318
3 8327 8324 8318
3 8334 8327 8318
3 8346 8334 8318
3 8359 8346 8318
3 8367 8359 8318
3 8376 8367 8318
3 8394 8376 8318
3 8403 8394 8318
3 8423 8403 8318
3 8441 8423 8318
3 8458 8441 8318
3 8476 8458 8318
3 8506 8476 8318
3 8540 8506 8318
3 8571 8540 8318
3 8604 8571 8318
3 8658 8604 8318
3 8729 8658 8318
3 8794 8729 8318
3 8861 8794 8318
3 8954 8861 8318
3 9025 8954 8318
3 9089 9025 8318
3 9110 9089 8318
3 9181 9110 8318
3 9220 9181 8318
3 9251 9220 8318
3 9278 9251 8318
3 9313 9278 8318
3 9326 9313 8318
3 9337 9326 8318
3 9347 9337 8318
3 9355 9347 8318
3 8318 8317 9345
3 9346 9355 8318
3 9345 9346 8318
3 8022 8024 10334
3 8022 10334 10332
3 8992 9436 9435
3 8992 9435 8991
3 8473 8747 8746
3 8473 8746 8472
3 8297 8413 8412
3 8297 8412 8296
3 8319 8314 8318
3 8323 8319 8318
3 8324 8323 8318
3 8327 8324 8318
3 8334 8327 8318
3 8346 8334 8318
3 8359 8346 8318
3 8367 8359 8318
3 8376 8367 8318
3 8394 8376 8318
3 8403 8394 8318
3 8423 8403 8318
3 8441 8423 8318
3 8458 8441 8318
3 8476 8458 8318
3 8506 8476 8318
3 8540 8506 8318
3 8571 8540 8318
3 8604 8571 8318
3 8658 8604 8318
3 8729 8658 8318
3 8794 8729 8318
3 8861 8794 8318
3 8954 8861 8318
3 9025 8954 8318
3 9089 9025 8318
3 9110 9089 8318
3 9181 9110 8318
3 9220 9181 8318
3 9251 9220 8318
3 9278 9251 8318
3 9313 9278 8318
3 9326 9313 8318
3 9337 9326 8318
3 9347 9337 8318
3 9355 9347 8318
3 8318 8317 9345
3 9346 9355 8318
3 9345 9346 8318
3 8024 10334 10151
3 8007 8024 10151
3 8007 8024 8022
3 8006 8007 8022
3 8006 8022 10332
3 10150 8006 10332
3 10151 10150 10332
3 10151 10332 10334
3 8991 9435 9252
3 8758 8991 9252
3 8759 8758 8991
3 8759 8991 8992
3 8759 8992 9436
3 9253 8759 9436
3 9253 9436 9435
3 9252 9253 9435
3 8472 8746 8587
3 8414 8472 8587
3 8415 8414 8472
3 8415 8472 8473
3 8415 8473 8747
3 8588 8415 8747
3 8588 8747 8746
3 8587 8588 8746
3 8296 8412 8363
3 8257 8296 8363
3 8258 8257 8296
3 8258 8296 8297
3 8258 8297 8413
3 8364 8258 8413
3 8364 8413 8412
3 8363 8364 8412
3 8281 8280 8317
3 8281 8317 8318
3 8314 8318 8281
3 8278 8314 8281
3 8279 8278 8314
3 8279 8314 8319
3 8284 8279 8319
3 8284 8319 8323
3 8285 8284 8323
3 8285 8323 8324
3 8288 8285 8324
3 8288 8324 8327
3 8291 8288 8327
3 8291 8327 8334
3 8295 8291 8334
3 8295 8334 8346
3 8305 8295 8346
3 8305 8346 8359
3 8312 8305 8359
3 8312 8359 8367
3 8325 8312 8367
3 8325 8367 8376
3 8325 8376 8394
3 8343 8325 8394
3 8343 8394 8403
3 8360 8343 8403
3 8360 8403 8423
3 8373 8360 8423
3 8373 8423 8441
3 8392 8373 8441
3 8392 8441 8458
3 8402 8392 8458
3 8402 8458 8476
3 8424 8402 8476
3 8424 8476 8506
3 8444 8424 8506
3 8444 8506 8540
3 8463 8444 8540
3 8463 8540 8571
3 8480 8463 8571
3 8480 8571 8604
3 8509 8480 8604
3 8509 8604 8658
3 8547 8509 8658
3 8547 8658 8729
3 8578 8547 8729
3 8578 8729 8794
3 8612 8578 8794
3 8612 8794 8861
3 8671 8612 8861
3 8671 8861 8954
3 8730 8671 8954
3 8730 8954 9025
3 8776 8730 9025
3 8776 9025 9089
3 8845 8776 9089
3 8845 9089 9110
3 8892 8845 9110
3 8892 9110 9181
3 8978 8892 9181
3 8978 9181 9220
3 9029 8978 9220
3 9029 9220 9251
3 9081 9029 9251
3 9081 9251 9278
3 9100 9081 9278
3 9100 9278 9313
3 9106 9100 9313
3 9106 9313 9326
3 9138 9106 9326
3 9138 9326 9337
3 9161 9138 9337
3 9161 9337 9347
3 9173 9161 9347
3 9173 9347 9355
3 9174 9173 9355
3 9172 9346 9355
3 9172 9355 9174
3 9172 9346 9345
3 9171 9172 9345
3 8317 9345 9171
3 8280 8317 9171
3 10150 10151 8007
3 8006 10150 8007
3 8758 9252 9253
3 8759 8758 9253
3 8414 8587 8588
3 8415 8414 8588
3 8257 8363 8364
3 8258 8257 8364
3 8279 8278 8281
3 8284 8279 8281
3 8285 8284 8281
3 8288 8285 8281
3 8291 8288 8281
3 8295 8291 8281
3 8305 8295 8281
3 8312 8305 8281
3 8325 8312 8281
3 8343 8325 8281
3 8360 8343 8281
3 8373 8360 8281
3 8392 8373 8281
3 8402 8392 8281
3 8424 8402 8281
3 8444 8424 8281
3 8463 8444 8281
3 8480 8463 8281
3 8509 8480 8281
3 8547 8509 8281
3 8578 8547 8281
3 8612 8578 8281
3 8671 8612 8281
3 8730 8671 8281
3 8776 8730 8281
3 8845 8776 8281
3 8892 8845 8281
3 8978 8892 8281
3 9029 8978 8281
3 9081 9029 8281
3 9100 9081 8281
3 9106 9100 8281
3 9138 9106 8281
3 9161 9138 8281
3 9173 9161 8281
3 9174 9173 8281
3 8281 8280 9171
3 9172 9174 8281
3 9171 9172 8281
3 8320 8023 8089
3 8340 8400 8320
3 8352 8447 8340
3 8127 8426 8352
3 8105 8127 8352
3 8089 8105 8352
3 8320 8089 8352
3 8340 8320 8352
3 10333 9348 9517
3 10602 10622 10333
3 9918 10643 10602
3 9681 9918 10602
3 9597 9681 10602
3 9547 9597 10602
3 10333 9517 9547
3 10602 10333 9547
3 1687 1638 8025
3 9350 10335 1687
3 8322 9350 1687
3 8025 8322 1687
3 1687 1638 8025
3 9350 10335 1687
3 8322 9350 1687
3 8025 8322 1687
3 1637 1638 8025
3 8024 1637 8025
3 8321 8024 8025
3 8321 8025 8322
3 9349 8321 8322
3 9349 8322 9350
3 10334 9349 9350
3 10334 9350 10335
3 1686 10334 10335
3 1686 10335 1687
3 1686 1687 1638
3 1637 1686 1638
3 1686 1637 8024
3 9349 10334 1686
3 8321 9349 1686
3 8024 8321 1686
3 8351 9714 11375
3 8446 8351 11375
3 8339 8446 11375
3 8399 8339 11375
3 8316 8399 11375
3 9516 9344 8316
3 9596 9546 9516
3 11375 9679 9596
3 8316 11375 9596
3 9516 8316 9596
3 11373 11308 11709
3 11823 11373 11709
3 10647 11823 11709
3 9755 9712 10647
3 10634 9755 10647
3 11709 10634 10647
3 11309 11308 11373
3 11374 11309 11373
3 11824 11374 11373
3 11824 11373 11823
3 10648 11824 11823
3 10648 11823 10647
3 10648 10647 9712
3 9713 10648 9712
3 9713 9712 9755
3 9756 9713 9755
3 10635 9756 9755
3 10635 9755 10634
3 10635 10634 11709
3 11710 10635 11709
3 11710 11709 11308
3 11309 11710 11308
3 11374 11309 11710
3 11824 11374 11710
3 10648 11824 11710
3 9756 9713 10648
3 10635 9756 10648
3 11710 10635 10648
3 11308 11234 11667
3 11709 11308 11667
3 10634 11709 11667
3 9813 9755 10634
3 10614 9813 10634
3 11667 10614 10634
3 11235 11234 11308
3 11310 11235 11308
3 11711 11310 11308
3 11711 11308 11709
3 10636 11711 11709
3 10636 11709 10634
3 10636 10634 9755
3 9757 10636 9755
3 9757 9755 9813
3 9814 9757 9813
3 10615 9814 9813
3 10615 9813 10614
3 10615 10614 11667
3 11668 10615 11667
3 11668 11667 11234
3 11235 11668 11234
3 11310 11235 11668
3 11711 11310 11668
3 10636 11711 11668
3 9814 9757 10636
3 10615 9814 10636
3 11668 10615 10636
3 11234 11203 11653
3 11667 11234 11653
3 10614 11667 11653
3 9868 9813 10614
3 10593 9868 10614
3 11653 10593 10614
3 11204 11203 11234
3 11236 11204 11234
3 11669 11236 11234
3 11669 11234 11667
3 10616 11669 11667
3 10616 11667 10614
3 10616 10614 9813
3 9815 10616 9813
3 9815 9813 9868
3 9869 9815 9868
3 10594 9869 9868
3 10594 9868 10593
3 10594 10593 11653
3 11654 10594 11653
3 11654 11653 11203
3 11204 11654 11203
3 11236 11204 11654
3 11669 11236 11654
3 10616 11669 11654
3 9869 9815 10616
3 10594 9869 10616
3 11654 10594 10616
3 11653 11203 11152
3 9934 9868 10593
3 10573 9934 10593
3 11635 10573 10593
3 11653 11152 11635
3 10593 11653 11635
3 11655 11205 11203
3 11655 11203 11653
3 10595 11655 11653
3 10595 11653 10593
3 10595 10593 9868
3 9870 10595 9868
3 9870 9868 9934
3 9935 9870 9934
3 10574 9935 9934
3 10574 9934 10573
3 10574 10573 11635
3 11636 10574 11635
3 11636 11635 11152
3 11153 11636 11152
3 11153 11152 11203
3 11205 11153 11203
3 11655 11205 11153
3 9935 9870 10595
3 10574 9935 10595
3 11636 10574 10595
3 11655 11153 11636
3 10595 11655 11636
3 11152 11063 11578
3 11635 11152 11578
3 10573 11635 11578
3 9992 9934 10573
3 10507 9992 10573
3 11578 10507 10573
3 11579 11578 11063
3 11064 11579 11063
3 11064 11063 11152
3 11154 11064 11152
3 11637 11154 11152
3 11637 11152 11635
3 10575 11637 11635
3 10575 11635 10573
3 10575 10573 9934
3 9936 10575 9934
3 9936 9934 9992
3 9993 9936 9992
3 10508 9993 9992
3 10508 9992 10507
3 10508 10507 11578
3 11579 10508 11578
3 11154 11064 11579
3 11637 11154 11579
3 10575 11637 11579
3 9993 9936 10575
3 10508 9993 10575
3 11579 10508 10575
3 10052 9992 10507
3 10399 10052 10507
3 11396 10399 10507
3 11063 10992 11396
3 11578 11063 11396
3 10507 11578 11396
3 10509 10507 9992
3 9994 10509 9992
3 9994 9992 10052
3 10053 9994 10052
3 10400 10053 10052
3 10400 10052 10399
3 10400 10399 11396
3 11397 10400 11396
3 11397 11396 10992
3 10993 11397 10992
3 10993 10992 11063
3 11065 10993 11063
3 11580 11065 11063
3 11580 11063 11578
3 10509 11580 11578
3 10509 11578 10507
3 10053 9994 10509
3 10400 10053 10509
3 11397 10400 10509
3 11065 10993 11397
3 11580 11065 11397
3 10509 11580 11397
3 10992 10922 11174
3 11396 10992 11174
3 10399 11396 11174
3 10123 10052 10399
3 10266 10123 10399
3 11174 10266 10399
3 11175 11174 10922
3 10923 11175 10922
3 10923 10922 10992
3 10994 10923 10992
3 11398 10994 10992
3 11398 10992 11396
3 10401 11398 11396
3 10401 11396 10399
3 10401 10399 10052
3 10054 10401 10052
3 10054 10052 10123
3 10124 10054 10123
3 10267 10124 10123
3 10267 10123 10266
3 10267 10266 11174
3 11175 10267 11174
3 10994 10923 11175
3 11398 10994 11175
3 10401 11398 11175
3 10124 10054 10401
3 10267 10124 10401
3 11175 10267 10401
3 10123 10266 11174
3 10922 10123 11174
3 10268 10266 10123
3 10125 10268 10123
3 10125 10123 10922
3 10924 10125 10922
3 11176 10924 10922
3 11176 10922 11174
3 10268 11176 11174
3 10268 11174 10266
3 10125 10268 11176
3 10924 10125 11176
3 9659 9742 9778
3 9679 9659 9778
3 9659 9742 9778
3 9679 9659 9778
3 9743 9742 9659
3 9660 9743 9659
3 9660 9659 9679
3 9680 9660 9679
3 9779 9680 9679
3 9779 9679 9778
3 9743 9779 9778
3 9743 9778 9742
3 9660 9743 9779
3 9680 9660 9779
3 11178 11324 11375
3 11210 11178 11375
3 11325 11324 11178
3 11179 11325 11178
3 11179 11178 11210
3 11211 11179 11210
3 11376 11211 11210
3 11376 11210 11375
3 11325 11376 11375
3 11325 11375 11324
3 11179 11325 11376
3 11211 11179 11376
3 10906 10880 10862
3 10914 10906 10862
3 10894 10914 10862
3 10868 10894 10862
3 10906 10880 10862
3 10914 10906 10862
3 10894 10914 10862
3 10868 10894 10862
3 10907 10881 10880
3 10907 10880 10906
3 10915 10907 10906
3 10915 10906 10914
3 10915 10914 10894
3 10895 10915 10894
3 10895 10894 10868
3 10869 10895 10868
3 10869 10868 10862
3 10863 10869 10862
3 10881 10863 10862
3 10881 10862 10880
3 10907 10881 10863
3 10915 10907 10863
3 10895 10915 10863
3 10869 10895 10863
3 10729 10720 10700
3 10732 10729 10700
3 10723 10732 10700
3 10706 10723 10700
3 10730 10721 10720
3 10730 10720 10729
3 10733 10730 10729
3 10733 10729 10732
3 10733 10732 10723
3 10724 10733 10723
3 10724 10723 10706
3 10707 10724 10706
3 10707 10706 10700
3 10701 10707 10700
3 10721 10701 10700
3 10721 10700 10720
3 10730 10721 10701
3 10733 10730 10701
3 10724 10733 10701
3 10707 10724 10701
3 10668 10660 10656
3 10670 10668 10656
3 10662 10670 10656
3 10658 10662 10656
3 10669 10661 10660
3 10669 10660 10668
3 10671 10669 10668
3 10671 10668 10670
3 10671 10670 10662
3 10663 10671 10662
3 10663 10662 10658
3 10659 10663 10658
3 10659 10658 10656
3 10657 10659 10656
3 10661 10657 10656
3 10661 10656 10660
3 10669 10661 10657
3 10671 10669 10657
3 10663 10671 10657
3 10659 10663 10657
3 10637 10630 10623
3 10639 10637 10623
3 10632 10639 10623
3 10626 10632 10623
3 10638 10631 10630
3 10638 10630 10637
3 10640 10638 10637
3 10640 10637 10639
3 10640 10639 10632
3 10633 10640 10632
3 10633 10632 10626
3 10627 10633 10626
3 10627 10626 10623
3 10624 10627 10623
3 10631 10624 10623
3 10631 10623 10630
3 10638 10631 10624
3 10640 10638 10624
3 10633 10640 10624
3 10627 10633 10624
3 10589 10584 10578
3 10591 10589 10578
3 10586 10591 10578
3 10580 10586 10578
3 10590 10585 10584
3 10590 10584 10589
3 10592 10590 10589
3 10592 10589 10591
3 10592 10591 10586
3 10587 10592 10586
3 10587 10586 10580
3 10581 10587 10580
3 10581 10580 10578
3 10579 10581 10578
3 10585 10579 10578
3 10585 10578 10584
3 10590 10585 10579
3 10592 10590 10579
3 10587 10592 10579
3 10581 10587 10579
3 10482 10447 10429
3 10500 10482 10429
3 10458 10500 10429
3 10440 10458 10429
3 10483 10448 10447
3 10483 10447 10482
3 10501 10483 10482
3 10501 10482 10500
3 10501 10500 10458
3 10459 10501 10458
3 10459 10458 10440
3 10441 10459 10440
3 10441 10440 10429
3 10430 10441 10429
3 10448 10430 10429
3 10448 10429 10447
3 10483 10448 10430
3 10501 10483 10430
3 10459 10501 10430
3 10441 10459 10430
3 10202 10160 10156
3 10211 10202 10156
3 10170 10211 10156
3 10158 10170 10156
3 10203 10161 10160
3 10203 10160 10202
3 10212 10203 10202
3 10212 10202 10211
3 10212 10211 10170
3 10171 10212 10170
3 10171 10170 10158
3 10159 10171 10158
3 10159 10158 10156
3 10157 10159 10156
3 10161 10157 10156
3 10161 10156 10160
3 10203 10161 10157
3 10212 10203 10157
3 10171 10212 10157
3 10159 10171 10157
3 9964 9926 9909
3 9973 9964 9909
3 9951 9973 9909
3 9915 9951 9909
3 9965 9927 9926
3 9965 9926 9964
3 9974 9965 9964
3 9974 9964 9973
3 9974 9973 9951
3 9952 9974 9951
3 9952 9951 9915
3 9916 9952 9915
3 9916 9915 9909
3 9910 9916 9909
3 9927 9910 9909
3 9927 9909 9926
3 9965 9927 9910
3 9974 9965 9910
3 9952 9974 9910
3 9916 9952 9910
3 9766 9759 9760
3 9766 9760 9767
3 9767 9760 9759
3 9766 9767 9759
3 9767 9760 11193
3 11195 9767 11193
3 11194 11195 9767
3 11194 9767 9766
3 11194 9766 9759
3 11192 11194 9759
3 11192 9759 9760
3 11193 11192 9760
3 11194 11192 11193
3 11194 11193 11195
3 10820 10777 10925
3 10987 10820 10925
3 10778 10777 10820
3 10821 10778 10820
3 10988 10821 10820
3 10988 10820 10987
3 10926 10988 10987
3 10926 10987 10925
3 10926 10925 10777
3 10778 10926 10777
3 10821 10778 10926
3 10988 10821 10926
3 10889 10875 10874
3 10889 10874 10888
3 10888 10874 10875
3 10889 10888 10875
3 11206 10874 10888
3 11216 11206 10888
3 11217 11216 10888
3 11217 10888 10889
3 10875 10889 11217
3 11207 10875 11217
3 11207 10875 10874
3 11206 11207 10874
3 11217 11207 11206
3 11217 11206 11216
3 11227 11208 11190
3 11218 11227 11190
3 11201 11218 11190
3 11183 11201 11190
3 11227 11208 11190
3 11218 11227 11190
3 11201 11218 11190
3 11183 11201 11190
3 11228 11209 11208
3 11228 11208 11227
3 11219 11228 11227
3 11219 11227 11218
3 11219 11218 11201
3 11202 11219 11201
3 11202 11201 11183
3 11184 11202 11183
3 11184 11183 11190
3 11191 11184 11190
3 11209 11191 11190
3 11209 11190 11208
3 11228 11209 11191
3 11219 11228 11191
3 11202 11219 11191
3 11184 11202 11191
3 11164 11122 11085
3 11150 11164 11085
3 11099 11150 11085
3 11076 11099 11085
3 11165 11123 11122
3 11165 11122 11164
3 11151 11165 11164
3 11151 11164 11150
3 11151 11150 11099
3 11100 11151 11099
3 11100 11099 11076
3 11077 11100 11076
3 11077 11076 11085
3 11086 11077 11085
3 11123 11086 11085
3 11123 11085 11122
3 11165 11123 11086
3 11151 11165 11086
3 11100 11151 11086
3 11077 11100 11086
3 11044 11023 10985
3 11036 11044 10985
3 11001 11036 10985
3 10975 11001 10985
3 11045 11024 11023
3 11045 11023 11044
3 11037 11045 11044
3 11037 11044 11036
3 11037 11036 11001
3 11002 11037 11001
3 11002 11001 10975
3 10976 11002 10975
3 10976 10975 10985
3 10986 10976 10985
3 11024 10986 10985
3 11024 10985 11023
3 11045 11024 10986
3 11037 11045 10986
3 11002 11037 10986
3 10976 11002 10986
3 10953 10920 10896
3 10939 10953 10896
3 10908 10939 10896
3 10886 10908 10896
3 10954 10921 10920
3 10954 10920 10953
3 10940 10954 10953
3 10940 10953 10939
3 10940 10939 10908
3 10909 10940 10908
3 10909 10908 10886
3 10887 10909 10886
3 10887 10886 10896
3 10897 10887 10896
3 10921 10897 10896
3 10921 10896 10920
3 10954 10921 10897
3 10940 10954 10897
3 10909 10940 10897
3 10887 10909 10897
3 8377 8395 8353
3 8330 8377 8353
3 8377 8395 8353
3 8330 8377 8353
3 8378 8396 8395
3 8378 8395 8377
3 8378 8377 8330
3 8331 8378 8330
3 8331 8330 8353
3 8354 8331 8353
3 8396 8354 8353
3 8396 8353 8395
3 8378 8396 8354
3 8331 8378 8354
3 9682 9710 9635
3 9608 9682 9635
3 9683 9711 9710
3 9683 9710 9682
3 9683 9682 9608
3 9609 9683 9608
3 9609 9608 9635
3 9636 9609 9635
3 9711 9636 9635
3 9711 9635 9710
3 9683 9711 9636
3 9609 9683 9636
3 9579 9581 9587
3 9585 9579 9587
3 9591 9585 9587
3 9593 9591 9587
3 9579 9581 9587
3 9585 9579 9587
3 9591 9585 9587
3 9593 9591 9587
3 9582 9581 9579
3 9580 9582 9579
3 9586 9580 9579
3 9586 9579 9585
3 9592 9586 9585
3 9592 9585 9591
3 9594 9592 9591
3 9594 9591 9593
3 9594 9593 9587
3 9588 9594 9587
3 9588 9587 9581
3 9582 9588 9581
3 9580 9582 9588
3 9586 9580 9588
3 9592 9586 9588
3 9594 9592 9588
3 9553 9555 9560
3 9558 9553 9560
3 9564 9558 9560
3 9566 9564 9560
3 9556 9555 9553
3 9554 9556 9553
3 9559 9554 9553
3 9559 9553 9558
3 9565 9559 9558
3 9565 9558 9564
3 9567 9565 9564
3 9567 9564 9566
3 9567 9566 9560
3 9561 9567 9560
3 9561 9560 9555
3 9556 9561 9555
3 9554 9556 9561
3 9559 9554 9561
3 9565 9559 9561
3 9567 9565 9561
3 9507 9509 9513
3 9511 9507 9513
3 9518 9511 9513
3 9521 9518 9513
3 9510 9509 9507
3 9508 9510 9507
3 9512 9508 9507
3 9512 9507 9511
3 9519 9512 9511
3 9519 9511 9518
3 9522 9519 9518
3 9522 9518 9521
3 9522 9521 9513
3 9514 9522 9513
3 9514 9513 9509
3 9510 9514 9509
3 9508 9510 9514
3 9512 9508 9514
3 9519 9512 9514
3 9522 9519 9514
3 9307 9314 9335
3 9324 9307 9335
3 9356 9324 9335
3 9363 9356 9335
3 9315 9314 9307
3 9308 9315 9307
3 9325 9308 9307
3 9325 9307 9324
3 9357 9325 9324
3 9357 9324 9356
3 9364 9357 9356
3 9364 9356 9363
3 9364 9363 9335
3 9336 9364 9335
3 9336 9335 9314
3 9315 9336 9314
3 9308 9315 9336
3 9325 9308 9336
3 9357 9325 9336
3 9364 9357 9336
3 9027 9032 9078
3 9076 9027 9078
3 9091 9076 9078
3 9093 9091 9078
3 9033 9032 9027
3 9028 9033 9027
3 9077 9028 9027
3 9077 9027 9076
3 9092 9077 9076
3 9092 9076 9091
3 9094 9092 9091
3 9094 9091 9093
3 9094 9093 9078
3 9079 9094 9078
3 9079 9078 9032
3 9033 9079 9032
3 9028 9033 9079
3 9077 9028 9079
3 9092 9077 9079
3 9094 9092 9079
3 8701 8705 8731
3 8723 8701 8731
3 8743 8723 8731
3 8756 8743 8731
3 8706 8705 8701
3 8702 8706 8701
3 8724 8702 8701
3 8724 8701 8723
3 8744 8724 8723
3 8744 8723 8743
3 8757 8744 8743
3 8757 8743 8756
3 8757 8756 8731
3 8732 8757 8731
3 8732 8731 8705
3 8706 8732 8705
3 8702 8706 8732
3 8724 8702 8732
3 8744 8724 8732
3 8757 8744 8732
3 8513 8515 8538
3 8534 8513 8538
3 8541 8534 8538
3 8548 8541 8538
3 8516 8515 8513
3 8514 8516 8513
3 8535 8514 8513
3 8535 8513 8534
3 8542 8535 8534
3 8542 8534 8541
3 8549 8542 8541
3 8549 8541 8548
3 8549 8548 8538
3 8539 8549 8538
3 8539 8538 8515
3 8516 8539 8515
3 8514 8516 8539
3 8535 8514 8539
3 8542 8535 8539
3 8549 8542 8539
3 8427 8429 8435
3 8432 8427 8435
3 8437 8432 8435
3 8442 8437 8435
3 8430 8429 8427
3 8428 8430 8427
3 8433 8428 8427
3 8433 8427 8432
3 8438 8433 8432
3 8438 8432 8437
3 8443 8438 8437
3 8443 8437 8442
3 8443 8442 8435
3 8436 8443 8435
3 8436 8435 8429
3 8430 8436 8429
3 8428 8430 8436
3 8433 8428 8436
3 8438 8433 8436
3 8443 8438 8436
3 8389 8390 8388
3 8387 8389 8388
3 8389 8390 8388
3 8387 8389 8388
3 9633 9634 8390
3 9633 8390 8389
3 9633 8389 8387
3 9631 9633 8387
3 9631 8387 8388
3 9632 9631 8388
3 8390 8388 9632
3 9634 8390 9632
3 9631 9632 9634
3 9631 9634 9633
3 10067 9893 9840
3 10011 10067 9840
3 10068 9894 9893
3 10068 9893 10067
3 10012 10068 10067
3 10012 10067 10011
3 10012 10011 9840
3 9841 10012 9840
3 9841 9840 9893
3 9894 9841 9893
3 10068 9894 9841
3 10012 10068 9841
3 9920 9907 9906
3 9920 9906 9919
3 9920 9907 9906
3 9920 9906 9919
3 9639 9906 9907
3 9640 9639 9907
3 9920 9907 9640
3 9665 9920 9640
3 9664 9665 9920
3 9664 9920 9919
3 9664 9919 9906
3 9639 9664 9906
3 9664 9639 9640
3 9665 9664 9640
3 9637 9661 9674
3 9641 9637 9674
3 9666 9641 9674
3 9676 9666 9674
3 9637 9661 9674
3 9641 9637 9674
3 9666 9641 9674
3 9676 9666 9674
3 9662 9661 9637
3 9638 9662 9637
3 9638 9637 9641
3 9642 9638 9641
3 9667 9642 9641
3 9667 9641 9666
3 9677 9667 9666
3 9677 9666 9676
3 9675 9677 9676
3 9675 9676 9674
3 9675 9674 9661
3 9662 9675 9661
3 9638 9662 9675
3 9642 9638 9675
3 9667 9642 9675
3 9677 9667 9675
3 9693 9704 9723
3 9700 9693 9723
3 9716 9700 9723
3 9726 9716 9723
3 9705 9704 9693
3 9694 9705 9693
3 9694 9693 9700
3 9701 9694 9700
3 9717 9701 9700
3 9717 9700 9716
3 9727 9717 9716
3 9727 9716 9726
3 9724 9727 9726
3 9724 9726 9723
3 9724 9723 9704
3 9705 9724 9704
3 9694 9705 9724
3 9701 9694 9724
3 9717 9701 9724
3 9727 9717 9724
3 9746 9768 9782
3 9753 9746 9782
3 9775 9753 9782
3 9803 9775 9782
3 9769 9768 9746
3 9747 9769 9746
3 9747 9746 9753
3 9754 9747 9753
3 9776 9754 9753
3 9776 9753 9775
3 9804 9776 9775
3 9804 9775 9803
3 9783 9804 9803
3 9783 9803 9782
3 9783 9782 9768
3 9769 9783 9768
3 9747 9769 9783
3 9754 9747 9783
3 9776 9754 9783
3 9804 9776 9783
3 9834 9856 9890
3 9846 9834 9890
3 9871 9846 9890
3 9904 9871 9890
3 9857 9856 9834
3 9835 9857 9834
3 9835 9834 9846
3 9847 9835 9846
3 9872 9847 9846
3 9872 9846 9871
3 9905 9872 9871
3 9905 9871 9904
3 9891 9905 9904
3 9891 9904 9890
3 9891 9890 9856
3 9857 9891 9856
3 9835 9857 9891
3 9847 9835 9891
3 9872 9847 9891
3 9905 9872 9891
3 2550 1432 1408
3 1655 2550 1408
3 1383 1389 1428
3 1426 1383 1428
3 6777 1426 1428
3 1667 1696 6777
3 4165 1667 6777
3 1428 4165 6777
3 1396 1414 1431
3 1428 1396 1431
3 1397 1390 1412
3 1407 1415 1397
3 1412 1419 1407
3 1397 1412 1407
3 1654 1582 1558
3 1694 1659 1654
3 1668 1694 1654
3 1558 1668 1654
3 1658 1693 4165
3 2549 1658 4165
3 1418 1411 1557
3 1581 1418 1557
3 1383 1389 1428
3 1426 1383 1428
3 6777 1426 1428
3 1667 1696 6777
3 4165 1667 6777
3 1428 4165 6777
3 1427 1388 1389
3 1427 1389 1428
3 1427 1428 4165
3 4164 1427 4165
3 4164 4165 1667
3 1666 4164 1667
3 1666 1667 1696
3 1695 1666 1696
3 6776 1695 1696
3 6776 1696 6777
3 1425 6776 6777
3 1425 6777 1426
3 1425 1426 1383
3 1382 1425 1383
3 1382 1383 1389
3 1388 1382 1389
3 1382 1388 1427
3 1425 1382 1427
3 6776 1425 1427
3 1666 1695 6776
3 4164 1666 6776
3 1427 4164 6776
3 7838 3301 3300
3 7838 3300 7837
3 7838 7837 8041
3 8042 7838 8041
3 8042 8041 6694
3 6695 8042 6694
3 6695 6694 4139
3 4140 6695 4139
3 3301 4140 4139
3 3301 4139 3300
3 2455 2454 4523
3 4524 2455 4523
3 8467 4524 4523
3 8467 4523 8466
3 14223 8467 8466
3 14223 8466 14222
3 13363 14223 14222
3 13363 14222 13362
3 11137 13363 13362
3 11137 13362 11136
3 11137 11136 6692
3 6693 11137 6692
3 6693 6692 1697
3 1698 6693 1697
3 1698 1697 2454
3 2455 1698 2454
3 13112 13236 13235
3 13112 13235 13111
3 12924 13112 13111
3 12924 13111 12923
3 12624 12924 12923
3 12624 12923 12623
3 12528 12624 12623
3 12528 12623 12527
3 12485 12528 12527
3 12485 12527 12484
3 12099 12485 12484
3 12099 12484 12098
3 11674 12099 12098
3 11674 12098 11673
3 11592 11674 11673
3 11592 11673 11591
3 11592 11591 10788
3 10789 11592 10788
3 10789 10788 10604
3 10605 10789 10604
3 10605 10604 9873
3 9874 10605 9873
3 9874 9873 9535
3 9536 9874 9535
3 9536 9535 8627
3 8628 9536 8627
3 8628 8627 8262
3 8263 8628 8262
3 8263 8262 8072
3 8073 8263 8072
3 8073 8072 7959
3 7960 8073 7959
3 7960 7959 7829
3 7830 7960 7829
3 7830 7829 7696
3 7697 7830 7696
3 7697 7696 7556
3 7557 7697 7556
3 7557 7556 6747
3 6748 7557 6747
3 6748 6747 6482
3 6483 6748 6482
3 6483 6482 5875
3 5876 6483 5875
3 5876 5875 5544
3 5545 5876 5544
3 5545 5544 5025
3 5026 5545 5025
3 5026 5025 4767
3 4768 5026 4767
3 4768 4767 4188
3 4189 4768 4188
3 4189 4188 4121
3 4122 4189 4121
3 4122 4121 3627
3 3628 4122 3627
3 3628 3627 3321
3 3322 3628 3321
3 3322 3321 3284
3 3285 3322 3284
3 3285 3284 3109
3 3110 3285 3109
3 3110 3109 2829
3 2830 3110 2829
3 2830 2829 2622
3 2623 2830 2622
3 2623 2622 2521
3 2522 2623 2521
3 2522 2521 2502
3 2503 2522 2502
3 2503 2502 2525
3 2526 2503 2525
3 2526 2525 2618
3 2619 2526 2618
3 2619 2618 2825
3 2826 2619 2825
3 2826 2825 3105
3 3106 2826 3105
3 3106 3105 3288
3 3289 3106 3288
3 3289 3288 3317
3 3318 3289 3317
3 3318 3317 3623
3 3624 3318 3623
3 3624 3623 4125
3 4126 3624 4125
3 4126 4125 4192
3 4193 4126 4192
3 4772 4193 4192
3 4772 4192 4771
3 5030 4772 4771
3 5030 4771 5029
3 5553 5030 5029
3 5553 5029 5552
3 5880 5553 5552
3 5880 5552 5879
3 6493 5880 5879
3 6493 5879 6492
3 6752 6493 6492
3 6752 6492 6751
3 7561 6752 6751
3 7561 6751 7560
3 7701 7561 7560
3 7701 7560 7700
3 7834 7701 7700
3 7834 7700 7833
3 7964 7834 7833
3 7964 7833 7963
3 8077 7964 7963
3 8077 7963 8076
3 8269 8077 8076
3 8269 8076 8268
3 8632 8269 8268
3 8632 8268 8631
3 9540 8632 8631
3 9540 8631 9539
3 9878 9540 9539
3 9878 9539 9877
3 10609 9878 9877
3 10609 9877 10608
3 10793 10609 10608
3 10793 10608 10792
3 11596 10793 10792
3 11596 10792 11595
3 11678 11596 11595
3 11678 11595 11677
3 12103 11678 11677
3 12103 11677 12102
3 12489 12103 12102
3 12489 12102 12488
3 12524 12489 12488
3 12524 12488 12523
3 12628 12524 12523
3 12628 12523 12627
3 12920 12628 12627
3 12920 12627 12919
3 13116 12920 12919
3 13116 12919 13115
3 13231 13116 13115
3 13231 13115 13230
3 13287 13231 13230
3 13287 13230 13286
3 13236 13287 13286
3 13236 13286 13235
3 2457 2456 4525
3 4526 2457 4525
3 8469 4526 4525
3 8469 4525 8468
3 14225 8469 8468
3 14225 8468 14224
3 13365 14225 14224
3 13365 14224 13364
3 11139 13365 13364
3 11139 13364 11138
3 11139 11138 6694
3 6695 11139 6694
3 6695 6694 1699
3 1700 6695 1699
3 1700 1699 2456
3 2457 1700 2456
3 13114 13238 13237
3 13114 13237 13113
3 12926 13114 13113
3 12926 13113 12925
3 12626 12926 12925
3 12626 12925 12625
3 12530 12626 12625
3 12530 12625 12529
3 12487 12530 12529
3 12487 12529 12486
3 12101 12487 12486
3 12101 12486 12100
3 11676 12101 12100
3 11676 12100 11675
3 11594 11676 11675
3 11594 11675 11593
3 11594 11593 10790
3 10791 11594 10790
3 10791 10790 10606
3 10607 10791 10606
3 10607 10606 9875
3 9876 10607 9875
3 9876 9875 9537
3 9538 9876 9537
3 9538 9537 8629
3 8630 9538 8629
3 8630 8629 8264
3 8265 8630 8264
3 8265 8264 8074
3 8075 8265 8074
3 8075 8074 7961
3 7962 8075 7961
3 7962 7961 7831
3 7832 7962 7831
3 7832 7831 7698
3 7699 7832 7698
3 7699 7698 7558
3 7559 7699 7558
3 7559 7558 6749
3 6750 7559 6749
3 6750 6749 6484
3 6485 6750 6484
3 6485 6484 5877
3 5878 6485 5877
3 5878 5877 5546
3 5547 5878 5546
3 5547 5546 5027
3 5028 5547 5027
3 5028 5027 4769
3 4770 5028 4769
3 4770 4769 4190
3 4191 4770 4190
3 4191 4190 4123
3 4124 4191 4123
3 4124 4123 3629
3 3630 4124 3629
3 3630 3629 3323
3 3324 3630 3323
3 3324 3323 3286
3 3287 3324 3286
3 3287 3286 3111
3 3112 3287 3111
3 3112 3111 2831
3 2832 3112 2831
3 2832 2831 2624
3 2625 2832 2624
3 2625 2624 2523
3 2524 2625 2523
3 2524 2523 2504
3 2505 2524 2504
3 2505 2504 2527
3 2528 2505 2527
3 2528 2527 2620
3 2621 2528 2620
3 2621 2620 2827
3 2828 2621 2827
3 2828 2827 3107
3 3108 2828 3107
3 3108 3107 3290
3 3291 3108 3290
3 3291 3290 3319
3 3320 3291 3319
3 3320 3319 3625
3 3626 3320 3625
3 3626 3625 4127
3 4128 3626 4127
3 4128 4127 4194
3 4195 4128 4194
3 4774 4195 4194
3 4774 4194 4773
3 5032 4774 4773
3 5032 4773 5031
3 5555 5032 5031
3 5555 5031 5554
3 5882 5555 5554
3 5882 5554 5881
3 6495 5882 5881
3 6495 5881 6494
3 6754 6495 6494
3 6754 6494 6753
3 7563 6754 6753
3 7563 6753 7562
3 7703 7563 7562
3 7703 7562 7702
3 7836 7703 7702
3 7836 7702 7835
3 7966 7836 7835
3 7966 7835 7965
3 8079 7966 7965
3 8079 7965 8078
3 8271 8079 8078
3 8271 8078 8270
3 8634 8271 8270
3 8634 8270 8633
3 9542 8634 8633
3 9542 8633 9541
3 9880 9542 9541
3 9880 9541 9879
3 10611 9880 9879
3 10611 9879 10610
3 10795 10611 10610
3 10795 10610 10794
3 11598 10795 10794
3 11598 10794 11597
3 11680 11598 11597
3 11680 11597 11679
3 12105 11680 11679
3 12105 11679 12104
3 12491 12105 12104
3 12491 12104 12490
3 12526 12491 12490
3 12526 12490 12525
3 12630 12526 12525
3 12630 12525 12629
3 12922 12630 12629
3 12922 12629 12921
3 13118 12922 12921
3 13118 12921 13117
3 13233 13118 13117
3 13233 13117 13232
3 13289 13233 13232
3 13289 13232 13288
3 13238 13289 13288
3 13238 13288 13237
3 7839 3302 3301
3 7839 3301 7838
3 7839 7838 8042
3 8043 7839 8042
3 8043 8042 8095
3 8096 8043 8095
3 8096 8095 7995
3 7996 8096 7995
3 7996 7995 7831
3 7832 7996 7831
3 7832 7831 7772
3 7773 7832 7772
3 7773 7772 7635
3 7636 7773 7635
3 7636 7635 6824
3 6825 7636 6824
3 6825 6824 6574
3 6575 6825 6574
3 6575 6574 5883
3 5884 6575 5883
3 5884 5883 5669
3 5670 5884 5669
3 5670 5669 5036
3 5037 5670 5036
3 5037 5036 4946
3 4947 5037 4946
3 4947 4946 4202
3 4203 4947 4202
3 3302 4203 4202
3 3302 4202 3301
3 7878 7828 7888
3 7888 7828 7896
3 7896 7828 7904
3 7904 7828 7911
3 7911 7828 7919
3 7919 7828 7923
3 7923 7828 7928
3 7928 7828 7931
3 7931 7828 7936
3 7936 7828 7942
3 7942 7828 7945
3 7945 7828 7951
3 7951 7828 7954
3 7954 7828 7955
3 7955 7828 7952
3 7952 7828 7946
3 7946 7828 7944
3 7944 7828 7937
3 7937 7828 7932
3 7932 7828 7929
3 7929 7828 7924
3 7924 7828 7921
3 7921 7828 7916
3 7916 7828 7906
3 7906 7828 7898
3 7898 7828 7891
3 7891 7828 7881
3 7881 7828 7866
3 7866 7828 7858
3 7858 7828 7847
3 7847 7828 7841
3 7841 7828 7826
3 7826 7828 7817
3 7817 7828 7807
3 7807 7828 7798
3 7798 7828 7788
3 7788 7828 7778
3 7778 7828 7766
3 7766 7828 7758
3 7758 7828 7751
3 7751 7828 7743
3 7743 7828 7739
3 7739 7828 7730
3 7730 7828 7727
3 7727 7828 7722
3 7722 7828 7718
3 7718 7828 7715
3 7715 7828 7713
3 7713 7828 7710
3 7710 7828 7709
3 7709 7828 7712
3 7712 7828 7714
3 7714 7828 7716
3 7716 7828 7721
3 7721 7828 7726
3 7726 7828 7729
3 7729 7828 7738
3 7738 7828 7741
3 7741 7828 7746
3 7746 7828 7756
3 7756 7828 7764
3 7764 7828 7775
3 7775 7828 7785
3 7785 7828 7796
3 7796 7828 7804
3 7804 7828 7815
3 7815 7828 7825
3 7825 7828 7840
3 7840 7828 7845
3 7845 7828 7855
3 7855 7828 7864
3 7901 7864 7878
3 7920 7901 7878
3 7920 7878 7888
3 7935 7920 7888
3 7935 7888 7896
3 7957 7935 7896
3 7957 7896 7904
3 7975 7957 7904
3 7975 7904 7911
3 7987 7975 7911
3 7987 7911 7919
3 8003 7987 7919
3 8003 7919 7923
3 8017 8003 7923
3 8017 7923 7928
3 8031 8017 7928
3 8031 7928 7931
3 8040 8031 7931
3 8040 7931 7936
3 8049 8040 7936
3 8049 7936 7942
3 8055 8049 7942
3 8055 7942 7945
3 8058 8055 7945
3 8058 7945 7951
3 8061 8058 7951
3 8061 7951 7954
3 8064 8061 7954
3 8064 7954 7955
3 8065 8064 7955
3 8065 7955 7952
3 8062 8065 7952
3 8062 7952 7946
3 8060 8062 7946
3 8060 7946 7944
3 8056 8060 7944
3 8056 7944 7937
3 8051 8056 7937
3 8051 7937 7932
3 8044 8051 7932
3 8044 7932 7929
3 8033 8044 7929
3 8033 7929 7924
3 8019 8033 7924
3 8019 7924 7921
3 8011 8019 7921
3 8011 7921 7916
3 7990 8011 7916
3 7990 7916 7906
3 7978 7990 7906
3 7978 7906 7898
3 7968 7978 7898
3 7968 7898 7891
3 7941 7968 7891
3 7941 7891 7881
3 7922 7941 7881
3 7922 7881 7866
3 7908 7922 7866
3 7908 7866 7858
3 7889 7908 7858
3 7889 7858 7847
3 7863 7889 7847
3 7863 7847 7841
3 7844 7863 7841
3 7844 7841 7826
3 7820 7844 7826
3 7820 7826 7817
3 7803 7820 7817
3 7803 7817 7807
3 7781 7803 7807
3 7781 7807 7798
3 7761 7781 7798
3 7761 7798 7788
3 7742 7761 7788
3 7742 7788 7778
3 7724 7742 7778
3 7724 7778 7766
3 7705 7724 7766
3 7705 7766 7758
3 7685 7705 7758
3 7685 7758 7751
3 7673 7685 7751
3 7673 7751 7743
3 7663 7673 7743
3 7663 7743 7739
3 7649 7663 7739
3 7649 7739 7730
3 7643 7649 7730
3 7643 7730 7727
3 7632 7643 7727
3 7632 7727 7722
3 7622 7632 7722
3 7622 7722 7718
3 7616 7622 7718
3 7616 7718 7715
3 7613 7616 7715
3 7613 7715 7713
3 7606 7613 7713
3 7606 7713 7710
3 7603 7606 7710
3 7603 7710 7709
3 7602 7603 7709
3 7602 7709 7712
3 7605 7602 7712
3 7605 7712 7714
3 7611 7605 7714
3 7611 7714 7716
3 7615 7611 7716
3 7615 7716 7721
3 7620 7615 7721
3 7620 7721 7726
3 7627 7620 7726
3 7627 7726 7729
3 7641 7627 7729
3 7641 7729 7738
3 7647 7641 7738
3 7647 7738 7741
3 7655 7647 7741
3 7655 7741 7746
3 7670 7655 7746
3 7670 7746 7756
3 7681 7670 7756
3 7681 7756 7764
3 7694 7681 7764
3 7694 7764 7775
3 7719 7694 7775
3 7719 7775 7785
3 7740 7719 7785
3 7740 7785 7796
3 7754 7740 7796
3 7754 7796 7804
3 7777 7754 7804
3 7777 7804 7815
3 7799 7777 7815
3 7799 7815 7825
3 7818 7799 7825
3 7818 7825 7840
3 7842 7818 7840
3 7842 7840 7845
3 7859 7842 7845
3 7859 7845 7855
3 7885 7859 7855
3 7885 7855 7864
3 7901 7885 7864
3 7930 7901 7920
3 7969 7930 7920
3 7969 7920 7935
3 7988 7969 7935
3 7988 7935 7957
3 8018 7988 7957
3 8018 7957 7975
3 8046 8018 7975
3 8046 7975 7987
3 8063 8046 7987
3 8063 7987 8003
3 8082 8063 8003
3 8082 8003 8017
3 8097 8082 8017
3 8097 8017 8031
3 8112 8097 8031
3 8112 8031 8040
3 8121 8112 8040
3 8121 8040 8049
3 8132 8121 8049
3 8132 8049 8055
3 8141 8132 8055
3 8141 8055 8058
3 8146 8141 8058
3 8146 8058 8061
3 8156 8146 8061
3 8156 8061 8064
3 8159 8156 8064
3 8159 8064 8065
3 8165 8159 8065
3 8165 8065 8062
3 8157 8165 8062
3 8157 8062 8060
3 8147 8157 8060
3 8147 8060 8056
3 8144 8147 8056
3 8144 8056 8051
3 8134 8144 8051
3 8134 8051 8044
3 8128 8134 8044
3 8128 8044 8033
3 8114 8128 8033
3 8114 8033 8019
3 8101 8114 8019
3 8101 8019 8011
3 8086 8101 8011
3 8086 8011 7990
3 8067 8086 7990
3 8067 7990 7978
3 8050 8067 7978
3 8050 7978 7968
3 8021 8050 7968
3 8021 7968 7941
3 7994 8021 7941
3 7994 7941 7922
3 7973 7994 7922
3 7973 7922 7908
3 7938 7973 7908
3 7938 7908 7889
3 7915 7938 7889
3 7915 7889 7863
3 7887 7915 7863
3 7887 7863 7844
3 7853 7887 7844
3 7853 7844 7820
3 7819 7853 7820
3 7819 7820 7803
3 7791 7819 7803
3 7791 7803 7781
3 7757 7791 7781
3 7757 7781 7761
3 7728 7757 7761
3 7728 7761 7742
3 7693 7728 7742
3 7693 7742 7724
3 7672 7693 7724
3 7672 7724 7705
3 7648 7672 7705
3 7648 7705 7685
3 7625 7648 7685
3 7625 7685 7673
3 7604 7625 7673
3 7604 7673 7663
3 7545 7604 7663
3 7545 7663 7649
3 7413 7545 7649
3 7413 7649 7643
3 7249 7413 7643
3 7249 7643 7632
3 7169 7249 7632
3 7169 7632 7622
3 7037 7169 7622
3 7037 7622 7616
3 6953 7037 7616
3 6953 7616 7613
3 6892 6953 7613
3 6892 7613 7606
3 6859 6892 7606
3 6859 7606 7603
3 6848 6859 7603
3 6848 7603 7602
3 6847 6848 7602
3 6847 7602 7605
3 6852 6847 7605
3 6852 7605 7611
3 6877 6852 7611
3 6877 7611 7615
3 6940 6877 7615
3 6940 7615 7620
3 7012 6940 7620
3 7012 7620 7627
3 7122 7012 7627
3 7122 7627 7641
3 7205 7122 7641
3 7205 7641 7647
3 7372 7205 7647
3 7372 7647 7655
3 7510 7372 7655
3 7510 7655 7670
3 7600 7510 7670
3 7600 7670 7681
3 7621 7600 7681
3 7621 7681 7694
3 7645 7621 7694
3 7645 7694 7719
3 7666 7645 7719
3 7666 7719 7740
3 7689 7666 7740
3 7689 7740 7754
3 7720 7689 7754
3 7720 7754 7777
3 7747 7720 7777
3 7747 7777 7799
3 7779 7747 7799
3 7779 7799 7818
3 7809 7779 7818
3 7809 7818 7842
3 7843 7809 7842
3 7843 7842 7859
3 7875 7843 7859
3 7875 7859 7885
3 7905 7875 7885
3 7905 7885 7901
3 7930 7905 7901
3 7971 7930 7969
3 8008 7971 7969
3 8008 7969 7988
3 8045 8008 7988
3 8045 7988 8018
3 8070 8045 8018
3 8070 8018 8046
3 8100 8070 8046
3 8100 8046 8063
3 8124 8100 8063
3 8124 8063 8082
3 8145 8124 8082
3 8145 8082 8097
3 8217 8145 8097
3 8217 8097 8112
3 8292 8217 8112
3 8292 8112 8121
3 8341 8292 8121
3 8341 8121 8132
3 8383 8341 8132
3 8383 8132 8141
3 8416 8383 8141
3 8416 8141 8146
3 8451 8416 8146
3 8451 8146 8156
3 8470 8451 8156
3 8470 8156 8159
3 8478 8470 8159
3 8478 8159 8165
3 8479 8478 8165
3 8479 8165 8157
3 8474 8479 8157
3 8474 8157 8147
3 8457 8474 8147
3 8457 8147 8144
3 8431 8457 8144
3 8431 8144 8134
3 8397 8431 8134
3 8397 8134 8128
3 8356 8397 8128
3 8356 8128 8114
3 8302 8356 8114
3 8302 8114 8101
3 8259 8302 8101
3 8259 8101 8086
3 8155 8259 8086
3 8155 8086 8067
3 8130 8155 8067
3 8130 8067 8050
3 8108 8130 8050
3 8108 8050 8021
3 8080 8108 8021
3 8080 8021 7994
3 8053 8080 7994
3 8053 7994 7973
3 8016 8053 7973
3 8016 7973 7938
3 7977 8016 7938
3 7977 7938 7915
3 7933 7977 7915
3 7933 7915 7887
3 7899 7933 7887
3 7899 7887 7853
3 7856 7899 7853
3 7856 7853 7819
3 7816 7856 7819
3 7816 7819 7791
3 7774 7816 7791
3 7774 7791 7757
3 7736 7774 7757
3 7736 7757 7728
3 7691 7736 7728
3 7691 7728 7693
3 7659 7691 7693
3 7659 7693 7672
3 7626 7659 7672
3 7626 7672 7648
3 7593 7626 7648
3 7593 7648 7625
3 7382 7593 7625
3 7382 7625 7604
3 7149 7382 7604
3 7149 7604 7545
3 6919 7149 7545
3 6919 7545 7413
3 6788 6919 7413
3 6788 7413 7249
3 6742 6788 7249
3 6742 7249 7169
3 6730 6742 7169
3 6730 7169 7037
3 6717 6730 7037
3 6717 7037 6953
3 6711 6717 6953
3 6711 6953 6892
3 6699 6711 6892
3 6699 6892 6859
3 6691 6699 6859
3 6691 6859 6848
3 6687 6691 6848
3 6687 6848 6847
3 6686 6687 6847
3 6686 6847 6852
3 6688 6686 6852
3 6688 6852 6877
3 6697 6688 6877
3 6697 6877 6940
3 6709 6697 6940
3 6709 6940 7012
3 6713 6709 7012
3 6713 7012 7122
3 6727 6713 7122
3 6727 7122 7205
3 6740 6727 7205
3 6740 7205 7372
3 6779 6740 7372
3 6779 7372 7510
3 6865 6779 7510
3 6865 7510 7600
3 7075 6865 7600
3 7075 7600 7621
3 7318 7075 7621
3 7318 7621 7645
3 7553 7318 7645
3 7553 7645 7666
3 7618 7553 7666
3 7618 7666 7689
3 7650 7618 7689
3 7650 7689 7720
3 7682 7650 7720
3 7682 7720 7747
3 7725 7682 7747
3 7725 7747 7779
3 7763 7725 7779
3 7763 7779 7809
3 7806 7763 7809
3 7806 7809 7843
3 7846 7806 7843
3 7846 7843 7875
3 7892 7846 7875
3 7892 7875 7905
3 7926 7892 7905
3 7926 7905 7930
3 7971 7926 7930
3 8001 7971 8008
3 8048 8001 8008
3 8048 8008 8045
3 8085 8048 8045
3 8085 8045 8070
3 8118 8085 8070
3 8118 8070 8100
3 8154 8118 8100
3 8154 8100 8124
3 8287 8154 8124
3 8287 8124 8145
3 8368 8287 8145
3 8368 8145 8217
3 8454 8368 8217
3 8454 8217 8292
3 8551 8454 8292
3 8551 8292 8341
3 8734 8551 8341
3 8734 8341 8383
3 8979 8734 8383
3 8979 8383 8416
3 9152 8979 8416
3 9152 8416 8451
3 9270 9152 8451
3 9270 8451 8470
3 9362 9270 8470
3 9362 8470 8478
3 9394 9362 8478
3 9394 8478 8479
3 9405 9394 8479
3 9405 8479 8474
3 9374 9405 8474
3 9374 8474 8457
3 9306 9374 8457
3 9306 8457 8431
3 9194 9306 8431
3 9194 8431 8397
3 9030 9194 8397
3 9030 8397 8356
3 8788 9030 8356
3 8788 8356 8302
3 8589 8788 8302
3 8589 8302 8259
3 8471 8589 8259
3 8471 8259 8155
3 8391 8471 8155
3 8391 8155 8130
3 8301 8391 8130
3 8301 8130 8108
3 8174 8301 8108
3 8174 8108 8080
3 8129 8174 8080
3 8129 8080 8053
3 8091 8129 8053
3 8091 8053 8016
3 8057 8091 8016
3 8057 8016 7977
3 8013 8057 7977
3 8013 7977 7933
3 7970 8013 7933
3 7970 7933 7899
3 7917 7970 7899
3 7917 7899 7856
3 7861 7917 7856
3 7861 7856 7816
3 7810 7861 7816
3 7810 7816 7774
3 7760 7810 7774
3 7760 7774 7736
3 7708 7760 7736
3 7708 7736 7691
3 7665 7708 7691
3 7665 7691 7659
3 7623 7665 7659
3 7623 7659 7626
3 7512 7623 7626
3 7512 7626 7593
3 7193 7512 7593
3 7193 7593 7382
3 6866 7193 7382
3 6866 7382 7149
3 6744 6866 7149
3 6744 7149 6919
3 6721 6744 6919
3 6721 6919 6788
3 6698 6721 6788
3 6698 6788 6742
3 6598 6698 6742
3 6598 6742 6730
3 6400 6598 6730
3 6400 6730 6717
3 6251 6400 6717
3 6251 6717 6711
3 6093 6251 6711
3 6093 6711 6699
3 5999 6093 6699
3 5999 6699 6691
3 5963 5999 6691
3 5963 6691 6687
3 5946 5963 6687
3 5946 6687 6686
3 5943 5946 6686
3 5943 6686 6688
3 5955 5943 6688
3 5955 6688 6697
3 5990 5955 6697
3 5990 6697 6709
3 6075 5990 6709
3 6075 6709 6713
3 6205 6075 6713
3 6205 6713 6727
3 6331 6205 6727
3 6331 6727 6740
3 6543 6331 6740
3 6543 6740 6779
3 6690 6543 6779
3 6690 6779 6865
3 6715 6690 6865
3 6715 6865 7075
3 6741 6715 7075
3 6741 7075 7318
3 6828 6741 7318
3 6828 7318 7553
3 7100 6828 7553
3 7100 7553 7618
3 7435 7100 7618
3 7435 7618 7650
3 7614 7435 7650
3 7614 7650 7682
3 7653 7614 7682
3 7653 7682 7725
3 7692 7653 7725
3 7692 7725 7763
3 7745 7692 7763
3 7745 7763 7806
3 7801 7745 7806
3 7801 7806 7846
3 7852 7801 7846
3 7852 7846 7892
3 7902 7852 7892
3 7902 7892 7926
3 7956 7902 7926
3 7956 7926 7971
3 8001 7956 7971
3 8032 8001 8048
3 8081 8032 8048
3 8081 8048 8085
3 8122 8081 8085
3 8122 8085 8118
3 8211 8122 8118
3 8211 8118 8154
3 8342 8211 8154
3 8342 8154 8287
3 8460 8342 8287
3 8460 8287 8368
3 8642 8460 8368
3 8642 8368 8454
3 9080 8642 8454
3 9080 8454 8551
3 9380 9080 8551
3 9380 8551 8734
3 9524 9380 8734
3 9524 8734 8979
3 9562 9524 8979
3 9562 8979 9152
3 9575 9562 9152
3 9575 9152 9270
3 9600 9575 9270
3 9600 9270 9362
3 9606 9600 9362
3 9606 9362 9394
3 9611 9606 9394
3 9611 9394 9405
3 9612 9611 9405
3 9612 9405 9374
3 9607 9612 9374
3 9607 9374 9306
3 9603 9607 9306
3 9603 9306 9194
3 9578 9603 9194
3 9578 9194 9030
3 9568 9578 9030
3 9568 9030 8788
3 9530 9568 8788
3 9530 8788 8589
3 9441 9530 8589
3 9441 8589 8471
3 9147 9441 8471
3 9147 8471 8391
3 8745 9147 8391
3 8745 8391 8301
3 8499 8745 8301
3 8499 8301 8174
3 8372 8499 8174
3 8372 8174 8129
3 8260 8372 8129
3 8260 8129 8091
3 8133 8260 8091
3 8133 8091 8057
3 8090 8133 8057
3 8090 8057 8013
3 8047 8090 8013
3 8047 8013 7970
3 7986 8047 7970
3 7986 7970 7917
3 7927 7986 7917
3 7927 7917 7861
3 7868 7927 7861
3 7868 7861 7810
3 7808 7868 7810
3 7808 7810 7760
3 7744 7808 7760
3 7744 7760 7708
3 7686 7744 7708
3 7686 7708 7665
3 7642 7686 7665
3 7642 7665 7623
3 7551 7642 7623
3 7551 7623 7512
3 7167 7551 7512
3 7167 7512 7193
3 6806 7167 7193
3 6806 7193 6866
3 6729 6806 6866
3 6729 6866 6744
3 6696 6729 6744
3 6696 6744 6721
3 6467 6696 6721
3 6467 6721 6698
3 6178 6467 6698
3 6178 6698 6598
3 5952 6178 6598
3 5952 6598 6400
3 5889 5952 6400
3 5889 6400 6251
3 5870 5889 6251
3 5870 6251 6093
3 5859 5870 6093
3 5859 6093 5999
3 5849 5859 5999
3 5849 5999 5963
3 5837 5849 5963
3 5837 5963 5946
3 5834 5837 5946
3 5834 5946 5943
3 5833 5834 5943
3 5833 5943 5955
3 5836 5833 5955
3 5836 5955 5990
3 5842 5836 5990
3 5842 5990 6075
3 5856 5842 6075
3 5856 6075 6205
3 5866 5856 6205
3 5866 6205 6331
3 5885 5866 6331
3 5885 6331 6543
3 5928 5885 6543
3 5928 6543 6690
3 6098 5928 6690
3 6098 6690 6715
3 6385 6098 6715
3 6385 6715 6741
3 6674 6385 6741
3 6674 6741 6828
3 6719 6674 6828
3 6719 6828 7100
3 6778 6719 7100
3 6778 7100 7435
3 7032 6778 7435
3 7032 7435 7614
3 7456 7032 7614
3 7456 7614 7653
3 7624 7456 7653
3 7624 7653 7692
3 7674 7624 7692
3 7674 7692 7745
3 7731 7674 7745
3 7731 7745 7801
3 7794 7731 7801
3 7794 7801 7852
3 7854 7794 7852
3 7854 7852 7902
3 7918 7854 7902
3 7918 7902 7956
3 7976 7918 7956
3 7976 7956 8001
3 8032 7976 8001
3 8059 8032 8081
3 8111 8059 8081
3 8111 8081 8122
3 8175 8111 8122
3 8175 8122 8211
3 8358 8175 8211
3 8358 8211 8342
3 8510 8358 8342
3 8510 8342 8460
3 8937 8510 8460
3 8937 8460 8642
3 9389 8937 8642
3 9389 8642 9080
3 9543 9389 9080
3 9543 9080 9380
3 9589 9543 9380
3 9589 9380 9524
3 9663 9589 9524
3 9663 9524 9562
3 9862 9663 9562
3 9862 9562 9575
3 10094 9862 9575
3 10094 9575 9600
3 10233 10094 9600
3 10233 9600 9606
3 10346 10233 9606
3 10346 9606 9611
3 10410 10346 9611
3 10410 9611 9612
3 10415 10410 9612
3 10415 9612 9607
3 10380 10415 9607
3 10380 9607 9603
3 10269 10380 9603
3 10269 9603 9578
3 10140 10269 9578
3 10140 9578 9568
3 9925 10140 9568
3 9925 9568 9530
3 9697 9925 9530
3 9697 9530 9441
3 9601 9697 9441
3 9601 9441 9147
3 9563 9601 9147
3 9563 9147 8745
3 9474 9563 8745
3 9474 8745 8499
3 9082 9474 8499
3 9082 8499 8372
3 8576 9082 8372
3 8576 8372 8260
3 8393 8576 8260
3 8393 8260 8133
3 8256 8393 8133
3 8256 8133 8090
3 8123 8256 8090
3 8123 8090 8047
3 8069 8123 8047
3 8069 8047 7986
3 8012 8069 7986
3 8012 7986 7927
3 7943 8012 7927
3 7943 7927 7868
3 7876 7943 7868
3 7876 7868 7808
3 7805 7876 7808
3 7805 7808 7744
3 7737 7805 7744
3 7737 7744 7686
3 7668 7737 7686
3 7668 7686 7642
3 7612 7668 7642
3 7612 7642 7551
3 7254 7612 7551
3 7254 7551 7167
3 6826 7254 7167
3 6826 7167 6806
3 6726 6826 6806
3 6726 6806 6729
3 6654 6726 6729
3 6654 6729 6696
3 6292 6654 6696
3 6292 6696 6467
3 5948 6292 6467
3 5948 6467 6178
3 5874 5948 6178
3 5874 6178 5952
3 5853 5874 5952
3 5853 5952 5889
3 5791 5853 5889
3 5791 5889 5870
3 5571 5791 5870
3 5571 5870 5859
3 5401 5571 5859
3 5401 5859 5849
3 5243 5401 5849
3 5243 5849 5837
3 5145 5243 5837
3 5145 5837 5834
3 5117 5145 5834
3 5117 5834 5833
3 5115 5117 5833
3 5115 5833 5836
3 5138 5115 5836
3 5138 5836 5842
3 5219 5138 5842
3 5219 5842 5856
3 5354 5219 5856
3 5354 5856 5866
3 5502 5354 5866
3 5502 5866 5885
3 5722 5502 5885
3 5722 5885 5928
3 5844 5722 5928
3 5844 5928 6098
3 5869 5844 6098
3 5869 6098 6385
3 5910 5869 6385
3 5910 6385 6674
3 6175 5910 6674
3 6175 6674 6719
3 6560 6175 6719
3 6560 6719 6778
3 6714 6560 6778
3 6714 6778 7032
3 6780 6714 7032
3 6780 7032 7456
3 7165 6780 7456
3 7165 7456 7624
3 7594 7165 7624
3 7594 7624 7674
3 7654 7594 7674
3 7654 7674 7731
3 7717 7654 7731
3 7717 7731 7794
3 7790 7717 7794
3 7790 7794 7854
3 7857 7790 7854
3 7857 7854 7918
3 7925 7857 7918
3 7925 7918 7976
3 7992 7925 7976
3 7992 7976 8032
3 8059 7992 8032
3 8083 8059 8111
3 8137 8083 8111
3 8137 8111 8175
3 8313 8137 8175
3 8313 8175 8358
3 8500 8313 8358
3 8500 8358 8510
3 9008 8500 8510
3 9008 8510 8937
3 9494 9008 8937
3 9494 8937 9389
3 9572 9494 9389
3 9572 9389 9543
3 9668 9572 9543
3 9668 9543 9589
3 10027 9668 9589
3 10027 9589 9663
3 10369 10027 9663
3 10369 9663 9862
3 10576 10369 9862
3 10576 9862 10094
3 10617 10576 10094
3 10617 10094 10233
3 10645 10617 10233
3 10645 10233 10346
3 10654 10645 10346
3 10654 10346 10410
3 10664 10654 10410
3 10664 10410 10415
3 10666 10664 10415
3 10666 10415 10380
3 10655 10666 10380
3 10655 10380 10269
3 10646 10655 10269
3 10646 10269 10140
3 10619 10646 10140
3 10619 10140 9925
3 10583 10619 9925
3 10583 9925 9697
3 10439 10583 9697
3 10439 9697 9601
3 10135 10439 9601
3 10135 9601 9563
3 9733 10135 9563
3 9733 9563 9474
3 9590 9733 9474
3 9590 9474 9082
3 9527 9590 9082
3 9527 9082 8576
3 9144 9527 8576
3 9144 8576 8393
3 8565 9144 8393
3 8565 8393 8256
3 8361 8565 8256
3 8361 8256 8123
3 8158 8361 8123
3 8158 8123 8069
3 8098 8158 8069
3 8098 8069 8012
3 8036 8098 8012
3 8036 8012 7943
3 7958 8036 7943
3 7958 7943 7876
3 7886 7958 7876
3 7886 7876 7805
3 7802 7886 7805
3 7802 7805 7737
3 7723 7802 7737
3 7723 7737 7668
3 7651 7723 7668
3 7651 7668 7612
3 7542 7651 7612
3 7542 7612 7254
3 6973 7542 7254
3 6973 7254 6826
3 6736 6973 6826
3 6736 6826 6726
3 6675 6736 6726
3 6675 6726 6654
3 6235 6675 6654
3 6235 6654 6292
3 5908 6235 6292
3 5908 6292 5948
3 5862 5908 5948
3 5862 5948 5874
3 5783 5862 5874
3 5783 5874 5853
3 5448 5783 5853
3 5448 5853 5791
3 5141 5448 5791
3 5141 5791 5571
3 5041 5141 5571
3 5041 5571 5401
3 5022 5041 5401
3 5022 5401 5243
3 5013 5022 5243
3 5013 5243 5145
3 5000 5013 5145
3 5000 5145 5117
3 4998 5000 5117
3 4998 5117 5115
3 4992 4998 5115
3 4992 5115 5138
3 4999 4992 5138
3 4999 5138 5219
3 5010 4999 5219
3 5010 5219 5354
3 5020 5010 5354
3 5020 5354 5502
3 5038 5020 5502
3 5038 5502 5722
3 5101 5038 5722
3 5101 5722 5844
3 5366 5101 5844
3 5366 5844 5869
3 5684 5366 5869
3 5684 5869 5910
3 5852 5684 5910
3 5852 5910 6175
3 5886 5852 6175
3 5886 6175 6560
3 6099 5886 6560
3 6099 6560 6714
3 6580 6099 6714
3 6580 6714 6780
3 6724 6580 6780
3 6724 6780 7165
3 6851 6724 7165
3 6851 7165 7594
3 7412 6851 7594
3 7412 7594 7654
3 7638 7412 7654
3 7638 7654 7717
3 7704 7638 7717
3 7704 7717 7790
3 7780 7704 7790
3 7780 7790 7857
3 7860 7780 7857
3 7860 7857 7925
3 7934 7860 7925
3 7934 7925 7992
3 8015 7934 7992
3 8015 7992 8059
3 8083 8015 8059
3 8107 8083 8137
3 8215 8107 8137
3 8215 8137 8313
3 8420 8215 8313
3 8420 8313 8500
3 8818 8420 8500
3 8818 8500 9008
3 9475 8818 9008
3 9475 9008 9494
3 9576 9475 9494
3 9576 9494 9572
3 9761 9576 9572
3 9761 9572 9668
3 10254 9761 9668
3 10254 9668 10027
3 10577 10254 10027
3 10577 10027 10369
3 10644 10577 10369
3 10644 10369 10576
3 10677 10644 10576
3 10677 10576 10617
3 10765 10677 10617
3 10765 10617 10645
3 10971 10765 10645
3 10971 10645 10654
3 11166 10971 10654
3 11166 10654 10664
3 11220 11166 10664
3 11220 10664 10666
3 11229 11220 10666
3 11229 10666 10655
3 11185 11229 10655
3 11185 10655 10646
3 11018 11185 10646
3 11018 10646 10619
3 10814 11018 10619
3 10814 10619 10583
3 10698 10814 10583
3 10698 10583 10439
3 10653 10698 10439
3 10653 10439 10135
3 10603 10653 10135
3 10603 10135 9733
3 10385 10603 9733
3 10385 9733 9590
3 9908 10385 9590
3 9908 9590 9527
3 9602 9908 9527
3 9602 9527 9144
3 9526 9602 9144
3 9526 9144 8565
3 9031 9526 8565
3 9031 8565 8361
3 8475 9031 8361
3 8475 8361 8158
3 8286 8475 8158
3 8286 8158 8098
3 8119 8286 8098
3 8119 8098 8036
3 8054 8119 8036
3 8054 8036 7958
3 7974 8054 7958
3 7974 7958 7886
3 7890 7974 7886
3 7890 7886 7802
3 7800 7890 7802
3 7800 7802 7723
3 7711 7800 7723
3 7711 7723 7651
3 7639 7711 7651
3 7639 7651 7542
3 7347 7639 7542
3 7347 7542 6973
3 6801 7347 6973
3 6801 6973 6736
3 6710 6801 6736
3 6710 6736 6675
3 6312 6710 6675
3 6312 6675 6235
3 5909 6312 6235
3 5909 6235 5908
3 5858 5909 5908
3 5858 5908 5862
3 5656 5858 5862
3 5656 5862 5783
3 5225 5656 5783
3 5225 5783 5448
3 5040 5225 5448
3 5040 5448 5141
3 5014 5040 5141
3 5014 5141 5041
3 4983 5014 5041
3 4983 5041 5022
3 4810 4983 5022
3 4810 5022 5013
3 4598 4810 5013
3 4598 5013 5000
3 4509 4598 5000
3 4509 5000 4998
3 4436 4509 4998
3 4436 4998 4992
3 4429 4436 4992
3 4429 4992 4999
3 4480 4429 4999
3 4480 4999 5010
3 4586 4480 5010
3 4586 5010 5020
3 4749 4586 5020
3 4749 5020 5038
3 4949 4749 5038
3 4949 5038 5101
3 5003 4949 5101
3 5003 5101 5366
3 5033 5003 5366
3 5033 5366 5684
3 5132 5033 5684
3 5132 5684 5852
3 5522 5132 5852
3 5522 5852 5886
3 5843 5522 5886
3 5843 5886 6099
3 5887 5843 6099
3 5887 6099 6580
3 6204 5887 6580
3 6204 6580 6724
3 6689 6204 6724
3 6689 6724 6851
3 6745 6689 6851
3 6745 6851 7412
3 7188 6745 7412
3 7188 7412 7638
3 7617 7188 7638
3 7617 7638 7704
3 7687 7617 7704
3 7687 7704 7780
3 7776 7687 7780
3 7776 7780 7860
3 7862 7776 7860
3 7862 7860 7934
3 7953 7862 7934
3 7953 7934 8015
3 8035 7953 8015
3 8035 8015 8083
3 8107 8035 8083
3 8120 8107 8215
3 8306 8120 8215
3 8306 8215 8420
3 8550 8306 8420
3 8550 8420 8818
3 9279 8550 8818
3 9279 8818 9475
3 9570 9279 9475
3 9570 9475 9576
3 9735 9570 9576
3 9735 9576 9761
3 10323 9735 9761
3 10323 9761 10254
3 10613 10323 10254
3 10613 10254 10577
3 10673 10613 10577
3 10673 10577 10644
3 10843 10673 10644
3 10843 10644 10677
3 11230 10843 10677
3 11230 10677 10765
3 11500 11230 10765
3 11500 10765 10971
3 11625 11500 10971
3 11625 10971 11166
3 11640 11625 11166
3 11640 11166 11220
3 11647 11640 11220
3 11647 11220 11229
3 11649 11647 11229
3 11649 11229 11185
3 11641 11649 11185
3 11641 11185 11018
3 11627 11641 11018
3 11627 11018 10814
3 11566 11627 10814
3 11566 10814 10698
3 11323 11566 10698
3 11323 10698 10653
3 10927 11323 10653
3 10927 10653 10603
3 10697 10927 10603
3 10697 10603 10385
3 10628 10697 10385
3 10628 10385 9908
3 10453 10628 9908
3 10453 9908 9602
3 9892 10453 9602
3 9892 9602 9526
3 9584 9892 9526
3 9584 9526 9031
3 9463 9584 9031
3 9463 9031 8475
3 8685 9463 8475
3 8685 8475 8286
3 8362 8685 8286
3 8362 8286 8119
3 8139 8362 8119
3 8139 8119 8054
3 8068 8139 8054
3 8068 8054 7974
3 7984 8068 7974
3 7984 7974 7890
3 7893 7984 7890
3 7893 7890 7800
3 7797 7893 7800
3 7797 7800 7711
3 7695 7797 7711
3 7695 7711 7639
3 7619 7695 7639
3 7619 7639 7347
3 7175 7619 7347
3 7175 7347 6801
3 6739 7175 6801
3 6739 6801 6710
3 6612 6739 6710
3 6612 6710 6312
3 5996 6612 6312
3 5996 6312 5909
3 5864 5996 5909
3 5864 5909 5858
3 5679 5864 5858
3 5679 5858 5656
3 5182 5679 5656
3 5182 5656 5225
3 5023 5182 5225
3 5023 5225 5040
3 4987 5023 5040
3 4987 5040 5014
3 4734 4987 5014
3 4734 5014 4983
3 4422 4734 4983
3 4422 4983 4810
3 4235 4422 4810
3 4235 4810 4598
3 4163 4235 4598
3 4163 4598 4509
3 4157 4163 4509
3 4157 4509 4436
3 4152 4157 4436
3 4152 4436 4429
3 4150 4152 4429
3 4150 4429 4480
3 4156 4150 4480
3 4156 4480 4586
3 4162 4156 4586
3 4162 4586 4749
3 4217 4162 4749
3 4217 4749 4949
3 4358 4217 4949
3 4358 4949 5003
3 4638 4358 5003
3 4638 5003 5033
3 4971 4638 5033
3 4971 5033 5132
3 5017 4971 5132
3 5017 5132 5522
3 5096 5017 5522
3 5096 5522 5843
3 5532 5096 5843
3 5532 5843 5887
3 5854 5532 5887
3 5854 5887 6204
3 5927 5854 6204
3 5927 6204 6689
3 6449 5927 6689
3 6449 6689 6745
3 6723 6449 6745
3 6723 6745 7188
3 6963 6723 7188
3 6963 7188 7617
3 7599 6963 7617
3 7599 7617 7687
3 7676 7599 7687
3 7676 7687 7776
3 7771 7676 7776
3 7771 7776 7862
3 7865 7771 7862
3 7865 7862 7953
3 7967 7865 7953
3 7967 7953 8035
3 8052 7967 8035
3 8052 8035 8107
3 8120 8052 8107
3 8140 8120 8306
3 8379 8140 8306
3 8379 8306 8550
3 8817 8379 8550
3 8817 8550 9279
3 9525 8817 9279
3 9525 9279 9570
3 9630 9525 9570
3 9630 9570 9735
3 10167 9630 9735
3 10167 9735 10323
3 10612 10167 10323
3 10612 10323 10613
3 10676 10612 10613
3 10676 10613 10673
3 11014 10676 10673
3 11014 10673 10843
3 11483 11014 10843
3 11483 10843 11230
3 11639 11483 11230
3 11639 11230 11500
3 11663 11639 11500
3 11663 11500 11625
3 11672 11663 11625
3 11672 11625 11640
3 11730 11672 11640
3 11730 11640 11647
3 11752 11730 11647
3 11752 11647 11649
3 11755 11752 11649
3 11755 11649 11641
3 11735 11755 11641
3 11735 11641 11627
3 11683 11735 11627
3 11683 11627 11566
3 11664 11683 11566
3 11664 11566 11323
3 11645 11664 11323
3 11645 11323 10927
3 11568 11645 10927
3 11568 10927 10697
3 11181 11568 10697
3 11181 10697 10628
3 10722 11181 10628
3 10722 10628 10453
3 10625 10722 10453
3 10625 10453 9892
3 10370 10625 9892
3 10370 9892 9584
3 9707 10370 9584
3 9707 9584 9463
3 9550 9707 9463
3 9550 9463 8685
3 9083 9550 8685
3 8439 9083 8685
3 8439 8685 8362
3 8173 8439 8362
3 8173 8362 8139
3 8084 8173 8139
3 8084 8139 8068
3 7991 8084 8068
3 7991 8068 7984
3 7897 7991 7984
3 7897 7984 7893
3 7795 7897 7893
3 7795 7893 7797
3 7690 7795 7797
3 7690 7797 7695
3 7601 7690 7695
3 7601 7695 7619
3 6962 7601 7619
3 6962 7619 7175
3 6718 6962 7175
3 6718 7175 6739
3 6313 6718 6739
3 6313 6739 6612
3 6313 6612 5996
3 5888 6313 5996
3 5888 5996 5864
3 5821 5888 5864
3 5821 5864 5679
3 5282 5821 5679
3 5282 5679 5182
3 5024 5282 5182
3 5024 5182 5023
3 4984 5024 5023
3 4984 5023 4987
3 4587 4984 4987
3 4587 4987 4734
3 4242 4587 4734
3 4158 4242 4734
3 4158 4734 4422
3 4141 4158 4422
3 4141 4422 4235
3 4129 4141 4235
3 4129 4235 4163
3 4071 4129 4163
3 4071 4163 4157
3 3991 4071 4157
3 3991 4157 4152
3 3986 3991 4152
3 3986 4152 4150
3 4042 3986 4150
3 4042 4150 4156
3 4116 4042 4156
3 4116 4156 4162
3 4138 4116 4162
3 4138 4162 4217
3 4153 4138 4217
3 4153 4217 4358
3 4216 4153 4358
3 4216 4358 4638
3 4216 4638 4971
3 4492 4216 4971
3 4492 4971 5017
3 4933 4492 5017
3 4933 5017 5096
3 5018 4933 5096
3 5018 5096 5532
3 5140 5018 5532
3 5140 5532 5854
3 5705 5140 5854
3 5705 5854 5927
3 5872 5705 5927
3 5872 5927 6449
3 6170 5872 6449
3 6170 6449 6723
3 6703 6170 6723
3 6703 6723 6963
3 6829 6703 6963
3 6829 6963 7599
3 7534 6829 7599
3 7534 7599 7676
3 7669 7534 7676
3 7669 7676 7771
3 7765 7669 7771
3 7765 7771 7865
3 7867 7765 7865
3 7867 7865 7967
3 7972 7867 7967
3 7972 7967 8052
3 8066 7972 8052
3 8066 8052 8120
3 8140 8066 8120
3 8170 8140 8379
3 8449 8170 8379
3 8449 8379 8817
3 9163 8449 8817
3 9163 8817 9525
3 9571 9163 9525
3 9571 9525 9630
3 9899 9571 9630
3 9899 9630 10167
3 10561 9899 10167
3 10561 10167 10612
3 10667 10561 10612
3 10667 10612 10676
3 10989 10667 10676
3 10989 10676 11014
3 11542 10989 11014
3 11542 11014 11483
3 11652 11542 11483
3 11652 11483 11639
3 11682 11652 11639
3 11682 11639 11663
3 11801 11682 11663
3 11801 11663 11672
3 12029 11801 11672
3 12029 11672 11730
3 12156 12029 11730
3 12156 11730 11752
3 12251 12156 11752
3 12251 11752 11755
3 12262 12251 11755
3 12262 11755 11735
3 12189 12262 11735
3 12189 11735 11683
3 12093 12189 11683
3 12093 11683 11664
3 11872 12093 11664
3 11872 11664 11645
3 11706 11872 11645
3 11706 11645 11568
3 11661 11706 11568
3 11661 11568 11181
3 11624 11661 11181
3 11624 11181 10722
3 11182 11624 10722
3 11182 10722 10625
3 10696 11182 10625
3 10696 10625 10370
3 10600 10696 10370
3 10113 10600 10370
3 10113 10370 9707
3 9598 10113 9707
3 9598 9707 9550
3 9379 9598 9550
3 9379 9550 9083
3 8536 9379 9083
3 8536 9083 8439
3 8274 8536 8439
3 8274 8439 8173
3 8099 8274 8173
3 8099 8173 8084
3 8005 8099 8084
3 8005 8084 7991
3 7900 8005 7991
3 7900 7991 7897
3 7793 7900 7897
3 7793 7897 7795
3 7680 7793 7795
3 7680 7795 7690
3 7580 7680 7690
3 7580 7690 7601
3 6835 7580 7601
3 6835 7601 6962
3 6701 6835 6962
3 6701 6962 6718
3 6092 6701 6718
3 6092 6718 6313
3 5863 6092 6313
3 5863 6313 5888
3 5529 5863 5888
3 5529 5888 5821
3 5058 5529 5821
3 5058 5821 5282
3 5058 5282 5024
3 4991 5058 5024
3 4597 4991 5024
3 4597 5024 4984
3 4222 4597 4984
3 4222 4984 4587
3 4147 4222 4587
3 4147 4587 4242
3 4119 4147 4242
3 4119 4242 4158
3 3905 4119 4158
3 3905 4158 4141
3 3723 3905 4141
3 3723 4141 4129
3 3532 3723 4129
3 3532 4129 4071
3 3477 3532 4071
3 3477 4071 3991
3 3466 3477 3991
3 3466 3991 3986
3 3515 3466 3986
3 3515 3986 4042
3 3657 3515 4042
3 3657 4042 4116
3 3846 3657 4116
3 3846 4116 4138
3 4086 3846 4138
3 4086 4138 4153
3 4143 4086 4153
3 4143 4153 4216
3 4166 4143 4216
3 4166 4216 4492
3 4487 4166 4492
3 4487 4492 4933
3 4973 4487 4933
3 4973 4933 5018
3 4973 5018 5140
3 5034 4973 5140
3 5034 5140 5705
3 5390 5034 5705
3 5390 5705 5872
3 5851 5390 5872
3 5851 5872 6170
3 5954 5851 6170
3 5954 6170 6703
3 6643 5954 6703
3 6643 6703 6829
3 6746 6643 6829
3 6746 6829 7534
3 7411 6746 7534
3 7411 7534 7669
3 7661 7411 7669
3 7661 7669 7765
3 7762 7661 7765
3 7762 7765 7867
3 7873 7762 7867
3 7873 7867 7972
3 7979 7873 7972
3 7979 7972 8066
3 8071 7979 8066
3 8071 8066 8140
3 8170 8071 8140
3 8255 8170 8449
3 8521 8255 8449
3 8521 8449 9163
3 9412 8521 9163
3 9412 9163 9571
3 9604 9412 9571
3 9604 9571 9899
3 10213 9604 9899
3 10213 9899 10561
3 10629 10213 10561
3 10629 10561 10667
3 10776 10629 10667
3 10776 10667 10989
3 11457 10776 10989
3 11457 10989 11542
3 11651 11457 11542
3 11651 11542 11652
3 11705 11651 11652
3 11705 11652 11682
3 11955 11705 11682
3 11955 11682 11801
3 12258 11955 11801
3 12258 11801 12029
3 12452 12258 12029
3 12452 12029 12156
3 12493 12452 12156
3 12493 12156 12251
3 12503 12493 12251
3 12503 12251 12262
3 12505 12503 12262
3 12505 12262 12189
3 12501 12505 12189
3 12501 12189 12093
3 12477 12501 12093
3 12477 12093 11872
3 12324 12477 11872
3 12324 11872 11706
3 12049 12324 11706
3 12049 11706 11661
3 11744 12049 11661
3 11744 11661 11624
3 11662 11744 11624
3 11662 11624 11182
3 11571 11662 11182
3 11571 11182 10696
3 10941 11571 10696
3 10941 10696 10600
3 10652 10941 10600
3 10416 10652 10600
3 10416 10600 10113
3 9669 10416 10113
3 9669 10113 9598
3 9523 9669 9598
3 9523 9598 9379
3 8673 9523 9379
3 8673 9379 8536
3 8309 8673 8536
3 8309 8536 8274
3 8110 8309 8274
3 8110 8274 8099
3 8014 8110 8099
3 8014 8099 8005
3 7903 8014 8005
3 7903 8005 7900
3 7792 7903 7900
3 7792 7900 7793
3 7675 7792 7793
3 7675 7793 7680
3 7507 7675 7680
3 7507 7680 7580
3 6781 7507 7580
3 6781 7580 6835
3 6645 6781 6835
3 6645 6835 6701
3 5940 6645 6701
3 5940 6701 6092
3 5841 5940 6092
3 5841 6092 5863
3 5251 5841 5863
3 5251 5863 5529
3 5016 5251 5529
3 5016 5529 5058
3 4801 5016 5058
3 4801 5058 4991
3 4258 4801 4991
3 4258 4991 4597
3 4148 4258 4597
3 4148 4597 4222
3 4088 4148 4222
3 4088 4222 4147
3 3746 4088 4147
3 3746 4147 4119
3 3472 3746 4119
3 3472 4119 3905
3 3347 3472 3905
3 3347 3905 3723
3 3316 3347 3723
3 3316 3723 3532
3 3310 3316 3532
3 3310 3532 3477
3 3307 3310 3477
3 3307 3477 3466
3 3312 3307 3466
3 3312 3466 3515
3 3330 3312 3515
3 3330 3515 3657
3 3407 3330 3657
3 3407 3657 3846
3 3693 3407 3846
3 3693 3846 4086
3 4012 3693 4086
3 4012 4086 4143
3 4142 4012 4143
3 4142 4143 4166
3 4201 4142 4166
3 4201 4166 4487
3 4622 4201 4487
3 4622 4487 4973
3 5004 4622 4973
3 5004 4973 5034
3 5004 5034 5390
3 5109 5004 5390
3 5109 5390 5851
3 5761 5109 5851
3 5761 5851 5954
3 5890 5761 5954
3 5890 5954 6643
3 6452 5890 6643
3 6452 6643 6746
3 6738 6452 6746
3 6738 6746 7411
3 7286 6738 7411
3 7286 7411 7661
3 7652 7286 7661
3 7652 7661 7762
3 7759 7652 7762
3 7759 7762 7873
3 7874 7759 7873
3 7874 7873 7979
3 7985 7874 7979
3 7985 7979 8071
3 8087 7985 8071
3 8087 8071 8170
3 8255 8087 8170
3 8289 8255 8521
3 8619 8289 8521
3 8619 8521 9412
3 9520 8619 9412
3 9520 9412 9604
3 9692 9520 9604
3 9692 9604 10213
3 10504 9692 10213
3 10504 10213 10629
3 10672 10504 10629
3 10672 10629 10776
3 11180 10672 10776
3 11180 10776 11457
3 11629 11180 11457
3 11629 11457 11651
3 11681 11629 11651
3 11681 11651 11705
3 11951 11681 11705
3 11951 11705 11955
3 12333 11951 11955
3 12333 11955 12258
3 12495 12333 12258
3 12495 12258 12452
3 12513 12495 12452
3 12513 12452 12493
3 12522 12513 12493
3 12522 12493 12503
3 12533 12522 12503
3 12533 12503 12505
3 12534 12533 12505
3 12534 12505 12501
3 12532 12534 12501
3 12532 12501 12477
3 12516 12532 12477
3 12516 12477 12324
3 12502 12516 12324
3 12502 12324 12049
3 12413 12502 12049
3 12413 12049 11744
3 12078 12413 11744
3 12078 11744 11662
3 11713 12078 11662
3 11713 11662 11571
3 11648 11713 11571
3 11648 11571 10941
3 11344 11648 10941
3 11344 10941 10652
3 10699 11344 10652
3 10582 10699 10652
3 10582 10652 10416
3 9885 10582 10416
3 9885 10416 9669
3 9557 9885 9669
3 9557 9669 9523
3 8872 9557 9523
3 8872 9523 8673
3 8355 8872 8673
3 8355 8673 8309
3 8117 8355 8309
3 8117 8309 8110
3 8020 8117 8110
3 8020 8110 8014
3 7907 8020 8014
3 7907 8014 7903
3 7789 7907 7903
3 7789 7903 7792
3 7671 7789 7792
3 7671 7792 7675
3 7430 7671 7675
3 7430 7675 7507
3 6743 7430 7507
3 6743 7507 6781
3 6514 6743 6781
3 6514 6781 6645
3 5891 6514 6645
3 5891 6645 5940
3 5730 5891 5940
3 5730 5940 5841
3 5079 5730 5841
3 5079 5841 5251
3 4988 5079 5251
3 4988 5251 5016
3 4495 4988 5016
3 4495 5016 4801
3 4161 4495 4801
3 4161 4801 4258
3 4120 4161 4258
3 4120 4258 4148
3 3747 4120 4148
3 3747 4148 4088
3 3404 3747 4088
3 3404 4088 3746
3 3314 3404 3746
3 3314 3746 3472
3 3299 3314 3472
3 3299 3472 3347
3 3292 3299 3347
3 3292 3347 3316
3 3277 3292 3316
3 3277 3316 3310
3 3276 3277 3310
3 3276 3310 3307
3 3282 3276 3307
3 3282 3307 3312
3 3296 3282 3312
3 3296 3312 3330
3 3311 3296 3330
3 3311 3330 3407
3 3370 3311 3407
3 3370 3407 3693
3 3671 3370 3693
3 3671 3693 4012
3 4075 3671 4012
3 4075 4012 4142
3 4151 4075 4142
3 4151 4142 4201
3 4349 4151 4201
3 4349 4201 4622
3 4945 4349 4622
3 4945 4622 5004
3 4945 5004 5109
3 5039 4945 5109
3 5039 5109 5761
3 5543 5039 5761
3 5543 5761 5890
3 5871 5543 5890
3 5871 5890 6452
3 6302 5871 6452
3 6302 6452 6738
3 6728 6302 6738
3 6728 6738 7286
3 7194 6728 7286
3 7194 7286 7652
3 7646 7194 7652
3 7646 7652 7759
3 7755 7646 7759
3 7755 7759 7874
3 7877 7755 7874
3 7877 7874 7985
3 7989 7877 7985
3 7989 7985 8087
3 8094 7989 8087
3 8094 8087 8255
3 8289 8094 8255
3 8310 8289 8619
3 8765 8310 8619
3 8765 8619 9520
3 9544 8765 9520
3 9544 9520 9692
3 9863 9544 9692
3 9863 9692 10504
3 10588 9863 10504
3 10588 10504 10672
3 10731 10588 10672
3 10731 10672 11180
3 11452 10731 11180
3 11452 11180 11629
3 11658 11452 11629
3 11658 11629 11681
3 11789 11658 11681
3 11789 11681 11951
3 12250 11789 11951
3 12250 11951 12333
3 12494 12250 12333
3 12494 12333 12495
3 12517 12494 12495
3 12517 12495 12513
3 12539 12517 12513
3 12539 12513 12522
3 12603 12539 12522
3 12603 12522 12533
3 12654 12603 12533
3 12654 12533 12534
3 12677 12654 12534
3 12677 12534 12532
3 12620 12677 12532
3 12620 12532 12516
3 12563 12620 12516
3 12563 12516 12502
3 12520 12563 12502
3 12520 12502 12413
3 12504 12520 12413
3 12504 12413 12078
3 12351 12504 12078
3 12351 12078 11713
3 11898 12351 11713
3 11898 11713 11648
3 11665 11898 11648
3 11665 11648 11344
3 11582 11665 11344
3 11582 11344 10699
3 10844 11582 10699
3 10620 10844 10699
3 10620 10699 10582
3 10134 10620 10582
3 10134 10582 9885
3 9574 10134 9885
3 9574 9885 9557
3 9090 9574 9557
3 9090 9557 8872
3 8384 9090 8872
3 8384 8872 8355
3 8125 8384 8355
3 8125 8355 8117
3 8026 8125 8117
3 8026 8117 8020
3 7909 8026 8020
3 7909 8020 7907
3 7787 7909 7907
3 7787 7907 7789
3 7667 7787 7789
3 7667 7789 7671
3 7354 7667 7671
3 7354 7671 7430
3 6737 7354 7430
3 6737 7430 6743
3 6367 6737 6743
3 6367 6743 6514
3 5873 6367 6514
3 5873 6514 5891
3 5562 5873 5891
3 5562 5891 5730
3 5035 5562 5730
3 5035 5730 5079
3 4902 5035 5079
3 4902 5079 4988
3 4260 4902 4988
3 4260 4988 4495
3 4145 4260 4495
3 4145 4495 4161
3 3939 4145 4161
3 3939 4161 4120
3 3478 3939 4120
3 3478 4120 3747
3 3315 3478 3747
3 3315 3747 3404
3 3295 3315 3404
3 3295 3404 3314
3 3272 3295 3314
3 3272 3314 3299
3 3147 3272 3299
3 3147 3299 3292
3 3058 3147 3292
3 3058 3292 3277
3 3049 3058 3277
3 3049 3277 3276
3 3123 3049 3276
3 3123 3276 3282
3 3241 3123 3282
3 3241 3282 3296
3 3293 3241 3296
3 3293 3296 3311
3 3309 3293 3311
3 3309 3311 3370
3 3389 3309 3370
3 3389 3370 3671
3 3793 3389 3671
3 3793 3671 4075
3 4136 3793 4075
3 4136 4075 4151
3 4196 4136 4151
3 4196 4151 4349
3 4731 4196 4349
3 4731 4349 4945
3 4731 4945 5039
3 5019 4731 5039
3 5019 5039 5543
3 5377 5019 5543
3 5377 5543 5871
3 5861 5377 5871
3 5861 5871 6302
3 6162 5861 6302
3 6162 6302 6728
3 6716 6162 6728
3 6716 6728 7194
3 7125 6716 7194
3 7125 7194 7646
3 7644 7125 7646
3 7644 7646 7755
3 7753 7644 7755
3 7753 7755 7877
3 7879 7753 7877
3 7879 7877 7989
3 7993 7879 7989
3 7993 7989 8094
3 8106 7993 8094
3 8106 8094 8289
3 8310 8106 8289
3 8335 8310 8765
3 8891 8335 8765
3 8891 8765 9544
3 9569 8891 9544
3 9569 9544 9863
3 10048 9569 9863
3 10048 9863 10588
3 10618 10048 10588
3 10618 10588 10731
3 10849 10618 10731
3 10849 10731 11452
3 11612 10849 11452
3 11612 11452 11658
3 11671 11612 11658
3 11671 11658 11789
3 12005 11671 11789
3 12005 11789 12250
3 12450 12005 12250
3 12450 12250 12494
3 12514 12450 12494
3 12514 12494 12517
3 12560 12514 12517
3 12560 12517 12539
3 12653 12560 12539
3 12653 12539 12603
3 12830 12653 12603
3 12830 12603 12654
3 12953 12830 12654
3 12953 12654 12677
3 12954 12953 12677
3 12954 12677 12620
3 12867 12954 12620
3 12867 12620 12563
3 12717 12867 12563
3 12717 12563 12520
3 12568 12717 12520
3 12568 12520 12504
3 12519 12568 12504
3 12519 12504 12351
3 12483 12519 12351
3 12483 12351 11898
3 12118 12483 11898
3 12118 11898 11665
3 11707 12118 11665
3 11707 11665 11582
3 11638 11707 11582
3 11638 11582 10844
3 11084 11638 10844
3 10650 11084 10844
3 10650 10844 10620
3 10255 10650 10620
3 10255 10620 10134
3 9599 10255 10134
3 9599 10134 9574
3 9211 9599 9574
3 9211 9574 9090
3 8406 9211 9090
3 8406 9090 8384
3 8131 8406 8384
3 8131 8384 8125
3 8034 8131 8125
3 8034 8125 8026
3 7910 8034 8026
3 7910 8026 7909
3 7786 7910 7909
3 7786 7909 7787
3 7664 7786 7787
3 7664 7787 7667
3 7287 7664 7667
3 7287 7667 7354
3 6731 7287 7354
3 6731 7354 6737
3 6293 6731 6737
3 6293 6737 6367
3 5865 6293 6367
3 5865 6367 5873
3 5443 5865 5873
3 5443 5873 5562
3 5021 5443 5562
3 5021 5562 5035
3 4724 5021 5035
3 4724 5035 4902
3 4187 4724 4902
3 4187 4902 4260
3 4130 4187 4260
3 4130 4260 4145
3 3729 4130 4145
3 3729 4145 3939
3 3348 3729 3939
3 3348 3939 3478
3 3298 3348 3478
3 3298 3478 3315
3 3266 3298 3315
3 3266 3315 3295
3 3061 3266 3295
3 3061 3295 3272
3 2894 3061 3272
3 2894 3272 3147
3 2800 2894 3147
3 2800 3147 3058
3 2787 2800 3058
3 2787 3058 3049
3 2884 2787 3049
3 2884 3049 3123
3 3008 2884 3123
3 3008 3123 3241
3 3231 3008 3241
3 3231 3241 3293
3 3294 3231 3293
3 3294 3293 3309
3 3325 3294 3309
3 3325 3309 3389
3 3581 3325 3389
3 3581 3389 3793
3 4084 3581 3793
3 4084 3793 4136
3 4159 4084 4136
3 4159 4136 4196
3 4577 4159 4196
3 4577 4196 4731
3 4577 4731 5019
3 5008 4577 5019
3 5008 5019 5377
3 5220 5008 5377
3 5220 5377 5861
3 5850 5220 5861
3 5850 5861 6162
3 6066 5850 6162
3 6066 6162 6716
3 6712 6066 6716
3 6712 6716 7125
3 7056 6712 7125
3 7056 7125 7644
3 7640 7056 7644
3 7640 7644 7753
3 7752 7640 7753
3 7752 7753 7879
3 7880 7752 7879
3 7880 7879 7993
3 8002 7880 7993
3 8002 7993 8106
3 8109 8002 8106
3 8109 8106 8310
3 8335 8109 8310
3 8357 8335 8891
3 9026 8357 8891
3 9026 8891 9569
3 9573 9026 9569
3 9573 9569 10048
3 10145 9573 10048
3 10145 10048 10618
3 10641 10145 10618
3 10641 10618 10849
3 11009 10641 10849
3 11009 10849 11612
3 11630 11009 11612
3 11630 11612 11671
3 11708 11630 11671
3 11708 11671 12005
3 12136 11708 12005
3 12136 12005 12450
3 12496 12136 12450
3 12496 12450 12514
3 12531 12496 12514
3 12531 12514 12560
3 12613 12531 12560
3 12613 12560 12653
3 12843 12613 12653
3 12843 12653 12830
3 13006 12843 12830
3 13006 12830 12953
3 13121 13006 12953
3 13121 12953 12954
3 13130 13121 12954
3 13130 12954 12867
3 13046 13130 12867
3 13046 12867 12717
3 12907 13046 12717
3 12907 12717 12568
3 12655 12907 12568
3 12655 12568 12519
3 12535 12655 12519
3 12535 12519 12483
3 12507 12535 12483
3 12507 12483 12118
3 12293 12507 12118
3 12293 12118 11707
3 11773 12293 11707
3 11773 11707 11638
3 11650 11773 11638
3 11650 11638 11084
3 11233 11650 11084
3 10665 11233 11084
3 10665 11084 10650
3 10390 10665 10650
3 10390 10650 10255
3 9605 10390 10255
3 9605 10255 9599
3 9291 9605 9599
3 9291 9599 9211
3 8434 9291 9211
3 8434 9211 8406
3 8135 8434 8406
3 8135 8406 8131
3 8037 8135 8131
3 8037 8131 8034
3 7912 8037 8034
3 7912 8034 7910
3 7784 7912 7910
3 7784 7910 7786
3 7662 7784 7786
3 7662 7786 7664
3 7231 7662 7664
3 7231 7664 7287
3 6725 7231 7287
3 6725 7287 6731
3 6216 6725 6731
3 6216 6731 6293
3 5860 6216 6293
3 5860 6293 5865
3 5328 5860 5865
3 5328 5865 5443
3 5015 5328 5443
3 5015 5443 5021
3 4588 5015 5021
3 4588 5021 4724
3 4160 4588 4724
3 4160 4724 4187
3 4082 4160 4187
3 4082 4187 4130
3 3549 4082 4130
3 3549 4130 3729
3 3313 3549 3729
3 3313 3729 3348
3 3283 3313 3348
3 3283 3348 3298
3 3130 3283 3298
3 3130 3298 3266
3 2893 3130 3266
3 2893 3266 3061
3 2692 2893 3061
3 2692 3061 2894
3 2606 2692 2894
3 2606 2894 2800
3 2593 2606 2800
3 2593 2800 2787
3 2668 2593 2787
3 2668 2787 2884
3 2840 2668 2884
3 2840 2884 3008
3 3060 2840 3008
3 3060 3008 3231
3 3275 3060 3231
3 3275 3231 3294
3 3305 3275 3294
3 3305 3294 3325
3 3427 3305 3325
3 3427 3325 3581
3 3960 3427 3581
3 3960 3581 4084
3 4149 3960 4084
3 4149 4084 4159
3 4413 4149 4159
3 4413 4159 4577
3 4413 4577 5008
3 4993 4413 5008
3 4993 5008 5220
3 5127 4993 5220
3 5127 5220 5850
3 5838 5127 5850
3 5838 5850 6066
3 5992 5838 6066
3 5992 6066 6712
3 6708 5992 6712
3 6708 6712 7056
3 7010 6708 7056
3 7010 7056 7640
3 7637 7010 7640
3 7637 7640 7752
3 7750 7637 7752
3 7750 7752 7880
3 7882 7750 7880
3 7882 7880 8002
3 8004 7882 8002
3 8004 8002 8109
3 8113 8004 8109
3 8113 8109 8335
3 8357 8113 8335
3 8366 8357 9026
3 9084 8366 9026
3 9084 9026 9573
3 9577 9084 9573
3 9577 9573 10145
3 10196 9577 10145
3 10196 10145 10641
3 10649 10196 10641
3 10649 10641 11009
3 11125 10649 11009
3 11125 11009 11630
3 11642 11125 11630
3 11642 11630 11708
3 11747 11642 11708
3 11747 11708 12136
3 12259 11747 12136
3 12259 12136 12496
3 12506 12259 12496
3 12506 12496 12531
3 12536 12506 12531
3 12536 12531 12613
3 12704 12536 12613
3 12704 12613 12843
3 12963 12704 12843
3 12963 12843 13006
3 13138 12963 13006
3 13138 13006 13121
3 13225 13138 13121
3 13225 13121 13130
3 13234 13225 13130
3 13234 13130 13046
3 13176 13234 13046
3 13176 13046 12907
3 12980 13176 12907
3 12980 12907 12655
3 12759 12980 12655
3 12759 12655 12535
3 12562 12759 12535
3 12562 12535 12507
3 12511 12562 12507
3 12511 12507 12293
3 12373 12511 12293
3 12373 12293 11773
3 11855 12373 11773
3 11855 11773 11650
3 11656 11855 11650
3 11656 11650 11233
3 11345 11656 11233
3 10674 11345 11233
3 10674 11233 10665
3 10446 10674 10665
3 10446 10665 10390
3 9610 10446 10390
3 9610 10390 9605
3 9342 9610 9605
3 9342 9605 9291
3 8448 9342 9291
3 8448 9291 8434
3 8136 8448 8434
3 8136 8434 8135
3 8038 8136 8135
3 8038 8135 8037
3 7913 8038 8037
3 7913 8037 7912
3 7783 7913 7912
3 7783 7912 7784
3 7660 7783 7784
3 7660 7784 7662
3 7204 7660 7662
3 7204 7662 7231
3 6722 7204 7231
3 6722 7231 6725
3 6163 6722 6725
3 6163 6725 6216
3 5857 6163 6216
3 5857 6216 5860
3 5258 5857 5860
3 5258 5860 5328
3 5009 5258 5328
3 5009 5328 5015
3 4532 5009 5015
3 4532 5015 4588
3 4155 4532 4588
3 4155 4588 4160
3 4000 4155 4160
3 4000 4160 4082
3 3471 4000 4082
3 3471 4082 3549
3 3306 3471 3549
3 3306 3549 3313
3 3274 3306 3313
3 3274 3313 3283
3 3027 3274 3283
3 3027 3283 3130
3 2768 3027 3130
3 2768 3130 2893
3 2576 2768 2893
3 2576 2893 2692
3 2531 2576 2692
3 2531 2692 2606
3 2520 2531 2606
3 2520 2606 2593
3 2560 2520 2593
3 2560 2593 2668
3 2716 2560 2668
3 2716 2668 2840
3 2940 2716 2840
3 2940 2840 3060
3 3242 2940 3060
3 3242 3060 3275
3 3303 3242 3275
3 3303 3275 3305
3 3380 3303 3305
3 3380 3305 3427
3 3866 3380 3427
3 3866 3427 3960
3 4146 3866 3960
3 4146 3960 4149
3 4348 4146 4149
3 4348 4149 4413
3 4348 4413 4993
3 4986 4348 4993
3 4986 4993 5127
3 5098 4986 5127
3 5098 5127 5838
3 5835 5098 5838
3 5835 5838 5992
3 5970 5835 5992
3 5970 5992 6708
3 6702 5970 6708
3 6702 6708 7010
3 6978 6702 7010
3 6978 7010 7637
3 7634 6978 7637
3 7634 7637 7750
3 7749 7634 7750
3 7749 7750 7882
3 7883 7749 7882
3 7883 7882 8004
3 8009 7883 8004
3 8009 8004 8113
3 8115 8009 8113
3 8115 8113 8357
3 8366 8115 8357
3 8369 8366 9084
3 9099 8369 9084
3 9099 9084 9577
3 9583 9099 9577
3 9583 9577 10196
3 10232 9583 10196
3 10232 10196 10649
3 10651 10232 10649
3 10651 10649 11125
3 11177 10651 11125
3 11177 11125 11642
3 11644 11177 11642
3 11644 11642 11747
3 11757 11644 11747
3 11757 11747 12259
3 12288 11757 12259
3 12288 12259 12506
3 12509 12288 12506
3 12509 12506 12536
3 12538 12509 12536
3 12538 12536 12704
3 12730 12538 12704
3 12730 12704 12963
3 12973 12730 12963
3 12973 12963 13138
3 13177 12973 13138
3 13177 13138 13225
3 13280 13177 13225
3 13280 13225 13234
3 13284 13280 13234
3 13284 13234 13176
3 13203 13284 13176
3 13203 13176 12980
3 13039 13203 12980
3 13039 12980 12759
3 12796 13039 12759
3 12796 12759 12562
3 12569 12796 12562
3 12569 12562 12511
3 12515 12569 12511
3 12515 12511 12373
3 12414 12515 12373
3 12414 12373 11855
3 11877 12414 11855
3 11877 11855 11656
3 11660 11877 11656
3 11660 11656 11345
3 11379 11660 11345
3 10675 11379 11345
3 10675 11345 10674
3 10470 10675 10674
3 10470 10674 10446
3 9629 10470 10446
3 9629 10446 9610
3 9365 9629 9610
3 9365 9610 9342
3 8450 9365 9342
3 8450 9342 8448
3 8138 8450 8448
3 8138 8448 8136
3 8039 8138 8136
3 8039 8136 8038
3 7914 8039 8038
3 7914 8038 7913
3 7782 7914 7913
3 7782 7913 7783
3 7658 7782 7783
3 7658 7783 7660
3 7203 7658 7660
3 7203 7660 7204
3 6720 7203 7204
3 6720 7204 6722
3 6149 6720 6722
3 6149 6722 6163
3 5855 6149 6163
3 5855 6163 5857
3 5238 5855 5857
3 5238 5857 5258
3 5007 5238 5258
3 5007 5258 5009
3 4502 5007 5009
3 4502 5009 4532
3 4154 4502 4532
3 4154 4532 4155
3 3981 4154 4155
3 3981 4155 4000
3 3429 3981 4000
3 3429 4000 3471
3 3304 3429 3471
3 3304 3471 3306
3 3273 3304 3306
3 3273 3306 3274
3 2989 3273 3274
3 2989 3274 3027
3 2730 2989 3027
3 2730 3027 2768
3 2558 2730 2768
3 2558 2768 2576
3 2507 2558 2576
3 2507 2576 2531
3 2506 2507 2531
3 2506 2531 2520
3 2541 2506 2520
3 2541 2520 2560
3 2677 2541 2560
3 2677 2560 2716
3 2903 2677 2716
3 2903 2716 2940
3 3230 2903 2940
3 3230 2940 3242
3 3297 3230 3242
3 3297 3242 3303
3 3369 3297 3303
3 3369 3303 3380
3 3837 3369 3380
3 3837 3380 3866
3 4144 3837 3866
3 4144 3866 4146
3 4323 4144 4146
3 4323 4146 4348
3 4323 4348 4986
3 4985 4323 4986
3 4985 4986 5098
3 5090 4985 5098
3 5090 5098 5835
3 5824 5090 5835
3 5824 5835 5970
3 5958 5824 5970
3 5958 5970 6702
3 6700 5958 6702
3 6700 6702 6978
3 6972 6700 6978
3 6972 6978 7634
3 7633 6972 7634
3 7633 7634 7749
3 7748 7633 7749
3 7748 7749 7883
3 7884 7748 7883
3 7884 7883 8009
3 8010 7884 8009
3 8010 8009 8115
3 8116 8010 8115
3 8116 8115 8366
3 8369 8116 8366
3 9099 8369 7827
3 9583 9099 7827
3 10232 9583 7827
3 10651 10232 7827
3 11177 10651 7827
3 11644 11177 7827
3 11757 11644 7827
3 12288 11757 7827
3 12509 12288 7827
3 12538 12509 7827
3 12730 12538 7827
3 12973 12730 7827
3 13177 12973 7827
3 13280 13177 7827
3 13284 13280 7827
3 13203 13284 7827
3 13039 13203 7827
3 12796 13039 7827
3 12569 12796 7827
3 12515 12569 7827
3 12414 12515 7827
3 11877 12414 7827
3 11660 11877 7827
3 11379 11660 7827
3 10675 11379 7827
3 10470 10675 7827
3 9629 10470 7827
3 9365 9629 7827
3 8450 9365 7827
3 8138 8450 7827
3 8039 8138 7827
3 7914 8039 7827
3 7782 7914 7827
3 7658 7782 7827
3 7203 7658 7827
3 6720 7203 7827
3 6149 6720 7827
3 5855 6149 7827
3 5238 5855 7827
3 5007 5238 7827
3 4502 5007 7827
3 4154 4502 7827
3 3981 4154 7827
3 3429 3981 7827
3 3304 3429 7827
3 3273 3304 7827
3 2989 3273 7827
3 2730 2989 7827
3 2558 2730 7827
3 2507 2558 7827
3 2506 2507 7827
3 2541 2506 7827
3 2677 2541 7827
3 2903 2677 7827
3 3230 2903 7827
3 3297 3230 7827
3 3369 3297 7827
3 3837 3369 7827
3 4144 3837 7827
3 4323 4144 7827
3 4985 4323 7827
3 5090 4985 7827
3 5824 5090 7827
3 5958 5824 7827
3 6700 5958 7827
3 6972 6700 7827
3 7633 6972 7827
3 7748 7633 7827
3 7884 7748 7827
3 8010 7884 7827
3 8116 8010 7827
3 8369 8116 7827
3 7864 7828 7878
3 1529 1532 1549
3 1545 1529 1549
3 1527 1529 1545
3 1535 1527 1545
3 1536 1535 1527
3 1536 1527 1528
3 1546 1536 1528
3 1546 1528 1530
3 1550 1546 1530
3 1550 1530 1533
3 1551 1550 1533
3 1551 1533 1534
3 1553 1551 1534
3 1553 1534 1547
3 1555 1553 1547
3 1555 1547 1552
3 1560 1555 1552
3 1560 1552 1554
3 1562 1560 1554
3 1562 1554 1559
3 1564 1562 1559
3 1564 1559 1561
3 1564 1561 1565
3 1566 1564 1565
3 1566 1565 1567
3 1568 1566 1567
3 1568 1567 1569
3 1570 1568 1569
3 1570 1569 1571
3 1572 1570 1571
3 1572 1571 1573
3 1576 1572 1573
3 1576 1573 1577
3 1578 1576 1577
3 1578 1577 1579
3 1583 1578 1579
3 1583 1579 1584
3 1585 1583 1584
3 1585 1584 1586
3 1588 1585 1586
3 1588 1586 1589
3 1590 1588 1589
3 1590 1589 1591
3 1592 1590 1591
3 1592 1591 1594
3 1595 1592 1594
3 1595 1594 1596
3 1597 1595 1596
3 1597 1596 1598
3 1599 1597 1598
3 1599 1598 1600
3 1601 1599 1600
3 1601 1600 1602
3 1603 1601 1602
3 1603 1602 1604
3 1605 1603 1604
3 1605 1604 1606
3 1607 1605 1606
3 1607 1606 1608
3 1610 1607 1608
3 1610 1608 1609
3 1612 1610 1609
3 1612 1609 1611
3 1614 1612 1611
3 1614 1611 1613
3 1616 1614 1613
3 1616 1613 1615
3 1621 1616 1615
3 1621 1615 1617
3 1626 1621 1617
3 1626 1617 1620
3 1629 1626 1620
3 1629 1620 1623
3 1631 1629 1623
3 1631 1623 1625
3 1633 1631 1625
3 1633 1625 1624
3 1632 1633 1624
3 1630 1622 1624
3 1630 1624 1632
3 1628 1619 1622
3 1628 1622 1630
3 1628 1619 1618
3 1627 1628 1618
3 1531 1618 1627
3 1548 1531 1627
3 1549 1548 1531
3 1549 1531 1532
3 21 20 41
3 21 41 42
3 22 21 42
3 22 42 43
3 23 22 43
3 23 43 44
3 24 23 44
3 24 44 45
3 25 24 45
3 25 45 47
3 26 25 47
3 26 47 48
3 27 26 48
3 27 48 49
3 28 27 49
3 28 49 51
3 29 28 51
3 29 51 53
3 30 29 53
3 30 53 54
3 30 54 56
3 31 30 56
3 31 56 58
3 32 31 58
3 32 58 60
3 33 32 60
3 33 60 62
3 34 33 62
3 34 62 70
3 35 34 70
3 35 70 73
3 36 35 73
3 36 73 75
3 37 36 75
3 37 75 79
3 38 37 79
3 38 79 85
3 39 38 85
3 39 85 93
3 40 39 93
3 40 93 94
3 46 40 94
3 46 94 95
3 50 46 95
3 50 95 96
3 52 50 96
3 52 96 97
3 55 52 97
3 55 97 98
3 57 55 98
3 57 98 99
3 59 57 99
3 59 99 100
3 61 59 100
3 61 100 101
3 63 61 101
3 63 101 102
3 71 63 102
3 71 102 103
3 72 71 103
3 72 103 104
3 74 72 104
3 74 104 105
3 76 74 105
3 76 105 106
3 77 76 106
3 77 106 107
3 78 77 107
3 78 107 108
3 80 78 108
3 80 108 109
3 81 80 109
3 81 109 112
3 82 81 112
3 82 112 111
3 84 82 111
3 84 111 110
3 83 84 110
3 41 110 83
3 20 41 83
3 115 114 147
3 115 147 148
3 113 115 148
3 113 148 149
3 116 113 149
3 116 149 150
3 117 116 150
3 117 150 151
3 118 117 151
3 118 151 153
3 119 118 153
3 119 153 154
3 120 119 154
3 120 154 155
3 121 120 155
3 121 155 157
3 122 121 157
3 122 157 159
3 123 122 159
3 123 159 160
3 123 160 162
3 124 123 162
3 124 162 170
3 131 124 170
3 131 170 172
3 132 131 172
3 132 172 174
3 133 132 174
3 133 174 183
3 134 133 183
3 134 183 186
3 142 134 186
3 142 186 188
3 143 142 188
3 143 188 192
3 144 143 192
3 144 192 198
3 145 144 198
3 145 198 199
3 146 145 199
3 146 199 200
3 152 146 200
3 152 200 201
3 156 152 201
3 156 201 208
3 158 156 208
3 158 208 209
3 161 158 209
3 161 209 210
3 163 161 210
3 163 210 211
3 171 163 211
3 171 211 212
3 173 171 212
3 173 212 213
3 175 173 213
3 175 213 221
3 184 175 221
3 184 221 222
3 185 184 222
3 185 222 223
3 187 185 223
3 187 223 224
3 189 187 224
3 189 224 225
3 190 189 225
3 190 225 226
3 191 190 226
3 191 226 227
3 193 191 227
3 193 227 228
3 194 193 228
3 194 228 229
3 195 194 229
3 195 229 231
3 197 195 231
3 197 231 230
3 196 197 230
3 147 230 196
3 114 147 196
3 730 737 666
3 664 730 666
3 663 664 666
3 663 666 665
3 736 665 663
3 729 736 663
3 729 736 737
3 730 729 737
3 516 520 431
3 423 516 431
3 422 423 431
3 422 431 430
3 519 430 422
3 515 519 422
3 515 519 520
3 516 515 520
3 273 277 235
3 233 273 235
3 232 233 235
3 232 235 234
3 276 234 232
3 272 276 232
3 272 276 277
3 273 272 277
3 531 530 564
3 531 564 565
3 532 531 565
3 532 565 566
3 533 532 566
3 533 566 567
3 534 533 567
3 534 567 568
3 535 534 568
3 535 568 570
3 536 535 570
3 536 570 571
3 537 536 571
3 537 571 572
3 538 537 572
3 538 572 574
3 539 538 574
3 539 574 576
3 540 539 576
3 540 576 577
3 540 577 579
3 541 540 579
3 541 579 587
3 542 541 587
3 542 587 589
3 549 542 589
3 549 589 591
3 550 549 591
3 550 591 601
3 551 550 601
3 551 601 604
3 559 551 604
3 559 604 606
3 560 559 606
3 560 606 610
3 561 560 610
3 561 610 616
3 562 561 616
3 562 616 617
3 563 562 617
3 563 617 618
3 569 563 618
3 569 618 625
3 573 569 625
3 573 625 626
3 575 573 626
3 575 626 627
3 578 575 627
3 578 627 628
3 580 578 628
3 580 628 629
3 588 580 629
3 588 629 630
3 590 588 630
3 590 630 631
3 593 590 631
3 593 631 639
3 602 593 639
3 602 639 640
3 603 602 640
3 603 640 641
3 605 603 641
3 605 641 642
3 607 605 642
3 607 642 643
3 608 607 643
3 608 643 644
3 609 608 644
3 609 644 645
3 611 609 645
3 611 645 646
3 612 611 646
3 612 646 647
3 613 612 647
3 613 647 649
3 615 613 649
3 615 649 648
3 614 615 648
3 564 648 614
3 530 564 614
3 433 432 454
3 433 454 455
3 434 433 455
3 434 455 456
3 435 434 456
3 435 456 457
3 436 435 457
3 436 457 458
3 437 436 458
3 437 458 460
3 438 437 460
3 438 460 461
3 439 438 461
3 439 461 462
3 440 439 462
3 440 462 464
3 441 440 464
3 441 464 465
3 442 441 465
3 442 465 467
3 442 467 469
3 443 442 469
3 443 469 471
3 445 443 471
3 445 471 473
3 446 445 473
3 446 473 475
3 447 446 475
3 447 475 483
3 448 447 483
3 448 483 485
3 449 448 485
3 449 485 488
3 450 449 488
3 450 488 492
3 451 450 492
3 451 492 498
3 452 451 498
3 452 498 506
3 453 452 506
3 453 506 507
3 459 453 507
3 459 507 508
3 463 459 508
3 463 508 509
3 466 463 509
3 466 509 510
3 468 466 510
3 468 510 511
3 470 468 511
3 470 511 512
3 472 470 512
3 472 512 513
3 474 472 513
3 474 513 514
3 476 474 514
3 476 514 517
3 484 476 517
3 484 517 518
3 486 484 518
3 486 518 521
3 487 486 521
3 487 521 522
3 489 487 522
3 489 522 523
3 490 489 523
3 490 523 524
3 491 490 524
3 491 524 525
3 493 491 525
3 493 525 526
3 494 493 526
3 494 526 527
3 495 494 527
3 495 527 529
3 497 495 529
3 497 529 528
3 496 497 528
3 454 528 496
3 432 454 496
3 347 346 368
3 347 368 369
3 348 347 369
3 348 369 370
3 349 348 370
3 349 370 371
3 350 349 371
3 350 371 372
3 351 350 372
3 351 372 373
3 352 351 373
3 352 373 375
3 353 352 375
3 353 375 376
3 354 353 376
3 354 376 378
3 355 354 378
3 355 378 379
3 356 355 379
3 356 379 381
3 356 381 383
3 357 356 383
3 357 383 385
3 358 357 385
3 358 385 387
3 359 358 387
3 359 387 389
3 360 359 389
3 360 389 392
3 361 360 392
3 361 392 394
3 362 361 394
3 362 394 397
3 363 362 397
3 363 397 400
3 364 363 400
3 364 400 407
3 365 364 407
3 365 407 408
3 367 365 408
3 367 408 409
3 374 367 409
3 374 409 410
3 377 374 410
3 377 410 411
3 380 377 411
3 380 411 412
3 382 380 412
3 382 412 413
3 384 382 413
3 384 413 414
3 386 384 414
3 386 414 415
3 388 386 415
3 388 415 416
3 391 388 416
3 391 416 417
3 393 391 417
3 393 417 418
3 395 393 418
3 395 418 419
3 396 395 419
3 396 419 420
3 398 396 420
3 398 420 421
3 399 398 421
3 399 421 424
3 401 399 424
3 401 424 425
3 402 401 425
3 402 425 426
3 403 402 426
3 403 426 427
3 404 403 427
3 404 427 429
3 406 404 429
3 406 429 428
3 405 406 428
3 368 428 405
3 346 368 405
3 263 262 287
3 263 287 288
3 264 263 288
3 264 288 289
3 265 264 289
3 265 289 290
3 266 265 290
3 266 290 291
3 267 266 291
3 267 291 293
3 268 267 293
3 268 293 294
3 269 268 294
3 269 294 295
3 270 269 295
3 270 295 297
3 271 270 297
3 271 297 298
3 274 271 298
3 274 298 300
3 274 300 302
3 275 274 302
3 275 302 304
3 278 275 304
3 278 304 306
3 279 278 306
3 279 306 308
3 280 279 308
3 280 308 310
3 281 280 310
3 281 310 312
3 282 281 312
3 282 312 315
3 283 282 315
3 283 315 319
3 284 283 319
3 284 319 325
3 285 284 325
3 285 325 326
3 286 285 326
3 286 326 327
3 292 286 327
3 292 327 328
3 296 292 328
3 296 328 329
3 299 296 329
3 299 329 330
3 301 299 330
3 301 330 331
3 303 301 331
3 303 331 332
3 305 303 332
3 305 332 333
3 307 305 333
3 307 333 334
3 309 307 334
3 309 334 335
3 311 309 335
3 311 335 336
3 313 311 336
3 313 336 337
3 314 313 337
3 314 337 338
3 316 314 338
3 316 338 339
3 317 316 339
3 317 339 340
3 318 317 340
3 318 340 341
3 320 318 341
3 320 341 342
3 321 320 342
3 321 342 343
3 324 321 343
3 324 343 345
3 323 324 345
3 323 345 344
3 322 323 344
3 287 344 322
3 262 287 322
3 954 953 987
3 954 987 988
3 955 954 988
3 955 988 989
3 956 955 989
3 956 989 990
3 957 956 990
3 957 990 991
3 958 957 991
3 958 991 992
3 959 958 992
3 959 992 994
3 960 959 994
3 960 994 995
3 961 960 995
3 961 995 997
3 962 961 997
3 962 997 998
3 963 962 998
3 963 998 1000
3 963 1000 1002
3 964 963 1002
3 964 1002 1010
3 971 964 1010
3 971 1010 1012
3 972 971 1012
3 972 1012 1014
3 973 972 1014
3 973 1014 1023
3 974 973 1023
3 974 1023 1025
3 982 974 1025
3 982 1025 1028
3 983 982 1028
3 983 1028 1031
3 984 983 1031
3 984 1031 1038
3 985 984 1038
3 985 1038 1039
3 986 985 1039
3 986 1039 1040
3 993 986 1040
3 993 1040 1047
3 996 993 1047
3 996 1047 1048
3 999 996 1048
3 999 1048 1049
3 1001 999 1049
3 1001 1049 1050
3 1003 1001 1050
3 1003 1050 1052
3 1011 1003 1052
3 1011 1052 1053
3 1013 1011 1053
3 1013 1053 1055
3 1015 1013 1055
3 1015 1055 1063
3 1024 1015 1063
3 1024 1063 1064
3 1026 1024 1064
3 1026 1064 1065
3 1027 1026 1065
3 1027 1065 1066
3 1029 1027 1066
3 1029 1066 1067
3 1030 1029 1067
3 1030 1067 1068
3 1032 1030 1068
3 1032 1068 1069
3 1033 1032 1069
3 1033 1069 1070
3 1034 1033 1070
3 1034 1070 1071
3 1035 1034 1071
3 1035 1071 1073
3 1037 1035 1073
3 1037 1073 1072
3 1036 1037 1072
3 987 1072 1036
3 953 987 1036
3 845 844 866
3 845 866 867
3 846 845 867
3 846 867 865
3 847 846 865
3 847 865 868
3 848 847 868
3 848 868 869
3 849 848 869
3 849 869 870
3 850 849 870
3 850 870 872
3 851 850 872
3 851 872 873
3 852 851 873
3 852 873 875
3 853 852 875
3 853 875 876
3 854 853 876
3 854 876 878
3 854 878 880
3 855 854 880
3 855 880 882
3 856 855 882
3 856 882 885
3 857 856 885
3 857 885 887
3 858 857 887
3 858 887 895
3 859 858 895
3 859 895 897
3 860 859 897
3 860 897 900
3 861 860 900
3 861 900 903
3 862 861 903
3 862 903 910
3 863 862 910
3 863 910 918
3 864 863 918
3 864 918 919
3 871 864 919
3 871 919 920
3 874 871 920
3 874 920 921
3 877 874 921
3 877 921 922
3 879 877 922
3 879 922 923
3 881 879 923
3 881 923 924
3 884 881 924
3 884 924 925
3 886 884 925
3 886 925 926
3 888 886 926
3 888 926 927
3 896 888 927
3 896 927 928
3 898 896 928
3 898 928 929
3 899 898 929
3 899 929 930
3 901 899 930
3 901 930 931
3 902 901 931
3 902 931 940
3 904 902 940
3 904 940 941
3 905 904 941
3 905 941 942
3 906 905 942
3 906 942 943
3 907 906 943
3 907 943 945
3 909 907 945
3 909 945 944
3 908 909 944
3 866 944 908
3 844 866 908
3 765 764 785
3 765 785 786
3 766 765 786
3 766 786 787
3 767 766 787
3 767 787 788
3 768 767 788
3 768 788 789
3 769 768 789
3 769 789 790
3 770 769 790
3 770 790 792
3 771 770 792
3 771 792 793
3 772 771 793
3 772 793 795
3 773 772 795
3 773 795 796
3 774 773 796
3 774 796 798
3 774 798 800
3 775 774 800
3 775 800 802
3 776 775 802
3 776 802 804
3 777 776 804
3 777 804 806
3 778 777 806
3 778 806 808
3 779 778 808
3 779 808 810
3 780 779 810
3 780 810 813
3 781 780 813
3 781 813 816
3 782 781 816
3 782 816 823
3 783 782 823
3 783 823 824
3 784 783 824
3 784 824 825
3 791 784 825
3 791 825 826
3 794 791 826
3 794 826 827
3 797 794 827
3 797 827 828
3 799 797 828
3 799 828 829
3 801 799 829
3 801 829 830
3 803 801 830
3 803 830 831
3 805 803 831
3 805 831 832
3 807 805 832
3 807 832 833
3 809 807 833
3 809 833 834
3 811 809 834
3 811 834 835
3 812 811 835
3 812 835 836
3 814 812 836
3 814 836 837
3 815 814 837
3 815 837 838
3 817 815 838
3 817 838 839
3 818 817 839
3 818 839 840
3 819 818 840
3 819 840 841
3 822 819 841
3 822 841 843
3 821 822 843
3 821 843 842
3 820 821 842
3 785 842 820
3 764 785 820
3 681 680 701
3 681 701 702
3 682 681 702
3 682 702 703
3 683 682 703
3 683 703 704
3 684 683 704
3 684 704 705
3 685 684 705
3 685 705 706
3 686 685 706
3 686 706 708
3 687 686 708
3 687 708 709
3 688 687 709
3 688 709 711
3 689 688 711
3 689 711 712
3 690 689 712
3 690 712 714
3 690 714 716
3 691 690 716
3 691 716 718
3 692 691 718
3 692 718 720
3 693 692 720
3 693 720 722
3 694 693 722
3 694 722 724
3 695 694 724
3 695 724 726
3 696 695 726
3 696 726 731
3 697 696 731
3 697 731 735
3 698 697 735
3 698 735 743
3 699 698 743
3 699 743 744
3 700 699 744
3 700 744 745
3 707 700 745
3 707 745 746
3 710 707 746
3 710 746 747
3 713 710 747
3 713 747 748
3 715 713 748
3 715 748 749
3 717 715 749
3 717 749 750
3 719 717 750
3 719 750 751
3 721 719 751
3 721 751 752
3 723 721 752
3 723 752 753
3 725 723 753
3 725 753 754
3 727 725 754
3 727 754 755
3 728 727 755
3 728 755 756
3 732 728 756
3 732 756 757
3 733 732 757
3 733 757 758
3 734 733 758
3 734 758 759
3 738 734 759
3 738 759 760
3 739 738 760
3 739 760 761
3 740 739 761
3 740 761 763
3 742 740 763
3 742 763 762
3 741 742 762
3 701 762 741
3 680 701 741
3 1278 1277 1302
3 1278 1302 1303
3 1279 1278 1303
3 1279 1303 1301
3 1280 1279 1301
3 1280 1301 1304
3 1281 1280 1304
3 1281 1304 1305
3 1282 1281 1305
3 1282 1305 1307
3 1283 1282 1307
3 1283 1307 1308
3 1284 1283 1308
3 1284 1308 1309
3 1285 1284 1309
3 1285 1309 1311
3 1286 1285 1311
3 1286 1311 1313
3 1287 1286 1313
3 1287 1313 1314
3 1287 1314 1316
3 1288 1287 1316
3 1288 1316 1318
3 1289 1288 1318
3 1289 1318 1320
3 1290 1289 1320
3 1290 1320 1322
3 1291 1290 1322
3 1291 1322 1324
3 1292 1291 1324
3 1292 1324 1327
3 1293 1292 1327
3 1293 1327 1329
3 1296 1293 1329
3 1296 1329 1333
3 1297 1296 1333
3 1297 1333 1339
3 1299 1297 1339
3 1299 1339 1340
3 1300 1299 1340
3 1300 1340 1341
3 1306 1300 1341
3 1306 1341 1342
3 1310 1306 1342
3 1310 1342 1343
3 1312 1310 1343
3 1312 1343 1344
3 1315 1312 1344
3 1315 1344 1345
3 1317 1315 1345
3 1317 1345 1346
3 1319 1317 1346
3 1319 1346 1347
3 1321 1319 1347
3 1321 1347 1348
3 1323 1321 1348
3 1323 1348 1349
3 1325 1323 1349
3 1325 1349 1350
3 1326 1325 1350
3 1326 1350 1351
3 1328 1326 1351
3 1328 1351 1352
3 1330 1328 1352
3 1330 1352 1353
3 1331 1330 1353
3 1331 1353 1354
3 1332 1331 1354
3 1332 1354 1355
3 1334 1332 1355
3 1334 1355 1356
3 1335 1334 1356
3 1335 1356 1357
3 1338 1335 1357
3 1338 1357 1359
3 1337 1338 1359
3 1337 1359 1358
3 1336 1337 1358
3 1302 1358 1336
3 1277 1302 1336
3 1197 1196 1217
3 1197 1217 1218
3 1198 1197 1218
3 1198 1218 1219
3 1199 1198 1219
3 1199 1219 1220
3 1200 1199 1220
3 1200 1220 1221
3 1201 1200 1221
3 1201 1221 1223
3 1202 1201 1223
3 1202 1223 1224
3 1203 1202 1224
3 1203 1224 1225
3 1204 1203 1225
3 1204 1225 1227
3 1205 1204 1227
3 1205 1227 1228
3 1206 1205 1228
3 1206 1228 1230
3 1206 1230 1232
3 1207 1206 1232
3 1207 1232 1234
3 1208 1207 1234
3 1208 1234 1236
3 1209 1208 1236
3 1209 1236 1238
3 1210 1209 1238
3 1210 1238 1240
3 1211 1210 1240
3 1211 1240 1242
3 1212 1211 1242
3 1212 1242 1245
3 1213 1212 1245
3 1213 1245 1249
3 1214 1213 1249
3 1214 1249 1255
3 1215 1214 1255
3 1215 1255 1256
3 1216 1215 1256
3 1216 1256 1258
3 1222 1216 1258
3 1222 1258 1259
3 1226 1222 1259
3 1226 1259 1260
3 1229 1226 1260
3 1229 1260 1261
3 1231 1229 1261
3 1231 1261 1262
3 1233 1231 1262
3 1233 1262 1263
3 1235 1233 1263
3 1235 1263 1264
3 1237 1235 1264
3 1237 1264 1265
3 1239 1237 1265
3 1239 1265 1266
3 1241 1239 1266
3 1241 1266 1267
3 1243 1241 1267
3 1243 1267 1268
3 1244 1243 1268
3 1244 1268 1269
3 1246 1244 1269
3 1246 1269 1270
3 1247 1246 1270
3 1247 1270 1271
3 1248 1247 1271
3 1248 1271 1272
3 1250 1248 1272
3 1250 1272 1273
3 1251 1250 1273
3 1251 1273 1276
3 1254 1251 1276
3 1254 1276 1275
3 1253 1254 1275
3 1253 1275 1274
3 1252 1253 1274
3 1217 1274 1252
3 1196 1217 1252
3 1116 1115 1137
3 1116 1137 1138
3 1117 1116 1138
3 1117 1138 1139
3 1118 1117 1139
3 1118 1139 1140
3 1119 1118 1140
3 1119 1140 1141
3 1120 1119 1141
3 1120 1141 1143
3 1121 1120 1143
3 1121 1143 1144
3 1122 1121 1144
3 1122 1144 1145
3 1123 1122 1145
3 1123 1145 1147
3 1124 1123 1147
3 1124 1147 1148
3 1125 1124 1148
3 1125 1148 1150
3 1125 1150 1152
3 1126 1125 1152
3 1126 1152 1154
3 1127 1126 1154
3 1127 1154 1156
3 1128 1127 1156
3 1128 1156 1158
3 1129 1128 1158
3 1129 1158 1160
3 1130 1129 1160
3 1130 1160 1162
3 1131 1130 1162
3 1131 1162 1165
3 1132 1131 1165
3 1132 1165 1169
3 1133 1132 1169
3 1133 1169 1175
3 1134 1133 1175
3 1134 1175 1176
3 1135 1134 1176
3 1135 1176 1177
3 1142 1135 1177
3 1142 1177 1178
3 1146 1142 1178
3 1146 1178 1179
3 1149 1146 1179
3 1149 1179 1180
3 1151 1149 1180
3 1151 1180 1181
3 1153 1151 1181
3 1153 1181 1182
3 1155 1153 1182
3 1155 1182 1183
3 1157 1155 1183
3 1157 1183 1184
3 1159 1157 1184
3 1159 1184 1185
3 1161 1159 1185
3 1161 1185 1186
3 1163 1161 1186
3 1163 1186 1187
3 1164 1163 1187
3 1164 1187 1188
3 1166 1164 1188
3 1166 1188 1189
3 1167 1166 1189
3 1167 1189 1190
3 1168 1167 1190
3 1168 1190 1191
3 1170 1168 1191
3 1170 1191 1192
3 1171 1170 1192
3 1171 1192 1193
3 1172 1171 1193
3 1172 1193 1195
3 1174 1172 1195
3 1174 1195 1194
3 1173 1174 1194
3 1137 1194 1173
3 1115 1137 1173
3 1483 1487 1507
3 1491 1483 1507
3 1491 1507 1506
3 1490 1491 1506
3 1486 1506 1490
3 1482 1486 1490
3 1483 1482 1486
3 1483 1486 1487
3 1512 1518 1541
3 1525 1512 1541
3 1525 1541 1540
3 1524 1525 1540
3 1517 1540 1524
3 1511 1517 1524
3 1512 1511 1517
3 1512 1517 1518
3 1510 1516 1539
3 1523 1510 1539
3 1523 1539 1538
3 1522 1523 1538
3 1515 1538 1522
3 1509 1515 1522
3 1510 1509 1515
3 1510 1515 1516
3 1481 1485 1505
3 1489 1481 1505
3 1489 1505 1504
3 1488 1489 1504
3 1484 1504 1488
3 1480 1484 1488
3 1481 1480 1484
3 1481 1484 1485
3 1450 1454 1464
3 1460 1450 1464
3 1460 1464 1463
3 1459 1460 1463
3 1453 1463 1459
3 1449 1453 1459
3 1450 1449 1453
3 1450 1453 1454
3 1448 1452 1462
3 1458 1448 1462
3 1458 1462 1461
3 1457 1458 1461
3 1451 1461 1457
3 1447 1451 1457
3 1448 1447 1451
3 1448 1451 1452
3 11109 11288 11231
3 11058 11109 11231
3 11058 11231 11221
3 11031 11058 11221
3 11032 11222 11221
3 11032 11221 11031
3 11059 11232 11222
3 11059 11222 11032
3 11110 11289 11232
3 11110 11232 11059
3 11196 11356 11289
3 11196 11289 11110
3 11255 11439 11356
3 11255 11356 11196
3 11380 11512 11439
3 11380 11439 11255
3 11478 11588 11512
3 11478 11512 11380
3 11583 11628 11588
3 11583 11588 11478
3 11626 11643 11628
3 11626 11628 11583
3 11657 11643 11626
3 11646 11657 11626
3 11666 11657 11646
3 11659 11666 11646
3 11704 11666 11659
3 11670 11704 11659
3 11774 11704 11670
3 11712 11774 11670
3 11944 11774 11712
3 11799 11944 11712
3 12119 11944 11799
3 12002 12119 11799
3 12342 12119 12002
3 12203 12342 12002
3 12482 12342 12203
3 12411 12482 12203
3 12508 12482 12411
3 12492 12508 12411
3 12518 12508 12492
3 12510 12518 12492
3 12537 12518 12510
3 12521 12537 12510
3 12607 12537 12521
3 12561 12607 12521
3 12783 12607 12561
3 12648 12783 12561
3 12972 12783 12648
3 12838 12972 12648
3 13186 12972 12838
3 13023 13186 12838
3 13326 13186 13023
3 13212 13326 13023
3 13358 13326 13212
3 13348 13358 13212
3 13360 13358 13348
3 13359 13360 13348
3 13367 13360 13359
3 13361 13367 13359
3 13369 13367 13361
3 13366 13369 13361
3 13391 13369 13366
3 13368 13391 13366
3 13413 13391 13368
3 13370 13413 13368
3 13457 13413 13370
3 13396 13457 13370
3 13528 13457 13396
3 13427 13528 13396
3 13571 13528 13427
3 13446 13571 13427
3 13611 13571 13446
3 13471 13611 13446
3 13631 13611 13471
3 13480 13631 13471
3 13630 13631 13480
3 13479 13630 13480
3 13470 13479 13630
3 13470 13630 13610
3 13448 13470 13610
3 13448 13610 13570
3 13569 13570 13448
3 13447 13569 13448
3 13447 13569 11287
3 11108 13447 11287
3 11108 11287 11288
3 11109 11108 11288
3 7770 7851 7814
3 7735 7770 7814
3 7735 7770 7769
3 7734 7735 7769
3 7734 7769 7850
3 7813 7734 7850
3 7814 7813 7850
3 7814 7850 7851
3 7312 7631 7598
3 7036 7312 7598
3 7036 7312 7311
3 7035 7036 7311
3 7035 7311 7630
3 7597 7035 7630
3 7598 7597 7630
3 7598 7630 7631
3 7310 7629 7596
3 7034 7310 7596
3 7034 7310 7309
3 7033 7034 7309
3 7033 7309 7628
3 7595 7033 7628
3 7596 7595 7628
3 7596 7628 7629
3 7768 7849 7812
3 7733 7768 7812
3 7733 7768 7767
3 7732 7733 7767
3 7732 7767 7848
3 7811 7732 7848
3 7812 7811 7848
3 7812 7848 7849
3 7983 8030 8000
3 7950 7983 8000
3 7950 7983 7982
3 7949 7950 7982
3 7949 7982 8029
3 7999 7949 8029
3 8000 7999 8029
3 8000 8029 8030
3 7981 8028 7998
3 7948 7981 7998
3 7948 7981 7980
3 7947 7948 7980
3 7947 7980 8027
3 7997 7947 8027
3 7998 7997 8027
3 7998 8027 8028
3 2401 2400 2409
3 2410 2401 2409
3 2410 2409 2320
3 2321 2410 2320
3 2297 2321 2320
3 2297 2320 2296
3 2401 2297 2296
3 2401 2296 2400
3 2293 2292 2312
3 2313 2293 2312
3 2313 2312 2218
3 2219 2313 2218
3 2186 2219 2218
3 2186 2218 2185
3 2293 2186 2185
3 2293 2185 2292
3 2175 2174 2206
3 2207 2175 2206
3 2207 2206 2096
3 2097 2207 2096
3 2089 2097 2096
3 2089 2096 2088
3 2175 2089 2088
3 2175 2088 2174
3 2085 2084 2092
3 2093 2085 2092
3 2093 2092 2005
3 2006 2093 2005
3 1971 2006 2005
3 1971 2005 1970
3 2085 1971 1970
3 2085 1970 2084
3 1959 1958 1995
3 1996 1959 1995
3 1996 1995 1890
3 1891 1996 1890
3 1867 1891 1890
3 1867 1890 1866
3 1959 1867 1866
3 1959 1866 1958
3 1859 1858 1882
3 1883 1859 1882
3 1883 1882 1791
3 1792 1883 1791
3 1778 1792 1791
3 1778 1791 1777
3 1859 1778 1777
3 1859 1777 1858
3 1773 1772 1785
3 1786 1773 1785
3 1786 1785 1748
3 1749 1786 1748
3 1731 1749 1748
3 1731 1748 1730
3 1773 1731 1730
3 1773 1730 1772
3 2403 2402 2411
3 2412 2403 2411
3 2412 2411 2322
3 2323 2412 2322
3 2299 2323 2322
3 2299 2322 2298
3 2403 2299 2298
3 2403 2298 2402
3 2295 2294 2314
3 2315 2295 2314
3 2315 2314 2220
3 2221 2315 2220
3 2188 2221 2220
3 2188 2220 2187
3 2295 2188 2187
3 2295 2187 2294
3 2177 2176 2208
3 2209 2177 2208
3 2209 2208 2098
3 2099 2209 2098
3 2091 2099 2098
3 2091 2098 2090
3 2177 2091 2090
3 2177 2090 2176
3 2087 2086 2094
3 2095 2087 2094
3 2095 2094 2007
3 2008 2095 2007
3 1973 2008 2007
3 1973 2007 1972
3 2087 1973 1972
3 2087 1972 2086
3 1961 1960 1997
3 1998 1961 1997
3 1998 1997 1892
3 1893 1998 1892
3 1869 1893 1892
3 1869 1892 1868
3 1961 1869 1868
3 1961 1868 1960
3 1861 1860 1884
3 1885 1861 1884
3 1885 1884 1793
3 1794 1885 1793
3 1780 1794 1793
3 1780 1793 1779
3 1861 1780 1779
3 1861 1779 1860
3 1775 1774 1787
3 1788 1775 1787
3 1788 1787 1750
3 1751 1788 1750
3 1733 1751 1750
3 1733 1750 1732
3 1775 1733 1732
3 1775 1732 1774
3 7592 7591 7403
3 7404 7592 7403
3 7406 7404 7592
3 7406 7592 7590
3 7589 7590 7406
3 7405 7589 7406
3 7588 7589 7405
3 7402 7588 7405
3 7587 7588 7402
3 7400 7587 7402
3 7586 7587 7400
3 7395 7586 7400
3 7585 7586 7395
3 7389 7585 7395
3 7584 7585 7389
3 7385 7584 7389
3 7583 7584 7385
3 7383 7583 7385
3 7582 7583 7383
3 7376 7582 7383
3 7581 7582 7376
3 7374 7581 7376
3 7567 7581 7374
3 7367 7567 7374
3 7566 7567 7367
3 7364 7566 7367
3 7565 7566 7364
3 7358 7565 7364
3 7564 7565 7358
3 7355 7564 7358
3 7555 7564 7355
3 7348 7555 7355
3 7554 7555 7348
3 7345 7554 7348
3 7552 7554 7345
3 7332 7552 7345
3 7550 7552 7332
3 7330 7550 7332
3 7544 7550 7330
3 7319 7544 7330
3 7543 7544 7319
3 7308 7543 7319
3 7541 7543 7308
3 7306 7541 7308
3 7540 7541 7306
3 7299 7540 7306
3 7539 7540 7299
3 7289 7539 7299
3 7517 7539 7289
3 7277 7517 7289
3 7511 7517 7277
3 7275 7511 7277
3 7509 7511 7275
3 7268 7509 7275
3 7508 7509 7268
3 7262 7508 7268
3 7506 7508 7262
3 7256 7506 7262
3 7499 7506 7256
3 7248 7499 7256
3 7242 7494 7499
3 7242 7499 7248
3 7236 7485 7494
3 7236 7494 7242
3 7223 7484 7485
3 7223 7485 7236
3 7221 7479 7484
3 7221 7484 7223
3 7219 7478 7479
3 7219 7479 7221
3 7218 7477 7478
3 7218 7478 7219
3 7216 7470 7477
3 7216 7477 7218
3 7215 7469 7470
3 7215 7470 7216
3 7215 7469 7472
3 7214 7215 7472
3 7213 7471 7472
3 7213 7472 7214
3 6994 7206 7391
3 7180 6994 7391
3 7392 7391 7180
3 7181 7392 7180
3 7182 7181 7392
3 7182 7392 7393
3 7394 7393 7182
3 7183 7394 7182
3 7390 7394 7183
3 7178 7390 7183
3 7388 7390 7178
3 7177 7388 7178
3 7386 7388 7177
3 7176 7386 7177
3 7384 7386 7176
3 7170 7384 7176
3 7377 7384 7170
3 7164 7377 7170
3 7375 7377 7164
3 7158 7375 7164
3 7373 7375 7158
3 7143 7373 7158
3 7365 7373 7143
3 7137 7365 7143
3 7363 7365 7137
3 7131 7363 7137
3 7357 7363 7131
3 7124 7357 7131
3 7356 7357 7124
3 7117 7356 7124
3 7349 7356 7117
3 7109 7349 7117
3 7346 7349 7109
3 7106 7346 7109
3 7337 7346 7106
3 7098 7337 7106
3 7331 7337 7098
3 7088 7331 7098
3 7320 7331 7088
3 7078 7320 7088
3 7313 7320 7078
3 7076 7313 7078
3 7307 7313 7076
3 7069 7307 7076
3 7300 7307 7069
3 7063 7300 7069
3 7290 7300 7063
3 7057 7290 7063
3 7276 7290 7057
3 7050 7276 7057
3 7273 7276 7050
3 7044 7273 7050
3 7267 7273 7044
3 7038 7267 7044
3 7261 7267 7038
3 7031 7261 7038
3 7255 7261 7031
3 7024 7255 7031
3 7247 7255 7024
3 7022 7247 7024
3 7015 7241 7247
3 7015 7247 7022
3 7013 7226 7241
3 7013 7241 7015
3 7009 7220 7226
3 7009 7226 7013
3 7003 7217 7220
3 7003 7220 7009
3 7001 7212 7217
3 7001 7217 7003
3 7000 7211 7212
3 7000 7212 7001
3 6998 7210 7211
3 6998 7211 7000
3 6996 7208 7210
3 6996 7210 6998
3 6997 7209 7208
3 6997 7208 6996
3 6997 7209 7207
3 6995 6997 7207
3 6994 7206 7207
3 6994 7207 6995
3 6809 6985 7172
3 6915 6809 7172
3 7173 7172 6915
3 6916 7173 6915
3 6918 6916 7173
3 6918 7173 7171
3 7174 7171 6918
3 6917 7174 6918
3 7168 7174 6917
3 6910 7168 6917
3 7166 7168 6910
3 6909 7166 6910
3 7162 7166 6909
3 6908 7162 6909
3 7161 7162 6908
3 6903 7161 6908
3 7148 7161 6903
3 6902 7148 6903
3 7142 7148 6902
3 6893 7142 6902
3 7136 7142 6893
3 6883 7136 6893
3 7130 7136 6883
3 6879 7130 6883
3 7123 7130 6879
3 6878 7123 6879
3 7115 7123 6878
3 6876 7115 6878
3 7107 7115 6876
3 6874 7107 6876
3 7105 7107 6874
3 6869 7105 6874
3 7099 7105 6869
3 6867 7099 6869
3 7089 7099 6867
3 6860 7089 6867
3 7083 7089 6860
3 6858 7083 6860
3 7077 7083 6858
3 6853 7077 6858
3 7070 7077 6853
3 6850 7070 6853
3 7064 7070 6850
3 6849 7064 6850
3 7058 7064 6849
3 6846 7058 6849
3 7051 7058 6846
3 6841 7051 6846
3 7045 7051 6841
3 6836 7045 6841
3 7039 7045 6836
3 6834 7039 6836
3 7029 7039 6834
3 6833 7029 6834
3 7023 7029 6833
3 6832 7023 6833
3 7020 7023 6832
3 6831 7020 6832
3 7014 7020 6831
3 6830 7014 6831
3 6827 7011 7014
3 6827 7014 6830
3 6823 7004 7011
3 6823 7011 6827
3 6822 7002 7004
3 6822 7004 6823
3 6820 6999 7002
3 6820 7002 6822
3 6819 6993 6999
3 6819 6999 6820
3 6818 6988 6993
3 6818 6993 6819
3 6814 6987 6988
3 6814 6988 6818
3 6813 6984 6987
3 6813 6987 6814
3 6812 6983 6984
3 6812 6984 6813
3 6812 6983 6986
3 6810 6812 6986
3 6809 6985 6986
3 6809 6986 6810
3 6321 6569 6683
3 6507 6321 6683
3 6684 6683 6507
3 6508 6684 6507
3 6506 6508 6684
3 6506 6684 6682
3 6685 6682 6506
3 6509 6685 6506
3 6681 6685 6509
3 6502 6681 6509
3 6680 6681 6502
3 6501 6680 6502
3 6679 6680 6501
3 6496 6679 6501
3 6678 6679 6496
3 6486 6678 6496
3 6677 6678 6486
3 6480 6677 6486
3 6676 6677 6480
3 6477 6676 6480
3 6673 6676 6477
3 6471 6673 6477
3 6672 6673 6471
3 6469 6672 6471
3 6659 6672 6469
3 6462 6659 6469
3 6658 6659 6462
3 6460 6658 6462
3 6657 6658 6460
3 6454 6657 6460
3 6656 6657 6454
3 6451 6656 6454
3 6655 6656 6451
3 6443 6655 6451
3 6653 6655 6443
3 6441 6653 6443
3 6652 6653 6441
3 6431 6652 6441
3 6647 6652 6431
3 6429 6647 6431
3 6646 6647 6429
3 6419 6646 6429
3 6644 6646 6419
3 6413 6644 6419
3 6642 6644 6413
3 6407 6642 6413
3 6641 6642 6407
3 6405 6641 6407
3 6640 6641 6405
3 6394 6640 6405
3 6615 6640 6394
3 6383 6615 6394
3 6614 6615 6383
3 6376 6614 6383
3 6613 6614 6376
3 6375 6613 6376
3 6611 6613 6375
3 6369 6611 6375
3 6610 6611 6369
3 6362 6610 6369
3 6607 6610 6362
3 6355 6607 6362
3 6349 6593 6607
3 6349 6607 6355
3 6343 6588 6593
3 6343 6593 6349
3 6330 6587 6588
3 6330 6588 6343
3 6328 6582 6587
3 6328 6587 6330
3 6327 6581 6582
3 6327 6582 6328
3 6325 6573 6581
3 6325 6581 6327
3 6323 6571 6573
3 6323 6573 6325
3 6324 6572 6571
3 6324 6571 6323
3 6324 6572 6570
3 6322 6324 6570
3 6321 6569 6570
3 6321 6570 6322
3 6113 6316 6489
3 6290 6113 6489
3 6490 6489 6290
3 6291 6490 6290
3 6289 6291 6490
3 6289 6490 6488
3 6491 6488 6289
3 6288 6491 6289
3 6487 6491 6288
3 6287 6487 6288
3 6481 6487 6287
3 6286 6481 6287
3 6479 6481 6286
3 6284 6479 6286
3 6478 6479 6284
3 6278 6478 6284
3 6472 6478 6278
3 6276 6472 6278
3 6470 6472 6276
3 6271 6470 6276
3 6468 6470 6271
3 6257 6468 6271
3 6461 6468 6257
3 6250 6461 6257
3 6459 6461 6250
3 6244 6459 6250
3 6453 6459 6244
3 6238 6453 6244
3 6450 6453 6238
3 6230 6450 6238
3 6444 6450 6230
3 6223 6444 6230
3 6442 6444 6223
3 6221 6442 6223
3 6432 6442 6221
3 6214 6432 6221
3 6430 6432 6214
3 6202 6430 6214
3 6420 6430 6202
3 6191 6420 6202
3 6414 6420 6191
3 6189 6414 6191
3 6412 6414 6189
3 6183 6412 6189
3 6406 6412 6183
3 6176 6406 6183
3 6395 6406 6176
3 6168 6395 6176
3 6384 6395 6168
3 6160 6384 6168
3 6381 6384 6160
3 6154 6381 6160
3 6374 6381 6154
3 6147 6374 6154
3 6368 6374 6147
3 6140 6368 6147
3 6360 6368 6140
3 6139 6360 6140
3 6354 6360 6139
3 6137 6354 6139
3 6131 6348 6354
3 6131 6354 6137
3 6129 6338 6348
3 6129 6348 6131
3 6123 6329 6338
3 6123 6338 6129
3 6120 6326 6329
3 6120 6329 6123
3 6119 6320 6326
3 6119 6326 6120
3 6117 6319 6320
3 6117 6320 6119
3 6115 6318 6319
3 6115 6319 6117
3 6112 6315 6318
3 6112 6318 6115
3 6111 6314 6315
3 6111 6315 6112
3 6111 6314 6317
3 6114 6111 6317
3 6114 6317 6316
3 6113 6114 6316
3 5933 6100 6280
3 6035 5933 6280
3 6281 6280 6035
3 6036 6281 6035
3 6034 6036 6281
3 6034 6281 6283
3 6282 6283 6034
3 6037 6282 6034
3 6279 6282 6037
3 6029 6279 6037
3 6277 6279 6029
3 6028 6277 6029
3 6275 6277 6028
3 6027 6275 6028
3 6274 6275 6027
3 6022 6274 6027
3 6262 6274 6022
3 6016 6262 6022
3 6256 6262 6016
3 6011 6256 6016
3 6249 6256 6011
3 6000 6249 6011
3 6243 6249 6000
3 5998 6243 6000
3 6236 6243 5998
3 5997 6236 5998
3 6229 6236 5997
3 5995 6229 5997
3 6224 6229 5995
3 5994 6224 5995
3 6222 6224 5994
3 5991 6222 5994
3 6215 6222 5991
3 5985 6215 5991
3 6203 6215 5985
3 5979 6203 5985
3 6192 6203 5979
3 5978 6192 5979
3 6190 6192 5978
3 5973 6190 5978
3 6184 6190 5973
3 5972 6184 5973
3 6177 6184 5972
3 5971 6177 5972
3 6169 6177 5971
3 5965 6169 5971
3 6161 6169 5965
3 5964 6161 5965
3 6155 6161 5964
3 5957 6155 5964
3 6148 6155 5957
3 5956 6148 5957
3 6145 6148 5956
3 5953 6145 5956
3 6138 6145 5953
3 5951 6138 5953
3 6136 6138 5951
3 5950 6136 5951
3 6130 6136 5950
3 5949 6130 5950
3 5947 6128 6130
3 5947 6130 5949
3 5945 6121 6128
3 5945 6128 5947
3 5944 6118 6121
3 5944 6121 5945
3 5942 6116 6118
3 5942 6118 5944
3 5941 6110 6116
3 5941 6116 5942
3 5939 6105 6110
3 5939 6110 5941
3 5937 6104 6105
3 5937 6105 5939
3 5935 6102 6104
3 5935 6104 5937
3 5936 6103 6102
3 5936 6102 5935
3 5936 6103 6101
3 5934 5936 6101
3 5933 6100 6101
3 5933 6101 5934
3 5469 5719 5829
3 5653 5469 5829
3 5830 5829 5653
3 5654 5830 5653
3 5652 5654 5830
3 5652 5830 5832
3 5831 5832 5652
3 5655 5831 5652
3 5828 5831 5655
3 5651 5828 5655
3 5827 5828 5651
3 5650 5827 5651
3 5826 5827 5650
3 5645 5826 5650
3 5825 5826 5645
3 5639 5825 5645
3 5823 5825 5639
3 5636 5823 5639
3 5822 5823 5636
3 5634 5822 5636
3 5820 5822 5634
3 5628 5820 5634
3 5819 5820 5628
3 5626 5819 5628
3 5806 5819 5626
3 5619 5806 5626
3 5805 5806 5619
3 5617 5805 5619
3 5804 5805 5617
3 5610 5804 5617
3 5803 5804 5610
3 5607 5803 5610
3 5802 5803 5607
3 5600 5802 5607
3 5801 5802 5600
3 5598 5801 5600
3 5800 5801 5598
3 5588 5800 5598
3 5795 5800 5588
3 5586 5795 5588
3 5793 5795 5586
3 5576 5793 5586
3 5792 5793 5576
3 5569 5792 5576
3 5790 5792 5569
3 5563 5790 5569
3 5789 5790 5563
3 5560 5789 5563
3 5788 5789 5560
3 5541 5788 5560
3 5762 5788 5541
3 5530 5762 5541
3 5760 5762 5530
3 5523 5760 5530
3 5759 5760 5523
3 5521 5759 5523
3 5758 5759 5521
3 5515 5758 5521
3 5757 5758 5515
3 5509 5757 5515
3 5503 5754 5757
3 5503 5757 5509
3 5496 5741 5754
3 5496 5754 5503
3 5490 5736 5741
3 5490 5741 5496
3 5478 5735 5736
3 5478 5736 5490
3 5476 5729 5735
3 5476 5735 5478
3 5475 5728 5729
3 5475 5729 5476
3 5473 5723 5728
3 5473 5728 5475
3 5468 5718 5723
3 5468 5723 5473
3 5472 5721 5718
3 5472 5718 5468
3 5472 5721 5720
3 5470 5472 5720
3 5469 5719 5720
3 5469 5720 5470
3 5266 5461 5642
3 5441 5266 5642
3 5643 5642 5441
3 5442 5643 5441
3 5440 5442 5643
3 5440 5643 5641
3 5644 5641 5440
3 5439 5644 5440
3 5640 5644 5439
3 5438 5640 5439
3 5638 5640 5438
3 5437 5638 5438
3 5637 5638 5437
3 5436 5637 5437
3 5635 5637 5436
3 5430 5635 5436
3 5629 5635 5430
3 5428 5629 5430
3 5627 5629 5428
3 5423 5627 5428
3 5624 5627 5423
3 5409 5624 5423
3 5618 5624 5409
3 5403 5618 5409
3 5615 5618 5403
3 5396 5615 5403
3 5609 5615 5396
3 5389 5609 5396
3 5608 5609 5389
3 5382 5608 5389
3 5601 5608 5382
3 5375 5601 5382
3 5599 5601 5375
3 5373 5599 5375
3 5589 5599 5373
3 5367 5589 5373
3 5587 5589 5367
3 5355 5587 5367
3 5577 5587 5355
3 5344 5577 5355
3 5570 5577 5344
3 5342 5570 5344
3 5568 5570 5342
3 5336 5568 5342
3 5561 5568 5336
3 5329 5561 5336
3 5542 5561 5329
3 5322 5542 5329
3 5531 5542 5322
3 5315 5531 5322
3 5528 5531 5315
3 5309 5528 5315
3 5520 5528 5309
3 5303 5520 5309
3 5514 5520 5303
3 5297 5514 5303
3 5508 5514 5297
3 5296 5508 5297
3 5501 5508 5296
3 5293 5501 5296
3 5287 5495 5501
3 5287 5501 5293
3 5284 5485 5495
3 5284 5495 5287
3 5276 5477 5485
3 5276 5485 5284
3 5274 5474 5477
3 5274 5477 5276
3 5273 5467 5474
3 5273 5474 5274
3 5271 5466 5467
3 5271 5467 5273
3 5269 5465 5466
3 5269 5466 5271
3 5268 5463 5465
3 5268 5465 5269
3 5264 5464 5463
3 5264 5463 5268
3 5264 5464 5462
3 5267 5264 5462
3 5267 5462 5461
3 5266 5267 5461
3 5080 5252 5432
3 5184 5080 5432
3 5433 5432 5184
3 5185 5433 5184
3 5183 5185 5433
3 5183 5433 5435
3 5434 5435 5183
3 5186 5434 5183
3 5431 5434 5186
3 5177 5431 5186
3 5429 5431 5177
3 5175 5429 5177
3 5427 5429 5175
3 5174 5427 5175
3 5426 5427 5174
3 5169 5426 5174
3 5414 5426 5169
3 5164 5414 5169
3 5408 5414 5164
3 5159 5408 5164
3 5402 5408 5159
3 5147 5402 5159
3 5395 5402 5147
3 5146 5395 5147
3 5388 5395 5146
3 5144 5388 5146
3 5383 5388 5144
3 5143 5383 5144
3 5376 5383 5143
3 5142 5376 5143
3 5374 5376 5142
3 5139 5374 5142
3 5368 5374 5139
3 5133 5368 5139
3 5357 5368 5133
3 5126 5357 5133
3 5345 5357 5126
3 5125 5345 5126
3 5343 5345 5125
3 5120 5343 5125
3 5337 5343 5120
3 5119 5337 5120
3 5330 5337 5119
3 5116 5330 5119
3 5323 5330 5116
3 5110 5323 5116
3 5316 5323 5110
3 5108 5316 5110
3 5310 5316 5108
3 5103 5310 5108
3 5304 5310 5103
3 5102 5304 5103
3 5302 5304 5102
3 5100 5302 5102
3 5294 5302 5100
3 5099 5294 5100
3 5292 5294 5099
3 5097 5292 5099
3 5285 5292 5097
3 5095 5285 5097
3 5094 5283 5285
3 5094 5285 5095
3 5093 5275 5283
3 5093 5283 5094
3 5091 5272 5275
3 5091 5275 5093
3 5089 5270 5272
3 5089 5272 5091
3 5087 5263 5270
3 5087 5270 5089
3 5086 5257 5263
3 5086 5263 5087
3 5085 5256 5257
3 5085 5257 5086
3 5082 5254 5256
3 5082 5256 5085
3 5083 5255 5254
3 5083 5254 5082
3 5083 5255 5253
3 5081 5083 5253
3 5080 5252 5253
3 5080 5253 5081
3 4607 4861 4979
3 4793 4607 4979
3 4980 4979 4793
3 4794 4980 4793
3 4792 4794 4980
3 4792 4980 4982
3 4981 4982 4792
3 4796 4981 4792
3 4978 4981 4796
3 4791 4978 4796
3 4977 4978 4791
3 4790 4977 4791
3 4976 4977 4790
3 4785 4976 4790
3 4975 4976 4785
3 4778 4975 4785
3 4974 4975 4778
3 4775 4974 4778
3 4972 4974 4775
3 4765 4972 4775
3 4970 4972 4765
3 4759 4970 4765
3 4966 4970 4759
3 4757 4966 4759
3 4953 4966 4757
3 4751 4953 4757
3 4952 4953 4751
3 4748 4952 4751
3 4951 4952 4748
3 4742 4951 4748
3 4950 4951 4742
3 4739 4950 4742
3 4948 4950 4739
3 4732 4948 4739
3 4944 4948 4732
3 4729 4944 4732
3 4943 4944 4729
3 4718 4943 4729
3 4942 4943 4718
3 4711 4942 4718
3 4937 4942 4711
3 4705 4937 4711
3 4936 4937 4705
3 4699 4936 4705
3 4935 4936 4699
3 4693 4935 4699
3 4934 4935 4693
3 4691 4934 4693
3 4932 4934 4691
3 4680 4932 4691
3 4911 4932 4680
3 4670 4911 4680
3 4906 4911 4670
3 4669 4906 4670
3 4903 4906 4669
3 4663 4903 4669
3 4901 4903 4663
3 4657 4901 4663
3 4900 4901 4657
3 4651 4900 4657
3 4897 4900 4651
3 4645 4897 4651
3 4637 4884 4897
3 4637 4897 4645
3 4631 4879 4884
3 4631 4884 4637
3 4617 4878 4879
3 4617 4879 4631
3 4615 4873 4878
3 4615 4878 4617
3 4613 4870 4873
3 4613 4873 4615
3 4611 4869 4870
3 4611 4870 4613
3 4609 4864 4869
3 4609 4869 4611
3 4610 4863 4864
3 4610 4864 4609
3 4610 4863 4862
3 4608 4610 4862
3 4607 4861 4862
3 4607 4862 4608
3 4391 4599 4781
3 4574 4391 4781
3 4782 4781 4574
3 4575 4782 4574
3 4573 4575 4782
3 4573 4782 4780
3 4783 4780 4573
3 4576 4783 4573
3 4779 4783 4576
3 4570 4779 4576
3 4777 4779 4570
3 4568 4777 4570
3 4776 4777 4568
3 4567 4776 4568
3 4766 4776 4567
3 4561 4766 4567
3 4760 4766 4561
3 4559 4760 4561
3 4758 4760 4559
3 4554 4758 4559
3 4756 4758 4554
3 4540 4756 4554
3 4750 4756 4540
3 4534 4750 4540
3 4747 4750 4534
3 4527 4747 4534
3 4741 4747 4527
3 4517 4741 4527
3 4740 4741 4517
3 4510 4740 4517
3 4733 4740 4510
3 4504 4733 4510
3 4730 4733 4504
3 4500 4730 4504
3 4719 4730 4500
3 4493 4719 4500
3 4716 4719 4493
3 4481 4716 4493
3 4706 4716 4481
3 4470 4706 4481
3 4700 4706 4470
3 4468 4700 4470
3 4698 4700 4468
3 4462 4698 4468
3 4692 4698 4462
3 4456 4692 4462
3 4681 4692 4456
3 4450 4681 4456
3 4671 4681 4450
3 4444 4671 4450
3 4668 4671 4444
3 4438 4668 4444
3 4662 4668 4438
3 4430 4662 4438
3 4656 4662 4430
3 4428 4656 4430
3 4650 4656 4428
3 4421 4650 4428
3 4643 4650 4421
3 4419 4643 4421
3 4411 4636 4643
3 4411 4643 4419
3 4409 4621 4636
3 4409 4636 4411
3 4406 4616 4621
3 4406 4621 4409
3 4400 4612 4616
3 4400 4616 4406
3 4399 4605 4612
3 4399 4612 4400
3 4397 4604 4605
3 4397 4605 4399
3 4395 4603 4604
3 4395 4604 4397
3 4393 4601 4603
3 4393 4603 4395
3 4390 4602 4601
3 4390 4601 4393
3 4390 4602 4600
3 4392 4390 4600
3 4392 4600 4599
3 4391 4392 4599
3 4224 4381 4563
3 4315 4224 4563
3 4564 4563 4315
3 4316 4564 4315
3 4318 4316 4564
3 4318 4564 4566
3 4565 4566 4318
3 4317 4565 4318
3 4562 4565 4317
3 4310 4562 4317
3 4560 4562 4310
3 4309 4560 4310
3 4558 4560 4309
3 4307 4558 4309
3 4557 4558 4307
3 4302 4557 4307
3 4545 4557 4302
3 4297 4545 4302
3 4539 4545 4297
3 4292 4539 4297
3 4533 4539 4292
3 4287 4533 4292
3 4522 4533 4287
3 4280 4522 4287
3 4516 4522 4280
3 4279 4516 4280
3 4511 4516 4279
3 4278 4511 4279
3 4503 4511 4278
3 4277 4503 4278
3 4501 4503 4277
3 4276 4501 4277
3 4494 4501 4276
3 4271 4494 4276
3 4482 4494 4271
3 4266 4482 4271
3 4471 4482 4266
3 4265 4471 4266
3 4469 4471 4265
3 4259 4469 4265
3 4463 4469 4259
3 4257 4463 4259
3 4457 4463 4257
3 4256 4457 4257
3 4451 4457 4256
3 4250 4451 4256
3 4445 4451 4250
3 4249 4445 4250
3 4439 4445 4249
3 4244 4439 4249
3 4431 4439 4244
3 4241 4431 4244
3 4427 4431 4241
3 4240 4427 4241
3 4420 4427 4240
3 4239 4420 4240
3 4418 4420 4239
3 4238 4418 4239
3 4410 4418 4238
3 4237 4410 4238
3 4236 4407 4410
3 4236 4410 4237
3 4234 4401 4407
3 4234 4407 4236
3 4233 4398 4401
3 4233 4401 4234
3 4232 4396 4398
3 4232 4398 4233
3 4230 4389 4396
3 4230 4396 4232
3 4229 4384 4389
3 4229 4389 4230
3 4227 4383 4384
3 4227 4384 4229
3 4223 4380 4383
3 4223 4383 4227
3 4226 4379 4380
3 4226 4380 4223
3 4226 4379 4382
3 4225 4226 4382
3 4224 4381 4382
3 4224 4382 4225
3 3755 4001 4112
3 3935 3755 4112
3 4113 4112 3935
3 3936 4113 3935
3 3934 3936 4113
3 3934 4113 4115
3 4114 4115 3934
3 3937 4114 3934
3 4111 4114 3937
3 3931 4111 3937
3 4110 4111 3931
3 3930 4110 3931
3 4109 4110 3930
3 3925 4109 3930
3 4108 4109 3925
3 3919 4108 3925
3 4107 4108 3919
3 3916 4107 3919
3 4106 4107 3916
3 3913 4106 3916
3 4105 4106 3913
3 3907 4105 3913
3 4104 4105 3907
3 3904 4104 3907
3 4091 4104 3904
3 3898 4091 3904
3 4090 4091 3898
3 3895 4090 3898
3 4089 4090 3895
3 3889 4089 3895
3 4087 4089 3889
3 3886 4087 3889
3 4085 4087 3886
3 3879 4085 3886
3 4083 4085 3879
3 3877 4083 3879
3 4081 4083 3877
3 3867 4081 3877
3 4080 4081 3867
3 3859 4080 3867
3 4074 4080 3859
3 3853 4074 3859
3 4073 4074 3853
3 3847 4073 3853
3 4072 4073 3847
3 3840 4072 3847
3 4070 4072 3840
3 3838 4070 3840
3 4069 4070 3838
3 3827 4069 3838
3 4048 4069 3827
3 3817 4048 3827
3 4043 4048 3817
3 3815 4043 3817
3 4041 4043 3815
3 3809 4041 3815
3 4040 4041 3809
3 3802 4040 3809
3 4039 4040 3802
3 3796 4039 3802
3 3788 4036 4039
3 3788 4039 3796
3 3782 4027 4036
3 3782 4036 3788
3 3776 4018 4027
3 3776 4027 3782
3 3764 4017 4018
3 3764 4018 3776
3 3763 4011 4017
3 3763 4017 3764
3 3761 4010 4011
3 3761 4011 3763
3 3760 4009 4010
3 3760 4010 3761
3 3757 4004 4009
3 3757 4009 3760
3 3758 4003 4004
3 3758 4004 3757
3 3758 4003 4002
3 3756 3758 4002
3 3755 4001 4002
3 3755 4002 3756
3 3545 3749 3922
3 3726 3545 3922
3 3923 3922 3726
3 3727 3923 3726
3 3725 3727 3923
3 3725 3923 3921
3 3924 3921 3725
3 3728 3924 3725
3 3920 3924 3728
3 3724 3920 3728
3 3918 3920 3724
3 3722 3918 3724
3 3917 3918 3722
3 3721 3917 3722
3 3914 3917 3721
3 3716 3914 3721
3 3908 3914 3716
3 3713 3908 3716
3 3906 3908 3713
3 3708 3906 3713
3 3903 3906 3708
3 3694 3903 3708
3 3897 3903 3694
3 3687 3897 3694
3 3894 3897 3687
3 3680 3894 3687
3 3888 3894 3680
3 3674 3888 3680
3 3887 3888 3674
3 3664 3887 3674
3 3880 3887 3664
3 3659 3880 3664
3 3878 3880 3659
3 3656 3878 3659
3 3868 3878 3656
3 3649 3868 3656
3 3865 3868 3649
3 3639 3865 3649
3 3854 3865 3639
3 3621 3854 3639
3 3848 3854 3621
3 3619 3848 3621
3 3845 3848 3619
3 3613 3845 3619
3 3839 3845 3613
3 3607 3839 3613
3 3828 3839 3607
3 3601 3828 3607
3 3818 3828 3601
3 3595 3818 3601
3 3814 3818 3595
3 3589 3814 3595
3 3807 3814 3589
3 3583 3807 3589
3 3801 3807 3583
3 3580 3801 3583
3 3794 3801 3580
3 3574 3794 3580
3 3787 3794 3574
3 3572 3787 3574
3 3566 3781 3787
3 3566 3787 3572
3 3564 3767 3781
3 3564 3781 3566
3 3562 3762 3767
3 3562 3767 3564
3 3555 3759 3762
3 3555 3762 3562
3 3554 3754 3759
3 3554 3759 3555
3 3552 3753 3754
3 3552 3754 3554
3 3550 3752 3753
3 3550 3753 3552
3 3544 3748 3752
3 3544 3752 3550
3 3548 3751 3748
3 3548 3748 3544
3 3548 3751 3750
3 3546 3548 3750
3 3546 3750 3749
3 3545 3546 3749
3 3371 3534 3719
3 3467 3371 3719
3 3720 3719 3467
3 3468 3720 3467
3 3470 3468 3720
3 3470 3720 3718
3 3717 3718 3470
3 3469 3717 3470
3 3715 3717 3469
3 3461 3715 3469
3 3714 3715 3461
3 3460 3714 3461
3 3712 3714 3460
3 3459 3712 3460
3 3711 3712 3459
3 3454 3711 3459
3 3699 3711 3454
3 3452 3699 3454
3 3692 3699 3452
3 3443 3692 3452
3 3685 3692 3443
3 3434 3685 3443
3 3679 3685 3434
3 3431 3679 3434
3 3672 3679 3431
3 3430 3672 3431
3 3665 3672 3430
3 3428 3665 3430
3 3658 3665 3428
3 3426 3658 3428
3 3655 3658 3426
3 3425 3655 3426
3 3650 3655 3425
3 3420 3650 3425
3 3640 3650 3420
3 3414 3640 3420
3 3622 3640 3414
3 3413 3622 3414
3 3620 3622 3413
3 3406 3620 3413
3 3614 3620 3406
3 3405 3614 3406
3 3608 3614 3405
3 3403 3608 3405
3 3602 3608 3403
3 3401 3602 3403
3 3596 3602 3401
3 3396 3596 3401
3 3590 3596 3396
3 3390 3590 3396
3 3584 3590 3390
3 3388 3584 3390
3 3579 3584 3388
3 3387 3579 3388
3 3573 3579 3387
3 3386 3573 3387
3 3571 3573 3386
3 3385 3571 3386
3 3565 3571 3385
3 3383 3565 3385
3 3382 3563 3565
3 3382 3565 3383
3 3381 3556 3563
3 3381 3563 3382
3 3379 3553 3556
3 3379 3556 3381
3 3378 3551 3553
3 3378 3553 3379
3 3377 3543 3551
3 3377 3551 3378
3 3376 3538 3543
3 3376 3543 3377
3 3375 3537 3538
3 3375 3538 3376
3 3374 3536 3537
3 3374 3537 3375
3 3373 3533 3536
3 3373 3536 3374
3 3373 3533 3535
3 3372 3373 3535
3 3371 3534 3535
3 3371 3535 3372
3 2913 3162 3270
3 3089 2913 3270
3 3271 3270 3089
3 3090 3271 3089
3 3092 3090 3271
3 3092 3271 3269
3 3268 3269 3092
3 3091 3268 3092
3 3267 3268 3091
3 3088 3267 3091
3 3265 3267 3088
3 3087 3265 3088
3 3264 3265 3087
3 3082 3264 3087
3 3263 3264 3082
3 3076 3263 3082
3 3262 3263 3076
3 3072 3262 3076
3 3261 3262 3072
3 3070 3261 3072
3 3260 3261 3070
3 3064 3260 3070
3 3259 3260 3064
3 3062 3259 3064
3 3246 3259 3062
3 3053 3246 3062
3 3245 3246 3053
3 3051 3245 3053
3 3244 3245 3051
3 3044 3244 3051
3 3243 3244 3044
3 3041 3243 3044
3 3240 3243 3041
3 3034 3240 3041
3 3239 3240 3034
3 3032 3239 3034
3 3238 3239 3032
3 3021 3238 3032
3 3237 3238 3021
3 3019 3237 3021
3 3232 3237 3019
3 3009 3232 3019
3 3229 3232 3009
3 3002 3229 3009
3 3228 3229 3002
3 3000 3228 3002
3 3227 3228 3000
3 2994 3227 3000
3 3226 3227 2994
3 2983 3226 2994
3 3205 3226 2983
3 2974 3205 2983
3 3200 3205 2974
3 2972 3200 2974
3 3199 3200 2972
3 2966 3199 2972
3 3198 3199 2966
3 2960 3198 2966
3 3197 3198 2960
3 2953 3197 2960
3 2947 3190 3197
3 2947 3197 2953
3 2941 3185 3190
3 2941 3190 2947
3 2934 3176 3185
3 2934 3185 2941
3 2922 3175 3176
3 2922 3176 2934
3 2921 3170 3175
3 2921 3175 2922
3 2919 3169 3170
3 2919 3170 2921
3 2918 3168 3169
3 2918 3169 2919
3 2916 3161 3168
3 2916 3168 2918
3 2915 3160 3161
3 2915 3161 2916
3 2915 3160 3163
3 2914 2915 3163
3 2913 3162 3163
3 2913 3163 2914
3 2699 2904 3079
3 2880 2699 3079
3 3080 3079 2880
3 2881 3080 2880
3 2879 2881 3080
3 2879 3080 3078
3 3081 3078 2879
3 2883 3081 2879
3 3077 3081 2883
3 2878 3077 2883
3 3075 3077 2878
3 2877 3075 2878
3 3073 3075 2877
3 2876 3073 2877
3 3071 3073 2876
3 2870 3071 2876
3 3065 3071 2870
3 2867 3065 2870
3 3063 3065 2867
3 2862 3063 2867
3 3059 3063 2862
3 2848 3059 2862
3 3052 3059 2848
3 2841 3052 2848
3 3050 3052 2841
3 2834 3050 2841
3 3043 3050 2834
3 2820 3043 2834
3 3042 3043 2820
3 2814 3042 2820
3 3035 3042 2814
3 2808 3035 2814
3 3033 3035 2808
3 2806 3033 2808
3 3022 3033 2806
3 2798 3022 2806
3 3020 3022 2798
3 2788 3020 2798
3 3010 3020 2788
3 2777 3010 2788
3 3003 3010 2777
3 2775 3003 2777
3 3001 3003 2775
3 2769 3001 2775
3 2995 3001 2769
3 2762 2995 2769
3 2984 2995 2762
3 2755 2984 2762
3 2973 2984 2755
3 2749 2973 2755
3 2971 2973 2749
3 2743 2971 2749
3 2965 2971 2743
3 2737 2965 2743
3 2959 2965 2737
3 2736 2959 2737
3 2952 2959 2736
3 2729 2952 2736
3 2946 2952 2729
3 2727 2946 2729
3 2721 2939 2946
3 2721 2946 2727
3 2718 2925 2939
3 2718 2939 2721
3 2715 2920 2925
3 2715 2925 2718
3 2709 2917 2920
3 2709 2920 2715
3 2707 2910 2917
3 2707 2917 2709
3 2705 2909 2910
3 2705 2910 2707
3 2703 2908 2909
3 2703 2909 2705
3 2701 2906 2908
3 2701 2908 2703
3 2702 2907 2906
3 2702 2906 2701
3 2702 2907 2905
3 2700 2702 2905
3 2700 2905 2904
3 2699 2700 2904
3 2508 2687 2872
3 2614 2508 2872
3 2873 2872 2614
3 2615 2873 2614
3 2617 2615 2873
3 2617 2873 2871
3 2874 2871 2617
3 2616 2874 2617
3 2869 2874 2616
3 2607 2869 2616
3 2868 2869 2607
3 2605 2868 2607
3 2866 2868 2605
3 2604 2866 2605
3 2865 2866 2604
3 2599 2865 2604
3 2853 2865 2599
3 2598 2853 2599
3 2846 2853 2598
3 2588 2846 2598
3 2839 2846 2588
3 2579 2839 2588
3 2833 2839 2579
3 2574 2833 2579
3 2819 2833 2574
3 2573 2819 2574
3 2813 2819 2573
3 2572 2813 2573
3 2807 2813 2572
3 2571 2807 2572
3 2805 2807 2571
3 2566 2805 2571
3 2799 2805 2566
3 2565 2799 2566
3 2789 2799 2565
3 2559 2789 2565
3 2782 2789 2559
3 2557 2782 2559
3 2776 2782 2557
3 2552 2776 2557
3 2770 2776 2552
3 2551 2770 2552
3 2763 2770 2551
3 2547 2763 2551
3 2756 2763 2547
3 2546 2756 2547
3 2750 2756 2546
3 2540 2750 2546
3 2744 2750 2540
3 2535 2744 2540
3 2738 2744 2535
3 2534 2738 2535
3 2735 2738 2534
3 2533 2735 2534
3 2728 2735 2533
3 2532 2728 2533
3 2726 2728 2532
3 2530 2726 2532
3 2719 2726 2530
3 2529 2719 2530
3 2519 2717 2719
3 2519 2719 2529
3 2517 2710 2717
3 2517 2717 2519
3 2516 2708 2710
3 2516 2710 2517
3 2515 2704 2708
3 2515 2708 2516
3 2514 2697 2704
3 2514 2704 2515
3 2513 2691 2697
3 2513 2697 2514
3 2512 2690 2691
3 2512 2691 2513
3 2511 2689 2690
3 2511 2690 2512
3 2510 2686 2689
3 2510 2689 2511
3 2510 2686 2688
3 2509 2510 2688
3 2508 2687 2688
3 2508 2688 2509
3 2107 2343 2442
3 2280 2107 2442
3 2443 2442 2280
3 2281 2443 2280
3 2283 2281 2443
3 2283 2443 2441
3 2444 2441 2283
3 2282 2444 2283
3 2440 2444 2282
3 2279 2440 2282
3 2439 2440 2279
3 2278 2439 2279
3 2438 2439 2278
3 2273 2438 2278
3 2437 2438 2273
3 2267 2437 2273
3 2436 2437 2267
3 2265 2436 2267
3 2435 2436 2265
3 2262 2435 2265
3 2434 2435 2262
3 2256 2434 2262
3 2433 2434 2256
3 2254 2433 2256
3 2420 2433 2254
3 2248 2420 2254
3 2419 2420 2248
3 2245 2419 2248
3 2418 2419 2245
3 2239 2418 2245
3 2417 2418 2239
3 2236 2417 2239
3 2416 2417 2236
3 2230 2416 2236
3 2415 2416 2230
3 2228 2415 2230
3 2414 2415 2228
3 2217 2414 2228
3 2413 2414 2217
3 2215 2413 2217
3 2408 2413 2215
3 2204 2408 2215
3 2407 2408 2204
3 2198 2407 2204
3 2406 2407 2198
3 2196 2406 2198
3 2405 2406 2196
3 2189 2405 2196
3 2404 2405 2189
3 2179 2404 2189
3 2383 2404 2179
3 2168 2383 2179
3 2382 2383 2168
3 2167 2382 2168
3 2381 2382 2167
3 2160 2381 2167
3 2380 2381 2160
3 2155 2380 2160
3 2379 2380 2155
3 2149 2379 2155
3 2143 2372 2379
3 2143 2379 2149
3 2137 2367 2372
3 2137 2372 2143
3 2129 2362 2367
3 2129 2367 2137
3 2119 2357 2362
3 2119 2362 2129
3 2117 2352 2357
3 2117 2357 2119
3 2115 2351 2352
3 2115 2352 2117
3 2114 2350 2351
3 2114 2351 2115
3 2110 2345 2350
3 2110 2350 2114
3 2109 2342 2345
3 2109 2345 2110
3 2109 2342 2344
3 2108 2109 2344
3 2107 2343 2344
3 2107 2344 2108
3 1913 2100 2270
3 2080 1913 2270
3 2271 2270 2080
3 2081 2271 2080
3 2082 2081 2271
3 2082 2271 2269
3 2272 2269 2082
3 2083 2272 2082
3 2268 2272 2083
3 2078 2268 2083
3 2266 2268 2078
3 2077 2266 2078
3 2264 2266 2077
3 2076 2264 2077
3 2263 2264 2076
3 2070 2263 2076
3 2257 2263 2070
3 2068 2257 2070
3 2255 2257 2068
3 2058 2255 2068
3 2253 2255 2058
3 2048 2253 2058
3 2246 2253 2048
3 2042 2246 2048
3 2244 2246 2042
3 2036 2244 2042
3 2238 2244 2036
3 2030 2238 2036
3 2237 2238 2030
3 2024 2237 2030
3 2231 2237 2024
3 2018 2231 2024
3 2229 2231 2018
3 2015 2229 2018
3 2222 2229 2015
3 2009 2222 2015
3 2216 2222 2009
3 1999 2216 2009
3 2205 2216 1999
3 1989 2205 1999
3 2199 2205 1989
3 1986 2199 1989
3 2197 2199 1986
3 1980 2197 1986
3 2190 2197 1980
3 1974 2190 1980
3 2180 2190 1974
3 1968 2180 1974
3 2169 2180 1968
3 1962 2169 1968
3 2166 2169 1962
3 1956 2166 1962
3 2161 2166 1956
3 1949 2161 1956
3 2154 2161 1949
3 1948 2154 1949
3 2148 2154 1948
3 1941 2148 1948
3 2142 2148 1941
3 1939 2142 1941
3 1932 2136 2142
3 1932 2142 1939
3 1930 2122 2136
3 1930 2136 1932
3 1928 2116 2122
3 1928 2122 1930
3 1922 2113 2116
3 1922 2116 1928
3 1920 2106 2113
3 1920 2113 1922
3 1919 2105 2106
3 1919 2106 1920
3 1917 2104 2105
3 1917 2105 1919
3 1915 2102 2104
3 1915 2104 1917
3 1916 2103 2102
3 1916 2102 1915
3 1916 2103 2101
3 1914 1916 2101
3 1914 2101 2100
3 1913 1914 2100
3 1755 1903 2073
3 1844 1755 2073
3 2074 2073 1844
3 1845 2074 1844
3 1843 1845 2074
3 1843 2074 2072
3 2075 2072 1843
3 1842 2075 1843
3 2071 2075 1842
3 1837 2071 1842
3 2069 2071 1837
3 1836 2069 1837
3 2066 2069 1836
3 1835 2066 1836
3 2065 2066 1835
3 1830 2065 1835
3 2053 2065 1830
3 1829 2053 1830
3 2047 2053 1829
3 1819 2047 1829
3 2041 2047 1819
3 1810 2041 1819
3 2035 2041 1810
3 1807 2035 1810
3 2029 2035 1807
3 1805 2029 1807
3 2023 2029 1805
3 1804 2023 1805
3 2017 2023 1804
3 1802 2017 1804
3 2016 2017 1802
3 1797 2016 1802
3 2010 2016 1797
3 1795 2010 1797
3 2000 2010 1795
3 1790 2000 1795
3 1994 2000 1790
3 1789 1994 1790
3 1988 1994 1789
3 1784 1988 1789
3 1981 1988 1784
3 1783 1981 1784
3 1977 1981 1783
3 1782 1977 1783
3 1969 1977 1782
3 1781 1969 1782
3 1963 1969 1781
3 1776 1963 1781
3 1957 1963 1776
3 1771 1957 1776
3 1950 1957 1771
3 1770 1950 1771
3 1946 1950 1770
3 1769 1946 1770
3 1940 1946 1769
3 1768 1940 1769
3 1937 1940 1768
3 1767 1937 1768
3 1931 1937 1767
3 1766 1931 1767
3 1929 1931 1766
3 1765 1929 1766
3 1764 1923 1929
3 1764 1929 1765
3 1763 1921 1923
3 1763 1923 1764
3 1761 1918 1921
3 1761 1921 1763
3 1760 1912 1918
3 1760 1918 1761
3 1758 1907 1912
3 1758 1912 1760
3 1757 1906 1907
3 1757 1907 1758
3 1754 1902 1906
3 1754 1906 1757
3 1753 1905 1902
3 1753 1902 1754
3 1753 1905 1904
3 1756 1753 1904
3 1755 1903 1904
3 1755 1904 1756
3 2453 2452 2392
3 2399 2453 2392
3 1801 2453 2399
3 1713 1801 2399
3 1712 1800 1801
3 1712 1801 1713
3 1712 1800 2452
3 2392 1712 2452
3 1800 2452 2392
3 1712 1800 2392
3 1711 1799 1800
3 1711 1800 1712
3 1711 1799 2451
3 2391 1711 2451
3 2452 2451 2391
3 2392 2452 2391
3 2451 2450 2384
3 2391 2451 2384
3 1799 2451 2391
3 1711 1799 2391
3 1710 1798 1799
3 1710 1799 1711
3 1710 1798 2450
3 2384 1710 2450
3 3279 3278 3201
3 3202 3279 3201
3 2568 3279 3202
3 2463 2568 3202
3 2462 2567 2568
3 2462 2568 2463
3 2462 2567 3278
3 3201 2462 3278
3 2569 3280 3203
3 2464 2569 3203
3 2463 2568 2569
3 2463 2569 2464
3 2463 2568 3279
3 3202 2463 3279
3 3280 3279 3202
3 3203 3280 3202
3 3281 3280 3203
3 3204 3281 3203
3 2570 3281 3204
3 2465 2570 3204
3 2464 2569 2570
3 2464 2570 2465
3 2464 2569 3280
3 3203 2464 3280
3 4134 4133 4046
3 4047 4134 4046
3 3424 4134 4047
3 3329 3424 4047
3 3328 3423 3424
3 3328 3424 3329
3 3328 3423 4133
3 4046 3328 4133
3 3327 3422 4132
3 4045 3327 4132
3 4133 4132 4045
3 4046 4133 4045
3 3423 4133 4046
3 3328 3423 4046
3 3327 3422 3423
3 3327 3423 3328
3 4132 4131 4044
3 4045 4132 4044
3 3422 4132 4045
3 3327 3422 4045
3 3326 3421 3422
3 3326 3422 3327
3 3326 3421 4131
3 4044 3326 4131
3 4995 4994 4907
3 4908 4995 4907
3 4273 4995 4908
3 4168 4273 4908
3 4167 4272 4273
3 4167 4273 4168
3 4167 4272 4994
3 4907 4167 4994
3 4274 4996 4909
3 4169 4274 4909
3 4168 4273 4274
3 4168 4274 4169
3 4168 4273 4995
3 4908 4168 4995
3 4996 4995 4908
3 4909 4996 4908
3 4997 4996 4909
3 4910 4997 4909
3 4275 4997 4910
3 4170 4275 4910
3 4169 4274 4275
3 4169 4275 4170
3 4169 4274 4996
3 4909 4169 4996
3 5848 5847 5765
3 5766 5848 5765
3 5137 5848 5766
3 5057 5137 5766
3 5050 5136 5137
3 5050 5137 5057
3 5050 5136 5847
3 5765 5050 5847
3 5136 5847 5765
3 5050 5136 5765
3 5049 5135 5136
3 5049 5136 5050
3 5049 5135 5846
3 5764 5049 5846
3 5847 5846 5764
3 5765 5847 5764
3 5846 5845 5763
3 5764 5846 5763
3 5135 5846 5764
3 5049 5135 5764
3 5042 5134 5135
3 5042 5135 5049
3 5042 5134 5845
3 5763 5042 5845
3 5987 6705 6617
3 5899 5987 6617
3 5892 5986 5987
3 5892 5987 5899
3 5892 5986 6704
3 6616 5892 6704
3 6705 6704 6616
3 6617 6705 6616
3 5988 6706 6618
3 5900 5988 6618
3 5899 5987 5988
3 5899 5988 5900
3 5899 5987 6705
3 6617 5899 6705
3 6706 6705 6617
3 6618 6706 6617
3 6707 6706 6618
3 6619 6707 6618
3 5989 6707 6619
3 5907 5989 6619
3 5900 5988 5989
3 5900 5989 5907
3 5900 5988 6706
3 6618 5900 6706
3 6757 6872 7609
3 7515 6757 7609
3 7610 7609 7515
3 7516 7610 7515
3 6873 7610 7516
3 6758 6873 7516
3 6757 6872 6873
3 6757 6873 6758
3 6756 6871 7608
3 7514 6756 7608
3 7609 7608 7514
3 7515 7609 7514
3 6872 7609 7515
3 6757 6872 7515
3 6756 6871 6872
3 6756 6872 6757
3 7608 7607 7513
3 7514 7608 7513
3 6871 7608 7514
3 6756 6871 7514
3 6755 6870 6871
3 6755 6871 6756
3 6755 6870 7607
3 7513 6755 7607
3 7656 7683 7684
3 7656 7684 7657
3 1704 7683 7656
3 1702 1704 7656
3 1705 1704 1702
3 1703 1705 1702
3 1703 1705 7684
3 7657 1703 7684
3 7213 7471 7591
3 7403 7213 7591
3 3223 3222 3233
3 3234 3223 3233
3 3234 3233 3139
3 3140 3234 3139
3 3114 3140 3139
3 3114 3139 3113
3 3223 3114 3113
3 3223 3113 3222
3 3102 3101 3131
3 3132 3102 3131
3 3132 3131 3023
3 3024 3132 3023
3 2991 3024 3023
3 2991 3023 2990
3 3102 2991 2990
3 3102 2990 3101
3 2980 2979 3011
3 3012 2980 3011
3 3012 3011 2899
3 2900 3012 2899
3 2890 2900 2899
3 2890 2899 2889
3 2980 2890 2889
3 2980 2889 2979
3 2886 2885 2895
3 2896 2886 2895
3 2896 2895 2794
3 2795 2896 2794
3 2758 2795 2794
3 2758 2794 2757
3 2886 2758 2757
3 2886 2757 2885
3 2746 2745 2783
3 2784 2746 2783
3 2784 2783 2673
3 2674 2784 2673
3 2647 2674 2673
3 2647 2673 2646
3 2746 2647 2646
3 2746 2646 2745
3 2639 2638 2664
3 2665 2639 2664
3 2665 2664 2561
3 2562 2665 2561
3 2543 2562 2561
3 2543 2561 2542
3 2639 2543 2542
3 2639 2542 2638
3 2537 2536 2553
3 2554 2537 2553
3 2554 2553 2498
3 2499 2554 2498
3 2483 2499 2498
3 2483 2498 2482
3 2537 2483 2482
3 2537 2482 2536
3 3225 3224 3235
3 3236 3225 3235
3 3236 3235 3141
3 3142 3236 3141
3 3116 3142 3141
3 3116 3141 3115
3 3225 3116 3115
3 3225 3115 3224
3 3104 3103 3133
3 3134 3104 3133
3 3134 3133 3025
3 3026 3134 3025
3 2993 3026 3025
3 2993 3025 2992
3 3104 2993 2992
3 3104 2992 3103
3 2982 2981 3013
3 3014 2982 3013
3 3014 3013 2901
3 2902 3014 2901
3 2892 2902 2901
3 2892 2901 2891
3 2982 2892 2891
3 2982 2891 2981
3 2888 2887 2897
3 2898 2888 2897
3 2898 2897 2796
3 2797 2898 2796
3 2760 2797 2796
3 2760 2796 2759
3 2888 2760 2759
3 2888 2759 2887
3 2748 2747 2785
3 2786 2748 2785
3 2786 2785 2675
3 2676 2786 2675
3 2649 2676 2675
3 2649 2675 2648
3 2748 2649 2648
3 2748 2648 2747
3 2641 2640 2666
3 2667 2641 2666
3 2667 2666 2563
3 2564 2667 2563
3 2545 2564 2563
3 2545 2563 2544
3 2641 2545 2544
3 2641 2544 2640
3 2539 2538 2555
3 2556 2539 2555
3 2556 2555 2500
3 2501 2556 2500
3 2485 2501 2500
3 2485 2500 2484
3 2539 2485 2484
3 2539 2484 2538
3 4066 4065 4076
3 4077 4066 4076
3 4077 4076 3977
3 3978 4077 3977
3 3953 3978 3977
3 3953 3977 3952
3 4066 3953 3952
3 4066 3952 4065
3 3945 3944 3969
3 3970 3945 3969
3 3970 3969 3869
3 3870 3970 3869
3 3834 3870 3869
3 3834 3869 3833
3 3945 3834 3833
3 3945 3833 3944
3 3824 3823 3855
3 3856 3824 3855
3 3856 3855 3742
3 3743 3856 3742
3 3735 3743 3742
3 3735 3742 3734
3 3824 3735 3734
3 3824 3734 3823
3 3731 3730 3738
3 3739 3731 3738
3 3739 3738 3645
3 3646 3739 3645
3 3604 3646 3645
3 3604 3645 3603
3 3731 3604 3603
3 3731 3603 3730
3 3592 3591 3635
3 3636 3592 3635
3 3636 3635 3520
3 3521 3636 3520
3 3496 3521 3520
3 3496 3520 3495
3 3592 3496 3495
3 3592 3495 3591
3 3488 3487 3511
3 3512 3488 3511
3 3512 3511 3415
3 3416 3512 3415
3 3398 3416 3415
3 3398 3415 3397
3 3488 3398 3397
3 3488 3397 3487
3 3392 3391 3408
3 3409 3392 3408
3 3409 3408 3365
3 3366 3409 3365
3 3350 3366 3365
3 3350 3365 3349
3 3392 3350 3349
3 3392 3349 3391
3 4068 4067 4078
3 4079 4068 4078
3 4079 4078 3979
3 3980 4079 3979
3 3955 3980 3979
3 3955 3979 3954
3 4068 3955 3954
3 4068 3954 4067
3 3947 3946 3971
3 3972 3947 3971
3 3972 3971 3871
3 3872 3972 3871
3 3836 3872 3871
3 3836 3871 3835
3 3947 3836 3835
3 3947 3835 3946
3 3826 3825 3857
3 3858 3826 3857
3 3858 3857 3744
3 3745 3858 3744
3 3737 3745 3744
3 3737 3744 3736
3 3826 3737 3736
3 3826 3736 3825
3 3733 3732 3740
3 3741 3733 3740
3 3741 3740 3647
3 3648 3741 3647
3 3606 3648 3647
3 3606 3647 3605
3 3733 3606 3605
3 3733 3605 3732
3 3594 3593 3637
3 3638 3594 3637
3 3638 3637 3522
3 3523 3638 3522
3 3498 3523 3522
3 3498 3522 3497
3 3594 3498 3497
3 3594 3497 3593
3 3490 3489 3513
3 3514 3490 3513
3 3514 3513 3417
3 3418 3514 3417
3 3400 3418 3417
3 3400 3417 3399
3 3490 3400 3399
3 3490 3399 3489
3 3394 3393 3410
3 3411 3394 3410
3 3411 3410 3367
3 3368 3411 3367
3 3352 3368 3367
3 3352 3367 3351
3 3394 3352 3351
3 3394 3351 3393
3 4929 4928 4938
3 4939 4929 4938
3 4939 4938 4841
3 4842 4939 4841
3 4812 4842 4841
3 4812 4841 4811
3 4929 4812 4811
3 4929 4811 4928
3 4803 4802 4829
3 4830 4803 4829
3 4830 4829 4720
3 4721 4830 4720
3 4687 4721 4720
3 4687 4720 4686
3 4803 4687 4686
3 4803 4686 4802
3 4677 4676 4707
3 4708 4677 4707
3 4708 4707 4593
3 4594 4708 4593
3 4583 4594 4593
3 4583 4593 4582
3 4677 4583 4582
3 4677 4582 4676
3 4579 4578 4589
3 4590 4579 4589
3 4590 4589 4488
3 4489 4590 4488
3 4453 4489 4488
3 4453 4488 4452
3 4579 4453 4452
3 4579 4452 4578
3 4441 4440 4476
3 4477 4441 4476
3 4477 4476 4367
3 4368 4477 4367
3 4341 4368 4367
3 4341 4367 4340
3 4441 4341 4340
3 4441 4340 4440
3 4333 4332 4359
3 4360 4333 4359
3 4360 4359 4267
3 4268 4360 4267
3 4252 4268 4267
3 4252 4267 4251
3 4333 4252 4251
3 4333 4251 4332
3 4246 4245 4261
3 4262 4246 4261
3 4262 4261 4218
3 4219 4262 4218
3 4198 4219 4218
3 4198 4218 4197
3 4246 4198 4197
3 4246 4197 4245
3 4931 4930 4940
3 4941 4931 4940
3 4941 4940 4843
3 4844 4941 4843
3 4814 4844 4843
3 4814 4843 4813
3 4931 4814 4813
3 4931 4813 4930
3 4805 4804 4831
3 4832 4805 4831
3 4832 4831 4722
3 4723 4832 4722
3 4689 4723 4722
3 4689 4722 4688
3 4805 4689 4688
3 4805 4688 4804
3 4679 4678 4709
3 4710 4679 4709
3 4710 4709 4595
3 4596 4710 4595
3 4585 4596 4595
3 4585 4595 4584
3 4679 4585 4584
3 4679 4584 4678
3 4581 4580 4591
3 4592 4581 4591
3 4592 4591 4490
3 4491 4592 4490
3 4455 4491 4490
3 4455 4490 4454
3 4581 4455 4454
3 4581 4454 4580
3 4443 4442 4478
3 4479 4443 4478
3 4479 4478 4369
3 4370 4479 4369
3 4343 4370 4369
3 4343 4369 4342
3 4443 4343 4342
3 4443 4342 4442
3 4335 4334 4361
3 4362 4335 4361
3 4362 4361 4269
3 4270 4362 4269
3 4254 4270 4269
3 4254 4269 4253
3 4335 4254 4253
3 4335 4253 4334
3 4248 4247 4263
3 4264 4248 4263
3 4264 4263 4220
3 4221 4264 4220
3 4200 4221 4220
3 4200 4220 4199
3 4248 4200 4199
3 4248 4199 4247
3 5785 5784 5796
3 5797 5785 5796
3 5797 5796 5697
3 5698 5797 5697
3 5672 5698 5697
3 5672 5697 5671
3 5785 5672 5671
3 5785 5671 5784
3 5662 5661 5689
3 5690 5662 5689
3 5690 5689 5590
3 5591 5690 5590
3 5557 5591 5590
3 5557 5590 5556
3 5662 5557 5556
3 5662 5556 5661
3 5538 5537 5578
3 5579 5538 5578
3 5579 5578 5457
3 5458 5579 5457
3 5450 5458 5457
3 5450 5457 5449
3 5538 5450 5449
3 5538 5449 5537
3 5445 5444 5453
3 5454 5445 5453
3 5454 5453 5362
3 5363 5454 5362
3 5325 5363 5362
3 5325 5362 5324
3 5445 5325 5324
3 5445 5324 5444
3 5312 5311 5350
3 5351 5312 5350
3 5351 5350 5234
3 5235 5351 5234
3 5208 5235 5234
3 5208 5234 5207
3 5312 5208 5207
3 5312 5207 5311
3 5200 5199 5226
3 5227 5200 5226
3 5227 5226 5128
3 5129 5227 5128
3 5112 5129 5128
3 5112 5128 5111
3 5200 5112 5111
3 5200 5111 5199
3 5105 5104 5121
3 5122 5105 5121
3 5122 5121 5075
3 5076 5122 5075
3 5060 5076 5075
3 5060 5075 5059
3 5105 5060 5059
3 5105 5059 5104
3 5787 5786 5798
3 5799 5787 5798
3 5799 5798 5699
3 5700 5799 5699
3 5674 5700 5699
3 5674 5699 5673
3 5787 5674 5673
3 5787 5673 5786
3 5664 5663 5691
3 5692 5664 5691
3 5692 5691 5592
3 5593 5692 5592
3 5559 5593 5592
3 5559 5592 5558
3 5664 5559 5558
3 5664 5558 5663
3 5540 5539 5580
3 5581 5540 5580
3 5581 5580 5459
3 5460 5581 5459
3 5452 5460 5459
3 5452 5459 5451
3 5540 5452 5451
3 5540 5451 5539
3 5447 5446 5455
3 5456 5447 5455
3 5456 5455 5364
3 5365 5456 5364
3 5327 5365 5364
3 5327 5364 5326
3 5447 5327 5326
3 5447 5326 5446
3 5314 5313 5352
3 5353 5314 5352
3 5353 5352 5236
3 5237 5353 5236
3 5210 5237 5236
3 5210 5236 5209
3 5314 5210 5209
3 5314 5209 5313
3 5202 5201 5228
3 5229 5202 5228
3 5229 5228 5130
3 5131 5229 5130
3 5114 5131 5130
3 5114 5130 5113
3 5202 5114 5113
3 5202 5113 5201
3 5107 5106 5123
3 5124 5107 5123
3 5124 5123 5077
3 5078 5124 5077
3 5062 5078 5077
3 5062 5077 5061
3 5107 5062 5061
3 5107 5061 5106
3 6637 6636 6648
3 6649 6637 6648
3 6649 6648 6548
3 6549 6649 6548
3 6524 6549 6548
3 6524 6548 6523
3 6637 6524 6523
3 6637 6523 6636
3 6516 6515 6539
3 6540 6516 6539
3 6540 6539 6433
3 6434 6540 6433
3 6402 6434 6433
3 6402 6433 6401
3 6516 6402 6401
3 6516 6401 6515
3 6391 6390 6421
3 6422 6391 6421
3 6422 6421 6307
3 6308 6422 6307
3 6299 6308 6307
3 6299 6307 6298
3 6391 6299 6298
3 6391 6298 6390
3 6295 6294 6303
3 6304 6295 6303
3 6304 6303 6210
3 6211 6304 6210
3 6172 6211 6210
3 6172 6210 6171
3 6295 6172 6171
3 6295 6171 6294
3 6157 6156 6197
3 6198 6157 6197
3 6198 6197 6084
3 6085 6198 6084
3 6059 6085 6084
3 6059 6084 6058
3 6157 6059 6058
3 6157 6058 6156
3 6051 6050 6076
3 6077 6051 6076
3 6077 6076 5980
3 5981 6077 5980
3 5967 5981 5980
3 5967 5980 5966
3 6051 5967 5966
3 6051 5966 6050
3 5960 5959 5974
3 5975 5960 5974
3 5975 5974 5929
3 5930 5975 5929
3 5912 5930 5929
3 5912 5929 5911
3 5960 5912 5911
3 5960 5911 5959
3 6639 6638 6650
3 6651 6639 6650
3 6651 6650 6550
3 6551 6651 6550
3 6526 6551 6550
3 6526 6550 6525
3 6639 6526 6525
3 6639 6525 6638
3 6518 6517 6541
3 6542 6518 6541
3 6542 6541 6435
3 6436 6542 6435
3 6404 6436 6435
3 6404 6435 6403
3 6518 6404 6403
3 6518 6403 6517
3 6393 6392 6423
3 6424 6393 6423
3 6424 6423 6309
3 6310 6424 6309
3 6301 6310 6309
3 6301 6309 6300
3 6393 6301 6300
3 6393 6300 6392
3 6297 6296 6305
3 6306 6297 6305
3 6306 6305 6212
3 6213 6306 6212
3 6174 6213 6212
3 6174 6212 6173
3 6297 6174 6173
3 6297 6173 6296
3 6159 6158 6199
3 6200 6159 6199
3 6200 6199 6086
3 6087 6200 6086
3 6061 6087 6086
3 6061 6086 6060
3 6159 6061 6060
3 6159 6060 6158
3 6053 6052 6078
3 6079 6053 6078
3 6079 6078 5982
3 5983 6079 5982
3 5969 5983 5982
3 5969 5982 5968
3 6053 5969 5968
3 6053 5968 6052
3 5962 5961 5976
3 5977 5962 5976
3 5977 5976 5931
3 5932 5977 5931
3 5914 5932 5931
3 5914 5931 5913
3 5962 5914 5913
3 5962 5913 5961
3 7536 7535 7546
3 7547 7536 7546
3 7547 7546 7448
3 7449 7547 7448
3 7423 7449 7448
3 7423 7448 7422
3 7536 7423 7422
3 7536 7422 7535
3 7419 7418 7440
3 7441 7419 7440
3 7441 7440 7333
3 7334 7441 7333
3 7296 7334 7333
3 7296 7333 7295
3 7419 7296 7295
3 7419 7295 7418
3 7283 7282 7321
3 7322 7283 7321
3 7322 7321 7199
3 7200 7322 7199
3 7190 7200 7199
3 7190 7199 7189
3 7283 7190 7189
3 7283 7189 7282
3 7185 7184 7195
3 7196 7185 7195
3 7196 7195 7094
3 7095 7196 7094
3 7060 7095 7094
3 7060 7094 7059
3 7185 7060 7059
3 7185 7059 7184
3 7047 7046 7084
3 7085 7047 7084
3 7085 7084 6968
3 6969 7085 6968
3 6942 6969 6968
3 6942 6968 6941
3 7047 6942 6941
3 7047 6941 7046
3 6933 6932 6958
3 6959 6933 6958
3 6959 6958 6861
3 6862 6959 6861
3 6843 6862 6861
3 6843 6861 6842
3 6933 6843 6842
3 6933 6842 6932
3 6838 6837 6854
3 6855 6838 6854
3 6855 6854 6802
3 6803 6855 6802
3 6785 6803 6802
3 6785 6802 6784
3 6838 6785 6784
3 6838 6784 6837
3 7538 7537 7548
3 7549 7538 7548
3 7549 7548 7450
3 7451 7549 7450
3 7425 7451 7450
3 7425 7450 7424
3 7538 7425 7424
3 7538 7424 7537
3 7421 7420 7442
3 7443 7421 7442
3 7443 7442 7335
3 7336 7443 7335
3 7298 7336 7335
3 7298 7335 7297
3 7421 7298 7297
3 7421 7297 7420
3 7285 7284 7323
3 7324 7285 7323
3 7324 7323 7201
3 7202 7324 7201
3 7192 7202 7201
3 7192 7201 7191
3 7285 7192 7191
3 7285 7191 7284
3 7187 7186 7197
3 7198 7187 7197
3 7198 7197 7096
3 7097 7198 7096
3 7062 7097 7096
3 7062 7096 7061
3 7187 7062 7061
3 7187 7061 7186
3 7049 7048 7086
3 7087 7049 7086
3 7087 7086 6970
3 6971 7087 6970
3 6944 6971 6970
3 6944 6970 6943
3 7049 6944 6943
3 7049 6943 7048
3 6935 6934 6960
3 6961 6935 6960
3 6961 6960 6863
3 6864 6961 6863
3 6845 6864 6863
3 6845 6863 6844
3 6935 6845 6844
3 6935 6844 6934
3 6840 6839 6856
3 6857 6840 6856
3 6857 6856 6804
3 6805 6857 6804
3 6787 6805 6804
3 6787 6804 6786
3 6840 6787 6786
3 6840 6786 6839
3 9459 9458 9468
3 9469 9459 9468
3 9469 9468 9370
3 9371 9469 9370
3 9328 9371 9370
3 9328 9370 9327
3 9459 9328 9327
3 9459 9327 9458
3 9321 9320 9358
3 9359 9321 9358
3 9359 9358 9232
3 9233 9359 9232
3 9200 9233 9232
3 9200 9232 9199
3 9321 9200 9199
3 9321 9199 9320
3 9189 9188 9221
3 9222 9189 9221
3 9222 9221 9095
3 9096 9222 9095
3 9073 9096 9095
3 9073 9095 9072
3 9189 9073 9072
3 9189 9072 9188
3 9069 9068 9085
3 9086 9069 9085
3 9086 9085 8933
3 8934 9086 8933
3 8863 8934 8933
3 8863 8933 8862
3 9069 8863 8862
3 9069 8862 9068
3 8850 8849 8887
3 8888 8850 8887
3 8888 8887 8752
3 8753 8888 8752
3 8716 8753 8752
3 8716 8752 8715
3 8850 8716 8715
3 8850 8715 8849
3 8708 8707 8739
3 8740 8708 8739
3 8740 8739 8615
3 8616 8740 8615
3 8598 8616 8615
3 8598 8615 8597
3 8708 8598 8597
3 8708 8597 8707
3 8591 8590 8606
3 8607 8591 8606
3 8607 8606 8543
3 8544 8607 8543
3 8518 8544 8543
3 8518 8543 8517
3 8591 8518 8517
3 8591 8517 8590
3 9461 9460 9470
3 9471 9461 9470
3 9471 9470 9372
3 9373 9471 9372
3 9330 9373 9372
3 9330 9372 9329
3 9461 9330 9329
3 9461 9329 9460
3 9323 9322 9360
3 9361 9323 9360
3 9361 9360 9234
3 9235 9361 9234
3 9202 9235 9234
3 9202 9234 9201
3 9323 9202 9201
3 9323 9201 9322
3 9191 9190 9223
3 9224 9191 9223
3 9224 9223 9097
3 9098 9224 9097
3 9075 9098 9097
3 9075 9097 9074
3 9191 9075 9074
3 9191 9074 9190
3 9071 9070 9087
3 9088 9071 9087
3 9088 9087 8935
3 8936 9088 8935
3 8865 8936 8935
3 8865 8935 8864
3 9071 8865 8864
3 9071 8864 9070
3 8852 8851 8889
3 8890 8852 8889
3 8890 8889 8754
3 8755 8890 8754
3 8718 8755 8754
3 8718 8754 8717
3 8852 8718 8717
3 8852 8717 8851
3 8710 8709 8741
3 8742 8710 8741
3 8742 8741 8617
3 8618 8742 8617
3 8600 8618 8617
3 8600 8617 8599
3 8710 8600 8599
3 8710 8599 8709
3 8593 8592 8608
3 8609 8593 8608
3 8609 8608 8545
3 8546 8609 8545
3 8520 8546 8545
3 8520 8545 8519
3 8593 8520 8519
3 8593 8519 8592
3 14872 14871 14712
3 14713 14872 14712
3 14711 14713 14872
3 14711 14872 14870
3 14873 14870 14711
3 14714 14873 14711
3 14869 14873 14714
3 14710 14869 14714
3 14868 14869 14710
3 14709 14868 14710
3 14867 14868 14709
3 14704 14867 14709
3 14866 14867 14704
3 14699 14866 14704
3 14865 14866 14699
3 14695 14865 14699
3 14864 14865 14695
3 14692 14864 14695
3 14863 14864 14692
3 14686 14863 14692
3 14862 14863 14686
3 14684 14862 14686
3 14849 14862 14684
3 14678 14849 14684
3 14848 14849 14678
3 14676 14848 14678
3 14847 14848 14676
3 14670 14847 14676
3 14846 14847 14670
3 14668 14846 14670
3 14845 14846 14668
3 14662 14845 14668
3 14844 14845 14662
3 14658 14844 14662
3 14843 14844 14658
3 14648 14843 14658
3 14838 14843 14648
3 14645 14838 14648
3 14837 14838 14645
3 14635 14837 14645
3 14836 14837 14635
3 14629 14836 14635
3 14835 14836 14629
3 14622 14835 14629
3 14834 14835 14622
3 14620 14834 14622
3 14833 14834 14620
3 14609 14833 14620
3 14812 14833 14609
3 14599 14812 14609
3 14811 14812 14599
3 14593 14811 14599
3 14810 14811 14593
3 14592 14810 14593
3 14809 14810 14592
3 14586 14809 14592
3 14808 14809 14586
3 14579 14808 14586
3 14573 14805 14808
3 14573 14808 14579
3 14567 14792 14805
3 14567 14805 14573
3 14561 14787 14792
3 14561 14792 14567
3 14549 14786 14787
3 14549 14787 14561
3 14547 14781 14786
3 14547 14786 14549
3 14546 14780 14781
3 14546 14781 14547
3 14544 14775 14780
3 14544 14780 14546
3 14542 14773 14775
3 14542 14775 14544
3 14543 14774 14773
3 14543 14773 14542
3 14543 14774 14772
3 14541 14543 14772
3 14540 14771 14772
3 14540 14772 14541
3 14336 14535 14702
3 14513 14336 14702
3 14703 14702 14513
3 14514 14703 14513
3 14516 14514 14703
3 14516 14703 14701
3 14700 14701 14516
3 14515 14700 14516
3 14697 14700 14515
3 14512 14697 14515
3 14696 14697 14512
3 14509 14696 14512
3 14694 14696 14509
3 14508 14694 14509
3 14693 14694 14508
3 14502 14693 14508
3 14687 14693 14502
3 14500 14687 14502
3 14685 14687 14500
3 14491 14685 14500
3 14683 14685 14491
3 14484 14683 14491
3 14677 14683 14484
3 14474 14677 14484
3 14675 14677 14474
3 14468 14675 14474
3 14669 14675 14468
3 14462 14669 14468
3 14667 14669 14462
3 14456 14667 14462
3 14660 14667 14456
3 14449 14660 14456
3 14659 14660 14449
3 14447 14659 14449
3 14649 14659 14447
3 14441 14649 14447
3 14646 14649 14441
3 14427 14646 14441
3 14636 14646 14427
3 14417 14636 14427
3 14630 14636 14417
3 14415 14630 14417
3 14627 14630 14415
3 14408 14627 14415
3 14621 14627 14408
3 14402 14621 14408
3 14610 14621 14402
3 14396 14610 14402
3 14600 14610 14396
3 14390 14600 14396
3 14598 14600 14390
3 14379 14598 14390
3 14591 14598 14379
3 14373 14591 14379
3 14584 14591 14373
3 14367 14584 14373
3 14578 14584 14367
3 14365 14578 14367
3 14572 14578 14365
3 14363 14572 14365
3 14357 14562 14572
3 14357 14572 14363
3 14355 14556 14562
3 14355 14562 14357
3 14348 14548 14556
3 14348 14556 14355
3 14346 14545 14548
3 14346 14548 14348
3 14345 14539 14545
3 14345 14545 14346
3 14343 14538 14539
3 14343 14539 14345
3 14342 14537 14538
3 14342 14538 14343
3 14339 14534 14537
3 14339 14537 14342
3 14338 14533 14534
3 14338 14534 14339
3 14338 14533 14536
3 14337 14338 14536
3 14336 14535 14536
3 14336 14536 14337
3 14167 14323 14505
3 14261 14167 14505
3 14506 14505 14261
3 14262 14506 14261
3 14260 14262 14506
3 14260 14506 14504
3 14507 14504 14260
3 14264 14507 14260
3 14503 14507 14264
3 14255 14503 14264
3 14501 14503 14255
3 14254 14501 14255
3 14499 14501 14254
3 14253 14499 14254
3 14498 14499 14253
3 14248 14498 14253
3 14485 14498 14248
3 14243 14485 14248
3 14479 14485 14243
3 14238 14479 14243
3 14473 14479 14238
3 14227 14473 14238
3 14467 14473 14227
3 14221 14467 14227
3 14461 14467 14221
3 14220 14461 14221
3 14455 14461 14220
3 14218 14455 14220
3 14454 14455 14218
3 14217 14454 14218
3 14448 14454 14217
3 14216 14448 14217
3 14442 14448 14216
3 14211 14442 14216
3 14428 14442 14211
3 14206 14428 14211
3 14418 14428 14206
3 14204 14418 14206
3 14416 14418 14204
3 14199 14416 14204
3 14409 14416 14199
3 14196 14409 14199
3 14403 14409 14196
3 14195 14403 14196
3 14397 14403 14195
3 14190 14397 14195
3 14391 14397 14190
3 14188 14391 14190
3 14378 14391 14188
3 14183 14378 14188
3 14372 14378 14183
3 14182 14372 14183
3 14366 14372 14182
3 14181 14366 14182
3 14364 14366 14181
3 14180 14364 14181
3 14362 14364 14180
3 14179 14362 14180
3 14356 14362 14179
3 14178 14356 14179
3 14177 14353 14356
3 14177 14356 14178
3 14176 14347 14353
3 14176 14353 14177
3 14175 14344 14347
3 14175 14347 14176
3 14174 14340 14344
3 14174 14344 14175
3 14173 14333 14340
3 14173 14340 14174
3 14171 14328 14333
3 14171 14333 14173
3 14170 14327 14328
3 14170 14328 14171
3 14166 14325 14327
3 14166 14327 14170
3 14169 14326 14325
3 14169 14325 14166
3 14169 14326 14324
3 14168 14169 14324
3 14167 14323 14324
3 14167 14324 14168
3 13794 14023 14123
3 13963 13794 14123
3 14124 14123 13963
3 13964 14124 13963
3 13962 13964 14124
3 13962 14124 14122
3 14125 14122 13962
3 13961 14125 13962
3 14121 14125 13961
3 13960 14121 13961
3 14120 14121 13960
3 13959 14120 13960
3 14119 14120 13959
3 13954 14119 13959
3 14118 14119 13954
3 13948 14118 13954
3 14117 14118 13948
3 13946 14117 13948
3 14116 14117 13946
3 13942 14116 13946
3 14115 14116 13942
3 13936 14115 13942
3 14112 14115 13936
3 13933 14112 13936
3 14099 14112 13933
3 13927 14099 13933
3 14098 14099 13927
3 13925 14098 13927
3 14097 14098 13925
3 13919 14097 13925
3 14096 14097 13919
3 13916 14096 13919
3 14095 14096 13916
3 13909 14095 13916
3 14094 14095 13909
3 13907 14094 13909
3 14093 14094 13907
3 13897 14093 13907
3 14092 14093 13897
3 13895 14092 13897
3 14087 14092 13895
3 13885 14087 13895
3 14086 14087 13885
3 13879 14086 13885
3 14085 14086 13879
3 13877 14085 13879
3 14084 14085 13877
3 13871 14084 13877
3 14083 14084 13871
3 13861 14083 13871
3 14062 14083 13861
3 13851 14062 13861
3 14061 14062 13851
3 13850 14061 13851
3 14060 14061 13850
3 13843 14060 13850
3 14059 14060 13843
3 13838 14059 13843
3 14058 14059 13838
3 13831 14058 13838
3 13825 14051 14058
3 13825 14058 13831
3 13819 14046 14051
3 13819 14051 13825
3 13809 14041 14046
3 13809 14046 13819
3 13801 14036 14041
3 13801 14041 13809
3 13800 14031 14036
3 13800 14036 13801
3 13798 14030 14031
3 13798 14031 13800
3 13796 14029 14030
3 13796 14030 13798
3 13793 14022 14029
3 13793 14029 13796
3 13792 14021 14022
3 13792 14022 13793
3 13792 14021 14024
3 13795 13792 14024
3 13794 14023 14024
3 13794 14024 13795
3 13592 13784 13950
3 13765 13592 13950
3 13951 13950 13765
3 13766 13951 13765
3 13764 13766 13951
3 13764 13951 13953
3 13952 13953 13764
3 13767 13952 13764
3 13949 13952 13767
3 13763 13949 13767
3 13947 13949 13763
3 13762 13947 13763
3 13945 13947 13762
3 13761 13945 13762
3 13944 13945 13761
3 13754 13944 13761
3 13937 13944 13754
3 13752 13937 13754
3 13935 13937 13752
3 13743 13935 13752
3 13932 13935 13743
3 13733 13932 13743
3 13926 13932 13733
3 13727 13926 13733
3 13924 13926 13727
3 13721 13924 13727
3 13918 13924 13721
3 13715 13918 13721
3 13917 13918 13715
3 13709 13917 13715
3 13910 13917 13709
3 13703 13910 13709
3 13908 13910 13703
3 13700 13908 13703
3 13902 13908 13700
3 13694 13902 13700
3 13896 13902 13694
3 13684 13896 13694
3 13886 13896 13684
3 13673 13886 13684
3 13880 13886 13673
3 13671 13880 13673
3 13878 13880 13671
3 13665 13878 13671
3 13872 13878 13665
3 13658 13872 13665
3 13862 13872 13658
3 13652 13862 13658
3 13852 13862 13652
3 13641 13852 13652
3 13849 13852 13641
3 13639 13849 13641
3 13844 13849 13639
3 13633 13844 13639
3 13837 13844 13633
3 13632 13837 13633
3 13830 13837 13632
3 13624 13830 13632
3 13824 13830 13624
3 13621 13824 13624
3 13615 13818 13824
3 13615 13824 13621
3 13612 13804 13818
3 13612 13818 13615
3 13608 13799 13804
3 13608 13804 13612
3 13602 13797 13799
3 13602 13799 13608
3 13600 13790 13797
3 13600 13797 13602
3 13598 13789 13790
3 13598 13790 13600
3 13596 13788 13789
3 13596 13789 13598
3 13594 13786 13788
3 13594 13788 13596
3 13595 13787 13786
3 13595 13786 13594
3 13595 13787 13785
3 13593 13595 13785
3 13593 13785 13784
3 13592 13593 13784
3 13415 13580 13757
3 13518 13415 13757
3 13758 13757 13518
3 13519 13758 13518
3 13517 13519 13758
3 13517 13758 13756
3 13759 13756 13517
3 13514 13759 13517
3 13755 13759 13514
3 13509 13755 13514
3 13753 13755 13509
3 13507 13753 13509
3 13751 13753 13507
3 13506 13751 13507
3 13750 13751 13506
3 13501 13750 13506
3 13738 13750 13501
3 13500 13738 13501
3 13732 13738 13500
3 13495 13732 13500
3 13726 13732 13495
3 13481 13726 13495
3 13720 13726 13481
3 13474 13720 13481
3 13714 13720 13474
3 13473 13714 13474
3 13708 13714 13473
3 13472 13708 13473
3 13702 13708 13472
3 13469 13702 13472
3 13701 13702 13469
3 13464 13701 13469
3 13695 13701 13464
3 13463 13695 13464
3 13685 13695 13463
3 13458 13685 13463
3 13678 13685 13458
3 13456 13678 13458
3 13672 13678 13456
3 13451 13672 13456
3 13666 13672 13451
3 13450 13666 13451
3 13661 13666 13450
3 13445 13661 13450
3 13653 13661 13445
3 13444 13653 13445
3 13646 13653 13444
3 13439 13646 13444
3 13640 13646 13439
3 13434 13640 13439
3 13634 13640 13434
3 13433 13634 13434
3 13629 13634 13433
3 13432 13629 13433
3 13622 13629 13432
3 13431 13622 13432
3 13620 13622 13431
3 13430 13620 13431
3 13613 13620 13430
3 13429 13613 13430
3 13428 13609 13613
3 13428 13613 13429
3 13426 13603 13609
3 13426 13609 13428
3 13423 13601 13603
3 13423 13603 13426
3 13422 13597 13601
3 13422 13601 13423
3 13421 13590 13597
3 13421 13597 13422
3 13420 13585 13590
3 13420 13590 13421
3 13419 13584 13585
3 13419 13585 13420
3 13417 13582 13584
3 13417 13584 13419
3 13414 13583 13582
3 13414 13582 13417
3 13414 13583 13581
3 13416 13414 13581
3 13415 13580 13581
3 13415 13581 13416
3 12984 13244 13351
3 13170 12984 13351
3 13352 13351 13170
3 13171 13352 13170
3 13169 13171 13352
3 13169 13352 13350
3 13353 13350 13169
3 13168 13353 13169
3 13349 13353 13168
3 13166 13349 13168
3 13347 13349 13166
3 13165 13347 13166
3 13346 13347 13165
3 13160 13346 13165
3 13345 13346 13160
3 13153 13345 13160
3 13344 13345 13153
3 13151 13344 13153
3 13343 13344 13151
3 13148 13343 13151
3 13342 13343 13148
3 13142 13342 13148
3 13341 13342 13142
3 13139 13341 13142
3 13328 13341 13139
3 13132 13328 13139
3 13327 13328 13132
3 13129 13327 13132
3 13325 13327 13129
3 13123 13325 13129
3 13324 13325 13123
3 13119 13324 13123
3 13323 13324 13119
3 13105 13323 13119
3 13322 13323 13105
3 13103 13322 13105
3 13321 13322 13103
3 13093 13321 13103
3 13320 13321 13093
3 13091 13320 13093
3 13315 13320 13091
3 13081 13315 13091
3 13314 13315 13081
3 13075 13314 13081
3 13313 13314 13075
3 13073 13313 13075
3 13312 13313 13073
3 13067 13312 13073
3 13311 13312 13067
3 13057 13311 13067
3 13290 13311 13057
3 13047 13290 13057
3 13285 13290 13047
3 13045 13285 13047
3 13283 13285 13045
3 13037 13283 13045
3 13282 13283 13037
3 13032 13282 13037
3 13281 13282 13032
3 13025 13281 13032
3 13018 13279 13281
3 13018 13281 13025
3 13012 13268 13279
3 13012 13279 13018
3 13001 13263 13268
3 13001 13268 13012
3 12993 13258 13263
3 12993 13263 13001
3 12992 13253 13258
3 12992 13258 12993
3 12989 13252 13253
3 12989 13253 12992
3 12987 13251 13252
3 12987 13252 12989
3 12986 13246 13251
3 12986 13251 12987
3 12982 13243 13246
3 12982 13246 12986
3 12982 13243 13245
3 12985 12982 13245
3 12984 13244 13245
3 12984 13245 12985
3 12767 12974 13155
3 12950 12767 13155
3 13156 13155 12950
3 12951 13156 12950
3 12949 12951 13156
3 12949 13156 13158
3 13157 13158 12949
3 12952 13157 12949
3 13154 13157 12952
3 12946 13154 12952
3 13152 13154 12946
3 12945 13152 12946
3 13150 13152 12945
3 12944 13150 12945
3 13149 13150 12944
3 12938 13149 12944
3 13143 13149 12938
3 12936 13143 12938
3 13140 13143 12936
3 12927 13140 12936
3 13137 13140 12927
3 12909 13137 12927
3 13131 13137 12909
3 12902 13131 12909
3 13128 13131 12902
3 12894 13128 12902
3 13122 13128 12894
3 12888 13122 12894
3 13120 13122 12888
3 12882 13120 12888
3 13106 13120 12882
3 12876 13106 12882
3 13104 13106 12876
3 12873 13104 12876
3 13098 13104 12873
3 12866 13098 12873
3 13092 13098 12866
3 12856 13092 12866
3 13082 13092 12856
3 12846 13082 12856
3 13076 13082 12846
3 12844 13076 12846
3 13074 13076 12844
3 12836 13074 12844
3 13068 13074 12836
3 12829 13068 12836
3 13058 13068 12829
3 12823 13058 12829
3 13048 13058 12823
3 12813 13048 12823
3 13044 13048 12813
3 12811 13044 12813
3 13038 13044 12811
3 12804 13038 12811
3 13031 13038 12804
3 12803 13031 12804
3 13024 13031 12803
3 12795 13024 12803
3 13017 13024 12795
3 12793 13017 12795
3 12787 13011 13017
3 12787 13017 12793
3 12785 12996 13011
3 12785 13011 12787
3 12782 12990 12996
3 12782 12996 12785
3 12776 12988 12990
3 12776 12990 12782
3 12774 12981 12988
3 12774 12988 12776
3 12773 12979 12981
3 12773 12981 12774
3 12771 12978 12979
3 12771 12979 12773
3 12769 12976 12978
3 12769 12978 12771
3 12770 12977 12976
3 12770 12976 12769
3 12770 12977 12975
3 12768 12770 12975
3 12768 12975 12974
3 12767 12768 12974
3 12588 12756 12941
3 12693 12588 12941
3 12942 12941 12693
3 12694 12942 12693
3 12692 12694 12942
3 12692 12942 12940
3 12943 12940 12692
3 12691 12943 12692
3 12939 12943 12691
3 12686 12939 12691
3 12937 12939 12686
3 12685 12937 12686
3 12935 12937 12685
3 12683 12935 12685
3 12934 12935 12683
3 12678 12934 12683
3 12914 12934 12678
3 12676 12914 12678
3 12908 12914 12676
3 12671 12908 12676
3 12901 12908 12671
3 12658 12901 12671
3 12893 12901 12658
3 12652 12893 12658
3 12887 12893 12652
3 12651 12887 12652
3 12881 12887 12651
3 12650 12881 12651
3 12875 12881 12650
3 12649 12875 12650
3 12874 12875 12649
3 12643 12874 12649
3 12868 12874 12643
3 12642 12868 12643
3 12857 12868 12642
3 12637 12857 12642
3 12851 12857 12637
3 12636 12851 12637
3 12845 12851 12636
3 12631 12845 12636
3 12837 12845 12631
3 12622 12837 12631
3 12831 12837 12622
3 12621 12831 12622
3 12824 12831 12621
3 12619 12824 12621
3 12818 12824 12619
3 12614 12818 12619
3 12812 12818 12614
3 12608 12812 12614
3 12805 12812 12608
3 12606 12805 12608
3 12801 12805 12606
3 12605 12801 12606
3 12794 12801 12605
3 12602 12794 12605
3 12792 12794 12602
3 12601 12792 12602
3 12786 12792 12601
3 12600 12786 12601
3 12599 12784 12786
3 12599 12786 12600
3 12598 12777 12784
3 12598 12784 12599
3 12596 12775 12777
3 12596 12777 12598
3 12595 12772 12775
3 12595 12775 12596
3 12593 12766 12772
3 12593 12772 12595
3 12591 12761 12766
3 12591 12766 12593
3 12590 12760 12761
3 12590 12761 12591
3 12587 12755 12760
3 12587 12760 12590
3 12586 12758 12755
3 12586 12755 12587
3 12586 12758 12757
3 12589 12586 12757
3 12588 12756 12757
3 12588 12757 12589
3 12128 12374 12479
3 12309 12128 12479
3 12480 12479 12309
3 12310 12480 12309
3 12311 12310 12480
3 12311 12480 12478
3 12481 12478 12311
3 12307 12481 12311
3 12476 12481 12307
3 12306 12476 12307
3 12475 12476 12306
3 12305 12475 12306
3 12474 12475 12305
3 12300 12474 12305
3 12473 12474 12300
3 12294 12473 12300
3 12472 12473 12294
3 12291 12472 12294
3 12471 12472 12291
3 12286 12471 12291
3 12470 12471 12286
3 12280 12470 12286
3 12469 12470 12280
3 12278 12469 12280
3 12456 12469 12278
3 12272 12456 12278
3 12455 12456 12272
3 12270 12455 12272
3 12454 12455 12270
3 12264 12454 12270
3 12453 12454 12264
3 12260 12453 12264
3 12451 12453 12260
3 12252 12451 12260
3 12449 12451 12252
3 12248 12449 12252
3 12448 12449 12248
3 12238 12448 12248
3 12447 12448 12238
3 12236 12447 12238
3 12442 12447 12236
3 12226 12442 12236
3 12441 12442 12226
3 12220 12441 12226
3 12440 12441 12220
3 12218 12440 12220
3 12439 12440 12218
3 12212 12439 12218
3 12438 12439 12212
3 12201 12438 12212
3 12417 12438 12201
3 12191 12417 12201
3 12416 12417 12191
3 12188 12416 12191
3 12415 12416 12188
3 12181 12415 12188
3 12412 12415 12181
3 12175 12412 12181
3 12410 12412 12175
3 12169 12410 12175
3 12162 12409 12410
3 12162 12410 12169
3 12155 12398 12409
3 12155 12409 12162
3 12145 12393 12398
3 12145 12398 12155
3 12137 12388 12393
3 12137 12393 12145
3 12135 12383 12388
3 12135 12388 12137
3 12133 12382 12383
3 12133 12383 12135
3 12131 12381 12382
3 12131 12382 12133
3 12130 12376 12381
3 12130 12381 12131
3 12127 12372 12376
3 12127 12376 12130
3 12127 12372 12375
3 12129 12127 12375
3 12128 12374 12375
3 12128 12375 12129
3 11915 12121 12296
3 12090 11915 12296
3 12297 12296 12090
3 12091 12297 12090
3 12089 12091 12297
3 12089 12297 12299
3 12298 12299 12089
3 12092 12298 12089
3 12295 12298 12092
3 12088 12295 12092
3 12292 12295 12088
3 12087 12292 12088
3 12289 12292 12087
3 12086 12289 12087
3 12287 12289 12086
3 12080 12287 12086
3 12281 12287 12080
3 12076 12281 12080
3 12279 12281 12076
3 12068 12279 12076
3 12277 12279 12068
3 12058 12277 12068
3 12271 12277 12058
3 12052 12271 12058
3 12269 12271 12052
3 12044 12269 12052
3 12263 12269 12044
3 12038 12263 12044
3 12261 12263 12038
3 12031 12261 12038
3 12253 12261 12031
3 12024 12253 12031
3 12249 12253 12024
3 12020 12249 12024
3 12243 12249 12020
3 12014 12243 12020
3 12237 12243 12014
3 12003 12237 12014
3 12227 12237 12003
3 11992 12227 12003
3 12221 12227 11992
3 11990 12221 11992
3 12219 12221 11990
3 11984 12219 11990
3 12213 12219 11984
3 11978 12213 11984
3 12202 12213 11978
3 11972 12202 11978
3 12192 12202 11972
3 11962 12192 11972
3 12187 12192 11962
3 11960 12187 11962
3 12182 12187 11960
3 11953 12182 11960
3 12174 12182 11953
3 11950 12174 11953
3 12167 12174 11950
3 11943 12167 11950
3 12161 12167 11943
3 11941 12161 11943
3 11935 12154 12161
3 11935 12161 11941
3 11933 12140 12154
3 11933 12154 11935
3 11931 12134 12140
3 11931 12140 11933
3 11924 12132 12134
3 11924 12134 11931
3 11922 12126 12132
3 11922 12132 11924
3 11921 12125 12126
3 11921 12126 11922
3 11919 12124 12125
3 11919 12125 11921
3 11914 12120 12124
3 11914 12124 11919
3 11918 12123 12120
3 11918 12120 11914
3 11918 12123 12122
3 11916 11918 12122
3 11916 12122 12121
3 11915 11916 12121
3 11737 11903 12083
3 11840 11737 12083
3 12084 12083 11840
3 11841 12084 11840
3 11839 11841 12084
3 11839 12084 12082
3 12085 12082 11839
3 11838 12085 11839
3 12081 12085 11838
3 11833 12081 11838
3 12079 12081 11833
3 11832 12079 11833
3 12077 12079 11832
3 11831 12077 11832
3 12075 12077 11831
3 11826 12075 11831
3 12063 12075 11826
3 11822 12063 11826
3 12057 12063 11822
3 11817 12057 11822
3 12050 12057 11817
3 11804 12050 11817
3 12043 12050 11804
3 11800 12043 11804
3 12036 12043 11800
3 11798 12036 11800
3 12030 12036 11798
3 11797 12030 11798
3 12022 12030 11797
3 11796 12022 11797
3 12021 12022 11796
3 11790 12021 11796
3 12015 12021 11790
3 11788 12015 11790
3 12004 12015 11788
3 11782 12004 11788
3 11997 12004 11782
3 11781 11997 11782
3 11991 11997 11781
3 11775 11991 11781
3 11985 11991 11775
3 11772 11985 11775
3 11979 11985 11772
3 11771 11979 11772
3 11973 11979 11771
3 11765 11973 11771
3 11967 11973 11765
3 11764 11967 11765
3 11961 11967 11764
3 11758 11961 11764
3 11954 11961 11758
3 11756 11954 11758
3 11949 11954 11756
3 11754 11949 11756
3 11942 11949 11754
3 11753 11942 11754
3 11940 11942 11753
3 11751 11940 11753
3 11934 11940 11751
3 11749 11934 11751
3 11748 11932 11934
3 11748 11934 11749
3 11746 11925 11932
3 11746 11932 11748
3 11745 11923 11925
3 11745 11925 11746
3 11743 11920 11923
3 11743 11923 11745
3 11742 11913 11920
3 11742 11920 11743
3 11741 11908 11913
3 11741 11913 11742
3 11740 11907 11908
3 11740 11908 11741
3 11739 11905 11907
3 11739 11907 11740
3 11736 11906 11905
3 11736 11905 11739
3 11736 11906 11904
3 11738 11736 11904
3 11737 11903 11904
3 11737 11904 11738
3 11248 11503 11621
3 11437 11248 11621
3 11622 11621 11437
3 11438 11622 11437
3 11436 11438 11622
3 11436 11622 11620
3 11623 11620 11436
3 11435 11623 11436
3 11619 11623 11435
3 11434 11619 11435
3 11618 11619 11434
3 11433 11618 11434
3 11617 11618 11433
3 11428 11617 11433
3 11616 11617 11428
3 11422 11616 11428
3 11615 11616 11422
3 11420 11615 11422
3 11614 11615 11420
3 11417 11614 11420
3 11613 11614 11417
3 11411 11613 11417
3 11611 11613 11411
3 11409 11611 11411
3 11590 11611 11409
3 11403 11590 11409
3 11589 11590 11403
3 11401 11589 11403
3 11587 11589 11401
3 11391 11587 11401
3 11586 11587 11391
3 11388 11586 11391
3 11585 11586 11388
3 11381 11585 11388
3 11584 11585 11381
3 11377 11584 11381
3 11581 11584 11377
3 11363 11581 11377
3 11577 11581 11363
3 11361 11577 11363
3 11572 11577 11361
3 11350 11572 11361
3 11570 11572 11350
3 11342 11570 11350
3 11569 11570 11342
3 11340 11569 11342
3 11567 11569 11340
3 11334 11567 11340
3 11565 11567 11334
3 11321 11565 11334
3 11544 11565 11321
3 11311 11544 11321
3 11543 11544 11311
3 11306 11543 11311
3 11541 11543 11306
3 11300 11541 11306
3 11540 11541 11300
3 11295 11540 11300
3 11539 11540 11295
3 11286 11539 11295
3 11280 11538 11539
3 11280 11539 11286
3 11274 11527 11538
3 11274 11538 11280
3 11264 11522 11527
3 11264 11527 11274
3 11256 11517 11522
3 11256 11522 11264
3 11254 11511 11517
3 11254 11517 11256
3 11252 11510 11511
3 11252 11511 11254
3 11250 11509 11510
3 11250 11510 11252
3 11247 11502 11509
3 11247 11509 11250
3 11244 11501 11502
3 11244 11502 11247
3 11244 11501 11504
3 11249 11244 11504
3 11248 11503 11504
3 11248 11504 11249
3 10943 11237 11424
3 11170 10943 11424
3 11425 11424 11170
3 11171 11425 11170
3 11169 11171 11425
3 11169 11425 11427
3 11426 11427 11169
3 11173 11426 11169
3 11423 11426 11173
3 11168 11423 11173
3 11421 11423 11168
3 11167 11421 11168
3 11419 11421 11167
3 11163 11419 11167
3 11418 11419 11163
3 11156 11418 11163
3 11412 11418 11156
3 11148 11412 11156
3 11410 11412 11148
3 11140 11410 11148
3 11408 11410 11140
3 11126 11408 11140
3 11402 11408 11126
3 11117 11402 11126
3 11399 11402 11117
3 11111 11399 11117
3 11390 11399 11111
3 11102 11390 11111
3 11389 11390 11102
3 11094 11389 11102
3 11382 11389 11094
3 11088 11382 11094
3 11378 11382 11088
3 11082 11378 11088
3 11368 11378 11082
3 11074 11368 11082
3 11362 11368 11074
3 11061 11362 11074
3 11351 11362 11061
3 11046 11351 11061
3 11343 11351 11046
3 11042 11343 11046
3 11341 11343 11042
3 11034 11341 11042
3 11335 11341 11034
3 11025 11335 11034
3 11322 11335 11025
3 11016 11322 11025
3 11312 11322 11016
3 11003 11312 11016
3 11307 11312 11003
3 10999 11307 11003
3 11301 11307 10999
3 10990 11301 10999
3 11294 11301 10990
3 10984 11294 10990
3 11285 11294 10984
3 10978 11285 10984
3 11279 11285 10978
3 10973 11279 10978
3 10966 11273 11279
3 10966 11279 10973
3 10963 11259 11273
3 10963 11273 10966
3 10961 11253 11259
3 10961 11259 10963
3 10955 11251 11253
3 10955 11253 10961
3 10951 11243 11251
3 10951 11251 10955
3 10949 11242 11243
3 10949 11243 10951
3 10947 11241 11242
3 10947 11242 10949
3 10945 11239 11241
3 10945 11241 10947
3 10946 11240 11239
3 10946 11239 10945
3 10946 11240 11238
3 10944 10946 11238
3 10944 11238 11237
3 10943 10944 11237
3 10735 10928 11159
3 10836 10735 11159
3 11160 11159 10836
3 10837 11160 10836
3 10835 10837 11160
3 10835 11160 11158
3 11161 11158 10835
3 10838 11161 10835
3 11157 11161 10838
3 10829 11157 10838
3 11155 11157 10829
3 10828 11155 10829
3 11149 11155 10828
3 10827 11149 10828
3 11147 11149 10827
3 10822 11147 10827
3 11131 11147 10822
3 10819 11131 10822
3 11124 11131 10819
3 10813 11124 10819
3 11116 11124 10813
3 10800 11116 10813
3 11107 11116 10800
3 10797 11107 10800
3 11101 11107 10797
3 10796 11101 10797
3 11093 11101 10796
3 10787 11093 10796
3 11087 11093 10787
3 10786 11087 10787
3 11083 11087 10786
3 10780 11083 10786
3 11075 11083 10780
3 10779 11075 10780
3 11062 11075 10779
3 10771 11062 10779
3 11051 11062 10771
3 10770 11051 10771
3 11043 11051 10770
3 10764 11043 10770
3 11035 11043 10764
3 10763 11035 10764
3 11026 11035 10763
3 10762 11026 10763
3 11017 11026 10762
3 10757 11017 10762
3 11008 11017 10757
3 10756 11008 10757
3 11000 11008 10756
3 10751 11000 10756
3 10991 11000 10751
3 10750 10991 10751
3 10983 10991 10750
3 10749 10983 10750
3 10974 10983 10749
3 10748 10974 10749
3 10972 10974 10748
3 10747 10972 10748
3 10964 10972 10747
3 10746 10964 10747
3 10745 10962 10964
3 10745 10964 10746
3 10744 10956 10962
3 10744 10962 10745
3 10742 10952 10956
3 10742 10956 10744
3 10741 10948 10952
3 10741 10952 10742
3 10740 10938 10948
3 10740 10948 10741
3 10739 10933 10938
3 10739 10938 10740
3 10738 10932 10933
3 10738 10933 10739
3 10737 10930 10932
3 10737 10932 10738
3 10734 10931 10930
3 10734 10930 10737
3 10734 10931 10929
3 10736 10734 10929
3 10735 10928 10929
3 10735 10929 10736
3 10174 10460 10570
3 10382 10174 10570
3 10571 10570 10382
3 10383 10571 10382
3 10381 10383 10571
3 10381 10571 10569
3 10572 10569 10381
3 10379 10572 10381
3 10568 10572 10379
3 10378 10568 10379
3 10567 10568 10378
3 10377 10567 10378
3 10566 10567 10377
3 10372 10566 10377
3 10565 10566 10372
3 10359 10565 10372
3 10564 10565 10359
3 10357 10564 10359
3 10563 10564 10357
3 10354 10563 10357
3 10562 10563 10354
3 10348 10562 10354
3 10560 10562 10348
3 10344 10560 10348
3 10547 10560 10344
3 10338 10547 10344
3 10546 10547 10338
3 10331 10546 10338
3 10545 10546 10331
3 10324 10545 10331
3 10544 10545 10324
3 10321 10544 10324
3 10543 10544 10321
3 10315 10543 10321
3 10542 10543 10315
3 10313 10542 10315
3 10541 10542 10313
3 10296 10541 10313
3 10540 10541 10296
3 10294 10540 10296
3 10535 10540 10294
3 10283 10535 10294
3 10534 10535 10283
3 10277 10534 10283
3 10533 10534 10277
3 10275 10533 10277
3 10532 10533 10275
3 10264 10532 10275
3 10531 10532 10264
3 10252 10531 10264
3 10510 10531 10252
3 10242 10510 10252
3 10506 10510 10242
3 10240 10506 10242
3 10505 10506 10240
3 10234 10505 10240
3 10503 10505 10234
3 10227 10503 10234
3 10502 10503 10227
3 10221 10502 10227
3 10210 10499 10502
3 10210 10502 10221
3 10204 10488 10499
3 10204 10499 10210
3 10190 10481 10488
3 10190 10488 10204
3 10182 10476 10481
3 10182 10481 10190
3 10181 10471 10476
3 10181 10476 10182
3 10178 10469 10471
3 10178 10471 10181
3 10176 10468 10469
3 10176 10469 10178
3 10173 10462 10468
3 10173 10468 10176
3 10172 10463 10462
3 10172 10462 10173
3 10172 10463 10461
3 10175 10172 10461
3 10174 10460 10461
3 10174 10461 10175
3 9942 10162 10365
3 10130 9942 10365
3 10366 10365 10130
3 10131 10366 10130
3 10132 10131 10366
3 10132 10366 10368
3 10367 10368 10132
3 10133 10367 10132
3 10360 10367 10133
3 10128 10360 10133
3 10358 10360 10128
3 10127 10358 10128
3 10356 10358 10127
3 10126 10356 10127
3 10355 10356 10126
3 10117 10355 10126
3 10349 10355 10117
3 10114 10349 10117
3 10345 10349 10114
3 10105 10345 10114
3 10343 10345 10105
3 10095 10343 10105
3 10336 10343 10095
3 10088 10336 10095
3 10330 10336 10088
3 10082 10330 10088
3 10329 10330 10082
3 10076 10329 10082
3 10322 10329 10076
3 10070 10322 10076
3 10316 10322 10070
3 10061 10316 10070
3 10314 10316 10061
3 10059 10314 10061
3 10301 10314 10059
3 10049 10301 10059
3 10295 10301 10049
3 10038 10295 10049
3 10284 10295 10038
3 10028 10284 10038
3 10278 10284 10028
3 10025 10278 10028
3 10276 10278 10025
3 10019 10276 10025
3 10265 10276 10019
3 10013 10265 10019
3 10253 10265 10013
3 10005 10253 10013
3 10243 10253 10005
3 9995 10243 10005
3 10241 10243 9995
3 9990 10241 9995
3 10235 10241 9990
3 9983 10235 9990
3 10226 10235 9983
3 9982 10226 9983
3 10220 10226 9982
3 9976 10220 9982
3 10209 10220 9976
3 9972 10209 9976
3 9963 10201 10209
3 9963 10209 9972
3 9961 10185 10201
3 9961 10201 9963
3 9959 10179 10185
3 9959 10185 9961
3 9953 10177 10179
3 9953 10179 9959
3 9949 10169 10177
3 9949 10177 9953
3 9948 10168 10169
3 9948 10169 9949
3 9946 10166 10168
3 9946 10168 9948
3 9944 10165 10166
3 9944 10166 9946
3 9945 10164 10165
3 9945 10165 9944
3 9945 10164 10163
3 9943 9945 10163
3 9943 10163 10162
3 9942 9943 10162
3 9686 9929 10120
3 9823 9686 10120
3 10121 10120 9823
3 9824 10121 9823
3 9822 9824 10121
3 9822 10121 10119
3 10122 10119 9822
3 9825 10122 9822
3 10118 10122 9825
3 9816 10118 9825
3 10116 10118 9816
3 9812 10116 9816
3 10115 10116 9812
3 9810 10115 9812
3 10112 10115 9810
3 9805 10112 9810
3 10100 10112 9805
3 9802 10100 9805
3 10093 10100 9802
3 9797 10093 9802
3 10087 10093 9797
3 9784 10087 9797
3 10081 10087 9784
3 9777 10081 9784
3 10075 10081 9777
3 9774 10075 9777
3 10069 10075 9774
3 9773 10069 9774
3 10066 10069 9773
3 9771 10066 9773
3 10060 10066 9771
3 9770 10060 9771
3 10051 10060 9770
3 9758 10051 9770
3 10039 10051 9758
3 9748 10039 9758
3 10033 10039 9748
3 9744 10033 9748
3 10026 10033 9744
3 9737 10026 9744
3 10020 10026 9737
3 9736 10020 9737
3 10014 10020 9736
3 9734 10014 9736
3 10006 10014 9734
3 9728 10006 9734
3 10000 10006 9728
3 9725 10000 9728
3 9991 10000 9725
3 9718 9991 9725
3 9984 9991 9718
3 9715 9984 9718
3 9981 9984 9715
3 9709 9981 9715
3 9975 9981 9709
3 9706 9975 9709
3 9970 9975 9706
3 9703 9970 9706
3 9962 9970 9703
3 9702 9962 9703
3 9699 9960 9962
3 9699 9962 9702
3 9698 9954 9960
3 9698 9960 9699
3 9696 9950 9954
3 9696 9954 9698
3 9691 9947 9950
3 9691 9950 9696
3 9690 9941 9947
3 9690 9947 9691
3 9689 9933 9941
3 9689 9941 9690
3 9688 9932 9933
3 9688 9933 9689
3 9685 9928 9932
3 9685 9932 9688
3 9684 9931 9928
3 9684 9928 9685
3 9684 9931 9930
3 9687 9684 9930
3 9686 9929 9930
3 9686 9930 9687
3 9111 9395 9503
3 9302 9111 9503
3 9504 9503 9302
3 9303 9504 9302
3 9304 9303 9504
3 9304 9504 9505
3 9506 9505 9304
3 9300 9506 9304
3 9502 9506 9300
3 9299 9502 9300
3 9501 9502 9299
3 9298 9501 9299
3 9500 9501 9298
3 9293 9500 9298
3 9499 9500 9293
3 9286 9499 9293
3 9498 9499 9286
3 9284 9498 9286
3 9497 9498 9284
3 9280 9497 9284
3 9496 9497 9280
3 9272 9496 9280
3 9495 9496 9272
3 9269 9495 9272
3 9481 9495 9269
3 9263 9481 9269
3 9480 9481 9263
3 9261 9480 9263
3 9479 9480 9261
3 9254 9479 9261
3 9478 9479 9254
3 9249 9478 9254
3 9477 9478 9249
3 9243 9477 9249
3 9476 9477 9243
3 9241 9476 9243
3 9473 9476 9241
3 9231 9473 9241
3 9472 9473 9231
3 9229 9472 9231
3 9467 9472 9229
3 9218 9467 9229
3 9466 9467 9218
3 9212 9466 9218
3 9465 9466 9212
3 9209 9465 9212
3 9464 9465 9209
3 9203 9464 9209
3 9462 9464 9203
3 9192 9462 9203
3 9440 9462 9192
3 9182 9440 9192
3 9439 9440 9182
3 9179 9439 9182
3 9438 9439 9179
3 9168 9438 9179
3 9437 9438 9168
3 9162 9437 9168
3 9434 9437 9162
3 9155 9434 9162
3 9146 9433 9434
3 9146 9434 9155
3 9139 9422 9433
3 9139 9433 9146
3 9127 9417 9422
3 9127 9422 9139
3 9119 9411 9417
3 9119 9417 9127
3 9118 9406 9411
3 9118 9411 9119
3 9116 9404 9406
3 9116 9406 9118
3 9114 9403 9404
3 9114 9404 9116
3 9113 9397 9403
3 9113 9403 9114
3 9109 9398 9397
3 9109 9397 9113
3 9109 9398 9396
3 9112 9109 9396
3 9111 9395 9396
3 9111 9396 9112
3 8785 9101 9288
3 9020 8785 9288
3 9289 9288 9020
3 9021 9289 9020
3 9019 9021 9289
3 9019 9289 9292
3 9290 9292 9019
3 9022 9290 9019
3 9287 9290 9022
3 9018 9287 9022
3 9285 9287 9018
3 9017 9285 9018
3 9282 9285 9017
3 9016 9282 9017
3 9281 9282 9016
3 9010 9281 9016
3 9277 9281 9010
3 9006 9277 9010
3 9271 9277 9006
3 8998 9271 9006
3 9268 9271 8998
3 8986 9268 8998
3 9262 9268 8986
3 8980 9262 8986
3 9260 9262 8980
3 8969 9260 8980
3 9259 9260 8969
3 8963 9259 8969
3 9250 9259 8963
3 8956 9250 8963
3 9244 9250 8956
3 8948 9244 8956
3 9242 9244 8948
3 8945 9242 8948
3 9236 9242 8945
3 8938 9236 8945
3 9230 9236 8938
3 8893 9230 8938
3 9219 9230 8893
3 8881 9219 8893
3 9213 9219 8881
3 8879 9213 8881
3 9210 9213 8879
3 8873 9210 8879
3 9204 9210 8873
3 8866 9204 8873
3 9193 9204 8866
3 8859 9193 8866
3 9183 9193 8859
3 8848 9183 8859
3 9180 9183 8848
3 8843 9180 8848
3 9169 9180 8843
3 8832 9169 8843
3 9160 9169 8832
3 8828 9160 8832
3 9153 9160 8828
3 8822 9153 8828
3 9145 9153 8822
3 8820 9145 8822
3 8811 9135 9145
3 8811 9145 8820
3 8809 9122 9135
3 8809 9135 8811
3 8805 9117 9122
3 8805 9122 8809
3 8798 9115 9117
3 8798 9117 8805
3 8796 9108 9115
3 8796 9115 8798
3 8795 9107 9108
3 8795 9108 8796
3 8789 9105 9107
3 8789 9107 8795
3 8784 9104 9105
3 8784 9105 8789
3 8787 9103 9104
3 8787 9104 8784
3 8787 9103 9102
3 8786 8787 9102
3 8786 9102 9101
3 8785 8786 9101
3 8554 8770 9013
3 8681 8554 9013
3 9014 9013 8681
3 8682 9014 8681
3 8680 8682 9014
3 8680 9014 9012
3 9015 9012 8680
3 8684 9015 8680
3 9011 9015 8684
3 8679 9011 8684
3 9009 9011 8679
3 8674 9009 8679
3 9007 9009 8674
3 8672 9007 8674
3 9005 9007 8672
3 8666 9005 8672
3 8993 9005 8666
3 8665 8993 8666
3 8985 8993 8665
3 8657 8985 8665
3 8977 8985 8657
3 8643 8977 8657
3 8968 8977 8643
3 8639 8968 8643
3 8961 8968 8639
3 8636 8961 8639
3 8955 8961 8636
3 8635 8955 8636
3 8953 8955 8635
3 8626 8953 8635
3 8946 8953 8626
3 8625 8946 8626
3 8940 8946 8625
3 8620 8940 8625
3 8894 8940 8620
3 8614 8894 8620
3 8886 8894 8614
3 8611 8886 8614
3 8880 8886 8611
3 8605 8880 8611
3 8874 8880 8605
3 8603 8874 8605
3 8867 8874 8603
3 8602 8867 8603
3 8860 8867 8602
3 8596 8860 8602
3 8854 8860 8596
3 8595 8854 8596
3 8844 8854 8595
3 8585 8844 8595
3 8833 8844 8585
3 8582 8833 8585
3 8827 8833 8582
3 8579 8827 8582
3 8821 8827 8579
3 8577 8821 8579
3 8819 8821 8577
3 8575 8819 8577
3 8810 8819 8575
3 8572 8810 8575
3 8570 8808 8810
3 8570 8810 8572
3 8566 8799 8808
3 8566 8808 8570
3 8564 8797 8799
3 8564 8799 8566
3 8563 8790 8797
3 8563 8797 8564
3 8560 8781 8790
3 8560 8790 8563
3 8558 8775 8781
3 8558 8781 8560
3 8557 8774 8775
3 8557 8775 8558
3 8556 8772 8774
3 8556 8774 8557
3 8552 8773 8772
3 8552 8772 8556
3 8552 8773 8771
3 8555 8552 8771
3 8554 8770 8771
3 8554 8771 8555
3 9534 9533 9450
3 9457 9534 9450
3 8624 9534 9457
3 8498 8624 9457
3 8491 8623 8624
3 8491 8624 8498
3 8491 8623 9533
3 9450 8491 9533
3 8623 9533 9450
3 8491 8623 9450
3 8490 8622 8623
3 8490 8623 8491
3 8490 8622 9532
3 9449 8490 9532
3 9533 9532 9449
3 9450 9533 9449
3 9532 9531 9442
3 9449 9532 9442
3 8622 9532 9449
3 8490 8622 9449
3 8483 8621 8622
3 8483 8622 8490
3 8483 8621 9531
3 9442 8483 9531
3 10597 10596 10511
3 10518 10597 10511
3 9763 10597 10518
3 9620 9763 10518
3 9613 9762 9763
3 9613 9763 9620
3 9613 9762 10596
3 10511 9613 10596
3 9764 10598 10519
3 9621 9764 10519
3 9620 9763 9764
3 9620 9764 9621
3 9620 9763 10597
3 10518 9620 10597
3 10598 10597 10518
3 10519 10598 10518
3 10599 10598 10519
3 10526 10599 10519
3 9765 10599 10526
3 9628 9765 10526
3 9621 9764 9765
3 9621 9765 9628
3 9621 9764 10598
3 10519 9621 10598
3 11634 11633 11553
3 11560 11634 11553
3 10784 11634 11560
3 10693 10784 11560
3 10686 10783 10784
3 10686 10784 10693
3 10686 10783 11633
3 11553 10686 11633
3 10685 10782 11632
3 11552 10685 11632
3 11633 11632 11552
3 11553 11633 11552
3 10783 11633 11553
3 10686 10783 11553
3 10685 10782 10783
3 10685 10783 10686
3 11632 11631 11545
3 11552 11632 11545
3 10782 11632 11552
3 10685 10782 11552
3 10678 10781 10782
3 10678 10782 10685
3 10678 10781 11631
3 11545 10678 11631
3 12498 12497 12418
3 12425 12498 12418
3 11792 12498 12425
3 11685 11792 12425
3 11684 11791 11792
3 11684 11792 11685
3 11684 11791 12497
3 12418 11684 12497
3 11793 12499 12426
3 11686 11793 12426
3 11685 11792 11793
3 11685 11793 11686
3 11685 11792 12498
3 12425 11685 12498
3 12499 12498 12425
3 12426 12499 12425
3 12500 12499 12426
3 12433 12500 12426
3 11794 12500 12433
3 11687 11794 12433
3 11686 11793 11794
3 11686 11794 11687
3 11686 11793 12499
3 12426 11686 12499
3 13357 13356 13299
3 13306 13357 13299
3 12647 13357 13306
3 12543 12647 13306
3 12542 12646 12647
3 12542 12647 12543
3 12542 12646 13356
3 13299 12542 13356
3 12646 13356 13299
3 12542 12646 13299
3 12541 12645 12646
3 12541 12646 12542
3 12541 12645 13355
3 13298 12541 13355
3 13356 13355 13298
3 13299 13356 13298
3 13355 13354 13291
3 13298 13355 13291
3 12645 13355 13298
3 12541 12645 13298
3 12540 12644 12645
3 12540 12645 12541
3 12540 12644 13354
3 13291 12540 13354
3 13466 14127 14070
3 13372 13466 14070
3 13371 13465 13466
3 13371 13466 13372
3 13371 13465 14126
3 14063 13371 14126
3 14127 14126 14063
3 14070 14127 14063
3 13467 14128 14071
3 13373 13467 14071
3 13372 13466 13467
3 13372 13467 13373
3 13372 13466 14127
3 14070 13372 14127
3 14128 14127 14070
3 14071 14128 14070
3 14129 14128 14071
3 14078 14129 14071
3 13468 14129 14078
3 13374 13468 14078
3 13373 13467 13468
3 13373 13468 13374
3 13373 13467 14128
3 14071 13373 14128
3 14138 14214 14876
3 14821 14138 14876
3 14877 14876 14821
3 14828 14877 14821
3 14215 14877 14828
3 14145 14215 14828
3 14138 14214 14215
3 14138 14215 14145
3 14137 14213 14875
3 14820 14137 14875
3 14876 14875 14820
3 14821 14876 14820
3 14214 14876 14821
3 14138 14214 14821
3 14137 14213 14214
3 14137 14214 14138
3 14875 14874 14813
3 14820 14875 14813
3 14213 14875 14820
3 14137 14213 14820
3 14130 14212 14213
3 14130 14213 14137
3 14130 14212 14874
3 14813 14130 14874
3 14882 14884 14885
3 14882 14885 14883
3 8409 14884 14882
3 8336 8409 14882
3 8410 8409 8336
3 8337 8410 8336
3 8337 8410 14885
3 14883 8337 14885
3 14540 14771 14871
3 14712 14540 14871
3 10528 10527 10536
3 10537 10528 10536
3 10537 10536 10431
3 10432 10537 10431
3 10403 10432 10431
3 10403 10431 10402
3 10528 10403 10402
3 10528 10402 10527
3 10396 10395 10421
3 10422 10396 10421
3 10422 10421 10297
3 10298 10422 10297
3 10261 10298 10297
3 10261 10297 10260
3 10396 10261 10260
3 10396 10260 10395
3 10249 10248 10285
3 10286 10249 10285
3 10286 10285 10152
3 10153 10286 10152
3 10142 10153 10152
3 10142 10152 10141
3 10249 10142 10141
3 10249 10141 10248
3 10137 10136 10146
3 10147 10137 10146
3 10147 10146 10044
3 10045 10147 10044
3 10008 10045 10044
3 10008 10044 10007
3 10137 10008 10007
3 10137 10007 10136
3 9997 9996 10034
3 10035 9997 10034
3 10035 10034 9900
3 9901 10035 9900
3 9853 9901 9900
3 9853 9900 9852
3 9997 9853 9852
3 9997 9852 9996
3 9843 9842 9886
3 9887 9843 9886
3 9887 9886 9749
3 9750 9887 9749
3 9730 9750 9749
3 9730 9749 9729
3 9843 9730 9729
3 9843 9729 9842
3 9720 9719 9738
3 9739 9720 9738
3 9739 9738 9670
3 9671 9739 9670
3 9644 9671 9670
3 9644 9670 9643
3 9720 9644 9643
3 9720 9643 9719
3 10530 10529 10538
3 10539 10530 10538
3 10539 10538 10433
3 10434 10539 10433
3 10405 10434 10433
3 10405 10433 10404
3 10530 10405 10404
3 10530 10404 10529
3 10398 10397 10423
3 10424 10398 10423
3 10424 10423 10299
3 10300 10424 10299
3 10263 10300 10299
3 10263 10299 10262
3 10398 10263 10262
3 10398 10262 10397
3 10251 10250 10287
3 10288 10251 10287
3 10288 10287 10154
3 10155 10288 10154
3 10144 10155 10154
3 10144 10154 10143
3 10251 10144 10143
3 10251 10143 10250
3 10139 10138 10148
3 10149 10139 10148
3 10149 10148 10046
3 10047 10149 10046
3 10010 10047 10046
3 10010 10046 10009
3 10139 10010 10009
3 10139 10009 10138
3 9999 9998 10036
3 10037 9999 10036
3 10037 10036 9902
3 9903 10037 9902
3 9855 9903 9902
3 9855 9902 9854
3 9999 9855 9854
3 9999 9854 9998
3 9845 9844 9888
3 9889 9845 9888
3 9889 9888 9751
3 9752 9889 9751
3 9732 9752 9751
3 9732 9751 9731
3 9845 9732 9731
3 9845 9731 9844
3 9722 9721 9740
3 9741 9722 9740
3 9741 9740 9672
3 9673 9741 9672
3 9646 9673 9672
3 9646 9672 9645
3 9722 9646 9645
3 9722 9645 9721
3 11562 11561 11573
3 11574 11562 11573
3 11574 11573 11479
3 11480 11574 11479
3 11454 11480 11479
3 11454 11479 11453
3 11562 11454 11453
3 11562 11453 11561
3 11449 11448 11470
3 11471 11449 11470
3 11471 11470 11364
3 11365 11471 11364
3 11331 11365 11364
3 11331 11364 11330
3 11449 11331 11330
3 11449 11330 11448
3 11318 11317 11352
3 11353 11318 11352
3 11353 11352 11223
3 11224 11353 11223
3 11198 11224 11223
3 11198 11223 11197
3 11318 11198 11197
3 11318 11197 11317
3 11187 11186 11212
3 11213 11187 11212
3 11213 11212 11070
3 11071 11213 11070
3 11020 11071 11070
3 11020 11070 11019
3 11187 11020 11019
3 11187 11019 11186
3 11005 11004 11052
3 11053 11005 11052
3 11053 11052 10902
3 10903 11053 10902
3 10865 10903 10902
3 10865 10902 10864
3 11005 10865 10864
3 11005 10864 11004
3 10855 10854 10890
3 10891 10855 10890
3 10891 10890 10772
3 10773 10891 10772
3 10759 10773 10772
3 10759 10772 10758
3 10855 10759 10758
3 10855 10758 10854
3 10753 10752 10766
3 10767 10753 10766
3 10767 10766 10725
3 10726 10767 10725
3 10703 10726 10725
3 10703 10725 10702
3 10753 10703 10702
3 10753 10702 10752
3 11564 11563 11575
3 11576 11564 11575
3 11576 11575 11481
3 11482 11576 11481
3 11456 11482 11481
3 11456 11481 11455
3 11564 11456 11455
3 11564 11455 11563
3 11451 11450 11472
3 11473 11451 11472
3 11473 11472 11366
3 11367 11473 11366
3 11333 11367 11366
3 11333 11366 11332
3 11451 11333 11332
3 11451 11332 11450
3 11320 11319 11354
3 11355 11320 11354
3 11355 11354 11225
3 11226 11355 11225
3 11200 11226 11225
3 11200 11225 11199
3 11320 11200 11199
3 11320 11199 11319
3 11189 11188 11214
3 11215 11189 11214
3 11215 11214 11072
3 11073 11215 11072
3 11022 11073 11072
3 11022 11072 11021
3 11189 11022 11021
3 11189 11021 11188
3 11007 11006 11054
3 11055 11007 11054
3 11055 11054 10904
3 10905 11055 10904
3 10867 10905 10904
3 10867 10904 10866
3 11007 10867 10866
3 11007 10866 11006
3 10857 10856 10892
3 10893 10857 10892
3 10893 10892 10774
3 10775 10893 10774
3 10761 10775 10774
3 10761 10774 10760
3 10857 10761 10760
3 10857 10760 10856
3 10755 10754 10768
3 10769 10755 10768
3 10769 10768 10727
3 10728 10769 10727
3 10705 10728 10727
3 10705 10727 10704
3 10755 10705 10704
3 10755 10704 10754
3 12435 12434 12443
3 12444 12435 12443
3 12444 12443 12352
3 12353 12444 12352
3 12326 12353 12352
3 12326 12352 12325
3 12435 12326 12325
3 12435 12325 12434
3 12321 12320 12343
3 12344 12321 12343
3 12344 12343 12239
3 12240 12344 12239
3 12209 12240 12239
3 12209 12239 12208
3 12321 12209 12208
3 12321 12208 12320
3 12198 12197 12228
3 12229 12198 12228
3 12229 12228 12114
3 12115 12229 12114
3 12107 12115 12114
3 12107 12114 12106
3 12198 12107 12106
3 12198 12106 12197
3 12095 12094 12110
3 12111 12095 12110
3 12111 12110 12010
3 12011 12111 12010
3 11975 12011 12010
3 11975 12010 11974
3 12095 11975 11974
3 12095 11974 12094
3 11964 11963 11998
3 11999 11964 11998
3 11999 11998 11890
3 11891 11999 11890
3 11865 11891 11890
3 11865 11890 11864
3 11964 11865 11864
3 11964 11864 11963
3 11857 11856 11882
3 11883 11857 11882
3 11883 11882 11783
3 11784 11883 11783
3 11767 11784 11783
3 11767 11783 11766
3 11857 11767 11766
3 11857 11766 11856
3 11760 11759 11776
3 11777 11760 11776
3 11777 11776 11731
3 11732 11777 11731
3 11715 11732 11731
3 11715 11731 11714
3 11760 11715 11714
3 11760 11714 11759
3 12437 12436 12445
3 12446 12437 12445
3 12446 12445 12354
3 12355 12446 12354
3 12328 12355 12354
3 12328 12354 12327
3 12437 12328 12327
3 12437 12327 12436
3 12323 12322 12345
3 12346 12323 12345
3 12346 12345 12241
3 12242 12346 12241
3 12211 12242 12241
3 12211 12241 12210
3 12323 12211 12210
3 12323 12210 12322
3 12200 12199 12230
3 12231 12200 12230
3 12231 12230 12116
3 12117 12231 12116
3 12109 12117 12116
3 12109 12116 12108
3 12200 12109 12108
3 12200 12108 12199
3 12097 12096 12112
3 12113 12097 12112
3 12113 12112 12012
3 12013 12113 12012
3 11977 12013 12012
3 11977 12012 11976
3 12097 11977 11976
3 12097 11976 12096
3 11966 11965 12000
3 12001 11966 12000
3 12001 12000 11892
3 11893 12001 11892
3 11867 11893 11892
3 11867 11892 11866
3 11966 11867 11866
3 11966 11866 11965
3 11859 11858 11884
3 11885 11859 11884
3 11885 11884 11785
3 11786 11885 11785
3 11769 11786 11785
3 11769 11785 11768
3 11859 11769 11768
3 11859 11768 11858
3 11762 11761 11778
3 11779 11762 11778
3 11779 11778 11733
3 11734 11779 11733
3 11717 11734 11733
3 11717 11733 11716
3 11762 11717 11716
3 11762 11716 11761
3 13308 13307 13316
3 13317 13308 13316
3 13317 13316 13213
3 13214 13317 13213
3 13188 13214 13213
3 13188 13213 13187
3 13308 13188 13187
3 13308 13187 13307
3 13183 13182 13204
3 13205 13183 13204
3 13205 13204 13094
3 13095 13205 13094
3 13064 13095 13094
3 13064 13094 13063
3 13183 13064 13063
3 13183 13063 13182
3 13054 13053 13083
3 13084 13054 13083
3 13084 13083 12968
3 12969 13084 12968
3 12960 12969 12968
3 12960 12968 12959
3 13054 12960 12959
3 13054 12959 13053
3 12956 12955 12964
3 12965 12956 12964
3 12965 12964 12862
3 12863 12965 12862
3 12826 12863 12862
3 12826 12862 12825
3 12956 12826 12825
3 12956 12825 12955
3 12815 12814 12852
3 12853 12815 12852
3 12853 12852 12743
3 12744 12853 12743
3 12719 12744 12743
3 12719 12743 12718
3 12815 12719 12718
3 12815 12718 12814
3 12710 12709 12735
3 12736 12710 12735
3 12736 12735 12638
3 12639 12736 12638
3 12616 12639 12638
3 12616 12638 12615
3 12710 12616 12615
3 12710 12615 12709
3 12610 12609 12632
3 12633 12610 12632
3 12633 12632 12582
3 12583 12633 12582
3 12565 12583 12582
3 12565 12582 12564
3 12610 12565 12564
3 12610 12564 12609
3 13310 13309 13318
3 13319 13310 13318
3 13319 13318 13215
3 13216 13319 13215
3 13190 13216 13215
3 13190 13215 13189
3 13310 13190 13189
3 13310 13189 13309
3 13185 13184 13206
3 13207 13185 13206
3 13207 13206 13096
3 13097 13207 13096
3 13066 13097 13096
3 13066 13096 13065
3 13185 13066 13065
3 13185 13065 13184
3 13056 13055 13085
3 13086 13056 13085
3 13086 13085 12970
3 12971 13086 12970
3 12962 12971 12970
3 12962 12970 12961
3 13056 12962 12961
3 13056 12961 13055
3 12958 12957 12966
3 12967 12958 12966
3 12967 12966 12864
3 12865 12967 12864
3 12828 12865 12864
3 12828 12864 12827
3 12958 12828 12827
3 12958 12827 12957
3 12817 12816 12854
3 12855 12817 12854
3 12855 12854 12745
3 12746 12855 12745
3 12721 12746 12745
3 12721 12745 12720
3 12817 12721 12720
3 12817 12720 12816
3 12712 12711 12737
3 12738 12712 12737
3 12738 12737 12640
3 12641 12738 12640
3 12618 12641 12640
3 12618 12640 12617
3 12712 12618 12617
3 12712 12617 12711
3 12612 12611 12634
3 12635 12612 12634
3 12635 12634 12584
3 12585 12635 12584
3 12567 12585 12584
3 12567 12584 12566
3 12612 12567 12566
3 12612 12566 12611
3 14080 14079 14088
3 14089 14080 14088
3 14089 14088 14001
3 14002 14089 14001
3 13978 14002 14001
3 13978 14001 13977
3 14080 13978 13977
3 14080 13977 14079
3 13974 13973 13993
3 13994 13974 13993
3 13994 13993 13898
3 13899 13994 13898
3 13868 13899 13898
3 13868 13898 13867
3 13974 13868 13867
3 13974 13867 13973
3 13858 13857 13887
3 13888 13858 13887
3 13888 13887 13780
3 13781 13888 13780
3 13773 13781 13780
3 13773 13780 13772
3 13858 13773 13772
3 13858 13772 13857
3 13769 13768 13776
3 13777 13769 13776
3 13777 13776 13690
3 13691 13777 13690
3 13655 13691 13690
3 13655 13690 13654
3 13769 13655 13654
3 13769 13654 13768
3 13643 13642 13679
3 13680 13643 13679
3 13680 13679 13565
3 13566 13680 13565
3 13542 13566 13565
3 13542 13565 13541
3 13643 13542 13541
3 13643 13541 13642
3 13534 13533 13557
3 13558 13534 13557
3 13558 13557 13459
3 13460 13558 13459
3 13441 13460 13459
3 13441 13459 13440
3 13534 13441 13440
3 13534 13440 13533
3 13436 13435 13452
3 13453 13436 13452
3 13453 13452 13409
3 13410 13453 13409
3 13393 13410 13409
3 13393 13409 13392
3 13436 13393 13392
3 13436 13392 13435
3 14082 14081 14090
3 14091 14082 14090
3 14091 14090 14003
3 14004 14091 14003
3 13980 14004 14003
3 13980 14003 13979
3 14082 13980 13979
3 14082 13979 14081
3 13976 13975 13995
3 13996 13976 13995
3 13996 13995 13900
3 13901 13996 13900
3 13870 13901 13900
3 13870 13900 13869
3 13976 13870 13869
3 13976 13869 13975
3 13860 13859 13889
3 13890 13860 13889
3 13890 13889 13782
3 13783 13890 13782
3 13775 13783 13782
3 13775 13782 13774
3 13860 13775 13774
3 13860 13774 13859
3 13771 13770 13778
3 13779 13771 13778
3 13779 13778 13692
3 13693 13779 13692
3 13657 13693 13692
3 13657 13692 13656
3 13771 13657 13656
3 13771 13656 13770
3 13645 13644 13681
3 13682 13645 13681
3 13682 13681 13567
3 13568 13682 13567
3 13544 13568 13567
3 13544 13567 13543
3 13645 13544 13543
3 13645 13543 13644
3 13536 13535 13559
3 13560 13536 13559
3 13560 13559 13461
3 13462 13560 13461
3 13443 13462 13461
3 13443 13461 13442
3 13536 13443 13442
3 13536 13442 13535
3 13438 13437 13454
3 13455 13438 13454
3 13455 13454 13411
3 13412 13455 13411
3 13395 13412 13411
3 13395 13411 13394
3 13438 13395 13394
3 13438 13394 13437
3 14830 14829 14839
3 14840 14830 14839
3 14840 14839 14751
3 14752 14840 14751
3 14728 14752 14751
3 14728 14751 14727
3 14830 14728 14727
3 14830 14727 14829
3 14724 14723 14743
3 14744 14724 14743
3 14744 14743 14650
3 14651 14744 14650
3 14616 14651 14650
3 14616 14650 14615
3 14724 14616 14615
3 14724 14615 14723
3 14606 14605 14637
3 14638 14606 14637
3 14638 14637 14529
3 14530 14638 14529
3 14522 14530 14529
3 14522 14529 14521
3 14606 14522 14521
3 14606 14521 14605
3 14518 14517 14525
3 14526 14518 14525
3 14526 14525 14433
3 14434 14526 14433
3 14399 14434 14433
3 14399 14433 14398
3 14518 14399 14398
3 14518 14398 14517
3 14387 14386 14419
3 14420 14387 14419
3 14420 14419 14309
3 14310 14420 14309
3 14286 14310 14309
3 14286 14309 14285
3 14387 14286 14285
3 14387 14285 14386
3 14278 14277 14301
3 14302 14278 14301
3 14302 14301 14207
3 14208 14302 14207
3 14192 14208 14207
3 14192 14207 14191
3 14278 14192 14191
3 14278 14191 14277
3 14185 14184 14200
3 14201 14185 14200
3 14201 14200 14162
3 14163 14201 14162
3 14147 14163 14162
3 14147 14162 14146
3 14185 14147 14146
3 14185 14146 14184
3 14832 14831 14841
3 14842 14832 14841
3 14842 14841 14753
3 14754 14842 14753
3 14730 14754 14753
3 14730 14753 14729
3 14832 14730 14729
3 14832 14729 14831
3 14726 14725 14745
3 14746 14726 14745
3 14746 14745 14652
3 14653 14746 14652
3 14618 14653 14652
3 14618 14652 14617
3 14726 14618 14617
3 14726 14617 14725
3 14608 14607 14639
3 14640 14608 14639
3 14640 14639 14531
3 14532 14640 14531
3 14524 14532 14531
3 14524 14531 14523
3 14608 14524 14523
3 14608 14523 14607
3 14520 14519 14527
3 14528 14520 14527
3 14528 14527 14435
3 14436 14528 14435
3 14401 14436 14435
3 14401 14435 14400
3 14520 14401 14400
3 14520 14400 14519
3 14389 14388 14421
3 14422 14389 14421
3 14422 14421 14311
3 14312 14422 14311
3 14288 14312 14311
3 14288 14311 14287
3 14389 14288 14287
3 14389 14287 14388
3 14280 14279 14303
3 14304 14280 14303
3 14304 14303 14209
3 14210 14304 14209
3 14194 14210 14209
3 14194 14209 14193
3 14280 14194 14193
3 14280 14193 14279
3 14187 14186 14202
3 14203 14187 14202
3 14203 14202 14164
3 14165 14203 14164
3 14149 14165 14164
3 14149 14164 14148
3 14187 14149 14148
3 14187 14148 14186
3 8024 8022 8315
3 8321 8024 8315
3 8321 8315 7939
3 7940 8321 7939
3 7940 7939 8102
3 8103 7940 8102
3 9349 8103 8102
3 9349 8102 9343
3 9349 9343 10332
3 10334 9349 10332
3 10334 10332 1685
3 1686 10334 1685
3 1637 1686 1685
3 1637 1685 1636
3 8024 1637 1636
3 8024 1636 8022
3 8089 8088 8104
3 8105 8089 8104
3 8127 8105 8104
3 8127 8104 8126
3 8127 8126 8425
3 8426 8127 8425
3 8426 8425 8350
3 8352 8426 8350
3 8352 8350 8445
3 8447 8352 8445
3 8447 8445 8338
3 8340 8447 8338
3 8340 8338 8398
3 8400 8340 8398
3 8400 8398 8315
3 8320 8400 8315
3 8023 8320 8315
3 8023 8315 8022
3 8089 8023 8022
3 8089 8022 8088
3 9517 9515 9545
3 9547 9517 9545
3 9597 9547 9545
3 9597 9545 9595
3 9597 9595 9678
3 9681 9597 9678
3 9918 9681 9678
3 9918 9678 9917
3 9918 9917 10642
3 10643 9918 10642
3 10643 10642 10601
3 10602 10643 10601
3 10602 10601 10621
3 10622 10602 10621
3 10622 10621 10332
3 10333 10622 10332
3 9348 10333 10332
3 9348 10332 9343
3 9517 9348 9343
3 9517 9343 9515
3 8351 8350 8445
3 8446 8351 8445
3 8446 8445 8338
3 8339 8446 8338
3 8339 8338 8398
3 8399 8339 8398
3 8399 8398 8315
3 8316 8399 8315
3 8316 8315 9343
3 9344 8316 9343
3 9516 9344 9343
3 9516 9343 9515
3 9516 9515 9545
3 9546 9516 9545
3 9596 9546 9545
3 9596 9545 9595
3 9596 9595 9678
3 9679 9596 9678
3 11375 9679 9678
3 11375 9678 11373
3 9714 11375 11373
3 9714 11373 9712
3 9714 9712 8350
3 8351 9714 8350
3 1746 1747 2459
3 2458 1746 2459
3 2458 2459 5840
3 5839 2458 5840
3 5839 5840 6783
3 6782 5839 6783
3 7706 6782 6783
3 7706 6783 7707
3 7342 7706 7707
3 7342 7707 7343
3 4117 7342 7343
3 4117 7343 4118
3 2654 4117 4118
3 2654 4118 2655
3 2654 2655 1747
3 1746 2654 1747
3 2548 2550 1655
3 1653 2548 1655
3 1406 1653 1655
3 1406 1655 1408
3 1430 1406 1408
3 1430 1408 1432
3 1430 1432 2550
3 2548 1430 2550
3 2548 4164 4165
3 2548 4165 2549
3 2548 2549 1658
3 1657 2548 1658
3 1657 1658 1693
3 1692 1657 1693
3 4164 1692 1693
3 4164 1693 4165
3 1556 1558 1668
3 1666 1556 1668
3 1692 1666 1668
3 1692 1668 1694
3 1657 1692 1694
3 1657 1694 1659
3 1657 1659 1654
3 1653 1657 1654
3 1580 1653 1654
3 1580 1654 1582
3 1580 1582 1558
3 1556 1580 1558
3 1417 1410 1412
3 1417 1412 1419
3 1406 1417 1419
3 1406 1419 1407
3 1413 1406 1407
3 1413 1407 1415
3 1395 1413 1415
3 1395 1415 1397
3 1395 1397 1390
3 1388 1395 1390
3 1388 1390 1412
3 1410 1388 1412
3 1427 1395 1396
3 1427 1396 1428
3 1427 1428 1431
3 1430 1427 1431
3 1430 1431 1414
3 1413 1430 1414
3 1395 1413 1414
3 1395 1414 1396
3 1580 1556 1557
3 1580 1557 1581
3 1417 1580 1581
3 1417 1581 1418
3 1417 1418 1411
3 1410 1417 1411
3 1410 1411 1557
3 1556 1410 1557
